timestamp,label,node,avg_cpu,avg_mem,net_bytes_in,net_bytes_out,net_internal_bytes_in,net_internal_bytes_out,last_successful_scrape_age_sec,exec_count,unique_process_count,tmp_exec_count,outbound_connect_count,mining_port_count,syscall_feature_vector
1774276345,normal,sw-wk3,0.14877777777773094,0.421897972866775,0.0,0.0,2271.133333333333,5037.733333333334,0,0,0,0,0,0,{}
1774276345,normal,k3s-wk1,0.2597777777777487,0.6812069850377018,2.0,2.0,9506.166666666666,4472.333333333333,0,0,0,0,0,0,{}
1774276345,normal,sw-wk2,0.14255555555557498,0.4022863645768674,0.0,0.0,4963.933333333333,4673.4,0,0,0,0,0,0,{}
1774276355,transition,sw-wk3,0.0,0.421897972866775,0.0,0.0,0.0,0.0,9,0,0,0,0,0,{}
1774276355,transition,k3s-wk1,0.2597777777777487,0.6812069850377018,2.0,2.0,9506.166666666666,4472.333333333333,9,15,2,0,16,0,"{""process_exit"": 15, ""process_exec"": 15, ""process_kprobe"": 16}"
1774276355,transition,sw-wk2,0.14255555555557498,0.4022863645768674,0.0,0.0,4963.933333333333,4673.4,9,0,0,0,0,0,{}
1774276365,normal,sw-wk3,0.11555555555557151,0.4221128422242162,0.0,0.0,3032.5333333333333,5196.333333333333,0,0,0,0,0,0,{}
1774276365,normal,k3s-wk1,0.30766666666673304,0.717278361911279,134.73333333333335,124.4666666666667,9616.466666666667,6412.966666666666,0,39,3,0,34,0,"{""process_exit"": 39, ""process_exec"": 39, ""process_kprobe"": 34}"
1774276365,normal,sw-wk2,0.14255555555557498,0.4022863645768674,0.0,0.0,4963.933333333333,4673.4,0,0,0,0,0,0,{}
1774276375,normal,sw-wk3,0.11555555555557173,0.4221128422242162,0.0,0.0,3032.5333333333333,5196.333333333333,0,0,0,0,0,0,{}
1774276375,normal,k3s-wk1,0.30766666666673304,0.717278361911279,134.73333333333332,124.46666666666667,9616.466666666667,6412.966666666666,0,78,3,0,72,0,"{""process_exit"": 78, ""process_exec"": 78, ""process_kprobe"": 72}"
1774276375,normal,sw-wk2,0.07166666666667476,0.4023977780961021,0.0,0.0,573.1333333333333,4174.133333333333,0,0,0,0,0,0,{}
1774276385,transition,sw-wk3,0.0,0.4221128422242162,0.0,0.0,0.0,0.0,9,0,0,0,0,0,{}
1774276385,transition,k3s-wk1,0.30766666666673304,0.717278361911279,134.73333333333332,124.46666666666667,9616.466666666667,6412.966666666666,9,15,2,0,14,0,"{""process_exit"": 15, ""process_exec"": 15, ""process_kprobe"": 14}"
1774276385,transition,sw-wk2,0.07166666666667476,0.4023977780961021,0.0,0.0,573.1333333333333,4174.133333333333,9,2,2,0,0,0,"{""process_exec"": 2}"
1774276395,normal,sw-wk3,0.11388888888888893,0.4219695959859221,0.0,0.0,2431.366666666667,5074.266666666666,0,0,0,0,0,0,{}
1774276395,normal,k3s-wk1,0.28233333333333166,0.7205655932939428,202.6,187.86666666666667,9829.5,4673.6,0,54,3,0,50,0,"{""process_exit"": 54, ""process_exec"": 54, ""process_kprobe"": 50}"
1774276395,normal,sw-wk2,0.07166666666667476,0.4023977780961021,0.0,0.0,573.1333333333333,4174.133333333333,0,0,0,0,0,0,{}
1774276405,normal,sw-wk3,0.11388888888888893,0.4219695959859221,0.0,0.0,2431.366666666667,5074.266666666666,0,1,1,0,0,0,"{""process_exit"": 1, ""process_exec"": 1}"
1774276405,normal,k3s-wk1,0.28233333333333166,0.7205655932939428,202.6,187.86666666666667,9829.5,4673.6,0,57,3,0,51,0,"{""process_exit"": 57, ""process_exec"": 57, ""process_kprobe"": 51}"
1774276405,normal,sw-wk2,0.15611111111106268,0.3953986216556049,4.466666666666668,6.0,5184.766666666666,28034.233333333334,0,105,6,0,0,0,"{""process_exit"": 107, ""process_exec"": 105}"
1774276415,transition,sw-wk3,0.0,0.4219695959859221,0.0,0.0,0.0,0.0,9,0,0,0,0,0,{}
1774276415,transition,k3s-wk1,0.28233333333333166,0.7205655932939428,202.6,187.86666666666667,9829.5,4673.6,9,30,3,0,30,0,"{""process_kprobe"": 30, ""process_exit"": 30, ""process_exec"": 30}"
1774276415,transition,sw-wk2,0.15611111111106268,0.3953986216556049,4.466666666666667,6.0,5184.766666666666,28034.233333333334,9,1,1,0,0,0,"{""process_exit"": 1, ""process_exec"": 1}"
1774276425,normal,sw-wk3,0.11733333333334794,0.4219576587993976,0.0,0.0,3048.1666666666665,5367.200000000001,0,1,1,0,0,0,"{""process_exit"": 1, ""process_exec"": 1}"
1774276425,normal,k3s-wk1,0.28588888888884345,0.7219381242515561,193.7,178.40000000000003,33136.03333333333,6364.666666666667,0,33,3,0,32,0,"{""process_kprobe"": 32, ""process_exit"": 33, ""process_exec"": 33}"
1774276425,normal,sw-wk2,0.15611111111106268,0.3953986216556049,4.466666666666667,6.0,5184.766666666666,28034.233333333334,0,0,0,0,0,0,{}
1774276435,normal,sw-wk3,0.11733333333334794,0.4219576587993976,0.0,0.0,3048.1666666666665,5367.2,0,0,0,0,0,0,{}
1774276435,normal,k3s-wk1,0.28588888888884345,0.7219381242515561,193.7,178.4,33136.03333333333,6364.666666666667,0,36,3,0,31,0,"{""process_exit"": 36, ""process_exec"": 36, ""process_kprobe"": 31}"
1774276435,normal,sw-wk2,0.07022222222225949,0.3956413439653663,0.0,0.0,501.1333333333333,4576.933333333333,0,1,1,0,0,0,"{""process_exit"": 1, ""process_exec"": 1}"
1774276445,transition,sw-wk3,0.0,0.4219576587993976,0.0,0.0,0.0,0.0,10,0,0,0,0,0,{}
1774276445,transition,k3s-wk1,0.2858888888888437,0.7219381242515561,193.7,178.4,33136.03333333333,6364.666666666667,10,15,2,0,10,0,"{""process_exit"": 15, ""process_exec"": 15, ""process_kprobe"": 10}"
1774276445,transition,sw-wk2,0.07022222222225949,0.3956413439653663,0.0,0.0,501.1333333333333,4576.933333333333,10,106,7,0,0,0,"{""process_exec"": 106, ""process_exit"": 106}"
1774276455,normal,sw-wk3,0.11599999999998545,0.42181043349892866,0.0,0.0,3115.2666666666673,5332.7,0,0,0,0,0,0,{}
1774276455,normal,k3s-wk1,0.29177777777780045,0.7212485689094761,194.46666666666667,179.2666666666667,33382.53333333333,10274.3,0,15,2,0,14,0,"{""process_kprobe"": 14, ""process_exit"": 15, ""process_exec"": 15}"
1774276455,normal,sw-wk2,0.07022222222225949,0.3956413439653663,0.0,0.0,501.1333333333333,4576.933333333333,0,1,1,0,0,0,"{""process_exit"": 1, ""process_exec"": 1}"
1774276465,normal,sw-wk3,0.11599999999998545,0.42181043349892866,0.0,0.0,3115.2666666666664,5332.7,0,1,1,0,0,0,"{""process_exit"": 1, ""process_exec"": 1}"
1774276465,normal,k3s-wk1,0.29177777777780045,0.7212485689094761,194.46666666666667,179.26666666666665,33382.53333333333,10274.3,0,33,3,0,30,0,"{""process_exit"": 33, ""process_exec"": 33, ""process_kprobe"": 30}"
1774276465,normal,sw-wk2,0.16011111111110943,0.4106563052093778,0.0,0.0,5501.2,27899.5,0,0,0,0,0,0,{}
1774276475,transition,sw-wk3,0.0,0.42181043349892866,0.0,0.0,0.0,0.0,10,0,0,0,0,0,{}
1774276475,transition,k3s-wk1,0.29177777777780045,0.7212485689094761,194.46666666666667,179.26666666666665,33382.53333333333,10274.3,10,57,3,0,57,0,"{""process_exit"": 57, ""process_exec"": 57, ""process_kprobe"": 57}"
1774276475,transition,sw-wk2,0.16011111111110943,0.4106563052093778,0.0,0.0,5501.200000000001,27899.5,10,1,1,0,0,0,"{""process_exit"": 1, ""process_exec"": 1}"
1774276485,normal,sw-wk3,0.22588888888890823,0.42179053818805445,4.466666666666667,6.0,2611.0,4519.733333333334,0,0,0,0,0,0,{}
1774276485,normal,k3s-wk1,0.26755555555553456,0.7217815267597478,198.8666666666667,185.26666666666665,9489.9,1504.6333333333332,0,33,3,0,31,0,"{""process_kprobe"": 31, ""process_exit"": 33, ""process_exec"": 33}"
1774276485,normal,sw-wk2,0.16011111111110943,0.4106563052093778,0.0,0.0,5501.2,27899.5,0,0,0,0,0,0,{}
1774276495,normal,sw-wk3,0.22588888888890823,0.42179053818805445,4.466666666666667,6.0,2611.0,4519.733333333334,0,0,0,0,0,0,{}
1774276495,normal,k3s-wk1,0.26755555555553456,0.7217815267597478,198.86666666666667,185.26666666666665,9489.9,1504.6333333333332,0,39,3,0,33,0,"{""process_exit"": 39, ""process_exec"": 39, ""process_kprobe"": 33}"
1774276495,normal,sw-wk2,0.07288888888890344,0.41025044167502267,0.0,0.0,1738.2666666666667,4531.133333333333,0,0,0,0,0,0,{}
1774276505,transition,sw-wk3,0.0,0.42179053818805445,0.0,0.0,0.0,0.0,10,1,1,0,0,0,"{""process_exit"": 1, ""process_exec"": 1}"
1774276505,transition,k3s-wk1,0.26755555555553456,0.7217815267597478,198.86666666666667,185.26666666666665,9489.9,1504.6333333333332,10,81,3,0,73,0,"{""process_exit"": 82, ""process_exec"": 81, ""process_kprobe"": 73}"
1774276505,transition,sw-wk2,0.07288888888890344,0.41025044167502267,0.0,0.0,1738.2666666666667,4531.133333333333,10,2,2,0,0,0,"{""process_exec"": 2}"
1774276515,normal,sw-wk3,0.111999999999979,0.42080969936195733,0.0,0.0,2853.7,5957.233333333334,0,0,0,0,0,0,{}
1774276515,normal,k3s-wk1,0.3042222222222336,0.7248805779631798,194.46666666666667,179.26666666666665,33326.4,11058.166666666666,0,12,2,0,10,0,"{""process_kprobe"": 10, ""process_exit"": 12, ""process_exec"": 12}"
1774276515,normal,sw-wk2,0.07288888888890344,0.41025044167502267,0.0,0.0,1738.2666666666667,4531.133333333333,0,104,5,0,0,0,"{""process_exit"": 106, ""process_exec"": 104}"
1774276525,normal,sw-wk3,0.111999999999979,0.42080969936195733,0.0,0.0,2853.7,5957.233333333334,0,0,0,0,0,0,{}
1774276525,normal,k3s-wk1,0.3042222222222336,0.7248805779631798,194.46666666666667,179.26666666666665,33326.4,11058.166666666666,0,81,3,0,73,0,"{""process_exit"": 81, ""process_exec"": 81, ""process_kprobe"": 73}"
1774276525,normal,sw-wk2,0.16677777777776004,0.402220710181604,5.133333333333335,5.0,5410.3,27745.366666666672,0,0,0,0,0,0,{}
1774276535,transition,sw-wk3,0.0,0.42080969936195733,0.0,0.0,0.0,0.0,9,0,0,0,0,0,{}
1774276535,transition,k3s-wk1,0.3042222222222336,0.7248805779631798,194.46666666666667,179.26666666666665,33326.4,11058.166666666666,9,33,5,0,32,0,"{""process_kprobe"": 32, ""process_exit"": 31, ""process_exec"": 33}"
1774276535,transition,sw-wk2,0.16677777777776004,0.402220710181604,5.133333333333333,5.0,5410.3,27745.366666666665,9,1,1,0,0,0,"{""process_exit"": 1, ""process_exec"": 1}"
1774276545,normal,sw-wk3,0.11100000000001786,0.4209708513800382,0.0,0.0,6409.833333333333,5365.5,0,0,0,0,0,0,{}
1774276545,normal,k3s-wk1,0.3418888888888937,0.7320722190785751,143306.83333333334,1310.9333333333334,9676.566666666666,5817.166666666667,0,17,6,0,11,0,"{""process_kprobe"": 11, ""process_exit"": 17, ""process_exec"": 17}"
1774276545,normal,sw-wk2,0.16677777777776004,0.402220710181604,5.133333333333333,5.0,5410.3,27745.366666666665,0,0,0,0,0,0,{}
1774276555,normal,sw-wk3,0.11100000000001786,0.4209708513800382,0.0,0.0,6409.833333333333,5365.5,0,0,0,0,0,0,{}
1774276555,normal,k3s-wk1,0.3418888888888937,0.7320722190785751,143306.83333333334,1310.9333333333334,9676.566666666666,5817.166666666667,0,42,3,0,36,0,"{""process_exit"": 42, ""process_exec"": 42, ""process_kprobe"": 36}"
1774276555,normal,sw-wk2,0.07311111111109003,0.4024733801270114,0.0,0.0,965.6333333333333,4566.833333333333,0,0,0,0,0,0,{}
1774276565,transition,sw-wk3,0.0,0.4209708513800382,0.0,0.0,0.0,0.0,10,1,1,0,0,0,"{""process_exit"": 1, ""process_exec"": 1}"
1774276565,transition,k3s-wk1,0.3418888888888937,0.7320722190785751,143306.83333333334,1310.9333333333334,9676.566666666666,5817.166666666667,10,12,2,0,12,0,"{""process_exit"": 12, ""process_exec"": 12, ""process_kprobe"": 12}"
1774276565,transition,sw-wk2,0.07311111111109003,0.4024733801270114,0.0,0.0,965.6333333333333,4566.833333333333,10,3,2,0,0,0,"{""process_exit"": 1, ""process_exec"": 3}"
1774276575,normal,sw-wk3,0.0902222222222514,0.4209569246624263,0.0,0.0,1914.0666666666666,5039.2,0,0,0,0,0,0,{}
1774276575,normal,k3s-wk1,0.27222222222222214,0.7327551946941084,194.46666666666667,179.26666666666665,10780.366666666667,4412.966666666666,0,33,3,0,31,0,"{""process_kprobe"": 31, ""process_exit"": 33, ""process_exec"": 33}"
1774276575,normal,sw-wk2,0.07311111111109003,0.4024733801270114,0.0,0.0,965.6333333333333,4566.833333333333,0,0,0,0,0,0,{}
1774276585,normal,sw-wk3,0.0902222222222514,0.4209569246624263,0.0,0.0,1914.0666666666666,5039.2,0,0,0,0,0,0,{}
1774276585,normal,k3s-wk1,0.27222222222222225,0.7327551946941084,194.46666666666667,179.26666666666665,10780.366666666667,4412.966666666666,0,96,3,0,89,0,"{""process_exit"": 96, ""process_exec"": 96, ""process_kprobe"": 89}"
1774276585,normal,sw-wk2,0.16086169160867014,0.40092154896624166,0.0,0.0,5516.115055161151,28432.190114321897,0,104,5,0,0,0,"{""process_exit"": 106, ""process_exec"": 104}"
1774276595,transition,sw-wk3,0.0,0.4209569246624263,0.0,0.0,0.0,0.0,10,1,1,0,0,0,"{""process_exit"": 1, ""process_exec"": 1}"
1774276595,transition,k3s-wk1,0.27222222222222225,0.7327551946941084,194.46666666666667,179.26666666666665,10780.366666666667,4412.966666666666,10,63,3,0,59,0,"{""process_exit"": 63, ""process_exec"": 63, ""process_kprobe"": 59}"
1774276595,transition,sw-wk2,0.16086169160867014,0.40092154896624166,0.0,0.0,5516.115055161151,28432.1901143219,10,0,0,0,0,0,{}
1774276605,normal,sw-wk3,0.08699999999993857,0.4210683384033217,0.0,0.0,3132.866666666667,5284.166666666667,0,0,0,0,0,0,{}
1774276605,normal,k3s-wk1,0.30377777777777937,0.7367885670671527,194.46666666666667,179.26666666666665,32827.0,6661.833333333333,0,78,3,0,72,0,"{""process_kprobe"": 72, ""process_exit"": 78, ""process_exec"": 78}"
1774276605,normal,sw-wk2,0.16086169160867014,0.40092154896624166,0.0,0.0,5516.115055161151,28432.1901143219,0,0,0,0,0,0,{}
1774276615,normal,sw-wk3,0.08699999999993857,0.4210683384033217,0.0,0.0,3132.866666666667,5284.166666666667,0,0,0,0,0,0,{}
1774276615,normal,k3s-wk1,0.30377777777777937,0.7367885670671527,194.46666666666667,179.26666666666665,32827.0,6661.833333333333,0,39,3,0,33,0,"{""process_exit"": 39, ""process_exec"": 39, ""process_kprobe"": 33}"
1774276615,normal,sw-wk2,0.07224055738905444,0.4009195594391125,0.0,0.0,473.7140380704737,4421.975530886422,0,1,1,0,0,0,"{""process_exit"": 1, ""process_exec"": 1}"
1774276625,transition,sw-wk3,0.0,0.4210683384033217,0.0,0.0,0.0,0.0,9,0,0,0,0,0,{}
1774276625,transition,k3s-wk1,0.30377777777777937,0.7367885670671527,194.46666666666667,179.26666666666665,32827.0,6661.833333333333,9,15,2,0,11,0,"{""process_exit"": 15, ""process_exec"": 15, ""process_kprobe"": 11}"
1774276625,transition,sw-wk2,0.07224055738905444,0.4009195594391125,0.0,0.0,473.7140380704737,4421.975530886421,9,2,2,0,0,0,"{""process_exec"": 2}"
1774276635,normal,sw-wk3,0.08822222222224807,0.42045755235948434,0.0,0.0,2194.566666666667,5942.833333333333,0,0,0,0,0,0,"{""process_exit"": 1}"
1774276635,normal,k3s-wk1,0.29833333333331724,0.7316392730718111,194.43333333333334,179.26666666666665,33760.7,9754.933333333332,0,15,2,0,13,0,"{""process_exit"": 15, ""process_exec"": 15, ""process_kprobe"": 13}"
1774276635,normal,sw-wk2,0.07224055738905444,0.4009195594391125,0.0,0.0,473.7140380704737,4421.975530886421,0,104,5,0,0,0,"{""process_exit"": 106, ""process_exec"": 104}"
1774276645,normal,sw-wk3,0.08822222222224807,0.42045755235948434,0.0,0.0,2194.5666666666666,5942.833333333333,0,1,1,0,0,0,"{""process_exec"": 1}"
1774276645,normal,k3s-wk1,0.29833333333331724,0.7316392730718111,194.43333333333334,179.26666666666665,33760.7,9754.933333333332,0,34,4,0,30,0,"{""process_exit"": 36, ""process_exec"": 34, ""process_kprobe"": 30}"
1774276645,normal,sw-wk2,0.16888888888889697,0.39994071209155013,0.0,0.0,6030.500000000001,27893.266666666666,0,1,1,0,0,0,"{""process_exit"": 1, ""process_exec"": 1}"
1774276655,normal,sw-wk3,0.1398888888888501,0.42025462018856774,0.0,0.0,4706.466666666666,5423.133333333333,0,0,0,0,0,0,{}
1774276655,normal,k3s-wk1,0.29833333333331724,0.7316392730718111,194.43333333333334,179.26666666666665,33760.7,9754.933333333332,0,57,3,0,57,0,"{""process_exit"": 57, ""process_exec"": 57, ""process_kprobe"": 57}"
1774276655,normal,sw-wk2,0.16888888888889697,0.39994071209155013,0.0,0.0,6030.5,27893.266666666666,0,0,0,0,0,0,{}
1774276665,normal,sw-wk3,0.1398888888888501,0.42025462018856774,0.0,0.0,4706.466666666666,5423.133333333333,0,0,0,0,0,0,{}
1774276665,normal,k3s-wk1,0.2946666666666715,0.7297324683186166,191.56666666666666,176.4,9727.866666666667,3660.5333333333333,0,12,2,0,11,0,"{""process_kprobe"": 11, ""process_exit"": 12, ""process_exec"": 12}"
1774276665,normal,sw-wk2,0.16888888888889697,0.39994071209155013,0.0,0.0,6030.5,27893.266666666666,0,1,1,0,0,0,"{""process_exit"": 1, ""process_exec"": 1}"
1774276675,normal,sw-wk3,0.1398888888888501,0.42025462018856774,0.0,0.0,4706.466666666666,5423.133333333333,0,0,0,0,0,0,{}
1774276675,normal,k3s-wk1,0.2946666666666715,0.7297324683186166,191.56666666666666,176.4,9727.866666666667,3660.533333333334,0,39,3,0,33,0,"{""process_exit"": 39, ""process_exec"": 39, ""process_kprobe"": 33}"
1774276675,normal,sw-wk2,0.0773333333333236,0.39990291107609544,4.466666666666667,6.0,515.9,4573.766666666666,0,0,0,0,0,0,{}
1774276685,transition,sw-wk3,0.0,0.42025462018856774,0.0,0.0,0.0,0.0,9,1,1,0,0,0,"{""process_exit"": 1, ""process_exec"": 1}"
1774276685,transition,k3s-wk1,0.2946666666666715,0.7297324683186166,191.56666666666666,176.4,9727.866666666667,3660.5333333333333,9,33,3,0,30,0,"{""process_exit"": 33, ""process_exec"": 33, ""process_kprobe"": 30}"
1774276685,transition,sw-wk2,0.0773333333333236,0.39990291107609544,4.466666666666667,6.0,515.9,4573.766666666666,9,2,2,0,0,0,"{""process_exec"": 2}"
1774276695,transition,sw-wk3,0.0,0.0,0.0,0.0,0.0,0.0,19,0,0,0,0,0,{}
1774276695,transition,k3s-wk1,0.2942222222222174,0.7181600452685186,194.46666666666667,179.26666666666665,32029.13333333333,7783.266666666666,19,57,3,0,51,0,"{""process_exit"": 57, ""process_exec"": 57, ""process_kprobe"": 51}"
1774276695,transition,sw-wk2,0.0773333333333236,0.39990291107609544,4.466666666666667,6.0,515.9,4573.766666666666,19,105,6,0,0,0,"{""process_exit"": 107, ""process_exec"": 105}"
1774276705,transition,sw-wk3,0.0,0.0,0.0,0.0,0.0,0.0,30,0,0,0,0,0,{}
1774276705,transition,k3s-wk1,0.2942222222222174,0.7181600452685186,194.46666666666667,179.26666666666665,32029.13333333333,7783.266666666668,30,12,2,0,9,0,"{""process_exit"": 12, ""process_exec"": 12, ""process_kprobe"": 9}"
1774276705,transition,sw-wk2,0.15244444444441685,0.4037984051950533,0.0,0.0,5149.5,27901.766666666666,30,0,0,0,0,0,{}
1774276715,transition,sw-wk3,0.0,0.420175038945071,0.0,0.0,0.0,0.0,40,0,0,0,0,0,{}
1774276715,transition,k3s-wk1,0.2942222222222174,0.7181600452685186,194.46666666666667,179.26666666666665,32029.13333333333,7783.266666666666,40,12,2,0,14,0,"{""process_exit"": 12, ""process_exec"": 12, ""process_kprobe"": 14}"
1774276715,transition,sw-wk2,0.15244444444441696,0.4037984051950533,0.0,0.0,5149.5,27901.766666666666,40,0,0,0,0,0,{}
1774276725,transition,sw-wk3,0.0,0.420175038945071,0.0,0.0,0.0,0.0,50,1,1,0,0,0,"{""process_exit"": 1, ""process_exec"": 1}"
1774276725,transition,k3s-wk1,0.26744444444444115,0.716807253490545,194.4,179.26666666666665,6274.3,8373.466666666669,50,30,3,0,29,0,"{""process_kprobe"": 29, ""process_exit"": 30, ""process_exec"": 30}"
1774276725,transition,sw-wk2,0.15244444444441696,0.4037984051950533,0.0,0.0,5149.5,27901.766666666666,50,0,0,0,0,0,{}
1774276735,transition,sw-wk3,0.0,0.420175038945071,0.0,0.0,0.0,0.0,60,0,0,0,0,0,{}
1774276735,transition,k3s-wk1,0.26744444444444115,0.716807253490545,194.4,179.26666666666665,6274.3,8373.466666666667,60,33,3,0,30,0,"{""process_exit"": 33, ""process_exec"": 33, ""process_kprobe"": 30}"
1774276735,transition,sw-wk2,0.06885289608749279,0.40364123255184703,0.0,0.0,2343.064720389256,4126.008131706993,60,0,0,0,0,0,{}
1774276745,normal,sw-wk3,0.11377777777779563,0.4202506411263929,0.0,0.0,7532.133333333335,2765.3333333333335,0,0,0,0,0,0,{}
1774276745,normal,k3s-wk1,0.26744444444444115,0.716807253490545,194.4,179.26666666666665,6274.3,8373.466666666667,0,36,3,0,35,0,"{""process_exit"": 36, ""process_exec"": 36, ""process_kprobe"": 35}"
1774276745,normal,sw-wk2,0.06885289608749279,0.40364123255184703,0.0,0.0,2343.064720389256,4126.008131706993,0,3,2,0,0,0,"{""process_exit"": 1, ""process_exec"": 3}"
1774276755,normal,sw-wk3,0.11377777777779563,0.4202506411263929,0.0,0.0,7532.133333333333,2765.3333333333335,0,0,0,0,0,0,{}
1774276755,normal,k3s-wk1,0.27533333333336085,0.7154255109157663,194.46666666666667,179.26666666666665,7374.966666666666,10313.166666666666,0,15,2,0,12,0,"{""process_exit"": 15, ""process_exec"": 15, ""process_kprobe"": 12}"
1774276755,normal,sw-wk2,0.06885289608749279,0.40364123255184703,0.0,0.0,2343.064720389256,4126.008131706993,0,0,0,0,0,0,{}
1774276765,normal,sw-wk3,0.11377777777779563,0.4202506411263929,0.0,0.0,7532.133333333333,2765.3333333333335,0,0,0,0,0,0,{}
1774276765,normal,k3s-wk1,0.27533333333336085,0.7154255109157663,194.46666666666667,179.26666666666665,7374.966666666666,10313.166666666666,0,36,3,0,31,0,"{""process_exit"": 36, ""process_exec"": 36, ""process_kprobe"": 31}"
1774276765,normal,sw-wk2,0.14758142480911696,0.401588040554521,0.0,0.0,5457.512417908457,27979.097909790977,0,104,5,0,0,0,"{""process_exit"": 106, ""process_exec"": 104}"
1774276775,normal,sw-wk3,0.1054444444444218,0.42034812814967637,5.133333333333333,5.0,3541.5333333333333,3055.2666666666664,0,1,1,0,0,0,"{""process_exit"": 1, ""process_exec"": 1}"
1774276775,normal,k3s-wk1,0.27533333333336085,0.7154255109157663,194.46666666666667,179.26666666666665,7374.966666666666,10313.166666666666,0,33,3,0,34,0,"{""process_kprobe"": 34, ""process_exit"": 33, ""process_exec"": 33}"
1774276775,normal,sw-wk2,0.14758142480911696,0.401588040554521,0.0,0.0,5457.512417908457,27979.097909790977,0,0,0,0,0,0,{}
1774276785,normal,sw-wk3,0.1054444444444218,0.42034812814967637,5.133333333333333,5.0,3541.5333333333333,3055.2666666666664,0,0,0,0,0,0,{}
1774276785,normal,k3s-wk1,0.26744444444444104,0.714822807964101,194.4,179.2666666666667,31890.399999999998,6350.266666666666,0,18,2,0,13,0,"{""process_exit"": 18, ""process_exec"": 18, ""process_kprobe"": 13}"
1774276785,normal,sw-wk2,0.14758142480911696,0.401588040554521,0.0,0.0,5457.512417908457,27979.097909790977,0,1,1,0,0,0,"{""process_exit"": 1, ""process_exec"": 1}"
1774276795,normal,sw-wk3,0.1054444444444218,0.42034812814967637,5.133333333333333,5.0,3541.5333333333333,3055.2666666666664,0,0,0,0,0,0,{}
1774276795,normal,k3s-wk1,0.26744444444444115,0.714822807964101,194.4,179.26666666666665,31890.399999999998,6350.266666666666,0,33,3,0,29,0,"{""process_exit"": 33, ""process_exec"": 33, ""process_kprobe"": 29}"
1774276795,normal,sw-wk2,0.0691111111110837,0.40157809291887503,0.0,0.0,1663.2,4501.533333333334,0,0,0,0,0,0,{}
1774276805,normal,sw-wk3,0.10777777777782604,0.42046948954600893,0.0,0.0,2958.633333333333,8027.8,0,0,0,0,0,0,{}
1774276805,normal,k3s-wk1,0.26744444444444115,0.714822807964101,194.4,179.26666666666665,31890.399999999998,6350.266666666666,0,39,3,0,34,0,"{""process_exit"": 40, ""process_exec"": 39, ""process_kprobe"": 34}"
1774276805,normal,sw-wk2,0.0691111111110837,0.40157809291887503,0.0,0.0,1663.2,4501.533333333333,0,2,2,0,0,0,"{""process_exec"": 2}"
1774276815,normal,sw-wk3,0.10777777777782627,0.42046948954600893,0.0,0.0,2958.633333333333,8027.8,0,0,0,0,0,0,{}
1774276815,normal,k3s-wk1,0.30188888888886956,0.7078193470279375,194.46666666666667,179.26666666666665,12637.4,9737.166666666666,0,75,3,0,70,0,"{""process_exit"": 75, ""process_exec"": 75, ""process_kprobe"": 70}"
1774276815,normal,sw-wk2,0.0691111111110837,0.40157809291887503,0.0,0.0,1663.2,4501.533333333333,0,0,0,0,0,0,{}
1774276825,normal,sw-wk3,0.10777777777782627,0.42046948954600893,0.0,0.0,2958.633333333333,8027.8,0,2,2,0,0,0,"{""process_exec"": 2, ""process_exit"": 1}"
1774276825,normal,k3s-wk1,0.30188888888886956,0.7078193470279375,194.46666666666667,179.26666666666665,12637.4,9737.166666666666,0,33,3,0,30,0,"{""process_exit"": 33, ""process_exec"": 33, ""process_kprobe"": 30}"
1774276825,normal,sw-wk2,0.16825015834922474,0.4061142147734327,0.0,0.0,5611.461146114612,27896.823015634895,0,104,5,0,0,0,"{""process_exit"": 106, ""process_exec"": 104}"
1774276835,transition,sw-wk3,0.0,0.42046948954600893,0.0,0.0,0.0,0.0,10,1,1,0,0,0,"{""process_exit"": 1, ""process_exec"": 1}"
1774276835,transition,k3s-wk1,0.30188888888886956,0.7078193470279375,194.46666666666667,179.26666666666665,12637.4,9737.166666666666,10,15,2,0,18,0,"{""process_exit"": 15, ""process_exec"": 15, ""process_kprobe"": 18}"
1774276835,transition,sw-wk2,0.16825015834922485,0.4061142147734327,0.0,0.0,5611.461146114611,27896.823015634895,10,0,0,0,0,0,{}
1774276845,normal,sw-wk3,0.13244444444442505,0.4558135093139898,0.0,0.0,5857.666666666667,6016.633333333333,0,0,0,0,0,0,{}
1774276845,normal,k3s-wk1,0.3076145739636589,0.7105762524509481,194.32321684378854,179.16513975413935,33272.512243062265,6268.2479928040775,0,12,2,0,10,0,"{""process_exit"": 12, ""process_exec"": 12, ""process_kprobe"": 10}"
1774276845,normal,sw-wk2,0.16825015834922485,0.4061142147734327,0.0,0.0,5611.461146114611,27896.823015634895,0,1,1,0,0,0,"{""process_exit"": 1, ""process_exec"": 1}"
1774276855,normal,sw-wk3,0.13244444444442505,0.4558135093139898,0.0,0.0,5857.666666666667,6016.633333333333,0,0,0,0,0,0,{}
1774276855,normal,k3s-wk1,0.3076145739636589,0.7105762524509481,194.32321684378854,179.16513975413935,33272.512243062265,6268.247992804078,0,78,3,0,71,0,"{""process_exit"": 78, ""process_exec"": 78, ""process_kprobe"": 71}"
1774276855,normal,sw-wk2,0.06879082788957758,0.4061042671377867,0.0,0.0,435.741901079856,4340.754566057858,0,0,0,0,0,0,{}
1774276865,transition,sw-wk3,0.0,0.4558135093139898,0.0,0.0,0.0,0.0,9,1,1,0,0,0,"{""process_exit"": 1, ""process_exec"": 1}"
1774276865,transition,k3s-wk1,0.3076145739636589,0.7105762524509481,194.32321684378854,179.16513975413935,33272.512243062265,6268.247992804078,9,42,3,0,36,0,"{""process_exit"": 42, ""process_exec"": 42, ""process_kprobe"": 36}"
1774276865,transition,sw-wk2,0.06879082788957758,0.4061042671377867,0.0,0.0,435.741901079856,4340.754566057859,9,3,2,0,0,0,"{""process_exec"": 3, ""process_exit"": 1}"
1774276875,normal,sw-wk3,0.09844444444445088,0.5135875025615213,0.0,0.0,2251.3333333333335,5492.333333333333,0,0,0,0,0,0,{}
1774276875,normal,k3s-wk1,0.30027015308676386,0.7104762406074403,194.5102224593937,179.36830870826805,33536.470666711146,9272.65450421906,0,60,3,0,54,0,"{""process_exit"": 60, ""process_exec"": 60, ""process_kprobe"": 54}"
1774276875,normal,sw-wk2,0.06879082788957758,0.4061042671377867,0.0,0.0,435.741901079856,4340.754566057859,0,104,5,0,0,0,"{""process_exit"": 106, ""process_exec"": 104}"
1774276885,normal,sw-wk3,0.09844444444445088,0.5135875025615213,0.0,0.0,2251.3333333333335,5492.333333333333,0,0,0,0,0,0,{}
1774276885,normal,k3s-wk1,0.3002701530867635,0.7104762406074403,194.5102224593937,179.36830870826805,33536.470666711146,9272.65450421906,0,36,3,0,31,0,"{""process_exit"": 36, ""process_exec"": 36, ""process_kprobe"": 31}"
1774276885,normal,sw-wk2,0.16111037027161457,0.4048866765347212,0.0,0.0,5134.984664621949,27938.325110014666,0,0,0,0,0,0,{}
1774276895,normal,sw-wk3,0.09755555555554263,0.5744512375878129,0.0,0.0,3074.2,5591.966666666666,0,1,1,0,0,0,"{""process_exit"": 1, ""process_exec"": 1}"
1774276895,normal,k3s-wk1,0.3002701530867635,0.7104762406074403,194.5102224593937,179.36830870826805,33536.470666711146,9272.65450421906,0,57,3,0,56,0,"{""process_exit"": 57, ""process_exec"": 57, ""process_kprobe"": 56}"
1774276895,normal,sw-wk2,0.16111037027161457,0.4048866765347212,0.0,0.0,5134.984664621949,27938.325110014666,0,0,0,0,0,0,{}
1774276905,normal,sw-wk3,0.09755555555554263,0.5744512375878129,0.0,0.0,3074.2,5591.966666666666,0,0,0,0,0,0,{}
1774276905,normal,k3s-wk1,0.2669999999999465,0.7118777223618586,400.46666666666664,271.70000000000005,9691.866666666669,1670.2666666666667,0,30,3,0,29,0,"{""process_exit"": 30, ""process_exec"": 30, ""process_kprobe"": 29}"
1774276905,normal,sw-wk2,0.16111037027161457,0.4048866765347212,0.0,0.0,5134.984664621949,27938.325110014666,0,0,0,0,0,0,{}
1774276915,normal,sw-wk3,0.09755555555554263,0.5744512375878129,0.0,0.0,3074.2,5591.966666666666,0,0,0,0,0,0,{}
1774276915,normal,k3s-wk1,0.2669999999999466,0.7118777223618586,400.46666666666664,271.7,9691.866666666667,1670.2666666666667,0,12,2,0,10,0,"{""process_exit"": 12, ""process_exec"": 12, ""process_kprobe"": 10}"
1774276915,normal,sw-wk2,0.12644444444445568,0.4043435356284518,0.0,0.0,449.4,4327.166666666667,0,1,1,0,0,0,"{""process_exit"": 1, ""process_exec"": 1}"
1774276925,normal,sw-wk3,0.09811111111109005,0.6334209390188826,0.0,0.0,2199.5,5391.2,0,0,0,0,0,0,{}
1774276925,normal,k3s-wk1,0.2669999999999466,0.7118777223618586,400.46666666666664,271.7,9691.866666666667,1670.2666666666667,0,39,3,0,36,0,"{""process_exit"": 39, ""process_exec"": 39, ""process_kprobe"": 36}"
1774276925,normal,sw-wk2,0.12644444444445568,0.4043435356284518,0.0,0.0,449.4,4327.166666666668,0,2,2,0,0,0,"{""process_exec"": 2}"
1774276935,normal,sw-wk3,0.09811111111109005,0.6334209390188826,0.0,0.0,2199.5,5391.2,0,0,0,0,0,0,{}
1774276935,normal,k3s-wk1,0.2708888888889406,0.7124777934229054,196.4,181.26666666666665,10450.733333333334,4628.033333333333,0,44,3,0,38,0,"{""process_exit"": 45, ""process_exec"": 44, ""process_kprobe"": 38}"
1774276935,normal,sw-wk2,0.12644444444445568,0.4043435356284518,0.0,0.0,449.4,4327.166666666667,0,0,0,0,0,0,{}
1774276945,normal,sw-wk3,0.09811111111109005,0.6334209390188826,0.0,0.0,2199.5,5391.2,0,2,2,0,0,0,"{""process_exit"": 2, ""process_exec"": 2}"
1774276945,normal,k3s-wk1,0.2708888888889406,0.7124777934229054,196.4,181.26666666666665,10450.733333333335,4628.033333333333,0,34,3,0,29,0,"{""process_exec"": 34, ""process_exit"": 33, ""process_kprobe"": 29}"
1774276945,normal,sw-wk2,0.1564444444444235,0.40946059940473345,0.0,0.0,5577.4,27816.5,0,104,5,0,0,0,"{""process_exit"": 106, ""process_exec"": 104}"
1774276955,transition,sw-wk3,0.0,0.6334209390188826,0.0,0.0,0.0,0.0,9,0,0,0,0,0,{}
1774276955,transition,k3s-wk1,0.2708888888889406,0.7124777934229054,196.4,181.26666666666665,10450.733333333334,4628.033333333333,9,33,3,0,34,0,"{""process_kprobe"": 34, ""process_exit"": 33, ""process_exec"": 33}"
1774276955,transition,sw-wk2,0.1564444444444235,0.40946059940473345,0.0,0.0,5577.4,27816.5,9,0,0,0,0,0,{}
1774276965,normal,sw-wk3,0.11508849115090913,0.44339286673523914,4.466220044662201,5.9994000599940005,5563.243675632437,6078.192180781922,0,0,0,0,0,0,{}
1774276965,normal,k3s-wk1,0.3064444444444234,0.7194391441091708,198.53333333333333,183.26666666666665,33460.3,9175.5,0,36,3,0,32,0,"{""process_exit"": 36, ""process_exec"": 36, ""process_kprobe"": 32}"
1774276965,normal,sw-wk2,0.1564444444444235,0.40946059940473345,0.0,0.0,5577.4,27816.5,0,1,1,0,0,0,"{""process_exit"": 1, ""process_exec"": 1}"
1774276975,normal,sw-wk3,0.11508849115090913,0.44339286673523914,4.466220044662201,5.9994000599940005,5563.243675632437,6078.192180781922,0,0,0,0,0,0,"{""process_exit"": 1}"
1774276975,normal,k3s-wk1,0.3064444444444234,0.7194391441091708,198.53333333333333,183.26666666666665,33460.3,9175.500000000002,0,54,3,0,49,0,"{""process_exit"": 54, ""process_exec"": 54, ""process_kprobe"": 49}"
1774276975,normal,sw-wk2,0.08499999999997554,0.41278708876474235,0.0,0.0,764.3333333333335,4331.166666666667,0,0,0,0,0,0,{}
1774276985,normal,sw-wk3,0.12291229122911973,0.4109058136087905,0.0,0.0,4587.025369203587,5609.360936093609,0,0,0,0,0,0,{}
1774276985,normal,k3s-wk1,0.3064444444444234,0.7194391441091708,198.53333333333333,183.26666666666665,33460.3,9175.5,0,15,2,0,12,0,"{""process_exit"": 15, ""process_exec"": 15, ""process_kprobe"": 12}"
1774276985,normal,sw-wk2,0.08499999999997576,0.41278708876474235,0.0,0.0,764.3333333333334,4331.166666666667,0,2,2,0,0,0,"{""process_exec"": 2}"
1774276995,normal,sw-wk3,0.12291229122911973,0.4109058136087905,0.0,0.0,4587.025369203587,5609.360936093609,0,1,1,0,0,0,"{""process_exit"": 1, ""process_exec"": 1}"
1774276995,normal,k3s-wk1,0.30511111111110134,0.721488070955771,202.6,187.86666666666667,33443.23333333333,11963.800000000003,0,36,3,0,32,0,"{""process_exit"": 36, ""process_exec"": 36, ""process_kprobe"": 32}"
1774276995,normal,sw-wk2,0.08499999999997576,0.41278708876474235,0.0,0.0,764.3333333333334,4331.166666666667,0,104,5,0,0,0,"{""process_exit"": 106, ""process_exec"": 104}"
1774277005,normal,sw-wk3,0.12291229122911973,0.4109058136087905,0.0,0.0,4587.025369203587,5609.360936093609,0,0,0,0,0,0,{}
1774277005,normal,k3s-wk1,0.30511111111110134,0.721488070955771,202.6,187.86666666666667,33443.23333333334,11963.8,0,36,3,0,32,0,"{""process_kprobe"": 32, ""process_exit"": 36, ""process_exec"": 36}"
1774277005,normal,sw-wk2,0.1508888888889487,0.4076560982985564,0.0,0.0,5227.633333333333,27983.366666666665,0,1,1,0,0,0,"{""process_exit"": 1, ""process_exec"": 1}"
1774277015,transition,sw-wk3,0.0,0.4109058136087905,0.0,0.0,0.0,0.0,10,1,1,0,0,0,"{""process_exit"": 1, ""process_exec"": 1}"
1774277015,transition,k3s-wk1,0.30511111111110134,0.721488070955771,202.6,187.86666666666667,33443.23333333333,11963.8,10,78,3,0,78,0,"{""process_kprobe"": 78, ""process_exit"": 78, ""process_exec"": 78}"
1774277015,transition,sw-wk2,0.1508888888889487,0.4076560982985564,0.0,0.0,5227.633333333333,27983.366666666665,10,0,0,0,0,0,{}
1774277025,normal,sw-wk3,0.09100000000002595,0.41088790782900375,0.0,0.0,2984.2666666666664,5585.266666666666,0,1,1,0,0,0,"{""process_exit"": 1, ""process_exec"": 1}"
1774277025,normal,k3s-wk1,0.2664444444444396,0.7229750891552946,196.6,181.26666666666665,9769.666666666666,1466.3666666666666,0,12,2,0,10,0,"{""process_exit"": 12, ""process_exec"": 12, ""process_kprobe"": 10}"
1774277025,normal,sw-wk2,0.1508888888889487,0.4076560982985564,0.0,0.0,5227.633333333333,27983.366666666665,0,0,0,0,0,0,{}
1774277035,normal,sw-wk3,0.09100000000002595,0.41088790782900375,0.0,0.0,2984.2666666666664,5585.266666666666,0,0,0,0,0,0,{}
1774277035,normal,k3s-wk1,0.2664444444444396,0.7229750891552946,196.6,181.26666666666665,9769.666666666666,1466.3666666666666,0,39,3,0,33,0,"{""process_exit"": 39, ""process_exec"": 39, ""process_kprobe"": 33}"
1774277035,normal,sw-wk2,0.08499999999997576,0.4082549459644431,0.0,0.0,336.93333333333334,4024.4333333333334,0,0,0,0,0,0,{}
1774277045,normal,sw-wk3,0.09224206878160501,0.4108779601735667,0.0,0.0,3811.2503332444676,5461.243668355105,0,0,0,0,0,0,{}
1774277045,normal,k3s-wk1,0.2664444444444396,0.7229750891552946,196.6,181.26666666666665,9769.666666666666,1466.3666666666666,0,33,3,0,30,0,"{""process_exit"": 33, ""process_exec"": 33, ""process_kprobe"": 30}"
1774277045,normal,sw-wk2,0.08499999999997576,0.4082549459644431,0.0,0.0,336.93333333333334,4024.4333333333334,0,2,2,0,0,0,"{""process_exec"": 2}"
1774277055,normal,sw-wk3,0.09224206878160501,0.4108779601735667,0.0,0.0,3811.2503332444676,5461.243668355105,0,0,0,0,0,0,{}
1774277055,normal,k3s-wk1,0.30200000000000315,0.7217617875801081,194.46666666666667,179.26666666666665,33462.333333333336,11037.6,0,36,3,0,32,0,"{""process_exit"": 36, ""process_exec"": 36, ""process_kprobe"": 32}"
1774277055,normal,sw-wk2,0.08499999999997576,0.4082549459644431,0.0,0.0,336.93333333333334,4024.4333333333334,0,105,6,0,0,0,"{""process_exit"": 107, ""process_exec"": 105}"
1774277065,normal,sw-wk3,0.09224206878160501,0.4108779601735667,0.0,0.0,3811.2503332444676,5461.243668355105,0,0,0,0,0,0,{}
1774277065,normal,k3s-wk1,0.30200000000000315,0.7217617875801081,194.46666666666667,179.26666666666665,33462.333333333336,11037.6,0,12,2,0,9,0,"{""process_exit"": 12, ""process_exec"": 12, ""process_kprobe"": 9}"
1774277065,normal,sw-wk2,0.1565555555555167,0.4009235384933709,0.0,0.0,5939.233333333334,28149.333333333332,0,0,0,0,0,0,{}
1774277075,transition,sw-wk3,0.0,0.41097743672793763,0.0,0.0,3589.5238730328088,5335.422779407842,9,1,1,0,0,0,"{""process_exit"": 1, ""process_exec"": 1}"
1774277075,transition,k3s-wk1,0.30200000000000315,0.7217617875801081,194.46666666666667,179.26666666666665,33462.333333333336,11037.6,9,39,3,0,38,0,"{""process_exit"": 39, ""process_exec"": 39, ""process_kprobe"": 38}"
1774277075,transition,sw-wk2,0.1565555555555167,0.4009235384933709,0.0,0.0,5939.233333333334,28149.333333333332,9,0,0,0,0,0,{}
1774277085,normal,sw-wk3,0.11098515159600375,0.41097743672793763,0.0,0.0,3589.5238730328088,5335.422779407842,0,0,0,0,0,0,{}
1774277085,normal,k3s-wk1,0.2618888888889259,0.7216091379242279,198.93333333333334,185.2666666666667,9423.133333333333,2716.5666666666666,0,33,3,0,30,0,"{""process_exit"": 33, ""process_exec"": 33, ""process_kprobe"": 30}"
1774277085,normal,sw-wk2,0.1565555555555167,0.4009235384933709,0.0,0.0,5939.233333333334,28149.333333333332,0,1,1,0,0,0,"{""process_exit"": 1, ""process_exec"": 1}"
1774277095,normal,sw-wk3,0.11098515159600375,0.41097743672793763,0.0,0.0,3589.5238730328088,5335.422779407842,0,0,0,0,0,0,{}
1774277095,normal,k3s-wk1,0.26188888888892603,0.7216091379242279,198.93333333333334,185.26666666666665,9423.133333333333,2716.5666666666666,0,33,3,0,30,0,"{""process_kprobe"": 30, ""process_exit"": 33, ""process_exec"": 33}"
1774277095,normal,sw-wk2,0.07111111111112722,0.40115631316748634,4.466666666666667,6.0,363.4,4271.066666666667,0,0,0,0,0,0,{}
1774277105,normal,sw-wk3,0.11222222222220601,0.4111644526501549,0.0,0.0,2782.4333333333334,5073.9,0,0,0,0,0,0,{}
1774277105,normal,k3s-wk1,0.26188888888892603,0.7216091379242279,198.93333333333334,185.26666666666665,9423.133333333333,2716.5666666666666,0,33,3,0,32,0,"{""process_exit"": 34, ""process_exec"": 33, ""process_kprobe"": 32}"
1774277105,normal,sw-wk2,0.07111111111112722,0.40115631316748634,4.466666666666667,6.0,363.4,4271.066666666667,0,2,2,0,0,0,"{""process_exec"": 2}"
1774277116,normal,sw-wk3,0.11222222222220601,0.4111644526501549,0.0,0.0,2782.4333333333334,5073.9,0,0,0,0,0,0,{}
1774277116,normal,k3s-wk1,0.27577777777777446,0.7205103235909516,194.46666666666667,179.26666666666665,10064.9,6214.266666666668,0,60,3,0,54,0,"{""process_exit"": 60, ""process_exec"": 60, ""process_kprobe"": 54}"
1774277116,normal,sw-wk2,0.07111111111112722,0.40115631316748634,4.466666666666667,6.0,363.4,4271.066666666667,0,2,2,0,0,0,"{""process_exit"": 3, ""process_exec"": 2}"
1774277125,normal,sw-wk3,0.11222222222220601,0.4111644526501549,0.0,0.0,2782.4333333333334,5073.9,0,1,1,0,0,0,"{""process_exit"": 1, ""process_exec"": 1}"
1774277125,normal,k3s-wk1,0.27577777777777446,0.7205103235909516,194.46666666666667,179.26666666666665,10064.9,6214.266666666666,0,19,3,0,13,0,"{""process_exit"": 18, ""process_exec"": 19, ""process_kprobe"": 13}"
1774277125,normal,sw-wk2,0.16499999999998372,0.4038501329004123,0.0,0.0,6871.5,28026.399999999998,0,102,3,0,0,0,"{""process_exec"": 102, ""process_exit"": 103}"
1774277136,transition,sw-wk3,0.0,0.4111644526501549,0.0,0.0,0.0,0.0,10,0,0,0,0,0,{}
1774277136,transition,k3s-wk1,0.27577777777777446,0.7205103235909516,194.46666666666667,179.26666666666665,10064.9,6214.266666666666,10,36,3,0,36,0,"{""process_kprobe"": 36, ""process_exit"": 36, ""process_exec"": 36}"
1774277136,transition,sw-wk2,0.16499999999998383,0.4038501329004123,0.0,0.0,6871.5,28026.399999999998,10,1,1,0,0,0,"{""process_exit"": 1, ""process_exec"": 1}"
1774277147,normal,sw-wk3,0.12811111111109819,0.41133157326149805,0.0,0.0,4618.2333333333345,5331.433333333333,0,0,0,0,0,0,{}
1774277147,normal,k3s-wk1,0.5069490403706074,0.7195036254293272,803.8716082064858,471.3765718067504,32515.949702183985,8329.682329583058,0,36,3,0,32,0,"{""process_exit"": 36, ""process_exec"": 36, ""process_kprobe"": 32}"
1774277147,normal,sw-wk2,0.16499999999998383,0.4038501329004123,0.0,0.0,6871.5,28026.399999999998,0,0,0,0,0,0,{}
1774277157,normal,sw-wk3,0.12811111111109819,0.41133157326149805,0.0,0.0,4618.233333333334,5331.433333333333,0,1,1,0,0,0,"{""process_exit"": 1, ""process_exec"": 1}"
1774277157,normal,k3s-wk1,0.5069490403706074,0.7195036254293272,803.8716082064856,471.3765718067505,32515.949702183985,8329.682329583056,0,63,3,0,55,0,"{""process_exit"": 63, ""process_exec"": 63, ""process_kprobe"": 55}"
1774277157,normal,sw-wk2,0.0707777777777665,0.40393966162122585,0.0,0.0,350.73333333333335,4284.866666666667,0,0,0,0,0,0,{}
1774277166,normal,sw-wk3,0.11600000000002586,0.4115762855852504,0.0,0.0,2252.3,5197.666666666667,0,0,0,0,0,0,{}
1774277166,normal,k3s-wk1,0.5069490403706074,0.7195036254293272,803.8716082064858,471.3765718067505,32515.949702183985,8329.682329583058,0,36,3,0,32,0,"{""process_exit"": 36, ""process_exec"": 36, ""process_kprobe"": 32}"
1774277166,normal,sw-wk2,0.0707777777777665,0.40393966162122585,0.0,0.0,350.73333333333335,4284.866666666667,0,2,2,0,0,0,"{""process_exec"": 2}"
1774277177,normal,sw-wk3,0.11600000000002586,0.4115762855852504,0.0,0.0,2252.3,5197.666666666667,0,0,0,0,0,0,{}
1774277177,normal,k3s-wk1,0.5675238664806159,0.7183627008461528,201.94032826101406,187.25496710744903,32921.42335038874,9203.402219416572,0,57,3,0,52,0,"{""process_exit"": 57, ""process_exec"": 57, ""process_kprobe"": 52}"
1774277177,normal,sw-wk2,0.0707777777777665,0.40393966162122585,0.0,0.0,350.73333333333335,4284.866666666667,0,104,5,0,0,0,"{""process_exit"": 106, ""process_exec"": 104}"
1774277186,normal,sw-wk3,0.11600000000002586,0.4115762855852504,0.0,0.0,2252.3,5197.666666666667,0,0,0,0,0,0,{}
1774277186,normal,k3s-wk1,0.5675238664806157,0.7183627008461528,201.94032826101406,187.25496710744903,32921.42335038874,9203.402219416574,0,36,3,0,36,0,"{""process_kprobe"": 36, ""process_exit"": 36, ""process_exec"": 36}"
1774277186,normal,sw-wk2,0.15741759157421464,0.4055193461618043,0.0,0.0,5201.346532013466,28015.83175015832,0,1,1,0,0,0,"{""process_exit"": 1, ""process_exec"": 1}"
1774277196,normal,sw-wk3,0.1166666666666667,0.41307639202516355,0.0,0.0,2979.1666666666665,5099.966666666666,0,0,0,0,0,0,{}
1774277196,normal,k3s-wk1,0.5675238664806157,0.7183627008461528,201.94032826101406,187.25496710744903,32921.42335038874,9203.402219416574,0,15,2,0,14,0,"{""process_exit"": 15, ""process_exec"": 15, ""process_kprobe"": 14}"
1774277196,normal,sw-wk2,0.15741759157421464,0.4055193461618043,0.0,0.0,5201.346532013466,28015.83175015832,0,0,0,0,0,0,{}
1774277207,normal,sw-wk3,0.1166666666666667,0.41307639202516355,0.0,0.0,2979.1666666666665,5099.966666666666,0,1,1,0,0,0,"{""process_exit"": 1, ""process_exec"": 1}"
1774277207,normal,k3s-wk1,0.5230554994047889,0.7184153386585254,196.55009770231115,181.18725153291555,9814.702513307728,1780.237180782966,0,12,2,0,10,0,"{""process_exit"": 12, ""process_exec"": 12, ""process_kprobe"": 10}"
1774277207,normal,sw-wk2,0.15741759157421464,0.4055193461618043,0.0,0.0,5201.346532013466,28015.83175015832,0,0,0,0,0,0,{}
1774277216,normal,sw-wk3,0.1166666666666667,0.41307639202516355,0.0,0.0,2979.1666666666665,5099.966666666666,0,0,0,0,0,0,{}
1774277216,normal,k3s-wk1,0.5230554994047889,0.7184153386585254,196.55009770231115,181.18725153291555,9814.702513307728,1780.237180782966,0,9,2,0,7,0,"{""process_exit"": 9, ""process_exec"": 9, ""process_kprobe"": 7}"
1774277216,normal,sw-wk2,0.06879576846574365,0.4053601839914689,0.0,0.0,399.90665733239996,4077.0077007700775,0,0,0,0,0,0,{}
1774277227,normal,sw-wk3,0.11299999999998056,0.4133012090380418,0.0,0.0,2365.1,5369.6,0,0,0,0,0,0,{}
1774277227,normal,k3s-wk1,0.5230554994047889,0.7184153386585254,196.55009770231115,181.18725153291555,9814.702513307728,1780.237180782966,0,36,3,0,32,0,"{""process_exit"": 36, ""process_exec"": 36, ""process_kprobe"": 32}"
1774277227,normal,sw-wk2,0.06879576846574365,0.4053601839914689,0.0,0.0,399.9066573323999,4077.007700770077,0,2,2,0,0,0,"{""process_exec"": 2}"
1774277237,normal,sw-wk3,0.11299999999998056,0.4133012090380418,0.0,0.0,2365.1,5369.6,0,0,0,0,0,0,{}
1774277237,normal,k3s-wk1,0.5486666666666375,0.7178994880972747,194.46666666666667,179.2666666666667,32827.166666666664,5504.066666666667,0,132,3,0,120,0,"{""process_exit"": 132, ""process_exec"": 132, ""process_kprobe"": 120}"
1774277237,normal,sw-wk2,0.06879576846574365,0.4053601839914689,0.0,0.0,399.9066573323999,4077.007700770077,0,104,5,0,0,0,"{""process_exit"": 106, ""process_exec"": 104}"
1774277247,normal,sw-wk3,0.11299999999998056,0.4133012090380418,0.0,0.0,2365.1,5369.6,0,0,0,0,0,0,{}
1774277247,normal,k3s-wk1,0.5486666666666375,0.7178994880972747,194.46666666666667,179.26666666666665,32827.166666666664,5504.066666666667,0,12,2,0,11,0,"{""process_exit"": 12, ""process_exec"": 12, ""process_kprobe"": 11}"
1774277247,normal,sw-wk2,0.15766666666665197,0.4067488739276449,0.0,0.0,5337.233333333334,28085.433333333334,0,1,1,0,0,0,"{""process_exit"": 1, ""process_exec"": 1}"
1774277257,normal,sw-wk3,0.13033333333332842,0.4132892718515173,0.0,0.0,2987.7666666666664,5456.533333333333,0,1,1,0,0,0,"{""process_exit"": 1, ""process_exec"": 1}"
1774277257,normal,k3s-wk1,0.5486666666666375,0.7178994880972747,194.46666666666667,179.26666666666665,32827.166666666664,5504.066666666667,0,33,3,0,32,0,"{""process_kprobe"": 32, ""process_exit"": 35, ""process_exec"": 33}"
1774277257,normal,sw-wk2,0.15766666666665208,0.4067488739276449,0.0,0.0,5337.233333333334,28085.433333333334,0,0,0,0,0,0,{}
1774277269,normal,sw-wk3,0.13033333333332842,0.4132892718515173,0.0,0.0,2987.7666666666664,5456.533333333333,0,0,0,0,0,0,{}
1774277269,normal,k3s-wk1,0.4882222222222481,0.7283494097985288,191.53333333333333,176.4,10141.366666666667,7508.033333333333,0,12,2,0,10,0,"{""process_exit"": 12, ""process_exec"": 12, ""process_kprobe"": 10}"
1774277269,normal,sw-wk2,0.15766666666665208,0.4067488739276449,0.0,0.0,5337.233333333334,28085.433333333334,0,1,1,0,0,0,"{""process_exit"": 1, ""process_exec"": 1}"
1774277277,normal,sw-wk3,0.13033333333332842,0.4132892718515173,0.0,0.0,2987.7666666666664,5456.533333333333,0,0,0,0,0,0,{}
1774277277,normal,k3s-wk1,0.4882222222222481,0.7283494097985288,191.53333333333333,176.40000000000003,10141.366666666667,7508.033333333333,0,36,3,0,32,0,"{""process_exit"": 36, ""process_exec"": 36, ""process_kprobe"": 32}"
1774277277,normal,sw-wk2,0.07977777777782136,0.40641065431568224,0.0,0.0,999.1333333333333,4292.533333333333,0,0,0,0,0,0,{}
1774277287,normal,sw-wk3,0.1625555555556073,0.41286749126098465,0.0,0.0,3716.933333333334,5010.433333333333,0,0,0,0,0,0,{}
1774277287,normal,k3s-wk1,0.4882222222222481,0.7283494097985288,191.53333333333333,176.4,10141.366666666667,7508.033333333333,0,36,3,0,35,0,"{""process_exit"": 36, ""process_exec"": 36, ""process_kprobe"": 35}"
1774277287,normal,sw-wk2,0.07977777777782136,0.40641065431568224,0.0,0.0,999.1333333333333,4292.533333333333,0,61,5,0,0,0,"{""process_exec"": 61, ""process_exit"": 60}"
1774277297,normal,sw-wk3,0.1625555555556073,0.41286749126098465,0.0,0.0,3716.9333333333334,5010.433333333333,0,0,0,0,0,0,{}
1774277297,normal,k3s-wk1,0.2946666666666715,0.7299996052164073,194.46666666666667,179.2666666666667,31919.066666666666,9171.866666666667,0,33,3,0,29,0,"{""process_exit"": 33, ""process_exec"": 33, ""process_kprobe"": 29}"
1774277297,normal,sw-wk2,0.07977777777782136,0.40641065431568224,0.0,0.0,999.1333333333333,4292.533333333333,0,45,3,0,0,0,"{""process_exec"": 45, ""process_exit"": 46}"
1774277307,normal,sw-wk3,0.1625555555556073,0.41286749126098465,0.0,0.0,3716.9333333333334,5010.433333333333,0,1,1,0,0,0,"{""process_exit"": 1, ""process_exec"": 1}"
1774277307,normal,k3s-wk1,0.2946666666666715,0.7299996052164073,194.46666666666667,179.26666666666665,31919.066666666666,9171.866666666667,0,54,3,0,53,0,"{""process_exit"": 54, ""process_exec"": 54, ""process_kprobe"": 53}"
1774277307,normal,sw-wk2,0.15355555555551192,0.4010051091056678,0.0,0.0,5199.6,27946.7,0,1,1,0,0,0,"{""process_exit"": 1, ""process_exec"": 1}"
1774277317,normal,sw-wk3,0.10099999999996123,0.4129371248490443,0.0,0.0,2956.3333333333335,5250.3,0,0,0,0,0,0,{}
1774277317,normal,k3s-wk1,0.2946666666666715,0.7299996052164073,194.46666666666667,179.26666666666665,31919.066666666666,9171.866666666667,0,33,3,0,30,0,"{""process_exit"": 33, ""process_exec"": 33, ""process_kprobe"": 30}"
1774277317,normal,sw-wk2,0.15355555555551192,0.4010051091056678,0.0,0.0,5199.6,27946.7,0,0,0,0,0,0,{}
1774277327,normal,sw-wk3,0.10099999999996123,0.4129371248490443,0.0,0.0,2956.3333333333335,5250.300000000001,0,0,0,0,0,0,{}
1774277327,normal,k3s-wk1,0.26566666666670546,0.7306338908554961,194.4,179.26666666666665,10466.833333333336,1513.0666666666666,0,39,3,0,34,0,"{""process_exit"": 39, ""process_exec"": 39, ""process_kprobe"": 34}"
1774277327,normal,sw-wk2,0.15355555555551192,0.4010051091056678,0.0,0.0,5199.6,27946.7,0,1,1,0,0,0,"{""process_exit"": 1, ""process_exec"": 1}"
1774277337,normal,sw-wk3,0.10099999999996123,0.4129371248490443,0.0,0.0,2956.3333333333335,5250.3,0,1,1,0,0,0,"{""process_exit"": 1, ""process_exec"": 1}"
1774277337,normal,k3s-wk1,0.26566666666670546,0.7306338908554961,194.4,179.26666666666665,10466.833333333334,1513.0666666666666,0,15,2,0,11,0,"{""process_exit"": 15, ""process_exec"": 15, ""process_kprobe"": 11}"
1774277337,normal,sw-wk2,0.07099999999999351,0.4007225962533225,0.0,0.0,373.43333333333334,4509.9,0,1,1,0,0,0,"{""process_exit"": 1, ""process_exec"": 1}"
1774277347,normal,sw-wk3,0.12297659122978044,0.41316194186192257,0.0,0.0,2257.507582575076,5184.2815718428155,0,0,0,0,0,0,{}
1774277347,normal,k3s-wk1,0.26566666666670546,0.7306338908554961,194.4,179.26666666666665,10466.833333333334,1513.0666666666666,0,38,3,0,35,0,"{""process_exit"": 39, ""process_exec"": 38, ""process_kprobe"": 35}"
1774277347,normal,sw-wk2,0.07099999999999351,0.4007225962533225,0.0,0.0,373.43333333333334,4509.9,0,2,2,0,0,0,"{""process_exec"": 2}"
1774277357,normal,sw-wk3,0.12297659122978044,0.41316194186192257,0.0,0.0,2257.507582575076,5184.2815718428155,0,0,0,0,0,0,{}
1774277357,normal,k3s-wk1,0.2764444444444153,0.7282441341737838,198.93333333333334,185.26666666666665,10336.4,6458.6,0,28,2,0,26,0,"{""process_exec"": 28, ""process_kprobe"": 26, ""process_exit"": 27}"
1774277357,normal,sw-wk2,0.07099999999999351,0.4007225962533225,0.0,0.0,373.43333333333334,4509.9,0,0,0,0,0,0,{}
1774277368,normal,sw-wk3,0.12297659122978044,0.41316194186192257,0.0,0.0,2257.507582575076,5184.2815718428155,0,0,0,0,0,0,{}
1774277368,normal,k3s-wk1,0.2764444444444153,0.7282441341737838,198.93333333333334,185.26666666666665,10336.4,6458.6,0,18,2,0,18,0,"{""process_kprobe"": 18, ""process_exit"": 18, ""process_exec"": 18}"
1774277368,normal,sw-wk2,0.1513333333333623,0.40183673144567,0.0,0.0,5829.633333333333,27842.13333333333,0,104,5,0,0,0,"{""process_exit"": 106, ""process_exec"": 104}"
1774277378,normal,sw-wk3,0.11546710226579837,0.41328529278934245,4.467113378004467,6.0006000600060005,5242.490915758242,5532.753275327533,0,1,1,0,0,0,"{""process_exit"": 1, ""process_exec"": 1}"
1774277378,normal,k3s-wk1,0.2764444444444153,0.7282441341737838,198.93333333333334,185.26666666666665,10336.4,6458.6,0,12,2,0,13,0,"{""process_kprobe"": 13, ""process_exit"": 12, ""process_exec"": 12}"
1774277378,normal,sw-wk2,0.1513333333333624,0.40183673144567,0.0,0.0,5829.633333333333,27842.13333333333,0,1,1,0,0,0,"{""process_exit"": 1, ""process_exec"": 1}"
1774277388,normal,sw-wk3,0.11546710226579837,0.41328529278934245,4.467113378004467,6.0006000600060005,5242.490915758242,5532.753275327533,0,1,1,0,0,0,"{""process_exit"": 1, ""process_exec"": 1}"
1774277388,normal,k3s-wk1,0.2749999999999596,0.7227829611401351,194.46666666666667,179.26666666666665,32947.566666666666,7489.033333333333,0,21,2,0,15,0,"{""process_exit"": 21, ""process_exec"": 21, ""process_kprobe"": 15}"
1774277388,normal,sw-wk2,0.1513333333333624,0.40183673144567,0.0,0.0,5829.633333333333,27842.13333333333,0,0,0,0,0,0,{}
1774277398,normal,sw-wk3,0.11546710226579837,0.41328529278934245,4.467113378004467,6.0006000600060005,5242.490915758242,5532.753275327533,0,0,0,0,0,0,{}
1774277398,normal,k3s-wk1,0.2749999999999596,0.7227829611401351,194.46666666666667,179.26666666666665,32947.566666666666,7489.033333333333,0,39,3,0,33,0,"{""process_exit"": 39, ""process_exec"": 39, ""process_kprobe"": 33}"
1774277398,normal,sw-wk2,0.0705555555555395,0.40183076286428243,0.0,0.0,427.6333333333333,4312.233333333334,0,0,0,0,0,0,{}
1774277408,normal,sw-wk3,0.11711111111112082,0.413516078395483,0.0,0.0,3131.233333333333,5275.600000000001,0,0,0,0,0,0,{}
1774277408,normal,k3s-wk1,0.2749999999999596,0.7227829611401351,194.46666666666667,179.26666666666665,32947.566666666666,7489.033333333333,0,54,3,0,50,0,"{""process_exit"": 55, ""process_exec"": 54, ""process_kprobe"": 50}"
1774277408,normal,sw-wk2,0.0705555555555395,0.40183076286428243,0.0,0.0,427.6333333333333,4312.233333333334,0,106,7,0,0,0,"{""process_exec"": 106, ""process_exit"": 106}"
1774277418,normal,sw-wk3,0.11711111111112082,0.413516078395483,0.0,0.0,3131.233333333333,5275.6,0,1,1,0,0,0,"{""process_exit"": 1, ""process_exec"": 1}"
1774277418,normal,k3s-wk1,0.2992222222222255,0.7194417759997894,194.46666666666667,179.26666666666665,32749.533333333333,10937.066666666666,0,18,2,0,14,0,"{""process_exit"": 18, ""process_exec"": 18, ""process_kprobe"": 14}"
1774277418,normal,sw-wk2,0.0705555555555395,0.40183076286428243,0.0,0.0,427.6333333333333,4312.233333333334,0,0,0,0,0,0,{}
1774277428,normal,sw-wk3,0.11711111111112082,0.413516078395483,0.0,0.0,3131.233333333333,5275.6,0,0,0,0,0,0,{}
1774277428,normal,k3s-wk1,0.2992222222222253,0.7194417759997894,194.46666666666667,179.26666666666665,32749.533333333333,10937.066666666666,0,36,3,0,35,0,"{""process_exit"": 36, ""process_exec"": 36, ""process_kprobe"": 35}"
1774277428,normal,sw-wk2,0.1576666666666925,0.4024256314759108,0.0,0.0,6402.0,27568.466666666667,0,1,1,0,0,0,"{""process_exit"": 1, ""process_exec"": 1}"
1774277438,normal,sw-wk3,0.13244444444442516,0.4135041412089585,0.0,0.0,2712.633333333333,5247.9000000000015,0,0,0,0,0,0,{}
1774277438,normal,k3s-wk1,0.2992222222222255,0.7194417759997894,194.46666666666667,179.26666666666665,32749.533333333333,10937.066666666666,0,52,3,0,49,0,"{""process_exit"": 53, ""process_exec"": 52, ""process_kprobe"": 49}"
1774277438,normal,sw-wk2,0.1576666666666925,0.4024256314759108,0.0,0.0,6402.0,27568.466666666667,0,0,0,0,0,0,{}
1774277448,normal,sw-wk3,0.13244444444442516,0.4135041412089585,0.0,0.0,2712.633333333333,5247.9000000000015,0,12,10,2,3,0,"{""process_exec"": 12, ""process_exit"": 12, ""process_kprobe"": 3}"
1774277448,normal,k3s-wk1,0.29333333333334954,0.7123896250871814,194.46666666666667,179.26666666666665,10980.033333333333,4920.733333333334,0,56,3,0,51,0,"{""process_exec"": 56, ""process_kprobe"": 51, ""process_exit"": 55}"
1774277448,normal,sw-wk2,0.1576666666666925,0.4024256314759108,0.0,0.0,6402.0,27568.466666666667,0,0,0,0,0,0,{}
1774277458,normal,sw-wk3,0.13244444444442516,0.4135041412089585,0.0,0.0,2712.633333333333,5247.9,0,0,0,0,2,0,"{""process_kprobe"": 2}"
1774277458,normal,k3s-wk1,0.29333333333334954,0.7123896250871814,194.46666666666667,179.26666666666665,10980.033333333333,4920.733333333334,0,88,3,0,81,0,"{""process_kprobe"": 81, ""process_exit"": 88, ""process_exec"": 88}"
1774277458,normal,sw-wk2,0.07849867262040533,0.4023937990418437,0.0,0.0,803.6922256656336,4118.797694025125,0,0,0,0,0,0,{}
1774277468,normal,sw-wk3,0.13622222222220448,0.41722456434243016,6.133333333333333,29.133333333333333,5267.233333333334,8329.3,0,1,1,0,1,0,"{""process_exit"": 1, ""process_exec"": 1, ""process_kprobe"": 1}"
1774277468,normal,k3s-wk1,0.29333333333334954,0.7123896250871814,194.46666666666667,179.26666666666665,10980.033333333333,4920.733333333334,0,41,3,0,41,0,"{""process_kprobe"": 41, ""process_exit"": 41, ""process_exec"": 41}"
1774277468,normal,sw-wk2,0.07849867262040533,0.4023937990418437,0.0,0.0,803.6922256656336,4118.797694025126,0,2,2,0,0,0,"{""process_exec"": 2}"
1774277478,normal,sw-wk3,0.13622222222220448,0.41722456434243016,6.133333333333333,29.133333333333333,5267.233333333334,8329.3,0,0,0,0,1,0,"{""process_kprobe"": 1}"
1774277478,normal,k3s-wk1,0.29055555555553125,0.7155505257201511,194.46666666666667,179.26666666666665,34625.7,4840.933333333333,0,39,3,0,33,0,"{""process_exit"": 39, ""process_exec"": 39, ""process_kprobe"": 33}"
1774277478,normal,sw-wk2,0.07849867262040533,0.4023937990418437,0.0,0.0,803.6922256656336,4118.797694025126,0,105,6,0,0,0,"{""process_exit"": 107, ""process_exec"": 105}"
1774277488,normal,sw-wk3,0.13622222222220448,0.41722456434243016,6.133333333333333,29.133333333333333,5267.233333333334,8329.3,0,0,0,0,0,0,{}
1774277488,normal,k3s-wk1,0.29055555555553125,0.7155505257201511,194.46666666666667,179.26666666666665,34625.7,4840.933333333333,0,36,3,0,35,0,"{""process_exit"": 36, ""process_exec"": 36, ""process_kprobe"": 35}"
1774277488,normal,sw-wk2,0.1571916019250431,0.403993378853714,0.0,0.0,5149.64489346804,28038.744956820377,0,0,0,0,0,0,{}
1774277498,transition,sw-wk3,0.0,0.41722456434243016,0.0,0.0,0.0,0.0,9,0,0,0,0,0,{}
1774277498,transition,k3s-wk1,0.29055555555553125,0.7155505257201511,194.46666666666667,179.26666666666665,34625.7,4840.933333333333,9,12,2,0,10,0,"{""process_exit"": 12, ""process_exec"": 12, ""process_kprobe"": 10}"
1774277498,transition,sw-wk2,0.1571916019250431,0.403993378853714,0.0,0.0,5149.64489346804,28038.744956820377,9,0,0,0,0,0,{}
1774277508,transition,sw-wk3,0.0,0.0,0.0,0.0,0.0,0.0,19,0,0,0,0,0,{}
1774277508,transition,k3s-wk1,0.27177777777780854,0.7186535247595109,393.5333333333333,271.7,5835.633333333333,5632.133333333333,19,36,3,0,33,0,"{""process_exit"": 36, ""process_exec"": 36, ""process_kprobe"": 33}"
1774277508,transition,sw-wk2,0.1571916019250431,0.403993378853714,0.0,0.0,5149.64489346804,28038.744956820377,19,1,1,0,0,0,"{""process_exit"": 1, ""process_exec"": 1}"
1774277518,transition,sw-wk3,0.0,0.0,0.0,0.0,0.0,0.0,30,0,0,0,0,0,{}
1774277518,transition,k3s-wk1,0.27177777777780854,0.7186535247595109,393.5333333333333,271.7,5835.633333333333,5632.133333333333,30,63,3,0,55,0,"{""process_exit"": 63, ""process_exec"": 63, ""process_kprobe"": 55}"
1774277518,transition,sw-wk2,0.06822222222221574,0.4036054210635216,0.0,0.0,529.6666666666666,4360.766666666666,30,0,0,0,0,0,{}
1774277528,transition,sw-wk3,0.0,0.0,0.0,0.0,0.0,0.0,40,0,0,0,0,0,{}
1774277528,transition,k3s-wk1,0.27177777777780854,0.7186535247595109,393.5333333333333,271.7,5835.633333333333,5632.133333333333,40,36,3,0,33,0,"{""process_exit"": 36, ""process_exec"": 36, ""process_kprobe"": 33}"
1774277528,transition,sw-wk2,0.06822222222221574,0.4036054210635216,0.0,0.0,529.6666666666666,4360.766666666666,40,106,7,0,0,0,"{""process_exit"": 106, ""process_exec"": 106}"
1774277538,transition,sw-wk3,0.0,0.0,0.0,0.0,0.0,0.0,50,0,0,0,0,0,{}
1774277538,transition,k3s-wk1,0.29200000000002746,0.7161150662578464,196.3666666666667,181.26666666666665,28063.399999999998,8779.466666666669,50,42,3,0,38,0,"{""process_exit"": 42, ""process_exec"": 42, ""process_kprobe"": 38}"
1774277538,transition,sw-wk2,0.06822222222221574,0.4036054210635216,0.0,0.0,529.6666666666666,4360.766666666666,50,1,1,0,0,0,"{""process_exit"": 1, ""process_exec"": 1}"
1774277548,transition,sw-wk3,0.0,0.0,0.0,0.0,0.0,0.0,60,0,0,0,0,0,{}
1774277548,transition,k3s-wk1,0.29200000000002746,0.7161150662578464,196.36666666666667,181.26666666666665,28063.399999999998,8779.466666666667,60,39,3,0,39,0,"{""process_kprobe"": 39, ""process_exit"": 39, ""process_exec"": 39}"
1774277548,transition,sw-wk2,0.15088888888886787,0.4070950516481243,3.0,3.0,8558.9,28019.166666666668,60,0,0,0,0,0,{}
1774277558,transition,sw-wk3,0.0,0.0,0.0,0.0,0.0,0.0,70,0,0,0,0,0,{}
1774277558,transition,k3s-wk1,0.29200000000002746,0.7161150662578464,196.36666666666667,181.26666666666665,28063.399999999998,8779.466666666667,70,15,2,0,16,0,"{""process_exit"": 15, ""process_exec"": 15, ""process_kprobe"": 16}"
1774277558,transition,sw-wk2,0.15088888888886787,0.4070950516481243,3.0,3.0,8558.9,28019.166666666668,70,0,0,0,0,0,{}
1774277568,transition,sw-wk3,0.0,0.0,0.0,0.0,0.0,0.0,80,0,0,0,0,0,{}
1774277568,transition,k3s-wk1,0.2765555555555087,0.7187653801108026,196.46666666666667,181.26666666666665,4101.733333333334,517.2666666666667,80,15,2,0,12,0,"{""process_exit"": 15, ""process_exec"": 15, ""process_kprobe"": 12}"
1774277568,transition,sw-wk2,0.15088888888886787,0.4070950516481243,3.0,3.0,8558.9,28019.166666666668,80,0,0,0,0,0,{}
1774277578,transition,sw-wk3,0.0,0.0,0.0,0.0,0.0,0.0,90,0,0,0,0,0,{}
1774277578,transition,k3s-wk1,0.2765555555555087,0.7187653801108026,196.46666666666667,181.26666666666665,4101.733333333334,517.2666666666668,90,18,2,0,16,0,"{""process_kprobe"": 16, ""process_exit"": 18, ""process_exec"": 18}"
1774277578,transition,sw-wk2,0.07044444444444609,0.40721044422161745,2.1333333333333333,2.0,630.4666666666667,4348.333333333333,90,1,1,0,0,0,"{""process_exit"": 1, ""process_exec"": 1}"
1774277588,transition,sw-wk3,0.0,0.0,0.0,0.0,0.0,0.0,100,0,0,0,0,0,{}
1774277588,transition,k3s-wk1,0.2765555555555087,0.7187653801108026,196.46666666666667,181.26666666666665,4101.733333333334,517.2666666666667,100,39,3,0,36,0,"{""process_exit"": 39, ""process_exec"": 39, ""process_kprobe"": 36}"
1774277588,transition,sw-wk2,0.07044444444444609,0.40721044422161745,2.1333333333333333,2.0,630.4666666666667,4348.333333333334,100,2,2,0,0,0,"{""process_exec"": 2}"
1774277598,transition,sw-wk3,0.0,0.0,0.0,0.0,0.0,0.0,110,0,0,0,0,0,{}
1774277598,transition,k3s-wk1,0.29833333333335765,0.7221631508994486,202.6,187.86666666666667,27917.766666666666,5196.866666666667,110,12,2,0,11,0,"{""process_exit"": 12, ""process_exec"": 12, ""process_kprobe"": 11}"
1774277598,transition,sw-wk2,0.07044444444444609,0.40721044422161745,2.1333333333333333,2.0,630.4666666666667,4348.333333333333,110,104,5,0,0,0,"{""process_exit"": 106, ""process_exec"": 104}"
1774277608,transition,sw-wk3,0.0,0.0,0.0,0.0,0.0,0.0,120,0,0,0,0,0,{}
1774277608,transition,k3s-wk1,0.29833333333335765,0.7221631508994486,202.6,187.86666666666667,27917.766666666666,5196.866666666667,120,78,3,0,78,0,"{""process_kprobe"": 78, ""process_exit"": 78, ""process_exec"": 78}"
1774277608,transition,sw-wk2,0.16166666666665863,0.409828661923634,0.0,0.0,5112.666666666667,27673.933333333338,120,0,0,0,0,0,{}
1774277618,transition,sw-wk3,0.0,0.0,0.0,0.0,0.0,0.0,130,0,0,0,0,0,{}
1774277618,transition,k3s-wk1,0.29833333333335765,0.7221631508994486,202.6,187.86666666666667,27917.766666666666,5196.866666666667,130,39,3,0,36,0,"{""process_exit"": 39, ""process_exec"": 39, ""process_kprobe"": 36}"
1774277618,transition,sw-wk2,0.16166666666665863,0.409828661923634,0.0,0.0,5112.666666666667,27673.933333333334,130,1,1,0,0,0,"{""process_exit"": 1, ""process_exec"": 1}"
1774277628,transition,sw-wk3,0.0,0.0,0.0,0.0,0.0,0.0,140,0,0,0,0,0,{}
1774277628,transition,k3s-wk1,0.26233333333329945,0.7203760971694017,194.46666666666667,179.26666666666665,4269.033333333333,446.59999999999997,140,15,2,0,15,0,"{""process_exit"": 15, ""process_exec"": 15, ""process_kprobe"": 15}"
1774277628,transition,sw-wk2,0.16166666666665863,0.409828661923634,0.0,0.0,5112.666666666667,27673.933333333334,140,0,0,0,0,0,{}
1774277638,transition,sw-wk3,0.0,0.0,0.0,0.0,0.0,0.0,150,0,0,0,0,0,{}
1774277638,transition,k3s-wk1,0.26233333333329945,0.7203760971694017,194.46666666666667,179.26666666666665,4269.033333333333,446.59999999999997,150,15,2,0,14,0,"{""process_kprobe"": 14, ""process_exit"": 15, ""process_exec"": 15}"
1774277638,transition,sw-wk2,0.0707777777778068,0.40993410686148113,4.466666666666667,6.0,409.26666666666665,4269.7,150,1,1,0,0,0,"{""process_exit"": 1, ""process_exec"": 1}"
1774277648,transition,sw-wk3,0.0,0.42786656612902907,0.0,0.0,0.0,0.0,160,0,0,0,0,0,{}
1774277648,transition,k3s-wk1,0.26233333333329945,0.7203760971694017,194.46666666666667,179.26666666666665,4269.033333333333,446.59999999999997,160,15,2,0,16,0,"{""process_kprobe"": 16, ""process_exit"": 15, ""process_exec"": 15}"
1774277648,transition,sw-wk2,0.0707777777778068,0.40993410686148113,4.466666666666667,6.0,409.26666666666665,4269.7,160,2,2,0,0,0,"{""process_exec"": 2}"
1774277658,transition,sw-wk3,0.0,0.42786656612902907,0.0,0.0,0.0,0.0,170,0,0,0,0,0,{}
1774277658,transition,k3s-wk1,0.3105555555555636,0.721551236330618,191.6,176.4,34627.066666666666,54570.26666666666,170,9,2,0,7,0,"{""process_exit"": 9, ""process_exec"": 9, ""process_kprobe"": 7}"
1774277658,transition,sw-wk2,0.0707777777778068,0.40993410686148113,4.466666666666667,6.0,409.26666666666665,4269.7,170,104,5,0,0,0,"{""process_exit"": 106, ""process_exec"": 104}"
1774277668,transition,sw-wk3,0.0,0.42786656612902907,0.0,0.0,0.0,0.0,180,0,0,0,0,0,{}
1774277668,transition,k3s-wk1,0.3105555555555636,0.721551236330618,191.6,176.4,34627.066666666666,54570.26666666666,180,54,3,0,55,0,"{""process_kprobe"": 55, ""process_exit"": 54, ""process_exec"": 54}"
1774277668,transition,sw-wk2,0.17286049172859685,0.40553924143309616,0.0,0.0,8573.97593573976,28093.257340932574,180,0,0,0,0,0,{}
1774277678,normal,sw-wk3,0.14322222222225622,0.4239690747287772,4.133333333333333,14.333333333333334,46204.333333333336,10255.466666666667,0,0,0,0,0,0,{}
1774277678,normal,k3s-wk1,0.3105555555555636,0.721551236330618,191.6,176.4,34627.066666666666,54570.26666666666,0,39,3,0,34,0,"{""process_exit"": 39, ""process_exec"": 39, ""process_kprobe"": 34}"
1774277678,normal,sw-wk2,0.17286049172859685,0.40553924143309616,0.0,0.0,8573.97593573976,28093.257340932574,0,1,1,0,0,0,"{""process_exit"": 1, ""process_exec"": 1}"
1774277688,normal,sw-wk3,0.14322222222225622,0.4239690747287772,4.133333333333333,14.333333333333334,46204.333333333336,10255.466666666667,0,0,0,0,0,0,{}
1774277688,normal,k3s-wk1,0.29677777777780845,0.7236356937005698,194.46666666666667,179.26666666666665,10520.266666666666,12632.233333333334,0,39,3,0,34,0,"{""process_exit"": 39, ""process_exec"": 39, ""process_kprobe"": 34}"
1774277688,normal,sw-wk2,0.17286049172859685,0.40553924143309616,0.0,0.0,8573.97593573976,28093.257340932574,0,0,0,0,0,0,{}
1774277698,normal,sw-wk3,0.14322222222225622,0.4239690747287772,4.133333333333333,14.333333333333334,46204.333333333336,10255.466666666667,0,0,0,0,0,0,{}
1774277698,normal,k3s-wk1,0.29677777777780845,0.7236356937005698,194.46666666666667,179.26666666666665,10520.266666666666,12632.233333333334,0,12,2,0,9,0,"{""process_exit"": 12, ""process_exec"": 12, ""process_kprobe"": 9}"
1774277698,normal,sw-wk2,0.08413063528577025,0.40857724935937223,0.0,0.0,1168.5835250191685,4352.535253525352,0,0,0,0,0,0,{}
1774277708,normal,sw-wk3,0.10944444444442814,0.41808603130328215,4.0,0.0,4246.133333333333,5288.6,0,0,0,0,0,0,{}
1774277708,normal,k3s-wk1,0.29677777777780845,0.7236356937005698,194.46666666666667,179.26666666666665,10520.266666666666,12632.233333333334,0,12,2,0,10,0,"{""process_exit"": 13, ""process_exec"": 12, ""process_kprobe"": 10}"
1774277708,normal,sw-wk2,0.08413063528577025,0.40857724935937223,0.0,0.0,1168.5835250191685,4352.535253525352,0,2,2,0,0,0,"{""process_exec"": 2}"
1774277718,normal,sw-wk3,0.10944444444442825,0.41808603130328215,4.0,0.0,4246.133333333333,5288.6,0,0,0,0,0,0,{}
1774277718,normal,k3s-wk1,0.2716666666666748,0.7223408035162059,191.6,176.4,33144.833333333336,7420.733333333334,0,15,2,0,13,0,"{""process_exit"": 15, ""process_exec"": 15, ""process_kprobe"": 13}"
1774277718,normal,sw-wk2,0.08413063528577025,0.40857724935937223,0.0,0.0,1168.5835250191685,4352.535253525352,0,105,6,0,0,0,"{""process_exit"": 107, ""process_exec"": 105}"
1774277728,normal,sw-wk3,0.10944444444442825,0.41808603130328215,4.0,0.0,4246.133333333333,5288.6,0,0,0,0,0,0,{}
1774277728,normal,k3s-wk1,0.2716666666666748,0.7223408035162059,191.6,176.4,33144.833333333336,7420.733333333334,0,39,3,0,37,0,"{""process_exit"": 39, ""process_exec"": 39, ""process_kprobe"": 37}"
1774277728,normal,sw-wk2,0.15099999999996117,0.4022684588327047,0.0,0.0,6337.866666666667,28210.166666666668,0,1,1,0,0,0,"{""process_exit"": 1, ""process_exec"": 1}"
1774277738,normal,sw-wk3,0.09322222222225618,0.4153663423067817,0.0,0.0,3504.133333333333,5033.0,0,0,0,0,0,0,{}
1774277738,normal,k3s-wk1,0.2716666666666748,0.7223408035162059,191.6,176.4,33144.833333333336,7420.733333333334,0,12,2,0,12,0,"{""process_kprobe"": 12, ""process_exit"": 12, ""process_exec"": 12}"
1774277738,normal,sw-wk2,0.15099999999996117,0.4022684588327047,0.0,0.0,6337.866666666667,28210.166666666668,0,0,0,0,0,0,{}
1774277748,normal,sw-wk3,0.09322222222225618,0.4153663423067817,0.0,0.0,3504.133333333333,5033.0,0,0,0,0,0,0,{}
1774277748,normal,k3s-wk1,0.2785555555555119,0.7189601400165809,194.4,179.26666666666665,9325.2,4921.4,0,12,2,0,9,0,"{""process_exit"": 12, ""process_exec"": 12, ""process_kprobe"": 9}"
1774277748,normal,sw-wk2,0.15099999999996117,0.4022684588327047,0.0,0.0,6337.866666666667,28210.166666666668,0,0,0,0,0,0,{}
1774277758,normal,sw-wk3,0.09322222222225618,0.4153663423067817,0.0,0.0,3504.133333333333,5033.0,0,0,0,0,0,0,{}
1774277758,normal,k3s-wk1,0.2785555555555119,0.7189601400165809,194.4,179.26666666666665,9325.2,4921.4,0,27,2,0,19,0,"{""process_exit"": 27, ""process_exec"": 27, ""process_kprobe"": 19}"
1774277758,normal,sw-wk2,0.12162012042036352,0.4080122236546817,0.0,0.0,3663.567286542692,4756.34873025395,0,8,3,0,0,0,"{""process_exec"": 8, ""process_exit"": 8}"
1774277768,normal,sw-wk3,0.1219999999999547,0.41501021624213386,4.466666666666667,6.0,7441.533333333333,5103.7,0,0,0,0,0,0,{}
1774277768,normal,k3s-wk1,0.2785555555555119,0.7189601400165809,194.4,179.26666666666665,9325.2,4921.4,0,12,2,0,10,0,"{""process_exit"": 12, ""process_exec"": 12, ""process_kprobe"": 10}"
1774277768,normal,sw-wk2,0.12162012042036352,0.4080122236546817,0.0,0.0,3663.567286542692,4756.34873025395,0,11,3,0,0,0,"{""process_exec"": 11, ""process_exit"": 9}"
1774277778,normal,sw-wk3,0.1219999999999547,0.41501021624213386,4.466666666666667,6.0,7441.533333333333,5103.7,0,0,0,0,0,0,{}
1774277778,normal,k3s-wk1,0.3127777777777939,0.710130146991091,194.33333333333334,179.2666666666667,14584.066666666666,17594.966666666667,0,15,2,0,12,0,"{""process_exit"": 15, ""process_exec"": 15, ""process_kprobe"": 12}"
1774277778,normal,sw-wk2,0.12162012042036352,0.4080122236546817,0.0,0.0,3663.567286542692,4756.34873025395,0,0,0,0,0,0,{}
1774277788,normal,sw-wk3,0.1219999999999547,0.41501021624213386,4.466666666666667,6.0,7441.533333333333,5103.7,0,0,0,0,0,0,{}
1774277788,normal,k3s-wk1,0.3127777777777939,0.710130146991091,194.33333333333334,179.26666666666665,14584.066666666666,17594.966666666667,0,15,2,0,15,0,"{""process_exit"": 15, ""process_exec"": 15, ""process_kprobe"": 15}"
1774277788,normal,sw-wk2,0.21739903536264749,0.41028028458196053,0.0,0.0,13940.654797626192,34149.06314596253,0,112,8,0,0,0,"{""process_exit"": 114, ""process_exec"": 112}"
1774277798,normal,sw-wk3,0.0902222222222514,0.41472969235880797,0.0,0.0,5557.533333333333,5364.0,0,0,0,0,0,0,{}
1774277798,normal,k3s-wk1,0.3127777777777939,0.710130146991091,194.33333333333334,179.26666666666665,14584.066666666666,17594.966666666667,0,60,3,0,54,0,"{""process_exit"": 60, ""process_exec"": 60, ""process_kprobe"": 54}"
1774277798,normal,sw-wk2,0.21739903536264749,0.41028028458196053,0.0,0.0,13940.654797626192,34149.06314596252,0,0,0,0,0,0,{}
1774277808,normal,sw-wk3,0.0902222222222514,0.41472969235880797,0.0,0.0,5557.533333333333,5364.0,0,0,0,0,0,0,{}
1774277808,normal,k3s-wk1,0.29022222222221095,0.7123685699622324,191.6,176.40000000000003,35171.96666666667,14989.633333333333,0,12,2,0,11,0,"{""process_exit"": 12, ""process_exec"": 12, ""process_kprobe"": 11}"
1774277808,normal,sw-wk2,0.21739903536264749,0.41028028458196053,0.0,0.0,13940.654797626192,34149.06314596252,0,5,3,0,0,0,"{""process_exit"": 3, ""process_exec"": 5}"
1774277818,normal,sw-wk3,0.0902222222222514,0.41472969235880797,0.0,0.0,5557.533333333333,5364.0,0,0,0,0,0,0,{}
1774277818,normal,k3s-wk1,0.29022222222221095,0.7123685699622324,191.6,176.4,35171.96666666667,14989.633333333333,0,81,3,0,73,0,"{""process_exit"": 81, ""process_exec"": 81, ""process_kprobe"": 73}"
1774277818,normal,sw-wk2,0.10363212262578325,0.41028824269047737,0.0,0.0,4960.679773408864,6830.423192269244,0,4,3,0,0,0,"{""process_exec"": 4, ""process_exit"": 6}"
1774277828,normal,sw-wk3,0.08877777777779561,0.4148052945401298,0.0,0.0,4841.0,4992.7,0,0,0,0,0,0,{}
1774277828,normal,k3s-wk1,0.29022222222221095,0.7123685699622324,191.6,176.4,35171.96666666667,14989.633333333333,0,36,3,0,34,0,"{""process_exit"": 36, ""process_exec"": 36, ""process_kprobe"": 34}"
1774277828,normal,sw-wk2,0.10363212262578325,0.41028824269047737,0.0,0.0,4960.679773408864,6830.423192269244,0,2,2,0,0,0,"{""process_exec"": 2}"
1774277838,normal,sw-wk3,0.08877777777779539,0.4148052945401298,0.0,0.0,4841.0,4992.7,0,0,0,0,0,0,{}
1774277838,normal,k3s-wk1,0.2977777777777697,0.7148372833625034,194.46666666666667,179.26666666666665,12289.133333333333,11591.466666666667,0,57,3,0,51,0,"{""process_exit"": 57, ""process_exec"": 57, ""process_kprobe"": 51}"
1774277838,normal,sw-wk2,0.10363212262578325,0.41028824269047737,0.0,0.0,4960.679773408864,6830.423192269244,0,0,0,0,0,0,{}
1774277848,normal,sw-wk3,0.08877777777779561,0.4148052945401298,0.0,0.0,4841.0,4992.7,0,0,0,0,0,0,{}
1774277848,normal,k3s-wk1,0.2977777777777697,0.7148372833625034,194.46666666666667,179.26666666666665,12289.133333333333,11591.466666666669,0,33,3,0,33,0,"{""process_exit"": 33, ""process_exec"": 33, ""process_kprobe"": 33}"
1774277848,normal,sw-wk2,0.16616649994446142,0.4081355743366917,0.0,0.0,6684.128042680894,28317.739246415473,0,104,5,0,0,0,"{""process_exit"": 106, ""process_exec"": 104}"
1774277858,normal,sw-wk3,0.0888888888888889,0.4146660273640106,0.0,0.0,3290.133333333334,5199.333333333333,0,0,0,0,0,0,{}
1774277858,normal,k3s-wk1,0.2977777777777697,0.7148372833625034,194.46666666666667,179.26666666666665,12289.133333333333,11591.466666666667,0,33,3,0,30,0,"{""process_exit"": 33, ""process_exec"": 33, ""process_kprobe"": 30}"
1774277858,normal,sw-wk2,0.16616649994446142,0.4081355743366917,0.0,0.0,6684.128042680894,28317.73924641547,0,1,1,0,0,0,"{""process_exit"": 1, ""process_exec"": 1}"
1774277868,normal,sw-wk3,0.0888888888888889,0.4146660273640106,0.0,0.0,3290.133333333333,5199.333333333333,0,0,0,0,0,0,{}
1774277868,normal,k3s-wk1,0.32466666666672006,0.7174849653248411,191.6,176.4,34347.0,16173.066666666666,0,36,3,0,31,0,"{""process_exit"": 36, ""process_exec"": 36, ""process_kprobe"": 31}"
1774277868,normal,sw-wk2,0.16616649994446142,0.4081355743366917,0.0,0.0,6684.128042680894,28317.739246415473,0,4,3,0,0,0,"{""process_exec"": 4, ""process_exit"": 4}"
1774277878,normal,sw-wk3,0.0888888888888889,0.4146660273640106,0.0,0.0,3290.133333333333,5199.333333333333,0,0,0,0,0,0,{}
1774277878,normal,k3s-wk1,0.32466666666672006,0.7174849653248411,191.6,176.4,34347.0,16173.066666666666,0,57,3,0,51,0,"{""process_exit"": 57, ""process_exec"": 57, ""process_kprobe"": 51}"
1774277878,normal,sw-wk2,0.14377777777772283,0.40584960766525013,0.0,0.0,7089.966666666666,6045.6,0,1,1,0,0,0,"{""process_exit"": 1, ""process_exec"": 1}"
1774277888,normal,sw-wk3,0.10988888888888237,0.41489283390797627,0.0,0.0,5384.566666666667,5364.266666666666,0,0,0,0,0,0,{}
1774277888,normal,k3s-wk1,0.32466666666672006,0.7174849653248411,191.6,176.4,34347.0,16173.066666666666,0,60,3,0,54,0,"{""process_exit"": 60, ""process_exec"": 60, ""process_kprobe"": 54}"
1774277888,normal,sw-wk2,0.14377777777772283,0.40584960766525013,0.0,0.0,7089.966666666666,6045.6,0,2,2,0,0,0,"{""process_exec"": 2}"
1774277898,normal,sw-wk3,0.10988888888888237,0.41489283390797627,0.0,0.0,5384.566666666667,5364.266666666666,0,0,0,0,0,0,{}
1774277898,normal,k3s-wk1,0.30327958758363016,0.7148662341593084,191.97104310628495,176.96610727212897,32968.90424481737,9214.741691345836,0,33,3,0,31,0,"{""process_exit"": 33, ""process_exec"": 33, ""process_kprobe"": 31}"
1774277898,normal,sw-wk2,0.14377777777772283,0.40584960766525013,0.0,0.0,7089.966666666666,6045.6,0,104,5,0,0,0,"{""process_exit"": 106, ""process_exec"": 104}"
1774277908,normal,sw-wk3,0.10988888888888237,0.41489283390797627,0.0,0.0,5384.566666666667,5364.266666666666,0,0,0,0,0,0,{}
1774277908,normal,k3s-wk1,0.30327958758363016,0.7148662341593084,191.97104310628495,176.96610727212897,32968.90424481737,9214.741691345835,0,36,3,0,35,0,"{""process_exit"": 36, ""process_exec"": 36, ""process_kprobe"": 35}"
1774277908,normal,sw-wk2,0.17672021151328676,0.4072442661828136,0.0,0.0,5191.36172765447,27781.243751249753,0,0,0,0,0,0,{}
1774277918,normal,sw-wk3,0.09177777777775997,0.4151574415426028,0.0,0.0,3149.366666666667,5154.533333333333,0,0,0,0,0,0,{}
1774277918,normal,k3s-wk1,0.30327958758363016,0.7148662341593084,191.97104310628495,176.96610727212897,32968.90424481737,9214.741691345836,0,33,3,0,32,0,"{""process_exit"": 33, ""process_exec"": 33, ""process_kprobe"": 32}"
1774277918,normal,sw-wk2,0.17672021151328676,0.4072442661828136,0.0,0.0,5191.36172765447,27781.243751249753,0,1,1,0,0,0,"{""process_exit"": 1, ""process_exec"": 1}"
1774277928,normal,sw-wk3,0.09177777777775997,0.4151574415426028,0.0,0.0,3149.366666666667,5154.533333333333,0,0,0,0,0,0,{}
1774277928,normal,k3s-wk1,0.2710795902284855,0.7147991209485334,196.99425869638637,181.62782843633906,9493.819655521784,1563.019250253293,0,33,3,0,29,0,"{""process_exit"": 33, ""process_exec"": 33, ""process_kprobe"": 29}"
1774277928,normal,sw-wk2,0.17672021151328676,0.4072442661828136,0.0,0.0,5191.36172765447,27781.243751249753,0,0,0,0,0,0,{}
1774277938,normal,sw-wk3,0.09177777777775997,0.4151574415426028,0.0,0.0,3149.366666666667,5154.533333333333,0,0,0,0,0,0,{}
1774277938,normal,k3s-wk1,0.2710795902284854,0.7147991209485334,196.99425869638637,181.6278284363391,9493.819655521784,1563.019250253293,0,57,3,0,51,0,"{""process_exit"": 57, ""process_exec"": 57, ""process_kprobe"": 51}"
1774277938,normal,sw-wk2,0.11504523126846466,0.4068384026484585,0.0,0.0,551.8770420750817,4386.243915449757,0,1,1,0,0,0,"{""process_exit"": 1, ""process_exec"": 1}"
1774277948,normal,sw-wk3,0.08605196218913391,0.4158875994516852,0.0,0.0,2140.257922623213,4964.977173514612,0,0,0,0,0,0,{}
1774277948,normal,k3s-wk1,0.2710795902284854,0.7147991209485334,196.99425869638637,181.6278284363391,9493.819655521784,1563.019250253293,0,57,3,0,52,0,"{""process_exit"": 57, ""process_exec"": 57, ""process_kprobe"": 52}"
1774277948,normal,sw-wk2,0.11504523126846466,0.4068384026484585,0.0,0.0,551.8770420750817,4386.243915449756,0,106,7,0,0,0,"{""process_exec"": 106, ""process_exit"": 106}"
1774277958,normal,sw-wk3,0.08605196218913391,0.4158875994516852,0.0,0.0,2140.257922623213,4964.977173514612,0,0,0,0,0,0,{}
1774277958,normal,k3s-wk1,0.30333333333336565,0.7157518653524759,198.93333333333334,185.26666666666665,33313.36666666667,9550.7,0,39,3,0,33,0,"{""process_exit"": 39, ""process_exec"": 39, ""process_kprobe"": 33}"
1774277958,normal,sw-wk2,0.11504523126846466,0.4068384026484585,0.0,0.0,551.8770420750817,4386.243915449756,0,1,1,0,0,0,"{""process_exit"": 1, ""process_exec"": 1}"
1774277968,normal,sw-wk3,0.08605196218913391,0.4158875994516852,0.0,0.0,2140.257922623213,4964.977173514612,0,0,0,0,0,0,{}
1774277968,normal,k3s-wk1,0.30333333333336565,0.7157518653524759,198.93333333333334,185.26666666666665,33313.36666666667,9550.7,0,33,3,0,33,0,"{""process_exit"": 33, ""process_exec"": 33, ""process_kprobe"": 33}"
1774277968,normal,sw-wk2,0.1807777777777827,0.40426196501615497,4.466666666666667,6.0,5150.866666666668,28153.399999999998,0,0,0,0,0,0,{}
1774277978,normal,sw-wk3,0.09325244714064462,0.4160049817858429,0.0,0.0,3250.5249825005826,5123.195893470217,0,0,0,0,0,0,{}
1774277978,normal,k3s-wk1,0.30333333333336565,0.7157518653524759,198.93333333333334,185.26666666666665,33313.36666666667,9550.7,0,36,3,0,32,0,"{""process_exit"": 36, ""process_exec"": 36, ""process_kprobe"": 32}"
1774277978,normal,sw-wk2,0.1807777777777827,0.40426196501615497,4.466666666666667,6.0,5150.866666666667,28153.400000000005,0,0,0,0,0,0,{}
1774277988,normal,sw-wk3,0.09325244714064462,0.4160049817858429,0.0,0.0,3250.5249825005826,5123.195893470217,0,0,0,0,0,0,{}
1774277988,normal,k3s-wk1,0.27255555555554256,0.7162374491716124,194.4,179.26666666666665,9072.266666666666,2433.3333333333335,0,33,3,0,31,0,"{""process_exit"": 33, ""process_exec"": 33, ""process_kprobe"": 31}"
1774277988,normal,sw-wk2,0.1807777777777827,0.40426196501615497,4.466666666666667,6.0,5150.866666666667,28153.399999999998,0,0,0,0,0,0,{}
1774277998,normal,sw-wk3,0.09325244714064462,0.4160049817858429,0.0,0.0,3250.5249825005826,5123.195893470217,0,0,0,0,0,0,{}
1774277998,normal,k3s-wk1,0.27255555555554256,0.7162374491716124,194.4,179.26666666666665,9072.266666666666,2433.3333333333335,0,56,3,0,49,0,"{""process_exit"": 57, ""process_exec"": 56, ""process_kprobe"": 49}"
1774277998,normal,sw-wk2,0.09866666666663759,0.4066613347339604,0.0,0.0,1045.8,4291.966666666666,0,1,1,0,0,0,"{""process_exit"": 1, ""process_exec"": 1}"
1774278008,normal,sw-wk3,0.08762932374225896,0.416233777860896,0.0,0.0,4254.562408418809,5214.1667776741715,0,0,0,0,0,0,{}
1774278008,normal,k3s-wk1,0.27255555555554256,0.7162374491716124,194.4,179.26666666666665,9072.266666666666,2433.3333333333335,0,64,3,0,60,0,"{""process_exec"": 64, ""process_kprobe"": 60, ""process_exit"": 64}"
1774278008,normal,sw-wk2,0.09866666666663759,0.4066613347339604,0.0,0.0,1045.8,4291.966666666666,0,2,2,0,0,0,"{""process_exec"": 2}"
1774278018,normal,sw-wk3,0.08762932374225896,0.416233777860896,0.0,0.0,4254.562408418809,5214.1667776741715,0,0,0,0,0,0,{}
1774278018,normal,k3s-wk1,0.37154281906033415,0.729237672882315,194.4018660446518,179.20693102299234,33209.696767744084,8632.089303565479,0,57,3,0,51,0,"{""process_exit"": 57, ""process_exec"": 57, ""process_kprobe"": 51}"
1774278018,normal,sw-wk2,0.09866666666663759,0.4066613347339604,0.0,0.0,1045.8,4291.966666666666,0,105,6,0,0,0,"{""process_exit"": 107, ""process_exec"": 105}"
1774278028,normal,sw-wk3,0.08762932374225896,0.416233777860896,0.0,0.0,4254.562408418809,5214.1667776741715,0,0,0,0,0,0,{}
1774278028,normal,k3s-wk1,0.37154281906033415,0.729237672882315,194.4018660446518,179.20693102299234,33209.696767744084,8632.089303565479,0,30,3,0,31,0,"{""process_exit"": 30, ""process_exec"": 30, ""process_kprobe"": 31}"
1774278028,normal,sw-wk2,0.1842222222222819,0.40391180824141715,0.0,0.0,6368.3,28164.166666666668,0,0,0,0,0,0,{}
1774278038,normal,sw-wk3,0.0897765319629582,0.4165620504903199,0.0,0.0,3684.5196382687623,5168.451963826876,0,0,0,0,0,0,{}
1774278038,normal,k3s-wk1,0.37154281906033415,0.729237672882315,194.4018660446518,179.20693102299234,33209.696767744084,8632.089303565479,0,36,3,0,32,0,"{""process_exit"": 36, ""process_exec"": 36, ""process_kprobe"": 32}"
1774278038,normal,sw-wk2,0.18422222222228202,0.40391180824141715,0.0,0.0,6368.3,28164.166666666668,0,0,0,0,0,0,{}
1774278048,normal,sw-wk3,0.0897765319629582,0.4165620504903199,0.0,0.0,3684.5196382687623,5168.451963826876,0,0,0,0,0,0,{}
1774278048,normal,k3s-wk1,0.3447815938646134,0.7388730244371045,194.53151050350112,189.19639879959985,9716.738912970988,8220.973657885963,0,25,7,0,16,2,"{""process_exit"": 25, ""process_exec"": 25, ""process_kprobe"": 16}"
1774278048,normal,sw-wk2,0.18422222222228202,0.40391180824141715,0.0,0.0,6368.3,28164.166666666668,0,0,0,0,0,0,{}
1774278058,normal,sw-wk3,0.0897765319629581,0.4165620504903199,0.0,0.0,3684.5196382687623,5168.451963826876,0,0,0,0,0,0,{}
1774278058,normal,k3s-wk1,0.3447815938646134,0.7388730244371045,194.53151050350118,189.19639879959988,9716.73891297099,8220.973657885963,0,9,2,0,7,0,"{""process_exit"": 9, ""process_exec"": 9, ""process_kprobe"": 7}"
1774278058,normal,sw-wk2,0.13514414264286867,0.40621369112989225,0.0,0.0,1002.1329778370272,4408.598566905515,0,1,1,0,0,0,"{""process_exit"": 1, ""process_exec"": 1}"
1774278068,normal,sw-wk3,0.10251708618104804,0.416814720938422,0.0,0.0,4162.22703783964,5171.795299216536,0,0,0,0,0,0,{}
1774278068,normal,k3s-wk1,0.3447815938646134,0.7388730244371045,194.53151050350118,189.19639879959988,9716.73891297099,8220.973657885963,0,63,7,0,55,2,"{""process_exit"": 65, ""process_exec"": 63, ""process_kprobe"": 55}"
1774278068,normal,sw-wk2,0.13514414264286867,0.40621369112989225,0.0,0.0,1002.1329778370272,4408.598566905515,0,2,2,0,0,0,"{""process_exec"": 2}"
1774278078,normal,sw-wk3,0.10251708618104804,0.416814720938422,0.0,0.0,4162.22703783964,5171.7952992165365,0,0,0,0,0,0,{}
1774278078,normal,k3s-wk1,0.29262629292624187,0.712240923267229,225.51078225510784,211.0122321101223,33161.7504916175,5869.946338699464,0,57,6,0,52,1,"{""process_exit"": 59, ""process_exec"": 57, ""process_kprobe"": 52}"
1774278078,normal,sw-wk2,0.13514414264286867,0.40621369112989225,0.0,0.0,1002.1329778370272,4408.598566905515,0,104,5,0,0,0,"{""process_exit"": 106, ""process_exec"": 104}"
1774278088,normal,sw-wk3,0.10251708618104804,0.416814720938422,0.0,0.0,4162.22703783964,5171.795299216536,0,0,0,0,0,0,{}
1774278088,normal,k3s-wk1,0.29262629292624187,0.712240923267229,225.51078225510784,211.0122321101223,33161.7504916175,5869.946338699464,0,19,6,0,17,3,"{""process_exit"": 21, ""process_exec"": 19, ""process_kprobe"": 17}"
1774278088,normal,sw-wk2,0.15897093960104147,0.4042599754890258,0.0,0.0,5306.75112518753,27770.22837139523,0,0,0,0,0,0,{}
1774278098,normal,sw-wk3,0.0888888888888889,0.41714498309893344,0.0,0.0,2947.1,5181.3,0,0,0,0,0,0,{}
1774278098,normal,k3s-wk1,0.29262629292624187,0.712240923267229,225.51078225510784,211.0122321101223,33161.7504916175,5869.946338699464,0,41,4,0,37,0,"{""process_exit"": 41, ""process_exec"": 41, ""process_kprobe"": 37}"
1774278098,normal,sw-wk2,0.15897093960104147,0.4042599754890258,0.0,0.0,5306.75112518753,27770.22837139523,0,1,1,0,0,0,"{""process_exit"": 1, ""process_exec"": 1}"
1774278108,normal,sw-wk3,0.0888888888888889,0.41714498309893344,0.0,0.0,2947.1,5181.3,0,0,0,0,0,0,{}
1774278108,normal,k3s-wk1,0.2818170705959775,0.709684041531234,408.2741607494082,301.3301330133013,9490.749074907491,5156.115611561156,0,37,6,0,32,2,"{""process_exit"": 39, ""process_exec"": 37, ""process_kprobe"": 32}"
1774278108,normal,sw-wk2,0.15897093960104147,0.4042599754890258,0.0,0.0,5306.75112518753,27770.22837139523,0,0,0,0,0,0,{}
1774278118,normal,sw-wk3,0.0888888888888889,0.41714498309893344,0.0,0.0,2947.1,5181.3,0,0,0,0,0,0,{}
1774278118,normal,k3s-wk1,0.2818170705959776,0.709684041531234,408.2741607494082,301.3301330133013,9490.74907490749,5156.115611561156,0,38,4,0,32,0,"{""process_exit"": 38, ""process_exec"": 38, ""process_kprobe"": 32}"
1774278118,normal,sw-wk2,0.10088888888886782,0.4068344235942001,0.0,0.0,456.3,4319.033333333334,0,0,0,0,0,0,{}
1774278128,normal,sw-wk3,0.08699999999997898,0.41726435496417846,0.0,0.0,2148.3,4968.200000000001,0,0,0,0,0,0,{}
1774278128,normal,k3s-wk1,0.2818170705959776,0.709684041531234,408.2741607494082,301.3301330133013,9490.74907490749,5156.115611561156,0,21,6,0,15,2,"{""process_exit"": 23, ""process_exec"": 21, ""process_kprobe"": 15}"
1774278128,normal,sw-wk2,0.10088888888886782,0.4068344235942001,0.0,0.0,456.3,4319.033333333333,0,2,2,0,0,0,"{""process_exec"": 2}"
1774278138,normal,sw-wk3,0.08699999999997898,0.41726435496417846,0.0,0.0,2148.3,4968.2,0,0,0,0,0,0,{}
1774278138,normal,k3s-wk1,0.2849999999999353,0.7005211143424879,252.46666666666667,230.93333333333337,9559.266666666666,4433.7,0,60,3,0,53,0,"{""process_exit"": 60, ""process_exec"": 60, ""process_kprobe"": 53}"
1774278138,normal,sw-wk2,0.10088888888886782,0.4068344235942001,0.0,0.0,456.3,4319.033333333333,0,67,3,0,0,0,"{""process_exit"": 67, ""process_exec"": 67}"
1774278148,normal,sw-wk3,0.08699999999997898,0.41726435496417846,0.0,0.0,2148.3,4968.2,0,0,0,0,0,0,{}
1774278148,normal,k3s-wk1,0.2849999999999353,0.7005211143424879,252.46666666666673,230.93333333333334,9559.266666666666,4433.7,0,18,6,0,16,2,"{""process_exit"": 20, ""process_exec"": 18, ""process_kprobe"": 16}"
1774278148,normal,sw-wk2,0.19455555555557813,0.4047553677441945,0.0,0.0,5170.233333333334,27690.733333333334,0,38,4,0,0,0,"{""process_exit"": 40, ""process_exec"": 38}"
1774278158,normal,sw-wk3,0.09399999999999031,0.41763440774643823,0.0,0.0,3788.133333333333,5044.933333333333,0,0,0,0,0,0,{}
1774278158,normal,k3s-wk1,0.2849999999999353,0.7005211143424879,252.46666666666667,230.93333333333334,9559.266666666666,4433.7,0,85,6,0,76,2,"{""process_exit"": 87, ""process_exec"": 85, ""process_kprobe"": 76}"
1774278158,normal,sw-wk2,0.19455555555557824,0.4047553677441945,0.0,0.0,5170.233333333334,27690.733333333334,0,0,0,0,0,0,{}
1774278168,normal,sw-wk3,0.09399999999999031,0.41763440774643823,0.0,0.0,3788.133333333333,5044.933333333333,0,0,0,0,0,0,{}
1774278168,normal,k3s-wk1,0.3070692930707043,0.7103025358266111,250.37496250374963,230.91024230910241,32407.52591407526,7433.723294337232,0,23,6,0,17,1,"{""process_exit"": 25, ""process_exec"": 23, ""process_kprobe"": 17}"
1774278168,normal,sw-wk2,0.19455555555557824,0.4047553677441945,0.0,0.0,5170.233333333334,27690.733333333334,0,0,0,0,0,0,{}
1774278178,normal,sw-wk3,0.09399999999999031,0.41763440774643823,0.0,0.0,3788.133333333333,5044.933333333333,0,0,0,0,0,0,{}
1774278178,normal,k3s-wk1,0.3070692930707043,0.7103025358266111,250.37496250374963,230.91024230910241,32407.52591407526,7433.723294337233,0,39,5,0,33,1,"{""process_exit"": 39, ""process_exec"": 39, ""process_kprobe"": 33}"
1774278178,normal,sw-wk2,0.1185555555555361,0.40624552356395927,0.0,0.0,609.0,4254.4,0,0,0,0,0,0,{}
1774278188,normal,sw-wk3,0.08400000000001462,0.41774582148733364,0.0,0.0,2364.6666666666665,5026.266666666666,0,0,0,0,0,0,{}
1774278188,normal,k3s-wk1,0.3070692930707043,0.7103025358266111,250.37496250374963,230.91024230910241,32407.52591407526,7433.723294337233,0,22,5,0,18,2,"{""process_kprobe"": 18, ""process_exit"": 26, ""process_exec"": 22}"
1774278188,normal,sw-wk2,0.1185555555555361,0.40624552356395927,0.0,0.0,609.0,4254.4,0,2,2,0,0,0,"{""process_exec"": 2}"
1774278198,normal,sw-wk3,0.08400000000001462,0.41774582148733364,0.0,0.0,2364.6666666666665,5026.266666666666,0,0,0,0,0,0,{}
1774278198,normal,k3s-wk1,0.3100421153226822,0.7080983274335119,234.49011567823447,221.12211221122112,32957.129046237955,8220.02200220022,0,33,3,0,29,0,"{""process_exit"": 33, ""process_exec"": 33, ""process_kprobe"": 29}"
1774278198,normal,sw-wk2,0.1185555555555361,0.40624552356395927,0.0,0.0,609.0,4254.4,0,104,5,0,0,0,"{""process_exit"": 106, ""process_exec"": 104}"
1774278208,normal,sw-wk3,0.08400000000001462,0.41774582148733364,0.0,0.0,2364.6666666666665,5026.266666666666,0,0,0,0,0,0,{}
1774278208,normal,k3s-wk1,0.3100421153226822,0.7080983274335119,234.49011567823447,221.12211221122112,32957.129046237955,8220.02200220022,0,39,3,0,37,0,"{""process_exit"": 39, ""process_exec"": 39, ""process_kprobe"": 37}"
1774278208,normal,sw-wk2,0.1594444444444688,0.40382824810199114,0.0,0.0,5798.933333333333,28188.066666666666,0,1,1,0,0,0,"{""process_exit"": 1, ""process_exec"": 1}"
1774278218,normal,sw-wk3,0.09833333333331717,0.4183426808135591,0.0,0.0,3855.7999999999997,5156.533333333333,0,0,0,0,0,0,{}
1774278218,normal,k3s-wk1,0.3100421153226822,0.7080983274335119,234.49011567823447,221.12211221122112,32957.129046237955,8220.02200220022,0,18,2,0,14,0,"{""process_exit"": 18, ""process_exec"": 18, ""process_kprobe"": 14}"
1774278218,normal,sw-wk2,0.1594444444444688,0.40382824810199114,0.0,0.0,5798.933333333333,28188.066666666666,0,1,1,0,0,0,"{""process_exit"": 1, ""process_exec"": 1}"
1774278229,transition,sw-wk3,0.09833333333331717,0.4183426808135591,0.0,0.0,3855.7999999999997,5156.533333333333,10,0,0,0,0,0,{}
1774278229,transition,k3s-wk1,0.0,0.708065428800779,186.22381135309243,164.7114446972607,8611.093052805769,3596.4067255695754,10,9,2,0,6,0,"{""process_exit"": 9, ""process_exec"": 9, ""process_kprobe"": 6}"
1774278229,transition,sw-wk2,0.1594444444444688,0.40382824810199114,0.0,0.0,5798.933333333333,28188.066666666666,10,0,0,0,0,0,{}
1774278238,normal,sw-wk3,0.09833333333331717,0.4183426808135591,0.0,0.0,3855.7999999999997,5156.533333333333,0,0,0,0,0,0,{}
1774278238,normal,k3s-wk1,0.33266353437152174,0.708065428800779,186.2238113530924,164.71144469726073,8611.093052805769,3596.4067255695754,0,39,3,0,34,0,"{""process_kprobe"": 34, ""process_exit"": 39, ""process_exec"": 39}"
1774278238,normal,sw-wk2,0.10833333333333339,0.4056068853554887,0.0,0.0,342.73333333333335,4289.300000000001,0,0,0,0,0,0,{}
1774278248,normal,sw-wk3,0.08477777777778917,0.41832875409594716,0.0,0.0,2210.2333333333336,4979.8,0,0,0,0,0,0,{}
1774278248,normal,k3s-wk1,0.33266353437152174,0.708065428800779,186.2238113530924,164.71144469726073,8611.093052805769,3596.4067255695754,0,39,3,0,34,0,"{""process_exit"": 39, ""process_exec"": 39, ""process_kprobe"": 34}"
1774278248,normal,sw-wk2,0.10833333333333339,0.4056068853554887,0.0,0.0,342.73333333333335,4289.3,0,2,2,0,0,0,"{""process_exec"": 2}"
1774278258,normal,sw-wk3,0.08477777777778917,0.41832875409594716,0.0,0.0,2210.233333333333,4979.8,0,0,0,0,0,0,{}
1774278258,normal,k3s-wk1,0.48819084997302686,0.7081351739021726,148.74816761598942,140.51711711711712,8021.9690578131185,3773.2875934987323,0,53,3,0,49,0,"{""process_exit"": 53, ""process_exec"": 53, ""process_kprobe"": 49}"
1774278258,normal,sw-wk2,0.10833333333333339,0.4056068853554887,0.0,0.0,342.73333333333335,4289.3,0,0,0,0,0,0,{}
1774278269,normal,sw-wk3,0.08477777777778917,0.41832875409594716,0.0,0.0,2210.233333333333,4979.8,0,0,0,0,0,0,{}
1774278269,normal,k3s-wk1,0.28845394191928664,0.7081351739021726,206.35345387820635,194.80867005619479,11112.427845101112,5223.326579762223,0,37,3,0,37,0,"{""process_kprobe"": 37, ""process_exit"": 37, ""process_exec"": 37}"
1774278269,normal,sw-wk2,0.1626666666667007,0.4026643747314138,0.0,0.0,5442.033333333333,28118.066666666666,0,105,6,0,0,0,"{""process_exit"": 107, ""process_exec"": 105}"
1774278279,normal,sw-wk3,0.09144444444443955,0.41857147688861207,4.466666666666668,6.0,3241.3,5106.366666666667,0,0,0,0,0,0,{}
1774278279,normal,k3s-wk1,0.28845394191928664,0.7081351739021726,206.35345387820635,194.80867005619479,11112.427845101112,5223.326579762223,0,12,2,0,12,0,"{""process_kprobe"": 12, ""process_exit"": 12, ""process_exec"": 12}"
1774278279,normal,sw-wk2,0.1626666666667007,0.4026643747314138,0.0,0.0,5442.033333333333,28118.066666666666,0,1,1,0,0,0,"{""process_exit"": 1, ""process_exec"": 1}"
1774278289,normal,sw-wk3,0.09144444444443955,0.41857147688861207,4.466666666666667,6.0,3241.3,5106.366666666667,0,0,0,0,0,0,{}
1774278289,normal,k3s-wk1,0.29000000000002424,0.7118724585806213,194.4666666666667,179.26666666666665,32809.933333333334,7791.7,0,18,2,0,13,0,"{""process_exit"": 18, ""process_exec"": 18, ""process_kprobe"": 13}"
1774278289,normal,sw-wk2,0.1626666666667007,0.4026643747314138,0.0,0.0,5442.033333333333,28118.066666666666,0,0,0,0,0,0,{}
1774278299,normal,sw-wk3,0.09144444444443955,0.41857147688861207,4.466666666666667,6.0,3241.3,5106.366666666667,0,0,0,0,0,0,{}
1774278299,normal,k3s-wk1,0.29000000000002424,0.7118724585806213,194.46666666666667,179.26666666666665,32809.933333333334,7791.7,0,60,3,0,53,0,"{""process_exit"": 60, ""process_exec"": 60, ""process_kprobe"": 53}"
1774278299,normal,sw-wk2,0.10511111111106108,0.4049204984959175,4.466666666666667,6.0,717.8666666666667,4279.533333333333,0,0,0,0,0,0,{}
1774278309,normal,sw-wk3,0.08920219089202674,0.4186789115673327,0.0,0.0,4369.9963336999635,5135.95307135953,0,0,0,0,0,0,{}
1774278309,normal,k3s-wk1,0.29000000000002424,0.7118724585806213,194.46666666666667,179.26666666666665,32809.933333333334,7791.7,0,57,3,0,52,0,"{""process_exit"": 57, ""process_exec"": 57, ""process_kprobe"": 52}"
1774278309,normal,sw-wk2,0.10511111111106108,0.4049204984959175,4.466666666666667,6.0,717.8666666666667,4279.533333333333,0,2,2,0,0,0,"{""process_exec"": 2}"
1774278319,normal,sw-wk3,0.08920219089202674,0.4186789115673327,0.0,0.0,4369.9963336999635,5135.95307135953,0,0,0,0,0,0,{}
1774278319,normal,k3s-wk1,0.2784444444443781,0.7130094353278678,191.6,176.4,33049.3,7390.133333333333,0,12,2,0,9,0,"{""process_exit"": 13, ""process_exec"": 12, ""process_kprobe"": 9}"
1774278319,normal,sw-wk2,0.10511111111106108,0.4049204984959175,4.466666666666667,6.0,717.8666666666667,4279.533333333333,0,105,6,0,0,0,"{""process_exit"": 107, ""process_exec"": 105}"
1774278329,normal,sw-wk3,0.08920219089202674,0.4186789115673327,0.0,0.0,4369.9963336999635,5135.95307135953,0,0,0,0,0,0,{}
1774278329,normal,k3s-wk1,0.2784444444443781,0.7130094353278678,191.6,176.4,33049.3,7390.133333333333,0,12,2,0,13,0,"{""process_exit"": 12, ""process_exec"": 12, ""process_kprobe"": 13}"
1774278329,normal,sw-wk2,0.1899698918996603,0.4013771506788266,0.0,0.0,5733.193347331933,28069.893010698932,0,0,0,0,0,0,{}
1774278339,normal,sw-wk3,0.09190919091911942,0.41889577045586124,0.0,0.0,3739.7073040637397,5162.216221622162,0,0,0,0,0,0,{}
1774278339,normal,k3s-wk1,0.2784444444443781,0.7130094353278678,191.6,176.4,33049.3,7390.133333333333,0,15,2,0,12,0,"{""process_exit"": 15, ""process_exec"": 15, ""process_kprobe"": 12}"
1774278339,normal,sw-wk2,0.18996989189966007,0.4013771506788266,0.0,0.0,5733.193347331933,28069.893010698932,0,0,0,0,0,0,{}
1774278349,normal,sw-wk3,0.09190919091911942,0.41889577045586124,0.0,0.0,3739.7073040637397,5162.216221622162,0,0,0,0,0,0,{}
1774278349,normal,k3s-wk1,0.2976666666667168,0.7104670289902751,194.4,179.26666666666665,9934.166666666666,10851.4,0,33,3,0,31,0,"{""process_exit"": 33, ""process_exec"": 33, ""process_kprobe"": 31}"
1774278349,normal,sw-wk2,0.18996989189966007,0.4013771506788266,0.0,0.0,5733.193347331933,28069.893010698932,0,0,0,0,0,0,{}
1774278359,normal,sw-wk3,0.09190919091911942,0.41889577045586124,0.0,0.0,3739.7073040637397,5162.216221622162,0,0,0,0,0,0,{}
1774278359,normal,k3s-wk1,0.2976666666667166,0.7104670289902751,194.4,179.26666666666665,9934.166666666666,10851.4,0,33,3,0,29,0,"{""process_exit"": 33, ""process_exec"": 33, ""process_kprobe"": 29}"
1774278359,normal,sw-wk2,0.1345801246791637,0.4008578840981075,0.0,0.0,2000.4667133380003,4217.555088842218,0,0,0,0,0,0,{}
1774278369,normal,sw-wk3,0.17011111111108523,0.41973933163692645,623.9666666666667,298.7,5345.8,5673.1,0,0,0,0,0,0,{}
1774278369,normal,k3s-wk1,0.2976666666667168,0.7104670289902751,194.4,179.26666666666665,9934.166666666666,10851.4,0,36,3,0,34,0,"{""process_exit"": 36, ""process_exec"": 36, ""process_kprobe"": 34}"
1774278369,normal,sw-wk2,0.1345801246791637,0.4008578840981075,0.0,0.0,2000.4667133380003,4217.555088842218,0,107,7,0,0,0,"{""process_exit"": 107, ""process_exec"": 107}"
1774278379,normal,sw-wk3,0.17011111111108523,0.41973933163692645,623.9666666666667,298.7,5345.8,5673.1,0,0,0,0,0,0,{}
1774278379,normal,k3s-wk1,0.2977777777777697,0.7114118777223619,194.46666666666667,179.2666666666667,33259.833333333336,9207.133333333333,0,18,2,0,13,0,"{""process_exit"": 18, ""process_exec"": 18, ""process_kprobe"": 13}"
1774278379,normal,sw-wk2,0.1345801246791637,0.4008578840981075,0.0,0.0,2000.4667133380003,4217.555088842218,0,0,0,0,0,0,{}
1774278389,normal,sw-wk3,0.17011111111108523,0.41973933163692645,623.9666666666667,298.7,5345.8,5673.1,0,0,0,0,0,0,{}
1774278389,normal,k3s-wk1,0.2977777777777697,0.7114118777223619,194.46666666666667,179.26666666666665,33259.833333333336,9207.133333333333,0,36,3,0,35,0,"{""process_exit"": 36, ""process_exec"": 36, ""process_kprobe"": 35}"
1774278389,normal,sw-wk2,0.1788888888889132,0.39805464037307614,0.0,0.0,5218.5,27903.46666666667,0,0,0,0,0,0,{}
1774278399,normal,sw-wk3,0.13622222222220448,0.42528415477756043,8.133333333333333,8.6,3126.4,5385.666666666667,0,0,0,0,0,0,{}
1774278399,normal,k3s-wk1,0.2977777777777697,0.7114118777223619,194.46666666666667,179.26666666666665,33259.833333333336,9207.133333333333,0,36,3,0,32,0,"{""process_exit"": 36, ""process_exec"": 36, ""process_kprobe"": 32}"
1774278399,normal,sw-wk2,0.1788888888889132,0.39805464037307614,0.0,0.0,5218.5,27903.466666666667,0,0,0,0,0,0,{}
1774278409,normal,sw-wk3,0.13622222222220448,0.42528415477756043,8.133333333333333,8.6,3126.4,5385.666666666667,0,0,0,0,0,0,{}
1774278409,normal,k3s-wk1,0.2636666666666214,0.7124251556105328,191.6,176.4,9411.533333333333,1780.5666666666666,0,54,3,0,49,0,"{""process_exit"": 54, ""process_exec"": 54, ""process_kprobe"": 49}"
1774278409,normal,sw-wk2,0.1788888888889132,0.39805464037307614,0.0,0.0,5218.5,27903.466666666667,0,0,0,0,0,0,{}
1774278419,normal,sw-wk3,0.13622222222220448,0.42528415477756043,8.133333333333333,8.6,3126.4,5385.666666666667,0,0,0,0,0,0,{}
1774278419,normal,k3s-wk1,0.2636666666666214,0.7124251556105328,191.6,176.4,9411.533333333333,1780.5666666666666,0,60,3,0,53,0,"{""process_exit"": 60, ""process_exec"": 60, ""process_kprobe"": 53}"
1774278419,normal,sw-wk2,0.09677777777776819,0.4006171513154754,0.0,0.0,408.1333333333333,4071.9333333333334,0,0,0,0,0,0,{}
1774278429,normal,sw-wk3,0.13266666666669258,0.42565022849764544,0.0,0.0,2216.8,5231.966666666666,0,0,0,0,0,0,{}
1774278429,normal,k3s-wk1,0.2636666666666214,0.7124251556105328,191.6,176.4,9411.533333333333,1780.5666666666666,0,12,2,0,10,0,"{""process_exit"": 12, ""process_exec"": 12, ""process_kprobe"": 10}"
1774278429,normal,sw-wk2,0.09677777777776819,0.4006171513154754,0.0,0.0,408.1333333333333,4071.9333333333334,0,3,2,0,0,0,"{""process_exit"": 1, ""process_exec"": 3}"
1774278439,normal,sw-wk3,0.13266666666669258,0.42565022849764544,0.0,0.0,2216.8,5231.966666666666,0,0,0,0,0,0,{}
1774278439,normal,k3s-wk1,0.2741111111111726,0.7127962521877591,194.46666666666667,179.26666666666665,10127.633333333333,4373.266666666666,0,12,2,0,11,0,"{""process_exit"": 12, ""process_exec"": 12, ""process_kprobe"": 11}"
1774278439,normal,sw-wk2,0.09677777777776819,0.4006171513154754,0.0,0.0,408.1333333333333,4071.9333333333334,0,0,0,0,0,0,{}
1774278449,normal,sw-wk3,0.13266666666669258,0.42565022849764544,0.0,0.0,2216.8,5231.966666666666,0,0,0,0,0,0,{}
1774278449,normal,k3s-wk1,0.2741111111111726,0.7127962521877591,194.46666666666667,179.26666666666665,10127.633333333333,4373.266666666666,0,15,2,0,15,0,"{""process_exit"": 15, ""process_exec"": 15, ""process_kprobe"": 15}"
1774278449,normal,sw-wk2,0.238777777777755,0.4052487704722342,0.0,0.0,5313.7333333333345,27993.399999999998,0,104,5,0,0,0,"{""process_exit"": 106, ""process_exec"": 104}"
1774278459,normal,sw-wk3,0.1381111111111144,0.4243331589177747,0.0,0.0,4379.600000000001,5499.8,0,0,0,0,0,0,{}
1774278459,normal,k3s-wk1,0.2741111111111726,0.7127962521877591,194.46666666666667,179.26666666666665,10127.633333333333,4373.266666666666,0,39,3,0,37,0,"{""process_kprobe"": 37, ""process_exit"": 39, ""process_exec"": 39}"
1774278459,normal,sw-wk2,0.23877777777775522,0.4052487704722342,0.0,0.0,5313.733333333334,27993.399999999998,0,0,0,0,0,0,{}
1774278469,normal,sw-wk3,0.1381111111111144,0.4243331589177747,0.0,0.0,4379.6,5499.8,0,0,0,0,0,0,{}
1774278469,normal,k3s-wk1,0.28866666666662144,0.7142740587701175,191.56666666666666,176.4,32816.3,8130.633333333333,0,21,2,0,15,0,"{""process_exit"": 21, ""process_exec"": 21, ""process_kprobe"": 15}"
1774278469,normal,sw-wk2,0.23877777777775522,0.4052487704722342,0.0,0.0,5313.733333333334,27993.399999999998,0,0,0,0,0,0,{}
1774278479,normal,sw-wk3,0.1381111111111144,0.4243331589177747,0.0,0.0,4379.6,5499.8,0,0,0,0,0,0,{}
1774278479,normal,k3s-wk1,0.28866666666662144,0.7142740587701175,191.56666666666666,176.4,32816.3,8130.633333333333,0,36,3,0,31,0,"{""process_exit"": 36, ""process_exec"": 36, ""process_kprobe"": 31}"
1774278479,normal,sw-wk2,0.12033333333335272,0.40260667844466724,0.0,0.0,814.6333333333333,4313.633333333333,0,1,1,0,0,0,"{""process_exit"": 1, ""process_exec"": 1}"
1774278489,normal,sw-wk3,0.13533751055416932,0.42374226818481153,0.0,0.0,4476.103186241835,5559.458738834822,0,0,0,0,0,0,{}
1774278489,normal,k3s-wk1,0.28866666666662144,0.7142740587701175,191.56666666666666,176.4,32816.3,8130.633333333333,0,39,3,0,34,0,"{""process_exit"": 39, ""process_exec"": 39, ""process_kprobe"": 34}"
1774278489,normal,sw-wk2,0.12033333333335272,0.40260667844466724,0.0,0.0,814.6333333333333,4313.633333333333,0,106,7,0,0,0,"{""process_exec"": 106, ""process_exit"": 106}"
1774278499,normal,sw-wk3,0.13533751055416932,0.42374226818481153,0.0,0.0,4476.103186241835,5559.458738834822,0,0,0,0,0,0,{}
1774278499,normal,k3s-wk1,0.3023333333333236,0.7142411601373847,194.46666666666667,179.26666666666665,33453.26666666666,11780.066666666666,0,14,2,0,11,0,"{""process_exit"": 15, ""process_exec"": 14, ""process_kprobe"": 11}"
1774278499,normal,sw-wk2,0.12033333333335272,0.40260667844466724,0.0,0.0,814.6333333333333,4313.633333333333,0,0,0,0,0,0,{}
1774278509,normal,sw-wk3,0.13533751055416932,0.42374226818481153,0.0,0.0,4476.103186241835,5559.458738834822,0,0,0,0,0,0,{}
1774278509,normal,k3s-wk1,0.3023333333333236,0.7142411601373847,194.46666666666667,179.26666666666665,33453.26666666666,11780.066666666666,0,34,3,0,33,0,"{""process_exec"": 34, ""process_exit"": 33, ""process_kprobe"": 33}"
1774278509,normal,sw-wk2,0.17377777777781178,0.4006668894937051,0.0,0.0,5264.3,27965.966666666667,0,1,1,0,0,0,"{""process_exit"": 1, ""process_exec"": 1}"
1774278519,normal,sw-wk3,0.09399030981905954,0.42506331682685705,0.0,0.0,3028.6038138418453,5192.7923723163085,0,0,0,0,0,0,{}
1774278519,normal,k3s-wk1,0.3023333333333236,0.7142411601373847,194.46666666666667,179.26666666666665,33453.26666666666,11780.066666666666,0,12,2,0,10,0,"{""process_exit"": 12, ""process_exec"": 12, ""process_kprobe"": 10}"
1774278519,normal,sw-wk2,0.17377777777781178,0.4006668894937051,0.0,0.0,5264.3,27965.966666666667,0,0,0,0,0,0,{}
1774278529,normal,sw-wk3,0.09399030981905954,0.42506331682685705,0.0,0.0,3028.6038138418453,5192.7923723163085,0,0,0,0,0,0,{}
1774278529,normal,k3s-wk1,0.26088888888888395,0.7143938097932649,198.93333333333334,185.26666666666665,9575.933333333332,1735.4333333333334,0,12,2,0,11,0,"{""process_exit"": 12, ""process_exec"": 12, ""process_kprobe"": 11}"
1774278529,normal,sw-wk2,0.17377777777781178,0.4006668894937051,0.0,0.0,5264.3,27965.966666666667,0,1,1,0,0,0,"{""process_exit"": 1, ""process_exec"": 1}"
1774278539,normal,sw-wk3,0.09399030981905954,0.42506331682685705,0.0,0.0,3028.6038138418453,5192.7923723163085,0,0,0,0,0,0,{}
1774278539,normal,k3s-wk1,0.26088888888888395,0.7143938097932649,198.93333333333334,185.26666666666665,9575.933333333332,1735.4333333333334,0,99,3,0,92,0,"{""process_exit"": 99, ""process_exec"": 99, ""process_kprobe"": 92}"
1774278539,normal,sw-wk2,0.11022222222216238,0.4028812331884958,0.0,0.0,519.9666666666667,4340.8,0,0,0,0,0,0,{}
1774278549,normal,sw-wk3,0.08431379084311685,0.42452813296434166,0.0,0.0,2332.1001233210013,4996.16704996167,0,0,0,0,0,0,{}
1774278549,normal,k3s-wk1,0.26088888888888395,0.7143938097932649,198.93333333333334,185.26666666666665,9575.933333333332,1735.4333333333334,0,33,3,0,31,0,"{""process_exit"": 33, ""process_exec"": 33, ""process_kprobe"": 31}"
1774278549,normal,sw-wk2,0.11022222222216238,0.4028812331884958,0.0,0.0,519.9666666666667,4340.8,0,107,7,0,0,0,"{""process_exec"": 107, ""process_exit"": 107}"
1774278559,normal,sw-wk3,0.08431379084311685,0.42452813296434166,0.0,0.0,2332.1001233210013,4996.16704996167,0,0,0,0,0,0,{}
1774278559,normal,k3s-wk1,0.29322222222221583,0.713729257412062,194.46666666666667,179.26666666666665,33028.333333333336,9349.266666666666,0,36,3,0,31,0,"{""process_exit"": 36, ""process_exec"": 36, ""process_kprobe"": 31}"
1774278559,normal,sw-wk2,0.11022222222216238,0.4028812331884958,0.0,0.0,519.9666666666667,4340.8,0,0,0,0,0,0,{}
1774278569,normal,sw-wk3,0.08431379084311685,0.42452813296434166,0.0,0.0,2332.1001233210013,4996.16704996167,0,0,0,0,0,0,{}
1774278569,normal,k3s-wk1,0.29322222222221583,0.713729257412062,194.46666666666667,179.26666666666665,33028.333333333336,9349.266666666666,0,33,3,0,33,0,"{""process_exit"": 33, ""process_exec"": 33, ""process_kprobe"": 33}"
1774278569,normal,sw-wk2,0.17211111111108846,0.40475934679845293,0.0,0.0,5246.0,27969.5,0,0,0,0,0,0,{}
1774278579,normal,sw-wk3,0.08768654643243723,0.4245042585912926,0.0,0.0,3075.7075707570757,5070.5070507050705,0,0,0,0,0,0,{}
1774278579,normal,k3s-wk1,0.29322222222221583,0.713729257412062,194.46666666666667,179.26666666666665,33028.333333333336,9349.266666666666,0,12,2,0,10,0,"{""process_exit"": 12, ""process_exec"": 12, ""process_kprobe"": 10}"
1774278579,normal,sw-wk2,0.17211111111108846,0.40475934679845293,0.0,0.0,5246.0,27969.5,0,0,0,0,0,0,{}
1774278589,normal,sw-wk3,0.08768654643243723,0.4245042585912926,0.0,0.0,3075.7075707570757,5070.5070507050705,0,0,0,0,0,0,{}
1774278589,normal,k3s-wk1,0.25822222222224,0.7134068508112803,194.43333333333334,179.26666666666665,9450.766666666666,1804.2666666666667,0,15,2,0,11,0,"{""process_exit"": 15, ""process_exec"": 15, ""process_kprobe"": 11}"
1774278589,normal,sw-wk2,0.17211111111108846,0.40475934679845293,0.0,0.0,5246.0,27969.5,0,1,1,0,0,0,"{""process_exit"": 1, ""process_exec"": 1}"
1774278599,normal,sw-wk3,0.08768654643243723,0.4245042585912926,0.0,0.0,3075.7075707570757,5070.5070507050705,0,0,0,0,0,0,{}
1774278599,normal,k3s-wk1,0.25822222222224,0.7134068508112803,194.43333333333334,179.26666666666665,9450.766666666666,1804.2666666666667,0,36,3,0,31,0,"{""process_exit"": 36, ""process_exec"": 36, ""process_kprobe"": 31}"
1774278599,normal,sw-wk2,0.10055555555558793,0.4036292953890719,4.466666666666667,6.0,871.0000000000001,4349.066666666667,0,0,0,0,0,0,{}
1774278609,normal,sw-wk3,0.08537465977890635,0.4244982899980304,0.0,0.0,3262.2896183969333,5252.624562572904,0,0,0,0,0,0,{}
1774278609,normal,k3s-wk1,0.25822222222224,0.7134068508112803,194.43333333333334,179.26666666666665,9450.766666666666,1804.2666666666667,0,36,3,0,32,0,"{""process_exit"": 36, ""process_exec"": 36, ""process_kprobe"": 32}"
1774278609,normal,sw-wk2,0.10055555555558793,0.4036292953890719,4.466666666666667,6.0,871.0,4349.066666666667,0,106,7,0,0,0,"{""process_exec"": 106, ""process_exit"": 106}"
1774278619,normal,sw-wk3,0.08537465977890635,0.4244982899980304,0.0,0.0,3262.2896183969337,5252.624562572904,0,0,0,0,0,0,{}
1774278619,normal,k3s-wk1,0.2890000000000631,0.7132620968272558,194.46666666666667,179.26666666666665,33085.96666666667,12049.400000000001,0,18,2,0,15,0,"{""process_exit"": 19, ""process_exec"": 18, ""process_kprobe"": 15}"
1774278619,normal,sw-wk2,0.10055555555558793,0.4036292953890719,4.466666666666667,6.0,871.0,4349.066666666667,0,1,1,0,0,0,"{""process_exit"": 1, ""process_exec"": 1}"
1774278629,normal,sw-wk3,0.08537465977890635,0.4244982899980304,0.0,0.0,3262.2896183969337,5252.624562572904,0,0,0,0,0,0,{}
1774278629,normal,k3s-wk1,0.2890000000000631,0.7132620968272558,194.46666666666667,179.26666666666665,33085.96666666667,12049.4,0,36,3,0,36,0,"{""process_exit"": 36, ""process_exec"": 36, ""process_kprobe"": 36}"
1774278629,normal,sw-wk2,0.17797109177973347,0.40068280571073867,0.0,0.0,5837.049628370496,27944.572209445723,0,0,0,0,0,0,{}
1774278639,normal,sw-wk3,0.1220759015391859,0.4253020605573472,602.6337722953825,296.38273045507583,7946.324387397899,5692.982163693949,0,0,0,0,0,0,{}
1774278639,normal,k3s-wk1,0.2890000000000631,0.7132620968272558,194.46666666666667,179.26666666666665,33085.96666666667,12049.4,0,33,3,0,31,0,"{""process_kprobe"": 31, ""process_exit"": 33, ""process_exec"": 33}"
1774278639,normal,sw-wk2,0.17797109177973347,0.40068280571073867,0.0,0.0,5837.049628370496,27944.572209445723,0,0,0,0,0,0,{}
1774278649,normal,sw-wk3,0.1220759015391859,0.4253020605573472,602.6337722953826,296.38273045507583,7946.324387397899,5692.982163693949,0,0,0,0,0,0,{}
1774278649,normal,k3s-wk1,0.29666666666663444,0.7107407456146122,194.43333333333334,179.26666666666665,10172.8,7063.466666666666,0,18,2,0,13,0,"{""process_exit"": 18, ""process_exec"": 18, ""process_kprobe"": 13}"
1774278649,normal,sw-wk2,0.17797109177973347,0.40068280571073867,0.0,0.0,5837.049628370496,27944.572209445723,0,0,0,0,0,0,{}
1774278659,normal,sw-wk3,0.1220759015391859,0.4253020605573472,602.6337722953825,296.38273045507583,7946.324387397899,5692.982163693949,0,0,0,0,0,0,{}
1774278659,normal,k3s-wk1,0.29666666666663444,0.7107407456146122,194.43333333333334,179.26666666666665,10172.8,7063.466666666666,0,54,3,0,49,0,"{""process_exit"": 54, ""process_exec"": 54, ""process_kprobe"": 49}"
1774278659,normal,sw-wk2,0.11313353557580574,0.399857151952124,0.0,0.0,1646.5313197986463,4263.926392639264,0,0,0,0,0,0,{}
1774278669,normal,sw-wk3,0.10200000000000331,0.4251687619744903,89.8,90.26666666666667,2307.8333333333335,5380.366666666667,0,0,0,0,0,0,{}
1774278669,normal,k3s-wk1,0.29666666666663444,0.7107407456146122,194.43333333333334,179.26666666666665,10172.8,7063.466666666666,0,36,3,0,32,0,"{""process_exit"": 36, ""process_exec"": 36, ""process_kprobe"": 32}"
1774278669,normal,sw-wk2,0.11313353557580574,0.399857151952124,0.0,0.0,1646.5313197986463,4263.926392639264,0,3,2,0,0,0,"{""process_exec"": 3, ""process_exit"": 1}"
1774278679,normal,sw-wk3,0.10200000000000331,0.4251687619744903,89.8,90.26666666666667,2307.8333333333335,5380.366666666667,0,0,0,0,0,0,{}
1774278679,normal,k3s-wk1,0.27577777777773405,0.7139266492084588,194.4666666666667,179.26666666666665,10305.2,4393.733333333334,0,27,3,0,23,0,"{""process_exit"": 27, ""process_exec"": 27, ""process_kprobe"": 23}"
1774278679,normal,sw-wk2,0.11313353557580574,0.399857151952124,0.0,0.0,1646.5313197986463,4263.926392639264,0,104,5,0,0,0,"{""process_exit"": 106, ""process_exec"": 104}"
1774278689,normal,sw-wk3,0.10200000000000331,0.4251687619744903,89.8,90.26666666666667,2307.8333333333335,5380.366666666667,0,0,0,0,0,0,{}
1774278689,normal,k3s-wk1,0.27577777777773405,0.7139266492084588,194.46666666666667,179.26666666666665,10305.2,4393.733333333334,0,36,3,0,37,0,"{""process_kprobe"": 37, ""process_exit"": 36, ""process_exec"": 36}"
1774278689,normal,sw-wk2,0.17363819173633022,0.4030443744130895,0.0,0.0,5125.454121254541,28037.129620371295,0,0,0,0,0,0,{}
1774278699,normal,sw-wk3,0.09322222222221577,0.42521452118950087,83.8,83.66666666666667,2905.8333333333335,5255.866666666667,0,0,0,0,0,0,{}
1774278699,normal,k3s-wk1,0.27577777777773405,0.7139266492084588,194.46666666666667,179.26666666666665,10305.2,4393.733333333334,0,33,3,0,30,0,"{""process_exit"": 33, ""process_exec"": 33, ""process_kprobe"": 30}"
1774278699,normal,sw-wk2,0.17363819173633022,0.4030443744130895,0.0,0.0,5125.454121254541,28037.129620371295,0,0,0,0,0,0,{}
1774278709,normal,sw-wk3,0.09322222222221577,0.42521452118950087,83.8,83.66666666666667,2905.8333333333335,5255.866666666667,0,0,0,0,0,0,{}
1774278709,normal,k3s-wk1,0.2864444444444719,0.7169414799120948,397.3,271.7,32506.366666666665,6298.366666666667,0,33,3,0,32,0,"{""process_exit"": 33, ""process_exec"": 33, ""process_kprobe"": 32}"
1774278709,normal,sw-wk2,0.17363819173633022,0.4030443744130895,0.0,0.0,5125.454121254541,28037.129620371295,0,0,0,0,0,0,{}
1774278719,normal,sw-wk3,0.09322222222221577,0.42521452118950087,83.8,83.66666666666667,2905.8333333333335,5255.866666666667,0,0,0,0,0,0,{}
1774278719,normal,k3s-wk1,0.2864444444444719,0.7169414799120948,397.3,271.7,32506.366666666665,6298.366666666667,0,78,3,0,71,0,"{""process_exit"": 78, ""process_exec"": 78, ""process_kprobe"": 71}"
1774278719,normal,sw-wk2,0.09390939093912476,0.4054576708207993,0.0,0.0,438.6105277194386,4086.241957529086,0,1,1,0,0,0,"{""process_exit"": 1, ""process_exec"": 1}"
1774278729,normal,sw-wk3,0.08633333333333815,0.4251170341662174,81.66666666666667,81.66666666666669,2002.2666666666667,5432.1,0,0,0,0,0,0,{}
1774278729,normal,k3s-wk1,0.2864444444444719,0.7169414799120948,397.3,271.7,32506.366666666665,6298.366666666667,0,36,3,0,34,0,"{""process_exit"": 36, ""process_exec"": 36, ""process_kprobe"": 34}"
1774278729,normal,sw-wk2,0.09390939093912476,0.4054576708207993,0.0,0.0,438.6105277194386,4086.241957529086,0,2,2,0,0,0,"{""process_exec"": 2}"
1774278739,normal,sw-wk3,0.08633333333333815,0.4251170341662174,81.66666666666667,81.66666666666667,2002.2666666666667,5432.1,0,0,0,0,0,0,{}
1774278739,normal,k3s-wk1,0.279777777777781,0.7167901462015238,196.46666666666667,181.26666666666665,10321.100000000002,4600.333333333333,0,33,3,0,29,0,"{""process_exit"": 33, ""process_exec"": 33, ""process_kprobe"": 29}"
1774278739,normal,sw-wk2,0.09390939093912476,0.4054576708207993,0.0,0.0,438.6105277194386,4086.241957529086,0,105,6,0,0,0,"{""process_exit"": 107, ""process_exec"": 105}"
1774278749,normal,sw-wk3,0.08633333333333815,0.4251170341662174,81.66666666666667,81.66666666666667,2002.2666666666667,5432.1,0,0,0,0,0,0,{}
1774278749,normal,k3s-wk1,0.279777777777781,0.7167901462015238,196.46666666666667,181.26666666666665,10321.1,4600.333333333333,0,15,2,0,15,0,"{""process_exit"": 15, ""process_exec"": 15, ""process_kprobe"": 15}"
1774278749,normal,sw-wk2,0.25066666666664084,0.399857151952124,0.0,0.0,5452.6,28221.733333333334,0,0,0,0,0,0,{}
1774278759,normal,sw-wk3,0.11555555555553132,0.42277734560741376,80.53333333333333,80.4,4883.9,5619.733333333334,0,0,0,0,0,0,{}
1774278759,normal,k3s-wk1,0.279777777777781,0.7167901462015238,196.46666666666667,181.26666666666665,10321.1,4600.333333333333,0,12,2,0,10,0,"{""process_exit"": 12, ""process_exec"": 12, ""process_kprobe"": 10}"
1774278759,normal,sw-wk2,0.25066666666664084,0.399857151952124,0.0,0.0,5452.6,28221.733333333334,0,0,0,0,0,0,{}
1774278769,normal,sw-wk3,0.11555555555553132,0.42277734560741376,80.53333333333333,80.4,4883.9,5619.733333333334,0,0,0,0,0,0,{}
1774278769,normal,k3s-wk1,0.30333333333336565,0.7161348054374861,196.46666666666667,181.26666666666665,33055.40000000001,8300.466666666667,0,60,3,0,53,0,"{""process_exit"": 60, ""process_exec"": 60, ""process_kprobe"": 53}"
1774278769,normal,sw-wk2,0.25066666666664084,0.399857151952124,0.0,0.0,5452.6,28221.733333333334,0,0,0,0,0,0,{}
1774278779,normal,sw-wk3,0.11555555555553132,0.42277734560741376,80.53333333333333,80.4,4883.9,5619.733333333334,0,0,0,0,0,0,{}
1774278779,normal,k3s-wk1,0.30333333333336565,0.7161348054374861,196.46666666666667,181.26666666666665,33055.4,8300.466666666667,0,33,3,0,29,0,"{""process_exit"": 33, ""process_exec"": 33, ""process_kprobe"": 29}"
1774278779,normal,sw-wk2,0.08333333333333337,0.4006350570596381,0.0,0.0,457.0,4086.7999999999997,0,1,1,0,0,0,"{""process_exit"": 1, ""process_exec"": 1}"
1774278789,normal,sw-wk3,0.11800648802382552,0.41937325791684155,52.25969870683909,52.25969870683909,4518.364218104253,5492.367684308759,0,0,0,0,0,0,{}
1774278789,normal,k3s-wk1,0.30333333333336565,0.7161348054374861,196.46666666666667,181.26666666666665,33055.4,8300.466666666667,0,39,3,0,34,0,"{""process_exit"": 39, ""process_exec"": 39, ""process_kprobe"": 34}"
1774278789,normal,sw-wk2,0.08333333333333337,0.4006350570596381,0.0,0.0,457.0,4086.7999999999997,0,2,2,0,0,0,"{""process_exec"": 2}"
1774278799,normal,sw-wk3,0.11800648802382552,0.41937325791684155,52.25969870683909,52.25969870683909,4518.364218104253,5492.367684308759,0,0,0,0,0,0,{}
1774278799,normal,k3s-wk1,0.29855555555554425,0.7100590859443882,202.6,187.86666666666667,10219.466666666667,7001.633333333333,0,36,3,0,34,0,"{""process_exit"": 36, ""process_exec"": 36, ""process_kprobe"": 34}"
1774278799,normal,sw-wk2,0.08333333333333337,0.4006350570596381,0.0,0.0,457.0,4086.7999999999997,0,104,5,0,0,0,"{""process_exit"": 106, ""process_exec"": 104}"
1774278809,transition,sw-wk3,0.11800648802382552,0.41937325791684155,52.25969870683909,52.25969870683909,4518.364218104253,5492.367684308759,10,0,0,0,0,0,{}
1774278809,transition,k3s-wk1,0.29855555555554425,0.7100590859443882,202.6,187.86666666666667,10219.466666666667,7001.633333333333,10,60,3,0,57,0,"{""process_exit"": 60, ""process_exec"": 60, ""process_kprobe"": 57}"
1774278809,transition,sw-wk2,0.0,0.4006350570596381,0.0,0.0,0.0,0.0,10,0,0,0,0,0,{}
1774278819,transition,sw-wk3,0.09163638787955541,0.41967964570430394,9.600320010667021,11.000366678889298,2892.6297543251444,4960.632021067368,20,0,0,0,0,0,{}
1774278819,transition,k3s-wk1,0.29855555555554425,0.7100590859443882,202.6,187.86666666666667,10219.466666666667,7001.633333333333,20,57,3,0,54,0,"{""process_kprobe"": 54, ""process_exit"": 57, ""process_exec"": 57}"
1774278819,transition,sw-wk2,0.0,0.0,0.0,0.0,0.0,0.0,20,0,0,0,0,0,{}
1774278829,transition,sw-wk3,0.09163638787955541,0.41967964570430394,9.600320010667023,11.000366678889298,2892.6297543251444,4960.632021067369,30,0,0,0,0,0,{}
1774278829,transition,k3s-wk1,0.2798888888888743,0.7094537511021042,194.46666666666667,179.26666666666665,28093.13333333334,6346.066666666667,30,42,3,0,35,0,"{""process_exit"": 42, ""process_exec"": 42, ""process_kprobe"": 35}"
1774278829,transition,sw-wk2,0.0,0.0,0.0,0.0,0.0,0.0,30,0,0,0,0,0,{}
1774278839,transition,sw-wk3,0.09163638787955541,0.41967964570430394,9.600320010667023,11.000366678889298,2892.6297543251444,4960.632021067369,40,0,0,0,0,0,{}
1774278839,transition,k3s-wk1,0.2798888888888743,0.7094537511021042,194.46666666666667,179.26666666666665,28093.13333333333,6346.066666666667,40,57,3,0,52,0,"{""process_exit"": 57, ""process_exec"": 57, ""process_kprobe"": 52}"
1774278839,transition,sw-wk2,0.0,0.0,0.0,0.0,0.0,0.0,40,0,0,0,0,0,{}
1774278849,transition,sw-wk3,0.07290729072906965,0.4197950385073742,0.0,0.0,1978.164483114978,4948.294829482948,50,0,0,0,0,0,{}
1774278849,transition,k3s-wk1,0.2798888888888743,0.7094537511021042,194.46666666666667,179.26666666666665,28093.13333333333,6346.066666666667,50,39,3,0,34,0,"{""process_exit"": 39, ""process_exec"": 39, ""process_kprobe"": 34}"
1774278849,transition,sw-wk2,0.0,0.0,0.0,0.0,0.0,0.0,50,0,0,0,0,0,{}
1774278859,transition,sw-wk3,0.07290729072906965,0.4197950385073742,0.0,0.0,1978.164483114978,4948.294829482948,60,0,0,0,0,0,{}
1774278859,transition,k3s-wk1,0.28000000000000813,0.7036912265926227,194.46666666666667,179.26666666666665,5137.1,7529.133333333335,60,33,3,0,29,0,"{""process_exit"": 33, ""process_exec"": 33, ""process_kprobe"": 29}"
1774278859,transition,sw-wk2,0.0,0.0,0.0,0.0,0.0,0.0,60,0,0,0,0,0,{}
1774278869,transition,sw-wk3,0.07290729072906965,0.4197950385073742,0.0,0.0,1978.164483114978,4948.294829482948,70,0,0,0,0,0,{}
1774278869,transition,k3s-wk1,0.28000000000000813,0.7036912265926227,194.46666666666667,179.26666666666665,5137.1,7529.133333333333,70,36,3,0,38,0,"{""process_kprobe"": 38, ""process_exit"": 36, ""process_exec"": 36}"
1774278869,transition,sw-wk2,0.0,0.0,0.0,0.0,0.0,0.0,70,0,0,0,0,0,{}
1774278879,transition,sw-wk3,0.08466666666669576,0.4198925255306577,0.0,0.0,6512.766666666666,5230.3,80,0,0,0,0,0,{}
1774278879,transition,k3s-wk1,0.28000000000000813,0.7036912265926227,194.46666666666667,179.26666666666665,5137.1,7529.133333333333,80,18,2,0,15,0,"{""process_exit"": 18, ""process_exec"": 18, ""process_kprobe"": 15}"
1774278879,transition,sw-wk2,0.0,0.0,0.0,0.0,0.0,0.0,80,0,0,0,0,0,{}
1774278889,transition,sw-wk3,0.08466666666669576,0.4198925255306577,0.0,0.0,6512.766666666666,5230.3,90,0,0,0,0,0,{}
1774278889,transition,k3s-wk1,0.25255555555555065,0.7039136213498967,194.4666666666667,179.26666666666665,5075.933333333333,1176.5,90,21,2,0,18,0,"{""process_exit"": 21, ""process_exec"": 21, ""process_kprobe"": 18}"
1774278889,transition,sw-wk2,0.0,0.0,0.0,0.0,0.0,0.0,90,0,0,0,0,0,{}
1774278899,transition,sw-wk3,0.08466666666669576,0.4198925255306577,0.0,0.0,6512.766666666666,5230.3,100,0,0,0,0,0,{}
1774278899,transition,k3s-wk1,0.25255555555555065,0.7039136213498967,194.46666666666667,179.26666666666665,5075.933333333333,1176.5,100,54,3,0,53,0,"{""process_kprobe"": 53, ""process_exit"": 54, ""process_exec"": 54}"
1774278899,transition,sw-wk2,0.0,0.0,0.0,0.0,0.0,0.0,100,0,0,0,0,0,{}
1774278909,transition,sw-wk3,0.10266666666668456,0.42050928016775724,0.0,0.0,4282.6,5380.833333333333,110,0,0,0,0,0,{}
1774278909,transition,k3s-wk1,0.25255555555555065,0.7039136213498967,194.46666666666667,179.26666666666665,5075.933333333333,1176.5,110,75,3,0,73,0,"{""process_kprobe"": 73, ""process_exit"": 75, ""process_exec"": 75}"
1774278909,transition,sw-wk2,0.0,0.0,0.0,0.0,0.0,0.0,110,0,0,0,0,0,{}
1774278919,transition,sw-wk3,0.10266666666668456,0.42050928016775724,0.0,0.0,4282.6,5380.833333333333,120,0,0,0,0,0,{}
1774278919,transition,k3s-wk1,0.29033333333334466,0.6995459988682871,194.4,179.26666666666665,6028.633333333333,9278.133333333333,120,36,3,0,32,0,"{""process_exit"": 37, ""process_exec"": 36, ""process_kprobe"": 32}"
1774278919,transition,sw-wk2,0.0,0.0,0.0,0.0,0.0,0.0,120,0,0,0,0,0,{}
