timestamp,label,node,avg_cpu,avg_mem,net_bytes_in,net_bytes_out,net_internal_bytes_in,net_internal_bytes_out,last_successful_scrape_age_sec,exec_count,unique_process_count,tmp_exec_count,outbound_connect_count,mining_port_count,syscall_feature_vector
1774210352,normal,k3s-wk1,0.2758888888889083,0.7324690227289475,277.2,140.4,9930.266666666666,4231.233333333334,0,0,0,0,0,0,{}
1774210352,normal,sw-wk3,0.08822222222220766,0.3779842906937879,0.0,0.0,1895.1333333333332,5097.3,0,0,0,0,0,0,{}
1774210352,normal,sw-wk2,0.1645555555555701,0.4073365948379627,63.733333333333334,33.93333333333333,5391.966666666666,5003.0,0,0,0,0,0,0,{}
1774210362,normal,k3s-wk1,0.2758888888889083,0.7324690227289475,277.2,140.4,9930.266666666666,4231.233333333334,0,12,2,0,10,0,"{""process_kprobe"": 10, ""process_exit"": 12, ""process_exec"": 12}"
1774210362,normal,sw-wk3,0.10155555555556939,0.37758041668656195,0.0,0.0,3464.6666666666665,5262.3,0,0,0,0,0,0,{}
1774210362,normal,sw-wk2,0.1645555555555701,0.4073365948379627,63.733333333333334,33.93333333333333,5391.966666666666,5003.0,0,0,0,0,0,0,{}
1774210372,normal,k3s-wk1,0.22955555555555385,0.7430268241585868,186.93333333333334,95.6,9154.900000000001,6944.233333333334,0,36,3,0,31,0,"{""process_exit"": 36, ""process_exec"": 36, ""process_kprobe"": 31}"
1774210372,normal,sw-wk3,0.10155555555556939,0.37758041668656195,0.0,0.0,3464.6666666666665,5262.3,0,0,0,0,0,0,{}
1774210372,normal,sw-wk2,0.1645555555555701,0.4073365948379627,63.733333333333334,33.93333333333333,5391.966666666666,5003.0,0,0,0,0,0,0,{}
1774210382,normal,k3s-wk1,0.22955555555555396,0.7430268241585868,186.93333333333334,95.6,9154.9,6944.233333333334,0,15,2,0,15,0,"{""process_kprobe"": 15, ""process_exit"": 15, ""process_exec"": 15}"
1774210382,normal,sw-wk3,0.10155555555556939,0.37758041668656195,0.0,0.0,3464.6666666666665,5262.3,0,0,0,0,0,0,{}
1774210382,normal,sw-wk2,0.10044444444443401,0.40741816561254673,0.0,0.0,371.1666666666667,3922.4666666666667,0,1,1,0,0,0,"{""process_exit"": 1, ""process_exec"": 1}"
1774210392,normal,k3s-wk1,0.22955555555555396,0.7430268241585868,186.93333333333334,95.6,9154.9,6944.233333333334,0,12,2,0,13,0,"{""process_kprobe"": 13, ""process_exit"": 12, ""process_exec"": 12}"
1774210392,normal,sw-wk3,0.08644444444443156,0.3773018828884751,0.0,0.0,1958.8999999999999,4881.833333333333,0,1,1,0,0,0,"{""process_exit"": 1, ""process_exec"": 1}"
1774210392,normal,sw-wk2,0.10044444444443401,0.40741816561254673,0.0,0.0,371.1666666666667,3922.4666666666667,0,2,2,0,0,0,"{""process_exec"": 2}"
1774210402,normal,k3s-wk1,0.20755555555555882,0.7459363715798671,277.2,140.4,32509.933333333334,4527.4,0,12,2,0,9,0,"{""process_exit"": 12, ""process_exec"": 12, ""process_kprobe"": 9}"
1774210402,normal,sw-wk3,0.08644444444443156,0.3773018828884751,0.0,0.0,1958.8999999999999,4881.833333333333,0,0,0,0,0,0,{}
1774210402,normal,sw-wk2,0.10044444444443401,0.40741816561254673,0.0,0.0,371.1666666666667,3922.4666666666667,0,105,6,0,0,0,"{""process_exit"": 107, ""process_exec"": 105}"
1774210412,normal,k3s-wk1,0.20755555555555882,0.7459363715798671,277.2,140.4,32509.933333333334,4527.4,0,36,3,0,33,0,"{""process_kprobe"": 33, ""process_exit"": 36, ""process_exec"": 36}"
1774210412,normal,sw-wk3,0.08644444444443156,0.3773018828884751,0.0,0.0,1958.8999999999999,4881.833333333333,0,0,0,0,0,0,{}
1774210412,normal,sw-wk2,0.18488888888888244,0.4067616203536988,0.0,0.0,5264.933333333333,27995.100000000006,0,0,0,0,0,0,{}
1774210422,normal,k3s-wk1,0.20755555555555882,0.7459363715798671,277.2,140.4,32509.933333333334,4527.4,0,15,2,0,11,0,"{""process_exit"": 15, ""process_exec"": 15, ""process_kprobe"": 11}"
1774210422,normal,sw-wk3,0.08588888888892432,0.3775346575625905,0.0,0.0,4266.9,5336.633333333333,0,1,1,0,0,0,"{""process_exit"": 1, ""process_exec"": 1}"
1774210422,normal,sw-wk2,0.18488888888888244,0.4067616203536988,0.0,0.0,5264.933333333333,27995.1,0,0,0,0,0,0,{}
1774210432,normal,k3s-wk1,0.20833333333333337,0.7442401225405046,467.93333333333334,232.83333333333334,9827.366666666667,7561.5,0,60,3,0,52,0,"{""process_exit"": 60, ""process_exec"": 60, ""process_kprobe"": 52}"
1774210432,normal,sw-wk3,0.08588888888892443,0.3775346575625905,0.0,0.0,4266.9,5336.633333333333,0,0,0,0,0,0,{}
1774210432,normal,sw-wk2,0.18488888888888244,0.4067616203536988,0.0,0.0,5264.933333333333,27995.1,0,0,0,0,0,0,{}
1774210442,normal,k3s-wk1,0.20833333333333337,0.7442401225405046,467.93333333333334,232.83333333333334,9827.366666666667,7561.5,0,15,2,0,13,0,"{""process_exit"": 15, ""process_exec"": 15, ""process_kprobe"": 13}"
1774210442,normal,sw-wk3,0.08588888888892443,0.3775346575625905,0.0,0.0,4266.9,5336.633333333333,0,0,0,0,0,0,{}
1774210442,normal,sw-wk2,0.09466666666667134,0.40675366222934917,0.0,0.0,656.9333333333333,3927.533333333334,0,1,1,0,0,0,"{""process_exit"": 1, ""process_exec"": 1}"
1774210453,normal,k3s-wk1,0.20833333333333337,0.7442401225405046,467.93333333333334,232.83333333333334,9827.366666666667,7561.5,0,78,3,0,76,0,"{""process_kprobe"": 76, ""process_exit"": 78, ""process_exec"": 78}"
1774210453,normal,sw-wk3,0.08459701160916,0.3775087937099111,4.465922346275621,5.9990001666388935,1904.215964005999,5095.684052657891,0,1,1,0,0,0,"{""process_exit"": 1, ""process_exec"": 1}"
1774210453,normal,sw-wk2,0.09466666666667145,0.40675366222934917,0.0,0.0,656.9333333333333,3927.5333333333333,0,2,2,0,0,0,"{""process_exec"": 2}"
1774210463,normal,k3s-wk1,0.20944444444442833,0.74270178652265,279.2,142.4,9890.1,4134.4,0,12,2,0,9,0,"{""process_exit"": 12, ""process_exec"": 12, ""process_kprobe"": 9}"
1774210463,normal,sw-wk3,0.08459701160916,0.3775087937099111,4.465922346275621,5.9990001666388935,1904.215964005999,5095.684052657891,0,0,0,0,0,0,{}
1774210463,normal,sw-wk2,0.09466666666667145,0.40675366222934917,0.0,0.0,656.9333333333333,3927.5333333333333,0,104,5,0,0,0,"{""process_exit"": 106, ""process_exec"": 104}"
1774210473,normal,k3s-wk1,0.20944444444442833,0.74270178652265,279.2,142.4,9890.1,4134.4,0,12,2,0,13,0,"{""process_exit"": 12, ""process_exec"": 12, ""process_kprobe"": 13}"
1774210473,normal,sw-wk3,0.08459701160916,0.3775087937099111,4.465922346275621,5.9990001666388935,1904.215964005999,5095.684052657891,0,0,0,0,0,0,{}
1774210473,normal,sw-wk2,0.17977777777778103,0.40903167532444273,0.0,0.0,5250.333333333333,27758.433333333334,0,0,0,0,0,0,{}
1774210483,normal,k3s-wk1,0.20944444444442833,0.74270178652265,279.2,142.4,9890.1,4134.4,0,15,2,0,11,0,"{""process_exit"": 15, ""process_exec"": 15, ""process_kprobe"": 11}"
1774210483,normal,sw-wk3,0.08962604878590807,0.3776202072291458,0.0,0.0,2782.130355059176,5184.064010668444,0,0,0,0,0,0,{}
1774210483,normal,sw-wk2,0.17977777777778103,0.40903167532444273,0.0,0.0,5250.333333333333,27758.433333333334,0,0,0,0,0,0,{}
1774210493,normal,k3s-wk1,0.20433333333332682,0.7422227836907431,281.3333333333333,144.4,31950.63333333333,6282.466666666666,0,15,2,0,10,0,"{""process_exit"": 15, ""process_exec"": 15, ""process_kprobe"": 10}"
1774210493,normal,sw-wk3,0.08962604878590807,0.3776202072291458,0.0,0.0,2782.130355059176,5184.064010668444,0,1,1,0,0,0,"{""process_exit"": 1, ""process_exec"": 1}"
1774210493,normal,sw-wk2,0.17977777777778103,0.40903167532444273,0.0,0.0,5250.333333333333,27758.433333333334,0,1,1,0,0,0,"{""process_exit"": 1, ""process_exec"": 1}"
1774210503,normal,k3s-wk1,0.20433333333332682,0.7422227836907431,281.3333333333333,144.4,31950.63333333333,6282.466666666666,0,36,3,0,33,0,"{""process_exit"": 36, ""process_exec"": 36, ""process_kprobe"": 33}"
1774210503,normal,sw-wk3,0.08962604878590807,0.3776202072291458,0.0,0.0,2782.130355059176,5184.064010668444,0,0,0,0,0,0,{}
1774210503,normal,sw-wk2,0.09622222222224075,0.40901376954465607,0.0,0.0,522.4333333333333,4264.6,0,0,0,0,0,0,{}
1774210513,normal,k3s-wk1,0.20433333333332682,0.7422227836907431,281.3333333333333,144.4,31950.63333333333,6282.466666666666,0,57,3,0,55,0,"{""process_exit"": 57, ""process_exec"": 57, ""process_kprobe"": 55}"
1774210513,normal,sw-wk3,0.09266666666666834,0.3777316207483805,0.0,0.0,2262.733333333333,5135.766666666666,0,0,0,0,0,0,{}
1774210513,normal,sw-wk2,0.09622222222224075,0.40901376954465607,0.0,0.0,522.4333333333333,4264.6,0,107,7,0,0,0,"{""process_exec"": 107, ""process_exit"": 107}"
1774210523,normal,k3s-wk1,0.22800000000000498,0.7405212708839971,285.3333333333333,149.0,33073.333333333336,9109.966666666667,0,36,3,0,30,0,"{""process_exit"": 36, ""process_exec"": 36, ""process_kprobe"": 30}"
1774210523,normal,sw-wk3,0.09266666666666834,0.3777316207483805,0.0,0.0,2262.733333333333,5135.766666666666,0,0,0,0,0,0,{}
1774210523,normal,sw-wk2,0.09622222222224075,0.40901376954465607,0.0,0.0,522.4333333333333,4264.6,0,0,0,0,0,0,{}
1774210533,normal,k3s-wk1,0.22800000000000498,0.7405212708839971,285.3333333333333,149.0,33073.333333333336,9109.966666666667,0,15,2,0,13,0,"{""process_exit"": 15, ""process_exec"": 15, ""process_kprobe"": 13}"
1774210533,normal,sw-wk3,0.09266666666666834,0.3777316207483805,0.0,0.0,2262.733333333333,5135.766666666666,0,0,0,0,0,0,{}
1774210533,normal,sw-wk2,0.1944370390118143,0.40847659615105314,0.0,0.0,5170.954412156758,27866.835510530524,0,1,1,0,0,0,"{""process_exit"": 1, ""process_exec"": 1}"
1774210543,normal,k3s-wk1,0.22800000000000498,0.7405212708839971,285.3333333333333,149.0,33073.333333333336,9109.966666666667,0,10,3,0,8,0,"{""process_kprobe"": 8, ""process_exit"": 9, ""process_exec"": 10}"
1774210543,normal,sw-wk3,0.09433333333331073,0.3775505737796241,0.0,0.0,3693.1666666666665,4962.733333333334,0,1,1,0,0,0,"{""process_exit"": 1, ""process_exec"": 1}"
1774210543,normal,sw-wk2,0.1944370390118143,0.40847659615105314,0.0,0.0,5170.954412156758,27866.835510530524,0,0,0,0,0,0,{}
1774210553,normal,k3s-wk1,0.22566666666672164,0.7453363020981376,277.2,140.4,8644.6,3206.8333333333335,0,15,2,0,11,0,"{""process_exit"": 15, ""process_exec"": 15, ""process_kprobe"": 11}"
1774210553,normal,sw-wk3,0.09433333333331073,0.3775505737796241,0.0,0.0,3693.1666666666665,4962.733333333334,0,0,0,0,0,0,{}
1774210553,normal,sw-wk2,0.1944370390118143,0.40847659615105314,0.0,0.0,5170.954412156758,27866.835510530524,0,0,0,0,0,0,{}
1774210563,transition,k3s-wk1,0.22566666666672164,0.7453363020981376,277.2,140.4,8644.6,3206.8333333333335,9,60,3,0,57,0,"{""process_exit"": 60, ""process_exec"": 60, ""process_kprobe"": 57}"
1774210563,transition,sw-wk3,0.09433333333331073,0.3775505737796241,0.0,0.0,3693.1666666666665,4962.733333333334,9,0,0,0,0,0,{}
1774210563,transition,sw-wk2,0.0,0.40847659615105314,0.0,0.0,0.0,0.0,9,0,0,0,0,0,{}
1774210573,transition,k3s-wk1,0.22566666666672164,0.7453363020981376,277.2,140.4,8644.6,3206.8333333333335,19,18,2,0,17,0,"{""process_kprobe"": 17, ""process_exit"": 18, ""process_exec"": 18}"
1774210573,transition,sw-wk3,0.07866666666668609,0.37737350586512597,0.0,0.0,1738.2,5121.0,19,0,0,0,0,0,{}
1774210573,transition,sw-wk2,0.0,0.0,0.0,0.0,0.0,0.0,19,0,0,0,0,0,{}
1774210583,transition,k3s-wk1,0.2256666666666004,0.761294728863342,279.33333333333337,142.4,4882.4,1842.4333333333334,30,33,3,0,28,0,"{""process_exit"": 33, ""process_exec"": 33, ""process_kprobe"": 28}"
1774210583,transition,sw-wk3,0.07866666666668609,0.37737350586512597,0.0,0.0,1738.2,5121.0,30,0,0,0,0,0,{}
1774210583,transition,sw-wk2,0.0,0.0,0.0,0.0,0.0,0.0,30,0,0,0,0,0,{}
1774210593,transition,k3s-wk1,0.2256666666666004,0.761294728863342,279.3333333333333,142.4,4882.4,1842.4333333333334,40,54,3,0,52,0,"{""process_kprobe"": 52, ""process_exit"": 55, ""process_exec"": 54}"
1774210593,transition,sw-wk3,0.07866666666668609,0.37737350586512597,0.0,0.0,1738.2,5121.0,40,1,1,0,0,0,"{""process_exit"": 1, ""process_exec"": 1}"
1774210593,transition,sw-wk2,0.0,0.0,0.0,0.0,0.0,0.0,40,0,0,0,0,0,{}
1774210603,transition,k3s-wk1,0.2256666666666004,0.761294728863342,279.3333333333333,142.4,4882.4,1842.4333333333334,50,36,3,0,31,0,"{""process_exit"": 36, ""process_exec"": 36, ""process_kprobe"": 31}"
1774210603,transition,sw-wk3,0.07833333333332504,0.3774849193843607,0.0,0.0,6466.666666666668,5404.8,50,0,0,0,0,0,{}
1774210603,transition,sw-wk2,0.0,0.0,0.0,0.0,0.0,0.0,50,0,0,0,0,0,{}
1774210613,transition,k3s-wk1,0.22488888888890668,0.7929681331522598,279.3333333333333,142.4,5346.7,6431.733333333334,60,39,3,0,35,0,"{""process_exit"": 39, ""process_exec"": 39, ""process_kprobe"": 35}"
1774210613,transition,sw-wk3,0.07833333333332526,0.3774849193843607,0.0,0.0,6466.666666666667,5404.8,60,0,0,0,0,0,{}
1774210613,transition,sw-wk2,0.0,0.0,0.0,0.0,0.0,0.0,60,0,0,0,0,0,{}
1774210623,transition,k3s-wk1,0.22488888888890668,0.7929681331522598,279.3333333333333,142.4,5346.7,6431.733333333334,70,12,2,0,13,0,"{""process_kprobe"": 13, ""process_exit"": 12, ""process_exec"": 12}"
1774210623,transition,sw-wk3,0.07833333333332526,0.3774849193843607,0.0,0.0,6466.666666666667,5404.8,70,107,7,0,0,0,"{""process_exit"": 107, ""process_exec"": 107}"
1774210623,transition,sw-wk2,0.0,0.0,0.0,0.0,0.0,0.0,70,0,0,0,0,0,{}
1774210633,transition,k3s-wk1,0.22488888888890668,0.7929681331522598,279.3333333333333,142.4,5346.7,6431.733333333334,80,36,3,0,37,0,"{""process_kprobe"": 37, ""process_exit"": 36, ""process_exec"": 36}"
1774210633,transition,sw-wk3,0.1250000000000202,0.3757401040920594,0.0,0.0,4771.766666666666,28520.033333333333,80,0,0,0,0,0,{}
1774210633,transition,sw-wk2,0.0,0.0,0.0,0.0,0.0,0.0,80,0,0,0,0,0,{}
1774210643,transition,k3s-wk1,0.23111111111114346,0.8308567307793534,279.3333333333333,142.40000000000003,28730.233333333334,7430.9,90,12,2,0,12,0,"{""process_exit"": 12, ""process_exec"": 12, ""process_kprobe"": 12}"
1774210643,transition,sw-wk3,0.1250000000000202,0.3757401040920594,0.0,0.0,4771.766666666666,28520.033333333333,90,0,0,0,0,0,{}
1774210643,transition,sw-wk2,0.0,0.0,0.0,0.0,0.0,0.0,90,0,0,0,0,0,{}
1774210653,transition,k3s-wk1,0.23111111111114346,0.8308567307793534,279.3333333333333,142.4,28730.233333333334,7430.9,100,33,3,0,35,0,"{""process_exit"": 33, ""process_exec"": 33, ""process_kprobe"": 35}"
1774210653,transition,sw-wk3,0.1250000000000202,0.3757401040920594,0.0,0.0,4771.766666666666,28520.033333333333,100,0,0,0,0,0,{}
1774210653,transition,sw-wk2,0.0,0.0,0.0,0.0,0.0,0.0,100,0,0,0,0,0,{}
1774210663,transition,k3s-wk1,0.23111111111114346,0.8308567307793534,279.3333333333333,142.4,28730.233333333334,7430.9,110,15,2,0,12,0,"{""process_exit"": 15, ""process_exec"": 15, ""process_kprobe"": 12}"
1774210663,transition,sw-wk3,0.10933333333333495,0.3761917267503859,0.0,0.0,4068.0333333333333,5040.633333333333,110,1,1,0,0,0,"{""process_exit"": 1, ""process_exec"": 1}"
1774210663,transition,sw-wk2,0.0,0.0,0.0,0.0,0.0,0.0,110,0,0,0,0,0,{}
1774210673,transition,k3s-wk1,0.2647777777777568,0.8652751897588142,279.3333333333333,142.40000000000003,5102.666666666667,2160.0,120,21,2,0,17,0,"{""process_exit"": 21, ""process_exec"": 21, ""process_kprobe"": 17}"
1774210673,transition,sw-wk3,0.10933333333333495,0.3761917267503859,0.0,0.0,4068.0333333333333,5040.633333333333,120,0,0,0,0,0,{}
1774210673,transition,sw-wk2,0.0,0.0,0.0,0.0,0.0,0.0,120,0,0,0,0,0,{}
1774210683,transition,k3s-wk1,0.2647777777777568,0.8652751897588142,279.3333333333333,142.4,5102.666666666667,2160.0,130,12,2,0,13,0,"{""process_exit"": 12, ""process_exec"": 12, ""process_kprobe"": 13}"
1774210683,transition,sw-wk3,0.10933333333333495,0.3761917267503859,0.0,0.0,4068.0333333333333,5040.633333333333,130,0,0,0,0,0,{}
1774210683,transition,sw-wk2,0.0,0.0,0.0,0.0,0.0,0.0,130,0,0,0,0,0,{}
1774210693,transition,k3s-wk1,0.2647777777777568,0.8652751897588142,279.3333333333333,142.4,5102.666666666667,2160.0,140,33,3,0,34,0,"{""process_kprobe"": 34, ""process_exit"": 33, ""process_exec"": 33}"
1774210693,transition,sw-wk3,0.1037777777777592,0.37736952681086755,0.0,0.0,3950.2,5548.966666666666,140,2,2,0,0,0,"{""process_exec"": 2}"
1774210693,transition,sw-wk2,0.0,0.0,0.0,0.0,0.0,0.0,140,0,0,0,0,0,{}
1774210703,transition,k3s-wk1,0.3193333333333107,0.7422820010738085,279.3333333333333,142.4,5448.600000000001,4139.333333333333,150,54,3,0,51,0,"{""process_exit"": 55, ""process_exec"": 54, ""process_kprobe"": 51}"
1774210703,transition,sw-wk3,0.1037777777777592,0.37736952681086755,0.0,0.0,3950.2,5548.966666666666,150,105,6,0,0,0,"{""process_exit"": 107, ""process_exec"": 105}"
1774210703,transition,sw-wk2,0.0,0.0,0.0,0.0,0.0,0.0,150,0,0,0,0,0,{}
1774210713,transition,k3s-wk1,0.3193333333333107,0.7422820010738085,279.3333333333333,142.4,5448.6,4139.333333333333,160,30,3,0,31,0,"{""process_exit"": 30, ""process_exec"": 30, ""process_kprobe"": 31}"
1774210713,transition,sw-wk3,0.1037777777777592,0.37736952681086755,0.0,0.0,3950.2,5548.966666666666,160,0,0,0,0,0,{}
1774210713,transition,sw-wk2,0.0,0.4061985830559596,0.0,0.0,0.0,0.0,160,0,0,0,0,0,{}
1774210723,transition,k3s-wk1,0.3193333333333107,0.7422820010738085,279.3333333333333,142.4,5448.6,4139.333333333333,170,60,3,0,54,0,"{""process_exit"": 60, ""process_exec"": 60, ""process_kprobe"": 54}"
1774210723,transition,sw-wk3,0.15522222222223503,0.3764463862229226,0.0,0.0,13603.533333333333,28865.899999999998,170,0,0,0,0,0,{}
1774210723,transition,sw-wk2,0.0,0.4061985830559596,0.0,0.0,0.0,0.0,170,0,0,0,0,0,{}
1774210733,transition,k3s-wk1,0.3351111111111499,0.7391790102011813,279.3333333333333,142.4,35102.6,43125.3,180,39,3,0,35,0,"{""process_exit"": 39, ""process_exec"": 39, ""process_kprobe"": 35}"
1774210733,transition,sw-wk3,0.15522222222223514,0.3764463862229226,0.0,0.0,13603.533333333333,28865.899999999998,180,0,0,0,0,0,{}
1774210733,transition,sw-wk2,0.0,0.4061985830559596,0.0,0.0,0.0,0.0,180,0,0,0,0,0,{}
1774210743,normal,k3s-wk1,0.3351111111111499,0.7391790102011813,279.3333333333333,142.4,35102.6,43125.3,0,18,2,0,17,0,"{""process_exit"": 18, ""process_exec"": 18, ""process_kprobe"": 17}"
1774210743,normal,sw-wk3,0.15522222222223514,0.3764463862229226,0.0,0.0,13603.533333333333,28865.899999999998,0,0,0,0,0,0,{}
1774210743,normal,sw-wk2,0.13435788023247186,0.4059459126078575,0.0,0.0,13858.385838583858,5513.551355135513,0,0,0,0,0,0,{}
1774210753,normal,k3s-wk1,0.3351111111111499,0.7391790102011813,279.3333333333333,142.4,35102.6,43125.3,0,36,3,0,35,0,"{""process_kprobe"": 35, ""process_exit"": 36, ""process_exec"": 36}"
1774210753,normal,sw-wk3,0.08466666666665512,0.37641057473459705,0.0,0.0,3688.0,4986.0,0,1,1,0,0,0,"{""process_exit"": 1, ""process_exec"": 1}"
1774210753,normal,sw-wk2,0.13435788023247186,0.4059459126078575,0.0,0.0,13858.385838583858,5513.551355135513,0,0,0,0,0,0,{}
1774210763,normal,k3s-wk1,0.27533333333332033,0.7369287496446957,279.3333333333333,142.4,9652.566666666666,4345.3,0,36,3,0,30,0,"{""process_exit"": 36, ""process_exec"": 36, ""process_kprobe"": 30}"
1774210763,normal,sw-wk3,0.08466666666665534,0.37641057473459705,0.0,0.0,3688.0,4986.0,0,0,0,0,0,0,{}
1774210763,normal,sw-wk2,0.13435788023247186,0.4059459126078575,0.0,0.0,13858.385838583858,5513.551355135513,0,0,0,0,0,0,{}
1774210773,normal,k3s-wk1,0.27533333333332033,0.7369287496446957,279.3333333333333,142.4,9652.566666666666,4345.3,0,51,3,0,49,0,"{""process_kprobe"": 49, ""process_exit"": 51, ""process_exec"": 51}"
1774210773,normal,sw-wk3,0.08466666666665534,0.37641057473459705,0.0,0.0,3688.0,4986.0,0,0,0,0,0,0,{}
1774210773,normal,sw-wk2,0.14883927579694511,0.4055141843618878,28.923692102632458,22.52582472509164,4968.110629790071,4601.099633455515,0,0,0,0,0,0,{}
1774210783,normal,k3s-wk1,0.27533333333332033,0.7369287496446957,279.3333333333333,142.4,9652.566666666666,4345.3,0,18,2,0,13,0,"{""process_kprobe"": 13, ""process_exit"": 18, ""process_exec"": 18}"
1774210783,normal,sw-wk3,0.132777777777786,0.37651403014531504,0.0,0.0,2771.866666666667,5198.9,0,0,0,0,0,0,{}
1774210783,normal,sw-wk2,0.14883927579694511,0.4055141843618878,28.923692102632458,22.52582472509164,4968.110629790071,4601.099633455515,0,0,0,0,0,0,{}
1774210793,normal,k3s-wk1,0.26744444444444115,0.7369682279000727,279.3333333333333,142.4,9218.0,5988.1,0,57,3,0,50,0,"{""process_exit"": 57, ""process_exec"": 57, ""process_kprobe"": 50}"
1774210793,normal,sw-wk3,0.132777777777786,0.37651403014531504,0.0,0.0,2771.866666666667,5198.9,0,0,0,0,0,0,{}
1774210793,normal,sw-wk2,0.14883927579694511,0.4055141843618878,28.923692102632458,22.52582472509164,4968.110629790071,4601.099633455515,0,0,0,0,0,0,{}
1774210803,normal,k3s-wk1,0.26744444444444115,0.7369682279000727,279.3333333333333,142.4,9218.0,5988.1,0,36,3,0,33,0,"{""process_exit"": 36, ""process_exec"": 36, ""process_kprobe"": 33}"
1774210803,normal,sw-wk3,0.132777777777786,0.37651403014531504,0.0,0.0,2771.866666666667,5198.9,0,0,0,0,0,0,{}
1774210803,normal,sw-wk2,0.07713682338560612,0.4093957595134403,0.0,0.0,360.2534178059353,3930.2100700233414,0,0,0,0,0,0,{}
1774210813,normal,k3s-wk1,0.26744444444444115,0.7369682279000727,279.3333333333333,142.4,9218.0,5988.1,0,54,3,0,54,0,"{""process_kprobe"": 54, ""process_exit"": 54, ""process_exec"": 54}"
1774210813,normal,sw-wk3,0.09899999999999842,0.3765060720367983,0.0,0.0,2063.3333333333335,5229.066666666667,0,1,1,0,0,0,"{""process_exit"": 1, ""process_exec"": 1}"
1774210813,normal,sw-wk2,0.07713682338560612,0.4093957595134403,0.0,0.0,360.2534178059353,3930.2100700233414,0,0,0,0,0,0,{}
1774210823,normal,k3s-wk1,0.296222222222261,0.7323584836138921,283.8,148.4,9631.466666666667,6157.033333333333,0,33,3,0,29,0,"{""process_exit"": 33, ""process_exec"": 33, ""process_kprobe"": 29}"
1774210823,normal,sw-wk3,0.09899999999999842,0.3765060720367983,0.0,0.0,2063.3333333333335,5229.066666666667,0,0,0,0,0,0,{}
1774210823,normal,sw-wk2,0.07713682338560612,0.4093957595134403,0.0,0.0,360.2534178059353,3930.2100700233414,0,0,0,0,0,0,{}
1774210833,normal,k3s-wk1,0.296222222222261,0.7323584836138921,283.8,148.4,9631.466666666667,6157.033333333333,0,12,2,0,14,0,"{""process_exit"": 12, ""process_exec"": 12, ""process_kprobe"": 14}"
1774210833,normal,sw-wk3,0.09899999999999842,0.3765060720367983,0.0,0.0,2063.3333333333335,5229.066666666667,0,0,0,0,0,0,{}
1774210833,normal,sw-wk2,0.15411111111107967,0.40382706199975726,5.133333333333333,5.0,4403.5,4477.9,0,0,0,0,0,0,{}
1774210843,normal,k3s-wk1,0.296222222222261,0.7323584836138921,283.8,148.4,9631.466666666667,6157.033333333333,0,75,3,0,69,0,"{""process_exit"": 75, ""process_exec"": 75, ""process_kprobe"": 69}"
1774210843,normal,sw-wk3,0.09033333333332438,0.37661151697464545,0.0,0.0,3214.5,4922.766666666666,0,0,0,0,0,0,{}
1774210843,normal,sw-wk2,0.15411111111107967,0.40382706199975726,5.133333333333333,5.0,4403.5,4477.9,0,0,0,0,0,0,{}
1774210853,normal,k3s-wk1,0.31993645927056136,0.7355430628809652,279.26817076015595,142.36678108441365,9021.994867864165,6063.318559002899,0,94,5,0,70,0,"{""process_exit"": 94, ""process_exec"": 94, ""process_kprobe"": 70}"
1774210853,normal,sw-wk3,0.09033333333332438,0.37661151697464545,0.0,0.0,3214.5,4922.766666666666,0,0,0,0,0,0,{}
1774210853,normal,sw-wk2,0.15411111111107967,0.40382706199975726,5.133333333333333,5.0,4403.5,4477.9,0,0,0,0,0,0,{}
1774210863,normal,k3s-wk1,0.31993645927056136,0.7355430628809652,279.26817076015595,142.36678108441362,9021.994867864165,6063.318559002899,0,84,3,0,77,0,"{""process_exit"": 84, ""process_exec"": 84, ""process_kprobe"": 77}"
1774210863,normal,sw-wk3,0.09033333333332438,0.37661151697464545,0.0,0.0,3214.5,4922.766666666666,0,1,1,0,0,0,"{""process_exit"": 1, ""process_exec"": 1}"
1774210863,normal,sw-wk2,0.09177777777780038,0.40346695687293466,0.0,0.0,2091.0333333333333,4125.8,0,0,0,0,0,0,{}
1774210873,normal,k3s-wk1,0.31993645927056136,0.7355430628809652,279.26817076015595,142.36678108441362,9021.994867864165,6063.318559002899,0,41,5,0,33,0,"{""process_exit"": 41, ""process_exec"": 41, ""process_kprobe"": 33}"
1774210873,normal,sw-wk3,0.10955555555556196,0.3769517261137373,0.0,0.0,7856.533333333333,5480.4,0,0,0,0,0,0,{}
1774210873,normal,sw-wk2,0.09177777777780038,0.40346695687293466,0.0,0.0,2091.0333333333333,4125.8,0,0,0,0,0,0,{}
1774210883,normal,k3s-wk1,0.36718567665790136,0.73604838454979,279.39852632280866,142.433234421365,10220.584803120728,17068.51598706365,0,33,3,0,28,0,"{""process_exit"": 33, ""process_exec"": 33, ""process_kprobe"": 28}"
1774210883,normal,sw-wk3,0.10955555555556196,0.3769517261137373,0.0,0.0,7856.533333333333,5480.4,0,0,0,0,0,0,{}
1774210883,normal,sw-wk2,0.09177777777780038,0.40346695687293466,0.0,0.0,2091.0333333333333,4125.8,0,0,0,0,0,0,{}
1774210893,normal,k3s-wk1,0.36718567665790136,0.73604838454979,279.39852632280866,142.433234421365,10220.584803120728,17068.51598706365,0,15,2,0,13,0,"{""process_kprobe"": 13, ""process_exit"": 16, ""process_exec"": 15}"
1774210893,normal,sw-wk3,0.10955555555556196,0.3769517261137373,0.0,0.0,7856.533333333333,5480.4,0,0,0,0,0,0,{}
1774210893,normal,sw-wk2,0.14211111111110064,0.40742015514363417,0.0,0.0,5482.933333333334,4462.566666666667,0,0,0,0,0,0,{}
1774210903,normal,k3s-wk1,0.36718567665790136,0.73604838454979,279.39852632280866,142.433234421365,10220.584803120728,17068.51598706365,0,68,5,0,54,0,"{""process_kprobe"": 54, ""process_exit"": 68, ""process_exec"": 68}"
1774210903,normal,sw-wk3,0.0985555555555645,0.37880994445240257,4.466666666666667,6.0,6458.5,5171.9,0,1,1,0,0,0,"{""process_exit"": 1, ""process_exec"": 1}"
1774210903,normal,sw-wk2,0.14211111111110064,0.40742015514363417,0.0,0.0,5482.933333333333,4462.566666666667,0,0,0,0,0,0,{}
1774210913,normal,k3s-wk1,0.28877777777775515,0.7377130509848508,277.2,140.4,9161.966666666667,4479.133333333333,0,9,2,0,7,0,"{""process_exit"": 9, ""process_exec"": 9, ""process_kprobe"": 7}"
1774210913,normal,sw-wk3,0.0985555555555645,0.37880994445240257,4.466666666666667,6.0,6458.5,5171.9,0,0,0,0,0,0,{}
1774210913,normal,sw-wk2,0.14211111111110064,0.40742015514363417,0.0,0.0,5482.933333333333,4462.566666666667,0,0,0,0,0,0,{}
1774210923,normal,k3s-wk1,0.28877777777775515,0.7377130509848508,277.2,140.4,9161.966666666667,4479.133333333333,0,18,2,0,17,0,"{""process_exit"": 18, ""process_exec"": 18, ""process_kprobe"": 17}"
1774210923,normal,sw-wk3,0.0985555555555645,0.37880994445240257,4.466666666666667,6.0,6458.5,5171.9,0,0,0,0,0,0,{}
1774210923,normal,sw-wk2,0.06672888474099703,0.4073186890581759,0.0,0.0,1108.0594627024864,3977.034864342377,0,0,0,0,0,0,{}
1774210933,normal,k3s-wk1,0.28877777777775515,0.7377130509848508,277.2,140.4,9161.966666666667,4479.133333333333,0,54,3,0,53,0,"{""process_kprobe"": 53, ""process_exit"": 54, ""process_exec"": 54}"
1774210933,normal,sw-wk3,0.0871018984459151,0.3789014627003454,0.0,0.0,3949.1785250108305,5198.586996367514,0,0,0,0,0,0,{}
1774210933,normal,sw-wk2,0.06672888474099703,0.4073186890581759,0.0,0.0,1108.0594627024864,3977.034864342377,0,0,0,0,0,0,{}
1774210943,normal,k3s-wk1,0.3054520716576531,0.7381407320847677,271.4697593054521,138.3912663189608,8975.541805695035,4752.9884349995145,0,19,4,0,10,0,"{""process_exit"": 19, ""process_exec"": 19, ""process_kprobe"": 10}"
1774210943,normal,sw-wk3,0.0871018984459151,0.3789014627003454,0.0,0.0,3949.1785250108305,5198.586996367514,0,0,0,0,0,0,{}
1774210943,normal,sw-wk2,0.06672888474099703,0.4073186890581759,0.0,0.0,1108.0594627024864,3977.034864342377,0,0,0,0,0,0,{}
1774210953,normal,k3s-wk1,0.3054520716576531,0.7381407320847677,271.4697593054521,138.3912663189608,8975.541805695035,4752.9884349995145,0,16,4,0,11,0,"{""process_kprobe"": 11, ""process_exit"": 16, ""process_exec"": 16}"
1774210953,normal,sw-wk3,0.0871018984459151,0.3789014627003454,0.0,0.0,3949.1785250108305,5198.586996367514,0,1,1,0,0,0,"{""process_exit"": 1, ""process_exec"": 1}"
1774210953,normal,sw-wk2,0.1418316776674251,0.4069725106489651,5.133675578371892,5.0003333555570375,5358.623908260551,4489.065937729182,0,0,0,0,0,0,{}
1774210963,normal,k3s-wk1,0.3054520716576531,0.7381407320847677,271.4697593054521,138.3912663189608,8975.541805695035,4752.9884349995145,0,57,3,0,51,0,"{""process_kprobe"": 51, ""process_exit"": 57, ""process_exec"": 57}"
1774210963,normal,sw-wk3,0.08745373920580846,0.3791262792659441,0.0,0.0,5153.869236155103,5329.810289067449,0,1,1,0,0,0,"{""process_exit"": 1, ""process_exec"": 1}"
1774210963,normal,sw-wk2,0.1418316776674251,0.4069725106489651,5.133675578371892,5.0003333555570375,5358.623908260551,4489.065937729182,0,0,0,0,0,0,{}
1774210973,normal,k3s-wk1,0.305321936539508,0.7386868479508153,287.666060210772,146.6479008616251,10028.080052178091,10363.94219216642,0,36,3,0,30,0,"{""process_exit"": 36, ""process_exec"": 36, ""process_kprobe"": 30}"
1774210973,normal,sw-wk3,0.08745373920580812,0.3791262792659441,0.0,0.0,5153.869236155103,5329.810289067449,0,0,0,0,0,0,{}
1774210973,normal,sw-wk2,0.1418316776674251,0.4069725106489651,5.133675578371892,5.0003333555570375,5358.623908260551,4489.065937729182,0,0,0,0,0,0,{}
1774210983,normal,k3s-wk1,0.30532193653950823,0.7386868479508153,287.666060210772,146.64790086162506,10028.080052178091,10363.94219216642,0,96,3,0,92,0,"{""process_exit"": 96, ""process_exec"": 96, ""process_kprobe"": 92}"
1774210983,normal,sw-wk3,0.08745373920580812,0.3791262792659441,0.0,0.0,5153.869236155103,5329.810289067449,0,0,0,0,0,0,{}
1774210983,normal,sw-wk2,0.08400000000001462,0.40851041817953926,0.0,0.0,1969.9333333333334,4020.3333333333335,0,0,0,0,0,0,{}
1774210993,normal,k3s-wk1,0.30532193653950823,0.7386868479508153,287.666060210772,146.64790086162506,10028.080052178091,10363.94219216642,0,18,2,0,17,0,"{""process_exit"": 18, ""process_exec"": 18, ""process_kprobe"": 17}"
1774210993,normal,sw-wk3,0.10577777777778252,0.3794644988779067,0.0,0.0,5379.933333333333,5258.566666666667,0,0,0,0,0,0,{}
1774210993,normal,sw-wk2,0.08400000000001462,0.40851041817953926,0.0,0.0,1969.9333333333334,4020.3333333333335,0,0,0,0,0,0,{}
1774211003,normal,k3s-wk1,0.33000000000000806,0.7385552537662256,279.3333333333333,142.4,9617.9,12960.8,0,60,3,0,54,0,"{""process_exit"": 60, ""process_exec"": 60, ""process_kprobe"": 54}"
1774211003,normal,sw-wk3,0.10577777777778252,0.3794644988779067,0.0,0.0,5379.933333333333,5258.566666666667,0,0,0,0,0,0,{}
1774211003,normal,sw-wk2,0.08400000000001462,0.40851041817953926,0.0,0.0,1969.9333333333334,4020.3333333333335,0,0,0,0,0,0,{}
1774211013,normal,k3s-wk1,0.33000000000000806,0.7385552537662256,279.3333333333333,142.4,9617.9,12960.8,0,36,3,0,36,0,"{""process_exit"": 36, ""process_exec"": 36, ""process_kprobe"": 36}"
1774211013,normal,sw-wk3,0.10577777777778252,0.3794644988779067,0.0,0.0,5379.933333333333,5258.566666666667,0,1,1,0,0,0,"{""process_exit"": 1, ""process_exec"": 1}"
1774211013,normal,sw-wk2,0.15697319156972056,0.40885659658874995,0.0,0.0,5476.51901476519,4441.222544412226,0,0,0,0,0,0,{}
1774211023,normal,k3s-wk1,0.33000000000000806,0.7385552537662256,279.3333333333333,142.4,9617.9,12960.8,0,33,3,0,28,0,"{""process_exit"": 33, ""process_exec"": 33, ""process_kprobe"": 28}"
1774211023,normal,sw-wk3,0.08777777777777374,0.3794505721880024,0.0,0.0,2790.4,5210.200000000001,0,0,0,0,0,0,{}
1774211023,normal,sw-wk2,0.15697319156972056,0.40885659658874995,0.0,0.0,5476.51901476519,4441.222544412226,0,0,0,0,0,0,{}
1774211033,normal,k3s-wk1,0.2697777777778456,0.7363747381275727,474.8666666666667,232.83333333333334,9325.666666666666,3310.8333333333335,0,12,2,0,8,0,"{""process_exit"": 12, ""process_exec"": 12, ""process_kprobe"": 8}"
1774211033,normal,sw-wk3,0.08777777777777374,0.3794505721880024,0.0,0.0,2790.4,5210.2,0,0,0,0,0,0,{}
1774211033,normal,sw-wk2,0.15697319156972056,0.40885659658874995,0.0,0.0,5476.51901476519,4441.222544412226,0,0,0,0,0,0,{}
1774211043,normal,k3s-wk1,0.2697777777778456,0.7363747381275727,474.8666666666667,232.83333333333334,9325.666666666666,3310.8333333333335,0,99,3,0,93,0,"{""process_exit"": 99, ""process_exec"": 99, ""process_kprobe"": 93}"
1774211043,normal,sw-wk3,0.08777777777777374,0.3794505721880024,0.0,0.0,2790.4,5210.2,0,0,0,0,0,0,{}
1774211043,normal,sw-wk2,0.07479636852573912,0.40899387423378186,0.0,0.0,2006.133946728006,4215.321532153215,0,0,0,0,0,0,{}
1774211053,normal,k3s-wk1,0.2697777777778456,0.7363747381275727,474.8666666666667,232.83333333333334,9325.666666666666,3310.8333333333335,0,12,2,0,13,0,"{""process_exit"": 12, ""process_exec"": 12, ""process_kprobe"": 13}"
1774211053,normal,sw-wk3,0.08566666666667722,0.37980669754412766,0.0,0.0,4016.4,5109.833333333333,0,0,0,0,0,0,{}
1774211053,normal,sw-wk2,0.07479636852573912,0.40899387423378186,0.0,0.0,2006.133946728006,4215.321532153215,0,0,0,0,0,0,{}
1774211063,normal,k3s-wk1,0.28366666666665374,0.7380841465853941,281.3333333333333,144.4,9427.633333333333,6828.266666666666,0,36,3,0,30,0,"{""process_exit"": 36, ""process_exec"": 36, ""process_kprobe"": 30}"
1774211063,normal,sw-wk3,0.08566666666667722,0.37980669754412766,0.0,0.0,4016.4,5109.833333333333,0,1,1,0,0,0,"{""process_exit"": 1, ""process_exec"": 1}"
1774211063,normal,sw-wk2,0.07479636852573912,0.40899387423378186,0.0,0.0,2006.133946728006,4215.321532153215,0,0,0,0,0,0,{}
1774211073,normal,k3s-wk1,0.28366666666665374,0.7380841465853941,281.3333333333333,144.4,9427.633333333333,6828.266666666666,0,18,2,0,15,0,"{""process_exit"": 18, ""process_exec"": 18, ""process_kprobe"": 15}"
1774211073,normal,sw-wk3,0.08566666666667722,0.37980669754412766,0.0,0.0,4016.4,5109.833333333333,0,0,0,0,0,0,{}
1774211073,normal,sw-wk2,0.14288888888887508,0.4075275898223548,0.0,0.0,4902.200000000001,4416.4,0,0,0,0,0,0,{}
1774211083,normal,k3s-wk1,0.28366666666665374,0.7380841465853941,281.3333333333333,144.4,9427.633333333333,6828.266666666666,0,12,2,0,10,0,"{""process_kprobe"": 10, ""process_exit"": 12, ""process_exec"": 12}"
1774211083,normal,sw-wk3,0.08855555555554828,0.3793749701570931,0.0,0.0,2610.9,5089.566666666667,0,0,0,0,0,0,{}
1774211083,normal,sw-wk2,0.14288888888887508,0.4075275898223548,0.0,0.0,4902.2,4416.4,0,0,0,0,0,0,{}
1774211093,normal,k3s-wk1,0.25888888888884043,0.7389171377738475,279.2,142.4,9109.5,4771.766666666666,0,15,2,0,11,0,"{""process_exit"": 15, ""process_exec"": 15, ""process_kprobe"": 11}"
1774211093,normal,sw-wk3,0.08855555555554828,0.3793749701570931,0.0,0.0,2610.9,5089.566666666667,0,0,0,0,0,0,{}
1774211093,normal,sw-wk2,0.14288888888887508,0.4075275898223548,0.0,0.0,4902.2,4416.4,0,0,0,0,0,0,{}
1774211103,normal,k3s-wk1,0.25888888888884043,0.7389171377738475,279.2,142.4,9109.5,4771.766666666666,0,54,3,0,53,0,"{""process_kprobe"": 53, ""process_exit"": 54, ""process_exec"": 54}"
1774211103,normal,sw-wk3,0.08855555555554828,0.3793749701570931,0.0,0.0,2610.9,5089.566666666667,0,0,0,0,0,0,{}
1774211103,normal,sw-wk2,0.07283958847189187,0.41019356147949493,0.0,0.0,459.1693887074195,3972.5684954336375,0,0,0,0,0,0,{}
1774211113,normal,k3s-wk1,0.25888888888884043,0.7389171377738475,279.2,142.4,9109.5,4771.766666666666,0,33,3,0,33,0,"{""process_kprobe"": 33, ""process_exit"": 33, ""process_exec"": 33}"
1774211113,normal,sw-wk3,0.08822222222222786,0.37946051982364837,0.0,0.0,1945.1666666666667,4875.966666666666,0,1,1,0,0,0,"{""process_exit"": 1, ""process_exec"": 1}"
1774211113,normal,sw-wk2,0.07283958847189187,0.41019356147949493,0.0,0.0,459.1693887074195,3972.5684954336375,0,0,0,0,0,0,{}
1774211123,normal,k3s-wk1,0.29655555555558144,0.7388855551695459,285.3333333333333,149.0,9722.566666666666,8875.533333333333,0,36,3,0,30,0,"{""process_exit"": 36, ""process_exec"": 36, ""process_kprobe"": 30}"
1774211123,normal,sw-wk3,0.08822222222222786,0.37946051982364837,0.0,0.0,1945.1666666666667,4875.966666666666,0,0,0,0,0,0,{}
1774211123,normal,sw-wk2,0.07283958847189187,0.41019356147949493,0.0,0.0,459.1693887074195,3972.5684954336375,0,0,0,0,0,0,{}
1774211133,normal,k3s-wk1,0.29655555555558144,0.7388855551695459,285.3333333333333,149.0,9722.566666666666,8875.533333333333,0,12,2,0,11,0,"{""process_exit"": 12, ""process_exec"": 12, ""process_kprobe"": 11}"
1774211133,normal,sw-wk3,0.08822222222222786,0.37946051982364837,0.0,0.0,1945.1666666666667,4875.966666666666,0,0,0,0,0,0,{}
1774211133,normal,sw-wk2,0.149555555555566,0.40681732722414654,0.0,0.0,4938.166666666667,4421.466666666666,0,0,0,0,0,0,{}
1774211143,normal,k3s-wk1,0.29655555555558144,0.7388855551695459,285.3333333333333,149.0,9722.566666666666,8875.533333333333,0,57,3,0,51,0,"{""process_exit"": 57, ""process_exec"": 57, ""process_kprobe"": 51}"
1774211143,normal,sw-wk3,0.08633333333333815,0.37969926307915136,0.0,0.0,2865.1,5291.866666666667,0,0,0,0,0,0,{}
1774211143,normal,sw-wk2,0.149555555555566,0.40681732722414654,0.0,0.0,4938.166666666667,4421.466666666666,0,0,0,0,0,0,{}
1774211153,normal,k3s-wk1,0.26744444444444115,0.7391816420848729,279.3333333333333,142.40000000000003,8912.833333333334,1421.6666666666667,0,36,3,0,30,0,"{""process_exit"": 36, ""process_exec"": 36, ""process_kprobe"": 30}"
1774211153,normal,sw-wk3,0.08633333333333815,0.37969926307915136,0.0,0.0,2865.1,5291.866666666667,0,0,0,0,0,0,{}
1774211153,normal,sw-wk2,0.149555555555566,0.40681732722414654,0.0,0.0,4938.166666666667,4421.466666666666,0,0,0,0,0,0,{}
1774211163,normal,k3s-wk1,0.26744444444444115,0.7391816420848729,279.3333333333333,142.4,8912.833333333334,1421.6666666666667,0,12,2,0,11,0,"{""process_kprobe"": 11, ""process_exit"": 12, ""process_exec"": 12}"
1774211163,normal,sw-wk3,0.08633333333333815,0.37969926307915136,0.0,0.0,2865.1,5291.866666666667,0,2,2,0,0,0,"{""process_exec"": 2, ""process_exit"": 1}"
1774211163,normal,sw-wk2,0.07960530702046875,0.40477805785954313,0.0,0.0,695.3463564237617,3955.697046469765,0,0,0,0,0,0,{}
1774211173,normal,k3s-wk1,0.26744444444444115,0.7391816420848729,279.3333333333333,142.4,8912.833333333334,1421.6666666666667,0,75,3,0,74,0,"{""process_kprobe"": 74, ""process_exit"": 75, ""process_exec"": 75}"
1774211173,normal,sw-wk3,0.21688888888889368,0.3803478489232679,617.8,298.96666666666664,4856.533333333333,5646.8,0,0,0,0,0,0,{}
1774211173,normal,sw-wk2,0.07960530702046875,0.40477805785954313,0.0,0.0,695.3463564237617,3955.697046469765,0,0,0,0,0,0,{}
1774211183,normal,k3s-wk1,0.30988888888892285,0.7381315204918464,279.3333333333333,142.40000000000003,10428.066666666666,8404.6,0,15,2,0,11,0,"{""process_exit"": 15, ""process_exec"": 15, ""process_kprobe"": 11}"
1774211183,normal,sw-wk3,0.21688888888889368,0.3803478489232679,617.8,298.96666666666664,4856.533333333333,5646.8,0,1,1,0,0,0,"{""process_exit"": 1, ""process_exec"": 1}"
1774211183,normal,sw-wk2,0.07960530702046875,0.40477805785954313,0.0,0.0,695.3463564237617,3955.697046469765,0,0,0,0,0,0,{}
1774211193,normal,k3s-wk1,0.30988888888892285,0.7381315204918464,279.3333333333333,142.4,10428.066666666666,8404.6,0,12,2,0,13,0,"{""process_kprobe"": 13, ""process_exit"": 12, ""process_exec"": 12}"
1774211193,normal,sw-wk3,0.21688888888889368,0.3803478489232679,617.8,298.96666666666664,4856.533333333333,5646.8,0,0,0,0,0,0,{}
1774211193,normal,sw-wk2,0.1483333333333171,0.39984799982492125,0.0,0.0,5032.666666666667,4495.933333333333,0,0,0,0,0,0,{}
1774211203,normal,k3s-wk1,0.30988888888892285,0.7381315204918464,279.3333333333333,142.4,10428.066666666666,8404.6,0,9,2,0,8,0,"{""process_kprobe"": 8, ""process_exit"": 10, ""process_exec"": 9}"
1774211203,normal,sw-wk3,0.3454444444444259,0.380566696907479,6.0,6.6,2672.7,5458.7,0,0,0,0,0,0,{}
1774211203,normal,sw-wk2,0.1483333333333171,0.39984799982492125,0.0,0.0,5032.666666666667,4495.933333333333,0,0,0,0,0,0,{}
1774211213,normal,k3s-wk1,0.26222222222220604,0.7390829464464306,279.3333333333333,142.4,9268.033333333333,4897.933333333333,0,108,3,0,96,0,"{""process_exit"": 108, ""process_exec"": 108, ""process_kprobe"": 96}"
1774211213,normal,sw-wk3,0.3454444444444259,0.380566696907479,6.0,6.6,2672.7,5458.7,0,0,0,0,0,0,{}
1774211213,normal,sw-wk2,0.1483333333333171,0.39984799982492125,0.0,0.0,5032.666666666667,4495.933333333333,0,0,0,0,0,0,{}
1774211223,normal,k3s-wk1,0.26222222222220604,0.7390829464464306,279.3333333333333,142.4,9268.033333333333,4897.933333333333,0,12,2,0,11,0,"{""process_exit"": 12, ""process_exec"": 12, ""process_kprobe"": 11}"
1774211223,normal,sw-wk3,0.3454444444444259,0.380566696907479,6.0,6.6,2672.7,5458.7,0,1,1,0,0,0,"{""process_exit"": 1, ""process_exec"": 1}"
1774211223,normal,sw-wk2,0.07122222222224084,0.3986224486750718,5.133333333333333,5.0,513.7333333333333,4033.866666666667,0,0,0,0,0,0,{}
1774211233,normal,k3s-wk1,0.26222222222220604,0.7390829464464306,279.3333333333333,142.4,9268.033333333333,4897.933333333333,0,39,3,0,37,0,"{""process_kprobe"": 37, ""process_exit"": 39, ""process_exec"": 39}"
1774211233,normal,sw-wk3,0.38099999999998946,0.38055078069044546,4.466666666666667,6.0,2024.7666666666667,5418.833333333333,0,0,0,0,0,0,{}
1774211233,normal,sw-wk2,0.07122222222224084,0.3986224486750718,5.133333333333333,5.0,513.7333333333333,4033.866666666667,0,0,0,0,0,0,{}
1774211243,normal,k3s-wk1,0.2735555555555442,0.73942640726821,283.8,148.4,9746.3,4151.0,0,36,3,0,30,0,"{""process_exit"": 36, ""process_exec"": 36, ""process_kprobe"": 30}"
1774211243,normal,sw-wk3,0.38099999999998946,0.38055078069044546,4.466666666666667,6.0,2024.7666666666667,5418.833333333333,0,1,1,0,0,0,"{""process_exit"": 1, ""process_exec"": 1}"
1774211243,normal,sw-wk2,0.07122222222224084,0.3986224486750718,5.133333333333333,5.0,513.7333333333333,4033.866666666667,0,0,0,0,0,0,{}
1774211253,normal,k3s-wk1,0.2735555555555442,0.73942640726821,283.8,148.4,9746.3,4151.0,0,39,3,0,35,0,"{""process_exit"": 39, ""process_exec"": 39, ""process_kprobe"": 35}"
1774211253,normal,sw-wk3,0.38099999999998946,0.38055078069044546,4.466666666666667,6.0,2024.7666666666667,5418.833333333333,0,0,0,0,0,0,{}
1774211253,normal,sw-wk2,0.14272381841208726,0.39951375860223504,0.0,0.0,4924.338377441503,4497.900139990667,0,0,0,0,0,0,{}
1774211263,normal,k3s-wk1,0.2735555555555442,0.73942640726821,283.8,148.4,9746.3,4151.0,0,57,3,0,52,0,"{""process_kprobe"": 52, ""process_exit"": 57, ""process_exec"": 57}"
1774211263,normal,sw-wk3,0.40177777777779633,0.38053685400054116,0.0,0.0,2855.7,5565.933333333333,0,0,0,0,0,0,{}
1774211263,normal,sw-wk2,0.14272381841208726,0.39951375860223504,0.0,0.0,4924.338377441503,4497.900139990667,0,0,0,0,0,0,{}
1774211273,normal,k3s-wk1,0.27527053751968544,0.7378301698091358,279.31471235250984,142.39050729951336,9701.453236450903,6975.768282114525,0,21,2,0,15,0,"{""process_exit"": 21, ""process_exec"": 21, ""process_kprobe"": 15}"
1774211273,normal,sw-wk3,0.40177777777779633,0.38053685400054116,0.0,0.0,2855.7,5565.933333333333,0,0,0,0,0,0,{}
1774211273,normal,sw-wk2,0.14272381841208726,0.39951375860223504,0.0,0.0,4924.338377441503,4497.900139990667,0,0,0,0,0,0,{}
1774211283,normal,k3s-wk1,0.27527053751968544,0.7378301698091358,279.31471235250984,142.39050729951336,9701.453236450903,6975.768282114525,0,15,2,0,15,0,"{""process_exit"": 15, ""process_exec"": 15, ""process_kprobe"": 15}"
1774211283,normal,sw-wk3,0.40177777777779633,0.38053685400054116,0.0,0.0,2855.7,5565.933333333333,0,0,0,0,0,0,{}
1774211283,normal,sw-wk2,0.09471742560615881,0.4020643374563049,0.0,0.0,691.8794586305754,3906.093739582639,0,0,0,0,0,0,{}
1774211293,normal,k3s-wk1,0.27527053751968544,0.7378301698091358,279.31471235250984,142.39050729951336,9701.453236450903,6975.768282114525,0,12,2,0,14,0,"{""process_kprobe"": 14, ""process_exit"": 12, ""process_exec"": 12}"
1774211293,normal,sw-wk3,0.4074444444444453,0.380773607728915,0.0,0.0,2637.7,5220.333333333333,0,0,0,0,0,0,"{""process_exit"": 1}"
1774211293,normal,sw-wk2,0.09471742560615881,0.4020643374563049,0.0,0.0,691.8794586305754,3906.093739582639,0,0,0,0,0,0,{}
1774211303,normal,k3s-wk1,0.2799519967998756,0.7347863963195738,279.35195679711984,142.40949396626442,10034.002266817788,8398.126541769452,0,60,3,0,52,0,"{""process_exit"": 60, ""process_exec"": 60, ""process_kprobe"": 52}"
1774211303,normal,sw-wk3,0.4074444444444453,0.380773607728915,0.0,0.0,2637.7,5220.333333333333,0,1,1,0,0,0,"{""process_exit"": 3, ""process_exec"": 1}"
1774211303,normal,sw-wk2,0.09471742560615881,0.4020643374563049,0.0,0.0,691.8794586305754,3906.093739582639,0,0,0,0,0,0,{}
1774211313,normal,k3s-wk1,0.2799519967998756,0.7347863963195738,279.35195679711984,142.40949396626442,10034.002266817788,8398.126541769452,0,84,3,0,78,0,"{""process_exit"": 84, ""process_exec"": 84, ""process_kprobe"": 78}"
1774211313,normal,sw-wk3,0.4074444444444453,0.380773607728915,0.0,0.0,2637.7,5220.333333333333,0,0,0,0,0,0,{}
1774211313,normal,sw-wk2,0.15355555555555245,0.3979579452918741,4.466666666666667,6.000000000000001,5485.766666666666,4509.166666666667,0,0,0,0,0,0,{}
1774211323,normal,k3s-wk1,0.2799519967998756,0.7347863963195738,279.35195679711984,142.40949396626442,10034.002266817788,8398.126541769452,0,36,3,0,30,0,"{""process_exit"": 36, ""process_exec"": 36, ""process_kprobe"": 30}"
1774211323,normal,sw-wk3,0.20585719205855657,0.38010114755924806,0.0,0.0,6376.2290437622905,5779.02209779022,0,1,1,0,0,0,"{""process_exit"": 1, ""process_exec"": 1}"
1774211323,normal,sw-wk2,0.15355555555555245,0.3979579452918741,4.466666666666667,6.0,5485.766666666666,4509.166666666667,0,0,0,0,0,0,{}
1774211333,normal,k3s-wk1,0.30688888888883703,0.7350087904915306,279.3333333333333,142.4,9535.6,5861.8,0,36,3,0,30,0,"{""process_exit"": 36, ""process_exec"": 36, ""process_kprobe"": 30}"
1774211333,normal,sw-wk3,0.20585719205855657,0.38010114755924806,0.0,0.0,6376.2290437622905,5779.022097790221,0,0,0,0,0,0,{}
1774211333,normal,sw-wk2,0.15355555555555245,0.3979579452918741,4.466666666666667,6.0,5485.766666666666,4509.166666666667,0,0,0,0,0,0,{}
1774211343,normal,k3s-wk1,0.30688888888883714,0.7350087904915306,279.3333333333333,142.4,9535.6,5861.8,0,57,3,0,54,0,"{""process_kprobe"": 54, ""process_exit"": 57, ""process_exec"": 57}"
1774211343,normal,sw-wk3,0.20585719205855657,0.38010114755924806,0.0,0.0,6376.2290437622905,5779.022097790221,0,0,0,0,0,0,{}
1774211343,normal,sw-wk2,0.0755555555555677,0.4004528172754963,0.0,0.0,736.0333333333333,3962.2666666666664,0,0,0,0,0,0,{}
1774211353,normal,k3s-wk1,0.30688888888883714,0.7350087904915306,279.3333333333333,142.4,9535.6,5861.8,0,33,3,0,33,0,"{""process_exit"": 33, ""process_exec"": 33, ""process_kprobe"": 33}"
1774211353,normal,sw-wk3,0.10413263548578211,0.3803160164892009,0.0,0.0,3989.8323165649895,5393.005967263392,0,0,0,0,0,0,{}
1774211353,normal,sw-wk2,0.0755555555555677,0.4004528172754963,0.0,0.0,736.0333333333333,3962.2666666666664,0,0,0,0,0,0,{}
1774211363,normal,k3s-wk1,0.2733333333333575,0.7369274337028497,279.3333333333333,142.4,9694.633333333333,7686.233333333334,0,36,3,0,31,0,"{""process_exit"": 36, ""process_exec"": 36, ""process_kprobe"": 31}"
1774211363,normal,sw-wk3,0.10413263548578211,0.3803160164892009,0.0,0.0,3989.8323165649895,5393.005967263392,0,0,0,0,0,0,{}
1774211363,normal,sw-wk2,0.0755555555555677,0.4004528172754963,0.0,0.0,736.0333333333333,3962.2666666666664,0,0,0,0,0,0,{}
1774211373,normal,k3s-wk1,0.2733333333333575,0.7369274337028497,279.3333333333333,142.4,9694.633333333333,7686.233333333334,0,18,2,0,18,0,"{""process_exit"": 18, ""process_exec"": 18, ""process_kprobe"": 18}"
1774211373,normal,sw-wk3,0.10413263548578211,0.3803160164892009,0.0,0.0,3989.8323165649895,5393.005967263392,0,1,1,0,0,0,"{""process_exit"": 1, ""process_exec"": 1}"
1774211373,normal,sw-wk2,0.14244444444444115,0.4003990999361361,0.0,0.0,6146.466666666666,4705.3,0,0,0,0,0,0,{}
1774211383,normal,k3s-wk1,0.2733333333333575,0.7369274337028497,279.3333333333333,142.4,9694.633333333333,7686.233333333334,0,60,3,0,53,0,"{""process_exit"": 60, ""process_exec"": 60, ""process_kprobe"": 53}"
1774211383,normal,sw-wk3,0.1071111111111046,0.38030805838068404,0.0,0.0,2703.2,5186.833333333333,0,0,0,0,0,0,{}
1774211383,normal,sw-wk2,0.14244444444444115,0.4003990999361361,0.0,0.0,6146.466666666666,4705.3,0,0,0,0,0,0,{}
1774211393,normal,k3s-wk1,0.27711111111109654,0.7388908189369295,279.3333333333333,142.4,9376.1,6024.7,0,12,2,0,8,0,"{""process_exit"": 12, ""process_exec"": 12, ""process_kprobe"": 8}"
1774211393,normal,sw-wk3,0.1071111111111046,0.38030805838068404,0.0,0.0,2703.2,5186.833333333333,0,0,0,0,0,0,{}
1774211393,normal,sw-wk2,0.14244444444444115,0.4003990999361361,0.0,0.0,6146.466666666666,4705.3,0,0,0,0,0,0,{}
1774211403,normal,k3s-wk1,0.27711111111109654,0.7388908189369295,279.3333333333333,142.4,9376.1,6024.7,0,36,3,0,34,0,"{""process_exit"": 36, ""process_exec"": 36, ""process_kprobe"": 34}"
1774211403,normal,sw-wk3,0.1071111111111046,0.38030805838068404,0.0,0.0,2703.2,5186.833333333333,0,0,0,0,0,0,{}
1774211403,normal,sw-wk2,0.07664789076647238,0.40294967879020593,0.0,0.0,493.95060493950604,4004.8328500483285,0,0,0,0,0,0,{}
1774211413,normal,k3s-wk1,0.27711111111109654,0.7388908189369295,279.3333333333333,142.4,9376.1,6024.7,0,57,3,0,54,0,"{""process_exit"": 57, ""process_exec"": 57, ""process_kprobe"": 54}"
1774211413,normal,sw-wk3,0.11733333333334794,0.38041947189991887,0.0,0.0,2484.8,5006.933333333333,0,0,0,0,0,0,{}
1774211413,normal,sw-wk2,0.07664789076647238,0.40294967879020593,0.0,0.0,493.95060493950604,4004.8328500483285,0,0,0,0,0,0,{}
1774211423,normal,k3s-wk1,0.2844444444444282,0.7406936592658098,279.3333333333333,142.4,9432.0,8730.733333333334,0,18,2,0,12,0,"{""process_exit"": 18, ""process_exec"": 18, ""process_kprobe"": 12}"
1774211423,normal,sw-wk3,0.11733333333334794,0.38041947189991887,0.0,0.0,2484.8,5006.933333333333,0,1,1,0,0,0,"{""process_exit"": 1, ""process_exec"": 1}"
1774211423,normal,sw-wk2,0.07664789076647238,0.40294967879020593,0.0,0.0,493.95060493950604,4004.8328500483285,0,0,0,0,0,0,{}
1774211433,normal,k3s-wk1,0.2844444444444282,0.7406936592658098,279.3333333333333,142.4,9432.0,8730.733333333334,0,57,3,0,54,0,"{""process_exit"": 57, ""process_exec"": 57, ""process_kprobe"": 54}"
1774211433,normal,sw-wk3,0.11733333333334794,0.38041947189991887,0.0,0.0,2484.8,5006.933333333333,0,0,0,0,0,0,{}
1774211433,normal,sw-wk2,0.14269204698248006,0.40232297649766924,0.0,0.0,4846.718005133846,4378.271160449378,0,0,0,0,0,0,{}
1774211443,normal,k3s-wk1,0.2844444444444282,0.7406936592658098,279.3333333333333,142.4,9432.0,8730.733333333334,0,60,3,0,53,0,"{""process_exit"": 60, ""process_exec"": 60, ""process_kprobe"": 53}"
1774211443,normal,sw-wk3,0.11655555555553299,0.38065423610116345,0.0,0.0,2225.4333333333334,5094.266666666666,0,1,1,0,0,0,"{""process_exit"": 1, ""process_exec"": 1}"
1774211443,normal,sw-wk2,0.14269204698248006,0.40232297649766924,0.0,0.0,4846.718005133846,4378.271160449378,0,0,0,0,0,0,{}
1774211453,normal,k3s-wk1,0.25555555555555554,0.739879091263199,279.3333333333333,142.4,9208.0,1144.6666666666667,0,33,3,0,29,0,"{""process_exit"": 33, ""process_exec"": 33, ""process_kprobe"": 29}"
1774211453,normal,sw-wk3,0.11655555555553299,0.38065423610116345,0.0,0.0,2225.4333333333334,5094.266666666666,0,1,1,0,0,0,"{""process_exit"": 1, ""process_exec"": 1}"
1774211453,normal,sw-wk2,0.14269204698248006,0.40232297649766924,0.0,0.0,4846.718005133846,4378.271160449378,0,0,0,0,0,0,{}
1774211463,normal,k3s-wk1,0.25555555555555554,0.739879091263199,279.3333333333333,142.4,9208.0,1144.6666666666667,0,39,3,0,39,0,"{""process_kprobe"": 39, ""process_exit"": 39, ""process_exec"": 39}"
1774211463,normal,sw-wk3,0.11655555555553299,0.38065423610116345,0.0,0.0,2225.4333333333334,5094.266666666666,0,0,0,0,0,0,{}
1774211463,normal,sw-wk2,0.07272848476767169,0.40497502143719744,0.0,0.0,394.67368842077195,3936.6375574961667,0,0,0,0,0,0,{}
1774211473,normal,k3s-wk1,0.25555555555555554,0.739879091263199,279.3333333333333,142.4,9208.0,1144.6666666666667,0,39,3,0,37,0,"{""process_exit"": 39, ""process_exec"": 39, ""process_kprobe"": 37}"
1774211473,normal,sw-wk3,0.10155555555556939,0.380867115503987,0.0,0.0,2004.6666666666667,5355.133333333333,0,0,0,0,0,0,{}
1774211473,normal,sw-wk2,0.07272848476767169,0.40497502143719744,0.0,0.0,394.67368842077195,3936.6375574961667,0,0,0,0,0,0,{}
1774211484,normal,k3s-wk1,0.3336666666666538,0.7457297687100612,878.4333333333333,430.8666666666667,9803.133333333333,10435.666666666666,0,86,12,0,69,0,"{""process_exit"": 85, ""process_exec"": 86, ""process_kprobe"": 69}"
1774211484,normal,sw-wk3,0.10155555555556939,0.380867115503987,0.0,0.0,2004.6666666666667,5355.133333333333,0,0,0,0,0,0,{}
1774211484,normal,sw-wk2,0.07272848476767169,0.40497502143719744,0.0,0.0,394.67368842077195,3936.6375574961667,0,0,0,0,0,0,{}
1774211493,normal,k3s-wk1,0.3336666666666538,0.7457297687100612,878.4333333333333,430.8666666666667,9803.133333333333,10435.666666666666,0,87,4,0,78,0,"{""process_exit"": 87, ""process_exec"": 87, ""process_kprobe"": 78}"
1774211493,normal,sw-wk3,0.10155555555556939,0.380867115503987,0.0,0.0,2004.6666666666667,5355.133333333333,0,1,1,0,0,0,"{""process_exit"": 1, ""process_exec"": 1}"
1774211493,normal,sw-wk2,0.15233333333334376,0.39730537909520103,0.0,0.0,5465.033333333333,4567.233333333334,0,0,0,0,0,0,{}
1774211503,normal,k3s-wk1,0.3336666666666538,0.7457297687100612,878.4333333333333,430.8666666666667,9803.133333333333,10435.666666666666,0,36,4,0,28,0,"{""process_exit"": 37, ""process_exec"": 36, ""process_kprobe"": 28}"
1774211503,normal,sw-wk3,0.1315555555555572,0.3809646023333174,0.0,0.0,4432.233333333334,5227.533333333333,0,0,0,0,0,0,{}
1774211503,normal,sw-wk2,0.15233333333334376,0.39730537909520103,0.0,0.0,5465.033333333333,4567.233333333334,0,0,0,0,0,0,{}
1774211513,normal,k3s-wk1,0.29311111111116284,0.7441953805177441,145678.26666666666,1885.6666666666667,9185.366666666667,2082.633333333333,0,42,4,0,32,0,"{""process_exit"": 42, ""process_exec"": 42, ""process_kprobe"": 32}"
1774211513,normal,sw-wk3,0.1315555555555572,0.3809646023333174,0.0,0.0,4432.233333333334,5227.533333333333,0,1,1,0,0,0,"{""process_exit"": 1, ""process_exec"": 1}"
1774211513,normal,sw-wk2,0.15233333333334376,0.39730537909520103,0.0,0.0,5465.033333333333,4567.233333333334,0,0,0,0,0,0,{}
1774211523,normal,k3s-wk1,0.29311111111116284,0.7441953805177441,145678.26666666666,1885.6666666666667,9185.366666666667,2082.633333333333,0,40,4,0,33,0,"{""process_exit"": 40, ""process_exec"": 40, ""process_kprobe"": 33}"
1774211523,normal,sw-wk3,0.1315555555555572,0.3809646023333174,0.0,0.0,4432.233333333334,5227.533333333333,0,1,1,0,0,0,"{""process_exit"": 1, ""process_exec"": 1}"
1774211523,normal,sw-wk2,0.07716069960218352,0.39871794616726786,0.0,0.0,481.0654043602907,3997.7665177678514,0,0,0,0,0,0,{}
1774211533,normal,k3s-wk1,0.29311111111116284,0.7441953805177441,145678.26666666666,1885.6666666666667,9185.366666666667,2082.633333333333,0,59,4,0,56,0,"{""process_kprobe"": 56, ""process_exit"": 59, ""process_exec"": 59}"
1774211533,normal,sw-wk3,0.11244444444445334,0.3809466965891547,0.0,0.0,2209.866666666667,5538.566666666667,0,0,0,0,0,0,{}
1774211533,normal,sw-wk2,0.07716069960218352,0.39871794616726786,0.0,0.0,481.0654043602907,3997.7665177678514,0,0,0,0,0,0,{}
1774211543,normal,k3s-wk1,0.2893333333333027,0.7465667077240523,347.93333333333334,211.00000000000003,9807.2,4190.1,0,19,3,0,11,0,"{""process_exit"": 19, ""process_exec"": 19, ""process_kprobe"": 11}"
1774211543,normal,sw-wk3,0.11244444444445334,0.3809466965891547,0.0,0.0,2209.866666666667,5538.566666666667,0,0,0,0,0,0,{}
1774211543,normal,sw-wk2,0.07716069960218352,0.39871794616726786,0.0,0.0,481.0654043602907,3997.7665177678514,0,0,0,0,0,0,{}
1774211553,normal,k3s-wk1,0.2893333333333027,0.7465667077240523,347.93333333333334,211.0,9807.2,4190.1,0,57,4,0,54,0,"{""process_kprobe"": 54, ""process_exit"": 58, ""process_exec"": 57}"
1774211553,normal,sw-wk3,0.11244444444445334,0.3809466965891547,0.0,0.0,2209.866666666667,5538.566666666667,0,0,0,0,0,0,{}
1774211553,normal,sw-wk2,0.14222222222223435,0.3957237018807037,0.0,0.0,4869.7,4516.533333333333,0,0,0,0,0,0,{}
1774211563,normal,k3s-wk1,0.2893333333333027,0.7465667077240523,347.93333333333334,211.0,9807.2,4190.1,0,21,3,0,13,0,"{""process_exec"": 21, ""process_kprobe"": 13, ""process_exit"": 20}"
1774211563,normal,sw-wk3,0.11544444444445823,0.38106606821690625,0.0,0.0,2633.4333333333334,4899.5,0,0,0,0,0,0,{}
1774211563,normal,sw-wk2,0.14222222222223435,0.3957237018807037,0.0,0.0,4869.7,4516.533333333333,0,0,0,0,0,0,{}
1774211573,normal,k3s-wk1,0.2914444444444396,0.7457929339186642,344.66666666666674,207.73333333333332,9260.433333333332,6735.9,0,15,3,0,8,0,"{""process_exit"": 15, ""process_exec"": 15, ""process_kprobe"": 8}"
1774211573,normal,sw-wk3,0.11544444444445823,0.38106606821690625,0.0,0.0,2633.4333333333334,4899.5,0,1,1,0,0,0,"{""process_exit"": 1, ""process_exec"": 1}"
1774211573,normal,sw-wk2,0.14222222222223435,0.3957237018807037,0.0,0.0,4869.7,4516.533333333333,0,0,0,0,0,0,{}
1774211583,normal,k3s-wk1,0.2914444444444396,0.7457929339186642,344.6666666666667,207.73333333333332,9260.433333333332,6735.9,0,8,3,0,8,0,"{""process_kprobe"": 8, ""process_exit"": 8, ""process_exec"": 8}"
1774211583,normal,sw-wk3,0.11544444444445823,0.38106606821690625,0.0,0.0,2633.4333333333334,4899.5,0,0,0,0,0,0,{}
1774211583,normal,sw-wk2,0.07600000000000162,0.39737302315217327,0.0,0.0,702.9,3931.2666666666664,0,0,0,0,0,0,{}
1774211593,normal,k3s-wk1,0.2914444444444396,0.7457929339186642,344.6666666666667,207.73333333333332,9260.433333333332,6735.9,0,63,4,0,57,0,"{""process_exit"": 63, ""process_exec"": 63, ""process_kprobe"": 57}"
1774211593,normal,sw-wk3,0.11111111111109084,0.3813008324181508,0.0,0.0,3328.7666666666664,5440.766666666666,0,1,1,0,0,0,"{""process_exit"": 1, ""process_exec"": 1}"
1774211593,normal,sw-wk2,0.07600000000000162,0.39737302315217327,0.0,0.0,702.9,3931.2666666666664,0,0,0,0,0,0,{}
1774211603,normal,k3s-wk1,0.3092222222222012,0.7452257629830823,338.1333333333333,201.2,9510.3,5209.166666666667,0,21,3,0,13,0,"{""process_exit"": 21, ""process_exec"": 21, ""process_kprobe"": 13}"
1774211603,normal,sw-wk3,0.11111111111109084,0.3813008324181508,0.0,0.0,3328.7666666666664,5440.766666666666,0,0,0,0,0,0,{}
1774211603,normal,sw-wk2,0.07600000000000162,0.39737302315217327,0.0,0.0,702.9,3931.2666666666664,0,0,0,0,0,0,{}
1774211613,normal,k3s-wk1,0.3092222222222012,0.7452257629830823,338.1333333333333,201.2,9510.3,5209.166666666667,0,34,4,0,32,0,"{""process_exit"": 36, ""process_exec"": 34, ""process_kprobe"": 32}"
1774211613,normal,sw-wk3,0.11111111111109084,0.3813008324181508,0.0,0.0,3328.7666666666664,5440.766666666666,0,0,0,0,0,0,{}
1774211613,normal,sw-wk2,0.14066666666666505,0.39434694636821044,0.0,0.0,5243.066666666667,4580.566666666667,0,0,0,0,0,0,{}
1774211624,normal,k3s-wk1,0.3092222222222012,0.7452257629830823,338.1333333333333,201.2,9510.3,5209.166666666667,0,75,3,0,69,0,"{""process_exit"": 75, ""process_exec"": 75, ""process_kprobe"": 69}"
1774211624,normal,sw-wk3,0.1326711993956191,0.38004544079963076,0.0,0.0,3494.6673776829757,5146.113851486469,0,1,1,0,0,0,"{""process_exit"": 1, ""process_exec"": 1}"
1774211624,normal,sw-wk2,0.14066666666666505,0.39434694636821044,0.0,0.0,5243.066666666667,4580.566666666667,0,0,0,0,0,0,{}
1774211634,normal,k3s-wk1,0.3128888888889275,0.7445177862699892,508.3666666666667,264.96666666666664,9335.833333333334,7008.966666666666,0,39,3,0,33,0,"{""process_exit"": 39, ""process_exec"": 39, ""process_kprobe"": 33}"
1774211634,normal,sw-wk3,0.1326711993956191,0.38004544079963076,0.0,0.0,3494.6673776829757,5146.113851486469,0,1,1,0,0,0,"{""process_exit"": 1, ""process_exec"": 1}"
1774211634,normal,sw-wk2,0.14066666666666505,0.39434694636821044,0.0,0.0,5243.066666666667,4580.566666666667,0,0,0,0,0,0,{}
1774211644,normal,k3s-wk1,0.31288888888892774,0.7445177862699892,508.3666666666667,264.96666666666664,9335.833333333334,7008.966666666666,0,15,2,0,16,0,"{""process_kprobe"": 16, ""process_exit"": 15, ""process_exec"": 15}"
1774211644,normal,sw-wk3,0.12210516957816597,0.3801329799933152,4.467262301640218,6.000800106680891,4294.939325243366,5782.070942792372,0,1,1,0,0,0,"{""process_exit"": 1, ""process_exec"": 1}"
1774211644,normal,sw-wk2,0.08977777777777696,0.3968457974140075,4.466666666666667,6.000000000000001,1166.2666666666667,4011.2,0,0,0,0,0,0,{}
1774211654,normal,k3s-wk1,0.31288888888892774,0.7445177862699892,508.3666666666667,264.96666666666664,9335.833333333334,7008.966666666666,0,15,2,0,14,0,"{""process_exit"": 15, ""process_exec"": 15, ""process_kprobe"": 14}"
1774211654,normal,sw-wk3,0.12210516957816597,0.3801329799933152,4.467262301640218,6.000800106680891,4294.939325243366,5782.070942792372,0,0,0,0,0,0,{}
1774211654,normal,sw-wk2,0.08977777777777696,0.3968457974140075,4.466666666666667,6.0,1166.2666666666667,4011.2,0,0,0,0,0,0,{}
1774211664,normal,k3s-wk1,0.26899999999999025,0.744700702186569,281.3333333333333,144.4,10411.566666666666,8161.133333333333,0,36,3,0,30,0,"{""process_exit"": 36, ""process_exec"": 36, ""process_kprobe"": 30}"
1774211664,normal,sw-wk3,0.12210516957816597,0.3801329799933152,4.467262301640218,6.000800106680891,4294.939325243366,5782.070942792372,0,0,0,0,0,0,{}
1774211664,normal,sw-wk2,0.08977777777777696,0.3968457974140075,4.466666666666667,6.0,1166.2666666666667,4011.2,0,0,0,0,0,0,{}
1774211674,normal,k3s-wk1,0.26899999999999025,0.744700702186569,281.3333333333333,144.4,10411.566666666666,8161.133333333333,0,12,2,0,12,0,"{""process_exit"": 12, ""process_exec"": 12, ""process_kprobe"": 12}"
1774211674,normal,sw-wk3,0.12077777777778664,0.38036376514030146,0.0,0.0,2710.9,4928.933333333333,0,0,0,0,0,0,{}
1774211674,normal,sw-wk2,0.14405706286248643,0.39513679020991543,0.0,0.0,6176.588227451503,4736.084261049264,0,0,0,0,0,0,{}
1774211684,normal,k3s-wk1,0.26899999999999025,0.744700702186569,281.3333333333333,144.4,10411.566666666666,8161.133333333333,0,39,3,0,33,0,"{""process_exit"": 39, ""process_exec"": 39, ""process_kprobe"": 33}"
1774211684,normal,sw-wk3,0.12077777777778664,0.38036376514030146,0.0,0.0,2710.9,4928.933333333333,0,1,1,0,0,0,"{""process_exit"": 1, ""process_exec"": 1}"
1774211684,normal,sw-wk2,0.14405706286248643,0.39513679020991543,0.0,0.0,6176.588227451503,4736.084261049264,0,0,0,0,0,0,{}
1774211694,normal,k3s-wk1,0.263222222222248,0.7446572761056544,281.3333333333333,144.4,9258.766666666666,5788.0,0,57,3,0,50,0,"{""process_exit"": 57, ""process_exec"": 57, ""process_kprobe"": 50}"
1774211694,normal,sw-wk3,0.12077777777778664,0.38036376514030146,0.0,0.0,2710.9,4928.933333333333,0,0,0,0,0,0,{}
1774211694,normal,sw-wk2,0.14405706286248643,0.39513679020991543,0.0,0.0,6176.588227451503,4736.084261049264,0,0,0,0,0,0,{}
1774211704,normal,k3s-wk1,0.263222222222248,0.7446572761056544,281.3333333333333,144.4,9258.766666666666,5788.0,0,36,3,0,34,0,"{""process_kprobe"": 34, ""process_exit"": 36, ""process_exec"": 36}"
1774211704,normal,sw-wk3,0.11966666666665138,0.3800116188384345,0.0,0.0,2019.0,5173.533333333333,0,0,0,0,0,0,{}
1774211704,normal,sw-wk2,0.0748272107029333,0.3976893585950727,0.0,0.0,357.5905060337356,3911.694112940863,0,0,0,0,0,0,{}
1774211714,normal,k3s-wk1,0.263222222222248,0.7446572761056544,281.3333333333333,144.4,9258.766666666666,5788.0,0,30,3,0,30,0,"{""process_exit"": 31, ""process_exec"": 30, ""process_kprobe"": 30}"
1774211714,normal,sw-wk3,0.11966666666665138,0.3800116188384345,0.0,0.0,2019.0,5173.533333333333,0,1,1,0,0,0,"{""process_exit"": 1, ""process_exec"": 1}"
1774211714,normal,sw-wk2,0.0748272107029333,0.3976893585950727,0.0,0.0,357.5905060337356,3911.694112940863,0,0,0,0,0,0,{}
1774211724,normal,k3s-wk1,0.29855555555550384,0.743784806661824,283.2,147.0,9700.233333333334,8793.7,0,42,3,0,36,0,"{""process_exec"": 42, ""process_kprobe"": 36, ""process_exit"": 41}"
1774211724,normal,sw-wk3,0.11966666666665138,0.3800116188384345,0.0,0.0,2019.0,5173.533333333333,0,0,0,0,0,0,{}
1774211724,normal,sw-wk2,0.0748272107029333,0.3976893585950727,0.0,0.0,357.5905060337356,3911.694112940863,0,0,0,0,0,0,{}
1774211734,normal,k3s-wk1,0.29855555555550384,0.743784806661824,283.2,147.0,9700.233333333334,8793.7,0,36,3,0,36,0,"{""process_kprobe"": 36, ""process_exit"": 36, ""process_exec"": 36}"
1774211734,normal,sw-wk3,0.10961491456127825,0.38035978608604304,0.0,0.0,2650.6899540030663,5370.375308312779,0,1,1,0,0,0,"{""process_exit"": 1, ""process_exec"": 1}"
1774211734,normal,sw-wk2,0.14777777777776968,0.3943747998034344,5.133333333333333,5.0,4983.866666666667,4467.9,0,0,0,0,0,0,{}
1774211744,normal,k3s-wk1,0.29855555555550384,0.743784806661824,283.2,147.0,9700.233333333334,8793.7,0,36,3,0,30,0,"{""process_exit"": 36, ""process_exec"": 36, ""process_kprobe"": 30}"
1774211744,normal,sw-wk3,0.10961491456127825,0.38035978608604304,0.0,0.0,2650.6899540030663,5370.375308312779,0,0,0,0,0,0,{}
1774211744,normal,sw-wk2,0.14777777777776968,0.3943747998034344,5.133333333333333,5.0,4983.866666666667,4467.9,0,0,0,0,0,0,{}
1774211754,normal,k3s-wk1,0.2723333333333561,0.7433913400499006,279.3333333333333,142.4,9008.033333333333,1200.5333333333333,0,35,3,0,30,0,"{""process_exit"": 35, ""process_exec"": 35, ""process_kprobe"": 30}"
1774211754,normal,sw-wk3,0.10961491456127825,0.38035978608604304,0.0,0.0,2650.6899540030663,5370.375308312779,0,1,1,0,0,0,"{""process_exit"": 1, ""process_exec"": 1}"
1774211754,normal,sw-wk2,0.14777777777776968,0.3943747998034344,5.133333333333333,5.0,4983.866666666667,4467.9,0,0,0,0,0,0,{}
1774211764,normal,k3s-wk1,0.2723333333333561,0.7433913400499006,279.3333333333333,142.4,9008.033333333333,1200.5333333333333,0,34,3,0,32,0,"{""process_exit"": 34, ""process_exec"": 34, ""process_kprobe"": 32}"
1774211764,normal,sw-wk3,0.14294286285751245,0.39257946171353997,52809.35851167856,975.2650176678446,5860.257350490033,5857.823854923662,0,2,2,0,1,0,"{""process_exec"": 2, ""process_kprobe"": 1}"
1774211764,normal,sw-wk2,0.0738888888888849,0.39758192391635216,0.0,0.0,383.6666666666667,3940.0,0,0,0,0,0,0,{}
1774211774,normal,k3s-wk1,0.2723333333333561,0.7433913400499006,279.3333333333333,142.4,9008.033333333333,0.0,0,102,3,0,97,0,"{""process_exit"": 102, ""process_exec"": 102, ""process_kprobe"": 97}"
1774211774,normal,sw-wk3,0.14294286285751245,0.39257946171353997,69698.89527412939,975.2650176678446,5860.257350490033,5857.823854923662,0,6,5,0,0,0,"{""process_exec"": 6, ""process_exit"": 6}"
1774211774,normal,sw-wk2,0.0738888888888849,0.39758192391635216,0.0,0.0,383.6666666666667,3940.0,0,0,0,0,0,0,{}
1774211784,normal,k3s-wk1,0.315444444444438,0.7400764825400836,279.3333333333333,142.4,11762.833333333334,12918.533333333333,0,12,2,0,8,0,"{""process_exit"": 12, ""process_exec"": 12, ""process_kprobe"": 8}"
1774211784,normal,sw-wk3,0.14294286285751245,0.39257946171353997,86336.04804431407,975.2650176678446,5860.257350490033,5857.823854923662,0,0,0,0,0,0,{}
1774211784,normal,sw-wk2,0.0738888888888849,0.39758192391635216,0.0,0.0,383.6666666666667,3940.0,0,0,0,0,0,0,{}
1774211794,transition,k3s-wk1,0.315444444444438,0.7400764825400836,279.3333333333333,142.4,11762.833333333334,12918.533333333333,9,18,2,0,16,0,"{""process_kprobe"": 16, ""process_exit"": 18, ""process_exec"": 18}"
1774211794,transition,sw-wk3,0.0,0.39257946171353997,0.0,0.0,0.0,0.0,9,1,1,0,0,0,"{""process_exit"": 1, ""process_exec"": 1}"
1774211794,transition,sw-wk2,0.15311111111111841,0.3970546981781864,0.0,0.0,5438.966666666666,4438.9,9,0,0,0,0,0,{}
1774211804,normal,k3s-wk1,0.315444444444438,0.7400764825400836,279.3333333333333,142.4,11762.833333333334,12918.533333333333,0,54,3,0,49,0,"{""process_exit"": 55, ""process_exec"": 54, ""process_kprobe"": 49}"
1774211804,normal,sw-wk3,0.12766666666666426,0.3847307771888777,42123.26666666666,357.73333333333335,2780.3,6892.4,0,0,0,0,0,0,{}
1774211804,normal,sw-wk2,0.15311111111111841,0.3970546981781864,0.0,0.0,5438.966666666666,4438.9,0,0,0,0,0,0,{}
1774211814,normal,k3s-wk1,0.2536666666666457,0.7401607028182211,279.3333333333333,142.4,9476.6,1621.7333333333333,0,33,3,0,29,0,"{""process_exit"": 33, ""process_exec"": 33, ""process_kprobe"": 29}"
1774211814,normal,sw-wk3,0.12766666666666426,0.3847307771888777,42123.26666666666,357.73333333333335,2780.3,6892.4,0,0,0,0,0,0,{}
1774211814,normal,sw-wk2,0.15311111111111841,0.3970546981781864,0.0,0.0,5438.966666666666,4438.9,0,0,0,0,0,0,{}
1774211824,transition,k3s-wk1,0.2536666666666457,0.7401607028182211,279.3333333333333,142.4,9476.6,1621.7333333333333,9,15,2,0,16,0,"{""process_kprobe"": 16, ""process_exit"": 15, ""process_exec"": 15}"
1774211824,transition,sw-wk3,0.0,0.3847307771888777,0.0,0.0,0.0,0.0,9,0,0,0,0,0,{}
1774211824,transition,sw-wk2,0.07455555555556614,0.399975329814516,0.0,0.0,438.23333333333335,3978.6,9,0,0,0,0,0,{}
1774211834,normal,k3s-wk1,0.2536666666666457,0.7401607028182211,279.3333333333333,142.4,9476.6,1621.7333333333333,0,39,3,0,36,0,"{""process_exit"": 39, ""process_exec"": 39, ""process_kprobe"": 36}"
1774211834,normal,sw-wk3,0.11250361087039529,0.38494365659170127,0.0,0.0,2172.321845210319,5227.718152123191,0,1,1,0,0,0,"{""process_exit"": 1, ""process_exec"": 1}"
1774211834,normal,sw-wk2,0.07455555555556614,0.399975329814516,0.0,0.0,438.23333333333335,3978.6,0,0,0,0,0,0,{}
1774211844,normal,k3s-wk1,0.292777777777802,0.7405831201507542,279.3333333333333,142.4,10023.066666666666,8983.233333333334,0,15,2,0,10,0,"{""process_exit"": 15, ""process_exec"": 15, ""process_kprobe"": 10}"
1774211844,normal,sw-wk3,0.11250361087039529,0.38494365659170127,0.0,0.0,2172.321845210319,5227.718152123191,0,0,0,0,0,0,{}
1774211844,normal,sw-wk2,0.07455555555556614,0.399975329814516,0.0,0.0,438.23333333333335,3978.6,0,0,0,0,0,0,{}
1774211854,transition,k3s-wk1,0.292777777777802,0.7405831201507542,279.3333333333333,142.4,10023.066666666666,8983.233333333334,10,81,3,0,76,0,"{""process_kprobe"": 76, ""process_exit"": 81, ""process_exec"": 81}"
1774211854,transition,sw-wk3,0.0,0.38494365659170127,0.0,0.0,0.0,0.0,10,0,0,0,0,0,{}
1774211854,transition,sw-wk2,0.1402795369197294,0.39487019304420146,0.0,0.0,4933.871075261649,4394.973668422105,10,0,0,0,0,0,{}
1774211864,normal,k3s-wk1,0.292777777777802,0.7405831201507542,279.3333333333333,142.4,10023.066666666666,8983.233333333334,0,39,3,0,33,0,"{""process_exit"": 39, ""process_exec"": 39, ""process_kprobe"": 33}"
1774211864,normal,sw-wk3,0.11738560348467342,0.3850869025450031,0.0,0.0,3024.701646776452,5619.641309420628,0,0,0,0,0,0,{}
1774211864,normal,sw-wk2,0.1402795369197294,0.39487019304420146,0.0,0.0,4933.871075261649,4394.973668422105,0,0,0,0,0,0,{}
1774211874,normal,k3s-wk1,0.2660000000000259,0.7427925865100169,279.3333333333333,142.4,9175.033333333333,1567.5333333333333,0,36,3,0,30,0,"{""process_exit"": 36, ""process_exec"": 36, ""process_kprobe"": 30}"
1774211874,normal,sw-wk3,0.11738560348467342,0.3850869025450031,0.0,0.0,3024.701646776452,5619.641309420628,0,1,1,0,0,0,"{""process_exit"": 1, ""process_exec"": 1}"
1774211874,normal,sw-wk2,0.1402795369197294,0.39487019304420146,0.0,0.0,4933.871075261649,4394.973668422105,0,0,0,0,0,0,{}
1774211884,transition,k3s-wk1,0.2660000000000259,0.7427925865100169,279.3333333333333,142.4,9175.033333333333,1567.5333333333333,10,33,3,0,32,0,"{""process_kprobe"": 32, ""process_exit"": 33, ""process_exec"": 33}"
1774211884,transition,sw-wk3,0.0,0.3850869025450031,0.0,0.0,0.0,0.0,10,0,0,0,0,0,{}
1774211884,transition,sw-wk2,0.07601092532143838,0.3967761638259478,0.0,0.0,715.2754646592499,3927.653054426754,10,0,0,0,0,0,{}
1774211894,normal,k3s-wk1,0.2660000000000259,0.7427925865100169,279.3333333333333,142.4,0.0,0.0,0,33,3,0,33,0,"{""process_exit"": 33, ""process_exec"": 33, ""process_kprobe"": 33}"
1774211894,normal,sw-wk3,0.11944444444444446,0.38506103869232355,0.0,0.0,4784.133333333333,5648.7,0,1,1,0,0,0,"{""process_exit"": 3, ""process_exec"": 1}"
1774211894,normal,sw-wk2,0.07601092532143816,0.3967761638259478,0.0,0.0,715.2754646592499,3927.653054426754,0,0,0,0,0,0,{}
1774211904,normal,k3s-wk1,0.2955417970396823,0.7434163429449725,278.94281339458087,142.20091871380066,10854.137540776244,15192.164303308702,0,9,2,0,7,0,"{""process_exit"": 9, ""process_exec"": 9, ""process_kprobe"": 7}"
1774211904,normal,sw-wk3,0.11944444444444446,0.38506103869232355,0.0,0.0,4784.133333333333,5648.7,0,0,0,0,0,0,{}
1774211904,normal,sw-wk2,0.07601092532143816,0.3967761638259478,0.0,0.0,715.2754646592499,3927.653054426754,0,0,0,0,0,0,{}
1774211914,normal,k3s-wk1,0.2955417970396823,0.7434163429449725,278.94281339458087,142.20091871380066,10854.137540776244,15192.164303308698,0,12,2,0,15,0,"{""process_kprobe"": 15, ""process_exit"": 12, ""process_exec"": 12}"
1774211914,normal,sw-wk3,0.1347777777777891,0.38337193015963966,0.0,0.0,5483.266666666666,5675.1,0,0,0,0,0,0,{}
1774211914,normal,sw-wk2,0.15093290635354162,0.3993347008043674,0.0,0.0,5643.205017012475,4517.412769364199,0,0,0,0,0,0,{}
1774211924,normal,k3s-wk1,0.2955417970396823,0.7434163429449725,278.94281339458087,142.20091871380066,10854.137540776244,15192.164303308698,0,84,3,0,74,0,"{""process_exit"": 84, ""process_exec"": 84, ""process_kprobe"": 74}"
1774211924,normal,sw-wk3,0.134777777777789,0.38337193015963966,0.0,0.0,5483.266666666666,5675.1,0,1,1,0,0,0,"{""process_exit"": 1, ""process_exec"": 1}"
1774211924,normal,sw-wk2,0.15093290635354173,0.3993347008043674,0.0,0.0,5643.205017012475,4517.412769364199,0,0,0,0,0,0,{}
1774211934,normal,k3s-wk1,0.27086810423483065,0.7443677688995568,279.7249482608986,142.59963949529342,9116.496428333,1417.7515187929769,0,15,2,0,10,0,"{""process_exit"": 15, ""process_exec"": 15, ""process_kprobe"": 10}"
1774211934,normal,sw-wk3,0.1347777777777891,0.38337193015963966,0.0,0.0,5483.266666666666,5675.1,0,1,1,0,0,0,"{""process_exit"": 1, ""process_exec"": 1}"
1774211934,normal,sw-wk2,0.15093290635354173,0.3993347008043674,0.0,0.0,5643.205017012475,4517.412769364199,0,0,0,0,0,0,{}
1774211944,normal,k3s-wk1,0.27086810423483065,0.7443677688995568,279.7249482608986,142.59963949529342,9116.496428333,1417.7515187929769,0,30,3,0,30,0,"{""process_kprobe"": 30, ""process_exit"": 30, ""process_exec"": 30}"
1774211944,normal,sw-wk3,0.11955555555553754,0.3836882649731812,0.0,0.0,3534.0,5599.966666666666,0,0,0,0,0,0,{}
1774211944,normal,sw-wk2,0.07749405515922791,0.398204647146714,0.0,0.0,508.967264484299,4047.6031735449033,0,0,0,0,0,0,{}
1774211954,normal,k3s-wk1,0.27086810423483065,0.7443677688995568,279.7249482608986,142.59963949529342,9116.496428333,1417.7515187929769,0,33,3,0,33,0,"{""process_exit"": 33, ""process_exec"": 33, ""process_kprobe"": 33}"
1774211954,normal,sw-wk3,0.11955555555553776,0.3836882649731812,0.0,0.0,3534.0,5599.966666666666,0,0,0,0,0,0,{}
1774211954,normal,sw-wk2,0.07749405515922791,0.398204647146714,0.0,0.0,508.967264484299,4047.6031735449033,0,0,0,0,0,0,{}
1774211964,normal,k3s-wk1,0.2633333333333009,0.7457942498605101,283.8,148.4,9900.8,7778.2,0,12,2,0,8,0,"{""process_exit"": 12, ""process_exec"": 12, ""process_kprobe"": 8}"
1774211964,normal,sw-wk3,0.11955555555553776,0.3836882649731812,0.0,0.0,3534.0,5599.966666666666,0,1,1,0,0,0,"{""process_exit"": 1, ""process_exec"": 1}"
1774211964,normal,sw-wk2,0.07749405515922791,0.398204647146714,0.0,0.0,508.967264484299,4047.6031735449033,0,0,0,0,0,0,{}
1774211974,normal,k3s-wk1,0.263333333333301,0.7457942498605101,283.8,148.4,9900.8,7778.2,0,57,3,0,54,0,"{""process_kprobe"": 54, ""process_exit"": 57, ""process_exec"": 57}"
1774211974,normal,sw-wk3,0.11411111111111594,0.38367632781040606,0.0,0.0,3225.8,5152.266666666666,0,0,0,0,0,0,{}
1774211974,normal,sw-wk2,0.15244444444447758,0.3977351178100833,0.0,0.0,6497.3,4704.933333333333,0,0,0,0,0,0,{}
1774211984,normal,k3s-wk1,0.263333333333301,0.7457942498605101,283.8,148.4,9900.8,7778.2,0,18,2,0,14,0,"{""process_exit"": 18, ""process_exec"": 18, ""process_kprobe"": 14}"
1774211984,normal,sw-wk3,0.11411111111111594,0.38367632781040606,0.0,0.0,3225.8,5152.266666666666,0,1,1,0,0,0,"{""process_exit"": 1, ""process_exec"": 1}"
1774211984,normal,sw-wk2,0.15244444444447758,0.3977351178100833,0.0,0.0,6497.3,4704.933333333333,0,0,0,0,0,0,{}
1774211994,normal,k3s-wk1,0.2697777777778053,0.7442624935518849,279.3333333333333,142.40000000000003,9539.466666666667,5885.7,0,12,2,0,10,0,"{""process_kprobe"": 10, ""process_exit"": 12, ""process_exec"": 12}"
1774211994,normal,sw-wk3,0.11411111111111594,0.38367632781040606,0.0,0.0,3225.8,5152.266666666666,0,0,0,0,0,0,{}
1774211994,normal,sw-wk2,0.15244444444447758,0.3977351178100833,0.0,0.0,6497.3,4704.933333333333,0,0,0,0,0,0,{}
1774212004,normal,k3s-wk1,0.2697777777778053,0.7442624935518849,279.3333333333333,142.4,9539.466666666667,5885.7,0,36,3,0,35,0,"{""process_exit"": 36, ""process_exec"": 36, ""process_kprobe"": 35}"
1774212004,normal,sw-wk3,0.1279470257538411,0.3841339190501202,0.0,0.0,2031.8645423638422,5412.905806279581,0,1,1,0,0,0,"{""process_exit"": 1, ""process_exec"": 1}"
1774212004,normal,sw-wk2,0.09266666666664802,0.39926506721630783,0.0,0.0,351.3666666666667,3925.5,0,0,0,0,0,0,{}
1774212014,normal,k3s-wk1,0.2697777777778053,0.7442624935518849,279.3333333333333,142.4,9539.466666666667,5885.7,0,18,2,0,16,0,"{""process_exit"": 18, ""process_exec"": 18, ""process_kprobe"": 16}"
1774212014,normal,sw-wk3,0.1279470257538411,0.3841339190501202,0.0,0.0,2031.8645423638422,5412.905806279581,0,0,0,0,0,0,{}
1774212014,normal,sw-wk2,0.09266666666664802,0.39926506721630783,0.0,0.0,351.3666666666667,3925.5,0,0,0,0,0,0,{}
1774212024,normal,k3s-wk1,0.28355555555552003,0.7434689806188085,279.3333333333333,142.4,9697.466666666667,8859.333333333334,0,57,3,0,50,0,"{""process_exit"": 57, ""process_exec"": 57, ""process_kprobe"": 50}"
1774212024,normal,sw-wk3,0.1279470257538411,0.3841339190501202,0.0,0.0,2031.8645423638422,5412.905806279581,0,1,1,0,0,0,"{""process_exit"": 1, ""process_exec"": 1}"
1774212024,normal,sw-wk2,0.09266666666664802,0.39926506721630783,0.0,0.0,351.3666666666667,3925.5,0,0,0,0,0,0,{}
1774212034,normal,k3s-wk1,0.28355555555552003,0.7434689806188085,279.3333333333333,142.4,9697.466666666667,8859.333333333334,0,36,3,0,34,0,"{""process_exit"": 36, ""process_exec"": 36, ""process_kprobe"": 34}"
1774212034,normal,sw-wk3,0.11327421828120676,0.38397674640691404,3.0002000133342226,3.0002000133342226,2678.8452563504234,5162.044136275752,0,0,0,0,0,0,{}
1774212034,normal,sw-wk2,0.15294535919829844,0.3983817154134942,0.0,0.0,4998.800079994667,4457.836144257049,0,0,0,0,0,0,{}
1774212044,normal,k3s-wk1,0.28355555555552003,0.7434689806188085,279.3333333333333,142.4,9697.466666666667,0.0,0,12,2,0,9,0,"{""process_exit"": 12, ""process_exec"": 12, ""process_kprobe"": 9}"
1774212044,normal,sw-wk3,0.11327421828120654,0.38397674640691404,3.0002000133342226,3.0002000133342226,2678.8452563504234,5162.044136275752,0,0,0,0,0,0,{}
1774212044,normal,sw-wk2,0.15294535919829844,0.3983817154134942,0.0,0.0,4998.800079994667,4457.836144257049,0,0,0,0,0,0,{}
1774212054,normal,k3s-wk1,0.26211111111111274,0.7428149575213971,282.3333333333333,145.4,9132.4,1370.1,0,33,3,0,28,0,"{""process_exit"": 33, ""process_exec"": 33, ""process_kprobe"": 28}"
1774212054,normal,sw-wk3,0.11327421828120654,0.38397674640691404,3.0002000133342226,3.0002000133342226,2678.8452563504234,5162.044136275752,0,0,0,0,0,0,{}
1774212054,normal,sw-wk2,0.15294535919829844,0.3983817154134942,0.0,0.0,4998.800079994667,4457.836144257049,0,0,0,0,0,0,{}
1774212064,normal,k3s-wk1,0.26211111111111274,0.7428149575213971,282.3333333333333,145.4,9132.4,1370.1,0,33,3,0,32,0,"{""process_kprobe"": 32, ""process_exit"": 33, ""process_exec"": 33}"
1774212064,normal,sw-wk3,0.12733333333334385,0.38368030686466437,6.6,8.0,3544.3333333333335,5028.7,0,0,0,0,0,0,{}
1774212064,normal,sw-wk2,0.07311111111109003,0.40001710996735185,0.0,0.0,434.8666666666667,3967.4,0,0,0,0,0,0,{}
1774212074,normal,k3s-wk1,0.26211111111111274,0.7428149575213971,282.3333333333333,145.4,9132.4,1370.1,0,18,2,0,17,0,"{""process_exit"": 18, ""process_exec"": 18, ""process_kprobe"": 17}"
1774212074,normal,sw-wk3,0.12733333333334373,0.38368030686466437,6.6,8.0,3544.3333333333335,5028.7,0,0,0,0,0,0,{}
1774212074,normal,sw-wk2,0.07311111111109003,0.40001710996735185,0.0,0.0,434.8666666666667,3967.4,0,0,0,0,0,0,{}
1774212084,normal,k3s-wk1,0.35455555555559437,0.7406370737664361,279.3333333333333,142.4,9589.966666666667,7318.833333333333,0,39,3,0,34,0,"{""process_exit"": 39, ""process_exec"": 39, ""process_kprobe"": 34}"
1774212084,normal,sw-wk3,0.12733333333334385,0.38368030686466437,6.6,8.0,3544.3333333333335,5028.7,0,1,1,0,0,0,"{""process_exit"": 1, ""process_exec"": 1}"
1774212084,normal,sw-wk2,0.07311111111109003,0.40001710996735185,0.0,0.0,434.8666666666667,3967.4,0,0,0,0,0,0,{}
1774212094,normal,k3s-wk1,0.35455555555559437,0.7406370737664361,279.3333333333333,142.4,9589.966666666667,7318.833333333333,0,33,3,0,33,0,"{""process_exit"": 33, ""process_exec"": 33, ""process_kprobe"": 33}"
1774212094,normal,sw-wk3,0.10233333333334382,0.38862229225357714,0.0,0.0,2752.0000000000005,5142.5,0,0,0,0,0,0,{}
1774212094,normal,sw-wk2,0.17227815187679418,0.4024125053966031,2.1334755650376693,21.734782318821257,6537.702513500901,4899.626641776119,0,0,0,0,0,0,{}
1774212104,normal,k3s-wk1,0.35455555555559437,0.7406370737664361,279.3333333333333,142.4,9589.966666666667,0.0,0,18,2,0,12,0,"{""process_exit"": 19, ""process_exec"": 18, ""process_kprobe"": 12}"
1774212104,normal,sw-wk3,0.10233333333334382,0.38862229225357714,0.0,0.0,2752.0,5142.5,0,0,0,0,0,0,{}
1774212104,normal,sw-wk2,0.17227815187679418,0.4024125053966031,2.1334755650376693,21.734782318821257,6537.702513500901,4899.626641776119,0,0,0,0,0,0,{}
1774212114,normal,k3s-wk1,0.26411111111107555,0.7411173925401888,277.2,140.4,9584.733333333334,5885.6,0,36,3,0,31,0,"{""process_exit"": 36, ""process_exec"": 36, ""process_kprobe"": 31}"
1774212114,normal,sw-wk3,0.10233333333334382,0.38862229225357714,0.0,0.0,2752.0,5142.5,0,0,0,0,0,0,{}
1774212114,normal,sw-wk2,0.17227815187679418,0.4024125053966031,2.1334755650376693,21.734782318821257,6537.702513500901,4899.626641776119,0,0,0,0,0,0,{}
1774212124,normal,k3s-wk1,0.26411111111107555,0.7411173925401888,277.2,140.4,9584.733333333334,5885.6,0,54,3,0,51,0,"{""process_exit"": 54, ""process_exec"": 54, ""process_kprobe"": 51}"
1774212124,normal,sw-wk3,0.11177777777777209,0.3854390488468701,0.0,0.0,2025.0333333333333,4910.9,0,0,0,0,0,0,{}
1774212124,normal,sw-wk2,0.07950581072374574,0.4049531365952359,9.999333377774814,19.732017865475633,507.66615558962735,4289.9806679554695,0,0,0,0,0,0,{}
1774212134,normal,k3s-wk1,0.26411111111107555,0.7411173925401888,277.2,140.4,0.0,0.0,0,33,3,0,33,0,"{""process_exit"": 33, ""process_exec"": 33, ""process_kprobe"": 33}"
1774212134,normal,sw-wk3,0.11177777777777209,0.3854390488468701,0.0,0.0,2025.0333333333333,4910.900000000001,0,1,1,0,0,0,"{""process_exit"": 1, ""process_exec"": 1}"
1774212134,normal,sw-wk2,0.07950581072374574,0.4049531365952359,9.999333377774814,19.732017865475633,507.66615558962735,4289.9806679554695,0,0,0,0,0,0,{}
1774212144,normal,k3s-wk1,0.2780000000000049,0.7444401457010812,263.93333333333334,134.6,9837.1,4323.966666666666,0,36,3,0,31,0,"{""process_exit"": 36, ""process_exec"": 36, ""process_kprobe"": 31}"
1774212144,normal,sw-wk3,0.11177777777777209,0.3854390488468701,0.0,0.0,2025.0333333333333,4910.9,0,0,0,0,0,0,{}
1774212144,normal,sw-wk2,0.07950581072374574,0.4049531365952359,9.999333377774814,19.732017865475633,507.66615558962735,4289.9806679554695,0,0,0,0,0,0,{}
1774212154,normal,k3s-wk1,0.2780000000000049,0.7444401457010812,263.93333333333334,134.6,9837.1,4323.966666666666,0,19,3,0,16,0,"{""process_exit"": 19, ""process_exec"": 19, ""process_kprobe"": 16}"
1774212154,normal,sw-wk3,0.11303671610284993,0.38540323735854465,0.0,0.0,2849.9583402766207,5263.356107315448,0,0,0,0,0,0,{}
1774212154,normal,sw-wk2,0.14016489988220293,0.4020245468345566,14.60097339822655,20.334688979265287,4865.1576771784785,4755.6503766917795,0,0,0,0,0,0,{}
1774212164,normal,k3s-wk1,0.2780000000000049,0.7444401457010812,263.93333333333334,134.6,0.0,0.0,0,26,2,0,24,0,"{""process_kprobe"": 24, ""process_exit"": 26, ""process_exec"": 26}"
1774212164,normal,sw-wk3,0.11303671610284993,0.38540323735854465,0.0,0.0,2849.9583402766207,5263.356107315448,0,0,0,0,0,0,{}
1774212164,normal,sw-wk2,0.14016489988220293,0.4020245468345566,14.60097339822655,20.334688979265287,4865.1576771784785,4755.6503766917795,0,0,0,0,0,0,{}
1774212174,normal,k3s-wk1,0.2651111111111176,0.744326974702334,284.46666666666664,147.6,9409.033333333333,5942.466666666666,0,36,3,0,32,0,"{""process_exit"": 36, ""process_exec"": 36, ""process_kprobe"": 32}"
1774212174,normal,sw-wk3,0.11303671610284993,0.38540323735854465,0.0,0.0,2849.9583402766207,5263.356107315448,0,0,0,0,0,0,{}
1774212174,normal,sw-wk2,0.14016489988220293,0.4020245468345566,14.60097339822655,20.334688979265287,4865.1576771784785,4755.6503766917795,0,0,0,0,0,0,{}
1774212184,normal,k3s-wk1,0.2651111111111176,0.744326974702334,284.46666666666664,147.6,9409.033333333333,5942.466666666666,0,15,2,0,15,0,"{""process_kprobe"": 15, ""process_exit"": 15, ""process_exec"": 15}"
1774212184,normal,sw-wk3,0.12941045729845735,0.38563203297840165,0.0,0.0,3617.036172695449,4983.597266211035,0,0,0,0,0,0,{}
1774212184,normal,sw-wk2,0.0773333333333236,0.40314664236786035,6.133333333333335,14.333333333333334,518.9,4347.8,0,0,0,0,0,0,{}
1774212194,normal,k3s-wk1,0.2651111111111176,0.744326974702334,284.46666666666664,0.0,0.0,0.0,0,54,3,0,52,0,"{""process_exit"": 54, ""process_exec"": 54, ""process_kprobe"": 52}"
1774212194,normal,sw-wk3,0.12941045729845713,0.38563203297840165,0.0,0.0,3617.036172695449,4983.597266211034,0,1,1,0,0,0,"{""process_exit"": 1, ""process_exec"": 1}"
1774212194,normal,sw-wk2,0.0773333333333236,0.40314664236786035,6.133333333333333,14.333333333333334,518.9,4347.8,0,0,0,0,0,0,{}
1774212204,normal,k3s-wk1,0.29411111111108357,0.7351088020718188,256.6666666666667,127.39999999999999,10148.4,11503.6,0,36,3,0,31,0,"{""process_exit"": 36, ""process_exec"": 36, ""process_kprobe"": 31}"
1774212204,normal,sw-wk3,0.12941045729845735,0.38563203297840165,0.0,0.0,3617.036172695449,4983.597266211034,0,0,0,0,0,0,{}
1774212204,normal,sw-wk2,0.0773333333333236,0.40314664236786035,6.133333333333333,14.333333333333334,518.9,4347.8,0,0,0,0,0,0,{}
1774212214,normal,k3s-wk1,0.29411111111108357,0.7351088020718188,256.6666666666667,127.39999999999999,10148.4,11503.6,0,36,3,0,34,0,"{""process_kprobe"": 34, ""process_exit"": 36, ""process_exec"": 36}"
1774212214,normal,sw-wk3,0.10522222222221489,0.38569768737366505,0.0,0.0,3198.933333333334,5488.5,0,1,1,0,0,0,"{""process_exit"": 1, ""process_exec"": 1}"
1774212214,normal,sw-wk2,0.14077777777777856,0.40216580354176323,8.133333333333333,14.333333333333334,6237.166666666667,4738.266666666666,0,0,0,0,0,0,{}
1774212224,normal,k3s-wk1,0.29411111111108357,0.7351088020718188,0.0,0.0,0.0,3892.7666666666664,0,54,3,0,49,0,"{""process_exit"": 54, ""process_exec"": 54, ""process_kprobe"": 49}"
1774212224,normal,sw-wk3,0.10522222222221489,0.38569768737366505,0.0,0.0,3198.9333333333334,5488.5,0,0,0,0,0,0,{}
1774212224,normal,sw-wk2,0.14077777777777856,0.40216580354176323,8.133333333333333,14.333333333333334,6237.166666666667,4738.266666666666,0,0,0,0,0,0,{}
1774212235,normal,k3s-wk1,0.2788888888889536,0.7350798513512091,481.3333333333333,240.03333333333333,9401.1,3892.7666666666664,0,39,3,0,33,0,"{""process_exit"": 39, ""process_exec"": 39, ""process_kprobe"": 33}"
1774212235,normal,sw-wk3,0.10522222222221489,0.38569768737366505,0.0,0.0,3198.9333333333334,5488.5,0,0,0,0,0,0,{}
1774212235,normal,sw-wk2,0.14077777777777856,0.40216580354176323,8.133333333333333,14.333333333333334,6237.166666666667,4738.266666666666,0,0,0,0,0,0,{}
1774212245,normal,k3s-wk1,0.2788888888889536,0.7350798513512091,481.3333333333333,240.03333333333333,9401.1,3892.7666666666664,0,9,2,0,9,0,"{""process_kprobe"": 9, ""process_exit"": 9, ""process_exec"": 9}"
1774212245,normal,sw-wk3,0.15655555555555722,0.3857514046061532,0.0,0.0,1941.5333333333333,4875.966666666666,0,0,0,0,0,0,{}
1774212245,normal,sw-wk2,0.09977045144550745,0.400655749446413,3.9921487740776476,5.189793406300941,2299.74383712033,4184.204398017233,0,0,0,0,0,0,{}
1774212255,normal,k3s-wk1,0.2788888888889536,0.7350798513512091,0.0,131.4,9589.066666666666,9035.866666666667,0,36,3,0,35,0,"{""process_exit"": 36, ""process_exec"": 36, ""process_kprobe"": 35}"
1774212255,normal,sw-wk3,0.15655555555555722,0.3857514046061532,0.0,0.0,1941.5333333333333,4875.966666666666,0,0,0,0,0,0,{}
1774212255,normal,sw-wk2,0.09977045144550745,0.400655749446413,3.9921487740776476,5.189793406300941,2299.74383712033,4184.204398017233,0,0,0,0,0,0,{}
1774212265,normal,k3s-wk1,0.274777777777773,0.7361233932350062,255.66666666666666,131.4,9589.066666666666,9035.866666666667,0,48,3,0,45,0,"{""process_exit"": 48, ""process_exec"": 48, ""process_kprobe"": 45}"
1774212265,normal,sw-wk3,0.15655555555555722,0.3857514046061532,0.0,0.0,1941.5333333333333,4875.966666666666,0,1,1,0,0,0,"{""process_exit"": 1, ""process_exec"": 1}"
1774212265,normal,sw-wk2,0.09977045144550745,0.400655749446413,3.9921487740776476,5.189793406300941,2299.74383712033,4184.204398017233,0,0,0,0,0,0,{}
1774212275,normal,k3s-wk1,0.274777777777773,0.7361233932350062,255.66666666666666,131.4,9589.066666666666,9035.866666666667,0,63,3,0,60,0,"{""process_exit"": 63, ""process_exec"": 63, ""process_kprobe"": 60}"
1774212275,normal,sw-wk3,0.09111111111111914,0.38611349854366617,0.0,0.0,4876.033333333333,5470.533333333333,0,0,0,0,0,0,{}
1774212275,normal,sw-wk2,0.14353784665397185,0.40012852370824725,0.0,0.0,6489.996994088375,4710.2969172706335,0,0,0,0,0,0,{}
1774212286,transition,k3s-wk1,0.0,0.7361681352577667,232.2872238843975,118.59443631039532,9886.179896874402,4574.256795467567,11,6,2,0,4,0,"{""process_exit"": 6, ""process_exec"": 6, ""process_kprobe"": 4}"
1774212286,transition,sw-wk3,0.09111111111111914,0.38611349854366617,0.0,0.0,4876.033333333333,5470.533333333333,11,0,0,0,0,0,{}
1774212286,transition,sw-wk2,0.14353784665397162,0.40012852370824725,0.0,0.0,6489.996994088375,4710.2969172706335,11,0,0,0,0,0,{}
1774212296,normal,k3s-wk1,0.2750440299615745,0.7361681352577667,232.28722388439743,118.59443631039532,9886.179896874404,4574.256795467567,0,36,3,0,31,0,"{""process_exit"": 36, ""process_exec"": 36, ""process_kprobe"": 31}"
1774212296,normal,sw-wk3,0.09111111111111914,0.38611349854366617,0.0,0.0,4876.033333333333,5470.533333333333,0,0,0,0,0,0,{}
1774212296,normal,sw-wk2,0.07717263293556753,0.402255332440697,0.0,0.0,539.1973868408772,3980.9346043597093,0,0,0,0,0,0,{}
1774212306,normal,k3s-wk1,0.2750440299615745,0.7361681352577667,232.2872238843975,118.59443631039532,9886.179896874404,4574.256795467567,0,12,2,0,11,0,"{""process_kprobe"": 11, ""process_exit"": 12, ""process_exec"": 12}"
1774212306,normal,sw-wk3,0.12966666666666748,0.3857235512263445,0.0,0.0,2334.866666666667,4901.066666666667,0,0,0,0,0,0,{}
1774212306,normal,sw-wk2,0.07717263293556753,0.402255332440697,0.0,0.0,539.1973868408772,3980.9346043597093,0,0,0,0,0,0,{}
1774212316,normal,k3s-wk1,0.299909033657518,0.7357773005295349,288.71317612483375,150.93415436288575,9245.08431880204,9261.528234553214,0,33,3,0,33,0,"{""process_exit"": 33, ""process_exec"": 33, ""process_kprobe"": 33}"
1774212316,normal,sw-wk3,0.12966666666666748,0.3857235512263445,0.0,0.0,2334.866666666667,4901.0666666666675,0,1,1,0,0,0,"{""process_exit"": 1, ""process_exec"": 1}"
1774212316,normal,sw-wk2,0.07717263293556753,0.402255332440697,0.0,0.0,539.1973868408772,3980.9346043597093,0,0,0,0,0,0,{}
1774212326,normal,k3s-wk1,0.299909033657518,0.7357773005295349,288.71317612483375,150.9341543628857,9245.08431880204,9261.528234553214,0,12,2,0,9,0,"{""process_exit"": 12, ""process_exec"": 12, ""process_kprobe"": 9}"
1774212326,normal,sw-wk3,0.12966666666666748,0.3857235512263445,0.0,0.0,2334.866666666667,4901.066666666667,0,0,0,0,0,0,{}
1774212326,normal,sw-wk2,0.14872102584616098,0.39737103362108583,0.0,0.0,4939.929328621908,4462.597506500434,0,0,0,0,0,0,{}
1774212336,normal,k3s-wk1,0.299909033657518,0.7357773005295349,288.71317612483375,150.9341543628857,9245.08431880204,9261.528234553214,0,15,2,0,13,0,"{""process_kprobe"": 13, ""process_exit"": 15, ""process_exec"": 15}"
1774212336,normal,sw-wk3,0.09099999999998554,0.38494564611883053,0.0,0.0,2488.0666666666666,5221.533333333335,0,0,0,0,0,0,{}
1774212336,normal,sw-wk2,0.14872102584616098,0.39737103362108583,0.0,0.0,4939.929328621908,4462.597506500434,0,0,0,0,0,0,{}
1774212346,normal,k3s-wk1,0.2484444444444509,0.7347416542968133,283.8,148.4,8946.1,1576.7333333333333,0,12,2,0,9,0,"{""process_exit"": 12, ""process_exec"": 12, ""process_kprobe"": 9}"
1774212346,normal,sw-wk3,0.09099999999998554,0.38494564611883053,0.0,0.0,2488.0666666666666,5221.533333333335,0,0,0,0,0,0,{}
1774212346,normal,sw-wk2,0.14872102584616098,0.39737103362108583,0.0,0.0,4939.929328621908,4462.597506500434,0,0,0,0,0,0,{}
1774212356,normal,k3s-wk1,0.2484444444444509,0.7347416542968133,283.8,148.4,8946.1,1576.7333333333333,0,33,3,0,30,0,"{""process_exit"": 33, ""process_exec"": 33, ""process_kprobe"": 30}"
1774212356,normal,sw-wk3,0.09099999999998554,0.38494564611883053,0.0,0.0,2488.0666666666666,5221.533333333333,0,1,1,0,0,0,"{""process_exit"": 1, ""process_exec"": 1}"
1774212356,normal,sw-wk2,0.07499999999999996,0.39991962294406835,0.0,0.0,615.0,4047.7999999999997,0,0,0,0,0,0,{}
1774212366,normal,k3s-wk1,0.2484444444444509,0.7347416542968133,283.8,148.4,8946.1,1576.7333333333333,0,39,3,0,37,0,"{""process_exit"": 39, ""process_exec"": 39, ""process_kprobe"": 37}"
1774212366,normal,sw-wk3,0.14200000000000723,0.3827472186410734,0.0,7.3999999999999995,5236.066666666667,6472.333333333333,0,6,5,0,2,2,"{""process_exec"": 6, ""process_exit"": 6, ""process_kprobe"": 2}"
1774212366,normal,sw-wk2,0.07499999999999996,0.39991962294406835,0.0,0.0,615.0000000000001,4047.7999999999997,0,0,0,0,0,0,{}
1774212376,normal,k3s-wk1,0.29644444444448803,0.7272460495425785,277.2,140.4,12002.133333333333,7964.4000000000015,0,76,3,0,71,0,"{""process_exit"": 76, ""process_exec"": 76, ""process_kprobe"": 71}"
1774212376,normal,sw-wk3,0.14200000000000712,0.3827472186410734,0.0,7.3999999999999995,5236.066666666667,6472.333333333333,0,2,2,0,1,0,"{""process_exit"": 2, ""process_exec"": 2, ""process_kprobe"": 1}"
1774212376,normal,sw-wk2,0.07499999999999996,0.39991962294406835,0.0,0.0,615.0,4047.7999999999997,0,0,0,0,0,0,{}
1774212386,normal,k3s-wk1,0.29644444444448803,0.7272460495425785,277.20000000000005,140.4,12002.133333333333,7964.4,0,38,3,0,34,0,"{""process_kprobe"": 34, ""process_exit"": 38, ""process_exec"": 38}"
1774212386,normal,sw-wk3,0.14200000000000723,0.3827472186410734,0.0,7.3999999999999995,5236.066666666667,6472.333333333333,0,10,5,0,5,4,"{""process_exit"": 14, ""process_exec"": 10, ""process_kprobe"": 5}"
1774212386,normal,sw-wk2,0.15094549252274014,0.40027972807089096,0.0,0.0,5279.948003466436,4460.002666488901,0,0,0,0,0,0,{}
1774212396,normal,k3s-wk1,0.29644444444448803,0.7272460495425785,277.2,140.4,12002.133333333333,7964.4,0,12,2,0,11,0,"{""process_kprobe"": 11, ""process_exit"": 12, ""process_exec"": 12}"
1774212396,normal,sw-wk3,0.12222222222222223,0.3813684763405434,35.6,55.03333333333333,3112.4666666666667,10203.866666666667,0,2,2,0,1,0,"{""process_exit"": 2, ""process_exec"": 2, ""process_kprobe"": 1}"
1774212396,normal,sw-wk2,0.15094549252274014,0.40027972807089096,0.0,0.0,5279.948003466436,4460.002666488901,0,0,0,0,0,0,{}
1774212406,normal,k3s-wk1,0.26377777777775513,0.7268644264072682,279.33333333333337,142.4,15055.533333333333,6146.966666666666,0,15,2,0,11,0,"{""process_exit"": 16, ""process_exec"": 15, ""process_kprobe"": 11}"
1774212406,normal,sw-wk3,0.12222222222222212,0.3813684763405434,35.6,55.03333333333333,3112.4666666666667,10203.866666666667,0,6,5,0,3,2,"{""process_exit"": 8, ""process_exec"": 6, ""process_kprobe"": 3}"
1774212406,normal,sw-wk2,0.15094549252274014,0.40027972807089096,0.0,0.0,5279.948003466436,4460.002666488901,0,0,0,0,0,0,{}
1774212416,normal,k3s-wk1,0.26377777777775513,0.7268644264072682,279.3333333333333,142.4,15055.533333333333,6146.966666666668,0,18,2,0,13,0,"{""process_exit"": 18, ""process_exec"": 18, ""process_kprobe"": 13}"
1774212416,normal,sw-wk3,0.12222222222222223,0.3813684763405434,35.6,55.03333333333333,3112.4666666666667,10203.866666666667,0,7,5,0,3,2,"{""process_exit"": 9, ""process_exec"": 7, ""process_kprobe"": 3}"
1774212416,normal,sw-wk2,0.09580791751386963,0.4013739701689709,0.0,0.0,381.6206126462451,3925.2691576947427,0,0,0,0,0,0,{}
1774212426,normal,k3s-wk1,0.26377777777775513,0.7268644264072682,279.3333333333333,142.4,15055.533333333333,6146.966666666666,0,36,3,0,33,0,"{""process_kprobe"": 33, ""process_exit"": 36, ""process_exec"": 36}"
1774212426,normal,sw-wk3,0.12077777777776655,0.3815176908752328,62.0,64.46666666666667,2189.1666666666665,10521.366666666667,0,6,5,0,3,2,"{""process_exit"": 8, ""process_exec"": 6, ""process_kprobe"": 3}"
1774212426,normal,sw-wk2,0.09580791751386963,0.4013739701689709,0.0,0.0,381.6206126462451,3925.2691576947427,0,0,0,0,0,0,{}
1774212436,normal,k3s-wk1,0.27055555555553923,0.7304885302508711,279.33333333333337,142.4,14882.3,4337.866666666668,0,36,3,0,35,0,"{""process_exit"": 36, ""process_exec"": 36, ""process_kprobe"": 35}"
1774212436,normal,sw-wk3,0.12077777777776655,0.3815176908752328,62.0,64.46666666666667,2189.166666666667,10521.366666666667,0,4,3,0,2,2,"{""process_exit"": 6, ""process_exec"": 4, ""process_kprobe"": 2}"
1774212436,normal,sw-wk2,0.09580791751386963,0.4013739701689709,0.0,0.0,381.6206126462451,3925.2691576947427,0,0,0,0,0,0,{}
1774212446,normal,k3s-wk1,0.27055555555553934,0.7304885302508711,279.3333333333333,142.40000000000003,14882.3,4337.866666666667,0,81,3,0,74,0,"{""process_exit"": 81, ""process_exec"": 81, ""process_kprobe"": 74}"
1774212446,normal,sw-wk3,0.12077777777776655,0.3815176908752328,62.0,64.46666666666667,2189.1666666666665,10521.366666666667,0,6,5,0,2,1,"{""process_exit"": 8, ""process_exec"": 6, ""process_kprobe"": 2}"
1774212446,normal,sw-wk2,0.143247658099119,0.40038915228069893,0.0,0.0,5000.0666733339995,4605.527219388605,0,0,0,0,0,0,{}
1774212456,normal,k3s-wk1,0.27055555555553934,0.7304885302508711,279.3333333333333,142.4,14882.3,4337.866666666667,0,10,2,0,11,0,"{""process_kprobe"": 11, ""process_exit"": 10, ""process_exec"": 10}"
1774212456,normal,sw-wk3,0.1443333333333512,0.38179025609193207,33.0,39.63333333333333,2939.1666666666665,9876.833333333334,0,3,3,0,2,1,"{""process_exit"": 3, ""process_exec"": 3, ""process_kprobe"": 2}"
1774212456,normal,sw-wk2,0.14324765809911888,0.40038915228069893,0.0,0.0,5000.0666733339995,4605.527219388605,0,0,0,0,0,0,{}
1774212466,normal,k3s-wk1,0.2786036486456427,0.7303332491130552,279.31471235250984,142.39050729951336,14041.863875741617,6159.722685154323,0,14,2,0,10,0,"{""process_kprobe"": 10, ""process_exit"": 14, ""process_exec"": 14}"
1774212466,normal,sw-wk3,0.1443333333333512,0.38179025609193207,33.0,39.63333333333333,2939.1666666666665,9876.833333333334,0,9,5,0,4,3,"{""process_exit"": 13, ""process_exec"": 9, ""process_kprobe"": 4}"
1774212466,normal,sw-wk2,0.143247658099119,0.40038915228069893,0.0,0.0,5000.0666733339995,4605.527219388605,0,0,0,0,0,0,{}
1774212476,normal,k3s-wk1,0.2786036486456427,0.7303332491130552,279.31471235250984,142.39050729951336,14041.863875741617,6159.722685154323,0,15,2,0,11,0,"{""process_exit"": 15, ""process_exec"": 15, ""process_kprobe"": 11}"
1774212476,normal,sw-wk3,0.1443333333333512,0.38179025609193207,33.0,39.63333333333333,2939.1666666666665,9876.833333333334,0,6,5,0,3,2,"{""process_exit"": 8, ""process_exec"": 6, ""process_kprobe"": 3}"
1774212476,normal,sw-wk2,0.07922222222223363,0.4019947038682453,0.0,0.0,489.6666666666667,3997.2,0,0,0,0,0,0,{}
1774212486,normal,k3s-wk1,0.2786036486456427,0.7303332491130552,279.31471235250984,142.39050729951336,14041.863875741617,6159.722685154323,0,36,3,0,33,0,"{""process_exit"": 36, ""process_exec"": 36, ""process_kprobe"": 33}"
1774212486,normal,sw-wk3,0.12166666666665449,0.38243685240891945,14.000000000000004,44.4,4296.766666666666,11152.366666666667,0,4,3,0,2,1,"{""process_exit"": 4, ""process_exec"": 4, ""process_kprobe"": 2}"
1774212486,normal,sw-wk2,0.07922222222223363,0.4019947038682453,0.0,0.0,489.6666666666667,3997.2,0,0,0,0,0,0,{}
1774212496,normal,k3s-wk1,0.3155099228837235,0.7331256777100507,279.35195679711984,142.40949396626442,15752.983532235483,11680.345356357091,0,39,3,0,37,0,"{""process_exit"": 39, ""process_exec"": 39, ""process_kprobe"": 37}"
1774212496,normal,sw-wk3,0.12166666666665449,0.38243685240891945,14.0,44.4,4296.766666666666,11152.366666666667,0,6,5,0,3,2,"{""process_exit"": 8, ""process_exec"": 6, ""process_kprobe"": 3}"
1774212496,normal,sw-wk2,0.07922222222223363,0.4019947038682453,0.0,0.0,489.6666666666667,3997.2,0,0,0,0,0,0,{}
1774212506,normal,k3s-wk1,0.3155099228837235,0.7331256777100507,279.35195679711984,142.40949396626442,15752.983532235483,11680.345356357091,0,12,2,0,10,0,"{""process_exit"": 12, ""process_exec"": 12, ""process_kprobe"": 10}"
1774212506,normal,sw-wk3,0.12166666666665449,0.38243685240891945,14.0,44.4,4296.766666666666,11152.366666666667,0,5,4,0,3,2,"{""process_exit"": 7, ""process_exec"": 5, ""process_kprobe"": 3}"
1774212506,normal,sw-wk2,0.13877777777777534,0.3987975274107646,4.466666666666667,6.0,5475.933333333333,4464.533333333334,0,0,0,0,0,0,{}
1774212516,normal,k3s-wk1,0.3155099228837235,0.7331256777100507,279.35195679711984,142.40949396626442,15752.983532235483,11680.345356357091,0,36,3,0,32,0,"{""process_exit"": 36, ""process_exec"": 36, ""process_kprobe"": 32}"
1774212516,normal,sw-wk3,0.1430000000000089,0.38185193143293705,20.133333333333333,31.599999999999998,5244.666666666668,9365.566666666666,0,1,1,0,0,0,"{""process_exit"": 3, ""process_exec"": 1}"
1774212516,normal,sw-wk2,0.13877777777777534,0.3987975274107646,4.466666666666667,6.0,5475.933333333333,4464.533333333333,0,0,0,0,0,0,{}
1774212526,normal,k3s-wk1,0.26122222222224467,0.7395119434881934,279.3333333333333,142.4,11471.233333333334,4167.7,0,18,2,0,13,0,"{""process_exit"": 18, ""process_exec"": 18, ""process_kprobe"": 13}"
1774212526,normal,sw-wk3,0.1430000000000089,0.38185193143293705,20.133333333333333,31.599999999999998,5244.666666666667,9365.56666666667,0,1,1,0,0,0,"{""process_exit"": 1, ""process_exec"": 1}"
1774212526,normal,sw-wk2,0.13877777777777534,0.3987975274107646,4.466666666666667,6.0,5475.933333333333,4464.533333333333,0,0,0,0,0,0,{}
1774212536,normal,k3s-wk1,0.26122222222224467,0.7395119434881934,279.3333333333333,142.4,11471.233333333334,4167.7,0,30,3,0,29,0,"{""process_kprobe"": 29, ""process_exit"": 30, ""process_exec"": 30}"
1774212536,normal,sw-wk3,0.1430000000000089,0.38185193143293705,20.133333333333333,31.599999999999998,5244.666666666667,9365.566666666666,0,0,0,0,0,0,{}
1774212536,normal,sw-wk2,0.0855555555555435,0.39858066852223595,0.0,0.0,832.9,3954.1666666666665,0,0,0,0,0,0,{}
1774212546,normal,k3s-wk1,0.2612222222222448,0.7395119434881934,279.3333333333333,142.4,11471.233333333334,4167.7,0,54,3,0,53,0,"{""process_exit"": 54, ""process_exec"": 54, ""process_kprobe"": 53}"
1774212546,normal,sw-wk3,0.11322222222220768,0.3818161199446115,6.0,0.0,1909.9666666666667,5067.033333333335,0,1,1,0,0,0,"{""process_exit"": 1, ""process_exec"": 1}"
1774212546,normal,sw-wk2,0.0855555555555435,0.39858066852223595,0.0,0.0,832.9,3954.1666666666665,0,0,0,0,0,0,{}
1774212556,normal,k3s-wk1,0.2702222222222189,0.7401238564465359,279.3333333333333,142.40000000000003,9713.833333333334,6919.633333333333,0,54,3,0,52,0,"{""process_exit"": 54, ""process_exec"": 54, ""process_kprobe"": 52}"
1774212556,normal,sw-wk3,0.11322222222220768,0.3818161199446115,6.0,0.0,1909.9666666666667,5067.033333333335,0,0,0,0,0,0,{}
1774212556,normal,sw-wk2,0.0855555555555435,0.39858066852223595,0.0,0.0,832.9,3954.1666666666665,0,0,0,0,0,0,{}
1774212566,normal,k3s-wk1,0.2702222222222189,0.7401238564465359,279.33333333333337,142.4,9713.833333333334,6919.633333333333,0,36,3,0,32,0,"{""process_exit"": 36, ""process_exec"": 36, ""process_kprobe"": 32}"
1774212566,normal,sw-wk3,0.11322222222220768,0.3818161199446115,6.0,0.0,1909.9666666666667,5067.033333333333,0,0,0,0,0,0,{}
1774212566,normal,sw-wk2,0.144555555555558,0.4029715636321676,0.0,0.0,5308.8,4581.733333333334,0,0,0,0,0,0,{}
1774212576,normal,k3s-wk1,0.2702222222222189,0.7401238564465359,279.3333333333333,142.4,9713.833333333334,6919.633333333333,0,36,3,0,32,0,"{""process_exit"": 36, ""process_exec"": 36, ""process_kprobe"": 32}"
1774212576,normal,sw-wk3,0.1200000000000121,0.3823552817966226,0.0,0.0,4785.866666666667,5451.233333333334,0,0,0,0,0,0,{}
1774212576,normal,sw-wk2,0.144555555555558,0.4029715636321676,0.0,0.0,5308.8,4581.733333333334,0,0,0,0,0,0,{}
1774212587,normal,k3s-wk1,0.26682665600073374,0.7419924938677109,279.31471235250984,142.39050729951336,9318.745416972202,6775.348310112659,0,15,3,0,10,0,"{""process_exit"": 16, ""process_exec"": 15, ""process_kprobe"": 10}"
1774212587,normal,sw-wk3,0.1200000000000121,0.3823552817966226,0.0,0.0,4785.866666666667,5451.233333333334,0,0,0,0,0,0,{}
1774212587,normal,sw-wk2,0.144555555555558,0.4029715636321676,0.0,0.0,5308.8,4581.733333333334,0,0,0,0,0,0,{}
1774212596,normal,k3s-wk1,0.26682665600073374,0.7419924938677109,279.31471235250984,142.39050729951336,9318.745416972202,6775.348310112659,0,54,3,0,49,0,"{""process_exec"": 54, ""process_kprobe"": 49, ""process_exit"": 53}"
1774212596,normal,sw-wk3,0.1200000000000121,0.3823552817966226,0.0,0.0,4785.866666666667,5451.233333333334,0,1,1,0,0,0,"{""process_exit"": 1, ""process_exec"": 1}"
1774212596,normal,sw-wk2,0.07722222222223019,0.4026015108499078,0.0,0.0,1644.3999999999999,4140.266666666666,0,0,0,0,0,0,{}
1774212606,normal,k3s-wk1,0.26682665600073374,0.7419924938677109,279.31471235250984,142.39050729951336,9318.745416972202,6775.348310112659,0,15,2,0,13,0,"{""process_kprobe"": 13, ""process_exit"": 15, ""process_exec"": 15}"
1774212606,normal,sw-wk3,0.11911111111110384,0.382711407152748,0.0,0.0,2055.1666666666665,5163.166666666667,0,0,0,0,0,0,{}
1774212606,normal,sw-wk2,0.0772222222222303,0.4026015108499078,0.0,0.0,1644.3999999999999,4140.266666666666,0,0,0,0,0,0,{}
1774212617,normal,k3s-wk1,0.2688401448985166,0.7424714966996179,279.35195679711984,142.40949396626442,9761.984132275486,5088.6059070604715,0,39,3,0,37,0,"{""process_exit"": 39, ""process_exec"": 39, ""process_kprobe"": 37}"
1774212617,normal,sw-wk3,0.11911111111110384,0.382711407152748,0.0,0.0,2055.1666666666665,5163.166666666668,0,1,1,0,0,0,"{""process_exit"": 1, ""process_exec"": 1}"
1774212617,normal,sw-wk2,0.0772222222222303,0.4026015108499078,0.0,0.0,1644.3999999999999,4140.266666666666,0,0,0,0,0,0,{}
1774212626,normal,k3s-wk1,0.2688401448985164,0.7424714966996179,279.35195679711984,142.40949396626442,9761.984132275486,5088.6059070604715,0,33,3,0,31,0,"{""process_kprobe"": 31, ""process_exit"": 33, ""process_exec"": 33}"
1774212626,normal,sw-wk3,0.11911111111110384,0.382711407152748,0.0,0.0,2055.1666666666665,5163.166666666667,0,0,0,0,0,0,{}
1774212626,normal,sw-wk2,0.14766666666665595,0.39935061705306674,0.0,0.0,4940.633333333333,4492.766666666666,0,0,0,0,0,0,{}
1774212636,normal,k3s-wk1,0.2688401448985164,0.7424714966996179,279.35195679711984,142.40949396626442,9761.984132275486,5088.6059070604715,0,15,2,0,14,0,"{""process_exit"": 15, ""process_exec"": 15, ""process_kprobe"": 14}"
1774212636,normal,sw-wk3,0.12044444444444613,0.3828029254006907,0.0,0.0,2778.1,5238.533333333335,0,0,0,0,0,0,{}
1774212636,normal,sw-wk2,0.14766666666665618,0.39935061705306674,0.0,0.0,4940.633333333333,4492.766666666666,0,0,0,0,0,0,{}
1774212647,normal,k3s-wk1,0.26733333333334786,0.7441611660297508,279.3333333333333,142.4,9055.966666666667,5037.6,0,36,3,0,30,0,"{""process_exit"": 36, ""process_exec"": 36, ""process_kprobe"": 30}"
1774212647,normal,sw-wk3,0.12044444444444613,0.3828029254006907,0.0,0.0,2778.1,5238.533333333333,0,0,0,0,0,0,{}
1774212647,normal,sw-wk2,0.14766666666665618,0.39935061705306674,0.0,0.0,4940.633333333333,4492.766666666666,0,0,0,0,0,0,{}
1774212656,normal,k3s-wk1,0.26733333333334786,0.7441611660297508,279.3333333333333,142.4,9055.966666666667,5037.6,0,99,3,0,92,0,"{""process_exit"": 99, ""process_exec"": 99, ""process_kprobe"": 92}"
1774212656,normal,sw-wk3,0.12044444444444613,0.3828029254006907,0.0,0.0,2778.1,5238.533333333333,0,0,0,0,0,0,{}
1774212656,normal,sw-wk2,0.07583938848522909,0.4021439186998016,0.0,0.0,365.27564829011396,3916.0389307379505,0,0,0,0,0,0,{}
1774212666,normal,k3s-wk1,0.26733333333334786,0.7441611660297508,279.3333333333333,142.4,9055.966666666667,5037.6,0,36,3,0,32,0,"{""process_exit"": 36, ""process_exec"": 36, ""process_kprobe"": 32}"
1774212666,normal,sw-wk3,0.1281111111111184,0.383043658183323,0.0,0.0,3481.233333333333,4960.4,0,0,0,0,0,0,{}
1774212666,normal,sw-wk2,0.07583938848522909,0.4021439186998016,0.0,0.0,365.27564829011396,3916.0389307379505,0,0,0,0,0,0,{}
1774212677,normal,k3s-wk1,0.3008888888889083,0.7460442788112307,279.3333333333333,142.4,9937.2,7281.633333333333,0,36,3,0,34,0,"{""process_exit"": 36, ""process_exec"": 36, ""process_kprobe"": 34}"
1774212677,normal,sw-wk3,0.1281111111111184,0.383043658183323,0.0,0.0,3481.233333333333,4960.4,0,1,1,0,0,0,"{""process_exit"": 1, ""process_exec"": 1}"
1774212677,normal,sw-wk2,0.07583938848522909,0.4021439186998016,0.0,0.0,365.27564829011396,3916.0389307379505,0,0,0,0,0,0,{}
1774212687,normal,k3s-wk1,0.3008888888889083,0.7460442788112307,279.3333333333333,142.4,9937.2,7281.633333333333,0,36,3,0,32,0,"{""process_exit"": 36, ""process_exec"": 36, ""process_kprobe"": 32}"
1774212687,normal,sw-wk3,0.1281111111111184,0.383043658183323,0.0,0.0,3481.233333333333,4960.4,0,0,0,0,0,0,{}
1774212687,normal,sw-wk2,0.20728048536566912,0.4020603583941301,622.0748049869992,298.7199146609774,6595.839722648177,5042.569504633642,0,0,0,0,0,0,{}
1774212697,normal,k3s-wk1,0.3008888888889083,0.7460442788112307,279.3333333333333,142.4,9937.2,7281.633333333333,0,72,3,0,66,0,"{""process_exit"": 72, ""process_exec"": 72, ""process_kprobe"": 66}"
1774212697,normal,sw-wk3,0.10755555555553853,0.38326051664040495,0.0,0.0,2738.333333333334,5468.8,0,1,1,0,0,0,"{""process_exit"": 1, ""process_exec"": 1}"
1774212697,normal,sw-wk2,0.20728048536566912,0.4020603583941301,622.0748049869992,298.7199146609774,6595.839722648177,5042.569504633642,0,0,0,0,0,0,{}
1774212707,normal,k3s-wk1,0.27062849270626865,0.7472681047279159,279.305402793054,142.38576142385762,9672.099456720995,5916.97496916975,0,39,3,0,35,0,"{""process_kprobe"": 35, ""process_exit"": 40, ""process_exec"": 39}"
1774212707,normal,sw-wk3,0.10755555555553853,0.38326051664040495,0.0,0.0,2738.3333333333335,5468.8,0,0,0,0,0,0,{}
1774212707,normal,sw-wk2,0.20728048536566912,0.4020603583941301,622.0748049869992,298.7199146609774,6595.839722648177,5042.569504633642,0,0,0,0,0,0,{}
1774212717,normal,k3s-wk1,0.27062849270626865,0.7472681047279159,279.30540279305404,142.38576142385762,9672.099456720995,5916.97496916975,0,33,3,0,31,0,"{""process_exit"": 33, ""process_exec"": 33, ""process_kprobe"": 31}"
1774212717,normal,sw-wk3,0.10755555555553853,0.38326051664040495,0.0,0.0,2738.3333333333335,5468.8,0,0,0,0,0,0,{}
1774212717,normal,sw-wk2,0.13377777777778743,0.40477407879736826,6.0,6.6,526.4,4329.166666666667,0,0,0,0,0,0,{}
1774212727,normal,k3s-wk1,0.27062849270626865,0.7472681047279159,279.30540279305404,142.38576142385762,9672.099456720995,5916.97496916975,0,15,2,0,14,0,"{""process_exit"": 15, ""process_exec"": 15, ""process_kprobe"": 14}"
1774212727,normal,sw-wk3,0.11544444444445812,0.38298397236944726,0.0,0.0,2034.9333333333334,5174.033333333335,0,1,1,0,0,0,"{""process_exit"": 1, ""process_exec"": 1}"
1774212727,normal,sw-wk2,0.13377777777778743,0.40477407879736826,6.0,6.600000000000001,526.4,4329.166666666667,0,0,0,0,0,0,{}
1774212737,normal,k3s-wk1,0.28370614839262676,0.7470562380907263,277.2277227722772,140.41404140414042,10036.203620362036,8868.220155348869,0,36,3,0,34,0,"{""process_exit"": 36, ""process_exec"": 36, ""process_kprobe"": 34}"
1774212737,normal,sw-wk3,0.11544444444445823,0.38298397236944726,0.0,0.0,2034.9333333333334,5174.033333333333,0,0,0,0,0,0,{}
1774212737,normal,sw-wk2,0.13377777777778743,0.40477407879736826,6.0,6.6,526.4,4329.166666666667,0,0,0,0,0,0,{}
1774212747,normal,k3s-wk1,0.28370614839262676,0.7470562380907263,277.2277227722772,140.41404140414042,10036.203620362036,8868.220155348869,0,18,2,0,14,0,"{""process_exit"": 18, ""process_exec"": 18, ""process_kprobe"": 14}"
1774212747,normal,sw-wk3,0.11544444444445823,0.38298397236944726,0.0,0.0,2034.9333333333334,5174.033333333333,0,0,0,0,0,0,{}
1774212747,normal,sw-wk2,0.19355555555555637,0.41292518766251984,9.6,11.0,4970.966666666666,4738.866666666667,0,0,0,0,0,0,{}
1774212757,normal,k3s-wk1,0.28370614839262676,0.7470562380907263,277.2277227722772,140.41404140414042,10036.203620362036,8868.220155348869,0,39,3,0,34,0,"{""process_exit"": 39, ""process_exec"": 39, ""process_kprobe"": 34}"
1774212757,normal,sw-wk3,0.1164444444444599,0.38333611867131423,4.466666666666667,6.0,2728.0333333333333,4961.6,0,0,0,0,0,0,{}
1774212757,normal,sw-wk2,0.19355555555555626,0.41292518766251984,9.6,11.0,4970.966666666666,4738.866666666667,0,0,0,0,0,0,{}
1774212767,normal,k3s-wk1,0.2484444444444105,0.7470101801261199,279.33333333333337,142.4,9250.900000000001,1489.5333333333333,0,18,2,0,12,0,"{""process_exit"": 18, ""process_exec"": 18, ""process_kprobe"": 12}"
1774212767,normal,sw-wk3,0.1164444444444599,0.38333611867131423,4.466666666666667,6.0,2728.0333333333333,4961.6,0,0,0,0,0,0,{}
1774212767,normal,sw-wk2,0.19355555555555637,0.41292518766251984,9.6,11.0,4970.966666666666,4738.866666666667,0,0,0,0,0,0,{}
1774212777,normal,k3s-wk1,0.2484444444444105,0.7470101801261199,279.3333333333333,142.4,9250.900000000001,1489.5333333333333,0,57,3,0,52,0,"{""process_exit"": 57, ""process_exec"": 57, ""process_kprobe"": 52}"
1774212777,normal,sw-wk3,0.1164444444444599,0.38333611867131423,4.466666666666667,6.0,2728.0333333333333,4961.6,0,0,0,0,0,0,{}
1774212777,normal,sw-wk2,0.12877777777777943,0.4131062349914748,0.0,0.0,391.1,4260.700000000001,0,0,0,0,0,0,{}
1774212787,transition,k3s-wk1,0.2484444444444105,0.7470101801261199,279.3333333333333,142.4,9250.9,1489.5333333333333,9,33,3,0,30,0,"{""process_exit"": 33, ""process_exec"": 33, ""process_kprobe"": 30}"
1774212787,transition,sw-wk3,0.0,0.38333611867131423,0.0,0.0,0.0,0.0,9,1,1,0,0,0,"{""process_exit"": 1, ""process_exec"": 1}"
1774212787,transition,sw-wk2,0.12877777777777943,0.4131062349914748,0.0,0.0,391.1,4260.7,9,0,0,0,0,0,{}
1774212797,transition,k3s-wk1,0.32344444444445086,0.7214480097695523,277.2,140.4,8312.0,9041.466666666667,20,57,3,0,55,0,"{""process_exit"": 57, ""process_exec"": 57, ""process_kprobe"": 55}"
1774212797,transition,sw-wk3,0.0,0.0,0.0,0.0,0.0,0.0,20,0,0,0,0,0,{}
1774212797,transition,sw-wk2,0.12877777777777943,0.4131062349914748,0.0,0.0,391.1,4260.7,20,0,0,0,0,0,{}
1774212807,transition,k3s-wk1,0.32344444444445075,0.7214480097695523,277.2,140.4,8312.0,9041.466666666667,29,12,2,0,12,0,"{""process_kprobe"": 12, ""process_exit"": 12, ""process_exec"": 12}"
1774212807,transition,sw-wk3,0.0,0.0,0.0,0.0,0.0,0.0,29,0,0,0,0,0,{}
1774212807,transition,sw-wk2,0.1941111111111241,0.41090780313987796,0.0,0.0,6358.2,4749.866666666667,29,0,0,0,0,0,{}
1774212817,transition,k3s-wk1,0.32344444444445086,0.7214480097695523,277.2,140.4,8312.0,9041.466666666667,39,33,3,0,33,0,"{""process_exit"": 33, ""process_exec"": 33, ""process_kprobe"": 33}"
1774212817,transition,sw-wk3,0.0,0.0,0.0,0.0,0.0,0.0,39,0,0,0,0,0,{}
1774212817,transition,sw-wk2,0.1941111111111241,0.41090780313987796,0.0,0.0,6358.2,4749.866666666667,39,0,0,0,0,0,{}
1774212827,transition,k3s-wk1,0.30355555555559277,0.7236522123614313,478.09999999999997,232.83333333333334,4292.033333333333,2620.233333333333,50,15,2,0,10,0,"{""process_exit"": 15, ""process_exec"": 15, ""process_kprobe"": 10}"
1774212827,transition,sw-wk3,0.0,0.0,0.0,0.0,0.0,0.0,50,0,0,0,0,0,{}
1774212827,transition,sw-wk2,0.1941111111111241,0.41090780313987796,0.0,0.0,6358.2,4749.866666666667,50,0,0,0,0,0,{}
1774212837,transition,k3s-wk1,0.30355555555559277,0.7236522123614313,478.09999999999997,232.83333333333337,4292.033333333333,2620.233333333333,60,36,3,0,32,0,"{""process_exit"": 36, ""process_exec"": 36, ""process_kprobe"": 32}"
1774212837,transition,sw-wk3,0.0,0.0,0.0,0.0,0.0,0.0,60,0,0,0,0,0,{}
1774212837,transition,sw-wk2,0.1568339888451744,0.41057356191719174,0.0,0.0,2242.9171388574096,4261.782547830145,60,0,0,0,0,0,{}
1774212847,transition,k3s-wk1,0.30355555555559277,0.7236522123614313,478.09999999999997,232.83333333333334,4292.033333333333,2620.233333333333,69,78,3,0,73,0,"{""process_exit"": 78, ""process_exec"": 78, ""process_kprobe"": 73}"
1774212847,transition,sw-wk3,0.0,0.0,0.0,0.0,0.0,0.0,69,0,0,0,0,0,{}
1774212847,transition,sw-wk2,0.1568339888451744,0.41057356191719174,0.0,0.0,2242.9171388574096,4261.782547830145,69,0,0,0,0,0,{}
1774212857,transition,k3s-wk1,0.2975555555555426,0.719284601374896,285.80000000000007,150.4,4619.766666666666,8409.8,80,18,2,0,17,0,"{""process_exit"": 18, ""process_exec"": 18, ""process_kprobe"": 17}"
1774212857,transition,sw-wk3,0.0,0.0,0.0,0.0,0.0,0.0,80,0,0,0,0,0,{}
1774212857,transition,sw-wk2,0.1568339888451744,0.41057356191719174,0.0,0.0,2242.9171388574096,4261.782547830145,80,0,0,0,0,0,{}
1774212867,transition,k3s-wk1,0.2975555555555426,0.719284601374896,285.8,150.4,4619.766666666666,8409.8,89,36,3,0,35,0,"{""process_exit"": 36, ""process_exec"": 36, ""process_kprobe"": 35}"
1774212867,transition,sw-wk3,0.0,0.0,0.0,0.0,0.0,0.0,89,0,0,0,0,0,{}
1774212867,transition,sw-wk2,0.1518323443785149,0.402888003326496,0.0,0.0,8193.44622974865,4596.906460430696,89,0,0,0,0,0,{}
1774212877,transition,k3s-wk1,0.2975555555555426,0.719284601374896,285.8,150.4,4619.766666666666,8409.8,99,15,2,0,14,0,"{""process_exit"": 15, ""process_exec"": 15, ""process_kprobe"": 14}"
1774212877,transition,sw-wk3,0.0,0.0,0.0,0.0,0.0,0.0,99,0,0,0,0,0,{}
1774212877,transition,sw-wk2,0.1518323443785149,0.402888003326496,0.0,0.0,8193.44622974865,4596.906460430696,99,0,0,0,0,0,{}
1774212887,transition,k3s-wk1,0.2402222222222109,0.7208926823105833,279.2,142.4,4113.133333333333,1608.4,110,57,3,0,52,0,"{""process_exit"": 57, ""process_exec"": 57, ""process_kprobe"": 52}"
1774212887,transition,sw-wk3,0.0,0.0,0.0,0.0,0.0,0.0,110,0,0,0,0,0,{}
1774212887,transition,sw-wk2,0.1518323443785149,0.402888003326496,0.0,0.0,8193.44622974865,4596.906460430696,110,0,0,0,0,0,{}
1774212897,transition,k3s-wk1,0.2402222222222109,0.7208926823105833,279.2,142.4,4113.133333333333,1608.4,120,12,2,0,12,0,"{""process_kprobe"": 12, ""process_exit"": 12, ""process_exec"": 12}"
1774212897,transition,sw-wk3,0.0,0.0,0.0,0.0,0.0,0.0,120,0,0,0,0,0,{}
1774212897,transition,sw-wk2,0.10225657427149804,0.4031167994015491,0.0,0.0,1562.733208955224,4084.1218017057568,120,0,0,0,0,0,{}
1774212907,transition,k3s-wk1,0.2402222222222109,0.7208926823105833,279.2,142.4,4113.133333333333,1608.4,130,12,2,0,16,0,"{""process_exit"": 12, ""process_kprobe"": 16, ""process_exec"": 12}"
1774212907,transition,sw-wk3,0.0,0.0,0.0,0.0,0.0,0.0,130,0,0,0,0,0,{}
1774212907,transition,sw-wk2,0.10225657427149804,0.4031167994015491,0.0,0.0,1562.733208955224,4084.1218017057568,130,0,0,0,0,0,{}
1774212917,transition,k3s-wk1,0.2846666666666554,0.7227744791502174,285.3333333333333,149.0,4288.833333333334,2313.133333333333,140,84,3,0,79,0,"{""process_exit"": 84, ""process_exec"": 84, ""process_kprobe"": 79}"
1774212917,transition,sw-wk3,0.0,0.0,0.0,0.0,0.0,0.0,140,0,0,0,0,0,{}
1774212917,transition,sw-wk2,0.10225657427149804,0.4031167994015491,0.0,0.0,1562.733208955224,4084.1218017057568,140,0,0,0,0,0,{}
1774212927,transition,k3s-wk1,0.2846666666666554,0.7227744791502174,285.3333333333333,149.0,4288.833333333333,2313.133333333333,150,12,2,0,13,0,"{""process_exit"": 12, ""process_exec"": 12, ""process_kprobe"": 13}"
1774212927,transition,sw-wk3,0.0,0.0,0.0,0.0,0.0,0.0,150,0,0,0,0,0,{}
1774212927,transition,sw-wk2,0.1661108146567034,0.40258559460120846,4.46905016008538,6.003201707577375,5067.969583778015,4476.287353255069,150,0,0,0,0,0,{}
1774212937,transition,k3s-wk1,0.2846666666666554,0.7227744791502174,285.3333333333333,149.0,4288.833333333333,2313.133333333333,160,12,2,0,11,0,"{""process_exit"": 12, ""process_exec"": 12, ""process_kprobe"": 11}"
1774212937,transition,sw-wk3,0.0,0.3809506756434131,0.0,0.0,0.0,0.0,160,0,0,0,0,0,{}
1774212937,transition,sw-wk2,0.1661108146567032,0.40258559460120846,4.469050160085379,6.003201707577374,5067.969583778015,4476.287353255069,160,0,0,0,0,0,{}
1774212947,transition,k3s-wk1,0.2845555555555621,0.7236219456989756,277.2,140.4,11715.533333333333,60534.666666666664,170,18,2,0,12,0,"{""process_exit"": 18, ""process_exec"": 18, ""process_kprobe"": 12}"
1774212947,transition,sw-wk3,0.0,0.3809506756434131,0.0,0.0,0.0,0.0,170,0,0,0,0,0,{}
1774212947,transition,sw-wk2,0.1661108146567034,0.40258559460120846,4.46905016008538,6.003201707577374,5067.969583778015,4476.287353255069,170,0,0,0,0,0,{}
1774212957,transition,k3s-wk1,0.2845555555555621,0.7236219456989756,277.20000000000005,140.4,11715.533333333333,60534.666666666664,180,12,2,0,12,0,"{""process_kprobe"": 12, ""process_exit"": 12, ""process_exec"": 12}"
1774212957,transition,sw-wk3,0.0,0.3809506756434131,0.0,0.0,0.0,0.0,180,0,0,0,0,0,{}
1774212957,transition,sw-wk2,0.10166666666666258,0.4053510428127195,0.0,0.0,5057.100000000001,4075.0666666666666,180,0,0,0,0,0,{}
1774212967,normal,k3s-wk1,0.2845555555555621,0.7236219456989756,277.2,140.4,11715.533333333333,60534.666666666664,0,18,2,0,14,0,"{""process_exit"": 18, ""process_exec"": 18, ""process_kprobe"": 14}"
1774212967,normal,sw-wk3,0.10111111111109494,0.3808850212481497,0.0,0.0,6559.600000000001,5491.966666666666,0,0,0,0,0,0,{}
1774212967,normal,sw-wk2,0.10166666666666258,0.4053510428127195,0.0,0.0,5057.1,4075.0666666666666,0,0,0,0,0,0,{}
