timestamp,label,node,avg_cpu,avg_mem,net_bytes_in,net_bytes_out,net_internal_bytes_in,net_internal_bytes_out,last_successful_scrape_age_sec,exec_count,unique_process_count,tmp_exec_count,outbound_connect_count,mining_port_count,syscall_feature_vector
1774268430,normal,k3s-wk1,0.2615555555555248,0.6752957587082681,0.0,0.0,9619.2,8737.1,0,0,0,0,0,0,{}
1774268430,normal,sw-wk3,0.08934364306984044,0.41921608496093554,0.0,0.0,2263.6981735768563,4955.005999200107,0,0,0,0,0,0,{}
1774268430,normal,sw-wk2,0.16711111111116128,0.39960846106097503,0.0,0.0,5364.066666666667,4644.166666666667,0,0,0,0,0,0,{}
1774268440,normal,k3s-wk1,0.2615555555555248,0.6752957587082681,0.0,0.0,9619.2,8737.1,0,60,3,0,54,0,"{""process_exit"": 60, ""process_exec"": 60, ""process_kprobe"": 54}"
1774268440,normal,sw-wk3,0.08921189491929182,0.41921608496093554,0.0,0.0,3224.863315108681,5185.49139885318,0,0,0,0,0,0,{}
1774268440,normal,sw-wk2,0.16711111111116128,0.39960846106097503,0.0,0.0,5364.066666666667,4644.166666666667,0,0,0,0,0,0,{}
1774268450,normal,k3s-wk1,0.2824444444444655,0.7025805687515627,191.4,101.6,9238.56666666667,2521.6666666666665,0,12,2,0,11,0,"{""process_kprobe"": 11, ""process_exit"": 12, ""process_exec"": 12}"
1774268450,normal,sw-wk3,0.08921189491929182,0.41921608496093554,0.0,0.0,3224.863315108681,5185.49139885318,0,0,0,0,0,0,{}
1774268450,normal,sw-wk2,0.16711111111116128,0.39960846106097503,0.0,0.0,5364.066666666667,4644.166666666667,0,0,0,0,0,0,{}
1774268460,normal,k3s-wk1,0.2824444444444655,0.7025805687515627,191.4,101.6,9238.566666666666,2521.6666666666665,0,12,2,0,10,0,"{""process_kprobe"": 10, ""process_exit"": 12, ""process_exec"": 12}"
1774268460,normal,sw-wk3,0.08921189491929182,0.41921608496093554,0.0,0.0,3224.863315108681,5185.49139885318,0,0,0,0,0,0,{}
1774268460,normal,sw-wk2,0.11399999999998223,0.40265442709576793,0.0,0.0,387.6,4039.2666666666664,0,0,0,0,0,0,{}
1774268470,normal,k3s-wk1,0.2824444444444655,0.7025805687515627,191.4,101.6,9238.566666666666,2521.6666666666665,0,12,2,0,11,0,"{""process_exit"": 12, ""process_exec"": 12, ""process_kprobe"": 11}"
1774268470,normal,sw-wk3,0.09799999999999676,0.41945880775360056,5.133333333333333,5.0,1934.2666666666667,4937.0666666666675,0,0,0,0,0,0,{}
1774268470,normal,sw-wk2,0.11399999999998223,0.40265442709576793,0.0,0.0,387.6,4039.2666666666664,0,107,7,0,0,0,"{""process_exit"": 107, ""process_exec"": 107}"
1774268480,normal,k3s-wk1,0.27877777777775925,0.7043084049426906,277.2,140.4,32941.1,9015.766666666666,0,12,2,0,14,0,"{""process_kprobe"": 14, ""process_exit"": 12, ""process_exec"": 12}"
1774268480,normal,sw-wk3,0.09799999999999676,0.41945880775360056,5.133333333333333,5.0,1934.2666666666667,4937.066666666667,0,0,0,0,0,0,{}
1774268480,normal,sw-wk2,0.11399999999998223,0.40265442709576793,0.0,0.0,387.6,4039.2666666666664,0,0,0,0,0,0,{}
1774268490,normal,k3s-wk1,0.27877777777775925,0.7043084049426906,277.2,140.4,32941.1,9015.766666666666,0,33,3,0,29,0,"{""process_exit"": 33, ""process_exec"": 33, ""process_kprobe"": 29}"
1774268490,normal,sw-wk3,0.09799999999999676,0.41945880775360056,5.133333333333333,5.0,1934.2666666666667,4937.066666666667,0,1,1,0,0,0,"{""process_exit"": 1, ""process_exec"": 1}"
1774268490,normal,sw-wk2,0.1612222222222045,0.4031995575291665,0.0,0.0,5299.4,27925.066666666666,0,0,0,0,0,0,{}
1774268500,normal,k3s-wk1,0.27877777777775925,0.7043084049426906,277.2,140.4,32941.1,9015.766666666666,0,12,2,0,10,0,"{""process_exit"": 12, ""process_exec"": 12, ""process_kprobe"": 10}"
1774268500,normal,sw-wk3,0.09044444444447841,0.4194468705670761,0.0,0.0,2698.633333333333,5289.233333333334,0,0,0,0,0,0,{}
1774268500,normal,sw-wk2,0.1612222222222045,0.4031995575291665,0.0,0.0,5299.4,27925.066666666666,0,0,0,0,0,0,{}
1774268510,normal,k3s-wk1,0.25637094803263016,0.705529602189733,471.6723322002266,234.78637605812173,9479.870692528162,3078.7175898153705,0,39,3,0,34,0,"{""process_kprobe"": 34, ""process_exit"": 39, ""process_exec"": 39}"
1774268510,normal,sw-wk3,0.09044444444447841,0.4194468705670761,0.0,0.0,2698.633333333333,5289.233333333334,0,0,0,0,0,0,{}
1774268510,normal,sw-wk2,0.1612222222222045,0.4031995575291665,0.0,0.0,5299.4,27925.066666666666,0,1,1,0,0,0,"{""process_exit"": 1, ""process_exec"": 1}"
1774268520,normal,k3s-wk1,0.25637094803263016,0.705529602189733,471.67233220022666,234.78637605812173,9479.870692528162,3078.7175898153705,0,12,2,0,9,0,"{""process_kprobe"": 9, ""process_exit"": 12, ""process_exec"": 12}"
1774268520,normal,sw-wk3,0.09044444444447841,0.4194468705670761,0.0,0.0,2698.633333333333,5289.233333333334,0,1,1,0,0,0,"{""process_exit"": 1, ""process_exec"": 1}"
1774268520,normal,sw-wk2,0.10522222222223498,0.4057580894173073,0.0,0.0,1953.2333333333333,4511.433333333333,0,0,0,0,0,0,{}
1774268530,normal,k3s-wk1,0.25637094803263016,0.705529602189733,471.67233220022666,234.78637605812173,9479.870692528162,3078.7175898153705,0,54,3,0,50,0,"{""process_exit"": 54, ""process_exec"": 54, ""process_kprobe"": 50}"
1774268530,normal,sw-wk3,0.09500000000003217,0.41947870306447477,0.0,0.0,4125.1,5463.133333333333,0,0,0,0,0,0,{}
1774268530,normal,sw-wk2,0.1052222222222352,0.4057580894173073,0.0,0.0,1953.2333333333333,4511.433333333333,0,3,2,0,0,0,"{""process_exit"": 1, ""process_exec"": 3}"
1774268540,normal,k3s-wk1,0.2758551710341882,0.7100643497256254,279.25585117023405,142.42848569713942,33346.7026738681,6254.550910182036,0,12,2,0,15,0,"{""process_exit"": 12, ""process_exec"": 12, ""process_kprobe"": 15}"
1774268540,normal,sw-wk3,0.09500000000003228,0.41947870306447477,0.0,0.0,4125.1,5463.133333333333,0,0,0,0,0,0,{}
1774268540,normal,sw-wk2,0.1052222222222352,0.4057580894173073,0.0,0.0,1953.2333333333333,4511.433333333333,0,104,5,0,0,0,"{""process_exit"": 106, ""process_exec"": 104}"
1774268550,normal,k3s-wk1,0.2758551710341882,0.7100643497256254,279.25585117023405,142.42848569713942,33346.7026738681,6254.550910182036,0,33,3,0,30,0,"{""process_exit"": 33, ""process_exec"": 33, ""process_kprobe"": 30}"
1774268550,normal,sw-wk3,0.09500000000003228,0.41947870306447477,0.0,0.0,4125.1,5463.133333333333,0,0,0,0,0,0,{}
1774268550,normal,sw-wk2,0.2202222222222593,0.40752478950802973,0.0,0.0,5130.833333333333,27998.899999999998,0,0,0,0,0,0,{}
1774268560,normal,k3s-wk1,0.2758551710341882,0.7100643497256254,279.25585117023405,142.42848569713942,33346.7026738681,6254.550910182036,0,57,3,0,53,0,"{""process_exit"": 57, ""process_exec"": 57, ""process_kprobe"": 53}"
1774268560,normal,sw-wk3,0.08818236352723463,0.4197154572638775,0.0,0.0,2697.5271612344195,5039.1255082316875,0,1,1,0,0,0,"{""process_exit"": 1, ""process_exec"": 1}"
1774268560,normal,sw-wk2,0.2202222222222594,0.40752478950802973,0.0,0.0,5130.833333333333,27998.899999999998,0,0,0,0,0,0,{}
1774268570,normal,k3s-wk1,0.2888888888889092,0.713539761287521,281.3333333333333,144.4,9762.833333333334,5990.7333333333345,0,81,3,0,74,0,"{""process_exit"": 81, ""process_exec"": 81, ""process_kprobe"": 74}"
1774268570,normal,sw-wk3,0.08818236352723463,0.4197154572638775,0.0,0.0,2697.52716123442,5039.1255082316875,0,0,0,0,0,0,{}
1774268570,normal,sw-wk2,0.2202222222222594,0.40752478950802973,0.0,0.0,5130.833333333333,27998.899999999998,0,0,0,0,0,0,{}
1774268580,normal,k3s-wk1,0.2888888888889092,0.713539761287521,281.3333333333333,144.4,9762.833333333334,5990.733333333334,0,18,2,0,13,0,"{""process_exit"": 18, ""process_exec"": 18, ""process_kprobe"": 13}"
1774268580,normal,sw-wk3,0.08818236352723463,0.4197154572638775,0.0,0.0,2697.52716123442,5039.1255082316875,0,0,0,0,0,0,{}
1774268580,normal,sw-wk2,0.09133333333330595,0.4085414378710468,0.0,0.0,443.09999999999997,4320.566666666667,0,1,1,0,0,0,"{""process_exit"": 1, ""process_exec"": 1}"
1774268590,normal,k3s-wk1,0.2888888888889092,0.713539761287521,281.3333333333333,144.4,9762.833333333334,5990.733333333334,0,75,3,0,70,0,"{""process_exit"": 75, ""process_exec"": 75, ""process_kprobe"": 70}"
1774268590,normal,sw-wk3,0.08915116356605635,0.41995420099436764,0.0,0.0,2063.5460425418414,5246.782689871307,0,0,0,0,0,0,{}
1774268590,normal,sw-wk2,0.09133333333330595,0.4085414378710468,0.0,0.0,443.09999999999997,4320.566666666667,0,2,2,0,0,0,"{""process_exec"": 2}"
1774268600,normal,k3s-wk1,0.29240409292401504,0.7082075508941849,283.17168283171685,146.98530146985303,33005.43279005433,8949.005099490052,0,18,2,0,17,0,"{""process_exit"": 18, ""process_exec"": 18, ""process_kprobe"": 17}"
1774268600,normal,sw-wk3,0.08915116356605635,0.41995420099436764,0.0,0.0,2063.5460425418414,5246.782689871307,0,0,0,0,0,0,{}
1774268600,normal,sw-wk2,0.09133333333330595,0.4085414378710468,0.0,0.0,443.09999999999997,4320.566666666667,0,104,5,0,0,0,"{""process_exit"": 106, ""process_exec"": 104}"
1774268610,normal,k3s-wk1,0.29240409292401504,0.7082075508941849,283.17168283171685,146.98530146985303,33005.43279005433,8949.005099490052,0,36,3,0,31,0,"{""process_exit"": 36, ""process_exec"": 36, ""process_kprobe"": 31}"
1774268610,normal,sw-wk3,0.08915116356605635,0.41995420099436764,0.0,0.0,2063.5460425418414,5246.782689871307,0,0,0,0,0,0,{}
1774268610,normal,sw-wk2,0.17422222222222528,0.40267631189418895,0.0,0.0,5216.0,27773.5,0,0,0,0,0,0,{}
1774268620,normal,k3s-wk1,0.29240409292401504,0.7082075508941849,283.17168283171685,146.98530146985303,33005.43279005433,8949.005099490052,0,33,3,0,30,0,"{""process_exit"": 33, ""process_exec"": 33, ""process_kprobe"": 30}"
1774268620,normal,sw-wk3,0.09988888888890668,0.4201531541031094,0.0,0.0,4191.766666666666,5302.266666666666,0,1,1,0,0,0,"{""process_exit"": 1, ""process_exec"": 1}"
1774268620,normal,sw-wk2,0.1742222222222254,0.40267631189418895,0.0,0.0,5216.0,27773.5,0,1,1,0,0,0,"{""process_exec"": 1}"
1774268630,normal,k3s-wk1,0.269149137135931,0.7018620626126778,279.36126946027935,142.4142414241424,9730.773077307731,4395.672900623395,0,15,2,0,13,0,"{""process_exit"": 15, ""process_exec"": 15, ""process_kprobe"": 13}"
1774268630,normal,sw-wk3,0.09988888888890668,0.4201531541031094,0.0,0.0,4191.766666666666,5302.266666666666,0,0,0,0,0,0,{}
1774268630,normal,sw-wk2,0.1742222222222254,0.40267631189418895,0.0,0.0,5216.0,27773.5,0,0,0,0,0,0,{}
1774268640,normal,k3s-wk1,0.269149137135931,0.7018620626126778,279.36126946027935,142.4142414241424,9730.773077307731,4395.672900623395,0,12,2,0,11,0,"{""process_exit"": 12, ""process_exec"": 12, ""process_kprobe"": 11}"
1774268640,normal,sw-wk3,0.09988888888890668,0.4201531541031094,0.0,0.0,4191.766666666666,5302.266666666666,0,0,0,0,0,0,{}
1774268640,normal,sw-wk2,0.42855555555551195,0.4053502363558229,605.0,292.9,2051.6,4828.933333333333,0,1,1,0,0,0,"{""process_exit"": 1, ""process_exec"": 1}"
1774268650,normal,k3s-wk1,0.269149137135931,0.7018620626126778,279.36126946027935,142.4142414241424,9730.773077307731,4395.672900623395,0,36,3,0,33,0,"{""process_exit"": 36, ""process_exec"": 36, ""process_kprobe"": 33}"
1774268650,normal,sw-wk3,0.08777777777775353,0.419703520077353,0.0,0.0,2022.2333333333333,4989.466666666666,0,0,0,0,0,0,{}
1774268650,normal,sw-wk2,0.42855555555551195,0.4053502363558229,605.0,292.9,2051.6,4828.933333333333,0,106,7,0,0,0,"{""process_exec"": 106, ""process_exit"": 106}"
1774268660,normal,k3s-wk1,0.27566666666668127,0.7018383755971103,277.2,140.4,33313.16666666667,9232.133333333333,0,9,2,0,12,0,"{""process_kprobe"": 12, ""process_exit"": 9, ""process_exec"": 9}"
1774268660,normal,sw-wk3,0.08777777777775353,0.419703520077353,0.0,0.0,2022.2333333333333,4989.466666666666,0,1,1,0,0,0,"{""process_exit"": 1, ""process_exec"": 1}"
1774268660,normal,sw-wk2,0.42855555555551195,0.4053502363558229,605.0,292.9,2051.6,4828.933333333333,0,1,1,0,0,0,"{""process_exit"": 1, ""process_exec"": 1}"
1774268670,normal,k3s-wk1,0.27566666666668127,0.7018383755971103,277.2,140.4,33313.166666666664,9232.133333333333,0,24,2,0,17,0,"{""process_exit"": 24, ""process_exec"": 24, ""process_kprobe"": 17}"
1774268670,normal,sw-wk3,0.08777777777775353,0.419703520077353,0.0,0.0,2022.2333333333333,4989.466666666666,0,0,0,0,0,0,{}
1774268670,normal,sw-wk2,0.5263333333333624,0.4025012335068201,10.466666666666667,12.6,5323.966666666666,28226.8,0,0,0,0,0,0,{}
1774268680,normal,k3s-wk1,0.27566666666668127,0.7018383755971103,277.2,140.4,33313.166666666664,9232.133333333333,0,54,3,0,50,0,"{""process_exit"": 55, ""process_exec"": 54, ""process_kprobe"": 50}"
1774268680,normal,sw-wk3,0.08844444444447519,0.419655771331255,0.0,0.0,2613.7,5218.833333333333,0,0,0,0,0,0,{}
1774268680,normal,sw-wk2,0.5263333333333624,0.4025012335068201,10.466666666666667,12.6,5323.966666666666,28226.8,0,0,0,0,0,0,{}
1774268690,normal,k3s-wk1,0.2511111111111153,0.7070284638970404,279.3333333333333,142.4,9812.366666666667,1397.7333333333333,0,12,2,0,9,0,"{""process_exit"": 12, ""process_exec"": 12, ""process_kprobe"": 9}"
1774268690,normal,sw-wk3,0.08844444444447519,0.419655771331255,0.0,0.0,2613.7,5218.833333333333,0,0,0,0,0,0,{}
1774268690,normal,sw-wk2,0.5263333333333624,0.4025012335068201,10.466666666666667,12.6,5323.966666666666,28226.8,0,0,0,0,0,0,{}
1774268700,normal,k3s-wk1,0.2511111111111153,0.7070284638970404,279.3333333333333,142.4,9812.366666666667,1397.7333333333333,0,12,2,0,9,0,"{""process_exit"": 12, ""process_exec"": 12, ""process_kprobe"": 9}"
1774268700,normal,sw-wk3,0.08844444444447519,0.419655771331255,0.0,0.0,2613.7,5218.833333333333,0,0,0,0,0,0,{}
1774268700,normal,sw-wk2,0.5495555555555458,0.4025151601967244,0.0,0.0,599.4333333333333,4429.366666666667,0,1,1,0,0,0,"{""process_exit"": 1, ""process_exec"": 1}"
1774268711,normal,k3s-wk1,0.2511111111111153,0.7070284638970404,279.3333333333333,142.4,9812.366666666667,1397.7333333333333,0,15,2,0,12,0,"{""process_exit"": 15, ""process_exec"": 15, ""process_kprobe"": 12}"
1774268711,normal,sw-wk3,0.0888888888888485,0.4197612164788881,0.0,0.0,2056.4333333333334,5050.300000000001,0,0,0,0,0,0,{}
1774268711,normal,sw-wk2,0.5495555555555458,0.4025151601967244,0.0,0.0,599.4333333333333,4429.366666666667,0,2,2,0,0,0,"{""process_exec"": 2}"
1774268720,normal,k3s-wk1,0.2513333333333423,0.7070258320064218,279.3333333333333,142.4,9494.533333333333,4292.833333333333,0,39,3,0,39,0,"{""process_exit"": 39, ""process_exec"": 39, ""process_kprobe"": 39}"
1774268720,normal,sw-wk3,0.0888888888888485,0.4197612164788881,0.0,0.0,2056.4333333333334,5050.3,0,1,1,0,0,0,"{""process_exit"": 1, ""process_exec"": 1}"
1774268720,normal,sw-wk2,0.5495555555555458,0.4025151601967244,0.0,0.0,599.4333333333333,4429.366666666667,0,104,5,0,0,0,"{""process_exit"": 106, ""process_exec"": 104}"
1774268731,normal,k3s-wk1,0.2513333333333423,0.7070258320064218,279.3333333333333,142.4,9494.533333333333,4292.833333333333,0,12,2,0,10,0,"{""process_kprobe"": 10, ""process_exit"": 12, ""process_exec"": 12}"
1774268731,normal,sw-wk3,0.0888888888888485,0.4197612164788881,0.0,0.0,2056.4333333333334,5050.3,0,0,0,0,0,0,{}
1774268731,normal,sw-wk2,0.519888888888939,0.3989300323099205,0.0,0.0,6658.966666666666,28276.63333333333,0,1,1,0,0,0,"{""process_exit"": 4, ""process_exec"": 1}"
1774268741,normal,k3s-wk1,0.2513333333333423,0.7070258320064218,279.3333333333333,142.4,9494.533333333333,4292.833333333333,0,12,2,0,11,0,"{""process_exit"": 12, ""process_exec"": 12, ""process_kprobe"": 11}"
1774268741,normal,sw-wk3,0.09688888888894209,0.4200039392715531,0.0,0.0,4779.266666666666,5544.4,0,1,1,0,0,0,"{""process_exit"": 1, ""process_exec"": 1}"
1774268741,normal,sw-wk2,0.519888888888939,0.3989300323099205,0.0,0.0,6658.966666666666,28276.63333333333,0,0,0,0,0,0,{}
1774268751,normal,k3s-wk1,0.2942222222222174,0.706349436117435,277.2,140.4,34216.433333333334,11510.3,0,18,2,0,14,0,"{""process_exit"": 18, ""process_exec"": 18, ""process_kprobe"": 14}"
1774268751,normal,sw-wk3,0.09688888888894231,0.4200039392715531,0.0,0.0,4779.266666666666,5544.4,0,0,0,0,0,0,{}
1774268751,normal,sw-wk2,0.519888888888939,0.3989300323099205,0.0,0.0,6658.966666666666,28276.63333333333,0,0,0,0,0,0,{}
1774268761,normal,k3s-wk1,0.2942222222222174,0.706349436117435,277.2,140.4,34216.433333333334,11510.3,0,105,3,0,95,0,"{""process_exit"": 105, ""process_exec"": 105, ""process_kprobe"": 95}"
1774268761,normal,sw-wk3,0.09688888888894231,0.4200039392715531,0.0,0.0,4779.266666666666,5544.4,0,0,0,0,0,0,{}
1774268761,normal,sw-wk2,0.12244444444440894,0.3948713969663691,0.0,0.0,2285.8,4717.233333333334,0,0,0,0,0,0,{}
1774268771,normal,k3s-wk1,0.2942222222222174,0.706349436117435,277.2,140.4,34216.433333333334,11510.3,0,54,3,0,50,0,"{""process_exit"": 54, ""process_exec"": 54, ""process_kprobe"": 50}"
1774268771,normal,sw-wk3,0.09677777777776797,0.4199920020850286,0.0,0.0,1985.9333333333334,4956.166666666667,0,0,0,0,0,0,{}
1774268771,normal,sw-wk2,0.12244444444440894,0.3948713969663691,0.0,0.0,2285.8,4717.233333333334,0,107,7,0,0,0,"{""process_exec"": 107, ""process_exit"": 107}"
1774268781,normal,k3s-wk1,0.29388888888887676,0.7079325183245384,279.3333333333333,142.4,33147.46666666667,9015.966666666669,0,15,2,0,15,0,"{""process_exit"": 15, ""process_exec"": 15, ""process_kprobe"": 15}"
1774268781,normal,sw-wk3,0.09677777777776808,0.4199920020850286,0.0,0.0,1985.9333333333334,4956.166666666667,0,1,1,0,0,0,"{""process_exit"": 1, ""process_exec"": 1}"
1774268781,normal,sw-wk2,0.12244444444440894,0.3948713969663691,0.0,0.0,2285.8,4717.233333333334,0,0,0,0,0,0,{}
1774268791,normal,k3s-wk1,0.29388888888887676,0.7079325183245384,279.3333333333333,142.4,33147.46666666667,9015.966666666667,0,18,2,0,13,0,"{""process_exit"": 18, ""process_exec"": 18, ""process_kprobe"": 13}"
1774268791,normal,sw-wk3,0.09677777777776808,0.4199920020850286,0.0,0.0,1985.9333333333334,4956.166666666667,0,0,0,0,0,0,{}
1774268791,normal,sw-wk2,0.2040000000000065,0.39418103105253943,0.0,0.0,5141.2,27828.766666666666,0,0,0,0,0,0,{}
1774268801,normal,k3s-wk1,0.29388888888887676,0.7079325183245384,279.3333333333333,142.4,33147.46666666667,9015.966666666667,0,84,3,0,76,0,"{""process_exit"": 84, ""process_exec"": 84, ""process_kprobe"": 76}"
1774268801,normal,sw-wk3,0.12299999999995637,0.420212840035732,0.0,0.0,2713.1666666666665,5269.533333333333,0,0,0,0,0,0,{}
1774268801,normal,sw-wk2,0.2040000000000065,0.39418103105253943,0.0,0.0,5141.2,27828.766666666666,0,0,0,0,0,0,{}
1774268811,normal,k3s-wk1,0.25577777777780286,0.707375873458699,277.2,140.4,9226.6,3064.0,0,33,3,0,31,0,"{""process_exit"": 33, ""process_exec"": 33, ""process_kprobe"": 31}"
1774268811,normal,sw-wk3,0.12299999999995637,0.420212840035732,0.0,0.0,2713.1666666666665,5269.533333333333,0,0,0,0,0,0,{}
1774268811,normal,sw-wk2,0.2040000000000065,0.39418103105253943,0.0,0.0,5141.2,27828.766666666666,0,0,0,0,0,0,{}
1774268821,normal,k3s-wk1,0.25577777777780286,0.707375873458699,277.2,140.4,9226.6,3064.0,0,15,2,0,12,0,"{""process_exit"": 15, ""process_exec"": 15, ""process_kprobe"": 12}"
1774268821,normal,sw-wk3,0.12299999999995637,0.420212840035732,0.0,0.0,2713.1666666666665,5269.533333333333,0,0,0,0,0,0,{}
1774268821,normal,sw-wk2,0.12025773482194835,0.39699223288608765,0.0,0.0,2073.1211464755875,4326.078986835528,0,0,0,0,0,0,{}
1774268831,normal,k3s-wk1,0.25577777777780286,0.707375873458699,277.2,140.4,9226.6,3064.0,0,36,3,0,33,0,"{""process_exit"": 36, ""process_exec"": 36, ""process_kprobe"": 33}"
1774268831,normal,sw-wk3,0.11544444444447843,0.42032027471445255,0.0,0.0,4158.566666666667,5483.033333333333,0,1,1,0,0,0,"{""process_exit"": 1, ""process_exec"": 1}"
1774268831,normal,sw-wk2,0.12025773482194824,0.39699223288608765,0.0,0.0,2073.1211464755875,4326.078986835528,0,3,2,0,0,0,"{""process_exit"": 1, ""process_exec"": 3}"
1774268841,normal,k3s-wk1,0.28022222222221493,0.7087563000881683,304.1333333333333,177.6666666666667,10353.166666666666,6087.266666666666,0,45,3,0,45,0,"{""process_kprobe"": 45, ""process_exit"": 45, ""process_exec"": 45}"
1774268841,normal,sw-wk3,0.11544444444447843,0.42032027471445255,0.0,0.0,4158.566666666667,5483.033333333333,0,0,0,0,0,0,{}
1774268841,normal,sw-wk2,0.12025773482194824,0.39699223288608765,0.0,0.0,2073.1211464755875,4326.078986835528,0,104,5,0,0,0,"{""process_exit"": 106, ""process_exec"": 104}"
1774268851,normal,k3s-wk1,0.28022222222221493,0.7087563000881683,304.1333333333333,177.66666666666666,10353.166666666666,6087.266666666666,0,111,3,0,102,0,"{""process_exit"": 111, ""process_exec"": 111, ""process_kprobe"": 102}"
1774268851,normal,sw-wk3,0.11544444444447843,0.42032027471445255,0.0,0.0,4158.566666666667,5483.033333333333,0,0,0,0,0,0,{}
1774268851,normal,sw-wk2,0.17969574735255678,0.39659432746024925,0.0,0.0,5076.941027436077,27958.862552921957,0,0,0,0,0,0,{}
1774268861,normal,k3s-wk1,0.28022222222221493,0.7087563000881683,304.1333333333333,177.66666666666666,10353.166666666666,6087.266666666666,0,15,2,0,12,0,"{""process_exit"": 15, ""process_exec"": 15, ""process_kprobe"": 12}"
1774268861,normal,sw-wk3,0.11311111111111438,0.419532420403835,0.0,0.0,2625.5,5009.333333333333,0,0,0,0,0,0,{}
1774268861,normal,sw-wk2,0.17969574735255678,0.39659432746024925,0.0,0.0,5076.941027436077,27958.862552921957,0,0,0,0,0,0,{}
1774268871,normal,k3s-wk1,0.2931111111111022,0.7143911779026464,434.3666666666667,238.13333333333333,32333.1,5986.833333333333,0,63,3,0,55,0,"{""process_exit"": 63, ""process_exec"": 63, ""process_kprobe"": 55}"
1774268871,normal,sw-wk3,0.11311111111111438,0.419532420403835,0.0,0.0,2625.5,5009.333333333333,0,0,0,0,0,0,{}
1774268871,normal,sw-wk2,0.17969574735255678,0.39659432746024925,0.0,0.0,5076.941027436077,27958.862552921957,0,1,1,0,0,0,"{""process_exit"": 1, ""process_exec"": 1}"
1774268881,normal,k3s-wk1,0.2931111111111022,0.7143911779026464,434.3666666666667,238.13333333333333,32333.1,5986.833333333333,0,9,2,0,7,0,"{""process_kprobe"": 7, ""process_exit"": 9, ""process_exec"": 9}"
1774268881,normal,sw-wk3,0.11311111111111438,0.419532420403835,0.0,0.0,2625.5,5009.333333333333,0,1,1,0,0,0,"{""process_exit"": 1, ""process_exec"": 1}"
1774268881,normal,sw-wk2,0.1046069737982337,0.3987450062869057,0.0,0.0,513.7675845056337,4329.588639242616,0,0,0,0,0,0,{}
1774268892,normal,k3s-wk1,0.2931111111111022,0.7143911779026464,434.3666666666667,238.13333333333333,32333.1,5986.833333333333,0,57,3,0,52,0,"{""process_exit"": 57, ""process_exec"": 57, ""process_kprobe"": 52}"
1774268892,normal,sw-wk3,0.1201111111110853,0.419422996194027,4.466666666666667,6.0,2033.1,5232.4,0,0,0,0,0,0,{}
1774268892,normal,sw-wk2,0.1046069737982337,0.3987450062869057,0.0,0.0,513.7675845056337,4329.588639242616,0,2,2,0,0,0,"{""process_exec"": 2}"
1774268902,normal,k3s-wk1,0.3027777777777777,0.7193036017423116,283.80000000000007,148.4,9979.533333333333,4272.1,0,12,2,0,15,0,"{""process_exit"": 12, ""process_kprobe"": 15, ""process_exec"": 12}"
1774268902,normal,sw-wk3,0.1201111111110853,0.419422996194027,4.466666666666667,6.0,2033.1,5232.4,0,0,0,0,0,0,{}
1774268902,normal,sw-wk2,0.1046069737982337,0.3987450062869057,0.0,0.0,513.7675845056337,4329.588639242616,0,105,6,0,0,0,"{""process_exit"": 107, ""process_exec"": 105}"
1774268912,normal,k3s-wk1,0.3027777777777777,0.7193036017423116,283.8,148.4,9979.533333333333,4272.1,0,45,12,0,31,0,"{""process_kprobe"": 31, ""process_exit"": 44, ""process_exec"": 45}"
1774268912,normal,sw-wk3,0.1201111111110853,0.419422996194027,4.466666666666667,6.0,2033.1,5232.4,0,1,1,0,0,0,"{""process_exit"": 1, ""process_exec"": 1}"
1774268912,normal,sw-wk2,0.18477777777778914,0.3969007146381448,0.0,0.0,5538.066666666667,28129.533333333333,0,1,1,0,0,0,"{""process_exit"": 1, ""process_exec"": 1}"
1774268922,normal,k3s-wk1,0.3027777777777777,0.7193036017423116,283.8,148.4,9979.533333333333,4272.1,0,15,3,0,11,0,"{""process_kprobe"": 11, ""process_exit"": 15, ""process_exec"": 15}"
1774268922,normal,sw-wk3,0.11933333333335117,0.41961598070950656,0.0,0.0,4491.966666666666,5356.4,0,0,0,0,0,0,{}
1774268922,normal,sw-wk2,0.18477777777778914,0.3969007146381448,0.0,0.0,5538.066666666667,28129.533333333333,0,0,0,0,0,0,{}
1774268932,normal,k3s-wk1,0.3424444444444412,0.721323577792107,146111.23333333337,2050.2666666666664,33081.03333333333,8283.433333333332,0,15,3,0,11,0,"{""process_kprobe"": 11, ""process_exit"": 15, ""process_exec"": 15}"
1774268932,normal,sw-wk3,0.11933333333335117,0.41961598070950656,0.0,0.0,4491.966666666666,5356.4,0,0,0,0,0,0,{}
1774268932,normal,sw-wk2,0.18477777777778914,0.3969007146381448,0.0,0.0,5538.066666666667,28129.533333333333,0,0,0,0,0,0,{}
1774268942,normal,k3s-wk1,0.3424444444444412,0.721323577792107,146111.23333333334,2050.2666666666664,33081.03333333333,8283.433333333332,0,22,3,0,12,0,"{""process_exit"": 22, ""process_exec"": 22, ""process_kprobe"": 12}"
1774268942,normal,sw-wk3,0.11933333333335117,0.41961598070950656,0.0,0.0,4491.966666666666,5356.4,0,1,1,0,0,0,"{""process_exit"": 1, ""process_exec"": 1}"
1774268942,normal,sw-wk2,0.11922222222221734,0.39868134141877154,5.133333333333333,5.0,548.5666666666666,4369.0,0,1,1,0,0,0,"{""process_exit"": 1, ""process_exec"": 1}"
1774268952,normal,k3s-wk1,0.3424444444444412,0.721323577792107,146111.23333333334,2050.2666666666664,33081.03333333333,8283.433333333332,0,59,4,0,52,0,"{""process_exit"": 59, ""process_exec"": 59, ""process_kprobe"": 52}"
1774268952,normal,sw-wk3,0.11300000000002097,0.41617807099044823,0.0,0.0,2063.733333333333,5250.233333333334,0,0,0,0,0,0,{}
1774268952,normal,sw-wk2,0.11922222222221734,0.39868134141877154,5.133333333333333,5.0,548.5666666666666,4369.0,0,2,2,0,0,0,"{""process_exec"": 2}"
1774268962,normal,k3s-wk1,0.27711111111111686,0.7175757655511836,351.8,215.6,10148.8,4329.8,0,57,4,0,53,0,"{""process_exit"": 57, ""process_exec"": 57, ""process_kprobe"": 53}"
1774268962,normal,sw-wk3,0.11300000000002097,0.41617807099044823,0.0,0.0,2063.733333333333,5250.233333333334,0,1,1,0,0,0,"{""process_exit"": 1, ""process_exec"": 1}"
1774268962,normal,sw-wk2,0.11922222222221734,0.39868134141877154,5.133333333333333,5.0,548.5666666666666,4369.0,0,104,5,0,0,0,"{""process_exit"": 106, ""process_exec"": 104}"
1774268972,normal,k3s-wk1,0.27711111111111686,0.7175757655511836,351.8,215.6,10148.8,4329.8,0,15,3,0,9,0,"{""process_exit"": 15, ""process_exec"": 15, ""process_kprobe"": 9}"
1774268972,normal,sw-wk3,0.11300000000002097,0.41617807099044823,0.0,0.0,2063.733333333333,5250.233333333334,0,0,0,0,0,0,{}
1774268972,normal,sw-wk2,0.1806374918063347,0.399847204316478,4.466220044662201,5.9994000599940005,5084.524880845249,27879.17874879179,0,0,0,0,0,0,{}
1774268982,normal,k3s-wk1,0.27711111111111686,0.7175757655511836,351.8,215.6,10148.8,4329.8,0,37,4,0,30,0,"{""process_exit"": 38, ""process_exec"": 37, ""process_kprobe"": 30}"
1774268982,normal,sw-wk3,0.11242209112418688,0.41627754754481916,0.0,0.0,2618.671466186715,5184.514881845148,0,1,1,0,0,0,"{""process_exit"": 1, ""process_exec"": 1}"
1774268982,normal,sw-wk2,0.18063749180633437,0.399847204316478,4.466220044662201,5.9994000599940005,5084.524880845249,27879.17874879179,0,1,1,0,0,0,"{""process_exit"": 1, ""process_exec"": 1}"
1774268992,normal,k3s-wk1,0.27200000000001534,0.7191180534536985,341.4,204.46666666666667,32823.433333333334,6084.633333333333,0,59,4,0,53,0,"{""process_kprobe"": 53, ""process_exit"": 59, ""process_exec"": 59}"
1774268992,normal,sw-wk3,0.11242209112418688,0.41627754754481916,0.0,0.0,2618.671466186715,5184.514881845149,0,0,0,0,0,0,{}
1774268992,normal,sw-wk2,0.18063749180633437,0.399847204316478,4.466220044662201,5.9994000599940005,5084.524880845249,27879.17874879179,0,0,0,0,0,0,{}
1774269002,normal,k3s-wk1,0.27200000000001534,0.7191180534536985,341.4,204.46666666666667,32823.433333333334,6084.633333333333,0,18,3,0,12,0,"{""process_exit"": 18, ""process_exec"": 18, ""process_kprobe"": 12}"
1774269002,normal,sw-wk3,0.11242209112418688,0.41627754754481916,0.0,0.0,2618.671466186715,5184.514881845149,0,1,1,0,0,0,"{""process_exit"": 1, ""process_exec"": 1}"
1774269002,normal,sw-wk2,0.12813503572584495,0.398374954240876,0.0,0.0,425.9425942594259,4274.494116078275,0,0,0,0,0,0,{}
1774269012,normal,k3s-wk1,0.27200000000001534,0.7191180534536985,341.4,204.46666666666667,32823.433333333334,6084.633333333333,0,66,4,0,57,0,"{""process_exit"": 66, ""process_exec"": 66, ""process_kprobe"": 57}"
1774269012,normal,sw-wk3,0.11824515784913447,0.4163770240991901,0.0,0.0,2405.4072073874054,5515.284861819515,0,0,0,0,0,0,{}
1774269012,normal,sw-wk2,0.12813503572584495,0.398374954240876,0.0,0.0,425.9425942594259,4274.494116078275,0,107,7,0,0,0,"{""process_exit"": 107, ""process_exec"": 107}"
1774269022,normal,k3s-wk1,0.2852222222222026,0.7211854035346291,349.06666666666666,212.26666666666665,32707.2,9083.833333333334,0,40,4,0,36,0,"{""process_kprobe"": 36, ""process_exit"": 40, ""process_exec"": 40}"
1774269022,normal,sw-wk3,0.11824515784913447,0.4163770240991901,0.0,0.0,2405.4072073874054,5515.284861819515,0,0,0,0,0,0,{}
1774269022,normal,sw-wk2,0.12813503572584495,0.398374954240876,0.0,0.0,425.9425942594259,4274.494116078275,0,0,0,0,0,0,{}
1774269032,normal,k3s-wk1,0.28522222222220284,0.7211854035346291,349.06666666666666,212.26666666666665,32707.2,9083.833333333334,0,38,4,0,31,0,"{""process_exit"": 38, ""process_exec"": 38, ""process_kprobe"": 31}"
1774269032,normal,sw-wk3,0.11824515784913447,0.4163770240991901,0.0,0.0,2405.4072073874054,5515.284861819515,0,0,0,0,0,0,{}
1774269032,normal,sw-wk2,0.1527777777777778,0.39374930366550476,0.0,0.0,5360.733333333334,27374.0,0,0,0,0,0,0,{}
1774269042,normal,k3s-wk1,0.28522222222220284,0.7211854035346291,349.06666666666666,212.26666666666665,32707.2,9083.833333333334,0,46,4,0,36,0,"{""process_exit"": 46, ""process_exec"": 46, ""process_kprobe"": 36}"
1774269042,normal,sw-wk3,0.12111111111112738,0.4164884378400855,0.0,0.0,3721.7,5046.7,0,0,0,0,0,0,{}
1774269042,normal,sw-wk2,0.1527777777777778,0.39374930366550476,0.0,0.0,5360.733333333334,27374.0,0,0,0,0,0,0,{}
1774269080,normal,k3s-wk1,0.3342925941152266,0.7155768446263373,14.800023492100781,10.336524343689437,1734.2162447876904,298.08539378633935,0,7,2,0,5,0,"{""process_exit"": 7, ""process_exec"": 7, ""process_kprobe"": 5}"
1774269080,normal,sw-wk3,0.2639122158772498,0.41660383064315576,0.0,0.0,334.7889374090247,1880.752435337588,0,0,0,0,0,0,{}
1774269080,normal,sw-wk2,0.31977814302510976,0.3965465788091487,0.0,0.0,431.03289072743723,782.4705904079484,0,0,0,0,0,0,{}
1774269088,normal,k3s-wk1,0.3342925941152265,0.7155768446263373,14.800023492100781,10.336524343689435,1734.2162447876901,298.08539378633935,0,13,3,0,19,0,"{""process_exit"": 15, ""process_exec"": 13, ""process_kprobe"": 19}"
1774269088,normal,sw-wk3,0.2639122158772499,0.41660383064315576,0.0,0.0,334.7889374090247,1880.752435337588,0,1,1,0,0,0,"{""process_exit"": 1, ""process_exec"": 1}"
1774269088,normal,sw-wk2,0.8755232866176936,0.40145474223686517,0.0,0.0,6561.610773087222,5778.220453768586,0,0,0,0,0,0,{}
1774269098,normal,k3s-wk1,0.3342925941152266,0.7155768446263373,14.800023492100783,10.336524343689435,1734.2162447876901,298.08539378633935,0,36,3,0,34,0,"{""process_exit"": 36, ""process_exec"": 36, ""process_kprobe"": 34}"
1774269098,normal,sw-wk3,0.6147770229173628,0.4166973386042644,0.0,0.0,7755.231433148692,4965.4376392961885,0,0,0,0,0,0,{}
1774269098,normal,sw-wk2,0.8870000000000194,0.40145474223686517,0.0,0.0,5867.866666666667,5144.5,0,0,0,0,0,0,{}
1774269108,normal,k3s-wk1,0.5594796885839854,0.7143043255122317,395.29454186901,189.74885724196412,11816.641127726818,18847.735652252115,0,15,2,0,13,0,"{""process_exit"": 15, ""process_exec"": 15, ""process_kprobe"": 13}"
1774269108,normal,sw-wk3,0.47483085152603666,0.4166973386042644,0.0,0.0,10553.287260236777,6746.523387096773,0,0,0,0,0,0,{}
1774269108,normal,sw-wk2,0.8870000000000194,0.40145474223686517,0.0,0.0,5867.866666666667,5144.5,0,0,0,0,0,0,{}
1774269118,normal,k3s-wk1,0.381407538734299,0.7143043255122317,554.1123872658598,265.51298851460723,16514.067679025666,26315.077468588603,0,47,3,0,42,0,"{""process_exit"": 47, ""process_exec"": 47, ""process_kprobe"": 42}"
1774269118,normal,sw-wk3,0.5703333333333527,0.4166973386042644,0.0,0.0,8587.233333333334,5483.7,0,0,0,0,0,0,{}
1774269118,normal,sw-wk2,0.33256171569674187,0.39889223129446594,0.0,0.0,8456.121593539929,6719.943697525871,0,0,0,0,0,0,{}
1774269128,normal,k3s-wk1,0.3814075387342991,0.7143043255122317,554.1123872658598,265.51298851460723,16514.067679025666,26315.077468588603,0,40,3,0,38,0,"{""process_kprobe"": 38, ""process_exit"": 40, ""process_exec"": 40}"
1774269128,normal,sw-wk3,0.13566361598119536,0.4168027837518975,0.0,0.0,9217.355827544381,7106.604917852023,0,0,0,0,0,0,{}
1774269128,normal,sw-wk2,0.1817057636699856,0.39889223129446594,0.0,0.0,10327.299099048842,8197.260885330954,0,0,0,0,0,0,{}
1774269138,normal,k3s-wk1,0.3469297775235609,0.713595030990512,409.0909090909092,202.7133307117578,13025.310120473314,17800.307439316486,0,39,3,0,33,0,"{""process_exit"": 39, ""process_exec"": 39, ""process_kprobe"": 33}"
1774269138,normal,sw-wk3,0.13566361598119514,0.4168027837518975,0.0,0.0,5344.8,5257.933333333333,0,1,1,0,0,0,"{""process_exit"": 1, ""process_exec"": 1}"
1774269138,normal,sw-wk2,0.3885466796989868,0.39889223129446594,0.0,0.0,6473.6,4651.5,0,0,0,0,0,0,{}
1774269148,normal,k3s-wk1,0.3171111111111006,0.713595030990512,283.6666666666667,148.4,10008.0,10436.166666666666,0,15,2,0,15,0,"{""process_exit"": 15, ""process_exec"": 15, ""process_kprobe"": 15}"
1774269148,normal,sw-wk3,0.1232222222222239,0.4168027837518975,0.0,0.0,5344.8,5257.933333333333,0,0,0,0,0,0,{}
1774269148,normal,sw-wk2,0.16988888888885822,0.40043212529246053,0.0,0.0,5264.7,4570.1,0,0,0,0,0,0,{}
1774269158,normal,k3s-wk1,0.3171111111111006,0.713595030990512,283.6666666666667,148.4,10008.0,10436.166666666666,0,57,3,0,52,0,"{""process_exit"": 57, ""process_exec"": 57, ""process_kprobe"": 52}"
1774269158,normal,sw-wk3,0.10933333333333506,0.41690424983735586,0.0,0.0,2738.366666666667,5263.366666666668,0,0,0,0,0,0,{}
1774269158,normal,sw-wk2,0.16988888888885822,0.40043212529246053,0.0,0.0,5264.7,4570.1,0,0,0,0,0,0,{}
1774269168,normal,k3s-wk1,0.2717777777777882,0.717080970114882,281.3333333333333,144.4,9074.133333333333,1517.3,0,12,2,0,11,0,"{""process_exit"": 12, ""process_exec"": 12, ""process_kprobe"": 11}"
1774269168,normal,sw-wk3,0.10933333333333506,0.41690424983735586,0.0,0.0,2738.366666666667,5263.366666666667,0,0,0,0,0,0,{}
1774269168,normal,sw-wk2,0.16988888888885822,0.40043212529246053,0.0,0.0,5264.7,4570.1,0,0,0,0,0,0,{}
1774269178,normal,k3s-wk1,0.2717777777777882,0.717080970114882,281.3333333333333,144.4,9074.133333333333,1517.3,0,57,3,0,51,0,"{""process_exit"": 57, ""process_exec"": 57, ""process_kprobe"": 51}"
1774269178,normal,sw-wk3,0.10933333333333506,0.41690424983735586,0.0,0.0,2738.366666666667,5263.366666666667,0,0,0,0,0,0,{}
1774269178,normal,sw-wk2,0.09886789098871285,0.4016218625157173,0.0,0.0,341.9991334199913,4017.198280171983,0,0,0,0,0,0,{}
1774269189,normal,k3s-wk1,0.2717777777777882,0.717080970114882,281.3333333333333,144.4,9074.133333333333,1517.3,0,54,3,0,53,0,"{""process_kprobe"": 53, ""process_exit"": 54, ""process_exec"": 54}"
1774269189,normal,sw-wk3,0.09411111111112413,0.4168664487466949,0.0,0.0,2017.5333333333333,5228.733333333334,0,1,1,0,0,0,"{""process_exit"": 1, ""process_exec"": 1}"
1774269189,normal,sw-wk2,0.09886789098871285,0.4016218625157173,0.0,0.0,341.9991334199913,4017.198280171983,0,0,0,0,0,0,{}
1774269198,normal,k3s-wk1,0.2680731926807206,0.7211604005737522,285.30480285304805,148.98510148985102,9617.538246175383,3992.0674599206745,0,39,3,0,34,0,"{""process_exit"": 39, ""process_exec"": 39, ""process_kprobe"": 34}"
1774269198,normal,sw-wk3,0.09411111111112413,0.4168664487466949,0.0,0.0,2017.5333333333333,5228.733333333334,0,0,0,0,0,0,{}
1774269198,normal,sw-wk2,0.09886789098871285,0.4016218625157173,0.0,0.0,341.9991334199913,4017.198280171983,0,0,0,0,0,0,{}
1774269208,normal,k3s-wk1,0.2680731926807206,0.7211604005737522,285.30480285304805,148.98510148985102,9617.538246175383,3992.0674599206745,0,36,3,0,35,0,"{""process_exit"": 36, ""process_exec"": 36, ""process_kprobe"": 35}"
1774269208,normal,sw-wk3,0.09411111111112413,0.4168664487466949,0.0,0.0,2017.5333333333333,5228.733333333334,0,1,1,0,0,0,"{""process_exit"": 1, ""process_exec"": 1}"
1774269208,normal,sw-wk2,0.19847540309585388,0.40384217479189544,600.8934226756008,290.66239957329066,6694.102743607694,5018.268493516018,0,0,0,0,0,0,{}
1774269218,normal,k3s-wk1,0.2680731926807206,0.7211604005737522,285.30480285304805,148.98510148985102,9617.538246175383,3992.0674599206745,0,12,2,0,10,0,"{""process_exit"": 12, ""process_exec"": 12, ""process_kprobe"": 10}"
1774269218,normal,sw-wk3,0.10077777777777452,0.4168545115601704,0.0,0.0,4443.2,5354.933333333333,0,0,0,0,0,0,{}
1774269218,normal,sw-wk2,0.19847540309585388,0.40384217479189544,600.8934226756008,290.66239957329066,6694.102743607694,5018.268493516018,0,0,0,0,0,0,{}
1774269228,normal,k3s-wk1,0.2988187707659816,0.7121409114237212,277.2277227722772,140.41404140414042,10168.350168350167,9460.81274794146,0,60,3,0,53,0,"{""process_exit"": 60, ""process_exec"": 60, ""process_kprobe"": 53}"
1774269228,normal,sw-wk3,0.10077777777777452,0.4168545115601704,0.0,0.0,4443.2,5354.933333333333,0,1,1,0,0,0,"{""process_exit"": 1, ""process_exec"": 1}"
1774269228,normal,sw-wk2,0.19847540309585388,0.40384217479189544,600.8934226756008,290.66239957329066,6694.102743607694,5018.268493516018,0,0,0,0,0,0,{}
1774269238,normal,k3s-wk1,0.2988187707659816,0.7121409114237212,277.2277227722772,140.41404140414042,10168.350168350167,9460.81274794146,0,30,3,0,27,0,"{""process_exit"": 30, ""process_exec"": 30, ""process_kprobe"": 27}"
1774269238,normal,sw-wk3,0.10077777777777452,0.4168545115601704,0.0,0.0,4443.2,5354.933333333333,0,1,1,0,0,0,"{""process_exit"": 1, ""process_exec"": 1}"
1774269238,normal,sw-wk2,0.12566666666668125,0.403961546419647,4.0,4.6,383.96666666666675,4317.466666666666,0,0,0,0,0,0,{}
1774269249,normal,k3s-wk1,0.2988187707659816,0.7121409114237212,277.2277227722772,140.41404140414042,10168.350168350167,9460.81274794146,0,60,3,0,54,0,"{""process_exit"": 60, ""process_exec"": 60, ""process_kprobe"": 54}"
1774269249,normal,sw-wk3,0.0910908909109347,0.4168366057803836,0.0,0.0,1908.1091890810915,5380.16198380162,0,0,0,0,0,0,{}
1774269249,normal,sw-wk2,0.12566666666668125,0.403961546419647,4.0,4.6,383.96666666666664,4317.466666666666,0,0,0,0,0,0,{}
1774269258,normal,k3s-wk1,0.28511111111112974,0.7087405087444566,279.33333333333337,142.4,10573.233333333334,8690.2,0,57,3,0,53,0,"{""process_exit"": 57, ""process_exec"": 57, ""process_kprobe"": 53}"
1774269258,normal,sw-wk3,0.0910908909109347,0.4168366057803836,0.0,0.0,1908.109189081092,5380.16198380162,0,1,1,0,0,0,"{""process_exit"": 1, ""process_exec"": 1}"
1774269258,normal,sw-wk2,0.12566666666668125,0.403961546419647,4.0,4.6,383.96666666666664,4317.466666666666,0,0,0,0,0,0,{}
1774269269,normal,k3s-wk1,0.28511111111112974,0.7087405087444566,279.3333333333333,142.4,10573.233333333334,8690.2,0,12,2,0,13,0,"{""process_exit"": 12, ""process_exec"": 12, ""process_kprobe"": 13}"
1774269269,normal,sw-wk3,0.0910908909109347,0.4168366057803836,0.0,0.0,1908.109189081092,5380.16198380162,0,0,0,0,0,0,{}
1774269269,normal,sw-wk2,0.1924444444444412,0.39714741600216463,4.133333333333333,4.0,4967.666666666668,4846.666666666667,0,0,0,0,0,0,{}
1774269279,normal,k3s-wk1,0.28511111111112974,0.7087405087444566,279.3333333333333,142.4,10573.233333333334,8690.2,0,33,3,0,32,0,"{""process_kprobe"": 32, ""process_exit"": 34, ""process_exec"": 33}"
1774269279,normal,sw-wk3,0.08968674645240204,0.41706142279326186,0.0,0.0,2702.5369203587024,5275.994266093276,0,0,0,0,0,0,{}
1774269279,normal,sw-wk2,0.1924444444444412,0.39714741600216463,4.133333333333333,4.0,4967.666666666667,4846.666666666667,0,0,0,0,0,0,{}
1774269289,normal,k3s-wk1,0.25922222222218094,0.7029398218210051,279.3333333333333,142.4,9381.0,1494.0666666666666,0,36,3,0,32,0,"{""process_exit"": 36, ""process_exec"": 36, ""process_kprobe"": 32}"
1774269289,normal,sw-wk3,0.08968674645240204,0.41706142279326186,0.0,0.0,2702.5369203587024,5275.994266093276,0,1,1,0,0,0,"{""process_exit"": 1, ""process_exec"": 1}"
1774269289,normal,sw-wk2,0.1924444444444412,0.39714741600216463,4.133333333333333,4.0,4967.666666666667,4846.666666666667,0,0,0,0,0,0,{}
1774269299,normal,k3s-wk1,0.25922222222218094,0.7029398218210051,279.3333333333333,142.4,9381.0,1494.0666666666666,0,57,3,0,51,0,"{""process_exit"": 57, ""process_exec"": 57, ""process_kprobe"": 51}"
1774269299,normal,sw-wk3,0.08968674645240204,0.41706142279326186,0.0,0.0,2702.5369203587024,5275.994266093276,0,0,0,0,0,0,{}
1774269299,normal,sw-wk2,0.12011111111112571,0.40116029222174476,0.0,0.0,527.8666666666667,4422.866666666667,0,0,0,0,0,0,{}
1774269309,normal,k3s-wk1,0.25922222222218094,0.7029398218210051,279.3333333333333,142.4,9381.0,1494.0666666666666,0,46,3,0,40,0,"{""process_exit"": 46, ""process_exec"": 46, ""process_kprobe"": 40}"
1774269309,normal,sw-wk3,0.09077777777775842,0.4170494856067374,0.0,0.0,1935.1333333333332,5186.9,0,1,1,0,0,0,"{""process_exit"": 1, ""process_exec"": 1}"
1774269309,normal,sw-wk2,0.12011111111112571,0.40116029222174476,0.0,0.0,527.8666666666667,4422.866666666667,0,0,0,0,0,0,{}
1774269319,normal,k3s-wk1,0.28140519281406895,0.6970720216867787,279.30540279305404,142.38576142385762,10368.829783688298,8757.257607572576,0,29,2,0,25,0,"{""process_kprobe"": 25, ""process_exit"": 29, ""process_exec"": 29}"
1774269319,normal,sw-wk3,0.09077777777775842,0.4170494856067374,0.0,0.0,1935.1333333333332,5186.9,0,0,0,0,0,0,{}
1774269319,normal,sw-wk2,0.12011111111112571,0.40116029222174476,0.0,0.0,527.8666666666667,4422.866666666667,0,0,0,0,0,0,{}
1774269329,normal,k3s-wk1,0.28140519281406895,0.6970720216867787,279.30540279305404,142.38576142385762,10368.829783688298,8757.257607572576,0,15,2,0,15,0,"{""process_exit"": 15, ""process_exec"": 15, ""process_kprobe"": 15}"
1774269329,normal,sw-wk3,0.09077777777775842,0.4170494856067374,0.0,0.0,1935.1333333333332,5186.9,0,1,1,0,0,0,"{""process_exit"": 1, ""process_exec"": 1}"
1774269329,normal,sw-wk2,0.18555555555552328,0.40168552738385144,0.0,0.0,5073.033333333333,4859.533333333333,0,0,0,0,0,0,{}
1774269339,normal,k3s-wk1,0.28140519281406895,0.6970720216867787,279.30540279305404,142.38576142385762,10368.829783688298,8757.257607572576,0,54,3,0,50,0,"{""process_exit"": 54, ""process_exec"": 54, ""process_kprobe"": 50}"
1774269339,normal,sw-wk3,0.09264629092648224,0.41726435496417846,0.0,0.0,2834.216578342166,5591.340865913408,0,0,0,0,0,0,{}
1774269339,normal,sw-wk2,0.18555555555552328,0.40168552738385144,0.0,0.0,5073.033333333333,4859.533333333333,0,0,0,0,0,0,{}
1774269349,normal,k3s-wk1,0.2762609594292851,0.6970825492492532,277.2277227722772,140.41404140414042,9757.57575757576,3235.4235423542355,0,15,2,0,13,0,"{""process_exit"": 15, ""process_exec"": 15, ""process_kprobe"": 13}"
1774269349,normal,sw-wk3,0.09264629092648224,0.41726435496417846,0.0,0.0,2834.216578342166,5591.340865913408,0,0,0,0,0,0,{}
1774269349,normal,sw-wk2,0.18555555555552328,0.40168552738385144,0.0,0.0,5073.033333333333,4859.533333333333,0,0,0,0,0,0,{}
1774269359,normal,k3s-wk1,0.2762609594292852,0.6970825492492532,277.2277227722772,140.41404140414042,9757.575757575756,3235.4235423542355,0,36,3,0,32,0,"{""process_exit"": 36, ""process_exec"": 36, ""process_kprobe"": 32}"
1774269359,normal,sw-wk3,0.09264629092648224,0.41726435496417846,0.0,0.0,2834.216578342166,5591.340865913408,0,0,0,0,0,0,{}
1774269359,normal,sw-wk2,0.11244444444443313,0.40456636266692136,0.0,0.0,1427.1,4420.033333333333,0,0,0,0,0,0,{}
1774269369,normal,k3s-wk1,0.2762609594292852,0.6970825492492532,277.2277227722772,140.41404140414042,9757.575757575756,3235.4235423542355,0,63,3,0,57,0,"{""process_exit"": 63, ""process_exec"": 63, ""process_kprobe"": 57}"
1774269369,normal,sw-wk3,0.10557722438912831,0.4173499048009375,4.467113378004467,6.0006000600060005,2735.8735873587357,5082.574924159082,0,0,0,0,0,0,{}
1774269369,normal,sw-wk2,0.11244444444443313,0.40456636266692136,0.0,0.0,1427.1,4420.033333333333,0,0,0,0,0,0,{}
1774269379,normal,k3s-wk1,0.2792222222222134,0.6964548433367109,279.3333333333333,142.4,9806.733333333334,6635.533333333333,0,12,2,0,10,0,"{""process_exit"": 12, ""process_exec"": 12, ""process_kprobe"": 10}"
1774269379,normal,sw-wk3,0.10557722438912831,0.4173499048009375,4.467113378004467,6.0006000600060005,2735.8735873587357,5082.574924159082,0,0,0,0,0,0,{}
1774269379,normal,sw-wk2,0.11244444444443313,0.40456636266692136,0.0,0.0,1427.1,4420.033333333333,0,0,0,0,0,0,{}
1774269389,normal,k3s-wk1,0.2792222222222134,0.6964548433367109,279.3333333333333,142.4,9806.733333333334,6635.533333333333,0,60,3,0,57,0,"{""process_exit"": 60, ""process_exec"": 60, ""process_kprobe"": 57}"
1774269389,normal,sw-wk3,0.10557722438912831,0.4173499048009375,4.467113378004467,6.0006000600060005,2735.8735873587357,5082.574924159082,0,1,1,0,0,0,"{""process_exit"": 1, ""process_exec"": 1}"
1774269389,normal,sw-wk2,0.1921111111111209,0.40561882251826387,0.0,0.0,6900.966666666666,4883.233333333334,0,0,0,0,0,0,{}
1774269399,normal,k3s-wk1,0.2792222222222134,0.6964548433367109,279.3333333333333,142.4,9806.733333333334,6635.533333333333,0,57,3,0,52,0,"{""process_exit"": 57, ""process_exec"": 57, ""process_kprobe"": 52}"
1774269399,normal,sw-wk3,0.11077777777775033,0.41719074231394404,0.0,0.0,3501.0666666666666,5296.733333333334,0,0,0,0,0,0,{}
1774269399,normal,sw-wk2,0.1921111111111209,0.40561882251826387,0.0,0.0,6900.966666666666,4883.233333333334,0,0,0,0,0,0,{}
1774269409,normal,k3s-wk1,0.2841111111111079,0.695660012369886,277.2,140.4,9515.0,7011.433333333333,0,36,3,0,31,0,"{""process_exit"": 36, ""process_exec"": 36, ""process_kprobe"": 31}"
1774269409,normal,sw-wk3,0.11077777777775033,0.41719074231394404,0.0,0.0,3501.0666666666666,5296.733333333334,0,0,0,0,0,0,{}
1774269409,normal,sw-wk2,0.1921111111111209,0.40561882251826387,0.0,0.0,6900.966666666666,4883.233333333334,0,0,0,0,0,0,{}
1774269419,normal,k3s-wk1,0.2841111111111079,0.695660012369886,277.2,140.4,9515.0,7011.433333333333,0,12,2,0,9,0,"{""process_exit"": 12, ""process_exec"": 12, ""process_kprobe"": 9}"
1774269419,normal,sw-wk3,0.11077777777775033,0.41719074231394404,0.0,0.0,3501.0666666666666,5296.733333333334,0,0,0,0,0,0,{}
1774269419,normal,sw-wk2,0.07544444444449461,0.40790677871683456,0.0,0.0,832.3666666666667,4101.733333333334,0,0,0,0,0,0,{}
1774269429,normal,k3s-wk1,0.2841111111111079,0.695660012369886,277.2,140.4,9515.0,7011.433333333333,0,15,2,0,12,0,"{""process_exit"": 15, ""process_exec"": 15, ""process_kprobe"": 12}"
1774269429,normal,sw-wk3,0.08844444444447519,0.4164227833142007,0.0,0.0,3426.0,5008.933333333333,0,0,0,0,0,0,{}
1774269429,normal,sw-wk2,0.07544444444449461,0.40790677871683456,0.0,0.0,832.3666666666667,4101.733333333334,0,0,0,0,0,0,{}
1774269439,normal,k3s-wk1,0.2764444444444153,0.6959705754628838,279.3333333333333,142.4,10047.766666666666,12467.833333333334,0,57,3,0,53,0,"{""process_exit"": 57, ""process_exec"": 57, ""process_kprobe"": 53}"
1774269439,normal,sw-wk3,0.08844444444447519,0.4164227833142007,0.0,0.0,3426.0,5008.933333333333,0,0,0,0,0,0,{}
1774269439,normal,sw-wk2,0.07544444444449461,0.40790677871683456,0.0,0.0,832.3666666666667,4101.733333333334,0,0,0,0,0,0,{}
1774269449,normal,k3s-wk1,0.2764444444444153,0.6959705754628838,279.3333333333333,142.4,10047.766666666666,12467.833333333334,0,12,2,0,14,0,"{""process_exit"": 12, ""process_exec"": 12, ""process_kprobe"": 14}"
1774269449,normal,sw-wk3,0.08844444444447519,0.4164227833142007,0.0,0.0,3426.0,5008.933333333333,0,1,1,0,0,0,"{""process_exit"": 1, ""process_exec"": 1}"
1774269449,normal,sw-wk2,0.1581111111111061,0.40249924397969095,0.0,0.0,6397.9,4670.666666666667,0,0,0,0,0,0,{}
1774269459,normal,k3s-wk1,0.2764444444444153,0.6959705754628838,279.3333333333333,142.4,10047.766666666666,12467.833333333334,0,57,3,0,53,0,"{""process_exit"": 57, ""process_exec"": 57, ""process_kprobe"": 53}"
1774269459,normal,sw-wk3,0.09355555555553619,0.41624969410959534,0.0,0.0,3987.366666666667,5436.8,0,0,0,0,0,0,{}
1774269459,normal,sw-wk2,0.15811111111110632,0.40249924397969095,0.0,0.0,6397.9,4670.666666666667,0,0,0,0,0,0,{}
1774269469,normal,k3s-wk1,0.27533333333336085,0.7140306088878946,279.3333333333333,142.4,9281.933333333332,1464.0,0,54,3,0,50,0,"{""process_exit"": 54, ""process_exec"": 54, ""process_kprobe"": 50}"
1774269469,normal,sw-wk3,0.09355555555553619,0.41624969410959534,0.0,0.0,3987.366666666667,5436.8,0,1,1,0,0,0,"{""process_exit"": 1, ""process_exec"": 1}"
1774269469,normal,sw-wk2,0.15811111111110632,0.40249924397969095,0.0,0.0,6397.9,4670.666666666667,0,0,0,0,0,0,{}
1774269479,normal,k3s-wk1,0.27533333333336085,0.7140306088878946,279.3333333333333,142.4,9281.933333333332,1464.0,0,33,3,0,29,0,"{""process_exit"": 33, ""process_exec"": 33, ""process_kprobe"": 29}"
1774269479,normal,sw-wk3,0.09355555555553619,0.41624969410959534,0.0,0.0,3987.366666666667,5436.8,0,0,0,0,0,0,{}
1774269479,normal,sw-wk2,0.07279029462735231,0.40366510687739743,0.0,0.0,466.30449273430213,4078.922810291961,0,0,0,0,0,0,{}
1774269489,normal,k3s-wk1,0.27533333333336085,0.7140306088878946,279.3333333333333,142.4,9281.933333333332,1464.0,0,57,3,0,52,0,"{""process_exit"": 57, ""process_exec"": 57, ""process_kprobe"": 52}"
1774269489,normal,sw-wk3,0.10555555555555562,0.4165421551794457,0.0,0.0,2115.4666666666667,5260.8,0,0,0,0,0,0,{}
1774269489,normal,sw-wk2,0.07279029462735231,0.40366510687739743,0.0,0.0,466.30449273430213,4078.922810291961,0,0,0,0,0,0,{}
1774269499,normal,k3s-wk1,0.26377777777779554,0.7143503835980577,277.2,140.4,9746.9,5215.0,0,36,3,0,31,0,"{""process_exit"": 36, ""process_exec"": 36, ""process_kprobe"": 31}"
1774269499,normal,sw-wk3,0.10555555555555562,0.4165421551794457,0.0,0.0,2115.4666666666667,5260.8,0,0,0,0,0,0,{}
1774269499,normal,sw-wk2,0.07279029462735231,0.40366510687739743,0.0,0.0,466.30449273430213,4078.922810291961,0,0,0,0,0,0,{}
1774269509,normal,k3s-wk1,0.26377777777779554,0.7143503835980577,277.2,140.4,9746.9,5215.0,0,60,3,0,57,0,"{""process_exit"": 60, ""process_exec"": 60, ""process_kprobe"": 57}"
1774269509,normal,sw-wk3,0.10555555555555562,0.4165421551794457,0.0,0.0,2115.4666666666667,5260.8,0,0,0,0,0,0,{}
1774269509,normal,sw-wk2,0.1412188291772366,0.3979631221251333,0.0,0.0,4898.986531537538,4605.247366315509,0,0,0,0,0,0,{}
1774269519,normal,k3s-wk1,0.26377777777779554,0.7143503835980577,277.2,140.4,9746.9,5215.0,0,36,3,0,32,0,"{""process_exit"": 36, ""process_exec"": 36, ""process_kprobe"": 32}"
1774269519,normal,sw-wk3,0.11422222222220924,0.41666152704469084,0.0,0.0,2748.4,5326.1,0,1,1,0,0,0,"{""process_exit"": 1, ""process_exec"": 1}"
1774269519,normal,sw-wk2,0.1412188291772366,0.3979631221251333,0.0,0.0,4898.986531537538,4605.247366315509,0,0,0,0,0,0,{}
1774269529,normal,k3s-wk1,0.2993333333333186,0.7060388730244371,279.3333333333333,142.4,10620.6,7961.333333333333,0,42,3,0,37,0,"{""process_exit"": 42, ""process_exec"": 42, ""process_kprobe"": 37}"
1774269529,normal,sw-wk3,0.11422222222220924,0.41666152704469084,0.0,0.0,2748.4,5326.1,0,6,6,1,0,0,"{""process_exec"": 6, ""process_exit"": 4}"
1774269529,normal,sw-wk2,0.1412188291772366,0.3979631221251333,0.0,0.0,4898.986531537538,4605.247366315509,0,0,0,0,0,0,{}
1774269539,normal,k3s-wk1,0.2993333333333188,0.7060388730244371,279.3333333333333,142.4,10620.6,7961.333333333333,0,55,3,0,51,0,"{""process_exit"": 55, ""process_exec"": 55, ""process_kprobe"": 51}"
1774269539,normal,sw-wk3,0.11422222222220924,0.41666152704469084,0.0,0.0,2748.4,5326.1,0,12,6,3,0,0,"{""process_exit"": 12, ""process_exec"": 12}"
1774269539,normal,sw-wk2,0.08266666666669231,0.40000437695968427,4.466666666666667,6.0,742.1333333333334,4037.8333333333335,0,0,0,0,0,0,{}
1774269549,normal,k3s-wk1,0.2993333333333188,0.7060388730244371,279.3333333333333,142.4,10620.6,7961.333333333333,0,65,3,0,59,0,"{""process_exit"": 65, ""process_exec"": 65, ""process_kprobe"": 59}"
1774269549,normal,sw-wk3,0.15366666666664563,0.41711315060153475,0.0,0.0,4805.033333333333,9023.2,0,4,4,1,0,0,"{""process_exit"": 4, ""process_exec"": 4}"
1774269549,normal,sw-wk2,0.08266666666669265,0.40000437695968427,4.466666666666667,6.0,742.1333333333333,4037.8333333333335,0,0,0,0,0,0,{}
1774269559,normal,k3s-wk1,0.2779999999999846,0.710756536958324,277.20000000000005,140.4,13783.1,4307.5,0,12,2,0,10,0,"{""process_exit"": 12, ""process_exec"": 12, ""process_kprobe"": 10}"
1774269559,normal,sw-wk3,0.15366666666664563,0.41711315060153475,0.0,0.0,4805.033333333333,9023.2,0,12,6,3,0,0,"{""process_exit"": 12, ""process_exec"": 12}"
1774269559,normal,sw-wk2,0.08266666666669265,0.40000437695968427,4.466666666666667,6.0,742.1333333333333,4037.8333333333335,0,0,0,0,0,0,{}
1774269569,normal,k3s-wk1,0.2779999999999846,0.710756536958324,277.2,140.4,13783.1,4307.5,0,54,3,0,53,0,"{""process_exit"": 54, ""process_exec"": 54, ""process_kprobe"": 53}"
1774269569,normal,sw-wk3,0.15366666666664563,0.41711315060153475,0.0,0.0,4805.033333333333,9023.2,0,9,5,2,0,0,"{""process_exit"": 9, ""process_exec"": 9}"
1774269569,normal,sw-wk2,0.14377777777776313,0.40038437664135984,0.0,0.0,5342.5,4786.6,0,0,0,0,0,0,{}
1774269579,normal,k3s-wk1,0.2779999999999846,0.710756536958324,277.2,140.4,13783.1,4307.5,0,36,3,0,32,0,"{""process_exit"": 36, ""process_exec"": 36, ""process_kprobe"": 32}"
1774269579,normal,sw-wk3,0.11822222222225598,0.41724247012221694,0.0,0.0,3075.1,9742.666666666666,0,15,9,3,1,0,"{""process_exit"": 17, ""process_exec"": 15, ""process_kprobe"": 1}"
1774269579,normal,sw-wk2,0.14377777777776324,0.40038437664135984,0.0,0.0,5342.5,4786.6,0,0,0,0,0,0,{}
1774269589,normal,k3s-wk1,0.27888888888891317,0.7139595478411918,283.8,148.4,15026.366666666667,6646.066666666667,0,33,3,0,29,0,"{""process_exit"": 34, ""process_exec"": 33, ""process_kprobe"": 29}"
1774269589,normal,sw-wk3,0.1182222222222562,0.41724247012221694,0.0,0.0,3075.1,9742.666666666666,0,0,0,0,2,0,"{""process_kprobe"": 2}"
1774269589,normal,sw-wk2,0.14377777777776324,0.40038437664135984,0.0,0.0,5342.5,4786.6,0,0,0,0,0,0,{}
1774269599,normal,k3s-wk1,0.27888888888891317,0.7139595478411918,283.8,148.4,15026.366666666667,6646.066666666667,0,33,3,0,29,0,"{""process_exit"": 33, ""process_exec"": 33, ""process_kprobe"": 29}"
1774269599,normal,sw-wk3,0.1182222222222562,0.41724247012221694,0.0,0.0,3075.1,9742.666666666666,0,0,0,0,2,0,"{""process_kprobe"": 2}"
1774269599,normal,sw-wk2,0.07644444444441534,0.40200385172452213,0.0,0.0,481.8,4069.6,0,0,0,0,0,0,{}
1774269609,normal,k3s-wk1,0.27888888888891317,0.7139595478411918,283.8,148.4,15026.366666666667,6646.066666666667,0,57,3,0,52,0,"{""process_exit"": 57, ""process_exec"": 57, ""process_kprobe"": 52}"
1774269609,normal,sw-wk3,0.12242109122419309,0.4166058201742431,6.132720061327201,29.130420291304205,2283.30500283305,7888.9777688897775,0,1,1,0,1,0,"{""process_kprobe"": 1, ""process_exit"": 1, ""process_exec"": 1}"
1774269609,normal,sw-wk2,0.07644444444441534,0.40200385172452213,0.0,0.0,481.8,4069.6,0,0,0,0,0,0,{}
1774269619,normal,k3s-wk1,0.2633204461627394,0.7135529207406139,279.2960938541528,142.3810158645514,10493.200906545795,4457.172377016398,0,36,3,0,33,0,"{""process_exit"": 36, ""process_exec"": 36, ""process_kprobe"": 33}"
1774269619,normal,sw-wk3,0.12242109122419309,0.4166058201742431,6.132720061327201,29.130420291304205,2283.30500283305,7888.9777688897775,0,0,0,0,1,0,"{""process_kprobe"": 1}"
1774269619,normal,sw-wk2,0.07644444444441534,0.40200385172452213,0.0,0.0,481.8,4069.6,0,0,0,0,0,0,{}
1774269629,normal,k3s-wk1,0.2633204461627394,0.7135529207406139,279.2960938541528,142.3810158645514,10493.200906545795,4457.172377016398,0,12,2,0,13,0,"{""process_exit"": 12, ""process_exec"": 12, ""process_kprobe"": 13}"
1774269629,normal,sw-wk3,0.12242109122419309,0.4166058201742431,6.132720061327201,29.130420291304205,2283.30500283305,7888.9777688897775,0,0,0,0,1,0,"{""process_kprobe"": 1}"
1774269629,normal,sw-wk2,0.14211111111112074,0.39883453500771937,0.0,0.0,5116.4,4697.233333333334,0,0,0,0,0,0,{}
1774269639,normal,k3s-wk1,0.2633204461627394,0.7135529207406139,279.2960938541528,142.3810158645514,10493.200906545795,4457.172377016398,0,18,2,0,16,0,"{""process_kprobe"": 16, ""process_exit"": 18, ""process_exec"": 18}"
1774269639,normal,sw-wk3,0.12457912457913756,0.41674707688144985,12.134546788012134,19.268593526019266,4299.896656332299,6111.911191119111,0,1,1,0,1,0,"{""process_kprobe"": 1, ""process_exit"": 1, ""process_exec"": 1}"
1774269639,normal,sw-wk2,0.14211111111112074,0.39883453500771937,0.0,0.0,5116.4,4697.233333333334,0,0,0,0,0,0,{}
1774269649,normal,k3s-wk1,0.2886829355024888,0.7070889973812688,277.23696492865713,140.41872249633283,10344.712628350446,7965.962128283771,0,42,3,0,36,0,"{""process_exit"": 42, ""process_exec"": 42, ""process_kprobe"": 36}"
1774269649,normal,sw-wk3,0.12457912457913756,0.41674707688144985,12.134546788012134,19.268593526019266,4299.896656332299,6111.911191119111,0,1,1,0,1,0,"{""process_kprobe"": 1, ""process_exit"": 1, ""process_exec"": 1}"
1774269649,normal,sw-wk2,0.14211111111112074,0.39883453500771937,0.0,0.0,5116.4,4697.233333333334,0,0,0,0,0,0,{}
1774269664,normal,k3s-wk1,0.2886829355024888,0.7070889973812688,277.23696492865713,140.41872249633283,10344.712628350446,7965.962128283771,0,60,3,0,53,0,"{""process_exit"": 60, ""process_exec"": 60, ""process_kprobe"": 53}"
1774269664,normal,sw-wk3,0.12457912457913756,0.41674707688144985,12.134546788012134,19.268593526019266,4299.896656332299,6246.4,0,0,0,0,1,0,"{""process_kprobe"": 1}"
1774269664,normal,sw-wk2,0.08388888888892121,0.40046395772652754,0.0,0.0,702.3333333333334,4041.9666666666667,0,0,0,0,0,0,{}
1774269669,normal,k3s-wk1,0.2886829355024888,0.7070889973812688,277.23696492865713,140.41872249633283,10344.712628350446,7965.962128283771,0,63,3,0,56,0,"{""process_exit"": 63, ""process_exec"": 63, ""process_kprobe"": 56}"
1774269669,normal,sw-wk3,0.14122222222221248,0.4139935658564633,8.133333333333333,11.866666666666667,4242.866666666667,6246.4,0,0,0,0,0,0,"{""process_exit"": 2}"
1774269669,normal,sw-wk2,0.08388888888892121,0.40046395772652754,0.0,0.0,702.3333333333334,4041.9666666666667,0,0,0,0,0,0,{}
1774269679,normal,k3s-wk1,0.27711111111111675,0.7094774381176718,398.56666666666666,209.90000000000003,10234.7,6686.966666666666,0,60,3,0,53,0,"{""process_exit"": 60, ""process_exec"": 60, ""process_kprobe"": 53}"
1774269679,normal,sw-wk3,0.14122222222221248,0.4139935658564633,8.133333333333333,11.866666666666667,4242.866666666667,6246.4,0,0,0,0,0,0,{}
1774269679,normal,sw-wk2,0.08388888888892121,0.40046395772652754,0.0,0.0,702.3333333333334,4041.9666666666667,0,0,0,0,0,0,{}
1774269689,normal,k3s-wk1,0.27711111111111675,0.7094774381176718,398.56666666666666,209.9,10234.7,6686.966666666666,0,30,3,0,31,0,"{""process_exit"": 30, ""process_exec"": 30, ""process_kprobe"": 31}"
1774269689,normal,sw-wk3,0.14122222222221248,0.4139935658564633,8.133333333333333,11.866666666666667,4242.866666666667,6246.4,0,0,0,0,0,0,{}
1774269689,normal,sw-wk2,0.1797777777777405,0.3993060529373379,0.0,0.0,5368.066666666667,4717.566666666667,0,0,0,0,0,0,{}
1774269699,normal,k3s-wk1,0.27711111111111675,0.7094774381176718,398.56666666666666,209.9,10234.7,6686.966666666666,0,0,0,0,0,0,{}
1774269699,normal,sw-wk3,0.14511111111112573,0.4123064434943329,2.0,0.0,2844.9,5335.666666666667,0,1,1,0,0,0,"{""process_exit"": 1, ""process_exec"": 1}"
1774269699,normal,sw-wk2,0.1797777777777405,0.3993060529373379,0.0,0.0,5368.066666666667,4717.566666666667,0,0,0,0,0,0,{}
1774269709,normal,k3s-wk1,0.30164866906634025,0.7104393941387797,762.6983068924144,392.98093587521663,9665.977869617385,7075.123316891081,0,120,3,0,110,0,"{""process_exit"": 120, ""process_exec"": 120, ""process_kprobe"": 110}"
1774269709,normal,sw-wk3,0.14511111111112573,0.4123064434943329,2.0,0.0,2844.9,5335.666666666667,0,0,0,0,0,0,{}
1774269709,normal,sw-wk2,0.1797777777777405,0.3993060529373379,0.0,0.0,5368.066666666667,4717.566666666667,0,0,0,0,0,0,{}
1774269719,normal,k3s-wk1,0.30164866906634025,0.7104393941387797,762.6983068924144,392.98093587521663,9665.977869617385,7075.123316891081,0,36,3,0,31,0,"{""process_exit"": 36, ""process_exec"": 36, ""process_kprobe"": 31}"
1774269719,normal,sw-wk3,0.14511111111112573,0.4123064434943329,2.0,0.0,2844.9,5335.666666666667,0,0,0,0,0,0,{}
1774269719,normal,sw-wk2,0.09977777777777275,0.4003505546801637,0.0,0.0,710.4333333333333,4015.2,0,0,0,0,0,0,{}
1774269729,normal,k3s-wk1,0.30164866906634025,0.7104393941387797,762.6983068924144,392.98093587521663,9665.977869617385,7075.123316891081,0,36,3,0,34,0,"{""process_exit"": 36, ""process_exec"": 36, ""process_kprobe"": 34}"
1774269729,normal,sw-wk3,0.0954444444444057,0.41149471481066624,0.0,0.0,3195.7666666666664,5037.433333333334,0,0,0,0,0,0,{}
1774269729,normal,sw-wk2,0.09977777777777297,0.4003505546801637,0.0,0.0,710.4333333333333,4015.2,0,0,0,0,0,0,{}
1774269739,normal,k3s-wk1,0.27864262142073337,0.707115316287455,572.6190873029102,302.61008700290006,10074.1691389713,8676.722557418581,0,60,3,0,54,0,"{""process_exit"": 60, ""process_exec"": 60, ""process_kprobe"": 54}"
1774269739,normal,sw-wk3,0.0954444444444057,0.41149471481066624,0.0,0.0,3195.7666666666664,5037.433333333333,0,1,1,0,0,0,"{""process_exit"": 1, ""process_exec"": 1}"
1774269739,normal,sw-wk2,0.09977777777777297,0.4003505546801637,0.0,0.0,710.4333333333333,4015.2,0,0,0,0,0,0,{}
1774269749,normal,k3s-wk1,0.27864262142073337,0.707115316287455,572.6190873029102,302.6100870029001,10074.1691389713,8676.722557418581,0,39,3,0,37,0,"{""process_exit"": 39, ""process_exec"": 39, ""process_kprobe"": 37}"
1774269749,normal,sw-wk3,0.0954444444444057,0.41149471481066624,0.0,0.0,3195.7666666666664,5037.433333333333,0,0,0,0,0,0,{}
1774269749,normal,sw-wk2,0.18133333333333013,0.3991090897515479,0.0,0.0,6422.033333333333,4760.566666666667,0,0,0,0,0,0,{}
1774269759,normal,k3s-wk1,0.27864262142073337,0.707115316287455,572.6190873029102,302.6100870029001,10074.1691389713,8676.722557418581,0,39,3,0,34,0,"{""process_exit"": 39, ""process_exec"": 39, ""process_kprobe"": 34}"
1774269759,normal,sw-wk3,0.11044444444451074,0.4114847671552292,0.0,0.0,4126.166666666667,5377.733333333334,0,0,0,0,0,0,{}
1774269759,normal,sw-wk2,0.18133333333333013,0.3991090897515479,0.0,0.0,6422.033333333333,4760.566666666667,0,0,0,0,0,0,{}
1774269769,normal,k3s-wk1,0.276260959429265,0.7056533010488084,574.7908124145747,304.6304630463046,9204.053738707204,5085.308530853086,0,18,2,0,13,0,"{""process_exit"": 18, ""process_exec"": 18, ""process_kprobe"": 13}"
1774269769,normal,sw-wk3,0.11044444444451074,0.4114847671552292,0.0,0.0,4126.166666666667,5377.733333333334,0,0,0,0,0,0,{}
1774269769,normal,sw-wk2,0.18133333333333013,0.3991090897515479,0.0,0.0,6422.033333333333,4760.566666666667,0,0,0,0,0,0,{}
1774269779,normal,k3s-wk1,0.276260959429265,0.7056533010488084,574.7908124145747,304.6304630463046,9204.053738707204,5085.308530853085,0,33,3,0,29,0,"{""process_exit"": 33, ""process_exec"": 33, ""process_kprobe"": 29}"
1774269779,normal,sw-wk3,0.11044444444451074,0.4114847671552292,0.0,0.0,4126.166666666667,5377.733333333334,0,1,1,0,0,0,"{""process_exit"": 1, ""process_exec"": 1}"
1774269779,normal,sw-wk2,0.09723148024709594,0.4018029094844737,0.0,0.0,602.3196907079056,4111.985068657513,0,0,0,0,0,0,{}
1774269789,normal,k3s-wk1,0.276260959429265,0.7056533010488084,574.7908124145747,304.6304630463046,9204.053738707204,5085.308530853085,0,39,3,0,34,0,"{""process_exit"": 39, ""process_exec"": 39, ""process_kprobe"": 34}"
1774269789,normal,sw-wk3,0.12211111111104811,0.41176330150746765,0.0,0.0,2090.5000000000005,5269.8,0,0,0,0,0,0,{}
1774269789,normal,sw-wk2,0.09723148024709594,0.4018029094844737,0.0,0.0,602.3196907079056,4111.985068657513,0,0,0,0,0,0,{}
1774269799,normal,k3s-wk1,0.276333333333322,0.7049479543630166,578.7333333333333,309.2,9861.433333333332,8784.033333333333,0,12,2,0,11,0,"{""process_exit"": 12, ""process_exec"": 12, ""process_kprobe"": 11}"
1774269799,normal,sw-wk3,0.12211111111104811,0.41176330150746765,0.0,0.0,2090.5,5269.8,0,0,0,0,0,0,{}
1774269799,normal,sw-wk2,0.09723148024709594,0.4018029094844737,0.0,0.0,602.3196907079056,4111.985068657513,0,0,0,0,0,0,{}
1774269809,normal,k3s-wk1,0.276333333333322,0.7049479543630166,578.7333333333333,309.2,9861.433333333332,8784.033333333333,0,57,3,0,55,0,"{""process_exit"": 57, ""process_exec"": 57, ""process_kprobe"": 55}"
1774269809,normal,sw-wk3,0.12211111111104811,0.41176330150746765,0.0,0.0,2090.5,5269.8,0,0,0,0,0,0,{}
1774269809,normal,sw-wk2,0.1731747033996941,0.4030901335370609,0.0,0.0,4871.556279286165,4509.820212023528,0,0,0,0,0,0,{}
1774269819,normal,k3s-wk1,0.276333333333322,0.7049479543630166,578.7333333333333,309.2,9861.433333333332,8784.033333333333,0,60,3,0,56,0,"{""process_kprobe"": 56, ""process_exit"": 60, ""process_exec"": 60}"
1774269819,normal,sw-wk3,0.1376666666667007,0.41213136475864,4.466666666666667,6.0,4362.4,5093.633333333333,0,0,0,0,0,0,{}
1774269819,normal,sw-wk2,0.1731747033996941,0.4030901335370609,0.0,0.0,4871.556279286165,4509.820212023528,0,0,0,0,0,0,{}
1774269829,normal,k3s-wk1,0.2874444444444938,0.7084760037372847,570.6,300.6,8633.666666666666,5071.8,0,9,2,0,8,0,"{""process_exit"": 9, ""process_exec"": 9, ""process_kprobe"": 8}"
1774269829,normal,sw-wk3,0.1376666666667007,0.41213136475864,4.466666666666667,6.0,4362.4,5093.633333333333,0,1,1,0,0,0,"{""process_exit"": 1, ""process_exec"": 1}"
1774269829,normal,sw-wk2,0.1731747033996941,0.4030901335370609,0.0,0.0,4871.556279286165,4509.820212023528,0,0,0,0,0,0,{}
1774269839,transition,k3s-wk1,0.2874444444444938,0.7084760037372847,570.6,300.6,8633.666666666666,5071.8,10,54,3,0,49,0,"{""process_exit"": 54, ""process_exec"": 54, ""process_kprobe"": 49}"
1774269839,transition,sw-wk3,0.1376666666667007,0.41213136475864,4.466666666666667,6.0,4362.4,5093.633333333333,10,0,0,0,0,0,{}
1774269839,transition,sw-wk2,0.0,0.4030901335370609,0.0,0.0,0.0,0.0,10,0,0,0,0,0,{}
1774269849,transition,k3s-wk1,0.2874444444444938,0.7084760037372847,570.6,300.6,8633.666666666666,5071.8,20,33,3,0,30,0,"{""process_exit"": 33, ""process_exec"": 33, ""process_kprobe"": 30}"
1774269849,transition,sw-wk3,0.08955555555552952,0.4123482236471686,0.0,0.0,1386.666666666667,5203.0,20,1,1,0,0,0,"{""process_exit"": 1, ""process_exec"": 1}"
1774269849,transition,sw-wk2,0.0,0.0,0.0,0.0,0.0,0.0,20,0,0,0,0,0,{}
1774269859,transition,k3s-wk1,0.26233333333329933,0.7029227145319841,572.7333333333333,302.6,5388.133333333333,1746.5666666666666,30,54,3,0,49,0,"{""process_exit"": 54, ""process_exec"": 54, ""process_kprobe"": 49}"
1774269859,transition,sw-wk3,0.08955555555552974,0.4123482236471686,0.0,0.0,1386.6666666666667,5203.0,30,0,0,0,0,0,{}
1774269859,transition,sw-wk2,0.0,0.0,0.0,0.0,0.0,0.0,30,0,0,0,0,0,{}
1774269869,transition,k3s-wk1,0.26233333333329933,0.7029227145319841,572.7333333333333,302.6,5388.133333333333,1746.5666666666666,40,15,2,0,16,0,"{""process_exit"": 15, ""process_exec"": 15, ""process_kprobe"": 16}"
1774269869,transition,sw-wk3,0.08955555555552974,0.4123482236471686,0.0,0.0,1386.6666666666667,5203.0,40,0,0,0,0,0,{}
1774269869,transition,sw-wk2,0.0,0.0,0.0,0.0,0.0,0.0,40,0,0,0,0,0,{}
1774269879,transition,k3s-wk1,0.26233333333329933,0.7029227145319841,572.7333333333333,302.6,5388.133333333333,1746.5666666666666,50,36,3,0,32,0,"{""process_exit"": 36, ""process_exec"": 36, ""process_kprobe"": 32}"
1774269879,transition,sw-wk3,0.11088888888888404,0.41244770020153954,0.0,0.0,6757.866666666667,5459.766666666666,50,1,1,0,0,0,"{""process_exit"": 1, ""process_exec"": 1}"
1774269879,transition,sw-wk2,0.0,0.0,0.0,0.0,0.0,0.0,50,0,0,0,0,0,{}
1774269889,transition,k3s-wk1,0.27333333333335763,0.7017752102222632,570.6,300.6,5535.233333333334,6838.466666666668,60,36,3,0,34,0,"{""process_exit"": 37, ""process_exec"": 36, ""process_kprobe"": 34}"
1774269889,transition,sw-wk3,0.11088888888888404,0.41244770020153954,0.0,0.0,6757.866666666667,5459.766666666666,60,0,0,0,0,0,{}
1774269889,transition,sw-wk2,0.0,0.0,0.0,0.0,0.0,0.0,60,0,0,0,0,0,{}
1774269899,transition,k3s-wk1,0.27333333333335763,0.7017752102222632,570.6,300.6,5535.233333333334,6838.466666666666,70,33,3,0,35,0,"{""process_kprobe"": 35, ""process_exit"": 33, ""process_exec"": 33}"
1774269899,transition,sw-wk3,0.11088888888888404,0.41244770020153954,0.0,0.0,6757.866666666667,5459.766666666666,70,0,0,0,0,0,{}
1774269899,transition,sw-wk2,0.0,0.0,0.0,0.0,0.0,0.0,70,0,0,0,0,0,{}
1774269909,transition,k3s-wk1,0.27333333333335763,0.7017752102222632,570.6,300.6,5535.233333333334,6838.466666666666,80,36,3,0,34,0,"{""process_exit"": 36, ""process_exec"": 36, ""process_kprobe"": 34}"
1774269909,transition,sw-wk3,0.13322222222224,0.4143715767630727,0.0,0.0,3404.733333333333,5675.566666666667,80,2,2,0,0,0,"{""process_exec"": 2}"
1774269909,transition,sw-wk2,0.0,0.0,0.0,0.0,0.0,0.0,80,0,0,0,0,0,{}
1774269919,transition,k3s-wk1,0.2668888888888734,0.7011382926925557,572.7333333333335,302.6,28389.066666666673,4503.833333333333,90,33,3,0,31,0,"{""process_exit"": 33, ""process_exec"": 33, ""process_kprobe"": 31}"
1774269919,transition,sw-wk3,0.13322222222224,0.4143715767630727,0.0,0.0,3404.733333333333,5675.566666666667,90,105,6,0,0,0,"{""process_exit"": 107, ""process_exec"": 105}"
1774269919,transition,sw-wk2,0.0,0.0,0.0,0.0,0.0,0.0,90,0,0,0,0,0,{}
1774269929,transition,k3s-wk1,0.2668888888888735,0.7011382926925557,572.7333333333333,302.6,28389.066666666666,4503.833333333333,100,54,3,0,57,0,"{""process_exit"": 54, ""process_exec"": 54, ""process_kprobe"": 57}"
1774269929,transition,sw-wk3,0.13322222222224,0.4143715767630727,0.0,0.0,3404.733333333333,5675.566666666667,100,0,0,0,0,0,{}
1774269929,transition,sw-wk2,0.0,0.0,0.0,0.0,0.0,0.0,100,0,0,0,0,0,{}
1774269939,transition,k3s-wk1,0.2668888888888735,0.7011382926925557,572.7333333333333,302.6,28389.066666666666,4503.833333333333,110,57,3,0,53,0,"{""process_exit"": 57, ""process_exec"": 57, ""process_kprobe"": 53}"
1774269939,transition,sw-wk3,0.14411111111116437,0.4121393228829897,0.0,0.0,5170.2,28357.933333333334,110,0,0,0,0,0,{}
1774269939,transition,sw-wk2,0.0,0.0,0.0,0.0,0.0,0.0,110,0,0,0,0,0,{}
1774269949,transition,k3s-wk1,0.29366666666662944,0.7010185416694082,572.7333333333335,302.6,5395.233333333334,4052.9333333333334,120,57,3,0,52,0,"{""process_exit"": 57, ""process_exec"": 57, ""process_kprobe"": 52}"
1774269949,transition,sw-wk3,0.14411111111116437,0.4121393228829897,0.0,0.0,5170.2,28357.933333333334,120,0,0,0,0,0,{}
1774269949,transition,sw-wk2,0.0,0.0,0.0,0.0,0.0,0.0,120,0,0,0,0,0,{}
1774269959,transition,k3s-wk1,0.29366666666662944,0.7010185416694082,572.7333333333333,302.6,5395.233333333334,4052.9333333333334,130,36,3,0,35,0,"{""process_kprobe"": 35, ""process_exit"": 36, ""process_exec"": 36}"
1774269959,transition,sw-wk3,0.14411111111116437,0.4121393228829897,0.0,0.0,5170.2,28357.933333333334,130,0,0,0,0,0,{}
1774269959,transition,sw-wk2,0.0,0.0,0.0,0.0,0.0,0.0,130,0,0,0,0,0,{}
1774269969,transition,k3s-wk1,0.29366666666662944,0.7010185416694082,572.7333333333333,302.6,5395.233333333334,4052.9333333333334,140,39,3,0,35,0,"{""process_exit"": 39, ""process_exec"": 39, ""process_kprobe"": 35}"
1774269969,transition,sw-wk3,0.13455555555548127,0.4140512622579984,0.0,0.0,3493.366666666667,5465.133333333334,140,2,2,0,0,0,"{""process_exec"": 2}"
1774269969,transition,sw-wk2,0.0,0.0,0.0,0.0,0.0,0.0,140,0,0,0,0,0,{}
1774269979,transition,k3s-wk1,0.2713333333333544,0.7002381861009856,572.7333333333333,308.6,5498.633333333333,3404.6666666666665,150,21,2,0,18,0,"{""process_exit"": 21, ""process_exec"": 21, ""process_kprobe"": 18}"
1774269979,transition,sw-wk3,0.13455555555548127,0.4140512622579984,0.0,0.0,3493.366666666667,5465.133333333333,150,5,4,0,0,0,"{""process_exit"": 5, ""process_exec"": 5}"
1774269979,transition,sw-wk2,0.0,0.0,0.0,0.0,0.0,0.0,150,0,0,0,0,0,{}
1774269989,transition,k3s-wk1,0.2713333333333544,0.7002381861009856,572.7333333333333,308.6,5498.633333333333,3404.6666666666665,160,12,2,0,18,0,"{""process_kprobe"": 18, ""process_exit"": 12, ""process_exec"": 12}"
1774269989,transition,sw-wk3,0.13455555555548127,0.4140512622579984,0.0,0.0,3493.366666666667,5465.133333333333,160,100,3,0,0,0,"{""process_exit"": 102, ""process_exec"": 100}"
1774269989,transition,sw-wk2,0.0,0.0,0.0,0.0,0.0,0.0,160,0,0,0,0,0,{}
1774269999,transition,k3s-wk1,0.2713333333333544,0.7002381861009856,572.7333333333333,308.6,5498.633333333333,3404.6666666666665,170,39,3,0,36,0,"{""process_exit"": 39, ""process_exec"": 39, ""process_kprobe"": 36}"
1774269999,transition,sw-wk3,0.1462222222222206,0.4151952426332638,0.0,0.0,4532.366666666667,28460.833333333332,170,1,1,0,0,0,"{""process_exit"": 1, ""process_exec"": 1}"
1774269999,transition,sw-wk2,0.0,0.0,0.0,0.0,0.0,0.0,170,0,0,0,0,0,{}
1774270009,transition,k3s-wk1,0.3031111111110981,0.7010882867708018,575.7333333333333,305.6,33579.63333333333,35283.9,180,36,3,0,32,0,"{""process_exit"": 36, ""process_exec"": 36, ""process_kprobe"": 32}"
1774270009,transition,sw-wk3,0.1462222222222206,0.4151952426332638,0.0,0.0,4532.366666666667,28460.833333333332,180,0,0,0,0,0,{}
1774270009,transition,sw-wk2,0.0,0.0,0.0,0.0,0.0,0.0,180,0,0,0,0,0,{}
1774270019,transition,k3s-wk1,0.3031111111110981,0.7010882867708018,575.7333333333333,305.6,33579.63333333333,35283.9,190,54,3,0,51,0,"{""process_kprobe"": 51, ""process_exit"": 54, ""process_exec"": 54}"
1774270019,transition,sw-wk3,0.1462222222222206,0.4151952426332638,0.0,0.0,4532.366666666667,28460.833333333332,190,0,0,0,0,0,{}
1774270019,transition,sw-wk2,0.0,0.40315777745945347,0.0,0.0,0.0,0.0,190,0,0,0,0,0,{}
1774270029,transition,k3s-wk1,0.3031111111110981,0.7010882867708018,575.7333333333333,305.6,33579.63333333333,35283.9,200,57,3,0,53,0,"{""process_kprobe"": 53, ""process_exit"": 57, ""process_exec"": 57}"
1774270029,transition,sw-wk3,0.0,0.4151952426332638,0.0,0.0,0.0,0.0,200,0,0,0,0,0,{}
1774270029,transition,sw-wk2,0.0,0.40315777745945347,0.0,0.0,0.0,0.0,200,0,0,0,0,0,{}
1774270039,transition,k3s-wk1,0.32777777777781825,0.7003842560303194,577.2,308.6,9735.166666666666,32395.733333333334,210,39,3,0,33,0,"{""process_exit"": 39, ""process_exec"": 39, ""process_kprobe"": 33}"
1774270039,transition,sw-wk3,0.0,0.0,0.0,0.0,0.0,0.0,210,0,0,0,0,0,{}
1774270039,transition,sw-wk2,0.0,0.40315777745945347,0.0,0.0,0.0,0.0,210,0,0,0,0,0,{}
1774270049,transition,k3s-wk1,0.32777777777781825,0.7003842560303194,577.2,308.6,9735.166666666666,32395.733333333334,220,36,3,0,35,0,"{""process_exit"": 36, ""process_exec"": 36, ""process_kprobe"": 35}"
1774270049,transition,sw-wk3,0.0,0.0,0.0,0.0,0.0,0.0,220,0,0,0,0,0,{}
1774270049,transition,sw-wk2,0.1379999999999807,0.39787558293144887,0.0,0.0,5819.566666666667,4594.066666666667,220,0,0,0,0,0,{}
1774270059,transition,k3s-wk1,0.32777777777781825,0.7003842560303194,577.2,308.6,9735.166666666666,32395.733333333334,230,12,2,0,11,0,"{""process_exit"": 12, ""process_exec"": 12, ""process_kprobe"": 11}"
1774270059,transition,sw-wk3,0.0,0.0,0.0,0.0,0.0,0.0,230,0,0,0,0,0,{}
1774270059,transition,sw-wk2,0.1379999999999807,0.39787558293144887,0.0,0.0,5819.566666666667,4594.066666666667,230,0,0,0,0,0,{}
1774270069,transition,k3s-wk1,0.2714444444444072,0.7015541314102987,572.7333333333333,302.6,4081.133333333333,2150.5,240,60,3,0,55,0,"{""process_exit"": 60, ""process_exec"": 60, ""process_kprobe"": 55}"
1774270069,transition,sw-wk3,0.0,0.0,0.0,0.0,0.0,0.0,240,0,0,0,0,0,{}
1774270069,transition,sw-wk2,0.1379999999999807,0.39787558293144887,0.0,0.0,5819.566666666667,4594.066666666667,240,0,0,0,0,0,{}
1774270079,transition,k3s-wk1,0.2714444444444073,0.7015541314102987,572.7333333333333,302.6,4081.133333333333,2150.5,250,36,3,0,32,0,"{""process_exit"": 36, ""process_exec"": 36, ""process_kprobe"": 32}"
1774270079,transition,sw-wk3,0.0,0.0,0.0,0.0,0.0,0.0,250,0,0,0,0,0,{}
1774270079,transition,sw-wk2,0.09522222222221899,0.39310469687564664,0.0,0.0,418.76666666666665,4036.4666666666667,250,0,0,0,0,0,{}
1774270089,transition,k3s-wk1,0.2714444444444073,0.7015541314102987,572.7333333333333,302.6,4081.133333333333,2150.5,260,36,3,0,34,0,"{""process_exit"": 36, ""process_exec"": 36, ""process_kprobe"": 34}"
1774270089,transition,sw-wk3,0.0,0.0,0.0,0.0,0.0,0.0,260,0,0,0,0,0,{}
1774270089,transition,sw-wk2,0.09522222222221899,0.39310469687564664,0.0,0.0,418.76666666666665,4036.4666666666667,260,0,0,0,0,0,{}
1774270099,transition,k3s-wk1,0.2766666666666828,0.7012554118250846,572.7333333333335,302.6,4507.766666666666,5520.7,270,33,3,0,31,0,"{""process_exit"": 33, ""process_exec"": 33, ""process_kprobe"": 31}"
1774270099,transition,sw-wk3,0.0,0.0,0.0,0.0,0.0,0.0,270,0,0,0,0,0,{}
1774270099,transition,sw-wk2,0.09522222222221899,0.39310469687564664,0.0,0.0,418.76666666666665,4036.4666666666667,270,0,0,0,0,0,{}
1774270109,transition,k3s-wk1,0.2766666666666828,0.7012554118250846,572.7333333333333,302.6,4507.766666666666,5520.7,280,15,2,0,17,0,"{""process_exit"": 15, ""process_exec"": 15, ""process_kprobe"": 17}"
1774270109,transition,sw-wk3,0.0,0.0,0.0,0.0,0.0,0.0,280,0,0,0,0,0,{}
1774270109,transition,sw-wk2,0.13911111111115637,0.3970141176845088,0.0,0.0,7611.5,4639.833333333333,280,0,0,0,0,0,{}
1774270119,transition,k3s-wk1,0.2766666666666828,0.7012554118250846,572.7333333333333,302.6,4507.766666666666,5520.7,290,57,3,0,54,0,"{""process_exit"": 57, ""process_exec"": 57, ""process_kprobe"": 54}"
1774270119,transition,sw-wk3,0.0,0.0,0.0,0.0,0.0,0.0,290,0,0,0,0,0,{}
1774270119,transition,sw-wk2,0.13911111111115637,0.3970141176845088,0.0,0.0,7611.5,4639.833333333333,290,0,0,0,0,0,{}
1774270129,transition,k3s-wk1,0.2849999999999757,0.7046110723638326,572.7333333333333,302.6,4228.2,2967.866666666667,300,33,3,0,31,0,"{""process_exit"": 33, ""process_exec"": 33, ""process_kprobe"": 31}"
1774270129,transition,sw-wk3,0.0,0.0,0.0,0.0,0.0,0.0,300,0,0,0,0,0,{}
1774270129,transition,sw-wk2,0.13911111111115637,0.3970141176845088,0.0,0.0,7611.5,4639.833333333333,300,0,0,0,0,0,{}
1774270139,transition,k3s-wk1,0.2849999999999757,0.7046110723638326,572.7333333333333,302.6,4228.2,2967.866666666667,310,17,2,0,14,0,"{""process_kprobe"": 14, ""process_exit"": 17, ""process_exec"": 17}"
1774270139,transition,sw-wk3,0.0,0.0,0.0,0.0,0.0,0.0,310,0,0,0,0,0,{}
1774270139,transition,sw-wk2,0.0706666666666732,0.39749757277690234,0.0,0.0,1054.0666666666666,4095.2,310,0,0,0,0,0,{}
1774270150,transition,k3s-wk1,0.2849999999999757,0.7046110723638326,572.7333333333333,302.6,4228.2,2967.866666666667,320,19,2,0,16,0,"{""process_kprobe"": 16, ""process_exit"": 19, ""process_exec"": 19}"
1774270150,transition,sw-wk3,0.0,0.4162855056691689,0.0,0.0,0.0,0.0,320,0,0,0,0,0,{}
1774270150,transition,sw-wk2,0.0706666666666732,0.39749757277690234,0.0,0.0,1054.0666666666666,4095.2,320,0,0,0,0,0,{}
1774270160,transition,k3s-wk1,0.3140000000000024,0.715213643720967,572.7333333333333,302.6,13010.233333333335,59790.566666666666,331,18,2,0,16,0,"{""process_exit"": 18, ""process_exec"": 18, ""process_kprobe"": 16}"
1774270160,transition,sw-wk3,0.0,0.4162855056691689,0.0,0.0,0.0,0.0,331,0,0,0,0,0,{}
1774270160,transition,sw-wk2,0.0706666666666732,0.39749757277690234,0.0,0.0,1054.0666666666666,4095.2,331,0,0,0,0,0,{}
1774270169,transition,k3s-wk1,0.3140000000000024,0.715213643720967,572.7333333333333,302.6,13010.233333333334,59790.566666666666,340,36,3,0,36,0,"{""process_exit"": 36, ""process_exec"": 36, ""process_kprobe"": 36}"
1774270169,transition,sw-wk3,0.0,0.4162855056691689,0.0,0.0,0.0,0.0,340,0,0,0,0,0,{}
1774270169,transition,sw-wk2,0.151333333333322,0.40180688853873214,0.0,0.0,8012.9,4669.533333333333,340,0,0,0,0,0,{}
1774270179,normal,k3s-wk1,0.3140000000000024,0.715213643720967,572.7333333333333,302.6,13010.233333333334,59790.566666666666,0,21,2,0,17,0,"{""process_exit"": 21, ""process_exec"": 21, ""process_kprobe"": 17}"
1774270179,normal,sw-wk3,0.13366666666665372,0.418670953442983,143080.43333333332,1768.1,10460.366666666667,6207.866666666667,0,0,0,0,0,0,{}
1774270179,normal,sw-wk2,0.151333333333322,0.40180688853873214,0.0,0.0,8012.9,4669.533333333333,0,0,0,0,0,0,{}
1774270189,normal,k3s-wk1,0.26388888888890916,0.7090142253687937,572.7333333333333,302.6000000000001,9440.266666666666,1562.7000000000003,0,9,2,0,7,0,"{""process_exit"": 10, ""process_exec"": 9, ""process_kprobe"": 7}"
1774270189,normal,sw-wk3,0.13366666666665372,0.418670953442983,143080.43333333332,1768.1,10460.366666666667,6207.866666666667,0,0,0,0,0,0,{}
1774270189,normal,sw-wk2,0.151333333333322,0.40180688853873214,0.0,0.0,8012.9,4669.533333333333,0,0,0,0,0,0,{}
1774270199,normal,k3s-wk1,0.26388888888890916,0.7090142253687937,572.7333333333333,302.6,9440.266666666666,1562.7,0,33,3,0,29,0,"{""process_exit"": 33, ""process_exec"": 33, ""process_kprobe"": 29}"
1774270199,normal,sw-wk3,0.13366666666665372,0.418670953442983,143080.43333333332,1768.1,10460.366666666667,6207.866666666667,0,0,0,0,0,0,{}
1774270199,normal,sw-wk2,0.06777777777776162,0.401920291585096,4.466666666666667,6.0,387.73333333333335,3991.5333333333333,0,0,0,0,0,0,{}
1774270209,normal,k3s-wk1,0.26388888888890916,0.7090142253687937,572.7333333333333,302.6,9440.266666666666,1562.7,0,33,3,0,30,0,"{""process_exit"": 33, ""process_exec"": 33, ""process_kprobe"": 30}"
1774270209,normal,sw-wk3,0.10088888888886782,0.4225584971877978,0.0,0.0,2463.866666666667,5394.1,0,0,0,0,0,0,{}
1774270209,normal,sw-wk2,0.06777777777776162,0.401920291585096,4.466666666666667,6.0,387.73333333333335,3991.5333333333333,0,0,0,0,0,0,{}
1774270219,normal,k3s-wk1,0.28355555555554013,0.7031780079219907,572.7333333333333,302.6,9953.533333333333,6571.866666666668,0,33,3,0,30,0,"{""process_exit"": 33, ""process_exec"": 33, ""process_kprobe"": 30}"
1774270219,normal,sw-wk3,0.10088888888886782,0.4225584971877978,0.0,0.0,2463.866666666667,5394.1,0,0,0,0,0,0,{}
1774270219,normal,sw-wk2,0.06777777777776162,0.401920291585096,4.466666666666667,6.0,387.73333333333335,3991.5333333333333,0,0,0,0,0,0,{}
1774270229,normal,k3s-wk1,0.28355555555554013,0.7031780079219907,572.7333333333333,302.6,9953.533333333333,6571.866666666667,0,12,2,0,13,0,"{""process_exit"": 12, ""process_exec"": 12, ""process_kprobe"": 13}"
1774270229,normal,sw-wk3,0.10088888888886782,0.4225584971877978,0.0,0.0,2463.866666666667,5394.1,0,0,0,0,0,0,{}
1774270229,normal,sw-wk2,0.14055555555553134,0.4002689840678667,0.0,0.0,5262.466666666668,4605.466666666666,0,0,0,0,0,0,{}
1774270239,normal,k3s-wk1,0.28355555555554013,0.7031780079219907,572.7333333333333,302.6,9953.533333333333,6571.866666666667,0,30,3,0,28,0,"{""process_exit"": 30, ""process_exec"": 30, ""process_kprobe"": 28}"
1774270239,normal,sw-wk3,0.08944444444447675,0.4221347270661777,0.0,0.0,4613.333333333333,5484.8,0,0,0,0,0,0,{}
1774270239,normal,sw-wk2,0.14055555555553134,0.4002689840678667,0.0,0.0,5262.466666666666,4605.466666666666,0,0,0,0,0,0,{}
1774270249,normal,k3s-wk1,0.2811111111111232,0.7031924833203932,572.7333333333333,302.6,9635.033333333333,9054.7,0,18,2,0,15,0,"{""process_exit"": 18, ""process_exec"": 18, ""process_kprobe"": 15}"
1774270249,normal,sw-wk3,0.08944444444447675,0.4221347270661777,0.0,0.0,4613.333333333333,5484.8,0,0,0,0,0,0,{}
1774270249,normal,sw-wk2,0.14055555555553134,0.4002689840678667,0.0,0.0,5262.466666666666,4605.466666666666,0,0,0,0,0,0,{}
1774270259,normal,k3s-wk1,0.2811111111111232,0.7031924833203932,572.7333333333333,302.6,9635.033333333333,9054.7,0,57,3,0,52,0,"{""process_exit"": 57, ""process_exec"": 57, ""process_kprobe"": 52}"
1774270259,normal,sw-wk3,0.08944444444447675,0.4221347270661777,0.0,0.0,4613.333333333333,5484.8,0,0,0,0,0,0,{}
1774270259,normal,sw-wk2,0.19122222222225294,0.4028513902815579,0.0,0.0,977.1999999999999,4109.300000000001,0,0,0,0,0,0,{}
1774270269,normal,k3s-wk1,0.2811111111111232,0.7031924833203932,572.7333333333333,302.6,9635.033333333333,9054.7,0,36,3,0,33,0,"{""process_exit"": 36, ""process_exec"": 36, ""process_kprobe"": 33}"
1774270269,normal,sw-wk3,0.12066666666667314,0.42020886097355714,4.466666666666667,6.0,5018.366666666667,5361.233333333334,0,0,0,0,0,0,{}
1774270269,normal,sw-wk2,0.19122222222225294,0.4028513902815579,0.0,0.0,977.1999999999999,4109.3,0,0,0,0,0,0,{}
1774270279,normal,k3s-wk1,0.28833333333334144,0.7042386598412971,572.7333333333335,302.6,9708.533333333333,9329.666666666666,0,57,3,0,51,0,"{""process_exit"": 57, ""process_exec"": 57, ""process_kprobe"": 51}"
1774270279,normal,sw-wk3,0.12066666666667314,0.42020886097355714,4.466666666666667,6.0,5018.366666666667,5361.233333333334,0,0,0,0,0,0,{}
1774270279,normal,sw-wk2,0.19122222222225294,0.4028513902815579,0.0,0.0,977.1999999999999,4109.3,0,0,0,0,0,0,{}
1774270289,normal,k3s-wk1,0.28833333333334144,0.7042386598412971,572.7333333333333,302.6,9708.533333333333,9329.666666666666,0,33,3,0,33,0,"{""process_kprobe"": 33, ""process_exit"": 33, ""process_exec"": 33}"
1774270289,normal,sw-wk3,0.12066666666667314,0.42020886097355714,4.466666666666667,6.0,5018.366666666667,5361.233333333334,0,0,0,0,0,0,{}
1774270289,normal,sw-wk2,0.14844444444441052,0.39929411577456275,0.0,0.0,5024.666666666667,4533.466666666666,0,0,0,0,0,0,{}
1774270299,normal,k3s-wk1,0.28833333333334144,0.7042386598412971,572.7333333333333,302.6,9708.533333333333,9329.666666666666,0,12,2,0,10,0,"{""process_exit"": 12, ""process_exec"": 12, ""process_kprobe"": 10}"
1774270299,normal,sw-wk3,0.08811111111107395,0.41913252465526396,0.0,0.0,3352.2666666666664,5097.6,0,0,0,0,0,0,{}
1774270299,normal,sw-wk2,0.14844444444441052,0.39929411577456275,0.0,0.0,5024.666666666667,4533.466666666666,0,0,0,0,0,0,{}
1774270309,normal,k3s-wk1,0.2784409150198054,0.7017844218394284,761.4350070698101,387.72154812403403,9110.749399888196,3214.527638025714,0,79,3,0,74,0,"{""process_exit"": 80, ""process_exec"": 79, ""process_kprobe"": 74}"
1774270309,normal,sw-wk3,0.08811111111107395,0.41913252465526396,0.0,0.0,3352.2666666666664,5097.6,0,0,0,0,0,0,{}
1774270309,normal,sw-wk2,0.14844444444441052,0.39929411577456275,0.0,0.0,5024.666666666667,4533.466666666666,0,0,0,0,0,0,{}
1774270319,normal,k3s-wk1,0.2784409150198054,0.7017844218394284,761.4350070698101,387.72154812403403,9110.7493998882,3214.527638025714,0,38,3,0,32,0,"{""process_exec"": 38, ""process_kprobe"": 32, ""process_exit"": 37}"
1774270319,normal,sw-wk3,0.08811111111107395,0.41913252465526396,0.0,0.0,3352.2666666666664,5097.6,0,0,0,0,0,0,{}
1774270319,normal,sw-wk2,0.09966666666663915,0.4020376736857184,0.0,0.0,2042.4333333333334,4261.533333333333,0,0,0,0,0,0,{}
1774270329,normal,k3s-wk1,0.2784409150198054,0.7017844218394284,761.4350070698101,387.72154812403403,9110.749399888196,3214.527638025714,0,39,3,0,34,0,"{""process_exit"": 39, ""process_exec"": 39, ""process_kprobe"": 34}"
1774270329,normal,sw-wk3,0.08855555555552808,0.41906090153611697,0.0,0.0,4449.366666666667,5192.766666666666,0,0,0,0,0,0,{}
1774270329,normal,sw-wk2,0.09966666666663915,0.4020376736857184,0.0,0.0,2042.4333333333334,4261.533333333333,0,0,0,0,0,0,{}
1774270339,normal,k3s-wk1,0.2850946860882878,0.7016041373320525,580.5535841022003,306.8032038933388,10030.85606137416,12105.039034776437,0,30,3,0,29,0,"{""process_kprobe"": 29, ""process_exit"": 30, ""process_exec"": 30}"
1774270339,normal,sw-wk3,0.08855555555552808,0.41906090153611697,0.0,0.0,4449.366666666667,5192.766666666666,0,0,0,0,0,0,{}
1774270339,normal,sw-wk2,0.09966666666663915,0.4020376736857184,0.0,0.0,2042.4333333333334,4261.533333333333,0,0,0,0,0,0,{}
1774270349,normal,k3s-wk1,0.2850946860882878,0.7016041373320525,580.5535841022003,306.8032038933388,10030.856061374161,12105.039034776439,0,21,2,0,20,0,"{""process_exit"": 21, ""process_exec"": 21, ""process_kprobe"": 20}"
1774270349,normal,sw-wk3,0.08855555555552808,0.41906090153611697,0.0,0.0,4449.366666666667,5192.766666666666,0,0,0,0,0,0,{}
1774270349,normal,sw-wk2,0.13722222222228686,0.40099118241576337,0.0,0.0,5241.733333333334,4550.533333333333,0,0,0,0,0,0,{}
1774270359,normal,k3s-wk1,0.2850946860882878,0.7016041373320525,580.5535841022003,306.8032038933388,10030.856061374161,12105.039034776439,0,18,2,0,15,0,"{""process_exit"": 18, ""process_exec"": 18, ""process_kprobe"": 15}"
1774270359,normal,sw-wk3,0.08546609792946214,0.41882414733671425,0.0,0.0,2786.4236203679015,4914.856038389762,0,0,0,0,0,0,{}
1774270359,normal,sw-wk2,0.13722222222228686,0.40099118241576337,0.0,0.0,5241.733333333334,4550.533333333333,0,0,0,0,0,0,{}
1774270370,normal,k3s-wk1,0.27399999999997826,0.7031595846876604,574.7333333333333,304.6,8857.566666666666,1309.5666666666666,0,57,3,0,51,0,"{""process_exit"": 57, ""process_exec"": 57, ""process_kprobe"": 51}"
1774270370,normal,sw-wk3,0.08546609792946214,0.41882414733671425,0.0,0.0,2786.4236203679015,4914.856038389762,0,0,0,0,0,0,{}
1774270370,normal,sw-wk2,0.13722222222228686,0.40099118241576337,0.0,0.0,5241.733333333334,4550.533333333333,0,0,0,0,0,0,{}
1774270380,normal,k3s-wk1,0.27399999999997826,0.7031595846876604,574.7333333333333,304.6,8857.566666666666,1309.5666666666666,0,36,3,0,31,0,"{""process_exit"": 36, ""process_exec"": 36, ""process_kprobe"": 31}"
1774270380,normal,sw-wk3,0.08546609792946214,0.41882414733671425,0.0,0.0,2786.4236203679015,4914.856038389762,0,0,0,0,0,0,{}
1774270380,normal,sw-wk2,0.11299999999998045,0.40351788186983717,0.0,0.0,503.6333333333333,4111.4,0,0,0,0,0,0,{}
1774270390,normal,k3s-wk1,0.27399999999997826,0.7031595846876604,574.7333333333333,304.6,8857.566666666666,1309.5666666666666,0,12,2,0,10,0,"{""process_exit"": 12, ""process_exec"": 12, ""process_kprobe"": 10}"
1774270390,normal,sw-wk3,0.08797901662668184,0.41827503675658684,0.0,0.0,2318.7183248866368,5119.83195518805,0,0,0,0,0,0,{}
1774270390,normal,sw-wk2,0.11299999999998056,0.40351788186983717,0.0,0.0,503.6333333333333,4111.4,0,0,0,0,0,0,{}
1774270400,normal,k3s-wk1,0.29011111111109733,0.7001171191325288,576.6,307.2,10045.133333333333,11369.133333333333,0,12,2,0,10,0,"{""process_exit"": 12, ""process_exec"": 12, ""process_kprobe"": 10}"
1774270400,normal,sw-wk3,0.08797901662668184,0.41827503675658684,0.0,0.0,2318.7183248866368,5119.83195518805,0,0,0,0,0,0,{}
1774270400,normal,sw-wk2,0.11299999999998056,0.40351788186983717,0.0,0.0,503.6333333333333,4111.4,0,0,0,0,0,0,{}
1774270410,normal,k3s-wk1,0.29011111111109733,0.7001171191325288,576.6,307.2,10045.133333333333,11369.133333333333,0,54,3,0,53,0,"{""process_exit"": 54, ""process_exec"": 54, ""process_kprobe"": 53}"
1774270410,normal,sw-wk3,0.08797901662668184,0.41827503675658684,0.0,0.0,2318.7183248866368,5119.83195518805,0,0,0,0,0,0,{}
1774270410,normal,sw-wk2,0.177666666666644,0.4169949386429833,0.0,0.0,6561.233333333334,4874.666666666667,0,0,0,0,0,0,{}
1774270420,normal,k3s-wk1,0.29011111111109733,0.7001171191325288,576.6,307.2,10045.133333333333,11369.133333333333,0,18,2,0,14,0,"{""process_exit"": 18, ""process_exec"": 18, ""process_kprobe"": 14}"
1774270420,normal,sw-wk3,0.09655555555554107,0.4184958747072902,0.0,0.0,4476.133333333333,5100.866666666668,0,0,0,0,0,0,{}
1774270420,normal,sw-wk2,0.177666666666644,0.4169949386429833,0.0,0.0,6561.233333333334,4874.666666666667,0,0,0,0,0,0,{}
1774270430,normal,k3s-wk1,0.27222222222224246,0.6987524838467714,570.6,300.6,9447.966666666667,2586.7,0,57,3,0,53,0,"{""process_exit"": 57, ""process_exec"": 57, ""process_kprobe"": 53}"
1774270430,normal,sw-wk3,0.09655555555554107,0.4184958747072902,0.0,0.0,4476.133333333333,5100.866666666667,0,0,0,0,0,0,{}
1774270430,normal,sw-wk2,0.177666666666644,0.4169949386429833,0.0,0.0,6561.233333333334,4874.666666666667,0,0,0,0,0,0,{}
1774270440,normal,k3s-wk1,0.27222222222224246,0.6987524838467714,570.6,300.6,9447.966666666667,2586.7,0,33,3,0,30,0,"{""process_exit"": 33, ""process_exec"": 33, ""process_kprobe"": 30}"
1774270440,normal,sw-wk3,0.09655555555554107,0.4184958747072902,0.0,0.0,4476.133333333333,5100.866666666667,0,0,0,0,0,0,{}
1774270440,normal,sw-wk2,0.0806666666666489,0.47931289691066226,0.0,0.0,412.0,4320.2,0,0,0,0,0,0,{}
1774270450,normal,k3s-wk1,0.27222222222224246,0.6987524838467714,570.6,300.6,9447.966666666667,2586.7,0,33,3,0,31,0,"{""process_exit"": 33, ""process_exec"": 33, ""process_kprobe"": 31}"
1774270450,normal,sw-wk3,0.09266666666662793,0.4181079161452437,0.0,0.0,2442.5333333333333,5076.166666666667,0,0,0,0,0,0,{}
1774270450,normal,sw-wk2,0.0806666666666489,0.47931289691066226,0.0,0.0,412.0,4320.2,0,0,0,0,0,0,{}
1774270460,normal,k3s-wk1,0.2742222222222255,0.6988722348699188,572.7333333333333,302.6,9717.866666666667,4447.466666666666,0,57,3,0,51,0,"{""process_exit"": 57, ""process_exec"": 57, ""process_kprobe"": 51}"
1774270460,normal,sw-wk3,0.09266666666662793,0.4181079161452437,0.0,0.0,2442.5333333333333,5076.166666666667,0,0,0,0,0,0,{}
1774270460,normal,sw-wk2,0.0806666666666489,0.47931289691066226,0.0,0.0,412.0,4320.2,0,0,0,0,0,0,{}
1774270470,normal,k3s-wk1,0.2742222222222255,0.6988722348699188,572.7333333333333,302.6,9717.866666666667,4447.466666666666,0,57,3,0,55,0,"{""process_exit"": 57, ""process_exec"": 57, ""process_kprobe"": 55}"
1774270470,normal,sw-wk3,0.09266666666662793,0.4181079161452437,0.0,0.0,2442.5333333333333,5076.166666666667,0,0,0,0,0,0,{}
1774270470,normal,sw-wk2,0.15733333333333166,0.5440501201674386,0.0,0.0,4884.1,4866.666666666668,0,0,0,0,0,0,{}
1774270480,normal,k3s-wk1,0.2742222222222255,0.6988722348699188,572.7333333333333,302.6,9717.866666666667,4447.466666666666,0,54,3,0,50,0,"{""process_exit"": 54, ""process_exec"": 54, ""process_kprobe"": 50}"
1774270480,normal,sw-wk3,0.09577777777780694,0.41828299488093656,4.466666666666667,6.0,2805.9333333333334,5026.033333333333,0,0,0,0,0,0,{}
1774270480,normal,sw-wk2,0.15733333333333166,0.5440501201674386,0.0,0.0,4884.1,4866.666666666667,0,0,0,0,0,0,{}
1774270490,normal,k3s-wk1,0.27555555555554756,0.7005921753891908,570.6000000000001,300.6,9455.833333333334,5995.266666666668,0,57,3,0,52,0,"{""process_exit"": 58, ""process_exec"": 57, ""process_kprobe"": 52}"
1774270490,normal,sw-wk3,0.09577777777780694,0.41828299488093656,4.466666666666667,6.0,2805.9333333333334,5026.033333333333,0,0,0,0,0,0,{}
1774270490,normal,sw-wk2,0.15733333333333166,0.5440501201674386,0.0,0.0,4884.1,4866.666666666667,0,0,0,0,0,0,{}
1774270500,normal,k3s-wk1,0.27555555555554756,0.7005921753891908,570.6,300.6,9455.833333333334,5995.266666666666,0,57,3,0,51,0,"{""process_exit"": 57, ""process_exec"": 57, ""process_kprobe"": 51}"
1774270500,normal,sw-wk3,0.09577777777780694,0.41828299488093656,4.466666666666667,6.0,2805.9333333333334,5026.033333333333,0,0,0,0,0,0,{}
1774270500,normal,sw-wk2,0.07777777777781825,0.602132375177068,0.0,0.0,527.8333333333334,4391.2,0,0,0,0,0,0,{}
1774270510,normal,k3s-wk1,0.27555555555554756,0.7005921753891908,570.6,300.6,9455.833333333334,5995.266666666666,0,12,2,0,10,0,"{""process_exit"": 12, ""process_exec"": 12, ""process_kprobe"": 10}"
1774270510,normal,sw-wk3,0.09155555555561379,0.41850383283163994,5.133333333333333,5.0,2414.4,5048.533333333333,0,0,0,0,0,0,{}
1774270510,normal,sw-wk2,0.07777777777781825,0.602132375177068,0.0,0.0,527.8333333333334,4391.2,0,0,0,0,0,0,{}
1774270520,normal,k3s-wk1,0.3305780907189292,0.6964956376412996,526.0064288994337,277.9121383744069,9182.978723404256,5941.558242767488,0,30,3,0,29,0,"{""process_exit"": 30, ""process_exec"": 30, ""process_kprobe"": 29}"
1774270520,normal,sw-wk3,0.09155555555561379,0.41850383283163994,5.133333333333333,5.0,2414.4,5048.533333333333,0,0,0,0,0,0,{}
1774270520,normal,sw-wk2,0.07777777777781825,0.602132375177068,0.0,0.0,527.8333333333334,4391.2,0,0,0,0,0,0,{}
1774270530,normal,k3s-wk1,0.33057809071892896,0.6964956376412996,526.0064288994337,277.9121383744069,9182.978723404256,5941.558242767488,0,15,2,0,17,0,"{""process_exit"": 15, ""process_exec"": 15, ""process_kprobe"": 17}"
1774270530,normal,sw-wk3,0.09155555555561379,0.41850383283163994,5.133333333333333,5.0,2414.4,5048.533333333333,0,0,0,0,0,0,{}
1774270530,normal,sw-wk2,0.1696666666666311,0.3942347482850276,0.0,0.0,7826.466666666666,5012.666666666668,0,0,0,0,0,0,{}
1774270540,normal,k3s-wk1,0.33057809071892896,0.6964956376412996,526.0064288994337,277.9121383744069,9182.978723404256,5941.558242767488,0,12,2,0,11,0,"{""process_exit"": 12, ""process_exec"": 12, ""process_kprobe"": 11}"
1774270540,normal,sw-wk3,0.09511111111108528,0.4186251942279724,0.0,0.0,4346.266666666666,5142.166666666667,0,0,0,0,0,0,{}
1774270540,normal,sw-wk2,0.1696666666666311,0.3942347482850276,0.0,0.0,7826.466666666666,5012.666666666667,0,0,0,0,0,0,{}
1774270550,normal,k3s-wk1,0.29272605328945567,0.6959745232988117,626.2301079202488,329.90671300530454,10411.08468995793,9577.940369489665,0,18,2,0,13,0,"{""process_exit"": 18, ""process_exec"": 18, ""process_kprobe"": 13}"
1774270550,normal,sw-wk3,0.09511111111108528,0.4186251942279724,0.0,0.0,4346.266666666666,5142.166666666667,0,0,0,0,0,0,{}
1774270550,normal,sw-wk2,0.1696666666666311,0.3942347482850276,0.0,0.0,7826.466666666666,5012.666666666667,0,0,0,0,0,0,{}
1774270560,normal,k3s-wk1,0.29272605328945567,0.6959745232988117,626.2301079202488,329.90671300530454,10411.08468995793,9577.940369489665,0,54,3,0,49,0,"{""process_kprobe"": 49, ""process_exit"": 54, ""process_exec"": 54}"
1774270560,normal,sw-wk3,0.09511111111108528,0.4186251942279724,0.0,0.0,4346.266666666666,5142.166666666667,0,0,0,0,0,0,{}
1774270560,normal,sw-wk2,0.08022222222223518,0.39708971971541807,0.0,0.0,469.26666666666665,4089.866666666667,0,0,0,0,0,0,{}
1774270570,normal,k3s-wk1,0.29272605328945567,0.6959745232988117,626.2301079202488,329.90671300530454,10411.08468995793,9577.940369489665,0,57,3,0,52,0,"{""process_exit"": 57, ""process_exec"": 57, ""process_kprobe"": 52}"
1774270570,normal,sw-wk3,0.09688888888886149,0.41792885834737614,0.0,0.0,2455.433333333334,5111.733333333334,0,0,0,0,0,0,{}
1774270570,normal,sw-wk2,0.08022222222223518,0.39708971971541807,0.0,0.0,469.26666666666665,4089.866666666667,0,0,0,0,0,0,{}
1774270580,normal,k3s-wk1,0.2941816929418096,0.6960008422049979,572.6760657267607,302.56974302569745,9743.525647435255,9251.27487251275,0,57,3,0,52,0,"{""process_exit"": 57, ""process_exec"": 57, ""process_kprobe"": 52}"
1774270580,normal,sw-wk3,0.09688888888886149,0.41792885834737614,0.0,0.0,2455.4333333333334,5111.733333333334,0,0,0,0,0,0,{}
1774270580,normal,sw-wk2,0.08022222222223518,0.39708971971541807,0.0,0.0,469.26666666666665,4089.866666666667,0,0,0,0,0,0,{}
1774270590,normal,k3s-wk1,0.2941816929418096,0.6960008422049979,572.6760657267607,302.56974302569745,9743.525647435257,9251.27487251275,0,54,3,0,53,0,"{""process_exit"": 54, ""process_exec"": 54, ""process_kprobe"": 53}"
1774270590,normal,sw-wk3,0.09688888888886149,0.41792885834737614,0.0,0.0,2455.4333333333334,5111.733333333334,0,0,0,0,0,0,{}
1774270590,normal,sw-wk2,0.14511111111112562,0.3950305591367044,0.0,0.0,4925.166666666667,4560.433333333333,0,0,0,0,0,0,{}
1774270600,normal,k3s-wk1,0.2941816929418096,0.6960008422049979,572.6760657267607,302.56974302569745,9743.525647435257,9251.27487251275,0,54,3,0,50,0,"{""process_exit"": 54, ""process_exec"": 54, ""process_kprobe"": 50}"
1774270600,normal,sw-wk3,0.08766666666670064,0.41799451287326095,0.0,0.0,3475.5,5040.866666666667,0,0,0,0,0,0,{}
1774270600,normal,sw-wk2,0.14511111111112562,0.3950305591367044,0.0,0.0,4925.166666666667,4560.433333333333,0,0,0,0,0,0,{}
1774270610,normal,k3s-wk1,0.2705937260392366,0.6959034622521088,577.2577257725773,308.63086308630864,9227.856118945227,3169.416941694169,0,15,2,0,13,0,"{""process_exit"": 15, ""process_exec"": 15, ""process_kprobe"": 13}"
1774270610,normal,sw-wk3,0.08766666666670064,0.41799451287326095,0.0,0.0,3475.5,5040.866666666667,0,0,0,0,0,0,{}
1774270610,normal,sw-wk2,0.14511111111112562,0.3950305591367044,0.0,0.0,4925.166666666667,4560.433333333333,0,0,0,0,0,0,{}
1774270620,normal,k3s-wk1,0.2705937260392366,0.6959034622521088,577.2577257725773,308.63086308630864,9227.856118945227,3169.416941694169,0,18,2,0,14,0,"{""process_exit"": 18, ""process_exec"": 18, ""process_kprobe"": 14}"
1774270620,normal,sw-wk3,0.08766666666670064,0.41799451287326095,0.0,0.0,3475.5,5040.866666666667,0,0,0,0,0,0,{}
1774270620,normal,sw-wk2,0.077111111111137,0.39512605643890564,0.0,0.0,1633.9666666666667,4226.166666666667,0,0,0,0,0,0,{}
1774270630,normal,k3s-wk1,0.2705937260392366,0.6959034622521088,577.2577257725773,308.63086308630864,9227.856118945227,3169.416941694169,0,54,3,0,51,0,"{""process_exit"": 54, ""process_exec"": 54, ""process_kprobe"": 51}"
1774270630,normal,sw-wk3,0.09111111111107872,0.41835461800008356,0.0,0.0,4811.766666666666,5295.033333333333,0,0,0,0,0,0,{}
1774270630,normal,sw-wk2,0.077111111111137,0.39512605643890564,0.0,0.0,1633.9666666666667,4226.166666666667,0,0,0,0,0,0,{}
1774270640,normal,k3s-wk1,0.301555555555549,0.6963693068916056,572.7333333333333,302.6,10067.3,12012.4,0,33,3,0,29,0,"{""process_exit"": 33, ""process_exec"": 33, ""process_kprobe"": 29}"
1774270640,normal,sw-wk3,0.09111111111107872,0.41835461800008356,0.0,0.0,4811.766666666666,5295.033333333333,0,0,0,0,0,0,{}
1774270640,normal,sw-wk2,0.077111111111137,0.39512605643890564,0.0,0.0,1633.9666666666667,4226.166666666667,0,0,0,0,0,0,{}
1774270650,normal,k3s-wk1,0.30155555555554914,0.6963693068916056,572.7333333333333,302.6,10067.3,12012.4,0,39,3,0,37,0,"{""process_exit"": 39, ""process_exec"": 39, ""process_kprobe"": 37}"
1774270650,normal,sw-wk3,0.09111111111107872,0.41835461800008356,0.0,0.0,4811.766666666666,5295.033333333333,0,0,0,0,0,0,{}
1774270650,normal,sw-wk2,0.13888888888888884,0.40183673144567,0.0,0.0,5664.466666666666,4603.0,0,0,0,0,0,0,{}
1774270660,normal,k3s-wk1,0.30155555555554914,0.6963693068916056,572.7333333333333,302.6,10067.3,12012.4,0,36,3,0,32,0,"{""process_exit"": 36, ""process_exec"": 36, ""process_kprobe"": 32}"
1774270660,normal,sw-wk3,0.08633333333333804,0.4181417381737298,0.0,0.0,2492.8333333333335,5084.2333333333345,0,0,0,0,0,0,{}
1774270660,normal,sw-wk2,0.13888888888888884,0.40183673144567,0.0,0.0,5664.466666666666,4603.0,0,0,0,0,0,0,{}
1774270675,transition,k3s-wk1,0.288222222222248,0.7034583042728744,0.0,300.6,8920.5,1387.3333333333333,14,36,3,0,32,0,"{""process_exit"": 36, ""process_exec"": 36, ""process_kprobe"": 32}"
1774270675,transition,sw-wk3,0.08633333333333815,0.4181417381737298,0.0,0.0,2492.8333333333335,5084.233333333334,14,0,0,0,0,0,{}
1774270675,transition,sw-wk2,0.13888888888888884,0.40183673144567,0.0,0.0,430.06666666666666,4064.8000000000006,14,0,0,0,0,0,{}
1774270680,normal,k3s-wk1,0.288222222222248,0.7034583042728744,570.6,300.6,8920.5,1387.3333333333333,0,36,3,0,31,0,"{""process_exit"": 36, ""process_exec"": 36, ""process_kprobe"": 31}"
1774270680,normal,sw-wk3,0.08633333333333815,0.4181417381737298,0.0,0.0,2492.8333333333335,5084.233333333334,0,0,0,0,0,0,{}
1774270680,normal,sw-wk2,0.07511111111109336,0.4037327507997899,0.0,0.0,430.0666666666668,4064.7999999999997,0,0,0,0,0,0,{}
1774270690,normal,k3s-wk1,0.288222222222248,0.7034583042728744,570.6,300.6,8920.5,1387.3333333333333,0,36,3,0,32,0,"{""process_exit"": 36, ""process_exec"": 36, ""process_kprobe"": 32}"
1774270690,normal,sw-wk3,0.08588888888888402,0.4182849844120239,0.0,0.0,2255.0333333333333,4970.566666666667,0,0,0,0,0,0,{}
1774270690,normal,sw-wk2,0.07511111111109336,0.4037327507997899,0.0,0.0,430.06666666666666,4064.7999999999997,0,0,0,0,0,0,{}
1774270700,normal,k3s-wk1,0.28855555555556844,0.7022502664789252,261.5333333333333,209.9,9839.133333333333,8313.733333333334,0,15,2,0,13,0,"{""process_kprobe"": 13, ""process_exit"": 15, ""process_exec"": 15}"
1774270700,normal,sw-wk3,0.08588888888888402,0.4182849844120239,0.0,0.0,2255.0333333333333,4970.566666666667,0,0,0,0,0,0,{}
1774270700,normal,sw-wk2,0.07511111111109336,0.4037327507997899,0.0,0.0,430.06666666666666,4064.7999999999997,0,0,0,0,0,0,{}
1774270710,normal,k3s-wk1,0.28855555555556844,0.7022502664789252,261.5333333333333,209.9,9839.133333333333,8313.733333333334,0,15,2,0,17,0,"{""process_exit"": 15, ""process_exec"": 15, ""process_kprobe"": 17}"
1774270710,normal,sw-wk3,0.08588888888888402,0.4182849844120239,0.0,0.0,2255.0333333333333,4970.566666666667,0,0,0,0,0,0,{}
1774270710,normal,sw-wk2,0.1495555555555863,0.4021212338251444,4.466666666666667,6.0,5326.2,4626.133333333333,0,0,0,0,0,0,{}
1774270720,normal,k3s-wk1,0.28855555555556844,0.7022502664789252,261.5333333333333,209.9,9839.133333333333,8313.733333333334,0,57,3,0,53,0,"{""process_exit"": 57, ""process_exec"": 57, ""process_kprobe"": 53}"
1774270720,normal,sw-wk3,0.12300000000003708,0.4181934659820027,4.133333333333333,43.93333333333333,6245.333333333333,5569.833333333333,0,0,0,0,0,0,{}
1774270720,normal,sw-wk2,0.1495555555555863,0.4021212338251444,4.466666666666667,6.0,5326.2,4626.133333333333,0,0,0,0,0,0,{}
1774270730,normal,k3s-wk1,0.2718888888888614,0.7111526364964271,194.46666666666667,179.26666666666665,9483.5,5945.433333333333,0,39,3,0,33,0,"{""process_exit"": 39, ""process_exec"": 39, ""process_kprobe"": 33}"
1774270730,normal,sw-wk3,0.12300000000003719,0.4181934659820027,4.133333333333333,43.93333333333333,6245.333333333333,5569.833333333333,0,0,0,0,0,0,{}
1774270730,normal,sw-wk2,0.1495555555555863,0.4021212338251444,4.466666666666667,6.0,5326.2,4626.133333333333,0,0,0,0,0,0,{}
1774270740,normal,k3s-wk1,0.2718888888888614,0.7111526364964271,194.46666666666667,179.26666666666665,9483.5,5945.433333333333,0,12,2,0,9,0,"{""process_exit"": 12, ""process_exec"": 12, ""process_kprobe"": 9}"
1774270740,normal,sw-wk3,0.12300000000003719,0.4181934659820027,4.133333333333333,43.93333333333333,6245.333333333333,5569.833333333333,0,0,0,0,0,0,{}
1774270740,normal,sw-wk2,0.07622222222218833,0.4043574623183561,0.0,0.0,348.0,3990.6,0,0,0,0,0,0,{}
1774270750,normal,k3s-wk1,0.2718888888888614,0.7111526364964271,194.46666666666667,179.26666666666665,9483.5,5945.433333333333,0,39,3,0,34,0,"{""process_exit"": 39, ""process_exec"": 39, ""process_kprobe"": 34}"
1774270750,normal,sw-wk3,0.1068888888888776,0.4183068692539855,66.0,74.33333333333334,2292.866666666667,5247.5,0,0,0,0,0,0,{}
1774270750,normal,sw-wk2,0.07622222222218833,0.4043574623183561,0.0,0.0,348.0,3990.6,0,0,0,0,0,0,{}
1774270760,normal,k3s-wk1,0.2745555555555459,0.7117356002684528,194.4,179.26666666666665,9761.833333333336,4575.566666666667,0,33,3,0,30,0,"{""process_kprobe"": 30, ""process_exit"": 33, ""process_exec"": 33}"
1774270760,normal,sw-wk3,0.1068888888888776,0.4183068692539855,66.0,74.33333333333333,2292.866666666667,5247.5,0,0,0,0,0,0,{}
1774270760,normal,sw-wk2,0.07622222222218833,0.4043574623183561,0.0,0.0,348.0,3990.6,0,0,0,0,0,0,{}
1774270770,normal,k3s-wk1,0.2745555555555459,0.7117356002684528,194.4,179.26666666666665,9761.833333333334,4575.566666666667,0,30,3,0,31,0,"{""process_kprobe"": 31, ""process_exit"": 30, ""process_exec"": 30}"
1774270770,normal,sw-wk3,0.1068888888888776,0.4183068692539855,66.0,74.33333333333333,2292.866666666667,5247.5,0,0,0,0,0,0,{}
1774270770,normal,sw-wk2,0.14188888888885343,0.405340288720177,0.0,0.0,5016.733333333334,4723.733333333334,0,0,0,0,0,0,{}
1774270780,normal,k3s-wk1,0.2745555555555459,0.7117356002684528,194.4,179.26666666666665,9761.833333333334,4575.566666666667,0,36,3,0,32,0,"{""process_exit"": 36, ""process_exec"": 36, ""process_kprobe"": 32}"
1774270780,normal,sw-wk3,0.09177777777775997,0.41761053337338927,64.0,71.86666666666666,2929.1,5274.100000000001,0,0,0,0,0,0,{}
1774270780,normal,sw-wk2,0.14188888888885343,0.405340288720177,0.0,0.0,5016.733333333334,4723.733333333334,0,0,0,0,0,0,{}
1774270790,normal,k3s-wk1,0.2658888888889325,0.7117579713387112,194.46666666666667,179.2666666666667,9464.7,6034.2,0,54,3,0,51,0,"{""process_exit"": 55, ""process_exec"": 54, ""process_kprobe"": 51}"
1774270790,normal,sw-wk3,0.09177777777775997,0.41761053337338927,64.0,71.86666666666666,2929.1,5274.1,0,0,0,0,0,0,{}
1774270790,normal,sw-wk2,0.14188888888885343,0.405340288720177,0.0,0.0,5016.733333333334,4723.733333333334,0,0,0,0,0,0,{}
1774270800,normal,k3s-wk1,0.2658888888889326,0.7117579713387112,194.46666666666667,179.26666666666665,9464.7,6034.2,0,57,3,0,52,0,"{""process_exit"": 57, ""process_exec"": 57, ""process_kprobe"": 52}"
1774270800,normal,sw-wk3,0.09177777777775997,0.41761053337338927,64.0,71.86666666666666,2929.1,5274.1,0,0,0,0,0,0,{}
1774270800,normal,sw-wk2,0.07411111111113211,0.4069697114389852,0.0,0.0,331.73333333333335,4002.5,0,0,0,0,0,0,{}
1774270811,normal,k3s-wk1,0.2658888888889326,0.7117579713387112,194.46666666666667,179.26666666666665,9464.7,6034.2,0,39,3,0,35,0,"{""process_exit"": 39, ""process_exec"": 39, ""process_kprobe"": 35}"
1774270811,normal,sw-wk3,0.09468980544404393,0.4172663444952659,40.813617811991904,56.64133789030096,2304.973952284567,5228.987623187444,0,0,0,0,0,0,{}
1774270811,normal,sw-wk2,0.07411111111113211,0.4069697114389852,0.0,0.0,331.73333333333335,4002.5,0,0,0,0,0,0,{}
1774270820,normal,k3s-wk1,0.3393333333333025,0.7144293403166164,194.46666666666667,179.2666666666667,10172.466666666667,11095.533333333333,0,33,3,0,29,0,"{""process_exit"": 33, ""process_exec"": 33, ""process_kprobe"": 29}"
1774270820,normal,sw-wk3,0.09468980544404393,0.4172663444952659,40.813617811991904,56.64133789030096,2304.973952284567,5228.987623187444,0,0,0,0,0,0,{}
1774270820,normal,sw-wk2,0.07411111111113211,0.4069697114389852,0.0,0.0,331.73333333333335,4002.5,0,0,0,0,0,0,{}
1774270830,normal,k3s-wk1,0.3393333333333025,0.7144293403166164,194.46666666666667,179.26666666666665,10172.466666666667,11095.533333333333,0,57,3,0,55,0,"{""process_exit"": 57, ""process_exec"": 57, ""process_kprobe"": 55}"
1774270830,normal,sw-wk3,0.09468980544404393,0.4172663444952659,40.813617811991904,56.64133789030096,2304.973952284567,5228.987623187444,0,0,0,0,0,0,{}
1774270830,normal,sw-wk2,0.14430779144311345,0.40259673080902136,0.0,0.0,5271.872812718727,4611.8721461187215,0,0,0,0,0,0,{}
1774270840,normal,k3s-wk1,0.3393333333333025,0.7144293403166164,194.46666666666667,179.26666666666665,10172.466666666667,11095.533333333333,0,33,3,0,30,0,"{""process_exit"": 33, ""process_exec"": 33, ""process_kprobe"": 30}"
1774270840,normal,sw-wk3,0.10044759959369831,0.419508546030786,64.29360747413187,77.15232896895826,4608.813582024579,5531.996115594549,0,0,0,0,0,0,{}
1774270840,normal,sw-wk2,0.14430779144311345,0.40259673080902136,0.0,0.0,5271.872812718729,4611.8721461187215,0,0,0,0,0,0,{}
1774270850,normal,k3s-wk1,0.2648888888888501,0.7197865536708294,194.46666666666667,179.26666666666665,9290.933333333332,2414.066666666667,0,12,2,0,10,0,"{""process_exit"": 12, ""process_exec"": 12, ""process_kprobe"": 10}"
1774270850,normal,sw-wk3,0.10044759959369831,0.419508546030786,64.29360747413187,77.15232896895826,4608.81358202458,5531.996115594549,0,0,0,0,0,0,{}
1774270850,normal,sw-wk2,0.14430779144311345,0.40259673080902136,0.0,0.0,5271.872812718729,4611.8721461187215,0,0,0,0,0,0,{}
1774270860,normal,k3s-wk1,0.2648888888888501,0.7197865536708294,194.46666666666667,179.26666666666665,9290.933333333332,2414.0666666666666,0,36,3,0,32,0,"{""process_exit"": 36, ""process_exec"": 36, ""process_kprobe"": 32}"
1774270860,normal,sw-wk3,0.10044759959369831,0.419508546030786,64.29360747413187,77.15232896895826,4608.81358202458,5531.996115594549,0,0,0,0,0,0,{}
1774270860,normal,sw-wk2,0.08490849084910113,0.40325128523452547,0.0,0.0,771.1771177117712,4022.168883555022,0,0,0,0,0,0,{}
1774270870,normal,k3s-wk1,0.2648888888888501,0.7197865536708294,194.46666666666667,179.26666666666665,9290.933333333332,2414.0666666666666,0,60,3,0,54,0,"{""process_exit"": 60, ""process_exec"": 60, ""process_kprobe"": 54}"
1774270870,normal,sw-wk3,0.12922222222219315,0.41629744285569337,39.0,27.3,4596.666666666668,5270.3,0,0,0,0,0,0,{}
1774270870,normal,sw-wk2,0.08490849084910113,0.40325128523452547,0.0,0.0,771.1771177117712,4022.168883555022,0,0,0,0,0,0,{}
1774270880,normal,k3s-wk1,0.3026666666667249,0.708364148385993,194.46666666666667,179.26666666666665,9828.033333333333,10931.133333333333,0,36,3,0,33,0,"{""process_kprobe"": 33, ""process_exit"": 36, ""process_exec"": 36}"
1774270880,normal,sw-wk3,0.12922222222219315,0.41629744285569337,39.0,27.3,4596.666666666667,5270.3,0,0,0,0,0,0,{}
1774270880,normal,sw-wk2,0.08490849084910113,0.40325128523452547,0.0,0.0,771.1771177117712,4022.168883555022,0,0,0,0,0,0,{}
1774270890,normal,k3s-wk1,0.3026666666667249,0.708364148385993,194.46666666666667,179.26666666666665,9828.033333333333,10931.133333333333,0,30,3,0,33,0,"{""process_exit"": 30, ""process_exec"": 30, ""process_kprobe"": 33}"
1774270890,normal,sw-wk3,0.12922222222219315,0.41629744285569337,39.0,27.3,4596.666666666667,5270.3,0,0,0,0,0,0,{}
1774270890,normal,sw-wk2,0.1446666666666715,0.40070668003628895,0.0,0.0,5175.833333333333,4653.866666666667,0,0,0,0,0,0,{}
1774270900,normal,k3s-wk1,0.3026666666667249,0.708364148385993,194.46666666666667,179.26666666666665,9828.033333333333,10931.133333333333,0,12,2,0,12,0,"{""process_exit"": 12, ""process_exec"": 12, ""process_kprobe"": 12}"
1774270900,normal,sw-wk3,0.09122222222221232,0.41629147426243107,2.0,0.0,3001.733333333333,5065.333333333333,0,0,0,0,0,0,{}
1774270900,normal,sw-wk2,0.1446666666666715,0.40070668003628895,0.0,0.0,5175.833333333333,4653.866666666667,0,0,0,0,0,0,{}
1774270910,normal,k3s-wk1,0.2653333333333042,0.7092563593057073,396.3333333333333,271.7,9260.033333333335,3368.233333333333,0,36,3,0,31,0,"{""process_exit"": 36, ""process_exec"": 36, ""process_kprobe"": 31}"
1774270910,normal,sw-wk3,0.09122222222221243,0.41629147426243107,2.0,0.0,3001.733333333333,5065.333333333333,0,0,0,0,0,0,{}
1774270910,normal,sw-wk2,0.1446666666666715,0.40070668003628895,0.0,0.0,5175.833333333333,4653.866666666667,0,0,0,0,0,0,{}
1774270920,normal,k3s-wk1,0.2653333333333042,0.7092563593057073,396.3333333333333,271.7,9260.033333333333,3368.233333333333,0,36,3,0,31,0,"{""process_exit"": 36, ""process_exec"": 36, ""process_kprobe"": 31}"
1774270920,normal,sw-wk3,0.09122222222221243,0.41629147426243107,2.0,0.0,3001.733333333333,5065.333333333333,0,0,0,0,0,0,{}
1774270920,normal,sw-wk2,0.07733333333328296,0.4031140078626112,4.466666666666668,6.0,1639.9333333333334,4224.2,0,0,0,0,0,0,{}
1774270930,normal,k3s-wk1,0.2653333333333042,0.7092563593057073,396.3333333333333,271.7,9260.033333333333,3368.233333333333,0,36,3,0,32,0,"{""process_exit"": 36, ""process_exec"": 36, ""process_kprobe"": 32}"
1774270930,normal,sw-wk3,0.09322222222225618,0.4165162912753093,0.0,0.0,4287.466666666666,5191.566666666667,0,0,0,0,0,0,{}
1774270930,normal,sw-wk2,0.07733333333328318,0.4031140078626112,4.466666666666667,6.0,1639.9333333333334,4224.2,0,0,0,0,0,0,{}
1774270940,normal,k3s-wk1,0.28855555555552803,0.6849613770051717,196.46666666666667,181.26666666666665,9779.133333333333,11780.2,0,57,3,0,52,0,"{""process_exit"": 57, ""process_exec"": 57, ""process_kprobe"": 52}"
1774270940,normal,sw-wk3,0.09322222222225618,0.4165162912753093,0.0,0.0,4287.466666666666,5191.566666666667,0,0,0,0,0,0,{}
1774270940,normal,sw-wk2,0.07733333333328318,0.4031140078626112,4.466666666666667,6.0,1639.9333333333334,4224.2,0,0,0,0,0,0,{}
1774270950,normal,k3s-wk1,0.28855555555552803,0.6849613770051717,196.46666666666667,181.26666666666665,9779.133333333333,11780.2,0,15,2,0,15,0,"{""process_exit"": 15, ""process_exec"": 15, ""process_kprobe"": 15}"
1774270950,normal,sw-wk3,0.09322222222225618,0.4165162912753093,0.0,0.0,4287.466666666666,5191.566666666667,0,0,0,0,0,0,{}
1774270950,normal,sw-wk2,0.1591111111111484,0.3993856340225055,0.0,0.0,5681.833333333333,4582.3,0,0,0,0,0,0,{}
1774270960,normal,k3s-wk1,0.28855555555552803,0.6849613770051717,196.46666666666667,181.26666666666665,9779.133333333333,11780.2,0,18,2,0,14,0,"{""process_exit"": 18, ""process_exec"": 18, ""process_kprobe"": 14}"
1774270960,normal,sw-wk3,0.08755555555556693,0.41662969454729215,4.466666666666667,6.0,3445.7999999999997,4989.5,0,0,0,0,0,0,{}
1774270960,normal,sw-wk2,0.1591111111111484,0.3993856340225055,0.0,0.0,5681.833333333333,4582.3,0,0,0,0,0,0,{}
1774270970,normal,k3s-wk1,0.26888888888893747,0.691875353660302,198.5,183.26666666666665,9060.966666666667,1573.5333333333333,0,15,2,0,13,0,"{""process_exit"": 15, ""process_exec"": 15, ""process_kprobe"": 13}"
1774270970,normal,sw-wk3,0.08755555555556693,0.41662969454729215,4.466666666666667,6.0,3445.7999999999997,4989.5,0,0,0,0,0,0,{}
1774270970,normal,sw-wk2,0.1591111111111484,0.3993856340225055,0.0,0.0,5681.833333333333,4582.3,0,0,0,0,0,0,{}
1774270980,normal,k3s-wk1,0.26888888888893747,0.691875353660302,198.5,183.26666666666665,9060.966666666667,1573.5333333333333,0,39,3,0,34,0,"{""process_exit"": 39, ""process_exec"": 39, ""process_kprobe"": 34}"
1774270980,normal,sw-wk3,0.08755555555556693,0.41662969454729215,4.466666666666667,6.0,3445.7999999999997,4989.5,0,0,0,0,0,0,{}
1774270980,normal,sw-wk2,0.07922222222219322,0.4010568368110268,5.133333333333333,5.0,373.00000000000006,4042.133333333333,0,0,0,0,0,0,{}
1774270990,normal,k3s-wk1,0.26888888888893747,0.691875353660302,198.5,183.26666666666665,9060.966666666667,1573.5333333333333,0,15,2,0,13,0,"{""process_kprobe"": 13, ""process_exit"": 15, ""process_exec"": 15}"
1774270990,normal,sw-wk3,0.08788888888884694,0.4166197468918551,0.0,0.0,2251.9,5032.933333333334,0,0,0,0,0,0,{}
1774270990,normal,sw-wk2,0.07922222222219322,0.4010568368110268,5.133333333333333,5.0,373.0,4042.133333333333,0,0,0,0,0,0,{}
