timestamp,label,node,avg_cpu,avg_mem,net_bytes_in,net_bytes_out,net_internal_bytes_in,net_internal_bytes_out,net_drop_rate,last_successful_scrape_age_sec,exec_count,unique_process_count,tmp_exec_count,outbound_connect_count,mining_port_count,syscall_feature_vector
1776117411,normal,sw-wk2,0.18533333333335678,0.2820842412426571,156.13333333333333,80.0,5163.033333333333,4177.333333333333,0.0,0,0,0,0,0,0,{}
1776117411,normal,sw-wk3,0.17888888888889287,0.34194891496871693,156.13333333333333,80.0,2804.7666666666664,5093.433333333333,0.0,0,0,0,0,0,0,{}
1776117411,normal,k3s-wk1,0.2498888888888865,0.5897616222824522,0.0,0.0,8522.2,5021.733333333334,0.0,0,0,0,0,0,0,{}
1776117421,normal,sw-wk2,0.11285931753280509,0.2871605693387872,102.67008900296678,52.00173339111304,1935.5978532617755,3798.2932764425486,0.0,0,0,0,0,0,0,{}
1776117421,normal,sw-wk3,0.17888888888889287,0.34194891496871693,156.13333333333333,80.0,2804.7666666666664,5093.433333333333,0.0,0,0,0,0,0,0,{}
1776117421,normal,k3s-wk1,0.2498888888888865,0.5897616222824522,0.0,0.0,8522.2,5021.733333333334,0.0,0,12,2,0,9,0,"{""process_kprobe"": 9, ""process_exit"": 12, ""process_exec"": 12}"
1776117431,normal,sw-wk2,0.11285931753280487,0.2871605693387872,102.67008900296678,52.00173339111304,1935.5978532617755,3798.2932764425486,0.0,0,2,2,0,0,0,"{""process_exec"": 2}"
1776117431,normal,sw-wk3,0.1541111111111403,0.34016017431859014,156.13333333333333,80.0,2878.233333333333,5172.500000000001,0.0,0,0,0,0,0,0,{}
1776117431,normal,k3s-wk1,0.2498888888888865,0.5897616222824522,0.0,0.0,8522.2,5021.733333333334,0.0,0,39,3,0,32,0,"{""process_exit"": 39, ""process_exec"": 39, ""process_kprobe"": 32}"
1776117441,normal,sw-wk3,0.1541111111111403,0.34016017431859014,156.13333333333333,80.0,2878.233333333333,5172.5,0.0,0,1,1,0,0,0,"{""process_exit"": 7, ""process_exec"": 1}"
1776117441,normal,sw-wk2,0.11285931753280487,0.2871605693387872,102.67008900296678,52.00173339111304,1935.5978532617755,3798.2932764425486,0.0,0,104,5,0,0,0,"{""process_exit"": 106, ""process_exec"": 104}"
1776117441,normal,k3s-wk1,0.30844444444444685,0.6197019177909,296.9,283.26666666666665,9539.266666666666,6606.8,0.0,0,78,3,0,70,0,"{""process_exit"": 78, ""process_exec"": 78, ""process_kprobe"": 70}"
1776117451,normal,sw-wk2,0.2078305890718276,0.2848430113281598,156.12292513832412,79.99466702219851,5461.869208719419,27963.469102059862,0.0,0,0,0,0,0,0,{}
1776117451,normal,sw-wk3,0.1541111111111403,0.34016017431859014,156.13333333333333,80.0,2878.233333333333,5172.5,0.0,0,0,0,0,0,0,{}
1776117451,normal,k3s-wk1,0.30844444444444685,0.6197019177909,296.9,283.26666666666665,9539.266666666666,6606.8,0.0,0,36,3,0,30,0,"{""process_exit"": 36, ""process_exec"": 36, ""process_kprobe"": 30}"
1776117461,normal,sw-wk2,0.2078305890718276,0.2848430113281598,156.12292513832412,79.99466702219851,5461.869208719419,27963.469102059862,0.0,0,0,0,0,0,0,{}
1776117461,normal,sw-wk3,0.15522222222219473,0.3378999579494629,154.0,78.0,2991.4,6202.833333333333,0.0,0,0,0,0,0,0,{}
1776117461,normal,k3s-wk1,0.30844444444444685,0.6197019177909,296.9,283.26666666666665,9539.266666666666,6606.8,0.0,0,36,3,0,30,0,"{""process_exit"": 36, ""process_exec"": 36, ""process_kprobe"": 30}"
1776117471,normal,sw-wk2,0.2078305890718276,0.2848430113281598,156.12292513832412,79.99466702219851,5461.869208719419,27963.469102059862,0.0,0,0,0,0,0,0,{}
1776117471,normal,sw-wk3,0.15522222222219473,0.3378999579494629,154.0,78.0,2991.4,6202.833333333333,0.0,0,0,0,0,0,0,{}
1776117471,normal,k3s-wk1,0.29522222222221906,0.6106136050382509,221.0,205.79999999999998,33548.66666666667,6569.866666666667,0.0,0,57,3,0,50,0,"{""process_exit"": 57, ""process_exec"": 57, ""process_kprobe"": 50}"
1776117481,normal,sw-wk3,0.15522222222219473,0.3378999579494629,154.0,78.0,2991.4,6202.833333333333,0.0,0,1,1,0,0,0,"{""process_exit"": 7, ""process_exec"": 1}"
1776117481,normal,sw-wk2,0.12918819803299908,0.2808131681894058,156.15935989331558,80.01333555592598,597.8996499416569,3603.8339723287213,0.0,0,0,0,0,0,0,{}
1776117481,normal,k3s-wk1,0.29522222222221906,0.6106136050382509,221.0,205.79999999999998,33548.666666666664,6569.866666666667,0.0,0,33,3,0,28,0,"{""process_exit"": 33, ""process_exec"": 33, ""process_kprobe"": 28}"
1776117491,normal,sw-wk2,0.12918819803299908,0.2808131681894058,156.15935989331552,80.01333555592598,597.8996499416569,3603.8339723287213,0.0,0,106,7,0,0,0,"{""process_exec"": 106, ""process_exit"": 106}"
1776117491,normal,sw-wk3,0.1825555555555588,0.3393478343973394,156.13333333333333,80.0,2856.0666666666666,6117.0,0.0,0,0,0,0,0,0,{}
1776117491,normal,k3s-wk1,0.29522222222221906,0.6106136050382509,221.0,205.79999999999998,33548.666666666664,6569.866666666667,0.0,0,57,3,0,50,0,"{""process_exit"": 57, ""process_exec"": 57, ""process_kprobe"": 50}"
1776117501,normal,sw-wk2,0.12918819803299908,0.2808131681894058,156.15935989331552,80.01333555592598,597.8996499416569,3603.8339723287213,0.0,0,0,0,0,0,0,{}
1776117501,normal,sw-wk3,0.1825555555555588,0.3393478343973394,156.13333333333333,80.0,2856.0666666666666,6117.0,0.0,0,0,0,0,0,0,{}
1776117501,normal,k3s-wk1,0.30355555555555236,0.6111080381503686,223.83333333333334,208.66666666666666,34177.16666666667,10526.4,0.0,0,39,3,0,32,0,"{""process_exit"": 39, ""process_exec"": 39, ""process_kprobe"": 32}"
1776117511,normal,sw-wk2,0.1906666666666852,0.2840688991679091,156.13333333333333,80.0,5824.7,27942.800000000007,0.0,0,0,0,0,0,0,{}
1776117511,normal,k3s-wk1,0.30355555555555236,0.6111080381503686,223.83333333333334,208.66666666666666,34177.166666666664,10526.4,0.0,0,36,3,0,30,0,"{""process_exit"": 36, ""process_exec"": 36, ""process_kprobe"": 30}"
1776117511,normal,sw-wk3,0.1825555555555588,0.3393478343973394,156.13333333333333,80.0,2856.0666666666666,6117.0,0.0,0,1,1,0,0,0,"{""process_exit"": 5, ""process_exec"": 1}"
1776117521,normal,sw-wk3,0.15377777777777923,0.3424920677395925,156.13333333333333,80.0,3068.0,6003.266666666666,0.0,0,1,1,0,0,0,"{""process_exit"": 29, ""process_exec"": 1}"
1776117521,normal,sw-wk2,0.1906666666666852,0.2840688991679091,156.13333333333333,80.0,5824.7,27942.8,0.0,0,0,0,0,0,0,{}
1776117521,normal,k3s-wk1,0.30355555555555236,0.6111080381503686,223.83333333333334,208.66666666666666,34177.166666666664,10526.4,0.0,0,15,2,0,10,0,"{""process_exit"": 15, ""process_exec"": 15, ""process_kprobe"": 10}"
1776117531,normal,sw-wk2,0.1906666666666852,0.2840688991679091,156.13333333333333,80.0,5824.7,27942.8,0.0,0,0,0,0,0,0,{}
1776117531,normal,sw-wk3,0.15377777777777935,0.3424920677395925,156.13333333333333,80.0,3068.0,6003.266666666666,0.0,0,0,0,0,0,0,{}
1776117531,normal,k3s-wk1,0.269999999999992,0.6146684080947054,223.86666666666667,208.66666666666666,13567.0,2020.8333333333333,0.0,0,15,2,0,10,0,"{""process_exit"": 15, ""process_exec"": 15, ""process_kprobe"": 10}"
1776117541,normal,sw-wk2,0.1364484735368463,0.28242829109165746,156.11251833088923,79.98933475536596,699.906679109452,3668.7774963338225,0.0,0,0,0,0,0,0,{}
1776117541,normal,sw-wk3,0.15377777777777935,0.3424920677395925,156.13333333333333,80.0,3068.0,6003.266666666666,0.0,0,0,0,0,0,0,{}
1776117541,normal,k3s-wk1,0.269999999999992,0.6146684080947054,223.86666666666667,208.66666666666666,13567.0,2020.8333333333333,0.0,0,12,2,0,8,0,"{""process_exit"": 12, ""process_exec"": 12, ""process_kprobe"": 8}"
1776117551,normal,sw-wk2,0.1364484735368463,0.28242829109165746,156.11251833088923,79.98933475536596,699.906679109452,3668.7774963338225,0.0,0,106,7,0,0,0,"{""process_exec"": 106, ""process_exit"": 106}"
1776117551,normal,sw-wk3,0.14855555555556443,0.34136434879009137,104.8,54.00000000000001,3844.0,9256.3,0.0,0,1,1,0,0,0,"{""process_exit"": 9, ""process_exec"": 1}"
1776117551,normal,k3s-wk1,0.269999999999992,0.6146684080947054,223.86666666666667,208.66666666666666,13567.0,2020.8333333333333,0.0,0,60,3,0,52,0,"{""process_exit"": 60, ""process_exec"": 60, ""process_kprobe"": 52}"
1776117561,normal,sw-wk2,0.1364484735368463,0.28242829109165746,156.11251833088923,79.98933475536596,699.906679109452,3668.7774963338225,0.0,0,0,0,0,0,0,{}
1776117561,normal,sw-wk3,0.14855555555556443,0.34136434879009137,104.8,54.0,3844.0,9256.3,0.0,0,0,0,0,0,0,{}
1776117561,normal,k3s-wk1,0.32344444444445086,0.6193350439063376,221.0,205.79999999999998,34546.73333333333,11282.666666666666,0.0,0,15,2,0,10,0,"{""process_exit"": 15, ""process_exec"": 15, ""process_kprobe"": 10}"
1776117571,normal,sw-wk2,0.19908009199079924,0.2875922244734126,156.1177215611772,79.99200079992,5632.036796320368,27886.478018864782,0.0,0,0,0,0,0,0,{}
1776117571,normal,k3s-wk1,0.32344444444445086,0.6193350439063376,221.0,205.79999999999998,34546.73333333333,11282.666666666666,0.0,0,36,3,0,30,0,"{""process_exit"": 36, ""process_exec"": 36, ""process_kprobe"": 30}"
1776117571,normal,sw-wk3,0.14855555555556443,0.34136434879009137,104.8,54.0,3844.0,9256.3,0.0,0,1,1,0,0,0,"{""process_exit"": 9, ""process_exec"": 1}"
1776117581,normal,sw-wk2,0.19908009199079924,0.2875922244734126,156.1177215611772,79.99200079992,5632.036796320368,27886.478018864782,0.0,0,0,0,0,0,0,{}
1776117581,normal,sw-wk3,0.16161144812567008,0.33574646074646075,156.12292513832412,79.99466702219851,2875.3749750016664,7660.755949603359,0.0,0,0,0,0,0,0,{}
1776117581,normal,k3s-wk1,0.32344444444445086,0.6193350439063376,221.0,205.79999999999998,34546.73333333333,11282.666666666666,0.0,0,36,3,0,30,0,"{""process_exit"": 36, ""process_exec"": 36, ""process_kprobe"": 30}"
1776117592,normal,sw-wk2,0.19908009199079924,0.2875922244734126,156.1177215611772,79.99200079992,5632.036796320368,27886.478018864782,0.0,0,0,0,0,0,0,{}
1776117592,normal,sw-wk3,0.16161144812567008,0.33574646074646075,156.12292513832412,79.99466702219851,2875.3749750016664,7660.755949603359,0.0,0,0,0,0,0,0,{}
1776117592,normal,k3s-wk1,0.2701111111111256,0.6222835810954968,223.83333333333334,208.66666666666666,9950.166666666668,1704.9666666666667,0.0,0,54,3,0,48,0,"{""process_exit"": 54, ""process_exec"": 54, ""process_kprobe"": 48}"
1776117601,normal,sw-wk3,0.16161144812567008,0.33574646074646075,156.12292513832412,79.99466702219851,2875.3749750016664,7660.755949603359,0.0,0,94,4,0,0,0,"{""process_exec"": 94, ""process_exit"": 62}"
1776117601,normal,sw-wk2,0.13177777777780442,0.28410075563540915,160.6,86.0,1110.5,3661.2999999999997,0.0,0,0,0,0,0,0,{}
1776117601,normal,k3s-wk1,0.2701111111111256,0.6222835810954968,223.83333333333334,208.66666666666666,9950.166666666666,1704.9666666666667,0.0,0,36,3,0,30,0,"{""process_exit"": 36, ""process_exec"": 36, ""process_kprobe"": 30}"
1776117611,normal,sw-wk2,0.13177777777780442,0.28410075563540915,160.6,86.0,1110.5,3661.2999999999997,0.0,0,2,2,0,0,0,"{""process_exec"": 2}"
1776117611,normal,k3s-wk1,0.2701111111111256,0.6222835810954968,223.83333333333334,208.66666666666666,9950.166666666666,1704.9666666666667,0.0,0,18,2,0,12,0,"{""process_exit"": 19, ""process_exec"": 18, ""process_kprobe"": 12}"
1776117611,normal,sw-wk3,0.22217036691334968,0.3384701887177135,768.1845456363758,379.79198613240885,5779.151943462898,27891.126075071672,0.0,0,115,4,0,0,0,"{""process_exit"": 65, ""process_exec"": 115}"
1776117621,normal,sw-wk2,0.13177777777780442,0.28410075563540915,160.6,86.0,1110.5,3661.2999999999997,0.0,0,3,3,0,0,0,"{""process_exit"": 3, ""process_exec"": 3}"
1776117621,normal,k3s-wk1,0.3261111111111151,0.6202990755906952,419.73333333333335,298.23333333333335,49353.7,8774.266666666666,0.0,0,33,3,0,28,0,"{""process_exit"": 33, ""process_exec"": 33, ""process_kprobe"": 28}"
1776117621,normal,sw-wk3,0.22217036691334968,0.3384701887177135,768.1845456363758,379.79198613240885,5779.151943462898,27891.126075071672,0.0,0,115,4,0,0,0,"{""process_exit"": 65, ""process_exec"": 115}"
1776117631,normal,sw-wk2,0.18758821502790646,0.2865552964562865,104.82445904044278,54.012602940686165,4111.759410529123,27966.292134831463,0.0,0,101,3,0,0,0,"{""process_exit"": 103, ""process_exec"": 101}"
1776117631,normal,k3s-wk1,0.3261111111111151,0.6202990755906952,419.73333333333335,298.23333333333335,49353.7,8774.266666666666,0.0,0,81,3,0,72,0,"{""process_exit"": 81, ""process_exec"": 81, ""process_kprobe"": 72}"
1776117631,normal,sw-wk3,0.22217036691334968,0.3384701887177135,768.1845456363758,379.79198613240885,5779.151943462898,27891.126075071672,0.0,0,114,4,0,0,0,"{""process_exit"": 61, ""process_exec"": 114}"
1776117642,normal,sw-wk3,0.18711111111111267,0.34909432062897405,160.0,84.6,3532.633333333333,54462.5,0.0,0,115,4,0,0,0,"{""process_exit"": 63, ""process_exec"": 115}"
1776117642,normal,sw-wk2,0.18758821502790646,0.2865552964562865,104.82445904044278,54.012602940686165,4111.759410529124,27966.292134831463,0.0,0,0,0,0,0,0,{}
1776117642,normal,k3s-wk1,0.3261111111111151,0.6202990755906952,419.73333333333335,298.23333333333335,49353.7,8774.266666666666,0.0,0,39,3,0,32,0,"{""process_exit"": 39, ""process_exec"": 39, ""process_kprobe"": 32}"
1776117651,normal,sw-wk2,0.18758821502790646,0.2865552964562865,104.82445904044278,54.012602940686165,4111.759410529124,27966.292134831463,0.0,0,0,0,0,0,0,{}
1776117651,normal,k3s-wk1,0.31349021176365055,0.6144290934376986,225.81827878141456,210.6526231584561,78493.20045330311,7253.249783347776,0.0,0,51,3,0,46,0,"{""process_exit"": 51, ""process_exec"": 51, ""process_kprobe"": 46}"
1776117651,normal,sw-wk3,0.18711111111111267,0.34909432062897405,160.0,84.6,3532.633333333333,54462.5,0.0,0,72,4,0,0,0,"{""process_exit"": 55, ""process_exec"": 72}"
1776117661,normal,sw-wk3,0.18711111111111267,0.34909432062897405,160.0,84.6,3532.633333333333,54462.5,0.0,0,115,4,0,0,0,"{""process_exit"": 65, ""process_exec"": 115}"
1776117661,normal,sw-wk2,0.14594582583386484,0.27659059342227654,156.12292513832412,79.99466702219851,2019.8986734217717,3667.1221918538763,0.0,0,0,0,0,0,0,{}
1776117661,normal,k3s-wk1,0.31349021176365055,0.6144290934376986,225.81827878141456,210.6526231584561,78493.20045330311,7253.249783347776,0.0,0,15,2,0,10,0,"{""process_exit"": 15, ""process_exec"": 15, ""process_kprobe"": 10}"
1776117671,normal,sw-wk2,0.14594582583386484,0.27659059342227654,156.12292513832412,79.99466702219851,2019.8986734217717,3667.1221918538763,0.0,0,2,2,0,0,0,"{""process_exec"": 2}"
1776117671,normal,k3s-wk1,0.31349021176365055,0.6144290934376986,225.81827878141456,210.6526231584561,78493.20045330311,7253.249783347776,0.0,0,15,2,0,10,0,"{""process_exit"": 15, ""process_exec"": 15, ""process_kprobe"": 10}"
1776117671,normal,sw-wk3,0.18611111111111112,0.34828675917784824,156.13333333333333,80.0,2863.866666666667,50996.26666666666,0.0,0,115,4,0,0,0,"{""process_exit"": 65, ""process_exec"": 115}"
1776117681,normal,sw-wk3,0.18611111111111112,0.34828675917784824,156.13333333333333,80.0,2863.866666666667,50996.26666666666,0.0,0,84,4,0,0,0,"{""process_exit"": 41, ""process_exec"": 84}"
1776117681,normal,sw-wk2,0.14594582583386484,0.27659059342227654,156.12292513832412,79.99466702219851,2019.8986734217717,3667.1221918538763,0.0,0,104,5,0,0,0,"{""process_exit"": 106, ""process_exec"": 104}"
1776117681,normal,k3s-wk1,0.2853968042313988,0.619609352687718,228.0152010134009,212.68084538969265,82212.31415427696,5503.100206680446,0.0,0,12,2,0,8,0,"{""process_exit"": 12, ""process_exec"": 12, ""process_kprobe"": 8}"
1776117692,normal,sw-wk3,0.18611111111111112,0.34828675917784824,156.13333333333333,80.0,2863.866666666667,50996.26666666666,0.0,0,124,4,0,0,0,"{""process_exec"": 124, ""process_exit"": 85}"
1776117692,normal,sw-wk2,0.19094606307087691,0.2833107152414083,156.1437429161944,80.0053336889126,5351.990132675512,27890.226015067674,0.0,0,0,0,0,0,0,{}
1776117692,normal,k3s-wk1,0.2853968042313988,0.619609352687718,228.0152010134009,212.68084538969265,82212.31415427696,5503.100206680446,0.0,0,21,2,0,14,0,"{""process_exit"": 21, ""process_exec"": 21, ""process_kprobe"": 14}"
1776117701,normal,sw-wk3,0.1925555555555548,0.3428233750015929,156.13333333333333,80.00000000000001,3456.7666666666664,54960.0,0.0,0,92,4,0,0,0,"{""process_exit"": 52, ""process_exec"": 92}"
1776117701,normal,sw-wk2,0.19094606307087691,0.2833107152414083,156.1437429161944,80.0053336889126,5351.990132675512,27890.226015067674,0.0,0,0,0,0,0,0,{}
1776117701,normal,k3s-wk1,0.2853968042313988,0.619609352687718,228.0152010134009,212.68084538969265,82212.31415427696,5503.100206680446,0.0,0,57,3,0,50,0,"{""process_exit"": 57, ""process_exec"": 57, ""process_kprobe"": 50}"
1776117711,normal,sw-wk3,0.1925555555555548,0.3428233750015929,156.13333333333333,80.0,3456.7666666666664,54960.0,0.0,0,115,4,0,0,0,"{""process_exit"": 65, ""process_exec"": 115}"
1776117711,normal,sw-wk2,0.19094606307087691,0.2833107152414083,156.1437429161944,80.0053336889126,5351.990132675512,27890.226015067674,0.0,0,0,0,0,0,0,{}
1776117711,normal,k3s-wk1,0.3088888888888808,0.6161573516446675,227.0,212.4,58712.73333333333,6824.633333333333,0.0,0,36,3,0,30,0,"{""process_exit"": 36, ""process_exec"": 36, ""process_kprobe"": 30}"
1776117721,normal,sw-wk2,0.12111111111110706,0.277977942581903,154.0,78.0,664.2,3618.4,0.0,0,0,0,0,0,0,{}
1776117721,normal,k3s-wk1,0.3088888888888808,0.6161573516446675,227.0,212.4,58712.73333333333,6824.633333333333,0.0,0,33,3,0,28,0,"{""process_exit"": 33, ""process_exec"": 33, ""process_kprobe"": 28}"
1776117721,normal,sw-wk3,0.1925555555555548,0.3428233750015929,156.13333333333333,80.0,3456.7666666666664,54960.0,0.0,0,93,4,0,0,0,"{""process_exit"": 54, ""process_exec"": 93}"
1776117731,normal,sw-wk2,0.12111111111110706,0.277977942581903,154.0,78.0,664.2,3618.4,0.0,0,2,2,0,0,0,"{""process_exec"": 2}"
1776117731,normal,k3s-wk1,0.3088888888888808,0.6161573516446675,227.0,212.4,58712.73333333333,6824.633333333333,0.0,0,15,2,0,10,0,"{""process_exit"": 15, ""process_exec"": 15, ""process_kprobe"": 10}"
1776117731,normal,sw-wk3,0.19799999999999673,0.33841921836971345,154.0,78.0,5099.866666666667,57293.23333333333,0.0,0,136,4,0,0,0,"{""process_exec"": 136, ""process_exit"": 80}"
1776117742,normal,sw-wk3,0.19799999999999673,0.33841921836971345,154.0,78.0,5099.866666666667,57293.23333333333,0.0,0,94,4,0,0,0,"{""process_exit"": 63, ""process_exec"": 94}"
1776117742,normal,sw-wk2,0.12111111111110706,0.277977942581903,154.0,78.0,664.2,3618.4,0.0,0,104,5,0,0,0,"{""process_exit"": 106, ""process_exec"": 104}"
1776117742,normal,k3s-wk1,0.29322222222223593,0.6226820625762675,223.86666666666667,208.66666666666666,60264.333333333336,9064.3,0.0,0,39,3,0,32,0,"{""process_exit"": 39, ""process_exec"": 39, ""process_kprobe"": 32}"
1776117751,normal,sw-wk3,0.19799999999999673,0.33841921836971345,154.0,78.0,5099.866666666667,57293.23333333333,0.0,0,46,4,0,0,0,"{""process_exit"": 28, ""process_exec"": 46}"
1776117751,normal,sw-wk2,0.21113147808698307,0.28618416860991114,156.10731544742544,79.98666888851858,7022.596233961007,28171.504749208467,0.0,0,0,0,0,0,0,{}
1776117751,normal,k3s-wk1,0.29322222222223593,0.6226820625762675,223.86666666666667,208.66666666666666,60264.333333333336,9064.3,0.0,0,15,2,0,10,0,"{""process_exit"": 15, ""process_exec"": 15, ""process_kprobe"": 10}"
1776117761,normal,sw-wk2,0.21113147808698307,0.28618416860991114,156.10731544742544,79.98666888851858,7022.596233961007,28171.504749208467,0.0,0,0,0,0,0,0,{}
1776117761,normal,sw-wk3,0.18944444444445663,0.3431690176739681,109.26666666666667,60.0,5650.066666666667,38970.0,0.0,0,0,0,0,0,0,{}
1776117761,normal,k3s-wk1,0.29322222222223593,0.6226820625762675,223.86666666666667,208.66666666666666,60264.333333333336,9064.3,0.0,0,30,3,0,26,0,"{""process_exit"": 30, ""process_exec"": 30, ""process_kprobe"": 26}"
1776117771,normal,sw-wk3,0.18944444444445663,0.3431690176739681,109.26666666666667,60.0,5650.066666666667,38970.0,0.0,0,1,1,0,0,0,"{""process_exit"": 7, ""process_exec"": 1}"
1776117771,normal,sw-wk2,0.21113147808698307,0.28618416860991114,156.10731544742544,79.98666888851858,7022.596233961007,28171.504749208467,0.0,0,0,0,0,0,0,{}
1776117771,normal,k3s-wk1,0.31166666666665854,0.6237736534881805,228.93333333333337,208.66666666666666,50443.46666666667,9550.833333333334,0.0,0,36,3,0,30,0,"{""process_exit"": 36, ""process_exec"": 36, ""process_kprobe"": 30}"
1776117781,normal,sw-wk2,0.13285998422170675,0.2831243549065331,156.13853795126505,80.00266675555851,987.5329177639255,3585.4528484282814,0.0,0,0,0,0,0,0,{}
1776117781,normal,sw-wk3,0.18944444444445663,0.3431690176739681,109.26666666666667,60.0,5650.066666666667,38970.0,0.0,0,0,0,0,0,0,{}
1776117781,normal,k3s-wk1,0.31166666666665854,0.6237736534881805,228.93333333333334,208.66666666666666,50443.46666666667,9550.833333333334,0.0,0,15,2,0,10,0,"{""process_exit"": 15, ""process_exec"": 15, ""process_kprobe"": 10}"
1776117791,normal,sw-wk2,0.13285998422170675,0.2831243549065331,156.13853795126505,80.00266675555851,987.5329177639255,3585.4528484282814,0.0,0,106,7,0,0,0,"{""process_exec"": 106, ""process_exit"": 106}"
1776117791,normal,sw-wk3,0.1566666666666504,0.3394147329790894,156.13333333333333,80.0,2271.8,6107.433333333333,0.0,0,0,0,0,0,0,{}
1776117791,normal,k3s-wk1,0.31166666666665854,0.6237736534881805,228.93333333333334,208.66666666666666,50443.46666666667,9550.833333333334,0.0,0,15,2,0,10,0,"{""process_exit"": 15, ""process_exec"": 15, ""process_kprobe"": 10}"
1776117801,normal,sw-wk2,0.13285998422170675,0.2831243549065331,156.13853795126505,80.00266675555852,987.5329177639255,3585.4528484282814,0.0,0,0,0,0,0,0,{}
1776117801,normal,sw-wk3,0.1566666666666504,0.3394147329790894,156.13333333333333,80.0,2271.8,6107.433333333333,0.0,0,0,0,0,0,0,{}
1776117801,normal,k3s-wk1,0.29071395240315134,0.6248697597709805,223.85174321711887,208.65275648290114,34074.36170921938,10533.831077928138,0.0,0,36,3,0,30,0,"{""process_exit"": 36, ""process_exec"": 36, ""process_kprobe"": 30}"
1776117811,normal,sw-wk3,0.1566666666666504,0.3394147329790894,156.13333333333333,80.0,2271.8,6107.433333333333,0.0,0,1,1,0,0,0,"{""process_exit"": 15, ""process_exec"": 1}"
1776117811,normal,sw-wk2,0.19080475095272675,0.2828312754055329,104.79650678310722,53.99820005999799,5895.770140995299,27898.436718776036,0.0,0,0,0,0,0,0,{}
1776117811,normal,k3s-wk1,0.29071395240315134,0.6248697597709805,223.85174321711887,208.65275648290114,34074.36170921938,10533.831077928138,0.0,0,15,2,0,10,0,"{""process_exit"": 15, ""process_exec"": 15, ""process_kprobe"": 10}"
1776117821,normal,sw-wk2,0.19080475095272675,0.2828312754055329,104.79650678310722,53.99820005999799,5895.770140995299,27898.436718776036,0.0,0,0,0,0,0,0,{}
1776117821,normal,sw-wk3,0.15200000000000313,0.34085145966334085,154.0,78.0,3514.9333333333334,7229.866666666667,0.0,0,0,0,0,0,0,{}
1776117821,normal,k3s-wk1,0.29071395240315134,0.6248697597709805,223.85174321711887,208.65275648290114,34074.36170921938,10533.831077928138,0.0,0,15,2,0,10,0,"{""process_exit"": 15, ""process_exec"": 15, ""process_kprobe"": 10}"
1776117832,normal,sw-wk3,0.15200000000000324,0.34085145966334085,154.0,78.0,3514.9333333333334,7229.866666666667,0.0,0,1,1,0,0,0,"{""process_exit"": 3, ""process_exec"": 1}"
1776117832,normal,sw-wk2,0.19080475095272675,0.2828312754055329,104.79650678310722,53.99820005999799,5895.770140995299,27898.436718776036,0.0,0,0,0,0,0,0,{}
1776117832,normal,k3s-wk1,0.2619507967198007,0.6253574198267677,223.88159210614043,208.68057870524703,11291.486099073272,1809.4206280418696,0.0,0,12,2,0,8,0,"{""process_exit"": 12, ""process_exec"": 12, ""process_kprobe"": 8}"
1776117841,normal,sw-wk2,0.1360782352614348,0.28352415357365857,156.15935989331552,80.01333555592598,663.8439739956659,3657.742957159527,0.0,0,0,0,0,0,0,{}
1776117841,normal,sw-wk3,0.15200000000000324,0.34085145966334085,154.0,78.0,3514.9333333333334,7229.866666666667,0.0,0,0,0,0,0,0,{}
1776117841,normal,k3s-wk1,0.2619507967198007,0.6253574198267677,223.88159210614043,208.68057870524703,11291.486099073272,1809.4206280418696,0.0,0,39,3,0,32,0,"{""process_exit"": 39, ""process_exec"": 39, ""process_kprobe"": 32}"
1776117851,normal,sw-wk2,0.13607823526143503,0.28352415357365857,156.15935989331552,80.01333555592598,663.8439739956659,3657.742957159526,0.0,0,2,2,0,0,0,"{""process_exec"": 2}"
1776117851,normal,sw-wk3,0.22411111111111193,0.34810199166634814,156.13333333333333,80.0,9498.433333333332,7871.833333333333,0.0,0,16,3,0,0,0,"{""process_exec"": 16, ""process_exit"": 16}"
1776117851,normal,k3s-wk1,0.2619507967198007,0.6253574198267677,223.88159210614043,208.68057870524703,11291.486099073272,1809.4206280418696,0.0,0,54,3,0,48,0,"{""process_exit"": 54, ""process_exec"": 54, ""process_kprobe"": 48}"
1776117861,normal,sw-wk2,0.13607823526143503,0.28352415357365857,156.15935989331552,80.01333555592598,663.8439739956659,3657.742957159526,0.0,0,104,5,0,0,0,"{""process_exit"": 106, ""process_exec"": 104}"
1776117861,normal,sw-wk3,0.22411111111111193,0.34810199166634814,156.13333333333333,80.0,9498.433333333332,7871.833333333333,0.0,0,0,0,0,0,0,{}
1776117861,normal,k3s-wk1,0.34455555555555795,0.6203182659169646,226.03333333333333,205.79999999999998,37697.166666666664,20813.533333333333,0.0,0,84,3,0,74,0,"{""process_exit"": 84, ""process_exec"": 84, ""process_kprobe"": 74}"
1776117871,normal,sw-wk2,0.21499355641470197,0.2877339857537877,153.97946940407945,77.98960138648181,8300.493267564325,28034.528729502734,0.0,0,0,0,0,0,0,{}
1776117871,normal,k3s-wk1,0.34455555555555795,0.6203182659169646,226.03333333333333,205.79999999999998,37697.166666666664,20813.533333333333,0.0,0,36,3,0,30,0,"{""process_exit"": 36, ""process_exec"": 36, ""process_kprobe"": 30}"
1776117871,normal,sw-wk3,0.22411111111111193,0.34810199166634814,156.13333333333333,80.0,9498.433333333332,7871.833333333333,0.0,0,9,3,0,0,0,"{""process_exec"": 9, ""process_exit"": 15}"
1776117881,normal,sw-wk2,0.21499355641470197,0.2877339857537877,153.97946940407945,77.98960138648181,8300.493267564325,28034.528729502734,0.0,0,0,0,0,0,0,{}
1776117881,normal,sw-wk3,0.23099999999998955,0.3461523758553462,156.13333333333333,80.0,16964.233333333334,11472.366666666667,0.0,0,0,0,0,0,0,{}
1776117881,normal,k3s-wk1,0.34455555555555795,0.6203182659169646,226.03333333333333,205.79999999999998,37697.166666666664,20813.533333333333,0.0,0,42,3,0,34,0,"{""process_exit"": 42, ""process_exec"": 42, ""process_kprobe"": 34}"
1776117891,normal,sw-wk3,0.23099999999998955,0.3461523758553462,156.13333333333333,80.0,16964.233333333334,11472.366666666667,0.0,0,9,3,0,0,0,"{""process_exec"": 9, ""process_exit"": 13}"
1776117891,normal,sw-wk2,0.21499355641470197,0.2877339857537877,153.97946940407945,77.98960138648181,8300.493267564325,28034.528729502734,0.0,0,0,0,0,0,0,{}
1776117891,normal,k3s-wk1,0.2989999999999985,0.6218884861428912,223.86666666666667,208.66666666666666,13208.566666666666,16042.433333333332,0.0,0,15,2,0,10,0,"{""process_exit"": 15, ""process_exec"": 15, ""process_kprobe"": 10}"
1776117901,normal,sw-wk2,0.12391809161916434,0.2878661900939129,156.12812906236456,79.99733342221924,1682.6105796473448,3696.243458551381,0.0,0,0,0,0,0,0,{}
1776117901,normal,sw-wk3,0.23099999999998955,0.3461523758553462,156.13333333333333,80.0,16964.233333333334,11472.366666666667,0.0,0,0,0,0,0,0,{}
1776117901,normal,k3s-wk1,0.2989999999999985,0.6218884861428912,223.86666666666667,208.66666666666666,13208.566666666666,16042.433333333332,0.0,0,39,3,0,32,0,"{""process_exit"": 39, ""process_exec"": 39, ""process_kprobe"": 32}"
1776117911,normal,sw-wk2,0.12391809161916434,0.2878661900939129,156.12812906236456,79.99733342221924,1682.6105796473448,3696.243458551381,0.0,0,2,2,0,0,0,"{""process_exec"": 2}"
1776117911,normal,sw-wk3,0.17966666666666742,0.34045962511309047,104.8,54.0,9863.5,8900.2,0.0,0,0,0,0,0,0,{}
1776117911,normal,k3s-wk1,0.2989999999999985,0.6218884861428912,223.86666666666667,208.66666666666666,13208.566666666666,16042.433333333332,0.0,0,30,3,0,26,0,"{""process_exit"": 31, ""process_exec"": 30, ""process_kprobe"": 26}"
1776117921,normal,sw-wk2,0.12391809161916434,0.2878661900939129,156.12812906236456,79.99733342221924,1682.6105796473448,3696.243458551381,0.0,0,104,5,0,0,0,"{""process_exit"": 106, ""process_exec"": 104}"
1776117921,normal,sw-wk3,0.17966666666666742,0.34045962511309047,104.8,54.0,9863.5,8900.2,0.0,0,0,0,0,0,0,{}
1776117921,normal,k3s-wk1,0.290205750344405,0.6205993477546754,228.302892947607,214.63804826023198,28811.225169977337,12252.09972003733,0.0,0,78,3,0,70,0,"{""process_exit"": 78, ""process_exec"": 78, ""process_kprobe"": 70}"
1776117931,normal,sw-wk2,0.19297660721230436,0.2830956840857831,156.15935989331552,80.01333555592598,5654.442407067844,27893.5489248208,0.0,0,0,0,0,0,0,{}
1776117931,normal,sw-wk3,0.17966666666666742,0.34045962511309047,104.8,54.0,9863.5,8900.2,0.0,0,0,0,0,0,0,{}
1776117931,normal,k3s-wk1,0.290205750344405,0.6205993477546754,228.302892947607,214.63804826023198,28811.225169977337,12252.09972003733,0.0,0,15,2,0,10,0,"{""process_exit"": 15, ""process_exec"": 15, ""process_kprobe"": 10}"
1776117941,normal,sw-wk2,0.19297660721230436,0.2830956840857831,156.15935989331552,80.01333555592598,5654.442407067844,27893.5489248208,0.0,0,0,0,0,0,0,{}
1776117941,normal,k3s-wk1,0.290205750344405,0.6205993477546754,228.302892947607,214.63804826023198,28811.225169977337,12252.09972003733,0.0,0,15,2,0,10,0,"{""process_exit"": 15, ""process_exec"": 15, ""process_kprobe"": 10}"
1776117941,normal,sw-wk3,0.18155555555555714,0.34996878066185,156.13333333333333,80.0,5208.0,7832.833333333333,0.0,0,5,3,0,0,0,"{""process_exit"": 13, ""process_exec"": 5}"
1776117951,normal,sw-wk3,0.18155555555555714,0.34996878066185,156.13333333333333,80.0,5208.0,7832.833333333333,0.0,0,5,3,0,0,0,"{""process_exec"": 5, ""process_exit"": 7}"
1776117951,normal,sw-wk2,0.19297660721230436,0.2830956840857831,156.15935989331552,80.01333555592598,5654.442407067844,27893.5489248208,0.0,0,0,0,0,0,0,{}
1776117951,normal,k3s-wk1,0.28323776503531795,0.6208634969515603,223.89651953593813,208.6944925990132,20247.933057741033,11444.525936791571,0.0,0,51,3,0,46,0,"{""process_exit"": 51, ""process_exec"": 51, ""process_kprobe"": 46}"
1776117961,normal,sw-wk2,0.13472435170989483,0.2849465448475349,153.98973401773216,77.99480034664356,1304.2463835744284,3585.927604826345,0.0,0,0,0,0,0,0,{}
1776117961,normal,sw-wk3,0.18155555555555714,0.34996878066185,156.13333333333333,80.0,5208.0,7832.833333333333,0.0,0,0,0,0,0,0,{}
1776117961,normal,k3s-wk1,0.28323776503531795,0.6208634969515603,223.89651953593813,208.6944925990132,20247.933057741033,11444.525936791571,0.0,0,39,3,0,32,0,"{""process_exit"": 39, ""process_exec"": 39, ""process_kprobe"": 32}"
1776117971,normal,sw-wk2,0.13472435170989483,0.2849465448475349,153.98973401773216,77.99480034664356,1304.2463835744284,3585.927604826345,0.0,0,106,7,0,0,0,"{""process_exec"": 106, ""process_exit"": 106}"
1776117971,normal,sw-wk3,0.1908888888888921,0.3473517718567224,156.13333333333333,80.0,6400.033333333333,7183.066666666667,0.0,0,0,0,0,0,0,{}
1776117971,normal,k3s-wk1,0.28323776503531795,0.6208634969515603,223.89651953593813,208.6944925990132,20247.933057741033,11444.525936791571,0.0,0,36,3,0,30,0,"{""process_exit"": 36, ""process_exec"": 36, ""process_kprobe"": 30}"
1776117982,normal,sw-wk3,0.1908888888888921,0.3473517718567224,156.13333333333333,80.0,6400.033333333333,7183.066666666667,0.0,0,1,1,0,0,0,"{""process_exit"": 7, ""process_exec"": 1}"
1776117982,normal,sw-wk2,0.13472435170989483,0.2849465448475349,153.98973401773216,77.99480034664356,1304.2463835744284,3585.927604826345,0.0,0,0,0,0,0,0,{}
1776117982,normal,k3s-wk1,0.31044444444442987,0.6219618609198037,221.0,205.79999999999998,34138.73333333333,11956.0,0.0,0,105,3,0,94,0,"{""process_exit"": 105, ""process_exec"": 105, ""process_kprobe"": 94}"
1776117991,normal,sw-wk2,0.21416983354446584,0.2873740076710374,104.80698713247551,54.003600240016006,7078.605240349357,27906.89379291953,0.0,0,0,0,0,0,0,{}
1776117991,normal,sw-wk3,0.1908888888888921,0.3473517718567224,156.13333333333333,80.0,6400.033333333333,7183.066666666667,0.0,0,0,0,0,0,0,{}
1776117991,normal,k3s-wk1,0.31044444444442987,0.6219618609198037,221.0,205.79999999999998,34138.73333333333,11956.0,0.0,0,15,2,0,10,0,"{""process_exit"": 15, ""process_exec"": 15, ""process_kprobe"": 10}"
1776118002,normal,sw-wk2,0.21416983354446584,0.2873740076710374,104.80698713247551,54.003600240016006,7078.605240349357,27906.89379291953,0.0,0,0,0,0,0,0,{}
1776118002,normal,sw-wk3,0.20188888888890988,0.3428488601755928,154.0,78.0,11019.333333333334,6963.466666666666,0.0,0,0,0,0,0,0,{}
1776118002,normal,k3s-wk1,0.31044444444442987,0.6219618609198037,221.0,205.79999999999998,34138.73333333333,11956.0,0.0,0,36,3,0,30,0,"{""process_exit"": 36, ""process_exec"": 36, ""process_kprobe"": 30}"
1776118011,normal,sw-wk3,0.20188888888890988,0.3428488601755928,154.0,78.0,11019.333333333334,6963.466666666666,0.0,0,1,1,0,0,0,"{""process_exit"": 3, ""process_exec"": 1}"
1776118011,normal,sw-wk2,0.21416983354446584,0.2873740076710374,104.80698713247551,54.003600240016006,7078.605240349357,27906.89379291953,0.0,0,0,0,0,0,0,{}
1776118011,normal,k3s-wk1,0.3186666666667103,0.6160794614968681,228.93333333333337,208.66666666666666,11047.866666666667,11309.166666666666,0.0,0,12,2,0,8,0,"{""process_exit"": 12, ""process_exec"": 12, ""process_kprobe"": 8}"
1776118021,normal,sw-wk3,0.20188888888890988,0.3428488601755928,154.0,78.0,11019.333333333334,6963.466666666666,0.0,0,1,1,0,0,0,"{""process_exit"": 13, ""process_exec"": 1}"
1776118021,normal,sw-wk2,0.12422222222220514,0.284048192464034,156.13333333333333,80.0,732.1666666666669,3689.7999999999997,0.0,0,0,0,0,0,0,{}
1776118021,normal,k3s-wk1,0.3186666666667103,0.6160794614968681,228.93333333333334,208.66666666666666,11047.866666666667,11309.166666666666,0.0,0,33,3,0,28,0,"{""process_exit"": 33, ""process_exec"": 33, ""process_kprobe"": 28}"
1776118031,normal,sw-wk2,0.12422222222220525,0.284048192464034,156.13333333333333,80.0,732.1666666666666,3689.7999999999997,0.0,0,2,2,0,0,0,"{""process_exec"": 2}"
1776118031,normal,sw-wk3,0.17388888888888487,0.34688188896109684,160.6,86.00000000000001,2419.4,7532.733333333334,0.0,0,0,0,0,0,0,{}
1776118031,normal,k3s-wk1,0.3186666666667103,0.6160794614968681,228.93333333333334,208.66666666666666,11047.866666666667,11309.166666666666,0.0,0,12,2,0,8,0,"{""process_exit"": 12, ""process_exec"": 12, ""process_kprobe"": 8}"
1776118041,normal,sw-wk2,0.12422222222220525,0.284048192464034,156.13333333333333,80.0,732.1666666666666,3689.7999999999997,0.0,0,104,5,0,0,0,"{""process_exit"": 106, ""process_exec"": 104}"
1776118041,normal,sw-wk3,0.17388888888888487,0.34688188896109684,160.6,86.0,2419.4,7532.733333333334,0.0,0,0,0,0,0,0,{}
1776118041,normal,k3s-wk1,0.27555555555552724,0.6228152660174315,223.86666666666667,208.66666666666666,34937.13333333333,7787.9,0.0,0,36,3,0,30,0,"{""process_exit"": 36, ""process_exec"": 36, ""process_kprobe"": 30}"
1776118051,normal,sw-wk2,0.19600000000001383,0.2766845700014017,156.13333333333333,80.0,6720.2,28046.466666666667,0.0,0,0,0,0,0,0,{}
1776118051,normal,sw-wk3,0.17388888888888487,0.34688188896109684,160.6,86.0,2419.4,7532.733333333334,0.0,0,0,0,0,0,0,{}
1776118051,normal,k3s-wk1,0.27555555555552724,0.6228152660174315,223.86666666666667,208.66666666666666,34937.13333333333,7787.9,0.0,0,33,3,0,28,0,"{""process_exit"": 33, ""process_exec"": 33, ""process_kprobe"": 28}"
1776118061,normal,sw-wk2,0.19600000000001383,0.2766845700014017,156.13333333333333,80.0,6720.2,28046.466666666667,0.0,0,0,0,0,0,0,{}
1776118061,normal,k3s-wk1,0.27555555555552724,0.6228152660174315,223.86666666666667,208.66666666666666,34937.13333333333,7787.9,0.0,0,12,2,0,8,0,"{""process_exit"": 12, ""process_exec"": 12, ""process_kprobe"": 8}"
1776118061,normal,sw-wk3,0.16377777777775515,0.34915006944709914,135.6,69.6,3463.2999999999997,6488.966666666666,0.0,0,1,1,0,0,0,"{""process_exit"": 9, ""process_exec"": 1}"
1776118071,normal,sw-wk2,0.19600000000001383,0.2766845700014017,156.13333333333333,80.0,6720.2,28046.466666666667,0.0,0,0,0,0,0,0,{}
1776118071,normal,sw-wk3,0.16377777777775515,0.34915006944709914,135.6,69.6,3463.2999999999997,6488.966666666666,0.0,0,0,0,0,0,0,{}
1776118071,normal,k3s-wk1,0.28044444444444205,0.6253404871859418,223.8666666666667,208.66666666666666,10085.8,5251.033333333335,0.0,0,39,3,0,32,0,"{""process_exit"": 39, ""process_exec"": 39, ""process_kprobe"": 32}"
1776118081,normal,sw-wk3,0.16377777777775515,0.34915006944709914,135.6,69.6,3463.2999999999997,6488.966666666666,0.0,0,1,1,0,0,0,"{""process_exit"": 3, ""process_exec"": 1}"
1776118081,normal,sw-wk2,0.12475419124753462,0.28389368859665887,153.984601539846,77.99220077992202,569.709695697097,3570.7762557077626,0.0,0,0,0,0,0,0,{}
1776118081,normal,k3s-wk1,0.28044444444444205,0.6253404871859418,223.86666666666667,208.66666666666666,10085.8,5251.033333333333,0.0,0,36,3,0,30,0,"{""process_exit"": 36, ""process_exec"": 36, ""process_kprobe"": 30}"
1776118091,normal,sw-wk2,0.12475419124753462,0.28389368859665887,153.984601539846,77.99220077992202,569.709695697097,3570.7762557077626,0.0,0,106,7,0,0,0,"{""process_exec"": 106, ""process_exit"": 106}"
1776118091,normal,sw-wk3,0.1548888888889146,0.3414646966627165,125.33333333333333,64.4,2222.3333333333335,5620.7,0.0,0,0,0,0,0,0,{}
1776118091,normal,k3s-wk1,0.28044444444444205,0.6253404871859418,223.86666666666667,208.66666666666666,10085.8,5251.033333333333,0.0,0,33,3,0,28,0,"{""process_exit"": 33, ""process_exec"": 33, ""process_kprobe"": 28}"
1776118102,normal,sw-wk2,0.12475419124753462,0.28389368859665887,153.984601539846,77.99220077992202,569.709695697097,3570.7762557077626,0.0,0,0,0,0,0,0,{}
1776118102,normal,sw-wk3,0.15488888888891472,0.3414646966627165,125.33333333333333,64.4,2222.3333333333335,5620.7,0.0,0,0,0,0,0,0,{}
1776118102,normal,k3s-wk1,0.2944444444444647,0.624566101078835,223.86666666666667,208.66666666666666,33541.76666666666,10335.633333333333,0.0,0,15,2,0,10,0,"{""process_exit"": 15, ""process_exec"": 15, ""process_kprobe"": 10}"
1776118111,normal,sw-wk3,0.15488888888891472,0.3414646966627165,125.33333333333333,64.4,2222.3333333333335,5620.7,0.0,0,1,1,0,0,0,"{""process_exec"": 1}"
1776118111,normal,sw-wk2,0.19725305863921994,0.27534978401315036,156.14894822815614,80.00800080008,5956.328966229956,27834.750141680834,0.0,0,0,0,0,0,0,{}
1776118111,normal,k3s-wk1,0.2944444444444647,0.624566101078835,223.86666666666667,208.66666666666666,33541.76666666666,10335.633333333333,0.0,0,12,2,0,8,0,"{""process_exit"": 12, ""process_exec"": 12, ""process_kprobe"": 8}"
1776118121,normal,sw-wk3,0.32166666666665455,0.3450230640824701,757.8666666666667,370.9,6390.233333333334,6501.233333333334,0.0,0,1,1,0,0,0,"{""process_exit"": 5, ""process_exec"": 1}"
1776118121,normal,sw-wk2,0.19725305863921994,0.27534978401315036,156.14894822815614,80.00800080008,5956.328966229956,27834.750141680834,0.0,0,0,0,0,0,0,{}
1776118121,normal,k3s-wk1,0.2944444444444647,0.624566101078835,223.86666666666667,208.66666666666666,33541.76666666666,10335.633333333333,0.0,0,36,3,0,30,0,"{""process_exit"": 36, ""process_exec"": 36, ""process_kprobe"": 30}"
1776118132,normal,sw-wk2,0.19725305863921994,0.27534978401315036,156.14894822815614,80.00800080008,5956.328966229956,27834.750141680834,0.0,0,0,0,0,0,0,{}
1776118132,normal,sw-wk3,0.32166666666665455,0.3450230640824701,757.8666666666667,370.9,6390.233333333334,6501.233333333334,0.0,0,0,0,0,0,0,{}
1776118132,normal,k3s-wk1,0.2880000000000008,0.625812343443625,223.86666666666667,208.66666666666666,10126.866666666667,4955.6,0.0,0,42,3,0,34,0,"{""process_exit"": 42, ""process_exec"": 42, ""process_kprobe"": 34}"
1776118142,normal,sw-wk2,0.12794702575382078,0.2823693566267824,156.12292513832412,79.99466702219851,838.5107659489368,3677.221518565429,0.0,0,0,0,0,0,0,{}
1776118142,normal,sw-wk3,0.32166666666665455,0.3450230640824701,757.8666666666667,370.9,6390.233333333334,6501.233333333334,0.0,0,0,0,0,0,0,{}
1776118142,normal,k3s-wk1,0.2880000000000008,0.625812343443625,223.86666666666667,208.66666666666666,10126.866666666667,4955.6,0.0,0,33,3,0,28,0,"{""process_exit"": 33, ""process_exec"": 33, ""process_kprobe"": 28}"
1776118151,normal,sw-wk2,0.12794702575382078,0.2823693566267824,156.12292513832412,79.99466702219851,838.5107659489368,3677.221518565429,0.0,0,2,2,0,0,0,"{""process_exec"": 2}"
1776118151,normal,sw-wk3,0.38222222222223845,0.35119844030735115,157.0,86.6,2317.3,5488.9,0.0,0,1,1,0,0,0,"{""process_exit"": 5, ""process_exec"": 1}"
1776118151,normal,k3s-wk1,0.2880000000000008,0.625812343443625,223.86666666666667,208.66666666666666,10126.866666666667,4955.6,0.0,0,60,3,0,52,0,"{""process_exit"": 60, ""process_exec"": 60, ""process_kprobe"": 52}"
1776118162,normal,sw-wk2,0.12794702575382078,0.2823693566267824,156.12292513832412,79.99466702219851,838.5107659489368,3677.221518565429,0.0,0,104,5,0,0,0,"{""process_exit"": 106, ""process_exec"": 104}"
1776118162,normal,sw-wk3,0.38222222222223845,0.35119844030735115,157.0,86.6,2317.3,5488.9,0.0,0,0,0,0,0,0,{}
1776118162,normal,k3s-wk1,0.30188888888888965,0.6276896088898622,223.86666666666667,208.66666666666666,10703.333333333334,6753.166666666667,0.0,0,63,3,0,54,0,"{""process_exit"": 63, ""process_exec"": 63, ""process_kprobe"": 54}"
1776118172,normal,sw-wk3,0.38222222222223845,0.35119844030735115,157.0,86.6,2317.3,5488.9,0.0,0,1,1,0,0,0,"{""process_exit"": 35, ""process_exec"": 1}"
1776118172,normal,sw-wk2,0.1905825361376804,0.2844862188921595,102.6632445585147,51.99826672444251,5714.0095330155655,27996.633445551815,0.0,0,0,0,0,0,0,{}
1776118172,normal,k3s-wk1,0.30188888888888965,0.6276896088898622,223.86666666666667,208.66666666666666,10703.333333333334,6753.166666666667,0.0,0,39,3,0,32,0,"{""process_exit"": 39, ""process_exec"": 39, ""process_kprobe"": 32}"
1776118181,normal,sw-wk2,0.1905825361376804,0.2844862188921595,102.6632445585147,51.99826672444251,5714.0095330155655,27996.63344555181,0.0,0,0,0,0,0,0,{}
1776118181,normal,sw-wk3,0.38566666666665705,0.3481322553104731,224.03333333333333,118.89999999999999,4533.3,11156.633333333333,0.0,0,0,0,0,0,0,{}
1776118181,normal,k3s-wk1,0.30188888888888965,0.6276896088898622,223.86666666666667,208.66666666666666,10703.333333333334,6753.166666666667,0.0,0,17,3,0,11,0,"{""process_exit"": 17, ""process_exec"": 17, ""process_kprobe"": 11}"
1776118192,normal,sw-wk2,0.1905825361376804,0.2844862188921595,102.6632445585147,51.99826672444251,5714.0095330155655,27996.63344555181,0.0,0,0,0,0,0,0,{}
1776118192,normal,sw-wk3,0.38566666666665705,0.3481322553104731,224.03333333333333,118.89999999999999,4533.3,11156.633333333333,0.0,0,0,0,0,0,0,{}
1776118192,normal,k3s-wk1,0.28222222222221827,0.6285610754710378,223.8666666666667,208.66666666666666,37641.76666666666,6535.7,0.0,0,49,3,0,45,0,"{""process_kprobe"": 45, ""process_exit"": 49, ""process_exec"": 49}"
1776118202,normal,sw-wk2,0.1203040101336702,0.2816366578742816,160.60535351178373,86.00286676222542,607.8869295643187,3603.1201040034666,0.0,0,0,0,0,0,0,{}
1776118202,normal,k3s-wk1,0.28222222222221827,0.6285610754710378,223.86666666666667,208.66666666666666,37641.76666666666,6535.7,0.0,0,57,3,0,50,0,"{""process_exit"": 57, ""process_exec"": 57, ""process_kprobe"": 50}"
1776118202,normal,sw-wk3,0.38566666666665705,0.3481322553104731,224.03333333333333,118.89999999999999,4533.3,11156.633333333333,0.0,0,1,1,0,0,0,"{""process_exit"": 7, ""process_exec"": 1}"
1776118212,normal,sw-wk2,0.1203040101336702,0.2816366578742816,160.60535351178373,86.00286676222542,607.8869295643188,3603.120104003467,0.0,0,106,7,0,0,0,"{""process_exec"": 106, ""process_exit"": 106}"
1776118212,normal,sw-wk3,0.40399999999998626,0.34542764121972047,319.1333333333333,169.0,2378.4666666666667,6504.133333333333,0.0,0,0,0,0,0,0,{}
1776118212,normal,k3s-wk1,0.28222222222221827,0.6285610754710378,223.86666666666667,208.66666666666666,37641.76666666666,6535.7,0.0,0,33,3,0,28,0,"{""process_exit"": 34, ""process_exec"": 33, ""process_kprobe"": 28}"
1776118222,normal,sw-wk2,0.1203040101336702,0.2816366578742816,160.60535351178373,86.00286676222542,607.8869295643188,3603.120104003467,0.0,0,0,0,0,0,0,{}
1776118222,normal,k3s-wk1,0.3456666666666529,0.6278961871079388,418.5,301.1,34942.933333333334,9591.666666666666,0.0,0,12,2,0,8,0,"{""process_exit"": 12, ""process_exec"": 12, ""process_kprobe"": 8}"
1776118222,normal,sw-wk3,0.40399999999998626,0.34542764121972047,319.1333333333333,169.0,2378.4666666666667,6504.133333333333,0.0,0,1,1,0,0,0,"{""process_exit"": 3, ""process_exec"": 1}"
1776118232,normal,sw-wk3,0.40399999999998626,0.34542764121972047,319.1333333333333,169.0,2378.4666666666667,6504.133333333333,0.0,0,0,0,0,0,0,"{""process_exit"": 3}"
1776118232,normal,sw-wk2,0.19227948529901417,0.2832947870076583,156.1437429161944,80.0053336889126,5624.408293886259,27886.192412827524,0.0,0,0,0,0,0,0,{}
1776118232,normal,k3s-wk1,0.3456666666666529,0.6278961871079388,418.5,301.1,34942.933333333334,9591.666666666666,0.0,0,57,3,0,50,0,"{""process_exit"": 57, ""process_exec"": 57, ""process_kprobe"": 50}"
1776118242,normal,sw-wk2,0.19227948529901417,0.2832947870076583,156.1437429161944,80.0053336889126,5624.408293886259,27886.192412827524,0.0,0,0,0,0,0,0,{}
1776118242,normal,sw-wk3,0.3437777777777834,0.33763077079908765,317.0,167.0,6549.6,6340.3,0.0,0,0,0,0,0,0,{}
1776118242,normal,k3s-wk1,0.3456666666666529,0.6278961871079388,418.5,301.1,34942.933333333334,9591.666666666666,0.0,0,33,3,0,28,0,"{""process_exit"": 33, ""process_exec"": 33, ""process_kprobe"": 28}"
1776118252,normal,sw-wk3,0.3437777777777834,0.33763077079908765,317.0,167.0,6549.6,6340.3,0.0,0,1,1,0,0,0,"{""process_exit"": 7, ""process_exec"": 1}"
1776118252,normal,sw-wk2,0.19227948529901417,0.2832947870076583,156.1437429161944,80.0053336889126,5624.408293886259,27886.192412827524,0.0,0,0,0,0,0,0,{}
1776118252,normal,k3s-wk1,0.28900000000000237,0.6305760597293261,233.06666666666666,212.66666666666666,9346.266666666666,6038.7,0.0,0,33,3,0,28,0,"{""process_exit"": 33, ""process_exec"": 33, ""process_kprobe"": 28}"
1776118262,normal,sw-wk2,0.12939137390841993,0.28328682289078333,153.98973401773216,77.99480034664356,1229.084727684821,3758.749416705553,0.0,0,0,0,0,0,0,{}
1776118262,normal,sw-wk3,0.3437777777777834,0.33763077079908765,317.0,167.0,6549.6,6340.3,0.0,0,0,0,0,0,0,{}
1776118262,normal,k3s-wk1,0.28900000000000237,0.6305760597293261,233.06666666666666,212.66666666666666,9346.266666666666,6038.7,0.0,0,33,3,0,28,0,"{""process_exit"": 33, ""process_exec"": 33, ""process_kprobe"": 28}"
1776118272,normal,sw-wk2,0.12939137390841993,0.28328682289078333,153.98973401773216,77.99480034664356,1229.084727684821,3758.749416705553,0.0,0,8,5,0,0,0,"{""process_exec"": 8, ""process_exit"": 7}"
1776118272,normal,sw-wk3,0.16952749169529513,0.34424417345209424,319.10142319101425,168.98310168983102,2410.658934106589,6215.578442155785,0.0,0,1,1,0,0,0,"{""process_exit"": 3, ""process_exec"": 1}"
1776118272,normal,k3s-wk1,0.28900000000000237,0.6305760597293261,233.06666666666666,212.66666666666666,9346.266666666666,6038.7,0.0,0,36,3,0,30,0,"{""process_exit"": 36, ""process_exec"": 36, ""process_kprobe"": 30}"
1776118282,normal,sw-wk2,0.12939137390841993,0.28328682289078333,153.98973401773216,77.99480034664356,1229.084727684821,3758.749416705553,0.0,0,98,3,0,0,0,"{""process_exec"": 98, ""process_exit"": 99}"
1776118282,normal,sw-wk3,0.16952749169529513,0.34424417345209424,319.10142319101425,168.98310168983102,2410.658934106589,6215.578442155785,0.0,0,0,0,0,0,0,{}
1776118282,normal,k3s-wk1,0.28377777777778757,0.6264862625484979,238.53333333333333,210.6666666666667,34633.5,6222.266666666666,0.0,0,36,3,0,30,0,"{""process_exit"": 36, ""process_exec"": 36, ""process_kprobe"": 30}"
1776118292,normal,sw-wk2,0.19094282603382318,0.2818293895026568,156.12292513832412,79.99466702219851,5334.144390373975,27876.841543897073,0.0,0,0,0,0,0,0,{}
1776118292,normal,sw-wk3,0.16952749169529513,0.34424417345209424,319.10142319101425,168.98310168983102,2410.658934106589,6215.578442155785,0.0,0,0,0,0,0,0,{}
1776118292,normal,k3s-wk1,0.28377777777778757,0.6264862625484979,238.53333333333333,210.66666666666666,34633.5,6222.266666666666,0.0,0,15,2,0,10,0,"{""process_exit"": 15, ""process_exec"": 15, ""process_kprobe"": 10}"
1776118303,normal,sw-wk2,0.19094282603382318,0.2818293895026568,156.12292513832412,79.99466702219851,5334.144390373975,27876.841543897073,0.0,0,0,0,0,0,0,{}
1776118303,normal,sw-wk3,0.14824815814913217,0.34000726327458997,213.4880154682135,113.34466780011334,2825.915924925826,5579.591292462579,0.0,0,0,0,0,0,0,{}
1776118303,normal,k3s-wk1,0.28377777777778757,0.6264862625484979,238.53333333333333,210.66666666666666,34633.5,6222.266666666666,0.0,0,57,3,0,50,0,"{""process_exit"": 57, ""process_exec"": 57, ""process_kprobe"": 50}"
1776118312,normal,sw-wk2,0.19094282603382318,0.2818293895026568,156.12292513832412,79.99466702219851,5334.144390373975,27876.841543897073,0.0,0,0,0,0,0,0,{}
1776118312,normal,k3s-wk1,0.2978888888888832,0.6255617403594009,242.13333333333333,217.26666666666665,10309.466666666667,5140.266666666666,0.0,0,60,3,0,52,0,"{""process_exit"": 60, ""process_exec"": 60, ""process_kprobe"": 52}"
1776118312,normal,sw-wk3,0.14824815814913217,0.34000726327458997,213.4880154682135,113.34466780011334,2825.915924925826,5579.591292462579,0.0,0,1,1,0,0,0,"{""process_exit"": 11, ""process_exec"": 1}"
1776118322,normal,sw-wk2,0.11958490272546729,0.2779174152936529,156.12812906236456,79.99733342221924,604.6798440051997,3610.346321789274,0.0,0,2,2,0,0,0,"{""process_exec"": 2}"
1776118322,normal,sw-wk3,0.14824815814913217,0.34000726327458997,213.4880154682135,113.34466780011334,2825.915924925826,5579.591292462579,0.0,0,0,0,0,0,0,{}
1776118322,normal,k3s-wk1,0.2978888888888832,0.6255617403594009,242.13333333333333,217.26666666666665,10309.466666666667,5140.266666666666,0.0,0,12,2,0,8,0,"{""process_exit"": 12, ""process_exec"": 12, ""process_kprobe"": 8}"
1776118332,normal,sw-wk2,0.11958490272546729,0.2779174152936529,156.12812906236456,79.99733342221924,604.6798440051997,3610.346321789273,0.0,0,104,5,0,0,0,"{""process_exit"": 106, ""process_exec"": 104}"
1776118332,normal,sw-wk3,0.15822222222221982,0.34299699274946804,319.1333333333333,169.0,2307.2,6653.7,0.0,0,0,0,0,0,0,{}
1776118332,normal,k3s-wk1,0.2978888888888832,0.6255617403594009,242.13333333333333,217.26666666666665,10309.466666666667,5140.266666666666,0.0,0,39,3,0,32,0,"{""process_exit"": 39, ""process_exec"": 39, ""process_kprobe"": 32}"
1776118342,normal,sw-wk2,0.11958490272546729,0.2779174152936529,156.12812906236456,79.99733342221924,604.6798440051997,3610.346321789273,0.0,0,0,0,0,0,0,{}
1776118342,normal,k3s-wk1,0.30533333333334867,0.6272617774983265,239.0,208.66666666666666,33739.333333333336,11353.433333333332,0.0,0,54,3,0,48,0,"{""process_exit"": 54, ""process_exec"": 54, ""process_kprobe"": 48}"
1776118342,normal,sw-wk3,0.15822222222221982,0.34299699274946804,319.1333333333333,169.0,2307.2,6653.7,0.0,0,1,1,0,0,0,"{""process_exit"": 3, ""process_exec"": 1}"
1776118352,normal,sw-wk3,0.15822222222221982,0.34299699274946804,319.1333333333333,169.0,2307.2,6653.7,0.0,0,14,8,3,0,0,"{""process_exec"": 14, ""process_exit"": 12}"
1776118352,normal,sw-wk2,0.20436488093251348,0.2837009569682837,104.8104810481048,54.005400540054005,6929.426275960929,28084.275094176082,0.0,0,0,0,0,0,0,{}
1776118352,normal,k3s-wk1,0.30533333333334867,0.6272617774983265,239.0,208.66666666666666,33739.333333333336,11353.433333333332,0.0,0,18,2,0,12,0,"{""process_exit"": 18, ""process_exec"": 18, ""process_kprobe"": 12}"
1776118362,normal,sw-wk2,0.20436488093251348,0.2837009569682837,104.8104810481048,54.005400540054005,6929.426275960929,28084.275094176082,0.0,0,0,0,0,0,0,{}
1776118362,normal,k3s-wk1,0.30533333333334867,0.6272617774983265,239.0,208.66666666666666,33739.333333333336,11353.433333333332,0.0,0,33,3,0,28,0,"{""process_exit"": 33, ""process_exec"": 33, ""process_kprobe"": 28}"
1776118362,normal,sw-wk3,0.20522222222221498,0.34312760426621813,317.00000000000006,169.46666666666667,6312.333333333333,9040.066666666666,0.0,0,11,8,2,3,0,"{""process_exit"": 17, ""process_exec"": 11, ""process_kprobe"": 3}"
1776118372,normal,sw-wk3,0.20522222222221498,0.34312760426621813,317.0,169.46666666666667,6312.333333333333,9040.066666666666,0.0,0,0,0,0,1,0,"{""process_kprobe"": 1}"
1776118372,normal,sw-wk2,0.20436488093251348,0.2837009569682837,104.8104810481048,54.005400540054005,6929.426275960929,28084.275094176082,0.0,0,0,0,0,0,0,{}
1776118372,normal,k3s-wk1,0.2914444444444194,0.6249194288507365,243.53333333333333,214.6666666666667,14564.3,4999.833333333333,0.0,0,54,3,0,48,0,"{""process_exit"": 54, ""process_exec"": 54, ""process_kprobe"": 48}"
1776118382,normal,sw-wk2,0.1290580627958403,0.28430622985078435,153.98973401773216,77.99480034664356,834.7776814879007,3672.0885274315046,0.0,0,0,0,0,0,0,{}
1776118382,normal,k3s-wk1,0.2914444444444194,0.6249194288507365,243.53333333333333,214.66666666666666,14564.3,4999.833333333333,0.0,0,18,2,0,12,0,"{""process_exit"": 18, ""process_exec"": 18, ""process_kprobe"": 12}"
1776118382,normal,sw-wk3,0.20522222222221498,0.34312760426621813,317.0,169.46666666666667,6312.333333333333,9040.066666666666,0.0,0,0,0,0,2,0,"{""process_kprobe"": 2}"
1776118392,normal,sw-wk2,0.1290580627958403,0.28430622985078435,153.98973401773216,77.99480034664356,834.7776814879007,3672.0885274315046,0.0,0,106,7,0,0,0,"{""process_exec"": 106, ""process_exit"": 106}"
1776118392,normal,sw-wk3,0.15922222222222138,0.3461396332683462,325.1333333333333,196.13333333333333,2608.7,8203.633333333333,0.0,0,0,0,0,1,0,"{""process_kprobe"": 1}"
1776118392,normal,k3s-wk1,0.2914444444444194,0.6249194288507365,243.53333333333333,214.66666666666666,14564.3,4999.833333333333,0.0,0,81,3,0,72,0,"{""process_exit"": 81, ""process_exec"": 81, ""process_kprobe"": 72}"
1776118402,normal,sw-wk3,0.15922222222222138,0.3461396332683462,325.1333333333333,196.13333333333333,2608.7,8203.633333333333,0.0,0,1,1,0,1,0,"{""process_kprobe"": 1, ""process_exit"": 9, ""process_exec"": 1}"
1776118402,normal,sw-wk2,0.1290580627958403,0.28430622985078435,153.98973401773216,77.99480034664356,834.7776814879007,3672.0885274315046,0.0,0,0,0,0,0,0,{}
1776118402,normal,k3s-wk1,0.30833333333335355,0.6302633702954068,239.03333333333333,208.66666666666666,33901.73333333333,9763.766666666668,0.0,0,57,3,0,50,0,"{""process_exit"": 57, ""process_exec"": 57, ""process_kprobe"": 50}"
1776118412,normal,sw-wk3,0.15922222222222138,0.3461396332683462,325.1333333333333,196.13333333333333,2608.7,8203.633333333333,0.0,0,0,0,0,1,0,"{""process_kprobe"": 1}"
1776118412,normal,sw-wk2,0.19378139307459985,0.2838076761344088,156.15415388718495,80.01066808907854,5720.829443925856,27864.448593145753,0.0,0,0,0,0,0,0,{}
1776118412,normal,k3s-wk1,0.30833333333335355,0.6302633702954068,239.03333333333333,208.66666666666666,33901.73333333333,9763.766666666666,0.0,0,33,3,0,28,0,"{""process_exit"": 33, ""process_exec"": 33, ""process_kprobe"": 28}"
1776118422,normal,sw-wk3,0.16855555555557666,0.34113816787084117,327.1333333333333,183.8,3556.7666666666664,7053.666666666668,0.0,0,0,0,0,1,0,"{""process_kprobe"": 1}"
1776118422,normal,sw-wk2,0.19378139307459985,0.2838076761344088,156.15415388718495,80.01066808907854,5720.829443925856,27864.448593145753,0.0,0,0,0,0,0,0,{}
1776118422,normal,k3s-wk1,0.30833333333335355,0.6302633702954068,239.03333333333333,208.66666666666666,33901.73333333333,9763.766666666666,0.0,0,15,2,0,10,0,"{""process_exit"": 15, ""process_exec"": 15, ""process_kprobe"": 10}"
1776118432,normal,sw-wk3,0.16855555555557666,0.34113816787084117,327.1333333333333,183.8,3556.7666666666664,7053.666666666667,0.0,0,1,1,0,1,0,"{""process_exit"": 3, ""process_exec"": 1, ""process_kprobe"": 1}"
1776118432,normal,sw-wk2,0.19378139307459985,0.2838076761344088,156.15415388718495,80.01066808907854,5720.829443925856,27864.448593145753,0.0,0,0,0,0,0,0,{}
1776118432,normal,k3s-wk1,0.2663333333333261,0.6285915542245246,236.2,205.80000000000004,10609.966666666667,2713.633333333333,0.0,0,39,3,0,32,0,"{""process_exit"": 39, ""process_exec"": 39, ""process_kprobe"": 32}"
1776118442,normal,sw-wk3,0.16855555555557666,0.34113816787084117,327.1333333333333,183.8,3556.7666666666664,7053.666666666667,0.0,0,0,0,0,1,0,"{""process_kprobe"": 1}"
1776118442,normal,sw-wk2,0.12478336221838371,0.2805965442104056,156.11251833088923,79.98933475536596,688.0749233435542,3684.075456605786,0.0,0,0,0,0,0,0,{}
1776118442,normal,k3s-wk1,0.2663333333333261,0.6285915542245246,236.2,205.79999999999998,10609.966666666667,2713.633333333333,0.0,0,60,3,0,52,0,"{""process_exit"": 60, ""process_exec"": 60, ""process_kprobe"": 52}"
1776118452,normal,sw-wk2,0.12478336221838371,0.2805965442104056,156.11251833088923,79.98933475536596,688.0749233435542,3684.075456605786,0.0,0,106,7,0,0,0,"{""process_exec"": 106, ""process_exit"": 106}"
1776118452,normal,sw-wk3,0.15355555555555234,0.3470714349427221,217.33333333333334,126.13333333333333,2361.8333333333335,6282.333333333333,0.0,0,0,0,0,0,0,{}
1776118452,normal,k3s-wk1,0.2663333333333261,0.6285915542245246,236.2,205.79999999999998,10609.966666666667,2713.633333333333,0.0,0,33,3,0,28,0,"{""process_exit"": 33, ""process_exec"": 33, ""process_kprobe"": 28}"
1776118462,normal,sw-wk3,0.15355555555555234,0.3470714349427221,217.33333333333334,126.13333333333333,2361.8333333333335,6282.333333333333,0.0,0,1,1,0,1,0,"{""process_kprobe"": 1, ""process_exit"": 27, ""process_exec"": 1}"
1776118462,normal,sw-wk2,0.12478336221838371,0.2805965442104056,156.11251833088923,79.98933475536596,688.0749233435542,3684.075456605786,0.0,0,0,0,0,0,0,{}
1776118462,normal,k3s-wk1,0.3078888888888791,0.6284989891213426,239.06666666666666,208.66666666666666,34294.433333333334,9534.533333333333,0.0,0,33,3,0,28,0,"{""process_exit"": 33, ""process_exec"": 33, ""process_kprobe"": 28}"
1776118472,normal,sw-wk3,0.15355555555555234,0.3470714349427221,217.33333333333334,126.13333333333333,2361.8333333333335,6282.333333333333,0.0,0,0,0,0,1,0,"{""process_kprobe"": 1}"
1776118472,normal,sw-wk2,0.19777777777778993,0.28498955107866,158.46666666666667,84.0,5657.633333333333,27872.366666666672,0.0,0,0,0,0,0,0,{}
1776118472,normal,k3s-wk1,0.3078888888888791,0.6284989891213426,239.06666666666666,208.66666666666666,34294.433333333334,9534.533333333333,0.0,0,78,3,0,70,0,"{""process_exit"": 78, ""process_exec"": 78, ""process_kprobe"": 70}"
1776118482,normal,sw-wk3,0.1695555555555378,0.3456378939052206,323.1333333333333,178.8666666666667,4552.733333333334,9565.233333333334,0.0,0,0,0,0,1,0,"{""process_kprobe"": 1}"
1776118482,normal,sw-wk2,0.19777777777778993,0.28498955107866,158.46666666666667,84.0,5657.633333333333,27872.366666666665,0.0,0,0,0,0,0,0,{}
1776118482,normal,k3s-wk1,0.3078888888888791,0.6284989891213426,239.06666666666666,208.66666666666666,34294.433333333334,9534.533333333333,0.0,0,39,3,0,32,0,"{""process_exit"": 39, ""process_exec"": 39, ""process_kprobe"": 32}"
1776118492,normal,sw-wk2,0.19777777777778993,0.28498955107866,158.46666666666667,84.0,5657.633333333333,27872.366666666665,0.0,0,0,0,0,0,0,{}
1776118492,normal,k3s-wk1,0.29644444444444773,0.6270100455713807,239.06666666666672,208.66666666666666,13727.033333333333,5478.833333333333,0.0,0,12,2,0,8,0,"{""process_exit"": 12, ""process_exec"": 12, ""process_kprobe"": 8}"
1776118492,normal,sw-wk3,0.1695555555555378,0.3456378939052206,323.1333333333333,178.86666666666667,4552.733333333334,9565.233333333334,0.0,0,1,1,0,1,0,"{""process_exit"": 3, ""process_exec"": 1, ""process_kprobe"": 1}"
1776118502,normal,sw-wk2,0.11836272124262137,0.2824665188526575,156.12812906236456,79.99733342221924,930.6356454784839,3640.0119996000126,0.0,0,0,0,0,0,0,{}
1776118502,normal,sw-wk3,0.1695555555555378,0.3456378939052206,323.1333333333333,178.86666666666667,4552.733333333334,9565.233333333334,0.0,0,0,0,0,0,0,{}
1776118502,normal,k3s-wk1,0.29644444444444773,0.6270100455713807,239.06666666666666,208.66666666666666,13727.033333333333,5478.833333333333,0.0,0,54,3,0,48,0,"{""process_exit"": 54, ""process_exec"": 54, ""process_kprobe"": 48}"
1776118512,normal,sw-wk2,0.11836272124262115,0.2824665188526575,156.12812906236456,79.99733342221924,930.6356454784839,3640.0119996000126,0.0,0,2,2,0,0,0,"{""process_exec"": 2}"
1776118512,normal,k3s-wk1,0.29644444444444773,0.6270100455713807,239.06666666666666,208.66666666666666,13727.033333333333,5478.833333333333,0.0,0,57,3,0,50,0,"{""process_exit"": 58, ""process_exec"": 57, ""process_kprobe"": 50}"
1776118512,normal,sw-wk3,0.15744444444444528,0.3396552493087146,329.6,189.8,3797.5666666666666,6360.433333333333,0.0,0,0,0,0,1,0,"{""process_kprobe"": 1, ""process_exit"": 2}"
1776118522,normal,sw-wk2,0.11836272124262137,0.2824665188526575,156.12812906236456,79.99733342221924,930.6356454784839,3640.0119996000126,0.0,0,104,5,0,0,0,"{""process_exit"": 106, ""process_exec"": 104}"
1776118522,normal,sw-wk3,0.15744444444444528,0.3396552493087146,329.6,189.8,3797.5666666666666,6360.433333333333,0.0,0,1,1,0,0,0,"{""process_exit"": 15, ""process_exec"": 1}"
1776118522,normal,k3s-wk1,0.2924276763098197,0.6222858387809402,233.96880415944543,208.63884815357952,10149.346753766165,7391.281162511666,0.0,0,33,3,0,28,0,"{""process_exit"": 33, ""process_exec"": 33, ""process_kprobe"": 28}"
1776118532,normal,sw-wk2,0.2138626843117194,0.2862845164825363,104.80349344978167,54.001800060002004,5812.760425347511,27961.832061068704,0.0,0,0,0,0,0,0,{}
1776118532,normal,sw-wk3,0.15744444444444528,0.3396552493087146,329.6,189.8,3797.5666666666666,6360.433333333333,0.0,0,0,0,0,0,0,{}
1776118532,normal,k3s-wk1,0.2924276763098197,0.6222858387809402,233.96880415944543,208.63884815357952,10149.346753766165,7391.281162511666,0.0,0,99,3,0,90,0,"{""process_exit"": 99, ""process_exec"": 99, ""process_kprobe"": 90}"
1776118542,normal,sw-wk2,0.2138626843117194,0.2862845164825363,104.80349344978167,54.001800060002004,5812.760425347512,27961.832061068704,0.0,0,0,0,0,0,0,{}
1776118542,normal,sw-wk3,0.21011111111110958,0.3408259744893408,323.1333333333333,171.73333333333332,5332.833333333333,7790.599999999999,0.0,0,0,0,0,0,0,{}
1776118542,normal,k3s-wk1,0.2924276763098197,0.6222858387809402,233.96880415944543,208.63884815357952,10149.346753766165,7391.281162511666,0.0,0,36,3,0,30,0,"{""process_exit"": 36, ""process_exec"": 36, ""process_kprobe"": 30}"
1776118552,normal,sw-wk2,0.2138626843117194,0.2862845164825363,104.80349344978167,54.001800060002004,5812.760425347512,27961.832061068704,0.0,0,0,0,0,0,0,{}
1776118552,normal,k3s-wk1,0.2972396319509293,0.6196928870491261,226.06347513001734,205.82744365915454,35513.56847579677,6701.126816908921,0.0,0,33,3,0,28,0,"{""process_exit"": 33, ""process_exec"": 33, ""process_kprobe"": 28}"
1776118552,normal,sw-wk3,0.21011111111110958,0.3408259744893408,323.1333333333333,171.73333333333332,5332.833333333333,7790.599999999999,0.0,0,1,1,0,0,0,"{""process_exit"": 5, ""process_exec"": 1}"
1776118562,normal,sw-wk3,0.21011111111110958,0.3408259744893408,323.1333333333333,171.73333333333332,5332.833333333333,7790.599999999999,0.0,0,1,1,0,0,0,"{""process_exit"": 5, ""process_exec"": 1}"
1776118562,normal,sw-wk2,0.11905238126983486,0.28608859920741114,156.1437429161944,80.0053336889126,635.8423894926328,3605.9070604706985,0.0,0,0,0,0,0,0,{}
1776118562,normal,k3s-wk1,0.2972396319509293,0.6196928870491261,226.06347513001734,205.82744365915454,35513.56847579677,6701.126816908921,0.0,0,12,2,0,8,0,"{""process_exit"": 12, ""process_exec"": 12, ""process_kprobe"": 8}"
1776118572,normal,sw-wk2,0.11905238126983486,0.28608859920741114,156.1437429161944,80.0053336889126,635.8423894926328,3605.9070604706985,0.0,0,106,7,0,0,0,"{""process_exec"": 106, ""process_exit"": 106}"
1776118572,normal,sw-wk3,0.16022222222222304,0.33960268613733957,317.0,167.0,2212.9,6604.066666666667,0.0,0,0,0,0,0,0,{}
1776118572,normal,k3s-wk1,0.2972396319509293,0.6196928870491261,226.06347513001734,205.82744365915454,35513.56847579677,6701.126816908921,0.0,0,78,3,0,70,0,"{""process_exit"": 78, ""process_exec"": 78, ""process_kprobe"": 70}"
1776118582,normal,sw-wk3,0.16022222222222304,0.33960268613733957,317.0,167.0,2212.9,6604.066666666667,0.0,0,1,1,0,0,0,"{""process_exit"": 5, ""process_exec"": 1}"
1776118582,normal,sw-wk2,0.11905238126983486,0.28608859920741114,156.1437429161944,80.0053336889126,635.8423894926328,3605.9070604706985,0.0,0,0,0,0,0,0,{}
1776118582,normal,k3s-wk1,0.29666666666667474,0.6234891851223044,223.86666666666667,208.66666666666666,33826.96666666667,9544.033333333333,0.0,0,33,3,0,28,0,"{""process_exit"": 33, ""process_exec"": 33, ""process_kprobe"": 28}"
1776118592,normal,sw-wk2,0.2089999999999943,0.28601373650878603,154.0,78.0,5456.433333333333,27891.766666666666,0.0,0,0,0,0,0,0,{}
1776118592,normal,sw-wk3,0.16022222222222304,0.33960268613733957,317.0,167.0,2212.9,6604.066666666667,0.0,0,0,0,0,0,0,{}
1776118592,normal,k3s-wk1,0.29666666666667474,0.6234891851223044,223.86666666666667,208.66666666666666,33826.96666666667,9544.033333333333,0.0,0,15,2,0,10,0,"{""process_exit"": 15, ""process_exec"": 15, ""process_kprobe"": 10}"
1776118602,normal,sw-wk3,0.15877777777778757,0.3424092409240924,319.1333333333333,169.0,2902.4333333333334,5912.266666666666,0.0,0,6,5,0,2,1,"{""process_exec"": 6, ""process_exit"": 6, ""process_kprobe"": 2}"
1776118602,normal,sw-wk2,0.2089999999999943,0.28601373650878603,154.0,78.0,5456.433333333333,27891.766666666666,0.0,0,0,0,0,0,0,{}
1776118602,normal,k3s-wk1,0.29666666666667474,0.6234891851223044,223.86666666666667,208.66666666666666,33826.96666666667,9544.033333333333,0.0,0,15,2,0,10,0,"{""process_exit"": 15, ""process_exec"": 15, ""process_kprobe"": 10}"
1776118613,normal,sw-wk2,0.2089999999999943,0.28601373650878603,154.0,78.0,5456.433333333333,27891.766666666666,0.0,0,0,0,0,0,0,{}
1776118613,normal,k3s-wk1,0.2879999999999804,0.6164158566279436,223.86666666666667,208.66666666666666,12112.966666666667,5363.6,0.0,0,15,2,0,10,0,"{""process_exit"": 15, ""process_exec"": 15, ""process_kprobe"": 10}"
1776118613,normal,sw-wk3,0.15877777777778757,0.3424092409240924,319.1333333333333,169.0,2902.4333333333334,5912.266666666666,0.0,0,7,5,0,3,2,"{""process_exit"": 11, ""process_exec"": 7, ""process_kprobe"": 3}"
1776118622,normal,sw-wk3,0.15877777777778757,0.3424092409240924,319.1333333333333,169.0,2902.4333333333334,5912.266666666666,0.0,0,7,5,0,3,2,"{""process_exit"": 9, ""process_exec"": 7, ""process_kprobe"": 3}"
1776118622,normal,sw-wk2,0.12771962575284812,0.28725136027116227,156.1437429161944,80.0053336889126,1044.002933528902,3630.9087272484835,0.0,0,0,0,0,0,0,{}
1776118622,normal,k3s-wk1,0.2879999999999806,0.6164158566279436,223.86666666666667,208.66666666666666,12112.966666666667,5363.6,0.0,0,15,2,0,10,0,"{""process_exit"": 15, ""process_exec"": 15, ""process_kprobe"": 10}"
1776118632,normal,sw-wk2,0.12771962575284812,0.28725136027116227,156.1437429161944,80.0053336889126,1044.002933528902,3630.9087272484835,0.0,0,2,2,0,0,0,"{""process_exec"": 2}"
1776118632,normal,sw-wk3,0.19111111111111923,0.3402796360717153,242.46666666666667,167.76666666666665,5598.966666666666,11857.5,0.0,0,7,5,0,3,2,"{""process_exit"": 19, ""process_exec"": 7, ""process_kprobe"": 3}"
1776118632,normal,k3s-wk1,0.2879999999999806,0.6164158566279436,223.86666666666667,208.66666666666666,12112.966666666667,5363.6,0.0,0,33,3,0,28,0,"{""process_exit"": 33, ""process_exec"": 33, ""process_kprobe"": 28}"
1776118642,normal,sw-wk2,0.12771962575284812,0.28725136027116227,156.1437429161944,80.0053336889126,1044.002933528902,3630.9087272484835,0.0,0,104,5,0,0,0,"{""process_exit"": 106, ""process_exec"": 104}"
1776118642,normal,sw-wk3,0.19111111111111923,0.3402796360717153,242.46666666666667,167.76666666666665,5598.966666666666,11857.5,0.0,0,0,0,0,0,0,{}
1776118642,normal,k3s-wk1,0.2892222222222295,0.6172489425565804,223.86666666666667,208.66666666666666,17106.3,5025.533333333333,0.0,0,15,2,0,10,0,"{""process_exit"": 15, ""process_exec"": 15, ""process_kprobe"": 10}"
1776118652,normal,sw-wk3,0.19111111111111923,0.3402796360717153,242.46666666666667,167.76666666666665,5598.966666666666,11857.5,0.0,0,6,5,0,3,2,"{""process_exit"": 8, ""process_exec"": 6, ""process_kprobe"": 3}"
1776118652,normal,sw-wk2,0.19544060791894335,0.28383475413178383,156.97906945740567,80.98920143980803,6848.020263964805,28163.378216237837,0.0,0,0,0,0,0,0,{}
1776118652,normal,k3s-wk1,0.2892222222222295,0.6172489425565804,223.86666666666667,208.66666666666666,17106.3,5025.533333333333,0.0,0,33,3,0,28,0,"{""process_exit"": 33, ""process_exec"": 33, ""process_kprobe"": 28}"
1776118662,normal,sw-wk3,0.16555555555555157,0.34247613950584244,357.0,209.63333333333333,3722.133333333333,10985.133333333333,0.0,0,7,5,0,3,2,"{""process_exit"": 17, ""process_exec"": 7, ""process_kprobe"": 3}"
1776118662,normal,sw-wk2,0.19544060791894335,0.28383475413178383,156.97906945740567,80.98920143980803,6848.020263964805,28163.378216237837,0.0,0,0,0,0,0,0,{}
1776118662,normal,k3s-wk1,0.2892222222222295,0.6172489425565804,223.86666666666667,208.66666666666666,17106.3,5025.533333333333,0.0,0,12,2,0,8,0,"{""process_exit"": 12, ""process_exec"": 12, ""process_kprobe"": 8}"
1776118672,normal,sw-wk3,0.16555555555555157,0.34247613950584244,357.0,209.63333333333333,3722.133333333333,10985.133333333333,0.0,0,3,3,0,1,1,"{""process_exit"": 5, ""process_exec"": 3, ""process_kprobe"": 1}"
1776118672,normal,sw-wk2,0.19544060791894335,0.28383475413178383,156.97906945740567,80.98920143980803,6848.020263964805,28163.378216237837,0.0,0,0,0,0,0,0,{}
1776118672,normal,k3s-wk1,0.28555555555556367,0.622859290883579,223.86666666666667,208.66666666666666,38199.26666666666,8534.566666666666,0.0,0,42,3,0,34,0,"{""process_exit"": 42, ""process_exec"": 42, ""process_kprobe"": 34}"
1776118682,normal,sw-wk3,0.16555555555555157,0.34247613950584244,357.0,209.63333333333333,3722.133333333333,10985.133333333333,0.0,0,7,5,0,4,3,"{""process_exit"": 9, ""process_exec"": 7, ""process_kprobe"": 4}"
1776118682,normal,sw-wk2,0.13649798875479524,0.2839048383602839,160.61070738049204,86.00573371558104,542.0361357423828,3540.902726848457,0.0,0,0,0,0,0,0,{}
1776118682,normal,k3s-wk1,0.28555555555556367,0.622859290883579,223.86666666666667,208.66666666666666,38199.26666666666,8534.566666666666,0.0,0,36,3,0,30,0,"{""process_exit"": 36, ""process_exec"": 36, ""process_kprobe"": 30}"
1776118692,normal,sw-wk3,0.17033333333333256,0.34671782815347174,373.0,231.46666666666667,2338.3333333333335,12286.633333333335,0.0,0,2,2,0,1,0,"{""process_exit"": 2, ""process_exec"": 2, ""process_kprobe"": 1}"
1776118692,normal,sw-wk2,0.13649798875479524,0.2839048383602839,160.61070738049204,86.00573371558104,542.0361357423828,3540.902726848457,0.0,0,2,2,0,0,0,"{""process_exec"": 2}"
1776118692,normal,k3s-wk1,0.28555555555556367,0.622859290883579,223.86666666666667,208.66666666666666,38199.26666666666,8534.566666666666,0.0,0,15,2,0,10,0,"{""process_exit"": 15, ""process_exec"": 15, ""process_kprobe"": 10}"
1776118702,normal,sw-wk2,0.13649798875479524,0.2839048383602839,160.61070738049204,86.00573371558104,542.0361357423828,3540.902726848457,0.0,0,104,5,0,0,0,"{""process_exit"": 106, ""process_exec"": 104}"
1776118702,normal,k3s-wk1,0.2809999999999895,0.6186464498460823,223.86666666666667,208.66666666666666,38119.73333333333,6074.200000000001,0.0,0,36,3,0,30,0,"{""process_exit"": 36, ""process_exec"": 36, ""process_kprobe"": 30}"
1776118702,normal,sw-wk3,0.17033333333333256,0.34671782815347174,373.0,231.46666666666667,2338.3333333333335,12286.633333333333,0.0,0,7,5,0,3,2,"{""process_exit"": 13, ""process_exec"": 7, ""process_kprobe"": 3}"
1776118712,normal,sw-wk3,0.17033333333333256,0.34671782815347174,373.0,231.46666666666667,2338.3333333333335,12286.633333333333,0.0,0,5,4,0,3,2,"{""process_exit"": 7, ""process_exec"": 5, ""process_kprobe"": 3}"
1776118712,normal,sw-wk2,0.19952449199525302,0.2766335996534016,156.1177215611772,79.99200079992,5714.595207145952,27950.93823950938,0.0,0,0,0,0,0,0,{}
1776118712,normal,k3s-wk1,0.2809999999999895,0.6186464498460823,223.86666666666667,208.66666666666666,38119.73333333333,6074.2,0.0,0,39,3,0,32,0,"{""process_exit"": 39, ""process_exec"": 39, ""process_kprobe"": 32}"
1776118722,normal,sw-wk3,0.1645555555555499,0.348941409584974,331.1333333333333,198.6,3565.3000000000006,10255.433333333332,0.0,0,2,1,0,0,0,"{""process_exit"": 14, ""process_exec"": 2}"
1776118722,normal,sw-wk2,0.19952449199525302,0.2766335996534016,156.1177215611772,79.99200079992,5714.595207145952,27950.93823950938,0.0,0,0,0,0,0,0,{}
1776118722,normal,k3s-wk1,0.2809999999999895,0.6186464498460823,223.86666666666667,208.66666666666666,38119.73333333333,6074.2,0.0,0,39,3,0,32,0,"{""process_exit"": 39, ""process_exec"": 39, ""process_kprobe"": 32}"
1776118732,normal,sw-wk3,0.1645555555555499,0.348941409584974,331.1333333333333,198.6,3565.2999999999997,10255.433333333332,0.0,0,6,5,0,3,2,"{""process_exit"": 8, ""process_exec"": 6, ""process_kprobe"": 3}"
1776118732,normal,sw-wk2,0.19952449199525302,0.2766335996534016,156.1177215611772,79.99200079992,5714.595207145952,27950.93823950938,0.0,0,0,0,0,0,0,{}
1776118732,normal,k3s-wk1,0.2891111111111362,0.6208431777825691,228.33333333333334,214.66666666666666,14553.733333333334,6442.666666666667,0.0,0,36,3,0,30,0,"{""process_exit"": 36, ""process_exec"": 36, ""process_kprobe"": 30}"
1776118742,normal,sw-wk3,0.1645555555555499,0.348941409584974,331.1333333333333,198.6,3565.2999999999997,10255.433333333332,0.0,0,5,4,0,2,2,"{""process_exit"": 15, ""process_exec"": 5, ""process_kprobe"": 2}"
1776118742,normal,sw-wk2,0.11308154716268637,0.2818293895026568,102.67008900296678,52.001733391113035,1275.375845861529,3732.9577652588423,0.0,0,0,0,0,0,0,{}
1776118742,normal,k3s-wk1,0.2891111111111362,0.6208431777825691,228.33333333333334,214.66666666666666,14553.733333333334,6442.666666666667,0.0,0,57,3,0,50,0,"{""process_exit"": 57, ""process_exec"": 57, ""process_kprobe"": 50}"
1776118752,normal,sw-wk3,0.1612222222222246,0.342946022401468,373.0,216.66666666666666,3974.9333333333334,12569.3,0.0,0,5,5,0,2,1,"{""process_exit"": 7, ""process_exec"": 5, ""process_kprobe"": 2}"
1776118752,normal,sw-wk2,0.11308154716268637,0.2818293895026568,102.67008900296678,52.00173339111304,1275.375845861529,3732.9577652588423,0.0,0,106,7,0,0,0,"{""process_exec"": 106, ""process_exit"": 106}"
1776118752,normal,k3s-wk1,0.2891111111111362,0.6208431777825691,228.33333333333334,214.66666666666666,14553.733333333334,6442.666666666667,0.0,0,12,2,0,8,0,"{""process_exit"": 12, ""process_exec"": 12, ""process_kprobe"": 8}"
1776118763,normal,sw-wk3,0.1612222222222246,0.342946022401468,373.0,216.66666666666666,3974.9333333333334,12569.3,0.0,0,8,5,0,5,3,"{""process_exit"": 12, ""process_exec"": 8, ""process_kprobe"": 5}"
1776118763,normal,sw-wk2,0.11308154716268637,0.2818293895026568,102.67008900296678,52.00173339111304,1275.375845861529,3732.9577652588423,0.0,0,0,0,0,0,0,{}
1776118763,normal,k3s-wk1,0.3276666666666642,0.6180301017200176,223.86666666666667,208.66666666666666,40149.6,11670.866666666667,0.0,0,36,3,0,30,0,"{""process_exit"": 36, ""process_exec"": 36, ""process_kprobe"": 30}"
1776118772,normal,sw-wk2,0.2406413547118018,0.2856107521949106,156.13853795126505,80.00266675555852,6344.744824827495,27937.497916597218,0.0,0,0,0,0,0,0,{}
1776118772,normal,sw-wk3,0.1612222222222246,0.342946022401468,373.0,216.66666666666666,3974.9333333333334,12569.3,0.0,0,0,0,0,0,0,{}
1776118772,normal,k3s-wk1,0.3276666666666642,0.6180301017200176,223.86666666666667,208.66666666666666,40149.6,11670.866666666667,0.0,0,72,3,0,66,0,"{""process_exit"": 72, ""process_exec"": 72, ""process_kprobe"": 66}"
1776118782,normal,sw-wk3,0.2072222222222384,0.34597875810747103,352.0,204.16666666666666,7133.333333333333,9637.0,0.0,0,1,1,0,0,0,"{""process_exit"": 9, ""process_exec"": 1}"
1776118782,normal,sw-wk2,0.2406413547118018,0.2856107521949106,156.13853795126505,80.00266675555852,6344.744824827495,27937.49791659722,0.0,0,0,0,0,0,0,{}
1776118782,normal,k3s-wk1,0.3276666666666642,0.6180301017200176,223.86666666666667,208.66666666666666,40149.6,11670.866666666667,0.0,0,32,3,0,28,0,"{""process_exit"": 32, ""process_exec"": 32, ""process_kprobe"": 28}"
1776118792,normal,sw-wk2,0.2406413547118018,0.2856107521949106,156.13853795126505,80.00266675555852,6344.744824827495,27937.49791659722,0.0,0,0,0,0,0,0,{}
1776118792,normal,sw-wk3,0.2072222222222384,0.34597875810747103,352.0,204.16666666666666,7133.333333333333,9637.0,0.0,0,0,0,0,0,0,{}
1776118792,normal,k3s-wk1,0.28922222222220917,0.6244069342550711,223.79999999999998,208.66666666666666,13037.566666666666,6682.766666666666,0.0,0,58,3,0,50,0,"{""process_exit"": 58, ""process_exec"": 58, ""process_kprobe"": 50}"
1776118802,normal,sw-wk2,0.14675199146754814,0.2913417306981664,153.984601539846,77.99220077992202,625.8040862580409,3601.939806019398,0.0,0,0,0,0,0,0,{}
1776118802,normal,k3s-wk1,0.2892222222222093,0.6244069342550711,223.79999999999998,208.66666666666666,13037.566666666666,6682.766666666666,0.0,0,30,3,0,26,0,"{""process_exit"": 30, ""process_exec"": 30, ""process_kprobe"": 26}"
1776118802,normal,sw-wk3,0.2072222222222384,0.34597875810747103,352.0,204.16666666666666,7133.333333333333,9637.0,0.0,0,1,1,0,0,0,"{""process_exit"": 9, ""process_exec"": 1}"
1776118812,normal,sw-wk2,0.14675199146754814,0.2913417306981664,153.984601539846,77.99220077992202,625.8040862580409,3601.939806019398,0.0,0,2,2,0,0,0,"{""process_exec"": 2}"
1776118812,normal,sw-wk3,0.14099999999998547,0.34267364960434266,223.93333333333334,119.33333333333333,2331.9333333333334,7734.233333333334,0.0,0,0,0,0,0,0,{}
1776118812,normal,k3s-wk1,0.2892222222222093,0.6244069342550711,223.79999999999998,208.66666666666666,13037.566666666666,6682.766666666666,0.0,0,12,2,0,8,0,"{""process_exit"": 13, ""process_exec"": 12, ""process_kprobe"": 8}"
1776118823,normal,sw-wk3,0.14099999999998547,0.34267364960434266,223.93333333333334,119.33333333333333,2331.9333333333334,7734.233333333334,0.0,0,1,1,0,0,0,"{""process_exit"": 7, ""process_exec"": 1}"
1776118823,normal,sw-wk2,0.14675199146754814,0.2913417306981664,153.984601539846,77.99220077992202,625.8040862580409,3601.939806019398,0.0,0,104,5,0,0,0,"{""process_exit"": 106, ""process_exec"": 104}"
1776118823,normal,k3s-wk1,0.28511111111112974,0.6239068569293447,416.1333333333333,301.1,10639.333333333334,4747.966666666666,0.0,0,15,2,0,10,0,"{""process_exit"": 15, ""process_exec"": 15, ""process_kprobe"": 10}"
1776118833,normal,sw-wk2,0.197084347255997,0.2845642672375346,156.13853795126505,80.00266675555852,5445.248174939164,27963.432114403815,0.0,0,0,0,0,0,0,{}
1776118833,normal,sw-wk3,0.14099999999998547,0.34267364960434266,223.93333333333334,119.33333333333333,2331.9333333333334,7734.233333333334,0.0,0,0,0,0,0,0,{}
1776118833,normal,k3s-wk1,0.28511111111112974,0.6239068569293447,416.1333333333333,301.1,10639.333333333334,4747.966666666666,0.0,0,54,3,0,48,0,"{""process_exit"": 54, ""process_exec"": 54, ""process_kprobe"": 48}"
1776118842,normal,sw-wk2,0.197084347255997,0.2845642672375346,156.13853795126505,80.00266675555852,5445.248174939165,27963.432114403815,0.0,0,0,0,0,0,0,{}
1776118842,normal,sw-wk3,0.18533333333333657,0.3410410056449661,319.1333333333333,169.0,2949.5333333333333,6259.066666666667,0.0,0,0,0,0,0,0,{}
1776118842,normal,k3s-wk1,0.28511111111112974,0.6239068569293447,416.1333333333333,301.1,10639.333333333334,4747.966666666666,0.0,0,81,3,0,72,0,"{""process_exit"": 81, ""process_exec"": 81, ""process_kprobe"": 72}"
1776118852,normal,sw-wk2,0.197084347255997,0.2845642672375346,156.13853795126505,80.00266675555852,5445.248174939165,27963.432114403815,0.0,0,0,0,0,0,0,{}
1776118852,normal,sw-wk3,0.18533333333333657,0.3410410056449661,319.1333333333333,169.0,2949.5333333333333,6259.066666666667,0.0,0,0,0,0,0,0,{}
1776118852,normal,k3s-wk1,0.2974444444444291,0.6220363645394378,228.00000000000006,212.66666666666666,33634.0,6563.599999999999,0.0,0,33,3,0,28,0,"{""process_exit"": 33, ""process_exec"": 33, ""process_kprobe"": 28}"
1776118862,normal,sw-wk3,0.18533333333333657,0.3410410056449661,319.1333333333333,169.0,2949.5333333333333,6259.066666666667,0.0,0,2,2,0,0,0,"{""process_exit"": 19, ""process_exec"": 2}"
1776118862,normal,sw-wk2,0.1268597842150503,0.287949016909413,154.00513350445016,78.00260008666956,898.8632954431815,3598.9199639988005,0.0,0,0,0,0,0,0,{}
1776118862,normal,k3s-wk1,0.2974444444444291,0.6220363645394378,228.0,212.66666666666666,33634.0,6563.599999999999,0.0,0,15,2,0,10,0,"{""process_exit"": 15, ""process_exec"": 15, ""process_kprobe"": 10}"
1776118872,normal,sw-wk2,0.1268597842150503,0.287949016909413,154.00513350445016,78.00260008666956,898.8632954431815,3598.9199639988005,0.0,0,57,5,0,0,0,"{""process_exec"": 57, ""process_exit"": 56}"
1776118872,normal,sw-wk3,0.21188888888886537,0.3538934974578539,317.0,167.0,5760.9,8315.633333333333,0.0,0,0,0,0,0,0,{}
1776118872,normal,k3s-wk1,0.2974444444444291,0.6220363645394378,228.0,212.66666666666666,33634.0,6563.599999999999,0.0,0,36,3,0,30,0,"{""process_exit"": 36, ""process_exec"": 36, ""process_kprobe"": 30}"
1776118883,normal,sw-wk2,0.1268597842150503,0.287949016909413,154.00513350445016,78.00260008666956,898.8632954431815,3598.9199639988005,0.0,0,49,3,0,0,0,"{""process_exec"": 49, ""process_exit"": 50}"
1776118883,normal,sw-wk3,0.21188888888886537,0.3538934974578539,317.0,167.0,5760.9,8315.633333333333,0.0,0,0,0,0,0,0,{}
1776118883,normal,k3s-wk1,0.3161111111111192,0.6212992302421481,225.86666666666667,210.66666666666666,36259.03333333333,9896.466666666667,0.0,0,39,3,0,32,0,"{""process_exit"": 39, ""process_exec"": 39, ""process_kprobe"": 32}"
1776118892,normal,sw-wk2,0.20783607796076342,0.28249678249678245,156.1437429161944,80.0053336889126,5837.4891659443965,28000.266684445633,0.0,0,0,0,0,0,0,{}
1776118892,normal,sw-wk3,0.21188888888886537,0.3538934974578539,317.0,167.0,5760.9,8315.633333333333,0.0,0,0,0,0,0,0,{}
1776118892,normal,k3s-wk1,0.3161111111111192,0.6212992302421481,225.86666666666667,210.66666666666666,36259.03333333333,9896.466666666667,0.0,0,33,3,0,28,0,"{""process_exit"": 33, ""process_exec"": 33, ""process_kprobe"": 28}"
1776118902,normal,sw-wk3,0.20219089202191454,0.3817153433490067,319.10142319101425,168.98310168983102,3164.283571642836,5546.945305469453,0.0,0,1,1,0,0,0,"{""process_exit"": 9, ""process_exec"": 1}"
1776118902,normal,sw-wk2,0.20783607796076342,0.28249678249678245,156.1437429161944,80.0053336889126,5837.4891659443965,28000.266684445633,0.0,0,0,0,0,0,0,{}
1776118902,normal,k3s-wk1,0.3161111111111192,0.6212992302421481,225.86666666666667,210.66666666666666,36259.03333333333,9896.466666666667,0.0,0,39,3,0,32,0,"{""process_exit"": 39, ""process_exec"": 39, ""process_kprobe"": 32}"
1776118913,normal,sw-wk2,0.20783607796076342,0.28249678249678245,156.1437429161944,80.0053336889126,5837.4891659443965,28000.266684445633,0.0,0,0,0,0,0,0,{}
1776118913,normal,sw-wk3,0.20219089202191454,0.3817153433490067,319.10142319101425,168.98310168983102,3164.283571642836,5546.945305469453,0.0,0,0,0,0,0,0,{}
1776118913,normal,k3s-wk1,0.28522222222220284,0.6261239040348225,231.96666666666667,217.26666666666665,10677.500000000002,5960.166666666667,0.0,0,33,3,0,28,0,"{""process_exit"": 33, ""process_exec"": 33, ""process_kprobe"": 28}"
1776118923,normal,sw-wk3,0.20219089202191454,0.3817153433490067,319.10142319101425,168.98310168983102,3164.283571642836,5546.945305469453,0.0,0,1,1,0,0,0,"{""process_exit"": 5, ""process_exec"": 1}"
1776118923,normal,sw-wk2,0.11347399531125779,0.28477292709965973,104.79650678310722,53.99820005999799,755.708143061898,3640.711976267457,0.0,0,0,0,0,0,0,{}
1776118923,normal,k3s-wk1,0.28522222222220284,0.6261239040348225,231.96666666666667,217.26666666666665,10677.5,5960.166666666667,0.0,0,46,3,0,40,0,"{""process_exit"": 47, ""process_exec"": 46, ""process_kprobe"": 40}"
1776118932,normal,sw-wk2,0.11347399531125779,0.28477292709965973,104.79650678310722,53.998200059998005,755.7081430618978,3640.711976267457,0.0,0,0,0,0,0,0,"{""process_exit"": 2}"
1776118932,normal,sw-wk3,0.1652498583191767,0.41647552786166653,319.16524985831916,169.01690169016902,2493.182651598493,7557.289062239557,0.0,0,0,0,0,0,0,{}
1776118932,normal,k3s-wk1,0.28522222222220284,0.6261239040348225,231.96666666666667,217.26666666666665,10677.5,5960.166666666667,0.0,0,23,2,0,18,0,"{""process_exec"": 23, ""process_kprobe"": 18, ""process_exit"": 22}"
1776118943,normal,sw-wk2,0.11347399531125779,0.28477292709965973,104.79650678310722,53.99820005999799,755.7081430618978,3640.711976267457,0.0,0,0,0,0,0,0,{}
1776118943,normal,k3s-wk1,0.32633333333334225,0.6217868902979354,220.96666666666667,205.79999999999998,11446.3,9770.633333333333,0.0,0,57,3,0,50,0,"{""process_exit"": 57, ""process_exec"": 57, ""process_kprobe"": 50}"
1776118943,normal,sw-wk3,0.1652498583191767,0.41647552786166653,319.16524985831916,169.01690169016902,2493.182651598493,7557.289062239557,0.0,0,1,1,0,0,0,"{""process_exit"": 5, ""process_exec"": 1}"
1776118953,normal,sw-wk2,0.19675100281119517,0.2817608980975318,154.00513350445013,78.00260008666955,5386.312877095904,4339.644654821828,0.0,0,0,0,0,0,0,{}
1776118953,normal,sw-wk3,0.1652498583191767,0.41647552786166653,319.16524985831916,169.01690169016902,2493.182651598493,7557.289062239557,0.0,0,0,0,0,0,0,{}
1776118953,normal,k3s-wk1,0.32633333333334225,0.6217868902979354,220.96666666666667,205.79999999999998,11446.3,9770.633333333333,0.0,0,12,2,0,8,0,"{""process_exit"": 12, ""process_exec"": 12, ""process_kprobe"": 8}"
1776118962,normal,sw-wk3,0.15588888888889618,0.4424321775806924,213.46666666666667,113.33333333333333,3645.3333333333335,6274.333333333335,0.0,0,1,1,0,0,0,"{""process_exit"": 7, ""process_exec"": 1}"
1776118962,normal,sw-wk2,0.19675100281119506,0.2817608980975318,154.00513350445016,78.00260008666956,5386.312877095904,4339.644654821828,0.0,0,0,0,0,0,0,{}
1776118962,normal,k3s-wk1,0.32633333333334225,0.6217868902979354,220.96666666666667,205.79999999999998,11446.3,9770.633333333333,0.0,0,39,3,0,32,0,"{""process_exit"": 39, ""process_exec"": 39, ""process_kprobe"": 32}"
1776118973,normal,sw-wk3,0.15588888888889618,0.4424321775806924,213.46666666666667,113.33333333333333,3645.3333333333335,6274.333333333333,0.0,0,0,0,0,0,0,"{""process_exit"": 1}"
1776118973,normal,sw-wk2,0.19675100281119506,0.2817608980975318,154.00513350445016,78.00260008666956,5386.312877095904,4339.644654821828,0.0,0,0,0,0,0,0,{}
1776118973,normal,k3s-wk1,0.27187486112961734,0.623842512894206,223.83682175709907,208.63884815357952,10205.505932542328,3679.4760698573523,0.0,0,60,3,0,52,0,"{""process_exit"": 60, ""process_exec"": 60, ""process_kprobe"": 52}"
1776118983,normal,sw-wk2,0.12919819129199084,0.28244262650203245,156.1177215611772,79.99200079992,2679.6320367963203,3807.8525480785256,0.0,0,0,0,0,0,0,{}
1776118983,normal,sw-wk3,0.15588888888889618,0.4424321775806924,213.46666666666667,113.33333333333333,3645.3333333333335,6274.333333333333,0.0,0,0,0,0,0,0,{}
1776118983,normal,k3s-wk1,0.27187486112961734,0.623842512894206,223.83682175709907,208.63884815357952,10205.505932542328,3679.4760698573523,0.0,0,12,2,0,8,0,"{""process_exit"": 12, ""process_exec"": 12, ""process_kprobe"": 8}"
1776118993,normal,sw-wk2,0.12919819129199084,0.28244262650203245,156.1177215611772,79.99200079992,2679.6320367963203,3807.8525480785256,0.0,0,2,2,0,0,0,"{""process_exec"": 2}"
1776118993,normal,sw-wk3,0.1922222222222344,0.339938771869465,319.1333333333333,169.0,6507.833333333333,6767.9,0.0,0,0,0,0,0,0,{}
1776118993,normal,k3s-wk1,0.27187486112961734,0.623842512894206,223.83682175709907,208.63884815357952,10205.505932542328,3679.4760698573523,0.0,0,33,3,0,28,0,"{""process_exit"": 33, ""process_exec"": 33, ""process_kprobe"": 28}"
1776119003,normal,sw-wk2,0.12919819129199084,0.28244262650203245,156.1177215611772,79.99200079992,2679.6320367963203,3807.8525480785256,0.0,0,104,5,0,0,0,"{""process_exit"": 106, ""process_exec"": 104}"
1776119003,normal,sw-wk3,0.1922222222222344,0.339938771869465,319.1333333333333,169.0,6507.833333333333,6767.9,0.0,0,1,1,0,0,0,"{""process_exit"": 9, ""process_exec"": 1}"
1776119003,normal,k3s-wk1,0.3200204471707484,0.6227915603202753,223.89651953593813,208.6944925990132,15482.030937458327,9770.8694492599,0.0,0,30,3,0,26,0,"{""process_exit"": 30, ""process_exec"": 30, ""process_kprobe"": 26}"
1776119013,normal,sw-wk2,0.21909207090068072,0.28499751519553496,160.6267711285214,86.01433572262043,5663.643940656775,28065.24420736789,0.0,0,0,0,0,0,0,{}
1776119013,normal,sw-wk3,0.1922222222222344,0.339938771869465,319.1333333333333,169.0,6507.833333333333,6767.9,0.0,0,0,0,0,0,0,{}
1776119013,normal,k3s-wk1,0.3200204471707484,0.6227915603202753,223.89651953593813,208.6944925990132,15482.030937458327,9770.8694492599,0.0,0,60,3,0,52,0,"{""process_exit"": 60, ""process_exec"": 60, ""process_kprobe"": 52}"
1776119023,normal,sw-wk2,0.21909207090068072,0.28499751519553496,160.6267711285214,86.01433572262043,5663.643940656775,28065.24420736789,0.0,0,0,0,0,0,0,{}
1776119023,normal,sw-wk3,0.16722222222221417,0.33778686748983777,319.1333333333333,169.0,3848.6666666666665,6624.233333333334,0.0,0,0,0,0,0,0,{}
1776119023,normal,k3s-wk1,0.3200204471707484,0.6227915603202753,223.89651953593813,208.6944925990132,15482.030937458327,9770.8694492599,0.0,0,57,3,0,50,0,"{""process_exit"": 57, ""process_exec"": 57, ""process_kprobe"": 50}"
1776119033,normal,sw-wk2,0.21909207090068072,0.28499751519553496,160.6267711285214,86.01433572262043,5663.643940656775,28065.24420736789,0.0,0,0,0,0,0,0,{}
1776119033,normal,sw-wk3,0.16722222222221417,0.33778686748983777,319.1333333333333,169.0,3848.6666666666665,6624.233333333334,0.0,0,0,0,0,0,0,{}
1776119033,normal,k3s-wk1,0.28844444444445494,0.6271195433153884,221.0,205.79999999999998,28452.399999999998,7887.733333333334,0.0,0,33,3,0,28,0,"{""process_exit"": 33, ""process_exec"": 33, ""process_kprobe"": 28}"
1776119043,normal,sw-wk2,0.11800648802382552,0.2835639741580336,156.11251833088923,79.98933475536596,906.9124116784429,3587.021730435942,0.0,0,0,0,0,0,0,{}
1776119043,normal,k3s-wk1,0.28844444444445494,0.6271195433153884,221.0,205.79999999999998,28452.399999999998,7887.733333333334,0.0,0,18,2,0,12,0,"{""process_exit"": 18, ""process_exec"": 18, ""process_kprobe"": 12}"
1776119043,normal,sw-wk3,0.16722222222221417,0.33778686748983777,319.1333333333333,169.0,3848.6666666666665,6624.233333333334,0.0,0,1,1,0,0,0,"{""process_exit"": 11, ""process_exec"": 1}"
1776119053,normal,sw-wk2,0.11800648802382552,0.2835639741580336,156.11251833088923,79.98933475536596,906.9124116784429,3587.021730435942,0.0,0,106,7,0,0,0,"{""process_exec"": 106, ""process_exit"": 106}"
1776119053,normal,sw-wk3,0.1579999999999928,0.3406220930973406,323.6,175.0,2297.733333333333,6708.666666666667,0.0,0,1,1,0,0,0,"{""process_exit"": 3, ""process_exec"": 1}"
1776119053,normal,k3s-wk1,0.28844444444445494,0.6271195433153884,221.0,205.79999999999998,28452.399999999998,7887.733333333334,0.0,0,60,3,0,52,0,"{""process_exit"": 60, ""process_exec"": 60, ""process_kprobe"": 52}"
1776119063,normal,sw-wk2,0.11800648802382552,0.2835639741580336,156.11251833088923,79.98933475536596,906.9124116784429,3587.021730435942,0.0,0,0,0,0,0,0,{}
1776119063,normal,sw-wk3,0.1579999999999928,0.3406220930973406,323.6,175.0,2297.733333333333,6708.666666666667,0.0,0,0,0,0,0,0,{}
1776119063,normal,k3s-wk1,0.3259999999999814,0.6237578496900762,223.86666666666667,208.66666666666666,35095.566666666666,9530.066666666666,0.0,0,36,3,0,30,0,"{""process_exit"": 36, ""process_exec"": 36, ""process_kprobe"": 30}"
1776119073,normal,sw-wk3,0.1579999999999928,0.3406220930973406,323.6,175.0,2297.733333333333,6708.666666666667,0.0,0,1,1,0,0,0,"{""process_exit"": 5, ""process_exec"": 1}"
1776119073,normal,sw-wk2,0.20583594461853727,0.2847139926347847,156.1437429161944,80.0053336889126,5342.989532635509,27817.48783252217,0.0,0,0,0,0,0,0,{}
1776119073,normal,k3s-wk1,0.3259999999999814,0.6237578496900762,223.86666666666667,208.66666666666666,35095.566666666666,9530.066666666666,0.0,0,15,2,0,10,0,"{""process_exit"": 15, ""process_exec"": 15, ""process_kprobe"": 10}"
1776119083,normal,sw-wk2,0.20583594461853727,0.2847139926347847,156.1437429161944,80.0053336889126,5342.989532635509,27817.48783252217,0.0,0,0,0,0,0,0,{}
1776119083,normal,sw-wk3,0.16122294805139115,0.33954215884908956,319.09078789494737,168.97746967071058,4441.77443007599,6534.595387281696,0.0,0,0,0,0,0,0,{}
1776119083,normal,k3s-wk1,0.3259999999999814,0.6237578496900762,223.86666666666667,208.66666666666666,35095.566666666666,9530.066666666666,0.0,0,36,3,0,30,0,"{""process_exit"": 36, ""process_exec"": 36, ""process_kprobe"": 30}"
1776119093,normal,sw-wk3,0.16122294805139115,0.33954215884908956,319.09078789494737,168.97746967071058,4441.77443007599,6534.595387281696,0.0,0,1,1,0,0,0,"{""process_exit"": 3, ""process_exec"": 1}"
1776119093,normal,sw-wk2,0.20583594461853727,0.2847139926347847,156.1437429161944,80.0053336889126,5342.989532635509,27817.48783252217,0.0,0,0,0,0,0,0,{}
1776119093,normal,k3s-wk1,0.2666666666666667,0.6175040610116914,223.86666666666667,208.66666666666666,9568.833333333334,3481.5333333333333,0.0,0,81,3,0,72,0,"{""process_exit"": 81, ""process_exec"": 81, ""process_kprobe"": 72}"
1776119103,normal,sw-wk2,0.16427761850791012,0.28533997222116037,92339.55597039804,593.3728915261017,2830.0553370224684,4109.573971598107,0.0,0,2,2,0,0,0,"{""process_exec"": 2}"
1776119103,normal,sw-wk3,0.16122294805139115,0.33954215884908956,319.09078789494737,168.97746967071058,4441.77443007599,6534.595387281696,0.0,0,0,0,0,0,0,{}
1776119103,normal,k3s-wk1,0.2666666666666667,0.6175040610116914,223.86666666666667,208.66666666666666,9568.833333333334,3481.5333333333333,0.0,0,36,3,0,30,0,"{""process_exit"": 36, ""process_exec"": 36, ""process_kprobe"": 30}"
1776119113,normal,sw-wk2,0.16427761850791012,0.28533997222116037,92339.55597039804,593.3728915261017,2830.0553370224684,4109.573971598107,0.0,0,8,6,0,0,0,"{""process_exec"": 8, ""process_exit"": 6}"
1776119113,normal,sw-wk3,0.15652743980353034,0.3450692559603451,213.4737824594153,113.33711123704124,3920.3973465782196,5748.724957498583,0.0,0,0,0,0,0,0,{}
1776119113,normal,k3s-wk1,0.2666666666666667,0.6175040610116914,223.86666666666667,208.66666666666666,9568.833333333334,3481.5333333333333,0.0,0,60,3,0,52,0,"{""process_exit"": 61, ""process_exec"": 60, ""process_kprobe"": 52}"
1776119123,normal,sw-wk2,0.16427761850791012,0.28533997222116037,92339.55597039804,593.3728915261017,2830.0553370224684,4109.573971598107,0.0,0,11,3,0,0,0,"{""process_exit"": 11, ""process_exec"": 11}"
1776119123,normal,sw-wk3,0.15652743980353034,0.3450692559603451,213.47378245941533,113.33711123704124,3920.3973465782196,5748.7249574985835,0.0,0,1,1,0,0,0,"{""process_exit"": 9, ""process_exec"": 1}"
1776119123,normal,k3s-wk1,0.3135555555555686,0.6110798170823254,221.0,205.79999999999998,11942.533333333336,8733.766666666666,0.0,0,36,3,0,30,0,"{""process_exit"": 36, ""process_exec"": 36, ""process_kprobe"": 30}"
1776119133,normal,sw-wk2,0.27585019275849865,0.28793786714578795,51331.06689331067,410.55894410558943,5596.5403459654035,10362.130453621305,0.0,0,15,1,0,0,0,"{""process_exit"": 16, ""process_exec"": 15}"
1776119133,normal,sw-wk3,0.15652743980353034,0.3450692559603451,213.47378245941533,113.33711123704124,3920.3973465782196,5748.7249574985835,0.0,0,0,0,0,0,0,{}
1776119133,normal,k3s-wk1,0.3135555555555686,0.6110798170823254,221.0,205.79999999999998,11942.533333333333,8733.766666666666,0.0,0,15,2,0,10,0,"{""process_exit"": 15, ""process_exec"": 15, ""process_kprobe"": 10}"
1776119143,normal,sw-wk2,0.27585019275849865,0.28793786714578795,51331.06689331067,410.55894410558943,5596.5403459654035,10362.130453621305,0.0,0,20,1,0,0,0,"{""process_exec"": 20, ""process_exit"": 20}"
1776119143,normal,sw-wk3,0.1564712026758046,0.3450628846668451,317.03170317031703,167.016701670167,3396.7730106343965,6561.956195619561,0.0,0,1,1,0,0,0,"{""process_exit"": 5, ""process_exec"": 1}"
1776119143,normal,k3s-wk1,0.3135555555555686,0.6110798170823254,221.0,205.79999999999998,11942.533333333333,8733.766666666666,0.0,0,60,3,0,52,0,"{""process_exit"": 60, ""process_exec"": 60, ""process_kprobe"": 52}"
1776119153,normal,sw-wk2,0.27585019275849865,0.28793786714578795,51331.06689331067,410.55894410558943,5596.5403459654035,10362.130453621305,0.0,0,11,1,0,0,0,"{""process_exec"": 11, ""process_exit"": 10}"
1776119153,normal,sw-wk3,0.1564712026758046,0.3450628846668451,317.03170317031703,167.016701670167,3396.7730106343965,6561.956195619561,0.0,0,0,0,0,0,0,{}
1776119153,normal,k3s-wk1,0.2892222222222295,0.6262740401168126,228.33333333333334,214.66666666666666,22540.1,7080.933333333333,0.0,0,81,3,0,72,0,"{""process_exit"": 81, ""process_exec"": 81, ""process_kprobe"": 72}"
1776119163,normal,sw-wk2,0.12735718016245345,0.2852205104680352,156.14894822815614,80.00800080008,1105.8439177251057,14372.603927059372,0.0,0,15,1,0,0,0,"{""process_exit"": 15, ""process_exec"": 15}"
1776119163,normal,sw-wk3,0.1564712026758046,0.3450628846668451,317.03170317031703,167.016701670167,3396.7730106343965,6561.956195619561,0.0,0,1,1,0,0,0,"{""process_exit"": 7, ""process_exec"": 1}"
1776119163,normal,k3s-wk1,0.2892222222222295,0.6262740401168126,228.33333333333334,214.66666666666666,22540.1,7080.933333333333,0.0,0,33,3,0,28,0,"{""process_exit"": 33, ""process_exec"": 33, ""process_kprobe"": 28}"
1776119173,normal,sw-wk2,0.12735718016245345,0.2852205104680352,156.14894822815614,80.00800080008,1105.8439177251057,14372.603927059372,0.0,0,19,1,0,0,0,"{""process_exit"": 20, ""process_exec"": 19}"
1776119173,normal,sw-wk3,0.16244444444445338,0.3425541878512176,319.1333333333333,169.0,2239.8666666666672,6934.866666666667,0.0,0,0,0,0,0,0,{}
1776119173,normal,k3s-wk1,0.2892222222222295,0.6262740401168126,228.33333333333334,214.66666666666666,22540.1,7080.933333333333,0.0,0,18,2,0,12,0,"{""process_exit"": 18, ""process_exec"": 18, ""process_kprobe"": 12}"
1776119183,normal,sw-wk2,0.12735718016245345,0.2852205104680352,156.14894822815614,80.00800080008,1105.8439177251057,14372.603927059372,0.0,0,0,0,0,0,0,{}
1776119183,normal,sw-wk3,0.16244444444445338,0.3425541878512176,319.1333333333333,169.0,2239.866666666667,6934.866666666667,0.0,0,0,0,0,0,0,{}
1776119183,normal,k3s-wk1,0.3054444444444421,0.6115200657438001,223.86666666666667,208.66666666666666,23875.7,9178.466666666667,0.0,0,12,2,0,8,0,"{""process_exit"": 12, ""process_exec"": 12, ""process_kprobe"": 8}"
1776119193,normal,sw-wk2,0.1985245919852322,0.29172719395491675,156.1177215611772,79.99200079992,7854.747858547479,17268.3398326834,0.0,0,0,0,0,0,0,{}
1776119193,normal,sw-wk3,0.16244444444445338,0.3425541878512176,319.1333333333333,169.0,2239.866666666667,6934.866666666667,0.0,0,0,0,0,0,0,{}
1776119193,normal,k3s-wk1,0.3054444444444421,0.6115200657438001,223.86666666666667,208.66666666666666,23875.7,9178.466666666667,0.0,0,33,3,0,28,0,"{""process_exit"": 33, ""process_exec"": 33, ""process_kprobe"": 28}"
1776119203,normal,sw-wk3,0.1593333333333552,0.3415873440625916,317.0,167.0,3005.9666666666667,5191.5,0.0,0,1,1,0,0,0,"{""process_exit"": 3, ""process_exec"": 1}"
1776119203,normal,sw-wk2,0.1985245919852322,0.29172719395491675,156.1177215611772,79.99200079992,7854.747858547479,17268.3398326834,0.0,0,0,0,0,0,0,{}
1776119203,normal,k3s-wk1,0.3054444444444421,0.6115200657438001,223.86666666666667,208.66666666666666,23875.7,9178.466666666667,0.0,0,18,2,0,12,0,"{""process_exit"": 18, ""process_exec"": 18, ""process_kprobe"": 12}"
1776119213,normal,sw-wk2,0.1985245919852322,0.29172719395491675,156.1177215611772,79.99200079992,7854.747858547479,17268.3398326834,0.0,0,0,0,0,0,0,{}
1776119213,normal,sw-wk3,0.1593333333333552,0.3415873440625916,317.0,167.0,3005.9666666666667,5191.5,0.0,0,0,0,0,0,0,{}
1776119213,normal,k3s-wk1,0.27544444444443394,0.6136603515442004,220.96666666666667,205.80000000000004,19351.866666666665,4974.733333333334,0.0,0,57,3,0,50,0,"{""process_exit"": 57, ""process_exec"": 57, ""process_kprobe"": 50}"
1776119223,normal,sw-wk2,0.13056036972849838,0.2824394408552824,156.11251833088923,79.98933475536596,2307.3590187974937,13596.187175043327,0.0,0,0,0,0,0,0,{}
1776119223,normal,sw-wk3,0.1593333333333552,0.3415873440625916,317.0,167.0,3005.9666666666667,5191.5,0.0,0,0,0,0,0,0,{}
1776119223,normal,k3s-wk1,0.27544444444443394,0.6136603515442004,220.96666666666667,205.79999999999998,19351.866666666665,4974.733333333334,0.0,0,12,2,0,8,0,"{""process_exit"": 12, ""process_exec"": 12, ""process_kprobe"": 8}"
1776119233,normal,sw-wk3,0.16055555555554346,0.3423901270435924,319.1333333333333,169.0,3020.233333333333,5633.566666666667,0.0,0,0,0,0,0,0,"{""process_exit"": 11}"
1776119233,normal,sw-wk2,0.13056036972849838,0.2824394408552824,156.11251833088923,79.98933475536596,2307.3590187974937,13596.187175043327,0.0,0,0,0,0,0,0,{}
1776119233,normal,k3s-wk1,0.27544444444443394,0.6136603515442004,220.96666666666667,205.79999999999998,19351.866666666665,4974.733333333334,0.0,0,57,3,0,50,0,"{""process_exit"": 57, ""process_exec"": 57, ""process_kprobe"": 50}"
1776119243,normal,sw-wk2,0.13056036972849838,0.2824394408552824,156.11251833088923,79.98933475536596,2307.3590187974937,13596.187175043327,0.0,0,104,5,0,0,0,"{""process_exit"": 106, ""process_exec"": 104}"
1776119243,normal,k3s-wk1,0.3238453932384475,0.6068918105847066,223.81095223810954,208.64580208645802,16924.007599240078,10263.040362630403,0.0,0,33,3,0,28,0,"{""process_exit"": 33, ""process_exec"": 33, ""process_kprobe"": 28}"
1776119243,normal,sw-wk3,0.16055555555554346,0.3423901270435924,319.1333333333333,169.0,3020.233333333333,5633.566666666667,0.0,0,1,1,0,0,0,"{""process_exit"": 18, ""process_exec"": 1}"
1776119253,normal,sw-wk3,0.16055555555554346,0.3423901270435924,319.1333333333333,169.0,3020.233333333333,5633.566666666667,0.0,0,1,1,0,0,0,"{""process_exit"": 21, ""process_exec"": 1}"
1776119253,normal,sw-wk2,0.22772629286396873,0.2828360538756578,156.1437429161944,80.0053336889126,7884.6923128208555,28081.705447029803,0.0,0,0,0,0,0,0,{}
1776119253,normal,k3s-wk1,0.3238453932384475,0.6068918105847066,223.81095223810954,208.64580208645802,16924.007599240078,10263.040362630403,0.0,0,12,2,0,8,0,"{""process_exit"": 12, ""process_exec"": 12, ""process_kprobe"": 8}"
1776119263,normal,sw-wk2,0.22772629286396873,0.2828360538756578,156.1437429161944,80.0053336889126,7884.6923128208555,28081.705447029803,0.0,0,0,0,0,0,0,{}
1776119263,normal,sw-wk3,0.17055555555555957,0.34139301961084134,319.1333333333333,169.0,4037.2999999999997,12124.4,0.0,0,0,0,0,0,0,{}
1776119263,normal,k3s-wk1,0.3238453932384475,0.6068918105847066,223.81095223810954,208.64580208645802,16924.007599240078,10263.040362630403,0.0,0,12,2,0,8,0,"{""process_exit"": 12, ""process_exec"": 12, ""process_kprobe"": 8}"
1776119273,normal,sw-wk3,0.17055555555555957,0.34139301961084134,319.1333333333333,169.0,4037.2999999999997,12124.4,0.0,0,0,0,0,0,0,"{""process_exit"": 5}"
1776119273,normal,sw-wk2,0.22772629286396873,0.2828360538756578,156.1437429161944,80.0053336889126,7884.6923128208555,28081.705447029803,0.0,0,0,0,0,0,0,{}
1776119273,normal,k3s-wk1,0.3380449156026949,0.6171225121717466,223.85571890522385,208.6875354202087,35659.499283261655,8666.966696669666,0.0,0,39,3,0,32,0,"{""process_exit"": 39, ""process_exec"": 39, ""process_kprobe"": 32}"
1776119283,normal,sw-wk3,0.17055555555555957,0.34139301961084134,319.1333333333333,169.0,4037.2999999999997,12124.4,0.0,0,1,1,0,0,0,"{""process_exit"": 8, ""process_exec"": 1}"
1776119283,normal,sw-wk2,0.11346690224577294,0.2828169399951578,104.8104810481048,54.005400540054005,2072.207220722072,3846.984698469847,0.0,0,0,0,0,0,0,{}
1776119283,normal,k3s-wk1,0.3380449156026949,0.6171225121717466,223.85571890522385,208.6875354202087,35659.499283261655,8666.966696669666,0.0,0,33,3,0,28,0,"{""process_exit"": 33, ""process_exec"": 33, ""process_kprobe"": 28}"
1776119293,normal,sw-wk2,0.11346690224577294,0.2828169399951578,104.8104810481048,54.005400540054005,2072.207220722072,3846.984698469847,0.0,0,2,2,0,0,0,"{""process_exec"": 2}"
1776119293,normal,sw-wk3,0.15422222222221338,0.34101552047096606,211.33333333333334,111.33333333333333,2988.0333333333333,7039.533333333333,0.0,0,0,0,0,0,0,{}
1776119293,normal,k3s-wk1,0.3380449156026949,0.6171225121717466,223.85571890522385,208.6875354202087,35659.499283261655,8666.966696669666,0.0,0,39,3,0,32,0,"{""process_exit"": 39, ""process_exec"": 39, ""process_kprobe"": 32}"
1776119303,normal,sw-wk2,0.11346690224577294,0.2828169399951578,104.8104810481048,54.005400540054005,2072.207220722072,3846.984698469847,0.0,0,104,5,0,0,0,"{""process_exit"": 106, ""process_exec"": 104}"
1776119303,normal,sw-wk3,0.15422222222221338,0.34101552047096606,211.33333333333334,111.33333333333333,2988.0333333333333,7039.533333333333,0.0,0,1,1,0,0,0,"{""process_exit"": 3, ""process_exec"": 1}"
1776119303,normal,k3s-wk1,0.27588888888886787,0.6124750666863839,223.86666666666667,208.66666666666666,34705.73333333333,5194.5,0.0,0,33,3,0,28,0,"{""process_exit"": 33, ""process_exec"": 33, ""process_kprobe"": 28}"
1776119313,normal,sw-wk2,0.19766666666667643,0.2856394230156606,156.13333333333333,80.0,5478.733333333334,27854.399999999998,0.0,0,0,0,0,0,0,{}
1776119313,normal,sw-wk3,0.15422222222221338,0.34101552047096606,211.33333333333334,111.33333333333333,2988.0333333333333,7039.533333333333,0.0,0,0,0,0,0,0,{}
1776119313,normal,k3s-wk1,0.27588888888886787,0.6124750666863839,223.86666666666667,208.66666666666666,34705.73333333333,5194.5,0.0,0,36,3,0,30,0,"{""process_exit"": 36, ""process_exec"": 36, ""process_kprobe"": 30}"
1776119323,normal,sw-wk3,0.16966666666667152,0.34183104603896686,319.1333333333333,169.0,2983.5666666666666,5664.933333333333,0.0,0,1,1,0,0,0,"{""process_exit"": 5, ""process_exec"": 1}"
1776119323,normal,sw-wk2,0.19766666666667643,0.2856394230156606,156.13333333333333,80.0,5478.733333333334,27854.399999999998,0.0,0,0,0,0,0,0,{}
1776119323,normal,k3s-wk1,0.27588888888886787,0.6124750666863839,223.86666666666667,208.66666666666666,34705.73333333333,5194.5,0.0,0,33,3,0,28,0,"{""process_exit"": 33, ""process_exec"": 33, ""process_kprobe"": 28}"
1776119333,normal,sw-wk2,0.19766666666667643,0.2856394230156606,156.13333333333333,80.0,5478.733333333334,27854.399999999998,0.0,0,0,0,0,0,0,{}
1776119333,normal,sw-wk3,0.16966666666667152,0.34183104603896686,319.1333333333333,169.0,2983.5666666666666,5664.933333333333,0.0,0,0,0,0,0,0,{}
1776119333,normal,k3s-wk1,0.28499999999999603,0.6137912972999211,223.86666666666667,208.6666666666667,10205.833333333334,7209.3,0.0,0,15,2,0,10,0,"{""process_exit"": 15, ""process_exec"": 15, ""process_kprobe"": 10}"
1776119343,normal,sw-wk2,0.13469551014965042,0.28889037552403884,156.12812906236456,79.99733342221927,1342.0219326022464,3584.613846205126,0.0,0,2,2,0,0,0,"{""process_exec"": 2}"
1776119343,normal,k3s-wk1,0.28499999999999603,0.6137912972999211,223.86666666666667,208.66666666666666,10205.833333333334,7209.3,0.0,0,53,3,0,45,0,"{""process_exit"": 53, ""process_exec"": 53, ""process_kprobe"": 45}"
1776119343,normal,sw-wk3,0.16966666666667152,0.34183104603896686,319.1333333333333,169.0,2983.5666666666666,5664.933333333333,0.0,0,2,2,0,0,0,"{""process_exec"": 2}"
1776119353,normal,sw-wk2,0.13469551014965042,0.28889037552403884,156.12812906236456,79.99733342221927,1342.0219326022464,3584.613846205126,0.0,0,104,5,0,0,0,"{""process_exit"": 106, ""process_exec"": 104}"
1776119353,normal,k3s-wk1,0.28499999999999603,0.6137912972999211,223.86666666666667,208.66666666666666,10205.833333333334,7209.3,0.0,0,37,3,0,33,0,"{""process_kprobe"": 33, ""process_exit"": 37, ""process_exec"": 37}"
1776119353,normal,sw-wk3,0.19533333333333258,0.3370605400308371,990.2666666666667,467.46666666666664,6003.866666666667,7319.133333333333,0.0,0,6,4,0,0,0,"{""process_exit"": 9, ""process_exec"": 6}"
1776119363,normal,sw-wk3,0.19533333333333258,0.3370605400308371,990.2666666666667,467.46666666666664,6003.866666666667,7319.133333333333,0.0,0,4,2,0,0,0,"{""process_exit"": 4, ""process_exec"": 4}"
1776119363,normal,sw-wk2,0.13469551014965042,0.28889037552403884,156.12812906236456,79.99733342221924,1342.0219326022464,3584.613846205126,0.0,0,0,0,0,0,0,{}
1776119363,normal,k3s-wk1,0.3438888888888969,0.6182863490178504,223.8666666666667,208.66666666666666,35632.933333333334,13106.866666666667,0.0,0,81,3,0,72,0,"{""process_exit"": 81, ""process_exec"": 81, ""process_kprobe"": 72}"
1776119373,normal,sw-wk3,0.19533333333333258,0.3370605400308371,990.2666666666667,467.46666666666664,6003.866666666667,7319.133333333333,0.0,0,4,2,0,0,0,"{""process_exit"": 16, ""process_exec"": 4}"
1776119373,normal,sw-wk2,0.19991999199922017,0.28649158352128645,154.01540154015402,78.007800780078,5413.941394139413,27796.879687968794,0.0,0,0,0,0,0,0,{}
1776119373,normal,k3s-wk1,0.3438888888888969,0.6182863490178504,223.86666666666667,208.66666666666666,35632.933333333334,13106.866666666667,0.0,0,36,3,0,30,0,"{""process_exit"": 36, ""process_exec"": 36, ""process_kprobe"": 30}"
1776119383,normal,sw-wk2,0.19991999199922017,0.28649158352128645,154.01540154015402,78.007800780078,5413.941394139413,27796.879687968794,0.0,0,0,0,0,0,0,{}
1776119383,normal,k3s-wk1,0.3438888888888969,0.6182863490178504,223.86666666666667,208.66666666666666,35632.933333333334,13106.866666666667,0.0,0,39,3,0,32,0,"{""process_exit"": 39, ""process_exec"": 39, ""process_kprobe"": 32}"
1776119383,normal,sw-wk3,0.16974969169750176,0.3451919033602202,404.62620404626205,255.24114255241142,2996.4003599640037,9907.942539079426,0.0,0,3,2,0,0,0,"{""process_exit"": 3, ""process_exec"": 3}"
1776119393,normal,sw-wk3,0.16974969169750176,0.3451919033602202,404.62620404626205,255.24114255241142,2996.4003599640037,9907.942539079426,0.0,0,5,2,0,0,0,"{""process_exit"": 29, ""process_exec"": 5}"
1776119393,normal,sw-wk2,0.19991999199922017,0.28649158352128645,154.01540154015402,78.007800780078,5413.941394139413,27796.879687968794,0.0,0,0,0,0,0,0,{}
1776119393,normal,k3s-wk1,0.27366666666665784,0.6183405334684935,229.0,213.66666666666666,12965.2,3686.6,0.0,0,39,3,0,32,0,"{""process_exit"": 39, ""process_exec"": 39, ""process_kprobe"": 32}"
1776119403,normal,sw-wk3,0.16974969169750176,0.3451919033602202,404.62620404626205,255.24114255241142,2996.4003599640037,9907.942539079426,0.0,0,2,2,0,0,0,"{""process_exit"": 2, ""process_exec"": 2}"
1776119403,normal,sw-wk2,0.11664389116643648,0.28255093849153257,156.1177215611772,79.99200079992,930.4736193047362,3594.1072559410727,0.0,0,0,0,0,0,0,{}
1776119403,normal,k3s-wk1,0.27366666666665784,0.6183405334684935,229.0,213.66666666666666,12965.2,3686.6,0.0,0,99,3,0,90,0,"{""process_exit"": 99, ""process_exec"": 99, ""process_kprobe"": 90}"
1776119413,normal,sw-wk2,0.11664389116643648,0.28255093849153257,156.1177215611772,79.99200079992,930.4736193047362,3594.1072559410727,0.0,0,106,7,0,0,0,"{""process_exec"": 106, ""process_exit"": 106}"
1776119413,normal,sw-wk3,0.16147170272581768,0.347041171298597,392.17255058839214,242.15754908824215,4181.118111811181,11220.988765543221,0.0,0,4,2,0,0,0,"{""process_exit"": 4, ""process_exec"": 4}"
1776119413,normal,k3s-wk1,0.27366666666665784,0.6183405334684935,229.0,213.66666666666666,12965.2,3686.6,0.0,0,15,2,0,10,0,"{""process_exit"": 16, ""process_exec"": 15, ""process_kprobe"": 10}"
1776119423,normal,sw-wk3,0.16147170272581768,0.347041171298597,392.17255058839214,242.15754908824215,4181.118111811181,11220.988765543221,0.0,0,3,2,0,0,0,"{""process_exit"": 3, ""process_exec"": 3}"
1776119423,normal,sw-wk2,0.11664389116643648,0.28255093849153257,156.1177215611772,79.99200079992,930.4736193047362,3594.1072559410727,0.0,0,0,0,0,0,0,{}
1776119423,normal,k3s-wk1,0.31166666666667886,0.6169260935381656,424.8666666666667,303.1,39107.2,9898.066666666666,0.0,0,78,3,0,70,0,"{""process_exit"": 78, ""process_exec"": 78, ""process_kprobe"": 70}"
1776119433,normal,sw-wk3,0.16147170272581768,0.347041171298597,392.17255058839214,242.15754908824215,4181.118111811181,11220.988765543221,0.0,0,4,2,0,0,0,"{""process_exit"": 6, ""process_exec"": 4}"
1776119433,normal,sw-wk2,0.2186666666666497,0.28258757342915763,156.13333333333333,80.0,5481.3,27832.6,0.0,0,0,0,0,0,0,{}
1776119433,normal,k3s-wk1,0.31166666666667886,0.6169260935381656,424.8666666666667,303.1,39107.2,9898.066666666666,0.0,0,33,3,0,28,0,"{""process_exit"": 33, ""process_exec"": 33, ""process_kprobe"": 28}"
1776119443,normal,sw-wk2,0.2186666666666497,0.28258757342915763,156.13333333333333,80.0,5481.3,27832.6,0.0,0,0,0,0,0,0,{}
1776119443,normal,k3s-wk1,0.31166666666667886,0.6169260935381656,424.8666666666667,303.1,39107.2,9898.066666666666,0.0,0,42,3,0,34,0,"{""process_exit"": 42, ""process_exec"": 42, ""process_kprobe"": 34}"
1776119443,normal,sw-wk3,0.15888888888890096,0.3430750410948431,405.26666666666665,256.6666666666667,2913.3333333333335,7919.466666666666,0.0,0,4,2,0,0,0,"{""process_exit"": 4, ""process_exec"": 4}"
1776119453,normal,sw-wk3,0.15888888888890096,0.3430750410948431,405.26666666666665,256.6666666666667,2913.3333333333335,7919.466666666666,0.0,0,3,2,0,0,0,"{""process_exit"": 3, ""process_exec"": 3}"
1776119453,normal,sw-wk2,0.2186666666666497,0.28258757342915763,156.13333333333333,80.0,5481.3,27832.6,0.0,0,0,0,0,0,0,{}
1776119453,normal,k3s-wk1,0.2681111111111023,0.6210057311344983,232.46666666666667,218.66666666666666,11488.733333333334,1614.0666666666666,0.0,0,9,2,0,6,0,"{""process_exit"": 9, ""process_exec"": 9, ""process_kprobe"": 6}"
1776119463,normal,sw-wk2,0.11235568001245466,0.27987180957477986,104.8104810481048,54.005400540054005,795.4795479547954,3574.3907724105743,0.0,0,0,0,0,0,0,{}
1776119463,normal,k3s-wk1,0.2681111111111023,0.6210057311344983,232.46666666666667,218.66666666666666,11488.733333333334,1614.0666666666666,0.0,0,15,2,0,10,0,"{""process_exit"": 15, ""process_exec"": 15, ""process_kprobe"": 10}"
1776119463,normal,sw-wk3,0.15888888888890096,0.3430750410948431,405.26666666666665,256.6666666666667,2913.3333333333335,7919.466666666666,0.0,0,4,2,0,0,0,"{""process_exit"": 20, ""process_exec"": 4}"
1776119473,normal,sw-wk2,0.11235568001245466,0.27987180957477986,104.8104810481048,54.005400540054005,795.4795479547954,3574.3907724105743,0.0,0,2,2,0,0,0,"{""process_exec"": 2}"
1776119473,normal,k3s-wk1,0.2681111111111023,0.6210057311344983,232.46666666666667,218.66666666666666,11488.733333333334,1614.0666666666666,0.0,0,33,3,0,28,0,"{""process_exit"": 33, ""process_exec"": 33, ""process_kprobe"": 28}"
1776119473,normal,sw-wk3,0.1528888888888913,0.3396202071944646,297.26666666666665,197.0,3933.366666666667,9969.6,0.0,0,4,2,0,0,0,"{""process_exit"": 4, ""process_exec"": 4}"
1776119483,normal,sw-wk3,0.1528888888888913,0.3396202071944646,297.26666666666665,197.0,3933.366666666667,9969.6,0.0,0,3,2,0,0,0,"{""process_exit"": 3, ""process_exec"": 3}"
1776119483,normal,sw-wk2,0.11235568001245466,0.27987180957477986,104.8104810481048,54.005400540054005,795.4795479547954,3574.3907724105743,0.0,0,104,5,0,0,0,"{""process_exit"": 106, ""process_exec"": 104}"
1776119483,normal,k3s-wk1,0.2899999999999838,0.6239644279081529,225.86666666666667,210.66666666666666,14263.133333333333,6604.866666666667,0.0,0,15,2,0,10,0,"{""process_exit"": 15, ""process_exec"": 15, ""process_kprobe"": 10}"
1776119493,normal,sw-wk2,0.20300000000000484,0.2904640850185405,156.13333333333333,80.0,5503.766666666666,27906.833333333332,0.0,0,0,0,0,0,0,{}
1776119493,normal,k3s-wk1,0.2899999999999838,0.6239644279081529,225.86666666666667,210.66666666666666,14263.133333333333,6604.866666666667,0.0,0,81,3,0,72,0,"{""process_exit"": 81, ""process_exec"": 81, ""process_kprobe"": 72}"
1776119493,normal,sw-wk3,0.1528888888888913,0.3396202071944646,297.26666666666665,197.0,3933.366666666667,9969.6,0.0,0,0,0,0,0,0,"{""process_exit"": 2}"
1776119503,normal,sw-wk2,0.20300000000000484,0.2904640850185405,156.13333333333333,80.0,5503.766666666666,27906.833333333332,0.0,0,0,0,0,0,0,{}
1776119503,normal,sw-wk3,0.1839999999999944,0.34508518419409506,368.1333333333333,218.0,5280.766666666666,7276.3,0.0,0,0,0,0,0,0,{}
1776119503,normal,k3s-wk1,0.2899999999999838,0.6239644279081529,225.86666666666667,210.66666666666666,14263.133333333333,6604.866666666667,0.0,0,36,3,0,30,0,"{""process_exit"": 36, ""process_exec"": 36, ""process_kprobe"": 30}"
1776119513,normal,sw-wk2,0.20300000000000484,0.2904640850185405,156.13333333333333,80.0,5503.766666666666,27906.833333333332,0.0,0,0,0,0,0,0,{}
1776119513,normal,k3s-wk1,0.30822222222226026,0.6214922623475638,232.0,217.2666666666667,35027.86666666667,9305.8,0.0,0,57,3,0,50,0,"{""process_exit"": 57, ""process_exec"": 57, ""process_kprobe"": 50}"
1776119513,normal,sw-wk3,0.1839999999999944,0.34508518419409506,368.1333333333333,218.0,5280.766666666666,7276.3,0.0,0,1,1,0,0,0,"{""process_exit"": 11, ""process_exec"": 1}"
1776119523,normal,sw-wk2,0.12411111111111184,0.2855311110261606,160.6,86.0,1000.5666666666666,3680.0,0.0,0,0,0,0,0,0,{}
1776119523,normal,sw-wk3,0.1839999999999944,0.34508518419409506,368.1333333333333,218.0,5280.766666666666,7276.3,0.0,0,0,0,0,0,0,{}
1776119523,normal,k3s-wk1,0.30822222222226026,0.6214922623475638,232.0,217.26666666666665,35027.86666666667,9305.8,0.0,0,15,2,0,10,0,"{""process_exit"": 15, ""process_exec"": 15, ""process_kprobe"": 10}"
1776119533,normal,sw-wk2,0.12411111111111195,0.2855311110261606,160.6,86.0,1000.5666666666666,3680.0,0.0,0,2,2,0,0,0,"{""process_exec"": 2}"
1776119533,normal,sw-wk3,0.1561111111111031,0.34235827057609236,319.1333333333333,169.0,2329.5666666666666,6737.833333333333,0.0,0,1,1,0,0,0,"{""process_exit"": 15, ""process_exec"": 1}"
1776119533,normal,k3s-wk1,0.30822222222226026,0.6214922623475638,232.0,217.26666666666665,35027.86666666667,9305.8,0.0,0,57,3,0,50,0,"{""process_exit"": 57, ""process_exec"": 57, ""process_kprobe"": 50}"
1776119544,normal,sw-wk2,0.12411111111111195,0.2855311110261606,160.6,86.0,1000.5666666666666,3680.0,0.0,0,104,5,0,0,0,"{""process_exit"": 106, ""process_exec"": 104}"
1776119544,normal,sw-wk3,0.1561111111111031,0.34235827057609236,319.1333333333333,169.0,2329.5666666666666,6737.833333333333,0.0,0,0,0,0,0,0,{}
1776119544,normal,k3s-wk1,0.2849999999999757,0.6225545033487119,223.8666666666667,208.66666666666666,11710.433333333332,4837.7,0.0,0,36,3,0,30,0,"{""process_exit"": 36, ""process_exec"": 36, ""process_kprobe"": 30}"
1776119553,normal,sw-wk3,0.1561111111111031,0.34235827057609236,319.1333333333333,169.0,2329.5666666666666,6737.833333333333,0.0,0,1,1,0,0,0,"{""process_exit"": 3, ""process_exec"": 1}"
1776119553,normal,sw-wk2,0.19835582958395992,0.2876065598837876,156.10731544742544,79.98666888851858,5479.9200133311115,27960.606565572405,0.0,0,0,0,0,0,0,{}
1776119553,normal,k3s-wk1,0.2849999999999757,0.6225545033487119,223.86666666666667,208.66666666666666,11710.433333333332,4837.7,0.0,0,54,3,0,48,0,"{""process_exit"": 54, ""process_exec"": 54, ""process_kprobe"": 48}"
1776119563,normal,sw-wk2,0.19835582958395992,0.2876065598837876,156.10731544742544,79.98666888851858,5479.9200133311115,27960.606565572405,0.0,0,0,0,0,0,0,{}
1776119563,normal,sw-wk3,0.1644444444444364,0.3427532907730928,319.1333333333333,169.00000000000003,3019.633333333333,7799.7,0.0,0,0,0,0,0,0,{}
1776119563,normal,k3s-wk1,0.2849999999999757,0.6225545033487119,223.86666666666667,208.66666666666666,11710.433333333332,4837.7,0.0,0,57,3,0,50,0,"{""process_exit"": 57, ""process_exec"": 57, ""process_kprobe"": 50}"
1776119573,normal,sw-wk3,0.1644444444444364,0.3427532907730928,319.1333333333333,169.0,3019.633333333333,7799.7,0.0,0,1,1,0,0,0,"{""process_exit"": 15, ""process_exec"": 1}"
1776119573,normal,sw-wk2,0.19835582958395992,0.2876065598837876,156.10731544742544,79.98666888851858,5479.9200133311115,27960.606565572405,0.0,0,0,0,0,0,0,{}
1776119573,normal,k3s-wk1,0.2994444444444524,0.6225883686303638,221.0,205.79999999999998,33090.333333333336,6627.633333333333,0.0,0,39,3,0,32,0,"{""process_exit"": 39, ""process_exec"": 39, ""process_kprobe"": 32}"
