timestamp,label,node,avg_cpu,avg_mem,net_bytes_in,net_bytes_out,net_internal_bytes_in,net_internal_bytes_out,last_successful_scrape_age_sec,exec_count,unique_process_count,tmp_exec_count,outbound_connect_count,mining_port_count,syscall_feature_vector
1774305681,normal,k3s-wk1,0.25,0.7004079430458869,0.0,0.0,9361.833333333334,4389.3,0,0,0,0,0,0,{}
1774305681,normal,sw-wk3,0.09348441926355311,0.4236228963195664,0.0,0.0,2046.7588735210797,5060.689885019164,0,0,0,0,0,0,{}
1774305681,normal,sw-wk2,0.07477777777773253,0.41340384217479187,0.0,0.0,378.3333333333333,3766.7,0,0,0,0,0,0,{}
1774305691,normal,k3s-wk1,0.25,0.7004079430458869,0.0,0.0,9361.833333333334,4389.3,0,75,3,0,69,0,"{""process_kprobe"": 69, ""process_exit"": 75, ""process_exec"": 75}"
1774305691,normal,sw-wk3,0.09348441926355311,0.4236228963195664,0.0,0.0,2046.7588735210797,5060.689885019164,0,0,0,0,0,0,{}
1774305691,normal,sw-wk2,0.14511111111116615,0.4084379824603288,0.0,0.0,5124.833333333333,4501.766666666666,0,0,0,0,0,0,{}
1774305701,normal,k3s-wk1,0.25,0.7004079430458869,0.0,0.0,9361.833333333334,4389.3,0,37,3,0,38,0,"{""process_exit"": 38, ""process_exec"": 37, ""process_kprobe"": 38}"
1774305701,normal,sw-wk3,0.0898483080513256,0.42396509566660234,3.0005000833472244,3.0005000833472244,2950.2583763960656,5265.477579596599,0,0,0,0,0,0,{}
1774305701,normal,sw-wk2,0.14511111111116615,0.4084379824603288,0.0,0.0,5124.833333333333,4501.766666666666,0,0,0,0,0,0,{}
1774305711,normal,k3s-wk1,0.3221111111111693,0.7207366661841534,405.6,271.7,9505.766666666666,7065.866666666667,0,34,3,0,31,0,"{""process_kprobe"": 31, ""process_exit"": 34, ""process_exec"": 34}"
1774305711,normal,sw-wk3,0.08984830805132582,0.42396509566660234,3.0005000833472244,3.0005000833472244,2950.2583763960656,5265.477579596599,0,1,1,0,0,0,"{""process_exit"": 1, ""process_exec"": 1}"
1774305711,normal,sw-wk2,0.14511111111116615,0.4084379824603288,0.0,0.0,5124.833333333333,4501.766666666666,0,0,0,0,0,0,{}
1774305721,normal,k3s-wk1,0.3221111111111693,0.7207366661841534,405.6,271.7,9505.766666666666,7065.866666666667,0,36,3,0,32,0,"{""process_kprobe"": 32, ""process_exit"": 36, ""process_exec"": 36}"
1774305721,normal,sw-wk3,0.08984830805132582,0.42396509566660234,3.0005000833472244,3.0005000833472244,2950.2583763960656,5265.477579596599,0,0,0,0,0,0,{}
1774305721,normal,sw-wk2,0.07633333333328152,0.4072323290200385,4.466666666666667,6.000000000000001,795.5,3851.8333333333335,0,0,0,0,0,0,{}
1774305731,normal,k3s-wk1,0.3221111111111693,0.7207366661841534,405.6,271.7,9505.766666666666,7065.866666666667,0,36,3,0,33,0,"{""process_kprobe"": 33, ""process_exit"": 36, ""process_exec"": 36}"
1774305731,normal,sw-wk3,0.08966666666666345,0.42395315848007786,2.1333333333333337,2.0,2547.8333333333335,5230.933333333333,0,1,1,0,0,0,"{""process_exit"": 1, ""process_exec"": 1}"
1774305731,normal,sw-wk2,0.07633333333328152,0.4072323290200385,4.466666666666667,6.0,795.5,3851.8333333333335,0,2,2,0,0,0,"{""process_exec"": 2}"
1774305741,normal,k3s-wk1,0.27799999999988345,0.7238633522390809,211.66666666666666,181.26666666666665,9651.366666666667,4157.633333333333,0,75,3,0,70,0,"{""process_kprobe"": 70, ""process_exit"": 75, ""process_exec"": 75}"
1774305741,normal,sw-wk3,0.08966666666666345,0.42395315848007786,2.1333333333333333,2.0,2547.8333333333335,5230.933333333333,0,0,0,0,0,0,{}
1774305741,normal,sw-wk2,0.07633333333328152,0.4072323290200385,4.466666666666667,6.0,795.5,3851.8333333333335,0,0,0,0,0,0,{}
1774305751,normal,k3s-wk1,0.2779999999998837,0.7238633522390809,211.66666666666666,181.26666666666665,9651.366666666667,4157.633333333333,0,36,3,0,31,0,"{""process_exit"": 36, ""process_exec"": 36, ""process_kprobe"": 31}"
1774305751,normal,sw-wk3,0.08966666666666345,0.42395315848007786,2.1333333333333333,2.0,2547.8333333333335,5230.933333333333,0,1,1,0,0,0,"{""process_exit"": 1, ""process_exec"": 1}"
1774305751,normal,sw-wk2,0.14211111111112085,0.4067966225787455,0.0,0.0,5284.066666666667,27608.63333333334,0,104,5,0,0,0,"{""process_exit"": 106, ""process_exec"": 104}"
1774305761,normal,k3s-wk1,0.2779999999998837,0.7238633522390809,211.66666666666666,181.26666666666665,9651.366666666667,4157.633333333333,0,75,3,0,74,0,"{""process_exit"": 75, ""process_exec"": 75, ""process_kprobe"": 74}"
1774305761,normal,sw-wk3,0.08822222222216725,0.42417399643078124,0.0,0.0,2724.9666666666667,5532.633333333333,0,0,0,0,0,0,{}
1774305761,normal,sw-wk2,0.14211111111112085,0.4067966225787455,0.0,0.0,5284.066666666667,27608.63333333333,0,0,0,0,0,0,{}
1774305771,normal,k3s-wk1,0.30729149307301196,0.7296192970220158,210.91224210912242,180.38196180381962,32545.91207545912,6267.7732226777325,0,79,3,0,72,0,"{""process_exit"": 79, ""process_exec"": 79, ""process_kprobe"": 72}"
1774305771,normal,sw-wk3,0.08822222222216725,0.42417399643078124,0.0,0.0,2724.9666666666667,5532.633333333333,0,1,1,0,0,0,"{""process_exit"": 1, ""process_exec"": 1}"
1774305771,normal,sw-wk2,0.14211111111112085,0.4067966225787455,0.0,0.0,5284.066666666667,27608.63333333333,0,0,0,0,0,0,{}
1774305781,normal,k3s-wk1,0.30729149307301196,0.7296192970220158,210.91224210912242,180.38196180381962,32545.91207545912,6267.7732226777325,0,39,3,0,33,0,"{""process_exit"": 39, ""process_exec"": 39, ""process_kprobe"": 33}"
1774305781,normal,sw-wk3,0.08822222222216725,0.42417399643078124,0.0,0.0,2724.9666666666667,5532.633333333333,0,0,0,0,0,0,{}
1774305781,normal,sw-wk2,0.07633333333336245,0.4043952633338108,5.133333333333333,5.0,351.26666666666665,3760.1666666666665,0,0,0,0,0,0,{}
1774305791,normal,k3s-wk1,0.30729149307301196,0.7296192970220158,210.91224210912242,180.38196180381962,32545.91207545912,6267.7732226777325,0,10,2,0,9,0,"{""process_kprobe"": 9, ""process_exit"": 10, ""process_exec"": 10}"
1774305791,normal,sw-wk3,0.09022222222233223,0.42428541017167665,0.0,0.0,1977.6,5214.1,0,1,1,0,0,0,"{""process_exit"": 1, ""process_exec"": 1}"
1774305791,normal,sw-wk2,0.07633333333336245,0.4043952633338108,5.133333333333333,5.0,351.26666666666665,3760.1666666666665,0,2,2,0,0,0,"{""process_exec"": 2}"
1774305801,normal,k3s-wk1,0.30166977529086225,0.7345238251898252,217.62589928057554,187.71649347188915,32463.395949906742,4335.33173461231,0,81,3,0,75,0,"{""process_exit"": 81, ""process_exec"": 81, ""process_kprobe"": 75}"
1774305801,normal,sw-wk3,0.09022222222233223,0.42428541017167665,0.0,0.0,1977.6,5214.1,0,0,0,0,0,0,{}
1774305801,normal,sw-wk2,0.07633333333336245,0.4043952633338108,5.133333333333333,5.0,351.26666666666665,3760.1666666666665,0,104,5,0,0,0,"{""process_exit"": 106, ""process_exec"": 104}"
1774305811,normal,k3s-wk1,0.30166977529086225,0.7345238251898252,217.62589928057554,187.71649347188915,32463.395949906742,4335.33173461231,0,13,2,0,10,0,"{""process_exit"": 13, ""process_exec"": 13, ""process_kprobe"": 10}"
1774305811,normal,sw-wk3,0.09022222222233223,0.42428541017167665,0.0,0.0,1977.6,5214.1,0,0,0,0,0,0,{}
1774305811,normal,sw-wk2,0.188222222222167,0.40466981807763935,0.0,0.0,5286.833333333333,27590.533333333333,0,0,0,0,0,0,{}
1774305821,normal,k3s-wk1,0.30166977529086225,0.7345238251898252,217.62589928057554,187.71649347188915,32463.395949906742,4335.33173461231,0,39,3,0,39,0,"{""process_exit"": 39, ""process_exec"": 39, ""process_kprobe"": 39}"
1774305821,normal,sw-wk3,0.08622222222216402,0.4245181853089045,0.0,0.0,2747.3,5328.866666666667,0,0,0,0,0,0,{}
1774305821,normal,sw-wk2,0.18822222222216733,0.40466981807763935,0.0,0.0,5286.833333333333,27590.533333333333,0,0,0,0,0,0,{}
1774305831,normal,k3s-wk1,0.296477941258221,0.7358568777881591,211.99079171254127,181.42995362492908,9129.983651953424,5996.363393721015,0,9,2,0,8,0,"{""process_kprobe"": 8, ""process_exit"": 9, ""process_exec"": 9}"
1774305831,normal,sw-wk3,0.08622222222216402,0.4245181853089045,0.0,0.0,2747.3,5328.866666666667,0,1,1,0,0,0,"{""process_exit"": 1, ""process_exec"": 1}"
1774305831,normal,sw-wk2,0.18822222222216733,0.40466981807763935,0.0,0.0,5286.833333333333,27590.533333333333,0,0,0,0,0,0,{}
1774305841,normal,k3s-wk1,0.296477941258221,0.7358568777881591,211.99079171254127,181.42995362492908,9129.983651953424,5996.363393721015,0,15,2,0,11,0,"{""process_exit"": 15, ""process_exec"": 15, ""process_kprobe"": 11}"
1774305841,normal,sw-wk3,0.08622222222216402,0.4245181853089045,0.0,0.0,2747.3,5328.866666666667,0,1,1,0,0,0,"{""process_exit"": 1, ""process_exec"": 1}"
1774305841,normal,sw-wk2,0.07555555555550697,0.4072363080742969,0.0,0.0,362.3,3754.7,0,0,0,0,0,0,{}
1774305851,normal,k3s-wk1,0.296477941258221,0.7358568777881591,211.99079171254127,181.42995362492908,9129.983651953424,5996.363393721015,0,19,2,0,14,0,"{""process_exit"": 19, ""process_exec"": 19, ""process_kprobe"": 14}"
1774305851,normal,sw-wk3,0.09007087471390729,0.4247469813839576,0.0,0.0,1969.5060987802442,5441.678331000468,0,0,0,0,0,0,{}
1774305851,normal,sw-wk2,0.07555555555550697,0.4072363080742969,0.0,0.0,362.3,3754.7,0,2,2,0,0,0,"{""process_exec"": 2}"
1774305861,normal,k3s-wk1,0.2729999999999967,0.7370017502072614,199.53333333333333,179.2666666666667,25268.433333333334,4267.566666666667,0,39,3,0,34,0,"{""process_exit"": 39, ""process_exec"": 39, ""process_kprobe"": 34}"
1774305861,normal,sw-wk3,0.09007087471390729,0.4247469813839576,0.0,0.0,1969.5060987802442,5441.678331000468,0,1,1,0,0,0,"{""process_exit"": 1, ""process_exec"": 1}"
1774305861,normal,sw-wk2,0.07555555555550697,0.4072363080742969,0.0,0.0,362.3,3754.7,0,104,5,0,0,0,"{""process_exit"": 106, ""process_exec"": 104}"
1774305871,normal,k3s-wk1,0.2729999999999967,0.7370017502072614,199.53333333333333,179.26666666666665,25268.433333333334,4267.566666666667,0,46,8,0,36,2,"{""process_kprobe"": 36, ""process_exit"": 46, ""process_exec"": 46}"
1774305871,normal,sw-wk3,0.09007087471390729,0.4247469813839576,0.0,0.0,1969.5060987802442,5441.678331000468,0,0,0,0,0,0,{}
1774305871,normal,sw-wk2,0.15300000000004532,0.40788887297267185,0.0,0.0,5565.5,27558.866666666665,0,0,0,0,0,0,{}
1774305881,normal,k3s-wk1,0.2729999999999967,0.7370017502072614,199.53333333333333,179.26666666666665,25268.433333333334,4267.566666666667,0,58,6,0,57,2,"{""process_exit"": 60, ""process_exec"": 58, ""process_kprobe"": 57}"
1774305881,normal,sw-wk3,0.10015336400620256,0.42508918073099355,4.467560178702407,6.001200240048009,4586.383943455357,5375.4417550176695,0,0,0,0,0,0,{}
1774305881,normal,sw-wk2,0.15300000000004532,0.40788887297267185,0.0,0.0,5565.5,27558.866666666665,0,0,0,0,0,0,{}
1774305891,normal,k3s-wk1,0.34155555555553285,0.7403692542537932,195.73333333333332,208.0,17296.8,9950.133333333333,0,40,7,0,35,2,"{""process_exit"": 42, ""process_exec"": 40, ""process_kprobe"": 35}"
1774305891,normal,sw-wk3,0.10015336400620256,0.42508918073099355,4.467560178702407,6.001200240048009,4586.383943455357,5375.4417550176695,0,1,1,0,0,0,"{""process_exit"": 1, ""process_exec"": 1}"
1774305891,normal,sw-wk2,0.15300000000004532,0.40788887297267185,0.0,0.0,5565.5,27558.866666666665,0,0,0,0,0,0,{}
1774305901,normal,k3s-wk1,0.34155555555553285,0.7403692542537932,195.73333333333332,208.0,17296.8,9950.133333333333,0,65,6,0,56,2,"{""process_exit"": 67, ""process_exec"": 65, ""process_kprobe"": 56}"
1774305901,normal,sw-wk3,0.10015336400620256,0.42508918073099355,4.467560178702407,6.001200240048009,4586.383943455357,5375.4417550176695,0,0,0,0,0,0,{}
1774305901,normal,sw-wk2,0.07522222222218666,0.4103101274888984,0.0,0.0,1549.7333333333336,3913.5333333333333,0,0,0,0,0,0,{}
1774305912,normal,k3s-wk1,0.34155555555553285,0.7403692542537932,195.73333333333332,208.0,17296.8,9950.133333333333,0,65,7,0,57,2,"{""process_exit"": 67, ""process_exec"": 65, ""process_kprobe"": 57}"
1774305912,normal,sw-wk3,0.09199999999990627,0.42508321213773126,0.0,0.0,2541.6,5254.333333333333,0,0,0,0,0,0,{}
1774305912,normal,sw-wk2,0.07522222222218666,0.4103101274888984,0.0,0.0,1549.7333333333333,3913.5333333333333,0,2,2,0,0,0,"{""process_exec"": 2}"
1774305922,normal,k3s-wk1,0.31895699318961845,0.7379650221736784,237.90954237909543,247.07529247075288,32413.758624137587,5427.090624270906,0,23,6,0,15,2,"{""process_kprobe"": 15, ""process_exit"": 25, ""process_exec"": 23}"
1774305922,normal,sw-wk3,0.09199999999990627,0.42508321213773126,0.0,0.0,2541.6,5254.333333333333,0,0,0,0,0,0,{}
1774305922,normal,sw-wk2,0.07522222222218666,0.4103101274888984,0.0,0.0,1549.7333333333333,3913.5333333333333,0,104,5,0,0,0,"{""process_exit"": 106, ""process_exec"": 104}"
1774305932,normal,k3s-wk1,0.31895699318961845,0.7379650221736784,237.90954237909543,247.07529247075294,32413.758624137587,5427.090624270906,0,42,7,0,34,2,"{""process_exit"": 44, ""process_exec"": 42, ""process_kprobe"": 34}"
1774305932,normal,sw-wk3,0.09199999999990627,0.42508321213773126,0.0,0.0,2541.6,5254.333333333333,0,0,0,0,0,0,{}
1774305932,normal,sw-wk2,0.1441111111112049,0.4080082446004234,0.0,0.0,5521.533333333335,27564.533333333333,0,0,0,0,0,0,{}
1774305942,normal,k3s-wk1,0.31895699318961845,0.7379650221736784,237.90954237909543,247.07529247075294,32413.758624137587,5427.090624270906,0,21,6,0,19,2,"{""process_exit"": 23, ""process_exec"": 21, ""process_kprobe"": 19}"
1774305942,normal,sw-wk3,0.08955555555561057,0.42518865728536437,0.0,0.0,4167.033333333334,5172.6,0,1,1,0,0,0,"{""process_exit"": 1, ""process_exec"": 1}"
1774305942,normal,sw-wk2,0.1441111111112049,0.4080082446004234,0.0,0.0,5521.533333333333,27564.533333333333,0,0,0,0,0,0,{}
1774305952,normal,k3s-wk1,0.2845951261792329,0.73386322064455,256.4923158982565,241.2907957462413,9375.070840417375,6685.001833516684,0,45,7,0,37,2,"{""process_exit"": 47, ""process_exec"": 45, ""process_kprobe"": 37}"
1774305952,normal,sw-wk3,0.08955555555561057,0.42518865728536437,0.0,0.0,4167.033333333333,5172.6,0,0,0,0,0,0,{}
1774305952,normal,sw-wk2,0.1441111111112049,0.4080082446004234,0.0,0.0,5521.533333333333,27564.533333333333,0,0,0,0,0,0,{}
1774305962,normal,k3s-wk1,0.2845951261792329,0.73386322064455,256.4923158982565,241.2907957462413,9375.070840417375,6685.001833516684,0,58,6,0,50,1,"{""process_kprobe"": 50, ""process_exit"": 60, ""process_exec"": 58}"
1774305962,normal,sw-wk3,0.08955555555561057,0.42518865728536437,0.0,0.0,4167.033333333333,5172.6,0,0,0,0,0,0,{}
1774305962,normal,sw-wk2,0.074444444444412,0.41093483900746475,0.0,0.0,355.1000000000001,3755.233333333333,0,0,0,0,0,0,{}
1774305972,normal,k3s-wk1,0.2845951261792329,0.73386322064455,256.4923158982565,241.2907957462413,9375.070840417375,6685.001833516684,0,46,7,0,39,3,"{""process_exit"": 48, ""process_exec"": 46, ""process_kprobe"": 39}"
1774305972,normal,sw-wk3,0.0974444444444088,0.4254174533604175,0.0,0.0,2910.0666666666666,5403.333333333333,0,0,0,0,0,0,{}
1774305972,normal,sw-wk2,0.07444444444441212,0.41093483900746475,0.0,0.0,355.1,3755.233333333333,0,106,7,0,0,0,"{""process_exec"": 106, ""process_exit"": 106}"
1774305982,normal,k3s-wk1,0.3071111111111047,0.7311839559947888,252.46666666666667,241.26666666666665,32896.433333333334,10064.033333333333,0,17,3,0,14,0,"{""process_exit"": 17, ""process_exec"": 17, ""process_kprobe"": 14}"
1774305982,normal,sw-wk3,0.0974444444444088,0.4254174533604175,0.0,0.0,2910.0666666666666,5403.333333333333,0,1,1,0,0,0,"{""process_exit"": 1, ""process_exec"": 1}"
1774305982,normal,sw-wk2,0.07444444444441212,0.41093483900746475,0.0,0.0,355.1,3755.233333333333,0,0,0,0,0,0,{}
1774305992,normal,k3s-wk1,0.3071111111111047,0.7311839559947888,252.46666666666667,241.26666666666665,32896.433333333334,10064.033333333333,0,24,6,0,17,2,"{""process_exit"": 28, ""process_exec"": 24, ""process_kprobe"": 17}"
1774305992,normal,sw-wk3,0.0974444444444088,0.4254174533604175,0.0,0.0,2910.0666666666666,5403.333333333333,0,0,0,0,0,0,{}
1774305992,normal,sw-wk2,0.18077777777774218,0.41015295484569225,0.0,0.0,5460.033333333333,27505.8,0,0,0,0,0,0,{}
1774306002,normal,k3s-wk1,0.3071111111111047,0.7311839559947888,252.46666666666667,241.26666666666665,32896.433333333334,10064.033333333333,0,16,2,0,17,0,"{""process_kprobe"": 17, ""process_exit"": 17, ""process_exec"": 16}"
1774306002,normal,sw-wk3,0.09944444444449296,0.4255228985080506,0.0,0.0,3695.9333333333334,5416.766666666666,0,0,0,0,0,0,{}
1774306002,normal,sw-wk2,0.18077777777774218,0.41015295484569225,0.0,0.0,5460.033333333333,27505.8,0,0,0,0,0,0,{}
1774306012,normal,k3s-wk1,0.29377777777772274,0.7337855798713006,224.6,201.23333333333332,8907.033333333335,2668.2666666666664,0,36,3,0,32,0,"{""process_kprobe"": 32, ""process_exit"": 36, ""process_exec"": 36}"
1774306012,normal,sw-wk3,0.09944444444449296,0.4255228985080506,0.0,0.0,3695.9333333333334,5416.766666666666,0,0,0,0,0,0,{}
1774306012,normal,sw-wk2,0.18077777777774218,0.41015295484569225,0.0,0.0,5460.033333333333,27505.8,0,0,0,0,0,0,{}
1774306022,normal,k3s-wk1,0.29377777777772274,0.7337855798713006,224.6,201.23333333333332,8907.033333333333,2668.2666666666664,0,57,3,0,51,0,"{""process_kprobe"": 51, ""process_exit"": 57, ""process_exec"": 57}"
1774306022,normal,sw-wk3,0.09944444444449296,0.4255228985080506,0.0,0.0,3695.9333333333334,5416.766666666666,0,1,1,0,0,0,"{""process_exit"": 1, ""process_exec"": 1}"
1774306022,normal,sw-wk2,0.08711111111115322,0.41220216778875995,0.0,0.0,1118.8,3790.0333333333333,0,0,0,0,0,0,{}
1774306032,normal,k3s-wk1,0.29377777777772274,0.7337855798713006,224.6,201.23333333333332,8907.033333333333,2668.2666666666664,0,33,3,0,30,0,"{""process_exit"": 33, ""process_exec"": 33, ""process_kprobe"": 30}"
1774306032,normal,sw-wk3,0.08717196631331803,0.4258750455105236,0.0,0.0,2601.3599093393773,5267.015532297846,0,0,0,0,0,0,{}
1774306032,normal,sw-wk2,0.08711111111115322,0.41220216778875995,0.0,0.0,1118.8,3790.0333333333333,0,106,7,0,0,0,"{""process_exec"": 106, ""process_exit"": 106}"
1774306042,normal,k3s-wk1,0.2923333333333883,0.7326288639444145,198.46666666666667,179.26666666666665,32714.399999999998,9858.9,0,13,2,0,10,0,"{""process_kprobe"": 10, ""process_exit"": 13, ""process_exec"": 13}"
1774306042,normal,sw-wk3,0.08717196631331803,0.4258750455105236,0.0,0.0,2601.3599093393773,5267.015532297846,0,0,0,0,0,0,{}
1774306042,normal,sw-wk2,0.08711111111115322,0.41220216778875995,0.0,0.0,1118.8,3790.0333333333333,0,0,0,0,0,0,{}
1774306052,normal,k3s-wk1,0.2923333333333883,0.7326288639444145,198.46666666666667,179.26666666666665,32714.399999999998,9858.9,0,15,2,0,11,0,"{""process_kprobe"": 11, ""process_exit"": 15, ""process_exec"": 15}"
1774306052,normal,sw-wk3,0.08717196631331803,0.4258750455105236,0.0,0.0,2601.3599093393773,5267.015532297846,0,0,0,0,0,0,{}
1774306052,normal,sw-wk2,0.17833333333328483,0.40724824523707204,0.0,0.0,5110.033333333333,27377.7,0,0,0,0,0,0,{}
1774306062,normal,k3s-wk1,0.2923333333333883,0.7326288639444145,198.46666666666667,179.26666666666665,32714.399999999998,9858.9,0,33,3,0,35,0,"{""process_kprobe"": 35, ""process_exit"": 33, ""process_exec"": 33}"
1774306062,normal,sw-wk3,0.09516189968227862,0.42584122348203757,0.0,0.0,2639.1426095073007,5010.467364490966,0,0,0,0,0,0,{}
1774306062,normal,sw-wk2,0.17833333333328483,0.40724824523707204,0.0,0.0,5110.033333333333,27377.7,0,0,0,0,0,0,{}
1774306072,normal,k3s-wk1,0.2633333333333011,0.737912384361306,194.46666666666667,179.26666666666665,8796.166666666666,1328.6666666666667,0,40,3,0,35,0,"{""process_kprobe"": 35, ""process_exit"": 40, ""process_exec"": 40}"
1774306072,normal,sw-wk3,0.09516189968227862,0.42584122348203757,0.0,0.0,2639.1426095073007,5010.467364490966,0,1,1,0,0,0,"{""process_exit"": 1, ""process_exec"": 1}"
1774306072,normal,sw-wk2,0.17833333333328483,0.40724824523707204,0.0,0.0,5110.033333333333,27377.7,0,0,0,0,0,0,{}
1774306082,normal,k3s-wk1,0.2633333333333011,0.737912384361306,194.46666666666667,179.26666666666665,8796.166666666666,1328.6666666666667,0,18,2,0,14,0,"{""process_kprobe"": 14, ""process_exit"": 18, ""process_exec"": 18}"
1774306082,normal,sw-wk3,0.09516189968227862,0.42584122348203757,0.0,0.0,2639.1426095073007,5010.467364490966,0,0,0,0,0,0,{}
1774306082,normal,sw-wk2,0.0779810907798335,0.4100713842333954,0.0,0.0,488.28450488284506,3853.014698530147,0,0,0,0,0,0,{}
1774306092,normal,k3s-wk1,0.2633333333333011,0.737912384361306,194.46666666666667,179.26666666666665,8796.166666666666,1328.6666666666667,0,12,2,0,11,0,"{""process_kprobe"": 11, ""process_exit"": 12, ""process_exec"": 12}"
1774306092,normal,sw-wk3,0.09644444444436684,0.42581933864007593,0.0,0.0,2079.4333333333334,5271.066666666667,0,0,0,0,0,0,{}
1774306092,normal,sw-wk2,0.0779810907798335,0.4100713842333954,0.0,0.0,488.28450488284506,3853.014698530147,0,106,7,0,0,0,"{""process_exec"": 106, ""process_exit"": 106}"
1774306102,normal,k3s-wk1,0.28544444444447026,0.7387348501796265,194.46666666666667,179.26666666666665,32770.36666666667,8920.966666666667,0,12,2,0,10,0,"{""process_kprobe"": 10, ""process_exit"": 12, ""process_exec"": 12}"
1774306102,normal,sw-wk3,0.09644444444436684,0.42581933864007593,0.0,0.0,2079.4333333333334,5271.066666666667,0,1,1,0,0,0,"{""process_exit"": 1, ""process_exec"": 1}"
1774306102,normal,sw-wk2,0.0779810907798335,0.4100713842333954,0.0,0.0,488.28450488284506,3853.014698530147,0,0,0,0,0,0,{}
1774306112,normal,k3s-wk1,0.28544444444447026,0.7387348501796265,194.46666666666667,179.26666666666665,32770.36666666667,8920.966666666667,0,75,3,0,69,0,"{""process_kprobe"": 69, ""process_exit"": 75, ""process_exec"": 75}"
1774306112,normal,sw-wk3,0.09644444444436684,0.42581933864007593,0.0,0.0,2079.4333333333334,5271.066666666667,0,0,0,0,0,0,{}
1774306112,normal,sw-wk2,0.14413663588584635,0.4133461458880453,0.0,0.0,5115.378204487115,27458.112477914456,0,0,0,0,0,0,{}
1774306122,normal,k3s-wk1,0.28544444444447026,0.7387348501796265,194.46666666666667,179.26666666666665,32770.36666666667,8920.966666666667,0,37,3,0,36,0,"{""process_kprobe"": 36, ""process_exit"": 37, ""process_exec"": 37}"
1774306122,normal,sw-wk3,0.08833333333330096,0.4259208047255343,0.0,0.0,2636.4,5264.266666666666,0,0,0,0,0,0,{}
1774306122,normal,sw-wk2,0.14413663588584635,0.4133461458880453,0.0,0.0,5115.378204487115,27458.112477914456,0,0,0,0,0,0,{}
1774306132,normal,k3s-wk1,0.27344444444445093,0.7430735218644313,194.46666666666667,179.26666666666665,9107.666666666666,1460.4333333333334,0,37,3,0,32,0,"{""process_kprobe"": 32, ""process_exit"": 37, ""process_exec"": 37}"
1774306132,normal,sw-wk3,0.08833333333330096,0.4259208047255343,0.0,0.0,2636.4,5264.266666666666,0,0,0,0,0,0,{}
1774306132,normal,sw-wk2,0.14413663588584635,0.4133461458880453,0.0,0.0,5115.378204487115,27458.112477914456,0,0,0,0,0,0,{}
1774306142,normal,k3s-wk1,0.27344444444445093,0.7430735218644313,194.46666666666667,179.26666666666665,9107.666666666666,1460.4333333333334,0,15,2,0,12,0,"{""process_kprobe"": 12, ""process_exit"": 15, ""process_exec"": 15}"
1774306142,normal,sw-wk3,0.08833333333330096,0.4259208047255343,0.0,0.0,2636.4,5264.266666666666,0,1,1,0,0,0,"{""process_exit"": 1, ""process_exec"": 1}"
1774306142,normal,sw-wk2,0.09533333333327187,0.41383556956182654,4.466666666666668,6.0,433.8,3794.5,0,0,0,0,0,0,{}
1774306152,normal,k3s-wk1,0.27344444444445093,0.7430735218644313,194.46666666666667,179.26666666666665,9107.666666666666,1460.4333333333334,0,17,4,0,13,0,"{""process_kprobe"": 13, ""process_exit"": 15, ""process_exec"": 17}"
1774306152,normal,sw-wk3,0.09722222222230315,0.4261436322073251,0.0,0.0,3592.9666666666667,5399.5,0,0,0,0,0,0,{}
1774306152,normal,sw-wk2,0.09533333333327187,0.41383556956182654,4.466666666666667,6.0,433.8,3794.5,0,2,2,0,0,0,"{""process_exec"": 2}"
1774306162,normal,k3s-wk1,0.3205555555555394,0.7386440499532839,143308.06666666665,1830.9333333333336,32749.466666666667,7871.4,0,39,7,0,31,0,"{""process_kprobe"": 31, ""process_exit"": 39, ""process_exec"": 39}"
1774306162,normal,sw-wk3,0.09722222222230315,0.4261436322073251,0.0,0.0,3592.9666666666667,5399.5,0,1,1,0,0,0,"{""process_exit"": 1, ""process_exec"": 1}"
1774306162,normal,sw-wk2,0.09533333333327187,0.41383556956182654,4.466666666666667,6.0,433.8,3794.5,0,104,5,0,0,0,"{""process_exit"": 106, ""process_exec"": 104}"
1774306172,normal,k3s-wk1,0.3205555555555394,0.7386440499532839,143308.06666666665,1830.9333333333334,32749.466666666667,7871.4,0,63,3,0,57,0,"{""process_kprobe"": 57, ""process_exit"": 63, ""process_exec"": 63}"
1774306172,normal,sw-wk3,0.09722222222230315,0.4261436322073251,0.0,0.0,3592.9666666666667,5399.5,0,0,0,0,0,0,{}
1774306172,normal,sw-wk2,0.14830739148303518,0.4107159910232536,0.0,0.0,5672.932706729327,27733.359997333602,0,0,0,0,0,0,{}
1774306182,normal,k3s-wk1,0.3205555555555394,0.7386440499532839,143308.06666666665,1830.9333333333334,32749.466666666667,7871.4,0,30,3,0,33,0,"{""process_kprobe"": 33, ""process_exit"": 30, ""process_exec"": 30}"
1774306182,normal,sw-wk3,0.0842222222221608,0.4261297054897132,0.0,0.0,3189.8,5444.366666666667,0,0,0,0,0,0,{}
1774306182,normal,sw-wk2,0.14830739148303518,0.4107159910232536,0.0,0.0,5672.932706729327,27733.359997333602,0,0,0,0,0,0,{}
1774306192,normal,k3s-wk1,0.2979999999999968,0.7448447842507666,198.93333333333334,185.26666666666665,9863.5,6187.6,0,16,2,0,12,0,"{""process_exit"": 16, ""process_exec"": 16, ""process_kprobe"": 12}"
1774306192,normal,sw-wk3,0.0842222222221608,0.4261297054897132,0.0,0.0,3189.8,5444.366666666667,0,0,0,0,0,0,{}
1774306192,normal,sw-wk2,0.14830739148303518,0.4107159910232536,0.0,0.0,5672.932706729327,27733.359997333602,0,0,0,0,0,0,{}
1774306202,normal,k3s-wk1,0.2979999999999968,0.7448447842507666,198.93333333333334,185.26666666666665,9863.5,6187.6,0,57,3,0,50,0,"{""process_exit"": 57, ""process_exec"": 57, ""process_kprobe"": 50}"
1774306202,normal,sw-wk3,0.0842222222221608,0.4261297054897132,0.0,0.0,3189.8,5444.366666666667,0,0,0,0,0,0,{}
1774306202,normal,sw-wk2,0.06446200175586703,0.41258614652469405,0.0,0.0,1637.9637963796379,4177.584425109178,0,0,0,0,0,0,{}
1774306212,normal,k3s-wk1,0.2979999999999968,0.7448447842507666,198.93333333333334,185.26666666666665,9863.5,6187.6,0,12,2,0,11,0,"{""process_exit"": 12, ""process_exec"": 12, ""process_kprobe"": 11}"
1774306212,normal,sw-wk3,0.09311111111116288,0.4262550459482205,0.0,0.0,2652.366666666667,5240.866666666667,0,1,1,0,0,0,"{""process_exit"": 1, ""process_exec"": 1}"
1774306212,normal,sw-wk2,0.06446200175586703,0.41258614652469405,0.0,0.0,1637.9637963796379,4177.584425109178,0,2,2,0,0,0,"{""process_exec"": 2}"
1774306222,normal,k3s-wk1,0.3018888888889504,0.7463752286454974,194.4666666666667,179.26666666666665,10001.933333333332,4678.0,0,12,2,0,9,0,"{""process_exit"": 12, ""process_exec"": 12, ""process_kprobe"": 9}"
1774306222,normal,sw-wk3,0.09311111111116288,0.4262550459482205,0.0,0.0,2652.366666666667,5240.866666666667,0,0,0,0,0,0,{}
1774306222,normal,sw-wk2,0.06446200175586703,0.41258614652469405,0.0,0.0,1637.9637963796379,4177.584425109178,0,84,3,0,0,0,"{""process_exit"": 84, ""process_exec"": 84}"
1774306232,normal,k3s-wk1,0.3018888888889504,0.7463752286454974,194.46666666666667,179.26666666666665,10001.933333333332,4678.0,0,37,3,0,31,0,"{""process_kprobe"": 31, ""process_exit"": 37, ""process_exec"": 37}"
1774306232,normal,sw-wk3,0.09311111111116288,0.4262550459482205,0.0,0.0,2652.366666666667,5240.866666666667,0,0,0,0,0,0,{}
1774306232,normal,sw-wk2,0.127222222222109,0.4050040586353435,0.0,0.0,5680.066666666667,27767.83333333334,0,20,3,0,0,0,"{""process_exit"": 22, ""process_exec"": 20}"
1774306242,normal,k3s-wk1,0.3018888888889504,0.7463752286454974,194.46666666666667,179.26666666666665,10001.933333333332,4678.0,0,18,2,0,19,0,"{""process_kprobe"": 19, ""process_exit"": 18, ""process_exec"": 18}"
1774306242,normal,sw-wk3,0.08188888888883694,0.42660520341960606,0.0,0.0,4207.6,5541.966666666666,0,0,0,0,0,0,{}
1774306242,normal,sw-wk2,0.127222222222109,0.4050040586353435,0.0,0.0,5680.066666666667,27767.833333333332,0,0,0,0,0,0,{}
1774306252,normal,k3s-wk1,0.2963333333332331,0.7465844639496783,194.43333333333334,179.26666666666665,32577.066666666666,8296.7,0,36,3,0,33,0,"{""process_kprobe"": 33, ""process_exit"": 36, ""process_exec"": 36}"
1774306252,normal,sw-wk3,0.08188888888883716,0.42660520341960606,0.0,0.0,4207.6,5541.966666666666,0,0,0,0,0,0,{}
1774306252,normal,sw-wk2,0.127222222222109,0.4050040586353435,0.0,0.0,5680.066666666667,27767.833333333332,0,0,0,0,0,0,{}
1774306262,normal,k3s-wk1,0.2963333333332331,0.7465844639496783,194.43333333333334,179.26666666666665,32577.066666666666,8296.7,0,36,3,0,32,0,"{""process_kprobe"": 32, ""process_exit"": 36, ""process_exec"": 36}"
1774306262,normal,sw-wk3,0.08188888888883716,0.42660520341960606,0.0,0.0,4207.6,5541.966666666666,0,1,1,0,0,0,"{""process_exit"": 1, ""process_exec"": 1}"
1774306262,normal,sw-wk2,0.1003333333333205,0.40814552197233767,0.0,0.0,445.3333333333333,3984.3333333333335,0,0,0,0,0,0,{}
1774306272,normal,k3s-wk1,0.2963333333332331,0.7465844639496783,194.43333333333334,179.26666666666665,32577.066666666666,8296.7,0,55,3,0,51,0,"{""process_kprobe"": 51, ""process_exit"": 55, ""process_exec"": 55}"
1774306272,normal,sw-wk3,0.10777777777774544,0.42602426034207996,0.0,0.0,1791.6666666666667,5359.666666666667,0,0,0,0,0,0,{}
1774306272,normal,sw-wk2,0.1003333333333205,0.40814552197233767,0.0,0.0,445.3333333333333,3984.3333333333335,0,106,7,0,0,0,"{""process_exec"": 106, ""process_exit"": 106}"
1774306282,normal,k3s-wk1,0.31166666666669895,0.7470095142845863,194.46666666666667,179.26666666666665,33151.26666666666,10332.200000000003,0,35,4,0,30,0,"{""process_kprobe"": 30, ""process_exit"": 37, ""process_exec"": 35}"
1774306282,normal,sw-wk3,0.10777777777774544,0.42602426034207996,0.0,0.0,1791.6666666666667,5359.666666666667,0,0,0,0,0,0,{}
1774306282,normal,sw-wk2,0.1003333333333205,0.40814552197233767,0.0,0.0,445.3333333333333,3984.3333333333335,0,0,0,0,0,0,{}
1774306292,normal,k3s-wk1,0.31166666666669895,0.7470095142845863,194.46666666666667,179.26666666666665,33151.26666666666,10332.2,0,57,3,0,51,0,"{""process_kprobe"": 51, ""process_exit"": 57, ""process_exec"": 57}"
1774306292,normal,sw-wk3,0.10777777777774544,0.42602426034207996,0.0,0.0,1791.6666666666667,5359.666666666667,0,0,0,0,0,0,{}
1774306292,normal,sw-wk2,0.1625555555556073,0.4069259418421429,0.0,0.0,6116.233333333334,27604.166666666668,0,0,0,0,0,0,{}
1774306302,normal,k3s-wk1,0.31166666666669895,0.7470095142845863,194.46666666666667,179.26666666666665,33151.26666666666,10332.2,0,57,3,0,57,0,"{""process_kprobe"": 57, ""process_exit"": 58, ""process_exec"": 57}"
1774306302,normal,sw-wk3,0.11244444444455448,0.42585316066856205,0.0,0.0,4757.8,5248.166666666667,0,0,0,0,0,0,{}
1774306302,normal,sw-wk2,0.1625555555556073,0.4069259418421429,0.0,0.0,6116.233333333334,27604.166666666668,0,0,0,0,0,0,{}
1774306312,normal,k3s-wk1,0.3020000000000841,0.7481951810082773,383.8666666666667,271.7,8946.3,2828.2,0,60,3,0,54,0,"{""process_exec"": 60, ""process_kprobe"": 54, ""process_exit"": 60}"
1774306312,normal,sw-wk3,0.11244444444455448,0.42585316066856205,0.0,0.0,4757.8,5248.166666666667,0,1,1,0,0,0,"{""process_exit"": 1, ""process_exec"": 1}"
1774306312,normal,sw-wk2,0.1625555555556073,0.4069259418421429,0.0,0.0,6116.233333333334,27604.166666666668,0,0,0,0,0,0,{}
1774306322,normal,k3s-wk1,0.3020000000000841,0.7481951810082773,383.8666666666667,271.7,8946.3,2828.2,0,55,3,0,50,0,"{""process_kprobe"": 50, ""process_exit"": 55, ""process_exec"": 55}"
1774306322,normal,sw-wk3,0.11244444444455448,0.42585316066856205,0.0,0.0,4757.8,5248.166666666667,0,0,0,0,0,0,{}
1774306322,normal,sw-wk2,0.07511111111105284,0.4096038453580353,0.0,0.0,490.0333333333333,3835.6,0,0,0,0,0,0,{}
1774306332,normal,k3s-wk1,0.3020000000000841,0.7481951810082773,383.8666666666667,271.7,8946.3,2828.2,0,33,3,0,31,0,"{""process_exit"": 33, ""process_exec"": 33, ""process_kprobe"": 31}"
1774306332,normal,sw-wk3,0.09311111111108206,0.42592677331879647,4.466666666666667,6.0,2727.4,5307.4,0,0,0,0,0,0,{}
1774306332,normal,sw-wk2,0.07511111111105284,0.4096038453580353,0.0,0.0,490.0333333333333,3835.6,0,2,2,0,0,0,"{""process_exec"": 2}"
1774306342,normal,k3s-wk1,0.27733333333324284,0.7445500125014805,196.46666666666667,181.26666666666665,9701.166666666666,5188.233333333334,0,12,2,0,11,0,"{""process_kprobe"": 11, ""process_exit"": 12, ""process_exec"": 12}"
1774306342,normal,sw-wk3,0.09311111111108206,0.42592677331879647,4.466666666666667,6.0,2727.4,5307.4,0,1,1,0,0,0,"{""process_exit"": 1, ""process_exec"": 1}"
1774306342,normal,sw-wk2,0.07511111111105284,0.4096038453580353,0.0,0.0,490.0333333333333,3835.6,0,104,5,0,0,0,"{""process_exit"": 106, ""process_exec"": 104}"
1774306352,normal,k3s-wk1,0.27733333333324284,0.7445500125014805,196.46666666666667,181.26666666666665,9701.166666666666,5188.233333333334,0,9,2,0,8,0,"{""process_exit"": 9, ""process_exec"": 9, ""process_kprobe"": 8}"
1774306352,normal,sw-wk3,0.09311111111108206,0.42592677331879647,4.466666666666667,6.0,2727.4,5307.4,0,0,0,0,0,0,{}
1774306352,normal,sw-wk2,0.14388888888893736,0.4098923267917681,0.0,0.0,5514.566666666667,27560.63333333333,0,0,0,0,0,0,{}
1774306362,normal,k3s-wk1,0.27733333333324284,0.7445500125014805,196.46666666666667,181.26666666666665,9701.166666666666,5188.233333333334,0,39,3,0,39,0,"{""process_exit"": 39, ""process_exec"": 39, ""process_kprobe"": 39}"
1774306362,normal,sw-wk3,0.09077777777767748,0.42536373602105715,0.0,0.0,2689.4666666666667,5262.066666666667,0,1,1,0,0,0,"{""process_exit"": 1, ""process_exec"": 1}"
1774306362,normal,sw-wk2,0.14388888888893736,0.4098923267917681,0.0,0.0,5514.566666666667,27560.63333333333,0,0,0,0,0,0,{}
1774306372,normal,k3s-wk1,0.2902222222223322,0.7453172086168098,198.6,183.26666666666665,32408.333333333332,6083.166666666667,0,36,3,0,32,0,"{""process_exit"": 36, ""process_exec"": 36, ""process_kprobe"": 32}"
1774306372,normal,sw-wk3,0.09077777777767748,0.42536373602105715,0.0,0.0,2689.4666666666667,5262.066666666667,0,0,0,0,0,0,{}
1774306372,normal,sw-wk2,0.14388888888893736,0.4098923267917681,0.0,0.0,5514.566666666667,27560.63333333333,0,0,0,0,0,0,{}
1774306382,normal,k3s-wk1,0.2902222222223322,0.7453172086168098,198.6,183.26666666666665,32408.333333333332,6083.166666666667,0,37,3,0,30,0,"{""process_exit"": 37, ""process_exec"": 37, ""process_kprobe"": 30}"
1774306382,normal,sw-wk3,0.09077777777767748,0.42536373602105715,0.0,0.0,2689.4666666666667,5262.066666666667,0,1,1,0,0,0,"{""process_exit"": 1, ""process_exec"": 1}"
1774306382,normal,sw-wk2,0.0755555555555878,0.4124528482070382,0.0,0.0,488.26666666666665,3824.0,0,0,0,0,0,0,{}
1774306392,normal,k3s-wk1,0.2902222222223322,0.7453172086168098,198.6,183.26666666666665,32408.333333333332,6083.166666666667,0,10,2,0,9,0,"{""process_exit"": 10, ""process_exec"": 10, ""process_kprobe"": 9}"
1774306392,normal,sw-wk3,0.09422222222225785,0.42556069959871157,0.0,0.0,2145.9333333333334,5553.166666666667,0,0,0,0,0,0,{}
1774306392,normal,sw-wk2,0.0755555555555878,0.4124528482070382,0.0,0.0,488.26666666666665,3824.0,0,106,7,0,0,0,"{""process_exec"": 106, ""process_exit"": 106}"
1774306402,normal,k3s-wk1,0.28099999999992886,0.7466792120119488,200.46666666666667,185.86666666666667,32852.83333333334,9094.766666666666,0,33,3,0,30,0,"{""process_exit"": 33, ""process_exec"": 33, ""process_kprobe"": 30}"
1774306402,normal,sw-wk3,0.09422222222225785,0.42556069959871157,0.0,0.0,2145.9333333333334,5553.166666666667,0,0,0,0,0,0,{}
1774306402,normal,sw-wk2,0.0755555555555878,0.4124528482070382,0.0,0.0,488.26666666666665,3824.0,0,0,0,0,0,0,{}
1774306412,normal,k3s-wk1,0.28099999999992886,0.7466792120119488,200.46666666666667,185.86666666666667,32852.833333333336,9094.766666666666,0,39,3,0,33,0,"{""process_exit"": 39, ""process_exec"": 39, ""process_kprobe"": 33}"
1774306412,normal,sw-wk3,0.09422222222225785,0.42556069959871157,0.0,0.0,2145.9333333333334,5553.166666666667,0,0,0,0,0,0,{}
1774306412,normal,sw-wk2,0.16863869168636747,0.41093483900746475,4.466220044662201,5.999400059994,5095.490450954904,27402.126454021265,0,0,0,0,0,0,{}
1774306422,normal,k3s-wk1,0.28099999999992886,0.7466792120119488,200.46666666666667,185.86666666666667,32852.833333333336,9094.766666666666,0,18,2,0,19,0,"{""process_kprobe"": 19, ""process_exit"": 18, ""process_exec"": 18}"
1774306422,normal,sw-wk3,0.08833333333338189,0.42568206099504413,0.0,0.0,2659.133333333333,5071.3,0,0,0,0,0,0,{}
1774306422,normal,sw-wk2,0.16863869168636747,0.41093483900746475,4.466220044662201,5.9994000599940005,5095.490450954904,27402.126454021265,0,0,0,0,0,0,{}
1774306432,normal,k3s-wk1,0.27388888888890495,0.7479622586885288,196.6,181.26666666666665,9052.666666666668,1342.6,0,13,2,0,11,0,"{""process_kprobe"": 11, ""process_exit"": 13, ""process_exec"": 13}"
1774306432,normal,sw-wk3,0.08833333333338189,0.42568206099504413,0.0,0.0,2659.133333333333,5071.3,0,1,1,0,0,0,"{""process_exit"": 1, ""process_exec"": 1}"
1774306432,normal,sw-wk2,0.16863869168636747,0.41093483900746475,4.466220044662201,5.9994000599940005,5095.490450954904,27402.126454021265,0,0,0,0,0,0,{}
1774306442,normal,k3s-wk1,0.27388888888890506,0.7479622586885288,196.6,181.26666666666665,9052.666666666666,1342.6,0,33,3,0,31,0,"{""process_exit"": 33, ""process_exec"": 33, ""process_kprobe"": 31}"
1774306442,normal,sw-wk3,0.08833333333338189,0.42568206099504413,0.0,0.0,2659.133333333333,5071.3,0,0,0,0,0,0,{}
1774306442,normal,sw-wk2,0.0753519796424994,0.41228174887392766,0.0,0.0,505.7172383905057,3862.486248624862,0,0,0,0,0,0,{}
1774306452,normal,k3s-wk1,0.27388888888890506,0.7479622586885288,196.6,181.26666666666665,9052.666666666666,1342.6,0,39,3,0,35,0,"{""process_exit"": 39, ""process_exec"": 39, ""process_kprobe"": 35}"
1774306452,normal,sw-wk3,0.0888888888888889,0.4261655170492866,0.0,0.0,2013.3999999999999,5220.666666666667,0,10,7,2,0,0,"{""process_exec"": 10, ""process_exit"": 8}"
1774306452,normal,sw-wk2,0.0753519796424994,0.41228174887392766,0.0,0.0,505.7172383905057,3862.486248624862,0,106,7,0,0,0,"{""process_exec"": 106, ""process_exit"": 106}"
1774306462,normal,k3s-wk1,0.30755985113590245,0.7422286849758524,194.43426095650725,179.23679386768873,34965.13914347609,12201.566405599067,0,13,2,0,10,0,"{""process_exit"": 13, ""process_exec"": 13, ""process_kprobe"": 10}"
1774306462,normal,sw-wk3,0.0888888888888889,0.4261655170492866,0.0,0.0,2013.3999999999999,5220.666666666667,0,8,5,2,0,0,"{""process_exit"": 8, ""process_exec"": 8}"
1774306462,normal,sw-wk2,0.0753519796424994,0.41228174887392766,0.0,0.0,505.7172383905057,3862.486248624862,0,0,0,0,0,0,{}
1774306472,normal,k3s-wk1,0.30755985113590245,0.7422286849758524,194.43426095650725,179.23679386768873,34965.13914347609,12201.566405599067,0,16,2,0,11,0,"{""process_exit"": 16, ""process_exec"": 16, ""process_kprobe"": 11}"
1774306472,normal,sw-wk3,0.0888888888888889,0.4261655170492866,0.0,0.0,2013.3999999999999,5220.666666666667,0,11,8,2,3,0,"{""process_exit"": 13, ""process_exec"": 11, ""process_kprobe"": 3}"
1774306472,normal,sw-wk2,0.1503333333332395,0.41098059813143617,0.0,0.0,5597.933333333333,27395.399999999998,0,0,0,0,0,0,{}
1774306482,normal,k3s-wk1,0.30755985113590245,0.7422286849758524,194.43426095650725,179.23679386768873,34965.13914347609,12201.566405599067,0,36,3,0,36,0,"{""process_kprobe"": 36, ""process_exit"": 36, ""process_exec"": 36}"
1774306482,normal,sw-wk3,0.12811111111109807,0.42645399905696224,2.1333333333333333,16.8,5552.3,10810.933333333332,0,0,0,0,1,0,"{""process_kprobe"": 1}"
1774306482,normal,sw-wk2,0.1503333333332395,0.41098059813143617,0.0,0.0,5597.933333333333,27395.399999999998,0,0,0,0,0,0,{}
1774306492,normal,k3s-wk1,0.27421236872814736,0.7426997933965864,194.49908318053008,179.29654942490413,12323.153858976495,1375.995999333222,0,15,2,0,12,0,"{""process_exit"": 15, ""process_exec"": 15, ""process_kprobe"": 12}"
1774306492,normal,sw-wk3,0.12811111111109819,0.42645399905696224,2.1333333333333333,16.8,5552.3,10810.933333333332,0,1,1,0,2,0,"{""process_kprobe"": 2, ""process_exit"": 1, ""process_exec"": 1}"
1774306492,normal,sw-wk2,0.1503333333332395,0.41098059813143617,0.0,0.0,5597.933333333333,27395.399999999998,0,0,0,0,0,0,{}
1774306502,normal,k3s-wk1,0.27421236872814736,0.7426997933965864,194.49908318053008,179.29654942490413,12323.153858976495,1375.995999333222,0,13,2,0,9,0,"{""process_exit"": 13, ""process_exec"": 13, ""process_kprobe"": 9}"
1774306502,normal,sw-wk3,0.12811111111109819,0.42645399905696224,2.1333333333333333,16.8,5552.3,10810.933333333332,0,0,0,0,1,0,"{""process_kprobe"": 1}"
1774306502,normal,sw-wk2,0.07522222222226749,0.411891801556606,0.0,0.0,1529.8666666666666,3924.4333333333334,0,0,0,0,0,0,{}
1774306512,normal,k3s-wk1,0.27421236872814736,0.7426997933965864,194.49908318053008,179.29654942490413,12323.153858976495,1375.995999333222,0,12,2,0,11,0,"{""process_kprobe"": 11, ""process_exit"": 12, ""process_exec"": 12}"
1774306512,normal,sw-wk3,0.09477777777784568,0.4267325334092008,12.133333333333333,21.733333333333334,2609.7,6197.433333333333,0,1,1,0,1,0,"{""process_exit"": 1, ""process_exec"": 1, ""process_kprobe"": 1}"
1774306512,normal,sw-wk2,0.07522222222226749,0.411891801556606,0.0,0.0,1529.8666666666666,3924.4333333333334,0,2,2,0,0,0,"{""process_exec"": 2}"
1774306522,normal,k3s-wk1,0.26922222222217684,0.7461344106538932,191.6,176.40000000000003,10649.633333333333,5923.866666666667,0,36,3,0,33,0,"{""process_exit"": 36, ""process_exec"": 36, ""process_kprobe"": 33}"
1774306522,normal,sw-wk3,0.09477777777784568,0.4267325334092008,12.133333333333333,21.733333333333334,2609.7,6197.433333333333,0,0,0,0,1,0,"{""process_kprobe"": 1}"
1774306522,normal,sw-wk2,0.07522222222226749,0.411891801556606,0.0,0.0,1529.8666666666666,3924.4333333333334,0,104,5,0,0,0,"{""process_exit"": 106, ""process_exec"": 104}"
1774306532,normal,k3s-wk1,0.26922222222217695,0.7461344106538932,191.6,176.4,10649.633333333333,5923.866666666667,0,13,2,0,12,0,"{""process_exit"": 13, ""process_exec"": 13, ""process_kprobe"": 12}"
1774306532,normal,sw-wk3,0.09477777777784568,0.4267325334092008,12.133333333333333,21.733333333333334,2609.7,6197.433333333333,0,0,0,0,1,0,"{""process_kprobe"": 1}"
1774306532,normal,sw-wk2,0.14577777777780687,0.4127055181524455,0.0,0.0,5169.333333333333,27559.63333333333,0,0,0,0,0,0,{}
1774306542,normal,k3s-wk1,0.26922222222217695,0.7461344106538932,191.6,176.4,10649.633333333333,5923.866666666667,0,12,2,0,13,0,"{""process_kprobe"": 13, ""process_exit"": 12, ""process_exec"": 12}"
1774306542,normal,sw-wk3,0.09633333333331395,0.42683399949465906,8.133333333333333,16.8,4133.466666666666,5762.9,0,0,0,0,1,0,"{""process_kprobe"": 1}"
1774306542,normal,sw-wk2,0.14577777777780687,0.4127055181524455,0.0,0.0,5169.333333333333,27559.63333333333,0,0,0,0,0,0,{}
1774306552,normal,k3s-wk1,0.28011111111118225,0.7466989511915885,194.46666666666667,179.26666666666665,32757.0,7898.233333333334,0,36,3,0,32,0,"{""process_kprobe"": 32, ""process_exit"": 36, ""process_exec"": 36}"
1774306552,normal,sw-wk3,0.09633333333331395,0.42683399949465906,8.133333333333333,16.8,4133.466666666666,5762.9,0,1,1,0,1,0,"{""process_kprobe"": 1, ""process_exit"": 1, ""process_exec"": 1}"
1774306552,normal,sw-wk2,0.14577777777780687,0.4127055181524455,0.0,0.0,5169.333333333333,27559.63333333333,0,0,0,0,0,0,{}
1774306562,normal,k3s-wk1,0.28011111111118225,0.7466989511915885,194.46666666666667,179.26666666666665,32757.0,7898.233333333334,0,39,3,0,32,0,"{""process_exit"": 39, ""process_exec"": 39, ""process_kprobe"": 32}"
1774306562,normal,sw-wk3,0.09633333333331395,0.42683399949465906,8.133333333333333,16.8,4133.466666666666,5762.9,0,0,0,0,0,0,{}
1774306562,normal,sw-wk2,0.07575909075756504,0.4137480303681421,0.0,0.0,994.1672499416725,3827.350598273506,0,0,0,0,0,0,{}
1774306572,normal,k3s-wk1,0.28011111111118225,0.7466989511915885,194.46666666666667,179.26666666666665,32757.0,7898.233333333334,0,39,3,0,35,0,"{""process_kprobe"": 35, ""process_exit"": 39, ""process_exec"": 39}"
1774306572,normal,sw-wk3,0.10677777777770336,0.4266469835724418,6.0,12.333333333333334,3599.3333333333335,6297.2,0,1,1,0,1,0,"{""process_kprobe"": 1, ""process_exit"": 1, ""process_exec"": 1}"
1774306572,normal,sw-wk2,0.07575909075756504,0.4137480303681421,0.0,0.0,994.1672499416725,3827.350598273506,0,2,2,0,0,0,"{""process_exec"": 2}"
1774306582,normal,k3s-wk1,0.2901111111110368,0.7466989511915885,194.46666666666667,179.26666666666665,10574.833333333334,5927.8,0,34,3,0,30,0,"{""process_kprobe"": 30, ""process_exit"": 34, ""process_exec"": 34}"
1774306582,normal,sw-wk3,0.10677777777770336,0.4266469835724418,6.0,12.333333333333334,3599.3333333333335,6297.2,0,0,0,0,1,0,"{""process_kprobe"": 1, ""process_exit"": 2}"
1774306582,normal,sw-wk2,0.07575909075756504,0.4137480303681421,0.0,0.0,994.1672499416725,3827.350598273506,0,104,5,0,0,0,"{""process_exit"": 106, ""process_exec"": 104}"
1774306592,normal,k3s-wk1,0.2901111111110368,0.7466989511915885,194.46666666666667,179.26666666666665,10574.833333333334,5927.8,0,82,3,0,77,0,"{""process_exit"": 82, ""process_exec"": 82, ""process_kprobe"": 77}"
1774306592,normal,sw-wk3,0.10677777777770336,0.4266469835724418,6.0,12.333333333333334,3599.3333333333335,6297.2,0,0,0,0,0,0,{}
1774306592,normal,sw-wk2,0.15547110266574127,0.41203902656416624,0.0,0.0,5455.345534553455,27531.58649198253,0,0,0,0,0,0,{}
1774306602,normal,k3s-wk1,0.2901111111110368,0.7466989511915885,194.46666666666667,179.26666666666665,10574.833333333334,5927.8,0,9,2,0,9,0,"{""process_kprobe"": 9, ""process_exit"": 9, ""process_exec"": 9}"
1774306602,normal,sw-wk3,0.12266666666667636,0.42634258531606684,6.133333333333333,9.4,4847.833333333333,5624.6,0,0,0,0,0,0,{}
1774306602,normal,sw-wk2,0.15547110266574127,0.41203902656416624,0.0,0.0,5455.345534553455,27531.58649198253,0,0,0,0,0,0,{}
1774306612,normal,k3s-wk1,0.30155555555562996,0.7471871669013436,194.46666666666667,179.2666666666667,32526.666666666668,8708.9,0,15,2,0,13,0,"{""process_exit"": 16, ""process_exec"": 15, ""process_kprobe"": 13}"
1774306612,normal,sw-wk3,0.12266666666667636,0.42634258531606684,6.133333333333333,9.4,4847.833333333333,5624.6,0,0,0,0,0,0,{}
1774306612,normal,sw-wk2,0.15547110266574127,0.41203902656416624,0.0,0.0,5455.345534553455,27531.58649198253,0,0,0,0,0,0,{}
1774306622,normal,k3s-wk1,0.30155555555562996,0.7471871669013436,194.46666666666667,179.26666666666665,32526.666666666668,8708.9,0,60,3,0,54,0,"{""process_exit"": 60, ""process_exec"": 60, ""process_kprobe"": 54}"
1774306622,normal,sw-wk3,0.12266666666667636,0.42634258531606684,6.133333333333333,9.4,4847.833333333333,5624.6,0,1,1,0,0,0,"{""process_exit"": 1, ""process_exec"": 1}"
1774306622,normal,sw-wk2,0.07938729492266339,0.41407033376307123,0.0,0.0,364.75723949481824,3750.24159418841,0,0,0,0,0,0,{}
1774306632,normal,k3s-wk1,0.30155555555562996,0.7471871669013436,194.46666666666667,179.26666666666665,32526.666666666668,8708.9,0,39,3,0,34,0,"{""process_exit"": 39, ""process_exec"": 39, ""process_kprobe"": 34}"
1774306632,normal,sw-wk3,0.09333333333334926,0.42633064812954236,2.0,0.0,2874.833333333334,5422.1,0,0,0,0,0,0,{}
1774306632,normal,sw-wk2,0.07938729492266339,0.41407033376307123,0.0,0.0,364.75723949481824,3750.24159418841,0,10,5,0,0,0,"{""process_exec"": 10, ""process_exit"": 8}"
1774306642,normal,k3s-wk1,0.2907777777777585,0.7483136160861155,198.93333333333334,185.26666666666665,33098.933333333334,7473.866666666668,0,15,2,0,12,0,"{""process_kprobe"": 12, ""process_exit"": 15, ""process_exec"": 15}"
1774306642,normal,sw-wk3,0.09333333333334959,0.42633064812954236,2.0,0.0,2874.8333333333335,5422.1,0,1,1,0,0,0,"{""process_exit"": 1, ""process_exec"": 1}"
1774306642,normal,sw-wk2,0.07938729492266339,0.41407033376307123,0.0,0.0,364.75723949481824,3750.24159418841,0,96,3,0,0,0,"{""process_exit"": 98, ""process_exec"": 96}"
1774306652,normal,k3s-wk1,0.2907777777777585,0.7483136160861155,198.93333333333334,185.26666666666665,33098.933333333334,7473.866666666667,0,58,3,0,53,0,"{""process_kprobe"": 53, ""process_exit"": 58, ""process_exec"": 58}"
1774306652,normal,sw-wk3,0.09333333333334959,0.42633064812954236,2.0,0.0,2874.8333333333335,5422.1,0,0,0,0,0,0,{}
1774306652,normal,sw-wk2,0.14329854511907192,0.4122698117111525,0.0,0.0,5539.295121869894,27597.279183755123,0,0,0,0,0,0,{}
1774306662,normal,k3s-wk1,0.2907777777777585,0.7483136160861155,198.93333333333334,185.26666666666665,33098.933333333334,7473.866666666667,0,60,3,0,57,0,"{""process_kprobe"": 57, ""process_exit"": 60, ""process_exec"": 60}"
1774306662,normal,sw-wk3,0.08733333333333981,0.42655944420459546,4.466666666666667,6.0,2608.5666666666666,5233.1,0,0,0,0,0,0,{}
1774306662,normal,sw-wk2,0.14329854511907192,0.4122698117111525,0.0,0.0,5539.295121869894,27597.279183755123,0,0,0,0,0,0,{}
1774306672,normal,k3s-wk1,0.3222222222222223,0.7515060994065087,194.46666666666667,179.26666666666665,8849.866666666667,3799.3333333333335,0,33,3,0,30,0,"{""process_kprobe"": 30, ""process_exit"": 33, ""process_exec"": 33}"
1774306672,normal,sw-wk3,0.08733333333333981,0.42655944420459546,4.466666666666667,6.0,2608.5666666666666,5233.1,0,1,1,0,0,0,"{""process_exit"": 1, ""process_exec"": 1}"
1774306672,normal,sw-wk2,0.14329854511907192,0.4122698117111525,0.0,0.0,5539.295121869894,27597.279183755123,0,0,0,0,0,0,{}
1774306682,normal,k3s-wk1,0.3222222222222223,0.7515060994065087,194.46666666666667,179.26666666666665,8849.866666666667,3799.3333333333335,0,78,3,0,71,0,"{""process_exit"": 78, ""process_exec"": 78, ""process_kprobe"": 71}"
1774306682,normal,sw-wk3,0.08733333333333981,0.42655944420459546,4.466666666666667,6.0,2608.5666666666666,5233.1,0,0,0,0,0,0,{}
1774306682,normal,sw-wk2,0.07577777777777461,0.41494970475417403,0.0,0.0,460.30000000000007,3827.633333333333,0,0,0,0,0,0,{}
1774306692,normal,k3s-wk1,0.3222222222222223,0.7515060994065087,194.46666666666667,179.26666666666665,8849.866666666667,3799.3333333333335,0,13,2,0,11,0,"{""process_kprobe"": 11, ""process_exit"": 13, ""process_exec"": 13}"
1774306692,normal,sw-wk3,0.09033333333338511,0.42667085794549087,0.0,0.0,2028.6333333333332,5476.2,0,1,1,0,0,0,"{""process_exit"": 1, ""process_exec"": 1}"
1774306692,normal,sw-wk2,0.07577777777777461,0.41494970475417403,0.0,0.0,460.3,3827.633333333333,0,2,2,0,0,0,"{""process_exec"": 2}"
1774306702,normal,k3s-wk1,0.27944444444437977,0.7420694555934255,194.46666666666667,179.26666666666665,9955.5,4237.166666666667,0,57,3,0,53,0,"{""process_kprobe"": 53, ""process_exit"": 57, ""process_exec"": 57}"
1774306702,normal,sw-wk3,0.09033333333338511,0.42667085794549087,0.0,0.0,2028.6333333333332,5476.2,0,0,0,0,0,0,{}
1774306702,normal,sw-wk2,0.07577777777777461,0.41494970475417403,0.0,0.0,460.3,3827.633333333333,0,104,5,0,0,0,"{""process_exit"": 106, ""process_exec"": 104}"
1774306712,normal,k3s-wk1,0.27944444444437977,0.7420694555934255,194.46666666666667,179.26666666666665,9955.5,4237.166666666667,0,15,2,0,16,0,"{""process_exit"": 15, ""process_exec"": 15, ""process_kprobe"": 16}"
1774306712,normal,sw-wk3,0.09033333333338511,0.42667085794549087,0.0,0.0,2028.6333333333332,5476.2,0,1,1,0,0,0,"{""process_exit"": 1, ""process_exec"": 1}"
1774306712,normal,sw-wk2,0.14577777777780687,0.4087045790956405,0.0,0.0,5143.966666666666,27550.466666666667,0,0,0,0,0,0,{}
1774306722,normal,k3s-wk1,0.27944444444437977,0.7420694555934255,194.46666666666667,179.26666666666665,9955.5,4237.166666666667,0,12,2,0,10,0,"{""process_exit"": 12, ""process_exec"": 12, ""process_kprobe"": 10}"
1774306722,normal,sw-wk3,0.08877777777783591,0.4269036330827187,0.0,0.0,2591.9666666666667,5246.8,0,0,0,0,0,0,{}
1774306722,normal,sw-wk2,0.14577777777780687,0.4087045790956405,0.0,0.0,5143.966666666666,27550.466666666667,0,0,0,0,0,0,{}
1774306732,normal,k3s-wk1,0.3024444444444574,0.7403258280585858,194.46666666666667,179.26666666666665,32217.63333333333,6129.866666666667,0,33,3,0,30,0,"{""process_kprobe"": 30, ""process_exit"": 33, ""process_exec"": 33}"
1774306732,normal,sw-wk3,0.08877777777783591,0.4269036330827187,0.0,0.0,2591.9666666666667,5246.8,0,0,0,0,0,0,{}
1774306732,normal,sw-wk2,0.14577777777780687,0.4087045790956405,0.0,0.0,5143.966666666666,27550.466666666667,0,0,0,0,0,0,{}
1774306743,normal,k3s-wk1,0.3024444444444574,0.7403258280585858,194.46666666666667,179.26666666666665,32217.63333333333,6129.866666666667,0,37,3,0,30,0,"{""process_exit"": 37, ""process_exec"": 37, ""process_kprobe"": 30}"
1774306743,normal,sw-wk3,0.08877777777783591,0.4269036330827187,0.0,0.0,2591.9666666666667,5246.8,0,0,0,0,0,0,{}
1774306743,normal,sw-wk2,0.1067799433616492,0.415094940234605,0.0,0.0,2084.9242045643846,4216.3584874229555,0,1,1,0,0,0,"{""process_exec"": 1}"
1774306753,normal,k3s-wk1,0.3024444444444574,0.7403258280585858,194.46666666666667,179.26666666666665,32217.63333333333,6129.866666666667,0,30,3,0,29,0,"{""process_exit"": 30, ""process_exec"": 30, ""process_kprobe"": 29}"
1774306753,normal,sw-wk3,0.10333333333328465,0.42738708913696133,5.133333333333333,5.000000000000001,3885.9666666666667,5222.266666666666,0,0,0,0,0,0,{}
1774306753,normal,sw-wk2,0.1067799433616492,0.415094940234605,0.0,0.0,2084.9242045643846,4216.3584874229555,0,106,7,0,0,0,"{""process_exec"": 106, ""process_exit"": 106}"
1774306762,normal,k3s-wk1,0.32573409325731517,0.7355515784763985,194.44722194447223,179.24874179248744,33239.1094223911,12299.4700529947,0,33,3,0,30,0,"{""process_exit"": 33, ""process_exec"": 33, ""process_kprobe"": 30}"
1774306762,normal,sw-wk3,0.10333333333328487,0.42738708913696133,5.133333333333333,5.0,3885.9666666666667,5222.266666666666,0,1,1,0,0,0,"{""process_exit"": 1, ""process_exec"": 1}"
1774306762,normal,sw-wk2,0.1067799433616492,0.415094940234605,0.0,0.0,2084.9242045643846,4216.3584874229555,0,0,0,0,0,0,{}
1774306772,normal,k3s-wk1,0.32573409325731506,0.7355515784763985,194.44722194447223,179.24874179248744,33239.1094223911,12299.4700529947,0,12,2,0,13,0,"{""process_exit"": 12, ""process_exec"": 12, ""process_kprobe"": 13}"
1774306772,normal,sw-wk3,0.10333333333328487,0.42738708913696133,5.133333333333333,5.0,3885.9666666666667,5222.266666666666,0,0,0,0,0,0,{}
1774306772,normal,sw-wk2,0.14757378689344336,0.47847530598927246,0.0,0.0,5070.468567617143,27687.610471902615,0,0,0,0,0,0,{}
1774306782,normal,k3s-wk1,0.32573409325731506,0.7355515784763985,194.44722194447223,179.24874179248744,33239.1094223911,12299.4700529947,0,37,3,0,33,0,"{""process_exit"": 37, ""process_exec"": 37, ""process_kprobe"": 33}"
1774306782,normal,sw-wk3,0.09011111111103676,0.42748059709806996,0.0,0.0,2624.0333333333338,5247.833333333333,0,0,0,0,0,0,{}
1774306782,normal,sw-wk2,0.14757378689344336,0.47847530598927246,0.0,0.0,5070.468567617143,27687.610471902623,0,0,0,0,0,0,{}
1774306792,normal,k3s-wk1,0.27081597048598927,0.7361819162795594,194.4861152781945,179.28459512617928,9233.590025669233,1258.9258925892589,0,12,2,0,11,0,"{""process_kprobe"": 11, ""process_exit"": 12, ""process_exec"": 12}"
1774306792,normal,sw-wk3,0.09011111111103676,0.42748059709806996,0.0,0.0,2624.0333333333333,5247.833333333333,0,0,0,0,0,0,{}
1774306792,normal,sw-wk2,0.14757378689344336,0.47847530598927246,0.0,0.0,5070.468567617143,27687.610471902623,0,0,0,0,0,0,{}
1774306803,normal,k3s-wk1,0.27081597048598927,0.7361819162795594,194.4861152781945,179.28459512617928,9233.590025669233,1258.9258925892589,0,37,3,0,32,0,"{""process_exit"": 37, ""process_exec"": 37, ""process_kprobe"": 32}"
1774306803,normal,sw-wk3,0.09011111111103676,0.42748059709806996,0.0,0.0,2624.0333333333333,5247.833333333333,0,1,1,0,0,0,"{""process_exit"": 1, ""process_exec"": 1}"
1774306803,normal,sw-wk2,0.07833333333336567,0.5364521160610546,5.133333333333333,5.0,447.59999999999997,4074.1666666666665,0,0,0,0,0,0,{}
1774306813,normal,k3s-wk1,0.27081597048598927,0.7361819162795594,194.4861152781945,179.28459512617928,9233.590025669233,1258.9258925892589,0,30,3,0,28,0,"{""process_exit"": 30, ""process_exec"": 30, ""process_kprobe"": 28}"
1774306813,normal,sw-wk3,0.11109631454541002,0.4275999689633151,0.0,0.0,2835.136664780104,5259.346805606419,0,0,0,0,0,0,{}
1774306813,normal,sw-wk2,0.07833333333336567,0.5364521160610546,5.133333333333333,5.0,447.59999999999997,4074.1666666666665,0,106,7,0,0,0,"{""process_exec"": 106, ""process_exit"": 106}"
1774306823,normal,k3s-wk1,0.39354572636354557,0.7480872734929136,180.45159294772657,166.34704608722546,31696.690380451593,9989.545313949891,0,99,3,0,92,0,"{""process_exit"": 99, ""process_exec"": 99, ""process_kprobe"": 92}"
1774306823,normal,sw-wk3,0.11109631454541002,0.4275999689633151,0.0,0.0,2835.1366647801046,5259.346805606419,0,0,0,0,0,0,{}
1774306823,normal,sw-wk2,0.07833333333336567,0.5364521160610546,5.133333333333333,5.0,447.59999999999997,4074.1666666666665,0,0,0,0,0,0,{}
1774306833,normal,k3s-wk1,0.39354572636354557,0.7480872734929136,180.45159294772657,166.3470460872255,31696.690380451593,9989.545313949891,0,12,2,0,9,0,"{""process_exit"": 12, ""process_exec"": 12, ""process_kprobe"": 9}"
1774306833,normal,sw-wk3,0.11109631454541002,0.4275999689633151,0.0,0.0,2835.1366647801046,5259.346805606419,0,0,0,0,0,0,{}
1774306833,normal,sw-wk2,0.16844444444448325,0.5937604450174283,0.0,0.0,6340.8,27886.266666666666,0,0,0,0,0,0,{}
1774306843,normal,k3s-wk1,0.39354572636354557,0.7480872734929136,180.45159294772657,166.3470460872255,31696.690380451593,9989.545313949891,0,36,3,0,36,0,"{""process_kprobe"": 36, ""process_exit"": 36, ""process_exec"": 36}"
1774306843,normal,sw-wk3,0.11524213196276689,0.4273990263234858,0.0,0.0,2294.1961752828493,4960.8850916129895,0,0,0,0,0,0,{}
1774306843,normal,sw-wk2,0.16844444444448325,0.5937604450174283,0.0,0.0,6340.8,27886.266666666666,0,0,0,0,0,0,{}
1774306853,normal,k3s-wk1,0.3503192386459427,0.7541090392283296,215.68485724611492,200.86736537766532,8896.313697144922,3151.7889410914345,0,13,2,0,10,0,"{""process_exit"": 13, ""process_exec"": 13, ""process_kprobe"": 10}"
1774306853,normal,sw-wk3,0.11524213196276689,0.4273990263234858,0.0,0.0,2294.1961752828493,4960.8850916129895,0,1,1,0,0,0,"{""process_exit"": 1, ""process_exec"": 1}"
1774306853,normal,sw-wk2,0.16844444444448325,0.5937604450174283,0.0,0.0,6340.8,27886.266666666666,0,0,0,0,0,0,{}
1774306863,normal,k3s-wk1,0.3503192386459427,0.7541090392283296,215.68485724611492,200.86736537766532,8896.313697144922,3151.7889410914345,0,36,3,0,31,0,"{""process_exit"": 36, ""process_exec"": 36, ""process_kprobe"": 31}"
1774306863,normal,sw-wk3,0.11524213196276689,0.4273990263234858,0.0,0.0,2294.1961752828493,4960.8850916129895,0,0,0,0,0,0,{}
1774306863,normal,sw-wk2,0.09199999999998709,0.6512319151983956,4.466666666666667,6.0,643.1,4012.9,0,3,3,0,0,0,"{""process_exit"": 1, ""process_exec"": 3}"
1774306873,normal,k3s-wk1,0.3503192386459427,0.7541090392283296,215.68485724611492,200.86736537766532,8896.313697144922,3151.7889410914345,0,18,2,0,15,0,"{""process_exit"": 18, ""process_exec"": 18, ""process_kprobe"": 15}"
1774306873,normal,sw-wk3,0.12788888888891148,0.42749850287785673,0.0,0.0,4602.866666666667,5574.166666666667,0,0,0,0,0,0,{}
1774306873,normal,sw-wk2,0.09199999999998709,0.6512319151983956,4.466666666666667,6.0,643.1,4012.9,0,0,0,0,0,0,{}
1774306883,normal,k3s-wk1,0.2995555555555458,0.7440973273150768,194.46666666666667,179.26666666666665,10593.500000000002,8589.366666666667,0,12,2,0,11,0,"{""process_exit"": 12, ""process_exec"": 12, ""process_kprobe"": 11}"
1774306883,normal,sw-wk3,0.12788888888891148,0.42749850287785673,0.0,0.0,4602.866666666667,5574.166666666667,0,0,0,0,0,0,{}
1774306883,normal,sw-wk2,0.09199999999998709,0.6512319151983956,4.466666666666667,6.0,643.1,4012.9,0,104,5,0,0,0,"{""process_exit"": 106, ""process_exec"": 104}"
1774306893,normal,k3s-wk1,0.2995555555555458,0.7440973273150768,194.46666666666667,179.26666666666665,10593.5,8589.366666666667,0,15,2,0,12,0,"{""process_exit"": 15, ""process_exec"": 15, ""process_kprobe"": 12}"
1774306893,normal,sw-wk3,0.12788888888891148,0.42749850287785673,0.0,0.0,4602.866666666667,5574.166666666667,0,0,0,0,0,0,{}
1774306893,normal,sw-wk2,0.33466666666661504,0.4455685272724379,0.0,0.0,7686.033333333333,28297.066666666666,0,0,0,0,0,0,{}
1774306903,normal,k3s-wk1,0.2995555555555458,0.7440973273150768,194.46666666666667,179.26666666666665,10593.5,8589.366666666667,0,37,3,0,37,0,"{""process_kprobe"": 37, ""process_exit"": 37, ""process_exec"": 37}"
1774306903,normal,sw-wk3,0.10944444444442825,0.42811923657713113,0.0,0.0,3490.7,5160.333333333334,0,1,1,0,0,0,"{""process_exit"": 1, ""process_exec"": 1}"
1774306903,normal,sw-wk2,0.33466666666661504,0.4455685272724379,0.0,0.0,7686.033333333333,28297.066666666666,0,0,0,0,0,0,"{""process_exit"": 1}"
1774306913,normal,k3s-wk1,0.2938483929384289,0.745119816820413,402.626404026264,276.67233276672334,32751.02489751025,8840.282638402827,0,33,3,0,30,0,"{""process_kprobe"": 30, ""process_exit"": 34, ""process_exec"": 33}"
1774306913,normal,sw-wk3,0.10944444444442825,0.42811923657713113,0.0,0.0,3490.7,5160.333333333333,0,0,0,0,0,0,{}
1774306913,normal,sw-wk2,0.33466666666661504,0.4455685272724379,0.0,0.0,7686.033333333333,28297.066666666666,0,0,0,0,0,0,{}
1774306923,normal,k3s-wk1,0.2938483929384289,0.745119816820413,402.626404026264,276.67233276672334,32751.02489751025,8840.282638402827,0,15,2,0,10,0,"{""process_exit"": 15, ""process_exec"": 15, ""process_kprobe"": 10}"
1774306923,normal,sw-wk3,0.10944444444442825,0.42811923657713113,0.0,0.0,3490.7,5160.333333333333,0,0,0,0,0,0,{}
1774306923,normal,sw-wk2,0.1627777777777939,0.41052698594598036,0.0,0.0,2384.0,4211.333333333333,0,2,2,0,0,0,"{""process_exec"": 2}"
1774306933,normal,k3s-wk1,0.2938483929384289,0.745119816820413,402.626404026264,276.67233276672334,32751.02489751025,8840.282638402827,0,37,3,0,33,0,"{""process_exit"": 37, ""process_exec"": 37, ""process_kprobe"": 33}"
1774306933,normal,sw-wk3,0.13022222222223512,0.42844154061329287,0.0,0.0,2920.9666666666667,5296.966666666666,0,0,0,0,0,0,{}
1774306933,normal,sw-wk2,0.1627777777777939,0.41052698594598036,0.0,0.0,2384.0,4211.333333333333,0,0,0,0,0,0,{}
1774306943,normal,k3s-wk1,0.2791501372360785,0.7265570922872445,196.4529786311965,181.28479514618127,22259.42594259426,5384.171750508384,0,39,3,0,34,0,"{""process_kprobe"": 34, ""process_exit"": 39, ""process_exec"": 39}"
1774306943,normal,sw-wk3,0.13022222222223512,0.42844154061329287,0.0,0.0,2920.9666666666667,5296.966666666666,0,1,1,0,0,0,"{""process_exit"": 1, ""process_exec"": 1}"
1774306943,normal,sw-wk2,0.1627777777777939,0.41052698594598036,0.0,0.0,2384.0,4211.333333333333,0,104,5,0,0,0,"{""process_exit"": 106, ""process_exec"": 104}"
1774306953,normal,k3s-wk1,0.2791501372360785,0.7265570922872445,196.45297863119643,181.28479514618127,22259.42594259426,5384.171750508384,0,34,3,0,30,0,"{""process_exit"": 34, ""process_exec"": 34, ""process_kprobe"": 30}"
1774306953,normal,sw-wk3,0.13022222222223512,0.42844154061329287,0.0,0.0,2920.9666666666667,5296.966666666666,0,0,0,0,0,0,{}
1774306953,normal,sw-wk2,0.15188888888895036,0.40943672507918316,0.0,0.0,5539.366666666667,27538.8,0,0,0,0,0,0,{}
1774306963,normal,k3s-wk1,0.2791501372360785,0.7265570922872445,196.45297863119643,181.28479514618127,22259.42594259426,5384.171750508384,0,19,2,0,18,0,"{""process_kprobe"": 18, ""process_exit"": 19, ""process_exec"": 19}"
1774306963,normal,sw-wk3,0.10511111111110139,0.42841965577133123,0.0,0.0,3233.9666666666667,5285.166666666667,0,0,0,0,0,0,{}
1774306963,normal,sw-wk2,0.15188888888895036,0.40943672507918316,0.0,0.0,5539.366666666667,27538.8,0,0,0,0,0,0,{}
1774306973,normal,k3s-wk1,0.2917777777777196,0.7265676198497191,196.46666666666667,181.26666666666665,19410.166666666668,5907.9,0,57,3,0,53,0,"{""process_exit"": 57, ""process_exec"": 57, ""process_kprobe"": 53}"
1774306973,normal,sw-wk3,0.10511111111110139,0.42841965577133123,0.0,0.0,3233.9666666666667,5285.166666666667,0,0,0,0,0,0,{}
1774306973,normal,sw-wk2,0.15188888888895036,0.40943672507918316,0.0,0.0,5539.366666666667,27538.8,0,0,0,0,0,0,{}
1774306983,normal,k3s-wk1,0.2917777777777196,0.7265676198497191,196.46666666666667,181.26666666666665,19410.166666666668,5907.9,0,39,3,0,35,0,"{""process_exit"": 39, ""process_exec"": 39, ""process_kprobe"": 35}"
1774306983,normal,sw-wk3,0.10511111111110139,0.42841965577133123,0.0,0.0,3233.9666666666667,5285.166666666667,0,1,1,0,0,0,"{""process_exit"": 1, ""process_exec"": 1}"
1774306983,normal,sw-wk2,0.2767389927673254,0.40882395072339206,0.0,0.0,381.5285138152851,3775.989067759891,0,2,2,0,0,0,"{""process_exec"": 2}"
1774306993,normal,k3s-wk1,0.2917777777777196,0.7265676198497191,196.46666666666667,181.26666666666665,19410.166666666668,5907.9,0,15,2,0,12,0,"{""process_kprobe"": 12, ""process_exit"": 15, ""process_exec"": 15}"
1774306993,normal,sw-wk3,0.10788888888887926,0.4284097081158942,4.466666666666667,6.000000000000001,2078.366666666667,5267.266666666666,0,0,0,0,0,0,{}
1774306993,normal,sw-wk2,0.2767389927673253,0.40882395072339206,0.0,0.0,381.5285138152851,3775.989067759891,0,104,5,0,0,0,"{""process_exit"": 106, ""process_exec"": 104}"
1774307003,normal,k3s-wk1,0.2910000000000258,0.729839059888671,199.73333333333332,185.0,32884.4,7757.8,0,15,2,0,12,0,"{""process_kprobe"": 12, ""process_exit"": 15, ""process_exec"": 15}"
1774307003,normal,sw-wk3,0.10788888888887926,0.4284097081158942,4.466666666666667,6.0,2078.366666666667,5267.266666666666,0,0,0,0,0,0,{}
1774307003,normal,sw-wk2,0.2767389927673253,0.40882395072339206,0.0,0.0,381.5285138152851,3775.989067759891,0,0,0,0,0,0,{}
1774307013,normal,k3s-wk1,0.2910000000000258,0.729839059888671,199.73333333333332,185.0,32884.4,7757.8,0,39,3,0,33,0,"{""process_exit"": 39, ""process_exec"": 39, ""process_kprobe"": 33}"
1774307013,normal,sw-wk3,0.10788888888887926,0.4284097081158942,4.466666666666667,6.0,2078.366666666667,5267.266666666666,0,0,0,0,0,0,{}
1774307013,normal,sw-wk2,0.16580546943583574,0.40828080981712267,0.0,0.0,5177.051038437176,27545.254525452543,0,0,0,0,0,0,{}
1774307023,normal,k3s-wk1,0.2910000000000258,0.729839059888671,199.73333333333332,185.0,32884.4,7757.8,0,79,3,0,76,0,"{""process_kprobe"": 76, ""process_exit"": 79, ""process_exec"": 79}"
1774307023,normal,sw-wk3,0.12144444444444769,0.42796405315231256,0.0,0.0,2794.0,5146.7,0,0,0,0,0,0,{}
1774307023,normal,sw-wk2,0.16580546943583574,0.40828080981712267,0.0,0.0,5177.051038437176,27545.254525452543,0,0,0,0,0,0,{}
1774307033,normal,k3s-wk1,0.2847777777777486,0.7294363806240213,194.46666666666667,179.26666666666665,8237.566666666668,2676.4,0,30,3,0,28,0,"{""process_kprobe"": 28, ""process_exit"": 30, ""process_exec"": 30}"
1774307033,normal,sw-wk3,0.12144444444444769,0.42796405315231256,0.0,0.0,2794.0,5146.7,0,0,0,0,0,0,{}
1774307033,normal,sw-wk2,0.16580546943583574,0.40828080981712267,0.0,0.0,5177.051038437176,27545.254525452543,0,0,0,0,0,0,{}
1774307043,normal,k3s-wk1,0.2847777777777486,0.7294363806240213,194.46666666666667,179.26666666666665,8237.566666666666,2676.4,0,57,3,0,51,0,"{""process_exit"": 57, ""process_exec"": 57, ""process_kprobe"": 51}"
1774307043,normal,sw-wk3,0.12144444444444769,0.42796405315231256,0.0,0.0,2794.0,5146.7,0,1,1,0,0,0,"{""process_exit"": 1, ""process_exec"": 1}"
1774307043,normal,sw-wk2,0.25033333333340124,0.4082788202899935,0.0,0.0,356.5333333333333,1314.5333333333333,0,0,0,0,0,0,{}
1774307053,normal,k3s-wk1,0.2847777777777486,0.7294363806240213,194.46666666666667,179.26666666666665,8237.566666666666,2676.4,0,12,2,0,11,0,"{""process_exit"": 12, ""process_exec"": 12, ""process_kprobe"": 11}"
1774307053,normal,sw-wk3,0.10022222222218657,0.42751839818873094,0.0,0.0,1304.0333333333333,5177.166666666667,0,2,2,0,0,0,"{""process_exec"": 2}"
1774307053,normal,sw-wk2,0.25033333333340124,0.4082788202899935,0.0,0.0,356.5333333333333,1314.5333333333333,0,0,0,0,0,0,{}
1774307063,normal,k3s-wk1,0.27577777777777457,0.7177192035898988,194.46666666666667,179.26666666666665,6261.7,5309.633333333333,0,18,2,0,15,0,"{""process_exit"": 18, ""process_exec"": 18, ""process_kprobe"": 15}"
1774307063,normal,sw-wk3,0.10022222222218657,0.42751839818873094,0.0,0.0,1304.0333333333333,5177.166666666667,0,3,3,0,0,0,"{""process_exit"": 4, ""process_exec"": 3}"
1774307063,normal,sw-wk2,0.25033333333340124,0.4082788202899935,0.0,0.0,356.5333333333333,1314.5333333333333,0,0,0,0,0,0,{}
1774307073,normal,k3s-wk1,0.27577777777777457,0.7177192035898988,194.46666666666667,179.26666666666665,6261.7,5309.633333333333,0,61,3,0,56,0,"{""process_exit"": 61, ""process_exec"": 61, ""process_kprobe"": 56}"
1774307073,normal,sw-wk3,0.10022222222218657,0.42751839818873094,0.0,0.0,1304.0333333333333,5177.166666666667,0,3,2,0,0,0,"{""process_exit"": 3, ""process_exec"": 3}"
1774307073,normal,sw-wk2,0.3338888888888404,0.4082788202899935,0.0,0.0,915.8,575.6333333333333,0,0,0,0,0,0,{}
1774307083,normal,k3s-wk1,0.27577777777777457,0.7177192035898988,194.46666666666667,179.26666666666665,6261.7,5309.633333333333,0,33,3,0,32,0,"{""process_kprobe"": 32, ""process_exit"": 33, ""process_exec"": 33}"
1774307083,normal,sw-wk3,0.1432222222222158,0.42368457178327645,662.5333333333333,339.0,9156.333333333334,7380.933333333333,0,4,2,0,0,0,"{""process_exit"": 4, ""process_exec"": 4}"
1774307083,normal,sw-wk2,0.3338888888888404,0.4082788202899935,0.0,0.0,915.8,575.6333333333333,0,0,0,0,0,0,{}
1774307093,normal,k3s-wk1,0.2733333333333171,0.7175007566685528,194.46666666666667,179.2666666666667,8532.633333333333,12757.8,0,34,3,0,33,0,"{""process_kprobe"": 33, ""process_exit"": 34, ""process_exec"": 34}"
1774307093,normal,sw-wk3,0.1432222222222158,0.42368457178327645,662.5333333333333,339.0,9156.333333333334,7380.933333333333,0,4,2,0,0,0,"{""process_exit"": 4, ""process_exec"": 4}"
1774307093,normal,sw-wk2,0.3338888888888404,0.4082788202899935,0.0,0.0,915.8,575.6333333333333,0,0,0,0,0,0,{}
1774307103,normal,k3s-wk1,0.2733333333333171,0.7175007566685528,194.46666666666667,179.26666666666665,8532.633333333333,12757.8,0,39,3,0,33,0,"{""process_exit"": 39, ""process_exec"": 39, ""process_kprobe"": 33}"
1774307103,normal,sw-wk3,0.1432222222222158,0.42368457178327645,662.5333333333333,339.0,9156.333333333334,7380.933333333333,0,5,3,0,0,0,"{""process_exit"": 3, ""process_exec"": 5}"
1774307103,normal,sw-wk2,0.33444444444442833,0.4082788202899935,0.0,0.0,6935.166666666667,732.8,0,0,0,0,0,0,{}
1774307113,normal,k3s-wk1,0.2733333333333171,0.7175007566685528,194.46666666666667,179.26666666666665,8532.633333333333,12757.8,0,36,3,0,34,0,"{""process_kprobe"": 34, ""process_exit"": 36, ""process_exec"": 36}"
1774307113,normal,sw-wk3,0.12742059127419614,0.4286663576261711,86.52468086524681,86.991300869913,3421.8911442189114,8047.06196047062,0,4,2,0,0,0,"{""process_exit"": 4, ""process_exec"": 4}"
1774307113,normal,sw-wk2,0.33444444444442833,0.4082788202899935,0.0,0.0,6935.166666666667,732.8,0,0,0,0,0,0,{}
1774307123,normal,k3s-wk1,0.2758888888889083,0.7197339158584569,191.6,176.4,8756.166666666666,4115.033333333333,0,60,3,0,57,0,"{""process_exit"": 60, ""process_exec"": 60, ""process_kprobe"": 57}"
1774307123,normal,sw-wk3,0.12742059127419614,0.4286663576261711,86.52468086524681,86.991300869913,3421.8911442189114,8047.06196047062,0,108,7,0,0,0,"{""process_exit"": 110, ""process_exec"": 108}"
1774307123,normal,sw-wk2,0.33444444444442833,0.4082788202899935,0.0,0.0,6935.166666666667,732.8,0,0,0,0,0,0,{}
1774307133,normal,k3s-wk1,0.2758888888889083,0.7197339158584569,191.6,176.4,8756.166666666666,4115.033333333333,0,15,2,0,16,0,"{""process_exit"": 15, ""process_exec"": 15, ""process_kprobe"": 16}"
1774307133,normal,sw-wk3,0.12742059127419614,0.4286663576261711,86.52468086524681,86.991300869913,3421.8911442189114,8047.06196047062,0,2,2,0,0,0,"{""process_exit"": 2, ""process_exec"": 2}"
1774307133,normal,sw-wk2,0.3337777777777875,0.4082788202899935,0.0,0.0,881.1666666666666,555.5,0,0,0,0,0,0,{}
1774307143,normal,k3s-wk1,0.2758888888889083,0.7197339158584569,191.6,176.4,8756.166666666666,4115.033333333333,0,31,3,0,28,0,"{""process_kprobe"": 28, ""process_exit"": 31, ""process_exec"": 31}"
1774307143,normal,sw-wk3,0.1594715027059136,0.4260541033083912,75.14084741807514,75.14084741807514,4665.266526652665,30763.20965429876,0,4,2,0,0,0,"{""process_exit"": 4, ""process_exec"": 4}"
1774307143,normal,sw-wk2,0.3337777777777875,0.4082788202899935,0.0,0.0,881.1666666666666,555.5,0,0,0,0,0,0,{}
1774307153,normal,k3s-wk1,0.29654437002230727,0.7193628192812307,194.40834416341764,179.21290279582792,31102.102702522578,6964.444000133292,0,99,3,0,98,0,"{""process_kprobe"": 98, ""process_exit"": 99, ""process_exec"": 99}"
1774307153,normal,sw-wk3,0.1594715027059136,0.4260541033083912,75.14084741807514,75.14084741807514,4665.266526652665,30763.20965429876,0,3,2,0,0,0,"{""process_exit"": 3, ""process_exec"": 3}"
1774307153,normal,sw-wk2,0.3337777777777875,0.4082788202899935,0.0,0.0,881.1666666666666,555.5,0,0,0,0,0,0,{}
1774307163,normal,k3s-wk1,0.29654437002230727,0.7193628192812307,194.40834416341764,179.21290279582792,31102.102702522578,6964.444000133293,0,81,3,0,75,0,"{""process_exit"": 81, ""process_exec"": 81, ""process_kprobe"": 75}"
1774307163,normal,sw-wk3,0.1594715027059136,0.4260541033083912,75.14084741807514,75.14084741807514,4665.266526652665,30763.20965429876,0,60,6,0,0,0,"{""process_exit"": 58, ""process_exec"": 60}"
1774307163,normal,sw-wk2,0.3341111111111079,0.4082788202899935,0.0,0.0,544.3,548.0,0,0,0,0,0,0,{}
1774307173,normal,k3s-wk1,0.29654437002230727,0.7193628192812307,194.40834416341764,179.21290279582792,31102.102702522578,6964.444000133293,0,39,3,0,35,0,"{""process_exit"": 39, ""process_exec"": 39, ""process_kprobe"": 35}"
1774307173,normal,sw-wk3,0.1496666666666796,0.43164070660186105,83.8,83.66666666666667,7401.033333333333,31322.833333333332,0,54,5,0,0,0,"{""process_exit"": 56, ""process_exec"": 54}"
1774307173,normal,sw-wk2,0.3341111111111079,0.4082788202899935,0.0,0.0,544.3,548.0,0,0,0,0,0,0,{}
1774307183,normal,k3s-wk1,0.30545830415793673,0.7148846573936387,194.52502417391884,179.3204628055083,31811.610149711578,9238.971691507451,0,39,3,0,37,0,"{""process_kprobe"": 37, ""process_exit"": 39, ""process_exec"": 39}"
1774307183,normal,sw-wk3,0.1496666666666796,0.43164070660186105,83.8,83.66666666666667,7401.033333333333,31322.833333333332,0,3,2,0,0,0,"{""process_exit"": 3, ""process_exec"": 3}"
1774307183,normal,sw-wk2,0.3341111111111079,0.4082788202899935,0.0,0.0,544.3,548.0,0,0,0,0,0,0,{}
1774307193,normal,k3s-wk1,0.30545830415793673,0.7148846573936387,194.52502417391884,179.3204628055083,31811.610149711578,9238.971691507451,0,37,3,0,33,0,"{""process_exit"": 37, ""process_exec"": 37, ""process_kprobe"": 33}"
1774307193,normal,sw-wk3,0.1496666666666796,0.43164070660186105,83.8,83.66666666666667,7401.033333333333,31322.833333333332,0,4,2,0,0,0,"{""process_exit"": 6, ""process_exec"": 4}"
1774307193,normal,sw-wk2,0.33355555555551997,0.40852950070827165,0.0,0.0,811.1,538.7,0,0,0,0,0,0,{}
1774307203,normal,k3s-wk1,0.30545830415793673,0.7148846573936387,194.52502417391884,179.3204628055083,31811.610149711578,9238.971691507451,0,36,3,0,36,0,"{""process_kprobe"": 36, ""process_exit"": 36, ""process_exec"": 36}"
1774307203,normal,sw-wk3,0.1566666666665697,0.43142583724441985,74.0,73.86666666666666,5725.833333333333,7807.599999999999,0,0,0,0,0,0,{}
1774307203,normal,sw-wk2,0.33355555555551997,0.40852950070827165,0.0,0.0,811.1,538.7,0,0,0,0,0,0,{}
1774307213,normal,k3s-wk1,0.29244444444444107,0.7164401047492466,194.46666666666667,179.26666666666665,12991.466666666667,16917.066666666666,0,33,3,0,32,0,"{""process_kprobe"": 32, ""process_exit"": 34, ""process_exec"": 33}"
1774307213,normal,sw-wk3,0.1566666666665697,0.43142583724441985,74.0,73.86666666666666,5725.833333333333,7807.599999999999,0,0,0,0,0,0,{}
1774307213,normal,sw-wk2,0.33355555555551997,0.40852950070827165,0.0,0.0,811.1,538.7,0,0,0,0,0,0,{}
1774307223,normal,k3s-wk1,0.2924444444444413,0.7164401047492466,194.46666666666667,179.26666666666665,12991.466666666667,16917.066666666666,0,57,3,0,51,0,"{""process_exit"": 57, ""process_exec"": 57, ""process_kprobe"": 51}"
1774307223,normal,sw-wk3,0.1566666666665697,0.43142583724441985,74.0,73.86666666666666,5725.833333333333,7807.599999999999,0,1,1,0,0,0,"{""process_exit"": 1, ""process_exec"": 1}"
1774307223,normal,sw-wk2,0.33488888888888235,0.4089293956612392,43.80000000000001,36.733333333333334,22795.833333333332,8874.5,0,0,0,0,0,0,{}
1774307233,normal,k3s-wk1,0.2924444444444413,0.7164401047492466,194.46666666666667,179.26666666666665,12991.466666666667,16917.066666666666,0,31,3,0,29,0,"{""process_kprobe"": 29, ""process_exit"": 31, ""process_exec"": 31}"
1774307233,normal,sw-wk3,0.13777777777779399,0.4320107593841207,0.0,0.0,12478.5,5697.166666666667,0,0,0,0,0,0,{}
1774307233,normal,sw-wk2,0.33488888888888235,0.4089293956612392,43.8,36.733333333333334,22795.833333333332,8874.5,0,0,0,0,0,0,{}
1774307243,normal,k3s-wk1,0.31633333333334634,0.7180258188469687,191.6,176.4,11220.5,32190.866666666665,0,18,2,0,15,0,"{""process_exit"": 18, ""process_exec"": 18, ""process_kprobe"": 15}"
1774307243,normal,sw-wk3,0.13777777777779399,0.4320107593841207,0.0,0.0,12478.5,5697.166666666667,0,0,0,0,0,0,{}
1774307243,normal,sw-wk2,0.33488888888888235,0.4089293956612392,43.8,36.733333333333334,22795.833333333332,8874.5,0,0,0,0,0,0,{}
1774307253,normal,k3s-wk1,0.31633333333334634,0.7180258188469687,191.6,176.4,11220.5,32190.866666666665,0,36,3,0,36,0,"{""process_exit"": 36, ""process_exec"": 36, ""process_kprobe"": 36}"
1774307253,normal,sw-wk3,0.13777777777779399,0.4320107593841207,0.0,0.0,12478.5,5697.166666666667,0,0,0,0,0,0,{}
1774307253,normal,sw-wk2,0.17977777777778092,0.41261797895876107,31.933333333333334,16.53333333333333,9012.3,4461.600000000001,0,0,0,0,0,0,{}
1774307264,normal,k3s-wk1,0.31633333333334634,0.7180258188469687,191.6,176.4,11220.5,32190.866666666665,0,37,3,0,32,0,"{""process_exit"": 37, ""process_exec"": 37, ""process_kprobe"": 32}"
1774307264,normal,sw-wk3,0.11322222222224809,0.4322276182726493,0.0,0.0,3421.866666666667,5146.533333333333,0,1,1,0,0,0,"{""process_exit"": 1, ""process_exec"": 1}"
1774307264,normal,sw-wk2,0.17977777777778092,0.41261797895876107,31.933333333333334,16.53333333333333,9012.3,4461.6,0,0,0,0,0,0,{}
1774307274,normal,k3s-wk1,0.3184014931840311,0.7181705728309932,194.44722194447218,179.24874179248744,9058.060860580608,2355.1311535513114,0,39,3,0,34,0,"{""process_kprobe"": 34, ""process_exit"": 39, ""process_exec"": 39}"
1774307274,normal,sw-wk3,0.11322222222224809,0.4322276182726493,0.0,0.0,3421.866666666667,5146.533333333333,0,0,0,0,0,0,{}
1774307274,normal,sw-wk2,0.17977777777778092,0.41261797895876107,0.0,0.0,394.1333333333333,3739.6666666666665,0,0,0,0,0,0,{}
1774307284,normal,k3s-wk1,0.3184014931840311,0.7181705728309932,194.44722194447223,179.24874179248744,9058.060860580608,2355.1311535513114,0,39,3,0,32,0,"{""process_exit"": 39, ""process_exec"": 39, ""process_kprobe"": 32}"
1774307284,normal,sw-wk3,0.11733333333330753,0.43092845447256534,0.0,0.0,1989.066666666667,5199.8,0,0,0,0,0,0,{}
1774307284,normal,sw-wk2,0.08355555555551997,0.41238520428464565,0.0,0.0,394.1333333333333,3739.6666666666665,0,0,0,0,0,0,{}
1774307294,normal,k3s-wk1,0.3184014931840311,0.7181705728309932,194.44722194447223,179.24874179248744,9058.060860580608,2355.1311535513114,0,57,3,0,54,0,"{""process_exit"": 57, ""process_exec"": 57, ""process_kprobe"": 54}"
1774307294,normal,sw-wk3,0.11733333333330753,0.43092845447256534,0.0,0.0,1989.066666666667,5199.8,0,0,0,0,0,0,{}
1774307294,normal,sw-wk2,0.08355555555551997,0.41238520428464565,0.0,0.0,394.1333333333333,3739.6666666666665,0,0,0,0,0,0,{}
1774307304,normal,k3s-wk1,0.29104021513259204,0.7176784092853101,194.4194419441944,179.28459512617928,9290.09567623429,8630.69640297363,0,34,3,0,29,0,"{""process_exit"": 34, ""process_exec"": 34, ""process_kprobe"": 29}"
1774307304,normal,sw-wk3,0.11733333333330753,0.43092845447256534,0.0,0.0,1989.0666666666666,5199.8,0,0,0,0,0,0,{}
1774307304,normal,sw-wk2,0.08355555555551997,0.41238520428464565,0.0,5.0,4321.366666666668,4237.866666666667,0,0,0,0,0,0,{}
1774307314,normal,k3s-wk1,0.29104021513259204,0.7176784092853101,194.4194419441944,179.28459512617928,9290.09567623429,8630.69640297363,0,18,2,0,17,0,"{""process_exit"": 18, ""process_exec"": 18, ""process_kprobe"": 17}"
1774307314,normal,sw-wk3,0.1221111111110883,0.4281053098595192,4.466666666666667,6.0,3202.2666666666673,5044.166666666667,0,0,0,0,0,0,{}
1774307314,normal,sw-wk2,0.13366666666665372,0.40909651594009133,5.133333333333333,5.0,4321.366666666667,4237.866666666667,0,0,0,0,0,0,{}
1774307324,normal,k3s-wk1,0.29104021513259204,0.7176784092853101,194.4194419441944,179.28459512617928,9290.09567623429,8630.69640297363,0,33,3,0,32,0,"{""process_kprobe"": 32, ""process_exit"": 33, ""process_exec"": 33}"
1774307324,normal,sw-wk3,0.12211111111108852,0.4281053098595192,4.466666666666667,6.0,3202.2666666666664,5044.166666666667,0,1,1,0,0,0,"{""process_exit"": 1, ""process_exec"": 1}"
1774307324,normal,sw-wk2,0.13366666666665372,0.40909651594009133,5.133333333333333,5.0,4321.366666666667,4237.866666666667,0,0,0,0,0,0,{}
1774307334,transition,k3s-wk1,0.2715555555555006,0.7198155044676343,194.46666666666667,179.26666666666665,8981.566666666666,1353.0666666666666,9,57,3,0,52,0,"{""process_exit"": 57, ""process_exec"": 57, ""process_kprobe"": 52}"
1774307334,transition,sw-wk3,0.12211111111108852,0.4281053098595192,4.466666666666667,6.0,3202.2666666666664,5044.166666666667,9,0,0,0,0,0,{}
1774307334,transition,sw-wk2,0.0,0.40909651594009133,0.0,0.0,675.7666666666667,3928.2,9,0,0,0,0,0,{}
1774307344,normal,k3s-wk1,0.2715555555555006,0.7198155044676343,194.46666666666667,179.26666666666665,8981.566666666666,1353.0666666666666,0,16,2,0,12,0,"{""process_exit"": 16, ""process_exec"": 16, ""process_kprobe"": 12}"
1774307344,normal,sw-wk3,0.13133333333333008,0.4286842634059579,0.0,0.0,3179.7000000000007,5528.733333333334,0,1,1,0,0,0,"{""process_exit"": 1, ""process_exec"": 1}"
1774307344,normal,sw-wk2,0.17133333333339484,0.40906269397889505,0.0,0.0,675.7666666666667,3928.2,0,0,0,0,0,0,{}
1774307354,normal,k3s-wk1,0.2715555555555006,0.7198155044676343,194.46666666666667,179.26666666666665,8981.566666666666,1353.0666666666666,0,124,5,0,13,0,"{""process_kprobe"": 13, ""process_exit"": 74, ""process_exec"": 124}"
1774307354,normal,sw-wk3,0.13133333333333008,0.4286842634059579,0.0,0.0,3179.7,5528.733333333334,0,0,0,0,0,0,{}
1774307354,normal,sw-wk2,0.17133333333339484,0.40906269397889505,0.0,0.0,675.7666666666667,3928.2,0,0,0,0,0,0,{}
1774307364,transition,k3s-wk1,0.32155555555558146,0.7215486044399995,797.4333333333333,469.7000000000001,9606.533333333333,6341.833333333333,10,144,6,0,31,0,"{""process_exit"": 96, ""process_exec"": 144, ""process_kprobe"": 31}"
1774307364,transition,sw-wk3,0.13133333333333008,0.4286842634059579,0.0,0.0,3179.7,5528.733333333334,10,1,1,0,0,0,"{""process_exit"": 1, ""process_exec"": 1}"
1774307364,transition,sw-wk2,0.0,0.41013902815578795,0.0,0.0,3964.0,4362.066666666667,10,0,0,0,0,0,{}
1774307374,normal,k3s-wk1,0.32155555555558146,0.7215486044399995,797.4333333333333,469.7,9606.533333333333,6341.833333333333,0,198,6,0,60,0,"{""process_exit"": 140, ""process_exec"": 198, ""process_kprobe"": 60}"
1774307374,normal,sw-wk3,0.11533333333338502,0.4301883489080459,0.0,0.0,3741.3333333333335,5392.366666666668,0,0,0,0,0,0,{}
1774307374,normal,sw-wk2,0.16555555555557178,0.41013902815578795,0.0,0.0,3964.0,4362.066666666667,0,0,0,0,0,0,{}
1774307384,normal,k3s-wk1,0.32155555555558146,0.7215486044399995,797.4333333333333,469.7,9606.533333333333,6341.833333333333,0,165,5,0,28,0,"{""process_exec"": 165, ""process_kprobe"": 28, ""process_exit"": 103}"
1774307384,normal,sw-wk3,0.11533333333338502,0.4301883489080459,0.0,0.0,3741.3333333333335,5392.366666666667,0,0,0,0,0,0,{}
1774307384,normal,sw-wk2,0.16555555555557178,0.41013902815578795,0.0,0.0,3964.0,4362.066666666667,0,0,0,0,0,0,{}
1774307394,normal,k3s-wk1,0.3149999999999836,0.7127844086799753,207.06666666666666,193.8666666666667,9399.633333333333,5995.8,0,144,6,0,31,0,"{""process_exit"": 96, ""process_exec"": 144, ""process_kprobe"": 31}"
1774307394,normal,sw-wk3,0.11533333333338502,0.4301883489080459,0.0,0.0,3741.3333333333335,5392.366666666667,0,0,0,0,0,0,{}
1774307394,normal,sw-wk2,0.07566666666664079,0.4101310700472711,0.0,0.0,1269.9,3803.833333333334,0,0,0,0,0,0,{}
1774307404,normal,k3s-wk1,0.31499999999998385,0.7127844086799753,207.06666666666666,193.86666666666667,9399.633333333333,5995.8,0,169,6,0,53,0,"{""process_exit"": 121, ""process_exec"": 169, ""process_kprobe"": 53}"
1774307404,normal,sw-wk3,0.13022708083365686,0.42958353145747075,0.0,0.0,2065.1579789361417,5237.16837754966,0,1,1,0,0,0,"{""process_exit"": 1, ""process_exec"": 1}"
1774307404,normal,sw-wk2,0.07566666666664079,0.4101310700472711,0.0,0.0,1269.9000000000003,3803.8333333333335,0,0,0,0,0,0,{}
1774307414,normal,k3s-wk1,0.31499999999998385,0.7127844086799753,207.06666666666666,193.86666666666667,9399.633333333333,5995.8,0,138,6,0,30,0,"{""process_exit"": 90, ""process_exec"": 138, ""process_kprobe"": 30}"
1774307414,normal,sw-wk3,0.13022708083365686,0.42958353145747075,0.0,0.0,2065.1579789361417,5237.16837754966,0,1,1,0,0,0,"{""process_exit"": 1, ""process_exec"": 1}"
1774307414,normal,sw-wk2,0.07566666666664079,0.4101310700472711,0.0,0.0,1269.9,3803.8333333333335,0,0,0,0,0,0,{}
1774307424,normal,k3s-wk1,0.3234251946639459,0.7118237686041768,194.40834416341764,179.21290279582792,9753.707221166984,8662.33463294345,0,141,6,0,30,0,"{""process_exit"": 93, ""process_exec"": 141, ""process_kprobe"": 30}"
1774307424,normal,sw-wk3,0.13022708083365686,0.42958353145747075,0.0,0.0,2065.1579789361417,5237.16837754966,0,0,0,0,0,0,{}
1774307424,normal,sw-wk2,0.13788888888884687,0.4129661462063696,9.6,11.0,4802.400000000001,4206.700000000001,0,0,0,0,0,0,{}
1774307434,normal,k3s-wk1,0.3234251946639459,0.7118237686041768,194.40834416341764,179.21290279582792,9753.707221166984,8662.33463294345,0,217,6,0,55,0,"{""process_exit"": 145, ""process_exec"": 217, ""process_kprobe"": 55}"
1774307434,normal,sw-wk3,0.1169933768947069,0.4289528501027593,0.0,0.0,2708.1277503667156,5265.902120282704,0,0,0,0,0,0,{}
1774307434,normal,sw-wk2,0.13788888888884687,0.4129661462063696,9.6,11.0,4802.4,4206.700000000001,0,0,0,0,0,0,{}
1774307444,normal,k3s-wk1,0.3234251946639459,0.7118237686041768,194.40834416341764,179.21290279582792,9753.707221166984,0.0,0,163,6,0,51,0,"{""process_kprobe"": 51, ""process_exit"": 115, ""process_exec"": 163}"
1774307444,normal,sw-wk3,0.1169933768947069,0.4289528501027593,0.0,0.0,2708.1277503667156,5265.902120282704,0,1,1,0,0,0,"{""process_exit"": 1, ""process_exec"": 1}"
1774307444,normal,sw-wk2,0.13788888888884687,0.4129661462063696,9.6,11.0,4802.4,4206.7,0,0,0,0,0,0,{}
1774307454,normal,k3s-wk1,0.3253531615039583,0.7199721019594425,194.52502417391884,179.3204628055083,8976.526291220698,1333.8334833783467,0,118,5,0,9,0,"{""process_exit"": 63, ""process_exec"": 118, ""process_kprobe"": 9}"
1774307454,normal,sw-wk3,0.1169933768947069,0.4289528501027593,0.0,0.0,2708.1277503667156,5265.902120282704,0,0,0,0,0,0,{}
1774307454,normal,sw-wk2,0.07388888888898582,0.4156520078307788,0.0,0.0,1154.3,3881.6,0,0,0,0,0,0,{}
1774307464,normal,k3s-wk1,0.3253531615039583,0.7199721019594425,194.52502417391884,179.3204628055083,8976.526291220698,1333.8334833783467,0,174,6,0,30,0,"{""process_exit"": 121, ""process_exec"": 174, ""process_kprobe"": 30}"
1774307464,normal,sw-wk3,0.1272222222221897,0.4290901277477911,0.0,0.0,4256.0,5747.933333333333,0,1,1,0,0,0,"{""process_exit"": 1, ""process_exec"": 1}"
1774307464,normal,sw-wk2,0.07388888888898582,0.4156520078307788,0.0,0.0,1154.3,3881.6,0,0,0,0,0,0,{}
1774307474,normal,k3s-wk1,0.3253531615039583,0.7199721019594425,194.52502417391884,179.3204628055083,8976.526291220698,1333.8334833783467,0,117,6,0,34,0,"{""process_kprobe"": 34, ""process_exit"": 81, ""process_exec"": 117}"
1774307474,normal,sw-wk3,0.12722222222218993,0.4290901277477911,0.0,0.0,4256.0,5747.933333333333,0,0,0,0,0,0,{}
1774307474,normal,sw-wk2,0.07388888888898582,0.4156520078307788,0.0,0.0,1154.3,3881.6,0,0,0,0,0,0,{}
1774307484,normal,k3s-wk1,0.3061111111110626,0.7172599386769486,191.6,176.4,9731.266666666666,7003.133333333335,0,63,6,0,31,0,"{""process_exit"": 53, ""process_exec"": 63, ""process_kprobe"": 31}"
1774307484,normal,sw-wk3,0.12722222222218993,0.4290901277477911,0.0,0.0,4256.0,5747.933333333333,0,0,0,0,0,0,{}
1774307484,normal,sw-wk2,0.156444444444383,0.41204897419981223,0.0,0.0,5334.166666666667,4314.466666666666,0,0,0,0,0,0,{}
1774307494,normal,k3s-wk1,0.3061111111110626,0.7172599386769486,191.6,176.4,9731.266666666666,7003.133333333333,0,16,2,0,16,0,"{""process_exit"": 16, ""process_exec"": 16, ""process_kprobe"": 16}"
1774307494,normal,sw-wk3,0.12066666666667314,0.42887724792143744,0.0,0.0,3541.8000000000006,5386.666666666667,0,1,1,0,0,0,"{""process_exit"": 1, ""process_exec"": 1}"
1774307494,normal,sw-wk2,0.156444444444383,0.41204897419981223,0.0,0.0,5334.166666666667,4314.466666666666,0,0,0,0,0,0,{}
1774307504,normal,k3s-wk1,0.3061111111110626,0.7172599386769486,191.6,176.4,9731.266666666666,0.0,0,33,3,0,32,0,"{""process_kprobe"": 32, ""process_exit"": 33, ""process_exec"": 33}"
1774307504,normal,sw-wk3,0.12066666666667314,0.42887724792143744,0.0,0.0,3541.7999999999997,5386.666666666667,0,0,0,0,0,0,{}
1774307504,normal,sw-wk2,0.156444444444383,0.41204897419981223,0.0,0.0,5334.166666666667,4314.466666666666,0,0,0,0,0,0,{}
1774307514,normal,k3s-wk1,0.30998089143669094,0.717291521364372,392.514331422477,271.6637781629116,9462.305025996535,7503.732835621918,0,15,2,0,12,0,"{""process_exit"": 16, ""process_exec"": 15, ""process_kprobe"": 12}"
1774307514,normal,sw-wk3,0.12066666666667314,0.42887724792143744,0.0,0.0,3541.7999999999997,5386.666666666667,0,0,0,0,0,0,{}
1774307514,normal,sw-wk2,0.10244444444453826,0.4139549411895781,0.0,0.0,681.1333333333333,3902.7,0,0,0,0,0,0,{}
1774307524,normal,k3s-wk1,0.30998089143669094,0.717291521364372,392.514331422477,271.6637781629116,9462.305025996535,7503.732835621918,0,34,3,0,31,0,"{""process_exit"": 34, ""process_exec"": 34, ""process_kprobe"": 31}"
1774307524,normal,sw-wk3,0.12066666666667303,0.4294422747502641,0.0,0.0,2680.1,5132.066666666667,0,0,0,0,0,0,{}
1774307524,normal,sw-wk2,0.10244444444453826,0.4139549411895781,0.0,0.0,681.1333333333333,3902.7,0,0,0,0,0,0,{}
1774307534,normal,k3s-wk1,0.30998089143669094,0.717291521364372,392.514331422477,271.6637781629116,0.0,0.0,0,33,3,0,30,0,"{""process_exit"": 33, ""process_exec"": 33, ""process_kprobe"": 30}"
1774307534,normal,sw-wk3,0.12066666666667303,0.4294422747502641,0.0,0.0,2680.1,5132.066666666667,0,0,0,0,0,0,{}
1774307534,normal,sw-wk2,0.10244444444453826,0.4139549411895781,0.0,0.0,681.1333333333333,3902.7,0,0,0,0,0,0,{}
1774307544,normal,k3s-wk1,0.2816820020447236,0.7171217644194707,193.22576343512466,181.2908387785038,9502.733697826376,9062.241632217629,0,57,3,0,51,0,"{""process_exit"": 57, ""process_exec"": 57, ""process_kprobe"": 51}"
1774307544,normal,sw-wk3,0.12066666666667303,0.4294422747502641,0.0,0.0,2680.1,5132.066666666667,0,1,1,0,0,0,"{""process_exit"": 1, ""process_exec"": 1}"
1774307544,normal,sw-wk2,0.1348888888888824,0.41230562319947794,0.0,0.0,6390.166666666667,4422.866666666667,0,0,0,0,0,0,{}
1774307554,normal,k3s-wk1,0.2816820020447236,0.7171217644194707,193.22576343512466,181.2908387785038,9502.733697826376,9062.241632217629,0,36,3,0,35,0,"{""process_exit"": 36, ""process_exec"": 36, ""process_kprobe"": 35}"
1774307554,normal,sw-wk3,0.10375629103766315,0.42966908129422976,0.0,0.0,3456.5210145652104,5306.102723061027,0,0,0,0,0,0,{}
1774307554,normal,sw-wk2,0.1348888888888824,0.41230562319947794,0.0,0.0,6390.166666666667,4422.866666666667,0,0,0,0,0,0,{}
1774307564,normal,k3s-wk1,0.2816820020447236,0.7171217644194707,193.22576343512466,181.2908387785038,0.0,0.0,0,75,3,0,71,0,"{""process_kprobe"": 71, ""process_exit"": 75, ""process_exec"": 75}"
1774307564,normal,sw-wk3,0.10375629103766315,0.42966908129422976,0.0,0.0,3456.5210145652104,5306.102723061027,0,0,0,0,0,0,{}
1774307564,normal,sw-wk2,0.1348888888888824,0.41230562319947794,0.0,0.0,6390.166666666667,4422.866666666667,0,0,0,0,0,0,{}
1774307574,normal,k3s-wk1,0.2806666666666894,0.7232672290139621,201.86666666666667,183.2666666666667,9111.1,3855.9333333333334,0,37,3,0,31,0,"{""process_exit"": 37, ""process_exec"": 37, ""process_kprobe"": 31}"
1774307574,normal,sw-wk3,0.10375629103766315,0.42966908129422976,0.0,0.0,3456.5210145652104,5306.102723061027,0,0,0,0,0,0,{}
1774307574,normal,sw-wk2,0.07366666666663757,0.41358091008929,0.0,0.0,417.8666666666667,3777.600000000001,0,0,0,0,0,0,{}
1774307584,normal,k3s-wk1,0.2806666666666894,0.7232672290139621,201.86666666666667,183.26666666666665,9111.1,3855.9333333333334,0,33,3,0,30,0,"{""process_exit"": 33, ""process_exec"": 33, ""process_kprobe"": 30}"
1774307584,normal,sw-wk3,0.12824615794899896,0.4288533735483884,0.0,0.0,1989.5322865619894,4967.563423008967,0,0,0,0,0,0,{}
1774307584,normal,sw-wk2,0.07366666666663757,0.41358091008929,0.0,0.0,417.8666666666667,3777.6,0,0,0,0,0,0,{}
1774307595,normal,k3s-wk1,0.2806666666666894,0.7232672290139621,0.0,152.16183535409655,9450.145429589202,8992.32001045786,0,33,3,0,31,0,"{""process_exit"": 33, ""process_exec"": 33, ""process_kprobe"": 31}"
1774307595,normal,sw-wk3,0.12824615794899896,0.4288533735483884,0.0,0.0,1989.5322865619894,4967.563423008967,0,1,1,0,0,0,"{""process_exit"": 1, ""process_exec"": 1}"
1774307595,normal,sw-wk2,0.07366666666663757,0.41358091008929,0.0,0.0,417.8666666666667,3777.6,0,0,0,0,0,0,{}
1774307604,normal,k3s-wk1,0.31609965467274403,0.7163071942730059,166.60675185463577,152.16183535409655,9450.145429589202,8992.32001045786,0,33,3,0,30,0,"{""process_exit"": 33, ""process_exec"": 33, ""process_kprobe"": 30}"
1774307604,normal,sw-wk3,0.12824615794899896,0.4288533735483884,0.0,0.0,1989.5322865619894,4967.563423008967,0,1,1,0,0,0,"{""process_exit"": 1, ""process_exec"": 1}"
1774307604,normal,sw-wk2,0.1859999999999774,0.41089305893775163,0.0,0.0,5145.466666666668,4249.000000000001,0,0,0,0,0,0,{}
1774307615,normal,k3s-wk1,0.31609965467274403,0.7163071942730059,166.60675185463577,152.16183535409655,9450.145429589202,8992.32001045786,0,15,2,0,17,0,"{""process_exit"": 15, ""process_exec"": 15, ""process_kprobe"": 17}"
1774307615,normal,sw-wk3,0.11122222222224487,0.42927515413892103,0.0,0.0,2791.0333333333333,5776.7,0,1,1,0,0,0,"{""process_exit"": 1, ""process_exec"": 1}"
1774307615,normal,sw-wk2,0.1859999999999774,0.41089305893775163,0.0,0.0,5145.466666666666,4249.0,0,0,0,0,0,0,{}
1774307624,normal,k3s-wk1,0.31609965467274403,0.7163071942730059,166.60675185463577,0.0,0.0,0.0,0,37,3,0,32,0,"{""process_exit"": 37, ""process_exec"": 37, ""process_kprobe"": 32}"
1774307624,normal,sw-wk3,0.11122222222224465,0.42927515413892103,0.0,0.0,2791.0333333333333,5776.7,0,0,0,0,0,0,{}
1774307624,normal,sw-wk2,0.1859999999999774,0.41089305893775163,0.0,0.0,5145.466666666666,4249.0,0,0,0,0,0,0,{}
1774307634,normal,k3s-wk1,0.27009285398458804,0.7156492216183495,211.76150471072413,196.2518281691099,9410.156117138873,1294.2076800108841,0,34,4,0,29,0,"{""process_exit"": 33, ""process_exec"": 34, ""process_kprobe"": 29}"
1774307634,normal,sw-wk3,0.11122222222224487,0.42927515413892103,0.0,0.0,2791.0333333333333,5776.7,0,0,0,0,0,0,{}
1774307634,normal,sw-wk2,0.08288888888887913,0.41319892088048515,0.0,0.0,918.7666666666667,3895.233333333333,0,0,0,0,0,0,{}
1774307644,normal,k3s-wk1,0.27009285398458804,0.7156492216183495,211.76150471072413,196.2518281691099,9410.156117138873,1294.2076800108841,0,18,2,0,13,0,"{""process_exit"": 18, ""process_exec"": 18, ""process_kprobe"": 13}"
1774307644,normal,sw-wk3,0.13033333333336883,0.4296471964522681,0.0,0.0,3965.4333333333343,5109.566666666667,0,0,0,0,0,0,{}
1774307644,normal,sw-wk2,0.08288888888887902,0.41319892088048515,0.0,0.0,918.7666666666667,3895.233333333333,0,0,0,0,0,0,{}
1774307655,normal,k3s-wk1,0.27009285398458804,0.7156492216183495,211.76150471072413,196.2518281691099,9410.156117138873,6512.6849716334755,0,9,2,0,9,0,"{""process_kprobe"": 9, ""process_exit"": 9, ""process_exec"": 9}"
1774307655,normal,sw-wk3,0.13033333333336883,0.4296471964522681,0.0,0.0,3965.4333333333334,5109.566666666667,0,0,0,0,0,0,{}
1774307655,normal,sw-wk2,0.08288888888887913,0.41319892088048515,0.0,0.0,918.7666666666667,3895.233333333333,0,0,0,0,0,0,{}
1774307665,normal,k3s-wk1,0.48055555555563645,0.7146648945269835,764.1333333333333,452.09999999999997,9471.066666666666,11626.966666666667,0,37,3,0,31,0,"{""process_exit"": 37, ""process_exec"": 37, ""process_kprobe"": 31}"
1774307665,normal,sw-wk3,0.13033333333336883,0.4296471964522681,0.0,0.0,3965.4333333333334,5109.566666666667,0,1,1,0,0,0,"{""process_exit"": 1, ""process_exec"": 1}"
1774307665,normal,sw-wk2,0.14088888888889217,0.4121902306259848,3.0,3.0,5516.866666666667,4259.833333333333,0,0,0,0,0,0,{}
1774307675,normal,k3s-wk1,0.48055555555563645,0.7146648945269835,764.1333333333333,452.09999999999997,9471.066666666666,11626.966666666667,0,12,2,0,13,0,"{""process_exit"": 12, ""process_exec"": 12, ""process_kprobe"": 13}"
1774307675,normal,sw-wk3,0.11444444444439572,0.429627301141394,0.0,0.0,2532.0,5216.733333333334,0,0,0,0,0,0,{}
1774307675,normal,sw-wk2,0.14088888888889217,0.4121902306259848,3.0,3.0,5516.866666666667,4259.833333333333,0,0,0,0,0,0,{}
1774307685,normal,k3s-wk1,0.48055555555563645,0.7146648945269835,0.0,0.0,8964.466666666667,1204.2,0,33,3,0,30,0,"{""process_exit"": 33, ""process_exec"": 33, ""process_kprobe"": 30}"
1774307685,normal,sw-wk3,0.11444444444439594,0.429627301141394,0.0,0.0,2532.0,5216.733333333334,0,0,0,0,0,0,{}
1774307685,normal,sw-wk2,0.14088888888889217,0.4121902306259848,3.0,3.0,5516.866666666667,4259.833333333333,0,0,0,0,0,0,{}
1774307695,normal,k3s-wk1,0.46866666666658907,0.7179534418549565,192.8,184.6,8964.466666666667,1204.2,0,34,3,0,33,0,"{""process_exit"": 34, ""process_kprobe"": 33, ""process_exec"": 34}"
1774307695,normal,sw-wk3,0.11444444444439594,0.429627301141394,0.0,0.0,2532.0,5216.733333333334,0,0,0,0,0,0,{}
1774307695,normal,sw-wk2,0.07044444444440556,0.41082740454248834,2.1333333333333333,2.0,423.0333333333333,3798.9,0,0,0,0,0,0,{}
1774307705,normal,k3s-wk1,0.46866666666658907,0.7179534418549565,192.8,184.6,8964.466666666667,1204.2,0,12,2,0,13,0,"{""process_exit"": 12, ""process_exec"": 12, ""process_kprobe"": 13}"
1774307705,normal,sw-wk3,0.12666666666676374,0.42985808674753445,0.0,0.0,2017.1,5009.866666666667,0,0,0,0,0,0,{}
1774307705,normal,sw-wk2,0.07044444444440556,0.41082740454248834,2.1333333333333337,2.0,423.0333333333333,3798.9,0,0,0,0,0,0,{}
1774307715,normal,k3s-wk1,0.46866666666658907,0.7179534418549565,0.0,0.0,9538.912775389128,8693.097356930974,0,40,3,0,34,0,"{""process_exit"": 40, ""process_exec"": 40, ""process_kprobe"": 34}"
1774307715,normal,sw-wk3,0.12666666666676374,0.42985808674753445,0.0,0.0,2017.1,5009.866666666667,0,1,1,0,0,0,"{""process_exit"": 1, ""process_exec"": 1}"
1774307715,normal,sw-wk2,0.07044444444440556,0.41082740454248834,2.1333333333333333,2.0,423.0333333333333,3798.9,0,0,0,0,0,0,{}
1774307725,normal,k3s-wk1,0.5031607950316759,0.7176691976681449,191.14755191147552,169.4497216944972,9538.912775389128,8693.097356930974,0,20,2,0,15,0,"{""process_exit"": 21, ""process_exec"": 20, ""process_kprobe"": 15}"
1774307725,normal,sw-wk3,0.12666666666676374,0.42985808674753445,0.0,0.0,2017.1,5009.866666666667,0,0,0,0,0,0,{}
1774307725,normal,sw-wk2,0.1379750913797897,0.40802018176319854,0.0,0.0,4937.906209379063,4304.769523047695,0,0,0,0,0,0,{}
1774307735,normal,k3s-wk1,0.5031607950316759,0.7176691976681449,191.14755191147552,169.4497216944972,9538.912775389128,8693.097356930974,0,37,3,0,36,0,"{""process_exec"": 37, ""process_exit"": 36, ""process_kprobe"": 36}"
1774307735,normal,sw-wk3,0.14114994613443355,0.4298401809677477,0.0,0.0,2794.289141372072,5377.303168626928,0,0,0,0,0,0,{}
1774307735,normal,sw-wk2,0.1379750913797897,0.40802018176319854,0.0,0.0,4937.906209379063,4304.769523047696,0,0,0,0,0,0,{}
1774307745,normal,k3s-wk1,0.40860752741939577,0.7149544024950323,173.08397506417307,162.94962829616293,9043.504350435043,1813.5813581358134,0,6,2,0,5,0,"{""process_exit"": 6, ""process_exec"": 6, ""process_kprobe"": 5}"
1774307745,normal,sw-wk3,0.14114994613443332,0.4298401809677477,0.0,0.0,2794.289141372072,5377.303168626928,0,0,0,0,0,0,{}
1774307745,normal,sw-wk2,0.1379750913797897,0.40802018176319854,0.0,0.0,4937.906209379063,4304.769523047696,0,0,0,0,0,0,{}
1774307755,normal,k3s-wk1,0.40860752741939577,0.7149544024950323,173.08397506417307,162.94962829616293,9043.504350435043,1813.5813581358134,0,81,3,0,74,0,"{""process_kprobe"": 74, ""process_exit"": 83, ""process_exec"": 81}"
1774307755,normal,sw-wk3,0.14114994613443332,0.4298401809677477,0.0,0.0,2794.289141372072,5377.303168626928,0,1,1,0,0,0,"{""process_exit"": 1, ""process_exec"": 1}"
1774307755,normal,sw-wk2,0.1022222222221899,0.4115118018749304,0.0,0.0,1248.1333333333337,3896.7999999999997,0,0,0,0,0,0,{}
1774307765,normal,k3s-wk1,0.40860752741939577,0.7149544024950323,173.08397506417307,162.94962829616293,9043.504350435043,1813.5813581358134,0,39,3,0,35,0,"{""process_exit"": 40, ""process_exec"": 39, ""process_kprobe"": 35}"
1774307765,normal,sw-wk3,0.1131712631028321,0.42900059884885733,0.0,0.0,5332.043885683797,5578.91753093007,0,0,0,0,0,0,{}
1774307765,normal,sw-wk2,0.1022222222221899,0.4115118018749304,0.0,0.0,1248.1333333333332,3896.7999999999997,0,0,0,0,0,0,{}
1774307775,normal,k3s-wk1,0.3434444444444025,0.7144174968088326,198.93333333333334,185.2666666666667,9978.133333333333,11397.366666666667,0,34,2,0,30,0,"{""process_exec"": 34, ""process_kprobe"": 30, ""process_exit"": 33}"
1774307775,normal,sw-wk3,0.1131712631028321,0.42900059884885733,0.0,0.0,5332.043885683797,5578.917530930069,0,0,0,0,0,0,{}
1774307775,normal,sw-wk2,0.1022222222221899,0.4115118018749304,0.0,0.0,1248.1333333333332,3896.7999999999997,0,0,0,0,0,0,{}
1774307785,normal,k3s-wk1,0.3434444444444025,0.7144174968088326,198.93333333333334,185.26666666666665,9978.133333333333,11397.366666666669,0,54,3,0,50,0,"{""process_exit"": 54, ""process_exec"": 54, ""process_kprobe"": 50}"
1774307785,normal,sw-wk3,0.1131712631028321,0.42900059884885733,0.0,0.0,5332.043885683797,5578.91753093007,0,0,0,0,0,0,{}
1774307785,normal,sw-wk2,0.14413663588584635,0.4107637396743542,0.0,0.0,5187.152048538187,4359.102576924359,0,0,0,0,0,0,{}
1774307795,normal,k3s-wk1,0.3434444444444025,0.7144174968088326,198.93333333333334,185.26666666666665,9978.133333333333,11397.366666666667,0,15,2,0,17,0,"{""process_exit"": 15, ""process_exec"": 15, ""process_kprobe"": 17}"
1774307795,normal,sw-wk3,0.08888888888896951,0.4290185046286441,0.0,0.0,2663.1000000000004,5252.233333333334,0,1,1,0,0,0,"{""process_exit"": 1, ""process_exec"": 1}"
1774307795,normal,sw-wk2,0.14413663588584635,0.4107637396743542,0.0,0.0,5187.152048538187,4359.102576924359,0,0,0,0,0,0,{}
1774307805,normal,k3s-wk1,0.29644444444452855,0.7118816701977866,194.4666666666667,179.26666666666665,9008.566666666666,2705.433333333334,0,37,3,0,32,0,"{""process_kprobe"": 32, ""process_exit"": 37, ""process_exec"": 37}"
1774307805,normal,sw-wk3,0.08888888888896973,0.4290185046286441,0.0,0.0,2663.1,5252.233333333334,0,0,0,0,0,0,{}
1774307805,normal,sw-wk2,0.14413663588584635,0.4107637396743542,0.0,0.0,5187.152048538187,4359.102576924359,0,0,0,0,0,0,{}
1774307815,normal,k3s-wk1,0.29644444444452855,0.7118816701977866,194.46666666666667,179.26666666666665,9008.566666666666,2705.4333333333334,0,39,3,0,33,0,"{""process_exit"": 40, ""process_exec"": 39, ""process_kprobe"": 33}"
1774307815,normal,sw-wk3,0.08888888888896973,0.4290185046286441,0.0,0.0,2663.1,5252.233333333334,0,0,0,0,0,0,{}
1774307815,normal,sw-wk2,0.07411111111117252,0.40981075617947127,0.0,0.0,430.8333333333333,3834.3333333333335,0,0,0,0,0,0,{}
1774307825,normal,k3s-wk1,0.29644444444452855,0.7118816701977866,194.46666666666667,179.26666666666665,9008.566666666666,2705.4333333333334,0,15,2,0,11,0,"{""process_exit"": 15, ""process_exec"": 15, ""process_kprobe"": 11}"
1774307825,normal,sw-wk3,0.11564399115637525,0.4281888701651908,0.0,0.0,2117.7882211778824,5059.494050594941,0,0,0,0,0,0,{}
1774307825,normal,sw-wk2,0.07411111111117252,0.40981075617947127,0.0,0.0,430.8333333333333,3834.3333333333335,0,0,0,0,0,0,{}
1774307835,normal,k3s-wk1,0.27601659751028973,0.7138884867944888,193.6597510373444,178.52282157676348,9269.941908713692,5135.601659751037,0,57,3,0,53,0,"{""process_exit"": 57, ""process_exec"": 57, ""process_kprobe"": 53}"
1774307835,normal,sw-wk3,0.11564399115637525,0.4281888701651908,0.0,0.0,2117.7882211778824,5059.494050594941,0,0,0,0,0,0,{}
1774307835,normal,sw-wk2,0.07411111111117252,0.40981075617947127,0.0,0.0,430.8333333333333,3834.3333333333335,0,0,0,0,0,0,{}
1774307845,normal,k3s-wk1,0.27601659751028973,0.7138884867944888,193.6597510373444,178.52282157676348,9269.941908713692,5135.601659751037,0,13,2,0,9,0,"{""process_exit"": 13, ""process_exec"": 13, ""process_kprobe"": 9}"
1774307845,normal,sw-wk3,0.11564399115637525,0.4281888701651908,0.0,0.0,2117.7882211778824,5059.494050594941,0,1,1,0,0,0,"{""process_exit"": 1, ""process_exec"": 1}"
1774307845,normal,sw-wk2,0.1367777777777519,0.40930740581578573,0.0,0.0,5093.4,4365.233333333334,0,0,0,0,0,0,{}
1774307855,normal,k3s-wk1,0.27601659751028973,0.7138884867944888,193.6597510373444,178.52282157676348,9269.941908713692,5135.601659751037,0,39,3,0,38,0,"{""process_kprobe"": 38, ""process_exit"": 39, ""process_exec"": 39}"
1774307855,normal,sw-wk3,0.11380026891578054,0.4280973517351695,4.467113378004467,6.0006000600060005,3757.509084241757,5268.060139347268,0,0,0,0,0,0,{}
1774307855,normal,sw-wk2,0.1367777777777519,0.40930740581578573,0.0,0.0,5093.4,4365.233333333334,0,0,0,0,0,0,{}
1774307865,normal,k3s-wk1,0.2894839609483927,0.7261478332960483,192.40167364016736,177.13807531380755,9418.778242677823,7814.058577405857,0,60,3,0,55,0,"{""process_kprobe"": 55, ""process_exit"": 60, ""process_exec"": 60}"
1774307865,normal,sw-wk3,0.11380026891578054,0.4280973517351695,4.467113378004467,6.0006000600060005,3757.509084241757,5268.060139347268,0,0,0,0,0,0,{}
1774307865,normal,sw-wk2,0.1367777777777519,0.40930740581578573,0.0,0.0,5093.4,4365.233333333334,0,0,0,0,0,0,{}
1774307875,normal,k3s-wk1,0.2894839609483929,0.7261478332960483,192.40167364016736,177.13807531380752,9418.778242677823,7814.058577405857,0,33,3,0,30,0,"{""process_kprobe"": 30, ""process_exit"": 33, ""process_exec"": 33}"
1774307875,normal,sw-wk3,0.11380026891578054,0.4280973517351695,4.467113378004467,6.0006000600060005,3757.509084241757,5268.060139347268,0,0,0,0,0,0,{}
1774307875,normal,sw-wk2,0.07344444444445086,0.41095871333301504,4.466666666666668,6.0,1988.7,3991.733333333333,0,0,0,0,0,0,{}
1774307885,normal,k3s-wk1,0.2894839609483929,0.7261478332960483,192.40167364016736,177.13807531380752,9418.778242677823,7814.058577405857,0,12,2,0,11,0,"{""process_exit"": 12, ""process_exec"": 12, ""process_kprobe"": 11}"
1774307885,normal,sw-wk3,0.1138888888888081,0.4285808077894121,0.0,0.0,2162.9666666666667,5321.000000000001,0,1,1,0,0,0,"{""process_exit"": 1, ""process_exec"": 1}"
1774307885,normal,sw-wk2,0.07344444444445086,0.41095871333301504,4.466666666666668,6.0,1988.7,3991.733333333333,0,0,0,0,0,0,{}
1774307895,normal,k3s-wk1,0.27722222222218995,0.7293271571633483,194.46666666666667,179.26666666666665,9498.3,4275.5,0,79,3,0,72,0,"{""process_exit"": 79, ""process_exec"": 79, ""process_kprobe"": 72}"
1774307895,normal,sw-wk3,0.1138888888888081,0.4285808077894121,0.0,0.0,2162.9666666666667,5321.0,0,0,0,0,0,0,{}
1774307895,normal,sw-wk2,0.07344444444445086,0.41095871333301504,4.466666666666667,6.0,1988.7,3991.733333333333,0,0,0,0,0,0,{}
1774307905,normal,k3s-wk1,0.27722222222218995,0.7293271571633483,194.46666666666667,179.26666666666665,9498.3,4275.5,0,55,3,0,49,0,"{""process_exit"": 55, ""process_exec"": 55, ""process_kprobe"": 49}"
1774307905,normal,sw-wk3,0.1138888888888081,0.4285808077894121,0.0,0.0,2162.9666666666667,5321.0,0,0,0,0,0,0,{}
1774307905,normal,sw-wk2,0.1386416913863492,0.40887169937449264,0.0,0.0,4938.772789387728,4352.131453521315,0,0,0,0,0,0,{}
1774307915,normal,k3s-wk1,0.27722222222218995,0.7293271571633483,194.46666666666667,179.26666666666665,9498.3,4275.5,0,39,3,0,37,0,"{""process_exit"": 39, ""process_exec"": 39, ""process_kprobe"": 37}"
1774307915,normal,sw-wk3,0.11466666666674419,0.42881358292664007,0.0,0.0,2739.933333333334,5075.3,0,0,0,0,0,0,{}
1774307915,normal,sw-wk2,0.13864169138634896,0.40887169937449264,0.0,0.0,4938.772789387728,4352.131453521315,0,0,0,0,0,0,{}
1774307925,normal,k3s-wk1,0.29711111111108846,0.729800897474701,191.6,176.4,9248.9,5914.533333333335,0,36,3,0,33,0,"{""process_kprobe"": 33, ""process_exit"": 36, ""process_exec"": 36}"
1774307925,normal,sw-wk3,0.11466666666674419,0.42881358292664007,0.0,0.0,2739.9333333333334,5075.3,0,1,1,0,0,0,"{""process_exit"": 1, ""process_exec"": 1}"
1774307925,normal,sw-wk2,0.13864169138634896,0.40887169937449264,0.0,0.0,4938.772789387728,4352.131453521315,0,0,0,0,0,0,{}
1774307935,normal,k3s-wk1,0.29711111111108846,0.729800897474701,191.60000000000005,176.4,9248.9,5914.533333333333,0,24,4,0,11,0,"{""process_exit"": 20, ""process_exec"": 24, ""process_kprobe"": 11}"
1774307935,normal,sw-wk3,0.11466666666674419,0.42881358292664007,0.0,0.0,2739.9333333333334,5075.3,0,0,0,0,0,0,{}
1774307935,normal,sw-wk2,0.09002011312242986,0.4115535819446434,0.0,0.0,1114.144747808114,3788.945561222789,0,0,0,0,0,0,{}
1774307945,normal,k3s-wk1,0.29711111111108846,0.729800897474701,191.6,176.4,9248.9,5914.533333333333,0,44,5,0,33,0,"{""process_exit"": 44, ""process_exec"": 44, ""process_kprobe"": 33}"
1774307945,normal,sw-wk3,0.13544444444455117,0.42916374039802563,0.0,0.0,6510.566666666667,5447.766666666666,0,0,0,0,0,0,{}
1774307945,normal,sw-wk2,0.09002011312242986,0.4115535819446434,0.0,0.0,1114.144747808114,3788.945561222789,0,0,0,0,0,0,{}
1774307955,normal,k3s-wk1,0.3798888888889148,0.7357318629837744,194.4666666666667,179.26666666666665,9685.133333333333,15695.233333333337,0,39,3,0,34,0,"{""process_exit"": 43, ""process_exec"": 39, ""process_kprobe"": 34}"
1774307955,normal,sw-wk3,0.13544444444455117,0.42916374039802563,0.0,0.0,6510.566666666667,5447.766666666666,0,0,0,0,0,0,{}
1774307955,normal,sw-wk2,0.09002011312242986,0.4115535819446434,0.0,0.0,1114.144747808114,3788.945561222789,0,0,0,0,0,0,{}
1774307965,normal,k3s-wk1,0.3798888888889148,0.7357318629837744,194.46666666666667,179.26666666666665,9685.133333333333,15695.233333333337,0,44,5,0,32,0,"{""process_kprobe"": 32, ""process_exit"": 40, ""process_exec"": 44}"
1774307965,normal,sw-wk3,0.13544444444455117,0.42916374039802563,0.0,0.0,6510.566666666667,5447.766666666666,0,1,1,0,0,0,"{""process_exit"": 1, ""process_exec"": 1}"
1774307965,normal,sw-wk2,0.14144444444448,0.4042838498145761,0.0,0.0,6182.266666666668,4345.1,0,0,0,0,0,0,{}
1774307975,normal,k3s-wk1,0.3798888888889148,0.7357318629837744,194.46666666666667,179.26666666666665,9685.133333333333,15695.233333333334,0,39,3,0,40,0,"{""process_exit"": 43, ""process_exec"": 39, ""process_kprobe"": 40}"
1774307975,normal,sw-wk3,0.1127777777776321,0.4289190280742732,0.0,0.0,6021.5,5446.866666666667,0,0,0,0,0,0,{}
1774307975,normal,sw-wk2,0.14144444444448,0.4042838498145761,0.0,0.0,6182.266666666666,4345.1,0,0,0,0,0,0,{}
1774307985,normal,k3s-wk1,0.3007777777778554,0.7356700135542367,191.6,176.4,9258.366666666669,5341.966666666666,0,34,3,0,29,0,"{""process_exit"": 34, ""process_exec"": 34, ""process_kprobe"": 29}"
1774307985,normal,sw-wk3,0.11277777777763232,0.4289190280742732,0.0,0.0,6021.5,5446.866666666667,0,0,0,0,0,0,{}
1774307985,normal,sw-wk2,0.14144444444448,0.4042838498145761,0.0,0.0,6182.266666666666,4345.1,0,0,0,0,0,0,{}
1774307995,normal,k3s-wk1,0.3007777777778554,0.7356700135542367,191.6,176.4,9258.366666666669,5341.966666666666,0,36,3,0,31,0,"{""process_exit"": 36, ""process_exec"": 36, ""process_kprobe"": 31}"
1774307995,normal,sw-wk3,0.11277777777763232,0.4289190280742732,0.0,0.0,6021.5,5446.866666666667,0,1,1,0,0,0,"{""process_exit"": 1, ""process_exec"": 1}"
1774307995,normal,sw-wk2,0.07333333333331726,0.4071985070588423,0.0,0.0,1117.4666666666667,3957.2,0,0,0,0,0,0,{}
1774308005,normal,k3s-wk1,0.3007777777778554,0.7356700135542367,191.6,176.4,9258.366666666667,5341.966666666666,0,44,5,0,32,0,"{""process_exit"": 40, ""process_exec"": 44, ""process_kprobe"": 32}"
1774308005,normal,sw-wk3,0.11566666666670544,0.4292393425793475,0.0,0.0,3592.133333333333,5362.433333333333,0,0,0,0,0,0,{}
1774308005,normal,sw-wk2,0.07333333333331726,0.4071985070588423,0.0,0.0,1117.4666666666667,3957.2,0,0,0,0,0,0,{}
1774308015,normal,k3s-wk1,0.3195555555554972,0.7354476187969627,194.46666666666667,179.26666666666665,10064.033333333335,11357.466666666667,0,37,3,0,32,0,"{""process_exit"": 41, ""process_exec"": 37, ""process_kprobe"": 32}"
1774308015,normal,sw-wk3,0.11566666666670544,0.4292393425793475,0.0,0.0,3592.133333333333,5362.433333333333,0,1,1,0,0,0,"{""process_exit"": 1, ""process_exec"": 1}"
1774308015,normal,sw-wk2,0.07333333333331726,0.4071985070588423,0.0,0.0,1117.4666666666667,3957.2,0,0,0,0,0,0,{}
1774308025,normal,k3s-wk1,0.3195555555554974,0.7354476187969627,194.46666666666667,179.26666666666665,10064.033333333333,11357.466666666667,0,30,3,0,27,0,"{""process_exit"": 30, ""process_exec"": 30, ""process_kprobe"": 27}"
1774308025,normal,sw-wk3,0.11566666666670544,0.4292393425793475,0.0,0.0,3592.133333333333,5362.433333333333,0,0,0,0,0,0,{}
1774308025,normal,sw-wk2,0.13822222222224811,0.40831861083257737,0.0,0.0,5508.366666666667,4271.133333333333,0,0,0,0,0,0,{}
1774308035,normal,k3s-wk1,0.3195555555554974,0.7354476187969627,194.46666666666667,179.26666666666665,10064.033333333333,11357.466666666667,0,18,2,0,18,0,"{""process_exit"": 18, ""process_exec"": 18, ""process_kprobe"": 18}"
1774308035,normal,sw-wk3,0.1261111111111758,0.42934080866480584,0.0,0.0,6031.033333333333,5667.866666666667,0,1,1,0,0,0,"{""process_exit"": 1, ""process_exec"": 1}"
1774308035,normal,sw-wk2,0.13822222222224811,0.40831861083257737,0.0,0.0,5508.366666666667,4271.133333333333,0,0,0,0,0,0,{}
1774308045,normal,k3s-wk1,0.32822222222223185,0.7267268492321459,191.6,176.4,9170.400000000001,6211.8,0,12,2,0,11,0,"{""process_exit"": 12, ""process_exec"": 12, ""process_kprobe"": 11}"
1774308045,normal,sw-wk3,0.1261111111111758,0.42934080866480584,0.0,0.0,6031.033333333333,5667.866666666667,0,0,0,0,0,0,{}
1774308045,normal,sw-wk2,0.13822222222224811,0.40831861083257737,0.0,0.0,5508.366666666667,4271.133333333333,0,0,0,0,0,0,{}
1774308055,normal,k3s-wk1,0.32822222222223196,0.7267268492321459,191.6,176.4,9170.4,6211.8,0,39,3,0,34,0,"{""process_exit"": 39, ""process_exec"": 39, ""process_kprobe"": 34}"
1774308055,normal,sw-wk3,0.1261111111111758,0.42934080866480584,0.0,0.0,6031.033333333333,5667.866666666667,0,1,1,0,0,0,"{""process_exit"": 1, ""process_exec"": 1}"
1774308055,normal,sw-wk2,0.09353509093530876,0.41061054608540637,0.0,0.0,1850.5149485051495,3839.782688397827,0,0,0,0,0,0,{}
1774308065,normal,k3s-wk1,0.32822222222223196,0.7267268492321459,191.6,176.4,9170.4,6211.8,0,37,3,0,33,0,"{""process_exit"": 37, ""process_exec"": 37, ""process_kprobe"": 33}"
1774308065,normal,sw-wk3,0.12611111111101414,0.42945421193678857,4.466666666666667,6.0,2995.4333333333334,5480.5666666666675,0,1,1,0,0,0,"{""process_exit"": 1, ""process_exec"": 1}"
1774308065,normal,sw-wk2,0.09353509093530876,0.41061054608540637,0.0,0.0,1850.5149485051495,3839.782688397827,0,0,0,0,0,0,{}
1774308075,normal,k3s-wk1,0.27844444444449945,0.7261978392178021,194.4666666666667,179.26666666666665,9861.733333333334,5962.5,0,63,3,0,56,0,"{""process_kprobe"": 56, ""process_exit"": 63, ""process_exec"": 63}"
1774308075,normal,sw-wk3,0.12611111111101414,0.42945421193678857,4.466666666666667,6.0,2995.4333333333334,5480.566666666667,0,0,0,0,0,0,{}
1774308075,normal,sw-wk2,0.09353509093530876,0.41061054608540637,0.0,0.0,1850.5149485051495,3839.782688397827,0,0,0,0,0,0,{}
1774308085,normal,k3s-wk1,0.27844444444449945,0.7261978392178021,194.46666666666667,179.26666666666665,9861.733333333334,5962.5,0,60,3,0,53,0,"{""process_exit"": 60, ""process_exec"": 60, ""process_kprobe"": 53}"
1774308085,normal,sw-wk3,0.12611111111101414,0.42945421193678857,4.466666666666667,6.0,2995.4333333333334,5480.566666666667,0,0,0,0,0,0,{}
1774308085,normal,sw-wk2,0.1433904406373071,0.4122857279281861,0.0,0.0,5185.720951936538,4382.041197253517,0,0,0,0,0,0,{}
1774308095,normal,k3s-wk1,0.27844444444449945,0.7261978392178021,194.46666666666667,179.26666666666665,9861.733333333334,5962.5,0,12,2,0,13,0,"{""process_exit"": 12, ""process_exec"": 12, ""process_kprobe"": 13}"
1774308095,normal,sw-wk3,0.11644444444447999,0.4298103380014364,0.0,0.0,4266.3,5261.233333333334,0,0,0,0,0,0,{}
1774308095,normal,sw-wk2,0.1433904406373071,0.4122857279281861,0.0,0.0,5185.720951936538,4382.041197253517,0,0,0,0,0,0,{}
1774308105,normal,k3s-wk1,0.27888888888887275,0.7248160966430235,395.8333333333333,268.8333333333333,9306.7,5931.1,0,12,2,0,12,0,"{""process_kprobe"": 12, ""process_exit"": 12, ""process_exec"": 12}"
1774308105,normal,sw-wk3,0.11644444444447988,0.4298103380014364,0.0,0.0,4266.300000000001,5261.233333333334,0,1,1,0,0,0,"{""process_exit"": 1, ""process_exec"": 1}"
1774308105,normal,sw-wk2,0.1433904406373071,0.4122857279281861,0.0,0.0,5185.720951936538,4382.041197253517,0,0,0,0,0,0,{}
1774308115,normal,k3s-wk1,0.27888888888887275,0.7248160966430235,395.8333333333333,268.8333333333333,9306.7,5931.1,0,36,3,0,31,0,"{""process_exit"": 37, ""process_exec"": 36, ""process_kprobe"": 31}"
1774308115,normal,sw-wk3,0.11644444444447999,0.4298103380014364,0.0,0.0,4266.3,5261.233333333334,0,0,0,0,0,0,{}
1774308115,normal,sw-wk2,0.10229482691560987,0.4108293940696175,0.0,0.0,593.2322053675612,3910.1516919486576,0,0,0,0,0,0,{}
1774308125,normal,k3s-wk1,0.27888888888887275,0.7248160966430235,395.8333333333333,268.8333333333333,9306.7,5931.1,0,58,3,0,52,0,"{""process_exit"": 58, ""process_exec"": 58, ""process_kprobe"": 52}"
1774308125,normal,sw-wk3,0.12744444444453817,0.42937463069329185,0.0,0.0,2035.2333333333333,5255.333333333333,0,0,0,0,0,0,{}
1774308125,normal,sw-wk2,0.10229482691560998,0.4108293940696175,0.0,0.0,593.2322053675612,3910.1516919486576,0,0,0,0,0,0,{}
1774308135,normal,k3s-wk1,0.3052222222221542,0.7192970220157651,959.6999999999999,407.4,9509.266666666666,9027.200000000003,0,12,2,0,11,0,"{""process_kprobe"": 11, ""process_exit"": 12, ""process_exec"": 12}"
1774308135,normal,sw-wk3,0.12744444444453817,0.42937463069329185,0.0,0.0,2035.2333333333333,5255.333333333333,0,0,0,0,0,0,{}
1774308135,normal,sw-wk2,0.10229482691560998,0.4108293940696175,0.0,0.0,593.2322053675612,3910.1516919486576,0,0,0,0,0,0,{}
1774308145,normal,k3s-wk1,0.3052222222221542,0.7192970220157651,959.6999999999999,407.4,9509.266666666666,9027.2,0,15,2,0,12,0,"{""process_exit"": 15, ""process_exec"": 15, ""process_kprobe"": 12}"
1774308145,normal,sw-wk3,0.12744444444453817,0.42937463069329185,0.0,0.0,2035.2333333333333,5255.333333333333,0,1,1,0,0,0,"{""process_exit"": 1, ""process_exec"": 1}"
1774308145,normal,sw-wk2,0.15341799153413138,0.4070711773225739,0.0,0.0,4887.477918874779,4203.446322034463,0,0,0,0,0,0,{}
1774308155,normal,k3s-wk1,0.3052222222221542,0.7192970220157651,959.6999999999999,407.4,9509.266666666666,9027.2,0,12,2,0,15,0,"{""process_exit"": 12, ""process_exec"": 12, ""process_kprobe"": 15}"
1774308155,normal,sw-wk3,0.10200862107264552,0.4293308610093687,0.0,0.0,3296.4271430475937,5602.65297960272,0,1,1,0,0,0,"{""process_exit"": 1, ""process_exec"": 1}"
1774308155,normal,sw-wk2,0.15341799153413138,0.4070711773225739,0.0,0.0,4887.477918874779,4203.446322034463,0,0,0,0,0,0,{}
