timestamp,label,node,avg_cpu,avg_mem,net_bytes_in,net_bytes_out,net_internal_bytes_in,net_internal_bytes_out,net_drop_rate,last_successful_scrape_age_sec,exec_count,unique_process_count,tmp_exec_count,outbound_connect_count,mining_port_count,syscall_feature_vector
1776394084,transition,sw-wk3,0.0,0.391014246212266,0.0,0.0,0.0,0.0,0.0,0,0,0,0,0,0,{}
1776394084,transition,k3s-wk1,0.2512222222222288,0.6212473034769485,0.0,0.0,23398.63333333333,3900.6666666666665,0.0,0,0,0,0,0,0,{}
1776394084,transition,sw-wk2,0.10879976886576748,0.2827388916497827,100.87675434210087,100.87675434210087,770.1436810347701,3477.7811114444776,0.0,0,0,0,0,0,0,{}
1776394094,normal,sw-wk3,0.1583344442963136,0.3957751952801458,244.96733768830822,169.77736301826423,3149.8466871083856,17190.741234502068,0.0,0,0,0,0,0,0,{}
1776394094,normal,k3s-wk1,0.2512222222222288,0.6212473034769485,0.0,0.0,23398.63333333333,3900.6666666666665,0.0,0,12,2,0,8,0,"{""process_exit"": 12, ""process_exec"": 12, ""process_kprobe"": 8}"
1776394094,normal,sw-wk2,0.10879976886576748,0.2827388916497827,100.87675434210087,100.87675434210087,770.1436810347701,3477.7811114444776,0.0,0,104,5,0,0,0,"{""process_exit"": 106, ""process_exec"": 104}"
1776394104,normal,sw-wk3,0.1583344442963136,0.3957751952801458,244.96733768830822,169.77736301826423,3149.8466871083856,17190.741234502068,0.0,0,0,0,0,0,0,{}
1776394104,normal,k3s-wk1,0.332222222222198,0.6375748846040528,325.5333333333333,165.8,43475.53333333333,10403.366666666667,0.0,0,54,3,0,48,0,"{""process_exit"": 54, ""process_exec"": 54, ""process_kprobe"": 48}"
1776394104,normal,sw-wk2,0.10879976886576748,0.2827388916497827,100.87675434210087,100.87675434210087,770.1436810347701,3477.7811114444776,0.0,0,0,0,0,0,0,{}
1776394114,transition,sw-wk3,0.0,0.3957751952801458,0.0,0.0,0.0,0.0,0.0,10,0,0,0,0,0,{}
1776394114,transition,k3s-wk1,0.332222222222198,0.6375748846040528,325.5333333333333,165.8,43475.53333333333,10403.366666666667,0.0,10,36,3,0,30,0,"{""process_exit"": 36, ""process_exec"": 36, ""process_kprobe"": 30}"
1776394114,transition,sw-wk2,0.20488888888887435,0.2829714438625329,100.86666666666666,100.86666666666666,5381.766666666666,27668.899999999998,0.0,10,0,0,0,0,0,{}
1776394124,normal,sw-wk3,0.15688758501134614,0.39114007925889116,245.03267102280304,171.82290972129616,3762.401653553807,16788.471796239497,0.0,0,0,0,0,0,0,{}
1776394124,normal,k3s-wk1,0.332222222222198,0.6375748846040528,325.5333333333333,165.8,43475.53333333333,10403.366666666667,0.0,0,33,3,0,28,0,"{""process_exit"": 33, ""process_exec"": 33, ""process_kprobe"": 28}"
1776394124,normal,sw-wk2,0.20488888888887435,0.2829714438625329,100.86666666666666,100.86666666666666,5381.766666666666,27668.899999999998,0.0,0,0,0,0,0,0,{}
1776394135,normal,sw-wk3,0.15688758501134614,0.39114007925889116,245.03267102280304,171.82290972129616,3762.401653553807,16788.471796239497,0.0,0,0,0,0,0,0,{}
1776394135,normal,k3s-wk1,0.2845555555555621,0.652685573277132,325.5333333333333,165.8,20350.500000000004,2657.9666666666667,0.0,0,39,3,0,32,0,"{""process_exit"": 39, ""process_exec"": 39, ""process_kprobe"": 32}"
1776394135,normal,sw-wk2,0.11155555555552477,0.2860838207372861,103.73333333333333,103.73333333333333,686.9666666666668,3679.9666666666667,0.0,0,0,0,0,0,0,{}
1776394144,transition,sw-wk3,0.0,0.39114007925889116,0.0,0.0,0.0,0.0,0.0,9,0,0,0,0,0,{}
1776394144,transition,k3s-wk1,0.2845555555555621,0.652685573277132,325.5333333333333,165.8,20350.5,2657.9666666666667,0.0,9,54,3,0,48,0,"{""process_exit"": 54, ""process_exec"": 54, ""process_kprobe"": 48}"
1776394144,transition,sw-wk2,0.11155555555552477,0.2860838207372861,103.73333333333333,103.73333333333333,686.9666666666667,3679.9666666666667,0.0,9,2,2,0,0,0,"{""process_exec"": 2}"
1776394154,normal,sw-wk3,0.1556414614367735,0.3997907030085248,244.9428466691105,175.75898956910052,3376.0122638051125,18653.64748225414,0.0,0,0,0,0,0,0,{}
1776394154,normal,k3s-wk1,0.2845555555555621,0.652685573277132,325.5333333333333,165.8,20350.5,2657.9666666666667,0.0,0,12,2,0,8,0,"{""process_exit"": 12, ""process_exec"": 12, ""process_kprobe"": 8}"
1776394154,normal,sw-wk2,0.11155555555552477,0.2860838207372861,103.73333333333333,103.73333333333333,686.9666666666667,3679.9666666666667,0.0,0,0,0,0,0,0,{}
1776394164,normal,sw-wk3,0.1556414614367735,0.3997907030085248,244.9428466691105,175.75898956910052,3376.0122638051116,18653.64748225414,0.0,0,0,0,0,0,0,{}
1776394164,normal,k3s-wk1,0.3170000000000276,0.6639977061915894,330.0,171.8,24632.6,5938.733333333334,0.0,0,18,2,0,12,0,"{""process_exit"": 18, ""process_exec"": 18, ""process_kprobe"": 12}"
1776394164,normal,sw-wk2,0.11155555555552477,0.2860838207372861,103.73333333333333,103.73333333333333,686.9666666666667,3679.9666666666667,0.0,0,104,5,0,0,0,"{""process_exit"": 106, ""process_exec"": 104}"
1776394174,transition,sw-wk3,0.0,0.3997907030085248,0.0,0.0,0.0,0.0,0.0,10,0,0,0,0,0,{}
1776394174,transition,k3s-wk1,0.3170000000000276,0.6639977061915894,330.0,171.8,24632.6,5938.733333333334,0.0,10,36,3,0,30,0,"{""process_exit"": 36, ""process_exec"": 36, ""process_kprobe"": 30}"
1776394174,transition,sw-wk2,0.19311111111112256,0.2862351389579112,100.86666666666666,100.86666666666666,5566.333333333333,28052.833333333332,0.0,10,0,0,0,0,0,{}
1776394185,normal,sw-wk3,0.152580046455284,0.39630082699389635,166.37215350248388,113.55983062714634,4024.0722835328243,17771.413329776948,0.0,0,0,0,0,0,0,{}
1776394185,normal,k3s-wk1,0.3060000000000097,0.6524022337539778,217.73333333333332,111.20000000000002,43828.433333333334,7640.099999999999,0.0,0,36,3,0,30,0,"{""process_exit"": 36, ""process_exec"": 36, ""process_kprobe"": 30}"
1776394185,normal,sw-wk2,0.19311111111112256,0.2862351389579112,100.86666666666666,100.86666666666666,5566.333333333333,28052.833333333332,0.0,0,0,0,0,0,0,{}
1776394194,normal,sw-wk3,0.1525800464552841,0.39630082699389635,166.3721535024839,113.55983062714634,4024.0722835328243,17771.413329776948,0.0,0,0,0,0,0,0,{}
1776394194,normal,k3s-wk1,0.3060000000000097,0.6524022337539778,217.73333333333332,111.2,43828.433333333334,7640.099999999999,0.0,0,12,2,0,8,0,"{""process_exit"": 12, ""process_exec"": 12, ""process_kprobe"": 8}"
1776394194,normal,sw-wk2,0.19311111111112256,0.2862351389579112,100.86666666666666,100.86666666666666,5566.333333333333,28052.833333333332,0.0,0,0,0,0,0,0,{}
1776394204,transition,sw-wk3,0.0,0.39630082699389635,0.0,0.0,0.0,0.0,0.0,10,0,0,0,0,0,{}
1776394204,transition,k3s-wk1,0.3060000000000097,0.6524022337539778,217.73333333333332,111.2,43828.433333333334,7640.099999999999,0.0,10,57,3,0,50,0,"{""process_exit"": 57, ""process_exec"": 57, ""process_kprobe"": 50}"
1776394204,transition,sw-wk2,0.11097785772979196,0.2874010856684124,90.61229928709442,90.61229928709442,669.2317942567793,3651.0760210540343,0.0,10,0,0,0,0,0,{}
1776394214,normal,sw-wk3,0.1513333333333423,0.3935133860876435,245.0,167.80000000000004,3045.2,15493.666666666666,0.0,0,0,0,0,0,0,{}
1776394214,normal,k3s-wk1,0.3060000000000097,0.6524022337539778,217.73333333333332,111.2,43828.433333333334,7640.099999999999,0.0,0,33,3,0,28,0,"{""process_exit"": 33, ""process_exec"": 33, ""process_kprobe"": 28}"
1776394214,normal,sw-wk2,0.11097785772979196,0.2874010856684124,90.61229928709442,90.61229928709442,669.2317942567793,3651.0760210540343,0.0,0,106,7,0,0,0,"{""process_exec"": 106, ""process_exit"": 106}"
1776394224,normal,sw-wk3,0.1513333333333423,0.3935133860876435,245.0,167.8,3045.2,15493.666666666666,0.0,0,0,0,0,0,0,{}
1776394224,normal,k3s-wk1,0.33977777777779716,0.672778973723928,433.3333333333333,220.4,44361.03333333333,10425.0,0.0,0,9,2,0,6,0,"{""process_exit"": 9, ""process_exec"": 9, ""process_kprobe"": 6}"
1776394224,normal,sw-wk2,0.11097785772979196,0.2874010856684124,90.61229928709442,90.61229928709442,669.2317942567793,3651.0760210540343,0.0,0,0,0,0,0,0,{}
1776394235,normal,sw-wk3,0.15911111111110787,0.3955314933037706,245.0,165.8,4218.533333333334,21473.166666666668,0.0,0,0,0,0,0,0,{}
1776394235,normal,k3s-wk1,0.33977777777779716,0.672778973723928,433.3333333333333,220.4,44361.03333333333,10425.0,0.0,0,15,2,0,10,0,"{""process_exit"": 15, ""process_exec"": 15, ""process_kprobe"": 10}"
1776394235,normal,sw-wk2,0.20029795655174587,0.28250952508378246,81.3154559402308,81.31545594023082,5359.182175972251,27877.826696017615,0.0,0,0,0,0,0,0,{}
1776394244,normal,sw-wk3,0.15911111111110787,0.3955314933037706,245.0,165.8,4218.533333333333,21473.166666666668,0.0,0,0,0,0,0,0,{}
1776394244,normal,k3s-wk1,0.33977777777779716,0.672778973723928,433.3333333333333,220.4,44361.03333333333,10425.0,0.0,0,54,3,0,48,0,"{""process_exit"": 54, ""process_exec"": 54, ""process_kprobe"": 48}"
1776394244,normal,sw-wk2,0.20029795655174587,0.28250952508378246,81.31545594023082,81.31545594023082,5359.182175972251,27877.826696017615,0.0,0,0,0,0,0,0,{}
1776394254,normal,sw-wk3,0.15911111111110787,0.3955314933037706,245.0,165.8,4218.533333333333,21473.166666666668,0.0,0,0,0,0,0,0,{}
1776394254,normal,k3s-wk1,0.2876666666666198,0.6703395446022692,525.7,256.23333333333335,24252.766666666666,2858.8,0.0,0,36,3,0,30,0,"{""process_exit"": 36, ""process_exec"": 36, ""process_kprobe"": 30}"
1776394254,normal,sw-wk2,0.20029795655174587,0.28250952508378246,81.31545594023082,81.31545594023082,5359.182175972251,27877.826696017615,0.0,0,0,0,0,0,0,{}
1776394264,transition,sw-wk3,0.0,0.3955314933037706,0.0,0.0,0.0,0.0,0.0,10,0,0,0,0,0,{}
1776394264,transition,k3s-wk1,0.2876666666666198,0.6703395446022692,525.7,256.23333333333335,24252.766666666666,2858.8,0.0,10,12,2,0,8,0,"{""process_exit"": 12, ""process_exec"": 12, ""process_kprobe"": 8}"
1776394264,transition,sw-wk2,0.12144444444444769,0.2858910891089109,100.86666666666666,100.86666666666666,2008.566666666667,3866.7999999999997,0.0,10,2,2,0,0,0,"{""process_exec"": 2}"
1776394274,normal,sw-wk3,0.15966666666667562,0.3932059711762682,245.0,163.8,5547.533333333333,14013.666666666666,0.0,0,0,0,0,0,0,{}
1776394274,normal,k3s-wk1,0.2876666666666198,0.6703395446022692,525.7,256.23333333333335,24252.766666666666,2858.8,0.0,0,15,2,0,10,0,"{""process_exit"": 16, ""process_exec"": 15, ""process_kprobe"": 10}"
1776394274,normal,sw-wk2,0.12144444444444769,0.2858910891089109,100.86666666666666,100.86666666666666,2008.5666666666666,3866.7999999999997,0.0,0,104,5,0,0,0,"{""process_exit"": 106, ""process_exec"": 104}"
1776394285,normal,sw-wk3,0.15966666666667562,0.3932059711762682,245.0,163.8,5547.533333333333,14013.666666666666,0.0,0,0,0,0,0,0,{}
1776394285,normal,k3s-wk1,0.3208888888889002,0.6570406484975668,327.5333333333333,167.8,41486.7,12230.3,0.0,0,15,2,0,10,0,"{""process_exit"": 15, ""process_exec"": 15, ""process_kprobe"": 10}"
1776394285,normal,sw-wk2,0.2565555555555572,0.28440817054678436,100.86666666666666,100.86666666666666,5765.7,27924.899999999998,0.0,0,0,0,0,0,0,{}
1776394295,transition,sw-wk3,0.0,0.3932059711762682,0.0,0.0,0.0,0.0,0.0,9,0,0,0,0,0,{}
1776394295,transition,k3s-wk1,0.3208888888889002,0.6570406484975668,327.5333333333333,167.8,41486.7,12230.3,0.0,9,33,3,0,28,0,"{""process_exit"": 33, ""process_exec"": 33, ""process_kprobe"": 28}"
1776394295,transition,sw-wk2,0.2565555555555572,0.28440817054678436,100.86666666666666,100.86666666666666,5765.7,27924.899999999998,0.0,9,0,0,0,0,0,{}
1776394304,normal,sw-wk3,0.21499999999998387,0.40934605043515937,163.33333333333334,108.53333333333333,5257.733333333334,17146.166666666668,0.0,0,0,0,0,0,0,{}
1776394304,normal,k3s-wk1,0.3208888888889002,0.6570406484975668,327.5333333333333,167.8,41486.7,12230.3,0.0,0,36,3,0,30,0,"{""process_exit"": 36, ""process_exec"": 36, ""process_kprobe"": 30}"
1776394304,normal,sw-wk2,0.2565555555555572,0.28440817054678436,100.86666666666666,100.86666666666666,5765.7,27924.899999999998,0.0,0,0,0,0,0,0,{}
1776394314,normal,sw-wk3,0.21499999999998387,0.40934605043515937,163.33333333333334,108.53333333333333,5257.733333333334,17146.166666666668,0.0,0,0,0,0,0,0,{}
1776394314,normal,k3s-wk1,0.30800000000001293,0.6537963545153145,327.5333333333333,167.8,23827.366666666665,6635.5,0.0,0,54,3,0,48,0,"{""process_exit"": 54, ""process_exec"": 54, ""process_kprobe"": 48}"
1776394314,normal,sw-wk2,0.2565555555555572,0.28440817054678436,100.86666666666666,100.86666666666666,5765.7,27924.899999999998,0.0,0,0,0,0,0,0,{}
1776394325,transition,sw-wk3,0.0,0.40934605043515937,0.0,0.0,0.0,0.0,0.0,10,0,0,0,0,0,{}
1776394325,transition,k3s-wk1,0.30800000000001293,0.6537963545153145,327.5333333333333,167.8,23827.366666666665,6635.5,0.0,10,36,3,0,30,0,"{""process_exit"": 36, ""process_exec"": 36, ""process_kprobe"": 30}"
1776394325,transition,sw-wk2,0.11523932958914651,0.28257164519540756,100.56162972317303,100.56162972317303,670.0674620318367,3641.553953009205,0.0,10,2,2,0,0,0,"{""process_exec"": 2}"
1776394336,normal,sw-wk3,0.16688885926321173,0.422972654408298,244.96733768830822,167.7776296493801,3373.616851086522,19083.122250366618,0.0,0,0,0,0,0,0,{}
1776394336,normal,k3s-wk1,0.2915555555555329,0.6530637355889116,223.73333333333332,117.8,44551.5,7713.366666666667,0.0,0,12,2,0,8,0,"{""process_exit"": 12, ""process_exec"": 12, ""process_kprobe"": 8}"
1776394336,normal,sw-wk2,0.11523932958914651,0.28257164519540756,100.56162972317303,100.56162972317303,670.0674620318367,3641.553953009205,0.0,0,104,5,0,0,0,"{""process_exit"": 106, ""process_exec"": 104}"
1776394344,normal,sw-wk3,0.16688885926321173,0.422972654408298,244.96733768830822,167.7776296493801,3373.616851086522,19083.122250366618,0.0,0,0,0,0,0,0,{}
1776394344,normal,k3s-wk1,0.2915555555555329,0.6530637355889116,223.73333333333332,117.8,44551.5,7713.366666666667,0.0,0,39,3,0,32,0,"{""process_exit"": 39, ""process_exec"": 39, ""process_kprobe"": 32}"
1776394344,normal,sw-wk2,0.11523932958914651,0.28257164519540756,100.56162972317303,100.56162972317303,670.0674620318367,3641.553953009205,0.0,0,0,0,0,0,0,{}
1776394355,transition,sw-wk3,0.0,0.422972654408298,0.0,0.0,0.0,0.0,0.0,10,0,0,0,0,0,{}
1776394355,transition,k3s-wk1,0.2915555555555329,0.6530637355889116,223.73333333333332,117.8,44551.5,7713.366666666667,0.0,10,12,2,0,8,0,"{""process_exit"": 12, ""process_exec"": 12, ""process_kprobe"": 8}"
1776394355,transition,sw-wk2,0.187867036628393,0.285989844158161,101.16003075585864,101.16003075585864,5658.075084411459,27987.731086818436,0.0,10,0,0,0,0,0,{}
1776394364,normal,sw-wk3,0.171111703782725,0.4345381449341845,245.03267102280304,167.82237631684225,6286.671556207494,18401.286838245098,0.0,0,0,0,0,0,0,{}
1776394364,normal,k3s-wk1,0.2915555555555329,0.6530637355889116,223.73333333333332,117.8,0.0,0.0,0.0,0,57,3,0,50,0,"{""process_exit"": 57, ""process_exec"": 57, ""process_kprobe"": 50}"
1776394364,normal,sw-wk2,0.187867036628393,0.285989844158161,101.16003075585864,101.16003075585864,5658.075084411459,27987.731086818436,0.0,0,0,0,0,0,0,{}
1776394374,normal,sw-wk3,0.171111703782725,0.4345381449341845,245.03267102280304,167.82237631684225,6286.671556207494,18401.286838245098,0.0,0,0,0,0,0,0,{}
1776394374,normal,k3s-wk1,0.3025555555555507,0.6602285003437326,412.8,210.0,21520.2,8146.8,0.0,0,15,2,0,10,0,"{""process_exit"": 15, ""process_exec"": 15, ""process_kprobe"": 10}"
1776394374,normal,sw-wk2,0.187867036628393,0.285989844158161,101.16003075585864,101.16003075585864,5658.075084411459,27987.731086818436,0.0,0,0,0,0,0,0,{}
1776394385,transition,sw-wk3,0.0,0.4345381449341845,0.0,0.0,0.0,0.0,0.0,10,0,0,0,0,0,{}
1776394385,transition,k3s-wk1,0.3025555555555507,0.6602285003437326,412.8,210.0,21520.2,8146.8,0.0,10,36,3,0,30,0,"{""process_exit"": 36, ""process_exec"": 36, ""process_kprobe"": 30}"
1776394385,transition,sw-wk2,0.11608164716602465,0.28548332632491047,100.87002900096668,100.87002900096671,891.1963732124406,3581.3193773125777,0.0,10,106,7,0,0,0,"{""process_exec"": 106, ""process_exit"": 106}"
1776394395,normal,sw-wk3,0.16022222222222304,0.4468793404436969,249.46666666666667,169.8,3350.233333333333,19630.433333333334,0.0,0,0,0,0,0,0,{}
1776394395,normal,k3s-wk1,0.3025555555555507,0.6602285003437326,0.0,0.0,48219.26666666666,10719.933333333332,0.0,0,39,3,0,32,0,"{""process_exit"": 39, ""process_exec"": 39, ""process_kprobe"": 32}"
1776394395,normal,sw-wk2,0.11608164716602465,0.28548332632491047,100.87002900096671,100.87002900096671,891.1963732124406,3581.3193773125777,0.0,0,0,0,0,0,0,{}
1776394405,normal,sw-wk3,0.16022222222222304,0.4468793404436969,249.46666666666667,169.8,3350.233333333333,19630.433333333334,0.0,0,0,0,0,0,0,{}
1776394405,normal,k3s-wk1,0.3176666666666683,0.6672103925776334,284.46666666666664,145.0,48219.26666666666,10719.933333333332,0.0,0,44,3,0,38,0,"{""process_exit"": 44, ""process_exec"": 44, ""process_kprobe"": 38}"
1776394405,normal,sw-wk2,0.11608164716602465,0.28548332632491047,100.87002900096671,100.87002900096671,891.1963732124406,3581.3193773125777,0.0,0,0,0,0,0,0,{}
1776394415,transition,sw-wk3,0.0,0.4468793404436969,0.0,0.0,0.0,0.0,0.0,10,0,0,0,0,0,"{""process_exit"": 7}"
1776394415,transition,k3s-wk1,0.3176666666666683,0.6672103925776334,284.46666666666664,145.0,48219.26666666666,10719.933333333332,0.0,10,28,2,0,22,0,"{""process_exit"": 28, ""process_exec"": 28, ""process_kprobe"": 22}"
1776394415,transition,sw-wk2,0.20633333333337056,0.2882548389974132,68.2,68.2,6268.666666666667,27979.933333333334,0.0,10,0,0,0,0,0,{}
1776394426,normal,sw-wk3,0.19044444444443798,0.3998862724110249,245.0,167.8,7913.8,16176.533333333333,0.0,0,3,1,0,0,0,"{""process_exit"": 9, ""process_exec"": 3}"
1776394426,normal,k3s-wk1,0.2928888888888953,0.6469995924877774,283.8,148.4,16985.1,7483.833333333333,0.0,0,15,2,0,10,0,"{""process_exit"": 15, ""process_exec"": 15, ""process_kprobe"": 10}"
1776394426,normal,sw-wk2,0.20633333333337056,0.2882548389974132,68.2,68.2,6268.666666666667,27979.933333333334,0.0,0,0,0,0,0,0,{}
1776394435,normal,sw-wk3,0.19044444444443798,0.3998862724110249,245.0,167.8,7913.8,16176.533333333333,0.0,0,0,0,0,0,0,{}
1776394435,normal,k3s-wk1,0.2928888888888953,0.6469995924877774,283.8,148.4,16985.1,7483.833333333333,0.0,0,33,3,0,28,0,"{""process_exit"": 33, ""process_exec"": 33, ""process_kprobe"": 28}"
1776394435,normal,sw-wk2,0.20633333333337056,0.2882548389974132,68.2,68.2,6268.666666666667,27979.933333333334,0.0,0,0,0,0,0,0,{}
1776394445,transition,sw-wk3,0.0,0.3998862724110249,0.0,0.0,0.0,0.0,0.0,10,1,1,0,0,0,"{""process_exit"": 9, ""process_exec"": 1}"
1776394445,transition,k3s-wk1,0.2928888888888953,0.6469995924877774,283.8,148.4,16985.1,7483.833333333333,0.0,10,39,3,0,32,0,"{""process_exit"": 39, ""process_exec"": 39, ""process_kprobe"": 32}"
1776394445,transition,sw-wk2,0.11763725457515406,0.2865505179861616,100.87002900096671,100.87002900096671,761.1253708456948,3710.1236707890266,0.0,10,2,2,0,0,0,"{""process_exec"": 2}"
1776394455,normal,sw-wk3,0.1446666666666513,0.399002255437899,163.33333333333334,110.53333333333333,2747.233333333333,7717.566666666667,0.0,0,0,0,0,0,0,{}
1776394455,normal,k3s-wk1,0.2928888888888953,0.6469995924877774,0.0,0.0,34421.1,5487.066666666667,0.0,0,36,3,0,30,0,"{""process_exit"": 36, ""process_exec"": 36, ""process_kprobe"": 30}"
1776394455,normal,sw-wk2,0.11763725457515406,0.2865505179861616,100.87002900096671,100.87002900096671,761.125370845695,3710.1236707890266,0.0,0,104,5,0,0,0,"{""process_exit"": 106, ""process_exec"": 104}"
1776394465,normal,sw-wk3,0.1446666666666513,0.399002255437899,163.33333333333334,110.53333333333333,2747.233333333333,7717.566666666667,0.0,0,0,0,0,0,0,{}
1776394465,normal,k3s-wk1,0.3056666666666489,0.6501151983997526,356.3333333333333,186.6,34421.1,5487.066666666667,0.0,0,12,2,0,8,0,"{""process_exit"": 12, ""process_exec"": 12, ""process_kprobe"": 8}"
1776394465,normal,sw-wk2,0.11763725457515406,0.2865505179861616,100.87002900096671,100.87002900096671,761.125370845695,0.0,0.0,0,0,0,0,0,0,{}
1776394475,transition,sw-wk3,0.0,0.399002255437899,0.0,0.0,0.0,0.0,0.0,10,0,0,0,0,0,{}
1776394475,transition,k3s-wk1,0.3056666666666489,0.6501151983997526,356.3333333333333,186.6,34421.1,5487.066666666667,0.0,10,36,3,0,30,0,"{""process_exit"": 36, ""process_exec"": 36, ""process_kprobe"": 30}"
1776394475,transition,sw-wk2,0.1807231593216969,0.28383475413178383,105.94039602640177,100.87339155943731,5408.360557370492,27966.964464297624,0.0,10,0,0,0,0,0,{}
1776394485,transition,sw-wk3,0.16450014443484784,0.39936382634402434,244.98366775548297,163.78908072795147,3149.690020665289,5322.9451369908675,0.0,20,0,0,0,0,0,"{""process_exit"": 13}"
1776394485,transition,k3s-wk1,0.0,0.6501151983997526,0.0,152.8,11091.933333333332,6620.633333333333,0.0,20,33,3,0,28,0,"{""process_exit"": 33, ""process_exec"": 33, ""process_kprobe"": 28}"
1776394485,transition,sw-wk2,0.1807231593216969,0.28383475413178383,105.94039602640177,100.87339155943731,5408.360557370492,27966.964464297624,0.0,20,0,0,0,0,0,{}
1776394495,normal,sw-wk3,0.16450014443484784,0.39936382634402434,244.98366775548297,163.78908072795147,3149.690020665289,5322.9451369908675,0.0,0,1,1,0,0,0,"{""process_exit"": 2, ""process_exec"": 1}"
1776394495,normal,k3s-wk1,0.301000000000042,0.648599162624469,310.1333333333333,152.8,11091.933333333332,6620.633333333333,0.0,0,36,3,0,30,0,"{""process_exit"": 36, ""process_exec"": 36, ""process_kprobe"": 30}"
1776394495,normal,sw-wk2,0.1807231593216969,0.28383475413178383,105.94039602640177,100.87339155943731,0.0,3550.3333333333335,0.0,0,0,0,0,0,0,{}
1776394505,transition,sw-wk3,0.0,0.39936382634402434,0.0,0.0,0.0,0.0,0.0,10,0,0,0,0,0,{}
1776394505,transition,k3s-wk1,0.301000000000042,0.648599162624469,310.1333333333333,152.8,11091.933333333332,6620.633333333333,0.0,10,18,2,0,12,0,"{""process_exit"": 18, ""process_exec"": 18, ""process_kprobe"": 12}"
1776394505,transition,sw-wk2,0.10500000000000809,0.286021700625661,116.06666666666666,100.86666666666666,545.4333333333333,3550.3333333333335,0.0,10,2,2,0,0,0,"{""process_exec"": 2}"
1776394515,transition,sw-wk3,0.15438807031579482,0.39994520687589996,245.01633442229485,165.81105407027135,2797.719847989866,7554.070271351424,0.0,20,0,0,0,0,0,{}
1776394515,transition,k3s-wk1,0.0,0.6521595325688058,310.1333333333333,158.00000000000003,33280.26666666666,6313.9,0.0,20,54,3,0,48,0,"{""process_exit"": 54, ""process_exec"": 54, ""process_kprobe"": 48}"
1776394515,transition,sw-wk2,0.10500000000000809,0.286021700625661,116.06666666666666,100.86666666666666,545.4333333333333,3550.3333333333335,0.0,20,104,5,0,0,0,"{""process_exit"": 106, ""process_exec"": 104}"
1776394525,normal,sw-wk3,0.15438807031579482,0.39994520687589996,245.01633442229485,165.81105407027135,2797.719847989866,7554.070271351424,0.0,0,0,0,0,0,0,{}
1776394525,normal,k3s-wk1,0.27877777777777935,0.6521595325688058,310.1333333333333,158.0,33280.26666666666,6313.9,0.0,0,33,3,0,28,0,"{""process_exit"": 33, ""process_exec"": 33, ""process_kprobe"": 28}"
1776394525,normal,sw-wk2,0.10500000000000809,0.286021700625661,0.0,0.0,6058.933333333333,28065.233333333334,0.0,0,0,0,0,0,0,{}
1776394535,transition,k3s-wk1,0.27877777777777935,0.6521595325688058,310.1333333333333,158.0,33280.26666666666,6313.9,0.0,10,33,3,0,28,0,"{""process_exit"": 33, ""process_exec"": 33, ""process_kprobe"": 28}"
1776394535,transition,sw-wk3,0.0,0.39994520687589996,0.0,0.0,0.0,0.0,0.0,10,9,6,0,2,1,"{""process_exec"": 9, ""process_exit"": 24, ""process_kprobe"": 2}"
1776394535,transition,sw-wk2,0.22288888888890357,0.2879283102055379,116.06666666666666,100.86666666666666,6058.933333333333,28065.233333333334,0.0,10,0,0,0,0,0,{}
1776394545,normal,sw-wk3,0.19200000000000728,0.4016766058845267,268.0,187.1,6773.599999999999,9681.766666666666,0.0,0,5,4,0,3,2,"{""process_exec"": 5, ""process_exit"": 6, ""process_kprobe"": 3}"
1776394545,normal,k3s-wk1,0.30844444444442676,0.6514844846212111,325.5333333333334,165.8,16232.866666666667,9784.333333333334,0.0,0,39,3,0,32,0,"{""process_exit"": 39, ""process_exec"": 39, ""process_kprobe"": 32}"
1776394545,normal,sw-wk2,0.22288888888890357,0.2879283102055379,116.06666666666666,100.86666666666666,6058.933333333333,28065.233333333334,0.0,0,0,0,0,0,0,{}
1776394555,normal,k3s-wk1,0.30844444444442676,0.6514844846212111,325.5333333333333,165.8,16232.866666666667,9784.333333333334,0.0,0,54,3,0,48,0,"{""process_exit"": 54, ""process_exec"": 54, ""process_kprobe"": 48}"
1776394555,normal,sw-wk3,0.19200000000000728,0.4016766058845267,268.0,187.1,6773.599999999999,9681.766666666666,0.0,0,11,5,0,5,4,"{""process_exit"": 19, ""process_exec"": 11, ""process_kprobe"": 5}"
1776394555,normal,sw-wk2,0.22288888888890357,0.2879283102055379,0.0,0.0,552.0,3589.2999999999997,0.0,0,0,0,0,0,0,{}
1776394565,transition,k3s-wk1,0.30844444444442676,0.6514844846212111,325.5333333333333,165.8,16232.866666666667,9784.333333333334,0.0,10,54,3,0,48,0,"{""process_exit"": 54, ""process_exec"": 54, ""process_kprobe"": 48}"
1776394565,transition,sw-wk3,0.0,0.4016766058845267,0.0,0.0,0.0,0.0,0.0,10,2,2,0,1,0,"{""process_exit"": 2, ""process_exec"": 2, ""process_kprobe"": 1}"
1776394565,transition,sw-wk2,0.11055555555552321,0.2873994928450374,113.2,98.0,552.0,3589.2999999999997,0.0,10,2,2,0,0,0,"{""process_exec"": 2}"
1776394575,normal,sw-wk3,0.16733333333332767,0.4054595614001555,179.33333333333334,161.4,3468.8333333333335,13010.6,0.0,0,10,5,0,4,3,"{""process_exit"": 16, ""process_exec"": 10, ""process_kprobe"": 4}"
1776394575,normal,k3s-wk1,0.2941111111111241,0.6547050729063072,325.5333333333333,165.8,17723.26666666667,7326.633333333335,0.0,0,33,3,0,28,0,"{""process_exit"": 34, ""process_exec"": 33, ""process_kprobe"": 28}"
1776394575,normal,sw-wk2,0.11055555555552321,0.2873994928450374,113.2,98.0,552.0,3589.2999999999997,0.0,0,0,0,0,0,0,{}
1776394585,transition,sw-wk3,0.16733333333332767,0.4054595614001555,179.33333333333334,161.4,3468.8333333333335,13010.6,0.0,10,9,5,0,5,3,"{""process_exit"": 11, ""process_exec"": 9, ""process_kprobe"": 5}"
1776394585,transition,k3s-wk1,0.2941111111111241,0.6547050729063072,325.5333333333333,165.8,17723.266666666666,7326.633333333333,0.0,10,63,3,0,54,0,"{""process_exit"": 63, ""process_exec"": 63, ""process_kprobe"": 54}"
1776394585,transition,sw-wk2,0.0,0.28676714196516173,82.8,74.2,6850.3,28200.066666666666,0.0,10,104,5,0,0,0,"{""process_exit"": 106, ""process_exec"": 104}"
1776394596,transition,sw-wk3,0.0,0.4054595614001555,0.0,0.0,0.0,0.0,0.0,21,4,3,0,2,2,"{""process_exit"": 7, ""process_exec"": 4, ""process_kprobe"": 2}"
1776394596,transition,k3s-wk1,0.2941111111111241,0.6547050729063072,325.5333333333333,165.8,17723.266666666666,7326.633333333333,0.0,21,63,3,0,54,0,"{""process_exit"": 63, ""process_exec"": 63, ""process_kprobe"": 54}"
1776394596,transition,sw-wk2,0.21311111111115477,0.28676714196516173,82.8,74.2,6850.3,28200.066666666666,0.0,21,0,0,0,0,0,{}
1776394605,normal,sw-wk3,0.1745555555555458,0.40059667163627555,330.0,242.16666666666666,3646.233333333333,12342.833333333334,0.0,0,6,5,0,2,1,"{""process_exit"": 16, ""process_exec"": 6, ""process_kprobe"": 2}"
1776394605,normal,k3s-wk1,0.30829139308285103,0.6540661479258079,325.50078325500783,165.78342165783423,40454.25457454254,7290.4709529047095,0.0,0,12,2,0,8,0,"{""process_exit"": 12, ""process_exec"": 12, ""process_kprobe"": 8}"
1776394605,normal,sw-wk2,0.21311111111115477,0.28676714196516173,82.8,74.2,6850.3,28200.066666666666,0.0,0,0,0,0,0,0,{}
1776394615,transition,k3s-wk1,0.3082913930828508,0.6540661479258079,325.50078325500783,165.78342165783423,40454.25457454254,7290.4709529047095,0.0,10,36,3,0,30,0,"{""process_exit"": 36, ""process_exec"": 36, ""process_kprobe"": 30}"
1776394615,transition,sw-wk3,0.1745555555555458,0.40059667163627555,330.0,242.16666666666666,3646.233333333333,12342.833333333334,0.0,10,4,3,0,3,2,"{""process_exit"": 4, ""process_exec"": 4, ""process_kprobe"": 3}"
1776394615,transition,sw-wk2,0.0,0.28676714196516173,116.06666666666666,100.86666666666666,543.4666666666667,3573.5,0.0,10,0,0,0,0,0,{}
1776394625,transition,sw-wk3,0.0,0.40059667163627555,0.0,0.0,0.0,0.0,0.0,20,4,3,0,2,2,"{""process_exit"": 6, ""process_exec"": 4, ""process_kprobe"": 2}"
1776394625,transition,k3s-wk1,0.3082913930828508,0.6540661479258079,325.50078325500783,165.78342165783423,40454.254574542545,7290.4709529047095,0.0,20,15,2,0,10,0,"{""process_exit"": 15, ""process_exec"": 15, ""process_kprobe"": 10}"
1776394625,transition,sw-wk2,0.11288888888884685,0.28695190947666194,116.06666666666666,100.86666666666666,543.4666666666668,3573.5,0.0,20,0,0,0,0,0,{}
1776394635,normal,sw-wk3,0.17677777777779635,0.402039769614027,282.0,221.29999999999998,4538.966666666666,11489.133333333333,0.0,0,8,5,0,4,2,"{""process_exit"": 14, ""process_exec"": 8, ""process_kprobe"": 4}"
1776394635,normal,k3s-wk1,0.2989298929893378,0.66044862467447,325.56588992232554,165.8165816581658,15113.044637797113,7055.805580558055,0.0,0,33,3,0,28,0,"{""process_exit"": 33, ""process_exec"": 33, ""process_kprobe"": 28}"
1776394635,normal,sw-wk2,0.11288888888884685,0.28695190947666194,116.06666666666666,100.86666666666666,543.4666666666667,3573.5,0.0,0,2,2,0,0,0,"{""process_exec"": 2}"
1776394645,transition,k3s-wk1,0.2989298929893378,0.66044862467447,325.56588992232554,165.8165816581658,15113.044637797113,7055.805580558055,0.0,10,36,3,0,30,0,"{""process_exit"": 36, ""process_exec"": 36, ""process_kprobe"": 30}"
1776394645,transition,sw-wk3,0.17677777777779635,0.402039769614027,282.0,221.29999999999998,4538.966666666666,11489.133333333333,0.0,10,6,5,0,2,2,"{""process_exit"": 8, ""process_exec"": 6, ""process_kprobe"": 2}"
1776394645,transition,sw-wk2,0.0,0.28934273736253935,113.2,98.0,5649.6,27969.63333333333,0.0,10,104,5,0,0,0,"{""process_exit"": 106, ""process_exec"": 104}"
1776394655,transition,k3s-wk1,0.2989298929893378,0.66044862467447,325.56588992232554,165.8165816581658,15113.044637797113,7055.805580558055,0.0,20,15,2,0,10,0,"{""process_exit"": 15, ""process_exec"": 15, ""process_kprobe"": 10}"
1776394655,transition,sw-wk3,0.0,0.402039769614027,0.0,0.0,0.0,0.0,0.0,20,1,1,0,1,0,"{""process_kprobe"": 1, ""process_exit"": 3, ""process_exec"": 1}"
1776394655,transition,sw-wk2,0.20600000000000973,0.28934273736253935,113.2,98.0,5649.6,27969.63333333333,0.0,20,0,0,0,0,0,{}
1776394665,normal,sw-wk3,0.17477777777777292,0.40520948813028024,282.0,208.36666666666667,6095.6,11320.033333333333,0.0,0,0,0,0,0,0,"{""process_exit"": 8}"
1776394665,normal,k3s-wk1,0.2947777777777648,0.6576129717574839,325.5333333333333,165.8,36855.4,12726.133333333333,0.0,0,57,3,0,50,0,"{""process_exit"": 57, ""process_exec"": 57, ""process_kprobe"": 50}"
1776394665,normal,sw-wk2,0.20600000000000973,0.28934273736253935,113.2,98.0,5649.6,27969.63333333333,0.0,0,0,0,0,0,0,{}
1776394675,normal,sw-wk3,0.17477777777777292,0.40520948813028024,282.0,208.36666666666667,6095.6,11320.033333333333,0.0,0,1,1,0,0,0,"{""process_exit"": 13, ""process_exec"": 1}"
1776394675,normal,k3s-wk1,0.2947777777777648,0.6576129717574839,325.5333333333333,165.8,36855.4,12726.133333333333,0.0,0,36,3,0,30,0,"{""process_exit"": 36, ""process_exec"": 36, ""process_kprobe"": 30}"
1776394675,normal,sw-wk2,0.13583538875187395,0.2888314410591638,116.0255982934471,100.85994267048864,1720.4853009799347,3647.6234917672155,0.0,0,0,0,0,0,0,{}
1776394685,transition,sw-wk3,0.0,0.40520948813028024,0.0,0.0,0.0,0.0,0.0,10,0,0,0,0,0,{}
1776394685,transition,k3s-wk1,0.2947777777777648,0.6576129717574839,325.5333333333333,165.8,36855.4,12726.133333333333,0.0,10,78,3,0,70,0,"{""process_exit"": 78, ""process_exec"": 78, ""process_kprobe"": 70}"
1776394685,transition,sw-wk2,0.13583538875187395,0.2888314410591638,116.0255982934471,100.85994267048864,1720.4853009799347,3647.6234917672155,0.0,10,2,2,0,0,0,"{""process_exec"": 2}"
1776394695,normal,sw-wk3,0.17397149173969062,0.4045197956089045,189.34773189347732,129.25374129253743,4680.298636802986,8096.75699096757,0.0,0,0,0,0,0,0,{}
1776394695,normal,k3s-wk1,0.28377777777778745,0.6588874351903172,327.8666666666667,169.8,11132.866666666669,5148.866666666667,0.0,0,15,2,0,10,0,"{""process_exit"": 15, ""process_exec"": 15, ""process_kprobe"": 10}"
1776394695,normal,sw-wk2,0.13583538875187395,0.2888314410591638,116.0255982934471,100.85994267048864,1720.4853009799347,3647.6234917672155,0.0,0,0,0,0,0,0,{}
1776394705,normal,sw-wk3,0.17397149173969062,0.4045197956089045,189.34773189347732,129.25374129253743,4680.298636802986,8096.75699096757,0.0,0,1,1,0,0,0,"{""process_exit"": 13, ""process_exec"": 1}"
1776394705,normal,k3s-wk1,0.28377777777778745,0.6588874351903172,327.8666666666667,169.8,11132.866666666667,5148.866666666667,0.0,0,12,2,0,8,0,"{""process_exit"": 12, ""process_exec"": 12, ""process_kprobe"": 8}"
1776394705,normal,sw-wk2,0.23072649287734814,0.2921015074480421,78.33855590372693,68.20454696979799,5538.8692579505305,28001.100073338224,0.0,0,104,5,0,0,0,"{""process_exit"": 106, ""process_exec"": 104}"
1776394715,transition,sw-wk3,0.0,0.4045197956089045,0.0,0.0,0.0,0.0,0.0,10,1,1,0,0,0,"{""process_exit"": 9, ""process_exec"": 1}"
1776394715,transition,k3s-wk1,0.28377777777778745,0.6588874351903172,327.8666666666667,169.8,11132.866666666667,5148.866666666667,0.0,10,60,3,0,52,0,"{""process_exit"": 60, ""process_exec"": 60, ""process_kprobe"": 52}"
1776394715,transition,sw-wk2,0.23072649287734814,0.2921015074480421,78.33855590372693,68.20454696979799,5538.8692579505305,28001.100073338224,0.0,10,0,0,0,0,0,{}
1776394725,normal,sw-wk3,0.15197173239110306,0.4004580960026505,229.44098136604555,147.07156905230175,3260.942031401047,8113.370445681524,0.0,0,0,0,0,0,0,{}
1776394725,normal,k3s-wk1,0.2862222222222449,0.657637806297362,325.5333333333333,165.8,35563.166666666664,6938.966666666666,0.0,0,15,2,0,10,0,"{""process_exit"": 15, ""process_exec"": 15, ""process_kprobe"": 10}"
1776394725,normal,sw-wk2,0.23072649287734814,0.2921015074480421,78.33855590372693,68.20454696979799,5538.8692579505305,28001.100073338224,0.0,0,0,0,0,0,0,{}
1776394735,normal,sw-wk3,0.15197173239110306,0.4004580960026505,229.44098136604555,147.07156905230175,3260.942031401047,8113.370445681524,0.0,0,1,1,0,0,0,"{""process_exit"": 3, ""process_exec"": 1}"
1776394735,normal,k3s-wk1,0.2862222222222449,0.657637806297362,325.5333333333333,165.8,35563.166666666664,6938.966666666666,0.0,0,33,3,0,28,0,"{""process_exit"": 33, ""process_exec"": 33, ""process_kprobe"": 28}"
1776394735,normal,sw-wk2,0.11166666666661818,0.2893730010066644,116.06666666666666,100.86666666666666,602.9666666666667,3617.0,0.0,0,0,0,0,0,0,{}
1776394745,transition,sw-wk3,0.0,0.4004580960026505,0.0,0.0,0.0,0.0,0.0,10,0,0,0,0,0,{}
1776394745,transition,k3s-wk1,0.2862222222222449,0.657637806297362,325.5333333333333,165.8,35563.166666666664,6938.966666666666,0.0,10,33,3,0,28,0,"{""process_exit"": 33, ""process_exec"": 33, ""process_kprobe"": 28}"
1776394745,transition,sw-wk2,0.11166666666661818,0.2893730010066644,116.06666666666666,100.86666666666666,602.9666666666667,3617.0,0.0,10,2,2,0,0,0,"{""process_exec"": 2}"
1776394755,normal,sw-wk3,0.19250172233704388,0.40355773029040354,245.01633442229485,161.81078738582573,5744.282952196813,6246.683112207481,0.0,0,8,3,0,0,0,"{""process_exec"": 8, ""process_exit"": 8}"
1776394755,normal,k3s-wk1,0.3326666666666117,0.6578398691445517,323.4,163.80000000000004,36385.3,15675.199999999999,0.0,0,36,3,0,30,0,"{""process_exit"": 36, ""process_exec"": 36, ""process_kprobe"": 30}"
1776394755,normal,sw-wk2,0.11166666666661818,0.2893730010066644,116.06666666666666,100.86666666666666,602.9666666666667,3617.0,0.0,0,104,5,0,0,0,"{""process_exit"": 104, ""process_exec"": 104}"
1776394765,normal,sw-wk3,0.19250172233704388,0.40355773029040354,245.01633442229485,161.81078738582573,5744.282952196813,6246.683112207481,0.0,0,8,3,0,0,0,"{""process_exec"": 8, ""process_exit"": 8}"
1776394765,normal,k3s-wk1,0.3326666666666117,0.6578398691445517,323.4,163.8,36385.3,15675.199999999999,0.0,0,15,2,0,10,0,"{""process_exit"": 15, ""process_exec"": 15, ""process_kprobe"": 10}"
1776394765,normal,sw-wk2,0.2375206923752361,0.2911394421295411,113.15535113155352,97.99020097990201,7189.547711895478,28050.828250508283,0.0,0,0,0,0,0,0,"{""process_exit"": 2}"
1776394775,transition,sw-wk3,0.0,0.40355773029040354,245.0,167.80000000000004,16907.6,11141.833333333334,0.0,10,1,1,0,0,0,"{""process_exit"": 3, ""process_exec"": 1}"
1776394775,transition,k3s-wk1,0.3326666666666117,0.6578398691445517,323.4,163.8,36385.3,15675.199999999999,0.0,10,12,2,0,8,0,"{""process_exit"": 12, ""process_exec"": 12, ""process_kprobe"": 8}"
1776394775,transition,sw-wk2,0.2375206923752361,0.2911394421295411,113.15535113155352,97.99020097990201,7189.547711895476,28050.828250508283,0.0,10,0,0,0,0,0,{}
1776394785,normal,k3s-wk1,0.3070043881575585,0.6655927609573942,325.47908681886355,165.77237127145474,14623.662722879517,18075.120813197802,0.0,0,15,2,0,10,0,"{""process_exit"": 15, ""process_exec"": 15, ""process_kprobe"": 10}"
1776394785,normal,sw-wk3,0.25077777777777455,0.40111593205652607,245.0,167.8,16907.6,11141.833333333336,0.0,0,8,3,0,0,0,"{""process_exec"": 8, ""process_exit"": 8}"
1776394785,normal,sw-wk2,0.2375206923752361,0.2911394421295411,113.15535113155352,97.99020097990201,7189.547711895478,28050.828250508283,0.0,0,0,0,0,0,0,{}
1776394795,normal,sw-wk3,0.25077777777777455,0.40111593205652607,245.0,167.8,16907.6,11141.833333333334,0.0,0,1,1,0,0,0,"{""process_exit"": 3, ""process_exec"": 1}"
1776394795,normal,k3s-wk1,0.3070043881575585,0.6655927609573942,325.47908681886355,165.77237127145474,14623.66272287952,18075.120813197802,0.0,0,54,3,0,48,0,"{""process_exit"": 54, ""process_exec"": 54, ""process_kprobe"": 48}"
1776394795,normal,sw-wk2,0.12313453567579147,0.292026644749417,116.07827449411607,100.87675434210087,1680.9014234756808,3720.03867053372,0.0,0,0,0,0,0,0,{}
1776394805,transition,sw-wk3,0.0,0.40111593205652607,0.0,0.0,0.0,0.0,0.0,10,0,0,0,0,0,{}
1776394805,transition,k3s-wk1,0.3070043881575585,0.6655927609573942,325.47908681886355,165.77237127145474,14623.66272287952,18075.120813197802,0.0,10,39,3,0,32,0,"{""process_exit"": 39, ""process_exec"": 39, ""process_kprobe"": 32}"
1776394805,transition,sw-wk2,0.12313453567579147,0.292026644749417,116.07827449411607,100.87675434210087,1680.9014234756808,3720.03867053372,0.0,10,2,2,0,0,0,"{""process_exec"": 2}"
1776394815,normal,sw-wk3,0.1623460072675642,0.4057383054907807,244.28343525658073,171.29752725339006,6898.298324913587,8123.2052645573,0.0,0,7,3,0,0,0,"{""process_exec"": 7, ""process_exit"": 6}"
1776394815,normal,k3s-wk1,0.3740902474526734,0.6719820107623865,325.5441848061602,165.80552685089503,12186.639554651823,11422.314077135905,0.0,0,9,2,0,6,0,"{""process_exit"": 9, ""process_exec"": 9, ""process_kprobe"": 6}"
1776394815,normal,sw-wk2,0.12313453567579147,0.292026644749417,116.07827449411607,100.87675434210087,1680.9014234756808,3720.03867053372,0.0,0,0,0,0,0,0,{}
1776394825,normal,k3s-wk1,0.3740902474526734,0.6719820107623865,325.5441848061602,165.80552685089503,12186.639554651823,11422.314077135905,0.0,0,39,3,0,32,0,"{""process_exit"": 39, ""process_exec"": 39, ""process_kprobe"": 32}"
1776394825,normal,sw-wk3,0.1623460072675642,0.4057383054907807,244.28343525658067,171.29752725339006,6898.298324913587,8123.2052645572985,0.0,0,1,1,0,0,0,"{""process_exec"": 1, ""process_exit"": 2}"
1776394825,normal,sw-wk2,0.2060793920607632,0.287963352319788,116.05506116055061,100.85658100856581,6422.657734226577,28078.99210078992,0.0,0,104,5,0,0,0,"{""process_exit"": 106, ""process_exec"": 104}"
1776394835,transition,k3s-wk1,0.3740902474526734,0.6719820107623865,325.5441848061602,165.80552685089503,12186.639554651823,11422.314077135905,0.0,10,33,3,0,28,0,"{""process_exit"": 33, ""process_exec"": 33, ""process_kprobe"": 28}"
1776394835,transition,sw-wk3,0.0,0.4057383054907807,0.0,112.85685632145483,10084.274921441463,8453.734037574379,0.0,10,1,1,0,0,0,"{""process_exit"": 3, ""process_exec"": 1}"
1776394835,transition,sw-wk2,0.2060793920607632,0.287963352319788,116.05506116055061,100.85658100856581,6422.657734226577,28078.99210078992,0.0,10,0,0,0,0,0,{}
1776394845,normal,sw-wk3,0.18633415791936414,0.40657294493928153,163.80290165140067,112.85685632145483,10084.274921441463,8453.734037574379,0.0,0,1,1,0,0,0,"{""process_exit"": 5, ""process_exec"": 1}"
1776394845,normal,k3s-wk1,0.3073520913899842,0.6563373794819289,522.1696226163489,256.2675023336445,34821.0761434858,10673.123083077744,0.0,0,15,2,0,10,0,"{""process_exit"": 15, ""process_exec"": 15, ""process_kprobe"": 10}"
1776394845,normal,sw-wk2,0.2060793920607632,0.287963352319788,116.05506116055061,100.85658100856581,6422.657734226577,28078.99210078992,0.0,0,0,0,0,0,0,{}
1776394855,normal,sw-wk3,0.18633415791936414,0.40657294493928153,163.80290165140067,112.85685632145483,10084.274921441463,8453.734037574379,0.0,0,0,0,0,0,0,{}
1776394855,normal,k3s-wk1,0.3073520913899842,0.6563373794819289,522.1696226163489,256.2675023336445,34821.0761434858,10673.123083077744,0.0,0,57,3,0,50,0,"{""process_exit"": 57, ""process_exec"": 57, ""process_kprobe"": 50}"
1776394855,normal,sw-wk2,0.1275794246091454,0.2884411993322884,117.67843451011767,104.010401040104,832.6832683268326,3581.9915324865824,0.0,0,0,0,0,0,0,{}
1776394865,normal,sw-wk3,0.1777777777777778,0.4046647425360297,245.0,161.8,4120.133333333334,6450.733333333334,0.0,0,0,0,0,0,0,{}
1776394865,normal,k3s-wk1,0.3073520913899842,0.6563373794819289,522.1696226163489,256.2675023336445,34821.0761434858,10673.123083077744,0.0,0,36,3,0,30,0,"{""process_exit"": 36, ""process_exec"": 36, ""process_kprobe"": 30}"
1776394865,normal,sw-wk2,0.1275794246091454,0.2884411993322884,117.67843451011767,104.010401040104,832.6832683268326,3581.991532486582,0.0,0,2,2,0,0,0,"{""process_exec"": 2}"
1776394875,normal,sw-wk3,0.1777777777777778,0.4046647425360297,245.00000000000006,161.8,4120.133333333333,6450.733333333334,0.0,0,9,3,0,0,0,"{""process_exec"": 9, ""process_exit"": 9}"
1776394875,normal,k3s-wk1,0.3205555555555798,0.6579538822594464,327.5333333333333,167.8,36238.4,15955.866666666667,0.0,0,36,3,0,30,0,"{""process_exit"": 37, ""process_exec"": 36, ""process_kprobe"": 30}"
1776394875,normal,sw-wk2,0.1275794246091454,0.2884411993322884,117.67843451011767,104.010401040104,832.6832683268326,3581.991532486582,0.0,0,104,5,0,0,0,"{""process_exit"": 106, ""process_exec"": 104}"
1776394885,normal,k3s-wk1,0.3205555555555798,0.6579538822594464,327.5333333333333,167.8,36238.4,15955.866666666667,0.0,0,36,3,0,30,0,"{""process_exit"": 36, ""process_exec"": 36, ""process_kprobe"": 30}"
1776394885,normal,sw-wk3,0.1777777777777778,0.4046647425360297,245.0,161.8,4120.133333333333,6450.733333333334,0.0,0,0,0,0,0,0,"{""process_exit"": 2}"
1776394885,normal,sw-wk2,0.27240609272404315,0.29337735897141837,78.325500783255,68.1931806819318,8149.685031496851,28161.283871612835,0.0,0,0,0,0,0,0,{}
1776394895,transition,sw-wk3,0.0,0.4046647425360297,0.0,0.0,0.0,0.0,0.0,10,0,0,0,0,0,{}
1776394895,transition,k3s-wk1,0.3205555555555798,0.6579538822594464,327.5333333333333,167.8,36238.4,15955.866666666667,0.0,10,15,2,0,10,0,"{""process_exit"": 15, ""process_exec"": 15, ""process_kprobe"": 10}"
1776394895,transition,sw-wk2,0.27240609272404315,0.29337735897141837,78.32550078325501,68.1931806819318,8149.685031496851,28161.28387161284,0.0,10,0,0,0,0,0,{}
1776394906,normal,sw-wk3,0.22717070026891484,0.39617658677064616,245.01633442229485,159.8106540436029,15149.44329621975,8428.728581905461,0.0,0,0,0,0,0,0,{}
1776394906,normal,k3s-wk1,0.31511111111111756,0.6505486740048969,325.4,165.8,9665.366666666667,12581.1,0.0,0,36,3,0,30,0,"{""process_exit"": 36, ""process_exec"": 36, ""process_kprobe"": 30}"
1776394906,normal,sw-wk2,0.27240609272404315,0.29337735897141837,78.32550078325501,68.1931806819318,8149.685031496851,28161.28387161284,0.0,0,0,0,0,0,0,{}
1776394915,normal,sw-wk3,0.22717070026891484,0.39617658677064616,245.01633442229485,159.8106540436029,15149.44329621975,8428.728581905461,0.0,0,1,1,0,0,0,"{""process_exit"": 9, ""process_exec"": 1}"
1776394915,normal,k3s-wk1,0.31511111111111756,0.6505486740048969,325.4,165.8,9665.366666666667,12581.1,0.0,0,33,3,0,28,0,"{""process_exit"": 33, ""process_exec"": 33, ""process_kprobe"": 28}"
1776394915,normal,sw-wk2,0.13230441014704364,0.2868372261936618,116.07053568452282,100.87002900096671,1378.6792893096438,3715.6238541284715,0.0,0,0,0,0,0,0,{}
1776394925,transition,sw-wk3,0.0,0.39617658677064616,0.0,0.0,0.0,0.0,0.0,10,0,0,0,0,0,{}
1776394925,transition,k3s-wk1,0.31511111111111756,0.6505486740048969,325.4,165.8,9665.366666666667,12581.1,0.0,10,36,3,0,30,0,"{""process_exit"": 36, ""process_exec"": 36, ""process_kprobe"": 30}"
1776394925,transition,sw-wk2,0.13230441014704364,0.2868372261936618,116.07053568452282,100.87002900096671,1378.6792893096438,3715.6238541284715,0.0,10,2,2,0,0,0,"{""process_exec"": 2}"
1776394935,normal,sw-wk3,0.14944444444443228,0.392967047670018,245.0,161.8,2587.4666666666667,6519.4,0.0,0,0,0,0,0,0,"{""process_exit"": 1}"
1776394935,normal,k3s-wk1,0.3075555555555588,0.6428759300252973,336.00000000000006,178.4,11004.9,5226.1,0.0,0,57,3,0,50,0,"{""process_exit"": 57, ""process_exec"": 57, ""process_kprobe"": 50}"
1776394935,normal,sw-wk2,0.13230441014704364,0.2868372261936618,116.07053568452282,100.87002900096671,1378.6792893096438,3715.6238541284715,0.0,0,0,0,0,0,0,{}
1776394945,normal,sw-wk3,0.14944444444443228,0.392967047670018,245.0,161.8,2587.4666666666667,6519.4,0.0,0,1,1,0,0,0,"{""process_exit"": 4, ""process_exec"": 1}"
1776394945,normal,k3s-wk1,0.3075555555555588,0.6428759300252973,336.0,178.4,11004.9,5226.1,0.0,0,15,2,0,10,0,"{""process_exit"": 15, ""process_exec"": 15, ""process_kprobe"": 10}"
1776394945,normal,sw-wk2,0.20385739203857556,0.29221459790766724,116.05506116055061,100.85658100856581,5417.758224177583,27959.737359597373,0.0,0,104,5,0,0,0,"{""process_exit"": 106, ""process_exec"": 104}"
1776394955,transition,sw-wk3,0.0,0.392967047670018,0.0,0.0,0.0,0.0,0.0,10,1,1,0,0,0,"{""process_exit"": 5, ""process_exec"": 1}"
1776394955,transition,k3s-wk1,0.3075555555555588,0.6428759300252973,336.0,178.4,11004.9,5226.1,0.0,10,15,2,0,10,0,"{""process_exit"": 15, ""process_exec"": 15, ""process_kprobe"": 10}"
1776394955,transition,sw-wk2,0.20385739203857556,0.29221459790766724,116.05506116055061,100.85658100856581,5417.758224177583,27959.737359597373,0.0,10,0,0,0,0,0,{}
1776394965,normal,sw-wk3,0.16366666666666185,0.40087860137365083,245.0,161.80000000000004,3321.2999999999997,6803.5,0.0,0,0,0,0,0,0,{}
1776394965,normal,k3s-wk1,0.294444444444404,0.6462884215730875,325.5333333333333,165.8,34301.76666666666,8788.533333333333,0.0,0,57,3,0,50,0,"{""process_exit"": 57, ""process_exec"": 57, ""process_kprobe"": 50}"
1776394965,normal,sw-wk2,0.20385739203857556,0.29221459790766724,116.05506116055061,100.85658100856581,5417.758224177583,27959.737359597373,0.0,0,0,0,0,0,0,{}
1776394975,normal,sw-wk3,0.16366666666666185,0.40087860137365083,245.0,161.8,3321.2999999999997,6803.5,0.0,0,0,0,0,0,0,{}
1776394975,normal,k3s-wk1,0.294444444444404,0.6462884215730875,325.5333333333333,165.8,34301.76666666666,8788.533333333333,0.0,0,9,2,0,6,0,"{""process_exit"": 9, ""process_exec"": 9, ""process_kprobe"": 6}"
1776394975,normal,sw-wk2,0.12344444444445091,0.2856856148935357,113.16666666666667,98.0,1307.2,3657.6666666666665,0.0,0,0,0,0,0,0,{}
1776394985,transition,sw-wk3,0.0,0.40087860137365083,0.0,445.28880445288803,4752.591407525913,5894.377228943772,0.0,10,1,1,0,0,0,"{""process_exit"": 3, ""process_exec"": 1}"
1776394985,transition,k3s-wk1,0.294444444444404,0.6462884215730875,325.5333333333333,165.8,34301.76666666666,8788.533333333333,0.0,10,36,3,0,30,0,"{""process_exit"": 36, ""process_exec"": 36, ""process_kprobe"": 30}"
1776394985,transition,sw-wk2,0.12344444444445068,0.2856856148935357,113.16666666666667,98.0,1307.2,3657.6666666666674,0.0,10,2,2,0,0,0,"{""process_exec"": 2}"
1776394995,normal,sw-wk3,0.1960803919608176,0.4077054423589077,9610.63893610639,445.28880445288803,4752.591407525914,5894.377228943772,0.0,0,0,0,0,0,0,{}
1776394995,normal,k3s-wk1,0.3074444444444655,0.6513038697857343,325.5333333333333,165.8,33680.63333333334,10705.066666666666,0.0,0,57,3,0,50,0,"{""process_exit"": 57, ""process_exec"": 57, ""process_kprobe"": 50}"
1776394995,normal,sw-wk2,0.12344444444445091,0.2856856148935357,113.16666666666667,98.0,1307.2,3657.6666666666665,0.0,0,104,5,0,0,0,"{""process_exit"": 106, ""process_exec"": 104}"
1776395005,normal,sw-wk3,0.1960803919608176,0.4077054423589077,9610.63893610639,445.28880445288803,4752.591407525914,5894.377228943772,0.0,0,0,0,0,0,0,{}
1776395005,normal,k3s-wk1,0.3074444444444655,0.6513038697857343,325.5333333333333,165.8,33680.63333333333,10705.066666666666,0.0,0,36,3,0,30,0,"{""process_exit"": 36, ""process_exec"": 36, ""process_kprobe"": 30}"
1776395005,normal,sw-wk2,0.2125879254592059,0.28487486779565985,116.011601160116,107.54408774210754,6283.294996166284,28026.602660266024,0.0,0,0,0,0,0,0,{}
1776395015,transition,sw-wk3,0.0,0.4077054423589077,0.0,0.0,0.0,0.0,0.0,10,0,0,0,0,0,{}
1776395015,transition,k3s-wk1,0.3074444444444655,0.6513038697857343,325.5333333333333,165.8,33680.63333333333,10705.066666666666,0.0,10,33,3,0,28,0,"{""process_exit"": 33, ""process_exec"": 33, ""process_kprobe"": 28}"
1776395015,transition,sw-wk2,0.21258792545920613,0.28487486779565985,116.011601160116,107.54408774210754,6283.2949961662825,28026.602660266024,0.0,10,2,2,0,0,0,"{""process_exec"": 2}"
1776395025,normal,sw-wk3,0.16997233241109244,0.40498808568115496,245.008166938898,167.805593519784,4969.965665522184,5513.583786126204,0.0,0,1,1,0,0,0,"{""process_exit"": 9, ""process_exec"": 1}"
1776395025,normal,k3s-wk1,0.2912222222222125,0.6461055490521672,325.5333333333333,165.8,12131.433333333332,5617.066666666667,0.0,0,12,2,0,8,0,"{""process_exit"": 12, ""process_exec"": 12, ""process_kprobe"": 8}"
1776395025,normal,sw-wk2,0.21258792545920613,0.28487486779565985,116.011601160116,107.54408774210754,6283.2949961662825,28026.602660266024,0.0,0,5,4,0,0,0,"{""process_exit"": 6, ""process_exec"": 5}"
1776395035,normal,sw-wk3,0.16997233241109244,0.40498808568115496,245.008166938898,167.805593519784,4969.965665522184,5513.583786126204,0.0,0,0,0,0,0,0,{}
1776395035,normal,k3s-wk1,0.2912222222222125,0.6461055490521672,325.5333333333333,165.8,12131.433333333332,5617.066666666667,0.0,0,54,3,0,48,0,"{""process_exit"": 54, ""process_exec"": 54, ""process_kprobe"": 48}"
1776395035,normal,sw-wk2,0.14538747027575727,0.28937618665341436,770.8513900926729,436.3624241616108,1557.4371624774985,6101.740116007734,0.0,0,3,2,0,0,0,"{""process_exit"": 3, ""process_exec"": 3}"
1776395045,transition,sw-wk3,0.0,0.40498808568115496,0.0,0.0,0.0,0.0,0.0,10,0,0,0,0,0,{}
1776395045,transition,k3s-wk1,0.2912222222222125,0.6461055490521672,325.5333333333333,165.8,12131.433333333332,5617.066666666667,0.0,10,18,2,0,12,0,"{""process_exit"": 18, ""process_exec"": 18, ""process_kprobe"": 12}"
1776395045,transition,sw-wk2,0.14538747027575727,0.28937618665341436,770.8513900926729,436.3624241616108,1557.4371624774985,6101.740116007734,0.0,10,5,3,0,0,0,"{""process_exit"": 3, ""process_exec"": 5}"
1776395055,normal,sw-wk3,0.1618330110896048,0.41504357964754,245.01633442229485,161.81078738582573,2638.9425961730785,6466.931128741917,0.0,0,0,0,0,0,0,"{""process_exit"": 5}"
1776395055,normal,k3s-wk1,0.28566666666665697,0.6526201003992717,325.5333333333334,165.8,12563.7,5163.700000000001,0.0,0,36,3,0,30,0,"{""process_exit"": 36, ""process_exec"": 36, ""process_kprobe"": 30}"
1776395055,normal,sw-wk2,0.14538747027575727,0.28937618665341436,770.8513900926729,436.3624241616108,1557.4371624774985,6101.740116007734,0.0,0,4,2,0,0,0,"{""process_exit"": 4, ""process_exec"": 4}"
1776395065,normal,sw-wk3,0.1618330110896048,0.41504357964754,245.01633442229485,161.81078738582573,2638.9425961730785,6466.931128741917,0.0,0,1,1,0,0,0,"{""process_exit"": 14, ""process_exec"": 1}"
1776395065,normal,k3s-wk1,0.28566666666665697,0.6526201003992717,325.5333333333333,165.8,12563.7,5163.700000000001,0.0,0,36,3,0,30,0,"{""process_exit"": 36, ""process_exec"": 36, ""process_kprobe"": 30}"
1776395065,normal,sw-wk2,0.18711111111111267,0.290996088025791,165.26666666666665,155.6,5513.2,30393.33333333334,0.0,0,107,7,0,0,0,"{""process_exit"": 109, ""process_exec"": 107}"
1776395075,transition,sw-wk3,0.0,0.41504357964754,0.0,0.0,0.0,0.0,0.0,10,1,1,0,0,0,"{""process_exit"": 7, ""process_exec"": 1}"
1776395075,transition,k3s-wk1,0.28566666666665697,0.6526201003992717,325.5333333333333,165.8,12563.7,5163.7,0.0,10,54,3,0,48,0,"{""process_exit"": 54, ""process_exec"": 54, ""process_kprobe"": 48}"
1776395075,transition,sw-wk2,0.18711111111111267,0.290996088025791,165.26666666666665,155.6,5513.2,30393.333333333332,0.0,10,3,2,0,0,0,"{""process_exit"": 3, ""process_exec"": 3}"
1776395085,normal,sw-wk3,0.15883489968673647,0.40936038584553436,244.95100979804042,167.7664467106579,3445.510897820436,8954.809038192363,0.0,0,0,0,0,0,0,{}
1776395085,normal,k3s-wk1,0.3005143930051536,0.6444969481737017,325.50078325500783,165.78342165783423,38112.655401126554,7239.609372396094,0.0,0,18,2,0,12,0,"{""process_exit"": 18, ""process_exec"": 18, ""process_kprobe"": 12}"
1776395085,normal,sw-wk2,0.18711111111111267,0.290996088025791,165.26666666666665,155.6,5513.2,30393.333333333332,0.0,0,4,2,0,0,0,"{""process_exit"": 4, ""process_exec"": 4}"
1776395095,normal,sw-wk3,0.15883489968673647,0.40936038584553436,244.95100979804042,167.7664467106579,3445.510897820436,8954.809038192363,0.0,0,0,0,0,0,0,"{""process_exit"": 14}"
1776395095,normal,k3s-wk1,0.3005143930051536,0.6444969481737017,325.50078325500783,165.78342165783423,38112.655401126554,7239.609372396094,0.0,0,36,3,0,30,0,"{""process_exit"": 36, ""process_exec"": 36, ""process_kprobe"": 30}"
1776395095,normal,sw-wk2,0.11511111111107697,0.28241554850465744,199.86666666666667,184.53333333333333,805.3,6107.2,0.0,0,3,2,0,0,0,"{""process_exit"": 3, ""process_exec"": 3}"
1776395105,normal,sw-wk3,0.1543864328421427,0.41005167119028507,209.20850836834032,147.56284590251383,2722.477828899113,8992.165099686603,0.0,0,1,1,0,0,0,"{""process_exit"": 13, ""process_exec"": 1}"
1776395105,normal,k3s-wk1,0.3005143930051536,0.6444969481737017,325.50078325500783,165.78342165783423,38112.655401126554,7239.609372396094,0.0,0,39,3,0,32,0,"{""process_exit"": 39, ""process_exec"": 39, ""process_kprobe"": 32}"
1776395105,normal,sw-wk2,0.11511111111107708,0.28241554850465744,199.8666666666667,184.53333333333333,805.3,6107.2,0.0,0,109,8,0,0,0,"{""process_exit"": 109, ""process_exec"": 109}"
1776395115,normal,sw-wk3,0.1543864328421427,0.41005167119028507,209.20850836834032,147.56284590251383,2722.477828899113,8992.165099686603,0.0,0,0,0,0,0,0,{}
1776395115,normal,k3s-wk1,0.29937438188264087,0.6526426772537063,325.56588992232554,165.8165816581658,39478.847884788476,9986.265293195986,0.0,0,12,2,0,8,0,"{""process_exit"": 12, ""process_exec"": 12, ""process_kprobe"": 8}"
1776395115,normal,sw-wk2,0.11511111111107708,0.28241554850465744,199.86666666666667,184.53333333333333,805.3,6107.2,0.0,0,4,2,0,0,0,"{""process_exit"": 4, ""process_exec"": 4}"
1776395125,normal,sw-wk3,0.1543864328421427,0.41005167119028507,209.20850836834032,147.56284590251383,2722.477828899113,8992.165099686603,0.0,0,1,1,0,0,0,"{""process_exit"": 3, ""process_exec"": 1}"
1776395125,normal,k3s-wk1,0.29937438188264087,0.6526426772537063,325.56588992232554,165.8165816581658,39478.847884788476,9986.265293195986,0.0,0,12,2,0,8,0,"{""process_exit"": 12, ""process_exec"": 12, ""process_kprobe"": 8}"
1776395125,normal,sw-wk2,0.23277777777778574,0.2865967098640366,199.86666666666667,184.53333333333333,6504.633333333333,30165.63333333334,0.0,0,2,2,0,0,0,"{""process_exit"": 2, ""process_exec"": 2}"
1776395135,transition,sw-wk3,0.0,0.41005167119028507,0.0,0.0,3904.8333333333335,5907.466666666666,0.0,9,0,0,0,0,0,{}
1776395135,transition,k3s-wk1,0.29937438188264087,0.6526426772537063,325.56588992232554,165.8165816581658,39478.847884788476,9986.265293195986,0.0,9,63,3,0,55,0,"{""process_exit"": 64, ""process_exec"": 63, ""process_kprobe"": 55}"
1776395135,transition,sw-wk2,0.23277777777778585,0.2865967098640366,199.86666666666667,184.53333333333333,6504.633333333333,30165.63333333333,0.0,9,4,2,0,0,0,"{""process_exit"": 4, ""process_exec"": 4}"
1776395145,normal,sw-wk3,0.14744444444442906,0.4091580972769091,199.16666666666666,128.8,3904.8333333333335,5907.466666666666,0.0,0,0,0,0,0,0,{}
1776395145,normal,k3s-wk1,0.2947777777777648,0.6425937193448648,325.5333333333333,165.8,11600.466666666667,3810.0,0.0,0,78,3,0,69,0,"{""process_exec"": 78, ""process_kprobe"": 69, ""process_exit"": 77}"
1776395145,normal,sw-wk2,0.23277777777778585,0.2865967098640366,199.86666666666667,184.53333333333333,6504.633333333333,30165.63333333333,0.0,0,3,2,0,0,0,"{""process_exit"": 3, ""process_exec"": 3}"
1776395155,normal,sw-wk3,0.14744444444442906,0.4091580972769091,199.16666666666666,128.8,3904.8333333333335,5907.466666666666,0.0,0,1,1,0,0,0,"{""process_exit"": 5, ""process_exec"": 1}"
1776395155,normal,k3s-wk1,0.2947777777777648,0.6425937193448648,325.5333333333333,165.8,11600.466666666667,3810.0,0.0,0,15,2,0,10,0,"{""process_exit"": 15, ""process_exec"": 15, ""process_kprobe"": 10}"
1776395155,normal,sw-wk2,0.13988888888893092,0.28980943461141484,183.93333333333334,168.6,2693.7,6430.466666666666,0.0,0,3,2,0,0,0,"{""process_exit"": 5, ""process_exec"": 3}"
1776395166,normal,sw-wk3,0.18294335933159045,0.40999273672541003,244.98366775548297,163.78908072795147,3784.981001266582,6130.724618358776,0.0,0,0,0,0,0,0,{}
1776395166,normal,k3s-wk1,0.2947777777777648,0.6425937193448648,325.5333333333333,165.8,11600.466666666667,3810.0,0.0,0,36,3,0,30,0,"{""process_exit"": 36, ""process_exec"": 36, ""process_kprobe"": 30}"
1776395166,normal,sw-wk2,0.13988888888893092,0.28980943461141484,183.93333333333334,168.6,2693.7000000000007,6430.466666666666,0.0,0,106,7,0,0,0,"{""process_exec"": 106, ""process_exit"": 106}"
1776395175,normal,sw-wk3,0.18294335933159045,0.40999273672541003,244.98366775548297,163.78908072795147,3784.981001266582,6130.724618358776,0.0,0,0,0,0,0,0,{}
1776395175,normal,k3s-wk1,0.30126880430198233,0.6450478234219061,325.51163255782944,165.78894740350646,34773.081794547026,14636.524231717885,0.0,0,18,2,0,12,0,"{""process_exit"": 19, ""process_exec"": 18, ""process_kprobe"": 12}"
1776395175,normal,sw-wk2,0.13988888888893092,0.28980943461141484,183.93333333333334,168.6,2693.7,6430.466666666666,0.0,0,0,0,0,0,0,{}
1776395185,normal,sw-wk3,0.18294335933159045,0.40999273672541003,244.98366775548297,163.78908072795147,3784.981001266582,6130.724618358776,0.0,0,0,0,0,0,0,{}
1776395185,normal,k3s-wk1,0.30126880430198233,0.6450478234219061,325.51163255782944,165.78894740350643,34773.081794547026,14636.524231717885,0.0,0,78,3,0,70,0,"{""process_exit"": 78, ""process_exec"": 78, ""process_kprobe"": 70}"
1776395185,normal,sw-wk2,0.1845555555555216,0.2836929928514087,116.03333333333333,100.86666666666666,6667.2,27457.5,0.0,0,0,0,0,0,0,{}
1776395195,transition,sw-wk3,0.0,0.40999273672541003,0.0,0.0,0.0,0.0,0.0,10,1,1,0,0,0,"{""process_exit"": 3, ""process_exec"": 1}"
1776395195,transition,k3s-wk1,0.30126880430198233,0.6450478234219061,325.51163255782944,165.78894740350643,34773.081794547026,14636.524231717885,0.0,10,78,3,0,70,0,"{""process_exit"": 78, ""process_exec"": 78, ""process_kprobe"": 70}"
1776395195,transition,sw-wk2,0.1845555555555216,0.2836929928514087,116.03333333333333,100.86666666666666,6667.2,27457.5,0.0,10,0,0,0,0,0,{}
1776395205,normal,sw-wk3,0.1781674333844575,0.4063292429629063,249.48329888659245,173.81158743916262,3548.1698779918665,5692.579505300354,0.0,0,0,0,0,0,0,{}
1776395205,normal,k3s-wk1,0.27684067826742054,0.6409681858255735,325.55503700246686,165.81105407027135,9380.225348356558,2368.22454830322,0.0,0,15,2,0,10,0,"{""process_exit"": 15, ""process_exec"": 15, ""process_kprobe"": 10}"
1776395205,normal,sw-wk2,0.1845555555555216,0.2836929928514087,116.03333333333333,100.86666666666666,6667.2,27457.5,0.0,0,0,0,0,0,0,{}
1776395216,normal,sw-wk3,0.1781674333844575,0.4063292429629063,249.48329888659245,173.81158743916262,3548.1698779918665,5692.579505300354,0.0,0,0,0,0,0,0,{}
1776395216,normal,k3s-wk1,0.27684067826742054,0.6409681858255735,325.55503700246686,165.81105407027135,9380.225348356558,2368.22454830322,0.0,0,36,3,0,30,0,"{""process_exit"": 36, ""process_exec"": 36, ""process_kprobe"": 30}"
1776395216,normal,sw-wk2,0.1185555555555764,0.28215432547115715,113.2,98.0,856.5,3691.5666666666666,0.0,0,0,0,0,0,0,{}
1776395225,transition,sw-wk3,0.0,0.4063292429629063,0.0,0.0,0.0,0.0,0.0,9,0,0,0,0,0,{}
1776395225,transition,k3s-wk1,0.27684067826742054,0.6409681858255735,325.55503700246686,165.81105407027135,9380.225348356558,2368.22454830322,0.0,9,72,3,0,66,0,"{""process_exit"": 72, ""process_exec"": 72, ""process_kprobe"": 66}"
1776395225,transition,sw-wk2,0.1185555555555764,0.28215432547115715,113.2,98.0,856.5,3691.5666666666666,0.0,9,2,2,0,0,0,"{""process_exec"": 2}"
1776395235,normal,sw-wk3,0.19677777777776806,0.41299361596391304,345.66666666666674,164.83333333333334,2742.733333333333,5228.433333333333,0.0,0,0,0,0,0,0,{}
1776395235,normal,k3s-wk1,0.3161794931617625,0.6477175364587978,323.36766323367664,163.78362163783623,9495.283804952838,5128.787121287872,0.0,0,33,3,0,28,0,"{""process_exit"": 33, ""process_exec"": 33, ""process_kprobe"": 28}"
1776395235,normal,sw-wk2,0.11855555555557651,0.28215432547115715,113.2,98.0,856.5,3691.5666666666666,0.0,0,0,0,0,0,0,{}
1776395245,normal,sw-wk3,0.19677777777776806,0.41299361596391304,345.6666666666667,164.83333333333334,2742.733333333333,5228.433333333333,0.0,0,0,0,0,0,0,{}
1776395245,normal,k3s-wk1,0.31617949316176264,0.6477175364587978,323.36766323367664,163.78362163783623,9495.283804952836,5128.787121287872,0.0,0,9,2,0,6,0,"{""process_exit"": 9, ""process_exec"": 9, ""process_kprobe"": 6}"
1776395245,normal,sw-wk2,0.19211111111108048,0.28513449800578516,116.06666666666666,100.86666666666666,5927.666666666667,28037.266666666666,0.0,0,104,5,0,0,0,"{""process_exit"": 106, ""process_exec"": 104}"
1776395256,transition,sw-wk3,0.0,0.41299361596391304,0.0,0.0,0.0,0.0,0.0,10,4,4,0,0,0,"{""process_exec"": 4, ""process_exit"": 1}"
1776395256,transition,k3s-wk1,0.3161794931617625,0.6477175364587978,323.36766323367664,163.78362163783623,9495.283804952838,5128.787121287872,0.0,10,60,3,0,52,0,"{""process_exit"": 60, ""process_exec"": 60, ""process_kprobe"": 52}"
1776395256,transition,sw-wk2,0.19211111111108048,0.28513449800578516,116.06666666666666,100.86666666666666,5927.666666666667,28037.266666666674,0.0,10,0,0,0,0,0,{}
1776395265,normal,k3s-wk1,0.31975510294790344,0.643350043968424,325.54418480616016,165.80552685089503,38447.08156938565,11431.914397146573,0.0,0,81,3,0,72,0,"{""process_exit"": 81, ""process_exec"": 81, ""process_kprobe"": 72}"
1776395265,normal,sw-wk3,0.20577777777780293,0.4229312410005479,143292.46666666667,1672.1333333333332,6776.566666666667,5923.433333333333,0.0,0,5,4,0,0,0,"{""process_exit"": 32, ""process_exec"": 5}"
1776395265,normal,sw-wk2,0.19211111111108048,0.28513449800578516,116.06666666666666,100.86666666666666,5927.666666666667,28037.266666666666,0.0,0,0,0,0,0,0,{}
1776395275,normal,sw-wk3,0.20577777777780293,0.4229312410005479,143292.46666666667,1672.1333333333332,6776.566666666667,5923.433333333333,0.0,0,0,0,0,0,0,{}
1776395275,normal,k3s-wk1,0.31975510294790344,0.643350043968424,325.5441848061602,165.80552685089503,38447.08156938565,11431.914397146573,0.0,0,57,3,0,50,0,"{""process_exit"": 57, ""process_exec"": 57, ""process_kprobe"": 50}"
1776395275,normal,sw-wk2,0.11177777777783282,0.28298259362615796,78.33333333333333,68.2,1552.6666666666667,3727.0333333333333,0.0,0,0,0,0,0,0,{}
1776395286,transition,k3s-wk1,0.31975510294790344,0.643350043968424,325.5441848061602,165.80552685089503,38447.08156938565,11431.914397146573,0.0,10,12,2,0,8,0,"{""process_exit"": 12, ""process_exec"": 12, ""process_kprobe"": 8}"
1776395286,transition,sw-wk3,0.0,0.4229312410005479,0.0,0.0,0.0,0.0,0.0,10,1,1,0,0,0,"{""process_exit"": 11, ""process_exec"": 1}"
1776395286,transition,sw-wk2,0.11177777777783282,0.28298259362615796,78.33333333333333,68.2,1552.6666666666667,3727.0333333333333,0.0,10,106,7,0,0,0,"{""process_exec"": 106, ""process_exit"": 106}"
1776395295,normal,sw-wk3,0.165888888888872,0.4108178192336608,255.6,176.4,5101.300000000001,12170.7,0.0,0,0,0,0,0,0,{}
1776395295,normal,k3s-wk1,0.3119541302753306,0.6377498552259209,330.0220014667645,171.8114540969398,35141.00940062671,12678.74524968331,0.0,0,81,3,0,72,0,"{""process_exit"": 81, ""process_exec"": 81, ""process_kprobe"": 72}"
1776395295,normal,sw-wk2,0.11177777777783282,0.28298259362615796,78.33333333333333,68.2,1552.6666666666667,3727.0333333333333,0.0,0,0,0,0,0,0,{}
1776395305,normal,k3s-wk1,0.3119541302753306,0.6377498552259209,330.0220014667645,171.8114540969398,35141.00940062671,12678.745249683314,0.0,0,36,3,0,30,0,"{""process_exit"": 36, ""process_exec"": 36, ""process_kprobe"": 30}"
1776395305,normal,sw-wk3,0.165888888888872,0.4108178192336608,255.6,176.4,5101.3,12170.7,0.0,0,1,1,0,0,0,"{""process_exit"": 31, ""process_exec"": 1}"
1776395305,normal,sw-wk2,0.18980710750038854,0.2778122889509028,113.07185190117865,97.88905906639141,5407.105280681894,27802.98994472931,0.0,0,0,0,0,0,0,{}
1776395316,normal,sw-wk3,0.15583405550741536,0.40256380850440254,244.98366775548297,167.78881407906138,3320.2786480901273,9968.402106526231,0.0,0,0,0,0,0,0,"{""process_exit"": 6}"
1776395316,normal,k3s-wk1,0.3119541302753306,0.6377498552259209,330.0220014667645,171.8114540969398,35141.00940062671,12678.745249683314,0.0,0,15,2,0,10,0,"{""process_exit"": 15, ""process_exec"": 15, ""process_kprobe"": 10}"
1776395316,normal,sw-wk2,0.18980710750038832,0.2778122889509028,113.07185190117868,97.88905906639141,5407.105280681894,27802.98994472931,0.0,0,0,0,0,0,0,{}
1776395325,normal,sw-wk3,0.15583405550741547,0.40256380850440254,244.98366775548297,167.78881407906138,3320.2786480901273,9968.402106526231,0.0,0,1,1,0,0,0,"{""process_exit"": 1, ""process_exec"": 1}"
1776395325,normal,k3s-wk1,0.27866666666664563,0.6426264557837951,325.5333333333333,165.8,14461.0,2266.1,0.0,0,18,2,0,12,0,"{""process_exit"": 18, ""process_exec"": 18, ""process_kprobe"": 12}"
1776395325,normal,sw-wk2,0.18980710750038832,0.2778122889509028,113.07185190117868,97.88905906639144,5407.105280681894,27802.98994472931,0.0,0,0,0,0,0,0,{}
1776395335,normal,sw-wk3,0.15583405550741547,0.40256380850440254,244.98366775548297,167.78881407906138,3320.2786480901273,9968.402106526231,0.0,0,0,0,0,0,0,{}
1776395335,normal,k3s-wk1,0.27866666666664563,0.6426264557837951,325.5333333333333,165.8,14461.0,2266.1,0.0,0,15,2,0,10,0,"{""process_exit"": 15, ""process_exec"": 15, ""process_kprobe"": 10}"
1776395335,normal,sw-wk2,0.11800040045383797,0.28715579086866216,120.67009277180804,106.98791964226122,687.0786891810717,3678.6691583794964,0.0,0,0,0,0,0,0,{}
1776395346,normal,k3s-wk1,0.27866666666664563,0.6426264557837951,325.5333333333333,165.8,14461.0,2266.1,0.0,0,39,3,0,32,0,"{""process_exit"": 39, ""process_exec"": 39, ""process_kprobe"": 32}"
1776395346,normal,sw-wk3,0.15605484810097636,0.41190412477541194,245.01633442229485,161.81078738582573,2748.4498966597776,7912.960864057604,0.0,0,1,1,0,0,0,"{""process_exit"": 11, ""process_exec"": 1}"
1776395346,normal,sw-wk2,0.11800040045383797,0.28715579086866216,120.67009277180804,106.98791964226122,687.0786891810718,3678.6691583794964,0.0,0,2,2,0,0,0,"{""process_exec"": 2}"
1776395355,normal,sw-wk3,0.15605484810097636,0.41190412477541194,245.01633442229485,161.81078738582573,2748.4498966597776,7912.960864057604,0.0,0,0,0,0,0,0,{}
1776395355,normal,k3s-wk1,0.3028888888889115,0.6450963636589404,323.4,163.8,34992.0,9885.6,0.0,0,33,2,0,28,0,"{""process_exit"": 33, ""process_exec"": 33, ""process_kprobe"": 28}"
1776395355,normal,sw-wk2,0.11800040045383797,0.28715579086866216,120.67009277180804,106.98791964226122,687.0786891810718,3678.6691583794964,0.0,0,104,5,0,0,0,"{""process_exit"": 106, ""process_exec"": 104}"
1776395365,normal,sw-wk3,0.15605484810097636,0.41190412477541194,245.01633442229485,161.81078738582573,2748.4498966597776,7912.960864057604,0.0,0,0,0,0,0,0,"{""process_exit"": 3}"
1776395365,normal,k3s-wk1,0.3028888888889115,0.6450963636589404,323.4,163.8,34992.0,9885.6,0.0,0,15,2,0,10,0,"{""process_exit"": 15, ""process_exec"": 15, ""process_kprobe"": 10}"
1776395365,normal,sw-wk2,0.18938737417502427,0.28593728098678595,113.1924538364109,97.99346710219318,5641.290580627958,27870.375308312778,0.0,0,0,0,0,0,0,{}
1776395376,normal,k3s-wk1,0.3028888888889115,0.6450963636589404,323.4,163.8,34992.0,9885.6,0.0,0,15,2,0,10,0,"{""process_exit"": 15, ""process_exec"": 15, ""process_kprobe"": 10}"
1776395376,normal,sw-wk3,0.17522222222222705,0.4172639754322922,163.33333333333334,106.53333333333333,7516.266666666666,6770.033333333333,0.0,0,2,2,0,0,0,"{""process_exec"": 2, ""process_exit"": 3}"
1776395376,normal,sw-wk2,0.18938737417502427,0.28593728098678595,113.1924538364109,97.99346710219318,5641.290580627958,27870.375308312778,0.0,0,0,0,0,0,0,{}
1776395385,normal,sw-wk3,0.17522222222222705,0.4172639754322922,163.33333333333334,106.53333333333333,7516.266666666666,6770.033333333333,0.0,0,0,0,0,0,0,{}
1776395385,normal,k3s-wk1,0.29577777777776637,0.641714350864637,325.5333333333333,165.80000000000004,10119.2,6910.033333333333,0.0,0,33,3,0,28,0,"{""process_exit"": 33, ""process_exec"": 33, ""process_kprobe"": 28}"
1776395385,normal,sw-wk2,0.18938737417502427,0.28593728098678595,113.1924538364109,97.99346710219318,5641.290580627958,27870.375308312778,0.0,0,0,0,0,0,0,{}
1776395395,normal,sw-wk3,0.17522222222222705,0.4172639754322922,163.33333333333334,106.53333333333333,7516.266666666666,6770.033333333333,0.0,0,0,0,0,0,0,{}
1776395395,normal,k3s-wk1,0.29577777777776637,0.641714350864637,325.5333333333333,165.8,10119.2,6910.033333333333,0.0,0,12,2,0,8,0,"{""process_exit"": 12, ""process_exec"": 12, ""process_kprobe"": 8}"
1776395395,normal,sw-wk2,0.12900000000004697,0.2855645603170356,116.06666666666666,100.86666666666669,1072.8333333333333,3633.0,0.0,0,0,0,0,0,0,{}
1776395406,normal,sw-wk3,0.1480049764507364,0.40701574983753197,244.93468408424417,161.75686483604372,2318.548387096774,5108.471074380165,0.0,0,1,1,0,0,0,"{""process_exit"": 5, ""process_exec"": 1}"
1776395406,normal,k3s-wk1,0.29577777777776637,0.641714350864637,325.5333333333333,165.8,10119.2,6910.033333333333,0.0,0,12,2,0,8,0,"{""process_exit"": 12, ""process_exec"": 12, ""process_kprobe"": 8}"
1776395406,normal,sw-wk2,0.12900000000004697,0.2855645603170356,116.06666666666666,100.86666666666666,1072.8333333333333,3633.0,0.0,0,2,2,0,0,0,"{""process_exec"": 2}"
1776395415,normal,sw-wk3,0.1480049764507364,0.40701574983753197,244.93468408424417,161.75686483604372,2318.548387096774,5108.471074380165,0.0,0,0,0,0,0,0,{}
1776395415,normal,k3s-wk1,0.28400000000001446,0.6415348648718819,325.5333333333333,165.80000000000004,33860.1,7226.9,0.0,0,33,3,0,28,0,"{""process_exit"": 33, ""process_exec"": 33, ""process_kprobe"": 28}"
1776395415,normal,sw-wk2,0.12900000000004697,0.2855645603170356,116.06666666666666,100.86666666666666,1072.8333333333333,3633.0,0.0,0,104,5,0,0,0,"{""process_exit"": 106, ""process_exec"": 104}"
1776395426,normal,sw-wk3,0.1480049764507364,0.40701574983753197,244.93468408424417,161.75686483604372,2318.548387096774,5108.471074380165,0.0,0,0,0,0,0,0,{}
1776395426,normal,k3s-wk1,0.28400000000001446,0.6415348648718819,325.5333333333333,165.8,33860.1,7226.9,0.0,0,54,3,0,48,0,"{""process_exit"": 54, ""process_exec"": 54, ""process_kprobe"": 48}"
1776395426,normal,sw-wk2,0.19927995199678517,0.29159658243816655,75.47169811320755,65.33768917927863,5436.595773051537,27948.59657310487,0.0,0,0,0,0,0,0,{}
1776395436,normal,sw-wk3,0.15947533846441975,0.4109325025166609,244.89387931896184,157.73164961849866,2980.341851864192,5925.532269349948,0.0,0,0,0,0,0,0,{}
1776395436,normal,k3s-wk1,0.28400000000001446,0.6415348648718819,325.5333333333333,165.8,33860.1,7226.9,0.0,0,39,3,0,32,0,"{""process_exit"": 39, ""process_exec"": 39, ""process_kprobe"": 32}"
1776395436,normal,sw-wk2,0.19927995199678517,0.29159658243816655,75.47169811320755,65.33768917927863,5436.595773051537,27948.596573104875,0.0,0,0,0,0,0,0,{}
1776395446,normal,sw-wk3,0.15947533846441964,0.4109325025166609,244.89387931896184,157.73164961849864,2980.341851864192,5925.532269349948,0.0,0,0,0,0,0,0,{}
1776395446,normal,k3s-wk1,0.2832222222221996,0.6501118118715874,515.4333333333333,256.23333333333335,8808.4,4141.300000000001,0.0,0,57,3,0,50,0,"{""process_exit"": 57, ""process_exec"": 57, ""process_kprobe"": 50}"
1776395446,normal,sw-wk2,0.19927995199678517,0.29159658243816655,75.47169811320755,65.33768917927863,5436.595773051537,27948.596573104875,0.0,0,0,0,0,0,0,{}
1776395457,normal,k3s-wk1,0.2832222222221996,0.6501118118715874,515.4333333333333,256.23333333333335,8808.4,4141.3,0.0,0,33,3,0,28,0,"{""process_exit"": 33, ""process_exec"": 33, ""process_kprobe"": 28}"
1776395457,normal,sw-wk3,0.15947533846441975,0.4109325025166609,244.89387931896178,157.73164961849864,2980.341851864192,5925.532269349948,0.0,0,1,1,0,0,0,"{""process_exit"": 3, ""process_exec"": 1}"
1776395457,normal,sw-wk2,0.1202222222221786,0.28757470341628755,116.06666666666666,100.86666666666666,706.8,3674.0,0.0,0,0,0,0,0,0,{}
1776395466,normal,sw-wk3,0.16341439007305347,0.4112128394306612,245.17162013409384,167.91754227959572,2342.873344674606,5680.676473531473,0.0,0,0,0,0,0,0,{}
1776395466,normal,k3s-wk1,0.2832222222221996,0.6501118118715874,515.4333333333333,256.23333333333335,8808.4,4141.3,0.0,0,63,3,0,54,0,"{""process_exit"": 63, ""process_exec"": 63, ""process_kprobe"": 54}"
1776395466,normal,sw-wk2,0.1202222222221786,0.28757470341628755,116.06666666666666,100.86666666666666,706.8,3674.0,0.0,0,2,2,0,0,0,"{""process_exec"": 2}"
1776395476,normal,sw-wk3,0.16341439007305347,0.4112128394306612,245.1716201340939,167.9175422795957,2342.873344674606,5680.676473531473,0.0,0,1,1,0,0,0,"{""process_exit"": 5, ""process_exec"": 1}"
1776395476,normal,k3s-wk1,0.2961111111111677,0.6529000533942607,327.5333333333333,167.8,10671.566666666666,4791.733333333334,0.0,0,57,3,0,50,0,"{""process_exit"": 58, ""process_exec"": 57, ""process_kprobe"": 50}"
1776395476,normal,sw-wk2,0.1202222222221786,0.28757470341628755,116.06666666666666,100.86666666666666,706.8,3674.0,0.0,0,0,0,0,0,0,{}
1776395486,normal,sw-wk3,0.16341439007305347,0.4112128394306612,245.1716201340939,167.91754227959572,2342.873344674606,5680.676473531473,0.0,0,0,0,0,0,0,{}
1776395486,normal,k3s-wk1,0.2961111111111677,0.6529000533942607,327.5333333333333,167.8,10671.566666666666,4791.733333333334,0.0,0,18,3,0,12,0,"{""process_exit"": 18, ""process_exec"": 18, ""process_kprobe"": 12}"
1776395486,normal,sw-wk2,0.24563099245633413,0.2925172343489175,116.02173116021731,100.85658100856581,8351.231543512316,29428.157184281572,0.0,0,110,9,1,0,0,"{""process_exit"": 110, ""process_exec"": 110}"
1776395496,normal,sw-wk3,0.16433333333332278,0.41062986607541063,209.16666666666666,149.53333333333333,5042.7,6011.333333333333,0.0,0,0,0,0,0,0,{}
1776395496,normal,k3s-wk1,0.2961111111111677,0.6529000533942607,327.5333333333333,167.8,10671.566666666666,4791.733333333334,0.0,0,51,3,0,46,0,"{""process_kprobe"": 46, ""process_exit"": 51, ""process_exec"": 51}"
1776395496,normal,sw-wk2,0.24563099245633413,0.2925172343489175,116.02173116021731,100.85658100856581,8351.231543512316,29428.157184281572,0.0,0,6,6,1,3,0,"{""process_exit"": 8, ""process_exec"": 6, ""process_kprobe"": 3}"
1776395506,normal,sw-wk3,0.16433333333332278,0.41062986607541063,209.16666666666666,149.53333333333333,5042.7,6011.333333333333,0.0,0,1,1,0,0,0,"{""process_exit"": 15, ""process_exec"": 1}"
1776395506,normal,k3s-wk1,0.3132222222222075,0.6369032231846233,327.5333333333333,167.8,38153.333333333336,11769.266666666666,0.0,0,36,3,0,30,0,"{""process_exit"": 36, ""process_exec"": 36, ""process_kprobe"": 30}"
1776395506,normal,sw-wk2,0.24563099245633413,0.2925172343489175,116.02173116021731,100.85658100856581,8351.231543512316,29428.157184281572,0.0,0,0,0,0,2,0,"{""process_kprobe"": 2}"
1776395516,normal,sw-wk3,0.16433333333332278,0.41062986607541063,209.16666666666666,149.53333333333333,5042.7,6011.333333333333,0.0,0,0,0,0,0,0,{}
1776395516,normal,k3s-wk1,0.31322222222220775,0.6369032231846233,327.5333333333333,167.8,38153.333333333336,11769.266666666666,0.0,0,33,3,0,28,0,"{""process_exit"": 33, ""process_exec"": 33, ""process_kprobe"": 28}"
1776395516,normal,sw-wk2,0.12452637310135628,0.2883504083999133,121.3373779125971,129.60432014400482,742.7914263808793,5796.993233107771,0.0,0,0,0,0,1,0,"{""process_kprobe"": 1}"
1776395527,normal,sw-wk3,0.19166666666668686,0.4118101481962868,199.16666666666666,136.8,2346.8333333333335,7213.433333333334,0.0,0,0,0,0,0,0,{}
1776395527,normal,k3s-wk1,0.31322222222220775,0.6369032231846233,327.5333333333333,167.8,38153.333333333336,11769.266666666666,0.0,0,42,3,0,34,0,"{""process_exit"": 42, ""process_exec"": 42, ""process_kprobe"": 34}"
1776395527,normal,sw-wk2,0.12452637310135628,0.2883504083999133,121.3373779125971,129.60432014400482,742.7914263808794,5796.993233107771,0.0,0,106,7,0,1,0,"{""process_kprobe"": 1, ""process_exec"": 106, ""process_exit"": 104}"
1776395536,normal,sw-wk3,0.19166666666668686,0.4118101481962868,199.16666666666666,136.8,2346.8333333333335,7213.433333333333,0.0,0,0,0,0,0,0,{}
1776395536,normal,k3s-wk1,0.31155555555552494,0.6362180156525332,329.4,170.4,33656.933333333334,9674.866666666667,0.0,0,30,3,0,26,0,"{""process_exit"": 30, ""process_exec"": 30, ""process_kprobe"": 26}"
1776395536,normal,sw-wk2,0.12452637310135628,0.2883504083999133,121.3373779125971,129.60432014400482,742.7914263808794,5796.993233107771,0.0,0,0,0,0,1,0,"{""process_kprobe"": 1}"
1776395546,normal,sw-wk3,0.19166666666668686,0.4118101481962868,199.16666666666666,136.8,2346.8333333333335,7213.433333333333,0.0,0,1,1,0,0,0,"{""process_exit"": 11, ""process_exec"": 1}"
1776395546,normal,k3s-wk1,0.31155555555552494,0.6362180156525332,329.4,170.4,33656.933333333334,9674.866666666667,0.0,0,15,2,0,10,0,"{""process_exit"": 15, ""process_exec"": 15, ""process_kprobe"": 10}"
1776395546,normal,sw-wk2,0.2012800853390112,0.2906886731144157,126.2084138942596,117.67451163410895,5396.3264217614515,28266.417761184082,0.0,0,0,0,0,1,0,"{""process_kprobe"": 1}"
1776395556,normal,sw-wk3,0.16144444444445172,0.40552327433515556,245.0,165.8,3011.0333333333333,6823.4,0.0,0,0,0,0,0,0,{}
1776395556,normal,k3s-wk1,0.31155555555552494,0.6362180156525332,329.4,170.4,33656.933333333334,9674.866666666667,0.0,0,18,2,0,12,0,"{""process_exit"": 18, ""process_exec"": 18, ""process_kprobe"": 12}"
1776395556,normal,sw-wk2,0.2012800853390112,0.2906886731144157,126.20841389425962,117.67451163410895,5396.3264217614515,28266.417761184082,0.0,0,0,0,0,1,0,"{""process_kprobe"": 1}"
1776395566,normal,sw-wk3,0.16144444444445172,0.40552327433515556,245.0,165.8,3011.0333333333333,6823.4,0.0,0,1,1,0,0,0,"{""process_exit"": 5, ""process_exec"": 1}"
1776395566,normal,k3s-wk1,0.25832111274054126,0.6382860555187427,325.4899346753766,165.77789628049595,11515.797893614184,1698.973470203973,0.0,0,15,2,0,10,0,"{""process_exit"": 15, ""process_exec"": 15, ""process_kprobe"": 10}"
1776395566,normal,sw-wk2,0.2012800853390112,0.2906886731144157,126.20841389425962,117.67451163410895,5396.3264217614515,28266.417761184082,0.0,0,0,0,0,1,0,"{""process_kprobe"": 1}"
1776395576,normal,sw-wk3,0.16144444444445172,0.40552327433515556,245.0,165.8,3011.0333333333333,6823.4,0.0,0,0,0,0,0,0,{}
1776395576,normal,k3s-wk1,0.25832111274054126,0.6382860555187427,325.4899346753766,165.77789628049595,11515.797893614184,1698.973470203973,0.0,0,33,3,0,28,0,"{""process_exit"": 33, ""process_exec"": 33, ""process_kprobe"": 28}"
1776395576,normal,sw-wk2,0.12051538376096527,0.2872688813282873,122.02599133622127,115.62812395868045,1082.1392869043652,4260.046651116295,0.0,0,0,0,0,1,0,"{""process_kprobe"": 1}"
1776395586,normal,sw-wk3,0.1626666666666603,0.40640729130828146,245.0,161.8,5291.8,6192.633333333333,0.0,0,0,0,0,0,0,{}
1776395586,normal,k3s-wk1,0.25832111274054126,0.6382860555187427,325.4899346753766,165.77789628049595,11515.797893614184,1698.973470203973,0.0,0,36,3,0,30,0,"{""process_exit"": 37, ""process_exec"": 36, ""process_kprobe"": 30}"
1776395586,normal,sw-wk2,0.12051538376096527,0.2872688813282873,122.02599133622127,115.62812395868045,1082.1392869043652,4260.046651116295,0.0,0,2,2,0,1,0,"{""process_exec"": 2, ""process_kprobe"": 1}"
1776395596,normal,sw-wk3,0.1626666666666603,0.40640729130828146,245.0,161.8,5291.8,6192.633333333333,0.0,0,1,1,0,0,0,"{""process_exit"": 9, ""process_exec"": 1}"
1776395596,normal,k3s-wk1,0.2951282393207951,0.6357642208783977,325.5767435658088,165.82210961461527,10310.84144552607,9512.60168022403,0.0,0,60,3,0,52,0,"{""process_exec"": 60, ""process_kprobe"": 52, ""process_exit"": 59}"
1776395596,normal,sw-wk2,0.12051538376096527,0.2872688813282873,122.02599133622127,115.62812395868045,1082.1392869043652,4260.046651116295,0.0,0,0,0,0,0,0,{}
1776395606,normal,sw-wk3,0.1626666666666603,0.40640729130828146,245.0,161.8,5291.8,6192.633333333333,0.0,0,0,0,0,0,0,{}
1776395606,normal,k3s-wk1,0.2951282393207951,0.6357642208783977,325.5767435658088,165.82210961461527,10310.84144552607,9512.60168022403,0.0,0,57,3,0,50,0,"{""process_exit"": 57, ""process_exec"": 57, ""process_kprobe"": 50}"
1776395606,normal,sw-wk2,0.2007335778592476,0.2930540158262931,81.59386462154052,77.22574191397133,6898.699566522175,28563.187729243084,0.0,0,104,5,0,1,0,"{""process_kprobe"": 1, ""process_exit"": 106, ""process_exec"": 104}"
1776395616,normal,sw-wk3,0.1596666666666554,0.4114278705862864,245.00000000000006,159.80000000000004,3205.3333333333335,6456.933333333333,0.0,0,0,0,0,0,0,{}
1776395616,normal,k3s-wk1,0.2951282393207951,0.6357642208783977,325.5767435658088,165.82210961461527,10310.84144552607,9512.60168022403,0.0,0,54,3,0,48,0,"{""process_exit"": 54, ""process_exec"": 54, ""process_kprobe"": 48}"
1776395616,normal,sw-wk2,0.2007335778592476,0.2930540158262931,81.59386462154052,77.22574191397133,6898.699566522175,28563.187729243084,0.0,0,0,0,0,1,0,"{""process_kprobe"": 1, ""process_exit"": 2}"
1776395626,normal,sw-wk3,0.1596666666666554,0.4114278705862864,245.0,159.8,3205.3333333333335,6456.933333333333,0.0,0,1,1,0,0,0,"{""process_exit"": 7, ""process_exec"": 1}"
1776395626,normal,k3s-wk1,0.3038888888888728,0.633771813474544,325.5333333333333,165.8,35513.5,9240.466666666667,0.0,0,57,3,0,50,0,"{""process_exit"": 57, ""process_exec"": 57, ""process_kprobe"": 50}"
1776395626,normal,sw-wk2,0.2007335778592476,0.2930540158262931,81.59386462154052,77.22574191397133,6898.699566522175,28563.187729243084,0.0,0,0,0,0,0,0,{}
1776395636,normal,sw-wk3,0.1596666666666554,0.4114278705862864,245.0,159.8,3205.3333333333335,6456.933333333333,0.0,0,0,0,0,0,0,{}
1776395636,normal,k3s-wk1,0.3038888888888728,0.633771813474544,325.5333333333333,165.8,35513.5,9240.466666666667,0.0,0,12,2,0,8,0,"{""process_exit"": 12, ""process_exec"": 12, ""process_kprobe"": 8}"
1776395636,normal,sw-wk2,0.13711111111115315,0.2832756731271583,126.53333333333333,111.8,2442.5333333333333,4105.3,0.0,0,0,0,0,0,0,{}
1776395646,normal,sw-wk3,0.14499999999999202,0.40683894644290686,163.33333333333334,108.53333333333333,2763.4666666666667,6125.6,0.0,0,0,0,0,0,0,{}
1776395646,normal,k3s-wk1,0.3038888888888728,0.633771813474544,325.5333333333333,165.8,35513.5,9240.466666666667,0.0,0,36,3,0,30,0,"{""process_exit"": 36, ""process_exec"": 36, ""process_kprobe"": 30}"
1776395646,normal,sw-wk2,0.13711111111115315,0.2832756731271583,126.53333333333333,111.8,2442.5333333333333,4105.3,0.0,0,106,7,0,0,0,"{""process_exec"": 106, ""process_exit"": 104}"
1776395656,normal,sw-wk3,0.14499999999999202,0.40683894644290686,163.33333333333334,108.53333333333333,2763.4666666666667,6125.6,0.0,0,0,0,0,0,0,{}
1776395656,normal,k3s-wk1,0.2976666666666764,0.6398145085639653,325.5333333333333,165.8,33019.86666666667,9486.066666666666,0.0,0,15,2,0,10,0,"{""process_exit"": 15, ""process_exec"": 15, ""process_kprobe"": 10}"
1776395656,normal,sw-wk2,0.13711111111115315,0.2832756731271583,126.53333333333333,111.8,2442.5333333333333,4105.3,0.0,0,0,0,0,0,0,"{""process_exit"": 2}"
1776395666,normal,sw-wk3,0.14499999999999202,0.40683894644290686,163.33333333333334,108.53333333333333,2763.4666666666667,6125.6,0.0,0,1,1,0,0,0,"{""process_exit"": 7, ""process_exec"": 1}"
1776395666,normal,k3s-wk1,0.2976666666666764,0.6398145085639653,325.5333333333333,165.8,33019.86666666667,9486.066666666666,0.0,0,60,3,0,52,0,"{""process_exit"": 60, ""process_exec"": 60, ""process_kprobe"": 52}"
1776395666,normal,sw-wk2,0.20907909209076503,0.2860567427399111,116.05506116055061,100.85658100856581,5433.056694330567,27850.71492850715,0.0,0,0,0,0,0,0,{}
1776395676,normal,sw-wk3,0.16022222222224325,0.4058418390101558,245.0,157.8,2843.5333333333333,6151.833333333333,0.0,0,0,0,0,0,0,{}
1776395676,normal,k3s-wk1,0.2976666666666764,0.6398145085639653,325.5333333333333,165.8,33019.86666666667,9486.066666666666,0.0,0,30,3,0,26,0,"{""process_exit"": 30, ""process_exec"": 30, ""process_kprobe"": 26}"
1776395676,normal,sw-wk2,0.20907909209076503,0.2860567427399111,116.0550611605506,100.85658100856581,5433.056694330567,27850.71492850715,0.0,0,0,0,0,0,0,{}
1776395686,normal,sw-wk3,0.16022222222224325,0.4058418390101558,245.0,157.8,2843.5333333333333,6151.833333333333,0.0,0,1,1,0,0,0,"{""process_exit"": 41, ""process_exec"": 1}"
1776395686,normal,k3s-wk1,0.2851111111111094,0.6431005697269216,325.5333333333333,165.80000000000004,13849.066666666666,1871.9333333333334,0.0,0,33,3,0,28,0,"{""process_exit"": 33, ""process_exec"": 33, ""process_kprobe"": 28}"
1776395686,normal,sw-wk2,0.20907909209076503,0.2860567427399111,116.05506116055061,100.85658100856581,5433.056694330567,27850.71492850715,0.0,0,0,0,0,0,0,{}
1776395696,normal,sw-wk3,0.16022222222224325,0.4058418390101558,245.0,157.8,2843.5333333333333,6151.833333333333,0.0,0,0,0,0,0,0,{}
1776395696,normal,k3s-wk1,0.2851111111111094,0.6431005697269216,325.5333333333333,165.8,13849.066666666666,1871.9333333333334,0.0,0,15,2,0,10,0,"{""process_exit"": 15, ""process_exec"": 15, ""process_kprobe"": 10}"
1776395696,normal,sw-wk2,0.11447396197903725,0.28845872038941345,116.06279790673642,100.86330455651476,749.5750141661944,3713.4762174594184,0.0,0,0,0,0,0,0,{}
1776395706,normal,sw-wk3,0.1452222222222188,0.4086914000280337,249.46666666666667,169.8,2159.6,12968.7,0.0,0,1,1,0,0,0,"{""process_exit"": 17, ""process_exec"": 1}"
1776395706,normal,k3s-wk1,0.2851111111111094,0.6431005697269216,325.5333333333333,165.8,13849.066666666666,1871.9333333333334,0.0,0,78,3,0,70,0,"{""process_exit"": 78, ""process_exec"": 78, ""process_kprobe"": 70}"
1776395706,normal,sw-wk2,0.11447396197903725,0.28845872038941345,116.06279790673642,100.86330455651479,749.5750141661944,3713.4762174594175,0.0,0,0,0,0,0,0,{}
1776395716,normal,sw-wk3,0.14522222222221903,0.4086914000280337,249.46666666666667,169.8,2159.6,12968.700000000003,0.0,0,1,1,0,0,0,"{""process_exec"": 1}"
1776395716,normal,k3s-wk1,0.30855555555556047,0.6529485936312951,325.5333333333333,165.8,13611.6,7974.633333333333,0.0,0,39,3,0,32,0,"{""process_exit"": 39, ""process_exec"": 39, ""process_kprobe"": 32}"
1776395716,normal,sw-wk2,0.11447396197903725,0.28845872038941345,116.06279790673642,100.86330455651476,749.5750141661944,3713.4762174594175,0.0,0,2,2,0,0,0,"{""process_exec"": 2}"
1776395726,normal,sw-wk3,0.14522222222221903,0.4086914000280337,249.46666666666667,169.8,2159.6,12968.7,0.0,0,0,0,0,0,0,{}
1776395726,normal,k3s-wk1,0.30855555555556047,0.6529485936312951,325.5333333333333,165.8,13611.6,7974.633333333335,0.0,0,11,2,0,8,0,"{""process_exit"": 11, ""process_exec"": 11, ""process_kprobe"": 8}"
1776395726,normal,sw-wk2,0.23311997155178021,0.2872418033309122,113.18175756767569,98.01306840912122,5727.496999599946,27972.429657287637,0.0,0,104,5,0,0,0,"{""process_exit"": 106, ""process_exec"": 104}"
1776395736,normal,sw-wk3,0.41166666666665863,0.41103922168278606,915.1333333333336,455.96666666666664,6071.566666666667,7414.166666666667,0.0,0,1,1,0,0,0,"{""process_exit"": 11, ""process_exec"": 1}"
1776395736,normal,k3s-wk1,0.30855555555556047,0.6529485936312951,325.5333333333333,165.8,13611.6,7974.633333333333,0.0,0,16,2,0,10,0,"{""process_exit"": 16, ""process_exec"": 16, ""process_kprobe"": 10}"
1776395736,normal,sw-wk2,0.23311997155178021,0.2872418033309122,113.18175756767569,98.01306840912122,5727.496999599946,27972.429657287637,0.0,0,0,0,0,0,0,{}
1776395746,normal,sw-wk3,0.41166666666665863,0.41103922168278606,915.1333333333333,455.96666666666664,6071.566666666667,7414.166666666667,0.0,0,0,0,0,0,0,{}
1776395746,normal,k3s-wk1,0.2729999999999967,0.6467207683355101,325.5333333333333,165.8,34448.566666666666,6555.700000000002,0.0,0,12,2,0,8,0,"{""process_exit"": 12, ""process_exec"": 12, ""process_kprobe"": 8}"
1776395746,normal,sw-wk2,0.23311997155178021,0.2872418033309122,113.18175756767569,98.01306840912122,5727.496999599946,27972.429657287637,0.0,0,0,0,0,0,0,{}
1776395756,normal,sw-wk3,0.41166666666665863,0.41103922168278606,915.1333333333333,455.96666666666664,6071.566666666667,7414.166666666667,0.0,0,1,1,0,0,0,"{""process_exit"": 3, ""process_exec"": 1}"
1776395756,normal,k3s-wk1,0.2729999999999967,0.6467207683355101,325.5333333333333,165.8,34448.566666666666,6555.7,0.0,0,75,3,0,68,0,"{""process_exit"": 75, ""process_exec"": 75, ""process_kprobe"": 68}"
1776395756,normal,sw-wk2,0.1481111111110901,0.29142455751366647,121.06666666666666,100.86666666666666,646.7666666666668,3635.2999999999997,0.0,0,0,0,0,0,0,{}
1776395766,normal,sw-wk3,0.4110000000000178,0.4165233125629165,169.33333333333334,117.13333333333333,2332.3333333333335,5931.066666666667,0.0,0,0,0,0,0,0,{}
1776395766,normal,k3s-wk1,0.2729999999999967,0.6467207683355101,325.5333333333333,165.8,34448.566666666666,6555.7,0.0,0,12,2,0,8,0,"{""process_exit"": 12, ""process_exec"": 12, ""process_kprobe"": 8}"
1776395766,normal,sw-wk2,0.1481111111110901,0.29142455751366647,121.06666666666666,100.86666666666666,646.7666666666667,3635.2999999999997,0.0,0,2,2,0,0,0,"{""process_exec"": 2}"
1776395776,normal,sw-wk3,0.4110000000000178,0.4165233125629165,169.33333333333334,117.13333333333333,2332.3333333333335,5931.066666666667,0.0,0,1,1,0,0,0,"{""process_exit"": 21, ""process_exec"": 1}"
1776395776,normal,k3s-wk1,0.2865555555556055,0.6526246157701585,325.5333333333333,165.8,18470.0,4777.9,0.0,0,57,3,0,50,0,"{""process_exit"": 58, ""process_exec"": 57, ""process_kprobe"": 50}"
1776395776,normal,sw-wk2,0.1481111111110901,0.29142455751366647,121.06666666666666,100.86666666666666,646.7666666666667,3635.2999999999997,0.0,0,104,5,0,0,0,"{""process_exit"": 104, ""process_exec"": 104}"
1776395786,normal,sw-wk3,0.4110000000000178,0.4165233125629165,169.33333333333334,117.13333333333333,2332.3333333333335,5931.066666666667,0.0,0,0,0,0,0,0,{}
1776395786,normal,k3s-wk1,0.28655555555560575,0.6526246157701585,325.5333333333333,165.80000000000004,18470.0,4777.9,0.0,0,12,2,0,8,0,"{""process_exit"": 12, ""process_exec"": 12, ""process_kprobe"": 8}"
1776395786,normal,sw-wk2,0.21888888888889702,0.2863784930616614,113.16666666666667,98.00000000000001,6711.733333333334,28077.566666666666,0.0,0,0,0,0,0,0,"{""process_exit"": 2}"
1776395796,normal,sw-wk3,0.3848512113032644,0.4177593435019178,244.926522043387,165.75027491752473,3565.2970775434037,9400.079976007199,0.0,0,1,1,0,0,0,"{""process_exit"": 11, ""process_exec"": 1}"
1776395796,normal,k3s-wk1,0.28655555555560575,0.6526246157701585,325.5333333333333,165.8,18470.0,4777.9,0.0,0,57,3,0,50,0,"{""process_exit"": 57, ""process_exec"": 57, ""process_kprobe"": 50}"
1776395796,normal,sw-wk2,0.21888888888889702,0.2863784930616614,113.16666666666667,98.0,6711.733333333334,28077.566666666666,0.0,0,0,0,0,0,0,{}
1776395806,normal,sw-wk3,0.3848512113032644,0.4177593435019178,244.926522043387,165.75027491752473,3565.2970775434037,9400.079976007199,0.0,0,0,0,0,0,0,{}
1776395806,normal,k3s-wk1,0.28877777777775515,0.6544996235309524,325.5333333333333,165.8,29187.933333333334,8600.633333333333,0.0,0,56,3,0,50,0,"{""process_exit"": 57, ""process_exec"": 56, ""process_kprobe"": 50}"
1776395806,normal,sw-wk2,0.21888888888889702,0.2863784930616614,113.16666666666667,98.0,6711.733333333334,28077.566666666666,0.0,0,0,0,0,0,0,{}
1776395816,normal,sw-wk3,0.3848512113032644,0.4177593435019178,244.926522043387,165.75027491752473,3565.2970775434037,9400.079976007199,0.0,0,0,0,0,0,0,{}
1776395816,normal,k3s-wk1,0.28877777777775515,0.6544996235309524,325.5333333333333,165.8,29187.933333333334,8600.633333333333,0.0,0,55,3,0,48,0,"{""process_exec"": 55, ""process_exit"": 54, ""process_kprobe"": 48}"
1776395816,normal,sw-wk2,0.10588888888887604,0.2900595078812901,78.33333333333333,68.2,757.1666666666666,3717.7666666666664,0.0,0,0,0,0,0,0,{}
1776395826,normal,sw-wk3,0.3773199084261427,0.41169705773666165,245.04900980196038,163.83276655331065,2421.5843168633724,6541.2749216509965,0.0,0,1,1,0,0,0,"{""process_exit"": 3, ""process_exec"": 1}"
1776395826,normal,k3s-wk1,0.28877777777775515,0.6544996235309524,325.5333333333333,165.8,29187.933333333334,8600.633333333333,0.0,0,54,3,0,48,0,"{""process_exit"": 54, ""process_exec"": 54, ""process_kprobe"": 48}"
1776395826,normal,sw-wk2,0.10588888888887604,0.2900595078812901,78.33333333333333,68.2,757.1666666666666,3717.7666666666664,0.0,0,2,2,0,0,0,"{""process_exec"": 2}"
1776395837,normal,sw-wk3,0.3773199084261427,0.41169705773666165,245.04900980196038,163.83276655331065,2421.5843168633724,6541.2749216509965,0.0,0,0,0,0,0,0,{}
1776395837,normal,k3s-wk1,0.2817777777777438,0.6511616356027964,325.5333333333333,165.8,10249.666666666666,4871.1,0.0,0,42,3,0,34,0,"{""process_exit"": 42, ""process_exec"": 42, ""process_kprobe"": 34}"
1776395837,normal,sw-wk2,0.10588888888887604,0.2900595078812901,78.33333333333333,68.2,757.1666666666666,3717.7666666666664,0.0,0,0,0,0,0,0,{}
1776395846,normal,sw-wk3,0.3773199084261427,0.41169705773666165,245.04900980196038,163.83276655331065,2421.5843168633724,6541.2749216509965,0.0,0,0,0,0,0,0,"{""process_exit"": 2}"
1776395846,normal,k3s-wk1,0.2817777777777438,0.6511616356027964,325.5333333333333,165.8,10249.666666666666,4871.1,0.0,0,42,3,0,34,0,"{""process_exit"": 42, ""process_exec"": 42, ""process_kprobe"": 34}"
1776395846,normal,sw-wk2,0.22127413727977574,0.29163162455241665,120.52529831344577,106.85954269715351,3976.7015532297846,27962.76914872342,0.0,0,104,5,0,0,0,"{""process_exit"": 106, ""process_exec"": 104}"
1776395856,normal,sw-wk3,0.28403951506261416,0.409041821170534,245.02450245024502,159.8159815981598,6692.069206920692,5865.753241990866,0.0,0,0,0,0,0,0,{}
1776395856,normal,k3s-wk1,0.2817777777777438,0.6511616356027964,325.5333333333333,165.8,10249.666666666666,4871.1,0.0,0,9,2,0,6,0,"{""process_exit"": 9, ""process_exec"": 9, ""process_kprobe"": 6}"
1776395856,normal,sw-wk2,0.22127413727977574,0.29163162455241665,120.52529831344577,106.85954269715351,3976.7015532297846,27962.76914872342,0.0,0,0,0,0,0,0,{}
1776395866,normal,sw-wk3,0.28403951506261416,0.409041821170534,245.02450245024502,159.8159815981598,6692.069206920692,5865.753241990866,0.0,0,1,1,0,0,0,"{""process_exit"": 3, ""process_exec"": 1}"
1776395866,normal,k3s-wk1,0.3307777777777826,0.6530061646101033,325.5333333333333,165.8,33687.566666666666,10909.833333333334,0.0,0,12,2,0,8,0,"{""process_exit"": 12, ""process_exec"": 12, ""process_kprobe"": 8}"
1776395866,normal,sw-wk2,0.22127413727977574,0.29163162455241665,120.52529831344577,106.85954269715351,3976.7015532297846,27962.76914872342,0.0,0,0,0,0,0,0,{}
1776395876,normal,sw-wk3,0.28403951506261416,0.409041821170534,245.02450245024502,159.8159815981598,6692.069206920692,5865.753241990866,0.0,0,0,0,0,0,0,{}
1776395876,normal,k3s-wk1,0.3307777777777826,0.6530061646101033,325.5333333333333,165.8,33687.566666666666,10909.833333333334,0.0,0,33,3,0,28,0,"{""process_exit"": 33, ""process_exec"": 33, ""process_kprobe"": 28}"
1776395876,normal,sw-wk2,0.141053848034281,0.2863370796539113,118.34122274818323,103.00686712447498,2689.145943062871,3716.047736515768,0.0,0,0,0,0,0,0,{}
1776395886,normal,sw-wk3,0.14611111111110708,0.4092887087936593,163.33333333333334,106.53333333333333,4593.033333333333,6662.766666666666,0.0,0,1,1,0,0,0,"{""process_exit"": 5, ""process_exec"": 1}"
1776395886,normal,k3s-wk1,0.3307777777777826,0.6530061646101033,325.5333333333333,165.8,33687.566666666666,10909.833333333334,0.0,0,57,3,0,50,0,"{""process_exit"": 57, ""process_exec"": 57, ""process_kprobe"": 50}"
1776395886,normal,sw-wk2,0.141053848034281,0.2863370796539113,118.34122274818323,103.00686712447498,2689.145943062871,3716.047736515768,0.0,0,2,2,0,0,0,"{""process_exec"": 2}"
1776395896,normal,sw-wk3,0.14611111111110708,0.4092887087936593,163.33333333333334,106.53333333333333,4593.033333333333,6662.766666666666,0.0,0,1,1,0,0,0,"{""process_exit"": 5, ""process_exec"": 1}"
1776395896,normal,k3s-wk1,0.2924444444444413,0.6543009472119279,327.8666666666667,169.8,34931.73333333333,9103.033333333333,0.0,0,36,3,0,30,0,"{""process_exit"": 36, ""process_exec"": 36, ""process_kprobe"": 30}"
1776395896,normal,sw-wk2,0.141053848034281,0.2863370796539113,118.34122274818323,103.00686712447498,2689.145943062871,3716.047736515768,0.0,0,104,5,0,0,0,"{""process_exit"": 106, ""process_exec"": 104}"
1776395906,normal,sw-wk3,0.14611111111110708,0.4092887087936593,163.33333333333334,106.53333333333333,4593.033333333333,6662.766666666666,0.0,0,0,0,0,0,0,{}
1776395906,normal,k3s-wk1,0.2924444444444413,0.6543009472119279,327.8666666666667,169.8,34931.73333333333,9103.033333333333,0.0,0,39,3,0,32,0,"{""process_exit"": 39, ""process_exec"": 39, ""process_kprobe"": 32}"
1776395906,normal,sw-wk2,0.21555555555561223,0.2817816048014068,116.06666666666666,100.86666666666666,6047.5,27985.666666666668,0.0,0,0,0,0,0,0,{}
1776395916,normal,sw-wk3,0.1614444444444315,0.4108225977037858,245.0,159.8,3132.966666666667,6004.366666666667,0.0,0,0,0,0,0,0,{}
1776395916,normal,k3s-wk1,0.2924444444444413,0.6543009472119279,327.8666666666667,169.8,34931.73333333333,9103.033333333333,0.0,0,54,3,0,48,0,"{""process_exit"": 54, ""process_exec"": 54, ""process_kprobe"": 48}"
1776395916,normal,sw-wk2,0.21555555555561223,0.2817816048014068,116.06666666666666,100.86666666666666,6047.5,27985.666666666668,0.0,0,0,0,0,0,0,{}
1776395926,normal,sw-wk3,0.1614444444444315,0.4108225977037858,245.0,159.8,3132.9666666666667,6004.366666666667,0.0,0,0,0,0,0,0,{}
1776395926,normal,k3s-wk1,0.28188888888891794,0.6523819145849866,325.5333333333333,165.8,8877.533333333333,5260.366666666667,0.0,0,33,3,0,28,0,"{""process_exit"": 33, ""process_exec"": 33, ""process_kprobe"": 28}"
1776395926,normal,sw-wk2,0.21555555555561223,0.2817816048014068,116.06666666666666,100.86666666666666,6047.5,27985.666666666668,0.0,0,0,0,0,0,0,{}
1776395936,normal,sw-wk3,0.1614444444444315,0.4108225977037858,245.0,159.8,3132.9666666666667,6004.366666666667,0.0,0,0,0,0,0,0,{}
1776395936,normal,k3s-wk1,0.28188888888891794,0.6523819145849866,325.5333333333333,165.8,8877.533333333333,5260.366666666667,0.0,0,63,3,0,54,0,"{""process_exit"": 63, ""process_exec"": 63, ""process_kprobe"": 54}"
1776395936,normal,sw-wk2,0.12277777777776977,0.28077812607515573,113.20000000000002,98.0,616.0333333333333,3611.5666666666666,0.0,0,0,0,0,0,0,{}
1776395946,normal,sw-wk3,0.15398363694897788,0.40682461103253187,244.7796982715556,167.6491157957838,2570.32004529257,8862.323908482365,0.0,0,1,1,0,0,0,"{""process_exit"": 27, ""process_exec"": 1}"
1776395946,normal,k3s-wk1,0.28188888888891794,0.6523819145849866,325.5333333333333,165.8,8877.533333333333,5260.366666666667,0.0,0,15,2,0,10,0,"{""process_exit"": 15, ""process_exec"": 15, ""process_kprobe"": 10}"
1776395946,normal,sw-wk2,0.12277777777776977,0.28077812607515573,113.2,98.0,616.0333333333333,3611.5666666666666,0.0,0,2,2,0,0,0,"{""process_exec"": 2}"
1776395956,normal,sw-wk3,0.15398363694897788,0.40682461103253187,244.7796982715556,167.64911579578379,2570.32004529257,8862.323908482365,0.0,0,0,0,0,0,0,{}
1776395956,normal,k3s-wk1,0.28866666666666185,0.6504335320472805,323.4,163.8,13132.666666666666,5132.033333333333,0.0,0,57,3,0,50,0,"{""process_exit"": 57, ""process_exec"": 57, ""process_kprobe"": 50}"
1776395956,normal,sw-wk2,0.12277777777776977,0.28077812607515573,113.2,98.0,616.0333333333333,3611.5666666666666,0.0,0,0,0,0,0,0,{}
1776395966,normal,sw-wk3,0.15398363694897788,0.40682461103253187,244.7796982715556,167.64911579578379,2570.32004529257,8862.323908482365,0.0,0,76,4,0,0,0,"{""process_exec"": 76, ""process_exit"": 41}"
1776395966,normal,k3s-wk1,0.28866666666666185,0.6504335320472805,323.4000000000001,163.8,13132.666666666666,5132.033333333333,0.0,0,84,3,0,74,0,"{""process_exit"": 84, ""process_exec"": 84, ""process_kprobe"": 74}"
1776395966,normal,sw-wk2,0.217052196520219,0.2871733119257872,116.05892940470635,100.85994267048864,6087.46083594427,28117.392173855074,0.0,0,104,5,0,0,0,"{""process_exit"": 106, ""process_exec"": 104}"
1776395976,normal,k3s-wk1,0.28866666666666185,0.6504335320472805,323.4,163.8,13132.666666666666,5132.033333333333,0.0,0,12,2,0,8,0,"{""process_exit"": 12, ""process_exec"": 12, ""process_kprobe"": 8}"
1776395976,normal,sw-wk3,0.20917714832239287,0.41307484995603805,916.8251426283655,466.11950755680107,6326.9275681446625,28121.07563473793,0.0,0,101,4,0,0,0,"{""process_exit"": 75, ""process_exec"": 101}"
1776395976,normal,sw-wk2,0.217052196520219,0.2871733119257872,116.05892940470635,100.85994267048864,6087.46083594427,28117.392173855074,0.0,0,0,0,0,0,0,{}
1776395986,normal,sw-wk3,0.20917714832239287,0.41307484995603805,916.8251426283655,466.11950755680107,6326.9275681446625,28121.07563473793,0.0,0,100,4,0,0,0,"{""process_exit"": 56, ""process_exec"": 100}"
1776395986,normal,k3s-wk1,0.32955555555555394,0.6470582923093074,325.5333333333333,165.8,73609.43333333333,10665.366666666667,0.0,0,60,3,0,52,0,"{""process_exit"": 60, ""process_exec"": 60, ""process_kprobe"": 52}"
1776395986,normal,sw-wk2,0.217052196520219,0.2871733119257872,116.05892940470635,100.85994267048864,6087.46083594427,28117.392173855074,0.0,0,0,0,0,0,0,{}
1776395996,normal,sw-wk3,0.20917714832239287,0.41307484995603805,916.8251426283655,466.11950755680107,6326.9275681446625,28121.07563473793,0.0,0,99,4,0,0,0,"{""process_exit"": 60, ""process_exec"": 99}"
1776395996,normal,k3s-wk1,0.32955555555555394,0.6470582923093074,325.5333333333333,165.8,73609.43333333333,10665.366666666667,0.0,0,30,3,0,26,0,"{""process_exit"": 30, ""process_exec"": 30, ""process_kprobe"": 26}"
1776395996,normal,sw-wk2,0.11238527012910826,0.2828360538756578,75.43836255750384,65.33768917927863,580.3720248016533,3581.6721114740985,0.0,0,0,0,0,0,0,{}
1776396006,normal,sw-wk3,0.1724444444444292,0.41689762605604186,169.33333333333334,119.13333333333333,2923.133333333333,54084.03333333333,0.0,0,126,4,0,0,0,"{""process_exit"": 72, ""process_exec"": 126}"
1776396006,normal,k3s-wk1,0.32955555555555394,0.6470582923093074,325.5333333333333,165.8,73609.43333333333,10665.366666666667,0.0,0,33,3,0,28,0,"{""process_exit"": 33, ""process_exec"": 33, ""process_kprobe"": 28}"
1776396006,normal,sw-wk2,0.11238527012910826,0.2828360538756578,75.43836255750384,65.33768917927863,580.3720248016535,3581.6721114740985,0.0,0,2,2,0,0,0,"{""process_exec"": 2}"
1776396016,normal,sw-wk3,0.1724444444444292,0.41689762605604186,169.33333333333334,119.13333333333333,2923.133333333333,54084.03333333333,0.0,0,101,4,0,0,0,"{""process_exit"": 57, ""process_exec"": 101}"
1776396016,normal,k3s-wk1,0.28422222222220117,0.6467331856054491,328.5333333333333,168.8,83844.36666666668,5559.366666666667,0.0,0,33,3,0,28,0,"{""process_exit"": 33, ""process_exec"": 33, ""process_kprobe"": 28}"
1776396016,normal,sw-wk2,0.11238527012910826,0.2828360538756578,75.43836255750384,65.33768917927863,580.3720248016535,3581.6721114740985,0.0,0,104,5,0,0,0,"{""process_exit"": 106, ""process_exec"": 104}"
1776396026,normal,sw-wk3,0.1724444444444292,0.41689762605604186,169.33333333333334,119.13333333333333,2923.133333333333,54084.03333333333,0.0,0,101,4,0,0,0,"{""process_exit"": 63, ""process_exec"": 101}"
1776396026,normal,k3s-wk1,0.28422222222220106,0.6467331856054491,328.5333333333333,168.8,83844.36666666667,5559.366666666667,0.0,0,36,3,0,30,0,"{""process_exit"": 36, ""process_exec"": 36, ""process_kprobe"": 30}"
1776396026,normal,sw-wk2,0.1992222222222253,0.2887231290696637,116.06666666666666,100.86666666666666,5415.0,27922.766666666666,0.0,0,0,0,0,0,0,{}
1776396036,normal,sw-wk3,0.1838888888889011,0.4181416211119181,249.46666666666667,173.8,3437.1,55302.03333333333,0.0,0,98,4,0,0,0,"{""process_exit"": 44, ""process_exec"": 98}"
1776396036,normal,k3s-wk1,0.28422222222220117,0.6467331856054491,328.5333333333333,168.8,83844.36666666667,5559.366666666667,0.0,0,36,3,0,30,0,"{""process_exit"": 36, ""process_exec"": 36, ""process_kprobe"": 30}"
1776396036,normal,sw-wk2,0.1992222222222254,0.2887231290696637,116.06666666666669,100.86666666666666,5415.0,27922.766666666674,0.0,0,0,0,0,0,0,{}
1776396046,normal,sw-wk3,0.1838888888889011,0.4181416211119181,249.46666666666667,173.8,3437.1,55302.03333333333,0.0,0,101,4,0,0,0,"{""process_exit"": 65, ""process_exec"": 101}"
1776396046,normal,k3s-wk1,0.29677777777776804,0.6489581346099792,519.2,256.23333333333335,54871.366666666676,6829.933333333333,0.0,0,84,3,0,74,0,"{""process_exit"": 84, ""process_exec"": 84, ""process_kprobe"": 74}"
1776396046,normal,sw-wk2,0.1992222222222254,0.2887231290696637,116.06666666666666,100.86666666666666,5415.0,27922.766666666666,0.0,0,0,0,0,0,0,{}
1776396056,normal,k3s-wk1,0.29677777777776804,0.6489581346099792,519.2,256.23333333333335,54871.36666666667,6829.933333333333,0.0,0,39,3,0,32,0,"{""process_exit"": 39, ""process_exec"": 39, ""process_kprobe"": 32}"
1776396056,normal,sw-wk3,0.1838888888889011,0.4181416211119181,249.46666666666667,173.8,3437.1,55302.03333333333,0.0,0,102,4,0,0,0,"{""process_exit"": 64, ""process_exec"": 102}"
1776396056,normal,sw-wk2,0.12388888888890515,0.28221007428928224,116.06666666666666,100.86666666666666,609.2,3620.866666666667,0.0,0,0,0,0,0,0,{}
1776396066,normal,sw-wk3,0.22899999999998633,0.4145115766402895,245.0,171.80000000000004,2937.3,52009.466666666674,0.0,0,101,4,0,0,0,"{""process_exit"": 61, ""process_exec"": 101}"
1776396066,normal,k3s-wk1,0.29677777777776804,0.6489581346099792,519.2,256.23333333333335,54871.36666666667,6829.933333333333,0.0,0,60,3,0,52,0,"{""process_exit"": 60, ""process_exec"": 60, ""process_kprobe"": 52}"
1776396066,normal,sw-wk2,0.12388888888890515,0.28221007428928224,116.06666666666666,100.86666666666666,609.2,3620.866666666667,0.0,0,2,2,0,0,0,"{""process_exec"": 2}"
1776396076,normal,sw-wk3,0.22899999999998633,0.4145115766402895,245.0,171.8,2937.3,52009.46666666667,0.0,0,75,4,0,0,0,"{""process_exit"": 42, ""process_exec"": 75}"
1776396076,normal,k3s-wk1,0.28322222222224,0.6501389040969089,327.5333333333333,167.80000000000004,55551.4,5395.0,0.0,0,15,2,0,10,0,"{""process_exit"": 16, ""process_exec"": 15, ""process_kprobe"": 10}"
1776396076,normal,sw-wk2,0.12388888888890515,0.28221007428928224,116.06666666666666,100.86666666666666,609.2,3620.866666666667,0.0,0,0,0,0,0,0,{}
1776396086,normal,k3s-wk1,0.28322222222224,0.6501389040969089,327.5333333333333,167.8,55551.4,5395.0,0.0,0,12,2,0,8,0,"{""process_exit"": 12, ""process_exec"": 12, ""process_kprobe"": 8}"
1776396086,normal,sw-wk3,0.22899999999998633,0.4145115766402895,245.0,171.8,2937.3,52009.46666666667,0.0,0,76,4,0,0,0,"{""process_exit"": 47, ""process_exec"": 76}"
1776396086,normal,sw-wk2,0.1941111111110837,0.2852205104680352,113.2,98.0,5896.9,28096.566666666666,0.0,0,104,5,0,0,0,"{""process_exit"": 106, ""process_exec"": 104}"
1776396096,normal,k3s-wk1,0.28322222222224,0.6501389040969089,327.5333333333333,167.8,55551.4,5395.0,0.0,0,57,3,0,50,0,"{""process_exit"": 57, ""process_exec"": 57, ""process_kprobe"": 50}"
1776396096,normal,sw-wk3,0.18211111111112488,0.4139158606980389,245.0,157.8,5667.566666666667,51546.9,0.0,0,150,4,0,0,0,"{""process_exit"": 84, ""process_exec"": 150}"
1776396096,normal,sw-wk2,0.1941111111110837,0.2852205104680352,113.2,98.0,5896.9,28096.566666666666,0.0,0,0,0,0,0,0,{}
1776396106,normal,k3s-wk1,0.2959999999999936,0.6480020048246737,329.8666666666667,171.8,86660.66666666667,11152.433333333332,0.0,0,12,2,0,8,0,"{""process_exit"": 12, ""process_exec"": 12, ""process_kprobe"": 8}"
1776396106,normal,sw-wk3,0.18211111111112488,0.4139158606980389,245.0,157.8,5667.5666666666675,51546.9,0.0,0,126,4,0,0,0,"{""process_exit"": 73, ""process_exec"": 126}"
1776396106,normal,sw-wk2,0.1941111111110837,0.2852205104680352,113.2,98.0,5896.9,28096.566666666666,0.0,0,0,0,0,0,0,{}
1776396116,normal,k3s-wk1,0.2959999999999936,0.6480020048246737,329.8666666666667,171.8,86660.66666666667,11152.433333333332,0.0,0,36,3,0,30,0,"{""process_exit"": 36, ""process_exec"": 36, ""process_kprobe"": 30}"
1776396116,normal,sw-wk3,0.18211111111112488,0.4139158606980389,245.0,157.8,5667.566666666667,51546.9,0.0,0,25,4,0,0,0,"{""process_exit"": 16, ""process_exec"": 25}"
1776396116,normal,sw-wk2,0.13066666666668925,0.2806092867974056,116.06666666666666,100.86666666666666,2483.733333333333,3864.633333333334,0.0,0,0,0,0,0,0,{}
1776396126,normal,sw-wk3,0.18788888888888733,0.40970921416465966,245.0,171.8,4915.7333333333345,32476.933333333334,0.0,0,0,0,0,0,0,{}
1776396126,normal,k3s-wk1,0.2959999999999936,0.6480020048246737,329.8666666666667,171.8,86660.66666666667,11152.433333333332,0.0,0,57,3,0,50,0,"{""process_exit"": 57, ""process_exec"": 57, ""process_kprobe"": 50}"
1776396126,normal,sw-wk2,0.13066666666668914,0.2806092867974056,116.06666666666666,100.86666666666666,2483.733333333333,3864.633333333333,0.0,0,2,2,0,0,0,"{""process_exec"": 2}"
1776396136,normal,sw-wk3,0.18788888888888733,0.40970921416465966,245.0,171.80000000000004,4915.733333333334,32476.933333333334,0.0,0,1,1,0,0,0,"{""process_exit"": 9, ""process_exec"": 1}"
1776396136,normal,k3s-wk1,0.3024444444444573,0.6511514760183008,331.5333333333333,172.4,39038.9,8850.933333333332,0.0,0,60,3,0,52,0,"{""process_exit"": 60, ""process_exec"": 60, ""process_kprobe"": 52}"
1776396136,normal,sw-wk2,0.13066666666668925,0.2806092867974056,116.06666666666666,100.86666666666666,2483.733333333333,3864.633333333333,0.0,0,104,5,0,0,0,"{""process_exit"": 106, ""process_exec"": 104}"
1776396147,normal,sw-wk3,0.18788888888888733,0.40970921416465966,245.0,171.8,4915.733333333334,32476.933333333334,0.0,0,0,0,0,0,0,{}
1776396147,normal,k3s-wk1,0.3024444444444573,0.6511514760183008,331.5333333333333,172.4,39038.9,8850.933333333332,0.0,0,12,2,0,8,0,"{""process_exit"": 12, ""process_exec"": 12, ""process_kprobe"": 8}"
1776396147,normal,sw-wk2,0.20422222222219288,0.2885303974412885,116.06666666666666,100.86666666666666,5379.033333333335,27903.566666666666,0.0,0,0,0,0,0,0,{}
1776396156,normal,sw-wk3,0.14922222222220516,0.41046421244441045,163.33333333333334,108.53333333333333,2924.233333333333,6475.666666666668,0.0,0,0,0,0,0,0,{}
1776396156,normal,k3s-wk1,0.3024444444444573,0.6511514760183008,331.5333333333333,172.4,39038.9,8850.933333333332,0.0,0,12,2,0,8,0,"{""process_exit"": 12, ""process_exec"": 12, ""process_kprobe"": 8}"
1776396156,normal,sw-wk2,0.2042222222221931,0.2885303974412885,116.06666666666666,100.86666666666669,5379.033333333333,27903.566666666666,0.0,0,0,0,0,0,0,{}
1776396166,normal,sw-wk3,0.14922222222220516,0.41046421244441045,163.33333333333334,108.53333333333333,2924.233333333333,6475.666666666667,0.0,0,1,1,0,0,0,"{""process_exit"": 3, ""process_exec"": 1}"
1776396166,normal,k3s-wk1,0.2892222222222093,0.6513501523373253,323.4,163.8,9389.6,5228.866666666668,0.0,0,33,3,0,28,0,"{""process_exit"": 33, ""process_exec"": 33, ""process_kprobe"": 28}"
1776396166,normal,sw-wk2,0.2042222222221931,0.2885303974412885,116.06666666666666,100.86666666666666,5379.033333333333,27903.566666666666,0.0,0,0,0,0,0,0,{}
1776396176,normal,sw-wk3,0.14922222222220516,0.41046421244441045,163.33333333333334,108.53333333333333,2924.233333333333,6475.666666666667,0.0,0,0,0,0,0,0,{}
1776396176,normal,k3s-wk1,0.2892222222222093,0.6513501523373253,323.4,163.8,9389.6,5228.866666666667,0.0,0,42,3,0,34,0,"{""process_exit"": 42, ""process_exec"": 42, ""process_kprobe"": 34}"
1776396176,normal,sw-wk2,0.11750327755927059,0.2855231469092855,75.4616358909406,65.32897806812879,590.1939870675288,3629.0580627958134,0.0,0,0,0,0,0,0,{}
1776396186,normal,sw-wk3,0.15500000000000813,0.4088028976642838,245.0,163.8,2316.1,5687.7,0.0,0,1,1,0,0,0,"{""process_exit"": 9, ""process_exec"": 1}"
1776396186,normal,k3s-wk1,0.2892222222222093,0.6513501523373253,323.4,163.8,9389.6,5228.866666666667,0.0,0,15,2,0,10,0,"{""process_exit"": 15, ""process_exec"": 15, ""process_kprobe"": 10}"
1776396186,normal,sw-wk2,0.11750327755927059,0.2855231469092855,75.4616358909406,65.32897806812879,590.1939870675288,3629.0580627958134,0.0,0,2,2,0,0,0,"{""process_exec"": 2}"
1776396196,normal,sw-wk3,0.15500000000000813,0.4088028976642838,245.0,163.8,2316.1,5687.7,0.0,0,0,0,0,0,0,{}
1776396196,normal,k3s-wk1,0.2842222222222013,0.6542275724350153,325.5333333333333,165.8,10857.066666666666,7607.166666666667,0.0,0,54,3,0,48,0,"{""process_exit"": 54, ""process_exec"": 54, ""process_kprobe"": 48}"
1776396196,normal,sw-wk2,0.11750327755927059,0.2855231469092855,75.4616358909406,65.32897806812879,590.1939870675288,3629.0580627958134,0.0,0,9,3,0,0,0,"{""process_exit"": 9, ""process_exec"": 9}"
