timestamp,label,node,avg_cpu,avg_mem,net_bytes_in,net_bytes_out,net_internal_bytes_in,net_internal_bytes_out,net_drop_rate,last_successful_scrape_age_sec,exec_count,unique_process_count,tmp_exec_count,outbound_connect_count,mining_port_count,syscall_feature_vector
1776137150,normal,sw-wk3,0.1411111111111193,0.346961530129847,73.26666666666667,68.2,2733.9,5505.466666666666,0.0,0,0,0,0,0,0,{}
1776137150,normal,sw-wk2,0.21252319212526105,0.2917367508951667,115.98840115988402,100.85658100856581,5115.5884411558845,4179.68203179682,0.0,0,0,0,0,0,0,{}
1776137150,normal,k3s-wk1,0.25133333333328167,0.6028178172019827,0.0,0.0,8674.7,6095.733333333334,0.0,0,0,0,0,0,0,{}
1776137159,normal,sw-wk3,0.1411111111111193,0.346961530129847,73.26666666666667,68.2,2733.9,5505.466666666666,0.0,0,0,0,0,0,0,{}
1776137159,normal,sw-wk2,0.11468924670242708,0.2902315328057903,120.54538787212054,106.87735440210687,708.6708670867087,3702.7369403607026,0.0,0,0,0,0,0,0,{}
1776137159,normal,k3s-wk1,0.25133333333328167,0.6028178172019827,0.0,0.0,8674.7,6095.733333333334,0.0,0,9,2,0,6,0,"{""process_exit"": 9, ""process_exec"": 9, ""process_kprobe"": 6}"
1776137169,normal,sw-wk3,0.15744444444446548,0.34901786510697397,100.86666666666666,100.86666666666666,2401.9333333333334,5232.933333333333,0.0,0,0,0,0,0,0,{}
1776137169,normal,sw-wk2,0.11468924670242708,0.2902315328057903,120.54538787212054,106.87735440210687,708.6708670867087,3702.7369403607026,0.0,0,106,7,0,0,0,"{""process_exec"": 106, ""process_exit"": 106}"
1776137169,normal,k3s-wk1,0.25133333333328167,0.6028178172019827,0.0,0.0,8674.7,6095.733333333334,0.0,0,36,3,0,30,0,"{""process_exit"": 36, ""process_exec"": 36, ""process_kprobe"": 30}"
1776137179,normal,sw-wk3,0.15744444444446548,0.34901786510697397,100.86666666666666,100.86666666666666,2401.9333333333334,5232.933333333333,0.0,0,0,0,0,0,0,{}
1776137179,normal,sw-wk2,0.11468924670242708,0.2902315328057903,120.54538787212054,106.87735440210687,708.6708670867087,3702.7369403607026,0.0,0,0,0,0,0,0,{}
1776137179,normal,k3s-wk1,0.3303333333333689,0.6196748255655784,894.1999999999999,475.59999999999997,33161.76666666666,9509.866666666667,0.0,0,15,2,0,10,0,"{""process_exit"": 16, ""process_exec"": 15, ""process_kprobe"": 10}"
1776137189,normal,sw-wk3,0.15744444444446548,0.34901786510697397,100.86666666666666,100.86666666666666,2401.9333333333334,5232.933333333333,0.0,0,1,1,0,0,0,"{""process_exit"": 17, ""process_exec"": 1}"
1776137189,normal,sw-wk2,0.20766666666669253,0.2928389846706678,75.46666666666667,65.33333333333333,5627.9,27834.1,0.0,0,0,0,0,0,0,{}
1776137189,normal,k3s-wk1,0.3303333333333689,0.6196748255655784,894.1999999999999,475.59999999999997,33161.76666666666,9509.866666666667,0.0,0,36,3,0,30,0,"{""process_exit"": 36, ""process_exec"": 36, ""process_kprobe"": 30}"
1776137199,normal,sw-wk3,0.1613333333332978,0.3486101023229736,116.06666666666669,100.86666666666666,4410.933333333333,7698.733333333334,0.0,0,0,0,0,0,0,{}
1776137199,normal,sw-wk2,0.20766666666669253,0.2928389846706678,75.46666666666667,65.33333333333333,5627.9,27834.1,0.0,0,0,0,0,0,0,{}
1776137199,normal,k3s-wk1,0.3303333333333689,0.6196748255655784,894.1999999999999,475.59999999999997,33161.76666666666,9509.866666666667,0.0,0,18,2,0,12,0,"{""process_exit"": 18, ""process_exec"": 18, ""process_kprobe"": 12}"
1776137209,normal,sw-wk3,0.1613333333332978,0.3486101023229736,116.06666666666666,100.86666666666666,4410.933333333333,7698.733333333334,0.0,0,0,0,0,0,0,{}
1776137209,normal,sw-wk2,0.20766666666669253,0.2928389846706678,75.46666666666667,65.33333333333333,5627.9,27834.1,0.0,0,0,0,0,0,0,{}
1776137209,normal,k3s-wk1,0.2665555555555734,0.6180899303842693,667.8333333333334,352.7,11273.466666666667,3604.9666666666667,0.0,0,9,2,0,6,0,"{""process_exit"": 9, ""process_exec"": 9, ""process_kprobe"": 6}"
1776137220,normal,sw-wk3,0.1613333333332978,0.3486101023229736,116.06666666666666,100.86666666666666,4410.933333333333,7698.733333333334,0.0,0,0,0,0,0,0,{}
1776137220,normal,sw-wk2,0.2577656312491118,0.28691527453903687,116.05119317424344,100.85321957072391,523.7301693107586,3558.8254899346757,0.0,0,0,0,0,0,0,{}
1776137220,normal,k3s-wk1,0.2665555555555734,0.6180899303842693,667.8333333333334,352.7,11273.466666666667,3604.9666666666667,0.0,0,18,2,0,12,0,"{""process_exit"": 18, ""process_exec"": 18, ""process_kprobe"": 12}"
1776137230,normal,sw-wk3,0.1614444444444315,0.3446296367088446,100.86666666666666,100.86666666666666,2196.733333333333,5076.766666666667,0.0,0,0,0,0,0,0,{}
1776137230,normal,sw-wk2,0.2577656312491118,0.28691527453903687,116.05119317424344,100.85321957072391,523.7301693107586,3558.8254899346757,0.0,0,106,7,0,0,0,"{""process_exec"": 106, ""process_exit"": 106}"
1776137230,normal,k3s-wk1,0.2665555555555734,0.6180899303842693,667.8333333333334,352.7,11273.466666666667,3604.9666666666667,0.0,0,78,3,0,70,0,"{""process_exit"": 78, ""process_exec"": 78, ""process_kprobe"": 70}"
1776137240,normal,sw-wk3,0.1614444444444315,0.3446296367088446,100.86666666666666,100.86666666666666,2196.733333333333,5076.766666666666,0.0,0,1,1,0,0,0,"{""process_exit"": 5, ""process_exec"": 1}"
1776137240,normal,sw-wk2,0.2577656312491118,0.28691527453903687,116.05119317424344,100.85321957072391,523.7301693107586,3558.8254899346757,0.0,0,0,0,0,0,0,{}
1776137240,normal,k3s-wk1,0.32966666666664723,0.617668872049064,665.7,350.7,33721.63333333333,9394.633333333333,0.0,0,9,2,0,6,0,"{""process_exit"": 9, ""process_exec"": 9, ""process_kprobe"": 6}"
1776137250,normal,sw-wk3,0.1614444444444315,0.3446296367088446,100.86666666666666,100.86666666666666,2196.733333333333,5076.766666666666,0.0,0,0,0,0,0,0,{}
1776137250,normal,sw-wk2,0.20088888888890832,0.29163003172904167,116.06666666666666,100.86666666666666,5470.066666666667,27863.866666666672,0.0,0,0,0,0,0,0,{}
1776137250,normal,k3s-wk1,0.32966666666664723,0.617668872049064,665.7,350.7,33721.63333333333,9394.633333333333,0.0,0,33,3,0,28,0,"{""process_exit"": 33, ""process_exec"": 33, ""process_kprobe"": 28}"
1776137260,normal,sw-wk3,0.16222222222224647,0.3475843240694726,100.86666666666666,100.86666666666666,2889.066666666667,5884.333333333333,0.0,0,0,0,0,0,0,{}
1776137260,normal,sw-wk2,0.20088888888890832,0.29163003172904167,116.06666666666666,100.86666666666666,5470.066666666667,27863.866666666665,0.0,0,0,0,0,0,0,{}
1776137260,normal,k3s-wk1,0.32966666666664723,0.617668872049064,665.7,350.7,33721.63333333333,9394.633333333333,0.0,0,39,3,0,32,0,"{""process_exit"": 39, ""process_exec"": 39, ""process_kprobe"": 32}"
1776137271,normal,sw-wk3,0.16222222222224647,0.3475843240694726,100.86666666666666,100.86666666666666,2889.0666666666666,5884.333333333333,0.0,0,0,0,0,0,0,{}
1776137271,normal,sw-wk2,0.20088888888890832,0.29163003172904167,116.06666666666666,100.86666666666666,5470.066666666667,27863.866666666665,0.0,0,0,0,0,0,0,{}
1776137271,normal,k3s-wk1,0.2777777777778182,0.6218941303564998,667.8333333333334,352.70000000000005,8678.1,1654.5,0.0,0,81,3,0,72,0,"{""process_exit"": 81, ""process_exec"": 81, ""process_kprobe"": 72}"
1776137280,normal,sw-wk3,0.16222222222224647,0.3475843240694726,100.86666666666666,100.86666666666666,2889.0666666666666,5884.333333333333,0.0,0,1,1,0,0,0,"{""process_exit"": 5, ""process_exec"": 1}"
1776137280,normal,sw-wk2,0.11477777777779719,0.2882564318207883,113.2,98.00000000000001,681.4333333333333,3666.0,0.0,0,0,0,0,0,0,{}
1776137280,normal,k3s-wk1,0.2777777777778182,0.6218941303564998,667.8333333333334,352.7,8678.1,1654.5,0.0,0,33,3,0,28,0,"{""process_exit"": 33, ""process_exec"": 33, ""process_kprobe"": 28}"
1776137290,normal,sw-wk3,0.15177777777777612,0.344999171731845,116.06666666666666,100.86666666666666,2440.3333333333335,6019.1,0.0,0,0,0,0,0,0,{}
1776137290,normal,sw-wk2,0.11477777777779719,0.2882564318207883,113.2,98.0,681.4333333333333,3666.0,0.0,0,2,2,0,0,0,"{""process_exec"": 2}"
1776137290,normal,k3s-wk1,0.2777777777778182,0.6218941303564998,667.8333333333334,352.7,8678.1,1654.5,0.0,0,39,3,0,32,0,"{""process_exit"": 39, ""process_exec"": 39, ""process_kprobe"": 32}"
1776137301,normal,sw-wk3,0.15177777777777612,0.344999171731845,116.06666666666666,100.86666666666666,2440.3333333333335,6019.1,0.0,0,0,0,0,0,0,{}
1776137301,normal,sw-wk2,0.11477777777779719,0.2882564318207883,113.2,98.0,681.4333333333333,3666.0,0.0,0,104,5,0,0,0,"{""process_exit"": 106, ""process_exec"": 104}"
1776137301,normal,k3s-wk1,0.29211111111108046,0.6174521342464918,665.7,350.7,10179.0,4866.2,0.0,0,18,2,0,12,0,"{""process_exit"": 18, ""process_exec"": 18, ""process_kprobe"": 12}"
1776137310,normal,sw-wk3,0.15177777777777612,0.344999171731845,116.06666666666666,100.86666666666666,2440.3333333333335,6019.1,0.0,0,1,1,0,0,0,"{""process_exit"": 7, ""process_exec"": 1}"
1776137310,normal,sw-wk2,0.19355914121883233,0.2802477158912803,116.08214428590479,100.88011734897987,5335.9781304173885,27897.486331510867,0.0,0,0,0,0,0,0,{}
1776137310,normal,k3s-wk1,0.29211111111108046,0.6174521342464918,665.7,350.7,10179.0,4866.2,0.0,0,36,3,0,30,0,"{""process_exit"": 36, ""process_exec"": 36, ""process_kprobe"": 30}"
1776137321,normal,sw-wk3,0.14688888888890184,0.34827879506097326,68.2,68.2,2859.5666666666666,6171.033333333333,0.0,0,0,0,0,0,0,{}
1776137321,normal,sw-wk2,0.19355914121883233,0.2802477158912803,116.08214428590479,100.88011734897987,5335.9781304173885,27897.486331510867,0.0,0,0,0,0,0,0,{}
1776137321,normal,k3s-wk1,0.29211111111108046,0.6174521342464918,665.7,350.7,10179.0,4866.2,0.0,0,33,3,0,28,0,"{""process_exit"": 33, ""process_exec"": 33, ""process_kprobe"": 28}"
1776137330,normal,sw-wk3,0.14688888888890184,0.34827879506097326,68.2,68.2,2859.5666666666666,6171.033333333333,0.0,0,0,0,0,0,0,{}
1776137330,normal,sw-wk2,0.19355914121883233,0.2802477158912803,116.08214428590479,100.88011734897987,5335.9781304173885,27897.486331510867,0.0,0,0,0,0,0,0,{}
1776137330,normal,k3s-wk1,0.30033333333327994,0.6179601134712704,667.8333333333334,352.7,33584.6,6550.766666666666,0.0,0,39,3,0,32,0,"{""process_exit"": 39, ""process_exec"": 39, ""process_kprobe"": 32}"
1776137340,normal,sw-wk3,0.14688888888890184,0.34827879506097326,68.2,68.2,2859.5666666666666,6171.033333333333,0.0,0,3,3,0,0,0,"{""process_exec"": 3, ""process_exit"": 7}"
1776137340,normal,sw-wk2,0.1237542912375541,0.2886387094307886,96.4570209645702,87.79122087791221,1042.429090424291,3629.370396293704,0.0,0,0,0,0,0,0,{}
1776137340,normal,k3s-wk1,0.30033333333327994,0.6179601134712704,667.8333333333334,352.7,33584.6,6550.766666666666,0.0,0,36,3,0,30,0,"{""process_exit"": 36, ""process_exec"": 36, ""process_kprobe"": 30}"
1776137350,normal,sw-wk3,0.21633333333334626,0.34578602647909573,737.3666666666667,402.5333333333333,5448.766666666666,7608.4,0.0,0,5,4,0,0,0,"{""process_exit"": 6, ""process_exec"": 5}"
1776137350,normal,sw-wk2,0.1237542912375541,0.2886387094307886,96.4570209645702,87.79122087791221,1042.429090424291,3629.370396293704,0.0,0,106,7,0,0,0,"{""process_exec"": 106, ""process_exit"": 106}"
1776137350,normal,k3s-wk1,0.30033333333327994,0.6179601134712704,667.8333333333334,352.7,33584.6,6550.766666666666,0.0,0,18,2,0,12,0,"{""process_exit"": 18, ""process_exec"": 18, ""process_kprobe"": 12}"
1776137360,normal,sw-wk3,0.21633333333334626,0.34578602647909573,737.3666666666667,402.5333333333333,5448.766666666666,7608.4,0.0,0,3,2,0,0,0,"{""process_exit"": 3, ""process_exec"": 3}"
1776137360,normal,sw-wk2,0.1237542912375541,0.2886387094307886,96.4570209645702,87.79122087791221,1042.429090424291,3629.370396293704,0.0,0,0,0,0,0,0,{}
1776137360,normal,k3s-wk1,0.332111111111145,0.6249250730643452,665.7000000000002,350.7,36449.46666666667,12926.333333333334,0.0,0,36,3,0,30,0,"{""process_exit"": 36, ""process_exec"": 36, ""process_kprobe"": 30}"
1776137371,normal,sw-wk3,0.21633333333334626,0.34578602647909573,737.3666666666667,402.5333333333333,5448.766666666666,7608.4,0.0,0,4,2,0,0,0,"{""process_exit"": 24, ""process_exec"": 4}"
1776137371,normal,sw-wk2,0.20966666666665523,0.2902586108031653,97.93333333333334,81.26666666666667,5355.0,27854.2,0.0,0,0,0,0,0,0,{}
1776137371,normal,k3s-wk1,0.332111111111145,0.6249250730643452,665.7,350.7,36449.46666666667,12926.333333333334,0.0,0,36,3,0,30,0,"{""process_exit"": 36, ""process_exec"": 36, ""process_kprobe"": 30}"
1776137380,normal,sw-wk3,0.15622222222219628,0.35197255246760195,205.8666666666667,191.13333333333333,2955.2666666666664,10527.933333333332,0.0,0,4,2,0,0,0,"{""process_exit"": 4, ""process_exec"": 4}"
1776137380,normal,sw-wk2,0.20966666666665545,0.2902586108031653,97.93333333333334,81.26666666666667,5355.0,27854.2,0.0,0,0,0,0,0,0,{}
1776137380,normal,k3s-wk1,0.332111111111145,0.6249250730643452,665.7,350.7,36449.46666666667,12926.333333333334,0.0,0,33,3,0,28,0,"{""process_exit"": 33, ""process_exec"": 33, ""process_kprobe"": 28}"
1776137390,normal,sw-wk3,0.15622222222219628,0.35197255246760195,205.86666666666667,191.13333333333333,2955.2666666666664,10527.933333333332,0.0,0,2,2,0,0,0,"{""process_exit"": 2, ""process_exec"": 2}"
1776137390,normal,sw-wk2,0.20966666666665545,0.2902586108031653,97.93333333333334,81.26666666666667,5355.0,27854.2,0.0,0,0,0,0,0,0,{}
1776137390,normal,k3s-wk1,0.28993622647375183,0.6209300986721423,667.7888140790614,352.6764882341177,13866.842210519299,1783.9810679288048,0.0,0,39,3,0,32,0,"{""process_exit"": 39, ""process_exec"": 39, ""process_kprobe"": 32}"
1776137400,normal,sw-wk3,0.15622222222219628,0.35197255246760195,205.86666666666667,191.13333333333333,2955.2666666666664,10527.933333333332,0.0,0,4,2,0,0,0,"{""process_exit"": 4, ""process_exec"": 4}"
1776137400,normal,sw-wk2,0.11657832449911665,0.2885909247295386,113.2113211321132,98.009800980098,2305.930593059306,3848.6848684868487,0.0,0,0,0,0,0,0,{}
1776137400,normal,k3s-wk1,0.28993622647375183,0.6209300986721423,667.7888140790614,352.6764882341177,13866.842210519299,1783.9810679288048,0.0,0,57,3,0,50,0,"{""process_exit"": 57, ""process_exec"": 57, ""process_kprobe"": 50}"
1776137410,normal,sw-wk3,0.1663333333333462,0.34703320718172204,189.8,186.0,3743.7,7582.133333333333,0.0,0,4,2,0,0,0,"{""process_exit"": 12, ""process_exec"": 4}"
1776137410,normal,sw-wk2,0.11657832449911665,0.2885909247295386,113.2113211321132,98.009800980098,2305.930593059306,3848.6848684868487,0.0,0,14,5,0,0,0,"{""process_exec"": 14, ""process_exit"": 13}"
1776137410,normal,k3s-wk1,0.28993622647375183,0.6209300986721423,667.7888140790614,352.6764882341177,13866.842210519299,1783.9810679288048,0.0,0,12,2,0,8,0,"{""process_exit"": 12, ""process_exec"": 12, ""process_kprobe"": 8}"
1776137421,normal,sw-wk3,0.1663333333333462,0.34703320718172204,189.8,186.0,3743.7,7582.133333333333,0.0,0,3,2,0,0,0,"{""process_exit"": 3, ""process_exec"": 3}"
1776137421,normal,sw-wk2,0.11657832449911665,0.2885909247295386,113.2113211321132,98.009800980098,2305.930593059306,3848.6848684868487,0.0,0,92,3,0,0,0,"{""process_exec"": 92, ""process_exit"": 93}"
1776137421,normal,k3s-wk1,0.301620108007257,0.6270484262239195,867.4244949663312,443.16287752516837,37188.11254083606,12806.420428028536,0.0,0,12,2,0,8,0,"{""process_exit"": 12, ""process_exec"": 12, ""process_kprobe"": 8}"
1776137430,normal,sw-wk3,0.1663333333333462,0.34703320718172204,189.8,186.0,3743.7,7582.133333333333,0.0,0,4,2,0,0,0,"{""process_exit"": 4, ""process_exec"": 4}"
1776137430,normal,sw-wk2,0.2043863742417512,0.29192629687679195,116.05892940470635,100.85994267048864,5551.529898006799,28008.666088927403,0.0,0,0,0,0,0,0,{}
1776137430,normal,k3s-wk1,0.301620108007257,0.6270484262239195,867.4244949663312,443.16287752516837,37188.11254083606,12806.420428028536,0.0,0,33,3,0,28,0,"{""process_exit"": 33, ""process_exec"": 33, ""process_kprobe"": 28}"
1776137440,normal,sw-wk3,0.16288888888884678,0.34882831912534884,184.66666666666666,184.53333333333333,3032.733333333333,8922.0,0.0,0,3,2,0,0,0,"{""process_exit"": 3, ""process_exec"": 3}"
1776137440,normal,sw-wk2,0.2043863742417512,0.29192629687679195,116.05892940470635,100.85994267048864,5551.529898006799,28008.666088927403,0.0,0,0,0,0,0,0,{}
1776137440,normal,k3s-wk1,0.301620108007257,0.6270484262239195,867.4244949663312,443.16287752516837,37188.11254083606,12806.420428028536,0.0,0,18,2,0,12,0,"{""process_exit"": 18, ""process_exec"": 18, ""process_kprobe"": 12}"
1776137450,normal,sw-wk3,0.16288888888884678,0.34882831912534884,184.66666666666666,184.53333333333333,3032.733333333333,8922.0,0.0,0,4,2,0,0,0,"{""process_exit"": 16, ""process_exec"": 4}"
1776137450,normal,sw-wk2,0.2043863742417512,0.29192629687679195,116.05892940470635,100.85994267048864,5551.529898006799,28008.666088927403,0.0,0,0,0,0,0,0,{}
1776137450,normal,k3s-wk1,0.29377777777776304,0.6217688288143878,667.7,352.70000000000005,11257.933333333332,3600.8333333333335,0.0,0,15,2,0,10,0,"{""process_exit"": 15, ""process_exec"": 15, ""process_kprobe"": 10}"
1776137460,normal,sw-wk3,0.16288888888884678,0.34882831912534884,184.66666666666666,184.53333333333333,3032.733333333333,8922.0,0.0,0,4,2,0,0,0,"{""process_exit"": 4, ""process_exec"": 4}"
1776137460,normal,sw-wk2,0.131608773918245,0.28683563337028684,113.20754716981133,98.00653376891793,795.1530102006801,3590.939395959731,0.0,0,0,0,0,0,0,{}
1776137460,normal,k3s-wk1,0.29377777777776315,0.6217688288143878,667.7,352.7,11257.933333333332,3600.8333333333335,0.0,0,54,3,0,48,0,"{""process_exit"": 54, ""process_exec"": 54, ""process_kprobe"": 48}"
1776137470,normal,sw-wk3,0.18522222222228368,0.35622857652560624,167.13333333333333,156.73333333333332,4304.233333333334,9543.9,0.0,0,2,2,0,0,0,"{""process_exit"": 2, ""process_exec"": 2}"
1776137470,normal,sw-wk2,0.131608773918245,0.28683563337028684,113.20754716981133,98.00653376891793,795.1530102006801,3590.939395959731,0.0,0,106,7,0,0,0,"{""process_exec"": 106, ""process_exit"": 106}"
1776137470,normal,k3s-wk1,0.29377777777776315,0.6217688288143878,667.7,352.7,11257.933333333332,3600.8333333333335,0.0,0,57,3,0,50,0,"{""process_exit"": 57, ""process_exec"": 57, ""process_kprobe"": 50}"
1776137480,normal,sw-wk3,0.18522222222228368,0.35622857652560624,167.13333333333333,156.73333333333332,4304.233333333334,9543.9,0.0,0,3,2,0,0,0,"{""process_exit"": 17, ""process_exec"": 3}"
1776137480,normal,sw-wk2,0.131608773918245,0.28683563337028684,113.20754716981133,98.00653376891793,795.1530102006801,3590.939395959731,0.0,0,0,0,0,0,0,{}
1776137480,normal,k3s-wk1,0.3072222222222384,0.6241698772835077,674.3,360.7,39460.433333333334,10355.766666666666,0.0,0,12,2,0,8,0,"{""process_exit"": 13, ""process_exec"": 12, ""process_kprobe"": 8}"
1776137490,normal,sw-wk3,0.18522222222228368,0.35622857652560624,167.13333333333333,156.73333333333332,4304.233333333334,9543.9,0.0,0,0,0,0,0,0,{}
1776137490,normal,sw-wk2,0.20888888888884038,0.28072237725703075,116.06666666666666,100.86666666666666,5746.366666666667,27843.933333333334,0.0,0,0,0,0,0,0,{}
1776137490,normal,k3s-wk1,0.3072222222222384,0.6241698772835077,674.3,360.7,39460.433333333334,10355.766666666666,0.0,0,12,2,0,8,0,"{""process_exit"": 12, ""process_exec"": 12, ""process_kprobe"": 8}"
1776137500,normal,sw-wk3,0.18699999999993855,0.3446105228283446,137.06666666666666,127.0,6557.666666666667,8376.9,0.0,0,1,1,0,0,0,"{""process_exit"": 3, ""process_exec"": 1}"
1776137500,normal,sw-wk2,0.20888888888884038,0.28072237725703075,116.06666666666666,100.86666666666666,5746.366666666667,27843.933333333334,0.0,0,0,0,0,0,0,{}
1776137500,normal,k3s-wk1,0.3072222222222384,0.6241698772835077,674.3,360.7,39460.433333333334,10355.766666666666,0.0,0,42,3,0,34,0,"{""process_exit"": 42, ""process_exec"": 42, ""process_kprobe"": 34}"
1776137511,normal,sw-wk3,0.18699999999993855,0.3446105228283446,137.06666666666666,127.0,6557.666666666667,8376.9,0.0,0,0,0,0,0,0,{}
1776137511,normal,sw-wk2,0.20888888888884038,0.28072237725703075,116.06666666666666,100.86666666666666,5746.366666666667,27843.933333333334,0.0,0,0,0,0,0,0,{}
1776137511,normal,k3s-wk1,0.28377777777774704,0.6251530992941347,673.8333333333334,359.3,9530.333333333334,5513.566666666667,0.0,0,60,3,0,52,0,"{""process_exit"": 60, ""process_exec"": 60, ""process_kprobe"": 52}"
1776137520,normal,sw-wk3,0.18699999999993855,0.3446105228283446,137.06666666666666,127.0,6557.666666666667,8376.9,0.0,0,0,0,0,0,0,{}
1776137520,normal,sw-wk2,0.12066666666667325,0.28787733985753783,116.06666666666666,100.86666666666666,901.5333333333333,3599.7,0.0,0,0,0,0,0,0,{}
1776137520,normal,k3s-wk1,0.28377777777774704,0.6251530992941347,673.8333333333334,359.3,9530.333333333334,5513.566666666667,0.0,0,81,3,0,72,0,"{""process_exit"": 81, ""process_exec"": 81, ""process_kprobe"": 72}"
1776137530,normal,sw-wk3,0.15311111111113862,0.3462670591383463,105.93333333333334,100.86666666666666,2204.7666666666664,5627.066666666667,0.0,0,1,1,0,0,0,"{""process_exit"": 11, ""process_exec"": 1}"
1776137530,normal,sw-wk2,0.12066666666667325,0.28787733985753783,116.06666666666666,100.86666666666666,901.5333333333333,3599.7,0.0,0,2,2,0,0,0,"{""process_exec"": 2}"
1776137530,normal,k3s-wk1,0.28377777777774704,0.6251530992941347,673.8333333333334,359.3,9530.333333333334,5513.566666666667,0.0,0,36,3,0,30,0,"{""process_exit"": 36, ""process_exec"": 36, ""process_kprobe"": 30}"
1776137540,normal,sw-wk3,0.15311111111113862,0.3462670591383463,105.93333333333334,100.86666666666666,2204.7666666666664,5627.066666666667,0.0,0,0,0,0,0,0,{}
1776137540,normal,sw-wk2,0.12066666666667325,0.28787733985753783,116.06666666666666,100.86666666666666,901.5333333333333,3599.7,0.0,0,104,5,0,0,0,"{""process_exit"": 106, ""process_exec"": 104}"
1776137540,normal,k3s-wk1,0.3111111111111111,0.6243685536025323,665.7,350.7,34655.9,5997.8,0.0,0,102,3,0,92,0,"{""process_exit"": 102, ""process_exec"": 102, ""process_kprobe"": 92}"
1776137550,normal,sw-wk3,0.15311111111113862,0.3462670591383463,105.93333333333334,100.86666666666666,2204.7666666666664,5627.066666666667,0.0,0,1,1,0,0,0,"{""process_exit"": 5, ""process_exec"": 1}"
1776137550,normal,sw-wk2,0.20007999200084026,0.2919103686430419,75.4591207545912,65.32680065326801,5693.66396693664,28033.7299603373,0.0,0,0,0,0,0,0,{}
1776137550,normal,k3s-wk1,0.3111111111111111,0.6243685536025323,665.7,350.7,34655.9,5997.8,0.0,0,57,3,0,50,0,"{""process_exit"": 57, ""process_exec"": 57, ""process_kprobe"": 50}"
1776137560,normal,sw-wk3,0.1516403915163974,0.3412098449227162,115.98840115988402,100.85658100856581,3114.2552411425527,7624.670866246709,0.0,0,0,0,0,0,0,{}
1776137560,normal,sw-wk2,0.20007999200084026,0.2919103686430419,75.45912075459121,65.32680065326801,5693.66396693664,28033.7299603373,0.0,0,0,0,0,0,0,{}
1776137560,normal,k3s-wk1,0.3111111111111111,0.6243685536025323,665.7,350.7,34655.9,5997.8,0.0,0,36,3,0,30,0,"{""process_exit"": 36, ""process_exec"": 36, ""process_kprobe"": 30}"
1776137571,normal,sw-wk3,0.1516403915163974,0.3412098449227162,115.98840115988402,100.85658100856581,3114.2552411425527,7624.670866246709,0.0,0,3,3,0,0,0,"{""process_exit"": 9, ""process_exec"": 3}"
1776137571,normal,sw-wk2,0.20007999200084026,0.2919103686430419,75.45912075459121,65.32680065326801,5693.66396693664,28033.7299603373,0.0,0,0,0,0,0,0,{}
1776137571,normal,k3s-wk1,0.2960000000000339,0.6259184546594676,667.8333333333334,352.7,11041.5,5637.566666666667,0.0,0,54,3,0,48,0,"{""process_exit"": 54, ""process_exec"": 54, ""process_kprobe"": 48}"
1776137581,normal,sw-wk3,0.1516403915163974,0.3412098449227162,115.98840115988402,100.85658100856581,3114.2552411425527,7624.670866246709,0.0,0,5,4,0,0,0,"{""process_exec"": 5, ""process_exit"": 5}"
1776137581,normal,sw-wk2,0.125859750880564,0.28835677969341333,116.00386679555986,100.87002900096671,1054.1351378379281,3651.28837627921,0.0,0,0,0,0,0,0,{}
1776137581,normal,k3s-wk1,0.296000000000034,0.6259184546594676,667.8333333333334,352.7,11041.5,5637.566666666667,0.0,0,36,3,0,30,0,"{""process_exit"": 36, ""process_exec"": 36, ""process_kprobe"": 30}"
1776137590,normal,sw-wk3,0.2322565589892709,0.34040069064821543,143315.09817648432,1755.108844217755,5886.6886688668865,8352.235223522352,0.0,0,2,1,0,0,0,"{""process_exit"": 4, ""process_exec"": 2}"
1776137590,normal,sw-wk2,0.12585975088056378,0.28835677969341333,116.00386679555986,100.87002900096671,1054.1351378379281,3651.28837627921,0.0,0,2,2,0,0,0,"{""process_exec"": 2}"
1776137590,normal,k3s-wk1,0.296000000000034,0.6259184546594676,667.8333333333334,352.7,11041.5,5637.566666666667,0.0,0,30,3,0,26,0,"{""process_exit"": 30, ""process_exec"": 30, ""process_kprobe"": 26}"
1776137600,normal,sw-wk3,0.2322565589892711,0.34040069064821543,143315.09817648432,1755.108844217755,5886.6886688668865,8352.235223522352,0.0,0,0,0,0,0,0,{}
1776137600,normal,sw-wk2,0.12585975088056378,0.28835677969341333,116.00386679555986,100.87002900096671,1054.1351378379281,3651.28837627921,0.0,0,104,5,0,0,0,"{""process_exit"": 106, ""process_exec"": 104}"
1776137600,normal,k3s-wk1,0.3111111111111111,0.6233435644112013,665.7,350.7,35585.23333333333,10138.033333333333,0.0,0,60,3,0,52,0,"{""process_exit"": 60, ""process_exec"": 60, ""process_kprobe"": 52}"
1776137610,normal,sw-wk3,0.2322565589892711,0.34040069064821543,143315.09817648432,1755.108844217755,5886.6886688668865,8352.235223522352,0.0,0,0,0,0,0,0,{}
1776137610,normal,sw-wk2,0.20305312979135215,0.2891261133835391,113.1924538364109,97.99346710219318,5316.945536964202,27855.74295046997,0.0,0,0,0,0,0,0,{}
1776137610,normal,k3s-wk1,0.3111111111111111,0.6233435644112013,665.7,350.7,35585.23333333333,10138.033333333333,0.0,0,39,3,0,32,0,"{""process_exit"": 39, ""process_exec"": 39, ""process_kprobe"": 32}"
1776137620,normal,sw-wk3,0.1614444444444315,0.34515367559922017,105.93333333333335,100.86666666666666,3171.4666666666667,6215.166666666668,0.0,0,0,0,0,0,0,{}
1776137620,normal,sw-wk2,0.20305312979135215,0.2891261133835391,113.1924538364109,97.99346710219318,5316.945536964202,27855.74295046997,0.0,0,0,0,0,0,0,{}
1776137620,normal,k3s-wk1,0.3111111111111111,0.6233435644112013,665.7,350.7,35585.23333333333,10138.033333333333,0.0,0,33,3,0,28,0,"{""process_exit"": 33, ""process_exec"": 33, ""process_kprobe"": 28}"
1776137630,normal,sw-wk3,0.1614444444444315,0.34515367559922017,105.93333333333334,100.86666666666666,3171.4666666666667,6215.166666666667,0.0,0,1,1,0,0,0,"{""process_exit"": 11, ""process_exec"": 1}"
1776137630,normal,sw-wk2,0.20305312979135215,0.2891261133835391,113.1924538364109,97.99346710219318,5316.945536964202,27855.74295046997,0.0,0,0,0,0,0,0,{}
1776137630,normal,k3s-wk1,0.29222222222221417,0.6208680123224471,667.8333333333334,352.70000000000005,10496.1,5495.233333333334,0.0,0,60,3,0,52,0,"{""process_exit"": 60, ""process_exec"": 60, ""process_kprobe"": 52}"
1776137640,normal,sw-wk3,0.1614444444444315,0.34515367559922017,105.93333333333334,100.86666666666666,3171.4666666666667,6215.166666666667,0.0,0,0,0,0,0,0,{}
1776137640,normal,sw-wk2,0.1152743516234529,0.28716375498553715,116.0744049603307,100.87339155943731,592.406160410694,3625.508367224482,0.0,0,0,0,0,0,0,{}
1776137640,normal,k3s-wk1,0.29222222222221417,0.6208680123224471,667.8333333333334,352.7,10496.1,5495.233333333334,0.0,0,36,3,0,30,0,"{""process_exit"": 36, ""process_exec"": 36, ""process_kprobe"": 30}"
1776137650,normal,sw-wk3,0.1482222222222238,0.3480573926118481,82.8,74.2,2631.733333333333,7217.366666666667,0.0,0,0,0,0,0,0,{}
1776137650,normal,sw-wk2,0.1152743516234529,0.28716375498553715,116.0744049603307,100.87339155943731,592.406160410694,3625.508367224482,0.0,0,2,2,0,0,0,"{""process_exec"": 2}"
1776137650,normal,k3s-wk1,0.29222222222221417,0.6208680123224471,667.8333333333334,352.7,10496.1,5495.233333333334,0.0,0,60,3,0,52,0,"{""process_exit"": 60, ""process_exec"": 60, ""process_kprobe"": 52}"
1776137660,normal,sw-wk3,0.1482222222222238,0.3480573926118481,82.8,74.2,2631.733333333333,7217.366666666667,0.0,0,0,0,0,0,0,{}
1776137660,normal,sw-wk2,0.1152743516234529,0.28716375498553715,116.0744049603307,100.87339155943731,592.406160410694,3625.508367224482,0.0,0,104,5,0,0,0,"{""process_exit"": 106, ""process_exec"": 104}"
1776137660,normal,k3s-wk1,0.3026252930262481,0.6219607320770819,667.7665566776656,352.66473352664735,10384.794853847949,5128.920441289203,0.0,0,33,3,0,28,0,"{""process_exit"": 33, ""process_exec"": 33, ""process_kprobe"": 28}"
1776137670,normal,sw-wk3,0.1482222222222238,0.3480573926118481,82.8,74.2,2631.733333333333,7217.366666666667,0.0,0,1,1,0,0,0,"{""process_exit"": 3, ""process_exec"": 1}"
1776137670,normal,sw-wk2,0.20111111111109492,0.2925952826942926,113.20000000000002,98.0,5601.333333333333,28038.1,0.0,0,0,0,0,0,0,{}
1776137670,normal,k3s-wk1,0.3026252930262481,0.6219607320770819,667.7665566776656,352.66473352664735,10384.794853847949,5128.920441289205,0.0,0,54,3,0,48,0,"{""process_exit"": 54, ""process_exec"": 54, ""process_kprobe"": 48}"
1776137681,normal,sw-wk3,0.1661111111111192,0.3504880410821005,111.0,100.86666666666666,3417.4333333333334,6380.633333333333,0.0,0,0,0,0,0,0,{}
1776137681,normal,sw-wk2,0.20111111111109492,0.2925952826942926,113.2,98.0,5601.333333333333,28038.1,0.0,0,0,0,0,0,0,{}
1776137681,normal,k3s-wk1,0.3026252930262481,0.6219607320770819,667.7665566776656,352.66473352664735,10384.794853847949,5128.920441289205,0.0,0,15,2,0,10,0,"{""process_exit"": 15, ""process_exec"": 15, ""process_kprobe"": 10}"
1776137690,normal,sw-wk3,0.1661111111111192,0.3504880410821005,111.0,100.86666666666666,3417.4333333333334,6380.633333333333,0.0,0,0,0,0,0,0,{}
1776137690,normal,sw-wk2,0.20111111111109492,0.2925952826942926,113.2,98.0,5601.333333333333,28038.1,0.0,0,0,0,0,0,0,{}
1776137690,normal,k3s-wk1,0.3307108488626689,0.6195788739342314,665.7665766576658,350.7350735073507,33902.3235656899,9061.139447278061,0.0,0,36,3,0,30,0,"{""process_exit"": 36, ""process_exec"": 36, ""process_kprobe"": 30}"
1776137700,normal,sw-wk3,0.1661111111111192,0.3504880410821005,111.0,100.86666666666666,3417.4333333333334,6380.633333333333,0.0,0,1,1,0,0,0,"{""process_exit"": 3, ""process_exec"": 1}"
1776137700,normal,sw-wk2,0.14094615914490882,0.28718446168941214,116.05892940470635,100.85994267048864,1736.450903273115,3692.4538364109058,0.0,0,0,0,0,0,0,{}
1776137700,normal,k3s-wk1,0.3307108488626689,0.6195788739342314,665.7665766576657,350.7350735073507,33902.3235656899,9061.139447278061,0.0,0,36,3,0,30,0,"{""process_exit"": 36, ""process_exec"": 36, ""process_kprobe"": 30}"
1776137710,normal,sw-wk3,0.17688888888882892,0.3455359532092205,105.93333333333334,100.86666666666666,8045.733333333334,6224.333333333333,0.0,0,1,1,0,0,0,"{""process_exit"": 3, ""process_exec"": 1}"
1776137710,normal,sw-wk2,0.14094615914490882,0.28718446168941214,116.05892940470635,100.85994267048864,1736.450903273115,3692.4538364109058,0.0,0,2,2,0,0,0,"{""process_exec"": 2}"
1776137710,normal,k3s-wk1,0.3307108488626689,0.6195788739342314,665.7665766576657,350.7350735073507,33902.3235656899,9061.139447278061,0.0,0,12,2,0,8,0,"{""process_exit"": 12, ""process_exec"": 12, ""process_kprobe"": 8}"
1776137720,normal,sw-wk3,0.17688888888882903,0.3455359532092205,105.93333333333334,100.86666666666666,8045.733333333334,6224.333333333333,0.0,0,0,0,0,0,0,{}
1776137720,normal,sw-wk2,0.14094615914490882,0.28718446168941214,116.05892940470635,100.85994267048864,1736.450903273115,3692.4538364109058,0.0,0,104,5,0,0,0,"{""process_exit"": 106, ""process_exec"": 104}"
1776137720,normal,k3s-wk1,0.30344444444441854,0.6290408336277731,667.8333333333334,352.7,17041.966666666667,10869.933333333332,0.0,0,18,2,0,12,0,"{""process_exit"": 18, ""process_exec"": 18, ""process_kprobe"": 12}"
1776137730,normal,sw-wk3,0.17688888888882903,0.3455359532092205,105.93333333333334,100.86666666666666,8045.733333333334,6224.333333333333,0.0,0,0,0,0,0,0,{}
1776137730,normal,sw-wk2,0.20797359911998348,0.29296641054066797,82.80276009200307,74.20247341578053,6801.426714223808,28157.571919063972,0.0,0,0,0,0,0,0,{}
1776137730,normal,k3s-wk1,0.30344444444441854,0.6290408336277731,667.8333333333334,352.7,17041.966666666667,10869.933333333332,0.0,0,21,2,0,14,0,"{""process_exit"": 21, ""process_exec"": 21, ""process_kprobe"": 14}"
1776137740,normal,sw-wk3,0.15722222222227877,0.3484317061049734,116.06666666666666,100.86666666666669,2963.4333333333334,5681.433333333333,0.0,0,0,0,0,0,0,{}
1776137740,normal,sw-wk2,0.20797359911998348,0.29296641054066797,82.80276009200307,74.20247341578053,6801.426714223808,28157.571919063972,0.0,0,0,0,0,0,0,{}
1776137740,normal,k3s-wk1,0.30344444444441854,0.6290408336277731,667.8333333333334,352.7,17041.966666666667,10869.933333333332,0.0,0,36,3,0,30,0,"{""process_exit"": 36, ""process_exec"": 36, ""process_kprobe"": 30}"
1776137750,normal,sw-wk3,0.15722222222227877,0.3484317061049734,116.06666666666666,100.86666666666666,2963.4333333333334,5681.433333333333,0.0,0,1,1,0,0,0,"{""process_exit"": 3, ""process_exec"": 1}"
1776137750,normal,sw-wk2,0.20797359911998348,0.29296641054066797,82.80276009200307,74.20247341578053,6801.426714223808,28157.571919063972,0.0,0,0,0,0,0,0,{}
1776137750,normal,k3s-wk1,0.28133333333333,0.6235603022137735,665.7,350.7,26890.766666666666,6517.9,0.0,0,18,2,0,12,0,"{""process_exit"": 18, ""process_exec"": 18, ""process_kprobe"": 12}"
1776137760,normal,sw-wk3,0.15722222222227877,0.3484317061049734,116.06666666666666,100.86666666666666,2963.4333333333334,5681.433333333333,0.0,0,0,0,0,0,0,{}
1776137760,normal,sw-wk2,0.11239250716619542,0.28862278119703866,118.25878274781681,97.99346710219321,614.9590027331511,3618.725418305446,0.0,0,0,0,0,0,0,{}
1776137760,normal,k3s-wk1,0.28133333333333,0.6235603022137735,665.7,350.7,26890.766666666666,6517.9,0.0,0,15,2,0,10,0,"{""process_exit"": 15, ""process_exec"": 15, ""process_kprobe"": 10}"
1776137770,normal,sw-wk3,0.1496666666666392,0.34066509932846567,105.93333333333334,100.86666666666666,2307.1,5668.833333333333,0.0,0,1,1,0,0,0,"{""process_exit"": 9, ""process_exec"": 1}"
1776137770,normal,sw-wk2,0.11239250716619542,0.28862278119703866,118.25878274781681,97.99346710219318,614.9590027331511,3618.725418305446,0.0,0,106,7,0,0,0,"{""process_exec"": 106, ""process_exit"": 106}"
1776137770,normal,k3s-wk1,0.28133333333333,0.6235603022137735,665.7,350.7,26890.766666666666,6517.9,0.0,0,12,2,0,8,0,"{""process_exit"": 12, ""process_exec"": 12, ""process_kprobe"": 8}"
1776137780,normal,sw-wk3,0.1496666666666392,0.34066509932846567,105.93333333333334,100.86666666666666,2307.1,5668.833333333333,0.0,0,0,0,0,0,0,{}
1776137780,normal,sw-wk2,0.11239250716619542,0.28862278119703866,118.25878274781681,97.99346710219318,614.9590027331511,3618.725418305446,0.0,0,0,0,0,0,0,{}
1776137780,normal,k3s-wk1,0.302111111111137,0.6241021467202039,667.8333333333334,352.70000000000005,34438.066666666666,9573.3,0.0,0,18,2,0,12,0,"{""process_exit"": 19, ""process_exec"": 18, ""process_kprobe"": 12}"
1776137791,normal,sw-wk3,0.1496666666666392,0.34066509932846567,105.93333333333334,100.86666666666666,2307.1,5668.833333333333,0.0,0,1,1,0,0,0,"{""process_exit"": 5, ""process_exec"": 1}"
1776137791,normal,sw-wk2,0.20242262599321625,0.29263988174879263,116.08601433572264,100.88348058009667,5395.232538756459,27865.57759626604,0.0,0,0,0,0,0,0,{}
1776137791,normal,k3s-wk1,0.302111111111137,0.6241021467202039,667.8333333333334,352.7,34438.066666666666,9573.3,0.0,0,33,3,0,28,0,"{""process_exit"": 33, ""process_exec"": 33, ""process_kprobe"": 28}"
1776137800,normal,sw-wk3,0.15544444444446226,0.34337927035946836,110.93333333333334,100.86666666666666,3113.4333333333334,7367.8,0.0,0,0,0,0,0,0,{}
1776137800,normal,sw-wk2,0.20242262599321625,0.29263988174879263,116.08601433572264,100.88348058009667,5395.232538756459,27865.57759626604,0.0,0,0,0,0,0,0,{}
1776137800,normal,k3s-wk1,0.302111111111137,0.6241021467202039,667.8333333333334,352.7,34438.066666666666,9573.3,0.0,0,15,2,0,10,0,"{""process_exit"": 15, ""process_exec"": 15, ""process_kprobe"": 10}"
1776137810,normal,sw-wk3,0.15544444444446226,0.34337927035946836,110.93333333333334,100.86666666666666,3113.4333333333334,7367.8,0.0,0,8,8,1,2,0,"{""process_exec"": 8, ""process_exit"": 8, ""process_kprobe"": 2}"
1776137810,normal,sw-wk2,0.20242262599321625,0.29263988174879263,116.08601433572261,100.88348058009667,5395.232538756459,27865.57759626604,0.0,0,0,0,0,0,0,{}
1776137810,normal,k3s-wk1,0.28533333333333655,0.617175567779668,670.8333333333334,355.7,11641.8,6995.2,0.0,0,12,2,0,8,0,"{""process_exit"": 12, ""process_exec"": 12, ""process_kprobe"": 8}"
1776137820,normal,sw-wk3,0.15544444444446226,0.34337927035946836,110.93333333333334,100.86666666666666,3113.4333333333334,7367.8,0.0,0,1,1,0,2,0,"{""process_kprobe"": 2, ""process_exit"": 9, ""process_exec"": 1}"
1776137820,normal,sw-wk2,0.12578322890282745,0.2892551320769142,113.18490867884283,97.98693507532329,1404.846020530596,3670.5439274763366,0.0,0,0,0,0,0,0,{}
1776137820,normal,k3s-wk1,0.28533333333333655,0.617175567779668,670.8333333333334,355.7,11641.8,6995.2,0.0,0,15,2,0,10,0,"{""process_exit"": 15, ""process_exec"": 15, ""process_kprobe"": 10}"
1776137830,normal,sw-wk3,0.1953333333333528,0.3503383156848503,82.46666666666667,94.86666666666666,6624.833333333335,8877.666666666666,0.0,0,0,0,0,1,0,"{""process_kprobe"": 1}"
1776137830,normal,sw-wk2,0.12578322890282745,0.2892551320769142,113.18490867884283,97.98693507532329,1404.846020530596,3670.5439274763366,0.0,0,2,2,0,0,0,"{""process_exec"": 2}"
1776137830,normal,k3s-wk1,0.28533333333333655,0.617175567779668,670.8333333333334,355.7,11641.8,6995.2,0.0,0,18,2,0,12,0,"{""process_exit"": 18, ""process_exec"": 18, ""process_kprobe"": 12}"
1776137840,normal,sw-wk3,0.1953333333333528,0.3503383156848503,82.46666666666667,94.86666666666666,6624.833333333333,8877.666666666666,0.0,0,0,0,0,1,0,"{""process_kprobe"": 1}"
1776137840,normal,sw-wk2,0.12578322890282745,0.2892551320769142,113.18490867884283,97.98693507532329,1404.846020530596,3670.5439274763366,0.0,0,104,5,0,0,0,"{""process_exit"": 106, ""process_exec"": 104}"
1776137840,normal,k3s-wk1,0.2792222222222335,0.621077977068689,667.8333333333335,352.7,11350.333333333334,4686.166666666667,0.0,0,60,3,0,52,0,"{""process_exit"": 60, ""process_exec"": 60, ""process_kprobe"": 52}"
1776137850,normal,sw-wk3,0.1953333333333528,0.3503383156848503,82.46666666666667,94.86666666666666,6624.833333333333,8877.666666666666,0.0,0,0,0,0,1,0,"{""process_kprobe"": 1}"
1776137850,normal,sw-wk2,0.19024921391512095,0.2903000242109153,116.06279790673642,100.86330455651476,5314.622845905135,27906.036465451147,0.0,0,0,0,0,0,0,{}
1776137850,normal,k3s-wk1,0.2792222222222335,0.621077977068689,667.8333333333334,352.7,11350.333333333334,4686.166666666667,0.0,0,15,2,0,10,0,"{""process_exit"": 15, ""process_exec"": 15, ""process_kprobe"": 10}"
1776137860,normal,sw-wk3,0.16455555555548906,0.34580673318297084,123.13333333333333,120.13333333333333,2935.4666666666667,5856.933333333333,0.0,0,1,1,0,1,0,"{""process_kprobe"": 1, ""process_exit"": 11, ""process_exec"": 1}"
1776137860,normal,sw-wk2,0.19024921391512095,0.2903000242109153,116.06279790673642,100.86330455651476,5314.622845905135,27906.036465451147,0.0,0,0,0,0,0,0,{}
1776137860,normal,k3s-wk1,0.2792222222222335,0.621077977068689,667.8333333333334,352.7,11350.333333333334,4686.166666666667,0.0,0,57,3,0,50,0,"{""process_exit"": 57, ""process_exec"": 57, ""process_kprobe"": 50}"
1776137870,normal,sw-wk3,0.16455555555548929,0.34580673318297084,123.13333333333333,120.13333333333333,2935.4666666666667,5856.933333333333,0.0,0,0,0,0,1,0,"{""process_kprobe"": 1}"
1776137870,normal,sw-wk2,0.19024921391512095,0.2903000242109153,116.06279790673642,100.86330455651476,5314.622845905135,27906.036465451147,0.0,0,0,0,0,0,0,{}
1776137870,normal,k3s-wk1,0.2908888888888921,0.6279684330421296,667.8333333333334,352.7,34702.36666666667,6491.6,0.0,0,15,2,0,10,0,"{""process_exit"": 15, ""process_exec"": 15, ""process_kprobe"": 10}"
1776137880,normal,sw-wk3,0.16455555555548929,0.34580673318297084,123.13333333333333,120.13333333333333,2935.4666666666667,5856.933333333333,0.0,0,0,0,0,1,0,"{""process_kprobe"": 1}"
1776137880,normal,sw-wk2,0.1151632331044179,0.28851446920753854,113.20754716981133,98.00653376891793,587.0391359423962,3601.2067471164746,0.0,0,0,0,0,0,0,{}
1776137880,normal,k3s-wk1,0.2908888888888921,0.6279684330421296,667.8333333333334,352.7,34702.36666666667,6491.6,0.0,0,12,2,0,8,0,"{""process_exit"": 12, ""process_exec"": 12, ""process_kprobe"": 8}"
1776137890,normal,sw-wk3,0.1544444444445009,0.34972667150884973,114.13333333333333,110.33333333333333,2288.9,8254.4,0.0,0,1,1,0,1,0,"{""process_exit"": 7, ""process_exec"": 1, ""process_kprobe"": 1}"
1776137890,normal,sw-wk2,0.1151632331044179,0.28851446920753854,113.20754716981133,98.00653376891793,587.0391359423962,3601.2067471164746,0.0,0,106,7,0,0,0,"{""process_exec"": 106, ""process_exit"": 106}"
1776137890,normal,k3s-wk1,0.2908888888888921,0.6279684330421296,667.8333333333334,352.7,34702.36666666667,6491.6,0.0,0,33,3,0,28,0,"{""process_exit"": 33, ""process_exec"": 33, ""process_kprobe"": 28}"
1776137900,normal,sw-wk3,0.154444444444501,0.34972667150884973,114.13333333333333,110.33333333333333,2288.9,8254.4,0.0,0,0,0,0,0,0,{}
1776137900,normal,sw-wk2,0.1151632331044179,0.28851446920753854,113.20754716981133,98.00653376891793,587.0391359423962,3601.2067471164746,0.0,0,0,0,0,0,0,{}
1776137900,normal,k3s-wk1,0.29588888888881937,0.6254657887280539,667.8333333333334,352.7,34555.63333333333,9397.1,0.0,0,15,2,0,10,0,"{""process_exit"": 15, ""process_exec"": 15, ""process_kprobe"": 10}"
1776137911,normal,sw-wk3,0.154444444444501,0.34972667150884973,114.13333333333333,110.33333333333333,2288.9,8254.4,0.0,0,1,1,0,1,0,"{""process_kprobe"": 1, ""process_exit"": 7, ""process_exec"": 1}"
1776137911,normal,sw-wk2,0.19058572523918904,0.2937723791684188,78.27449411607827,68.2068206820682,5362.669600293362,27833.716705003833,0.0,0,0,0,0,0,0,{}
1776137911,normal,k3s-wk1,0.29588888888881937,0.6254657887280539,667.8333333333334,352.7,34555.63333333333,9397.1,0.0,0,30,3,0,26,0,"{""process_exit"": 30, ""process_exec"": 30, ""process_kprobe"": 26}"
1776137921,normal,sw-wk3,0.15888888888888075,0.3466461511015967,124.16666666666669,117.66666666666667,3002.6,6861.366666666667,0.0,0,0,0,0,1,0,"{""process_kprobe"": 1}"
1776137921,normal,sw-wk2,0.19058572523918904,0.2937723791684188,78.27449411607827,68.2068206820682,5362.669600293362,27833.716705003833,0.0,0,0,0,0,0,0,{}
1776137921,normal,k3s-wk1,0.29588888888881937,0.6254657887280539,667.8333333333334,352.7,34555.63333333333,9397.1,0.0,0,12,2,0,8,0,"{""process_exit"": 12, ""process_exec"": 12, ""process_kprobe"": 8}"
1776137931,normal,sw-wk3,0.15888888888888075,0.3466461511015967,124.16666666666667,117.66666666666667,3002.6,6861.366666666667,0.0,0,0,0,0,1,0,"{""process_kprobe"": 1}"
1776137931,normal,sw-wk2,0.19058572523918904,0.2937723791684188,78.27449411607827,68.2068206820682,5362.669600293362,27833.716705003833,0.0,0,0,0,0,0,0,{}
1776137931,normal,k3s-wk1,0.28291409850634597,0.6262254998797783,667.4995835415626,352.5237381309346,10407.296351824089,3474.8958853906383,0.0,0,36,3,0,30,0,"{""process_exit"": 36, ""process_exec"": 36, ""process_kprobe"": 30}"
1776137941,normal,sw-wk3,0.15888888888888075,0.3466461511015967,124.16666666666667,117.66666666666667,3002.6,6861.366666666667,0.0,0,0,0,0,1,0,"{""process_kprobe"": 1}"
1776137941,normal,sw-wk2,0.11433333333330264,0.2853017444601603,116.06666666666666,100.86666666666669,964.6,3696.633333333333,0.0,0,0,0,0,0,0,{}
1776137941,normal,k3s-wk1,0.28291409850634597,0.6262254998797783,667.4995835415626,352.5237381309346,10407.296351824089,3474.8958853906383,0.0,0,36,3,0,30,0,"{""process_exit"": 36, ""process_exec"": 36, ""process_kprobe"": 30}"
1776137951,normal,sw-wk3,0.18511111111110956,0.3467464989742217,114.26666666666667,109.86666666666666,3851.866666666667,5815.2,0.0,0,1,1,0,1,0,"{""process_kprobe"": 1, ""process_exit"": 5, ""process_exec"": 1}"
1776137951,normal,sw-wk2,0.11433333333330264,0.2853017444601603,116.06666666666666,100.86666666666666,964.6,3696.633333333333,0.0,0,106,7,0,0,0,"{""process_exec"": 106, ""process_exit"": 106}"
1776137951,normal,k3s-wk1,0.28291409850634597,0.6262254998797783,667.4995835415626,352.5237381309346,10407.296351824089,3474.8958853906383,0.0,0,36,3,0,30,0,"{""process_exit"": 36, ""process_exec"": 36, ""process_kprobe"": 30}"
1776137961,normal,sw-wk3,0.18511111111110956,0.3467464989742217,114.26666666666667,109.86666666666666,3851.866666666667,5815.2,0.0,0,0,0,0,0,0,"{""process_exit"": 2}"
1776137961,normal,sw-wk2,0.11433333333330264,0.2853017444601603,116.06666666666666,100.86666666666666,964.6,3696.633333333333,0.0,0,0,0,0,0,0,{}
1776137961,normal,k3s-wk1,0.31321216163638654,0.6306460479780733,668.1674170418543,352.8764382191096,34640.75371018843,9716.458229114556,0.0,0,15,2,0,10,0,"{""process_exit"": 15, ""process_exec"": 15, ""process_kprobe"": 10}"
1776137971,normal,sw-wk3,0.18511111111110956,0.3467464989742217,114.26666666666667,109.86666666666666,3851.866666666667,5815.2,0.0,0,0,0,0,0,0,{}
1776137971,normal,sw-wk2,0.21963359219635858,0.2871000420505371,113.18868113188681,97.99020097990201,5691.864146918641,27872.412758724127,0.0,0,0,0,0,0,0,{}
1776137971,normal,k3s-wk1,0.31321216163638654,0.6306460479780733,668.1674170418544,352.8764382191096,34640.75371018843,9716.458229114558,0.0,0,39,3,0,32,0,"{""process_exit"": 39, ""process_exec"": 39, ""process_kprobe"": 32}"
1776137981,normal,sw-wk3,0.2005555555555475,0.34161920053009165,117.0,105.8,5100.8,8550.6,0.0,0,1,1,0,0,0,"{""process_exit"": 15, ""process_exec"": 1}"
1776137981,normal,sw-wk2,0.21963359219635858,0.2871000420505371,113.18868113188681,97.99020097990201,5691.864146918641,27872.412758724127,0.0,0,0,0,0,0,0,{}
1776137981,normal,k3s-wk1,0.31321216163638654,0.6306460479780733,668.1674170418544,352.8764382191096,34640.75371018843,9716.458229114558,0.0,0,51,3,0,46,0,"{""process_exit"": 51, ""process_exec"": 51, ""process_kprobe"": 46}"
1776137991,normal,sw-wk3,0.2005555555555475,0.34161920053009165,117.0,105.8,5100.8,8550.6,0.0,0,0,0,0,0,0,{}
1776137991,normal,sw-wk2,0.21963359219635858,0.2871000420505371,113.18868113188681,97.99020097990201,5691.864146918641,27872.412758724127,0.0,0,0,0,0,0,0,{}
1776137991,normal,k3s-wk1,0.2942222222222578,0.6318629404320983,667.8333333333334,352.7,11089.2,4211.9,0.0,0,18,2,0,12,0,"{""process_exit"": 18, ""process_exec"": 18, ""process_kprobe"": 12}"
1776138001,normal,sw-wk3,0.2005555555555475,0.34161920053009165,117.0,105.8,5100.8,8550.6,0.0,0,0,0,0,0,0,{}
1776138001,normal,sw-wk2,0.11799999999998867,0.29153446232654157,116.06666666666669,100.86666666666666,705.4000000000001,3641.5,0.0,0,0,0,0,0,0,{}
1776138001,normal,k3s-wk1,0.2942222222222578,0.6318629404320983,667.8333333333334,352.7,11089.2,4211.9,0.0,0,39,3,0,32,0,"{""process_exit"": 39, ""process_exec"": 39, ""process_kprobe"": 32}"
1776138011,normal,sw-wk3,0.15844444444446715,0.34464715776596966,78.33333333333333,68.2,3431.5333333333333,5165.7,0.0,0,0,0,0,0,0,{}
1776138011,normal,sw-wk2,0.11799999999998867,0.29153446232654157,116.06666666666666,100.86666666666666,705.4,3641.5,0.0,0,106,7,0,0,0,"{""process_exec"": 106, ""process_exit"": 106}"
1776138011,normal,k3s-wk1,0.2942222222222578,0.6318629404320983,667.8333333333334,352.7,11089.2,4211.9,0.0,0,12,2,0,8,0,"{""process_exit"": 12, ""process_exec"": 12, ""process_kprobe"": 8}"
1776138021,normal,sw-wk3,0.15844444444446715,0.34464715776596966,78.33333333333333,68.2,3431.5333333333333,5165.7,0.0,0,1,1,0,0,0,"{""process_exit"": 13, ""process_exec"": 1}"
1776138021,normal,sw-wk2,0.11799999999998867,0.29153446232654157,116.06666666666666,100.86666666666666,705.4,3641.5,0.0,0,0,0,0,0,0,{}
1776138021,normal,k3s-wk1,0.3276666666666036,0.6110086999908564,862.1333333333333,449.1333333333333,33344.16666666667,12477.066666666666,0.0,0,39,3,0,32,0,"{""process_exit"": 39, ""process_exec"": 39, ""process_kprobe"": 32}"
1776138031,normal,sw-wk3,0.15844444444446715,0.34464715776596966,78.33333333333333,68.2,3431.5333333333333,5165.7,0.0,0,0,0,0,0,0,{}
1776138031,normal,sw-wk2,0.20746542242959343,0.2960835658855461,113.18113647725379,97.98366938843526,7136.8438593567735,28053.824362606232,0.0,0,0,0,0,0,0,{}
1776138031,normal,k3s-wk1,0.3276666666666036,0.6110086999908564,862.1333333333333,449.1333333333333,33344.166666666664,12477.066666666666,0.0,0,60,3,0,52,0,"{""process_exit"": 60, ""process_exec"": 60, ""process_kprobe"": 52}"
1776138041,normal,sw-wk3,0.15866666666665374,0.3501742548772252,103.06666666666666,98.0,3043.5666666666666,7124.833333333333,0.0,0,0,0,0,0,0,{}
1776138041,normal,sw-wk2,0.20746542242959343,0.2960835658855461,113.18113647725379,97.98366938843526,7136.8438593567735,28053.824362606232,0.0,0,0,0,0,0,0,{}
1776138041,normal,k3s-wk1,0.3276666666666036,0.6110086999908564,862.1333333333333,449.1333333333333,33344.166666666664,12477.066666666666,0.0,0,12,2,0,8,0,"{""process_exit"": 12, ""process_exec"": 12, ""process_kprobe"": 8}"
1776138051,normal,sw-wk3,0.15866666666665374,0.3501742548772252,103.06666666666666,98.0,3043.5666666666666,7124.833333333333,0.0,0,0,0,0,0,0,{}
1776138051,normal,sw-wk2,0.20746542242959343,0.2960835658855461,113.18113647725379,97.98366938843526,7136.8438593567735,28053.824362606232,0.0,0,5,4,0,1,1,"{""process_exec"": 5, ""process_exit"": 5, ""process_kprobe"": 1}"
1776138051,normal,k3s-wk1,0.27833333333336574,0.6167070980501499,669.8333333333334,354.7,10708.166666666666,1880.5333333333333,0.0,0,57,3,0,50,0,"{""process_exit"": 57, ""process_exec"": 57, ""process_kprobe"": 50}"
1776138061,normal,sw-wk3,0.15866666666665374,0.3501742548772252,103.06666666666666,98.0,3043.5666666666666,7124.833333333333,0.0,0,1,1,0,0,0,"{""process_exit"": 3, ""process_exec"": 1}"
1776138061,normal,sw-wk2,0.15141412457631187,0.2967541445264218,80.41340223370561,85.01416902817137,2441.840306717786,5726.654442407067,0.0,0,2,2,0,1,0,"{""process_exit"": 2, ""process_exec"": 2, ""process_kprobe"": 1}"
1776138061,normal,k3s-wk1,0.27833333333336574,0.6167070980501499,669.8333333333334,354.7,10708.166666666666,1880.5333333333333,0.0,0,78,3,0,70,0,"{""process_exit"": 78, ""process_exec"": 78, ""process_kprobe"": 70}"
1776138071,normal,sw-wk3,0.16288888888892772,0.34749990443059753,111.0,100.86666666666666,4229.666666666667,5766.9,0.0,0,1,1,0,0,0,"{""process_exit"": 5, ""process_exec"": 1}"
1776138071,normal,sw-wk2,0.15141412457631187,0.2967541445264218,80.41340223370561,85.01416902817135,2441.840306717786,5726.654442407067,0.0,0,8,6,0,3,2,"{""process_exit"": 8, ""process_exec"": 8, ""process_kprobe"": 3}"
1776138071,normal,k3s-wk1,0.27833333333336574,0.6167070980501499,669.8333333333334,354.7,10708.166666666666,1880.5333333333333,0.0,0,54,3,0,48,0,"{""process_exit"": 54, ""process_exec"": 54, ""process_kprobe"": 48}"
1776138081,normal,sw-wk3,0.16288888888892772,0.34749990443059753,111.0,100.86666666666666,4229.666666666667,5766.9,0.0,0,0,0,0,0,0,{}
1776138081,normal,sw-wk2,0.15141412457631187,0.2967541445264218,80.41340223370561,85.01416902817135,2441.840306717786,5726.654442407067,0.0,0,110,10,0,3,2,"{""process_exit"": 114, ""process_exec"": 110, ""process_kprobe"": 3}"
1776138081,normal,k3s-wk1,0.3260449303379387,0.6183066681868415,669.7886807546164,354.6763549096727,33366.608892740485,8733.817745483635,0.0,0,60,3,0,52,0,"{""process_exit"": 61, ""process_exec"": 60, ""process_kprobe"": 52}"
1776138091,normal,sw-wk3,0.16288888888892772,0.34749990443059753,111.0,100.86666666666666,4229.666666666667,5766.9,0.0,0,1,1,0,0,0,"{""process_exit"": 9, ""process_exec"": 1}"
1776138091,normal,sw-wk2,0.24635845471819706,0.29766046102679766,172.0609313022899,150.52831572280923,5658.744708509716,32068.364387853733,0.0,0,4,3,0,2,2,"{""process_exit"": 6, ""process_exec"": 4, ""process_kprobe"": 2}"
1776138091,normal,k3s-wk1,0.3260449303379387,0.6183066681868415,669.7886807546164,354.6763549096727,33366.608892740485,8733.817745483635,0.0,0,54,3,0,48,0,"{""process_exit"": 54, ""process_exec"": 54, ""process_kprobe"": 48}"
1776138101,normal,sw-wk3,0.1747777777777325,0.34262586490309266,113.2,98.0,2955.233333333333,7241.433333333333,0.0,0,0,0,0,0,0,{}
1776138101,normal,sw-wk2,0.24635845471819717,0.29766046102679766,172.0609313022899,150.52831572280923,5658.744708509716,32068.364387853733,0.0,0,5,5,0,2,1,"{""process_exit"": 7, ""process_exec"": 5, ""process_kprobe"": 2}"
1776138101,normal,k3s-wk1,0.3260449303379387,0.6183066681868415,669.7886807546164,354.6763549096727,33366.608892740485,8733.817745483635,0.0,0,12,2,0,8,0,"{""process_exit"": 12, ""process_exec"": 12, ""process_kprobe"": 8}"
1776138111,normal,sw-wk3,0.1747777777777325,0.34262586490309266,113.2,98.0,2955.233333333333,7241.433333333333,0.0,0,1,1,0,0,0,"{""process_exit"": 5, ""process_exec"": 1}"
1776138111,normal,sw-wk2,0.24635845471819717,0.29766046102679766,172.0609313022899,150.52831572280923,5658.744708509716,32068.364387853733,0.0,0,3,3,0,2,1,"{""process_exit"": 3, ""process_exec"": 3, ""process_kprobe"": 2}"
1776138111,normal,k3s-wk1,0.2953974709425493,0.6229416964022654,673.8782585505701,359.32395493032874,21117.50783385559,6495.933062204147,0.0,0,75,3,0,68,0,"{""process_exit"": 75, ""process_exec"": 75, ""process_kprobe"": 68}"
1776138121,normal,sw-wk3,0.1747777777777325,0.34262586490309266,113.2,98.0,2955.233333333333,7241.433333333333,0.0,0,0,0,0,0,0,{}
1776138121,normal,sw-wk2,0.13566253278212126,0.29036214432254037,123.1830910788105,127.61701560208027,958.6944925990132,7651.886918255767,0.0,0,5,4,0,3,2,"{""process_exit"": 7, ""process_exec"": 5, ""process_kprobe"": 3}"
1776138121,normal,k3s-wk1,0.2953974709425493,0.6229416964022654,673.8782585505701,359.32395493032874,21117.50783385559,6495.933062204147,0.0,0,15,2,0,10,0,"{""process_exit"": 15, ""process_exec"": 15, ""process_kprobe"": 10}"
1776138131,normal,sw-wk3,0.16344444444443473,0.34954827529084953,105.93333333333334,100.86666666666666,3846.4,6085.4,0.0,0,0,0,0,0,0,{}
1776138131,normal,sw-wk2,0.13566253278212126,0.29036214432254037,123.1830910788105,127.61701560208027,958.6944925990132,7651.886918255767,0.0,0,111,10,0,2,2,"{""process_exit"": 113, ""process_exec"": 111, ""process_kprobe"": 2}"
1776138131,normal,k3s-wk1,0.2953974709425493,0.6229416964022654,673.8782585505701,359.32395493032874,21117.50783385559,6495.933062204147,0.0,0,21,2,0,14,0,"{""process_exit"": 21, ""process_exec"": 21, ""process_kprobe"": 14}"
1776138141,normal,sw-wk3,0.16344444444443473,0.34954827529084953,105.93333333333334,100.86666666666666,3846.4,6085.4,0.0,0,0,0,0,0,0,{}
1776138141,normal,sw-wk2,0.13566253278212126,0.29036214432254037,123.1830910788105,127.61701560208027,958.6944925990132,7651.886918255767,0.0,0,2,2,0,1,0,"{""process_exit"": 2, ""process_exec"": 2, ""process_kprobe"": 1}"
1776138141,normal,k3s-wk1,0.3059999999999693,0.6175503435632823,665.7000000000002,350.7,38407.333333333336,11497.66666666667,0.0,0,51,3,0,46,0,"{""process_exit"": 51, ""process_exec"": 51, ""process_kprobe"": 46}"
1776138151,normal,sw-wk3,0.16344444444443473,0.34954827529084953,105.93333333333334,100.86666666666666,3846.4,6085.4,0.0,0,1,1,0,0,0,"{""process_exit"": 19, ""process_exec"": 1}"
1776138151,normal,sw-wk2,0.2061323112814627,0.293018973712043,157.64039326778868,150.94150974837527,5556.140643226129,33102.84952507915,0.0,0,6,5,0,3,2,"{""process_exit"": 8, ""process_exec"": 6, ""process_kprobe"": 3}"
1776138151,normal,k3s-wk1,0.3059999999999693,0.6175503435632823,665.7,350.7,38407.333333333336,11497.666666666666,0.0,0,12,2,0,8,0,"{""process_exit"": 12, ""process_exec"": 12, ""process_kprobe"": 8}"
1776138161,normal,sw-wk3,0.16844444444444295,0.34431266485721934,113.2,98.0,2977.7666666666664,7815.866666666667,0.0,0,0,0,0,0,0,{}
1776138161,normal,sw-wk2,0.2061323112814627,0.293018973712043,157.6403932677887,150.94150974837527,5556.140643226129,33102.84952507915,0.0,0,6,5,0,3,2,"{""process_exit"": 8, ""process_exec"": 6, ""process_kprobe"": 3}"
1776138161,normal,k3s-wk1,0.3059999999999693,0.6175503435632823,665.7,350.7,38407.333333333336,11497.666666666666,0.0,0,33,3,0,28,0,"{""process_exit"": 33, ""process_exec"": 33, ""process_kprobe"": 28}"
1776138171,normal,sw-wk3,0.16844444444444295,0.34431266485721934,113.2,98.0,2977.7666666666664,7815.866666666667,0.0,0,0,0,0,0,0,{}
1776138171,normal,sw-wk2,0.2061323112814627,0.293018973712043,157.6403932677887,150.94150974837527,5556.140643226129,33102.84952507915,0.0,0,4,3,0,2,2,"{""process_exit"": 6, ""process_exec"": 4, ""process_kprobe"": 2}"
1776138171,normal,k3s-wk1,0.27088888888890017,0.6170863892046513,667.8333333333334,352.7,15538.133333333333,1958.7666666666667,0.0,0,36,3,0,30,0,"{""process_exit"": 36, ""process_exec"": 36, ""process_kprobe"": 30}"
1776138181,normal,sw-wk3,0.16844444444444295,0.34431266485721934,113.2,98.0,2977.7666666666664,7815.866666666667,0.0,0,0,0,0,0,0,{}
1776138181,normal,sw-wk2,0.13541562496526194,0.2863291155370363,151.07170239007968,152.83842794759826,1846.7282242741426,8690.1896729891,0.0,0,2,2,0,1,0,"{""process_exit"": 2, ""process_exec"": 2, ""process_kprobe"": 1}"
1776138181,normal,k3s-wk1,0.27088888888890017,0.6170863892046513,667.8333333333334,352.7,15538.133333333333,1958.7666666666667,0.0,0,33,3,0,28,0,"{""process_exit"": 33, ""process_exec"": 33, ""process_kprobe"": 28}"
1776138191,normal,sw-wk3,0.13400000000005496,0.34805420696509803,78.33333333333333,68.2,2673.0,5143.4,0.0,0,1,1,0,0,0,"{""process_exit"": 7, ""process_exec"": 1}"
1776138191,normal,sw-wk2,0.13541562496526194,0.2863291155370363,151.07170239007968,152.83842794759826,1846.7282242741426,8690.189672989101,0.0,0,112,11,0,3,2,"{""process_exit"": 114, ""process_exec"": 112, ""process_kprobe"": 3}"
1776138191,normal,k3s-wk1,0.27088888888890017,0.6170863892046513,667.8333333333334,352.7,15538.133333333333,1958.7666666666667,0.0,0,33,3,0,28,0,"{""process_exit"": 33, ""process_exec"": 33, ""process_kprobe"": 28}"
1776138201,normal,sw-wk3,0.13400000000005496,0.34805420696509803,78.33333333333333,68.2,2673.0,5143.4,0.0,0,0,0,0,0,0,{}
1776138201,normal,sw-wk2,0.13541562496526194,0.2863291155370363,151.07170239007968,152.83842794759826,1846.7282242741426,8690.189672989101,0.0,0,0,0,0,0,0,"{""process_exit"": 2}"
1776138201,normal,k3s-wk1,0.3108888888888436,0.6211524806883231,667.8333333333334,352.7,38256.366666666676,11458.8,0.0,0,12,2,0,8,0,"{""process_exit"": 12, ""process_exec"": 12, ""process_kprobe"": 8}"
1776138211,normal,sw-wk3,0.13400000000005496,0.34805420696509803,78.33333333333333,68.2,2673.0,5143.4,0.0,0,0,0,0,0,0,{}
1776138211,normal,sw-wk2,0.26412410543634834,0.29267810950979267,106.48086411521535,90.1786904920656,7386.318175756767,30293.572476330177,0.0,0,0,0,0,0,0,{}
1776138211,normal,k3s-wk1,0.3108888888888436,0.6211524806883231,667.8333333333334,352.7,38256.36666666667,11458.8,0.0,0,54,3,0,48,0,"{""process_exit"": 54, ""process_exec"": 54, ""process_kprobe"": 48}"
1776138221,normal,sw-wk3,0.16677777777776004,0.34873752819297377,105.33333333333333,106.86666666666666,4337.9,7361.133333333335,0.0,0,1,1,0,0,0,"{""process_exit"": 7, ""process_exec"": 1}"
1776138221,normal,sw-wk2,0.26412410543634834,0.29267810950979267,106.48086411521535,90.1786904920656,7386.318175756767,30293.572476330177,0.0,0,0,0,0,0,0,{}
1776138221,normal,k3s-wk1,0.3108888888888436,0.6211524806883231,667.8333333333334,352.7,38256.36666666667,11458.8,0.0,0,35,3,0,30,0,"{""process_exit"": 35, ""process_exec"": 35, ""process_kprobe"": 30}"
1776138231,normal,sw-wk3,0.16677777777776004,0.34873752819297377,105.33333333333333,106.86666666666666,4337.9,7361.133333333333,0.0,0,0,0,0,0,0,{}
1776138231,normal,sw-wk2,0.26412410543634834,0.29267810950979267,106.48086411521535,90.1786904920656,7386.318175756767,30293.572476330177,0.0,0,0,0,0,0,0,{}
1776138231,normal,k3s-wk1,0.287666666666741,0.6196612794529177,667.8333333333334,352.7,10186.633333333335,4625.966666666666,0.0,0,37,3,0,30,0,"{""process_exit"": 37, ""process_exec"": 37, ""process_kprobe"": 30}"
1776138241,normal,sw-wk3,0.16677777777776004,0.34873752819297377,105.33333333333333,106.86666666666666,4337.9,7361.133333333333,0.0,0,0,0,0,0,0,{}
1776138241,normal,sw-wk2,0.1233333333333172,0.2862415102514112,120.06666666666666,100.86666666666666,630.7,3617.0333333333333,0.0,0,0,0,0,0,0,{}
1776138241,normal,k3s-wk1,0.287666666666741,0.6196612794529177,667.8333333333334,352.7,10186.633333333333,4625.966666666666,0.0,0,57,3,0,50,0,"{""process_exit"": 57, ""process_exec"": 57, ""process_kprobe"": 50}"
1776138251,normal,sw-wk3,0.16466666666666352,0.3441422327560941,103.06666666666666,98.0,1888.6,5118.066666666667,0.0,0,1,1,0,0,0,"{""process_exit"": 11, ""process_exec"": 1}"
1776138251,normal,sw-wk2,0.1233333333333172,0.2862415102514112,120.06666666666666,100.86666666666666,630.7,3617.0333333333333,0.0,0,2,2,0,0,0,"{""process_exec"": 2}"
1776138251,normal,k3s-wk1,0.287666666666741,0.6196612794529177,667.8333333333334,352.7,10186.633333333333,4625.966666666666,0.0,0,18,2,0,12,0,"{""process_exit"": 18, ""process_exec"": 18, ""process_kprobe"": 12}"
1776138261,normal,sw-wk3,0.16466666666666352,0.3441422327560941,103.06666666666666,98.0,1888.6,5118.066666666667,0.0,0,0,0,0,0,0,{}
1776138261,normal,sw-wk2,0.1233333333333172,0.2862415102514112,120.06666666666666,100.86666666666666,630.7,3617.0333333333333,0.0,0,0,0,0,0,0,{}
1776138261,normal,k3s-wk1,0.3158888888888517,0.6269739226042853,1456.1333333333332,574.8333333333334,10907.333333333334,4744.900000000001,0.0,0,12,2,0,8,0,"{""process_exit"": 12, ""process_exec"": 12, ""process_kprobe"": 8}"
1776138271,normal,sw-wk3,0.16466666666666352,0.3441422327560941,103.06666666666666,98.0,1888.6,5118.066666666667,0.0,0,0,0,0,0,0,{}
1776138271,normal,sw-wk2,0.2336666666666538,0.28719242580628723,116.06666666666666,100.86666666666666,4615.933333333333,27999.666666666668,0.0,0,104,5,0,0,0,"{""process_exit"": 106, ""process_exec"": 104}"
1776138271,normal,k3s-wk1,0.3158888888888517,0.6269739226042853,1456.1333333333332,574.8333333333334,10907.333333333334,4744.9,0.0,0,33,3,0,28,0,"{""process_exit"": 33, ""process_exec"": 33, ""process_kprobe"": 28}"
1776138281,normal,sw-wk3,0.16477777777775682,0.3411365750474661,100.86666666666666,100.86666666666666,3291.0333333333338,6775.733333333334,0.0,0,1,1,0,0,0,"{""process_exit"": 11, ""process_exec"": 1}"
1776138281,normal,sw-wk2,0.2336666666666538,0.28719242580628723,116.06666666666666,100.86666666666666,4615.933333333333,27999.666666666668,0.0,0,0,0,0,0,0,{}
1776138281,normal,k3s-wk1,0.3158888888888517,0.6269739226042853,1456.1333333333332,574.8333333333334,10907.333333333334,4744.9,0.0,0,39,3,0,32,0,"{""process_exit"": 39, ""process_exec"": 39, ""process_kprobe"": 32}"
1776138291,normal,sw-wk3,0.16477777777775682,0.3411365750474661,100.86666666666666,100.86666666666666,3291.0333333333333,6775.733333333334,0.0,0,1,1,0,0,0,"{""process_exec"": 1}"
1776138291,normal,sw-wk2,0.2336666666666538,0.28719242580628723,116.06666666666666,100.86666666666666,4615.933333333333,27999.666666666668,0.0,0,0,0,0,0,0,{}
1776138291,normal,k3s-wk1,0.2909999999999855,0.6327152166870047,665.7,350.7,34352.833333333336,6755.5,0.0,0,39,3,0,32,0,"{""process_exit"": 39, ""process_exec"": 39, ""process_kprobe"": 32}"
1776138302,normal,sw-wk3,0.16477777777775682,0.3411365750474661,100.86666666666666,100.86666666666666,3291.0333333333333,6775.733333333334,0.0,0,0,0,0,0,0,{}
1776138302,normal,sw-wk2,0.15333511087411533,0.2936417676516686,108.11891747766965,97.98693507532329,1937.8416211171843,3714.3714171443808,0.0,0,0,0,0,0,0,{}
1776138302,normal,k3s-wk1,0.2909999999999855,0.6327152166870047,665.7,350.7,34352.833333333336,6755.5,0.0,0,12,2,0,8,0,"{""process_exit"": 12, ""process_exec"": 12, ""process_kprobe"": 8}"
1776138311,normal,sw-wk3,0.22388888888890512,0.3600832090931101,108.13333333333333,98.0,5687.133333333333,7365.9,0.0,0,0,0,0,0,0,{}
1776138311,normal,sw-wk2,0.15333511087411533,0.2936417676516686,108.11891747766965,97.98693507532329,1937.8416211171843,3714.3714171443808,0.0,0,2,2,0,0,0,"{""process_exec"": 2}"
1776138311,normal,k3s-wk1,0.2909999999999855,0.6327152166870047,665.7,350.7,34352.833333333336,6755.5,0.0,0,36,3,0,30,0,"{""process_exit"": 36, ""process_exec"": 36, ""process_kprobe"": 30}"
1776138321,normal,sw-wk3,0.22388888888890512,0.3600832090931101,108.13333333333333,98.0,5687.133333333333,7365.9,0.0,0,1,1,0,0,0,"{""process_exit"": 3, ""process_exec"": 1}"
1776138321,normal,sw-wk2,0.15333511087411533,0.2936417676516686,108.11891747766965,97.98693507532329,1937.8416211171843,3714.3714171443808,0.0,0,104,5,0,0,0,"{""process_exit"": 106, ""process_exec"": 104}"
1776138321,normal,k3s-wk1,0.323888888888905,0.6302599837672417,667.8333333333334,352.7,10819.066666666666,11350.8,0.0,0,36,3,0,30,0,"{""process_exit"": 36, ""process_exec"": 36, ""process_kprobe"": 30}"
1776138331,normal,sw-wk3,0.22388888888890512,0.3600832090931101,108.13333333333333,98.0,5687.133333333333,7365.9,0.0,0,0,0,0,0,0,{}
1776138331,normal,sw-wk2,0.2011955954087422,0.2787807255629038,100.87002900096671,100.87002900096671,7187.70625687523,28211.740391346382,0.0,0,0,0,0,0,0,{}
1776138331,normal,k3s-wk1,0.323888888888905,0.6302599837672417,667.8333333333334,352.7,10819.066666666666,11350.8,0.0,0,15,2,0,10,0,"{""process_exit"": 15, ""process_exec"": 15, ""process_kprobe"": 10}"
1776138341,normal,sw-wk3,0.17722222222218997,0.38315684850338316,116.06666666666666,100.86666666666666,4224.466666666666,6062.6,0.0,0,1,1,0,0,0,"{""process_exit"": 23, ""process_exec"": 1}"
1776138341,normal,sw-wk2,0.2011955954087422,0.2787807255629038,100.87002900096671,100.87002900096671,7187.70625687523,28211.740391346382,0.0,0,0,0,0,0,0,{}
1776138341,normal,k3s-wk1,0.323888888888905,0.6302599837672417,667.8333333333334,352.7,10819.066666666666,11350.8,0.0,0,30,3,0,26,0,"{""process_exit"": 30, ""process_exec"": 30, ""process_kprobe"": 26}"
1776138351,normal,sw-wk3,0.17722222222218997,0.38315684850338316,116.06666666666666,100.86666666666666,4224.466666666666,6062.6,0.0,0,0,0,0,0,0,{}
1776138351,normal,sw-wk2,0.2011955954087422,0.2787807255629038,100.87002900096671,100.87002900096671,7187.70625687523,28211.740391346382,0.0,0,0,0,0,0,0,{}
1776138351,normal,k3s-wk1,0.2931111111111224,0.6347516489570058,667.8333333333334,352.7,36203.63333333333,6823.566666666667,0.0,0,12,2,0,8,0,"{""process_exit"": 12, ""process_exec"": 12, ""process_kprobe"": 8}"
1776138361,normal,sw-wk3,0.17722222222218997,0.38315684850338316,116.06666666666666,100.86666666666666,4224.466666666666,6062.6,0.0,0,0,0,0,0,0,{}
1776138361,normal,sw-wk2,0.115362821239263,0.2877690278680378,68.1977267424419,68.1977267424419,683.3772207593079,3661.911269624345,0.0,0,0,0,0,0,0,{}
1776138361,normal,k3s-wk1,0.2931111111111224,0.6347516489570058,667.8333333333334,352.7,36203.63333333333,6823.566666666667,0.0,0,36,3,0,30,0,"{""process_exit"": 36, ""process_exec"": 36, ""process_kprobe"": 30}"
1776138371,normal,sw-wk3,0.15622222222227722,0.4087885622539088,75.46666666666667,65.33333333333333,2349.0,8718.166666666668,0.0,0,0,0,0,0,0,{}
1776138371,normal,sw-wk2,0.115362821239263,0.2877690278680378,68.1977267424419,68.1977267424419,683.3772207593079,3661.911269624345,0.0,0,2,2,0,0,0,"{""process_exec"": 2}"
1776138371,normal,k3s-wk1,0.2931111111111224,0.6347516489570058,667.8333333333334,352.7,36203.63333333333,6823.566666666667,0.0,0,30,3,0,25,0,"{""process_exit"": 30, ""process_exec"": 30, ""process_kprobe"": 25}"
1776138381,normal,sw-wk3,0.15622222222227722,0.4087885622539088,75.46666666666667,65.33333333333333,2349.0,8718.166666666666,0.0,0,1,1,0,0,0,"{""process_exit"": 7, ""process_exec"": 1}"
1776138381,normal,sw-wk2,0.115362821239263,0.2877690278680378,68.1977267424419,68.1977267424419,683.3772207593079,3661.911269624345,0.0,0,104,5,0,0,0,"{""process_exit"": 106, ""process_exec"": 104}"
1776138381,normal,k3s-wk1,0.29055555555553125,0.6309756700528186,667.8333333333334,352.7,10655.833333333334,4654.733333333334,0.0,0,12,2,0,9,0,"{""process_kprobe"": 9, ""process_exit"": 13, ""process_exec"": 12}"
1776138391,normal,sw-wk3,0.15622222222227722,0.4087885622539088,75.46666666666667,65.33333333333333,2349.0,8718.166666666666,0.0,0,0,0,0,0,0,"{""process_exit"": 1}"
1776138391,normal,sw-wk2,0.19467040049783124,0.2912366043554162,100.88011734897987,100.88011734897987,5369.815975463395,27918.089078543806,0.0,0,0,0,0,0,0,{}
1776138391,normal,k3s-wk1,0.29055555555553125,0.6309756700528186,667.8333333333334,352.7,10655.833333333334,4654.733333333334,0.0,0,12,2,0,8,0,"{""process_exit"": 12, ""process_exec"": 12, ""process_kprobe"": 8}"
1776138401,normal,sw-wk3,0.207222222222198,0.3558558558558559,116.06666666666666,100.86666666666666,7136.166666666667,6885.7,0.0,0,0,0,0,0,0,{}
1776138401,normal,sw-wk2,0.19467040049783124,0.2912366043554162,100.88011734897987,100.88011734897987,5369.815975463395,27918.089078543806,0.0,0,0,0,0,0,0,{}
1776138401,normal,k3s-wk1,0.29055555555553125,0.6309756700528186,667.8333333333334,352.7,10655.833333333334,4654.733333333334,0.0,0,15,2,0,10,0,"{""process_exit"": 15, ""process_exec"": 15, ""process_kprobe"": 10}"
1776138411,normal,sw-wk3,0.207222222222198,0.3558558558558559,116.06666666666666,100.86666666666666,7136.166666666667,6885.7,0.0,0,1,1,0,0,0,"{""process_exit"": 7, ""process_exec"": 1}"
1776138411,normal,sw-wk2,0.19467040049783124,0.2912366043554162,100.88011734897987,100.88011734897987,5369.815975463395,27918.089078543806,0.0,0,0,0,0,0,0,{}
1776138411,normal,k3s-wk1,0.3044260765231642,0.6305309060204569,665.611251833089,350.6532462338355,33218.33755499267,11511.231835755232,0.0,0,12,2,0,8,0,"{""process_exit"": 12, ""process_exec"": 12, ""process_kprobe"": 8}"
1776138421,normal,sw-wk3,0.207222222222198,0.3558558558558559,116.06666666666666,100.86666666666666,7136.166666666667,6885.7,0.0,0,0,0,0,0,0,{}
1776138421,normal,sw-wk2,0.14277777777780187,0.29085114109866583,108.13333333333333,98.0,1777.5,3722.0333333333333,0.0,0,0,0,0,0,0,{}
1776138421,normal,k3s-wk1,0.3044260765231642,0.6305309060204569,665.611251833089,350.6532462338355,33218.33755499267,11511.231835755232,0.0,0,15,2,0,10,0,"{""process_exit"": 15, ""process_exec"": 15, ""process_kprobe"": 10}"
1776138431,normal,sw-wk3,0.16344444444443473,0.34499439326172,116.06666666666666,100.86666666666666,3911.2000000000007,6388.733333333334,0.0,0,0,0,0,0,0,{}
1776138431,normal,sw-wk2,0.14277777777780198,0.29085114109866583,108.13333333333333,98.0,1777.5,3722.0333333333333,0.0,0,106,7,0,0,0,"{""process_exec"": 106, ""process_exit"": 106}"
1776138431,normal,k3s-wk1,0.3044260765231642,0.6305309060204569,665.611251833089,350.6532462338355,33218.33755499267,11511.231835755232,0.0,0,78,3,0,70,0,"{""process_exit"": 78, ""process_exec"": 78, ""process_kprobe"": 70}"
1776138441,normal,sw-wk3,0.16344444444443473,0.34499439326172,116.06666666666666,100.86666666666666,3911.2,6388.733333333334,0.0,0,1,1,0,0,0,"{""process_exit"": 9, ""process_exec"": 1}"
1776138441,normal,sw-wk2,0.14277777777780198,0.29085114109866583,108.13333333333333,98.0,1777.5,3722.0333333333333,0.0,0,0,0,0,0,0,{}
1776138441,normal,k3s-wk1,0.3097968618037896,0.6312093404962167,667.9223896519536,352.747032937725,35702.727030270704,11600.28003733831,0.0,0,57,3,0,50,0,"{""process_exit"": 57, ""process_exec"": 57, ""process_kprobe"": 50}"
1776138451,normal,sw-wk3,0.16344444444443473,0.34499439326172,116.06666666666666,100.86666666666666,3911.2,6388.733333333334,0.0,0,0,0,0,0,0,{}
1776138451,normal,sw-wk2,0.2001910920018931,0.28389528142003384,100.85658100856581,100.85658100856581,5378.062193780622,27829.383728293837,0.0,0,0,0,0,0,0,{}
1776138451,normal,k3s-wk1,0.3097968618037896,0.6312093404962167,667.9223896519536,352.747032937725,35702.727030270704,11600.28003733831,0.0,0,9,2,0,6,0,"{""process_exit"": 9, ""process_exec"": 9, ""process_kprobe"": 6}"
1776138461,normal,sw-wk3,0.1692222222222174,0.34509951960447005,113.16666666666667,98.0,2880.4666666666667,6477.566666666667,0.0,0,0,0,0,0,0,{}
1776138461,normal,sw-wk2,0.2001910920018931,0.28389528142003384,100.85658100856581,100.85658100856581,5378.062193780622,27829.383728293837,0.0,0,0,0,0,0,0,{}
1776138461,normal,k3s-wk1,0.3097968618037896,0.6312093404962167,667.9223896519536,352.747032937725,35702.727030270704,11600.28003733831,0.0,0,15,2,0,10,0,"{""process_exit"": 15, ""process_exec"": 15, ""process_kprobe"": 10}"
1776138471,normal,sw-wk3,0.1692222222222174,0.34509951960447005,113.16666666666667,98.0,2880.4666666666667,6477.566666666667,0.0,0,0,0,0,0,0,{}
1776138471,normal,sw-wk2,0.2001910920018931,0.28389528142003384,100.85658100856581,100.85658100856581,5378.062193780622,27829.383728293837,0.0,0,0,0,0,0,0,{}
1776138471,normal,k3s-wk1,0.263333333333301,0.6315062261320317,667.8333333333334,352.7,8665.0,1563.9000000000003,0.0,0,12,2,0,8,0,"{""process_exit"": 12, ""process_exec"": 12, ""process_kprobe"": 8}"
1776138481,normal,sw-wk3,0.1692222222222174,0.34509951960447005,113.16666666666667,98.0,2880.4666666666667,6477.566666666667,0.0,0,1,1,0,0,0,"{""process_exit"": 3, ""process_exec"": 1}"
1776138481,normal,sw-wk2,0.13072461835879867,0.28829306675841326,100.85994267048864,100.85994267048864,665.7556162922472,3640.9906006266256,0.0,0,0,0,0,0,0,{}
1776138481,normal,k3s-wk1,0.263333333333301,0.6315062261320317,667.8333333333334,352.7,8665.0,1563.9,0.0,0,12,2,0,8,0,"{""process_exit"": 12, ""process_exec"": 12, ""process_kprobe"": 8}"
1776138491,normal,sw-wk3,0.15266666666664408,0.33931119945971433,116.06666666666666,100.86666666666666,2333.0333333333333,5679.4,0.0,0,0,0,0,0,0,{}
1776138491,normal,sw-wk2,0.13072461835879867,0.28829306675841326,100.85994267048864,100.85994267048864,665.7556162922472,3640.9906006266247,0.0,0,4,4,0,0,0,"{""process_exec"": 4, ""process_exit"": 2}"
1776138491,normal,k3s-wk1,0.263333333333301,0.6315062261320317,667.8333333333334,352.7,8665.0,1563.9,0.0,0,39,3,0,32,0,"{""process_exit"": 39, ""process_exec"": 39, ""process_kprobe"": 32}"
1776138501,normal,sw-wk3,0.15266666666664408,0.33931119945971433,116.06666666666666,100.86666666666666,2333.0333333333333,5679.4,0.0,0,1,1,0,0,0,"{""process_exit"": 3, ""process_exec"": 1}"
1776138501,normal,sw-wk2,0.13072461835879867,0.28829306675841326,100.85994267048864,100.85994267048864,665.7556162922472,3640.9906006266247,0.0,0,102,3,0,0,0,"{""process_exit"": 104, ""process_exec"": 102}"
1776138501,normal,k3s-wk1,0.28544444444442985,0.6321417645843658,667.8333333333334,352.7,33568.53333333333,7062.233333333334,0.0,0,12,2,0,8,0,"{""process_exit"": 12, ""process_exec"": 12, ""process_kprobe"": 8}"
1776138511,normal,sw-wk3,0.15266666666664408,0.33931119945971433,116.06666666666666,100.86666666666666,2333.0333333333333,5679.4,0.0,0,0,0,0,0,0,{}
1776138511,normal,sw-wk2,0.19619542873651175,0.2907842425169158,108.13693789792993,98.0032667755592,5386.846228207606,27911.963732124408,0.0,0,0,0,0,0,0,{}
1776138511,normal,k3s-wk1,0.28544444444442985,0.6321417645843658,667.8333333333334,352.7,33568.53333333333,7062.233333333334,0.0,0,36,3,0,30,0,"{""process_exit"": 36, ""process_exec"": 36, ""process_kprobe"": 30}"
1776138521,normal,sw-wk3,0.21222222222224651,0.3512079972476012,116.06666666666666,100.86666666666666,7348.2,6772.566666666668,0.0,0,8,3,0,0,0,"{""process_exec"": 8, ""process_exit"": 8}"
1776138521,normal,sw-wk2,0.19619542873651175,0.2907842425169158,108.13693789792994,98.0032667755592,5386.846228207607,27911.963732124408,0.0,0,0,0,0,0,0,{}
1776138521,normal,k3s-wk1,0.28544444444442985,0.6321417645843658,667.8333333333334,352.7,33568.53333333333,7062.233333333334,0.0,0,36,3,0,30,0,"{""process_exit"": 36, ""process_exec"": 36, ""process_kprobe"": 30}"
1776138531,normal,sw-wk3,0.21222222222224651,0.3512079972476012,116.06666666666666,100.86666666666666,7348.2,6772.566666666667,0.0,0,8,3,0,0,0,"{""process_exec"": 8, ""process_exit"": 8}"
1776138531,normal,sw-wk2,0.19619542873651175,0.2907842425169158,108.13693789792994,98.0032667755592,5386.846228207607,27911.963732124408,0.0,0,0,0,0,0,0,{}
1776138531,normal,k3s-wk1,0.3171111111111613,0.6278882852088867,665.7,350.7,13438.733333333334,15524.533333333333,0.0,0,60,3,0,52,0,"{""process_exit"": 60, ""process_exec"": 60, ""process_kprobe"": 52}"
1776138541,normal,sw-wk3,0.21222222222224651,0.3512079972476012,116.06666666666666,100.86666666666666,7348.2,6772.566666666667,0.0,0,5,3,0,0,0,"{""process_exit"": 9, ""process_exec"": 5}"
1776138541,normal,sw-wk2,0.1452763517568031,0.2943553525236694,74.73831588772585,81.27208480565372,2387.7925195013004,3758.0172011467434,0.0,0,0,0,0,0,0,{}
1776138541,normal,k3s-wk1,0.3171111111111613,0.6278882852088867,665.7,350.7,13438.733333333334,15524.533333333333,0.0,0,18,2,0,12,0,"{""process_exit"": 18, ""process_exec"": 18, ""process_kprobe"": 12}"
1776138551,normal,sw-wk3,0.228444444444459,0.34793633803534796,78.33333333333333,68.2,15447.300000000003,12102.666666666666,0.0,0,4,3,0,0,0,"{""process_exec"": 4, ""process_exit"": 6}"
1776138551,normal,sw-wk2,0.1452763517568031,0.2943553525236694,74.73831588772585,81.27208480565372,2387.7925195013004,3758.0172011467434,0.0,0,106,7,0,0,0,"{""process_exec"": 106, ""process_exit"": 106}"
1776138551,normal,k3s-wk1,0.3171111111111613,0.6278882852088867,665.7,350.7,13438.733333333334,15524.533333333333,0.0,0,36,3,0,30,0,"{""process_exit"": 36, ""process_exec"": 36, ""process_kprobe"": 30}"
1776138561,normal,sw-wk3,0.228444444444459,0.34793633803534796,78.33333333333333,68.2,15447.3,12102.666666666666,0.0,0,0,0,0,0,0,{}
1776138561,normal,sw-wk2,0.1452763517568031,0.2943553525236694,74.73831588772585,81.27208480565372,2387.7925195013004,3758.0172011467434,0.0,0,0,0,0,0,0,{}
1776138561,normal,k3s-wk1,0.3325555555555587,0.6308989087477409,667.8333333333334,352.7,37623.23333333333,19496.833333333332,0.0,0,12,2,0,8,0,"{""process_exit"": 12, ""process_exec"": 12, ""process_kprobe"": 8}"
1776138571,normal,sw-wk3,0.228444444444459,0.34793633803534796,78.33333333333333,68.2,15447.3,12102.666666666666,0.0,0,0,0,0,0,0,{}
1776138571,normal,sw-wk2,0.19350178900813664,0.28988429731003984,94.33962264150942,87.80585372358158,6462.7308487232485,27857.057137142478,0.0,0,0,0,0,0,0,{}
1776138571,normal,k3s-wk1,0.3325555555555587,0.6308989087477409,667.8333333333334,352.7,37623.23333333333,19496.833333333332,0.0,0,42,3,0,34,0,"{""process_exit"": 42, ""process_exec"": 42, ""process_kprobe"": 34}"
1776138581,normal,sw-wk3,0.1905555555555717,0.3498094983243498,116.06666666666666,100.86666666666666,8239.233333333334,8279.866666666667,0.0,0,9,3,0,0,0,"{""process_exit"": 13, ""process_exec"": 9}"
1776138581,normal,sw-wk2,0.19350178900813664,0.28988429731003984,94.33962264150944,87.80585372358158,6462.7308487232485,27857.057137142478,0.0,0,0,0,0,0,0,{}
1776138581,normal,k3s-wk1,0.3325555555555587,0.6308989087477409,667.8333333333334,352.7,37623.23333333333,19496.833333333332,0.0,0,36,3,0,30,0,"{""process_exit"": 36, ""process_exec"": 36, ""process_kprobe"": 30}"
1776138591,normal,sw-wk3,0.1905555555555717,0.3498094983243498,116.06666666666666,100.86666666666666,8239.233333333334,8279.866666666667,0.0,0,0,0,0,0,0,{}
1776138591,normal,sw-wk2,0.19350178900813664,0.28988429731003984,94.33962264150944,87.80585372358158,6462.7308487232485,27857.057137142478,0.0,0,0,0,0,0,0,{}
1776138591,normal,k3s-wk1,0.28400000000001446,0.6254928809533754,667.8333333333334,352.7,12197.333333333334,9028.7,0.0,0,81,3,0,72,0,"{""process_exit"": 81, ""process_exec"": 81, ""process_kprobe"": 72}"
1776138601,normal,sw-wk3,0.1905555555555717,0.3498094983243498,116.06666666666666,100.86666666666666,8239.233333333334,8279.866666666667,0.0,0,0,0,0,0,0,{}
1776138601,normal,sw-wk2,0.11822222222221579,0.2893395517157893,105.93333333333334,100.86666666666666,1432.1333333333332,3636.633333333333,0.0,0,0,0,0,0,0,{}
1776138601,normal,k3s-wk1,0.28400000000001446,0.6254928809533754,667.8333333333334,352.7,12197.333333333334,9028.7,0.0,0,15,2,0,10,0,"{""process_exit"": 15, ""process_exec"": 15, ""process_kprobe"": 10}"
1776138612,normal,sw-wk3,0.1712222222221801,0.3447395415217197,120.46666666666667,106.86666666666666,6579.533333333333,8035.933333333333,0.0,0,1,1,0,0,0,"{""process_exit"": 11, ""process_exec"": 1}"
1776138612,normal,sw-wk2,0.11822222222221579,0.2893395517157893,105.93333333333334,100.86666666666666,1432.1333333333332,3636.633333333333,0.0,0,106,7,0,0,0,"{""process_exec"": 106, ""process_exit"": 106}"
1776138612,normal,k3s-wk1,0.28400000000001446,0.6254928809533754,667.8333333333334,352.7,12197.333333333334,9028.7,0.0,0,105,3,0,94,0,"{""process_exit"": 105, ""process_exec"": 105, ""process_kprobe"": 94}"
1776138621,normal,sw-wk3,0.1712222222221801,0.3447395415217197,120.46666666666667,106.86666666666666,6579.533333333333,8035.933333333333,0.0,0,0,0,0,0,0,{}
1776138621,normal,sw-wk2,0.11822222222221579,0.2893395517157893,105.93333333333334,100.86666666666666,1432.1333333333332,3636.633333333333,0.0,0,0,0,0,0,0,{}
1776138621,normal,k3s-wk1,0.3361111111110303,0.6209368717284727,871.8,448.1666666666667,35472.833333333336,12941.333333333334,0.0,0,33,3,0,28,0,"{""process_exit"": 33, ""process_exec"": 33, ""process_kprobe"": 28}"
1776138631,normal,sw-wk3,0.1712222222221801,0.3447395415217197,120.46666666666667,106.86666666666666,6579.533333333333,8035.933333333333,0.0,0,4,3,0,0,0,"{""process_exec"": 4, ""process_exit"": 4}"
1776138631,normal,sw-wk2,0.1886666666667023,0.28699810135453696,102.46666666666667,104.00000000000001,7350.433333333333,28176.5,0.0,0,0,0,0,0,0,{}
1776138631,normal,k3s-wk1,0.3361111111110303,0.6209368717284727,871.8,448.1666666666667,35472.833333333336,12941.333333333334,0.0,0,39,3,0,32,0,"{""process_exit"": 39, ""process_exec"": 39, ""process_kprobe"": 32}"
1776138641,normal,sw-wk3,0.2219666922196798,0.3462192744370962,113.18868113188681,97.99020097990199,13221.811152218112,7013.165350131654,0.0,0,1,1,0,0,0,"{""process_exit"": 9, ""process_exec"": 1}"
1776138641,normal,sw-wk2,0.1886666666667023,0.28699810135453696,102.46666666666667,104.0,7350.433333333333,28176.5,0.0,0,0,0,0,0,0,{}
1776138641,normal,k3s-wk1,0.3361111111110303,0.6209368717284727,871.8,448.1666666666667,35472.833333333336,12941.333333333334,0.0,0,15,2,0,10,0,"{""process_exit"": 15, ""process_exec"": 15, ""process_kprobe"": 10}"
1776138651,normal,sw-wk3,0.2219666922196798,0.3462192744370962,113.18868113188681,97.99020097990201,13221.811152218112,7013.165350131654,0.0,0,0,0,0,0,0,{}
1776138651,normal,sw-wk2,0.1886666666667023,0.28699810135453696,102.46666666666667,104.0,7350.433333333333,28176.5,0.0,0,0,0,0,0,0,{}
1776138651,normal,k3s-wk1,0.3138888888889293,0.6230636114162122,667.7,352.7,11862.933333333332,14196.166666666666,0.0,0,38,3,0,32,0,"{""process_exit"": 39, ""process_exec"": 38, ""process_kprobe"": 32}"
1776138661,normal,sw-wk3,0.2219666922196798,0.3462192744370962,113.18868113188681,97.99020097990201,13221.811152218112,7013.165350131654,0.0,0,1,1,0,0,0,"{""process_exit"": 7, ""process_exec"": 1}"
1776138661,normal,sw-wk2,0.17130509171296848,0.2923659161282923,100.85658100856581,100.85658100856581,2136.85298136853,3700.4299570042995,0.0,0,0,0,0,0,0,{}
1776138661,normal,k3s-wk1,0.3138888888889293,0.6230636114162122,667.7,352.7,11862.933333333332,14196.166666666666,0.0,0,55,3,0,48,0,"{""process_exec"": 55, ""process_kprobe"": 48, ""process_exit"": 54}"
1776138671,normal,sw-wk3,0.17369514729246016,0.34285841711584286,116.07827449411607,100.87675434210087,2434.143414341434,7516.184951828516,0.0,0,0,0,0,0,0,{}
1776138671,normal,sw-wk2,0.17130509171296848,0.2923659161282923,100.85658100856581,100.85658100856581,2136.85298136853,3700.4299570042995,0.0,0,2,2,0,0,0,"{""process_exec"": 2}"
1776138671,normal,k3s-wk1,0.3138888888889293,0.6230636114162122,667.7,352.7,11862.933333333332,14196.166666666666,0.0,0,36,3,0,30,0,"{""process_exit"": 36, ""process_exec"": 36, ""process_kprobe"": 30}"
1776138681,normal,sw-wk3,0.17369514729246016,0.34285841711584286,116.07827449411607,100.87675434210087,2434.143414341434,7516.184951828516,0.0,0,0,0,0,0,0,{}
1776138681,normal,sw-wk2,0.17130509171296848,0.2923659161282923,100.85658100856581,100.85658100856581,2136.85298136853,3700.4299570042995,0.0,0,104,5,0,0,0,"{""process_exit"": 106, ""process_exec"": 104}"
1776138681,normal,k3s-wk1,0.29000000000002435,0.630919227916732,669.8333333333334,354.7,10403.433333333332,4913.0,0.0,0,33,3,0,28,0,"{""process_exit"": 34, ""process_exec"": 33, ""process_kprobe"": 28}"
1776138691,normal,sw-wk3,0.17369514729246016,0.34285841711584286,116.07827449411607,100.87675434210087,2434.143414341434,7516.184951828516,0.0,0,0,0,0,0,0,{}
1776138691,normal,sw-wk2,0.20103121423255865,0.287015622411662,111.011101110111,100.87675434210087,5374.237423742374,27928.359502616928,0.0,0,0,0,0,0,0,{}
1776138691,normal,k3s-wk1,0.29000000000002435,0.630919227916732,669.8333333333334,354.7,10403.433333333332,4913.0,0.0,0,54,3,0,48,0,"{""process_exit"": 54, ""process_exec"": 54, ""process_kprobe"": 48}"
1776138701,normal,sw-wk3,0.1526666666667249,0.34517597512647014,116.06666666666666,100.86666666666666,2918.3,6998.099999999999,0.0,0,1,1,0,0,0,"{""process_exit"": 13, ""process_exec"": 1}"
1776138701,normal,sw-wk2,0.20103121423255865,0.287015622411662,111.011101110111,100.87675434210087,5374.237423742374,27928.359502616928,0.0,0,0,0,0,0,0,{}
1776138701,normal,k3s-wk1,0.29000000000002435,0.630919227916732,669.8333333333334,354.7,10403.433333333332,4913.0,0.0,0,39,3,0,32,0,"{""process_exit"": 39, ""process_exec"": 39, ""process_kprobe"": 32}"
1776138711,normal,sw-wk3,0.1526666666667249,0.34517597512647014,116.06666666666666,100.86666666666666,2918.3,6998.099999999999,0.0,0,0,0,0,0,0,{}
1776138711,normal,sw-wk2,0.20103121423255865,0.287015622411662,111.011101110111,100.87675434210087,5374.237423742374,27928.359502616928,0.0,0,0,0,0,0,0,{}
1776138711,normal,k3s-wk1,0.29333333333330913,0.6256949438005651,673.8333333333334,359.3,34444.86666666667,6563.533333333333,0.0,0,57,3,0,50,0,"{""process_exit"": 57, ""process_exec"": 57, ""process_kprobe"": 50}"
1776138721,normal,sw-wk3,0.1526666666667249,0.34517597512647014,116.06666666666666,100.86666666666666,2918.3,6998.099999999999,0.0,0,0,0,0,0,0,{}
1776138721,normal,sw-wk2,0.11875479118755117,0.2933821374415434,73.25934073259342,68.1931806819318,570.3429657034296,3574.7758557477587,0.0,0,0,0,0,0,0,{}
1776138721,normal,k3s-wk1,0.29333333333330913,0.6256949438005651,673.8333333333334,359.3,34444.86666666667,6563.533333333333,0.0,0,81,3,0,72,0,"{""process_exit"": 81, ""process_exec"": 81, ""process_kprobe"": 72}"
1776138731,normal,sw-wk3,0.16088888888888409,0.3404914815805905,116.03333333333333,100.86666666666666,3833.6666666666665,5325.633333333333,0.0,0,0,0,0,0,0,{}
1776138731,normal,sw-wk2,0.11875479118755117,0.2933821374415434,73.25934073259342,68.1931806819318,570.3429657034296,3574.7758557477587,0.0,0,106,7,0,0,0,"{""process_exec"": 106, ""process_exit"": 106}"
1776138731,normal,k3s-wk1,0.29333333333330913,0.6256949438005651,673.8333333333334,359.3,34444.86666666667,6563.533333333333,0.0,0,39,3,0,32,0,"{""process_exit"": 39, ""process_exec"": 39, ""process_kprobe"": 32}"
1776138741,normal,sw-wk3,0.16088888888888409,0.3404914815805905,116.03333333333333,100.86666666666666,3833.6666666666665,5325.633333333333,0.0,0,1,1,0,0,0,"{""process_exit"": 9, ""process_exec"": 1}"
1776138741,normal,sw-wk2,0.11875479118755117,0.2933821374415434,73.25934073259342,68.1931806819318,570.3429657034296,3574.7758557477587,0.0,0,0,0,0,0,0,{}
1776138741,normal,k3s-wk1,0.3078888888888791,0.6245819048769392,667.8333333333334,352.7,34572.6,11424.6,0.0,0,33,3,0,28,0,"{""process_exit"": 33, ""process_exec"": 33, ""process_kprobe"": 28}"
1776138751,normal,sw-wk3,0.16088888888888409,0.3404914815805905,116.03333333333333,100.86666666666666,3833.6666666666665,5325.633333333333,0.0,0,0,0,0,0,0,{}
1776138751,normal,sw-wk2,0.18860964824568527,0.2934840781375435,100.85994267048864,100.85994267048864,5839.177388174122,27935.504299713353,0.0,0,0,0,0,0,0,{}
1776138751,normal,k3s-wk1,0.3078888888888792,0.6245819048769392,667.8333333333334,352.7,34572.6,11424.6,0.0,0,12,2,0,8,0,"{""process_exit"": 12, ""process_exec"": 12, ""process_kprobe"": 8}"
1776138761,normal,sw-wk3,0.19565893539500745,0.3468564037870968,682.9178885630498,364.26952812583306,6193.081844841375,13794.588109837376,0.0,0,116,4,0,0,0,"{""process_exec"": 116, ""process_exit"": 64}"
1776138761,normal,sw-wk2,0.1886096482456855,0.2934840781375435,100.85994267048864,100.85994267048864,5839.177388174122,27935.504299713353,0.0,0,0,0,0,0,0,{}
1776138761,normal,k3s-wk1,0.3078888888888792,0.6245819048769392,667.8333333333334,352.7,34572.6,11424.6,0.0,0,60,3,0,52,0,"{""process_exit"": 60, ""process_exec"": 60, ""process_kprobe"": 52}"
1776138771,normal,sw-wk3,0.19565893539500745,0.3468564037870968,682.9178885630498,364.26952812583306,6193.081844841375,13794.588109837376,0.0,0,115,4,0,0,0,"{""process_exit"": 65, ""process_exec"": 115}"
1776138771,normal,sw-wk2,0.1886096482456855,0.2934840781375435,100.85994267048864,100.85994267048864,5839.177388174122,27935.504299713353,0.0,0,0,0,0,0,0,{}
1776138771,normal,k3s-wk1,0.3006666666666812,0.6201049146425576,672.3,358.7,30022.066666666666,5567.833333333333,0.0,0,36,3,0,30,0,"{""process_exit"": 36, ""process_exec"": 36, ""process_kprobe"": 30}"
1776138782,normal,sw-wk3,0.19565893539500745,0.3468564037870968,682.9178885630498,364.26952812583306,6193.081844841375,13794.588109837376,0.0,0,70,4,0,0,0,"{""process_exit"": 58, ""process_exec"": 70}"
1776138782,normal,sw-wk2,0.13474893607561766,0.29455764109229454,100.87002900096671,100.87002900096671,961.6987232907765,3595.8865295509854,0.0,0,0,0,0,0,0,{}
1776138782,normal,k3s-wk1,0.3006666666666812,0.6201049146425576,672.3,358.7,30022.066666666666,5567.833333333333,0.0,0,78,3,0,70,0,"{""process_exit"": 78, ""process_exec"": 78, ""process_kprobe"": 70}"
1776138791,normal,sw-wk3,0.241242109006801,0.3502156682849752,121.2323286209656,106.62843424913311,2923.579621232329,53231.128300880235,0.0,0,113,4,0,0,0,"{""process_exit"": 64, ""process_exec"": 113}"
1776138791,normal,sw-wk2,0.13474893607561766,0.29455764109229454,100.87002900096671,100.87002900096671,961.6987232907765,3595.8865295509854,0.0,0,106,7,0,0,0,"{""process_exec"": 106, ""process_exit"": 106}"
1776138791,normal,k3s-wk1,0.3006666666666812,0.6201049146425576,672.3,358.7,30022.066666666666,5567.833333333333,0.0,0,30,3,0,26,0,"{""process_exit"": 30, ""process_exec"": 30, ""process_kprobe"": 26}"
1776138802,normal,sw-wk3,0.241242109006801,0.3502156682849752,121.2323286209656,106.62843424913311,2923.579621232329,53231.128300880235,0.0,0,72,4,0,0,0,"{""process_exec"": 72, ""process_exit"": 47}"
1776138802,normal,sw-wk2,0.13474893607561766,0.29455764109229454,100.87002900096671,100.87002900096671,961.6987232907765,3595.8865295509854,0.0,0,0,0,0,0,0,{}
1776138802,normal,k3s-wk1,0.3358888888888437,0.6217812460843268,667.8333333333334,352.7,81161.8,10248.633333333333,0.0,0,12,2,0,8,0,"{""process_exit"": 12, ""process_exec"": 12, ""process_kprobe"": 8}"
1776138811,normal,sw-wk3,0.241242109006801,0.3502156682849752,121.2323286209656,106.62843424913311,2923.579621232329,53231.128300880235,0.0,0,115,4,0,0,0,"{""process_exit"": 65, ""process_exec"": 115}"
1776138811,normal,sw-wk2,0.2016400546685455,0.2922161907310422,111.00370012333745,100.87002900096671,5602.95343178106,27902.59675322511,0.0,0,0,0,0,0,0,{}
1776138811,normal,k3s-wk1,0.3358888888888437,0.6217812460843268,667.8333333333334,352.7,81161.8,10248.633333333333,0.0,0,33,3,0,28,0,"{""process_exit"": 33, ""process_exec"": 33, ""process_kprobe"": 28}"
1776138821,normal,sw-wk3,0.19052539190528783,0.347987308383348,113.12202113122021,102.85638102856382,3392.827383928274,51559.44405559444,0.0,0,92,4,0,0,0,"{""process_exit"": 52, ""process_exec"": 92}"
1776138821,normal,sw-wk2,0.2016400546685455,0.2922161907310422,111.00370012333745,100.87002900096671,5602.95343178106,27902.59675322511,0.0,0,0,0,0,0,0,{}
1776138821,normal,k3s-wk1,0.3358888888888437,0.6217812460843268,667.8333333333334,352.7,81161.8,10248.633333333333,0.0,0,42,3,0,34,0,"{""process_exit"": 42, ""process_exec"": 42, ""process_kprobe"": 34}"
1776138831,normal,sw-wk3,0.19052539190528783,0.347987308383348,113.12202113122021,102.85638102856382,3392.827383928274,51559.44405559444,0.0,0,92,4,0,0,0,"{""process_exit"": 52, ""process_exec"": 92}"
1776138831,normal,sw-wk2,0.2016400546685455,0.2922161907310422,111.00370012333745,100.87002900096671,5602.95343178106,27902.59675322511,0.0,0,0,0,0,0,0,{}
1776138831,normal,k3s-wk1,0.30200000000004357,0.6262085672389524,667.8333333333335,352.7,55173.366666666676,2330.633333333333,0.0,0,54,3,0,48,0,"{""process_exit"": 54, ""process_exec"": 54, ""process_kprobe"": 48}"
1776138842,normal,sw-wk3,0.19052539190528783,0.347987308383348,113.12202113122021,102.85638102856382,3392.827383928274,51559.44405559444,0.0,0,93,4,0,0,0,"{""process_exit"": 69, ""process_exec"": 93}"
1776138842,normal,sw-wk2,0.12802391350240783,0.29031435962129026,100.87675434210087,100.87675434210087,626.4626462646264,3625.6959029236264,0.0,0,0,0,0,0,0,{}
1776138842,normal,k3s-wk1,0.30200000000004357,0.6262085672389524,667.8333333333334,352.7,55173.36666666667,2330.633333333333,0.0,0,15,2,0,10,0,"{""process_exit"": 15, ""process_exec"": 15, ""process_kprobe"": 10}"
1776138851,normal,sw-wk3,0.19080796968582037,0.35066484447672563,116.07827449411607,100.87675434210087,2811.714504783812,46081.80818081808,0.0,0,92,4,0,0,0,"{""process_exit"": 52, ""process_exec"": 92}"
1776138851,normal,sw-wk2,0.12802391350240805,0.29031435962129026,100.87675434210087,100.87675434210087,626.4626462646264,3625.6959029236255,0.0,0,106,7,0,0,0,"{""process_exec"": 106, ""process_exit"": 106}"
1776138851,normal,k3s-wk1,0.30200000000004357,0.6262085672389524,667.8333333333334,352.7,55173.36666666667,2330.633333333333,0.0,0,42,3,0,34,0,"{""process_exit"": 42, ""process_exec"": 42, ""process_kprobe"": 34}"
1776138861,normal,sw-wk3,0.19080796968582037,0.35066484447672563,116.07827449411607,100.87675434210087,2811.7145047838117,46081.80818081808,0.0,0,90,4,0,0,0,"{""process_exit"": 42, ""process_exec"": 90}"
1776138861,normal,sw-wk2,0.12802391350240805,0.29031435962129026,100.87675434210087,100.87675434210087,626.4626462646264,3625.6959029236255,0.0,0,0,0,0,0,0,{}
1776138861,normal,k3s-wk1,0.3321111111111046,0.6287868440153839,667.8333333333335,352.7,73983.8,9957.266666666666,0.0,0,33,3,0,28,0,"{""process_exit"": 33, ""process_exec"": 33, ""process_kprobe"": 28}"
1776138872,normal,sw-wk3,0.19080796968582037,0.35066484447672563,116.07827449411607,100.87675434210087,2811.7145047838117,46081.80818081808,0.0,0,118,4,0,0,0,"{""process_exit"": 78, ""process_exec"": 118}"
1776138872,normal,sw-wk2,0.20482570152638235,0.2871860545127872,100.84649736719324,100.84649736719324,5462.440845164301,27903.819236152773,0.0,0,0,0,0,0,0,{}
1776138872,normal,k3s-wk1,0.3321111111111046,0.6287868440153839,667.8333333333334,352.7,73983.8,9957.266666666666,0.0,0,63,3,0,54,0,"{""process_exit"": 63, ""process_exec"": 63, ""process_kprobe"": 54}"
1776138881,normal,sw-wk3,0.1940000000000307,0.3504195496769754,113.16666666666667,98.0,3597.633333333333,54665.299999999996,0.0,0,152,4,0,0,0,"{""process_exit"": 80, ""process_exec"": 152}"
1776138881,normal,sw-wk2,0.20482570152638235,0.2871860545127872,100.84649736719324,100.84649736719324,5462.440845164301,27903.819236152773,0.0,0,0,0,0,0,0,{}
1776138881,normal,k3s-wk1,0.3321111111111046,0.6287868440153839,667.8333333333334,352.7,73983.8,9957.266666666666,0.0,0,39,3,0,32,0,"{""process_exit"": 39, ""process_exec"": 39, ""process_kprobe"": 32}"
1776138891,normal,sw-wk3,0.1940000000000307,0.3504195496769754,113.16666666666667,98.0,3597.633333333333,54665.299999999996,0.0,0,124,4,0,0,0,"{""process_exec"": 124, ""process_exit"": 76}"
1776138891,normal,sw-wk2,0.20482570152638235,0.2871860545127872,100.84649736719324,100.84649736719324,5462.440845164301,27903.819236152773,0.0,0,0,0,0,0,0,{}
1776138891,normal,k3s-wk1,0.31344444444443476,0.6157949931309921,667.8333333333334,352.7,65344.0,4394.333333333333,0.0,0,33,3,0,28,0,"{""process_exit"": 33, ""process_exec"": 33, ""process_kprobe"": 28}"
1776138901,normal,sw-wk3,0.1940000000000307,0.3504195496769754,113.16666666666667,98.0,3597.633333333333,54665.299999999996,0.0,0,92,4,0,0,0,"{""process_exit"": 52, ""process_exec"": 92}"
1776138901,normal,sw-wk2,0.1415841694165525,0.29058354677166554,68.1977267424419,68.1977267424419,843.6052131595612,3599.6466784440513,0.0,0,0,0,0,0,0,{}
1776138901,normal,k3s-wk1,0.31344444444443476,0.6157949931309921,667.8333333333334,352.7,65344.0,4394.333333333333,0.0,0,57,3,0,50,0,"{""process_exit"": 57, ""process_exec"": 57, ""process_kprobe"": 50}"
1776138911,normal,sw-wk3,0.19677777777776806,0.3527848923888528,78.33333333333333,68.2,4613.866666666667,61254.433333333334,0.0,0,91,4,0,0,0,"{""process_exit"": 55, ""process_exec"": 91}"
1776138911,normal,sw-wk2,0.1415841694165525,0.29058354677166554,68.1977267424419,68.1977267424419,843.6052131595612,3599.6466784440513,0.0,0,2,2,0,0,0,"{""process_exec"": 2}"
1776138911,normal,k3s-wk1,0.31344444444443476,0.6157949931309921,667.8333333333334,352.7,65344.0,4394.333333333333,0.0,0,57,3,0,50,0,"{""process_exit"": 57, ""process_exec"": 57, ""process_kprobe"": 50}"
1776138922,normal,sw-wk3,0.19677777777776806,0.3527848923888528,78.33333333333333,68.2,4613.866666666667,61254.433333333334,0.0,0,0,0,0,0,0,{}
1776138922,normal,sw-wk2,0.1415841694165525,0.29058354677166554,68.1977267424419,68.1977267424419,843.6052131595612,3599.6466784440513,0.0,0,104,5,0,0,0,"{""process_exit"": 106, ""process_exec"": 104}"
1776138922,normal,k3s-wk1,0.32177777777776806,0.619513401056371,667.8333333333334,352.7,75465.16666666667,8341.066666666666,0.0,0,36,3,0,30,0,"{""process_exit"": 36, ""process_exec"": 36, ""process_kprobe"": 30}"
1776138931,normal,sw-wk3,0.19677777777776806,0.3527848923888528,78.33333333333333,68.2,4613.866666666667,61254.433333333334,0.0,0,1,1,0,0,0,"{""process_exit"": 5, ""process_exec"": 1}"
1776138931,normal,sw-wk2,0.22842696004889396,0.2851790970602852,111.01850308384729,100.88348058009667,7865.044174029004,28236.63943990665,0.0,0,0,0,0,0,0,{}
1776138931,normal,k3s-wk1,0.32177777777776806,0.619513401056371,667.8333333333334,352.7,75465.16666666667,8341.066666666666,0.0,0,12,2,0,8,0,"{""process_exit"": 12, ""process_exec"": 12, ""process_kprobe"": 8}"
1776138941,normal,sw-wk3,0.20444444444450105,0.34895733781872396,105.93333333333335,100.86666666666666,6696.133333333333,13468.633333333333,0.0,0,0,0,0,0,0,{}
1776138941,normal,sw-wk2,0.22842696004889396,0.2851790970602852,111.01850308384729,100.88348058009667,7865.044174029004,28236.63943990665,0.0,0,0,0,0,0,0,{}
1776138941,normal,k3s-wk1,0.32177777777776806,0.619513401056371,667.8333333333334,352.7,75465.16666666667,8341.066666666666,0.0,0,51,3,0,46,0,"{""process_exit"": 51, ""process_exec"": 51, ""process_kprobe"": 46}"
1776138951,normal,sw-wk3,0.20444444444450105,0.34895733781872396,105.93333333333334,100.86666666666666,6696.133333333333,13468.633333333333,0.0,0,0,0,0,0,0,{}
1776138951,normal,sw-wk2,0.22842696004889396,0.2851790970602852,111.01850308384729,100.88348058009667,7865.044174029004,28236.63943990665,0.0,0,0,0,0,0,0,{}
1776138951,normal,k3s-wk1,0.30111111111117583,0.6153479714131869,667.8333333333334,352.70000000000005,10017.533333333333,9612.066666666666,0.0,0,33,3,0,28,0,"{""process_exit"": 33, ""process_exec"": 33, ""process_kprobe"": 28}"
1776138961,normal,sw-wk3,0.20444444444450105,0.34895733781872396,105.93333333333334,100.86666666666666,6696.133333333333,13468.633333333333,0.0,0,1,1,0,0,0,"{""process_exit"": 3, ""process_exec"": 1}"
1776138961,normal,sw-wk2,0.14083161099633223,0.2881274131274131,103.0735382358824,98.00653376891793,542.602840189346,3544.3362890859394,0.0,0,0,0,0,0,0,{}
1776138961,normal,k3s-wk1,0.30111111111117583,0.6153479714131869,667.8333333333334,352.7,10017.533333333333,9612.066666666666,0.0,0,36,3,0,30,0,"{""process_exit"": 36, ""process_exec"": 36, ""process_kprobe"": 30}"
1776138971,normal,sw-wk3,0.16077777777775026,0.3462686519617213,116.06666666666666,100.86666666666666,2297.2666666666664,5653.9,0.0,0,0,0,0,0,0,{}
1776138971,normal,sw-wk2,0.14083161099633223,0.2881274131274131,103.0735382358824,98.00653376891793,542.602840189346,3544.3362890859394,0.0,0,106,7,0,0,0,"{""process_exec"": 106, ""process_exit"": 106}"
1776138971,normal,k3s-wk1,0.30111111111117583,0.6153479714131869,667.8333333333334,352.7,10017.533333333333,9612.066666666666,0.0,0,54,3,0,48,0,"{""process_exit"": 54, ""process_exec"": 54, ""process_kprobe"": 48}"
1776138981,normal,sw-wk3,0.16077777777775026,0.3462686519617213,116.06666666666666,100.86666666666666,2297.2666666666664,5653.9,0.0,0,0,0,0,0,0,{}
1776138981,normal,sw-wk2,0.14083161099633223,0.2881274131274131,103.0735382358824,98.00653376891793,542.602840189346,3544.3362890859394,0.0,0,0,0,0,0,0,{}
1776138981,normal,k3s-wk1,0.30711111111106415,0.6215611217535895,667.8333333333335,352.7,33607.666666666664,9493.8,0.0,0,39,3,0,32,0,"{""process_exit"": 40, ""process_exec"": 39, ""process_kprobe"": 32}"
1776138992,normal,sw-wk3,0.16077777777775026,0.3462686519617213,116.06666666666666,100.86666666666666,2297.2666666666664,5653.9,0.0,0,0,0,0,0,0,{}
1776138992,normal,sw-wk2,0.19327600382192056,0.29039081514329035,100.85994267048864,100.85994267048864,5560.662622491834,27949.40337310846,0.0,0,0,0,0,0,0,{}
1776138992,normal,k3s-wk1,0.30711111111106426,0.6215611217535895,667.8333333333334,352.7,33607.666666666664,9493.8,0.0,0,12,2,0,8,0,"{""process_exit"": 12, ""process_exec"": 12, ""process_kprobe"": 8}"
1776139001,normal,sw-wk3,0.19122222222221252,0.34862125208659867,112.53333333333333,104.0,2951.133333333334,7042.333333333333,0.0,0,1,1,0,0,0,"{""process_exit"": 13, ""process_exec"": 1}"
1776139001,normal,sw-wk2,0.19327600382192056,0.29039081514329035,100.85994267048864,100.85994267048864,5560.662622491834,27949.40337310846,0.0,0,0,0,0,0,0,{}
1776139001,normal,k3s-wk1,0.30711111111106426,0.6215611217535895,667.8333333333334,352.7,33607.666666666664,9493.8,0.0,0,39,3,0,32,0,"{""process_exit"": 39, ""process_exec"": 39, ""process_kprobe"": 32}"
1776139011,normal,sw-wk3,0.19122222222221252,0.34862125208659867,112.53333333333333,104.0,2951.133333333333,7042.333333333333,0.0,0,1,1,0,0,0,"{""process_exec"": 1}"
1776139011,normal,sw-wk2,0.19327600382192056,0.29039081514329035,100.85994267048864,100.85994267048864,5560.662622491834,27949.40337310846,0.0,0,0,0,0,0,0,{}
1776139011,normal,k3s-wk1,0.30344444444445895,0.6168854552001833,667.8333333333335,352.7,11058.333333333334,5111.5,0.0,0,57,3,0,50,0,"{""process_exit"": 57, ""process_exec"": 57, ""process_kprobe"": 50}"
1776139022,normal,sw-wk3,0.19122222222221252,0.34862125208659867,112.53333333333333,104.0,2951.133333333333,7042.333333333333,0.0,0,0,0,0,0,0,{}
1776139022,normal,sw-wk2,0.17036098796712773,0.29175586477566673,108.12972900903304,97.99673344221858,1089.3303556548112,3707.843071897603,0.0,0,0,0,0,0,0,{}
1776139022,normal,k3s-wk1,0.30344444444445895,0.6168854552001833,667.8333333333334,352.7,11058.333333333334,5111.5,0.0,0,9,2,0,6,0,"{""process_exit"": 9, ""process_exec"": 9, ""process_kprobe"": 6}"
1776139031,normal,sw-wk3,0.37911111111114026,0.35184353377422684,718.4333333333333,394.43333333333334,5366.633333333333,5828.333333333333,0.0,0,0,0,0,0,0,{}
1776139031,normal,sw-wk2,0.17036098796712773,0.29175586477566673,108.12972900903301,97.99673344221858,1089.3303556548112,3707.843071897603,0.0,0,106,7,0,0,0,"{""process_exec"": 106, ""process_exit"": 106}"
1776139031,normal,k3s-wk1,0.30344444444445895,0.6168854552001833,667.8333333333334,352.7,11058.333333333334,5111.5,0.0,0,78,3,0,70,0,"{""process_exit"": 78, ""process_exec"": 78, ""process_kprobe"": 70}"
1776139041,normal,sw-wk3,0.37911111111114026,0.35184353377422684,718.4333333333333,394.43333333333334,5366.633333333333,5828.333333333333,0.0,0,1,1,0,0,0,"{""process_exit"": 3, ""process_exec"": 1}"
1776139041,normal,sw-wk2,0.17036098796712773,0.29175586477566673,108.12972900903301,97.99673344221858,1089.3303556548112,3707.843071897603,0.0,0,0,0,0,0,0,{}
1776139041,normal,k3s-wk1,0.309333333333335,0.6174205266502835,667.8333333333334,352.7,33720.23333333333,11403.533333333333,0.0,0,33,3,0,28,0,"{""process_exit"": 33, ""process_exec"": 33, ""process_kprobe"": 28}"
1776139051,normal,sw-wk3,0.37911111111114026,0.35184353377422684,718.4333333333333,394.43333333333334,5366.633333333333,5828.333333333333,0.0,0,0,0,0,0,0,{}
1776139051,normal,sw-wk2,0.2014757031258213,0.29657893395517154,72.67393406007267,74.2074207420742,5678.767876787679,27825.515884921824,0.0,0,0,0,0,0,0,{}
1776139051,normal,k3s-wk1,0.309333333333335,0.6174205266502835,667.8333333333334,352.7,33720.23333333333,11403.533333333333,0.0,0,12,2,0,8,0,"{""process_exit"": 12, ""process_exec"": 12, ""process_kprobe"": 8}"
1776139061,normal,sw-wk3,0.3884444444444348,0.35160301744460165,84.33333333333333,74.80000000000001,4292.633333333333,6227.233333333334,0.0,0,0,0,0,0,0,{}
1776139061,normal,sw-wk2,0.2014757031258213,0.29657893395517154,72.67393406007267,74.2074207420742,5678.767876787679,27825.515884921824,0.0,0,0,0,0,0,0,{}
1776139061,normal,k3s-wk1,0.309333333333335,0.6174205266502835,667.8333333333334,352.7,33720.23333333333,11403.533333333333,0.0,0,12,2,0,8,0,"{""process_exit"": 12, ""process_exec"": 12, ""process_kprobe"": 8}"
1776139071,normal,sw-wk3,0.3884444444444348,0.35160301744460165,84.33333333333333,74.8,4292.633333333333,6227.233333333334,0.0,0,0,0,0,0,0,{}
1776139071,normal,sw-wk2,0.2014757031258213,0.29657893395517154,72.67393406007267,74.2074207420742,5678.767876787679,27825.515884921824,0.0,0,0,0,0,0,0,{}
1776139071,normal,k3s-wk1,0.2836033153345382,0.6242782461847938,667.7888140790614,352.6764882341177,9554.929671355243,1797.4135057662822,0.0,0,39,3,0,32,0,"{""process_exit"": 39, ""process_exec"": 39, ""process_kprobe"": 32}"
1776139082,normal,sw-wk3,0.3884444444444348,0.35160301744460165,84.33333333333333,74.8,4292.633333333333,6227.233333333334,0.0,0,1,1,0,0,0,"{""process_exit"": 5, ""process_exec"": 1}"
1776139082,normal,sw-wk2,0.11786599117868413,0.2933327599169183,108.12252108122522,97.99020097990199,586.274705862747,3588.241175882412,0.0,0,0,0,0,0,0,{}
1776139082,normal,k3s-wk1,0.2836033153345382,0.6242782461847938,667.7888140790614,352.6764882341177,9554.929671355243,1797.4135057662822,0.0,0,33,3,0,28,0,"{""process_exit"": 33, ""process_exec"": 33, ""process_kprobe"": 28}"
1776139091,normal,sw-wk3,0.3983333333333171,0.3505358257833505,108.13333333333335,98.0,2231.4,6181.9,0.0,0,0,0,0,0,0,{}
1776139091,normal,sw-wk2,0.11786599117868413,0.2933327599169183,108.12252108122522,97.99020097990201,586.274705862747,3588.241175882412,0.0,0,106,7,0,0,0,"{""process_exec"": 106, ""process_exit"": 106}"
1776139091,normal,k3s-wk1,0.2836033153345382,0.6242782461847938,667.7888140790614,352.6764882341177,9554.929671355243,1797.4135057662822,0.0,0,15,2,0,10,0,"{""process_exit"": 15, ""process_exec"": 15, ""process_kprobe"": 10}"
1776139102,normal,sw-wk3,0.3983333333333171,0.3505358257833505,108.13333333333333,98.0,2231.4,6181.9,0.0,0,0,0,0,0,0,{}
1776139102,normal,sw-wk2,0.11786599117868413,0.2933327599169183,108.12252108122522,97.99020097990201,586.274705862747,3588.241175882412,0.0,0,0,0,0,0,0,{}
1776139102,normal,k3s-wk1,0.30728715247683003,0.6210757193832455,667.8778585239016,352.72351490099345,34069.404626975134,9183.412227481833,0.0,0,15,2,0,10,0,"{""process_exit"": 15, ""process_exec"": 15, ""process_kprobe"": 10}"
1776139112,normal,sw-wk3,0.3983333333333171,0.3505358257833505,108.13333333333333,98.0,2231.4,6181.9,0.0,0,0,0,0,0,0,{}
1776139112,normal,sw-wk2,0.19511111111112567,0.29073486499229073,116.06666666666666,100.86666666666669,5262.433333333333,27846.566666666666,0.0,0,0,0,0,0,0,{}
1776139112,normal,k3s-wk1,0.30728715247683003,0.6210757193832455,667.8778585239016,352.72351490099345,34069.404626975134,9183.412227481833,0.0,0,12,2,0,8,0,"{""process_exit"": 12, ""process_exec"": 12, ""process_kprobe"": 8}"
1776139121,normal,sw-wk3,0.38444444444442827,0.3550817436956051,105.93333333333335,100.86666666666666,2955.866666666667,6239.166666666668,0.0,0,1,1,0,0,0,"{""process_exit"": 5, ""process_exec"": 1}"
1776139121,normal,sw-wk2,0.19511111111112567,0.29073486499229073,116.06666666666666,100.86666666666666,5262.433333333333,27846.566666666666,0.0,0,0,0,0,0,0,{}
1776139121,normal,k3s-wk1,0.30728715247683003,0.6210757193832455,667.8778585239016,352.72351490099345,34069.404626975134,9183.412227481833,0.0,0,78,3,0,70,0,"{""process_exit"": 78, ""process_exec"": 78, ""process_kprobe"": 70}"
1776139132,normal,sw-wk3,0.38444444444442827,0.3550817436956051,105.93333333333334,100.86666666666666,2955.866666666667,6239.166666666667,0.0,0,0,0,0,0,0,{}
1776139132,normal,sw-wk2,0.19511111111112567,0.29073486499229073,116.06666666666666,100.86666666666666,5262.433333333333,27846.566666666666,0.0,0,0,0,0,0,0,{}
1776139132,normal,k3s-wk1,0.2815555555555572,0.624143913900908,672.3,358.7,9731.233333333334,1756.6,0.0,0,12,2,0,8,0,"{""process_exit"": 12, ""process_exec"": 12, ""process_kprobe"": 8}"
1776139142,normal,sw-wk3,0.38444444444442827,0.3550817436956051,105.93333333333334,100.86666666666666,2955.866666666667,6239.166666666667,0.0,0,0,0,0,0,0,"{""process_exit"": 2}"
1776139142,normal,sw-wk2,0.12555555555554754,0.2874536488397874,121.2,105.86666666666669,635.2,3624.7999999999997,0.0,0,0,0,0,0,0,{}
1776139142,normal,k3s-wk1,0.2815555555555572,0.624143913900908,672.3,358.7,9731.233333333334,1756.6,0.0,0,33,3,0,28,0,"{""process_exit"": 33, ""process_exec"": 33, ""process_kprobe"": 28}"
1776139152,normal,sw-wk3,0.4207777777777665,0.34500235737859497,116.13333333333333,105.86666666666666,6506.1,5986.733333333334,0.0,0,0,0,0,0,0,{}
1776139152,normal,sw-wk2,0.12555555555554754,0.2874536488397874,121.2,105.86666666666666,635.2,3624.7999999999997,0.0,0,2,2,0,0,0,"{""process_exec"": 2}"
1776139152,normal,k3s-wk1,0.2815555555555572,0.624143913900908,672.3,358.7,9731.233333333334,1756.6,0.0,0,36,3,0,30,0,"{""process_exit"": 36, ""process_exec"": 36, ""process_kprobe"": 30}"
1776139162,normal,sw-wk3,0.4207777777777665,0.34500235737859497,116.13333333333333,105.86666666666666,6506.1,5986.733333333334,0.0,0,1,1,0,0,0,"{""process_exit"": 3, ""process_exec"": 1}"
1776139162,normal,sw-wk2,0.12555555555554754,0.2874536488397874,121.2,105.86666666666666,635.2,3624.7999999999997,0.0,0,104,5,0,0,0,"{""process_exit"": 106, ""process_exec"": 104}"
1776139162,normal,k3s-wk1,0.32688888888886936,0.6300951727298691,667.8333333333334,352.70000000000005,10666.966666666667,9646.366666666667,0.0,0,33,3,0,28,0,"{""process_exit"": 33, ""process_exec"": 33, ""process_kprobe"": 28}"
1776139172,normal,sw-wk3,0.4207777777777665,0.34500235737859497,116.13333333333333,105.86666666666666,6506.1,5986.733333333334,0.0,0,0,0,0,0,0,{}
1776139172,normal,sw-wk2,0.20907909209076503,0.28640397823566144,113.18868113188681,97.99020097990201,6086.258040862581,28044.928840449284,0.0,0,0,0,0,0,0,{}
1776139172,normal,k3s-wk1,0.32688888888886947,0.6300951727298691,667.8333333333334,352.7,10666.966666666667,9646.366666666667,0.0,0,39,3,0,32,0,"{""process_exit"": 39, ""process_exec"": 39, ""process_kprobe"": 32}"
1776139182,normal,sw-wk3,0.1511111111111353,0.34383800349146887,75.46666666666667,65.33333333333333,3010.866666666667,5700.833333333333,0.0,0,0,0,0,0,0,{}
1776139182,normal,sw-wk2,0.20907909209076503,0.28640397823566144,113.18868113188681,97.99020097990201,6086.258040862581,28044.92884044929,0.0,0,0,0,0,0,0,{}
1776139182,normal,k3s-wk1,0.32688888888886947,0.6300951727298691,667.8333333333334,352.7,10666.966666666667,9646.366666666667,0.0,0,39,3,0,32,0,"{""process_exit"": 39, ""process_exec"": 39, ""process_kprobe"": 32}"
1776139192,normal,sw-wk3,0.1511111111111353,0.34383800349146887,75.46666666666667,65.33333333333333,3010.866666666667,5700.833333333333,0.0,0,1,1,0,0,0,"{""process_exit"": 3, ""process_exec"": 1}"
1776139192,normal,sw-wk2,0.20907909209076503,0.28640397823566144,113.18868113188681,97.99020097990201,6086.258040862581,28044.92884044929,0.0,0,0,0,0,0,0,{}
1776139192,normal,k3s-wk1,0.2941111111111241,0.6317094178219431,667.8333333333334,352.7,33085.6,6618.066666666667,0.0,0,39,3,0,32,0,"{""process_exit"": 39, ""process_exec"": 39, ""process_kprobe"": 32}"
1776139202,normal,sw-wk3,0.1511111111111353,0.34383800349146887,75.46666666666667,65.33333333333333,3010.866666666667,5700.833333333333,0.0,0,0,0,0,0,0,{}
1776139202,normal,sw-wk2,0.13638283212203017,0.28328682289078333,116.08988464359538,100.88684403547376,582.7832233113289,3585.417083416683,0.0,0,0,0,0,0,0,{}
1776139202,normal,k3s-wk1,0.2941111111111241,0.6317094178219431,667.8333333333334,352.7,33085.6,6618.066666666667,0.0,0,21,2,0,14,0,"{""process_exit"": 21, ""process_exec"": 21, ""process_kprobe"": 14}"
1776139212,normal,sw-wk3,0.17333333333331724,0.34579239777259574,111.0,100.86666666666666,2151.0333333333333,5576.433333333333,0.0,0,0,0,0,0,0,{}
1776139212,normal,sw-wk2,0.13638283212203017,0.28328682289078333,116.08988464359538,100.88684403547376,582.7832233113289,3585.417083416683,0.0,0,106,7,0,0,0,"{""process_exec"": 106, ""process_exit"": 106}"
1776139212,normal,k3s-wk1,0.2941111111111241,0.6317094178219431,667.8333333333334,352.7,33085.6,6618.066666666667,0.0,0,30,3,0,26,0,"{""process_exit"": 30, ""process_exec"": 30, ""process_kprobe"": 26}"
1776139222,normal,sw-wk3,0.17333333333331724,0.34579239777259574,111.0,100.86666666666666,2151.0333333333333,5576.433333333333,0.0,0,0,0,0,0,0,{}
1776139222,normal,sw-wk2,0.13638283212203017,0.28328682289078333,116.08988464359538,100.88684403547376,582.7832233113289,3585.417083416683,0.0,0,0,0,0,0,0,{}
1776139222,normal,k3s-wk1,0.29855555555558466,0.6277516952395574,862.3666666666667,445.1333333333333,32981.76666666666,9198.966666666667,0.0,0,36,3,0,30,0,"{""process_exit"": 36, ""process_exec"": 36, ""process_kprobe"": 30}"
1776139232,normal,sw-wk3,0.17333333333331724,0.34579239777259574,111.0,100.86666666666666,2151.0333333333333,5576.433333333333,0.0,0,1,1,0,0,0,"{""process_exit"": 19, ""process_exec"": 1}"
1776139232,normal,sw-wk2,0.20366173399097975,0.28745842730991245,113.18490867884283,97.98693507532329,5612.684975336622,27846.72043727503,0.0,0,0,0,0,0,0,{}
1776139232,normal,k3s-wk1,0.29855555555558466,0.6277516952395574,862.3666666666667,445.1333333333333,32981.76666666666,9198.966666666667,0.0,0,33,3,0,28,0,"{""process_exit"": 33, ""process_exec"": 33, ""process_kprobe"": 28}"
1776139242,normal,sw-wk3,0.15544444444446226,0.34366120009684364,110.96666666666667,100.86666666666666,4160.8,7867.233333333334,0.0,0,0,0,0,0,0,{}
1776139242,normal,sw-wk2,0.20366173399097975,0.28745842730991245,113.18490867884283,97.98693507532329,5612.684975336622,27846.72043727503,0.0,0,0,0,0,0,0,{}
1776139242,normal,k3s-wk1,0.29855555555558466,0.6277516952395574,862.3666666666667,445.1333333333333,32981.76666666666,9198.966666666667,0.0,0,57,3,0,50,0,"{""process_exit"": 57, ""process_exec"": 57, ""process_kprobe"": 50}"
1776139252,normal,sw-wk3,0.15544444444446226,0.34366120009684364,110.96666666666667,100.86666666666666,4160.8,7867.233333333334,0.0,0,0,0,0,0,0,{}
1776139252,normal,sw-wk2,0.20366173399097975,0.28745842730991245,113.18490867884283,97.98693507532329,5612.684975336622,27846.72043727503,0.0,0,0,0,0,0,0,{}
1776139252,normal,k3s-wk1,0.28877777777771474,0.620241504611887,669.8333333333334,354.7,11608.933333333336,4673.566666666667,0.0,0,39,3,0,32,0,"{""process_exit"": 39, ""process_exec"": 39, ""process_kprobe"": 32}"
