timestamp,label,node,avg_cpu,avg_mem,net_bytes_in,net_bytes_out,net_internal_bytes_in,net_internal_bytes_out,last_successful_scrape_age_sec,exec_count,unique_process_count,tmp_exec_count,outbound_connect_count,mining_port_count,syscall_feature_vector
1774316187,normal,k3s-wk1,0.30604171528259094,0.7013277888170968,0.0,0.0,9394.339433943396,9669.23359002567,0,0,0,0,0,0,{}
1774316187,normal,sw-wk3,0.09766666666659551,0.43040520779657443,0.0,0.0,2009.1666666666667,5005.633333333333,0,0,0,0,0,0,{}
1774316187,normal,sw-wk2,0.22147770332599492,0.4212167152111286,0.0,0.0,4674.967496749675,4234.523452345235,0,0,0,0,0,0,{}
1774316197,normal,sw-wk2,0.22147770332599492,0.4212167152111286,0.0,0.0,4674.967496749676,4234.523452345235,0,0,0,0,0,0,{}
1774316197,normal,sw-wk3,0.08766666666666001,0.4305484540348685,0.0,0.0,3995.366666666667,5204.3,0,0,0,0,0,0,{}
1774316197,normal,k3s-wk1,0.30604171528259094,0.7013277888170968,0.0,0.0,9394.339433943394,9669.23359002567,0,36,3,0,32,0,"{""process_exit"": 36, ""process_exec"": 36, ""process_kprobe"": 32}"
1774316207,normal,sw-wk2,0.22147770332599492,0.4212167152111286,0.0,0.0,4674.967496749675,4234.523452345235,0,0,0,0,0,0,{}
1774316207,normal,sw-wk3,0.08766666666666023,0.4305484540348685,0.0,0.0,3995.366666666667,5204.3,0,0,0,0,0,0,{}
1774316207,normal,k3s-wk1,0.2942587717837504,0.7254832809148452,130.55213088534205,120.42251174569326,9079.904035187099,1688.7474592649364,0,33,3,0,34,0,"{""process_kprobe"": 34, ""process_exit"": 33, ""process_exec"": 33}"
1774316217,normal,sw-wk3,0.08766666666666023,0.4305484540348685,0.0,0.0,3995.366666666667,5204.3,0,1,1,0,0,0,"{""process_exit"": 1, ""process_exec"": 1}"
1774316217,normal,sw-wk2,0.07199999999995477,0.421334097311751,0.0,0.0,755.3666666666668,4051.4,0,0,0,0,0,0,{}
1774316217,normal,k3s-wk1,0.2942587717837504,0.7254832809148452,130.55213088534202,120.42251174569326,9079.904035187099,1688.7474592649364,0,34,3,0,29,0,"{""process_exit"": 34, ""process_exec"": 34, ""process_kprobe"": 29}"
1774316227,normal,sw-wk3,0.08933333333334281,0.4294283480326522,0.0,0.0,1673.2666666666669,5230.766666666666,0,0,0,0,0,0,{}
1774316227,normal,sw-wk2,0.07199999999995477,0.421334097311751,0.0,0.0,755.3666666666667,4051.4,0,0,0,0,0,0,{}
1774316227,normal,k3s-wk1,0.2942587717837504,0.7254832809148452,130.55213088534205,120.42251174569326,9079.904035187099,1688.7474592649364,0,33,3,0,31,0,"{""process_exit"": 33, ""process_exec"": 33, ""process_kprobe"": 31}"
1774316237,normal,sw-wk3,0.08933333333334303,0.4294283480326522,0.0,0.0,1673.2666666666667,5230.766666666666,0,1,1,0,0,0,"{""process_exit"": 1, ""process_exec"": 1}"
1774316237,normal,sw-wk2,0.07199999999995477,0.421334097311751,0.0,0.0,755.3666666666667,4051.4,0,2,2,0,0,0,"{""process_exec"": 2}"
1774316237,normal,k3s-wk1,0.2778259227162634,0.7309457698938032,191.58722751816546,176.38824078394774,9903.873075128324,4335.777614825678,0,60,3,0,54,0,"{""process_exit"": 60, ""process_exec"": 60, ""process_kprobe"": 54}"
1774316247,normal,sw-wk3,0.08933333333334303,0.4294283480326522,0.0,0.0,1673.2666666666667,5230.766666666666,0,0,0,0,0,0,{}
1774316247,normal,sw-wk2,0.27583527583529854,0.42229503891515063,0.0,0.0,2340.892440892441,4485.714285714285,0,74,3,0,0,0,"{""process_exit"": 75, ""process_exec"": 74}"
1774316247,normal,k3s-wk1,0.2778259227162634,0.7309457698938032,191.58722751816546,176.38824078394774,9903.873075128324,4335.777614825678,0,33,3,0,30,0,"{""process_kprobe"": 30, ""process_exit"": 33, ""process_exec"": 33}"
1774316257,normal,sw-wk3,0.09255555555557504,0.42951190833832376,0.0,0.0,3774.1,5363.333333333333,0,0,0,0,0,0,{}
1774316257,normal,sw-wk2,0.27583527583529854,0.42229503891515063,0.0,0.0,2340.892440892441,4485.714285714285,0,30,3,0,0,0,"{""process_exec"": 30, ""process_exit"": 31}"
1774316257,normal,k3s-wk1,0.2778259227162634,0.7309457698938032,191.58722751816546,176.38824078394774,9903.873075128324,4335.777614825678,0,30,3,0,31,0,"{""process_kprobe"": 31, ""process_exit"": 30, ""process_exec"": 30}"
1774316267,normal,sw-wk3,0.09255555555557504,0.42951190833832376,0.0,0.0,3774.1,5363.333333333333,0,0,0,0,0,0,{}
1774316267,normal,sw-wk2,0.27583527583529854,0.42229503891515063,0.0,0.0,2340.892440892441,4485.714285714285,0,0,0,0,0,0,{}
1774316267,normal,k3s-wk1,0.31956069261761655,0.7342251056046111,193.76909791417563,178.62362162880297,31960.87418626278,6417.397369469908,0,33,3,0,33,0,"{""process_kprobe"": 33, ""process_exit"": 34, ""process_exec"": 33}"
1774316277,normal,sw-wk3,0.09255555555557504,0.42951190833832376,0.0,0.0,3774.1,5363.333333333333,0,1,1,0,0,0,"{""process_exit"": 1, ""process_exec"": 1}"
1774316277,normal,sw-wk2,0.1644978311644686,0.4206357732894046,5.138471805138472,5.005005005005006,2866.8668668668674,26860.72739406073,0,0,0,0,0,0,{}
1774316277,normal,k3s-wk1,0.31956069261761655,0.7342251056046111,193.76909791417563,178.62362162880297,31960.874186262787,6417.397369469908,0,31,3,0,27,0,"{""process_exit"": 31, ""process_exec"": 31, ""process_kprobe"": 27}"
1774316287,normal,sw-wk3,0.09703938232510023,0.4286464623152969,0.0,0.0,2092.8845192467916,5280.153307782037,0,0,0,0,0,0,{}
1774316287,normal,sw-wk2,0.1644978311644687,0.4206357732894046,5.138471805138472,5.005005005005006,2866.8668668668665,26860.72739406073,0,2,2,0,0,0,"{""process_exec"": 2}"
1774316287,normal,k3s-wk1,0.31956069261761655,0.7342251056046111,193.76909791417563,178.62362162880297,31960.874186262787,6417.397369469908,0,60,3,0,54,0,"{""process_exit"": 60, ""process_exec"": 60, ""process_kprobe"": 54}"
1774316297,normal,sw-wk3,0.09703938232510012,0.4286464623152969,0.0,0.0,2092.884519246792,5280.153307782037,0,0,0,0,0,0,{}
1774316297,normal,sw-wk2,0.1644978311644686,0.4206357732894046,5.138471805138472,5.005005005005006,2866.8668668668674,26860.72739406073,0,104,5,0,0,0,"{""process_exit"": 106, ""process_exec"": 104}"
1774316297,normal,k3s-wk1,0.28768254180752884,0.7376544590806806,195.22072358512665,179.99263696910876,9755.078817898859,4316.04136684628,0,36,3,0,32,0,"{""process_exit"": 36, ""process_exec"": 36, ""process_kprobe"": 32}"
1774316307,normal,sw-wk3,0.09703938232510012,0.4286464623152969,0.0,0.0,2092.884519246792,5280.153307782037,0,0,0,0,0,0,{}
1774316307,normal,sw-wk2,0.1580000000000128,0.42296749908481757,0.0,0.0,5038.233333333334,27420.433333333334,0,0,0,0,0,0,{}
1774316307,normal,k3s-wk1,0.28768254180752884,0.7376544590806806,195.22072358512665,179.99263696910873,9755.078817898859,4316.04136684628,0,57,3,0,51,0,"{""process_exit"": 57, ""process_exec"": 57, ""process_kprobe"": 51}"
1774316317,normal,sw-wk3,0.08751458576428772,0.4288692897970877,0.0,0.0,2855.975995999333,5367.227871311886,0,1,1,0,0,0,"{""process_exit"": 1, ""process_exec"": 1}"
1774316317,normal,sw-wk2,0.15800000000001302,0.42296749908481757,0.0,0.0,5038.233333333334,27420.433333333334,0,0,0,0,0,0,{}
1774316317,normal,k3s-wk1,0.28768254180752884,0.7376544590806806,195.22072358512665,179.99263696910873,9755.078817898859,4316.04136684628,0,42,3,0,37,0,"{""process_exit"": 42, ""process_exec"": 42, ""process_kprobe"": 37}"
1774316327,normal,sw-wk3,0.0875145857642875,0.4288692897970877,0.0,0.0,2855.975995999333,5367.227871311885,0,0,0,0,0,0,{}
1774316327,normal,sw-wk2,0.15800000000001302,0.42296749908481757,0.0,0.0,5038.233333333334,27420.433333333334,0,0,0,0,0,0,{}
1774316327,normal,k3s-wk1,0.29655555555558144,0.7402218683791502,191.60000000000005,176.4,32063.366666666665,6030.433333333333,0,39,3,0,38,0,"{""process_kprobe"": 38, ""process_exit"": 39, ""process_exec"": 39}"
1774316337,normal,sw-wk3,0.08751458576428772,0.4288692897970877,0.0,0.0,2855.975995999333,5367.227871311885,0,0,0,0,0,0,{}
1774316337,normal,sw-wk2,0.1314444444444639,0.4256513711820974,0.0,0.0,393.2,3737.9,0,0,0,0,0,0,{}
1774316337,normal,k3s-wk1,0.29655555555558144,0.7402218683791502,191.6,176.4,32063.366666666665,6030.433333333333,0,13,2,0,10,0,"{""process_kprobe"": 10, ""process_exit"": 13, ""process_exec"": 13}"
1774316347,normal,sw-wk3,0.09155555555561379,0.4288613316727381,4.466666666666668,6.0,2524.5666666666666,5019.166666666667,0,1,1,0,0,0,"{""process_exit"": 1, ""process_exec"": 1}"
1774316347,normal,sw-wk2,0.1314444444444639,0.4256513711820974,0.0,0.0,393.2,3737.9,0,2,2,0,0,0,"{""process_exec"": 2}"
1774316347,normal,k3s-wk1,0.29655555555558144,0.7402218683791502,191.6,176.4,32063.366666666665,6030.433333333333,0,15,2,0,14,0,"{""process_exit"": 15, ""process_exec"": 15, ""process_kprobe"": 14}"
1774316357,normal,sw-wk3,0.09155555555561379,0.4288613316727381,4.466666666666668,6.0,2524.5666666666666,5019.166666666667,0,0,0,0,0,0,{}
1774316357,normal,sw-wk2,0.1314444444444639,0.4256513711820974,0.0,0.0,393.2,3737.9,0,104,5,0,0,0,"{""process_exit"": 106, ""process_exec"": 104}"
1774316357,normal,k3s-wk1,0.284000000000055,0.7411088155176271,194.46666666666667,179.26666666666665,32898.366666666676,10691.066666666666,0,18,2,0,13,0,"{""process_exit"": 18, ""process_exec"": 18, ""process_kprobe"": 13}"
1774316367,normal,sw-wk3,0.09155555555561379,0.4288613316727381,4.466666666666667,6.0,2524.5666666666666,5019.166666666667,0,0,0,0,0,0,{}
1774316367,normal,sw-wk2,0.2056666666666085,0.4207113753203139,0.0,0.0,6467.866666666667,27659.399999999998,0,0,0,0,0,0,{}
1774316367,normal,k3s-wk1,0.284000000000055,0.7411088155176271,194.4666666666667,179.26666666666665,32898.36666666667,10691.066666666666,0,60,3,0,53,0,"{""process_exit"": 60, ""process_exec"": 60, ""process_kprobe"": 53}"
1774316377,normal,sw-wk3,0.12411111111109163,0.4300112806412657,603.9666666666668,292.46666666666664,5817.233333333334,6074.866666666667,0,3,3,0,0,0,"{""process_exit"": 1, ""process_exec"": 3}"
1774316377,normal,sw-wk2,0.2056666666666085,0.4207113753203139,0.0,0.0,6467.866666666667,27659.399999999998,0,0,0,0,0,0,{}
1774316377,normal,k3s-wk1,0.284000000000055,0.7411088155176271,194.46666666666667,179.26666666666665,32898.36666666667,10691.066666666666,0,54,3,0,50,0,"{""process_exit"": 54, ""process_exec"": 54, ""process_kprobe"": 50}"
1774316387,normal,sw-wk3,0.12411111111109163,0.4300112806412657,603.9666666666667,292.46666666666664,5817.233333333334,6074.866666666667,0,5,4,0,0,0,"{""process_exit"": 6, ""process_exec"": 5}"
1774316387,normal,sw-wk2,0.2056666666666085,0.4207113753203139,0.0,0.0,6467.866666666667,27659.399999999998,0,0,0,0,0,0,{}
1774316387,normal,k3s-wk1,0.29933333333319756,0.7331512942322117,194.46666666666667,179.26666666666665,10754.366666666667,5032.6,0,55,3,0,54,0,"{""process_kprobe"": 54, ""process_exit"": 55, ""process_exec"": 55}"
1774316397,normal,sw-wk3,0.12411111111109163,0.4300112806412657,603.9666666666667,292.46666666666664,5817.233333333334,6074.866666666667,0,4,2,0,0,0,"{""process_exit"": 4, ""process_exec"": 4}"
1774316397,normal,sw-wk2,0.08666666666669898,0.42363200114596766,0.0,0.0,856.1666666666669,3820.0,0,0,0,0,0,0,{}
1774316397,normal,k3s-wk1,0.29933333333319756,0.7331512942322117,194.46666666666667,179.26666666666665,10754.366666666667,5032.6,0,36,3,0,31,0,"{""process_exit"": 36, ""process_exec"": 36, ""process_kprobe"": 31}"
1774316407,normal,sw-wk3,0.09722222222222221,0.4305484540348685,76.73333333333333,77.2,3582.6666666666665,8124.2333333333345,0,3,2,0,0,0,"{""process_exit"": 3, ""process_exec"": 3}"
1774316407,normal,sw-wk2,0.08666666666669898,0.42363200114596766,0.0,0.0,856.1666666666666,3820.0,0,2,2,0,0,0,"{""process_exec"": 2}"
1774316407,normal,k3s-wk1,0.29933333333319756,0.7331512942322117,194.46666666666667,179.26666666666665,10754.366666666667,5032.6,0,36,3,0,33,0,"{""process_exit"": 36, ""process_exec"": 36, ""process_kprobe"": 33}"
1774316418,normal,sw-wk3,0.09722222222222221,0.4305484540348685,76.73333333333333,77.2,3582.6666666666665,8124.233333333334,0,4,2,0,0,0,"{""process_exit"": 4, ""process_exec"": 4}"
1774316418,normal,sw-wk2,0.08666666666669898,0.42363200114596766,0.0,0.0,856.1666666666666,3820.0,0,104,5,0,0,0,"{""process_exit"": 106, ""process_exec"": 104}"
1774316418,normal,k3s-wk1,0.27566666666672157,0.7276493268939743,198.9,185.26666666666665,35215.1,7214.566666666667,0,37,3,0,32,0,"{""process_exit"": 37, ""process_exec"": 37, ""process_kprobe"": 32}"
1774316427,normal,sw-wk3,0.09722222222222221,0.4305484540348685,76.73333333333333,77.2,3582.6666666666665,8124.233333333334,0,3,2,0,0,0,"{""process_exit"": 3, ""process_exec"": 3}"
1774316427,normal,sw-wk2,0.20022222222218666,0.4217817409158191,0.0,0.0,5399.0,27511.399999999998,0,0,0,0,0,0,{}
1774316427,normal,k3s-wk1,0.27566666666672157,0.7276493268939743,198.9,185.26666666666665,35215.1,7214.566666666668,0,36,3,0,32,0,"{""process_exit"": 36, ""process_exec"": 36, ""process_kprobe"": 32}"
1774316437,normal,sw-wk3,0.0954444444444863,0.4304808099778963,83.8,83.66666666666669,2747.4,7401.9,0,3,2,0,0,0,"{""process_exit"": 3, ""process_exec"": 3}"
1774316437,normal,sw-wk2,0.20022222222218666,0.4217817409158191,0.0,0.0,5399.0,27511.399999999998,0,0,0,0,0,0,{}
1774316437,normal,k3s-wk1,0.27566666666672157,0.7276493268939743,198.9,185.26666666666665,35215.1,7214.566666666667,0,15,2,0,14,0,"{""process_exit"": 15, ""process_exec"": 15, ""process_kprobe"": 14}"
1774316447,normal,sw-wk3,0.09544444444448652,0.4304808099778963,83.8,83.66666666666667,2747.4,7401.9,0,4,2,0,0,0,"{""process_exit"": 4, ""process_exec"": 4}"
1774316447,normal,sw-wk2,0.20022222222218666,0.4217817409158191,0.0,0.0,5399.0,27511.399999999998,0,0,0,0,0,0,{}
1774316447,normal,k3s-wk1,0.28500000000001613,0.7300917213880591,194.46666666666667,179.26666666666665,11424.0,5254.566666666667,0,15,2,0,15,0,"{""process_kprobe"": 15, ""process_exit"": 15, ""process_exec"": 15}"
1774316457,normal,sw-wk3,0.09544444444448652,0.4304808099778963,83.8,83.66666666666667,2747.4,7401.9,0,4,2,0,0,0,"{""process_exit"": 4, ""process_exec"": 4}"
1774316457,normal,sw-wk2,0.08100000000000951,0.4243422623310892,0.0,0.0,621.9666666666667,3871.233333333333,0,0,0,0,0,0,{}
1774316457,normal,k3s-wk1,0.28500000000001613,0.7300917213880591,194.46666666666667,179.26666666666665,11424.000000000002,5254.566666666667,0,36,3,0,31,0,"{""process_exit"": 36, ""process_exec"": 36, ""process_kprobe"": 31}"
1774316467,normal,sw-wk3,0.1101111111111498,0.4306320143405401,81.66666666666667,81.66666666666667,2305.9,7701.433333333335,0,3,2,0,0,0,"{""process_exit"": 3, ""process_exec"": 3}"
1774316467,normal,sw-wk2,0.08100000000000973,0.4243422623310892,0.0,0.0,621.9666666666667,3871.233333333333,0,106,7,0,0,0,"{""process_exec"": 106, ""process_exit"": 106}"
1774316467,normal,k3s-wk1,0.28500000000001613,0.7300917213880591,194.46666666666667,179.26666666666665,11424.0,5254.566666666667,0,12,2,0,10,0,"{""process_exit"": 12, ""process_exec"": 12, ""process_kprobe"": 10}"
1774316477,normal,sw-wk3,0.1101111111111499,0.4306320143405401,81.66666666666667,81.66666666666667,2305.9,7701.433333333333,0,4,2,0,0,0,"{""process_exit"": 4, ""process_exec"": 4}"
1774316477,normal,sw-wk2,0.08100000000000973,0.4243422623310892,0.0,0.0,621.9666666666667,3871.233333333333,0,0,0,0,0,0,{}
1774316477,normal,k3s-wk1,0.31166666666669907,0.729473227092682,194.46666666666667,179.26666666666665,35183.03333333334,10787.566666666666,0,17,2,0,13,0,"{""process_exit"": 17, ""process_exec"": 17, ""process_kprobe"": 13}"
1774316487,normal,sw-wk3,0.1101111111111499,0.4306320143405401,81.66666666666667,81.66666666666667,2305.9,7701.433333333333,0,4,2,0,0,0,"{""process_exit"": 4, ""process_exec"": 4}"
1774316487,normal,sw-wk2,0.21800000000002917,0.4214554584666317,0.0,0.0,5711.266666666666,27442.866666666665,0,0,0,0,0,0,{}
1774316487,normal,k3s-wk1,0.31166666666669907,0.729473227092682,194.46666666666667,179.26666666666665,35183.03333333333,10787.566666666666,0,59,3,0,52,0,"{""process_exit"": 59, ""process_exec"": 59, ""process_kprobe"": 52}"
1774316497,normal,sw-wk3,0.09377777777764196,0.43081107213840775,77.26666666666667,80.4,4977.266666666666,7829.9,0,4,2,0,0,0,"{""process_exit"": 4, ""process_exec"": 4}"
1774316497,normal,sw-wk2,0.21800000000002917,0.4214554584666317,0.0,0.0,5711.266666666666,27442.866666666665,0,0,0,0,0,0,{}
1774316497,normal,k3s-wk1,0.31166666666669907,0.729473227092682,194.46666666666667,179.26666666666665,35183.03333333333,10787.566666666666,0,16,2,0,13,0,"{""process_exit"": 16, ""process_exec"": 16, ""process_kprobe"": 13}"
1774316507,normal,sw-wk3,0.09377777777764196,0.43081107213840775,77.26666666666667,80.4,4977.266666666666,7829.9,0,2,2,0,0,0,"{""process_exit"": 4, ""process_exec"": 2}"
1774316507,normal,sw-wk2,0.21800000000002917,0.4214554584666317,0.0,0.0,5711.266666666666,27442.866666666665,0,0,0,0,0,0,{}
1774316507,normal,k3s-wk1,0.2812222222222771,0.7291679277809214,391.8666666666667,271.7,11871.966666666667,5268.7,0,33,3,0,35,0,"{""process_kprobe"": 35, ""process_exit"": 33, ""process_exec"": 33}"
1774316517,normal,sw-wk3,0.09377777777764196,0.43081107213840775,77.26666666666667,80.4,4977.266666666666,7829.9,0,1,1,0,0,0,"{""process_exit"": 1, ""process_exec"": 1}"
1774316517,normal,sw-wk2,0.16344444444443473,0.42367974979706824,0.0,0.0,878.7666666666667,3789.8333333333335,0,0,0,0,0,0,{}
1774316517,normal,k3s-wk1,0.2812222222222771,0.7291679277809214,391.8666666666667,271.7,11871.966666666667,5268.7,0,36,3,0,32,0,"{""process_kprobe"": 32, ""process_exit"": 36, ""process_exec"": 36}"
1774316527,normal,sw-wk3,0.12188888888890181,0.42879169808467843,22.866666666666667,22.866666666666667,4364.7,6299.966666666666,0,0,0,0,0,0,{}
1774316527,normal,sw-wk2,0.16344444444443473,0.42367974979706824,0.0,0.0,878.7666666666667,3789.8333333333335,0,2,2,0,0,0,"{""process_exec"": 2}"
1774316527,normal,k3s-wk1,0.2812222222222771,0.7291679277809214,391.8666666666667,271.7,11871.966666666667,5268.7,0,33,3,0,32,0,"{""process_kprobe"": 32, ""process_exit"": 33, ""process_exec"": 33}"
1774316537,normal,sw-wk3,0.12188888888890181,0.42879169808467843,22.866666666666667,22.866666666666667,4364.700000000001,6299.966666666666,0,1,1,0,0,0,"{""process_exit"": 1, ""process_exec"": 1}"
1774316537,normal,sw-wk2,0.16344444444443473,0.42367974979706824,0.0,0.0,878.7666666666667,3789.8333333333335,0,42,3,0,0,0,"{""process_exit"": 42, ""process_exec"": 42}"
1774316537,normal,k3s-wk1,0.2671111111110399,0.7295232330144359,196.46666666666667,181.26666666666665,9747.966666666667,4016.0,0,13,2,0,9,0,"{""process_exit"": 13, ""process_exec"": 13, ""process_kprobe"": 9}"
1774316547,normal,sw-wk3,0.12188888888890181,0.42879169808467843,22.866666666666667,22.866666666666667,4364.7,6299.966666666666,0,0,0,0,0,0,{}
1774316547,normal,sw-wk2,0.1493119189630856,0.4163980805042258,5.131451801006298,4.9981673386424985,5098.497217686849,27515.477658191998,0,62,3,0,0,0,"{""process_exit"": 64, ""process_exec"": 62}"
1774316547,normal,k3s-wk1,0.2671111111110399,0.7295232330144359,196.46666666666667,181.26666666666665,9747.966666666667,4016.0,0,54,3,0,49,0,"{""process_exit"": 54, ""process_exec"": 54, ""process_kprobe"": 49}"
1774316557,normal,sw-wk3,0.09006066262255652,0.42889714323231154,0.0,0.0,2807.5794947003533,5502.433171121925,0,1,1,0,0,0,"{""process_exit"": 1, ""process_exec"": 1}"
1774316557,normal,sw-wk2,0.1493119189630856,0.4163980805042258,5.131451801006298,4.9981673386424985,5098.497217686849,27515.477658191998,0,0,0,0,0,0,{}
1774316557,normal,k3s-wk1,0.2671111111110399,0.7295232330144359,196.46666666666667,181.26666666666665,9747.966666666667,4016.0,0,36,3,0,33,0,"{""process_exit"": 36, ""process_exec"": 36, ""process_kprobe"": 33}"
1774316567,normal,sw-wk3,0.09006066262255652,0.42889714323231154,0.0,0.0,2807.5794947003533,5502.433171121925,0,0,0,0,0,0,{}
1774316567,normal,sw-wk2,0.1493119189630856,0.4163980805042258,5.131451801006298,4.9981673386424985,5098.497217686849,27515.477658191998,0,0,0,0,0,0,{}
1774316567,normal,k3s-wk1,0.29618149296175034,0.7309655090734429,196.44702196447022,181.24854181248543,32241.409192414092,6336.866313368663,0,57,3,0,55,0,"{""process_exit"": 58, ""process_exec"": 57, ""process_kprobe"": 55}"
1774316577,normal,sw-wk3,0.09006066262255652,0.42889714323231154,0.0,0.0,2807.5794947003533,5502.433171121925,0,0,0,0,0,0,{}
1774316577,normal,sw-wk2,0.07466070892660648,0.417571901510449,0.0,0.0,500.6502384207543,3828.5371302811027,0,0,0,0,0,0,{}
1774316577,normal,k3s-wk1,0.2961814929617502,0.7309655090734429,196.44702196447022,181.24854181248537,32241.409192414092,6336.866313368663,0,16,2,0,11,0,"{""process_exit"": 16, ""process_exec"": 16, ""process_kprobe"": 11}"
1774316587,normal,sw-wk3,0.09693979598635372,0.4285987135691989,4.46696446429762,6.000400026668445,2187.0124674978333,5165.07767184479,0,0,0,0,0,0,{}
1774316587,normal,sw-wk2,0.07466070892660648,0.417571901510449,0.0,0.0,500.65023842075425,3828.5371302811027,0,2,2,0,0,0,"{""process_exec"": 2}"
1774316587,normal,k3s-wk1,0.2961814929617502,0.7309655090734429,196.44702196447022,181.24854181248543,32241.409192414092,6336.866313368663,0,78,3,0,73,0,"{""process_exit"": 78, ""process_exec"": 78, ""process_kprobe"": 73}"
1774316597,normal,sw-wk3,0.09693979598635372,0.4285987135691989,4.46696446429762,6.000400026668445,2187.0124674978333,5165.07767184479,0,1,1,0,0,0,"{""process_exit"": 1, ""process_exec"": 1}"
1774316597,normal,sw-wk2,0.07466070892660648,0.417571901510449,0.0,0.0,500.65023842075425,3828.5371302811027,0,104,5,0,0,0,"{""process_exit"": 106, ""process_exec"": 104}"
1774316597,normal,k3s-wk1,0.2954851040660268,0.7317721835480517,202.6202620262026,187.88545521218788,32963.42967630096,9138.947228056139,0,36,3,0,33,0,"{""process_exit"": 36, ""process_exec"": 36, ""process_kprobe"": 33}"
1774316607,normal,sw-wk3,0.09693979598635372,0.4285987135691989,4.46696446429762,6.000400026668445,2187.0124674978333,5165.07767184479,0,0,0,0,0,0,{}
1774316607,normal,sw-wk2,0.17722222222218997,0.4191913765936113,0.0,0.0,5170.533333333333,27480.933333333338,0,0,0,0,0,0,{}
1774316607,normal,k3s-wk1,0.2954851040660268,0.7317721835480517,202.6202620262026,187.8854552121879,32963.42967630096,9138.947228056139,0,57,3,0,51,0,"{""process_exit"": 57, ""process_exec"": 57, ""process_kprobe"": 51}"
1774316617,normal,sw-wk3,0.1430000000000291,0.42894290244732214,0.0,0.0,2707.0333333333333,5266.766666666666,0,0,0,0,0,0,{}
1774316617,normal,sw-wk2,0.17722222222218964,0.4191913765936113,0.0,0.0,5170.533333333333,27480.933333333334,0,0,0,0,0,0,{}
1774316617,normal,k3s-wk1,0.2954851040660268,0.7317721835480517,202.6202620262026,187.88545521218788,32963.42967630096,9138.947228056139,0,67,3,0,62,0,"{""process_kprobe"": 62, ""process_exit"": 67, ""process_exec"": 67}"
1774316628,normal,sw-wk3,0.1430000000000291,0.42894290244732214,0.0,0.0,2707.0333333333333,5266.766666666666,0,1,1,0,0,0,"{""process_exit"": 1, ""process_exec"": 1}"
1774316628,normal,sw-wk2,0.17722222222218997,0.4191913765936113,0.0,0.0,5170.533333333333,27480.933333333334,0,0,0,0,0,0,{}
1774316628,normal,k3s-wk1,0.27533333333332044,0.7360647971470305,194.46666666666667,179.26666666666665,8792.0,1411.2333333333333,0,15,2,0,14,0,"{""process_kprobe"": 14, ""process_exit"": 15, ""process_exec"": 15}"
1774316638,normal,sw-wk3,0.1430000000000291,0.42894290244732214,0.0,0.0,2707.0333333333333,5266.766666666666,0,0,0,0,0,0,{}
1774316638,normal,sw-wk2,0.12488888888894711,0.41954750194973656,0.0,0.0,432.0,3836.3333333333335,0,0,0,0,0,0,{}
1774316638,normal,k3s-wk1,0.27533333333332044,0.7360647971470305,194.46666666666667,179.26666666666665,8792.0,1411.2333333333333,0,15,2,0,11,0,"{""process_exit"": 15, ""process_exec"": 15, ""process_kprobe"": 11}"
1774316648,normal,sw-wk3,0.0953333333333527,0.42861065075572335,0.0,0.0,2378.1666666666665,5499.7,0,1,1,0,0,0,"{""process_exit"": 1, ""process_exec"": 1}"
1774316648,normal,sw-wk2,0.12488888888894711,0.41954750194973656,0.0,0.0,432.0,3836.3333333333335,0,106,7,0,0,0,"{""process_exec"": 106, ""process_exit"": 106}"
1774316648,normal,k3s-wk1,0.27533333333332044,0.7360647971470305,194.46666666666667,179.26666666666665,8792.0,1411.2333333333333,0,33,3,0,30,0,"{""process_exit"": 33, ""process_exec"": 33, ""process_kprobe"": 30}"
1774316658,normal,sw-wk3,0.0953333333333527,0.42861065075572335,0.0,0.0,2378.1666666666665,5499.7,0,0,0,0,0,0,{}
1774316658,normal,sw-wk2,0.12488888888894711,0.41954750194973656,0.0,0.0,432.0,3836.3333333333335,0,2,2,0,1,0,"{""process_exec"": 2, ""process_kprobe"": 1}"
1774316658,normal,k3s-wk1,0.3468888888889018,0.7355752654919662,191.6,176.4,33413.4,13295.066666666666,0,13,2,0,10,0,"{""process_exit"": 13, ""process_exec"": 13, ""process_kprobe"": 10}"
1774316668,normal,sw-wk3,0.0953333333333527,0.42861065075572335,0.0,0.0,2378.1666666666665,5499.7,0,0,0,0,0,0,{}
1774316668,normal,sw-wk2,0.19144444444439923,0.4394248674974932,143095.13333333333,883.0333333333333,8192.2,28252.366666666665,0,6,5,0,0,0,"{""process_exec"": 6, ""process_exit"": 6}"
1774316668,normal,k3s-wk1,0.3468888888889018,0.7355752654919662,191.6,176.4,33413.4,13295.066666666666,0,18,2,0,13,0,"{""process_exit"": 18, ""process_exec"": 18, ""process_kprobe"": 13}"
1774316678,normal,sw-wk3,0.09644444444436684,0.42889913276339897,0.0,0.0,4889.1,5091.233333333334,0,0,0,0,0,0,{}
1774316678,normal,sw-wk2,0.19144444444439923,0.4394248674974932,143095.13333333333,883.0333333333333,8192.2,28252.366666666665,0,0,0,0,0,0,{}
1774316678,normal,k3s-wk1,0.3468888888889018,0.7355752654919662,191.6,176.4,33413.4,13295.066666666666,0,40,3,0,37,0,"{""process_exit"": 40, ""process_exec"": 40, ""process_kprobe"": 37}"
1774316688,normal,sw-wk3,0.09644444444436684,0.42889913276339897,0.0,0.0,4889.1,5091.233333333334,0,0,0,0,0,0,{}
1774316688,normal,sw-wk2,0.19144444444439923,0.4394248674974932,143095.13333333333,883.0333333333333,8192.2,28252.366666666665,0,0,0,0,0,0,{}
1774316688,normal,k3s-wk1,0.27711111111105613,0.7339211222381599,194.46666666666667,179.26666666666665,10640.166666666666,2719.9333333333334,0,40,3,0,37,0,"{""process_kprobe"": 37, ""process_exit"": 40, ""process_exec"": 40}"
1774316698,normal,sw-wk3,0.09644444444436684,0.42889913276339897,0.0,0.0,4889.1,5091.233333333334,0,1,1,0,0,0,"{""process_exit"": 1, ""process_exec"": 1}"
1774316698,normal,sw-wk2,0.09011111111111758,0.4228202740772573,10.6,8.6,684.7333333333333,5311.133333333333,0,0,0,0,0,0,{}
1774316698,normal,k3s-wk1,0.27711111111105613,0.7339211222381599,194.46666666666667,179.2666666666667,10640.166666666666,2719.9333333333334,0,57,3,0,51,0,"{""process_exit"": 57, ""process_exec"": 57, ""process_kprobe"": 51}"
1774316708,normal,sw-wk3,0.08885926913252418,0.4288175619888148,0.0,0.0,1794.4018660446518,5267.510829723426,0,0,0,0,0,0,{}
1774316708,normal,sw-wk2,0.09011111111111758,0.4228202740772573,10.6,8.6,684.7333333333333,5311.133333333333,0,2,2,0,0,0,"{""process_exec"": 2}"
1774316708,normal,k3s-wk1,0.27711111111105613,0.7339211222381599,194.46666666666667,179.26666666666665,10640.166666666666,2719.9333333333334,0,36,3,0,34,0,"{""process_exit"": 36, ""process_exec"": 36, ""process_kprobe"": 34}"
1774316718,normal,sw-wk3,0.08885926913252418,0.4288175619888148,0.0,0.0,1794.4018660446518,5267.510829723426,0,0,0,0,0,0,{}
1774316718,normal,sw-wk2,0.09011111111111758,0.4228202740772573,10.6,8.6,684.7333333333333,5311.133333333333,0,0,0,0,0,0,{}
1774316718,normal,k3s-wk1,0.28233333333337207,0.7347620112908108,194.46666666666667,179.26666666666665,9784.966666666667,6393.033333333335,0,36,3,0,32,0,"{""process_exit"": 36, ""process_exec"": 36, ""process_kprobe"": 32}"
1774316728,normal,sw-wk3,0.08885926913252418,0.4288175619888148,0.0,0.0,1794.4018660446518,5267.510829723426,0,0,0,0,0,0,{}
1774316728,normal,sw-wk2,0.1742222222222254,0.42359420013051297,0.0,0.0,5711.933333333333,7600.133333333333,0,16,3,0,0,0,"{""process_exit"": 17, ""process_exec"": 16}"
1774316728,normal,k3s-wk1,0.28233333333337207,0.7347620112908108,194.46666666666667,179.26666666666665,9784.966666666667,6393.033333333333,0,61,3,0,53,0,"{""process_exit"": 61, ""process_exec"": 61, ""process_kprobe"": 53}"
1774316738,normal,sw-wk3,0.09481896379279098,0.4289389233851474,0.0,0.0,4466.493298659731,5185.87050743482,0,0,0,0,0,0,{}
1774316738,normal,sw-wk2,0.1742222222222254,0.42359420013051297,0.0,0.0,5711.933333333333,7600.133333333333,0,22,1,0,0,0,"{""process_exec"": 22, ""process_exit"": 22}"
1774316738,normal,k3s-wk1,0.28233333333337207,0.7347620112908108,194.46666666666667,179.26666666666665,9784.966666666667,6393.033333333333,0,15,2,0,14,0,"{""process_exit"": 15, ""process_exec"": 15, ""process_kprobe"": 14}"
1774316748,normal,sw-wk3,0.09481896379279098,0.4289389233851474,0.0,0.0,4466.493298659731,5185.87050743482,0,1,1,0,0,0,"{""process_exit"": 1, ""process_exec"": 1}"
1774316748,normal,sw-wk2,0.1742222222222254,0.42359420013051297,0.0,0.0,5711.933333333333,7600.133333333333,0,9,1,0,0,0,"{""process_exec"": 9, ""process_exit"": 8}"
1774316748,normal,k3s-wk1,0.29699999999995474,0.7253819531260282,194.46666666666667,179.26666666666665,20159.766666666666,6631.3,0,15,2,0,14,0,"{""process_kprobe"": 14, ""process_exit"": 15, ""process_exec"": 15}"
1774316758,normal,sw-wk3,0.09481896379279098,0.4289389233851474,0.0,0.0,4466.493298659731,5185.87050743482,0,0,0,0,0,0,{}
1774316758,normal,sw-wk2,0.12577777777769372,0.42284613792993686,0.0,0.0,1103.5333333333335,14081.833333333334,0,13,1,0,0,0,"{""process_exit"": 13, ""process_exec"": 13}"
1774316758,normal,k3s-wk1,0.29699999999995474,0.7253819531260282,194.46666666666667,179.26666666666665,20159.766666666666,6631.3,0,12,2,0,9,0,"{""process_exit"": 12, ""process_exec"": 12, ""process_kprobe"": 9}"
1774316768,normal,sw-wk3,0.0948793172422504,0.4291836357088997,0.0,0.0,2152.620349379917,5426.690225363382,0,0,0,0,0,0,{}
1774316768,normal,sw-wk2,0.12577777777769372,0.42284613792993686,0.0,0.0,1103.5333333333333,14081.833333333334,0,14,1,0,0,0,"{""process_exit"": 14, ""process_exec"": 14}"
1774316768,normal,k3s-wk1,0.29699999999995474,0.7253819531260282,194.46666666666667,179.26666666666665,20159.766666666666,6631.3,0,16,2,0,13,0,"{""process_exit"": 16, ""process_exec"": 16, ""process_kprobe"": 13}"
1774316778,normal,sw-wk3,0.0948793172422504,0.4291836357088997,0.0,0.0,2152.620349379917,5426.690225363382,0,1,1,0,0,0,"{""process_exit"": 1, ""process_exec"": 1}"
1774316778,normal,sw-wk2,0.12577777777769372,0.42284613792993686,0.0,0.0,1103.5333333333333,14081.833333333334,0,14,1,0,0,0,"{""process_exit"": 15, ""process_exec"": 14}"
1774316778,normal,k3s-wk1,0.28276367512829514,0.7253411588214393,191.48510893463921,176.29422346592045,18516.15697248318,9476.28089812779,0,54,3,0,51,0,"{""process_exit"": 54, ""process_exec"": 54, ""process_kprobe"": 51}"
1774316788,normal,sw-wk3,0.0948793172422504,0.4291836357088997,0.0,0.0,2152.620349379917,5426.690225363382,0,0,0,0,0,0,{}
1774316788,normal,sw-wk2,0.1590000000001358,0.4244994349742953,0.0,0.0,8587.133333333333,15966.533333333333,0,0,0,0,0,0,{}
1774316788,normal,k3s-wk1,0.28276367512829514,0.7253411588214393,191.48510893463921,176.29422346592045,18516.15697248318,9476.28089812779,0,34,3,0,29,0,"{""process_exit"": 34, ""process_exec"": 34, ""process_kprobe"": 29}"
1774316798,normal,sw-wk3,0.10300000000004539,0.42966311270096746,0.0,0.0,5127.1,5404.766666666666,0,1,1,0,0,0,"{""process_exit"": 1, ""process_exec"": 1}"
1774316798,normal,sw-wk2,0.1590000000001358,0.4244994349742953,0.0,0.0,8587.133333333333,15966.533333333333,0,0,0,0,0,0,{}
1774316798,normal,k3s-wk1,0.28276367512829514,0.7253411588214393,191.48510893463921,176.29422346592045,18516.15697248318,9476.28089812779,0,37,3,0,39,0,"{""process_kprobe"": 39, ""process_exit"": 37, ""process_exec"": 37}"
1774316808,normal,sw-wk3,0.10300000000004539,0.42966311270096746,0.0,0.0,5127.1,5404.766666666666,0,1,1,0,0,0,"{""process_exit"": 1, ""process_exec"": 1}"
1774316808,normal,sw-wk2,0.1590000000001358,0.4244994349742953,0.0,0.0,8587.133333333333,15966.533333333333,0,0,0,0,0,0,{}
1774316808,normal,k3s-wk1,0.30814043981941175,0.7162637680777987,194.58341671669672,179.3742912414115,35348.50910546327,9731.472216663333,0,57,3,0,52,0,"{""process_exit"": 57, ""process_exec"": 57, ""process_kprobe"": 52}"
1774316818,normal,sw-wk3,0.10300000000004539,0.42966311270096746,0.0,0.0,5127.1,5404.766666666666,0,0,0,0,0,0,{}
1774316818,normal,sw-wk2,0.14466666666663108,0.4220582851867768,0.0,0.0,3165.9333333333334,24424.16666666667,0,0,0,0,0,0,{}
1774316818,normal,k3s-wk1,0.3081404398194115,0.7162637680777987,194.58341671669672,179.37429124141153,35348.50910546328,9731.472216663333,0,60,3,0,53,0,"{""process_exit"": 60, ""process_exec"": 60, ""process_kprobe"": 53}"
1774316828,normal,sw-wk3,0.09355555555553619,0.4296471964522681,4.466666666666667,6.0,2056.0333333333333,5472.333333333335,0,1,1,0,0,0,"{""process_exit"": 1, ""process_exec"": 1}"
1774316828,normal,sw-wk2,0.14466666666663108,0.4220582851867768,0.0,0.0,3165.9333333333334,24424.166666666668,0,0,0,0,0,0,{}
1774316828,normal,k3s-wk1,0.3081404398194115,0.7162637680777987,194.58341671669672,179.37429124141153,35348.50910546328,9731.472216663333,0,36,3,0,32,0,"{""process_exit"": 36, ""process_exec"": 36, ""process_kprobe"": 32}"
1774316838,normal,sw-wk3,0.09355555555553619,0.4296471964522681,4.466666666666667,6.0,2056.0333333333333,5472.333333333333,0,0,0,0,0,0,{}
1774316838,normal,sw-wk2,0.14466666666663108,0.4220582851867768,0.0,0.0,3165.9333333333334,24424.166666666668,0,0,0,0,0,0,{}
1774316838,normal,k3s-wk1,0.29666666666671515,0.7159282020239239,194.46666666666667,179.26666666666665,9806.466666666667,8738.933333333332,0,33,3,0,29,0,"{""process_exit"": 33, ""process_exec"": 33, ""process_kprobe"": 29}"
1774316848,normal,sw-wk3,0.09355555555553619,0.4296471964522681,4.466666666666667,6.0,2056.0333333333333,5472.333333333333,0,1,1,0,0,0,"{""process_exit"": 1, ""process_exec"": 1}"
1774316848,normal,sw-wk2,0.1446448778539734,0.4235464514794124,0.0,0.0,5092.558077614325,4362.011582240565,0,0,0,0,0,0,{}
1774316848,normal,k3s-wk1,0.29666666666671515,0.7159282020239239,194.46666666666667,179.26666666666665,9806.466666666667,8738.933333333332,0,58,3,0,51,0,"{""process_exit"": 58, ""process_exec"": 58, ""process_kprobe"": 51}"
1774316858,normal,sw-wk3,0.0888888888888889,0.4297586101931635,0.0,0.0,2714.6333333333337,5535.533333333333,0,1,1,0,0,0,"{""process_exit"": 1, ""process_exec"": 1}"
1774316858,normal,sw-wk2,0.1446448778539734,0.4235464514794124,0.0,0.0,5092.558077614325,4362.011582240565,0,0,0,0,0,0,{}
1774316858,normal,k3s-wk1,0.29666666666671515,0.7159282020239239,194.46666666666667,179.26666666666665,9806.466666666667,8738.933333333332,0,33,3,0,35,0,"{""process_exit"": 33, ""process_exec"": 33, ""process_kprobe"": 35}"
1774316868,normal,sw-wk3,0.0888888888888889,0.4297586101931635,0.0,0.0,2714.633333333333,5535.533333333333,0,1,1,0,0,0,"{""process_exit"": 1, ""process_exec"": 1}"
1774316868,normal,sw-wk2,0.1446448778539734,0.4235464514794124,0.0,0.0,5092.558077614325,4362.011582240565,0,0,0,0,0,0,{}
1774316868,normal,k3s-wk1,0.28366666666665374,0.7270058296377202,194.46666666666667,179.26666666666665,9624.5,1703.3,0,58,3,0,53,0,"{""process_exit"": 59, ""process_exec"": 58, ""process_kprobe"": 53}"
1774316878,normal,sw-wk3,0.0888888888888889,0.4297586101931635,0.0,0.0,2714.633333333333,5535.533333333333,0,0,0,0,0,0,{}
1774316878,normal,sw-wk2,0.1340054750616836,0.4235703258049627,0.0,0.0,533.6849836415837,3821.8601856179475,0,0,0,0,0,0,{}
1774316878,normal,k3s-wk1,0.28366666666665374,0.7270058296377202,194.4666666666667,179.26666666666665,9624.5,1703.3,0,9,2,0,7,0,"{""process_exit"": 9, ""process_exec"": 9, ""process_kprobe"": 7}"
1774316888,normal,sw-wk3,0.09177777777780038,0.43010677813346176,0.0,0.0,2115.5666666666666,5523.533333333333,0,0,0,0,0,0,{}
1774316888,normal,sw-wk2,0.1340054750616836,0.4235703258049627,0.0,0.0,533.6849836415837,3821.8601856179475,0,0,0,0,0,0,{}
1774316888,normal,k3s-wk1,0.28366666666665374,0.7270058296377202,194.46666666666667,179.26666666666665,9624.5,1703.3,0,57,3,0,54,0,"{""process_exit"": 57, ""process_exec"": 57, ""process_kprobe"": 54}"
1774316898,normal,sw-wk3,0.09177777777780038,0.43010677813346176,0.0,0.0,2115.5666666666666,5523.533333333333,0,1,1,0,0,0,"{""process_exit"": 1, ""process_exec"": 1}"
1774316898,normal,sw-wk2,0.1340054750616836,0.4235703258049627,0.0,0.0,533.6849836415837,3821.8601856179475,0,0,0,0,0,0,{}
1774316898,normal,k3s-wk1,0.2798888888889147,0.7311102630574673,191.6,176.4,9386.533333333333,8774.566666666668,0,81,3,0,74,0,"{""process_exit"": 81, ""process_exec"": 81, ""process_kprobe"": 74}"
1774316908,normal,sw-wk3,0.09177777777780038,0.43010677813346176,0.0,0.0,2115.5666666666666,5523.533333333333,0,0,0,0,0,0,{}
1774316908,normal,sw-wk2,0.1522241478913372,0.4222512693183085,0.0,0.0,5031.162511665111,4320.257299026796,0,0,0,0,0,0,{}
1774316908,normal,k3s-wk1,0.2798888888889147,0.7311102630574673,191.6,176.4,9386.533333333333,8774.566666666666,0,40,3,0,33,0,"{""process_exit"": 40, ""process_exec"": 40, ""process_kprobe"": 33}"
1774316918,normal,sw-wk3,0.0886666666667022,0.43022416046761935,0.0,0.0,2558.4666666666667,5190.566666666667,0,0,0,0,0,0,{}
1774316918,normal,sw-wk2,0.1522241478913372,0.4222512693183085,0.0,0.0,5031.162511665111,4320.257299026796,0,0,0,0,0,0,{}
1774316918,normal,k3s-wk1,0.2798888888889147,0.7311102630574673,191.6,176.4,9386.533333333333,8774.566666666666,0,60,3,0,58,0,"{""process_exit"": 60, ""process_exec"": 60, ""process_kprobe"": 58}"
1774316928,normal,sw-wk3,0.0886666666667022,0.43022416046761935,0.0,0.0,2558.4666666666667,5190.566666666667,0,0,0,0,0,0,{}
1774316928,normal,sw-wk2,0.1522241478913372,0.4222512693183085,0.0,0.0,5031.162511665111,4320.257299026796,0,0,0,0,0,0,{}
1774316928,normal,k3s-wk1,0.2832222222221996,0.7342303693858483,194.46666666666667,179.26666666666665,8893.066666666666,1202.2666666666667,0,36,3,0,31,0,"{""process_exit"": 36, ""process_exec"": 36, ""process_kprobe"": 31}"
1774316938,normal,sw-wk3,0.0886666666667022,0.43022416046761935,0.0,0.0,2558.4666666666667,5190.566666666667,0,1,1,0,0,0,"{""process_exit"": 1, ""process_exec"": 1}"
1774316938,normal,sw-wk2,0.07198737609464867,0.42506446067898584,4.467262301640218,6.000800106680891,285.77143619149217,3717.0956127483664,0,0,0,0,0,0,{}
1774316938,normal,k3s-wk1,0.2832222222221996,0.7342303693858483,194.46666666666667,179.26666666666665,8893.066666666666,1202.2666666666667,0,12,2,0,9,0,"{""process_exit"": 12, ""process_exec"": 12, ""process_kprobe"": 9}"
1774316948,normal,sw-wk3,0.09022222222217047,0.4304629041981095,0.0,0.0,2064.6666666666665,5282.500000000001,0,0,0,0,0,0,{}
1774316948,normal,sw-wk2,0.07198737609464867,0.42506446067898584,4.467262301640218,6.000800106680891,285.77143619149217,3717.0956127483664,0,0,0,0,0,0,{}
1774316948,normal,k3s-wk1,0.2832222222221996,0.7342303693858483,194.46666666666667,179.26666666666665,8893.066666666666,1202.2666666666667,0,21,2,0,17,0,"{""process_exit"": 21, ""process_exec"": 21, ""process_kprobe"": 17}"
1774316958,normal,sw-wk3,0.09022222222217047,0.4304629041981095,0.0,0.0,2064.6666666666665,5282.5,0,1,1,0,0,0,"{""process_exit"": 1, ""process_exec"": 1}"
1774316958,normal,sw-wk2,0.07198737609464867,0.42506446067898584,4.467262301640218,6.000800106680891,285.77143619149217,3717.0956127483664,0,0,0,0,0,0,{}
1774316958,normal,k3s-wk1,0.2694444444444444,0.7374386440499533,198.93333333333334,185.26666666666665,9592.966666666667,5834.1,0,34,3,0,31,0,"{""process_exit"": 34, ""process_exec"": 34, ""process_kprobe"": 31}"
1774316968,normal,sw-wk3,0.09022222222217047,0.4304629041981095,0.0,0.0,2064.6666666666665,5282.5,0,1,1,0,0,0,"{""process_exit"": 1, ""process_exec"": 1}"
1774316968,normal,sw-wk2,0.1886666666667023,0.42009064285600595,0.0,0.0,6670.099999999999,4584.033333333333,0,0,0,0,0,0,{}
1774316968,normal,k3s-wk1,0.2694444444444444,0.7374386440499533,198.93333333333334,185.26666666666665,9592.966666666667,5834.1,0,42,8,0,34,2,"{""process_exit"": 42, ""process_exec"": 42, ""process_kprobe"": 34}"
1774316978,normal,sw-wk3,0.09811111111113047,0.43068772121098775,5.133333333333333,5.0,5028.9,5579.066666666667,0,0,0,0,0,0,{}
1774316978,normal,sw-wk2,0.1886666666667023,0.42009064285600595,0.0,0.0,6670.099999999999,4584.033333333333,0,0,0,0,0,0,{}
1774316978,normal,k3s-wk1,0.2694444444444444,0.7374386440499533,198.93333333333334,185.26666666666665,9592.966666666667,5834.1,0,43,7,0,40,3,"{""process_kprobe"": 40, ""process_exit"": 47, ""process_exec"": 43}"
1774316988,normal,sw-wk3,0.09811111111113047,0.43068772121098775,5.133333333333333,5.0,5028.9,5579.066666666667,0,0,0,0,0,0,{}
1774316988,normal,sw-wk2,0.1886666666667023,0.42009064285600595,0.0,0.0,6670.099999999999,4584.033333333333,0,0,0,0,0,0,{}
1774316988,normal,k3s-wk1,0.33344444444438626,0.741074600939585,221.6,235.70000000000005,9642.866666666667,8287.466666666667,0,26,6,0,18,3,"{""process_exit"": 28, ""process_exec"": 26, ""process_kprobe"": 18}"
1774316998,normal,sw-wk3,0.09811111111113047,0.43068772121098775,5.133333333333333,5.0,5028.9,5579.066666666667,0,1,1,0,0,0,"{""process_exit"": 1, ""process_exec"": 1}"
1774316998,normal,sw-wk2,0.07544444444437337,0.4228918970539082,0.0,0.0,389.1666666666667,3791.2,0,0,0,0,0,0,{}
1774316998,normal,k3s-wk1,0.33344444444438626,0.741074600939585,221.6,235.7,9642.866666666667,8287.466666666667,0,23,6,0,15,2,"{""process_exit"": 25, ""process_exec"": 23, ""process_kprobe"": 15}"
1774317009,normal,sw-wk3,0.09111111111115955,0.4308070930762329,0.0,0.0,2120.8,5320.866666666667,0,0,0,0,0,0,{}
1774317009,normal,sw-wk2,0.07544444444437337,0.4228918970539082,0.0,0.0,389.1666666666667,3791.2,0,0,0,0,0,0,{}
1774317009,normal,k3s-wk1,0.33344444444438626,0.741074600939585,221.6,235.7,9642.866666666667,8287.466666666667,0,42,7,0,35,2,"{""process_exit"": 44, ""process_exec"": 42, ""process_kprobe"": 35}"
1774317019,normal,sw-wk3,0.09111111111115955,0.4308070930762329,0.0,0.0,2120.8,5320.866666666667,0,0,0,0,0,0,{}
1774317019,normal,sw-wk2,0.07544444444437337,0.4228918970539082,0.0,0.0,389.1666666666667,3791.2,0,0,0,0,0,0,{}
1774317019,normal,k3s-wk1,0.28666666666669904,0.7399626271532156,239.46666666666667,248.5,9779.566666666666,10572.06666666667,0,18,6,0,12,2,"{""process_exit"": 20, ""process_exec"": 18, ""process_kprobe"": 12}"
1774317029,normal,sw-wk3,0.09111111111115955,0.4308070930762329,0.0,0.0,2120.8,5320.866666666667,0,0,0,0,0,0,{}
1774317029,normal,sw-wk2,0.16674999166758075,0.41883127218322747,0.0,0.0,5278.038862780388,4266.0400626604005,0,0,0,0,0,0,{}
1774317029,normal,k3s-wk1,0.28666666666669904,0.7399626271532156,239.46666666666667,248.5,9779.566666666666,10572.066666666666,0,67,7,0,56,2,"{""process_exit"": 69, ""process_exec"": 67, ""process_kprobe"": 56}"
1774317039,normal,sw-wk3,0.08677777777775197,0.4310438472756356,0.0,0.0,4116.366666666667,5186.433333333333,0,0,0,0,0,0,{}
1774317039,normal,sw-wk2,0.16674999166758075,0.41883127218322747,0.0,0.0,5278.038862780389,4266.0400626604005,0,0,0,0,0,0,{}
1774317039,normal,k3s-wk1,0.28666666666669904,0.7399626271532156,239.46666666666667,248.5,9779.566666666666,10572.066666666666,0,46,7,0,42,4,"{""process_exit"": 50, ""process_exec"": 46, ""process_kprobe"": 42}"
1774317049,normal,sw-wk3,0.08677777777775197,0.4310438472756356,0.0,0.0,4116.366666666667,5186.433333333333,0,1,1,0,0,0,"{""process_exit"": 1, ""process_exec"": 1}"
1774317049,normal,sw-wk2,0.16674999166758075,0.41883127218322747,0.0,0.0,5278.038862780389,4266.0400626604005,0,0,0,0,0,0,{}
1774317049,normal,k3s-wk1,0.29188888888893416,0.7395599478885657,237.46666666666667,236.16666666666666,8927.4,1241.2,0,36,7,0,32,2,"{""process_exit"": 38, ""process_exec"": 36, ""process_kprobe"": 32}"
1774317059,normal,sw-wk3,0.08677777777775197,0.4310438472756356,0.0,0.0,4116.366666666667,5186.433333333333,0,1,1,0,0,0,"{""process_exit"": 1, ""process_exec"": 1}"
1774317059,normal,sw-wk2,0.12235668011241996,0.41800362889748366,5.133846718005134,5.000500050005,288.19548621528816,3722.272227222722,0,0,0,0,0,0,{}
1774317059,normal,k3s-wk1,0.29188888888893416,0.7395599478885657,237.46666666666667,236.16666666666666,8927.4,1241.2,0,27,6,0,18,2,"{""process_exit"": 29, ""process_exec"": 27, ""process_kprobe"": 18}"
1774317069,normal,sw-wk3,0.11411111111107564,0.4311234285191323,4.466666666666667,6.0,1993.3333333333333,5458.533333333333,0,0,0,0,0,0,{}
1774317069,normal,sw-wk2,0.12235668011242007,0.41800362889748366,5.133846718005134,5.000500050005,288.19548621528816,3722.272227222722,0,0,0,0,0,0,{}
1774317069,normal,k3s-wk1,0.29188888888893416,0.7395599478885657,237.46666666666667,236.16666666666666,8927.4,1241.2,0,42,7,0,36,2,"{""process_exit"": 44, ""process_exec"": 42, ""process_kprobe"": 36}"
1774317079,normal,sw-wk3,0.11411111111107564,0.4311234285191323,4.466666666666667,6.0,1993.3333333333333,5458.533333333333,0,0,0,0,0,0,{}
1774317079,normal,sw-wk2,0.12235668011242007,0.41800362889748366,5.133846718005134,5.000500050005,288.19548621528816,3722.272227222722,0,0,0,0,0,0,{}
1774317079,normal,k3s-wk1,0.2992222222222253,0.7395178376386677,258.46666666666664,256.06666666666666,9621.033333333333,8761.666666666666,0,87,7,0,76,3,"{""process_exit"": 91, ""process_exec"": 87, ""process_kprobe"": 76}"
1774317089,normal,sw-wk3,0.11411111111107564,0.4311234285191323,4.466666666666667,6.0,1993.3333333333333,5458.533333333333,0,1,1,0,0,0,"{""process_exit"": 1, ""process_exec"": 1}"
1774317089,normal,sw-wk2,0.142085791420845,0.41957137627528684,0.0,0.0,4981.335199813352,4298.736792987368,0,0,0,0,0,0,{}
1774317089,normal,k3s-wk1,0.2992222222222254,0.7395178376386677,258.46666666666664,256.06666666666666,9621.033333333333,8761.666666666666,0,64,7,0,54,2,"{""process_exit"": 66, ""process_exec"": 64, ""process_kprobe"": 54}"
1774317099,normal,sw-wk3,0.12577777777777455,0.43123484226002773,0.0,0.0,4096.933333333333,5418.233333333334,0,1,1,0,0,0,"{""process_exit"": 1, ""process_exec"": 1}"
1774317099,normal,sw-wk2,0.142085791420845,0.41957137627528684,0.0,0.0,4981.335199813352,4298.736792987368,0,0,0,0,0,0,{}
1774317099,normal,k3s-wk1,0.2992222222222254,0.7395178376386677,258.46666666666664,256.06666666666666,9621.033333333333,8761.666666666666,0,48,7,0,43,3,"{""process_exit"": 50, ""process_exec"": 48, ""process_kprobe"": 43}"
1774317109,normal,sw-wk3,0.12577777777777455,0.43123484226002773,0.0,0.0,4096.933333333333,5418.233333333334,0,0,0,0,0,0,{}
1774317109,normal,sw-wk2,0.142085791420845,0.41957137627528684,0.0,0.0,4981.335199813352,4298.736792987368,0,0,0,0,0,0,{}
1774317109,normal,k3s-wk1,0.2949999999999514,0.7336263504888737,454.5,346.0333333333333,9371.166666666666,3304.3333333333335,0,39,7,0,33,2,"{""process_kprobe"": 33, ""process_exit"": 41, ""process_exec"": 39}"
1774317119,normal,sw-wk3,0.12577777777777455,0.43123484226002773,0.0,0.0,4096.933333333333,5418.233333333334,0,0,0,0,0,0,{}
1774317119,normal,sw-wk2,0.10335477992249176,0.4223805885817059,0.0,0.0,1099.0432376570989,3901.056772343901,0,0,0,0,0,0,{}
1774317119,normal,k3s-wk1,0.2949999999999515,0.7336263504888737,454.5,346.0333333333333,9371.166666666666,3304.3333333333335,0,48,7,0,38,2,"{""process_exit"": 50, ""process_exec"": 48, ""process_kprobe"": 38}"
1774317129,normal,sw-wk3,0.1219999999999547,0.4313363083454861,0.0,0.0,2638.0333333333333,5323.033333333333,0,0,0,0,0,0,{}
1774317129,normal,sw-wk2,0.10335477992249176,0.4223805885817059,0.0,0.0,1099.0432376570989,3901.056772343901,0,0,0,0,0,0,{}
1774317129,normal,k3s-wk1,0.2949999999999515,0.7336263504888737,454.5,346.0333333333333,9371.166666666666,3304.3333333333335,0,17,5,0,13,2,"{""process_exit"": 21, ""process_exec"": 17, ""process_kprobe"": 13}"
1774317139,normal,sw-wk3,0.1219999999999547,0.4313363083454861,0.0,0.0,2638.0333333333333,5323.033333333333,0,1,1,0,0,0,"{""process_exit"": 1, ""process_exec"": 1}"
1774317139,normal,sw-wk2,0.10335477992249176,0.4223805885817059,0.0,0.0,1099.0432376570989,3901.056772343901,0,0,0,0,0,0,{}
1774317139,normal,k3s-wk1,0.2826666666666924,0.7294508560224238,217.46666666666667,211.4,8470.9,4498.266666666666,0,12,2,0,11,0,"{""process_kprobe"": 11, ""process_exit"": 12, ""process_exec"": 12}"
1774317149,normal,sw-wk3,0.1219999999999547,0.4313363083454861,0.0,0.0,2638.0333333333333,5323.033333333333,0,0,0,0,0,0,{}
1774317149,normal,sw-wk2,0.3133333333332202,0.422941635232138,4.466666666666667,3.0,2798.5,3636.9,0,0,0,0,0,0,{}
1774317149,normal,k3s-wk1,0.2826666666666925,0.7294508560224238,217.46666666666667,211.4,8470.9,4498.266666666666,0,39,3,0,33,0,"{""process_exit"": 39, ""process_exec"": 39, ""process_kprobe"": 33}"
1774317159,normal,sw-wk3,0.11188888888896653,0.4311293971123946,0.0,0.0,2993.3333333333335,5524.866666666667,0,1,1,0,0,0,"{""process_exit"": 1, ""process_exec"": 1}"
1774317159,normal,sw-wk2,0.3133333333332202,0.422941635232138,4.466666666666667,3.0,2798.5,3636.9,0,0,0,0,0,0,{}
1774317159,normal,k3s-wk1,0.2826666666666925,0.7294508560224238,217.46666666666667,211.4,8470.9,4498.266666666666,0,33,3,0,32,0,"{""process_kprobe"": 32, ""process_exit"": 33, ""process_exec"": 33}"
1774317169,normal,sw-wk3,0.11188888888896653,0.4311293971123946,0.0,0.0,2993.3333333333335,5524.866666666667,0,0,0,0,0,0,{}
1774317169,normal,sw-wk2,0.3133333333332202,0.422941635232138,4.466666666666667,3.0,2798.5,3636.9,0,0,0,0,0,0,{}
1774317169,normal,k3s-wk1,0.3258888888889082,0.729258728007264,204.6,196.93333333333334,9789.666666666666,7140.333333333333,0,19,2,0,18,0,"{""process_exit"": 20, ""process_kprobe"": 18, ""process_exec"": 19}"
1774317179,normal,sw-wk3,0.11188888888896653,0.4311293971123946,0.0,0.0,2993.3333333333335,5524.866666666667,0,1,1,0,0,0,"{""process_exit"": 1, ""process_exec"": 1}"
1774317179,normal,sw-wk2,0.13511111111123075,0.42146540610227756,0.0,3.0,3052.833333333334,3900.7999999999997,0,0,0,0,0,0,{}
1774317179,normal,k3s-wk1,0.3258888888889082,0.729258728007264,204.6,196.93333333333334,9789.666666666666,7140.333333333333,0,57,3,0,51,0,"{""process_exit"": 57, ""process_exec"": 57, ""process_kprobe"": 51}"
1774317189,normal,sw-wk3,0.11755555555549402,0.4305265691929069,0.0,0.0,2444.5333333333333,5282.266666666666,0,0,0,0,0,0,{}
1774317189,normal,sw-wk2,0.13511111111123075,0.42146540610227756,0.0,3.0,3052.8333333333335,3900.7999999999997,0,0,0,0,0,0,{}
1774317189,normal,k3s-wk1,0.3258888888889082,0.729258728007264,204.6,196.93333333333334,9789.666666666666,7140.333333333333,0,57,3,0,52,0,"{""process_exit"": 57, ""process_exec"": 57, ""process_kprobe"": 52}"
1774317199,normal,sw-wk3,0.11755555555549402,0.4305265691929069,0.0,0.0,2444.5333333333333,5282.266666666666,0,0,0,0,0,0,{}
1774317199,normal,sw-wk2,0.13511111111123075,0.42146540610227756,0.0,3.0,3052.8333333333335,3900.7999999999997,0,0,0,0,0,0,{}
1774317199,normal,k3s-wk1,0.2947777777777648,0.7231198431393191,202.60000000000005,187.86666666666667,9582.633333333333,8686.7,0,33,3,0,29,0,"{""process_exit"": 33, ""process_exec"": 33, ""process_kprobe"": 29}"
1774317209,normal,sw-wk3,0.11755555555549402,0.4305265691929069,0.0,0.0,2444.5333333333333,5282.266666666666,0,1,1,0,0,0,"{""process_exit"": 1, ""process_exec"": 1}"
1774317209,normal,sw-wk2,0.16099999999997738,0.4203592290184469,0.0,0.0,4967.366666666667,4329.733333333334,0,0,0,0,0,0,{}
1774317209,normal,k3s-wk1,0.2947777777777648,0.7231198431393191,202.6,187.86666666666667,9582.633333333333,8686.7,0,54,3,0,49,0,"{""process_exit"": 54, ""process_exec"": 54, ""process_kprobe"": 49}"
1774317219,normal,sw-wk3,0.11244444444447355,0.4291876147710746,0.0,0.0,2329.4666666666667,5277.966666666666,0,0,0,0,0,0,{}
1774317219,normal,sw-wk2,0.16099999999997738,0.4203592290184469,0.0,0.0,4967.366666666667,4329.733333333334,0,0,0,0,0,0,{}
1774317219,normal,k3s-wk1,0.2947777777777648,0.7231198431393191,202.6,187.86666666666667,9582.633333333333,8686.7,0,58,3,0,57,0,"{""process_exit"": 58, ""process_exec"": 58, ""process_kprobe"": 57}"
1774317229,normal,sw-wk3,0.11244444444447355,0.4291876147710746,0.0,0.0,2329.4666666666667,5277.966666666666,0,1,1,0,0,0,"{""process_exit"": 1, ""process_exec"": 1}"
1774317229,normal,sw-wk2,0.16099999999997738,0.4203592290184469,0.0,0.0,4967.366666666667,4329.733333333334,0,0,0,0,0,0,{}
1774317229,normal,k3s-wk1,0.2717777777777681,0.7224052848363622,196.6,181.26666666666665,9264.866666666667,1321.5000000000002,0,16,2,0,13,0,"{""process_exit"": 16, ""process_exec"": 16, ""process_kprobe"": 13}"
1774317239,normal,sw-wk3,0.11244444444447355,0.4291876147710746,0.0,0.0,2329.4666666666667,5277.966666666666,0,0,0,0,0,0,{}
1774317239,normal,sw-wk2,0.08777777777779394,0.41902823536901745,0.0,0.0,503.0,3883.133333333333,0,0,0,0,0,0,{}
1774317239,normal,k3s-wk1,0.2717777777777681,0.7224052848363622,196.6,181.26666666666665,9264.866666666667,1321.5,0,12,2,0,9,0,"{""process_exit"": 12, ""process_exec"": 12, ""process_kprobe"": 9}"
1774317249,normal,sw-wk3,0.1168888888888534,0.42888321651469963,0.0,0.0,2129.6,5294.9,0,0,0,0,0,0,{}
1774317249,normal,sw-wk2,0.08777777777779394,0.41902823536901745,0.0,0.0,503.0,3883.133333333333,0,0,0,0,0,0,{}
1774317249,normal,k3s-wk1,0.2717777777777681,0.7224052848363622,196.6,181.26666666666665,9264.866666666667,1321.5,0,15,2,0,14,0,"{""process_kprobe"": 14, ""process_exit"": 15, ""process_exec"": 15}"
1774317259,normal,sw-wk3,0.1168888888888534,0.42888321651469963,0.0,0.0,2129.6,5294.9,0,1,1,0,0,0,"{""process_exit"": 1, ""process_exec"": 1}"
1774317259,normal,sw-wk2,0.08777777777779394,0.41902823536901745,0.0,0.0,503.0,3883.133333333333,0,0,0,0,0,0,{}
1774317259,normal,k3s-wk1,0.2717777777777681,0.7259938676948585,194.46666666666667,179.26666666666665,9566.933333333334,4383.133333333333,0,33,3,0,30,0,"{""process_exit"": 33, ""process_exec"": 33, ""process_kprobe"": 30}"
1774317269,normal,sw-wk3,0.1168888888888534,0.42888321651469963,0.0,0.0,2129.6,5294.9,0,0,0,0,0,0,{}
1774317269,normal,sw-wk2,0.14644714038126305,0.4214256155596938,0.0,0.0,6117.750966537795,4532.095720570591,0,0,0,0,0,0,{}
1774317269,normal,k3s-wk1,0.2717777777777681,0.7259938676948585,194.46666666666667,179.26666666666665,9566.933333333332,4383.133333333333,0,51,3,0,47,0,"{""process_exit"": 51, ""process_exec"": 51, ""process_kprobe"": 47}"
1774317279,normal,sw-wk3,0.12233333333335594,0.4290463580638679,0.0,0.0,4740.066666666667,5354.733333333334,0,0,0,0,0,0,{}
1774317279,normal,sw-wk2,0.14644714038126305,0.4214256155596938,0.0,0.0,6117.750966537795,4532.095720570591,0,0,0,0,0,0,{}
1774317279,normal,k3s-wk1,0.2717777777777681,0.7259938676948585,194.46666666666667,179.26666666666665,9566.933333333332,4383.133333333333,0,75,10,3,58,0,"{""process_exit"": 73, ""process_exec"": 75, ""process_kprobe"": 58}"
1774317289,normal,sw-wk3,0.12233333333335594,0.4290463580638679,0.0,0.0,4740.066666666667,5354.733333333334,0,1,1,0,0,0,"{""process_exit"": 1, ""process_exec"": 1}"
1774317289,normal,sw-wk2,0.14644714038126305,0.4214256155596938,0.0,0.0,6117.750966537795,4532.095720570591,0,0,0,0,0,0,{}
1774317289,normal,k3s-wk1,0.3294444444444605,0.7249529549551921,654.5666666666666,379.2,9483.133333333333,9450.9,0,29,9,2,17,0,"{""process_exit"": 33, ""process_exec"": 29, ""process_kprobe"": 17}"
1774317299,normal,sw-wk3,0.12233333333335594,0.4290463580638679,0.0,0.0,4740.066666666667,5354.733333333334,0,0,0,0,0,0,{}
1774317299,normal,sw-wk2,0.08776725785664197,0.4236757707428098,0.0,0.0,700.4600613415122,3756.834244565942,0,0,0,0,0,0,{}
1774317299,normal,k3s-wk1,0.3294444444444605,0.7249529549551921,654.5666666666666,379.2,9483.133333333333,9450.9,0,58,11,3,38,0,"{""process_exit"": 60, ""process_exec"": 58, ""process_kprobe"": 38}"
1774317309,normal,sw-wk3,0.11611111111115957,0.4289011222944864,0.0,0.0,2293.1666666666665,5296.7,0,0,0,0,0,0,{}
1774317309,normal,sw-wk2,0.08776725785664197,0.4236757707428098,0.0,0.0,700.4600613415122,3756.834244565942,0,0,0,0,0,0,{}
1774317309,normal,k3s-wk1,0.3294444444444605,0.7249529549551921,654.5666666666666,379.2,9483.133333333333,9450.9,0,42,7,2,31,0,"{""process_exit"": 42, ""process_exec"": 42, ""process_kprobe"": 31}"
1774317319,normal,sw-wk3,0.11611111111115957,0.4289011222944864,0.0,0.0,2293.1666666666665,5296.7,0,0,0,0,0,0,{}
1774317319,normal,sw-wk2,0.08776725785664197,0.4236757707428098,0.0,0.0,700.4600613415122,3756.834244565942,0,0,0,0,0,0,{}
1774317319,normal,k3s-wk1,0.30000000000000004,0.7224263399613112,1058.2000000000003,559.6666666666666,9379.6,8695.866666666667,0,44,7,2,33,0,"{""process_exit"": 44, ""process_exec"": 44, ""process_kprobe"": 33}"
1774317329,normal,sw-wk3,0.11611111111115957,0.4289011222944864,0.0,0.0,2293.1666666666665,5296.7,0,1,1,0,0,0,"{""process_exit"": 1, ""process_exec"": 1}"
1774317329,normal,sw-wk2,0.13911111111107566,0.42477398971812375,0.0,0.0,5237.566666666667,4283.166666666667,0,0,0,0,0,0,{}
1774317329,normal,k3s-wk1,0.30000000000000004,0.7224263399613112,1058.2,559.6666666666666,9379.6,8695.866666666667,0,70,10,2,54,0,"{""process_exit"": 72, ""process_exec"": 70, ""process_kprobe"": 54}"
1774317339,normal,sw-wk3,0.11233333333333972,0.4290185046286441,0.0,0.0,3834.7999999999997,5372.733333333334,0,0,0,0,0,0,{}
1774317339,normal,sw-wk2,0.13911111111107566,0.42477398971812375,0.0,0.0,5237.566666666667,4283.166666666667,0,0,0,0,0,0,{}
1774317339,normal,k3s-wk1,0.30000000000000004,0.7224263399613112,1058.2,559.6666666666666,9379.6,8695.866666666667,0,12,2,0,14,0,"{""process_kprobe"": 14, ""process_exit"": 12, ""process_exec"": 12}"
1774317349,normal,sw-wk3,0.11233333333333972,0.4290185046286441,0.0,0.0,3834.7999999999997,5372.733333333334,0,0,0,0,0,0,{}
1774317349,normal,sw-wk2,0.13911111111107566,0.42477398971812375,0.0,0.0,5237.566666666667,4283.166666666667,0,0,0,0,0,0,{}
1774317349,normal,k3s-wk1,0.28229399282287526,0.7222355278914608,193.71396193713963,198.11352198113522,9153.318001533178,3062.993700629937,0,43,3,0,42,0,"{""process_kprobe"": 42, ""process_exit"": 43, ""process_exec"": 43}"
1774317359,normal,sw-wk3,0.11233333333333972,0.4290185046286441,0.0,0.0,3834.7999999999997,5372.733333333334,0,0,0,0,0,0,{}
1774317359,normal,sw-wk2,0.07420369074193689,0.42718927565296283,0.0,0.0,437.25627437256276,3824.7175282471753,0,0,0,0,0,0,{}
1774317359,normal,k3s-wk1,0.28229399282287526,0.7222355278914608,193.71396193713963,198.11352198113522,9153.31800153318,3062.993700629937,0,18,2,0,14,0,"{""process_exit"": 18, ""process_exec"": 18, ""process_kprobe"": 14}"
1774317369,normal,sw-wk3,0.11877777777780363,0.42934876678915546,0.0,0.0,2070.1666666666665,5026.533333333333,0,1,1,0,0,0,"{""process_exit"": 1, ""process_exec"": 1}"
1774317369,normal,sw-wk2,0.07420369074193667,0.42718927565296283,0.0,0.0,437.25627437256276,3824.7175282471753,0,0,0,0,0,0,{}
1774317369,normal,k3s-wk1,0.28229399282287526,0.7222355278914608,193.71396193713963,198.11352198113522,9153.31800153318,3062.993700629937,0,18,2,0,15,0,"{""process_exit"": 18, ""process_exec"": 18, ""process_kprobe"": 15}"
1774317379,normal,sw-wk3,0.11877777777780363,0.42934876678915546,0.0,0.0,2070.1666666666665,5026.533333333333,0,0,0,0,0,0,{}
1774317379,normal,sw-wk2,0.07420369074193667,0.42718927565296283,0.0,0.0,437.25627437256276,3824.7175282471753,0,0,0,0,0,0,{}
1774317379,normal,k3s-wk1,0.2913735818027412,0.7195273124448949,208.6208620862086,201.02010201020101,9715.338200486714,8970.26369303597,0,36,3,0,32,0,"{""process_kprobe"": 32, ""process_exit"": 36, ""process_exec"": 36}"
1774317389,normal,sw-wk3,0.11877777777780363,0.42934876678915546,0.0,0.0,2070.1666666666665,5026.533333333333,0,1,1,0,0,0,"{""process_exit"": 1, ""process_exec"": 1}"
1774317389,normal,sw-wk2,0.15836028047259532,0.4245432045711375,0.0,0.0,5060.706070607061,4346.234623462346,0,0,0,0,0,0,{}
1774317389,normal,k3s-wk1,0.2913735818027412,0.7195273124448949,208.6208620862086,201.02010201020101,9715.338200486714,8970.26369303597,0,37,3,0,32,0,"{""process_kprobe"": 32, ""process_exit"": 37, ""process_exec"": 37}"
1774317399,normal,sw-wk3,0.11555555555549091,0.4294482433435264,0.0,0.0,2738.1333333333337,5540.1,0,0,0,0,0,0,{}
1774317399,normal,sw-wk2,0.15836028047259532,0.4245432045711375,0.0,0.0,5060.706070607061,4346.234623462346,0,0,0,0,0,0,{}
1774317399,normal,k3s-wk1,0.2913735818027412,0.7195273124448949,208.6208620862086,201.02010201020101,9715.338200486714,8970.26369303597,0,21,2,0,22,0,"{""process_exit"": 21, ""process_exec"": 21, ""process_kprobe"": 22}"
1774317409,normal,sw-wk3,0.11555555555549091,0.4294482433435264,0.0,0.0,2738.133333333333,5540.1,0,0,0,0,0,0,{}
1774317409,normal,sw-wk2,0.15836028047259532,0.4245432045711375,0.0,0.0,5060.706070607061,4346.234623462346,0,0,0,0,0,0,{}
1774317409,normal,k3s-wk1,0.2847777777777486,0.7213130502296324,202.6,196.06666666666666,9051.5,3141.4333333333334,0,63,3,0,58,0,"{""process_exit"": 63, ""process_exec"": 63, ""process_kprobe"": 58}"
1774317419,normal,sw-wk3,0.11555555555549091,0.4294482433435264,0.0,0.0,2738.133333333333,5540.1,0,0,0,0,0,0,{}
1774317419,normal,sw-wk2,0.1842222222222416,0.42656655366152574,0.0,0.0,915.2666666666667,3760.6,0,0,0,0,0,0,{}
1774317419,normal,k3s-wk1,0.2847777777777486,0.7213130502296324,202.6,196.06666666666666,9051.5,3141.4333333333334,0,35,3,0,31,0,"{""process_exit"": 35, ""process_exec"": 35, ""process_kprobe"": 31}"
1774317429,normal,sw-wk3,0.11699999999998711,0.42992374127341926,0.0,0.0,3330.733333333333,5060.866666666667,0,0,0,0,0,0,{}
1774317429,normal,sw-wk2,0.1842222222222416,0.42656655366152574,0.0,0.0,915.2666666666667,3760.6,0,0,0,0,0,0,{}
1774317429,normal,k3s-wk1,0.2847777777777486,0.7213130502296324,202.6,196.06666666666666,9051.5,3141.4333333333334,0,16,2,0,16,0,"{""process_kprobe"": 16, ""process_exit"": 16, ""process_exec"": 16}"
1774317439,normal,sw-wk3,0.11699999999998711,0.42992374127341926,0.0,0.0,3330.733333333333,5060.866666666667,0,1,1,0,0,0,"{""process_exit"": 1, ""process_exec"": 1}"
1774317439,normal,sw-wk2,0.1842222222222416,0.42656655366152574,0.0,0.0,915.2666666666667,3760.6,0,0,0,0,0,0,{}
1774317439,normal,k3s-wk1,0.29399999999999016,0.7239870510981563,197.73333333333332,188.2666666666667,9205.233333333334,5253.566666666667,0,13,2,0,10,0,"{""process_exit"": 15, ""process_exec"": 13, ""process_kprobe"": 10}"
1774317449,normal,sw-wk3,0.11699999999998711,0.42992374127341926,0.0,0.0,3330.733333333333,5060.866666666667,0,1,1,0,0,0,"{""process_exit"": 1, ""process_exec"": 1}"
1774317449,normal,sw-wk2,0.16200559328795094,0.41948184755447326,0.0,0.0,5281.994939406046,4357.604208283394,0,0,0,0,0,0,{}
1774317449,normal,k3s-wk1,0.29399999999999027,0.7239870510981563,197.73333333333332,188.26666666666665,9205.233333333334,5253.566666666667,0,15,2,0,11,0,"{""process_exit"": 15, ""process_exec"": 15, ""process_kprobe"": 11}"
1774317459,normal,sw-wk3,0.1284444444444186,0.4298362019055729,0.0,0.0,3369.8333333333335,5493.1,0,0,0,0,0,0,{}
1774317459,normal,sw-wk2,0.16200559328795094,0.41948184755447326,0.0,0.0,5281.994939406046,4357.604208283394,0,0,0,0,0,0,{}
1774317459,normal,k3s-wk1,0.29399999999999027,0.7239870510981563,197.73333333333332,188.26666666666665,9205.233333333334,5253.566666666667,0,39,3,0,38,0,"{""process_exit"": 39, ""process_exec"": 39, ""process_kprobe"": 38}"
1774317482,normal,sw-wk3,0.1284444444444186,0.4298362019055729,0.0,0.0,3369.8333333333335,5493.1,0,0,0,0,0,0,{}
1774317482,normal,sw-wk2,0.23461545416733165,0.4195972401279664,0.0,0.0,212.28231975261758,1048.6898497260347,0,0,0,0,0,0,{}
1774317482,normal,k3s-wk1,0.3117798154605196,0.7356450105933597,138.53372938998666,123.85380343536097,7587.928882000948,3994.6833699255244,0,3,2,0,2,0,"{""process_exit"": 3, ""process_exec"": 3, ""process_kprobe"": 2}"
1774317491,normal,sw-wk3,0.23355555555552,0.42952384552484824,0.0,0.0,1363.1666666666667,4059.633333333333,0,0,0,0,0,0,{}
1774317491,normal,sw-wk2,0.23461545416733165,0.4195972401279664,0.0,0.0,212.28231975261758,1048.6898497260347,0,0,0,0,0,0,{}
1774317491,normal,k3s-wk1,0.3117798154605196,0.7356450105933597,138.53372938998666,123.85380343536097,7587.928882000948,3994.6833699255244,0,40,3,0,38,0,"{""process_exit"": 41, ""process_exec"": 40, ""process_kprobe"": 38}"
1774317501,normal,sw-wk3,0.23355555555552,0.42952384552484824,0.0,0.0,1363.1666666666667,4059.633333333333,0,1,1,0,0,0,"{""process_exit"": 1, ""process_exec"": 1}"
1774317501,normal,sw-wk2,0.23461545416733165,0.4195972401279664,0.0,0.0,212.28231975261758,1048.6898497260347,0,0,0,0,0,0,{}
1774317501,normal,k3s-wk1,0.6935528807496436,0.7356002684528431,115.09995077044258,110.23830059567763,1681.1951151971643,1514.8475557524737,0,33,3,0,31,0,"{""process_kprobe"": 31, ""process_exit"": 33, ""process_exec"": 33}"
1774317511,normal,sw-wk3,0.23355555555552,0.42952384552484824,0.0,0.0,1363.1666666666667,4059.633333333333,0,0,0,0,0,0,{}
1774317511,normal,sw-wk2,0.541165829653332,0.4195972401279664,0.0,0.0,643.5189886570265,588.6163477357347,0,0,0,0,0,0,{}
1774317511,normal,k3s-wk1,0.689888888888931,0.7356002684528431,116.13333333333333,111.06666666666666,1691.5,1522.2666666666667,0,60,3,0,54,0,"{""process_exit"": 60, ""process_exec"": 60, ""process_kprobe"": 54}"
1774317521,normal,sw-wk3,0.08655555555564609,0.42951190833832376,0.0,0.0,853.5,5191.4,0,0,0,0,0,0,{}
1774317521,normal,sw-wk2,0.33544029786124463,0.4195972401279664,0.0,0.0,928.9115940774094,848.9046670707421,0,0,0,0,0,0,{}
1774317521,normal,k3s-wk1,0.689888888888931,0.7356002684528431,116.13333333333333,111.06666666666666,1691.5,1522.2666666666667,0,16,2,0,17,0,"{""process_kprobe"": 17, ""process_exit"": 16, ""process_exec"": 16}"
1774317531,normal,sw-wk3,0.08655555555564609,0.42951190833832376,0.0,0.0,853.5,5191.4,0,0,0,0,0,0,{}
1774317531,normal,sw-wk2,0.5041830822293103,0.4195972401279664,0.0,0.0,690.8315525153693,630.7644644557971,0,0,0,0,0,0,{}
1774317531,normal,k3s-wk1,0.3170578598441419,0.7353002329223197,214.0002755959763,200.03674613017316,5179.780441872215,1876.3263056359376,0,33,3,0,31,0,"{""process_kprobe"": 31, ""process_exit"": 33, ""process_exec"": 33}"
1774317541,normal,sw-wk3,0.08655555555564609,0.42951190833832376,0.0,0.0,853.5,5191.4,0,0,0,0,0,0,{}
1774317541,normal,sw-wk2,0.3345637626025292,0.4195972401279664,2.5236355418283174,0.0,343.8666666666667,534.4,0,0,0,0,0,0,{}
1774317541,normal,k3s-wk1,0.3188888888888566,0.7353002329223197,194.46666666666667,179.26666666666665,5826.433333333333,1201.0333333333333,0,15,2,0,12,0,"{""process_kprobe"": 12, ""process_exit"": 15, ""process_exec"": 15}"
1774317551,normal,sw-wk3,0.12944444444446068,0.4284514882687299,0.0,0.0,8265.766666666666,5719.366666666667,0,106,7,0,0,0,"{""process_exec"": 106, ""process_exit"": 106}"
1774317551,normal,sw-wk2,0.33388888888900203,0.4195972401279664,4.466666666666667,0.0,343.8666666666667,534.4,0,0,0,0,0,0,{}
1774317551,normal,k3s-wk1,0.3188888888888566,0.7353002329223197,194.46666666666667,179.26666666666665,5826.433333333333,1201.0333333333333,0,39,3,0,34,0,"{""process_exit"": 39, ""process_exec"": 39, ""process_kprobe"": 34}"
1774317561,normal,sw-wk3,0.12944444444446068,0.4284514882687299,0.0,0.0,8265.766666666666,5719.366666666667,0,1,1,0,0,0,"{""process_exit"": 1, ""process_exec"": 1}"
1774317561,normal,sw-wk2,0.33388888888900203,0.4195972401279664,4.466666666666667,0.0,343.8666666666667,534.4,0,0,0,0,0,0,{}
1774317561,normal,k3s-wk1,0.3020000000000841,0.7342106302062086,191.6,176.4,29643.399999999998,18747.4,0,12,2,0,10,0,"{""process_exit"": 12, ""process_exec"": 12, ""process_kprobe"": 10}"
1774317571,normal,sw-wk3,0.12944444444446068,0.4284514882687299,0.0,0.0,8265.766666666666,5719.366666666667,0,0,0,0,0,0,{}
1774317571,normal,sw-wk2,0.35275296627114117,0.422899855162425,0.0,5.999200106652447,15565.657912278364,6614.551393147581,0,0,0,0,0,0,{}
1774317571,normal,k3s-wk1,0.3020000000000841,0.7342106302062086,191.6,176.4,29643.399999999998,18747.4,0,34,3,0,30,0,"{""process_exit"": 34, ""process_exec"": 34, ""process_kprobe"": 30}"
1774317581,normal,sw-wk3,0.14622222222218018,0.4260083440933806,0.0,0.0,12816.866666666667,28749.533333333333,0,0,0,0,0,0,{}
1774317581,normal,sw-wk2,0.35275296627114117,0.422899855162425,0.0,5.999200106652447,15565.657912278364,6614.551393147581,0,0,0,0,0,0,{}
1774317581,normal,k3s-wk1,0.3020000000000841,0.7342106302062086,191.6,176.4,29643.399999999998,18747.4,0,33,3,0,35,0,"{""process_exit"": 33, ""process_exec"": 33, ""process_kprobe"": 35}"
1774317591,normal,sw-wk3,0.14622222222218018,0.4260083440933806,0.0,0.0,12816.866666666667,28749.533333333333,0,0,0,0,0,0,{}
1774317591,normal,sw-wk2,0.35275296627114117,0.422899855162425,0.0,5.999200106652447,15565.657912278364,6614.551393147581,0,0,0,0,0,0,{}
1774317591,normal,k3s-wk1,0.34322222222213494,0.7361148030687845,194.4666666666667,179.26666666666665,13990.4,29451.866666666665,0,16,3,0,13,0,"{""process_exit"": 15, ""process_exec"": 16, ""process_kprobe"": 13}"
1774317601,normal,sw-wk3,0.14622222222218018,0.4260083440933806,0.0,0.0,12816.866666666667,28749.533333333333,0,0,0,0,0,0,{}
1774317601,normal,sw-wk2,0.0788771836244897,0.4231206926737653,0.0,0.0,9832.511001466863,4349.4465928790505,0,0,0,0,0,0,{}
1774317601,normal,k3s-wk1,0.34322222222213494,0.7361148030687845,194.46666666666667,179.26666666666665,13990.4,29451.866666666665,0,58,3,0,52,0,"{""process_exit"": 58, ""process_exec"": 58, ""process_kprobe"": 52}"
1774317611,normal,sw-wk3,0.1047777777778619,0.4262411192306086,4.466666666666667,6.0,3747.7000000000007,5350.666666666667,0,1,1,0,0,0,"{""process_exit"": 1, ""process_exec"": 1}"
1774317611,normal,sw-wk2,0.0788771836244897,0.4231206926737653,0.0,0.0,9832.511001466863,4349.4465928790505,0,0,0,0,0,0,{}
1774317611,normal,k3s-wk1,0.34322222222213494,0.7361148030687845,194.46666666666667,179.26666666666665,13990.4,29451.866666666665,0,63,3,0,57,0,"{""process_exit"": 63, ""process_exec"": 63, ""process_kprobe"": 57}"
1774317621,normal,sw-wk3,0.1047777777778619,0.4262411192306086,4.466666666666667,6.0,3747.7,5350.666666666667,0,0,0,0,0,0,{}
1774317621,normal,sw-wk2,0.0788771836244897,0.4231206926737653,0.0,0.0,9832.511001466863,4349.4465928790505,0,0,0,0,0,0,{}
1774317621,normal,k3s-wk1,0.3024444444444573,0.7651919306233633,194.4666666666667,179.26666666666665,9694.466666666667,8836.966666666667,0,36,3,0,32,0,"{""process_exit"": 36, ""process_exec"": 36, ""process_kprobe"": 32}"
1774317631,normal,sw-wk3,0.1047777777778619,0.4262411192306086,4.466666666666667,6.0,3747.7,5350.666666666667,0,0,0,0,0,0,{}
1774317631,normal,sw-wk2,0.1596666666666956,0.4167442582247052,0.0,0.0,5349.7,4381.4,0,0,0,0,0,0,{}
1774317631,normal,k3s-wk1,0.3024444444444573,0.7651919306233633,194.46666666666667,179.26666666666665,9694.466666666667,8836.966666666667,0,78,3,0,71,0,"{""process_exit"": 78, ""process_exec"": 78, ""process_kprobe"": 71}"
1774317641,normal,sw-wk3,0.08811111111111436,0.42636248062694104,0.0,0.0,4222.133333333333,5302.7,0,0,0,0,0,0,{}
1774317641,normal,sw-wk2,0.15966666666669582,0.4167442582247052,0.0,0.0,5349.7,4381.4,0,0,0,0,0,0,{}
1774317641,normal,k3s-wk1,0.3024444444444573,0.7651919306233633,194.46666666666667,179.26666666666665,9694.466666666667,8836.966666666667,0,19,2,0,18,0,"{""process_exit"": 19, ""process_exec"": 19, ""process_kprobe"": 18}"
1774317651,normal,sw-wk3,0.08811111111111436,0.42636248062694104,0.0,0.0,4222.133333333333,5302.7,0,1,1,0,0,0,"{""process_exit"": 1, ""process_exec"": 1}"
1774317651,normal,sw-wk2,0.15966666666669582,0.4167442582247052,0.0,0.0,5349.7,4381.4,0,0,0,0,0,0,{}
1774317651,normal,k3s-wk1,0.2769999999999224,0.792666236791199,194.46666666666667,179.2666666666667,8985.6,3109.866666666667,0,36,3,0,31,0,"{""process_exit"": 36, ""process_exec"": 36, ""process_kprobe"": 31}"
1774317661,normal,sw-wk3,0.08811111111111436,0.42636248062694104,0.0,0.0,4222.133333333333,5302.7,0,0,0,0,0,0,{}
1774317661,normal,sw-wk2,0.0646666666665826,0.4168497031625523,0.0,0.0,266.3666666666667,3735.4666666666667,0,0,0,0,0,0,{}
1774317661,normal,k3s-wk1,0.2769999999999224,0.792666236791199,194.46666666666667,179.26666666666665,8985.6,3109.866666666667,0,13,2,0,9,0,"{""process_exit"": 13, ""process_exec"": 13, ""process_kprobe"": 9}"
1774317671,normal,sw-wk3,0.09711111111100756,0.42670865903615174,0.0,0.0,1985.5333333333333,5222.866666666667,0,0,0,0,0,0,{}
1774317671,normal,sw-wk2,0.0646666666665826,0.4168497031625523,0.0,0.0,266.3666666666667,3735.4666666666667,0,0,0,0,0,0,{}
1774317671,normal,k3s-wk1,0.2769999999999224,0.792666236791199,194.46666666666667,179.26666666666665,8985.6,3109.866666666667,0,12,2,0,11,0,"{""process_exit"": 12, ""process_exec"": 12, ""process_kprobe"": 11}"
1774317681,normal,sw-wk3,0.09711111111100756,0.42670865903615174,0.0,0.0,1985.5333333333333,5222.866666666667,0,1,1,0,0,0,"{""process_exit"": 1, ""process_exec"": 1}"
1774317681,normal,sw-wk2,0.0646666666665826,0.4168497031625523,0.0,0.0,266.3666666666667,3735.4666666666667,0,0,0,0,0,0,{}
1774317681,normal,k3s-wk1,0.2818888888889989,0.8255477622350015,191.6,176.4,9336.2,3982.7666666666664,0,42,3,0,37,0,"{""process_kprobe"": 37, ""process_exit"": 42, ""process_exec"": 42}"
1774317691,normal,sw-wk3,0.09711111111100756,0.42670865903615174,0.0,0.0,1985.5333333333333,5222.866666666667,0,0,0,0,0,0,{}
1774317691,normal,sw-wk2,0.18222222222223838,0.4176276082700664,0.0,0.0,5032.633333333333,4403.033333333334,0,0,0,0,0,0,{}
1774317691,normal,k3s-wk1,0.2818888888889989,0.8255477622350015,191.6,176.4,9336.2,3982.7666666666664,0,37,3,0,32,0,"{""process_kprobe"": 32, ""process_exit"": 37, ""process_exec"": 37}"
1774317701,normal,sw-wk3,0.0951111111111661,0.42620729720212247,0.0,0.0,2662.0666666666666,5274.866666666667,0,0,0,0,0,0,{}
1774317701,normal,sw-wk2,0.18222222222223838,0.4176276082700664,0.0,0.0,5032.633333333333,4403.033333333333,0,0,0,0,0,0,{}
1774317701,normal,k3s-wk1,0.2818888888889989,0.8255477622350015,191.6,176.4,9336.2,3982.7666666666664,0,15,2,0,18,0,"{""process_kprobe"": 18, ""process_exit"": 15, ""process_exec"": 15}"
1774317711,normal,sw-wk3,0.0951111111111661,0.42620729720212247,0.0,0.0,2662.0666666666666,5274.866666666667,0,0,0,0,0,0,{}
1774317711,normal,sw-wk2,0.18222222222223838,0.4176276082700664,0.0,0.0,5032.633333333333,4403.033333333333,0,0,0,0,0,0,{}
1774317711,normal,k3s-wk1,0.3057777777777422,0.8564790567304023,389.6333333333333,271.7,9427.266666666668,7059.433333333333,0,39,3,0,34,0,"{""process_exit"": 39, ""process_exec"": 39, ""process_kprobe"": 34}"
1774317721,normal,sw-wk3,0.0951111111111661,0.42620729720212247,0.0,0.0,2662.0666666666666,5274.866666666667,0,0,0,0,0,0,{}
1774317721,normal,sw-wk2,0.06455555555561066,0.417623629215808,0.0,0.0,928.3,3769.633333333333,0,0,0,0,0,0,{}
1774317721,normal,k3s-wk1,0.3057777777777422,0.8564790567304023,389.6333333333333,271.7,9427.266666666666,7059.433333333333,0,15,2,0,11,0,"{""process_kprobe"": 11, ""process_exit"": 15, ""process_exec"": 15}"
1774317731,normal,sw-wk3,0.1620837916208573,0.42641619796630137,0.0,0.0,3501.4498550144986,5142.319101423192,0,0,0,0,0,0,{}
1774317731,normal,sw-wk2,0.06455555555561066,0.417623629215808,0.0,0.0,928.3,3769.633333333333,0,0,0,0,0,0,{}
1774317731,normal,k3s-wk1,0.3057777777777422,0.8564790567304023,389.6333333333333,271.7,9427.266666666666,7059.433333333333,0,36,3,0,32,0,"{""process_exit"": 37, ""process_exec"": 36, ""process_kprobe"": 32}"
1774317741,normal,sw-wk3,0.1620837916208573,0.42641619796630137,0.0,0.0,3501.4498550144986,5142.319101423192,0,1,1,0,0,0,"{""process_exit"": 1, ""process_exec"": 1}"
1774317741,normal,sw-wk2,0.06455555555561066,0.417623629215808,0.0,0.0,928.3,3769.633333333333,0,0,0,0,0,0,{}
1774317741,normal,k3s-wk1,0.3384444444445156,0.7288218341645721,196.46666666666667,181.26666666666665,9503.5,7317.566666666667,0,34,3,0,29,0,"{""process_exit"": 34, ""process_exec"": 34, ""process_kprobe"": 29}"
1774317751,normal,sw-wk3,0.1620837916208573,0.42641619796630137,0.0,0.0,3501.4498550144986,5142.319101423192,0,0,0,0,0,0,{}
1774317751,normal,sw-wk2,0.1732764558198856,0.42306100685988957,0.0,0.0,4888.622275544892,4351.36306072119,0,0,0,0,0,0,{}
1774317751,normal,k3s-wk1,0.3384444444445156,0.7288218341645721,196.46666666666667,181.26666666666665,9503.5,7317.566666666667,0,40,3,0,33,0,"{""process_kprobe"": 33, ""process_exit"": 40, ""process_exec"": 40}"
1774317762,normal,sw-wk3,0.12657932459906196,0.42676834496877436,0.0,0.0,4026.4359769310263,5341.700836750341,0,0,0,0,0,0,{}
1774317762,normal,sw-wk2,0.1732764558198856,0.42306100685988957,0.0,0.0,4888.622275544892,4351.36306072119,0,0,0,0,0,0,{}
1774317762,normal,k3s-wk1,0.3384444444445156,0.7288218341645721,196.46666666666667,181.26666666666665,9503.5,7317.566666666667,0,15,2,0,17,0,"{""process_kprobe"": 17, ""process_exit"": 15, ""process_exec"": 15}"
1774317772,normal,sw-wk3,0.12657932459906196,0.42676834496877436,0.0,0.0,4026.4359769310263,5341.700836750341,0,0,0,0,0,0,{}
1774317772,normal,sw-wk2,0.1732764558198856,0.42306100685988957,0.0,0.0,4888.622275544892,4351.36306072119,0,0,0,0,0,0,{}
1774317772,normal,k3s-wk1,0.32688888888878864,0.7251424510797331,216.1,192.36666666666667,9040.966666666667,5024.333333333333,0,15,2,0,13,0,"{""process_kprobe"": 13, ""process_exit"": 15, ""process_exec"": 15}"
1774317782,normal,sw-wk3,0.12657932459906196,0.42676834496877436,0.0,0.0,4026.4359769310263,5341.700836750341,0,1,1,0,0,0,"{""process_exit"": 1, ""process_exec"": 1}"
1774317782,normal,sw-wk2,0.07259229623705765,0.4230590173327603,0.0,0.0,335.2337134093485,3759.885310395412,0,0,0,0,0,0,{}
1774317782,normal,k3s-wk1,0.32688888888878864,0.7251424510797331,216.1,192.36666666666667,9040.966666666667,5024.333333333333,0,16,2,0,12,0,"{""process_exit"": 16, ""process_exec"": 16, ""process_kprobe"": 12}"
1774317792,normal,sw-wk3,0.11888888888893734,0.4262490773549582,0.0,0.0,2111.8,5297.9,0,0,0,0,0,0,{}
1774317792,normal,sw-wk2,0.07259229623705765,0.4230590173327603,0.0,0.0,335.2337134093485,3759.885310395412,0,0,0,0,0,0,{}
1774317792,normal,k3s-wk1,0.32688888888878864,0.7251424510797331,216.1,192.36666666666667,9040.966666666667,5024.333333333333,0,15,2,0,13,0,"{""process_kprobe"": 13, ""process_exit"": 16, ""process_exec"": 15}"
1774317802,normal,sw-wk3,0.11888888888893734,0.4262490773549582,0.0,0.0,2111.8,5297.9,0,0,0,0,0,0,{}
1774317802,normal,sw-wk2,0.07259229623705765,0.4230590173327603,0.0,0.0,335.2337134093485,3759.885310395412,0,0,0,0,0,0,{}
1774317802,normal,k3s-wk1,0.2684444444444024,0.726357068600229,199.7,185.0,9349.033333333333,4107.366666666667,0,42,3,0,36,0,"{""process_kprobe"": 36, ""process_exit"": 42, ""process_exec"": 42}"
1774317812,normal,sw-wk3,0.11888888888893734,0.4262490773549582,0.0,0.0,2111.8,5297.9,0,0,0,0,0,0,{}
1774317812,normal,sw-wk2,0.13855555555556842,0.4225775517674959,0.0,0.0,5047.933333333333,4387.733333333334,0,0,0,0,0,0,{}
1774317812,normal,k3s-wk1,0.2684444444444024,0.726357068600229,199.7,185.0,9349.033333333333,4107.366666666667,0,12,2,0,9,0,"{""process_kprobe"": 9, ""process_exit"": 12, ""process_exec"": 12}"
1774317822,normal,sw-wk3,0.12111111111112727,0.4313840570915841,4.466666666666667,6.0,2636.8333333333335,5017.1,0,0,0,0,0,0,{}
1774317822,normal,sw-wk2,0.13855555555556842,0.4225775517674959,0.0,0.0,5047.933333333333,4387.733333333334,0,0,0,0,0,0,{}
1774317822,normal,k3s-wk1,0.2684444444444024,0.726357068600229,199.7,185.0,9349.033333333333,4107.366666666667,0,37,3,0,36,0,"{""process_exit"": 37, ""process_exec"": 37, ""process_kprobe"": 36}"
1774317832,normal,sw-wk3,0.12111111111112727,0.4313840570915841,4.466666666666667,6.0,2636.8333333333335,5017.1,0,1,1,0,0,0,"{""process_exit"": 1, ""process_exec"": 1}"
1774317832,normal,sw-wk2,0.13855555555556842,0.4225775517674959,0.0,0.0,5047.933333333333,4387.733333333334,0,0,0,0,0,0,{}
1774317832,normal,k3s-wk1,0.2838888888890021,0.7254609098445868,201.06666666666666,187.26666666666665,9044.633333333333,5944.2,0,36,3,0,31,0,"{""process_exit"": 36, ""process_exec"": 36, ""process_kprobe"": 31}"
1774317842,normal,sw-wk3,0.12111111111112727,0.4313840570915841,4.466666666666667,6.0,2636.8333333333335,5017.1,0,0,0,0,0,0,{}
1774317842,normal,sw-wk2,0.06622222222229335,0.4225735727132375,0.0,0.0,255.06666666666666,3705.0,0,0,0,0,0,0,{}
1774317842,normal,k3s-wk1,0.2838888888890021,0.7254609098445868,201.06666666666666,187.26666666666665,9044.633333333333,5944.2,0,39,3,0,33,0,"{""process_kprobe"": 33, ""process_exit"": 39, ""process_exec"": 39}"
1774317852,normal,sw-wk3,0.10877777777770659,0.43160887410446236,0.0,0.0,2271.3333333333335,5232.866666666667,0,0,0,0,0,0,{}
1774317852,normal,sw-wk2,0.06622222222229335,0.4225735727132375,0.0,0.0,255.06666666666666,3705.0,0,0,0,0,0,0,{}
1774317852,normal,k3s-wk1,0.2838888888890021,0.7254609098445868,201.06666666666666,187.26666666666665,9044.633333333333,5944.2,0,33,3,0,31,0,"{""process_kprobe"": 31, ""process_exit"": 33, ""process_exec"": 33}"
1774317862,normal,sw-wk3,0.10877777777770659,0.43160887410446236,0.0,0.0,2271.3333333333335,5232.866666666667,0,1,1,0,0,0,"{""process_exit"": 1, ""process_exec"": 1}"
1774317862,normal,sw-wk2,0.06622222222229335,0.4225735727132375,0.0,0.0,255.06666666666666,3705.0,0,0,0,0,0,0,{}
1774317862,normal,k3s-wk1,0.29373729293729534,0.7248016212446211,194.44722194447223,179.24874179248744,9772.022797720228,8789.387727893878,0,41,3,0,36,0,"{""process_kprobe"": 36, ""process_exit"": 41, ""process_exec"": 41}"
1774317872,normal,sw-wk3,0.10877777777770659,0.43160887410446236,0.0,0.0,2271.3333333333335,5232.866666666667,0,0,0,0,0,0,{}
1774317872,normal,sw-wk2,0.14888888888882423,0.4231664517977367,0.0,0.0,5195.266666666666,4331.733333333334,0,0,0,0,0,0,{}
1774317872,normal,k3s-wk1,0.29373729293729534,0.7248016212446211,194.44722194447223,179.24874179248744,9772.022797720228,8789.387727893878,0,16,2,0,13,0,"{""process_kprobe"": 13, ""process_exit"": 16, ""process_exec"": 16}"
1774317882,normal,sw-wk3,0.1101111111111499,0.43158897879358815,0.0,0.0,2563.8,5363.433333333333,0,0,0,0,0,0,{}
1774317882,normal,sw-wk2,0.14888888888882423,0.4231664517977367,0.0,0.0,5195.266666666666,4331.733333333334,0,0,0,0,0,0,{}
1774317882,normal,k3s-wk1,0.29373729293729534,0.7248016212446211,194.44722194447223,179.24874179248744,9772.022797720228,8789.387727893878,0,10,2,0,13,0,"{""process_kprobe"": 13, ""process_exit"": 10, ""process_exec"": 10}"
1774317892,normal,sw-wk3,0.1101111111111499,0.43158897879358815,0.0,0.0,2563.8,5363.433333333333,0,1,1,0,0,0,"{""process_exit"": 1, ""process_exec"": 1}"
1774317892,normal,sw-wk2,0.14888888888882423,0.4231664517977367,0.0,0.0,5195.266666666666,4331.733333333334,0,0,0,0,0,0,{}
1774317892,normal,k3s-wk1,0.3529678697525004,0.7246884499480202,792.0775641664177,468.14091709001553,8942.856194176045,3411.262741972972,0,13,3,0,10,0,"{""process_exec"": 13, ""process_exit"": 12, ""process_kprobe"": 10}"
1774317904,normal,sw-wk3,0.15666490811567746,0.43194112579606114,0.0,0.0,3407.049591136903,5268.596676338697,0,0,0,0,0,0,{}
1774317904,normal,sw-wk2,0.07399999999995799,0.4232878129526174,0.0,0.0,674.6,3760.4,0,0,0,0,0,0,{}
1774317904,normal,k3s-wk1,0.3529678697525004,0.7246884499480202,792.0775641664176,468.14091709001553,8942.856194176045,3411.262741972972,0,12,2,0,9,0,"{""process_kprobe"": 9, ""process_exit"": 12, ""process_exec"": 12}"
1774317914,normal,sw-wk3,0.15666490811567746,0.43194112579606114,0.0,0.0,3407.049591136903,5268.596676338697,0,0,0,0,0,0,{}
1774317914,normal,sw-wk2,0.07399999999995799,0.4232878129526174,0.0,0.0,674.6,3760.4,0,0,0,0,0,0,{}
1774317914,normal,k3s-wk1,0.3529678697525004,0.7246884499480202,792.0775641664176,468.14091709001553,8942.856194176045,3411.262741972972,0,54,3,0,51,0,"{""process_exit"": 54, ""process_exec"": 54, ""process_kprobe"": 51}"
1774317924,normal,sw-wk3,0.15666490811567746,0.43194112579606114,0.0,0.0,3407.049591136903,5268.596676338697,0,1,1,0,0,0,"{""process_exit"": 1, ""process_exec"": 1}"
1774317924,normal,sw-wk2,0.07399999999995799,0.4232878129526174,0.0,0.0,5042.495750424958,4531.546845315467,0,0,0,0,0,0,{}
1774317924,normal,k3s-wk1,0.537037037037037,0.7273269202931927,203.41365461847388,188.6211512717537,9464.993306559572,4035.475234270415,0,57,3,0,51,0,"{""process_exit"": 57, ""process_exec"": 57, ""process_kprobe"": 51}"
1774317934,normal,sw-wk3,0.12364069380783205,0.43192123048518694,0.0,0.0,4316.156645996225,5512.166352116474,0,0,0,0,0,0,{}
1774317934,normal,sw-wk2,0.14241909142416498,0.42233681898486364,0.0,0.0,5042.495750424958,4531.546845315469,0,0,0,0,0,0,{}
1774317934,normal,k3s-wk1,0.537037037037037,0.7273269202931927,203.41365461847388,188.6211512717537,9464.993306559572,4035.475234270415,0,12,2,0,11,0,"{""process_exit"": 12, ""process_exec"": 12, ""process_kprobe"": 11}"
1774317944,normal,sw-wk3,0.12364069380783171,0.43192123048518694,0.0,0.0,4316.156645996226,5512.166352116474,0,0,0,0,0,0,{}
1774317944,normal,sw-wk2,0.14241909142416498,0.42233681898486364,0.0,0.0,5042.495750424958,4531.546845315469,0,0,0,0,0,0,{}
1774317944,normal,k3s-wk1,0.537037037037037,0.7273269202931927,203.41365461847388,188.6211512717537,9464.993306559572,4035.475234270415,0,37,3,0,37,0,"{""process_exit"": 37, ""process_exec"": 37, ""process_kprobe"": 37}"
1774317954,normal,sw-wk3,0.12364069380783171,0.43192123048518694,0.0,0.0,4316.156645996226,5512.166352116474,0,0,0,0,0,0,{}
1774317954,normal,sw-wk2,0.14241909142416498,0.42233681898486364,0.0,0.0,1824.0666666666666,3878.133333333333,0,0,0,0,0,0,{}
1774317954,normal,k3s-wk1,0.6051594569692966,0.7278164519482571,191.4149655333178,176.2296446768124,9540.444237237334,7837.257317926004,0,18,2,0,14,0,"{""process_exit"": 18, ""process_exec"": 18, ""process_kprobe"": 14}"
1774317964,normal,sw-wk3,0.11988888888897942,0.4319988221975962,0.0,0.0,2487.6666666666665,5028.7333333333345,0,0,0,0,0,0,{}
1774317964,normal,sw-wk2,0.07866666666668609,0.4221736777602699,0.0,0.0,1824.0666666666666,3878.133333333333,0,0,0,0,0,0,{}
1774317964,normal,k3s-wk1,0.6051594569692966,0.7278164519482571,191.4149655333178,176.2296446768124,9540.444237237338,7837.257317926004,0,33,3,0,30,0,"{""process_exit"": 34, ""process_exec"": 33, ""process_kprobe"": 30}"
1774317974,normal,sw-wk3,0.11988888888897942,0.4319988221975962,0.0,0.0,2487.6666666666665,5028.733333333334,0,1,1,0,0,0,"{""process_exit"": 1, ""process_exec"": 1}"
1774317974,normal,sw-wk2,0.07866666666668609,0.4221736777602699,0.0,0.0,1824.0666666666666,3878.133333333333,0,0,0,0,0,0,{}
1774317974,normal,k3s-wk1,0.6051594569692966,0.7278164519482571,191.4149655333178,176.2296446768124,9540.444237237338,7837.257317926004,0,15,2,0,13,0,"{""process_exec"": 15, ""process_kprobe"": 13, ""process_exit"": 14}"
1774317984,transition,sw-wk3,0.11988888888897942,0.4319988221975962,0.0,0.0,2487.6666666666665,5028.733333333334,10,0,0,0,0,0,{}
1774317984,transition,sw-wk2,0.0,0.41913566983399386,0.0,0.0,5207.886140923938,4408.372775148323,10,0,0,0,0,0,{}
1774317984,transition,k3s-wk1,0.5734282009509153,0.7273611348712348,193.93556538218573,178.80772683445824,9576.719752634905,6726.767962230276,10,36,3,0,31,0,"{""process_exit"": 36, ""process_exec"": 36, ""process_kprobe"": 31}"
1774317995,normal,sw-wk3,0.10711111111102378,0.4315730625448888,0.0,0.0,2647.9333333333334,5264.466666666666,0,0,0,0,0,0,{}
1774317995,normal,sw-wk2,0.16183365553404971,0.41913566983399386,0.0,0.0,5207.886140923938,4408.372775148323,0,0,0,0,0,0,{}
1774317995,normal,k3s-wk1,0.5734282009509153,0.7273611348712348,193.93556538218573,178.80772683445824,9576.719752634905,6726.767962230276,0,58,3,0,50,0,"{""process_exit"": 58, ""process_exec"": 58, ""process_kprobe"": 50}"
1774318005,normal,sw-wk3,0.10711111111102378,0.4315730625448888,0.0,0.0,2647.9333333333334,5264.466666666666,0,0,0,0,0,0,{}
1774318005,normal,sw-wk2,0.16183365553404971,0.41913566983399386,0.0,0.0,5207.886140923938,4408.372775148323,0,0,0,0,0,0,{}
1774318005,normal,k3s-wk1,0.6248731926469107,0.7292653077338106,131.0324069429116,120.86552289221096,9076.552623658072,5232.166148289355,0,12,2,0,14,0,"{""process_kprobe"": 14, ""process_exit"": 12, ""process_exec"": 12}"
1774318015,normal,sw-wk3,0.10711111111102378,0.4315730625448888,0.0,0.0,2647.9333333333334,5264.466666666666,0,0,0,0,0,0,{}
1774318015,normal,sw-wk2,0.07584597432909701,0.4192450938260994,0.0,0.0,974.5957659609934,3786.731121853642,0,0,0,0,0,0,{}
1774318015,normal,k3s-wk1,0.6248731926469107,0.7292653077338106,131.03240694291162,120.86552289221096,9076.552623658072,5232.166148289355,0,16,2,0,12,0,"{""process_kprobe"": 12, ""process_exit"": 19, ""process_exec"": 16}"
1774318025,normal,sw-wk3,0.12566666666672155,0.4315253137987908,0.0,0.0,4178.933333333333,5425.266666666666,0,1,1,0,0,0,"{""process_exit"": 1, ""process_exec"": 1}"
1774318025,normal,sw-wk2,0.07584597432909701,0.4192450938260994,0.0,0.0,974.5957659609934,3786.731121853642,0,0,0,0,0,0,{}
1774318025,normal,k3s-wk1,0.6248731926469107,0.7292653077338106,131.0324069429116,120.86552289221096,9076.552623658072,5232.166148289355,0,12,2,0,10,0,"{""process_exit"": 12, ""process_exec"": 12, ""process_kprobe"": 10}"
1774318035,normal,sw-wk3,0.12566666666672166,0.4315253137987908,0.0,0.0,4178.933333333333,5425.266666666666,0,0,0,0,0,0,{}
1774318035,normal,sw-wk2,0.07584597432909701,0.4192450938260994,0.0,0.0,974.5957659609934,3786.731121853642,0,0,0,0,0,0,{}
1774318035,normal,k3s-wk1,0.3206192556040336,0.7266268373886382,191.64471710065678,176.44116960624146,9556.363151401994,7153.969259493881,0,12,2,0,11,0,"{""process_kprobe"": 11, ""process_exit"": 12, ""process_exec"": 12}"
1774318045,normal,sw-wk3,0.12566666666672166,0.4315253137987908,0.0,0.0,4178.933333333333,5425.266666666666,0,1,1,0,0,0,"{""process_exit"": 1, ""process_exec"": 1}"
1774318045,normal,sw-wk2,0.14127116291988584,0.4173610116347547,0.0,0.0,5323.630308076604,4414.654454621149,0,0,0,0,0,0,{}
1774318045,normal,k3s-wk1,0.3206192556040336,0.7266268373886382,191.64471710065683,176.44116960624146,9556.363151401994,7153.969259493881,0,58,3,0,52,0,"{""process_exit"": 58, ""process_exec"": 58, ""process_kprobe"": 52}"
1774318055,normal,sw-wk3,0.11555555555549069,0.431193062107192,0.0,0.0,2673.733333333333,5257.733333333334,0,0,0,0,0,0,{}
1774318055,normal,sw-wk2,0.14127116291988584,0.4173610116347547,0.0,0.0,5323.630308076603,4414.65445462115,0,0,0,0,0,0,{}
1774318055,normal,k3s-wk1,0.3206192556040336,0.7266268373886382,191.64471710065683,176.44116960624146,9556.363151401994,7153.969259493882,0,39,3,0,35,0,"{""process_exit"": 39, ""process_exec"": 39, ""process_kprobe"": 35}"
1774318065,normal,sw-wk3,0.11555555555549091,0.431193062107192,0.0,0.0,2673.733333333333,5257.733333333334,0,0,0,0,0,0,{}
1774318065,normal,sw-wk2,0.14127116291988584,0.4173610116347547,0.0,0.0,5323.630308076604,4414.65445462115,0,0,0,0,0,0,{}
1774318065,normal,k3s-wk1,0.3256666666666408,0.730982616362464,194.46666666666667,179.26666666666665,9321.333333333334,5992.933333333334,0,13,2,0,14,0,"{""process_exit"": 13, ""process_exec"": 13, ""process_kprobe"": 14}"
1774318075,normal,sw-wk3,0.11555555555549091,0.431193062107192,0.0,0.0,2673.733333333333,5257.733333333334,0,0,0,0,0,0,{}
1774318075,normal,sw-wk2,0.06533222129541083,0.4174823727896354,9.608006672226855,11.009174311926605,424.8206839032527,3794.7956630525437,0,0,0,0,0,0,{}
1774318075,normal,k3s-wk1,0.3256666666666408,0.730982616362464,194.46666666666667,179.26666666666665,9321.333333333336,5992.933333333333,0,40,3,0,33,0,"{""process_exit"": 40, ""process_exec"": 40, ""process_kprobe"": 33}"
1774318085,normal,sw-wk3,0.11373280899376959,0.43154918817183974,0.0,0.0,2069.886022795441,5028.127707791776,0,0,0,0,0,0,{}
1774318085,normal,sw-wk2,0.06533222129541083,0.4174823727896354,9.608006672226855,11.009174311926605,424.8206839032527,3794.7956630525437,0,0,0,0,0,0,{}
1774318085,normal,k3s-wk1,0.3256666666666408,0.730982616362464,194.46666666666667,179.26666666666665,9321.333333333334,5992.933333333333,0,18,2,0,13,0,"{""process_exit"": 19, ""process_exec"": 18, ""process_kprobe"": 13}"
1774318095,normal,sw-wk3,0.11373280899376959,0.43154918817183974,0.0,0.0,2069.886022795441,5028.127707791776,0,1,1,0,0,0,"{""process_exit"": 1, ""process_exec"": 1}"
1774318095,normal,sw-wk2,0.06533222129541083,0.4174823727896354,9.608006672226855,11.009174311926605,424.8206839032527,3794.7956630525437,0,0,0,0,0,0,{}
1774318095,normal,k3s-wk1,0.3154444444445188,0.7323525154294588,191.6,176.4,9609.233333333335,8908.166666666668,0,33,3,0,29,0,"{""process_kprobe"": 29, ""process_exit"": 33, ""process_exec"": 33}"
1774318105,normal,sw-wk3,0.11373280899376959,0.43154918817183974,0.0,0.0,2069.886022795441,5028.127707791776,0,0,0,0,0,0,{}
1774318105,normal,sw-wk2,0.15222222222218995,0.4189009056327492,0.0,0.0,5198.866666666667,4405.633333333333,0,0,0,0,0,0,{}
1774318105,normal,k3s-wk1,0.3154444444445188,0.7323525154294588,191.6,176.4,9609.233333333335,8908.166666666666,0,57,3,0,52,0,"{""process_kprobe"": 52, ""process_exit"": 57, ""process_exec"": 57}"
1774318115,normal,sw-wk3,0.11244301687698044,0.4315392405164027,0.0,0.0,2614.225636610484,5193.8805920725845,0,0,0,0,0,0,{}
1774318115,normal,sw-wk2,0.15222222222218995,0.4189009056327492,0.0,0.0,5198.866666666667,4405.633333333333,0,0,0,0,0,0,{}
1774318115,normal,k3s-wk1,0.3154444444445188,0.7323525154294588,191.6,176.4,9609.233333333334,8908.166666666666,0,15,2,0,12,0,"{""process_exit"": 15, ""process_exec"": 15, ""process_kprobe"": 12}"
1774318127,normal,sw-wk3,0.11244301687698044,0.4315392405164027,0.0,0.0,2614.2256366104834,5193.8805920725845,0,0,0,0,0,0,{}
1774318127,normal,sw-wk2,0.15222222222218995,0.4189009056327492,0.0,0.0,5198.866666666667,4405.633333333333,0,0,0,0,0,0,{}
1774318127,normal,k3s-wk1,0.28111111111106246,0.742916924372623,194.46666666666667,179.26666666666665,8855.0,1373.6,0,37,3,0,37,0,"{""process_kprobe"": 37, ""process_exit"": 37, ""process_exec"": 37}"
1774318135,normal,sw-wk3,0.11244301687698044,0.4315392405164027,0.0,0.0,2614.2256366104834,5193.8805920725845,0,0,0,0,0,0,{}
1774318135,normal,sw-wk2,0.06578698921513981,0.4190083400977256,0.0,0.0,310.91932957915435,3761.787344640299,0,0,0,0,0,0,{}
1774318135,normal,k3s-wk1,0.2811111111110626,0.742916924372623,194.46666666666667,179.26666666666665,8855.0,1373.6,0,12,2,0,10,0,"{""process_exit"": 12, ""process_exec"": 12, ""process_kprobe"": 10}"
1774318145,normal,sw-wk3,0.1198746993343599,0.43139798380919603,0.0,0.0,2157.3753985568046,5130.9280080550425,0,0,0,0,0,0,{}
1774318145,normal,sw-wk2,0.06578698921513981,0.4190083400977256,0.0,0.0,310.91932957915435,3761.787344640298,0,0,0,0,0,0,{}
1774318145,normal,k3s-wk1,0.2811111111110626,0.742916924372623,194.46666666666667,179.26666666666665,8855.0,1373.6,0,40,3,0,35,0,"{""process_exit"": 40, ""process_exec"": 40, ""process_kprobe"": 35}"
1774318155,normal,sw-wk3,0.1198746993343599,0.43139798380919603,0.0,0.0,2157.3753985568046,5130.9280080550425,0,1,1,0,0,0,"{""process_exit"": 1, ""process_exec"": 1}"
1774318155,normal,sw-wk2,0.06578698921513981,0.4190083400977256,0.0,0.0,310.91932957915435,3761.787344640299,0,0,0,0,0,0,{}
1774318155,normal,k3s-wk1,0.2938888888889374,0.7431761655985577,194.46666666666667,179.26666666666665,9552.1,8770.766666666666,0,37,3,0,32,0,"{""process_kprobe"": 32, ""process_exit"": 37, ""process_exec"": 37}"
1774318165,normal,sw-wk3,0.1198746993343599,0.43139798380919603,0.0,0.0,2157.3753985568046,5130.9280080550425,0,0,0,0,0,0,{}
1774318165,normal,sw-wk2,0.16436026543065474,0.42342707985166084,0.0,0.0,4945.780119377105,4226.849844943145,0,0,0,0,0,0,{}
1774318165,normal,k3s-wk1,0.2938888888889374,0.7431761655985577,194.4666666666667,179.26666666666665,9552.1,8770.766666666666,0,6,2,0,5,0,"{""process_exit"": 6, ""process_exec"": 6, ""process_kprobe"": 5}"
1774318175,normal,sw-wk3,0.1069999999999709,0.4314815441148676,4.466666666666667,6.0,2670.1666666666665,5226.766666666666,0,0,0,0,0,0,{}
1774318175,normal,sw-wk2,0.16436026543065474,0.42342707985166084,0.0,0.0,4945.780119377106,4226.849844943145,0,0,0,0,0,0,{}
1774318175,normal,k3s-wk1,0.2938888888889374,0.7431761655985577,194.46666666666667,179.26666666666665,9552.1,8770.766666666666,0,36,3,0,30,0,"{""process_exit"": 36, ""process_exec"": 36, ""process_kprobe"": 30}"
1774318185,normal,sw-wk3,0.1069999999999709,0.4314815441148676,4.466666666666667,6.0,2670.1666666666665,5226.766666666666,0,1,1,0,0,0,"{""process_exit"": 1, ""process_exec"": 1}"
1774318185,normal,sw-wk2,0.16436026543065474,0.42342707985166084,0.0,0.0,4945.780119377105,4226.849844943145,0,0,0,0,0,0,{}
1774318185,normal,k3s-wk1,0.294777777777684,0.7301259359661012,194.4666666666667,179.26666666666665,8936.033333333333,1235.9666666666667,0,34,3,0,35,0,"{""process_kprobe"": 35, ""process_exit"": 34, ""process_exec"": 34}"
1774318195,normal,sw-wk3,0.1069999999999709,0.4314815441148676,4.466666666666667,6.0,2670.1666666666665,5226.766666666666,0,0,0,0,0,0,{}
1774318195,normal,sw-wk2,0.0884444444445156,0.4236638335800347,0.0,0.0,1163.3333333333333,3836.8333333333335,0,0,0,0,0,0,{}
1774318195,normal,k3s-wk1,0.294777777777684,0.7301259359661012,194.46666666666667,179.26666666666665,8936.033333333333,1235.9666666666667,0,44,5,0,31,0,"{""process_exit"": 40, ""process_exec"": 44, ""process_kprobe"": 31}"
1774318205,normal,sw-wk3,0.14322222222229664,0.43170039253448356,0.0,0.0,6825.099999999999,5474.933333333334,0,0,0,0,0,0,{}
1774318205,normal,sw-wk2,0.0884444444445156,0.4236638335800347,0.0,0.0,1163.3333333333333,3836.8333333333335,0,0,0,0,0,0,{}
1774318205,normal,k3s-wk1,0.294777777777684,0.7301259359661012,194.46666666666667,179.26666666666665,8936.033333333333,1235.9666666666667,0,47,5,0,34,0,"{""process_exit"": 47, ""process_exec"": 47, ""process_kprobe"": 34}"
1774318215,normal,sw-wk3,0.14322222222229664,0.43170039253448356,0.0,0.0,6825.099999999999,5474.933333333333,0,1,1,0,0,0,"{""process_exit"": 1, ""process_exec"": 1}"
1774318215,normal,sw-wk2,0.0884444444445156,0.4236638335800347,0.0,0.0,1163.3333333333333,3836.8333333333335,0,0,0,0,0,0,{}
1774318215,normal,k3s-wk1,0.3767777777778165,0.7267965943335395,194.4666666666667,179.26666666666665,9922.5,15700.3,0,33,3,0,32,0,"{""process_exit"": 37, ""process_exec"": 33, ""process_kprobe"": 32}"
1774318225,normal,sw-wk3,0.14322222222229664,0.43170039253448356,0.0,0.0,6825.099999999999,5474.933333333333,0,0,0,0,0,0,{}
1774318225,normal,sw-wk2,0.14544444444440563,0.4227367139378313,0.0,0.0,6235.0,4296.233333333334,0,0,0,0,0,0,{}
1774318225,normal,k3s-wk1,0.3767777777778165,0.7267965943335395,194.46666666666667,179.26666666666665,9922.5,15700.3,0,23,4,0,12,0,"{""process_exit"": 19, ""process_exec"": 23, ""process_kprobe"": 12}"
1774318235,normal,sw-wk3,0.11134071012748026,0.4317899214334173,0.0,0.0,5678.442874283429,5376.583122250367,0,0,0,0,0,0,{}
1774318235,normal,sw-wk2,0.14544444444440563,0.4227367139378313,0.0,0.0,6235.0,4296.233333333334,0,0,0,0,0,0,{}
1774318235,normal,k3s-wk1,0.3767777777778165,0.7267965943335395,194.46666666666667,179.26666666666665,9922.5,15700.3,0,54,3,0,51,0,"{""process_exit"": 58, ""process_exec"": 54, ""process_kprobe"": 51}"
1774318245,normal,sw-wk3,0.11134071012748026,0.4317899214334173,0.0,0.0,5678.442874283429,5376.583122250367,0,0,0,0,0,0,{}
1774318245,normal,sw-wk2,0.14544444444440563,0.4227367139378313,0.0,0.0,6235.0,4296.233333333334,0,0,0,0,0,0,{}
1774318245,normal,k3s-wk1,0.33644444444443156,0.7252279875248384,194.46666666666667,179.26666666666665,9137.9,7181.099999999999,0,33,3,0,33,0,"{""process_exit"": 33, ""process_exec"": 33, ""process_kprobe"": 33}"
1774318255,normal,sw-wk3,0.11134071012748026,0.4317899214334173,0.0,0.0,5678.442874283429,5376.583122250367,0,0,0,0,0,0,{}
1774318255,normal,sw-wk2,0.06811111111108203,0.422848127457066,0.0,0.0,2650.4666666666667,4028.000000000001,0,0,0,0,0,0,{}
1774318255,normal,k3s-wk1,0.33644444444443133,0.7252279875248384,194.46666666666667,179.26666666666665,9137.9,7181.099999999999,0,58,3,0,52,0,"{""process_exit"": 58, ""process_exec"": 58, ""process_kprobe"": 52}"
1774318265,normal,sw-wk3,0.12588345112685895,0.4320226965706453,0.0,0.0,6143.085744765968,5623.983197759702,0,1,1,0,0,0,"{""process_exit"": 1, ""process_exec"": 1}"
1774318265,normal,sw-wk2,0.06811111111108203,0.422848127457066,0.0,0.0,2650.4666666666667,4028.0,0,0,0,0,0,0,{}
1774318265,normal,k3s-wk1,0.33644444444443156,0.7252279875248384,194.46666666666667,179.26666666666665,9137.9,7181.099999999999,0,44,5,0,31,0,"{""process_exit"": 42, ""process_exec"": 44, ""process_kprobe"": 31}"
1774318275,normal,sw-wk3,0.12588345112685895,0.4320226965706453,0.0,0.0,6143.085744765968,5623.983197759701,0,0,0,0,0,0,{}
1774318275,normal,sw-wk2,0.06811111111108203,0.422848127457066,0.0,0.0,2650.4666666666667,4028.0,0,0,0,0,0,0,{}
1774318275,normal,k3s-wk1,0.309555555555562,0.7249384795567897,194.46666666666667,179.26666666666665,9830.633333333333,8876.0,0,39,3,0,34,0,"{""process_kprobe"": 34, ""process_exit"": 41, ""process_exec"": 39}"
1774318285,normal,sw-wk3,0.12588345112685895,0.4320226965706453,0.0,0.0,6143.085744765968,5623.983197759701,0,0,0,0,0,0,{}
1774318285,normal,sw-wk2,0.15855555555560086,0.42388467109137495,0.0,0.0,5573.533333333333,4352.633333333333,0,0,0,0,0,0,{}
1774318285,normal,k3s-wk1,0.309555555555562,0.7249384795567897,194.46666666666667,179.2666666666667,9830.633333333333,8876.0,0,103,3,0,93,0,"{""process_exit"": 103, ""process_exec"": 103, ""process_kprobe"": 93}"
1774318295,normal,sw-wk3,0.12933333333332686,0.4322335868659116,0.0,0.0,6568.866666666667,5491.166666666667,0,1,1,0,0,0,"{""process_exit"": 1, ""process_exec"": 1}"
1774318295,normal,sw-wk2,0.15855555555560086,0.42388467109137495,0.0,0.0,5573.533333333335,4352.633333333333,0,0,0,0,0,0,{}
1774318295,normal,k3s-wk1,0.309555555555562,0.7249384795567897,194.46666666666667,179.26666666666665,9830.633333333333,8876.0,0,12,2,0,10,0,"{""process_exit"": 12, ""process_exec"": 12, ""process_kprobe"": 10}"
1774318305,normal,sw-wk3,0.12933333333332686,0.4322335868659116,0.0,0.0,6568.866666666667,5491.166666666667,0,1,1,0,0,0,"{""process_exit"": 1, ""process_exec"": 1}"
1774318305,normal,sw-wk2,0.15855555555560086,0.42388467109137495,0.0,0.0,5573.533333333333,4352.633333333333,0,0,0,0,0,0,{}
1774318305,normal,k3s-wk1,0.3533333333333656,0.7250121724941112,396.43333333333334,271.7,9652.833333333334,10342.7,0,61,3,0,60,0,"{""process_kprobe"": 60, ""process_exit"": 61, ""process_exec"": 61}"
1774318315,normal,sw-wk3,0.12933333333332686,0.4322335868659116,0.0,0.0,6568.866666666667,5491.166666666667,0,0,0,0,0,0,{}
1774318315,normal,sw-wk2,0.08422222222224163,0.4237891737891738,0.0,0.0,1650.5,3818.2999999999997,0,0,0,0,0,0,{}
1774318315,normal,k3s-wk1,0.3533333333333656,0.7250121724941112,396.43333333333334,271.70000000000005,9652.833333333334,10342.7,0,60,3,0,54,0,"{""process_exit"": 60, ""process_exec"": 60, ""process_kprobe"": 54}"
1774318325,normal,sw-wk3,0.11400000000002264,0.4322196601482996,0.0,0.0,2587.5,5290.766666666666,0,0,0,0,0,0,{}
1774318325,normal,sw-wk2,0.08422222222224163,0.4237891737891738,0.0,0.0,1650.5,3818.2999999999997,0,0,0,0,0,0,{}
1774318325,normal,k3s-wk1,0.3533333333333656,0.7250121724941112,396.43333333333334,271.7,9652.833333333334,10342.7,0,12,2,0,11,0,"{""process_exit"": 12, ""process_exec"": 12, ""process_kprobe"": 11}"
1774318335,normal,sw-wk3,0.11400000000002264,0.4322196601482996,0.0,0.0,2587.5,5290.766666666666,0,0,0,0,0,0,{}
1774318335,normal,sw-wk2,0.08422222222224163,0.4237891737891738,0.0,0.0,1650.5,3818.2999999999997,0,0,0,0,0,0,{}
1774318335,normal,k3s-wk1,0.2864444444444315,0.7248582068929215,196.46666666666667,181.26666666666665,9512.7,9959.133333333333,0,16,2,0,12,0,"{""process_kprobe"": 12, ""process_exit"": 16, ""process_exec"": 16}"
1774318345,normal,sw-wk3,0.11400000000002264,0.4322196601482996,0.0,0.0,2587.5,5290.766666666666,0,0,0,0,0,0,{}
1774318345,normal,sw-wk2,0.14638342267937743,0.42775430135765335,0.0,0.0,5521.160057270335,4345.85289514867,0,0,0,0,0,0,{}
1774318345,normal,k3s-wk1,0.2864444444444315,0.7248582068929215,196.46666666666667,181.26666666666665,9512.7,9959.133333333335,0,39,3,0,33,0,"{""process_exit"": 39, ""process_exec"": 39, ""process_kprobe"": 33}"
1774318355,normal,sw-wk3,0.12771345475450735,0.43175212034275645,0.0,0.0,2680.257439538201,5237.136316889493,0,1,1,0,0,0,"{""process_exit"": 1, ""process_exec"": 1}"
1774318355,normal,sw-wk2,0.14638342267937743,0.42775430135765335,0.0,0.0,5521.160057270336,4345.85289514867,0,0,0,0,0,0,{}
1774318355,normal,k3s-wk1,0.2864444444444315,0.7248582068929215,196.46666666666667,181.26666666666665,9512.7,9959.133333333333,0,57,3,0,51,0,"{""process_exit"": 57, ""process_exec"": 57, ""process_kprobe"": 51}"
1774318365,normal,sw-wk3,0.12771345475450735,0.43175212034275645,0.0,0.0,2680.257439538201,5237.136316889493,0,0,0,0,0,0,{}
1774318365,normal,sw-wk2,0.14638342267937743,0.42775430135765335,0.0,0.0,5521.160057270336,4345.85289514867,0,0,0,0,0,0,{}
1774318365,normal,k3s-wk1,0.28288888888896,0.7271400560592702,200.93333333333334,187.26666666666665,9005.733333333334,1330.1666666666667,0,33,3,0,34,0,"{""process_kprobe"": 34, ""process_exit"": 33, ""process_exec"": 33}"
1774318375,normal,sw-wk3,0.12771345475450735,0.43175212034275645,0.0,0.0,2680.257439538201,5237.136316889493,0,0,0,0,0,0,{}
1774318375,normal,sw-wk2,0.07763318874437741,0.42786571487688807,0.0,0.0,498.8655321988655,3865.465465465466,0,0,0,0,0,0,{}
1774318375,normal,k3s-wk1,0.28288888888896,0.7271400560592702,200.93333333333334,187.26666666666665,9005.733333333334,1330.166666666667,0,13,2,0,9,0,"{""process_exit"": 13, ""process_exec"": 13, ""process_kprobe"": 9}"
1774318385,normal,sw-wk3,0.10685378079967045,0.4319709687623724,0.0,0.0,2123.957530897277,5126.000602873698,0,0,0,0,0,0,{}
1774318385,normal,sw-wk2,0.07763318874437741,0.42786571487688807,0.0,0.0,498.8655321988656,3865.465465465466,0,0,0,0,0,0,{}
1774318385,normal,k3s-wk1,0.28288888888896,0.7271400560592702,200.93333333333334,187.26666666666665,9005.733333333334,1330.1666666666667,0,15,2,0,12,0,"{""process_exit"": 16, ""process_exec"": 15, ""process_kprobe"": 12}"
1774318395,normal,sw-wk3,0.10685378079967045,0.4319709687623724,0.0,0.0,2123.957530897277,5126.000602873698,0,1,1,0,0,0,"{""process_exit"": 1, ""process_exec"": 1}"
1774318395,normal,sw-wk2,0.07763318874437741,0.42786571487688807,0.0,0.0,498.8655321988656,3865.465465465466,0,0,0,0,0,0,{}
1774318395,normal,k3s-wk1,0.27633333333320076,0.72844284191549,202.6,187.86666666666667,9682.266666666666,5430.266666666666,0,57,3,0,53,0,"{""process_kprobe"": 53, ""process_exit"": 57, ""process_exec"": 57}"
1774318405,normal,sw-wk3,0.10685378079967045,0.4319709687623724,0.0,0.0,2123.957530897277,5126.000602873698,0,0,0,0,0,0,{}
1774318405,normal,sw-wk2,0.1463590803524828,0.4277602699390409,0.0,0.0,4873.987398739874,4334.0667400073335,0,0,0,0,0,0,{}
1774318405,normal,k3s-wk1,0.27633333333320076,0.72844284191549,202.6,187.86666666666667,9682.266666666666,5430.266666666666,0,33,3,0,30,0,"{""process_exit"": 33, ""process_exec"": 33, ""process_kprobe"": 30}"
1774318415,normal,sw-wk3,0.10833333333317141,0.4316327484775113,0.0,0.0,2693.4666666666667,5269.5,0,0,0,0,0,0,{}
1774318415,normal,sw-wk2,0.1463590803524829,0.4277602699390409,0.0,0.0,4873.987398739874,4334.0667400073335,0,0,0,0,0,0,{}
1774318415,normal,k3s-wk1,0.27633333333320076,0.72844284191549,202.6,187.86666666666667,9682.266666666666,5430.266666666666,0,36,3,0,34,0,"{""process_exit"": 36, ""process_exec"": 36, ""process_kprobe"": 34}"
1774318425,normal,sw-wk3,0.10833333333317163,0.4316327484775113,0.0,0.0,2693.4666666666667,5269.500000000001,0,0,0,0,0,0,{}
1774318425,normal,sw-wk2,0.1463590803524829,0.4277602699390409,0.0,0.0,4873.987398739874,4334.0667400073335,0,0,0,0,0,0,{}
1774318425,normal,k3s-wk1,0.3366500829188035,0.7280506902133148,192.2177193502685,177.19350268524923,8729.564100029653,4686.764851240486,0,27,3,0,28,0,"{""process_exit"": 27, ""process_exec"": 27, ""process_kprobe"": 28}"
1774318435,normal,sw-wk3,0.10833333333317163,0.4316327484775113,0.0,0.0,2693.4666666666667,5269.5,0,1,1,0,0,0,"{""process_exit"": 1, ""process_exec"": 1}"
1774318435,normal,sw-wk2,0.1282222222222319,0.42738027025736525,0.0,0.0,391.8,3761.2666666666664,0,0,0,0,0,0,{}
1774318435,normal,k3s-wk1,0.3366500829188036,0.7280506902133148,192.2177193502685,177.19350268524923,8729.564100029653,4686.764851240486,0,16,2,0,12,0,"{""process_exit"": 16, ""process_exec"": 16, ""process_kprobe"": 12}"
1774318445,normal,sw-wk3,0.13477777777774858,0.4309443707212647,4.466666666666667,6.0,2020.9333333333334,5239.7,0,0,0,0,0,0,{}
1774318445,normal,sw-wk2,0.1282222222222319,0.42738027025736525,0.0,0.0,391.8,3761.2666666666664,0,0,0,0,0,0,{}
1774318445,normal,k3s-wk1,0.3366500829188036,0.7280506902133148,192.2177193502685,177.19350268524923,8729.564100029653,4686.764851240486,0,33,3,0,29,0,"{""process_exit"": 33, ""process_exec"": 33, ""process_kprobe"": 29}"
1774318455,normal,sw-wk3,0.13477777777774858,0.4309443707212647,4.466666666666667,6.0,2020.9333333333334,5239.7,0,1,1,0,0,0,"{""process_exit"": 1, ""process_exec"": 1}"
1774318455,normal,sw-wk2,0.1282222222222319,0.42738027025736525,0.0,0.0,391.8,3761.2666666666664,0,0,0,0,0,0,{}
1774318455,normal,k3s-wk1,0.27642303843853233,0.7271663749654564,193.86825862592332,178.48831326520286,9727.714256804615,4132.382205133395,0,16,2,0,12,0,"{""process_exit"": 16, ""process_exec"": 16, ""process_kprobe"": 12}"
1774318465,normal,sw-wk3,0.13477777777774858,0.4309443707212647,4.466666666666667,6.0,2020.9333333333334,5239.7,0,0,0,0,0,0,{}
1774318465,normal,sw-wk2,0.1347777777777487,0.4205084435531363,0.0,0.0,3591.0,4401.133333333334,0,0,0,0,0,0,{}
1774318465,normal,k3s-wk1,0.27642303843853233,0.7271663749654564,193.86825862592332,178.4883132652029,9727.714256804615,4132.382205133395,0,9,2,0,7,0,"{""process_exit"": 9, ""process_exec"": 9, ""process_kprobe"": 7}"
1774318475,normal,sw-wk3,0.10988888888888237,0.43059620278096655,0.0,0.0,3867.5666666666666,5322.733333333334,0,0,0,0,0,0,{}
1774318475,normal,sw-wk2,0.1347777777777487,0.4205084435531363,0.0,0.0,3591.0,4401.133333333333,0,0,0,0,0,0,{}
1774318475,normal,k3s-wk1,0.27642303843853233,0.7271663749654564,193.86825862592332,178.4883132652029,9727.714256804615,4132.382205133395,0,16,2,0,12,0,"{""process_exit"": 16, ""process_exec"": 16, ""process_kprobe"": 12}"
1774318485,normal,sw-wk3,0.10988888888888237,0.43059620278096655,0.0,0.0,3867.5666666666666,5322.733333333334,0,1,1,0,0,0,"{""process_exit"": 1, ""process_exec"": 1}"
1774318485,normal,sw-wk2,0.1347777777777487,0.4205084435531363,0.0,0.0,3591.0,4401.133333333333,0,0,0,0,0,0,{}
1774318485,normal,k3s-wk1,0.29107089291081556,0.7234461975760287,194.44722194447218,179.24874179248744,9778.022197780223,9172.082791720828,0,39,3,0,39,0,"{""process_kprobe"": 39, ""process_exit"": 39, ""process_exec"": 39}"
1774318495,normal,sw-wk3,0.10988888888888237,0.43059620278096655,0.0,0.0,3867.5666666666666,5322.733333333334,0,0,0,0,0,0,{}
1774318495,normal,sw-wk2,0.14166666666674754,0.4245849846408506,616.5,296.7,3557.2999999999997,4412.966666666667,0,0,0,0,0,0,{}
1774318495,normal,k3s-wk1,0.29107089291081556,0.7234461975760287,194.44722194447223,179.24874179248744,9778.022197780223,9172.082791720828,0,12,2,0,10,0,"{""process_exit"": 12, ""process_exec"": 12, ""process_kprobe"": 10}"
1774318505,normal,sw-wk3,0.14044444444468052,0.430683742148813,0.0,0.0,2560.0,5301.233333333334,0,0,0,0,0,0,{}
1774318505,normal,sw-wk2,0.14166666666674754,0.4245849846408506,616.5,296.7,3557.3000000000006,4412.966666666666,0,0,0,0,0,0,{}
1774318505,normal,k3s-wk1,0.29107089291081556,0.7234461975760287,194.44722194447223,179.24874179248744,9778.022197780223,9172.082791720828,0,34,3,0,32,0,"{""process_exit"": 34, ""process_exec"": 34, ""process_kprobe"": 32}"
1774318515,normal,sw-wk3,0.14044444444468052,0.430683742148813,0.0,0.0,2560.0000000000005,5301.233333333334,0,0,0,0,0,0,{}
1774318515,normal,sw-wk2,0.14166666666674754,0.4245849846408506,616.5,296.7,3557.2999999999997,4412.966666666666,0,0,0,0,0,0,{}
1774318515,normal,k3s-wk1,0.28370614839262676,0.7280322669789844,191.61916191619162,176.4176417641764,9651.09844317765,4435.110177684435,0,36,3,0,31,0,"{""process_exit"": 36, ""process_exec"": 36, ""process_kprobe"": 31}"
1774318525,normal,sw-wk3,0.14044444444468052,0.430683742148813,0.0,0.0,2560.0,5301.233333333334,0,0,0,0,0,0,{}
1774318525,normal,sw-wk2,0.19922222222214458,0.42727283579238884,6.0,6.6,4858.966666666668,4652.733333333334,0,0,0,0,0,0,{}
1774318525,normal,k3s-wk1,0.28370614839262676,0.7280322669789844,191.61916191619162,176.4176417641764,9651.09844317765,4435.110177684436,0,81,3,0,73,0,"{""process_exit"": 81, ""process_exec"": 81, ""process_kprobe"": 73}"
1774318535,normal,sw-wk3,0.10055555555550699,0.43104782633781047,0.0,0.0,2714.5666666666666,5069.4,0,0,0,0,0,0,{}
1774318535,normal,sw-wk2,0.19922222222214458,0.42727283579238884,6.0,6.600000000000001,4858.966666666666,4652.733333333334,0,0,0,0,0,0,{}
1774318535,normal,k3s-wk1,0.28370614839262676,0.7280322669789844,191.61916191619162,176.4176417641764,9651.09844317765,4435.110177684435,0,30,3,0,28,0,"{""process_exit"": 30, ""process_exec"": 30, ""process_kprobe"": 28}"
1774318545,normal,sw-wk3,0.10055555555550699,0.43104782633781047,0.0,0.0,2714.5666666666666,5069.4,0,1,1,0,0,0,"{""process_exit"": 1, ""process_exec"": 1}"
1774318545,normal,sw-wk2,0.19922222222214458,0.42727283579238884,6.0,6.6,4858.966666666666,4652.733333333334,0,0,0,0,0,0,{}
1774318545,normal,k3s-wk1,0.2816666666666505,0.731365556447474,194.46666666666667,179.26666666666665,9540.7,5770.066666666667,0,33,3,0,33,0,"{""process_exit"": 33, ""process_exec"": 33, ""process_kprobe"": 33}"
1774318555,normal,sw-wk3,0.10055555555550699,0.43104782633781047,0.0,0.0,2714.5666666666666,5069.4,0,0,0,0,0,0,{}
1774318555,normal,sw-wk2,0.13388888888892125,0.42920864568909267,0.0,0.0,681.2333333333333,4032.5666666666666,0,0,0,0,0,0,{}
1774318555,normal,k3s-wk1,0.2816666666666505,0.731365556447474,194.46666666666667,179.26666666666665,9540.7,5770.066666666667,0,34,3,0,29,0,"{""process_exit"": 34, ""process_exec"": 34, ""process_kprobe"": 29}"
1774318565,normal,sw-wk3,0.12244444444432812,0.43139997334028346,0.0,0.0,4048.0333333333333,5709.233333333334,0,1,1,0,0,0,"{""process_exit"": 1, ""process_exec"": 1}"
1774318565,normal,sw-wk2,0.13388888888892125,0.42920864568909267,0.0,0.0,681.2333333333333,4032.5666666666666,0,0,0,0,0,0,{}
1774318565,normal,k3s-wk1,0.2816666666666505,0.731365556447474,194.46666666666667,179.26666666666665,9540.7,5770.066666666667,0,64,3,0,56,0,"{""process_exit"": 64, ""process_exec"": 64, ""process_kprobe"": 56}"
1774318575,normal,sw-wk3,0.12244444444432812,0.43139997334028346,0.0,0.0,4048.0333333333333,5709.233333333334,0,1,1,0,0,0,"{""process_exit"": 1, ""process_exec"": 1}"
1774318575,normal,sw-wk2,0.13388888888892125,0.42920864568909267,0.0,0.0,681.2333333333333,4032.5666666666666,0,0,0,0,0,0,{}
1774318575,normal,k3s-wk1,0.2859999999999774,0.733409219512837,194.46666666666667,179.26666666666665,10272.466666666667,7646.7333333333345,0,12,2,0,11,0,"{""process_kprobe"": 11, ""process_exit"": 12, ""process_exec"": 12}"
1774318585,normal,sw-wk3,0.12244444444432812,0.43139997334028346,0.0,0.0,4048.0333333333333,5709.233333333334,0,0,0,0,0,0,{}
1774318585,normal,sw-wk2,0.2015555555554681,0.42995869741679793,0.0,0.0,5742.633333333333,4909.3,0,0,0,0,0,0,{}
1774318585,normal,k3s-wk1,0.2859999999999774,0.733409219512837,194.46666666666667,179.26666666666665,10272.466666666667,7646.733333333334,0,12,2,0,10,0,"{""process_exit"": 12, ""process_exec"": 12, ""process_kprobe"": 10}"
1774318595,normal,sw-wk3,0.11466666666666336,0.4315133766122663,0.0,0.0,3364.5333333333333,5288.766666666666,0,0,0,0,0,0,{}
1774318595,normal,sw-wk2,0.20155555555546822,0.42995869741679793,0.0,0.0,5742.633333333333,4909.3,0,0,0,0,0,0,{}
1774318595,normal,k3s-wk1,0.2859999999999774,0.733409219512837,194.46666666666667,179.26666666666665,10272.466666666667,7646.733333333334,0,19,2,0,15,0,"{""process_exit"": 19, ""process_exec"": 19, ""process_kprobe"": 15}"
1774318605,normal,sw-wk3,0.11466666666666336,0.4315133766122663,0.0,0.0,3364.5333333333333,5288.766666666666,0,0,0,0,0,0,{}
1774318605,normal,sw-wk2,0.20155555555546822,0.42995869741679793,0.0,0.0,5742.633333333333,4909.3,0,0,0,0,0,0,{}
1774318605,normal,k3s-wk1,0.28366666666665374,0.7345843586740535,191.6,176.4,9480.633333333333,7627.033333333333,0,33,3,0,34,0,"{""process_kprobe"": 34, ""process_exit"": 33, ""process_exec"": 33}"
1774318615,normal,sw-wk3,0.11466666666666336,0.4315133766122663,0.0,0.0,3364.5333333333333,5288.766666666666,0,0,0,0,0,0,{}
1774318615,normal,sw-wk2,0.16244444444447348,0.4284307405815786,0.0,0.0,2610.5333333333333,4298.533333333333,0,0,0,0,0,0,{}
1774318615,normal,k3s-wk1,0.28366666666665374,0.7345843586740535,191.6,176.4,9480.633333333333,7627.033333333333,0,39,3,0,33,0,"{""process_exit"": 39, ""process_exec"": 39, ""process_kprobe"": 33}"
1774318625,normal,sw-wk3,0.1293333333334078,0.43170636112774585,0.0,0.0,2804.233333333333,5038.666666666667,0,0,0,0,0,0,{}
1774318625,normal,sw-wk2,0.16244444444447348,0.4284307405815786,0.0,0.0,2610.5333333333333,4298.533333333333,0,0,0,0,0,0,{}
1774318625,normal,k3s-wk1,0.28366666666665374,0.7345843586740535,191.6,176.4,9480.633333333333,7627.033333333333,0,18,2,0,13,0,"{""process_exit"": 18, ""process_exec"": 18, ""process_kprobe"": 13}"
1774318635,normal,sw-wk3,0.1293333333334078,0.43170636112774585,0.0,0.0,2804.233333333333,5038.666666666668,0,1,1,0,0,0,"{""process_exit"": 1, ""process_exec"": 1}"
1774318635,normal,sw-wk2,0.16244444444447348,0.4284307405815786,0.0,0.0,2610.5333333333333,4298.533333333333,0,0,0,0,0,0,{}
1774318635,normal,k3s-wk1,0.34111111111107884,0.7382558460870366,9346.166666666666,446.8666666666667,10050.533333333333,12480.466666666667,0,55,3,0,50,0,"{""process_kprobe"": 50, ""process_exit"": 55, ""process_exec"": 55}"
1774318645,normal,sw-wk3,0.1293333333334078,0.43170636112774585,0.0,0.0,2804.233333333333,5038.666666666667,0,0,0,0,0,0,{}
1774318645,normal,sw-wk2,0.24026464188984653,0.4292066561619634,4.462501665112561,5.994405221792993,6406.120953776476,4389.136805648062,0,0,0,0,0,0,{}
1774318645,normal,k3s-wk1,0.34111111111107884,0.7382558460870366,9346.166666666666,446.8666666666667,10050.533333333333,12480.466666666667,0,58,3,0,51,0,"{""process_exit"": 58, ""process_exec"": 58, ""process_kprobe"": 51}"
1774318655,normal,sw-wk3,0.10955555555548113,0.43169442394122126,0.0,0.0,3481.233333333333,5647.0,0,1,1,0,0,0,"{""process_exit"": 1, ""process_exec"": 1}"
1774318655,normal,sw-wk2,0.24026464188984653,0.4292066561619634,4.462501665112561,5.994405221792993,6406.120953776476,4389.136805648062,0,0,0,0,0,0,{}
1774318655,normal,k3s-wk1,0.34111111111107884,0.7382558460870366,9346.166666666666,446.8666666666667,10050.533333333333,12480.466666666667,0,15,2,0,13,0,"{""process_exit"": 15, ""process_exec"": 15, ""process_kprobe"": 13}"
1774318665,normal,sw-wk3,0.10955555555548113,0.43169442394122126,0.0,0.0,3481.233333333333,5647.0,0,0,0,0,0,0,{}
1774318665,normal,sw-wk2,0.24026464188984653,0.4292066561619634,4.462501665112562,5.994405221792993,6406.120953776476,4389.136805648062,0,0,0,0,0,0,{}
1774318665,normal,k3s-wk1,0.2680000000000291,0.7359332026160993,191.6,176.4,9024.666666666666,1339.6,0,57,3,0,57,0,"{""process_exit"": 57, ""process_exec"": 57, ""process_kprobe"": 57}"
1774318675,normal,sw-wk3,0.10955555555548113,0.43169442394122126,0.0,0.0,3481.233333333333,5647.0,0,0,0,0,0,0,{}
1774318675,normal,sw-wk2,0.06813025490448699,0.42893409094526413,0.0,0.0,424.09582276791673,3805.5518483918327,0,0,0,0,0,0,{}
1774318675,normal,k3s-wk1,0.2680000000000291,0.7359332026160993,191.6,176.4,9024.666666666666,1339.6,0,30,3,0,28,0,"{""process_exit"": 30, ""process_kprobe"": 28, ""process_exec"": 30}"
1774318685,normal,sw-wk3,0.11688888888901483,0.43175212034275645,0.0,0.0,2041.6,5007.733333333334,0,0,0,0,0,0,{}
1774318685,normal,sw-wk2,0.06813025490448699,0.42893409094526413,0.0,0.0,424.09582276791673,3805.5518483918327,0,0,0,0,0,0,{}
1774318685,normal,k3s-wk1,0.2680000000000291,0.7359332026160993,191.6,176.4,9024.666666666666,1339.6,0,9,2,0,10,0,"{""process_exit"": 10, ""process_exec"": 9, ""process_kprobe"": 10}"
1774318695,normal,sw-wk3,0.11688888888901494,0.43175212034275645,0.0,0.0,2041.6,5007.733333333334,0,0,0,0,0,0,{}
1774318695,normal,sw-wk2,0.06813025490448699,0.42893409094526413,0.0,0.0,424.09582276791673,3805.5518483918327,0,0,0,0,0,0,{}
1774318695,normal,k3s-wk1,0.3334444444444671,0.7358358226632101,194.46666666666667,179.26666666666665,9395.466666666667,8800.066666666668,0,81,3,0,73,0,"{""process_exit"": 81, ""process_exec"": 81, ""process_kprobe"": 73}"
1774318705,normal,sw-wk3,0.11688888888901494,0.43175212034275645,0.0,0.0,2041.6,5007.733333333334,0,1,1,0,0,0,"{""process_exit"": 1, ""process_exec"": 1}"
1774318705,normal,sw-wk2,0.14788888888902474,0.42948121090579194,0.0,0.0,4826.8,4234.5,0,0,0,0,0,0,{}
1774318705,normal,k3s-wk1,0.3334444444444671,0.7358358226632101,194.46666666666667,179.26666666666665,9395.466666666667,8800.066666666666,0,16,2,0,11,0,"{""process_exit"": 16, ""process_exec"": 16, ""process_kprobe"": 11}"
1774318715,normal,sw-wk3,0.12144444444436686,0.4318655236147393,0.0,0.0,2692.9333333333334,5283.733333333334,0,0,0,0,0,0,{}
1774318715,normal,sw-wk2,0.14788888888902474,0.42948121090579194,0.0,0.0,4826.8,4234.5,0,0,0,0,0,0,{}
1774318715,normal,k3s-wk1,0.3334444444444671,0.7358358226632101,194.46666666666667,179.26666666666665,9395.466666666667,8800.066666666666,0,78,3,0,71,0,"{""process_exit"": 78, ""process_exec"": 78, ""process_kprobe"": 71}"
1774318725,normal,sw-wk3,0.12144444444436686,0.4318655236147393,0.0,0.0,2692.9333333333334,5283.7333333333345,0,0,0,0,0,0,{}
1774318725,normal,sw-wk2,0.14788888888902474,0.42948121090579194,0.0,0.0,4826.8,4234.5,0,0,0,0,0,0,{}
1774318725,normal,k3s-wk1,0.2646536017419642,0.72543590688371,198.90681242501,185.24196773763498,8942.907612318359,1186.4418077589655,0,36,3,0,36,0,"{""process_kprobe"": 36, ""process_exit"": 36, ""process_exec"": 36}"
1774318735,normal,sw-wk3,0.12144444444436686,0.4318655236147393,0.0,0.0,2692.9333333333334,5283.733333333334,0,0,0,0,0,0,{}
1774318735,normal,sw-wk2,0.06644444444439923,0.4290375463559821,0.0,0.0,568.4666666666667,3879.6,0,0,0,0,0,0,{}
1774318735,normal,k3s-wk1,0.2646536017419642,0.72543590688371,198.90681242501,185.24196773763498,8942.907612318359,1186.4418077589655,0,36,3,0,31,0,"{""process_exit"": 36, ""process_exec"": 36, ""process_kprobe"": 31}"
1774318745,normal,sw-wk3,0.11576187778408886,0.4321002882830546,0.0,0.0,1919.985336754757,4949.011897223981,0,0,0,0,0,0,{}
1774318745,normal,sw-wk2,0.06644444444439923,0.4290375463559821,0.0,0.0,568.4666666666667,3879.6,0,0,0,0,0,0,{}
1774318745,normal,k3s-wk1,0.2646536017419642,0.72543590688371,198.90681242501,185.24196773763498,8942.907612318359,1186.4418077589655,0,36,3,0,32,0,"{""process_exit"": 36, ""process_exec"": 36, ""process_kprobe"": 32}"
1774318755,normal,sw-wk3,0.11576187778408886,0.4321002882830546,0.0,0.0,1919.985336754757,4949.011897223981,0,1,1,0,0,0,"{""process_exit"": 1, ""process_exec"": 1}"
1774318755,normal,sw-wk2,0.06644444444439923,0.4290375463559821,0.0,0.0,568.4666666666667,3879.6,0,0,0,0,0,0,{}
1774318755,normal,k3s-wk1,0.3076854691737162,0.7257359424142333,191.6255500733431,176.42352313641817,9694.692625683425,8916.722229630617,0,54,3,0,51,0,"{""process_kprobe"": 51, ""process_exit"": 54, ""process_exec"": 54}"
