timestamp,label,node,avg_cpu,avg_mem,net_bytes_in,net_bytes_out,net_internal_bytes_in,net_internal_bytes_out,net_drop_rate,last_successful_scrape_age_sec,exec_count,unique_process_count,tmp_exec_count,outbound_connect_count,mining_port_count,syscall_feature_vector
1776134952,normal,sw-wk3,0.1461111111111273,0.3437535838525938,120.53333333333333,106.86666666666666,3252.8333333333335,5037.466666666666,0.0,0,0,0,0,0,0,{}
1776134952,normal,sw-wk2,0.1294734619957275,0.2894160072377894,116.06279790673642,100.86330455651476,1784.3405219826002,3641.811939602013,0.0,0,0,0,0,0,0,{}
1776134952,normal,k3s-wk1,0.24877777777777133,0.5968010854951612,0.0,0.0,19475.433333333334,6136.666666666667,0.0,0,0,0,0,0,0,{}
1776134962,normal,sw-wk3,0.1461111111111273,0.3437535838525938,120.53333333333333,106.86666666666666,3252.8333333333335,5037.466666666666,0.0,0,0,0,0,0,0,{}
1776134962,normal,sw-wk2,0.1294734619957275,0.2894160072377894,116.06279790673642,100.86330455651476,1784.3405219826002,3641.811939602013,0.0,0,104,5,0,0,0,"{""process_exit"": 106, ""process_exec"": 104}"
1776134962,normal,k3s-wk1,0.3176666666666682,0.6303356162295977,443.8,233.79999999999998,9337.000000000002,7424.166666666667,0.0,0,12,2,0,8,0,"{""process_exit"": 12, ""process_exec"": 12, ""process_kprobe"": 8}"
1776134972,normal,sw-wk3,0.1461111111111273,0.3437535838525938,120.53333333333333,106.86666666666666,3252.8333333333335,5037.466666666666,0.0,0,0,0,0,0,0,{}
1776134972,normal,sw-wk2,0.20425375870919782,0.29261917504491763,113.2113211321132,98.009800980098,5695.302863619695,27719.80531386472,0.0,0,0,0,0,0,0,{}
1776134972,normal,k3s-wk1,0.3176666666666682,0.6303356162295977,443.8,233.79999999999998,9337.0,7424.166666666667,0.0,0,33,3,0,28,0,"{""process_exit"": 33, ""process_exec"": 33, ""process_kprobe"": 28}"
1776134982,normal,sw-wk3,0.16688888888889375,0.34936987907284933,87.0,71.86666666666666,2921.0,5196.933333333333,0.0,0,0,0,0,0,0,{}
1776134982,normal,sw-wk2,0.20425375870919782,0.29261917504491763,113.2113211321132,98.009800980098,5695.302863619695,27719.80531386472,0.0,0,0,0,0,0,0,{}
1776134982,normal,k3s-wk1,0.3176666666666682,0.6303356162295977,443.8,233.79999999999998,9337.0,7424.166666666667,0.0,0,33,3,0,28,0,"{""process_exit"": 33, ""process_exec"": 33, ""process_kprobe"": 28}"
1776134992,normal,sw-wk3,0.16688888888889375,0.34936987907284933,87.0,71.86666666666666,2921.0,5196.933333333333,0.0,0,1,1,0,0,0,"{""process_exit"": 9, ""process_exec"": 1}"
1776134992,normal,sw-wk2,0.20425375870919782,0.29261917504491763,113.2113211321132,98.009800980098,5695.302863619695,27719.80531386472,0.0,0,0,0,0,0,0,{}
1776134992,normal,k3s-wk1,0.29000000000002435,0.6252524374536469,667.8333333333334,352.7,33887.8,6668.866666666667,0.0,0,63,3,0,54,0,"{""process_exit"": 63, ""process_exec"": 63, ""process_kprobe"": 54}"
1776135002,normal,sw-wk3,0.16688888888889375,0.34936987907284933,87.0,71.86666666666666,2921.0,5196.933333333333,0.0,0,0,0,0,0,0,{}
1776135002,normal,sw-wk2,0.11744444444444124,0.2856442014857856,116.06666666666666,100.86666666666666,662.8,3645.7,0.0,0,0,0,0,0,0,{}
1776135002,normal,k3s-wk1,0.29000000000002435,0.6252524374536469,667.8333333333334,352.7,33887.8,6668.866666666667,0.0,0,33,3,0,28,0,"{""process_exit"": 33, ""process_exec"": 33, ""process_kprobe"": 28}"
1776135012,normal,sw-wk3,0.1462249477847155,0.3468834817844719,104.45273963471537,94.32075723236902,2414.0114651379818,6524.330089321424,0.0,0,0,0,0,0,0,{}
1776135012,normal,sw-wk2,0.11744444444444124,0.2856442014857856,116.06666666666666,100.86666666666666,662.8,3645.7,0.0,0,106,7,0,0,0,"{""process_exec"": 106, ""process_exit"": 106}"
1776135012,normal,k3s-wk1,0.29000000000002435,0.6252524374536469,667.8333333333334,352.7,33887.8,6668.866666666667,0.0,0,15,2,0,10,0,"{""process_exit"": 15, ""process_exec"": 15, ""process_kprobe"": 10}"
1776135022,normal,sw-wk3,0.1462249477847155,0.3468834817844719,104.45273963471537,94.32075723236902,2414.0114651379818,6524.330089321424,0.0,0,0,0,0,0,0,{}
1776135022,normal,sw-wk2,0.11744444444444124,0.2856442014857856,116.06666666666666,100.86666666666666,662.8,3645.7,0.0,0,0,0,0,0,0,{}
1776135022,normal,k3s-wk1,0.30688888888891797,0.6258766874787636,856.9,445.1333333333333,33101.36666666667,9471.06666666667,0.0,0,30,3,0,26,0,"{""process_exit"": 30, ""process_exec"": 30, ""process_kprobe"": 26}"
1776135032,normal,sw-wk3,0.1462249477847155,0.3468834817844719,104.45273963471537,94.32075723236902,2414.0114651379818,6524.330089321424,0.0,0,1,1,0,0,0,"{""process_exit"": 11, ""process_exec"": 1}"
1776135032,normal,sw-wk2,0.19494255938493954,0.28288065293015785,121.19192053863075,105.85960935937604,5377.941470568629,27848.010132657822,0.0,0,0,0,0,0,0,{}
1776135032,normal,k3s-wk1,0.30688888888891797,0.6258766874787636,856.9,445.1333333333333,33101.36666666667,9471.066666666666,0.0,0,54,3,0,48,0,"{""process_exit"": 54, ""process_exec"": 54, ""process_kprobe"": 48}"
1776135042,normal,sw-wk3,0.15752747313803706,0.34568090013634567,121.20404013467117,105.87019567318912,2840.928030934365,6667.888929630988,0.0,0,0,0,0,0,0,{}
1776135042,normal,sw-wk2,0.19494255938493954,0.28288065293015785,121.19192053863075,105.85960935937604,5377.941470568629,27848.010132657822,0.0,0,0,0,0,0,0,{}
1776135042,normal,k3s-wk1,0.30688888888891797,0.6258766874787636,856.9,445.1333333333333,33101.36666666667,9471.066666666666,0.0,0,15,2,0,10,0,"{""process_exit"": 15, ""process_exec"": 15, ""process_kprobe"": 10}"
1776135052,normal,sw-wk3,0.15752747313803706,0.34568090013634567,121.20404013467117,105.87019567318912,2840.928030934365,6667.888929630988,0.0,0,0,0,0,0,0,{}
1776135052,normal,sw-wk2,0.19494255938493954,0.28288065293015785,121.19192053863075,105.85960935937604,5377.941470568629,27848.010132657822,0.0,0,0,0,0,0,0,{}
1776135052,normal,k3s-wk1,0.2704444444443652,0.6351410996960026,669.8333333333334,354.7,10464.366666666667,3659.100000000001,0.0,0,91,3,0,82,0,"{""process_exit"": 91, ""process_exec"": 91, ""process_kprobe"": 82}"
1776135062,normal,sw-wk3,0.15752747313803706,0.34568090013634567,121.20404013467117,105.87019567318912,2840.928030934365,6667.888929630988,0.0,0,0,0,0,0,0,"{""process_exit"": 19}"
1776135062,normal,sw-wk2,0.13235768021244632,0.2851121984785351,113.2113211321132,98.009800980098,1002.7336066940027,3643.6977031036436,0.0,0,0,0,0,0,0,{}
1776135062,normal,k3s-wk1,0.2704444444443652,0.6351410996960026,669.8333333333334,354.7,10464.366666666667,3659.1,0.0,0,44,3,0,38,0,"{""process_kprobe"": 38, ""process_exit"": 45, ""process_exec"": 44}"
1776135072,normal,sw-wk3,0.15613783600583742,0.34586088917772084,118.24515784911826,98.009800980098,4114.844817815115,8026.736006934027,0.0,0,1,1,0,0,0,"{""process_exec"": 1}"
1776135072,normal,sw-wk2,0.13235768021244632,0.2851121984785351,113.2113211321132,98.009800980098,1002.7336066940027,3643.6977031036436,0.0,0,106,7,0,0,0,"{""process_exec"": 106, ""process_exit"": 106}"
1776135072,normal,k3s-wk1,0.2704444444443652,0.6351410996960026,669.8333333333334,354.7,10464.366666666667,3659.1,0.0,0,12,2,0,8,0,"{""process_exit"": 12, ""process_exec"": 12, ""process_kprobe"": 8}"
1776135082,normal,sw-wk3,0.15613783600583742,0.34586088917772084,118.24515784911824,98.009800980098,4114.844817815115,8026.736006934027,0.0,0,0,0,0,0,0,{}
1776135082,normal,sw-wk2,0.13235768021244632,0.2851121984785351,113.2113211321132,98.009800980098,1002.7336066940027,3643.6977031036436,0.0,0,0,0,0,0,0,{}
1776135082,normal,k3s-wk1,0.33255555555559924,0.631044529458844,669.8333333333334,354.7,35153.966666666674,9221.3,0.0,0,57,3,0,50,0,"{""process_exit"": 57, ""process_exec"": 57, ""process_kprobe"": 50}"
1776135092,normal,sw-wk3,0.15613783600583742,0.34586088917772084,118.24515784911824,98.009800980098,4114.844817815115,8026.736006934027,0.0,0,1,1,0,0,0,"{""process_exit"": 7, ""process_exec"": 1}"
1776135092,normal,sw-wk2,0.2221629669133347,0.2886195955502886,116.05892940470635,100.85994267048864,5268.2154523031795,27284.381041263914,0.0,0,0,0,0,0,0,{}
1776135092,normal,k3s-wk1,0.33255555555559924,0.631044529458844,669.8333333333334,354.7,35153.96666666667,9221.3,0.0,0,33,3,0,28,0,"{""process_exit"": 33, ""process_exec"": 33, ""process_kprobe"": 28}"
1776135102,normal,sw-wk3,0.15599999999996939,0.3427676261834678,116.06666666666666,100.86666666666666,2497.233333333333,6124.9,0.0,0,1,1,0,0,0,"{""process_exit"": 5, ""process_exec"": 1}"
1776135102,normal,sw-wk2,0.2221629669133347,0.2886195955502886,116.05892940470635,100.85994267048864,5268.2154523031795,27284.381041263914,0.0,0,0,0,0,0,0,{}
1776135102,normal,k3s-wk1,0.33255555555559924,0.631044529458844,669.8333333333334,354.7,35153.96666666667,9221.3,0.0,0,15,2,0,10,0,"{""process_exit"": 15, ""process_exec"": 15, ""process_kprobe"": 10}"
1776135112,normal,sw-wk3,0.15599999999996939,0.3427676261834678,116.06666666666666,100.86666666666666,2497.233333333333,6124.9,0.0,0,0,0,0,0,0,{}
1776135112,normal,sw-wk2,0.2221629669133347,0.2886195955502886,116.05892940470635,100.85994267048864,5268.2154523031795,27284.381041263914,0.0,0,0,0,0,0,0,{}
1776135112,normal,k3s-wk1,0.2679999999999483,0.6346195743585634,673.8333333333334,359.3,10546.833333333334,1802.8000000000004,0.0,0,57,3,0,50,0,"{""process_exit"": 57, ""process_exec"": 57, ""process_kprobe"": 50}"
1776135122,normal,sw-wk3,0.15599999999996939,0.3427676261834678,116.06666666666666,100.86666666666666,2497.233333333333,6124.9,0.0,0,0,0,0,0,0,{}
1776135122,normal,sw-wk2,0.12014043976309319,0.28337442817640834,78.33072230925634,68.1977267424419,754.2415252824904,3718.876037465417,0.0,0,0,0,0,0,0,{}
1776135122,normal,k3s-wk1,0.2679999999999483,0.6346195743585634,673.8333333333334,359.3,10546.833333333334,1802.8,0.0,0,60,3,0,52,0,"{""process_exit"": 60, ""process_exec"": 60, ""process_kprobe"": 52}"
1776135132,normal,sw-wk3,0.15588888888887598,0.34109038316959106,121.13333333333333,100.86666666666666,2330.4666666666667,5967.3,0.0,0,0,0,0,0,0,{}
1776135132,normal,sw-wk2,0.1201404397630933,0.28337442817640834,78.33072230925634,68.1977267424419,754.2415252824904,3718.876037465417,0.0,0,106,7,0,0,0,"{""process_exec"": 106, ""process_exit"": 106}"
1776135132,normal,k3s-wk1,0.2679999999999483,0.6346195743585634,673.8333333333334,359.3,10546.833333333334,1802.8,0.0,0,30,3,0,26,0,"{""process_exit"": 30, ""process_exec"": 30, ""process_kprobe"": 26}"
1776135142,normal,sw-wk3,0.15588888888887598,0.34109038316959106,121.13333333333333,100.86666666666666,2330.4666666666667,5967.3,0.0,0,17,3,0,0,0,"{""process_exit"": 19, ""process_exec"": 17}"
1776135142,normal,sw-wk2,0.1201404397630933,0.28337442817640834,78.33072230925634,68.1977267424419,754.2415252824904,3718.876037465417,0.0,0,0,0,0,0,0,{}
1776135142,normal,k3s-wk1,0.35266666666672486,0.6356558519771116,667.8333333333334,352.7,34298.73333333333,15426.966666666667,0.0,0,18,2,0,12,0,"{""process_exit"": 18, ""process_exec"": 18, ""process_kprobe"": 12}"
1776135152,normal,sw-wk3,0.15588888888887598,0.34109038316959106,121.13333333333333,100.86666666666666,2330.4666666666667,5967.3,0.0,0,0,0,0,0,0,{}
1776135152,normal,sw-wk2,0.20686245097057654,0.290962638734916,108.13693789792994,98.0032667755592,7106.603553451782,27970.89902996767,0.0,0,0,0,0,0,0,{}
1776135152,normal,k3s-wk1,0.35266666666672486,0.6356558519771116,667.8333333333334,352.7,34298.73333333333,15426.966666666667,0.0,0,15,2,0,10,0,"{""process_exit"": 15, ""process_exec"": 15, ""process_kprobe"": 10}"
1776135163,normal,sw-wk3,0.26566666666666505,0.3508591689284759,82.8,74.2,17288.13333333333,11488.3,0.0,0,8,3,0,0,0,"{""process_exec"": 8, ""process_exit"": 8}"
1776135163,normal,sw-wk2,0.20686245097057654,0.290962638734916,108.13693789792994,98.0032667755592,7106.603553451782,27970.89902996767,0.0,0,0,0,0,0,0,{}
1776135163,normal,k3s-wk1,0.35266666666672486,0.6356558519771116,667.8333333333334,352.7,34298.73333333333,15426.966666666667,0.0,0,15,2,0,10,0,"{""process_exit"": 15, ""process_exec"": 15, ""process_kprobe"": 10}"
1776135172,normal,sw-wk3,0.26566666666666505,0.3508591689284759,82.8,74.2,17288.13333333333,11488.3,0.0,0,1,1,0,0,0,"{""process_exit"": 7, ""process_exec"": 1}"
1776135172,normal,sw-wk2,0.20686245097057654,0.290962638734916,108.13693789792994,98.0032667755592,7106.603553451782,27970.89902996767,0.0,0,0,0,0,0,0,{}
1776135172,normal,k3s-wk1,0.2945555555555378,0.6318764865447593,667.8333333333334,352.7,16464.666666666668,17077.86666666667,0.0,0,9,2,0,6,0,"{""process_exit"": 9, ""process_exec"": 9, ""process_kprobe"": 6}"
1776135182,normal,sw-wk3,0.26566666666666505,0.3508591689284759,82.8,74.2,17288.13333333333,11488.3,0.0,0,4,3,0,0,0,"{""process_exec"": 4, ""process_exit"": 4}"
1776135182,normal,sw-wk2,0.13783141098299323,0.2855565962001606,116.0744049603307,100.87339155943731,1822.9548636575773,3676.1450763384228,0.0,0,0,0,0,0,0,{}
1776135182,normal,k3s-wk1,0.2945555555555378,0.6318764865447593,667.8333333333334,352.7,16464.666666666668,17077.866666666665,0.0,0,15,2,0,10,0,"{""process_exit"": 15, ""process_exec"": 15, ""process_kprobe"": 10}"
1776135192,normal,sw-wk3,0.1932993412648274,0.352025115638977,116.03959076215548,100.84313660145965,10736.194887859501,9104.342320125303,0.0,0,4,3,0,0,0,"{""process_exec"": 4, ""process_exit"": 4}"
1776135192,normal,sw-wk2,0.13783141098299323,0.2855565962001606,116.0744049603307,100.87339155943731,1822.9548636575773,3676.1450763384228,0.0,0,2,2,0,0,0,"{""process_exec"": 2}"
1776135192,normal,k3s-wk1,0.2945555555555378,0.6318764865447593,667.8333333333334,352.7,16464.666666666668,17077.866666666665,0.0,0,15,2,0,10,0,"{""process_exit"": 15, ""process_exec"": 15, ""process_kprobe"": 10}"
1776135202,normal,sw-wk3,0.1932993412648274,0.352025115638977,116.03959076215548,100.84313660145965,10736.194887859498,9104.342320125303,0.0,0,1,1,0,0,0,"{""process_exit"": 17, ""process_exec"": 1}"
1776135202,normal,sw-wk2,0.13783141098299323,0.2855565962001606,116.0744049603307,100.87339155943731,1822.9548636575773,3676.1450763384228,0.0,0,104,5,0,0,0,"{""process_exit"": 106, ""process_exec"": 104}"
1776135202,normal,k3s-wk1,0.2956666666666732,0.6319848554460452,665.7,350.7,33410.6,13280.633333333335,0.0,0,12,2,0,8,0,"{""process_exit"": 12, ""process_exec"": 12, ""process_kprobe"": 8}"
1776135212,normal,sw-wk3,0.1932993412648274,0.352025115638977,116.03959076215548,100.84313660145965,10736.194887859498,9104.342320125303,0.0,0,0,0,0,0,0,{}
1776135212,normal,sw-wk2,0.2050529964668698,0.2869264243026619,113.1924538364109,97.99346710219318,6386.974201719885,27962.035864275713,0.0,0,0,0,0,0,0,{}
1776135212,normal,k3s-wk1,0.2956666666666732,0.6319848554460452,665.7,350.7,33410.6,13280.633333333333,0.0,0,39,3,0,32,0,"{""process_exit"": 39, ""process_exec"": 39, ""process_kprobe"": 32}"
1776135222,normal,sw-wk3,0.177919292279337,0.35147877722135146,116.09375520954887,100.89020771513353,7070.683159403861,9177.674790784517,0.0,0,0,0,0,0,0,{}
1776135222,normal,sw-wk2,0.2050529964668698,0.2869264243026619,113.1924538364109,97.99346710219318,6386.974201719885,27962.035864275713,0.0,0,0,0,0,0,0,{}
1776135222,normal,k3s-wk1,0.2956666666666732,0.6319848554460452,665.7,350.7,33410.6,13280.633333333333,0.0,0,36,3,0,30,0,"{""process_exit"": 36, ""process_exec"": 36, ""process_kprobe"": 30}"
1776135232,normal,sw-wk3,0.177919292279337,0.35147877722135146,116.0937552095489,100.89020771513351,7070.683159403861,9177.674790784517,0.0,0,9,3,0,0,0,"{""process_exit"": 15, ""process_exec"": 9}"
1776135232,normal,sw-wk2,0.2050529964668698,0.2869264243026619,113.1924538364109,97.99346710219318,6386.974201719885,27962.035864275713,0.0,0,0,0,0,0,0,{}
1776135232,normal,k3s-wk1,0.3044444444444202,0.6341364296736629,667.8333333333334,352.7,14184.433333333332,7690.733333333334,0.0,0,12,2,0,8,0,"{""process_exit"": 12, ""process_exec"": 12, ""process_kprobe"": 8}"
1776135242,normal,sw-wk3,0.177919292279337,0.35147877722135146,116.0937552095489,100.89020771513353,7070.683159403861,9177.674790784517,0.0,0,0,0,0,0,0,{}
1776135242,normal,sw-wk2,0.11565986575990017,0.2888473692929139,105.94745966128816,100.88011734897987,1222.7963728497132,3653.120416055474,0.0,0,0,0,0,0,0,{}
1776135242,normal,k3s-wk1,0.3044444444444202,0.6341364296736629,667.8333333333334,352.7,14184.433333333332,7690.733333333334,0.0,0,15,2,0,10,0,"{""process_exit"": 15, ""process_exec"": 15, ""process_kprobe"": 10}"
1776135252,normal,sw-wk3,0.18333333333329294,0.3510710144373511,113.2,98.0,8179.333333333333,8744.7,0.0,0,1,1,0,0,0,"{""process_exit"": 11, ""process_exec"": 1}"
1776135252,normal,sw-wk2,0.11565986575990017,0.2888473692929139,105.94745966128816,100.88011734897987,1222.7963728497132,3653.120416055474,0.0,0,2,2,0,0,0,"{""process_exec"": 2}"
1776135252,normal,k3s-wk1,0.3044444444444202,0.6341364296736629,667.8333333333334,352.7,14184.433333333332,7690.733333333334,0.0,0,39,3,0,32,0,"{""process_exit"": 39, ""process_exec"": 39, ""process_kprobe"": 32}"
1776135263,normal,sw-wk3,0.18333333333329294,0.3510710144373511,113.2,98.0,8179.333333333333,8744.7,0.0,0,0,0,0,0,0,{}
1776135263,normal,sw-wk2,0.11565986575990017,0.2888473692929139,105.94745966128816,100.88011734897987,1222.7963728497132,3653.120416055474,0.0,0,104,5,0,0,0,"{""process_exit"": 106, ""process_exec"": 104}"
1776135263,normal,k3s-wk1,0.32011111111112567,0.6300646939763823,667.8333333333334,352.70000000000005,14939.633333333333,14903.533333333333,0.0,0,81,3,0,72,0,"{""process_exit"": 81, ""process_exec"": 81, ""process_kprobe"": 72}"
1776135272,normal,sw-wk3,0.18333333333329294,0.3510710144373511,113.2,98.0,8179.333333333333,8744.7,0.0,0,0,0,0,0,0,{}
1776135272,normal,sw-wk2,0.23282892251628484,0.2850628209539101,113.1924538364109,97.99346710219318,8862.275848276782,28269.815345643623,0.0,0,0,0,0,0,0,{}
1776135272,normal,k3s-wk1,0.32011111111112567,0.6300646939763823,667.8333333333334,352.7,14939.633333333333,14903.533333333333,0.0,0,51,3,0,46,0,"{""process_kprobe"": 46, ""process_exit"": 51, ""process_exec"": 51}"
1776135282,normal,sw-wk3,0.22429979224300123,0.35179415624960175,116.05506116055061,100.85658100856581,12753.35799753358,8157.15095157151,0.0,0,1,1,0,0,0,"{""process_exit"": 3, ""process_exec"": 1}"
1776135282,normal,sw-wk2,0.23282892251628484,0.2850628209539101,113.1924538364109,97.99346710219318,8862.275848276782,28269.815345643623,0.0,0,0,0,0,0,0,{}
1776135282,normal,k3s-wk1,0.32011111111112567,0.6300646939763823,667.8333333333334,352.7,14939.633333333333,14903.533333333333,0.0,0,33,3,0,28,0,"{""process_exit"": 33, ""process_exec"": 33, ""process_kprobe"": 28}"
1776135292,normal,sw-wk3,0.22429979224300123,0.35179415624960175,116.05506116055061,100.85658100856581,12753.35799753358,8157.15095157151,0.0,0,1,1,0,0,0,"{""process_exit"": 15, ""process_exec"": 1}"
1776135292,normal,sw-wk2,0.23282892251628484,0.2850628209539101,113.1924538364109,97.99346710219318,8862.275848276782,28269.815345643623,0.0,0,0,0,0,0,0,{}
1776135292,normal,k3s-wk1,0.3586666666666537,0.6298344100611495,667.8333333333334,352.7,33823.7,16137.466666666667,0.0,0,42,3,0,34,0,"{""process_exit"": 42, ""process_exec"": 42, ""process_kprobe"": 34}"
1776135302,normal,sw-wk3,0.22429979224300123,0.35179415624960175,116.05506116055061,100.85658100856581,12753.35799753358,8157.15095157151,0.0,0,0,0,0,0,0,{}
1776135302,normal,sw-wk2,0.11364419113641444,0.29074760757929075,82.79172082791719,74.19258074192581,629.603706296037,3613.77195613772,0.0,0,0,0,0,0,0,{}
1776135302,normal,k3s-wk1,0.3586666666666537,0.6298344100611495,667.8333333333334,352.7,33823.7,16137.466666666667,0.0,0,12,2,0,8,0,"{""process_exit"": 12, ""process_exec"": 12, ""process_kprobe"": 8}"
1776135312,normal,sw-wk3,0.15902701381248907,0.346034506925596,116.07827449411607,100.87675434210087,2392.205887255392,7323.865719905323,0.0,0,0,0,0,0,0,{}
1776135312,normal,sw-wk2,0.11364419113641444,0.29074760757929075,82.79172082791722,74.19258074192581,629.6037062960371,3613.77195613772,0.0,0,106,7,0,0,0,"{""process_exec"": 106, ""process_exit"": 106}"
1776135312,normal,k3s-wk1,0.3586666666666537,0.6298344100611495,667.8333333333334,352.7,33823.7,16137.466666666667,0.0,0,57,3,0,50,0,"{""process_exit"": 57, ""process_exec"": 57, ""process_kprobe"": 50}"
1776135322,normal,sw-wk3,0.15902701381248907,0.346034506925596,116.07827449411607,100.87675434210087,2392.205887255392,7323.865719905323,0.0,0,0,0,0,0,0,{}
1776135322,normal,sw-wk2,0.11364419113641444,0.29074760757929075,82.79172082791722,74.19258074192581,629.6037062960371,3613.77195613772,0.0,0,0,0,0,0,0,{}
1776135322,normal,k3s-wk1,0.302444444444417,0.6276929954180274,672.3,358.7,35258.73333333333,9474.9,0.0,0,12,2,0,8,0,"{""process_exit"": 12, ""process_exec"": 12, ""process_kprobe"": 8}"
1776135332,normal,sw-wk3,0.15902701381248907,0.346034506925596,116.07827449411607,100.87675434210087,2392.205887255392,7323.865719905323,0.0,0,1,1,0,0,0,"{""process_exit"": 5, ""process_exec"": 1}"
1776135332,normal,sw-wk2,0.20394692979532614,0.2858321546440359,105.94039602640177,100.87339155943731,5449.163277551837,27975.56503766918,0.0,0,0,0,0,0,0,{}
1776135332,normal,k3s-wk1,0.302444444444417,0.6276929954180274,672.3,358.7,35258.73333333333,9474.9,0.0,0,33,3,0,28,0,"{""process_exit"": 33, ""process_exec"": 33, ""process_kprobe"": 28}"
1776135342,normal,sw-wk3,0.149777777777773,0.34546427615734543,78.33333333333333,68.2,2962.866666666667,5960.166666666667,0.0,0,0,0,0,0,0,{}
1776135342,normal,sw-wk2,0.20394692979532614,0.2858321546440359,105.94039602640177,100.87339155943731,5449.163277551837,27975.56503766918,0.0,0,0,0,0,0,0,{}
1776135342,normal,k3s-wk1,0.302444444444417,0.6276929954180274,672.3,358.7,35258.73333333333,9474.9,0.0,0,39,3,0,32,0,"{""process_exit"": 39, ""process_exec"": 39, ""process_kprobe"": 32}"
1776135352,normal,sw-wk3,0.149777777777773,0.34546427615734543,78.33333333333333,68.2,2962.866666666667,5960.166666666667,0.0,0,0,0,0,0,0,{}
1776135352,normal,sw-wk2,0.20394692979532614,0.2858321546440359,105.94039602640177,100.87339155943731,5449.163277551837,27975.56503766918,0.0,0,0,0,0,0,0,{}
1776135352,normal,k3s-wk1,0.27011111111116604,0.620918810244925,667.8333333333334,352.7,9804.066666666666,3781.0333333333333,0.0,0,33,3,0,28,0,"{""process_exit"": 33, ""process_exec"": 33, ""process_kprobe"": 28}"
1776135362,normal,sw-wk3,0.149777777777773,0.34546427615734543,78.33333333333333,68.2,2962.866666666667,5960.166666666667,0.0,0,1,1,0,0,0,"{""process_exit"": 5, ""process_exec"": 1}"
1776135362,normal,sw-wk2,0.13030434347815145,0.2930874651171681,113.2037734591153,98.0032667755592,933.9311310377013,3659.5219840661357,0.0,0,0,0,0,0,0,{}
1776135362,normal,k3s-wk1,0.27011111111116604,0.620918810244925,667.8333333333334,352.7,9804.066666666666,3781.0333333333333,0.0,0,36,3,0,30,0,"{""process_exit"": 36, ""process_exec"": 36, ""process_kprobe"": 30}"
1776135372,normal,sw-wk3,0.19155555555557324,0.34476980516584477,116.06666666666666,100.86666666666666,3943.3333333333335,6135.833333333333,0.0,0,0,0,0,0,0,{}
1776135372,normal,sw-wk2,0.13030434347815145,0.2930874651171681,113.20377345911531,98.0032667755592,933.9311310377013,3659.5219840661357,0.0,0,2,2,0,0,0,"{""process_exec"": 2}"
1776135372,normal,k3s-wk1,0.27011111111116604,0.620918810244925,667.8333333333334,352.7,9804.066666666666,3781.0333333333333,0.0,0,30,3,0,26,0,"{""process_exit"": 31, ""process_exec"": 30, ""process_kprobe"": 26}"
1776135382,normal,sw-wk3,0.19155555555557335,0.34476980516584477,116.06666666666666,100.86666666666666,3943.3333333333335,6135.833333333333,0.0,0,1,1,0,0,0,"{""process_exit"": 3, ""process_exec"": 1}"
1776135382,normal,sw-wk2,0.13030434347815145,0.2930874651171681,113.20377345911531,98.0032667755592,933.9311310377013,3659.5219840661357,0.0,0,104,5,0,0,0,"{""process_exit"": 106, ""process_exec"": 104}"
1776135382,normal,k3s-wk1,0.31033333333333657,0.6281309863940587,665.7,350.7,10640.033333333333,4749.866666666667,0.0,0,39,3,0,32,0,"{""process_exit"": 39, ""process_exec"": 39, ""process_kprobe"": 32}"
1776135392,normal,sw-wk3,0.19155555555557335,0.34476980516584477,116.06666666666666,100.86666666666666,3943.3333333333335,6135.833333333333,0.0,0,177,4,0,0,0,"{""process_exec"": 177, ""process_exit"": 107}"
1776135392,normal,sw-wk2,0.21094739649307692,0.2924837850580425,105.94039602640177,100.87339155943731,5817.087805853724,28011.600773384893,0.0,0,0,0,0,0,0,{}
1776135392,normal,k3s-wk1,0.31033333333333657,0.6281309863940587,665.7,350.7,10640.033333333333,4749.866666666667,0.0,0,33,3,0,28,0,"{""process_exit"": 33, ""process_exec"": 33, ""process_kprobe"": 28}"
1776135402,normal,sw-wk3,0.21633333333334626,0.3516316882653516,718.8666666666667,394.1666666666667,6431.866666666667,39068.166666666664,0.0,0,140,4,0,0,0,"{""process_exit"": 76, ""process_exec"": 140}"
1776135402,normal,sw-wk2,0.21094739649307692,0.2924837850580425,105.94039602640177,100.87339155943731,5817.087805853724,28011.600773384893,0.0,0,0,0,0,0,0,{}
1776135402,normal,k3s-wk1,0.31033333333333657,0.6281309863940587,665.7,350.7,10640.033333333333,4749.866666666667,0.0,0,57,3,0,50,0,"{""process_exit"": 57, ""process_exec"": 57, ""process_kprobe"": 50}"
1776135412,normal,sw-wk3,0.21633333333334626,0.3516316882653516,718.8666666666667,394.1666666666667,6431.866666666667,39068.166666666664,0.0,0,140,4,0,0,0,"{""process_exit"": 76, ""process_exec"": 140}"
1776135412,normal,sw-wk2,0.21094739649307692,0.2924837850580425,105.94039602640177,100.87339155943731,5817.087805853724,28011.600773384893,0.0,0,0,0,0,0,0,{}
1776135412,normal,k3s-wk1,0.32800000000000484,0.6314328513551193,667.8333333333334,352.7,86830.2,10639.866666666667,0.0,0,33,3,0,28,0,"{""process_exit"": 33, ""process_exec"": 33, ""process_kprobe"": 28}"
1776135422,normal,sw-wk3,0.21633333333334626,0.3516316882653516,718.8666666666667,394.1666666666667,6431.866666666667,39068.166666666664,0.0,0,141,4,0,0,0,"{""process_exit"": 81, ""process_exec"": 141}"
1776135422,normal,sw-wk2,0.11733333333330753,0.28819271888578823,113.2,98.0,582.3666666666667,3589.733333333333,0.0,0,0,0,0,0,0,{}
1776135422,normal,k3s-wk1,0.32800000000000484,0.6314328513551193,667.8333333333334,352.7,86830.2,10639.866666666667,0.0,0,75,3,0,68,0,"{""process_exit"": 75, ""process_exec"": 75, ""process_kprobe"": 68}"
1776135432,normal,sw-wk3,0.1974444444444089,0.3503112376874753,124.06666666666666,109.46666666666667,2963.333333333334,68409.1,0.0,0,175,4,0,0,0,"{""process_exit"": 95, ""process_exec"": 175}"
1776135432,normal,sw-wk2,0.11733333333330753,0.28819271888578823,113.2,98.0,582.3666666666667,3589.733333333333,0.0,0,2,2,0,0,0,"{""process_exec"": 2}"
1776135432,normal,k3s-wk1,0.32800000000000484,0.6314328513551193,667.8333333333334,352.7,86830.2,10639.866666666667,0.0,0,15,2,0,10,0,"{""process_exit"": 15, ""process_exec"": 15, ""process_kprobe"": 10}"
1776135442,normal,sw-wk3,0.1974444444444089,0.3503112376874753,124.06666666666666,109.46666666666667,2963.3333333333335,68409.1,0.0,0,141,4,0,0,0,"{""process_exit"": 89, ""process_exec"": 141}"
1776135442,normal,sw-wk2,0.11733333333330753,0.28819271888578823,113.2,98.0,582.3666666666667,3589.733333333333,0.0,0,104,5,0,0,0,"{""process_exit"": 106, ""process_exec"": 104}"
1776135442,normal,k3s-wk1,0.3128888888888469,0.6309880873227576,667.8333333333334,352.7,79549.6,5333.533333333333,0.0,0,60,3,0,52,0,"{""process_exit"": 60, ""process_exec"": 60, ""process_kprobe"": 52}"
1776135452,normal,sw-wk3,0.1974444444444089,0.3503112376874753,124.06666666666666,109.46666666666667,2963.3333333333335,68409.1,0.0,0,141,4,0,0,0,"{""process_exit"": 87, ""process_exec"": 141}"
1776135452,normal,sw-wk2,0.19852459198529293,0.287936274322413,78.32550078325501,68.1931806819318,5338.799453387995,27949.771689497717,0.0,0,0,0,0,0,0,{}
1776135452,normal,k3s-wk1,0.3128888888888469,0.6309880873227576,667.8333333333334,352.7,79549.6,5333.533333333333,0.0,0,12,2,0,8,0,"{""process_exit"": 12, ""process_exec"": 12, ""process_kprobe"": 8}"
1776135462,normal,sw-wk3,0.19466666666667154,0.35150585521872646,113.16666666666667,98.0,3734.133333333333,76252.8,0.0,0,140,4,0,0,0,"{""process_exit"": 76, ""process_exec"": 140}"
1776135462,normal,sw-wk2,0.19852459198529282,0.287936274322413,78.32550078325501,68.1931806819318,5338.799453387995,27949.771689497717,0.0,0,0,0,0,0,0,{}
1776135462,normal,k3s-wk1,0.3128888888888469,0.6309880873227576,667.8333333333334,352.7,79549.6,5333.533333333333,0.0,0,15,2,0,10,0,"{""process_exit"": 15, ""process_exec"": 15, ""process_kprobe"": 10}"
1776135472,normal,sw-wk3,0.19466666666667154,0.35150585521872646,113.16666666666667,98.0,3734.133333333333,76252.8,0.0,0,175,4,0,0,0,"{""process_exit"": 95, ""process_exec"": 175}"
1776135472,normal,sw-wk2,0.19852459198529282,0.287936274322413,78.32550078325501,68.1931806819318,5338.799453387995,27949.771689497717,0.0,0,0,0,0,0,0,{}
1776135472,normal,k3s-wk1,0.28855555555556844,0.6330166176937067,665.7,350.7,96633.7,7347.066666666667,0.0,0,15,2,0,10,0,"{""process_exit"": 15, ""process_exec"": 15, ""process_kprobe"": 10}"
1776135482,normal,sw-wk3,0.19466666666667154,0.35150585521872646,113.16666666666667,98.0,3734.133333333333,76252.8,0.0,0,141,4,0,0,0,"{""process_exit"": 85, ""process_exec"": 141}"
1776135482,normal,sw-wk2,0.11933333333331075,0.2855342966729105,103.06666666666666,98.0,687.7333333333333,3661.5666666666675,0.0,0,0,0,0,0,0,{}
1776135482,normal,k3s-wk1,0.28855555555556844,0.6330166176937067,665.7,350.7,96633.7,7347.066666666667,0.0,0,12,2,0,8,0,"{""process_exit"": 12, ""process_exec"": 12, ""process_kprobe"": 8}"
1776135492,normal,sw-wk3,0.19642460581835453,0.35128923123972633,78.28114590273151,68.1545636242505,3028.947368421053,74009.46035976017,0.0,0,175,4,0,0,0,"{""process_exit"": 95, ""process_exec"": 175}"
1776135492,normal,sw-wk2,0.11933333333331075,0.2855342966729105,103.06666666666666,98.0,687.7333333333333,3661.5666666666666,0.0,0,106,7,0,0,0,"{""process_exec"": 106, ""process_exit"": 106}"
1776135492,normal,k3s-wk1,0.28855555555556844,0.6330166176937067,665.7,350.7,96633.7,7347.066666666667,0.0,0,57,3,0,50,0,"{""process_exit"": 57, ""process_exec"": 57, ""process_kprobe"": 50}"
1776135502,normal,sw-wk3,0.19642460581835453,0.35128923123972633,78.28114590273151,68.1545636242505,3028.947368421053,74009.46035976017,0.0,0,175,4,0,0,0,"{""process_exit"": 95, ""process_exec"": 175}"
1776135502,normal,sw-wk2,0.11933333333331075,0.2855342966729105,103.06666666666666,98.0,687.7333333333333,3661.5666666666666,0.0,0,0,0,0,0,0,{}
1776135502,normal,k3s-wk1,0.31777777777780203,0.6254014446929153,667.8333333333334,352.7,107317.76666666666,10337.2,0.0,0,12,2,0,8,0,"{""process_exit"": 12, ""process_exec"": 12, ""process_kprobe"": 8}"
1776135512,normal,sw-wk3,0.19642460581835453,0.35128923123972633,78.28114590273151,68.1545636242505,3028.947368421053,74009.46035976017,0.0,0,175,4,0,0,0,"{""process_exit"": 95, ""process_exec"": 175}"
1776135512,normal,sw-wk2,0.20213770652087926,0.2816159511704066,116.06279790673642,100.86330455651476,5676.310789640345,27963.634545515146,0.0,0,0,0,0,0,0,{}
1776135512,normal,k3s-wk1,0.31777777777780203,0.6254014446929153,667.8333333333334,352.7,107317.76666666666,10337.2,0.0,0,33,3,0,28,0,"{""process_exit"": 33, ""process_exec"": 33, ""process_kprobe"": 28}"
1776135523,normal,sw-wk3,0.2058038692461608,0.3522449252647273,116.1440960640427,100.9339559706471,5395.763842561708,83382.65510340227,0.0,0,175,4,0,0,0,"{""process_exit"": 95, ""process_exec"": 175}"
1776135523,normal,sw-wk2,0.20213770652087926,0.2816159511704066,116.06279790673642,100.86330455651476,5676.310789640344,27963.634545515146,0.0,0,0,0,0,0,0,{}
1776135523,normal,k3s-wk1,0.31777777777780203,0.6254014446929153,667.8333333333334,352.7,107317.76666666666,10337.2,0.0,0,36,3,0,30,0,"{""process_exit"": 36, ""process_exec"": 36, ""process_kprobe"": 30}"
1776135532,normal,sw-wk3,0.2058038692461608,0.3522449252647273,116.1440960640427,100.9339559706471,5395.763842561708,83382.65510340227,0.0,0,176,4,0,0,0,"{""process_exit"": 106, ""process_exec"": 176}"
1776135532,normal,sw-wk2,0.20213770652087926,0.2816159511704066,116.06279790673642,100.86330455651476,5676.310789640344,27963.634545515146,0.0,0,0,0,0,0,0,{}
1776135532,normal,k3s-wk1,0.30011111111109334,0.6248776616700324,665.7,350.7,84994.23333333335,4376.266666666666,0.0,0,9,2,0,6,0,"{""process_exit"": 9, ""process_exec"": 9, ""process_kprobe"": 6}"
1776135542,normal,sw-wk3,0.2058038692461608,0.3522449252647273,116.1440960640427,100.9339559706471,5395.763842561708,83382.65510340227,0.0,0,0,0,0,0,0,"{""process_exit"": 2}"
1776135542,normal,sw-wk2,0.1363333333333382,0.28593728098678595,113.2,98.0,699.1666666666669,3625.1,0.0,0,0,0,0,0,0,{}
1776135542,normal,k3s-wk1,0.30011111111109334,0.6248776616700324,665.7,350.7,84994.23333333334,4376.266666666666,0.0,0,36,3,0,30,0,"{""process_exit"": 36, ""process_exec"": 36, ""process_kprobe"": 30}"
1776135552,normal,sw-wk3,0.2153333333333851,0.3506043171884756,113.2,98.0,5002.066666666667,53830.53333333333,0.0,0,0,0,0,0,0,{}
1776135552,normal,sw-wk2,0.1363333333333382,0.28593728098678595,113.2,98.0,699.1666666666666,3625.1,0.0,0,106,7,0,0,0,"{""process_exec"": 106, ""process_exit"": 106}"
1776135552,normal,k3s-wk1,0.30011111111109334,0.6248776616700324,665.7,350.7,84994.23333333334,4376.266666666666,0.0,0,60,3,0,52,0,"{""process_exit"": 60, ""process_exec"": 60, ""process_kprobe"": 52}"
1776135562,normal,sw-wk3,0.2153333333333851,0.3506043171884756,113.2,98.0,5002.066666666667,53830.53333333333,0.0,0,0,0,0,0,0,{}
1776135562,normal,sw-wk2,0.1363333333333382,0.28593728098678595,113.2,98.0,699.1666666666666,3625.1,0.0,0,0,0,0,0,0,{}
1776135562,normal,k3s-wk1,0.3354444444444299,0.631458814737719,667.8333333333334,352.7,57876.933333333334,15198.1,0.0,0,54,3,0,48,0,"{""process_exit"": 54, ""process_exec"": 54, ""process_kprobe"": 48}"
1776135572,normal,sw-wk3,0.2153333333333851,0.3506043171884756,113.2,98.0,5002.066666666667,53830.53333333333,0.0,0,1,1,0,0,0,"{""process_exit"": 5, ""process_exec"": 1}"
1776135572,normal,sw-wk2,0.21508494727598626,0.29015667010716517,110.40368012267076,106.8702290076336,7342.61142038068,28029.36764558819,0.0,0,0,0,0,0,0,{}
1776135572,normal,k3s-wk1,0.3354444444444299,0.631458814737719,667.8333333333334,352.7,57876.933333333334,15198.1,0.0,0,15,2,0,10,0,"{""process_exit"": 15, ""process_exec"": 15, ""process_kprobe"": 10}"
1776135582,normal,sw-wk3,0.17244444444440887,0.35061546695210066,116.06666666666666,100.86666666666666,4246.533333333333,6068.166666666667,0.0,0,0,0,0,0,0,{}
1776135582,normal,sw-wk2,0.21508494727598626,0.29015667010716517,110.40368012267076,106.8702290076336,7342.61142038068,28029.36764558819,0.0,0,0,0,0,0,0,{}
1776135582,normal,k3s-wk1,0.3354444444444299,0.631458814737719,667.8333333333334,352.7,57876.933333333334,15198.1,0.0,0,33,3,0,28,0,"{""process_exit"": 33, ""process_exec"": 33, ""process_kprobe"": 28}"
1776135592,normal,sw-wk3,0.17244444444440887,0.35061546695210066,116.06666666666666,100.86666666666666,4246.533333333333,6068.166666666667,0.0,0,1,1,0,0,0,"{""process_exit"": 23, ""process_exec"": 1}"
1776135592,normal,sw-wk2,0.21508494727598626,0.29015667010716517,110.40368012267076,106.8702290076336,7342.61142038068,28029.36764558819,0.0,0,0,0,0,0,0,{}
1776135592,normal,k3s-wk1,0.2743333333333591,0.6314701031649363,667.8333333333334,352.70000000000005,9559.9,1870.8333333333337,0.0,0,63,3,0,54,0,"{""process_exit"": 63, ""process_exec"": 63, ""process_kprobe"": 54}"
1776135605,normal,sw-wk3,0.17244444444440887,0.35061546695210066,112.8694437979986,97.74261112404002,2261.411616077662,8300.674889457761,0.0,0,0,0,0,0,0,{}
1776135605,normal,sw-wk2,0.13519339533542096,0.2872625100347873,116.07053568452282,100.87002900096671,679.7893263108771,3662.6554218473943,0.0,0,0,0,0,0,0,{}
1776135605,normal,k3s-wk1,0.2743333333333592,0.6314701031649363,667.8333333333334,352.7,9559.9,1870.8333333333333,0.0,0,57,3,0,50,0,"{""process_exit"": 57, ""process_exec"": 57, ""process_kprobe"": 50}"
1776135612,normal,sw-wk3,0.1655307689750405,0.3521270563349771,112.8694437979986,97.74261112404002,2261.411616077662,8300.674889457761,0.0,0,1,1,0,0,0,"{""process_exit"": 11, ""process_exec"": 1}"
1776135612,normal,sw-wk2,0.13519339533542096,0.2872625100347873,116.07053568452282,100.87002900096671,679.7893263108771,3662.6554218473952,0.0,0,2,2,0,0,0,"{""process_exec"": 2}"
1776135612,normal,k3s-wk1,0.2743333333333592,0.6314701031649363,667.8333333333334,352.7,9559.9,1870.8333333333333,0.0,0,57,3,0,50,0,"{""process_exit"": 57, ""process_exec"": 57, ""process_kprobe"": 50}"
1776135622,normal,sw-wk3,0.1655307689750405,0.3521270563349771,112.8694437979986,97.74261112404002,2261.411616077662,8300.674889457761,0.0,0,0,0,0,0,0,{}
1776135622,normal,sw-wk2,0.13519339533542096,0.2872625100347873,116.07053568452282,100.87002900096671,679.7893263108771,3662.6554218473952,0.0,0,104,5,0,0,0,"{""process_exit"": 106, ""process_exec"": 104}"
1776135622,normal,k3s-wk1,0.32922222222223363,0.6388606364641034,871.4333333333333,443.1333333333333,14150.1,4794.5,0.0,0,75,3,0,68,0,"{""process_exit"": 75, ""process_exec"": 75, ""process_kprobe"": 68}"
1776135632,normal,sw-wk3,0.1655307689750405,0.3521270563349771,112.8694437979986,97.74261112404002,2261.411616077662,8300.674889457761,0.0,0,2,2,0,0,0,"{""process_exit"": 5, ""process_exec"": 2}"
1776135632,normal,sw-wk2,0.1924375722029601,0.2885256189711636,70.38123167155425,65.31591575579844,5779.492135430552,28106.47160757131,0.0,0,0,0,0,0,0,{}
1776135632,normal,k3s-wk1,0.32922222222223363,0.6388606364641034,871.4333333333333,443.1333333333333,14150.1,4794.5,0.0,0,12,2,0,8,0,"{""process_exit"": 12, ""process_exec"": 12, ""process_kprobe"": 8}"
1776135642,normal,sw-wk3,0.20847119637259726,0.3544366502287294,120.85157581631628,107.14882523979813,6368.0692490224255,8088.332609204237,0.0,0,0,0,0,0,0,{}
1776135642,normal,sw-wk2,0.1924375722029601,0.2885256189711636,70.38123167155425,65.31591575579844,5779.492135430552,28106.47160757131,0.0,0,0,0,0,0,0,{}
1776135642,normal,k3s-wk1,0.32922222222223363,0.6388606364641034,871.4333333333333,443.1333333333333,14150.1,4794.5,0.0,0,57,3,0,50,0,"{""process_exit"": 57, ""process_exec"": 57, ""process_kprobe"": 50}"
1776135652,normal,sw-wk3,0.20847119637259726,0.3544366502287294,120.85157581631628,107.14882523979813,6368.0692490224255,8088.332609204237,0.0,0,0,0,0,0,0,{}
1776135652,normal,sw-wk2,0.1924375722029601,0.2885256189711636,70.38123167155425,65.31591575579844,5779.492135430552,28106.47160757131,0.0,0,0,0,0,0,0,{}
1776135652,normal,k3s-wk1,0.31699999999998707,0.6415676013108121,667.7,352.7,34035.40000000001,10311.6,0.0,0,15,2,0,10,0,"{""process_exit"": 15, ""process_exec"": 15, ""process_kprobe"": 10}"
1776135662,normal,sw-wk3,0.20847119637259726,0.3544366502287294,120.85157581631628,107.14882523979813,6368.0692490224255,8088.332609204237,0.0,0,0,0,0,0,0,{}
1776135662,normal,sw-wk2,0.12493053239973406,0.28647724811091146,100.90030010003333,100.90030010003335,1000.3334444814936,3587.2957652550854,0.0,0,0,0,0,0,0,{}
1776135662,normal,k3s-wk1,0.31699999999998707,0.6415676013108121,667.7,352.7,34035.4,10311.6,0.0,0,9,2,0,6,0,"{""process_exit"": 9, ""process_exec"": 9, ""process_kprobe"": 6}"
1776135672,normal,sw-wk3,0.1608888888889245,0.380987423066631,75.46666666666667,65.33333333333333,3443.6,5569.333333333333,0.0,0,1,1,0,0,0,"{""process_exit"": 19, ""process_exec"": 1}"
1776135672,normal,sw-wk2,0.12493053239973406,0.28647724811091146,100.90030010003335,100.90030010003335,1000.3334444814939,3587.2957652550854,0.0,0,106,7,0,0,0,"{""process_exec"": 106, ""process_exit"": 106}"
1776135672,normal,k3s-wk1,0.31699999999998707,0.6415676013108121,667.7,352.7,34035.4,10311.6,0.0,0,87,3,0,77,0,"{""process_exit"": 88, ""process_exec"": 87, ""process_kprobe"": 77}"
1776135682,normal,sw-wk3,0.1608888888889245,0.380987423066631,75.46666666666667,65.33333333333333,3443.6,5569.333333333333,0.0,0,0,0,0,0,0,{}
1776135682,normal,sw-wk2,0.12493053239973406,0.28647724811091146,100.90030010003335,100.90030010003335,1000.3334444814939,3587.2957652550854,0.0,0,0,0,0,0,0,{}
1776135682,normal,k3s-wk1,0.3139999999999822,0.6402366957418923,669.8333333333334,354.7,36190.7,11275.466666666667,0.0,0,48,3,0,43,0,"{""process_kprobe"": 43, ""process_exit"": 48, ""process_exec"": 48}"
1776135692,normal,sw-wk3,0.1608888888889245,0.380987423066631,75.46666666666667,65.33333333333333,3443.6,5569.333333333333,0.0,0,0,0,0,0,0,{}
1776135692,normal,sw-wk2,0.23466666666665537,0.28959758910253963,113.2,98.0,5302.366666666667,27837.733333333334,0.0,0,0,0,0,0,0,{}
1776135692,normal,k3s-wk1,0.3139999999999822,0.6402366957418923,669.8333333333334,354.7,36190.7,11275.466666666667,0.0,0,42,3,0,34,0,"{""process_exit"": 42, ""process_exec"": 42, ""process_kprobe"": 34}"
1776135702,normal,sw-wk3,0.17011111111112565,0.40125450769015125,116.06666666666666,100.86666666666666,3315.9333333333334,8138.266666666666,0.0,0,0,0,0,0,0,{}
1776135702,normal,sw-wk2,0.23466666666665537,0.28959758910253963,113.2,98.0,5302.366666666667,27837.733333333334,0.0,0,0,0,0,0,0,{}
1776135702,normal,k3s-wk1,0.3139999999999822,0.6402366957418923,669.8333333333334,354.7,36190.7,11275.466666666667,0.0,0,36,3,0,30,0,"{""process_exit"": 36, ""process_exec"": 36, ""process_kprobe"": 30}"
1776135712,normal,sw-wk3,0.17011111111112565,0.40125450769015125,116.06666666666666,100.86666666666666,3315.9333333333334,8138.266666666666,0.0,0,1,1,0,0,0,"{""process_exit"": 3, ""process_exec"": 1}"
1776135712,normal,sw-wk2,0.23466666666665537,0.28959758910253963,113.2,98.0,5302.366666666667,27837.733333333334,0.0,0,0,0,0,0,0,{}
1776135712,normal,k3s-wk1,0.284333333333335,0.6257739627910862,673.8333333333334,359.3,9499.466666666667,1730.9333333333334,0.0,0,15,2,0,10,0,"{""process_exit"": 15, ""process_exec"": 15, ""process_kprobe"": 10}"
1776135722,normal,sw-wk3,0.17011111111112565,0.40125450769015125,116.06666666666666,100.86666666666666,3315.9333333333334,8138.266666666666,0.0,0,0,0,0,0,0,{}
1776135722,normal,sw-wk2,0.12347942009663437,0.28715579086866216,110.9815030828195,100.84985835694052,587.7687052157974,3611.0648225295786,0.0,0,0,0,0,0,0,{}
1776135722,normal,k3s-wk1,0.284333333333335,0.6257739627910862,673.8333333333334,359.3,9499.466666666667,1730.9333333333334,0.0,0,18,2,0,12,0,"{""process_exit"": 18, ""process_exec"": 18, ""process_kprobe"": 12}"
1776135732,normal,sw-wk3,0.1644444444444364,0.42255055621392257,116.06666666666666,100.86666666666666,2268.5666666666666,5943.766666666666,0.0,0,0,0,0,0,0,{}
1776135732,normal,sw-wk2,0.12347942009663437,0.28715579086866216,110.98150308281953,100.84985835694052,587.7687052157974,3611.0648225295786,0.0,0,106,7,0,0,0,"{""process_exec"": 106, ""process_exit"": 106}"
1776135732,normal,k3s-wk1,0.284333333333335,0.6257739627910862,673.8333333333334,359.3,9499.466666666667,1730.9333333333334,0.0,0,57,3,0,50,0,"{""process_exit"": 57, ""process_exec"": 57, ""process_kprobe"": 50}"
1776135742,normal,sw-wk3,0.1644444444444364,0.42255055621392257,116.06666666666666,100.86666666666666,2268.5666666666666,5943.766666666666,0.0,0,1,1,0,0,0,"{""process_exit"": 3, ""process_exec"": 1}"
1776135742,normal,sw-wk2,0.12347942009663437,0.28715579086866216,110.98150308281953,100.84985835694052,587.7687052157974,3611.0648225295786,0.0,0,0,0,0,0,0,{}
1776135742,normal,k3s-wk1,0.30022222222222694,0.6198452808165597,670.1666666666666,356.7,33440.36666666667,9629.766666666666,0.0,0,15,2,0,10,0,"{""process_exit"": 15, ""process_exec"": 15, ""process_kprobe"": 10}"
1776135752,normal,sw-wk3,0.1644444444444364,0.42255055621392257,116.06666666666666,100.86666666666666,2268.5666666666666,5943.766666666666,0.0,0,0,0,0,0,0,{}
1776135752,normal,sw-wk2,0.19708434725603752,0.28654096104591154,103.07010233674457,98.00326677555917,5651.52171739058,27956.431881062697,0.0,0,0,0,0,0,0,{}
1776135752,normal,k3s-wk1,0.30022222222222705,0.6198452808165597,670.1666666666666,356.7,33440.36666666667,9629.766666666666,0.0,0,36,3,0,30,0,"{""process_exit"": 36, ""process_exec"": 36, ""process_kprobe"": 30}"
1776135762,normal,sw-wk3,0.16711111111112087,0.45176930820495176,113.2,98.0,2996.6,6023.633333333334,0.0,0,1,1,0,0,0,"{""process_exit"": 10, ""process_exec"": 1}"
1776135762,normal,sw-wk2,0.1970843472560374,0.28654096104591154,103.07010233674457,98.0032667755592,5651.52171739058,27956.431881062705,0.0,0,0,0,0,0,0,{}
1776135762,normal,k3s-wk1,0.30022222222222705,0.6198452808165597,670.1666666666666,356.7,33440.36666666667,9629.766666666666,0.0,0,39,3,0,32,0,"{""process_exit"": 39, ""process_exec"": 39, ""process_kprobe"": 32}"
1776135772,normal,sw-wk3,0.16711111111112087,0.45176930820495176,113.2,98.0,2996.6,6023.633333333333,0.0,0,0,0,0,0,0,{}
1776135772,normal,sw-wk2,0.1970843472560374,0.28654096104591154,103.07010233674457,98.0032667755592,5651.52171739058,27956.431881062705,0.0,0,0,0,0,0,0,{}
1776135772,normal,k3s-wk1,0.3006666666666812,0.622240685072071,670.8333333333334,355.7,11361.233333333334,6865.133333333333,0.0,0,33,3,0,28,0,"{""process_exit"": 33, ""process_exec"": 33, ""process_kprobe"": 28}"
1776135782,normal,sw-wk3,0.16711111111112087,0.45176930820495176,113.2,98.0,2996.6,6023.633333333333,0.0,0,1,1,0,0,0,"{""process_exit"": 11, ""process_exec"": 1}"
1776135782,normal,sw-wk2,0.12730424347477276,0.2844671050116595,116.07053568452281,100.87002900096671,1369.2123070769028,3677.322577419247,0.0,0,0,0,0,0,0,{}
1776135782,normal,k3s-wk1,0.3006666666666812,0.622240685072071,670.8333333333334,355.7,11361.233333333334,6865.133333333333,0.0,0,57,3,0,50,0,"{""process_exit"": 57, ""process_exec"": 57, ""process_kprobe"": 50}"
1776135792,normal,sw-wk3,0.20433333333332682,0.3444400907272195,116.06666666666666,100.86666666666666,6599.666666666667,8581.766666666668,0.0,0,0,0,0,0,0,{}
1776135792,normal,sw-wk2,0.12730424347477276,0.2844671050116595,116.07053568452282,100.87002900096671,1369.2123070769028,3677.322577419248,0.0,0,2,2,0,0,0,"{""process_exec"": 2}"
1776135792,normal,k3s-wk1,0.3006666666666812,0.622240685072071,670.8333333333334,355.7,11361.233333333334,6865.133333333333,0.0,0,102,3,0,92,0,"{""process_exit"": 102, ""process_exec"": 102, ""process_kprobe"": 92}"
1776135802,normal,sw-wk3,0.20433333333332682,0.3444400907272195,116.06666666666666,100.86666666666666,6599.666666666667,8581.766666666666,0.0,0,0,0,0,0,0,{}
1776135802,normal,sw-wk2,0.12730424347477276,0.2844671050116595,116.07053568452282,100.87002900096671,1369.2123070769028,3677.322577419248,0.0,0,104,5,0,0,0,"{""process_exit"": 106, ""process_exec"": 104}"
1776135802,normal,k3s-wk1,0.31033333333333657,0.6224280729638781,667.8333333333334,352.7,10887.6,4694.066666666667,0.0,0,21,2,0,14,0,"{""process_exit"": 21, ""process_exec"": 21, ""process_kprobe"": 14}"
1776135812,normal,sw-wk3,0.20433333333332682,0.3444400907272195,116.06666666666666,100.86666666666666,6599.666666666667,8581.766666666666,0.0,0,1,1,0,0,0,"{""process_exit"": 7, ""process_exec"": 1}"
1776135812,normal,sw-wk2,0.18666666666665865,0.2906058462989156,73.26666666666668,68.2,5364.7,27987.966666666667,0.0,0,0,0,0,0,0,{}
1776135812,normal,k3s-wk1,0.31033333333333657,0.6224280729638781,667.8333333333334,352.7,10887.6,4694.066666666667,0.0,0,39,3,0,32,0,"{""process_exit"": 39, ""process_exec"": 39, ""process_kprobe"": 32}"
1776135822,normal,sw-wk3,0.15911111111110787,0.34765600112134765,113.2,98.00000000000001,2910.5,6182.733333333334,0.0,0,0,0,0,0,0,{}
1776135822,normal,sw-wk2,0.18666666666665865,0.2906058462989156,73.26666666666667,68.2,5364.7,27987.966666666667,0.0,0,0,0,0,0,0,{}
1776135822,normal,k3s-wk1,0.31033333333333657,0.6224280729638781,667.8333333333334,352.7,10887.6,4694.066666666667,0.0,0,39,3,0,32,0,"{""process_exit"": 39, ""process_exec"": 39, ""process_kprobe"": 32}"
1776135833,normal,sw-wk3,0.15911111111110787,0.34765600112134765,113.2,98.0,2910.5,6182.733333333334,0.0,0,0,0,0,0,0,{}
1776135833,normal,sw-wk2,0.18666666666665865,0.2906058462989156,73.26666666666667,68.2,5364.7,27987.966666666667,0.0,0,0,0,0,0,0,{}
1776135833,normal,k3s-wk1,0.28133333333333,0.6218467189621871,667.8333333333334,352.7,33702.833333333336,6531.8,0.0,0,18,2,0,12,0,"{""process_exit"": 18, ""process_exec"": 18, ""process_kprobe"": 12}"
1776135842,normal,sw-wk3,0.15911111111110787,0.34765600112134765,113.2,98.0,2910.5,6182.733333333334,0.0,0,1,1,0,0,0,"{""process_exit"": 21, ""process_exec"": 1}"
1776135842,normal,sw-wk2,0.12636245458487638,0.29116652012691613,97.99673344221858,97.9967334422186,578.2473917536081,3580.4473184227186,0.0,0,0,0,0,0,0,{}
1776135842,normal,k3s-wk1,0.28133333333333,0.6218467189621871,667.8333333333334,352.7,33702.833333333336,6531.8,0.0,0,33,3,0,28,0,"{""process_exit"": 33, ""process_exec"": 33, ""process_kprobe"": 28}"
1776135852,normal,sw-wk3,0.1599728915997224,0.3498604686723499,78.32550078325501,68.1931806819318,2663.133686631337,8196.780321967803,0.0,0,0,0,0,0,0,{}
1776135852,normal,sw-wk2,0.12636245458487638,0.29116652012691613,97.99673344221858,97.99673344221858,578.2473917536081,3580.4473184227186,0.0,0,106,7,0,0,0,"{""process_exec"": 106, ""process_exit"": 106}"
1776135852,normal,k3s-wk1,0.28133333333333,0.6218467189621871,667.8333333333334,352.7,33702.833333333336,6531.8,0.0,0,36,3,0,30,0,"{""process_exit"": 36, ""process_exec"": 36, ""process_kprobe"": 30}"
1776135862,normal,sw-wk3,0.1599728915997224,0.3498604686723499,78.32550078325501,68.1931806819318,2663.133686631337,8196.780321967803,0.0,0,0,0,0,0,0,{}
1776135862,normal,sw-wk2,0.12636245458487638,0.29116652012691613,97.99673344221858,97.99673344221858,578.2473917536081,3580.4473184227186,0.0,0,0,0,0,0,0,{}
1776135862,normal,k3s-wk1,0.327666666666644,0.6303604507694757,665.7,350.7,36206.1,11465.333333333334,0.0,0,30,3,0,26,0,"{""process_exit"": 30, ""process_exec"": 30, ""process_kprobe"": 26}"
1776135872,normal,sw-wk3,0.1599728915997224,0.3498604686723499,78.32550078325501,68.1931806819318,2663.133686631337,8196.780321967803,0.0,0,1,1,0,0,0,"{""process_exit"": 7, ""process_exec"": 1}"
1776135872,normal,sw-wk2,0.20494189276269015,0.28934910865603936,116.05892940470635,100.85994267048864,7124.825011665889,28083.89440703953,0.0,0,0,0,0,0,0,{}
1776135872,normal,k3s-wk1,0.327666666666644,0.6303604507694757,665.7,350.7,36206.1,11465.333333333334,0.0,0,60,3,0,52,0,"{""process_exit"": 60, ""process_exec"": 60, ""process_kprobe"": 52}"
1776135882,normal,sw-wk3,0.15247080263585477,0.34854001809447355,113.2113211321132,98.009800980098,3867.5867586758673,6215.388205487215,0.0,0,0,0,0,0,0,{}
1776135882,normal,sw-wk2,0.20494189276269015,0.28934910865603936,116.05892940470635,100.85994267048864,7124.825011665889,28083.89440703953,0.0,0,0,0,0,0,0,{}
1776135882,normal,k3s-wk1,0.327666666666644,0.6303604507694757,665.7,350.7,36206.1,11465.333333333334,0.0,0,73,3,0,66,0,"{""process_exit"": 73, ""process_exec"": 73, ""process_kprobe"": 66}"
1776135893,normal,sw-wk3,0.15247080263585477,0.34854001809447355,113.2113211321132,98.009800980098,3867.5867586758673,6215.388205487215,0.0,0,0,0,0,0,0,{}
1776135893,normal,sw-wk2,0.20494189276269015,0.28934910865603936,116.05892940470635,100.85994267048864,7124.825011665889,28083.89440703953,0.0,0,2,2,0,0,0,"{""process_exec"": 2}"
1776135893,normal,k3s-wk1,0.30500000000000815,0.6128509713127199,667.8333333333334,352.7,10287.8,6615.733333333334,0.0,0,14,2,0,10,0,"{""process_kprobe"": 10, ""process_exit"": 14, ""process_exec"": 14}"
1776135903,normal,sw-wk3,0.15247080263585477,0.34854001809447355,113.2113211321132,98.009800980098,3867.5867586758673,6215.388205487215,0.0,0,1,1,0,0,0,"{""process_exit"": 7, ""process_exec"": 1}"
1776135903,normal,sw-wk2,0.17250038891484387,0.30648151687755654,143286.45243016203,1073.4382292152811,2502.2001466764455,4159.910660710714,0.0,0,6,5,0,0,0,"{""process_exec"": 6, ""process_exit"": 6}"
1776135903,normal,k3s-wk1,0.30500000000000815,0.6128509713127199,667.8333333333334,352.7,10287.8,6615.733333333334,0.0,0,57,3,0,50,0,"{""process_exit"": 57, ""process_exec"": 57, ""process_kprobe"": 50}"
1776135913,normal,sw-wk3,0.17219315493047105,0.3468102119092218,116.03959076215548,100.84313660145968,4216.882727363614,6303.129269837039,0.0,0,0,0,0,0,0,{}
1776135913,normal,sw-wk2,0.17250038891484387,0.30648151687755654,143286.45243016203,1073.4382292152811,2502.2001466764455,4159.910660710714,0.0,0,13,5,0,0,0,"{""process_exec"": 13, ""process_exit"": 12}"
1776135913,normal,k3s-wk1,0.30500000000000815,0.6128509713127199,667.8333333333334,352.7,10287.8,6615.733333333334,0.0,0,9,2,0,6,0,"{""process_exit"": 9, ""process_exec"": 9, ""process_kprobe"": 6}"
1776135922,normal,sw-wk3,0.17219315493047105,0.3468102119092218,116.03959076215548,100.84313660145965,4216.882727363614,6303.129269837037,0.0,0,0,0,0,0,0,{}
1776135922,normal,sw-wk2,0.17250038891484387,0.30648151687755654,143286.45243016203,1073.4382292152811,2502.2001466764455,4159.910660710714,0.0,0,12,1,0,0,0,"{""process_exec"": 12, ""process_exit"": 12}"
1776135922,normal,k3s-wk1,0.30999999999997574,0.6179928499102005,667.8333333333334,352.7,16112.366666666667,9717.766666666668,0.0,0,39,3,0,32,0,"{""process_exit"": 39, ""process_exec"": 39, ""process_kprobe"": 32}"
1776135932,normal,sw-wk3,0.17219315493047105,0.3468102119092218,116.03959076215548,100.84313660145965,4216.882727363614,6303.129269837037,0.0,0,1,1,0,0,0,"{""process_exit"": 5, ""process_exec"": 1}"
1776135932,normal,sw-wk2,0.199222222222185,0.28891745352141396,112.53333333333333,109.46666666666667,5913.466666666666,12995.433333333332,0.0,0,17,1,0,0,0,"{""process_exec"": 17, ""process_exit"": 16}"
1776135932,normal,k3s-wk1,0.30999999999997574,0.6179928499102005,667.8333333333334,352.7,16112.366666666667,9717.766666666666,0.0,0,30,3,0,26,0,"{""process_exit"": 30, ""process_exec"": 30, ""process_kprobe"": 26}"
1776135943,normal,sw-wk3,0.15146867602446223,0.3435226244632186,113.22641949788284,98.02287200346748,2983.1627379721936,5909.512219517887,0.0,0,0,0,0,0,0,{}
1776135943,normal,sw-wk2,0.199222222222185,0.28891745352141396,112.53333333333333,109.46666666666667,5913.466666666666,12995.433333333332,0.0,0,13,1,0,0,0,"{""process_exit"": 14, ""process_exec"": 13}"
1776135943,normal,k3s-wk1,0.30999999999997574,0.6179928499102005,667.8333333333334,352.7,16112.366666666667,9717.766666666666,0.0,0,33,3,0,28,0,"{""process_exit"": 33, ""process_exec"": 33, ""process_kprobe"": 28}"
1776135952,normal,sw-wk3,0.15146867602446223,0.3435226244632186,113.22641949788284,98.02287200346748,2983.1627379721936,5909.512219517887,0.0,0,0,0,0,0,0,{}
1776135952,normal,sw-wk2,0.199222222222185,0.28891745352141396,112.53333333333333,109.46666666666667,5913.466666666666,12995.433333333332,0.0,0,21,1,0,0,0,"{""process_exec"": 21, ""process_exit"": 20}"
1776135952,normal,k3s-wk1,0.2745555555555863,0.6303649661403625,667.8333333333335,352.7,18858.233333333334,2326.0,0.0,0,54,3,0,48,0,"{""process_exit"": 54, ""process_exec"": 54, ""process_kprobe"": 48}"
1776135962,normal,sw-wk3,0.15146867602446223,0.3435226244632186,113.22641949788284,98.02287200346748,2983.1627379721936,5909.512219517887,0.0,0,1,1,0,0,0,"{""process_exit"": 9, ""process_exec"": 1}"
1776135962,normal,sw-wk2,0.11899999999999034,0.2920935433311671,79.93333333333335,77.86666666666666,1113.3333333333333,14974.866666666667,0.0,0,15,1,0,0,0,"{""process_exit"": 16, ""process_exec"": 15}"
1776135962,normal,k3s-wk1,0.2745555555555863,0.6303649661403625,667.8333333333334,352.7,18858.233333333334,2326.0,0.0,0,37,3,0,32,0,"{""process_exit"": 38, ""process_exec"": 37, ""process_kprobe"": 32}"
1776135973,normal,sw-wk3,0.17044444444436524,0.3433346713049683,116.06666666666666,100.86666666666666,3763.833333333334,6639.766666666666,0.0,0,0,0,0,0,0,{}
1776135973,normal,sw-wk2,0.11899999999999034,0.2920935433311671,79.93333333333334,77.86666666666666,1113.3333333333333,14974.866666666667,0.0,0,7,1,0,0,0,"{""process_exec"": 7, ""process_exit"": 7}"
1776135973,normal,k3s-wk1,0.2745555555555863,0.6303649661403625,667.8333333333334,352.7,18858.233333333334,2326.0,0.0,0,29,2,0,24,0,"{""process_exec"": 29, ""process_kprobe"": 24, ""process_exit"": 29}"
1776135983,normal,sw-wk3,0.17044444444436524,0.3433346713049683,116.06666666666666,100.86666666666666,3763.8333333333335,6639.766666666666,0.0,0,0,0,0,0,0,{}
1776135983,normal,sw-wk2,0.11899999999999034,0.2920935433311671,79.93333333333334,77.86666666666666,1113.3333333333333,14974.866666666667,0.0,0,0,0,0,0,0,{}
1776135983,normal,k3s-wk1,0.3075555555555183,0.6127696946367553,665.7,350.7,21912.866666666665,9022.633333333333,0.0,0,21,2,0,14,0,"{""process_exit"": 21, ""process_exec"": 21, ""process_kprobe"": 14}"
1776135992,normal,sw-wk3,0.17044444444436524,0.3433346713049683,116.06666666666666,100.86666666666666,3763.8333333333335,6639.766666666666,0.0,0,1,1,0,0,0,"{""process_exit"": 15, ""process_exec"": 1}"
1776135992,normal,sw-wk2,0.19488888888889866,0.2934506288466685,116.06666666666666,94.33333333333333,7787.966666666666,10290.533333333333,0.0,0,0,0,0,0,0,{}
1776135992,normal,k3s-wk1,0.3075555555555183,0.6127696946367553,665.7,350.7,21912.866666666665,9022.633333333333,0.0,0,33,3,0,28,0,"{""process_exit"": 33, ""process_exec"": 33, ""process_kprobe"": 28}"
1776136003,normal,sw-wk3,0.1495555555555863,0.342052448488092,116.06666666666669,100.86666666666666,3169.8333333333335,7426.3,0.0,0,1,1,0,0,0,"{""process_exit"": 15, ""process_exec"": 1}"
1776136003,normal,sw-wk2,0.19488888888889866,0.2934506288466685,116.06666666666666,94.33333333333333,7787.966666666666,10290.533333333333,0.0,0,0,0,0,0,0,{}
1776136003,normal,k3s-wk1,0.3075555555555183,0.6127696946367553,665.7,350.7,21912.866666666665,9022.633333333333,0.0,0,36,3,0,30,0,"{""process_exit"": 36, ""process_exec"": 36, ""process_kprobe"": 30}"
1776136013,normal,sw-wk3,0.1495555555555863,0.342052448488092,116.06666666666666,100.86666666666666,3169.8333333333335,7426.3,0.0,0,0,0,0,0,0,{}
1776136013,normal,sw-wk2,0.19488888888889866,0.2934506288466685,116.06666666666666,94.33333333333333,7787.966666666666,10290.533333333333,0.0,0,0,0,0,0,0,{}
1776136013,normal,k3s-wk1,0.3021111111111775,0.6091969074224796,667.8333333333334,352.7,13672.233333333334,8721.266666666666,0.0,0,57,3,0,50,0,"{""process_exit"": 57, ""process_exec"": 57, ""process_kprobe"": 50}"
1776136023,normal,sw-wk3,0.1495555555555863,0.342052448488092,116.06666666666666,100.86666666666666,3169.8333333333335,7426.3,0.0,0,0,0,0,0,0,{}
1776136023,normal,sw-wk2,0.1644998555458993,0.2887549855371637,105.94039602640177,100.87339155943728,4258.117207813854,4092.339489299287,0.0,0,0,0,0,0,0,{}
1776136023,normal,k3s-wk1,0.3021111111111775,0.6091969074224796,667.8333333333334,352.7,13672.233333333334,8721.266666666666,0.0,0,36,3,0,30,0,"{""process_exit"": 36, ""process_exec"": 36, ""process_kprobe"": 30}"
1776136033,normal,sw-wk3,0.16144444444447192,0.343046370274093,75.46666666666667,65.33333333333333,3958.2,7256.166666666667,0.0,0,1,1,0,0,0,"{""process_exit"": 7, ""process_exec"": 1}"
1776136033,normal,sw-wk2,0.1644998555458993,0.2887549855371637,105.94039602640177,100.87339155943731,4258.117207813854,4092.339489299287,0.0,0,0,0,0,0,0,{}
1776136033,normal,k3s-wk1,0.3021111111111775,0.6091969074224796,667.8333333333334,352.7,13672.233333333334,8721.266666666666,0.0,0,12,2,0,8,0,"{""process_exit"": 12, ""process_exec"": 12, ""process_kprobe"": 8}"
1776136043,normal,sw-wk3,0.16144444444447192,0.343046370274093,75.46666666666667,65.33333333333333,3958.2,7256.166666666667,0.0,0,0,0,0,0,0,{}
1776136043,normal,sw-wk2,0.1644998555458993,0.2887549855371637,105.94039602640177,100.87339155943731,4258.117207813854,4092.339489299287,0.0,0,0,0,0,0,0,{}
1776136043,normal,k3s-wk1,0.3231111111110899,0.6079935610811152,665.7,350.7,10379.233333333334,7848.633333333333,0.0,0,15,2,0,10,0,"{""process_exit"": 15, ""process_exec"": 15, ""process_kprobe"": 10}"
1776136053,normal,sw-wk3,0.16144444444447192,0.343046370274093,75.46666666666667,65.33333333333333,3958.2,7256.166666666667,0.0,0,1,1,0,0,0,"{""process_exit"": 19, ""process_exec"": 1}"
1776136053,normal,sw-wk2,0.19677777777780847,0.2935254915452935,113.2,98.0,5133.133333333333,4135.933333333333,0.0,0,0,0,0,0,0,{}
1776136053,normal,k3s-wk1,0.32311111111109003,0.6079935610811152,665.7,350.7,10379.233333333334,7848.633333333333,0.0,0,39,3,0,32,0,"{""process_exit"": 39, ""process_exec"": 39, ""process_kprobe"": 32}"
1776136063,normal,sw-wk3,0.17863769178637368,0.3428552314690928,116.05506116055061,100.85658100856581,2953.63796953638,8868.313168683131,0.0,0,0,0,0,0,0,{}
1776136063,normal,sw-wk2,0.19677777777780847,0.2935254915452935,113.2,98.0,5133.133333333333,4135.933333333333,0.0,0,0,0,0,0,0,{}
1776136063,normal,k3s-wk1,0.32311111111109003,0.6079935610811152,665.7,350.7,10379.233333333334,7848.633333333333,0.0,0,78,3,0,70,0,"{""process_exit"": 78, ""process_exec"": 78, ""process_kprobe"": 70}"
1776136073,normal,sw-wk3,0.17863769178637368,0.3428552314690928,116.05506116055061,100.85658100856581,2953.63796953638,8868.313168683131,0.0,0,0,0,0,0,0,{}
1776136073,normal,sw-wk2,0.19677777777780847,0.2935254915452935,113.2,98.0,5133.133333333333,4135.933333333333,0.0,0,0,0,0,0,0,{}
1776136073,normal,k3s-wk1,0.2947777777777648,0.6067157111201167,667.8333333333334,352.7,11637.1,6246.266666666666,0.0,0,39,3,0,32,0,"{""process_exit"": 39, ""process_exec"": 39, ""process_kprobe"": 32}"
1776136083,normal,sw-wk3,0.17863769178637368,0.3428552314690928,116.05506116055061,100.85658100856581,2953.63796953638,8868.313168683131,0.0,0,1,1,0,0,0,"{""process_exit"": 5, ""process_exec"": 1}"
1776136083,normal,sw-wk2,0.11494789236273295,0.2838697962460339,105.92627158189454,100.85994267048864,605.1263249116726,3588.760749283381,0.0,0,0,0,0,0,0,{}
1776136083,normal,k3s-wk1,0.2947777777777648,0.6067157111201167,667.8333333333334,352.7,11637.1,6246.266666666666,0.0,0,33,3,0,28,0,"{""process_exit"": 33, ""process_exec"": 33, ""process_kprobe"": 28}"
1776136093,normal,sw-wk3,0.1569156915691683,0.34186449532984187,116.07827449411607,100.87675434210087,2336.7336733673365,5942.060872753942,0.0,0,0,0,0,0,0,{}
1776136093,normal,sw-wk2,0.11494789236273295,0.2838697962460339,105.92627158189454,100.85994267048864,605.1263249116726,3588.760749283381,0.0,0,0,0,0,0,0,{}
1776136093,normal,k3s-wk1,0.2947777777777648,0.6067157111201167,667.8333333333334,352.7,11637.1,6246.266666666666,0.0,0,57,3,0,50,0,"{""process_exit"": 57, ""process_exec"": 57, ""process_kprobe"": 50}"
1776136103,normal,sw-wk3,0.1569156915691683,0.34186449532984187,116.07827449411607,100.87675434210087,2336.7336733673365,5942.060872753942,0.0,0,0,0,0,0,0,"{""process_exit"": 14}"
1776136103,normal,sw-wk2,0.11494789236273295,0.2838697962460339,105.92627158189454,100.85994267048864,605.1263249116726,3588.760749283381,0.0,0,0,0,0,0,0,{}
1776136103,normal,k3s-wk1,0.29399999999999027,0.6077294118842305,667.8333333333334,352.7,9849.3,4791.233333333334,0.0,0,33,3,0,28,0,"{""process_exit"": 33, ""process_exec"": 33, ""process_kprobe"": 28}"
1776136113,normal,sw-wk3,0.1569156915691683,0.34186449532984187,116.07827449411607,100.87675434210087,2336.7336733673365,5942.060872753942,0.0,0,1,1,0,0,0,"{""process_exit"": 11, ""process_exec"": 1}"
1776136113,normal,sw-wk2,0.19078099302129503,0.28785663315366283,103.08041072142952,98.01306840912122,5165.222029603947,4067.642352313642,0.0,0,0,0,0,0,0,{}
1776136113,normal,k3s-wk1,0.29399999999999027,0.6077294118842305,667.8333333333334,352.7,9849.3,4791.233333333334,0.0,0,15,2,0,10,0,"{""process_exit"": 15, ""process_exec"": 15, ""process_kprobe"": 10}"
1776136123,normal,sw-wk3,0.1565555555555571,0.34116683869159115,120.53333333333333,106.86666666666666,3046.366666666667,8697.366666666667,0.0,0,0,0,0,0,0,{}
1776136123,normal,sw-wk2,0.19078099302129503,0.28785663315366283,103.08041072142952,98.01306840912122,5165.222029603947,4067.642352313642,0.0,0,0,0,0,0,0,{}
1776136123,normal,k3s-wk1,0.29399999999999027,0.6077294118842305,667.8333333333334,352.7,9849.3,4791.233333333334,0.0,0,54,3,0,48,0,"{""process_exit"": 54, ""process_exec"": 54, ""process_kprobe"": 48}"
1776136133,normal,sw-wk3,0.1565555555555571,0.34116683869159115,120.53333333333333,106.86666666666666,3046.366666666667,8697.366666666667,0.0,0,5,5,0,0,0,"{""process_exec"": 5, ""process_exit"": 4}"
1776136133,normal,sw-wk2,0.19078099302129503,0.28785663315366283,103.08041072142952,98.01306840912122,5165.222029603947,4067.642352313642,0.0,0,0,0,0,0,0,{}
1776136133,normal,k3s-wk1,0.30844444444446706,0.617045750866669,665.7,350.7,13210.533333333333,10096.166666666666,0.0,0,39,3,0,32,0,"{""process_exit"": 39, ""process_exec"": 39, ""process_kprobe"": 32}"
1776136143,normal,sw-wk3,0.1565555555555571,0.34116683869159115,120.53333333333333,106.86666666666666,3046.366666666667,8697.366666666667,0.0,0,4,2,0,0,0,"{""process_exit"": 8, ""process_exec"": 4}"
1776136143,normal,sw-wk2,0.13944807359019762,0.28830899499216334,116.05119317424344,100.85321957072391,1092.321023863485,3678.7095053992803,0.0,0,0,0,0,0,0,{}
1776136143,normal,k3s-wk1,0.30844444444446706,0.617045750866669,665.7,350.7,13210.533333333333,10096.166666666666,0.0,0,33,3,0,28,0,"{""process_exit"": 33, ""process_exec"": 33, ""process_kprobe"": 28}"
1776136153,normal,sw-wk3,0.2138888888888485,0.343079819564968,762.7,433.2,5517.766666666666,8372.633333333333,0.0,0,3,2,0,0,0,"{""process_exit"": 3, ""process_exec"": 3}"
1776136153,normal,sw-wk2,0.13944807359019762,0.28830899499216334,116.05119317424344,100.85321957072391,1092.321023863485,3678.7095053992803,0.0,0,0,0,0,0,0,{}
1776136153,normal,k3s-wk1,0.30844444444446706,0.617045750866669,665.7,350.7,13210.533333333333,10096.166666666666,0.0,0,12,2,0,8,0,"{""process_exit"": 12, ""process_exec"": 12, ""process_kprobe"": 8}"
1776136163,normal,sw-wk3,0.2138888888888485,0.343079819564968,762.7,433.2,5517.766666666666,8372.633333333333,0.0,0,4,2,0,0,0,"{""process_exit"": 4, ""process_exec"": 4}"
1776136163,normal,sw-wk2,0.13944807359019762,0.28830899499216334,116.05119317424344,100.85321957072391,1092.321023863485,3678.7095053992803,0.0,0,104,5,0,0,0,"{""process_exit"": 106, ""process_exec"": 104}"
1776136163,normal,k3s-wk1,0.32144444444444764,0.6360825545259255,667.8333333333334,352.70000000000005,12542.866666666667,4881.733333333334,0.0,0,36,3,0,30,0,"{""process_exit"": 36, ""process_exec"": 36, ""process_kprobe"": 30}"
1776136173,normal,sw-wk3,0.2138888888888485,0.343079819564968,762.7,433.2,5517.766666666666,8372.633333333333,0.0,0,3,2,0,0,0,"{""process_exit"": 3, ""process_exec"": 3}"
1776136173,normal,sw-wk2,0.20111570431609715,0.29374052270091877,75.47673023069743,65.3420456060808,7369.182557674356,28040.305374049873,0.0,0,0,0,0,0,0,{}
1776136173,normal,k3s-wk1,0.32144444444444764,0.6360825545259255,667.8333333333334,352.7,12542.866666666667,4881.733333333334,0.0,0,35,3,0,30,0,"{""process_exit"": 36, ""process_exec"": 35, ""process_kprobe"": 30}"
1776136183,normal,sw-wk3,0.16722222222225458,0.3492201536755992,202.6,187.86666666666667,4110.7,7400.733333333334,0.0,0,4,2,0,0,0,"{""process_exit"": 6, ""process_exec"": 4}"
1776136183,normal,sw-wk2,0.20111570431609715,0.29374052270091877,75.47673023069743,65.3420456060808,7369.182557674356,28040.305374049873,0.0,0,0,0,0,0,0,{}
1776136183,normal,k3s-wk1,0.32144444444444764,0.6360825545259255,667.8333333333334,352.7,12542.866666666667,4881.733333333334,0.0,0,13,2,0,8,0,"{""process_exec"": 13, ""process_exit"": 12, ""process_kprobe"": 8}"
1776136193,normal,sw-wk3,0.16722222222225458,0.3492201536755992,202.6,187.86666666666667,4110.7,7400.733333333334,0.0,0,5,2,0,0,0,"{""process_exit"": 9, ""process_exec"": 5}"
1776136193,normal,sw-wk2,0.20111570431609715,0.29374052270091877,75.47673023069743,65.3420456060808,7369.182557674356,28040.305374049873,0.0,0,0,0,0,0,0,{}
1776136193,normal,k3s-wk1,0.29544444444444595,0.6336803772140839,665.7,350.7,35688.5,9529.1,0.0,0,36,3,0,30,0,"{""process_exit"": 36, ""process_exec"": 36, ""process_kprobe"": 30}"
1776136203,normal,sw-wk3,0.16722222222225458,0.3492201536755992,202.6,187.86666666666667,4110.7,7400.733333333334,0.0,0,3,2,0,0,0,"{""process_exit"": 3, ""process_exec"": 3}"
1776136203,normal,sw-wk2,0.16344487401680585,0.2923133529569173,115.98453539528063,100.85321957072391,572.8236235168645,3580.822556992401,0.0,0,0,0,0,0,0,{}
1776136203,normal,k3s-wk1,0.29544444444444606,0.6336803772140839,665.7,350.7,35688.5,9529.1,0.0,0,36,3,0,30,0,"{""process_exit"": 36, ""process_exec"": 36, ""process_kprobe"": 30}"
1776136213,normal,sw-wk3,0.1514444444444153,0.3501280629993502,162.13333333333333,151.86666666666667,2795.0333333333333,9146.166666666666,0.0,0,4,2,0,0,0,"{""process_exit"": 10, ""process_exec"": 4}"
1776136213,normal,sw-wk2,0.16344487401680585,0.2923133529569173,115.98453539528063,100.85321957072391,572.8236235168645,3580.822556992401,0.0,0,106,7,0,0,0,"{""process_exec"": 106, ""process_exit"": 106}"
1776136213,normal,k3s-wk1,0.29544444444444606,0.6336803772140839,665.7,350.7,35688.5,9529.1,0.0,0,15,2,0,10,0,"{""process_exit"": 15, ""process_exec"": 15, ""process_kprobe"": 10}"
1776136223,normal,sw-wk3,0.1514444444444153,0.3501280629993502,162.13333333333333,151.86666666666667,2795.0333333333333,9146.166666666666,0.0,0,3,2,0,0,0,"{""process_exit"": 3, ""process_exec"": 3}"
1776136223,normal,sw-wk2,0.16344487401680585,0.2923133529569173,115.98453539528063,100.85321957072391,572.8236235168645,3580.822556992401,0.0,0,0,0,0,0,0,{}
1776136223,normal,k3s-wk1,0.30022222222222705,0.6320458129530186,872.4333333333333,445.1333333333333,37042.46666666667,9559.233333333334,0.0,0,15,2,0,10,0,"{""process_exit"": 15, ""process_exec"": 15, ""process_kprobe"": 10}"
1776136233,normal,sw-wk3,0.1514444444444153,0.3501280629993502,162.13333333333333,151.86666666666667,2795.0333333333333,9146.166666666666,0.0,0,4,2,0,0,0,"{""process_exit"": 6, ""process_exec"": 4}"
1776136233,normal,sw-wk2,0.22294819654647358,0.29282305643691786,113.20754716981133,98.00653376891793,5380.192012800854,27777.418494566307,0.0,0,0,0,0,0,0,{}
1776136233,normal,k3s-wk1,0.30022222222222705,0.6320458129530186,872.4333333333333,445.1333333333333,37042.46666666667,9559.233333333334,0.0,0,9,2,0,6,0,"{""process_exit"": 9, ""process_exec"": 9, ""process_kprobe"": 6}"
1776136243,normal,sw-wk3,0.17644444444445584,0.3475349465448475,196.53333333333333,181.26666666666665,2642.366666666667,8915.966666666667,0.0,0,4,2,0,0,0,"{""process_exit"": 4, ""process_exec"": 4}"
1776136243,normal,sw-wk2,0.22294819654647358,0.29282305643691786,113.20754716981133,98.00653376891793,5380.192012800854,27777.418494566307,0.0,0,0,0,0,0,0,{}
1776136243,normal,k3s-wk1,0.30022222222222705,0.6320458129530186,872.4333333333333,445.1333333333333,37042.46666666667,9559.233333333334,0.0,0,12,2,0,8,0,"{""process_exit"": 12, ""process_exec"": 12, ""process_kprobe"": 8}"
1776136253,normal,sw-wk3,0.17644444444445584,0.3475349465448475,196.53333333333333,181.26666666666665,2642.366666666667,8915.966666666667,0.0,0,3,2,0,0,0,"{""process_exit"": 3, ""process_exec"": 3}"
1776136253,normal,sw-wk2,0.22294819654647358,0.29282305643691786,113.20754716981133,98.00653376891793,5380.192012800854,27777.418494566307,0.0,0,0,0,0,0,0,{}
1776136253,normal,k3s-wk1,0.2663333333333058,0.6332401285526091,672.1666666666666,358.7,11745.3,1908.5666666666666,0.0,0,36,3,0,30,0,"{""process_exit"": 36, ""process_exec"": 36, ""process_kprobe"": 30}"
1776136263,normal,sw-wk3,0.17644444444445584,0.3475349465448475,196.53333333333333,181.26666666666665,2642.366666666667,8915.966666666667,0.0,0,3,2,0,0,0,"{""process_exit"": 3, ""process_exec"": 3}"
1776136263,normal,sw-wk2,0.117385603484633,0.28990978248403987,116.0744049603307,100.87339155943731,991.7661177411828,3706.0804053603574,0.0,0,0,0,0,0,0,{}
1776136263,normal,k3s-wk1,0.2663333333333058,0.6332401285526091,672.1666666666666,358.7,11745.3,1908.5666666666666,0.0,0,39,3,0,32,0,"{""process_exit"": 39, ""process_exec"": 39, ""process_kprobe"": 32}"
1776136273,normal,sw-wk3,0.16566666666666507,0.34440823425971945,199.86666666666667,184.53333333333333,5642.866666666667,7772.933333333333,0.0,0,5,2,0,0,0,"{""process_exit"": 7, ""process_exec"": 5}"
1776136273,normal,sw-wk2,0.117385603484633,0.28990978248403987,116.0744049603307,100.87339155943731,991.7661177411828,3706.0804053603574,0.0,0,106,7,0,0,0,"{""process_exec"": 106, ""process_exit"": 106}"
1776136273,normal,k3s-wk1,0.2663333333333058,0.6332401285526091,672.1666666666666,358.7,11745.3,1908.5666666666666,0.0,0,57,3,0,50,0,"{""process_exit"": 58, ""process_exec"": 57, ""process_kprobe"": 50}"
1776136283,normal,sw-wk3,0.16566666666666507,0.34440823425971945,199.86666666666667,184.53333333333333,5642.866666666667,7772.933333333333,0.0,0,0,0,0,0,0,"{""process_exit"": 2}"
1776136283,normal,sw-wk2,0.117385603484633,0.28990978248403987,116.0744049603307,100.87339155943731,991.7661177411828,3706.0804053603574,0.0,0,0,0,0,0,0,{}
1776136283,normal,k3s-wk1,0.33144444444446386,0.6362642982041241,669.8333333333334,354.7,36448.46666666667,13670.1,0.0,0,36,3,0,30,0,"{""process_exit"": 36, ""process_exec"": 36, ""process_kprobe"": 30}"
1776136293,normal,sw-wk3,0.16566666666666507,0.34440823425971945,199.86666666666667,184.53333333333333,5642.866666666667,7772.933333333333,0.0,0,0,0,0,0,0,"{""process_exit"": 5}"
1776136293,normal,sw-wk2,0.21302005221351827,0.2965821196019216,78.3202799533411,68.18863522746209,6269.155140809865,27822.296283952674,0.0,0,0,0,0,0,0,{}
1776136293,normal,k3s-wk1,0.33144444444446386,0.6362642982041241,669.8333333333334,354.7,36448.46666666667,13670.1,0.0,0,15,2,0,10,0,"{""process_exit"": 15, ""process_exec"": 15, ""process_kprobe"": 10}"
1776136303,normal,sw-wk3,0.19433333333335112,0.3470778062362221,142.56666666666666,127.39999999999999,5292.033333333333,7798.733333333334,0.0,0,1,1,0,0,0,"{""process_exec"": 1}"
1776136303,normal,sw-wk2,0.21302005221351827,0.2965821196019216,78.32027995334111,68.18863522746209,6269.155140809865,27822.296283952674,0.0,0,0,0,0,0,0,{}
1776136303,normal,k3s-wk1,0.33144444444446386,0.6362642982041241,669.8333333333334,354.7,36448.46666666667,13670.1,0.0,0,36,3,0,30,0,"{""process_exit"": 36, ""process_exec"": 36, ""process_kprobe"": 30}"
1776136313,normal,sw-wk3,0.19433333333335112,0.3470778062362221,142.56666666666666,127.39999999999999,5292.033333333333,7798.733333333334,0.0,0,0,0,0,0,0,{}
1776136313,normal,sw-wk2,0.21302005221351827,0.2965821196019216,78.32027995334111,68.18863522746209,6269.155140809865,27822.296283952674,0.0,0,0,0,0,0,0,{}
1776136313,normal,k3s-wk1,0.2798888888888743,0.6302227319574245,673.8333333333334,359.3,9752.8,4310.4,0.0,0,57,3,0,50,0,"{""process_exit"": 57, ""process_exec"": 57, ""process_kprobe"": 50}"
1776136323,normal,sw-wk3,0.19433333333335112,0.3470778062362221,142.56666666666666,127.39999999999999,5292.033333333333,7798.733333333334,0.0,0,0,0,0,0,0,{}
1776136323,normal,sw-wk2,0.14074567983553132,0.29038285102641537,116.08601433572261,100.88348058009667,505.71761960326717,3536.156026004334,0.0,0,0,0,0,0,0,{}
1776136323,normal,k3s-wk1,0.2798888888888743,0.6302227319574245,673.8333333333334,359.3,9752.8,4310.4,0.0,0,60,3,0,52,0,"{""process_exit"": 60, ""process_exec"": 60, ""process_kprobe"": 52}"
1776136333,normal,sw-wk3,0.16155555555552492,0.34662066592759666,116.06666666666666,100.86666666666666,2188.4,5135.866666666667,0.0,0,0,0,0,0,0,{}
1776136333,normal,sw-wk2,0.14074567983553143,0.29038285102641537,116.08601433572261,100.88348058009667,505.71761960326717,3536.156026004334,0.0,0,2,2,0,0,0,"{""process_exec"": 2}"
1776136333,normal,k3s-wk1,0.2798888888888743,0.6302227319574245,673.8333333333334,359.3,9752.8,4310.4,0.0,0,36,3,0,30,0,"{""process_exit"": 36, ""process_exec"": 36, ""process_kprobe"": 30}"
1776136343,normal,sw-wk3,0.16155555555552492,0.34662066592759666,116.06666666666666,100.86666666666666,2188.4,5135.866666666667,0.0,0,1,1,0,0,0,"{""process_exit"": 5, ""process_exec"": 1}"
1776136343,normal,sw-wk2,0.14074567983553143,0.29038285102641537,116.08601433572261,100.88348058009667,505.71761960326717,3536.156026004334,0.0,0,104,5,0,0,0,"{""process_exit"": 106, ""process_exec"": 104}"
1776136343,normal,k3s-wk1,0.29544444444444606,0.6277562106104443,665.7,350.7,10127.733333333334,4734.1,0.0,0,12,2,0,8,0,"{""process_exit"": 12, ""process_exec"": 12, ""process_kprobe"": 8}"
1776136353,normal,sw-wk3,0.16155555555552492,0.34662066592759666,116.06666666666666,100.86666666666666,2188.4,5135.866666666667,0.0,0,0,0,0,0,0,{}
1776136353,normal,sw-wk2,0.19049205820281,0.28881551282541384,116.02799066977674,100.8330556481173,5373.0423192269245,27942.585804731756,0.0,0,0,0,0,0,0,{}
1776136353,normal,k3s-wk1,0.29544444444444606,0.6277562106104443,665.7,350.7,10127.733333333334,4734.1,0.0,0,78,3,0,70,0,"{""process_exit"": 78, ""process_exec"": 78, ""process_kprobe"": 70}"
1776136363,normal,sw-wk3,0.15666666666669093,0.34795704473922295,116.06666666666666,100.86666666666666,2999.866666666667,5951.8,0.0,0,1,1,0,0,0,"{""process_exit"": 15, ""process_exec"": 1}"
1776136363,normal,sw-wk2,0.19049205820281,0.28881551282541384,116.02799066977674,100.8330556481173,5373.0423192269245,27942.585804731756,0.0,0,0,0,0,0,0,{}
1776136363,normal,k3s-wk1,0.29544444444444606,0.6277562106104443,665.7,350.7,10127.733333333334,4734.1,0.0,0,42,3,0,34,0,"{""process_exit"": 42, ""process_exec"": 42, ""process_kprobe"": 34}"
1776136373,normal,sw-wk3,0.15666666666669093,0.34795704473922295,116.06666666666666,100.86666666666666,2999.866666666667,5951.8,0.0,0,12,10,2,1,0,"{""process_exec"": 12, ""process_exit"": 12, ""process_kprobe"": 1}"
1776136373,normal,sw-wk2,0.19049205820281,0.28881551282541384,116.02799066977674,100.8330556481173,5373.0423192269245,27942.585804731756,0.0,0,0,0,0,0,0,{}
1776136373,normal,k3s-wk1,0.3022222222222304,0.6265348027855323,667.8333333333334,352.7,34611.76666666666,6366.633333333333,0.0,0,30,3,0,26,0,"{""process_exit"": 30, ""process_exec"": 30, ""process_kprobe"": 26}"
1776136383,normal,sw-wk3,0.15666666666669093,0.34795704473922295,116.06666666666666,100.86666666666666,2999.866666666667,5951.8,0.0,0,0,0,0,2,0,"{""process_kprobe"": 2}"
1776136383,normal,sw-wk2,0.14235543849126342,0.2873947143749124,116.0937552095489,100.89020771513351,965.1251958790384,3638.148901410329,0.0,0,0,0,0,0,0,{}
1776136383,normal,k3s-wk1,0.3022222222222304,0.6265348027855323,667.8333333333334,352.7,34611.76666666666,6366.633333333333,0.0,0,78,3,0,70,0,"{""process_exit"": 78, ""process_exec"": 78, ""process_kprobe"": 70}"
1776136393,normal,sw-wk3,0.1973333333333156,0.3456601934324707,80.46666666666667,87.46666666666667,5263.9,10239.3,0.0,0,1,1,0,2,0,"{""process_kprobe"": 2, ""process_exit"": 5, ""process_exec"": 1}"
1776136393,normal,sw-wk2,0.14235543849126342,0.2873947143749124,116.0937552095489,100.89020771513351,965.1251958790384,3638.1489014103286,0.0,0,106,7,0,0,0,"{""process_exec"": 106, ""process_exit"": 106}"
1776136393,normal,k3s-wk1,0.3022222222222304,0.6265348027855323,667.8333333333334,352.7,34611.76666666666,6366.633333333333,0.0,0,57,3,0,50,0,"{""process_exit"": 57, ""process_exec"": 57, ""process_kprobe"": 50}"
1776136403,normal,sw-wk3,0.1973333333333156,0.3456601934324707,80.46666666666667,87.46666666666667,5263.9,10239.3,0.0,0,0,0,0,1,0,"{""process_kprobe"": 1}"
1776136403,normal,sw-wk2,0.14235543849126342,0.2873947143749124,116.0937552095489,100.89020771513353,965.1251958790384,3638.148901410329,0.0,0,0,0,0,0,0,{}
1776136403,normal,k3s-wk1,0.3631111111111144,0.6289719742217477,665.7000000000002,350.7,37352.666666666664,13151.766666666666,0.0,0,33,3,0,28,0,"{""process_exit"": 33, ""process_exec"": 33, ""process_kprobe"": 28}"
1776136413,normal,sw-wk3,0.1973333333333156,0.3456601934324707,80.46666666666667,87.46666666666667,5263.9,10239.3,0.0,0,0,0,0,1,0,"{""process_kprobe"": 1}"
1776136413,normal,sw-wk2,0.2115878254491631,0.2906663735871656,116.0782744941161,100.87675434210087,5845.951261792846,28027.702770277025,0.0,0,0,0,0,0,0,{}
1776136413,normal,k3s-wk1,0.3631111111111144,0.6289719742217477,665.7,350.7,37352.666666666664,13151.766666666666,0.0,0,15,2,0,10,0,"{""process_exit"": 15, ""process_exec"": 15, ""process_kprobe"": 10}"
1776136424,normal,sw-wk3,0.16166666666669904,0.3478726251003479,123.2,117.73333333333333,3239.5333333333333,8767.1,0.0,0,1,1,0,1,0,"{""process_exit"": 13, ""process_exec"": 1, ""process_kprobe"": 1}"
1776136424,normal,sw-wk2,0.2115878254491631,0.2906663735871656,116.07827449411607,100.87675434210087,5845.951261792846,28027.702770277025,0.0,0,0,0,0,0,0,{}
1776136424,normal,k3s-wk1,0.3631111111111144,0.6289719742217477,665.7,350.7,37352.666666666664,13151.766666666666,0.0,0,30,3,0,26,0,"{""process_exit"": 30, ""process_exec"": 30, ""process_kprobe"": 26}"
1776136434,normal,sw-wk3,0.16166666666669904,0.3478726251003479,123.2,117.73333333333333,3239.5333333333333,8767.1,0.0,0,0,0,0,1,0,"{""process_kprobe"": 1}"
1776136434,normal,sw-wk2,0.2115878254491631,0.2906663735871656,116.07827449411607,100.87675434210087,5845.951261792846,28027.702770277025,0.0,0,0,0,0,0,0,{}
1776136434,normal,k3s-wk1,0.2827777777777455,0.6283499818820744,667.8333333333334,352.7,11549.733333333334,2381.4000000000005,0.0,0,57,3,0,50,0,"{""process_exit"": 57, ""process_exec"": 57, ""process_kprobe"": 50}"
1776136444,transition,sw-wk3,0.0,0.3514628489876015,124.18758124187582,115.18848115188479,2486.71799486718,7589.107755891077,0.0,10,1,1,0,1,0,"{""process_kprobe"": 1, ""process_exit"": 13, ""process_exec"": 1}"
1776136444,transition,sw-wk2,0.11256276940851195,0.2816095798769066,120.48393547526997,106.85241967737635,683.9754699373417,3636.7484335421946,0.0,10,0,0,0,0,0,{}
1776136444,transition,k3s-wk1,0.2827777777777455,0.6283499818820744,667.8333333333334,352.7,11549.733333333334,2381.4,0.0,10,36,3,0,30,0,"{""process_exit"": 36, ""process_exec"": 36, ""process_kprobe"": 30}"
1776136454,normal,sw-wk3,0.16452799164523135,0.3514628489876015,124.18758124187579,115.18848115188482,2486.71799486718,7589.107755891077,0.0,0,0,0,0,1,0,"{""process_kprobe"": 1}"
1776136454,normal,sw-wk2,0.11256276940851195,0.2816095798769066,120.48393547526997,106.85241967737635,683.9754699373417,3636.7484335421946,0.0,0,104,5,0,0,0,"{""process_exit"": 106, ""process_exec"": 104}"
1776136454,normal,k3s-wk1,0.2827777777777455,0.6283499818820744,667.8333333333334,352.7,11549.733333333334,2381.4,0.0,0,9,2,0,6,0,"{""process_exit"": 9, ""process_exec"": 9, ""process_kprobe"": 6}"
1776136464,normal,sw-wk3,0.16452799164523135,0.3514628489876015,124.18758124187582,115.18848115188482,2486.71799486718,7589.107755891077,0.0,0,0,0,0,1,0,"{""process_kprobe"": 1}"
1776136464,normal,sw-wk2,0.11256276940851195,0.2816095798769066,120.48393547526997,106.85241967737635,683.9754699373417,3636.7484335421946,0.0,0,0,0,0,0,0,{}
1776136464,normal,k3s-wk1,0.33466644448152216,0.6318708423311505,667.7220463256124,352.6412264622562,35236.29395100816,9684.919180136643,0.0,0,36,3,0,30,0,"{""process_exit"": 36, ""process_exec"": 36, ""process_kprobe"": 30}"
1776136474,normal,sw-wk3,0.16452799164523135,0.3514628489876015,124.18758124187582,115.18848115188482,2486.71799486718,7589.107755891077,0.0,0,0,0,0,1,0,"{""process_kprobe"": 1}"
1776136474,normal,sw-wk2,0.22208518061714944,0.29256183340341757,78.3026100870029,68.20227340911364,5559.485316177206,27744.291476382543,0.0,0,0,0,0,0,0,{}
1776136474,normal,k3s-wk1,0.33466644448152216,0.6318708423311505,667.7220463256124,352.64122646225627,35236.29395100816,9684.919180136643,0.0,0,36,3,0,30,0,"{""process_exit"": 36, ""process_exec"": 36, ""process_kprobe"": 30}"
1776136484,normal,sw-wk3,0.17447300285587186,0.3497983485607248,121.34546788012133,114.81148114811481,4393.172650598393,6030.40304030403,0.0,0,1,1,0,0,0,"{""process_exit"": 3, ""process_exec"": 1}"
1776136484,normal,sw-wk2,0.22208518061714944,0.29256183340341757,78.3026100870029,68.20227340911364,5559.485316177206,27744.29147638255,0.0,0,0,0,0,0,0,{}
1776136484,normal,k3s-wk1,0.33466644448152216,0.6318708423311505,667.7220463256124,352.64122646225627,35236.29395100816,9684.919180136643,0.0,0,21,2,0,14,0,"{""process_exit"": 21, ""process_exec"": 21, ""process_kprobe"": 14}"
1776136494,normal,sw-wk3,0.17447300285587186,0.3497983485607248,121.34546788012133,114.81148114811481,4393.172650598393,6030.40304030403,0.0,0,0,0,0,1,0,"{""process_kprobe"": 1}"
1776136494,normal,sw-wk2,0.22208518061714944,0.29256183340341757,78.3026100870029,68.20227340911364,5559.485316177206,27744.29147638255,0.0,0,0,0,0,0,0,{}
1776136494,normal,k3s-wk1,0.28365838750899863,0.6352133456301934,665.8109684947491,350.75845974329053,10445.540923487248,5166.594432405401,0.0,0,39,3,0,32,0,"{""process_exit"": 39, ""process_exec"": 39, ""process_kprobe"": 32}"
1776136504,normal,sw-wk3,0.17447300285587186,0.3497983485607248,121.34546788012133,114.81148114811481,4393.172650598393,6030.40304030403,0.0,0,0,0,0,1,0,"{""process_kprobe"": 1}"
1776136504,normal,sw-wk2,0.13124645797912804,0.2864676911706615,116.07827449411607,100.87675434210087,2656.232289895656,3855.185518551855,0.0,0,0,0,0,0,0,{}
1776136504,normal,k3s-wk1,0.28365838750899863,0.6352133456301934,665.8109684947491,350.75845974329053,10445.540923487248,5166.594432405401,0.0,0,39,3,0,32,0,"{""process_exit"": 39, ""process_exec"": 39, ""process_kprobe"": 32}"
1776136514,normal,sw-wk3,0.16922222222217698,0.34165424264434163,116.93333333333334,110.73333333333333,3787.733333333333,6269.633333333333,0.0,0,1,1,0,1,0,"{""process_kprobe"": 1, ""process_exit"": 11, ""process_exec"": 1}"
1776136514,normal,sw-wk2,0.13124645797912804,0.2864676911706615,116.07827449411607,100.87675434210087,2656.232289895656,3855.185518551855,0.0,0,2,2,0,0,0,"{""process_exec"": 2}"
1776136514,normal,k3s-wk1,0.28365838750899863,0.6352133456301934,665.8109684947491,350.75845974329053,10445.540923487248,5166.594432405401,0.0,0,78,3,0,70,0,"{""process_exit"": 78, ""process_exec"": 78, ""process_kprobe"": 70}"
1776136524,normal,sw-wk3,0.16922222222217698,0.34165424264434163,116.93333333333334,110.73333333333333,3787.733333333333,6269.633333333333,0.0,0,0,0,0,0,0,"{""process_exit"": 2}"
1776136524,normal,sw-wk2,0.13124645797912804,0.2864676911706615,116.07827449411607,100.87675434210087,2656.232289895656,3855.185518551855,0.0,0,104,5,0,0,0,"{""process_exit"": 106, ""process_exec"": 104}"
1776136524,normal,k3s-wk1,0.31111111111115153,0.6316360430450307,672.3,358.7,11485.6,6471.8,0.0,0,84,3,0,74,0,"{""process_exit"": 84, ""process_exec"": 84, ""process_kprobe"": 74}"
1776136534,normal,sw-wk3,0.16922222222217698,0.34165424264434163,116.93333333333334,110.73333333333333,3787.733333333333,6269.633333333333,0.0,0,0,0,0,0,0,{}
1776136534,normal,sw-wk2,0.19841349198411873,0.2908606980389159,116.05506116055061,100.85658100856581,5836.949638369497,27971.536179715364,0.0,0,0,0,0,0,0,{}
1776136534,normal,k3s-wk1,0.31111111111115153,0.6316360430450307,672.3,358.7,11485.6,6471.8,0.0,0,36,3,0,30,0,"{""process_exit"": 36, ""process_exec"": 36, ""process_kprobe"": 30}"
1776136544,normal,sw-wk3,0.20466666666672806,0.3378681014819629,122.2,107.8,5336.9,7418.733333333334,0.0,0,0,0,0,0,0,{}
1776136544,normal,sw-wk2,0.19841349198411873,0.2908606980389159,116.05506116055061,100.85658100856581,5836.949638369497,27971.536179715364,0.0,0,0,0,0,0,0,{}
1776136544,normal,k3s-wk1,0.31111111111115153,0.6316360430450307,672.3,358.7,11485.6,6471.8,0.0,0,36,3,0,30,0,"{""process_exit"": 36, ""process_exec"": 36, ""process_kprobe"": 30}"
1776136554,normal,sw-wk3,0.20466666666672806,0.3378681014819629,122.2,107.8,5336.9,7418.733333333334,0.0,0,0,0,0,0,0,{}
1776136554,normal,sw-wk2,0.19841349198411873,0.2908606980389159,116.05506116055061,100.85658100856581,5836.949638369497,27971.536179715364,0.0,0,0,0,0,0,0,{}
1776136554,normal,k3s-wk1,0.30421358921386576,0.6321722433378525,665.3894849070434,350.5364163390418,33023.922169654164,9228.659958685948,0.0,0,33,3,0,28,0,"{""process_exit"": 33, ""process_exec"": 33, ""process_kprobe"": 28}"
1776136564,normal,sw-wk3,0.20466666666672806,0.3378681014819629,122.2,107.8,5336.9,7418.733333333334,0.0,0,1,1,0,0,0,"{""process_exit"": 11, ""process_exec"": 1}"
1776136564,normal,sw-wk2,0.12780685088278898,0.28151719612115655,113.19622679244023,97.99673344221858,595.5468151061631,3609.3463551214954,0.0,0,0,0,0,0,0,{}
1776136564,normal,k3s-wk1,0.30421358921386576,0.6321722433378525,665.3894849070434,350.5364163390418,33023.922169654164,9228.659958685948,0.0,0,30,3,0,26,0,"{""process_exit"": 30, ""process_exec"": 30, ""process_kprobe"": 26}"
1776136574,normal,sw-wk3,0.14633333333327359,0.3429173515807179,79.93333333333335,71.33333333333333,2262.7666666666664,6717.133333333333,0.0,0,0,0,0,0,0,{}
1776136574,normal,sw-wk2,0.12780685088278898,0.28151719612115655,113.19622679244023,97.99673344221858,595.5468151061631,3609.3463551214954,0.0,0,106,7,0,0,0,"{""process_exec"": 106, ""process_exit"": 106}"
1776136574,normal,k3s-wk1,0.30421358921386576,0.6321722433378525,665.3894849070434,350.5364163390418,33023.922169654164,9228.659958685948,0.0,0,60,3,0,52,0,"{""process_exit"": 61, ""process_exec"": 60, ""process_kprobe"": 52}"
1776136584,normal,sw-wk3,0.14633333333327359,0.3429173515807179,79.93333333333334,71.33333333333333,2262.7666666666664,6717.133333333333,0.0,0,1,1,0,0,0,"{""process_exit"": 5, ""process_exec"": 1}"
1776136584,normal,sw-wk2,0.12780685088278898,0.28151719612115655,113.19622679244023,97.99673344221858,595.5468151061631,3609.3463551214954,0.0,0,0,0,0,0,0,{}
1776136584,normal,k3s-wk1,0.3073434269325944,0.6210520136860891,668.1451343960515,352.86467017941703,34960.11472020276,11378.610018008403,0.0,0,57,3,0,50,0,"{""process_exit"": 57, ""process_exec"": 57, ""process_kprobe"": 50}"
1776136594,normal,sw-wk3,0.14633333333327359,0.3429173515807179,79.93333333333334,71.33333333333333,2262.7666666666664,6717.133333333333,0.0,0,0,0,0,0,0,{}
1776136594,normal,sw-wk2,0.19736008799704907,0.28472514239840974,116.06279790673642,100.86330455651476,5691.943601879936,27942.335255491478,0.0,0,0,0,0,0,0,{}
1776136594,normal,k3s-wk1,0.3073434269325944,0.6210520136860891,668.1451343960515,352.86467017941703,34960.11472020276,11378.610018008403,0.0,0,15,2,0,10,0,"{""process_exit"": 15, ""process_exec"": 15, ""process_kprobe"": 10}"
1776136604,normal,sw-wk3,0.1526666666667249,0.3495849102284746,111.0,100.86666666666666,4533.8,6133.333333333333,0.0,0,0,0,0,0,0,{}
1776136604,normal,sw-wk2,0.19736008799704907,0.28472514239840974,116.06279790673642,100.86330455651476,5691.943601879936,27942.335255491485,0.0,0,0,0,0,0,0,{}
1776136604,normal,k3s-wk1,0.3073434269325944,0.6210520136860891,668.1451343960515,352.86467017941703,34960.11472020276,11378.610018008403,0.0,0,57,3,0,50,0,"{""process_exit"": 57, ""process_exec"": 57, ""process_kprobe"": 50}"
1776136614,normal,sw-wk3,0.1526666666667249,0.3495849102284746,111.0,100.86666666666666,4533.8,6133.333333333333,0.0,0,6,5,0,2,1,"{""process_exec"": 6, ""process_exit"": 6, ""process_kprobe"": 2}"
1776136614,normal,sw-wk2,0.19736008799704907,0.28472514239840974,116.06279790673642,100.86330455651476,5691.943601879936,27942.335255491478,0.0,0,0,0,0,0,0,{}
1776136614,normal,k3s-wk1,0.2724444444444494,0.6268599094893905,667.8333333333334,352.7,9401.933333333332,1765.1666666666667,0.0,0,57,3,0,50,0,"{""process_exit"": 57, ""process_exec"": 57, ""process_kprobe"": 50}"
1776136624,normal,sw-wk3,0.1526666666667249,0.3495849102284746,111.0,100.86666666666666,4533.8,6133.333333333333,0.0,0,5,4,0,1,1,"{""process_exit"": 35, ""process_exec"": 5, ""process_kprobe"": 1}"
1776136624,normal,sw-wk2,0.14372069249055552,0.2859181671062859,116.0744049603307,100.87339155943731,1044.2696179745317,3621.974798319888,0.0,0,0,0,0,0,0,{}
1776136624,normal,k3s-wk1,0.2724444444444494,0.6268599094893905,667.8333333333334,352.7,9401.933333333332,1765.1666666666667,0.0,0,12,2,0,8,0,"{""process_exit"": 12, ""process_exec"": 12, ""process_kprobe"": 8}"
1776136634,normal,sw-wk3,0.19666666666663435,0.3466588936885967,113.13333333333333,125.06666666666666,5559.1,12710.633333333333,0.0,0,3,3,0,2,1,"{""process_exit"": 3, ""process_exec"": 3, ""process_kprobe"": 2}"
1776136634,normal,sw-wk2,0.14372069249055552,0.2859181671062859,116.0744049603307,100.87339155943731,1044.2696179745317,3621.974798319888,0.0,0,18,5,0,0,0,"{""process_exec"": 18, ""process_exit"": 16}"
1776136634,normal,k3s-wk1,0.2724444444444494,0.6268599094893905,667.8333333333334,352.7,9401.933333333332,1765.1666666666667,0.0,0,15,2,0,10,0,"{""process_exit"": 15, ""process_exec"": 15, ""process_kprobe"": 10}"
1776136644,normal,sw-wk3,0.19666666666663435,0.3466588936885967,113.13333333333333,125.06666666666666,5559.1,12710.633333333333,0.0,0,4,3,0,2,2,"{""process_exit"": 6, ""process_exec"": 4, ""process_kprobe"": 2}"
1776136644,normal,sw-wk2,0.14372069249055552,0.2859181671062859,116.0744049603307,100.87339155943731,1044.2696179745317,3621.974798319888,0.0,0,88,3,0,0,0,"{""process_exit"": 90, ""process_exec"": 88}"
1776136644,normal,k3s-wk1,0.3142222222222497,0.631254494205086,667.8333333333334,352.7,40921.7,8585.4,0.0,0,33,3,0,28,0,"{""process_exit"": 33, ""process_exec"": 33, ""process_kprobe"": 28}"
1776136654,normal,sw-wk3,0.19666666666663435,0.3466588936885967,113.13333333333333,125.06666666666666,5559.1,12710.633333333333,0.0,0,5,5,0,2,1,"{""process_exit"": 7, ""process_exec"": 5, ""process_kprobe"": 2}"
1776136654,normal,sw-wk2,0.20375123615235813,0.2898588121360398,78.33594453148439,68.20227340911363,5610.620354011801,27968.498949965,0.0,0,0,0,0,0,0,{}
1776136654,normal,k3s-wk1,0.3142222222222497,0.631254494205086,667.8333333333334,352.7,40921.7,8585.4,0.0,0,39,3,0,32,0,"{""process_exit"": 39, ""process_exec"": 39, ""process_kprobe"": 32}"
1776136664,normal,sw-wk3,0.18155555555559755,0.3516746944964767,169.2,145.2,3086.8,9053.833333333334,0.0,0,7,5,0,3,2,"{""process_exit"": 13, ""process_exec"": 7, ""process_kprobe"": 3}"
1776136664,normal,sw-wk2,0.20375123615235813,0.2898588121360398,78.33594453148439,68.20227340911364,5610.620354011801,27968.498949965,0.0,0,0,0,0,0,0,{}
1776136664,normal,k3s-wk1,0.3142222222222497,0.631254494205086,667.8333333333334,352.7,40921.7,8585.4,0.0,0,33,3,0,28,0,"{""process_exit"": 33, ""process_exec"": 33, ""process_kprobe"": 28}"
1776136674,normal,sw-wk3,0.18155555555559755,0.3516746944964767,169.2,145.2,3086.8,9053.833333333334,0.0,0,9,5,0,5,3,"{""process_exit"": 13, ""process_exec"": 9, ""process_kprobe"": 5}"
1776136674,normal,sw-wk2,0.20375123615235813,0.2898588121360398,78.33594453148439,68.20227340911364,5610.620354011801,27968.498949965,0.0,0,0,0,0,0,0,{}
1776136674,normal,k3s-wk1,0.28522222222220284,0.6371617281678996,667.8333333333334,352.7,15372.766666666666,6462.3,0.0,0,15,2,0,10,0,"{""process_exit"": 15, ""process_exec"": 15, ""process_kprobe"": 10}"
1776136684,normal,sw-wk3,0.18155555555559755,0.3516746944964767,169.2,145.2,3086.8,9053.833333333334,0.0,0,6,5,0,3,2,"{""process_exit"": 8, ""process_exec"": 6, ""process_kprobe"": 3}"
1776136684,normal,sw-wk2,0.11925158050290785,0.28698535876753695,113.19622679244023,97.99673344221858,596.5467817739408,3595.6468117729405,0.0,0,0,0,0,0,0,{}
1776136684,normal,k3s-wk1,0.28522222222220284,0.6371617281678996,667.8333333333334,352.7,15372.766666666666,6462.3,0.0,0,57,3,0,50,0,"{""process_exit"": 57, ""process_exec"": 57, ""process_kprobe"": 50}"
1776136694,normal,sw-wk3,0.1628888888888873,0.3502092969914752,190.0,185.23333333333332,2396.0333333333333,13248.199999999999,0.0,0,1,1,0,0,0,"{""process_exit"": 1, ""process_exec"": 1}"
1776136694,normal,sw-wk2,0.11925158050290785,0.28698535876753695,113.19622679244023,97.99673344221858,596.5467817739408,3595.6468117729405,0.0,0,85,5,0,0,0,"{""process_exec"": 85, ""process_exit"": 84}"
1776136694,normal,k3s-wk1,0.28522222222220284,0.6371617281678996,667.8333333333334,352.7,15372.766666666666,6462.3,0.0,0,54,3,0,48,0,"{""process_exit"": 54, ""process_exec"": 54, ""process_kprobe"": 48}"
1776136704,normal,sw-wk3,0.1628888888888873,0.3502092969914752,190.0,185.23333333333332,2396.0333333333333,13248.199999999999,0.0,0,7,5,0,3,2,"{""process_exit"": 21, ""process_exec"": 7, ""process_kprobe"": 3}"
1776136704,normal,sw-wk2,0.11925158050290785,0.28698535876753695,113.19622679244023,97.99673344221858,596.5467817739408,3595.6468117729405,0.0,0,21,3,0,0,0,"{""process_exec"": 21, ""process_exit"": 22}"
1776136704,normal,k3s-wk1,0.29256914361880826,0.6338327709815175,667.6107964011997,352.5824725091636,38683.905364878374,6181.1062979007,0.0,0,15,2,0,10,0,"{""process_exit"": 15, ""process_exec"": 15, ""process_kprobe"": 10}"
1776136714,normal,sw-wk3,0.1628888888888873,0.3502092969914752,190.0,185.23333333333332,2396.0333333333333,0.0,0.0,0,1,1,0,0,0,"{""process_exit"": 5, ""process_exec"": 1}"
1776136714,normal,sw-wk2,0.20030667688917614,0.2823550212164073,116.07053568452282,100.87002900096671,5577.385912863762,27938.59795326511,0.0,0,0,0,0,0,0,{}
1776136714,normal,k3s-wk1,0.29256914361880826,0.6338327709815175,667.6107964011997,352.5824725091636,38683.905364878374,6181.1062979007,0.0,0,39,3,0,32,0,"{""process_exit"": 39, ""process_exec"": 39, ""process_kprobe"": 32}"
1776136724,normal,sw-wk3,0.16433333333334288,0.34829472329472333,120.13333333333333,112.8,4656.633333333333,10384.533333333333,0.0,0,6,5,0,3,2,"{""process_exit"": 8, ""process_exec"": 6, ""process_kprobe"": 3}"
1776136724,normal,sw-wk2,0.20030667688917614,0.2823550212164073,116.07053568452282,100.87002900096671,5577.385912863762,27938.59795326511,0.0,0,0,0,0,0,0,{}
1776136724,normal,k3s-wk1,0.29256914361880826,0.6338327709815175,667.6107964011997,352.5824725091636,38683.905364878374,6181.1062979007,0.0,0,36,3,0,30,0,"{""process_exit"": 36, ""process_exec"": 36, ""process_kprobe"": 30}"
1776136734,normal,sw-wk3,0.1643333333333431,0.34829472329472333,120.13333333333333,112.8,4656.633333333333,10384.533333333333,0.0,0,0,0,0,0,0,{}
1776136734,normal,sw-wk2,0.20030667688917614,0.2823550212164073,116.07053568452282,100.87002900096671,5577.385912863762,27938.59795326511,0.0,0,0,0,0,0,0,{}
1776136734,normal,k3s-wk1,0.30721351561625676,0.6408022459454792,672.5241747249082,358.81960653551187,15556.118706235413,7558.752917639212,0.0,0,12,2,0,8,0,"{""process_exit"": 12, ""process_exec"": 12, ""process_kprobe"": 8}"
1776136744,normal,sw-wk3,0.1643333333333431,0.34829472329472333,120.13333333333333,112.8,4656.633333333333,10384.533333333333,0.0,0,6,5,0,3,2,"{""process_exit"": 16, ""process_exec"": 6, ""process_kprobe"": 3}"
1776136744,normal,sw-wk2,0.11482987754743401,0.2865282184589115,116.0744049603307,100.87339155943731,974.164944329622,3664.6776451763453,0.0,0,0,0,0,0,0,{}
1776136744,normal,k3s-wk1,0.30721351561625676,0.6408022459454792,672.5241747249083,358.81960653551187,15556.118706235413,7558.752917639214,0.0,0,33,3,0,28,0,"{""process_exit"": 33, ""process_exec"": 33, ""process_kprobe"": 28}"
1776136755,normal,sw-wk3,0.17966666666664732,0.34899237993297394,92.46666666666667,99.8,4812.133333333333,10537.2,0.0,0,0,0,0,0,0,{}
1776136755,normal,sw-wk2,0.11482987754743401,0.2865282184589115,116.0744049603307,100.87339155943731,974.164944329622,3664.6776451763453,0.0,0,106,7,0,0,0,"{""process_exec"": 106, ""process_exit"": 106}"
1776136755,normal,k3s-wk1,0.30721351561625676,0.6408022459454792,672.5241747249083,0.0,0.0,9460.03599760016,0.0,0,33,3,0,28,0,"{""process_exit"": 34, ""process_exec"": 33, ""process_kprobe"": 28}"
1776136764,normal,sw-wk3,0.17966666666664732,0.34899237993297394,92.46666666666667,99.8,4812.133333333333,10537.2,0.0,0,0,0,0,0,0,{}
1776136764,normal,sw-wk2,0.11482987754743401,0.2865282184589115,116.0744049603307,100.87339155943731,974.164944329622,3664.6776451763453,0.0,0,0,0,0,0,0,{}
1776136764,normal,k3s-wk1,0.31115703397551275,0.6302701433517373,572.6951536564229,302.5798280114659,36108.2927804813,9460.03599760016,0.0,0,18,2,0,12,0,"{""process_exec"": 18, ""process_kprobe"": 12, ""process_exit"": 17}"
1776136774,normal,sw-wk3,0.17966666666664732,0.34899237993297394,92.46666666666667,99.8,0.0,5247.392101316447,0.0,0,0,0,0,0,0,{}
1776136774,normal,sw-wk2,0.22341099223409377,0.2813435783732814,113.15535113155352,97.99020097990201,5869.1464186914645,27945.13881945139,0.0,0,0,0,0,0,0,{}
1776136774,normal,k3s-wk1,0.31115703397551275,0.6302701433517373,572.6951536564229,302.5798280114659,36108.2927804813,9460.03599760016,0.0,0,36,3,0,30,0,"{""process_exit"": 36, ""process_exec"": 36, ""process_kprobe"": 30}"
1776136784,normal,sw-wk3,0.20702105204691035,0.3418501599194669,119.11348108648559,97.98366938843526,2993.867688718547,5247.392101316447,0.0,0,1,1,0,0,0,"{""process_exit"": 5, ""process_exec"": 1}"
1776136784,normal,sw-wk2,0.22341099223409377,0.2813435783732814,113.15535113155352,97.99020097990201,5869.1464186914645,27945.13881945139,0.0,0,0,0,0,0,0,{}
1776136784,normal,k3s-wk1,0.31115703397551275,0.6302701433517373,572.6951536564229,302.5798280114659,36108.2927804813,9460.03599760016,0.0,0,18,2,0,12,0,"{""process_exit"": 18, ""process_exec"": 18, ""process_kprobe"": 12}"
1776136794,normal,sw-wk3,0.20702105204691013,0.3418501599194669,119.11348108648559,97.98366938843526,2993.867688718547,5247.392101316447,0.0,0,0,0,0,0,0,{}
1776136794,normal,sw-wk2,0.22341099223409377,0.2813435783732814,113.15535113155352,97.99020097990201,5869.1464186914645,27945.13881945139,0.0,0,0,0,0,0,0,{}
1776136794,normal,k3s-wk1,0.29773095984179954,0.6311066158085392,762.9841989465965,402.82685512367493,10292.45283018868,7710.480698713248,0.0,0,54,3,0,48,0,"{""process_exit"": 54, ""process_exec"": 54, ""process_kprobe"": 48}"
1776136804,normal,sw-wk3,0.20702105204691013,0.3418501599194669,119.11348108648559,97.98366938843526,2993.867688718547,0.0,0.0,0,0,0,0,0,0,{}
1776136804,normal,sw-wk2,0.11346690224579314,0.2817338201001567,116.07827449411607,100.87675434210087,2347.6014268093477,3882.8882888288827,0.0,0,2,2,0,0,0,"{""process_exec"": 2}"
1776136804,normal,k3s-wk1,0.29773095984179954,0.6311066158085392,762.9841989465965,402.82685512367493,10292.45283018868,7710.480698713248,0.0,0,36,3,0,30,0,"{""process_exit"": 36, ""process_exec"": 36, ""process_kprobe"": 30}"
1776136814,normal,sw-wk3,0.17219536589429796,0.3454929469780955,116.05267544590764,100.88348058009667,3524.954159026504,6009.201533588931,0.0,0,0,0,0,0,0,{}
1776136814,normal,sw-wk2,0.11346690224579314,0.2817338201001567,116.07827449411607,100.87675434210087,2347.6014268093477,3882.8882888288827,0.0,0,104,5,0,0,0,"{""process_exit"": 104, ""process_exec"": 104}"
1776136814,normal,k3s-wk1,0.29773095984179954,0.6311066158085392,762.9841989465965,402.82685512367493,10292.45283018868,7710.480698713248,0.0,0,63,3,0,54,0,"{""process_exit"": 63, ""process_exec"": 63, ""process_kprobe"": 54}"
1776136824,normal,sw-wk3,0.17219536589429796,0.3454929469780955,116.05267544590764,100.88348058009667,3524.954159026504,6009.201533588931,0.0,0,1,1,0,0,0,"{""process_exit"": 3, ""process_exec"": 1}"
1776136824,normal,sw-wk2,0.11346690224579314,0.2817338201001567,116.07827449411607,100.87675434210087,2347.6014268093477,3882.8882888288827,0.0,0,0,0,0,0,0,"{""process_exit"": 2}"
1776136824,normal,k3s-wk1,0.29488888888889864,0.633244643923496,856.1666666666666,445.1333333333333,32908.166666666664,4959.633333333333,0.0,0,12,2,0,8,0,"{""process_exit"": 12, ""process_exec"": 12, ""process_kprobe"": 8}"
1776136834,normal,sw-wk3,0.17219536589429796,0.3454929469780955,116.05267544590764,100.88348058009667,0.0,0.0,0.0,0,0,0,0,0,0,{}
1776136834,normal,sw-wk2,0.19288539305872754,0.28982377002178983,78.32289028129583,68.19090787894947,5471.203839488068,27883.582189041463,0.0,0,0,0,0,0,0,{}
1776136834,normal,k3s-wk1,0.29488888888889864,0.633244643923496,856.1666666666666,445.1333333333333,32908.166666666664,4959.633333333333,0.0,0,15,2,0,10,0,"{""process_exit"": 15, ""process_exec"": 15, ""process_kprobe"": 10}"
1776136844,normal,sw-wk3,0.18699999999993855,0.3497362284490997,294.06666666666666,187.63333333333333,4643.666666666667,5776.433333333333,0.0,0,2,2,0,0,0,"{""process_exit"": 3, ""process_exec"": 2}"
1776136844,normal,sw-wk2,0.19288539305872754,0.28982377002178983,78.32289028129583,68.19090787894947,5471.203839488068,27883.582189041463,0.0,0,0,0,0,0,0,{}
1776136844,normal,k3s-wk1,0.29488888888889864,0.633244643923496,856.1666666666666,445.1333333333333,32908.166666666664,4959.633333333333,0.0,0,12,2,0,8,0,"{""process_exit"": 12, ""process_exec"": 12, ""process_kprobe"": 8}"
1776136854,normal,sw-wk3,0.18699999999993855,0.3497362284490997,294.06666666666666,187.63333333333333,4643.666666666667,5776.433333333333,0.0,0,0,0,0,0,0,{}
1776136854,normal,sw-wk2,0.19288539305872754,0.28982377002178983,78.32289028129583,68.19090787894947,5471.203839488068,27883.582189041463,0.0,0,0,0,0,0,0,{}
1776136854,normal,k3s-wk1,0.3027777777777373,0.6275518900778112,669.8333333333334,354.7,10214.333333333336,9366.466666666667,0.0,0,39,3,0,32,0,"{""process_exit"": 39, ""process_exec"": 39, ""process_kprobe"": 32}"
1776136864,normal,sw-wk3,0.18699999999993855,0.3497362284490997,294.06666666666666,0.0,0.0,6903.433333333333,0.0,0,1,1,0,0,0,"{""process_exit"": 5, ""process_exec"": 1}"
1776136864,normal,sw-wk2,0.14661244805896345,0.2902171973954152,116.0255982934471,100.85994267048864,944.403706419572,3604.693020465302,0.0,0,0,0,0,0,0,{}
1776136864,normal,k3s-wk1,0.3027777777777373,0.6275518900778112,669.8333333333334,354.7,10214.333333333334,9366.466666666667,0.0,0,81,3,0,72,0,"{""process_exit"": 81, ""process_exec"": 81, ""process_kprobe"": 72}"
1776136874,normal,sw-wk3,0.41188888888892616,0.3476512226512226,504.0,274.1333333333333,3364.7,6903.433333333333,0.0,0,0,0,0,0,0,{}
1776136874,normal,sw-wk2,0.14661244805896345,0.2902171973954152,116.0255982934471,100.85994267048864,944.403706419572,3604.693020465302,0.0,0,2,2,0,0,0,"{""process_exec"": 2}"
1776136874,normal,k3s-wk1,0.3027777777777373,0.6275518900778112,669.8333333333334,354.7,10214.333333333334,9366.466666666667,0.0,0,33,3,0,28,0,"{""process_exit"": 34, ""process_exec"": 33, ""process_kprobe"": 28}"
1776136884,normal,sw-wk3,0.41188888888892616,0.3476512226512226,504.0,274.1333333333333,3364.7,6903.433333333333,0.0,0,0,0,0,0,0,{}
1776136884,normal,sw-wk2,0.14661244805896345,0.2902171973954152,116.0255982934471,100.85994267048864,944.403706419572,3604.693020465302,0.0,0,104,5,0,0,0,"{""process_exit"": 106, ""process_exec"": 104}"
1776136884,normal,k3s-wk1,0.31288888888892774,0.6344378306803649,669.8333333333334,354.7,10486.666666666668,6459.933333333333,0.0,0,39,3,0,32,0,"{""process_exit"": 39, ""process_exec"": 39, ""process_kprobe"": 32}"
1776136894,normal,sw-wk3,0.41188888888892616,0.3476512226512226,504.0,0.0,0.0,0.0,0.0,0,1,1,0,0,0,"{""process_exit"": 37, ""process_exec"": 1}"
1776136894,normal,sw-wk2,0.20347590314590747,0.2901678198707902,117.64509784311764,104.010401040104,5789.24559122579,28029.16958362503,0.0,0,0,0,0,0,0,{}
1776136894,normal,k3s-wk1,0.31288888888892774,0.6344378306803649,669.8333333333334,354.7,10486.666666666666,6459.933333333333,0.0,0,57,3,0,50,0,"{""process_exit"": 57, ""process_exec"": 57, ""process_kprobe"": 50}"
1776136904,normal,sw-wk3,0.3772844937728531,0.3511283560788512,124.05426124054262,109.45572109455722,4660.400626604006,10753.524647535247,0.0,0,0,0,0,0,0,{}
1776136904,normal,sw-wk2,0.20347590314590747,0.2901678198707902,117.64509784311764,104.010401040104,5789.245591225789,28029.16958362503,0.0,0,0,0,0,0,0,{}
1776136904,normal,k3s-wk1,0.31288888888892774,0.6344378306803649,669.8333333333334,354.7,10486.666666666666,6459.933333333333,0.0,0,12,2,0,8,0,"{""process_exit"": 12, ""process_exec"": 12, ""process_kprobe"": 8}"
1776136914,normal,sw-wk3,0.377284493772853,0.3511283560788512,124.05426124054262,109.45572109455722,4660.400626604006,10753.524647535247,0.0,0,0,0,0,0,0,{}
1776136914,normal,sw-wk2,0.20347590314590747,0.2901678198707902,117.64509784311764,104.010401040104,5789.245591225789,28029.16958362503,0.0,0,0,0,0,0,0,{}
1776136914,normal,k3s-wk1,0.29677777777776804,0.6326328111683184,673.8333333333334,359.3,38111.9,6809.099999999999,0.0,0,36,3,0,30,0,"{""process_exit"": 36, ""process_exec"": 36, ""process_kprobe"": 30}"
1776136924,normal,sw-wk3,0.377284493772853,0.3511283560788512,124.05426124054262,0.0,0.0,7085.366666666668,0.0,0,1,1,0,0,0,"{""process_exit"": 11, ""process_exec"": 1}"
1776136924,normal,sw-wk2,0.11736275457482181,0.2825143035539075,100.86330455651476,100.86330455651476,635.578814039532,3648.8783707209755,0.0,0,2,2,0,0,0,"{""process_exec"": 2}"
1776136924,normal,k3s-wk1,0.29677777777776804,0.6326328111683184,673.8333333333334,359.3,38111.9,6809.099999999999,0.0,0,61,3,0,53,0,"{""process_exit"": 62, ""process_exec"": 61, ""process_kprobe"": 53}"
1776136934,normal,sw-wk3,0.39233333333334797,0.35135612982147635,113.20000000000002,98.0,2410.633333333333,7085.366666666667,0.0,0,0,0,0,0,0,{}
1776136934,normal,sw-wk2,0.11736275457482181,0.2825143035539075,100.86330455651476,100.86330455651476,635.578814039532,3648.8783707209755,0.0,0,0,0,0,0,0,{}
1776136934,normal,k3s-wk1,0.29677777777776804,0.6326328111683184,673.8333333333334,359.3,38111.9,6809.099999999999,0.0,0,74,3,0,67,0,"{""process_exec"": 74, ""process_kprobe"": 67, ""process_exit"": 73}"
1776136944,normal,sw-wk3,0.39233333333334797,0.35135612982147635,113.2,98.0,2410.633333333333,7085.366666666667,0.0,0,1,1,0,0,0,"{""process_exit"": 5, ""process_exec"": 1}"
1776136944,normal,sw-wk2,0.11736275457482181,0.2825143035539075,100.86330455651476,100.86330455651476,635.578814039532,3648.8783707209755,0.0,0,104,5,0,0,0,"{""process_exit"": 106, ""process_exec"": 104}"
1776136944,normal,k3s-wk1,0.30453798676788935,0.6259850563800498,667.2106034367922,352.37112028773146,11130.87784734248,4667.510323697881,0.0,0,15,2,0,10,0,"{""process_exit"": 15, ""process_exec"": 15, ""process_kprobe"": 10}"
1776136954,normal,sw-wk3,0.39233333333334797,0.35135612982147635,0.0,0.0,2900.3900390039007,6199.386605327199,0.0,0,0,0,0,0,0,{}
1776136954,normal,sw-wk2,0.1988354779207664,0.2900467652942901,111.00740049336623,100.87339155943731,5421.928128541903,27964.464297619845,0.0,0,0,0,0,0,0,{}
1776136954,normal,k3s-wk1,0.30453798676788935,0.6259850563800498,667.2106034367924,352.37112028773146,11130.87784734248,4667.510323697882,0.0,0,57,3,0,50,0,"{""process_exit"": 57, ""process_exec"": 57, ""process_kprobe"": 50}"
1776136964,normal,sw-wk3,0.38204931604266845,0.35189131847547694,73.27399406607327,68.2068206820682,2900.3900390039003,6199.386605327199,0.0,0,0,0,0,0,0,"{""process_exit"": 1}"
1776136964,normal,sw-wk2,0.1988354779207664,0.2900467652942901,111.00740049336623,100.87339155943731,5421.928128541903,27964.464297619845,0.0,0,0,0,0,0,0,{}
1776136964,normal,k3s-wk1,0.30453798676788935,0.6259850563800498,667.2106034367924,352.37112028773146,11130.87784734248,4667.510323697882,0.0,0,36,3,0,30,0,"{""process_exit"": 36, ""process_exec"": 36, ""process_kprobe"": 30}"
1776136974,normal,sw-wk3,0.38204931604266845,0.35189131847547694,73.27399406607327,68.2068206820682,2900.3900390039003,6199.386605327199,0.0,0,0,0,0,0,0,"{""process_exit"": 2}"
1776136974,normal,sw-wk2,0.1988354779207664,0.2900467652942901,111.00740049336623,100.87339155943731,5421.928128541903,27964.464297619845,0.0,0,0,0,0,0,0,{}
1776136974,normal,k3s-wk1,0.31467707325755445,0.6228299409728141,668.2565624895767,352.9235182282112,34163.1366532137,9222.674360428271,0.0,0,36,3,0,30,0,"{""process_exit"": 36, ""process_exec"": 36, ""process_kprobe"": 30}"
1776136984,normal,sw-wk3,0.38204931604266845,0.35189131847547694,0.0,100.86666666666666,5972.566666666667,6829.5,0.0,0,1,1,0,0,0,"{""process_exit"": 7, ""process_exec"": 1}"
1776136984,normal,sw-wk2,0.12725131384506183,0.2905246123067905,113.19622679244023,97.99673344221858,1220.8593046898434,3613.979534015533,0.0,0,2,2,0,0,0,"{""process_exec"": 2}"
1776136984,normal,k3s-wk1,0.31467707325755445,0.6228299409728141,668.2565624895767,352.9235182282112,34163.1366532137,9222.674360428271,0.0,0,15,2,0,10,0,"{""process_exit"": 15, ""process_exec"": 15, ""process_kprobe"": 10}"
1776136994,normal,sw-wk3,0.2466666666667151,0.3433203358945933,100.86666666666666,100.86666666666666,5972.566666666667,6829.5,0.0,0,0,0,0,0,0,{}
1776136994,normal,sw-wk2,0.12725131384506183,0.2905246123067905,113.19622679244023,97.99673344221858,1220.8593046898434,3613.9795340155324,0.0,0,0,0,0,0,0,{}
1776136994,normal,k3s-wk1,0.31467707325755445,0.6228299409728141,668.2565624895767,352.9235182282112,34163.1366532137,9222.674360428271,0.0,0,33,3,0,28,0,"{""process_exit"": 33, ""process_exec"": 33, ""process_kprobe"": 28}"
1776137004,normal,sw-wk3,0.2466666666667151,0.3433203358945933,100.86666666666666,100.86666666666666,5972.566666666667,6829.5,0.0,0,0,0,0,0,0,{}
1776137004,normal,sw-wk2,0.12725131384506183,0.2905246123067905,113.19622679244023,97.99673344221858,1220.8593046898434,3613.9795340155324,0.0,0,104,5,0,0,0,"{""process_exit"": 106, ""process_exec"": 104}"
1776137004,normal,k3s-wk1,0.29112066953420657,0.6259286142439633,668.0337434563702,352.80584175252574,10392.251008635925,6316.661665166216,0.0,0,54,3,0,48,0,"{""process_exit"": 54, ""process_exec"": 54, ""process_kprobe"": 48}"
1776137014,normal,sw-wk3,0.2466666666667151,0.3433203358945933,0.0,100.86666666666666,3000.7,5325.3,0.0,0,0,0,0,0,0,{}
1776137014,normal,sw-wk2,0.19277777777780214,0.2925395338761675,78.33333333333334,68.2,5472.8,27974.666666666668,0.0,0,0,0,0,0,0,{}
1776137014,normal,k3s-wk1,0.29112066953420657,0.6259286142439633,668.0337434563702,352.80584175252574,10392.251008635923,6316.661665166216,0.0,0,78,3,0,70,0,"{""process_exit"": 78, ""process_exec"": 78, ""process_kprobe"": 70}"
1776137024,normal,sw-wk3,0.1626666666666603,0.34581788294659577,111.0,100.86666666666669,3000.7,5325.3,0.0,0,1,1,0,0,0,"{""process_exit"": 3, ""process_exec"": 1}"
1776137024,normal,sw-wk2,0.19277777777780214,0.2925395338761675,78.33333333333333,68.2,5472.8,27974.666666666668,0.0,0,0,0,0,0,0,{}
1776137024,normal,k3s-wk1,0.29112066953420657,0.6259286142439633,668.0337434563702,352.80584175252574,10392.251008635923,6316.661665166216,0.0,0,54,3,0,48,0,"{""process_exit"": 54, ""process_exec"": 54, ""process_kprobe"": 48}"
1776137034,normal,sw-wk3,0.1626666666666603,0.34581788294659577,111.0,100.86666666666666,3000.7,5325.3,0.0,0,0,0,0,0,0,{}
1776137034,normal,sw-wk2,0.19277777777780214,0.2925395338761675,78.33333333333333,68.2,5472.8,27974.666666666668,0.0,0,0,0,0,0,0,{}
1776137034,normal,k3s-wk1,0.3074444444443847,0.6281343729222238,667.8333333333334,352.7,33278.4,6783.533333333333,0.0,0,19,2,0,12,0,"{""process_exit"": 19, ""process_exec"": 19, ""process_kprobe"": 12}"
1776137044,normal,sw-wk3,0.1626666666666603,0.34581788294659577,107.53333333333333,104.0,2440.6,8651.733333333334,0.0,0,1,1,0,0,0,"{""process_exit"": 21, ""process_exec"": 1}"
1776137044,normal,sw-wk2,0.1131926619776068,0.29056921136129055,121.13737124570818,100.87002900096671,652.6884229474316,3638.921297376579,0.0,0,2,2,0,0,0,"{""process_exec"": 2}"
1776137044,normal,k3s-wk1,0.3074444444443847,0.6281343729222238,667.8333333333334,352.7,33278.4,6783.533333333333,0.0,0,35,3,0,30,0,"{""process_kprobe"": 30, ""process_exit"": 35, ""process_exec"": 35}"
1776137054,normal,sw-wk3,0.1579999999999725,0.34464875058934463,107.53333333333333,104.0,2440.6,8651.733333333334,0.0,0,0,0,0,0,0,{}
1776137054,normal,sw-wk2,0.1131926619776068,0.29056921136129055,121.13737124570821,100.87002900096671,652.6884229474316,3638.92129737658,0.0,0,104,5,0,0,0,"{""process_exit"": 106, ""process_exec"": 104}"
1776137054,normal,k3s-wk1,0.3074444444443847,0.6281343729222238,667.8333333333334,352.7,33278.4,6783.533333333333,0.0,0,42,3,0,34,0,"{""process_exit"": 42, ""process_exec"": 42, ""process_kprobe"": 34}"
1776137065,normal,sw-wk3,0.1579999999999725,0.34464875058934463,107.53333333333333,104.0,2440.6,8651.733333333334,0.0,0,0,0,0,0,0,{}
1776137065,normal,sw-wk2,0.1131926619776068,0.29056921136129055,0.0,0.0,5317.047158806864,27846.925512414597,0.0,0,0,0,0,0,0,{}
1776137065,normal,k3s-wk1,0.31115703397551275,0.6373039623508375,667.7888140790614,352.6764882341177,36072.42850476635,9552.82981134591,0.0,0,39,3,0,32,0,"{""process_exit"": 39, ""process_exec"": 39, ""process_kprobe"": 32}"
1776137074,transition,sw-wk3,0.0,0.34464875058934463,103.86666666666666,103.86666666666666,2950.2,7530.666666666668,0.0,9,1,1,0,0,0,"{""process_exit"": 17, ""process_exec"": 1}"
1776137074,transition,sw-wk2,0.2197967005499536,0.28810352077678814,116.04732544575904,100.84985835694052,5317.047158806864,27846.925512414597,0.0,9,0,0,0,0,0,{}
1776137074,transition,k3s-wk1,0.31115703397551275,0.6373039623508375,667.7888140790614,352.6764882341177,36072.42850476635,9552.82981134591,0.0,9,54,3,0,48,0,"{""process_exit"": 54, ""process_exec"": 54, ""process_kprobe"": 48}"
