timestamp,label,node,avg_cpu,avg_mem,net_bytes_in,net_bytes_out,net_internal_bytes_in,net_internal_bytes_out,net_drop_rate,last_successful_scrape_age_sec,exec_count,unique_process_count,tmp_exec_count,outbound_connect_count,mining_port_count,syscall_feature_vector
1776372105,normal,sw-wk3,0.1527777777777829,0.3245871401811996,116.06666666666666,100.86666666666666,2678.066666666667,4940.633333333333,0.0,0,0,0,0,0,0,{}
1776372105,normal,sw-wk2,0.1912998078226198,0.2678985562648929,319.0588862598727,168.96057586563134,4942.280134635252,4083.5138467690867,0.0,0,0,0,0,0,0,{}
1776372105,normal,k3s-wk1,0.26577777777778355,0.5596463561521363,25.53333333333333,20.333333333333332,8437.1,5827.166666666667,0.0,0,0,0,0,0,0,{}
1776372115,normal,k3s-wk1,0.26577777777778355,0.5596463561521363,25.53333333333333,20.333333333333332,8437.1,5827.166666666667,0.0,0,15,2,0,10,0,"{""process_exit"": 15, ""process_exec"": 15, ""process_kprobe"": 10}"
1776372115,normal,sw-wk2,0.10696227148969395,0.2664745721676415,321.32022003667277,171.02850475079177,658.343057176196,3575.895982663777,0.0,0,0,0,0,0,0,{}
1776372115,normal,sw-wk3,0.1527777777777829,0.3245871401811996,116.06666666666666,100.86666666666666,2678.0666666666666,4940.633333333333,0.0,0,0,0,0,0,0,{}
1776372125,normal,k3s-wk1,0.26577777777778355,0.5596463561521363,25.53333333333333,20.333333333333332,8437.1,5827.166666666667,0.0,0,36,3,0,30,0,"{""process_exit"": 36, ""process_exec"": 36, ""process_kprobe"": 30}"
1776372125,normal,sw-wk2,0.10696227148969395,0.2664745721676415,321.3202200366728,171.02850475079177,658.343057176196,3575.895982663777,0.0,0,2,2,0,0,0,"{""process_exec"": 2}"
1776372125,normal,sw-wk3,0.15011111111110853,0.31725855983281726,116.06666666666666,100.86666666666666,2279.2666666666664,5079.6,0.0,0,0,0,0,0,0,{}
1776372135,normal,k3s-wk1,0.29033333333333455,0.5824117273212674,276.46666666666664,273.5333333333333,33370.76666666666,4902.866666666668,0.0,0,15,2,0,10,0,"{""process_exit"": 15, ""process_exec"": 15, ""process_kprobe"": 10}"
1776372135,normal,sw-wk3,0.15011111111110853,0.31725855983281726,116.06666666666666,100.86666666666666,2279.2666666666664,5079.6,0.0,0,1,1,0,0,0,"{""process_exit"": 5, ""process_exec"": 1}"
1776372135,normal,sw-wk2,0.10696227148969395,0.2664745721676415,321.32022003667277,171.02850475079177,658.343057176196,3575.895982663777,0.0,0,104,5,0,0,0,"{""process_exit"": 106, ""process_exec"": 104}"
1776372145,normal,k3s-wk1,0.29033333333333455,0.5824117273212674,276.46666666666664,273.5333333333333,33370.76666666666,4902.866666666667,0.0,0,12,2,0,8,0,"{""process_exit"": 12, ""process_exec"": 12, ""process_kprobe"": 8}"
1776372145,normal,sw-wk2,0.2032802186812449,0.271017304433146,213.48089872658178,113.34088939262618,5426.195079671978,27725.648376558438,0.0,0,0,0,0,0,0,{}
1776372145,normal,sw-wk3,0.15011111111110853,0.31725855983281726,116.06666666666666,100.86666666666666,2279.2666666666664,5079.6,0.0,0,0,0,0,0,0,{}
1776372155,normal,k3s-wk1,0.29033333333333455,0.5824117273212674,276.46666666666664,273.5333333333333,33370.76666666666,4902.866666666667,0.0,0,42,3,0,34,0,"{""process_exit"": 42, ""process_exec"": 42, ""process_kprobe"": 34}"
1776372155,normal,sw-wk3,0.146777777777778,0.3147211921964397,78.33333333333333,68.2,2971.1,9224.166666666666,0.0,0,1,1,0,0,0,"{""process_exit"": 25, ""process_exec"": 1}"
1776372155,normal,sw-wk2,0.2032802186812449,0.271017304433146,213.48089872658178,113.34088939262618,5426.195079671978,27725.648376558438,0.0,0,0,0,0,0,0,{}
1776372165,normal,k3s-wk1,0.26900000000000046,0.586625697201486,208.66666666666666,208.6666666666667,12272.266666666666,6446.066666666667,0.0,0,12,2,0,8,0,"{""process_exit"": 12, ""process_exec"": 12, ""process_kprobe"": 8}"
1776372165,normal,sw-wk2,0.2032802186812449,0.271017304433146,213.48089872658178,113.34088939262618,5426.195079671978,27725.648376558438,0.0,0,0,0,0,0,0,{}
1776372165,normal,sw-wk3,0.14677777777777823,0.3147211921964397,78.33333333333333,68.2,2971.1000000000004,9224.166666666666,0.0,0,0,0,0,0,0,{}
1776372175,normal,k3s-wk1,0.26900000000000046,0.586625697201486,208.66666666666666,208.66666666666666,12272.266666666666,6446.066666666667,0.0,0,42,3,0,34,0,"{""process_exit"": 42, ""process_exec"": 42, ""process_kprobe"": 34}"
1776372175,normal,sw-wk2,0.16911111111110888,0.2659712399811409,321.26666666666665,171.0,632.9,3542.1666666666665,0.0,0,0,0,0,0,0,{}
1776372175,normal,sw-wk3,0.14677777777777823,0.3147211921964397,78.33333333333333,68.2,2971.1,9224.166666666666,0.0,0,0,0,0,0,0,{}
1776372185,normal,k3s-wk1,0.26900000000000046,0.586625697201486,208.66666666666666,208.66666666666666,12272.266666666666,6446.066666666667,0.0,0,60,3,0,52,0,"{""process_exit"": 60, ""process_exec"": 60, ""process_kprobe"": 52}"
1776372185,normal,sw-wk3,0.15514080986502066,0.318942174140194,103.04949175137477,97.98366938843526,2266.9221796367274,7623.696050658224,0.0,0,1,1,0,0,0,"{""process_exit"": 19, ""process_exec"": 1}"
1776372185,normal,sw-wk2,0.16911111111110888,0.2659712399811409,321.26666666666665,171.0,632.9,3542.1666666666665,0.0,0,2,2,0,0,0,"{""process_exec"": 2}"
1776372195,normal,k3s-wk1,0.2962222222222206,0.5823101314763117,223.80000000000004,208.66666666666666,34973.4,4923.833333333333,0.0,0,36,3,0,30,0,"{""process_exit"": 36, ""process_exec"": 36, ""process_kprobe"": 30}"
1776372195,normal,sw-wk2,0.16911111111110888,0.2659712399811409,321.26666666666665,171.0,632.9,3542.1666666666665,0.0,0,104,5,0,0,0,"{""process_exit"": 104, ""process_exec"": 104}"
1776372195,normal,sw-wk3,0.15514080986502055,0.318942174140194,103.04949175137477,97.98366938843526,2266.922179636727,7623.696050658224,0.0,0,0,0,0,0,0,{}
1776372205,normal,k3s-wk1,0.2962222222222206,0.5823101314763117,223.79999999999998,208.66666666666666,34973.4,4923.833333333333,0.0,0,57,3,0,50,0,"{""process_exit"": 57, ""process_exec"": 57, ""process_kprobe"": 50}"
1776372205,normal,sw-wk2,0.20044444444444653,0.27106827478114603,323.6,175.0,5423.833333333333,27736.266666666666,0.0,0,0,0,0,0,0,"{""process_exit"": 2}"
1776372205,normal,sw-wk3,0.15514080986502055,0.318942174140194,103.04949175137477,97.98366938843526,2266.9221796367274,7623.696050658224,0.0,0,0,0,0,0,0,{}
1776372215,normal,k3s-wk1,0.2962222222222206,0.5823101314763117,223.79999999999998,208.66666666666666,34973.4,4923.833333333333,0.0,0,36,3,0,30,0,"{""process_exit"": 36, ""process_exec"": 36, ""process_kprobe"": 30}"
1776372215,normal,sw-wk3,0.1503028282491573,0.3201750194324452,100.88348058009669,100.88348058009669,3028.1046841140187,5517.619603267211,0.0,0,1,1,0,0,0,"{""process_exit"": 11, ""process_exec"": 1}"
1776372215,normal,sw-wk2,0.20044444444444653,0.27106827478114603,323.6,175.0,5423.833333333334,27736.266666666666,0.0,0,0,0,0,0,0,{}
1776372225,normal,k3s-wk1,0.291333333333336,0.5809848701210006,221.0,205.79999999999998,10632.166666666668,6481.6,0.0,0,54,3,0,48,0,"{""process_exit"": 54, ""process_exec"": 54, ""process_kprobe"": 48}"
1776372225,normal,sw-wk2,0.20044444444444653,0.27106827478114603,323.6,175.0,5423.833333333333,27736.266666666666,0.0,0,0,0,0,0,0,{}
1776372225,normal,sw-wk3,0.1503028282491573,0.3201750194324452,100.88348058009667,100.88348058009667,3028.1046841140187,5517.6196032672115,0.0,0,0,0,0,0,0,{}
1776372235,normal,k3s-wk1,0.2913333333333362,0.5809848701210006,221.0,205.79999999999998,10632.166666666666,6481.6,0.0,0,33,3,0,28,0,"{""process_exit"": 33, ""process_exec"": 33, ""process_kprobe"": 28}"
1776372235,normal,sw-wk3,0.1503028282491573,0.3201750194324452,100.88348058009667,100.88348058009667,3028.1046841140187,5517.619603267211,0.0,0,1,1,0,0,0,"{""process_exit"": 29, ""process_exec"": 1}"
1776372235,normal,sw-wk2,0.11539230717952009,0.2625817118391376,319.11205919605356,168.98873408439437,670.0886607559496,3567.795480301313,0.0,0,0,0,0,0,0,{}
1776372245,normal,k3s-wk1,0.2913333333333362,0.5809848701210006,221.0,205.79999999999998,10632.166666666666,6481.6,0.0,0,36,3,0,30,0,"{""process_exit"": 36, ""process_exec"": 36, ""process_kprobe"": 30}"
1776372245,normal,sw-wk2,0.11539230717952009,0.2625817118391376,319.11205919605356,168.98873408439437,670.0886607559496,3567.795480301313,0.0,0,2,2,0,0,0,"{""process_exec"": 2}"
1776372245,normal,sw-wk3,0.1553896406906209,0.3191874689399442,116.05892940470635,100.85994267048864,2315.178988067462,10118.825411639224,0.0,0,0,0,0,0,0,{}
1776372255,normal,k3s-wk1,0.27844444444444383,0.5802477358237108,223.86666666666667,208.66666666666666,13021.266666666666,4665.6,0.0,0,33,3,0,28,0,"{""process_exit"": 33, ""process_exec"": 33, ""process_kprobe"": 28}"
1776372255,normal,sw-wk2,0.11539230717952009,0.2625817118391376,319.11205919605356,168.98873408439437,670.0886607559496,3567.795480301313,0.0,0,0,0,0,0,0,{}
1776372255,normal,sw-wk3,0.1553896406906209,0.3191874689399442,116.05892940470635,100.85994267048864,2315.178988067462,10118.825411639224,0.0,0,0,0,0,0,0,{}
1776372265,normal,k3s-wk1,0.27844444444444383,0.5802477358237108,223.86666666666667,208.66666666666666,13021.266666666666,4665.6,0.0,0,15,2,0,10,0,"{""process_exit"": 15, ""process_exec"": 15, ""process_kprobe"": 10}"
1776372265,normal,sw-wk2,0.20439140387137011,0.2717165538947717,321.2880858723915,171.0114007600507,5320.588039202614,27698.17987865858,0.0,0,104,5,0,0,0,"{""process_exit"": 106, ""process_exec"": 104}"
1776372265,normal,sw-wk3,0.1553896406906209,0.3191874689399442,116.05892940470635,100.85994267048864,2315.178988067462,10118.825411639224,0.0,0,0,0,0,0,0,{}
1776372275,normal,k3s-wk1,0.27844444444444383,0.5802477358237108,223.86666666666667,208.66666666666666,13021.266666666666,4665.6,0.0,0,81,3,0,72,0,"{""process_exit"": 81, ""process_exec"": 81, ""process_kprobe"": 72}"
1776372275,normal,sw-wk3,0.15416583327777011,0.31279228308931284,113.17421161410762,98.00653376891792,3011.93412894193,6925.4950330022,0.0,0,1,1,0,0,0,"{""process_exit"": 13, ""process_exec"": 1}"
1776372275,normal,sw-wk2,0.20439140387137011,0.2717165538947717,321.2880858723915,171.0114007600507,5320.588039202614,27698.17987865858,0.0,0,0,0,0,0,0,{}
1776372285,normal,k3s-wk1,0.32082305624069385,0.5844876690865292,223.85174321711887,208.65275648290114,35004.89967335511,10570.16198920072,0.0,0,36,3,0,30,0,"{""process_exit"": 36, ""process_exec"": 36, ""process_kprobe"": 30}"
1776372285,normal,sw-wk3,0.15416583327777011,0.31279228308931284,113.17421161410762,98.00653376891793,3011.93412894193,6925.4950330022,0.0,0,1,1,0,0,0,"{""process_exit"": 3, ""process_exec"": 1}"
1776372285,normal,sw-wk2,0.20439140387137011,0.2717165538947717,321.2880858723915,171.0114007600507,5320.588039202614,27698.17987865858,0.0,0,0,0,0,0,0,{}
1776372295,normal,k3s-wk1,0.32082305624069385,0.5844876690865292,223.85174321711887,208.65275648290114,35004.89967335511,10570.16198920072,0.0,0,36,3,0,30,0,"{""process_exit"": 37, ""process_exec"": 36, ""process_kprobe"": 30}"
1776372295,normal,sw-wk3,0.15416583327777011,0.31279228308931284,113.17421161410762,98.00653376891793,3011.93412894193,6925.4950330022,0.0,0,10,7,2,0,0,"{""process_exec"": 10, ""process_exit"": 8}"
1776372295,normal,sw-wk2,0.12622222222221857,0.26222014093301227,319.1333333333333,169.0,2733.633333333333,3799.3666666666672,0.0,0,0,0,0,0,0,{}
1776372305,normal,k3s-wk1,0.32082305624069385,0.5844876690865292,223.85174321711887,208.65275648290114,35004.89967335511,10570.16198920072,0.0,0,33,3,0,28,0,"{""process_exit"": 33, ""process_exec"": 33, ""process_kprobe"": 28}"
1776372305,normal,sw-wk3,0.21679720046658912,0.31876696356894374,307.9486752207965,202.43292784535907,7906.515580736544,10168.138643559407,0.0,0,11,8,2,2,0,"{""process_exit"": 13, ""process_exec"": 11, ""process_kprobe"": 2}"
1776372305,normal,sw-wk2,0.12622222222221857,0.26222014093301227,319.1333333333333,169.0,2733.633333333333,3799.366666666667,0.0,0,105,6,0,0,0,"{""process_exec"": 105, ""process_exit"": 103}"
1776372315,normal,k3s-wk1,0.31328755250349816,0.5877263188551729,223.88159210614043,208.68057870524703,38772.45149676645,13708.047203146878,0.0,0,39,3,0,32,0,"{""process_exit"": 39, ""process_exec"": 39, ""process_kprobe"": 32}"
1776372315,normal,sw-wk2,0.12622222222221857,0.26222014093301227,319.1333333333333,169.0,2733.633333333333,3799.366666666667,0.0,0,1,1,0,0,0,"{""process_exit"": 3, ""process_exec"": 1}"
1776372315,normal,sw-wk3,0.2167972004665889,0.31876696356894374,307.94867522079653,202.43292784535907,7906.515580736544,10168.138643559407,0.0,0,8,5,2,0,0,"{""process_exit"": 8, ""process_exec"": 8}"
1776372325,normal,k3s-wk1,0.31328755250349816,0.5877263188551729,223.88159210614043,208.68057870524703,38772.45149676645,13708.047203146878,0.0,0,84,3,0,74,0,"{""process_exit"": 84, ""process_exec"": 84, ""process_kprobe"": 74}"
1776372325,normal,sw-wk3,0.2167972004665889,0.31876696356894374,307.94867522079653,202.4329278453591,7906.515580736544,10168.138643559407,0.0,0,11,8,2,2,0,"{""process_exit"": 19, ""process_exec"": 11, ""process_kprobe"": 2}"
1776372325,normal,sw-wk2,0.20444444444445053,0.2686790397186437,215.6,115.33333333333333,5704.633333333334,27609.166666666668,0.0,0,0,0,0,0,0,{}
1776372335,normal,k3s-wk1,0.31328755250349816,0.5877263188551729,223.88159210614043,208.68057870524703,38772.45149676645,13708.047203146878,0.0,0,15,2,0,10,0,"{""process_exit"": 15, ""process_exec"": 15, ""process_kprobe"": 10}"
1776372335,normal,sw-wk3,0.1611935322553758,0.3245728047708246,80.48008001333555,85.01416902817135,3087.8813135522582,10056.076012668776,0.0,0,0,0,0,2,0,"{""process_kprobe"": 2}"
1776372335,normal,sw-wk2,0.20444444444445053,0.2686790397186437,215.6,115.33333333333333,5704.633333333333,27609.166666666668,0.0,0,0,0,0,0,0,{}
1776372345,normal,k3s-wk1,0.26900000000000046,0.5899038564653902,205.80000000000004,205.79999999999998,12234.8,1693.8,0.0,0,30,3,0,26,0,"{""process_exit"": 30, ""process_exec"": 30, ""process_kprobe"": 26}"
1776372345,normal,sw-wk3,0.1611935322553758,0.3245728047708246,80.48008001333555,85.01416902817135,3087.8813135522582,10056.076012668776,0.0,0,0,0,0,1,0,"{""process_kprobe"": 1}"
1776372345,normal,sw-wk2,0.20444444444445053,0.2686790397186437,215.6,115.33333333333333,5704.633333333333,27609.166666666668,0.0,0,0,0,0,0,0,{}
1776372356,normal,k3s-wk1,0.26900000000000046,0.5899038564653902,205.79999999999998,205.79999999999998,12234.800000000003,1693.8,0.0,0,60,3,0,52,0,"{""process_exit"": 60, ""process_exec"": 60, ""process_kprobe"": 52}"
1776372356,normal,sw-wk3,0.1611935322553758,0.3245728047708246,80.48008001333555,85.01416902817135,3087.8813135522582,10056.076012668776,0.0,0,0,0,0,1,0,"{""process_kprobe"": 1}"
1776372356,normal,sw-wk2,0.112281403461988,0.26089172623826085,319.11205919605356,168.98873408439437,626.6582227851476,3539.0973935070992,0.0,0,0,0,0,0,0,{}
1776372365,normal,k3s-wk1,0.26900000000000046,0.5899038564653902,205.79999999999998,205.79999999999998,12234.8,1693.8,0.0,0,12,2,0,8,0,"{""process_exit"": 12, ""process_exec"": 12, ""process_kprobe"": 8}"
1776372365,normal,sw-wk3,0.15077777777777956,0.31931489480994435,128.16666666666666,122.6,2237.5,7287.366666666667,0.0,0,1,1,0,2,0,"{""process_kprobe"": 2, ""process_exit"": 11, ""process_exec"": 1}"
1776372365,normal,sw-wk2,0.112281403461988,0.26089172623826085,319.11205919605356,168.98873408439437,626.6582227851476,3539.0973935070992,0.0,0,2,2,0,0,0,"{""process_exec"": 2}"
1776372375,transition,k3s-wk1,0.0,0.5889782054335715,210.40887313775676,211.852726914747,11199.678414386033,4599.494651178054,0.0,10,33,3,0,28,0,"{""process_exit"": 33, ""process_exec"": 33, ""process_kprobe"": 28}"
1776372375,transition,sw-wk3,0.15077777777777956,0.31931489480994435,128.16666666666666,122.60000000000002,2237.5,7287.366666666667,0.0,10,0,0,0,1,0,"{""process_kprobe"": 1}"
1776372375,transition,sw-wk2,0.112281403461988,0.26089172623826085,319.11205919605356,168.98873408439437,626.6582227851476,3539.0973935070992,0.0,10,0,0,0,0,0,{}
1776372385,normal,k3s-wk1,0.2931679464461521,0.5889782054335715,210.40887313775676,211.852726914747,11199.678414386033,4599.494651178054,0.0,0,36,3,0,30,0,"{""process_exit"": 36, ""process_exec"": 36, ""process_kprobe"": 30}"
1776372385,normal,sw-wk2,0.2028357446051957,0.26473680186551474,319.15461030735383,169.01126741782787,5311.254083605573,27738.74924995,0.0,0,104,5,0,0,0,"{""process_exit"": 106, ""process_exec"": 104}"
1776372385,normal,sw-wk3,0.15077777777777956,0.31931489480994435,128.16666666666666,122.6,2237.5,7287.366666666667,0.0,0,1,1,0,0,0,"{""process_exit"": 5, ""process_exec"": 1}"
1776372395,normal,k3s-wk1,0.2931679464461521,0.5889782054335715,210.40887313775676,211.852726914747,11199.678414386033,4599.494651178054,0.0,0,57,3,0,50,0,"{""process_exit"": 57, ""process_exec"": 57, ""process_kprobe"": 50}"
1776372395,normal,sw-wk3,0.1482222222222237,0.324064694114199,106.13333333333333,114.8,4386.633333333333,6580.266666666666,0.0,0,0,0,0,1,0,"{""process_kprobe"": 1}"
1776372395,normal,sw-wk2,0.2028357446051957,0.26473680186551474,319.15461030735383,169.01126741782787,5311.254083605574,27738.74924995,0.0,0,0,0,0,0,0,{}
1776372406,normal,k3s-wk1,0.2966650861387734,0.5872330145857768,231.9989162094425,211.4746325272641,35874.99153288627,8453.464742938426,0.0,0,36,3,0,30,0,"{""process_exit"": 36, ""process_exec"": 36, ""process_kprobe"": 30}"
1776372406,normal,sw-wk3,0.1482222222222238,0.324064694114199,106.13333333333333,114.80000000000003,4386.633333333333,6580.266666666666,0.0,0,1,1,0,1,0,"{""process_kprobe"": 1, ""process_exit"": 11, ""process_exec"": 1}"
1776372406,normal,sw-wk2,0.2028357446051957,0.26473680186551474,319.15461030735383,169.01126741782787,5311.254083605574,27738.74924995,0.0,0,0,0,0,0,0,{}
1776372415,normal,k3s-wk1,0.2966650861387734,0.5872330145857768,231.9989162094425,211.4746325272641,35874.99153288627,8453.464742938426,0.0,0,18,2,0,12,0,"{""process_exit"": 18, ""process_exec"": 18, ""process_kprobe"": 12}"
1776372415,normal,sw-wk3,0.1482222222222238,0.324064694114199,106.13333333333333,114.8,4386.633333333333,6580.266666666666,0.0,0,0,0,0,1,0,"{""process_kprobe"": 1}"
1776372415,normal,sw-wk2,0.11477777777777953,0.26186334849701187,319.1333333333333,169.0,958.2666666666667,3631.3333333333335,0.0,0,0,0,0,0,0,{}
1776372425,normal,k3s-wk1,0.2966650861387734,0.5872330145857768,231.9989162094425,211.4746325272641,35874.99153288627,8453.464742938426,0.0,0,15,2,0,10,0,"{""process_exit"": 15, ""process_exec"": 15, ""process_kprobe"": 10}"
1776372425,normal,sw-wk3,0.1859999999999976,0.32040279317507037,119.1,112.73333333333335,4601.5,8798.166666666666,0.0,0,1,1,0,0,0,"{""process_exit"": 11, ""process_exec"": 1}"
1776372425,normal,sw-wk2,0.11477777777777953,0.26186334849701187,319.1333333333333,169.0,958.2666666666667,3631.3333333333335,0.0,0,2,2,0,0,0,"{""process_exec"": 2}"
1776372435,normal,k3s-wk1,0.2947777777777749,0.5889714323772413,223.86666666666667,208.6666666666667,34664.03333333333,8447.0,0.0,0,33,3,0,28,0,"{""process_exit"": 33, ""process_exec"": 33, ""process_kprobe"": 28}"
1776372435,normal,sw-wk2,0.11477777777777953,0.26186334849701187,319.1333333333333,169.0,958.2666666666667,3631.3333333333335,0.0,0,104,5,0,0,0,"{""process_exit"": 106, ""process_exec"": 104}"
1776372435,normal,sw-wk3,0.1859999999999976,0.32040279317507037,119.1,112.73333333333333,4601.5,8798.166666666666,0.0,0,0,0,0,0,0,{}
1776372446,normal,k3s-wk1,0.2947777777777749,0.5889714323772413,223.86666666666667,208.66666666666666,34664.03333333333,8447.0,0.0,0,15,2,0,10,0,"{""process_exit"": 15, ""process_exec"": 15, ""process_kprobe"": 10}"
1776372446,normal,sw-wk3,0.1859999999999976,0.32040279317507037,119.1,112.73333333333333,4601.5,8798.166666666666,0.0,0,1,1,0,0,0,"{""process_exit"": 19, ""process_exec"": 1}"
1776372446,normal,sw-wk2,0.2221629669133196,0.26880646558864385,319.11205919605356,168.9887340843944,5756.316245583627,27736.217585494305,0.0,0,0,0,0,0,0,{}
1776372456,normal,k3s-wk1,0.2947777777777749,0.5889714323772413,223.86666666666667,208.66666666666666,34664.03333333333,8447.0,0.0,0,36,3,0,30,0,"{""process_exit"": 36, ""process_exec"": 36, ""process_kprobe"": 30}"
1776372456,normal,sw-wk2,0.2221629669133196,0.26880646558864385,319.11205919605356,168.98873408439437,5756.316245583627,27736.217585494298,0.0,0,0,0,0,0,0,{}
1776372456,normal,sw-wk3,0.1537230851276573,0.32172642939969676,120.12532497833477,105.59296046930204,3028.731417905473,7739.050729951338,0.0,0,0,0,0,0,0,{}
1776372466,normal,k3s-wk1,0.3016666666666675,0.5793186982637271,221.0,205.79999999999998,11434.166666666666,5555.2,0.0,0,57,3,0,50,0,"{""process_exit"": 57, ""process_exec"": 57, ""process_kprobe"": 50}"
1776372466,normal,sw-wk2,0.2221629669133196,0.26880646558864385,319.11205919605356,168.98873408439437,5756.316245583627,27736.217585494298,0.0,0,0,0,0,0,0,{}
1776372466,normal,sw-wk3,0.1537230851276573,0.32172642939969676,120.12532497833477,105.59296046930204,3028.731417905473,7739.0507299513365,0.0,0,0,0,0,0,0,{}
1776372475,normal,k3s-wk1,0.30166666666666764,0.5793186982637271,221.0,205.79999999999998,11434.166666666666,5555.2,0.0,0,12,2,0,8,0,"{""process_exit"": 12, ""process_exec"": 12, ""process_kprobe"": 8}"
1776372475,normal,sw-wk3,0.1537230851276573,0.32172642939969676,120.12532497833477,105.59296046930204,3028.731417905473,7739.0507299513365,0.0,0,1,1,0,0,0,"{""process_exit"": 9, ""process_exec"": 1}"
1776372475,normal,sw-wk2,0.11027401826788263,0.2616897307491367,319.15461030735383,169.01126741782787,702.0801386759118,3600.7400493366226,0.0,0,0,0,0,0,0,{}
1776372485,normal,k3s-wk1,0.30166666666666764,0.5793186982637271,221.0,205.79999999999998,11434.166666666666,5555.2,0.0,0,66,3,0,56,0,"{""process_exit"": 66, ""process_exec"": 66, ""process_kprobe"": 56}"
1776372485,normal,sw-wk2,0.11027401826788263,0.2616897307491367,319.15461030735383,169.01126741782787,702.0801386759118,3600.7400493366226,0.0,0,106,7,0,0,0,"{""process_exec"": 106, ""process_exit"": 104}"
1776372485,normal,sw-wk3,0.14883214436518077,0.32130751685207126,113.20754716981133,98.00653376891793,2254.450296686446,6340.956063737583,0.0,0,0,0,0,0,0,{}
1776372495,normal,k3s-wk1,0.2929999999999988,0.5865105552438695,223.86666666666667,208.66666666666666,33931.166666666664,9259.533333333333,0.0,0,33,3,0,28,0,"{""process_exit"": 33, ""process_exec"": 33, ""process_kprobe"": 28}"
1776372495,normal,sw-wk2,0.11027401826788263,0.2616897307491367,319.15461030735383,169.01126741782787,702.0801386759118,3600.7400493366226,0.0,0,0,0,0,0,0,"{""process_exit"": 2}"
1776372495,normal,sw-wk3,0.14883214436518077,0.32130751685207126,113.20754716981133,98.00653376891793,2254.450296686446,6340.956063737583,0.0,0,0,0,0,0,0,{}
1776372506,normal,k3s-wk1,0.2929999999999987,0.5865105552438695,223.86666666666667,208.66666666666666,33931.16666666667,9259.533333333333,0.0,0,15,2,0,10,0,"{""process_exit"": 15, ""process_exec"": 15, ""process_kprobe"": 10}"
1776372506,normal,sw-wk3,0.14883214436518077,0.32130751685207126,113.20754716981133,98.00653376891793,2254.450296686446,6340.956063737583,0.0,0,1,1,0,0,0,"{""process_exit"": 11, ""process_exec"": 1}"
1776372506,normal,sw-wk2,0.19555555555555948,0.2661353007887661,213.46666666666667,113.33333333333333,5265.300000000001,27554.63333333333,0.0,0,0,0,0,0,0,{}
1776372515,normal,k3s-wk1,0.2929999999999988,0.5865105552438695,223.86666666666667,208.66666666666666,33931.166666666664,9259.533333333333,0.0,0,33,3,0,28,0,"{""process_exit"": 33, ""process_exec"": 33, ""process_kprobe"": 28}"
1776372515,normal,sw-wk3,0.18544444444443986,0.322957681868573,116.06666666666666,105.8,6306.7,7003.4,0.0,0,4,4,0,0,0,"{""process_exec"": 4, ""process_exit"": 4}"
1776372515,normal,sw-wk2,0.1955555555555596,0.2661353007887661,213.46666666666667,113.33333333333333,5265.3,27554.63333333333,0.0,0,0,0,0,0,0,{}
1776372526,normal,k3s-wk1,0.31022222222221796,0.5864529842650613,213.73333333333332,208.66666666666666,13805.466666666667,5682.6,0.0,0,84,3,0,74,0,"{""process_exit"": 84, ""process_exec"": 84, ""process_kprobe"": 74}"
1776372526,normal,sw-wk3,0.18544444444443997,0.322957681868573,116.06666666666666,105.8,6306.7,7003.4,0.0,0,7,5,0,4,3,"{""process_exit"": 9, ""process_exec"": 7, ""process_kprobe"": 4}"
1776372526,normal,sw-wk2,0.1955555555555596,0.2661353007887661,213.46666666666667,113.33333333333333,5265.3,27554.63333333333,0.0,0,0,0,0,0,0,{}
1776372535,normal,k3s-wk1,0.31022222222221796,0.5864529842650613,213.73333333333332,208.66666666666666,13805.466666666667,5682.600000000001,0.0,0,36,3,0,30,0,"{""process_exit"": 36, ""process_exec"": 36, ""process_kprobe"": 30}"
1776372535,normal,sw-wk3,0.18544444444443997,0.322957681868573,116.06666666666666,105.8,6306.7,7003.4,0.0,0,8,5,0,4,2,"{""process_exit"": 10, ""process_exec"": 8, ""process_kprobe"": 4}"
1776372535,normal,sw-wk2,0.12650267759926725,0.2619302470787619,319.11205919605356,168.98873408439437,1169.62202519832,3622.858476101593,0.0,0,0,0,0,0,0,{}
1776372545,normal,k3s-wk1,0.31022222222221796,0.5864529842650613,213.73333333333332,208.66666666666666,13805.466666666667,5682.6,0.0,0,33,3,0,28,0,"{""process_exit"": 33, ""process_exec"": 33, ""process_kprobe"": 28}"
1776372545,normal,sw-wk3,0.1642222222222245,0.3254377078634504,115.93333333333334,140.5,2458.8,13469.033333333333,0.0,0,7,5,0,3,2,"{""process_exit"": 11, ""process_exec"": 7, ""process_kprobe"": 3}"
1776372545,normal,sw-wk2,0.12650267759926725,0.2619302470787619,319.11205919605356,168.98873408439437,1169.62202519832,3622.858476101593,0.0,0,2,2,0,0,0,"{""process_exec"": 2}"
1776372556,normal,k3s-wk1,0.29177777777778013,0.5873255796889587,208.66666666666666,208.66666666666666,40584.200000000004,9788.766666666666,0.0,0,18,2,0,12,0,"{""process_exit"": 18, ""process_exec"": 18, ""process_kprobe"": 12}"
1776372556,normal,sw-wk3,0.1642222222222245,0.3254377078634504,115.93333333333334,140.5,2458.8,13469.033333333333,0.0,0,7,5,0,3,2,"{""process_exit"": 11, ""process_exec"": 7, ""process_kprobe"": 3}"
1776372556,normal,sw-wk2,0.12650267759926725,0.2619302470787619,319.11205919605356,168.98873408439437,1169.62202519832,3622.858476101593,0.0,0,104,5,0,0,0,"{""process_exit"": 106, ""process_exec"": 104}"
1776372565,normal,k3s-wk1,0.29177777777778013,0.5873255796889587,208.66666666666666,208.66666666666666,40584.2,9788.766666666666,0.0,0,12,2,0,8,0,"{""process_exit"": 12, ""process_exec"": 12, ""process_kprobe"": 8}"
1776372565,normal,sw-wk3,0.1642222222222245,0.3254377078634504,115.93333333333334,140.5,2458.8,13469.033333333333,0.0,0,6,5,0,3,2,"{""process_exit"": 8, ""process_exec"": 6, ""process_kprobe"": 3}"
1776372565,normal,sw-wk2,0.19205724826099468,0.2626374606572627,319.15461030735383,169.01126741782787,5474.731648776586,27778.051870124676,0.0,0,0,0,0,0,0,{}
1776372576,normal,k3s-wk1,0.29177777777778013,0.5873255796889587,208.66666666666666,208.66666666666666,40584.2,9788.766666666666,0.0,0,39,3,0,32,0,"{""process_exit"": 39, ""process_exec"": 39, ""process_kprobe"": 32}"
1776372576,normal,sw-wk3,0.15361198142346255,0.32661321151420164,174.98833411105926,165.32231184587698,3048.796746883541,11655.356309579362,0.0,0,6,5,0,3,2,"{""process_exit"": 8, ""process_exec"": 6, ""process_kprobe"": 3}"
1776372576,normal,sw-wk2,0.19205724826099468,0.2626374606572627,319.15461030735383,169.01126741782787,5474.731648776586,27778.051870124676,0.0,0,0,0,0,0,0,{}
1776372586,normal,k3s-wk1,0.2928888888888903,0.5818890731411065,215.93333333333334,205.79999999999998,14981.766666666666,3946.0666666666666,0.0,0,18,2,0,12,0,"{""process_exit"": 18, ""process_exec"": 18, ""process_kprobe"": 12}"
1776372586,normal,sw-wk3,0.15361198142346255,0.32661321151420164,174.98833411105926,165.32231184587692,3048.796746883541,11655.356309579362,0.0,0,6,5,0,3,2,"{""process_exit"": 8, ""process_exec"": 6, ""process_kprobe"": 3}"
1776372586,normal,sw-wk2,0.19205724826099468,0.2626374606572627,319.15461030735383,169.01126741782787,5474.731648776586,27778.051870124676,0.0,0,0,0,0,0,0,{}
1776372595,normal,k3s-wk1,0.2928888888888903,0.5818890731411065,215.93333333333334,205.80000000000004,14981.766666666666,3946.0666666666666,0.0,0,33,3,0,28,0,"{""process_exit"": 34, ""process_exec"": 33, ""process_kprobe"": 28}"
1776372595,normal,sw-wk3,0.15361198142346255,0.32661321151420164,174.98833411105926,165.32231184587692,3048.796746883541,11655.356309579362,0.0,0,7,5,0,3,2,"{""process_exit"": 13, ""process_exec"": 7, ""process_kprobe"": 3}"
1776372595,normal,sw-wk2,0.10961491456124783,0.2651620857066401,316.9788680754616,166.9888674088394,1986.6342243850409,3751.0499300046663,0.0,0,0,0,0,0,0,{}
1776372605,normal,k3s-wk1,0.2928888888888903,0.5818890731411065,215.93333333333334,205.79999999999998,14981.766666666666,3946.0666666666666,0.0,0,33,3,0,28,0,"{""process_exit"": 33, ""process_exec"": 33, ""process_kprobe"": 28}"
1776372605,normal,sw-wk3,0.17750072227037372,0.32093957465244594,149.27661844122943,154.44362957530504,4478.065204346957,12114.17427828522,0.0,0,6,5,0,3,2,"{""process_exit"": 8, ""process_exec"": 6, ""process_kprobe"": 3}"
1776372605,normal,sw-wk2,0.10961491456124783,0.2651620857066401,316.9788680754616,166.9888674088394,1986.6342243850409,3751.0499300046663,0.0,0,2,2,0,0,0,"{""process_exec"": 2}"
1776372616,normal,k3s-wk1,0.3145555555555549,0.5825167096943884,223.86666666666667,208.66666666666666,16229.8,9391.266666666666,0.0,0,78,3,0,70,0,"{""process_exit"": 78, ""process_exec"": 78, ""process_kprobe"": 70}"
1776372616,normal,sw-wk3,0.17750072227037372,0.32093957465244594,149.27661844122943,154.44362957530504,4478.065204346957,12114.17427828522,0.0,0,6,5,0,3,2,"{""process_exit"": 8, ""process_exec"": 6, ""process_kprobe"": 3}"
1776372616,normal,sw-wk2,0.10961491456124783,0.2651620857066401,316.9788680754616,166.9888674088394,1986.6342243850409,3751.0499300046663,0.0,0,0,0,0,0,0,{}
1776372626,normal,k3s-wk1,0.3145555555555549,0.5825167096943884,223.86666666666667,208.66666666666666,16229.8,9391.266666666666,0.0,0,15,2,0,10,0,"{""process_exit"": 15, ""process_exec"": 15, ""process_kprobe"": 10}"
1776372626,normal,sw-wk2,0.21661444096273585,0.26906609579876906,215.61437429161947,115.34102273484899,6430.795386359091,27740.24934995666,0.0,0,104,5,0,0,0,"{""process_exit"": 106, ""process_exec"": 104}"
1776372626,normal,sw-wk3,0.17750072227037372,0.32093957465244594,149.27661844122943,154.44362957530504,4478.065204346957,12114.17427828522,0.0,0,10,5,0,4,3,"{""process_exit"": 16, ""process_exec"": 10, ""process_kprobe"": 4}"
1776372636,normal,k3s-wk1,0.3145555555555549,0.5825167096943884,223.86666666666667,208.66666666666666,16229.8,9391.266666666666,0.0,0,9,2,0,6,0,"{""process_exit"": 9, ""process_exec"": 9, ""process_kprobe"": 6}"
1776372636,normal,sw-wk3,0.1645555555555549,0.3232778393669483,178.06666666666666,167.8,5346.166666666667,11771.666666666666,0.0,0,6,5,0,3,2,"{""process_exit"": 8, ""process_exec"": 6, ""process_kprobe"": 3}"
1776372636,normal,sw-wk2,0.21661444096273585,0.26906609579876906,215.61437429161947,115.34102273484899,6430.795386359091,27740.249349956666,0.0,0,0,0,0,0,0,{}
1776372647,normal,k3s-wk1,0.31149034508810247,0.5856345732918069,423.7384174388374,301.0799280047997,39217.41883874408,9612.25918272115,0.0,0,78,3,0,70,0,"{""process_exit"": 78, ""process_exec"": 78, ""process_kprobe"": 70}"
1776372647,normal,sw-wk3,0.1645555555555549,0.3232778393669483,178.06666666666666,167.8,5346.166666666667,11771.666666666666,0.0,0,3,3,0,2,1,"{""process_exit"": 5, ""process_exec"": 3, ""process_kprobe"": 2}"
1776372647,normal,sw-wk2,0.21661444096273585,0.26906609579876906,215.61437429161947,115.34102273484899,6430.795386359091,27740.249349956666,0.0,0,0,0,0,0,0,{}
1776372656,normal,k3s-wk1,0.31149034508810247,0.5856345732918069,423.7384174388374,301.0799280047997,39217.41883874408,9612.25918272115,0.0,0,36,3,0,30,0,"{""process_exit"": 36, ""process_exec"": 36, ""process_kprobe"": 30}"
1776372656,normal,sw-wk3,0.1645555555555549,0.3232778393669483,178.06666666666666,167.8,5346.166666666667,11771.666666666666,0.0,0,1,1,0,0,0,"{""process_exit"": 5, ""process_exec"": 1}"
1776372656,normal,sw-wk2,0.1216666666666647,0.2630754870853881,319.1333333333333,169.0,1071.3333333333333,3577.733333333333,0.0,0,0,0,0,0,0,{}
1776372666,normal,k3s-wk1,0.31149034508810247,0.5856345732918069,423.7384174388374,301.0799280047997,39217.41883874408,9612.25918272115,0.0,0,48,3,0,38,0,"{""process_exit"": 48, ""process_exec"": 48, ""process_kprobe"": 38}"
1776372666,normal,sw-wk2,0.1216666666666647,0.2630754870853881,319.1333333333333,169.0,1071.3333333333335,3577.733333333333,0.0,0,0,0,0,0,0,{}
1776372666,normal,sw-wk3,0.1794444444444454,0.3195362972590695,151.06666666666666,128.70000000000002,4460.633333333333,8312.3,0.0,0,0,0,0,0,0,{}
1776372676,normal,k3s-wk1,0.3293997377602961,0.5793198271064488,225.88172544836323,210.68071204746985,35008.33388892593,9673.178211880791,0.0,0,33,3,0,28,0,"{""process_exit"": 33, ""process_exec"": 33, ""process_kprobe"": 28}"
1776372676,normal,sw-wk2,0.1216666666666647,0.2630754870853881,319.1333333333333,169.0,1071.3333333333333,3577.733333333333,0.0,0,106,7,0,0,0,"{""process_exec"": 106, ""process_exit"": 106}"
1776372676,normal,sw-wk3,0.1794444444444454,0.3195362972590695,151.06666666666666,128.7,4460.633333333333,8312.3,0.0,0,1,1,0,0,0,"{""process_exit"": 9, ""process_exec"": 1}"
1776372686,normal,k3s-wk1,0.3293997377602961,0.5793198271064488,225.88172544836323,210.68071204746985,35008.33388892593,9673.178211880793,0.0,0,57,3,0,50,0,"{""process_exit"": 57, ""process_exec"": 57, ""process_kprobe"": 50}"
1776372686,normal,sw-wk2,0.21677777777777518,0.2576200670260076,317.0,167.0,5446.9,27698.7,0.0,0,0,0,0,0,0,{}
1776372686,normal,sw-wk3,0.1794444444444454,0.3195362972590695,151.06666666666666,128.7,4460.633333333333,8312.3,0.0,0,0,0,0,0,0,{}
1776372696,normal,k3s-wk1,0.3293997377602961,0.5793198271064488,225.88172544836323,210.68071204746985,35008.33388892593,9673.178211880793,0.0,0,75,3,0,68,0,"{""process_exit"": 75, ""process_exec"": 75, ""process_kprobe"": 68}"
1776372696,normal,sw-wk2,0.21677777777777518,0.2576200670260076,317.0,167.0,5446.9,27698.7,0.0,0,0,0,0,0,0,{}
1776372696,normal,sw-wk3,0.1676666666666683,0.31502701428444,113.2,98.0,3284.4,6393.466666666666,0.0,0,0,0,0,0,0,{}
1776372706,normal,k3s-wk1,0.2654444444444479,0.5827210302270216,215.0,209.80000000000004,8712.566666666666,1881.7333333333333,0.0,0,12,2,0,8,0,"{""process_exit"": 12, ""process_exec"": 12, ""process_kprobe"": 8}"
1776372706,normal,sw-wk2,0.21677777777777518,0.2576200670260076,317.0,167.0,5446.9,27698.7,0.0,0,0,0,0,0,0,{}
1776372706,normal,sw-wk3,0.1676666666666683,0.31502701428444,113.2,98.0,3284.4,6393.466666666666,0.0,0,0,0,0,0,0,{}
1776372716,normal,k3s-wk1,0.26544444444444804,0.5827210302270216,215.0,209.79999999999998,8712.566666666668,1881.7333333333333,0.0,0,30,3,0,26,0,"{""process_exit"": 30, ""process_exec"": 30, ""process_kprobe"": 26}"
1776372716,normal,sw-wk3,0.1676666666666683,0.31502701428444,113.2,98.0,3284.4,6393.466666666666,0.0,0,1,1,0,0,0,"{""process_exit"": 3, ""process_exec"": 1}"
1776372716,normal,sw-wk2,0.11508849115088893,0.2616483173413866,319.10142319101425,168.983101689831,718.1615171816152,3664.5335466453357,0.0,0,0,0,0,0,0,{}
1776372726,normal,k3s-wk1,0.26544444444444804,0.5827210302270216,215.0,209.79999999999998,8712.566666666666,1881.7333333333333,0.0,0,60,3,0,52,0,"{""process_exit"": 60, ""process_exec"": 60, ""process_kprobe"": 52}"
1776372726,normal,sw-wk2,0.11508849115088893,0.2616483173413866,319.10142319101425,168.98310168983102,718.1615171816152,3664.5335466453357,0.0,0,2,2,0,0,0,"{""process_exec"": 2}"
1776372726,normal,sw-wk3,0.15099999999999658,0.3206289740943207,78.33333333333334,68.2,2372.4666666666667,5595.366666666667,0.0,0,0,0,0,0,0,{}
1776372736,normal,k3s-wk1,0.31211111111111267,0.5831432174049487,224.2,221.26666666666665,33540.0,12169.533333333333,0.0,0,33,3,0,25,0,"{""process_exit"": 33, ""process_exec"": 33, ""process_kprobe"": 25}"
1776372736,normal,sw-wk2,0.11508849115088893,0.2616483173413866,319.10142319101425,168.98310168983102,718.1615171816152,3664.5335466453357,0.0,0,104,5,0,0,0,"{""process_exit"": 106, ""process_exec"": 104}"
1776372736,normal,sw-wk3,0.15099999999999658,0.3206289740943207,78.33333333333333,68.2,2372.4666666666667,5595.366666666667,0.0,0,1,1,0,0,0,"{""process_exit"": 3, ""process_exec"": 1}"
1776372746,normal,k3s-wk1,0.31211111111111267,0.5831432174049487,224.2,221.26666666666665,33540.0,12169.533333333333,0.0,0,66,3,0,59,0,"{""process_kprobe"": 59, ""process_exit"": 66, ""process_exec"": 66}"
1776372746,normal,sw-wk3,0.15099999999999658,0.3206289740943207,78.33333333333333,68.2,2372.4666666666667,5595.366666666667,0.0,0,6,6,0,1,0,"{""process_exec"": 6, ""process_kprobe"": 1, ""process_exit"": 4}"
1776372746,normal,sw-wk2,0.20514273649586967,0.2651238579456401,321.4988165483215,173.01730173017302,5938.893889388939,27683.70170350368,0.0,0,0,0,0,0,0,{}
1776372756,normal,k3s-wk1,0.31211111111111267,0.5831432174049487,224.2,221.26666666666665,33540.0,12169.533333333333,0.0,0,39,3,0,32,0,"{""process_exit"": 39, ""process_exec"": 39, ""process_kprobe"": 32}"
1776372756,normal,sw-wk3,0.19700000000000017,0.32447404972157445,143212.8,1254.1,6407.466666666666,7633.766666666666,0.0,0,2,2,0,0,0,"{""process_exit"": 2, ""process_exec"": 2}"
1776372756,normal,sw-wk2,0.20514273649586967,0.2651238579456401,321.4988165483215,173.01730173017302,5938.893889388939,27683.70170350368,0.0,0,0,0,0,0,0,{}
1776372766,normal,k3s-wk1,0.28199999999999614,0.5817942503524811,221.0,205.79999999999998,11027.933333333332,3167.0,0.0,0,42,3,0,34,0,"{""process_exit"": 42, ""process_exec"": 42, ""process_kprobe"": 34}"
1776372766,normal,sw-wk2,0.20514273649586967,0.2651238579456401,321.4988165483215,173.01730173017302,5938.893889388939,27683.70170350368,0.0,0,0,0,0,0,0,{}
1776372766,normal,sw-wk3,0.19700000000000017,0.32447404972157445,143212.8,1254.1,6407.466666666666,7633.766666666666,0.0,0,0,0,0,0,0,{}
1776372776,normal,k3s-wk1,0.28199999999999614,0.5817942503524811,221.0,205.79999999999998,11027.933333333332,3167.0,0.0,0,33,3,0,28,0,"{""process_exit"": 33, ""process_exec"": 33, ""process_kprobe"": 28}"
1776372776,normal,sw-wk3,0.19700000000000017,0.32447404972157445,143212.8,1254.1,6407.466666666666,7633.766666666666,0.0,0,1,1,0,0,0,"{""process_exit"": 5, ""process_exec"": 1}"
1776372776,normal,sw-wk2,0.11788888888889026,0.2632395478930133,319.1333333333333,169.0,699.1666666666666,3592.0333333333333,0.0,0,0,0,0,0,0,{}
1776372786,normal,k3s-wk1,0.28199999999999614,0.5817942503524811,221.0,205.79999999999998,11027.933333333332,3167.0,0.0,0,12,2,0,8,0,"{""process_exit"": 12, ""process_exec"": 12, ""process_kprobe"": 8}"
1776372786,normal,sw-wk2,0.11788888888889026,0.2632395478930133,319.1333333333333,169.0,699.1666666666666,3592.033333333334,0.0,0,2,2,0,0,0,"{""process_exec"": 2}"
1776372786,normal,sw-wk3,0.16033333333333133,0.3253070963467003,116.06666666666666,100.86666666666666,2528.7,6234.033333333333,0.0,0,0,0,0,0,0,{}
1776372796,normal,k3s-wk1,0.2947777777777749,0.5819601902325755,223.86666666666667,208.66666666666666,34648.6,10191.06666666667,0.0,0,33,3,0,28,0,"{""process_exit"": 33, ""process_exec"": 33, ""process_kprobe"": 28}"
1776372796,normal,sw-wk2,0.11788888888889026,0.2632395478930133,319.1333333333333,169.0,699.1666666666666,3592.0333333333333,0.0,0,104,5,0,0,0,"{""process_exit"": 106, ""process_exec"": 104}"
1776372796,normal,sw-wk3,0.16033333333333155,0.3253070963467003,116.06666666666666,100.86666666666666,2528.7,6234.033333333333,0.0,0,1,1,0,0,0,"{""process_exit"": 3, ""process_exec"": 1}"
1776372806,normal,k3s-wk1,0.2947777777777749,0.5819601902325755,223.86666666666667,208.66666666666666,34648.600000000006,10191.066666666666,0.0,0,12,2,0,8,0,"{""process_exit"": 12, ""process_exec"": 12, ""process_kprobe"": 8}"
1776372806,normal,sw-wk2,0.19788888888888823,0.2635533340978885,211.33333333333334,111.33333333333333,5691.166666666668,27713.766666666666,0.0,0,0,0,0,0,0,{}
1776372806,normal,sw-wk3,0.16033333333333155,0.3253070963467003,116.06666666666666,100.86666666666666,2528.7,6234.033333333333,0.0,0,0,0,0,0,0,{}
1776372816,transition,k3s-wk1,0.2947777777777749,0.5819601902325755,223.86666666666667,208.66666666666666,34648.6,10191.066666666666,0.0,10,39,3,0,32,0,"{""process_exit"": 39, ""process_exec"": 39, ""process_kprobe"": 32}"
1776372816,transition,sw-wk2,0.19788888888888823,0.2635533340978885,211.33333333333334,111.33333333333333,5691.166666666667,27713.766666666666,0.0,10,0,0,0,0,0,{}
1776372816,transition,sw-wk3,0.0,0.3253070963467003,0.0,0.0,0.0,0.0,0.0,10,0,0,0,0,0,{}
1776372826,normal,k3s-wk1,0.27855555555556244,0.5807963533864717,223.79999999999998,208.66666666666666,9231.6,2395.3,0.0,0,15,2,0,10,0,"{""process_exit"": 15, ""process_exec"": 15, ""process_kprobe"": 10}"
1776372826,normal,sw-wk2,0.19788888888888823,0.2635533340978885,211.33333333333334,111.33333333333333,5691.166666666667,27713.766666666666,0.0,0,0,0,0,0,0,{}
1776372826,normal,sw-wk3,0.1628888888888924,0.3231010359723231,116.06666666666666,100.86666666666666,3364.5,6133.066666666667,0.0,0,0,0,0,0,0,{}
1776372836,normal,k3s-wk1,0.27855555555556244,0.5807963533864717,223.79999999999998,208.66666666666666,9231.6,2395.3,0.0,0,36,3,0,30,0,"{""process_exit"": 36, ""process_exec"": 36, ""process_kprobe"": 30}"
1776372836,normal,sw-wk3,0.1628888888888924,0.3231010359723231,116.06666666666666,100.86666666666666,3364.5,6133.066666666667,0.0,0,0,0,0,0,0,"{""process_exit"": 20}"
1776372836,normal,sw-wk2,0.12066666666666304,0.25935783732813433,319.1333333333333,169.0,873.3666666666668,3696.1666666666665,0.0,0,0,0,0,0,0,{}
1776372846,transition,k3s-wk1,0.27855555555556244,0.5807963533864717,223.79999999999998,208.66666666666666,9231.6,2395.3,0.0,10,15,2,0,10,0,"{""process_exit"": 15, ""process_exec"": 15, ""process_kprobe"": 10}"
1776372846,transition,sw-wk3,0.0,0.3231010359723231,0.0,0.0,0.0,0.0,0.0,10,1,1,0,0,0,"{""process_exit"": 1, ""process_exec"": 1}"
1776372846,transition,sw-wk2,0.12066666666666304,0.25935783732813433,319.1333333333333,169.0,873.3666666666667,3696.1666666666665,0.0,10,2,2,0,0,0,"{""process_exec"": 2}"
1776372856,normal,k3s-wk1,0.3024444444444422,0.5861764177982374,221.0,205.79999999999998,13358.933333333332,10377.766666666666,0.0,0,12,2,0,8,0,"{""process_exit"": 12, ""process_exec"": 12, ""process_kprobe"": 8}"
1776372856,normal,sw-wk3,0.16999999999999693,0.3231408565566981,116.06666666666666,100.86666666666666,4468.900000000001,8612.0,0.0,0,1,1,0,0,0,"{""process_exit"": 3, ""process_exec"": 1}"
1776372856,normal,sw-wk2,0.12066666666666304,0.25935783732813433,319.1333333333333,169.0,873.3666666666667,3696.1666666666665,0.0,0,0,0,0,0,0,{}
1776372866,normal,k3s-wk1,0.3024444444444422,0.5861764177982374,221.0,205.80000000000004,13358.933333333332,10377.766666666666,0.0,0,57,3,0,50,0,"{""process_exit"": 57, ""process_exec"": 57, ""process_kprobe"": 50}"
1776372866,normal,sw-wk3,0.16999999999999693,0.3231408565566981,116.06666666666666,100.86666666666666,4468.9,8612.0,0.0,0,1,1,0,0,0,"{""process_exit"": 3, ""process_exec"": 1}"
1776372866,normal,sw-wk2,0.22588888888888814,0.27135498298864635,319.1333333333333,169.00000000000003,6218.766666666666,27824.433333333334,0.0,0,104,5,0,0,0,"{""process_exit"": 106, ""process_exec"": 104}"
1776372876,normal,k3s-wk1,0.3024444444444422,0.5861764177982374,221.0,205.79999999999998,13358.933333333332,10377.766666666666,0.0,0,33,3,0,28,0,"{""process_exit"": 33, ""process_exec"": 33, ""process_kprobe"": 28}"
1776372876,normal,sw-wk2,0.22588888888888814,0.27135498298864635,319.1333333333333,169.0,6218.766666666666,27824.433333333334,0.0,0,0,0,0,0,0,{}
1776372876,normal,sw-wk3,0.17833333333333534,0.32324757572282325,78.33333333333333,68.2,5612.133333333333,6281.2,0.0,0,0,0,0,0,0,{}
1776372886,normal,k3s-wk1,0.3013333333333321,0.5879836949957273,208.66666666666666,208.66666666666666,34021.53333333333,6480.3,0.0,0,18,2,0,12,0,"{""process_exit"": 18, ""process_exec"": 18, ""process_kprobe"": 12}"
1776372886,normal,sw-wk3,0.17833333333333534,0.32324757572282325,78.33333333333333,68.2,5612.133333333333,6281.200000000002,0.0,0,1,1,0,0,0,"{""process_exit"": 9, ""process_exec"": 1}"
1776372886,normal,sw-wk2,0.22588888888888814,0.27135498298864635,319.1333333333333,169.0,6218.766666666666,27824.433333333334,0.0,0,0,0,0,0,0,{}
1776372896,normal,k3s-wk1,0.3013333333333321,0.5879836949957273,208.6666666666667,208.66666666666666,34021.53333333333,6480.3,0.0,0,9,2,0,6,0,"{""process_exit"": 10, ""process_exec"": 9, ""process_kprobe"": 6}"
1776372896,normal,sw-wk2,0.11822222222222589,0.26203059495138703,317.00000000000006,167.0,1945.1666666666667,3760.0333333333333,0.0,0,0,0,0,0,0,{}
1776372896,normal,sw-wk3,0.17833333333333534,0.32324757572282325,78.33333333333333,68.2,5612.133333333333,6281.2,0.0,0,0,0,0,0,0,{}
1776372906,normal,k3s-wk1,0.3013333333333321,0.5879836949957273,208.66666666666666,208.66666666666666,34021.53333333333,6480.3,0.0,0,33,3,0,28,0,"{""process_exit"": 33, ""process_exec"": 33, ""process_kprobe"": 28}"
1776372906,normal,sw-wk3,0.15388888888888286,0.31488843865081484,116.06666666666666,100.86666666666666,2934.6666666666674,7396.566666666667,0.0,0,1,1,0,0,0,"{""process_exit"": 7, ""process_exec"": 1}"
1776372906,normal,sw-wk2,0.11822222222222589,0.26203059495138703,317.0,167.0,1945.1666666666667,3760.0333333333333,0.0,0,2,2,0,0,0,"{""process_exec"": 2}"
1776372916,normal,k3s-wk1,0.3111111111111111,0.5921457381107462,210.86666666666667,205.79999999999998,34324.96666666667,14368.699999999999,0.0,0,57,3,0,50,0,"{""process_exit"": 57, ""process_exec"": 57, ""process_kprobe"": 50}"
1776372916,normal,sw-wk2,0.11822222222222589,0.26203059495138703,317.0,167.0,1945.1666666666667,3760.0333333333333,0.0,0,104,5,0,0,0,"{""process_exit"": 106, ""process_exec"": 104}"
1776372916,normal,sw-wk3,0.15388888888888286,0.31488843865081484,116.06666666666666,100.86666666666666,2934.6666666666665,7396.566666666667,0.0,0,0,0,0,0,0,{}
1776372926,normal,k3s-wk1,0.3111111111111111,0.5921457381107462,210.86666666666667,205.79999999999998,34324.96666666667,14368.699999999999,0.0,0,78,3,0,70,0,"{""process_exit"": 78, ""process_exec"": 78, ""process_kprobe"": 70}"
1776372926,normal,sw-wk2,0.20741036386615852,0.26350395657326353,318.4327812146611,168.62901616443827,6101.044369054746,27646.278187986427,0.0,0,0,0,0,0,0,{}
1776372926,normal,sw-wk3,0.15388888888888286,0.31488843865081484,116.06666666666666,100.86666666666666,2934.6666666666665,7396.566666666667,0.0,0,0,0,0,0,0,{}
1776372936,normal,k3s-wk1,0.3111111111111111,0.5921457381107462,210.86666666666667,205.79999999999998,34324.96666666667,14368.699999999999,0.0,0,54,3,0,48,0,"{""process_exit"": 54, ""process_exec"": 54, ""process_kprobe"": 48}"
1776372936,normal,sw-wk3,0.1527777777777879,0.31908234259719404,105.93333333333334,100.86666666666669,5113.566666666667,5821.9,0.0,0,1,1,0,0,0,"{""process_exit"": 3, ""process_exec"": 1}"
1776372936,normal,sw-wk2,0.20741036386615852,0.26350395657326353,318.4327812146611,168.62901616443824,6101.044369054746,27646.278187986427,0.0,0,0,0,0,0,0,{}
1776372946,normal,k3s-wk1,0.26866666666666994,0.5921694438079026,223.83333333333334,208.66666666666666,9092.933333333332,1707.3999999999999,0.0,0,12,2,0,8,0,"{""process_exit"": 12, ""process_exec"": 12, ""process_kprobe"": 8}"
1776372946,normal,sw-wk2,0.20741036386615852,0.26350395657326353,318.4327812146611,168.62901616443824,6101.044369054746,27646.278187986427,0.0,0,0,0,0,0,0,{}
1776372946,normal,sw-wk3,0.1527777777777879,0.31908234259719404,105.93333333333334,100.86666666666666,5113.566666666667,5821.9,0.0,0,0,0,0,0,0,{}
1776372956,normal,k3s-wk1,0.26866666666666994,0.5921694438079026,223.83333333333334,208.66666666666666,9092.933333333332,1707.3999999999999,0.0,0,12,2,0,8,0,"{""process_exit"": 12, ""process_exec"": 12, ""process_kprobe"": 8}"
1776372956,normal,sw-wk2,0.11471904857353354,0.2625944544261376,317.69893766285827,167.3682100621367,593.2050511124473,3517.972873655375,0.0,0,0,0,0,0,0,{}
1776372956,normal,sw-wk3,0.1527777777777879,0.31908234259719404,105.93333333333334,100.86666666666666,5113.566666666667,5821.9,0.0,0,0,0,0,0,0,{}
1776372966,normal,k3s-wk1,0.26866666666666994,0.5921694438079026,223.83333333333334,208.66666666666666,9092.933333333332,1707.3999999999999,0.0,0,39,3,0,32,0,"{""process_exit"": 39, ""process_exec"": 39, ""process_kprobe"": 32}"
1776372966,normal,sw-wk2,0.11471904857353354,0.2625944544261376,317.6989376628583,167.36821006213674,593.2050511124473,3517.972873655375,0.0,0,106,7,0,0,0,"{""process_exec"": 106, ""process_exit"": 106}"
1776372966,normal,sw-wk3,0.20277777777777273,0.3159046599640659,717.3000000000002,396.43333333333334,4106.066666666667,5336.3,0.0,0,1,1,0,0,0,"{""process_exit"": 9, ""process_exec"": 1}"
1776372976,normal,k3s-wk1,0.30988888888888744,0.5906206715936888,223.86666666666667,208.66666666666666,34665.73333333333,12710.06666666667,0.0,0,39,3,0,32,0,"{""process_exit"": 39, ""process_exec"": 39, ""process_kprobe"": 32}"
1776372976,normal,sw-wk3,0.20277777777777273,0.3159046599640659,717.3,396.43333333333334,4106.066666666667,5336.3,0.0,0,1,1,0,0,0,"{""process_exec"": 1}"
1776372976,normal,sw-wk2,0.11471904857353354,0.2625944544261376,317.69893766285827,167.3682100621367,593.2050511124473,3517.972873655375,0.0,0,0,0,0,0,0,{}
1776372986,normal,k3s-wk1,0.30988888888888744,0.5906206715936888,223.86666666666667,208.66666666666666,34665.73333333333,12710.066666666666,0.0,0,12,2,0,8,0,"{""process_exit"": 12, ""process_exec"": 12, ""process_kprobe"": 8}"
1776372986,normal,sw-wk2,0.2109677921096731,0.27056016412452055,213.44532213445322,113.32200113322001,5718.094857180949,27657.734226577344,0.0,0,0,0,0,0,0,{}
1776372986,normal,sw-wk3,0.20277777777777273,0.3159046599640659,717.3,396.43333333333334,4106.066666666667,5336.3,0.0,0,0,0,0,0,0,{}
1776372996,normal,k3s-wk1,0.30988888888888744,0.5906206715936888,223.86666666666667,208.66666666666666,34665.73333333333,12710.066666666666,0.0,0,57,3,0,50,0,"{""process_exit"": 57, ""process_exec"": 57, ""process_kprobe"": 50}"
1776372996,normal,sw-wk2,0.2109677921096731,0.27056016412452055,213.44532213445322,113.32200113322001,5718.094857180949,27657.734226577344,0.0,0,0,0,0,0,0,{}
1776372996,normal,sw-wk3,0.36577777777777853,0.32254195496769755,128.53333333333333,112.46666666666667,3998.2666666666664,6906.066666666668,0.0,0,0,0,0,0,0,{}
1776373006,normal,k3s-wk1,0.2631111111111093,0.5934461649261793,215.93333333333334,205.79999999999998,11738.500000000002,1833.0,0.0,0,36,3,0,30,0,"{""process_exit"": 36, ""process_exec"": 36, ""process_kprobe"": 30}"
1776373006,normal,sw-wk3,0.36577777777777853,0.32254195496769755,128.53333333333333,112.46666666666668,3998.2666666666664,6906.066666666667,0.0,0,1,1,0,0,0,"{""process_exit"": 21, ""process_exec"": 1}"
1776373006,normal,sw-wk2,0.2109677921096731,0.27056016412452055,213.44532213445322,113.32200113322001,5718.094857180949,27657.734226577344,0.0,0,0,0,0,0,0,{}
1776373016,normal,k3s-wk1,0.2631111111111093,0.5934461649261793,215.93333333333334,205.79999999999998,11738.5,1833.0,0.0,0,15,2,0,10,0,"{""process_exit"": 15, ""process_exec"": 15, ""process_kprobe"": 10}"
1776373016,normal,sw-wk2,0.12157882454912461,0.27145851650802144,321.2987965463213,171.017101710171,630.02966963363,3532.953295329533,0.0,0,0,0,0,0,0,{}
1776373016,normal,sw-wk3,0.36577777777777853,0.32254195496769755,128.53333333333333,112.46666666666667,3998.2666666666664,6906.066666666667,0.0,0,0,0,0,0,0,{}
1776373026,normal,k3s-wk1,0.2631111111111093,0.5934461649261793,215.93333333333334,205.79999999999998,11738.5,1833.0,0.0,0,18,2,0,12,0,"{""process_exit"": 18, ""process_exec"": 18, ""process_kprobe"": 12}"
1776373026,normal,sw-wk3,0.3461111111111119,0.3262994253093263,81.33333333333333,74.2,2406.0666666666666,9008.466666666667,0.0,0,1,1,0,0,0,"{""process_exit"": 5, ""process_exec"": 1}"
1776373026,normal,sw-wk2,0.12157882454912461,0.27145851650802144,321.2987965463213,171.017101710171,630.02966963363,3532.953295329533,0.0,0,2,2,0,0,0,"{""process_exec"": 2}"
1776373036,normal,k3s-wk1,0.30022222222222206,0.5918691716439224,218.86666666666667,213.66666666666666,33903.4,9633.8,0.0,0,33,3,0,28,0,"{""process_exit"": 33, ""process_exec"": 33, ""process_kprobe"": 28}"
1776373036,normal,sw-wk2,0.12157882454912461,0.27145851650802144,321.2987965463213,171.017101710171,630.02966963363,3532.953295329533,0.0,0,104,5,0,0,0,"{""process_exit"": 106, ""process_exec"": 104}"
1776373036,normal,sw-wk3,0.34611111111111204,0.3262994253093263,81.33333333333333,74.2,2406.0666666666666,9008.466666666667,0.0,0,0,0,0,0,0,{}
1776373046,normal,k3s-wk1,0.30022222222222206,0.5918691716439224,218.86666666666667,213.66666666666666,33903.4,9633.8,0.0,0,51,3,0,46,0,"{""process_exit"": 51, ""process_exec"": 51, ""process_kprobe"": 46}"
1776373046,normal,sw-wk3,0.34611111111111204,0.3262994253093263,81.33333333333333,74.2,2406.0666666666666,9008.466666666667,0.0,0,1,1,0,0,0,"{""process_exit"": 3, ""process_exec"": 1}"
1776373046,normal,sw-wk2,0.19800000000000184,0.26351510633688846,319.1333333333333,169.0,5541.8,27752.533333333333,0.0,0,0,0,0,0,0,{}
1776373056,normal,k3s-wk1,0.30022222222222206,0.5918691716439224,218.86666666666667,213.66666666666666,33903.4,9633.8,0.0,0,33,3,0,28,0,"{""process_exit"": 33, ""process_exec"": 33, ""process_kprobe"": 28}"
1776373056,normal,sw-wk2,0.19800000000000184,0.26351510633688846,319.1333333333333,169.0,5541.8,27752.53333333334,0.0,0,0,0,0,0,0,{}
1776373056,normal,sw-wk3,0.3687777777777834,0.32450112771894946,105.93333333333334,100.86666666666666,2926.633333333334,5879.2,0.0,0,0,0,0,0,0,{}
1776373066,normal,k3s-wk1,0.2720485300979937,0.5917562873717493,223.85174321711887,208.65275648290114,9453.40310645957,1839.644023731751,0.0,0,33,3,0,28,0,"{""process_exit"": 33, ""process_exec"": 33, ""process_kprobe"": 28}"
1776373066,normal,sw-wk2,0.19800000000000184,0.26351510633688846,319.1333333333333,169.0,5541.8,27752.533333333333,0.0,0,0,0,0,0,0,{}
1776373066,normal,sw-wk3,0.3687777777777834,0.32450112771894946,105.93333333333334,100.86666666666666,2926.633333333333,5879.2,0.0,0,0,0,0,0,0,{}
1776373076,normal,k3s-wk1,0.2720485300979937,0.5917562873717493,223.85174321711887,208.65275648290114,9453.40310645957,1839.644023731751,0.0,0,33,3,0,28,0,"{""process_exit"": 33, ""process_exec"": 33, ""process_kprobe"": 28}"
1776373076,normal,sw-wk3,0.3687777777777834,0.32450112771894946,105.93333333333334,100.86666666666666,2926.633333333333,5879.2,0.0,0,1,1,0,0,0,"{""process_exit"": 11, ""process_exec"": 1}"
1776373076,normal,sw-wk2,0.12455555555555597,0.26530384698701526,319.1333333333333,169.0,658.9333333333333,3598.2999999999997,0.0,0,0,0,0,0,0,{}
1776373086,normal,k3s-wk1,0.2720485300979937,0.5917562873717493,223.85174321711887,208.65275648290114,9453.40310645957,1839.644023731751,0.0,0,18,2,0,12,0,"{""process_exit"": 18, ""process_exec"": 18, ""process_kprobe"": 12}"
1776373086,normal,sw-wk2,0.12455555555555597,0.26530384698701526,319.1333333333333,169.0,658.9333333333333,3598.2999999999997,0.0,0,106,7,0,0,0,"{""process_exec"": 106, ""process_exit"": 106}"
1776373086,normal,sw-wk3,0.3332889007375762,0.32411725728557417,110.970407891229,100.8397760597174,2337.443348440416,6956.311650226606,0.0,0,0,0,0,0,0,{}
1776373096,normal,k3s-wk1,0.31650998955486187,0.5914785920622038,220.98139875991734,205.81372091472767,35103.07353823588,13741.216081072072,0.0,0,33,3,0,28,0,"{""process_exit"": 33, ""process_exec"": 33, ""process_kprobe"": 28}"
1776373096,normal,sw-wk3,0.3332889007375762,0.32411725728557417,110.970407891229,100.8397760597174,2337.443348440416,6956.311650226606,0.0,0,0,0,0,0,0,"{""process_exit"": 2}"
1776373096,normal,sw-wk2,0.12455555555555597,0.26530384698701526,319.1333333333333,169.0,658.9333333333333,3598.2999999999997,0.0,0,0,0,0,0,0,{}
1776373106,normal,k3s-wk1,0.31650998955486187,0.5914785920622038,220.98139875991734,205.81372091472767,35103.07353823588,13741.216081072072,0.0,0,33,3,0,28,0,"{""process_exit"": 33, ""process_exec"": 33, ""process_kprobe"": 28}"
1776373106,normal,sw-wk3,0.3332889007375762,0.32411725728557417,110.970407891229,100.8397760597174,2337.443348440416,6956.311650226606,0.0,0,1,1,0,0,0,"{""process_exit"": 5, ""process_exec"": 1}"
1776373106,normal,sw-wk2,0.2484444444444408,0.2671658575123922,321.26666666666665,171.00000000000003,5936.833333333333,27628.1,0.0,0,0,0,0,0,0,{}
1776373116,normal,k3s-wk1,0.31650998955486187,0.5914785920622038,220.98139875991734,205.81372091472767,35103.07353823588,13741.216081072072,0.0,0,36,3,0,30,0,"{""process_exit"": 36, ""process_exec"": 36, ""process_kprobe"": 30}"
1776373116,normal,sw-wk2,0.2484444444444408,0.2671658575123922,321.26666666666665,171.00000000000003,5936.833333333333,27628.1,0.0,0,0,0,0,0,0,{}
1776373116,normal,sw-wk3,0.23946385702853767,0.3194741771474445,113.23019471859163,98.0261403040811,6678.014137103228,6462.656708455588,0.0,0,0,0,0,0,0,{}
1776373127,normal,k3s-wk1,0.26055555555555354,0.5923737643405358,223.8666666666667,208.66666666666666,9400.866666666667,1865.0333333333333,0.0,0,33,3,0,28,0,"{""process_exit"": 33, ""process_exec"": 33, ""process_kprobe"": 28}"
1776373127,normal,sw-wk2,0.2484444444444408,0.2671658575123922,321.26666666666665,171.0,5936.833333333333,27628.1,0.0,0,0,0,0,0,0,{}
1776373127,normal,sw-wk3,0.23946385702853767,0.3194741771474445,113.23019471859163,98.0261403040811,6678.014137103228,6462.656708455588,0.0,0,0,0,0,0,0,{}
1776373136,normal,k3s-wk1,0.26055555555555354,0.5923737643405358,223.86666666666667,208.66666666666666,9400.866666666667,1865.0333333333333,0.0,0,15,2,0,10,0,"{""process_exit"": 15, ""process_exec"": 15, ""process_kprobe"": 10}"
1776373136,normal,sw-wk2,0.11977777777777499,0.27158912802477164,319.1333333333333,169.0,732.5666666666666,3610.5,0.0,0,0,0,0,0,0,{}
1776373136,normal,sw-wk3,0.23946385702853767,0.3194741771474445,113.23019471859163,98.0261403040811,6678.014137103228,6462.656708455588,0.0,0,0,0,0,0,0,{}
1776373146,normal,k3s-wk1,0.26055555555555354,0.5923737643405358,223.86666666666667,208.66666666666666,9400.866666666667,1865.0333333333333,0.0,0,21,2,0,14,0,"{""process_exit"": 21, ""process_exec"": 21, ""process_kprobe"": 14}"
1776373146,normal,sw-wk3,0.15855555555555534,0.32023873236744527,121.06666666666666,100.86666666666666,2322.5666666666666,6901.533333333333,0.0,0,1,1,0,0,0,"{""process_exit"": 13, ""process_exec"": 1}"
1776373146,normal,sw-wk2,0.11977777777777499,0.27158912802477164,319.1333333333334,169.0,732.5666666666666,3610.5,0.0,0,2,2,0,0,0,"{""process_exec"": 2}"
1776373156,normal,k3s-wk1,0.3007777777777796,0.5945930691314572,213.73333333333332,208.66666666666666,34661.46666666667,9487.533333333333,0.0,0,57,3,0,50,0,"{""process_exit"": 57, ""process_exec"": 57, ""process_kprobe"": 50}"
1776373156,normal,sw-wk2,0.11977777777777499,0.27158912802477164,319.1333333333333,169.0,732.5666666666666,3610.5,0.0,0,104,5,0,0,0,"{""process_exit"": 106, ""process_exec"": 104}"
1776373156,normal,sw-wk3,0.15855555555555534,0.32023873236744527,121.06666666666666,100.86666666666666,2322.5666666666666,6901.533333333333,0.0,0,0,0,0,0,0,{}
1776373166,normal,k3s-wk1,0.3007777777777796,0.5945930691314572,213.73333333333338,208.66666666666666,34661.46666666667,9487.533333333333,0.0,0,12,2,0,8,0,"{""process_exit"": 12, ""process_exec"": 12, ""process_kprobe"": 8}"
1776373166,normal,sw-wk2,0.19285849192858895,0.2671308153981421,220.04466220044662,121.32120121321202,5349.5317134953175,27690.397626903978,0.0,0,0,0,0,0,0,{}
1776373166,normal,sw-wk3,0.15855555555555534,0.32023873236744527,121.06666666666666,100.86666666666666,2322.5666666666666,6901.533333333333,0.0,0,0,0,0,0,0,{}
1776373176,normal,k3s-wk1,0.3007777777777796,0.5945930691314572,213.73333333333332,208.66666666666666,34661.46666666667,9487.533333333333,0.0,0,36,3,0,30,0,"{""process_exit"": 36, ""process_exec"": 36, ""process_kprobe"": 30}"
1776373176,normal,sw-wk3,0.16077777777778046,0.3195044407915695,78.33333333333333,68.2,2938.2,5612.266666666666,0.0,0,1,1,0,0,0,"{""process_exit"": 3, ""process_exec"": 1}"
1776373176,normal,sw-wk2,0.19285849192858895,0.2671308153981421,220.04466220044662,121.32120121321202,5349.5317134953175,27690.397626903978,0.0,0,0,0,0,0,0,{}
1776373186,normal,k3s-wk1,0.2843333333333349,0.5958539864516297,208.66666666666666,208.66666666666666,9192.466666666669,1847.4333333333334,0.0,0,81,3,0,72,0,"{""process_exit"": 81, ""process_exec"": 81, ""process_kprobe"": 72}"
1776373186,normal,sw-wk2,0.19285849192858895,0.2671308153981421,220.04466220044662,121.32120121321202,5349.5317134953175,27690.397626903978,0.0,0,0,0,0,0,0,{}
1776373186,normal,sw-wk3,0.16077777777778068,0.3195044407915695,78.33333333333334,68.2,2938.2,5612.266666666666,0.0,0,0,0,0,0,0,{}
1776373196,normal,k3s-wk1,0.2843333333333349,0.5958539864516297,208.66666666666666,208.66666666666666,9192.466666666667,1847.4333333333334,0.0,0,30,3,0,26,0,"{""process_exit"": 30, ""process_exec"": 30, ""process_kprobe"": 26}"
1776373196,normal,sw-wk2,0.11763725457515406,0.26687437083476684,319.14397146571554,169.00563352111737,663.6554551818394,3557.518583952799,0.0,0,0,0,0,0,0,{}
1776373196,normal,sw-wk3,0.16077777777778068,0.3195044407915695,78.33333333333333,68.2,2938.2,5612.266666666666,0.0,0,0,0,0,0,0,{}
1776373206,normal,k3s-wk1,0.2843333333333349,0.5958539864516297,208.66666666666666,208.66666666666666,9192.466666666667,1847.4333333333334,0.0,0,18,2,0,12,0,"{""process_exit"": 19, ""process_exec"": 18, ""process_kprobe"": 12}"
1776373206,normal,sw-wk3,0.1597777777777738,0.3219080112644469,111.0,100.86666666666669,2812.9,5568.4,0.0,0,1,1,0,0,0,"{""process_exit"": 3, ""process_exec"": 1}"
1776373206,normal,sw-wk2,0.11763725457515406,0.26687437083476684,319.14397146571554,169.00563352111737,663.6554551818394,3557.518583952799,0.0,0,2,2,0,0,0,"{""process_exec"": 2}"
1776373216,normal,k3s-wk1,0.30377777777777437,0.5847913277786746,220.4,211.79999999999998,10278.066666666666,10842.433333333336,0.0,0,36,3,0,30,0,"{""process_exit"": 36, ""process_exec"": 36, ""process_kprobe"": 30}"
1776373216,normal,sw-wk3,0.1597777777777739,0.3219080112644469,111.00000000000003,100.86666666666666,2812.9,5568.4,0.0,0,50,4,0,0,0,"{""process_exec"": 50, ""process_exit"": 25}"
1776373216,normal,sw-wk2,0.11763725457515406,0.26687437083476684,319.14397146571554,169.00563352111737,663.6554551818394,3557.518583952799,0.0,0,0,0,0,0,0,{}
1776373226,normal,k3s-wk1,0.30377777777777437,0.5847913277786746,220.4,211.79999999999998,10278.066666666666,10842.433333333332,0.0,0,12,2,0,8,0,"{""process_exit"": 12, ""process_exec"": 12, ""process_kprobe"": 8}"
1776373226,normal,sw-wk3,0.1597777777777739,0.3219080112644469,111.0,100.86666666666666,2812.9,5568.4,0.0,0,196,4,0,0,0,"{""process_exit"": 105, ""process_exec"": 196}"
1776373226,normal,sw-wk2,0.21831955922865143,0.2674541585432675,321.1810183950946,170.9544121567582,7801.986137030124,27983.337776592907,0.0,0,104,5,0,0,0,"{""process_exit"": 106, ""process_exec"": 104}"
1776373236,normal,k3s-wk1,0.30377777777777437,0.5847913277786746,220.4,211.79999999999998,10278.066666666666,10842.433333333332,0.0,0,12,2,0,8,0,"{""process_exit"": 12, ""process_exec"": 12, ""process_kprobe"": 8}"
1776373236,normal,sw-wk3,0.2334444444444469,0.33079278005020585,700.3,389.9,8932.533333333333,69293.26666666666,0.0,0,197,4,0,0,0,"{""process_exec"": 197, ""process_exit"": 112}"
1776373236,normal,sw-wk2,0.21831955922865143,0.2674541585432675,321.1810183950946,170.9544121567582,7801.986137030124,27983.337776592907,0.0,0,0,0,0,0,0,{}
1776373246,normal,k3s-wk1,0.28722222222222105,0.5890651263231448,414.96666666666664,301.1,119821.53333333333,9638.333333333334,0.0,0,12,2,0,8,0,"{""process_exit"": 12, ""process_exec"": 12, ""process_kprobe"": 8}"
1776373246,normal,sw-wk3,0.2334444444444469,0.33079278005020585,700.3,389.9,8932.533333333333,69293.26666666666,0.0,0,197,4,0,0,0,"{""process_exit"": 109, ""process_exec"": 197}"
1776373246,normal,sw-wk2,0.21831955922865143,0.2674541585432675,321.1810183950946,170.9544121567582,7801.986137030124,27983.337776592907,0.0,0,0,0,0,0,0,{}
1776373256,normal,k3s-wk1,0.28722222222222127,0.5890651263231448,414.96666666666664,301.1,119821.53333333333,9638.333333333334,0.0,0,12,2,0,8,0,"{""process_exit"": 12, ""process_exec"": 12, ""process_kprobe"": 8}"
1776373256,normal,sw-wk3,0.2334444444444469,0.33079278005020585,700.3,389.9,8932.533333333333,69293.26666666666,0.0,0,196,4,0,0,0,"{""process_exit"": 104, ""process_exec"": 196}"
1776373256,normal,sw-wk2,0.10936978992997537,0.26823145635026824,317.10570190063356,167.0556852284095,598.8996332110704,3534.978326108703,0.0,0,0,0,0,0,0,{}
1776373266,normal,k3s-wk1,0.28722222222222127,0.5890651263231448,414.96666666666664,301.1,119821.53333333333,9638.333333333334,0.0,0,57,3,0,50,0,"{""process_exit"": 57, ""process_exec"": 57, ""process_kprobe"": 50}"
1776373266,normal,sw-wk3,0.2037777777777795,0.3322422493214573,124.06666666666666,109.46666666666667,3100.3333333333335,92768.03333333333,0.0,0,245,4,0,0,0,"{""process_exit"": 130, ""process_exec"": 245}"
1776373266,normal,sw-wk2,0.10936978992997559,0.26823145635026824,317.10570190063356,167.0556852284095,598.8996332110704,3534.9783261087023,0.0,0,2,2,0,0,0,"{""process_exec"": 2}"
1776373276,normal,k3s-wk1,0.289333333333338,0.589402650296942,225.86666666666667,210.6666666666667,106340.73333333334,5383.9,0.0,0,99,3,0,90,0,"{""process_exit"": 99, ""process_exec"": 99, ""process_kprobe"": 90}"
1776373276,normal,sw-wk3,0.2037777777777795,0.3322422493214573,124.06666666666666,109.46666666666667,3100.3333333333335,92768.03333333333,0.0,0,196,4,0,0,0,"{""process_exit"": 104, ""process_exec"": 196}"
1776373276,normal,sw-wk2,0.10936978992997537,0.26823145635026824,317.10570190063356,167.0556852284095,598.8996332110704,3534.978326108703,0.0,0,0,0,0,0,0,{}
1776373286,normal,k3s-wk1,0.289333333333338,0.589402650296942,225.86666666666667,210.66666666666666,106340.73333333334,5383.9,0.0,0,18,2,0,12,0,"{""process_exit"": 18, ""process_exec"": 18, ""process_kprobe"": 12}"
1776373286,normal,sw-wk3,0.2037777777777795,0.3322422493214573,124.06666666666666,109.46666666666667,3100.3333333333335,92768.03333333333,0.0,0,197,4,0,0,0,"{""process_exit"": 111, ""process_exec"": 197}"
1776373286,normal,sw-wk2,0.17952649179526592,0.26773768110401774,319.1014231910142,168.98310168983102,4695.3304669533045,27747.325267473254,0.0,0,104,5,0,0,0,"{""process_exit"": 106, ""process_exec"": 104}"
1776373296,normal,k3s-wk1,0.289333333333338,0.589402650296942,225.86666666666667,210.66666666666666,106340.73333333334,5383.9,0.0,0,15,2,0,10,0,"{""process_exit"": 15, ""process_exec"": 15, ""process_kprobe"": 10}"
1776373296,normal,sw-wk3,0.21299999999999575,0.3323856034252074,116.06666666666666,100.86666666666666,3908.866666666667,95881.5,0.0,0,196,4,0,0,0,"{""process_exit"": 104, ""process_exec"": 196}"
1776373296,normal,sw-wk2,0.17952649179526592,0.26773768110401774,319.10142319101425,168.98310168983102,4695.3304669533045,27747.325267473254,0.0,0,0,0,0,0,0,{}
1776373306,normal,k3s-wk1,0.2973333333333307,0.5835845949091452,225.13333333333333,209.79999999999998,121150.09999999999,7638.466666666666,0.0,0,123,3,0,112,0,"{""process_exit"": 123, ""process_exec"": 123, ""process_kprobe"": 112}"
1776373306,normal,sw-wk3,0.21299999999999575,0.3323856034252074,116.06666666666666,100.86666666666666,3908.866666666667,95881.5,0.0,0,196,4,0,0,0,"{""process_exit"": 104, ""process_exec"": 196}"
1776373306,normal,sw-wk2,0.17952649179526592,0.26773768110401774,319.10142319101425,168.98310168983102,4695.3304669533045,27747.325267473254,0.0,0,0,0,0,0,0,{}
1776373316,normal,k3s-wk1,0.2973333333333307,0.5835845949091452,225.13333333333333,209.80000000000004,121150.09999999999,7638.466666666666,0.0,0,32,3,0,28,0,"{""process_exit"": 32, ""process_exec"": 32, ""process_kprobe"": 28}"
1776373316,normal,sw-wk3,0.21299999999999575,0.3323856034252074,116.06666666666666,100.86666666666666,3908.866666666667,95881.5,0.0,0,148,4,0,0,0,"{""process_exit"": 101, ""process_exec"": 148}"
1776373316,normal,sw-wk2,0.11824515784911416,0.2685213502045185,319.16524985831916,169.01690169016905,1225.9892655932258,3517.251725172517,0.0,0,0,0,0,0,0,{}
1776373326,normal,k3s-wk1,0.2973333333333307,0.5835845949091452,225.13333333333333,209.79999999999998,121150.09999999999,7638.466666666666,0.0,0,31,3,0,26,0,"{""process_exit"": 31, ""process_exec"": 31, ""process_kprobe"": 26}"
1776373326,normal,sw-wk3,0.2007777777777794,0.3351045529263351,79.93333333333334,71.33333333333333,4682.733333333334,82402.03333333333,0.0,0,197,4,0,0,0,"{""process_exit"": 109, ""process_exec"": 197}"
1776373326,normal,sw-wk2,0.11824515784911416,0.2685213502045185,319.16524985831916,169.01690169016902,1225.9892655932258,3517.251725172517,0.0,0,2,2,0,0,0,"{""process_exec"": 2}"
1776373336,normal,k3s-wk1,0.30333333333333534,0.586061275840621,214.66666666666666,215.26666666666665,100804.46666666666,8369.066666666666,0.0,0,12,2,0,8,0,"{""process_exit"": 12, ""process_exec"": 12, ""process_kprobe"": 8}"
1776373336,normal,sw-wk3,0.2007777777777796,0.3351045529263351,79.93333333333334,71.33333333333333,4682.733333333334,82402.03333333333,0.0,0,147,4,0,0,0,"{""process_exit"": 78, ""process_exec"": 147}"
1776373336,normal,sw-wk2,0.11824515784911416,0.2685213502045185,319.16524985831916,169.01690169016902,1225.9892655932258,3517.251725172517,0.0,0,104,5,0,0,0,"{""process_exit"": 106, ""process_exec"": 104}"
1776373346,normal,k3s-wk1,0.30333333333333534,0.586061275840621,214.66666666666666,215.26666666666665,100804.46666666669,8369.066666666666,0.0,0,15,2,0,10,0,"{""process_exit"": 15, ""process_exec"": 15, ""process_kprobe"": 10}"
1776373346,normal,sw-wk3,0.2007777777777796,0.3351045529263351,79.93333333333334,71.33333333333333,4682.733333333334,82402.03333333333,0.0,0,147,4,0,0,0,"{""process_exit"": 78, ""process_exec"": 147}"
1776373346,normal,sw-wk2,0.1823333333333368,0.2682203065866432,213.46666666666667,113.33333333333333,5678.200000000001,27742.433333333334,0.0,0,0,0,0,0,0,{}
1776373357,normal,k3s-wk1,0.30333333333333534,0.586061275840621,214.66666666666666,215.26666666666665,100804.46666666666,8369.066666666666,0.0,0,78,3,0,70,0,"{""process_exit"": 78, ""process_exec"": 78, ""process_kprobe"": 70}"
1776373357,normal,sw-wk3,0.2172222222222242,0.330995068618831,116.06666666666666,100.86666666666666,6012.833333333333,77508.2,0.0,0,147,4,0,0,0,"{""process_exit"": 80, ""process_exec"": 147}"
1776373357,normal,sw-wk2,0.18233333333333668,0.2682203065866432,213.46666666666667,113.33333333333333,5678.200000000001,27742.433333333334,0.0,0,0,0,0,0,0,{}
1776373367,normal,k3s-wk1,0.294333333333331,0.5859664530519957,208.6666666666667,208.66666666666666,59110.66666666668,8636.533333333333,0.0,0,39,3,0,32,0,"{""process_exit"": 39, ""process_exec"": 39, ""process_kprobe"": 32}"
1776373367,normal,sw-wk2,0.1823333333333368,0.2682203065866432,213.46666666666667,113.33333333333333,5678.2,27742.433333333334,0.0,0,0,0,0,0,0,{}
1776373367,normal,sw-wk3,0.2172222222222242,0.330995068618831,116.06666666666666,100.86666666666666,6012.833333333333,77508.2,0.0,0,0,0,0,0,0,{}
1776373377,normal,k3s-wk1,0.294333333333331,0.5859664530519957,208.66666666666666,208.66666666666666,59110.666666666664,8636.533333333333,0.0,0,12,2,0,8,0,"{""process_exit"": 12, ""process_exec"": 12, ""process_kprobe"": 8}"
1776373377,normal,sw-wk3,0.2172222222222242,0.330995068618831,116.06666666666666,100.86666666666666,6012.833333333333,77508.2,0.0,0,1,1,0,0,0,"{""process_exit"": 57, ""process_exec"": 1}"
1776373377,normal,sw-wk2,0.12633333333332697,0.261023930578386,317.0,167.0,1134.6,3638.6666666666665,0.0,0,0,0,0,0,0,{}
1776373387,normal,k3s-wk1,0.294333333333331,0.5859664530519957,208.66666666666666,208.66666666666666,59110.666666666664,8636.533333333333,0.0,0,18,2,0,12,0,"{""process_exit"": 18, ""process_exec"": 18, ""process_kprobe"": 12}"
1776373387,normal,sw-wk2,0.12633333333332697,0.261023930578386,317.0,167.0,1134.6,3638.6666666666665,0.0,0,2,2,0,0,0,"{""process_exec"": 2}"
1776373387,normal,sw-wk3,0.1559999999999997,0.3300425602405801,116.06666666666666,100.86666666666666,2391.5333333333333,12661.3,0.0,0,0,0,0,0,0,{}
1776373397,normal,k3s-wk1,0.27566666666666106,0.5848455122293177,210.86666666666667,205.79999999999998,16740.633333333335,4709.9,0.0,0,33,3,0,28,0,"{""process_exit"": 33, ""process_exec"": 33, ""process_kprobe"": 28}"
1776373397,normal,sw-wk3,0.1559999999999997,0.3300425602405801,116.06666666666666,100.86666666666666,2391.5333333333333,12661.3,0.0,0,1,1,0,0,0,"{""process_exit"": 7, ""process_exec"": 1}"
1776373397,normal,sw-wk2,0.12633333333332697,0.261023930578386,317.0,167.0,1134.6,3638.6666666666665,0.0,0,0,0,0,0,0,{}
1776373407,normal,k3s-wk1,0.27566666666666106,0.5848455122293177,210.86666666666667,205.79999999999998,16740.63333333333,4709.900000000001,0.0,0,36,3,0,30,0,"{""process_exit"": 36, ""process_exec"": 36, ""process_kprobe"": 30}"
1776373407,normal,sw-wk2,0.18483212230295887,0.2674398231328924,323.578428104793,174.98833411105926,4508.732751149923,27755.082994467033,0.0,0,104,5,0,0,0,"{""process_exit"": 106, ""process_exec"": 104}"
1776373407,normal,sw-wk3,0.1559999999999997,0.3300425602405801,116.06666666666666,100.86666666666666,2391.5333333333333,12661.3,0.0,0,0,0,0,0,0,{}
1776373417,normal,k3s-wk1,0.27566666666666106,0.5848455122293177,210.86666666666667,205.79999999999998,16740.63333333333,4709.9,0.0,0,36,3,0,30,0,"{""process_exit"": 36, ""process_exec"": 36, ""process_kprobe"": 30}"
1776373417,normal,sw-wk2,0.18483212230295887,0.2674398231328924,323.578428104793,174.98833411105926,4508.732751149923,27755.082994467033,0.0,0,0,0,0,0,0,{}
1776373417,normal,sw-wk3,0.1544444444444455,0.33210845215795715,108.13333333333333,98.0,3078.0333333333333,6201.366666666667,0.0,0,0,0,0,0,0,{}
1776373428,normal,k3s-wk1,0.2732222222222289,0.5860624046833427,223.86666666666667,208.6666666666667,34244.46666666667,6772.000000000001,0.0,0,54,3,0,48,0,"{""process_exit"": 54, ""process_exec"": 54, ""process_kprobe"": 48}"
1776373428,normal,sw-wk3,0.1544444444444455,0.33210845215795715,108.13333333333333,98.0,3078.0333333333333,6201.366666666667,0.0,0,1,1,0,0,0,"{""process_exit"": 5, ""process_exec"": 1}"
1776373428,normal,sw-wk2,0.18483212230295887,0.2674398231328924,323.578428104793,174.98833411105926,4508.732751149923,27755.082994467033,0.0,0,0,0,0,0,0,{}
1776373437,normal,k3s-wk1,0.2732222222222289,0.5860624046833427,223.86666666666667,208.66666666666666,34244.46666666667,6772.0,0.0,0,57,3,0,50,0,"{""process_exit"": 57, ""process_exec"": 57, ""process_kprobe"": 50}"
1776373437,normal,sw-wk2,0.12327488499233674,0.26998356206276997,319.15461030735383,169.01126741782787,1495.133008867258,3629.2752850190013,0.0,0,0,0,0,0,0,{}
1776373437,normal,sw-wk3,0.1544444444444455,0.33210845215795715,108.13333333333333,98.0,3078.0333333333333,6201.366666666667,0.0,0,0,0,0,0,0,{}
1776373447,normal,k3s-wk1,0.2732222222222289,0.5860624046833427,223.86666666666667,208.66666666666666,34244.46666666667,6772.0,0.0,0,36,3,0,30,0,"{""process_exit"": 36, ""process_exec"": 36, ""process_kprobe"": 30}"
1776373447,normal,sw-wk2,0.12327488499233674,0.26998356206276997,319.15461030735383,169.01126741782787,1495.133008867258,3629.2752850190013,0.0,0,2,2,0,0,0,"{""process_exec"": 2}"
1776373447,normal,sw-wk3,0.15888888888888586,0.32921747773232923,111.0,100.86666666666666,3572.0,5966.8,0.0,0,0,0,0,0,0,{}
1776373457,normal,k3s-wk1,0.3567777777777742,0.5872578491256548,226.06666666666666,205.79999999999998,33803.0,14982.033333333333,0.0,0,33,3,0,28,0,"{""process_exit"": 33, ""process_exec"": 33, ""process_kprobe"": 28}"
1776373457,normal,sw-wk2,0.12327488499233674,0.26998356206276997,319.15461030735383,169.01126741782787,1495.133008867258,3629.2752850190013,0.0,0,106,7,0,0,0,"{""process_exit"": 106, ""process_exec"": 106}"
1776373457,normal,sw-wk3,0.15888888888888586,0.32921747773232923,111.0,100.86666666666669,3572.0,5966.8,0.0,0,1,1,0,0,0,"{""process_exit"": 11, ""process_exec"": 1}"
1776373467,normal,k3s-wk1,0.356777777777774,0.5872578491256548,226.06666666666666,205.79999999999998,33803.0,14982.033333333333,0.0,0,12,2,0,8,0,"{""process_exit"": 12, ""process_exec"": 12, ""process_kprobe"": 8}"
1776373467,normal,sw-wk2,0.27722222222222015,0.27303541164927303,90836.53997888888,2130.5333333333333,8543.8,29243.1,0.0,0,5,4,0,0,0,"{""process_exit"": 6, ""process_exec"": 5}"
1776373467,normal,sw-wk3,0.15888888888888586,0.32921747773232923,111.0,100.86666666666666,3572.0,5966.8,0.0,0,0,0,0,0,0,{}
1776373477,normal,k3s-wk1,0.3567777777777742,0.5872578491256548,226.06666666666666,205.79999999999998,33803.0,14982.033333333333,0.0,0,33,3,0,28,0,"{""process_exit"": 33, ""process_exec"": 33, ""process_kprobe"": 28}"
1776373477,normal,sw-wk2,0.27722222222222026,0.27303541164927303,113630.51267444446,2130.5333333333333,8543.8,29243.1,0.0,0,2,2,0,0,0,"{""process_exit"": 2, ""process_exec"": 2}"
1776373477,normal,sw-wk3,0.15355555555556244,0.32809931572307804,113.2,98.0,4019.9333333333334,6697.933333333334,0.0,0,0,0,0,0,0,{}
1776373487,normal,k3s-wk1,0.2765555555555592,0.5909604532529296,223.86666666666667,208.66666666666666,12785.633333333333,2064.6333333333337,0.0,0,57,3,0,50,0,"{""process_exit"": 57, ""process_exec"": 57, ""process_kprobe"": 50}"
1776373487,normal,sw-wk2,0.27722222222222026,0.27303541164927303,136381.96666666667,2130.5333333333333,8543.8,29243.1,0.0,0,4,2,0,0,0,"{""process_exit"": 4, ""process_exec"": 4}"
1776373487,normal,sw-wk3,0.15355555555556244,0.32809931572307804,113.2,98.0,4019.9333333333334,6697.933333333333,0.0,0,0,0,0,0,0,{}
1776373497,normal,k3s-wk1,0.2765555555555592,0.5909604532529296,223.86666666666667,208.66666666666666,12785.633333333333,2064.633333333333,0.0,0,18,2,0,12,0,"{""process_exit"": 18, ""process_exec"": 18, ""process_kprobe"": 12}"
1776373497,normal,sw-wk2,0.11777777777778187,0.272023968806147,418.8,270.46666666666664,863.1,6084.2,0.0,0,3,2,0,0,0,"{""process_exit"": 3, ""process_exec"": 3}"
1776373497,normal,sw-wk3,0.15355555555556244,0.32809931572307804,113.2,98.0,4019.9333333333334,6697.933333333333,0.0,0,1,1,0,0,0,"{""process_exit"": 5, ""process_exec"": 1}"
1776373507,normal,k3s-wk1,0.2765555555555592,0.5909604532529296,223.86666666666667,208.66666666666666,12785.633333333333,2064.633333333333,0.0,0,36,3,0,30,0,"{""process_exit"": 37, ""process_exec"": 36, ""process_kprobe"": 30}"
1776373507,normal,sw-wk2,0.11777777777778187,0.272023968806147,418.8,270.46666666666664,863.1,6084.200000000001,0.0,0,5,3,0,0,0,"{""process_exit"": 3, ""process_exec"": 5}"
1776373507,normal,sw-wk3,0.15722222222221816,0.3277377448169527,116.06666666666666,100.86666666666666,2396.366666666667,5894.5,0.0,0,0,0,0,0,0,{}
1776373517,normal,k3s-wk1,0.29344444444444284,0.5888687076895638,213.73333333333332,208.66666666666666,35964.36666666667,9492.766666666666,0.0,0,36,3,0,30,0,"{""process_exit"": 36, ""process_exec"": 36, ""process_kprobe"": 30}"
1776373517,normal,sw-wk2,0.11777777777778187,0.272023968806147,418.8,270.46666666666664,863.1,6084.2,0.0,0,108,7,0,0,0,"{""process_exit"": 110, ""process_exec"": 108}"
1776373517,normal,sw-wk3,0.15722222222221816,0.3277377448169527,116.06666666666666,100.86666666666666,2396.366666666667,5894.5,0.0,0,0,0,0,0,0,{}
1776373527,normal,k3s-wk1,0.29344444444444284,0.5888687076895638,213.73333333333332,208.66666666666666,35964.36666666667,9492.766666666666,0.0,0,36,3,0,30,0,"{""process_exit"": 36, ""process_exec"": 36, ""process_kprobe"": 30}"
1776373527,normal,sw-wk2,0.20864987338397478,0.2738206735731489,291.74996667999466,191.6566706650673,5701.4527522324415,30045.2818872451,0.0,0,3,2,0,0,0,"{""process_exit"": 3, ""process_exec"": 3}"
1776373527,normal,sw-wk3,0.15722222222221816,0.3277377448169527,116.06666666666666,100.86666666666666,2396.366666666667,5894.5,0.0,0,0,0,0,0,0,{}
1776373537,normal,k3s-wk1,0.29344444444444284,0.5888687076895638,213.73333333333332,208.66666666666666,35964.36666666667,9492.766666666666,0.0,0,63,3,0,54,0,"{""process_exit"": 63, ""process_exec"": 63, ""process_kprobe"": 54}"
1776373537,normal,sw-wk2,0.20864987338397478,0.2738206735731489,291.7499666799947,191.6566706650673,5701.4527522324415,30045.2818872451,0.0,0,3,2,0,0,0,"{""process_exit"": 3, ""process_exec"": 3}"
1776373537,normal,sw-wk3,0.14516809990445534,0.3287523733068287,79.89467368842077,71.32857809479368,5170.621958536098,6883.841077261516,0.0,0,1,1,0,0,0,"{""process_exit"": 11, ""process_exec"": 1}"
1776373547,normal,k3s-wk1,0.280000000000003,0.5822096644740777,205.79999999999998,205.79999999999998,12864.2,4862.566666666667,0.0,0,39,3,0,32,0,"{""process_exit"": 39, ""process_exec"": 39, ""process_kprobe"": 32}"
1776373547,normal,sw-wk2,0.20864987338397478,0.2738206735731489,291.74996667999466,191.6566706650673,5701.45275223244,30045.2818872451,0.0,0,4,2,0,0,0,"{""process_exit"": 4, ""process_exec"": 4}"
1776373547,normal,sw-wk3,0.14516809990445534,0.3287523733068287,79.89467368842077,71.32857809479368,5170.621958536098,6883.841077261516,0.0,0,0,0,0,0,0,{}
1776373557,normal,k3s-wk1,0.280000000000003,0.5822096644740777,205.79999999999998,205.79999999999998,12864.2,4862.566666666667,0.0,0,33,3,0,28,0,"{""process_exit"": 33, ""process_exec"": 33, ""process_kprobe"": 28}"
1776373557,normal,sw-wk2,0.12476101551731555,0.27127215617314626,400.96038415366144,250.76697345604904,2231.625983726824,6125.116713352007,0.0,0,3,2,0,0,0,"{""process_exit"": 3, ""process_exec"": 3}"
1776373557,normal,sw-wk3,0.14516809990445534,0.3287523733068287,79.89467368842077,71.32857809479368,5170.621958536098,6883.841077261516,0.0,0,0,0,0,0,0,{}
1776373567,normal,k3s-wk1,0.280000000000003,0.5822096644740777,205.79999999999998,205.79999999999998,12864.2,4862.566666666667,0.0,0,36,3,0,30,0,"{""process_exit"": 36, ""process_exec"": 36, ""process_kprobe"": 30}"
1776373567,normal,sw-wk2,0.12476101551731555,0.27127215617314626,400.96038415366144,250.76697345604904,2231.625983726824,6125.116713352007,0.0,0,5,3,0,0,0,"{""process_exit"": 3, ""process_exec"": 5}"
1776373567,normal,sw-wk3,0.1479999999999968,0.32386559119232383,115.96666666666667,100.86666666666666,2954.7666666666664,5083.333333333333,0.0,0,0,0,0,0,0,{}
1776373577,normal,k3s-wk1,0.29699999999999516,0.5835518584702148,218.2,214.66666666666666,34741.4,6834.533333333333,0.0,0,18,2,0,12,0,"{""process_exit"": 18, ""process_exec"": 18, ""process_kprobe"": 12}"
1776373577,normal,sw-wk2,0.12476101551731555,0.27127215617314626,400.96038415366144,250.76697345604904,2231.625983726824,6125.116713352007,0.0,0,108,7,0,0,0,"{""process_exit"": 110, ""process_exec"": 108}"
1776373577,normal,sw-wk3,0.1479999999999968,0.32386559119232383,115.96666666666667,100.86666666666666,2954.7666666666664,5083.333333333334,0.0,0,1,1,0,0,0,"{""process_exit"": 17, ""process_exec"": 1}"
1776373587,normal,k3s-wk1,0.29699999999999516,0.5835518584702148,218.2,214.66666666666666,34741.4,6834.533333333333,0.0,0,42,3,0,34,0,"{""process_exit"": 42, ""process_exec"": 42, ""process_kprobe"": 34}"
1776373587,normal,sw-wk2,0.24811111111111528,0.2783952623061534,379.06666666666666,229.06666666666672,7564.033333333333,30003.399999999998,0.0,0,0,0,0,0,0,"{""process_exit"": 2}"
1776373587,normal,sw-wk3,0.1479999999999968,0.32386559119232383,115.96666666666667,100.86666666666666,2954.7666666666664,5083.333333333333,0.0,0,0,0,0,0,0,{}
1776373597,normal,k3s-wk1,0.29699999999999516,0.5835518584702148,218.2,214.66666666666666,34741.4,6834.533333333333,0.0,0,12,2,0,8,0,"{""process_exit"": 12, ""process_exec"": 12, ""process_kprobe"": 8}"
1776373597,normal,sw-wk2,0.24811111111111528,0.2783952623061534,379.06666666666666,229.06666666666672,7564.033333333333,30003.399999999998,0.0,0,0,0,0,0,0,{}
1776373597,normal,sw-wk3,0.1581660999622222,0.3263424315404514,105.94039602640177,100.87339155943731,3762.0841389425964,7416.06107073805,0.0,0,0,0,0,0,0,{}
1776373607,normal,k3s-wk1,0.2835555555555602,0.5852552821373056,221.0,205.79999999999998,14459.1,9203.466666666667,0.0,0,39,3,0,32,0,"{""process_exit"": 39, ""process_exec"": 39, ""process_kprobe"": 32}"
1776373607,normal,sw-wk3,0.1581660999622222,0.3263424315404514,105.94039602640177,100.87339155943731,3762.0841389425964,7416.06107073805,0.0,0,1,1,0,0,0,"{""process_exit"": 17, ""process_exec"": 1}"
1776373607,normal,sw-wk2,0.24811111111111528,0.2783952623061534,379.06666666666666,229.06666666666666,7564.033333333333,30003.399999999998,0.0,0,0,0,0,0,0,{}
1776373617,normal,k3s-wk1,0.28355555555556045,0.5852552821373056,221.0,205.79999999999998,14459.1,9203.466666666667,0.0,0,36,3,0,30,0,"{""process_exit"": 36, ""process_exec"": 36, ""process_kprobe"": 30}"
1776373617,normal,sw-wk3,0.1581660999622222,0.3263424315404514,105.94039602640177,100.87339155943731,3762.0841389425964,7416.06107073805,0.0,0,1,1,0,0,0,"{""process_exit"": 5, ""process_exec"": 1}"
1776373617,normal,sw-wk2,0.11877777777777843,0.2708787287995209,319.1333333333333,169.0,611.7666666666667,3570.1,0.0,0,0,0,0,0,0,{}
1776373627,normal,k3s-wk1,0.28355555555556045,0.5852552821373056,221.0,205.79999999999998,14459.1,9203.466666666667,0.0,0,33,3,0,28,0,"{""process_exit"": 33, ""process_exec"": 33, ""process_kprobe"": 28}"
1776373627,normal,sw-wk2,0.11877777777777843,0.2708787287995209,319.1333333333333,169.0,611.7666666666667,3570.1,0.0,0,106,7,0,0,0,"{""process_exec"": 106, ""process_exit"": 106}"
1776373627,normal,sw-wk3,0.15688888888888775,0.3282203702995782,113.16666666666667,98.0,2548.5333333333333,8153.2,0.0,0,0,0,0,0,0,{}
1776373637,normal,k3s-wk1,0.28866666666666685,0.58716979939336,223.86666666666667,208.66666666666666,32992.833333333336,9377.3,0.0,0,12,2,0,8,0,"{""process_exit"": 12, ""process_exec"": 12, ""process_kprobe"": 8}"
1776373637,normal,sw-wk2,0.11877777777777843,0.2708787287995209,319.1333333333333,169.0,611.7666666666667,3570.1,0.0,0,0,0,0,0,0,{}
1776373637,normal,sw-wk3,0.15688888888888775,0.3282203702995782,113.16666666666667,98.0,2548.5333333333333,8153.2,0.0,0,0,0,0,0,0,{}
1776373647,normal,k3s-wk1,0.28866666666666685,0.58716979939336,223.86666666666667,208.66666666666666,32992.833333333336,9377.3,0.0,0,57,3,0,50,0,"{""process_exit"": 57, ""process_exec"": 57, ""process_kprobe"": 50}"
1776373647,normal,sw-wk2,0.20944444444444343,0.26869656077576864,319.1333333333333,169.0,5369.3,27121.933333333334,0.0,0,0,0,0,0,0,{}
1776373647,normal,sw-wk3,0.15688888888888775,0.3282203702995782,113.16666666666667,98.0,2548.5333333333333,8153.2,0.0,0,0,0,0,0,0,{}
1776373657,normal,k3s-wk1,0.28866666666666685,0.58716979939336,223.86666666666667,208.66666666666666,32992.833333333336,9377.3,0.0,0,36,3,0,30,0,"{""process_exit"": 36, ""process_exec"": 36, ""process_kprobe"": 30}"
1776373657,normal,sw-wk2,0.20944444444444343,0.26869656077576864,319.1333333333333,169.0,5369.3,27121.933333333334,0.0,0,0,0,0,0,0,{}
1776373657,normal,sw-wk3,0.15011111111110342,0.3255205346789505,116.06666666666666,100.86666666666666,2695.7000000000007,5167.066666666667,0.0,0,0,0,0,0,0,{}
1776373667,normal,k3s-wk1,0.2760000000000016,0.5884442628261932,223.86666666666667,208.66666666666666,10018.833333333334,1897.7666666666667,0.0,0,21,2,0,14,0,"{""process_exit"": 21, ""process_exec"": 21, ""process_kprobe"": 14}"
1776373667,normal,sw-wk3,0.15011111111110342,0.3255205346789505,116.06666666666666,100.86666666666666,2695.7,5167.066666666667,0.0,0,1,1,0,0,0,"{""process_exit"": 9, ""process_exec"": 1}"
1776373667,normal,sw-wk2,0.20944444444444343,0.26869656077576864,319.1333333333333,169.0,5369.3,27121.933333333334,0.0,0,0,0,0,0,0,{}
1776373677,normal,k3s-wk1,0.2760000000000016,0.5884442628261932,223.86666666666667,208.66666666666666,10018.833333333334,1897.7666666666667,0.0,0,15,2,0,10,0,"{""process_exit"": 15, ""process_exec"": 15, ""process_kprobe"": 10}"
1776373677,normal,sw-wk3,0.15011111111110342,0.3255205346789505,116.06666666666666,100.86666666666666,2695.7,5167.066666666667,0.0,0,8,3,0,0,0,"{""process_exec"": 8, ""process_exit"": 4}"
1776373677,normal,sw-wk2,0.1437237517498815,0.2688494718197688,213.45243650423305,113.3257782814479,1559.362709152723,3709.9193387107525,0.0,0,0,0,0,0,0,{}
1776373687,normal,k3s-wk1,0.2760000000000016,0.5884442628261932,223.86666666666667,208.66666666666666,10018.833333333334,1897.7666666666667,0.0,0,36,3,0,30,0,"{""process_exit"": 36, ""process_exec"": 36, ""process_kprobe"": 30}"
1776373687,normal,sw-wk3,0.2518888888888947,0.3307290671152058,118.26666666666667,98.0,12092.5,9138.066666666666,0.0,0,9,3,0,0,0,"{""process_exit"": 27, ""process_exec"": 9}"
1776373687,normal,sw-wk2,0.1437237517498815,0.2688494718197688,213.45243650423305,113.3257782814479,1559.362709152723,3709.9193387107525,0.0,0,106,7,0,0,0,"{""process_exec"": 106, ""process_exit"": 106}"
1776373697,normal,k3s-wk1,0.33064480291516174,0.5839796898617506,213.7048393547527,208.6388481535795,40304.22610318624,23265.497933608855,0.0,0,12,2,0,8,0,"{""process_exit"": 12, ""process_exec"": 12, ""process_kprobe"": 8}"
1776373697,normal,sw-wk3,0.2518888888888947,0.3307290671152058,118.26666666666667,98.0,12092.5,9138.066666666666,0.0,0,0,0,0,0,0,"{""process_exit"": 4}"
1776373697,normal,sw-wk2,0.1437237517498815,0.2688494718197688,213.45243650423305,113.3257782814479,1559.362709152723,3709.9193387107525,0.0,0,0,0,0,0,0,{}
1776373707,normal,k3s-wk1,0.33064480291516174,0.5839796898617506,213.7048393547527,208.63884815357952,40304.22610318624,23265.497933608855,0.0,0,12,2,0,8,0,"{""process_exit"": 12, ""process_exec"": 12, ""process_kprobe"": 8}"
1776373707,normal,sw-wk3,0.2518888888888947,0.3307290671152058,118.26666666666667,98.0,12092.5,9138.066666666666,0.0,0,4,3,0,0,0,"{""process_exec"": 4, ""process_exit"": 2}"
1776373707,normal,sw-wk2,0.20428028535235532,0.27381589510302384,319.15461030735383,169.01126741782787,6524.868324554971,27712.147476498434,0.0,0,0,0,0,0,0,{}
1776373717,normal,k3s-wk1,0.33064480291516174,0.5839796898617506,213.7048393547527,208.63884815357952,40304.22610318624,23265.497933608855,0.0,0,15,2,0,10,0,"{""process_exit"": 15, ""process_exec"": 15, ""process_kprobe"": 10}"
1776373717,normal,sw-wk3,0.18055555555555047,0.3348990787109599,78.33333333333333,68.2,11076.433333333332,12011.233333333334,0.0,0,4,3,0,0,0,"{""process_exec"": 4, ""process_exit"": 6}"
1776373717,normal,sw-wk2,0.20428028535235532,0.27381589510302384,319.15461030735383,169.01126741782787,6524.868324554971,27712.147476498434,0.0,0,0,0,0,0,0,{}
1776373727,normal,k3s-wk1,0.2652353647153016,0.5843443060608695,208.6944925990132,208.6944925990132,11636.718229097212,11019.535938125084,0.0,0,12,2,0,8,0,"{""process_exit"": 12, ""process_exec"": 12, ""process_kprobe"": 8}"
1776373727,normal,sw-wk3,0.18055555555555047,0.3348990787109599,78.33333333333333,68.2,11076.433333333332,12011.233333333334,0.0,0,0,0,0,0,0,"{""process_exit"": 13}"
1776373727,normal,sw-wk2,0.20428028535235532,0.27381589510302384,319.15461030735383,169.01126741782787,6524.868324554971,27712.147476498434,0.0,0,0,0,0,0,0,{}
1776373738,normal,k3s-wk1,0.2652353647153016,0.5843443060608695,208.6944925990132,208.6944925990132,11636.718229097212,11019.535938125084,0.0,0,33,3,0,28,0,"{""process_exit"": 33, ""process_exec"": 33, ""process_kprobe"": 28}"
1776373738,normal,sw-wk3,0.18055555555555047,0.3348990787109599,78.33333333333333,68.2,11076.433333333332,12011.233333333334,0.0,0,1,1,0,0,0,"{""process_exit"": 2, ""process_exec"": 1}"
1776373738,normal,sw-wk2,0.135000000000001,0.26994214865502,319.1333333333333,169.0,2906.2666666666673,3832.0666666666666,0.0,0,0,0,0,0,0,{}
1776373747,normal,k3s-wk1,0.2652353647153016,0.5843443060608695,208.6944925990132,208.6944925990132,11636.718229097212,11019.535938125084,0.0,0,81,3,0,72,0,"{""process_exit"": 81, ""process_exec"": 81, ""process_kprobe"": 72}"
1776373747,normal,sw-wk3,0.1954444444444512,0.33130566917695625,113.16666666666667,98.0,7577.233333333334,9493.533333333333,0.0,0,8,3,0,0,0,"{""process_exec"": 8, ""process_exit"": 4}"
1776373747,normal,sw-wk2,0.135000000000001,0.26994214865502,319.1333333333333,169.0,2906.2666666666664,3832.0666666666666,0.0,0,106,7,0,0,0,"{""process_exec"": 106, ""process_exit"": 104}"
1776373757,normal,sw-wk3,0.1954444444444512,0.33130566917695625,113.16666666666667,98.0,7577.233333333334,9493.533333333333,0.0,0,1,1,0,0,0,"{""process_exit"": 17, ""process_exec"": 1}"
1776373757,normal,sw-wk2,0.135000000000001,0.26994214865502,319.1333333333333,169.0,2906.2666666666664,3832.0666666666666,0.0,0,0,0,0,0,0,"{""process_exit"": 2}"
1776373757,normal,k3s-wk1,0.3187777777777733,0.5851040172125939,213.73333333333332,208.66666666666666,39580.76666666668,16969.500000000004,0.0,0,78,3,0,70,0,"{""process_exit"": 78, ""process_exec"": 78, ""process_kprobe"": 70}"
1776373767,normal,k3s-wk1,0.3187777777777733,0.5851040172125939,213.73333333333332,208.66666666666666,39580.76666666666,16969.5,0.0,0,39,3,0,32,0,"{""process_exit"": 39, ""process_exec"": 39, ""process_kprobe"": 32}"
1776373767,normal,sw-wk2,0.21071928538098017,0.2724349172368974,319.11205919605356,168.98873408439437,6301.313245783615,27746.88354109726,0.0,0,0,0,0,0,0,{}
1776373767,normal,sw-wk3,0.1954444444444512,0.33130566917695625,113.16666666666667,98.0,7577.233333333334,9493.533333333333,0.0,0,0,0,0,0,0,{}
1776373777,normal,k3s-wk1,0.3187777777777733,0.5851040172125939,213.73333333333332,208.66666666666666,39580.76666666666,16969.5,0.0,0,15,2,0,10,0,"{""process_exit"": 15, ""process_exec"": 15, ""process_kprobe"": 10}"
1776373777,normal,sw-wk2,0.21071928538098017,0.2724349172368974,319.11205919605356,168.98873408439437,6301.313245783615,27746.88354109726,0.0,0,0,0,0,0,0,{}
1776373777,normal,sw-wk3,0.16499999999999904,0.3338398511665839,111.0,100.86666666666669,7184.866666666668,8299.1,0.0,0,0,0,0,0,0,{}
1776373788,normal,k3s-wk1,0.3262222222222185,0.5909694839947035,218.80000000000004,208.66666666666666,9323.133333333333,4064.0,0.0,0,39,3,0,32,0,"{""process_exit"": 39, ""process_exec"": 39, ""process_kprobe"": 32}"
1776373788,normal,sw-wk3,0.16499999999999904,0.3338398511665839,111.0,100.86666666666666,7184.866666666667,8299.1,0.0,0,1,1,0,0,0,"{""process_exit"": 13, ""process_exec"": 1}"
1776373788,normal,sw-wk2,0.21071928538098017,0.2724349172368974,319.11205919605356,168.98873408439437,6301.313245783615,27746.88354109726,0.0,0,0,0,0,0,0,{}
1776373798,normal,k3s-wk1,0.3262222222222184,0.5909694839947035,218.79999999999998,208.66666666666666,9323.133333333333,4064.0,0.0,0,36,3,0,30,0,"{""process_exit"": 36, ""process_exec"": 36, ""process_kprobe"": 30}"
1776373798,normal,sw-wk2,0.11760784052269802,0.27191724964002195,319.15461030735383,169.01126741782787,735.6823788252551,3637.9091939462633,0.0,0,0,0,0,0,0,{}
1776373798,normal,sw-wk3,0.16499999999999904,0.3338398511665839,111.0,100.86666666666666,7184.866666666667,8299.1,0.0,0,0,0,0,0,0,{}
1776373807,normal,k3s-wk1,0.3262222222222185,0.5909694839947035,218.79999999999998,208.66666666666666,9323.133333333333,4064.0,0.0,0,75,3,0,68,0,"{""process_exit"": 76, ""process_exec"": 75, ""process_kprobe"": 68}"
1776373807,normal,sw-wk2,0.11760784052269802,0.27191724964002195,319.15461030735383,169.01126741782787,735.6823788252551,3637.9091939462633,0.0,0,2,2,0,0,0,"{""process_exec"": 2}"
1776373807,normal,sw-wk3,0.20633333333333015,0.32899766810657904,113.20000000000002,98.0,10306.2,7840.666666666667,0.0,0,0,0,0,0,0,{}
1776373818,normal,k3s-wk1,0.31406859314068836,0.5859946741200388,223.8442822384428,208.64580208645802,35437.256274372565,16352.264773522647,0.0,0,21,2,0,14,0,"{""process_exit"": 21, ""process_exec"": 21, ""process_kprobe"": 14}"
1776373818,normal,sw-wk2,0.11760784052269802,0.27191724964002195,319.15461030735383,169.01126741782787,735.6823788252551,3637.9091939462633,0.0,0,104,5,0,0,0,"{""process_exit"": 106, ""process_exec"": 104}"
1776373818,normal,sw-wk3,0.20633333333333015,0.32899766810657904,113.2,98.0,10306.2,7840.666666666667,0.0,0,1,1,0,0,0,"{""process_exit"": 3, ""process_exec"": 1}"
1776373828,normal,k3s-wk1,0.31406859314068847,0.5859946741200388,223.84428223844282,208.64580208645802,35437.256274372565,16352.264773522647,0.0,0,33,3,0,28,0,"{""process_exit"": 33, ""process_exec"": 33, ""process_kprobe"": 28}"
1776373828,normal,sw-wk2,0.22299999999999676,0.27432082011289927,213.46666666666667,113.33333333333336,6879.933333333333,27833.63333333333,0.0,0,0,0,0,0,0,{}
1776373828,normal,sw-wk3,0.20633333333333015,0.32899766810657904,113.2,98.0,10306.2,7840.666666666667,0.0,0,0,0,0,0,0,{}
1776373838,normal,k3s-wk1,0.31406859314068836,0.5859946741200388,223.84428223844282,208.64580208645802,35437.256274372565,16352.264773522647,0.0,0,48,3,0,43,0,"{""process_exit"": 49, ""process_exec"": 48, ""process_kprobe"": 43}"
1776373838,normal,sw-wk2,0.22299999999999676,0.27432082011289927,213.46666666666667,113.33333333333333,6879.933333333333,27833.63333333333,0.0,0,0,0,0,0,0,{}
1776373838,normal,sw-wk3,0.15988888888889252,0.3294866648827045,110.39999999999999,106.86666666666666,5112.6,5809.666666666667,0.0,0,0,0,0,0,0,{}
1776373848,normal,k3s-wk1,0.29270704848262497,0.5905179469060114,445.6779011234457,301.1301130113011,9450.11167783445,7104.677134380105,0.0,0,18,2,0,13,0,"{""process_exec"": 18, ""process_kprobe"": 13, ""process_exit"": 17}"
1776373848,normal,sw-wk2,0.22299999999999676,0.27432082011289927,213.46666666666667,113.33333333333333,6879.933333333333,27833.63333333333,0.0,0,0,0,0,0,0,{}
1776373848,normal,sw-wk3,0.15988888888889252,0.3294866648827045,110.39999999999999,106.86666666666666,5112.6,5809.666666666667,0.0,0,0,0,0,0,0,{}
1776373858,normal,k3s-wk1,0.2927070484826251,0.5905179469060114,445.6779011234457,301.1301130113011,9450.11167783445,7104.677134380105,0.0,0,36,3,0,30,0,"{""process_exit"": 36, ""process_exec"": 36, ""process_kprobe"": 30}"
1776373858,normal,sw-wk3,0.15988888888889252,0.3294866648827045,110.39999999999999,106.86666666666666,5112.6,5809.666666666667,0.0,0,1,1,0,0,0,"{""process_exit"": 5, ""process_exec"": 1}"
1776373858,normal,sw-wk2,0.11183698864520086,0.27515705238477517,319.11205919605356,168.98873408439437,1213.3524431704552,3539.96400239984,0.0,0,0,0,0,0,0,{}
1776373868,normal,k3s-wk1,0.2927070484826251,0.5905179469060114,445.6779011234457,301.1301130113011,9450.11167783445,7104.677134380105,0.0,0,33,3,0,28,0,"{""process_exit"": 33, ""process_exec"": 33, ""process_kprobe"": 28}"
1776373868,normal,sw-wk2,0.11183698864520086,0.27515705238477517,319.11205919605356,168.98873408439437,1213.3524431704552,3539.96400239984,0.0,0,106,7,0,0,0,"{""process_exec"": 106, ""process_exit"": 106}"
1776373868,normal,sw-wk3,0.14922222222222048,0.32740803037832744,105.93333333333334,100.86666666666666,2460.9333333333334,5778.266666666666,0.0,0,0,0,0,0,0,{}
1776373878,normal,k3s-wk1,0.29355555555555635,0.5899998080967372,235.96666666666667,210.66666666666666,33396.666666666664,9235.666666666666,0.0,0,36,3,0,30,0,"{""process_exit"": 36, ""process_exec"": 36, ""process_kprobe"": 30}"
1776373878,normal,sw-wk3,0.14922222222222048,0.32740803037832744,105.93333333333334,100.86666666666666,2460.9333333333334,5778.266666666666,0.0,0,1,1,0,0,0,"{""process_exit"": 3, ""process_exec"": 1}"
1776373878,normal,sw-wk2,0.11183698864520086,0.27515705238477517,319.11205919605356,168.98873408439437,1213.3524431704552,3539.96400239984,0.0,0,0,0,0,0,0,{}
1776373888,normal,k3s-wk1,0.29355555555555635,0.5899998080967372,235.96666666666667,210.66666666666666,33396.666666666664,9235.666666666666,0.0,0,18,2,0,12,0,"{""process_exit"": 18, ""process_exec"": 18, ""process_kprobe"": 12}"
1776373888,normal,sw-wk2,0.19372402604618644,0.27417109471564916,321.48809920661375,173.0115341022735,5272.61817454497,27092.97286485766,0.0,0,0,0,0,0,0,{}
1776373888,normal,sw-wk3,0.14922222222222048,0.32740803037832744,105.93333333333334,100.86666666666666,2460.9333333333334,5778.266666666666,0.0,0,0,0,0,0,0,{}
1776373898,normal,k3s-wk1,0.29355555555555635,0.5899998080967372,235.96666666666667,210.66666666666666,33396.666666666664,9235.666666666666,0.0,0,33,3,0,28,0,"{""process_exit"": 33, ""process_exec"": 33, ""process_kprobe"": 28}"
1776373898,normal,sw-wk3,0.14253019142529866,0.3264698574104514,75.45912075459121,65.32680065326801,2745.3254674532545,6386.961303869612,0.0,0,1,1,0,0,0,"{""process_exit"": 5, ""process_exec"": 1}"
1776373898,normal,sw-wk2,0.19372402604618644,0.27417109471564916,321.4880992066138,173.0115341022735,5272.61817454497,27092.97286485766,0.0,0,0,0,0,0,0,{}
1776373908,normal,k3s-wk1,0.2631111111111144,0.5881620521457607,228.0,212.66666666666666,9493.5,1945.8999999999999,0.0,0,78,3,0,70,0,"{""process_exit"": 78, ""process_exec"": 78, ""process_kprobe"": 70}"
1776373908,normal,sw-wk2,0.19372402604618644,0.27417109471564916,321.4880992066138,173.0115341022735,5272.61817454497,27092.97286485766,0.0,0,0,0,0,0,0,{}
1776373908,normal,sw-wk3,0.14253019142529866,0.3264698574104514,75.45912075459121,65.32680065326801,2745.3254674532545,6386.961303869613,0.0,0,0,0,0,0,0,{}
1776373918,normal,k3s-wk1,0.2631111111111144,0.5881620521457607,228.0,212.66666666666666,9493.5,1945.8999999999999,0.0,0,39,3,0,32,0,"{""process_exit"": 39, ""process_exec"": 39, ""process_kprobe"": 32}"
1776373918,normal,sw-wk2,0.11233272252762172,0.2728809077818979,318.9738464101283,168.91554222888558,761.8190904547727,3657.537897717808,0.0,0,0,0,0,0,0,{}
1776373918,normal,sw-wk3,0.14253019142529866,0.3264698574104514,75.45912075459121,65.32680065326801,2745.3254674532545,6386.961303869613,0.0,0,0,0,0,0,0,{}
1776373928,normal,k3s-wk1,0.2631111111111144,0.5881620521457607,228.0,212.66666666666666,9493.5,1945.8999999999999,0.0,0,33,3,0,28,0,"{""process_exit"": 33, ""process_exec"": 33, ""process_kprobe"": 28}"
1776373928,normal,sw-wk2,0.11233272252762172,0.2728809077818979,318.9738464101283,168.91554222888558,761.8190904547727,3657.537897717808,0.0,0,2,2,0,0,0,"{""process_exec"": 2}"
1776373928,normal,sw-wk3,0.2117777777777773,0.3302289205754553,116.06666666666666,100.86666666666666,5645.3,5434.833333333333,0.0,0,1,1,0,0,0,"{""process_exec"": 1}"
1776373938,normal,k3s-wk1,0.31822222222222074,0.5870535285930217,229.86666666666667,215.26666666666665,34159.8,13440.566666666666,0.0,0,33,3,0,28,0,"{""process_exit"": 33, ""process_exec"": 33, ""process_kprobe"": 28}"
1776373938,normal,sw-wk2,0.11233272252762172,0.2728809077818979,318.9738464101283,168.91554222888558,761.8190904547727,3657.537897717808,0.0,0,104,5,0,0,0,"{""process_exit"": 106, ""process_exec"": 104}"
1776373938,normal,sw-wk3,0.2117777777777773,0.3302289205754553,116.06666666666666,100.86666666666666,5645.3,5434.833333333333,0.0,0,1,1,0,0,0,"{""process_exit"": 5, ""process_exec"": 1}"
1776373948,normal,k3s-wk1,0.31822222222222074,0.5870535285930217,229.86666666666667,215.26666666666665,34159.8,13440.566666666666,0.0,0,75,3,0,68,0,"{""process_exit"": 75, ""process_exec"": 75, ""process_kprobe"": 68}"
1776373948,normal,sw-wk2,0.2046023011505782,0.27149833709239646,317.1585792896449,167.08354177088546,5984.458896114725,27738.269134567283,0.0,0,0,0,0,0,0,{}
1776373948,normal,sw-wk3,0.2117777777777773,0.3302289205754553,116.06666666666666,100.86666666666666,5645.3,5434.833333333333,0.0,0,0,0,0,0,0,{}
1776373958,normal,k3s-wk1,0.31822222222222074,0.5870535285930217,229.86666666666667,215.26666666666665,34159.8,13440.566666666666,0.0,0,39,3,0,32,0,"{""process_exit"": 39, ""process_exec"": 39, ""process_kprobe"": 32}"
1776373958,normal,sw-wk3,0.1680279139025077,0.3452349095913453,116.07827449411607,100.8767543421009,2937.5604227089375,8289.89565623229,0.0,0,1,1,0,0,0,"{""process_exit"": 15, ""process_exec"": 1}"
1776373958,normal,sw-wk2,0.2046023011505782,0.27149833709239646,317.1585792896449,167.08354177088546,5984.458896114725,27738.269134567287,0.0,0,0,0,0,0,0,{}
1776373968,normal,k3s-wk1,0.2727777777777748,0.5850058078958034,221.0,205.79999999999998,10965.16666666667,1751.7666666666667,0.0,0,60,3,0,52,0,"{""process_exit"": 60, ""process_exec"": 60, ""process_kprobe"": 52}"
1776373968,normal,sw-wk2,0.2046023011505782,0.27149833709239646,317.1585792896449,167.08354177088546,5984.458896114725,27738.269134567287,0.0,0,0,0,0,0,0,{}
1776373968,normal,sw-wk3,0.1680279139025077,0.3452349095913453,116.0782744941161,100.87675434210087,2937.5604227089375,8289.89565623229,0.0,0,0,0,0,0,0,{}
1776373978,normal,k3s-wk1,0.2727777777777748,0.5850058078958034,221.0,205.79999999999998,10965.166666666666,1751.7666666666667,0.0,0,18,2,0,12,0,"{""process_exit"": 18, ""process_exec"": 18, ""process_kprobe"": 12}"
1776373978,normal,sw-wk2,0.11211111111111272,0.27160983472864664,322.1333333333333,172.0,603.5,3561.5,0.0,0,0,0,0,0,0,{}
1776373978,normal,sw-wk3,0.1680279139025077,0.3452349095913453,116.07827449411607,100.87675434210087,2937.5604227089375,8289.89565623229,0.0,0,0,0,0,0,0,{}
1776373988,normal,k3s-wk1,0.2727777777777748,0.5850058078958034,221.0,205.79999999999998,10965.166666666666,1751.7666666666667,0.0,0,12,2,0,8,0,"{""process_exit"": 12, ""process_exec"": 12, ""process_kprobe"": 8}"
1776373988,normal,sw-wk2,0.11211111111111272,0.27160983472864664,322.1333333333333,172.0,603.5,3561.5,0.0,0,2,2,0,0,0,"{""process_exec"": 2}"
1776373988,normal,sw-wk3,0.1595555555555519,0.35832473208710836,98.0,98.0,2162.5333333333333,5327.933333333333,0.0,0,1,1,0,0,0,"{""process_exit"": 23, ""process_exec"": 1}"
1776373998,normal,k3s-wk1,0.2776666666666744,0.5814285053106406,223.86666666666667,208.66666666666666,36278.53333333333,9550.166666666666,0.0,0,35,3,0,30,0,"{""process_exit"": 36, ""process_exec"": 35, ""process_kprobe"": 30}"
1776373998,normal,sw-wk2,0.11211111111111272,0.27160983472864664,322.1333333333333,172.0,603.5,3561.5,0.0,0,104,5,0,0,0,"{""process_exit"": 106, ""process_exec"": 104}"
1776373998,normal,sw-wk3,0.1595555555555519,0.35832473208710836,98.0,98.0,2162.5333333333333,5327.933333333333,0.0,0,0,0,0,0,0,{}
1776374008,normal,k3s-wk1,0.2776666666666744,0.5814285053106406,223.86666666666667,208.66666666666666,36278.53333333333,9550.166666666666,0.0,0,58,3,0,50,0,"{""process_exec"": 58, ""process_exit"": 57, ""process_kprobe"": 50}"
1776374008,normal,sw-wk2,0.18355555555555536,0.2781356320960281,269.6333333333333,144.73333333333332,5478.266666666666,27708.766666666666,0.0,0,0,0,0,0,0,{}
1776374008,normal,sw-wk3,0.1595555555555519,0.35832473208710836,98.0,98.0,2162.5333333333333,5327.933333333333,0.0,0,0,0,0,0,0,{}
1776374018,normal,k3s-wk1,0.2776666666666744,0.5814285053106406,223.86666666666667,208.66666666666666,36278.53333333333,9550.166666666666,0.0,0,21,2,0,14,0,"{""process_exit"": 21, ""process_exec"": 21, ""process_kprobe"": 14}"
1776374018,normal,sw-wk2,0.18355555555555536,0.2781356320960281,269.6333333333333,144.73333333333332,5478.266666666666,27708.766666666666,0.0,0,0,0,0,0,0,{}
1776374018,normal,sw-wk3,0.1647777777777818,0.3663302623698663,100.86666666666666,100.86666666666666,3029.4666666666667,8649.966666666667,0.0,0,0,0,0,0,0,{}
1776374028,normal,k3s-wk1,0.2845636838304667,0.5841185375165234,220.96317280453252,205.76570571571406,9351.608065322447,3922.779536743876,0.0,0,54,3,0,48,0,"{""process_exit"": 54, ""process_exec"": 54, ""process_kprobe"": 48}"
1776374028,normal,sw-wk3,0.16477777777778202,0.3663302623698663,100.86666666666666,100.86666666666666,3029.4666666666667,8649.966666666667,0.0,0,0,0,0,0,0,"{""process_exit"": 6}"
1776374028,normal,sw-wk2,0.18355555555555536,0.2781356320960281,269.6333333333333,144.73333333333332,5478.266666666666,27708.766666666666,0.0,0,0,0,0,0,0,{}
1776374038,normal,k3s-wk1,0.2845636838304668,0.5841185375165234,220.96317280453258,205.76570571571406,9351.608065322447,3922.779536743876,0.0,0,36,3,0,30,0,"{""process_exit"": 36, ""process_exec"": 36, ""process_kprobe"": 30}"
1776374038,normal,sw-wk3,0.16477777777778202,0.3663302623698663,100.86666666666666,100.86666666666666,3029.4666666666667,8649.966666666667,0.0,0,1,1,0,0,0,"{""process_exit"": 1, ""process_exec"": 1}"
1776374038,normal,sw-wk2,0.10588888888888615,0.27890496578615387,260.8333333333333,135.6,2163.366666666667,3925.6,0.0,0,0,0,0,0,0,{}
1776374048,normal,k3s-wk1,0.2845636838304667,0.5841185375165234,220.96317280453258,205.76570571571406,9351.608065322447,3922.779536743876,0.0,0,33,3,0,28,0,"{""process_exit"": 33, ""process_exec"": 33, ""process_kprobe"": 28}"
1776374048,normal,sw-wk2,0.10588888888888615,0.27890496578615387,260.8333333333333,135.6,2163.366666666667,3925.6,0.0,0,2,2,0,0,0,"{""process_exec"": 2}"
1776374048,normal,sw-wk3,0.15422222222222848,0.38179498451775684,110.39999999999999,106.86666666666666,3141.866666666667,6620.466666666666,0.0,0,0,0,0,0,0,{}
1776374058,normal,k3s-wk1,0.31566372173139545,0.58803110639004,223.90398399733292,208.70145024170694,35749.62493748958,12410.368394732453,0.0,0,12,2,0,8,0,"{""process_exit"": 12, ""process_exec"": 12, ""process_kprobe"": 8}"
1776374058,normal,sw-wk3,0.15422222222222848,0.38179498451775684,110.39999999999999,106.86666666666666,3141.866666666667,6620.466666666666,0.0,0,1,1,0,0,0,"{""process_exit"": 8, ""process_exec"": 1}"
1776374058,normal,sw-wk2,0.10588888888888615,0.27890496578615387,260.8333333333333,135.6,2163.366666666667,3925.6,0.0,0,104,5,0,0,0,"{""process_exit"": 106, ""process_exec"": 104}"
1776374068,normal,k3s-wk1,0.31566372173139545,0.58803110639004,223.90398399733292,208.70145024170694,35749.62493748958,12410.368394732457,0.0,0,33,3,0,28,0,"{""process_exit"": 33, ""process_exec"": 33, ""process_kprobe"": 28}"
1776374068,normal,sw-wk2,0.19466293383104205,0.27114313747977115,319.09078789494737,168.97746967071058,6145.213971470471,27762.831622450336,0.0,0,0,0,0,0,0,{}
1776374068,normal,sw-wk3,0.15422222222222848,0.38179498451775684,110.39999999999999,106.86666666666666,3141.866666666667,6620.466666666666,0.0,0,0,0,0,0,0,{}
1776374078,normal,k3s-wk1,0.31566372173139545,0.58803110639004,223.90398399733286,208.70145024170694,35749.62493748958,12410.368394732453,0.0,0,30,3,0,26,0,"{""process_exit"": 30, ""process_exec"": 30, ""process_kprobe"": 26}"
1776374078,normal,sw-wk2,0.19466293383104205,0.27114313747977115,319.09078789494737,168.97746967071058,6145.213971470471,27762.83162245034,0.0,0,0,0,0,0,0,{}
1776374078,normal,sw-wk3,0.19677777777776806,0.3296459472202047,78.33333333333333,68.2,7170.033333333333,6619.8,0.0,0,0,0,0,0,0,{}
1776374088,normal,k3s-wk1,0.28399999999999936,0.58927734875483,223.86666666666667,208.66666666666666,8713.333333333336,4053.0,0.0,0,36,3,0,30,0,"{""process_exit"": 36, ""process_exec"": 36, ""process_kprobe"": 30}"
1776374088,normal,sw-wk2,0.19466293383104205,0.27114313747977115,319.09078789494737,168.97746967071058,6145.213971470471,27762.83162245034,0.0,0,0,0,0,0,0,{}
1776374088,normal,sw-wk3,0.19677777777776806,0.3296459472202047,78.33333333333333,68.2,7170.033333333333,6619.8,0.0,0,0,0,0,0,0,{}
1776374098,normal,k3s-wk1,0.28399999999999936,0.58927734875483,223.86666666666667,208.66666666666666,8713.333333333334,4053.0,0.0,0,54,3,0,48,0,"{""process_exit"": 54, ""process_exec"": 54, ""process_kprobe"": 48}"
1776374098,normal,sw-wk3,0.19677777777776806,0.3296459472202047,78.33333333333333,68.2,7170.033333333333,6619.8,0.0,0,1,1,0,0,0,"{""process_exit"": 3, ""process_exec"": 1}"
1776374098,normal,sw-wk2,0.11832688802951852,0.2687889445315188,317.04227230297374,167.02226963595146,599.9133217762368,3559.407921056141,0.0,0,0,0,0,0,0,{}
1776374108,normal,k3s-wk1,0.28399999999999936,0.58927734875483,223.86666666666667,208.66666666666666,8713.333333333334,4053.0,0.0,0,39,3,0,32,0,"{""process_exit"": 40, ""process_exec"": 39, ""process_kprobe"": 32}"
1776374108,normal,sw-wk2,0.11832688802951852,0.2687889445315188,317.04227230297374,167.02226963595146,599.9133217762368,3559.407921056141,0.0,0,2,2,0,0,0,"{""process_exec"": 2}"
1776374108,normal,sw-wk3,0.1676666666666633,0.3242399046854493,116.06666666666666,100.86666666666666,2165.7666666666664,5541.633333333333,0.0,0,0,0,0,0,0,{}
1776374118,normal,k3s-wk1,0.28366666666667395,0.5918815889138613,221.0,205.79999999999998,11226.666666666666,4607.533333333333,0.0,0,39,3,0,32,0,"{""process_exit"": 39, ""process_exec"": 39, ""process_kprobe"": 32}"
1776374118,normal,sw-wk3,0.1676666666666633,0.3242399046854493,116.06666666666666,100.86666666666666,2165.7666666666664,5541.633333333333,0.0,0,1,1,0,0,0,"{""process_exit"": 11, ""process_exec"": 1}"
1776374118,normal,sw-wk2,0.11832688802951852,0.2687889445315188,317.04227230297374,167.02226963595146,599.9133217762368,3559.407921056141,0.0,0,104,5,0,0,0,"{""process_exit"": 106, ""process_exec"": 104}"
1776374128,normal,k3s-wk1,0.28366666666667384,0.5918815889138613,221.0,205.79999999999998,11226.666666666666,4607.533333333333,0.0,0,30,3,0,26,0,"{""process_exit"": 30, ""process_exec"": 30, ""process_kprobe"": 26}"
1776374128,normal,sw-wk2,0.1992222222222203,0.27660333600927656,139.66666666666666,92.53333333333333,5404.7,27764.066666666666,0.0,0,0,0,0,0,0,{}
1776374128,normal,sw-wk3,0.1676666666666633,0.3242399046854493,116.06666666666666,100.86666666666666,2165.7666666666664,5541.633333333333,0.0,0,0,0,0,0,0,{}
1776374138,normal,k3s-wk1,0.28366666666667395,0.5918815889138613,221.0,205.79999999999998,11226.666666666666,4607.533333333333,0.0,0,36,3,0,30,0,"{""process_exit"": 36, ""process_exec"": 36, ""process_kprobe"": 30}"
1776374138,normal,sw-wk2,0.1992222222222204,0.27660333600927656,139.66666666666666,92.53333333333333,5404.7,27764.066666666666,0.0,0,0,0,0,0,0,{}
1776374138,normal,sw-wk3,0.15222222222222026,0.3298561999057048,103.39999999999999,100.86666666666666,2998.7666666666664,6653.433333333333,0.0,0,0,0,0,0,0,{}
1776374148,normal,k3s-wk1,0.28093682643379536,0.5922191128876587,223.8184121058596,208.65275648290114,32516.665555629625,9405.106326244917,0.0,0,15,2,0,10,0,"{""process_exit"": 15, ""process_exec"": 15, ""process_kprobe"": 10}"
1776374148,normal,sw-wk2,0.1992222222222204,0.27660333600927656,139.66666666666666,92.53333333333333,5404.7,27764.066666666666,0.0,0,0,0,0,0,0,{}
1776374148,normal,sw-wk3,0.15222222222222026,0.3298561999057048,103.39999999999999,100.86666666666666,2998.7666666666664,6653.433333333333,0.0,0,0,0,0,0,0,{}
1776374158,normal,k3s-wk1,0.2809368264337956,0.5922191128876587,223.8184121058596,208.65275648290114,32516.665555629625,9405.106326244917,0.0,0,36,3,0,30,0,"{""process_exit"": 36, ""process_exec"": 36, ""process_kprobe"": 30}"
1776374158,normal,sw-wk3,0.15222222222222026,0.3298561999057048,103.39999999999999,100.86666666666666,2998.7666666666664,6653.433333333333,0.0,0,1,1,0,0,0,"{""process_exit"": 33, ""process_exec"": 1}"
1776374158,normal,sw-wk2,0.115222222222221,0.27389235062502393,116.03333333333333,100.86666666666666,1215.0333333333333,3532.866666666667,0.0,0,0,0,0,0,0,{}
1776374168,normal,k3s-wk1,0.2809368264337956,0.5922191128876587,223.8184121058596,208.65275648290114,32516.665555629625,9405.106326244917,0.0,0,33,3,0,28,0,"{""process_exit"": 33, ""process_exec"": 33, ""process_kprobe"": 28}"
1776374168,normal,sw-wk2,0.115222222222221,0.27389235062502393,116.03333333333333,100.86666666666666,1215.0333333333333,3532.866666666667,0.0,0,2,2,0,0,0,"{""process_exec"": 2}"
1776374168,normal,sw-wk3,0.15791812475699307,0.3275466060119525,100.84985835694049,100.84985835694052,4637.893684385936,9796.600566572239,0.0,0,0,0,0,0,0,{}
