timestamp,label,node,avg_cpu,avg_mem,net_bytes_in,net_bytes_out,net_internal_bytes_in,net_internal_bytes_out,net_drop_rate,last_successful_scrape_age_sec,exec_count,unique_process_count,tmp_exec_count,outbound_connect_count,mining_port_count,syscall_feature_vector
1776128427,normal,sw-wk2,0.18844444444443464,0.28506759942403503,111.00000000000003,100.86666666666666,5053.1,4071.5666666666666,0.0,0,0,0,0,0,0,{}
1776128427,normal,sw-wk3,0.14949024822695034,0.35244562100997745,112.83244680851064,97.73936170212765,2290.3257978723404,5108.577127659574,0.0,0,0,0,0,0,0,{}
1776128427,normal,k3s-wk1,0.3334444444444671,0.6237691381172935,195.86666666666667,92.43333333333334,8914.366666666667,4490.533333333333,0.0,0,0,0,0,0,0,{}
1776128437,normal,sw-wk2,0.18844444444443464,0.28506759942403503,111.0,100.86666666666666,5053.1,4071.5666666666666,0.0,0,0,0,0,0,0,{}
1776128437,normal,sw-wk3,0.17279411764705888,0.3499209959605999,116.3770053475936,101.13636363636364,2886.4304812834225,5167.947860962567,0.0,0,0,0,0,0,0,{}
1776128437,normal,k3s-wk1,0.3334444444444671,0.6237691381172935,195.86666666666667,92.43333333333334,8914.366666666667,4490.533333333333,0.0,0,9,2,0,6,0,"{""process_exit"": 9, ""process_exec"": 9, ""process_kprobe"": 6}"
1776128447,normal,sw-wk2,0.18844444444443464,0.28506759942403503,111.0,100.86666666666666,5053.1,4071.5666666666666,0.0,0,0,0,0,0,0,{}
1776128447,normal,sw-wk3,0.17279411764705888,0.3499209959605999,116.3770053475936,101.13636363636364,2886.4304812834225,5167.947860962567,0.0,0,1,1,0,0,0,"{""process_exit"": 43, ""process_exec"": 1}"
1776128447,normal,k3s-wk1,0.3065555555555167,0.6511266414784227,210.66666666666666,210.66666666666666,9159.4,6427.933333333333,0.0,0,57,3,0,50,0,"{""process_exit"": 58, ""process_exec"": 57, ""process_kprobe"": 50}"
1776128457,normal,sw-wk2,0.1093112910931322,0.2845626744141596,68.1931806819318,68.1931806819318,553.0446955304469,3616.038396160384,0.0,0,0,0,0,0,0,{}
1776128457,normal,sw-wk3,0.17279411764705888,0.3499209959605999,116.3770053475936,101.13636363636364,2886.4304812834225,5167.947860962567,0.0,0,0,0,0,0,0,{}
1776128457,normal,k3s-wk1,0.3065555555555167,0.6511266414784227,210.66666666666666,210.66666666666666,9159.4,6427.933333333333,0.0,0,39,3,0,32,0,"{""process_exit"": 39, ""process_exec"": 39, ""process_kprobe"": 32}"
1776128467,normal,sw-wk2,0.1093112910931322,0.2845626744141596,68.1931806819318,68.1931806819318,553.0446955304469,3616.038396160384,0.0,0,2,2,0,0,0,"{""process_exec"": 2}"
1776128467,normal,sw-wk3,0.15411111111109965,0.35242332148272737,78.33333333333333,68.2,2409.0333333333333,11058.933333333332,0.0,0,0,0,0,0,0,{}
1776128467,normal,k3s-wk1,0.3065555555555167,0.6511266414784227,210.66666666666666,210.66666666666666,9159.4,6427.933333333333,0.0,0,15,2,0,10,0,"{""process_exit"": 15, ""process_exec"": 15, ""process_kprobe"": 10}"
1776128478,normal,sw-wk2,0.1093112910931322,0.2845626744141596,68.1931806819318,68.1931806819318,553.0446955304469,3616.038396160384,0.0,0,0,0,0,0,0,{}
1776128478,normal,sw-wk3,0.15411111111109976,0.35242332148272737,78.33333333333333,68.2,2409.0333333333333,11058.933333333332,0.0,0,1,1,0,0,0,"{""process_exit"": 3, ""process_exec"": 1}"
1776128478,normal,k3s-wk1,0.2845555555555822,0.6520014945877636,217.26666666666665,218.66666666666666,15125.633333333333,4670.933333333333,0.0,0,42,3,0,34,0,"{""process_exit"": 42, ""process_exec"": 42, ""process_kprobe"": 34}"
1776128487,normal,sw-wk2,0.2017292347357763,0.28754762541891254,100.88684403547377,100.88684403547376,4091.985063679402,27921.584316863373,0.0,0,104,5,0,0,0,"{""process_exit"": 106, ""process_exec"": 104}"
1776128487,normal,sw-wk3,0.15411111111109976,0.35242332148272737,78.33333333333333,68.2,2409.0333333333333,11058.933333333332,0.0,0,0,0,0,0,0,{}
1776128487,normal,k3s-wk1,0.2845555555555822,0.6520014945877636,217.26666666666665,218.66666666666666,15125.633333333333,4670.933333333333,0.0,0,43,3,0,35,0,"{""process_exit"": 43, ""process_exec"": 43, ""process_kprobe"": 35}"
1776128497,normal,sw-wk2,0.2017292347357763,0.28754762541891254,100.88684403547376,100.88684403547376,4091.985063679402,27921.584316863373,0.0,0,0,0,0,0,0,{}
1776128497,normal,sw-wk3,0.1558888888889164,0.3557459510429808,116.06666666666666,100.86666666666666,3395.9,5624.966666666666,0.0,0,0,0,0,0,0,{}
1776128497,normal,k3s-wk1,0.2845555555555822,0.6520014945877636,217.26666666666665,218.66666666666666,15125.633333333333,4670.933333333333,0.0,0,50,3,0,45,0,"{""process_kprobe"": 45, ""process_exit"": 50, ""process_exec"": 50}"
1776128507,normal,sw-wk2,0.2017292347357763,0.28754762541891254,100.88684403547376,100.88684403547376,4091.985063679402,27921.584316863373,0.0,0,0,0,0,0,0,{}
1776128507,normal,sw-wk3,0.1558888888889164,0.3557459510429808,116.06666666666666,100.86666666666666,3395.9,5624.966666666666,0.0,0,1,1,0,0,0,"{""process_exit"": 17, ""process_exec"": 1}"
1776128507,normal,k3s-wk1,0.29033333333330424,0.6431987790437121,229.83333333333334,215.26666666666665,35650.4,8507.5,0.0,0,57,3,0,50,0,"{""process_exit"": 57, ""process_exec"": 57, ""process_kprobe"": 50}"
1776128517,normal,sw-wk2,0.1444474070124161,0.28529378034328534,100.85321957072391,100.85321957072391,3691.441141181176,3902.712971603786,0.0,0,0,0,0,0,0,{}
1776128517,normal,sw-wk3,0.1558888888889164,0.3557459510429808,116.06666666666666,100.86666666666666,3395.9,5624.966666666666,0.0,0,0,0,0,0,0,{}
1776128517,normal,k3s-wk1,0.29033333333330424,0.6431987790437121,229.83333333333334,215.26666666666665,35650.4,8507.5,0.0,0,57,3,0,50,0,"{""process_exit"": 57, ""process_exec"": 57, ""process_kprobe"": 50}"
1776128527,normal,sw-wk2,0.1444474070124161,0.28529378034328534,100.85321957072391,100.85321957072391,3691.441141181176,3902.712971603786,0.0,0,2,2,0,0,0,"{""process_exec"": 2}"
1776128527,normal,sw-wk3,0.14844444444441052,0.34888884641359885,115.46666666666667,106.86666666666666,2666.7666666666664,8596.566666666666,0.0,0,1,1,0,0,0,"{""process_exit"": 7, ""process_exec"": 1}"
1776128527,normal,k3s-wk1,0.29033333333330424,0.6431987790437121,229.83333333333334,215.26666666666665,35650.4,8507.5,0.0,0,42,3,0,34,0,"{""process_exit"": 42, ""process_exec"": 42, ""process_kprobe"": 34}"
1776128538,normal,sw-wk2,0.1444474070124161,0.28529378034328534,100.85321957072391,100.85321957072391,3691.441141181176,3902.712971603786,0.0,0,0,0,0,0,0,{}
1776128538,normal,sw-wk3,0.14844444444441052,0.34888884641359885,115.46666666666667,106.86666666666666,2666.7666666666664,8596.566666666666,0.0,0,0,0,0,0,0,{}
1776128538,normal,k3s-wk1,0.285777777777811,0.6395447151534719,223.83333333333334,208.66666666666666,10457.433333333332,5728.666666666667,0.0,0,36,3,0,30,0,"{""process_exit"": 36, ""process_exec"": 36, ""process_kprobe"": 30}"
1776128547,normal,sw-wk2,0.23519672877986908,0.2911266995425411,98.0032667755592,98.0032667755592,5545.7848594953175,28092.436414547155,0.0,0,104,5,0,0,0,"{""process_exit"": 106, ""process_exec"": 104}"
1776128547,normal,sw-wk3,0.14844444444441052,0.34888884641359885,115.46666666666667,106.86666666666666,2666.7666666666664,8596.566666666666,0.0,0,1,1,0,0,0,"{""process_exit"": 3, ""process_exec"": 1}"
1776128547,normal,k3s-wk1,0.285777777777811,0.6395447151534719,223.83333333333334,208.66666666666666,10457.433333333332,5728.666666666667,0.0,0,39,3,0,32,0,"{""process_exit"": 39, ""process_exec"": 39, ""process_kprobe"": 32}"
1776128557,normal,sw-wk2,0.23519672877986908,0.2911266995425411,98.0032667755592,98.0032667755592,5545.7848594953175,28092.436414547148,0.0,0,0,0,0,0,0,{}
1776128557,normal,sw-wk3,0.16844444444444284,0.3432040597882182,98.0,98.00000000000001,3402.5666666666666,5762.2,0.0,0,0,0,0,0,0,{}
1776128557,normal,k3s-wk1,0.285777777777811,0.6395447151534719,223.83333333333334,208.66666666666666,10457.433333333332,5728.666666666667,0.0,0,15,2,0,10,0,"{""process_exit"": 15, ""process_exec"": 15, ""process_kprobe"": 10}"
1776128567,normal,sw-wk2,0.23519672877986908,0.2911266995425411,98.0032667755592,98.0032667755592,5545.7848594953175,28092.436414547155,0.0,0,0,0,0,0,0,{}
1776128567,normal,sw-wk3,0.16844444444444284,0.3432040597882182,98.0,98.0,3402.5666666666666,5762.2,0.0,0,0,0,0,0,0,{}
1776128567,normal,k3s-wk1,0.2811111111111029,0.6350801421890293,223.86666666666667,208.66666666666666,33258.833333333336,6836.233333333334,0.0,0,33,3,0,28,0,"{""process_exit"": 33, ""process_exec"": 33, ""process_kprobe"": 28}"
1776128577,normal,sw-wk2,0.11675499116754995,0.2843110083209093,110.38896110388961,106.85598106855979,568.943105689431,3577.842215778422,0.0,0,0,0,0,0,0,{}
1776128577,normal,sw-wk3,0.16844444444444284,0.3432040597882182,98.0,98.0,3402.5666666666666,5762.2,0.0,0,1,1,0,0,0,"{""process_exit"": 13, ""process_exec"": 1}"
1776128577,normal,k3s-wk1,0.281111111111103,0.6350801421890293,223.86666666666667,208.66666666666666,33258.833333333336,6836.233333333334,0.0,0,9,2,0,6,0,"{""process_exit"": 9, ""process_exec"": 9, ""process_kprobe"": 6}"
1776128588,normal,sw-wk2,0.11675499116754995,0.2843110083209093,110.38896110388961,106.85598106855981,568.943105689431,3577.842215778422,0.0,0,106,7,0,0,0,"{""process_exec"": 106, ""process_exit"": 106}"
1776128588,normal,sw-wk3,0.154777777777781,0.34933483695859935,100.86666666666666,100.86666666666666,2198.9666666666667,6854.766666666666,0.0,0,0,0,0,0,0,{}
1776128588,normal,k3s-wk1,0.281111111111103,0.6350801421890293,223.86666666666667,208.66666666666666,33258.833333333336,6836.233333333334,0.0,0,60,3,0,52,0,"{""process_exit"": 60, ""process_exec"": 60, ""process_kprobe"": 52}"
1776128597,normal,sw-wk2,0.11675499116754995,0.2843110083209093,110.38896110388961,106.85598106855981,568.943105689431,3577.842215778422,0.0,0,0,0,0,0,0,{}
1776128597,normal,sw-wk3,0.154777777777781,0.34933483695859935,100.86666666666669,100.86666666666666,2198.9666666666667,6854.766666666666,0.0,0,0,0,0,0,0,{}
1776128597,normal,k3s-wk1,0.30688888888887755,0.6262254998797783,223.86666666666667,208.66666666666666,34986.1,11407.8,0.0,0,81,3,0,72,0,"{""process_exit"": 81, ""process_exec"": 81, ""process_kprobe"": 72}"
1776128608,normal,sw-wk2,0.1963065435514323,0.2860965633242861,111.00370012333745,100.87002900096671,5779.22597419914,27817.32724424148,0.0,0,0,0,0,0,0,{}
1776128608,normal,sw-wk3,0.154777777777781,0.34933483695859935,100.86666666666666,100.86666666666666,2198.9666666666667,6854.766666666666,0.0,0,1,1,0,0,0,"{""process_exit"": 11, ""process_exec"": 1}"
1776128608,normal,k3s-wk1,0.30688888888887755,0.6262254998797783,223.86666666666667,208.66666666666666,34986.1,11407.8,0.0,0,12,2,0,8,0,"{""process_exit"": 12, ""process_exec"": 12, ""process_kprobe"": 8}"
1776128617,normal,sw-wk2,0.1963065435514323,0.2860965633242861,111.00370012333745,100.87002900096671,5779.22597419914,27817.32724424148,0.0,0,0,0,0,0,0,{}
1776128617,normal,sw-wk3,0.2501111111110933,0.35342520738560346,718.3666666666667,396.43333333333334,7293.133333333333,7293.566666666667,0.0,0,1,1,0,0,0,"{""process_exec"": 1}"
1776128617,normal,k3s-wk1,0.30688888888887755,0.6262254998797783,223.86666666666667,208.66666666666666,34986.1,11407.8,0.0,0,39,3,0,32,0,"{""process_exit"": 39, ""process_exec"": 39, ""process_kprobe"": 32}"
1776128627,normal,sw-wk2,0.1963065435514323,0.2860965633242861,111.00370012333745,100.87002900096671,5779.22597419914,27817.32724424148,0.0,0,0,0,0,0,0,{}
1776128627,normal,sw-wk3,0.2501111111110933,0.35342520738560346,718.3666666666667,396.43333333333334,7293.133333333335,7293.566666666667,0.0,0,0,0,0,0,0,{}
1776128627,normal,k3s-wk1,0.2911111111111192,0.628535112088438,220.93333333333337,205.79999999999998,10769.9,4805.9,0.0,0,36,3,0,30,0,"{""process_exit"": 36, ""process_exec"": 36, ""process_kprobe"": 30}"
1776128638,normal,sw-wk2,0.11549658866148249,0.2904831988990405,68.20454696979799,68.20454696979799,995.8330555370359,3656.777118474565,0.0,0,0,0,0,0,0,{}
1776128638,normal,sw-wk3,0.2501111111110933,0.35342520738560346,718.3666666666667,396.43333333333334,7293.133333333333,7293.566666666667,0.0,0,1,1,0,0,0,"{""process_exit"": 11, ""process_exec"": 1}"
1776128638,normal,k3s-wk1,0.2911111111111192,0.628535112088438,220.93333333333334,205.79999999999998,10769.9,4805.9,0.0,0,45,3,0,38,0,"{""process_exit"": 45, ""process_exec"": 45, ""process_kprobe"": 38}"
1776128647,normal,sw-wk2,0.11549658866148249,0.2904831988990405,68.20454696979799,68.20454696979799,995.8330555370359,3656.777118474565,0.0,0,106,7,0,0,0,"{""process_exec"": 106, ""process_exit"": 106}"
1776128647,normal,sw-wk3,0.42133333333339473,0.35786440613173287,86.46666666666667,76.8,2388.8333333333335,7117.099999999999,0.0,0,1,1,0,0,0,"{""process_exit"": 5, ""process_exec"": 1}"
1776128647,normal,k3s-wk1,0.2911111111111192,0.628535112088438,220.93333333333334,205.79999999999998,10769.9,4805.9,0.0,0,93,3,0,84,0,"{""process_exit"": 93, ""process_exec"": 93, ""process_kprobe"": 84}"
1776128657,normal,sw-wk2,0.11549658866148249,0.2904831988990405,68.20454696979799,68.20454696979799,995.8330555370359,3656.777118474565,0.0,0,0,0,0,0,0,{}
1776128657,normal,sw-wk3,0.42133333333339473,0.35786440613173287,86.46666666666667,76.8,2388.8333333333335,7117.099999999999,0.0,0,0,0,0,0,0,{}
1776128657,normal,k3s-wk1,0.3371111111111329,0.6219720205042991,223.8666666666667,208.66666666666666,35739.26666666666,9616.533333333333,0.0,0,12,2,0,8,0,"{""process_exit"": 12, ""process_exec"": 12, ""process_kprobe"": 8}"
1776128668,normal,sw-wk2,0.19813783984976185,0.2877897345719128,100.86330455651476,100.86330455651476,5376.820772640911,27812.406253124893,0.0,0,0,0,0,0,0,{}
1776128668,normal,sw-wk3,0.42133333333339473,0.35786440613173287,86.46666666666667,76.8,2388.8333333333335,7117.099999999999,0.0,0,0,0,0,0,0,{}
1776128668,normal,k3s-wk1,0.3371111111111329,0.6219720205042991,223.8666666666667,208.66666666666666,35739.26666666666,9616.533333333335,0.0,0,75,3,0,68,0,"{""process_exit"": 75, ""process_exec"": 75, ""process_kprobe"": 68}"
1776128677,normal,sw-wk2,0.19813783984976185,0.2877897345719128,100.86330455651476,100.86330455651476,5376.820772640912,27812.406253124896,0.0,0,0,0,0,0,0,{}
1776128677,normal,sw-wk3,0.41855555555553614,0.3533280451597284,116.06666666666666,100.86666666666666,3024.0333333333333,6341.766666666666,0.0,0,1,1,0,0,0,"{""process_exit"": 5, ""process_exec"": 1}"
1776128677,normal,k3s-wk1,0.3371111111111329,0.6219720205042991,223.86666666666667,208.66666666666666,35739.26666666666,9616.533333333333,0.0,0,39,3,0,32,0,"{""process_exit"": 39, ""process_exec"": 39, ""process_kprobe"": 32}"
1776128688,normal,sw-wk2,0.19813783984976185,0.2877897345719128,100.86330455651476,100.86330455651476,5376.820772640911,27812.406253124893,0.0,0,0,0,0,0,0,{}
1776128688,normal,sw-wk3,0.41855555555553614,0.3533280451597284,116.06666666666666,100.86666666666666,3024.0333333333333,6341.766666666666,0.0,0,0,0,0,0,0,{}
1776128688,normal,k3s-wk1,0.2795555555554933,0.620107172328001,218.80000000000004,208.66666666666666,9915.866666666667,1860.8999999999999,0.0,0,57,3,0,50,0,"{""process_exit"": 57, ""process_exec"": 57, ""process_kprobe"": 50}"
1776128698,normal,sw-wk2,0.11980711754055406,0.288023879608038,100.86330455651476,100.86330455651476,637.8787373754209,3626.9457684743843,0.0,0,0,0,0,0,0,{}
1776128698,normal,sw-wk3,0.41855555555553614,0.3533280451597284,116.06666666666666,100.86666666666666,3024.0333333333333,6341.766666666666,0.0,0,0,0,0,0,0,{}
1776128698,normal,k3s-wk1,0.2795555555554933,0.620107172328001,218.79999999999998,208.66666666666666,9915.866666666667,1860.8999999999999,0.0,0,57,3,0,50,0,"{""process_exit"": 57, ""process_exec"": 57, ""process_kprobe"": 50}"
1776128707,normal,sw-wk2,0.11980711754055406,0.288023879608038,100.86330455651476,100.86330455651479,637.8787373754208,3626.945768474384,0.0,0,2,2,0,0,0,"{""process_exec"": 2}"
1776128707,normal,sw-wk3,0.41888888888889697,0.357945640123858,108.06666666666666,98.0,2279.0666666666666,6221.4,0.0,0,0,0,0,0,0,{}
1776128707,normal,k3s-wk1,0.2795555555554933,0.620107172328001,218.79999999999998,208.66666666666666,9915.866666666667,1860.8999999999999,0.0,0,18,2,0,12,0,"{""process_exit"": 18, ""process_exec"": 18, ""process_kprobe"": 12}"
1776128717,normal,sw-wk2,0.11980711754055406,0.288023879608038,100.86330455651476,100.86330455651476,637.8787373754208,3626.945768474384,0.0,0,104,5,0,0,0,"{""process_exit"": 106, ""process_exec"": 104}"
1776128717,normal,sw-wk3,0.41888888888889697,0.357945640123858,108.06666666666666,98.0,2279.0666666666666,6221.4,0.0,0,1,1,0,0,0,"{""process_exit"": 3, ""process_exec"": 1}"
1776128717,normal,k3s-wk1,0.3191111111111441,0.6224235575929913,215.93333333333334,205.79999999999998,33876.0,9402.833333333336,0.0,0,15,2,0,10,0,"{""process_exit"": 15, ""process_exec"": 15, ""process_kprobe"": 10}"
1776128728,normal,sw-wk2,0.19041745835971657,0.28913726314716415,98.0032667755592,98.0032667755592,5303.776792559753,27853.128437614585,0.0,0,0,0,0,0,0,{}
1776128728,normal,sw-wk3,0.41888888888889697,0.357945640123858,108.06666666666666,98.0,2279.0666666666666,6221.4,0.0,0,0,0,0,0,0,"{""process_exit"": 3}"
1776128728,normal,k3s-wk1,0.3191111111111442,0.6224235575929913,215.93333333333334,205.79999999999998,33876.0,9402.833333333334,0.0,0,36,3,0,30,0,"{""process_exit"": 36, ""process_exec"": 36, ""process_kprobe"": 30}"
1776128738,normal,sw-wk2,0.19041745835971657,0.28913726314716415,98.0032667755592,98.0032667755592,5303.776792559753,27853.128437614585,0.0,0,0,0,0,0,0,{}
1776128738,normal,sw-wk3,0.3774444444443765,0.3481242911935981,100.86666666666669,100.86666666666669,6633.833333333333,7175.633333333333,0.0,0,1,1,0,0,0,"{""process_exit"": 5, ""process_exec"": 1}"
1776128738,normal,k3s-wk1,0.3191111111111442,0.6224235575929913,215.93333333333334,205.79999999999998,33876.0,9402.833333333334,0.0,0,12,2,0,8,0,"{""process_exit"": 12, ""process_exec"": 12, ""process_kprobe"": 8}"
1776128747,normal,sw-wk2,0.19041745835971657,0.28913726314716415,98.0032667755592,98.0032667755592,5303.776792559753,27853.12843761459,0.0,0,0,0,0,0,0,{}
1776128747,normal,sw-wk3,0.3774444444443765,0.3481242911935981,100.86666666666666,100.86666666666666,6633.833333333333,7175.633333333333,0.0,0,0,0,0,0,0,{}
1776128747,normal,k3s-wk1,0.30655555555553704,0.6085997496226843,223.86666666666667,208.66666666666666,10107.233333333334,6058.133333333333,0.0,0,36,3,0,30,0,"{""process_exit"": 37, ""process_exec"": 36, ""process_kprobe"": 30}"
1776128758,normal,sw-wk2,0.13416449985556522,0.28928858136778934,105.94039602640177,100.87339155943731,1247.7831855457032,3628.608573904927,0.0,0,0,0,0,0,0,{}
1776128758,normal,sw-wk3,0.3774444444443765,0.3481242911935981,100.86666666666666,100.86666666666666,6633.833333333333,7175.633333333333,0.0,0,0,0,0,0,0,{}
1776128758,normal,k3s-wk1,0.30655555555553704,0.6085997496226843,223.86666666666667,208.66666666666666,10107.233333333334,6058.133333333333,0.0,0,33,3,0,28,0,"{""process_exit"": 33, ""process_exec"": 33, ""process_kprobe"": 28}"
1776128768,normal,sw-wk2,0.13416449985556522,0.28928858136778934,105.94039602640177,100.87339155943731,1247.7831855457032,3628.608573904927,0.0,0,106,7,0,0,0,"{""process_exec"": 106, ""process_exit"": 106}"
1776128768,normal,sw-wk3,0.154444444444501,0.34952756858697454,100.86666666666669,100.86666666666666,2246.0,6970.733333333334,0.0,0,1,1,0,0,0,"{""process_exit"": 13, ""process_exec"": 1}"
1776128768,normal,k3s-wk1,0.30655555555553704,0.6085997496226843,223.86666666666667,208.66666666666666,10107.233333333334,6058.133333333333,0.0,0,54,3,0,48,0,"{""process_exit"": 54, ""process_exec"": 54, ""process_kprobe"": 48}"
1776128778,normal,sw-wk2,0.13416449985556522,0.28928858136778934,105.94039602640177,100.87339155943731,1247.7831855457032,3628.608573904927,0.0,0,0,0,0,0,0,{}
1776128778,normal,sw-wk3,0.154444444444501,0.34952756858697454,100.86666666666666,100.86666666666666,2246.0,6970.7333333333345,0.0,0,0,0,0,0,0,{}
1776128778,normal,k3s-wk1,0.2956666666666732,0.6126240739256521,221.0,205.79999999999998,34983.5,9766.566666666666,0.0,0,15,2,0,10,0,"{""process_exit"": 15, ""process_exec"": 15, ""process_kprobe"": 10}"
1776128788,normal,sw-wk2,0.19138724085058245,0.28481434050740984,103.02646490233984,97.99346710219318,5694.353709752683,27926.404906339576,0.0,0,0,0,0,0,0,{}
1776128788,normal,sw-wk3,0.154444444444501,0.34952756858697454,100.86666666666666,100.86666666666666,2246.0,6970.733333333334,0.0,0,0,0,0,0,0,{}
1776128788,normal,k3s-wk1,0.2956666666666732,0.6126240739256521,221.0,205.79999999999998,34983.50000000001,9766.566666666666,0.0,0,42,3,0,34,0,"{""process_exit"": 42, ""process_exec"": 42, ""process_kprobe"": 34}"
1776128798,normal,sw-wk2,0.19138724085058245,0.28481434050740984,103.02646490233984,97.99346710219318,5694.353709752683,27926.404906339576,0.0,0,0,0,0,0,0,{}
1776128798,normal,sw-wk3,0.16677777777776004,0.3508735043388509,113.16666666666667,98.0,3515.0,5190.0666666666675,0.0,0,0,0,0,0,0,{}
1776128798,normal,k3s-wk1,0.2956666666666732,0.6126240739256521,221.0,205.79999999999998,34983.5,9766.566666666666,0.0,0,30,3,0,26,0,"{""process_exit"": 30, ""process_exec"": 30, ""process_kprobe"": 26}"
1776128808,normal,sw-wk2,0.19138724085058245,0.28481434050740984,103.02646490233984,97.99346710219318,5694.353709752683,27926.404906339576,0.0,0,0,0,0,0,0,{}
1776128808,normal,sw-wk3,0.16677777777776004,0.3508735043388509,113.16666666666667,98.0,3515.0,5190.066666666667,0.0,0,1,1,0,0,0,"{""process_exit"": 7, ""process_exec"": 1}"
1776128808,normal,k3s-wk1,0.2874444444444735,0.6134819943941671,223.79999999999998,208.66666666666666,8862.233333333334,3570.1666666666665,0.0,0,36,3,0,30,0,"{""process_exit"": 36, ""process_exec"": 36, ""process_kprobe"": 30}"
1776128818,normal,sw-wk2,0.11174816938339804,0.29457038367929456,68.20227340911364,68.20227340911364,1991.3997133237776,3810.69368978966,0.0,0,0,0,0,0,0,{}
1776128818,normal,sw-wk3,0.16677777777776004,0.3508735043388509,113.16666666666667,98.0,3515.0,5190.066666666667,0.0,0,0,0,0,0,0,{}
1776128818,normal,k3s-wk1,0.2874444444444735,0.6134819943941671,223.79999999999998,208.66666666666666,8862.233333333334,3570.1666666666665,0.0,0,21,2,0,14,0,"{""process_exit"": 21, ""process_exec"": 21, ""process_kprobe"": 14}"
1776128828,normal,sw-wk2,0.11174816938339804,0.29457038367929456,68.20227340911364,68.20227340911364,1991.3997133237776,3810.69368978966,0.0,0,2,2,0,0,0,"{""process_exec"": 2}"
1776128828,normal,sw-wk3,0.14333333333334952,0.35428851765485425,78.33333333333333,68.2,2891.4,6191.6,0.0,0,0,0,0,0,0,{}
1776128828,normal,k3s-wk1,0.2874444444444735,0.6134819943941671,223.79999999999998,208.66666666666666,8862.233333333334,3570.1666666666665,0.0,0,9,2,0,6,0,"{""process_exit"": 9, ""process_exec"": 9, ""process_kprobe"": 6}"
1776128838,normal,sw-wk2,0.11174816938339793,0.29457038367929456,68.20227340911364,68.20227340911364,1991.3997133237776,3810.69368978966,0.0,0,0,0,0,0,0,{}
1776128838,normal,sw-wk3,0.14333333333334952,0.35428851765485425,78.33333333333333,68.2,2891.4,6191.6,0.0,0,0,0,0,0,0,{}
1776128838,normal,k3s-wk1,0.2698888888888581,0.6139436910673546,223.86666666666667,208.66666666666666,10391.233333333334,5690.466666666666,0.0,0,33,3,0,28,0,"{""process_exit"": 33, ""process_exec"": 33, ""process_kprobe"": 28}"
1776128848,normal,sw-wk2,0.19916450014449627,0.2884603132127884,97.99346710219318,97.99346710219318,5776.014932337844,27954.836344243715,0.0,0,104,5,0,0,0,"{""process_exit"": 106, ""process_exec"": 104}"
1776128848,normal,sw-wk3,0.14333333333334952,0.35428851765485425,78.33333333333333,68.2,2891.4,6191.6,0.0,0,1,1,0,0,0,"{""process_exit"": 7, ""process_exec"": 1}"
1776128848,normal,k3s-wk1,0.2698888888888581,0.6139436910673546,223.86666666666667,208.66666666666666,10391.233333333334,5690.466666666666,0.0,0,12,2,0,8,0,"{""process_exit"": 12, ""process_exec"": 12, ""process_kprobe"": 8}"
1776128858,normal,sw-wk2,0.19916450014449627,0.2884603132127884,97.99346710219318,97.99346710219318,5776.014932337844,27954.836344243715,0.0,0,0,0,0,0,0,{}
1776128858,normal,sw-wk3,0.22011111111108528,0.35916892847585913,116.06666666666666,100.86666666666666,8433.433333333332,8036.033333333333,0.0,0,8,3,0,0,0,"{""process_exec"": 8, ""process_exit"": 8}"
1776128858,normal,k3s-wk1,0.2698888888888581,0.6139436910673546,223.86666666666667,208.66666666666666,10391.233333333334,5690.466666666666,0.0,0,57,3,0,50,0,"{""process_exit"": 57, ""process_exec"": 57, ""process_kprobe"": 50}"
1776128868,normal,sw-wk2,0.19916450014449627,0.2884603132127884,97.99346710219318,97.99346710219318,5776.014932337844,27954.836344243715,0.0,0,0,0,0,0,0,{}
1776128868,normal,sw-wk3,0.22011111111108528,0.35916892847585913,116.06666666666666,100.86666666666666,8433.433333333332,8036.033333333333,0.0,0,8,3,0,0,0,"{""process_exec"": 8, ""process_exit"": 8}"
1776128868,normal,k3s-wk1,0.34666666666667467,0.6139346603255809,210.79999999999998,205.79999999999998,37700.1,18029.4,0.0,0,15,2,0,10,0,"{""process_exit"": 15, ""process_exec"": 15, ""process_kprobe"": 10}"
1776128878,normal,sw-wk2,0.14497149904991968,0.28548491914828544,108.93696456548552,103.87012900430014,2274.075802526751,3667.6222540751364,0.0,0,0,0,0,0,0,{}
1776128878,normal,sw-wk3,0.22011111111108528,0.35916892847585913,116.06666666666666,100.86666666666666,8433.433333333332,8036.033333333333,0.0,0,1,1,0,0,0,"{""process_exit"": 7, ""process_exec"": 1}"
1776128878,normal,k3s-wk1,0.34666666666667467,0.6139346603255809,210.79999999999998,205.79999999999998,37700.1,18029.400000000005,0.0,0,15,2,0,10,0,"{""process_exit"": 15, ""process_exec"": 15, ""process_kprobe"": 10}"
1776128888,normal,sw-wk2,0.14497149904991968,0.28548491914828544,108.93696456548552,103.87012900430015,2274.0758025267505,3667.6222540751364,0.0,0,106,7,0,0,0,"{""process_exec"": 106, ""process_exit"": 106}"
1776128888,normal,sw-wk3,0.21633333333334637,0.3564595359149815,111.03333333333333,105.86666666666666,13482.433333333332,10891.733333333335,0.0,0,8,3,0,0,0,"{""process_exec"": 8, ""process_exit"": 8}"
1776128888,normal,k3s-wk1,0.34666666666667467,0.6139346603255809,210.79999999999998,205.79999999999998,37700.1,18029.4,0.0,0,12,2,0,8,0,"{""process_exit"": 12, ""process_exec"": 12, ""process_kprobe"": 8}"
1776128898,normal,sw-wk2,0.14497149904991968,0.28548491914828544,108.93696456548552,103.87012900430015,2274.075802526751,3667.6222540751364,0.0,0,0,0,0,0,0,{}
1776128898,normal,sw-wk3,0.21633333333334637,0.3564595359149815,111.03333333333333,105.86666666666666,13482.433333333332,10891.733333333334,0.0,0,1,1,0,0,0,"{""process_exit"": 5, ""process_exec"": 1}"
1776128898,normal,k3s-wk1,0.3157777777777988,0.615652758948054,223.86666666666667,208.66666666666666,37709.166666666664,19339.966666666667,0.0,0,78,3,0,70,0,"{""process_exit"": 78, ""process_exec"": 78, ""process_kprobe"": 70}"
1776128908,normal,sw-wk2,0.20122683024406163,0.28403226423028405,100.14668622482998,100.01333511134817,6916.855580744099,27357.514335244698,0.0,0,0,0,0,0,0,{}
1776128908,normal,sw-wk3,0.21633333333334637,0.3564595359149815,111.03333333333333,105.86666666666666,13482.433333333332,10891.733333333334,0.0,0,0,0,0,0,0,{}
1776128908,normal,k3s-wk1,0.3157777777777988,0.615652758948054,223.86666666666667,208.66666666666666,37709.166666666664,19339.966666666667,0.0,0,15,2,0,10,0,"{""process_exit"": 15, ""process_exec"": 15, ""process_kprobe"": 10}"
1776128918,normal,sw-wk2,0.20122683024406163,0.28403226423028405,100.14668622482998,100.01333511134817,6916.855580744099,27357.514335244698,0.0,0,0,0,0,0,0,{}
1776128918,normal,sw-wk3,0.19777777777776973,0.3520999783376021,98.0,98.0,10766.766666666666,8856.066666666668,0.0,0,8,3,0,0,0,"{""process_exec"": 8, ""process_exit"": 4}"
1776128918,normal,k3s-wk1,0.3157777777777988,0.615652758948054,223.86666666666667,208.66666666666666,37709.166666666664,19339.966666666667,0.0,0,15,2,0,10,0,"{""process_exit"": 15, ""process_exec"": 15, ""process_kprobe"": 10}"
1776128928,normal,sw-wk2,0.20122683024406163,0.28403226423028405,100.14668622482998,100.01333511134817,6916.855580744099,27357.514335244698,0.0,0,0,0,0,0,0,{}
1776128928,normal,sw-wk3,0.19777777777776973,0.3520999783376021,98.0,98.0,10766.766666666666,8856.066666666666,0.0,0,1,1,0,0,0,"{""process_exit"": 15, ""process_exec"": 1}"
1776128928,normal,k3s-wk1,0.2914444444444396,0.6198870479972637,223.83333333333334,208.66666666666666,11768.533333333333,10992.766666666666,0.0,0,81,3,0,72,0,"{""process_exit"": 81, ""process_exec"": 81, ""process_kprobe"": 72}"
1776128938,normal,sw-wk2,0.12633333333332208,0.28428552314690925,105.93333333333334,100.86666666666666,1382.1333333333332,3672.866666666667,0.0,0,0,0,0,0,0,{}
1776128938,normal,sw-wk3,0.19777777777776973,0.3520999783376021,98.0,98.0,10766.766666666666,8856.066666666666,0.0,0,0,0,0,0,0,{}
1776128938,normal,k3s-wk1,0.2914444444444396,0.6198870479972637,223.83333333333334,208.66666666666666,11768.533333333333,10992.766666666666,0.0,0,12,2,0,8,0,"{""process_exit"": 12, ""process_exec"": 12, ""process_kprobe"": 8}"
1776128948,normal,sw-wk2,0.12633333333332208,0.28428552314690925,105.93333333333334,100.86666666666666,1382.1333333333332,3672.866666666667,0.0,0,2,2,0,0,0,"{""process_exec"": 2}"
1776128948,normal,sw-wk3,0.19422222222225782,0.3552808466174803,110.40000000000002,106.86666666666666,6423.633333333333,8013.3,0.0,0,0,0,0,0,0,{}
1776128948,normal,k3s-wk1,0.2914444444444396,0.6198870479972637,223.83333333333334,208.66666666666666,11768.533333333333,10992.766666666666,0.0,0,12,2,0,8,0,"{""process_exit"": 12, ""process_exec"": 12, ""process_kprobe"": 8}"
1776128958,normal,sw-wk2,0.12633333333332208,0.28428552314690925,105.93333333333334,100.86666666666666,1382.1333333333332,3672.866666666667,0.0,0,104,5,0,0,0,"{""process_exit"": 106, ""process_exec"": 104}"
1776128958,normal,sw-wk3,0.19422222222225782,0.3552808466174803,110.39999999999999,106.86666666666666,6423.633333333333,8013.3,0.0,0,1,1,0,0,0,"{""process_exit"": 3, ""process_exec"": 1}"
1776128958,normal,k3s-wk1,0.31644444444439923,0.6184026198181887,221.0,205.79999999999998,35756.3,8236.8,0.0,0,57,3,0,50,0,"{""process_exit"": 57, ""process_exec"": 57, ""process_kprobe"": 50}"
1776128968,normal,sw-wk2,0.1974444444444493,0.2916539240796666,68.2,68.2,5803.233333333334,27992.433333333334,0.0,0,0,0,0,0,0,{}
1776128968,normal,sw-wk3,0.19422222222225782,0.3552808466174803,110.39999999999999,106.86666666666666,6423.633333333333,8013.3,0.0,0,4,3,0,0,0,"{""process_exec"": 4, ""process_exit"": 2}"
1776128968,normal,k3s-wk1,0.31644444444439923,0.6184026198181887,221.0,205.79999999999998,35756.3,8236.8,0.0,0,57,3,0,50,0,"{""process_exit"": 58, ""process_exec"": 57, ""process_kprobe"": 50}"
1776128978,normal,sw-wk2,0.1974444444444493,0.2916539240796666,68.2,68.2,5803.233333333334,27992.433333333334,0.0,0,0,0,0,0,0,{}
1776128978,normal,sw-wk3,0.22455555555554563,0.3617668234004867,78.33333333333333,68.2,12297.633333333333,8320.9,0.0,0,1,1,0,0,0,"{""process_exit"": 7, ""process_exec"": 1}"
1776128978,normal,k3s-wk1,0.31644444444439923,0.6184026198181887,221.0,205.79999999999998,35756.3,8236.8,0.0,0,81,3,0,72,0,"{""process_exec"": 81, ""process_kprobe"": 72, ""process_exit"": 80}"
1776128988,normal,sw-wk2,0.1974444444444493,0.2916539240796666,68.2,68.2,5803.233333333334,27992.433333333334,0.0,0,0,0,0,0,0,{}
1776128988,normal,sw-wk3,0.22455555555554585,0.3617668234004867,78.33333333333333,68.2,12297.633333333333,8320.9,0.0,0,0,0,0,0,0,{}
1776128988,normal,k3s-wk1,0.3349997222685447,0.6136817995559133,223.82936177303782,208.63189468421925,11308.848525245792,16167.105482419596,0.0,0,18,2,0,12,0,"{""process_exit"": 18, ""process_exec"": 18, ""process_kprobe"": 12}"
1776128998,normal,sw-wk2,0.14797409147975538,0.2933741733246684,97.99020097990201,97.99020097990199,1947.1386194713862,3625.9707362597073,0.0,0,0,0,0,0,0,{}
1776128998,normal,sw-wk3,0.22455555555554585,0.3617668234004867,78.33333333333333,68.2,12297.633333333333,8320.9,0.0,0,1,1,0,0,0,"{""process_exit"": 3, ""process_exec"": 1}"
1776128998,normal,k3s-wk1,0.3349997222685447,0.6136817995559133,223.82936177303782,208.6318946842193,11308.848525245792,16167.105482419596,0.0,0,60,3,0,52,0,"{""process_exit"": 60, ""process_exec"": 60, ""process_kprobe"": 52}"
1776129008,normal,sw-wk2,0.14797409147975538,0.2933741733246684,97.99020097990201,97.99020097990201,1947.1386194713862,3625.9707362597073,0.0,0,2,2,0,0,0,"{""process_exec"": 2}"
1776129008,normal,sw-wk3,0.16388888888884845,0.3523261592568523,113.16666666666667,98.0,2153.2666666666664,5541.066666666667,0.0,0,0,0,0,0,0,{}
1776129008,normal,k3s-wk1,0.3349997222685447,0.6136817995559133,223.82936177303782,208.6318946842193,11308.848525245792,16167.105482419596,0.0,0,9,2,0,6,0,"{""process_exit"": 9, ""process_exec"": 9, ""process_kprobe"": 6}"
1776129018,normal,sw-wk2,0.14797409147975538,0.2933741733246684,97.99020097990201,97.99020097990201,1947.1386194713862,3625.9707362597073,0.0,0,104,5,0,0,0,"{""process_exit"": 106, ""process_exec"": 104}"
1776129018,normal,sw-wk3,0.16388888888884845,0.3523261592568523,113.16666666666667,98.0,2153.2666666666664,5541.066666666667,0.0,0,1,1,0,0,0,"{""process_exit"": 7, ""process_exec"": 1}"
1776129018,normal,k3s-wk1,0.3002167027837843,0.6165535754399947,431.13852308718117,307.15119186531086,33435.972662110355,6894.482413735624,0.0,0,15,2,0,10,0,"{""process_exit"": 15, ""process_exec"": 15, ""process_kprobe"": 10}"
1776129028,normal,sw-wk2,0.1977160123530719,0.28216069676465716,100.84649736719324,100.84649736719324,5609.944677731121,27989.602079584085,0.0,0,0,0,0,0,0,{}
1776129028,normal,sw-wk3,0.16388888888884845,0.3523261592568523,113.16666666666667,98.0,2153.2666666666664,5541.066666666667,0.0,0,0,0,0,0,0,{}
1776129028,normal,k3s-wk1,0.3002167027837843,0.6165535754399947,431.13852308718117,307.15119186531086,33435.97266211035,6894.482413735622,0.0,0,57,3,0,50,0,"{""process_exit"": 57, ""process_exec"": 57, ""process_kprobe"": 50}"
1776129038,normal,sw-wk2,0.1977160123530719,0.28216069676465716,100.84649736719324,100.84649736719324,5609.944677731121,27989.602079584085,0.0,0,0,0,0,0,0,{}
1776129038,normal,sw-wk3,0.17966666666672815,0.3565535124941066,111.0,100.86666666666666,3111.3,6274.833333333333,0.0,0,0,0,0,0,0,{}
1776129038,normal,k3s-wk1,0.3002167027837843,0.6165535754399947,431.13852308718117,307.15119186531086,33435.97266211035,6894.482413735622,0.0,0,54,3,0,48,0,"{""process_exit"": 54, ""process_exec"": 54, ""process_kprobe"": 48}"
1776129048,normal,sw-wk2,0.1977160123530719,0.28216069676465716,100.84649736719324,100.84649736719324,5609.944677731121,27989.602079584085,0.0,0,0,0,0,0,0,{}
1776129048,normal,sw-wk3,0.17966666666672815,0.3565535124941066,111.0,100.86666666666666,3111.3,6274.833333333333,0.0,0,1,1,0,0,0,"{""process_exit"": 5, ""process_exec"": 1}"
1776129048,normal,k3s-wk1,0.2843333333333349,0.6189309182119582,220.79999999999998,210.66666666666666,10799.133333333333,4644.7,0.0,0,12,2,0,8,0,"{""process_exit"": 13, ""process_exec"": 12, ""process_kprobe"": 8}"
1776129058,normal,sw-wk2,0.12660309839745565,0.28025727283153024,98.01960392078415,98.01960392078415,641.6616656664665,3622.4244848969793,0.0,0,0,0,0,0,0,{}
1776129058,normal,sw-wk3,0.17966666666672815,0.3565535124941066,111.0,100.86666666666666,3111.3,6274.833333333333,0.0,0,0,0,0,0,0,{}
1776129058,normal,k3s-wk1,0.2843333333333349,0.6189309182119582,220.79999999999998,210.66666666666666,10799.133333333333,4644.7,0.0,0,15,2,0,10,0,"{""process_exit"": 15, ""process_exec"": 15, ""process_kprobe"": 10}"
1776129068,normal,sw-wk2,0.12660309839745565,0.28025727283153024,98.01960392078415,98.01960392078415,641.6616656664665,3622.4244848969793,0.0,0,2,2,0,0,0,"{""process_exec"": 2}"
1776129068,normal,sw-wk3,0.15311111111105769,0.34985569020222484,100.86666666666666,100.86666666666666,2238.5333333333333,5909.8,0.0,0,0,0,0,0,0,{}
1776129068,normal,k3s-wk1,0.2843333333333349,0.6189309182119582,220.79999999999998,210.66666666666666,10799.133333333333,4644.7,0.0,0,12,2,0,8,0,"{""process_exit"": 12, ""process_exec"": 12, ""process_kprobe"": 8}"
1776129078,normal,sw-wk2,0.12660309839745565,0.28025727283153024,98.01960392078415,98.01960392078415,641.6616656664665,3622.4244848969793,0.0,0,104,5,0,0,0,"{""process_exit"": 106, ""process_exec"": 104}"
1776129078,normal,sw-wk3,0.15311111111105769,0.34985569020222484,100.86666666666666,100.86666666666666,2238.5333333333333,5909.8,0.0,0,0,0,0,0,0,{}
1776129078,normal,k3s-wk1,0.2777777777778182,0.6226075589566332,225.13333333333333,209.79999999999998,9376.9,4718.166666666667,0.0,0,36,3,0,30,0,"{""process_exit"": 36, ""process_exec"": 36, ""process_kprobe"": 30}"
1776129088,normal,sw-wk2,0.19025235856916123,0.28416924704053415,100.87675434210087,100.87675434210087,5438.310497716439,27987.932126545988,0.0,0,0,0,0,0,0,{}
1776129088,normal,sw-wk3,0.15311111111105769,0.34985569020222484,100.86666666666666,100.86666666666666,2238.5333333333333,5909.8,0.0,0,1,1,0,0,0,"{""process_exit"": 7, ""process_exec"": 1}"
1776129088,normal,k3s-wk1,0.2777777777778182,0.6226075589566332,225.13333333333333,209.79999999999998,9376.9,4718.166666666667,0.0,0,36,3,0,30,0,"{""process_exit"": 36, ""process_exec"": 36, ""process_kprobe"": 30}"
1776129099,normal,sw-wk2,0.19025235856916123,0.28416924704053415,100.87675434210087,100.87675434210087,5438.310497716438,27987.932126545988,0.0,0,2,2,0,1,0,"{""process_exec"": 2, ""process_kprobe"": 1}"
1776129099,normal,sw-wk3,0.17244444444444929,0.34733425079959734,98.0,98.0,5084.133333333333,6337.6,0.0,0,0,0,0,0,0,{}
1776129099,normal,k3s-wk1,0.2777777777778182,0.6226075589566332,225.13333333333333,209.79999999999998,9376.9,4718.166666666667,0.0,0,15,2,0,10,0,"{""process_exit"": 15, ""process_exec"": 15, ""process_kprobe"": 10}"
1776129108,normal,sw-wk2,0.19025235856916123,0.28416924704053415,100.87675434210087,100.87675434210087,5438.310497716438,27987.932126545988,0.0,0,2,2,0,0,0,"{""process_exit"": 2, ""process_exec"": 2}"
1776129108,normal,sw-wk3,0.17244444444444929,0.34733425079959734,98.0,98.0,5084.133333333333,6337.6,0.0,0,0,0,0,0,0,{}
1776129108,normal,k3s-wk1,0.31355555555552805,0.6187694937027508,229.86666666666667,215.26666666666665,35132.833333333336,12619.133333333333,0.0,0,15,2,0,10,0,"{""process_exit"": 15, ""process_exec"": 15, ""process_kprobe"": 10}"
1776129118,normal,sw-wk2,0.16788872594767568,0.28716375498553715,143177.67630982536,1794.294094120784,4000.166644447407,5190.57459005466,0.0,0,0,0,0,0,0,{}
1776129118,normal,sw-wk3,0.17244444444444929,0.34733425079959734,98.0,98.0,5084.133333333333,6337.6,0.0,0,1,1,0,0,0,"{""process_exit"": 5, ""process_exec"": 1}"
1776129118,normal,k3s-wk1,0.31355555555552805,0.6187694937027508,229.86666666666667,215.26666666666665,35132.833333333336,12619.133333333333,0.0,0,15,2,0,10,0,"{""process_exit"": 15, ""process_exec"": 15, ""process_kprobe"": 10}"
1776129128,normal,sw-wk2,0.16788872594767568,0.28716375498553715,143177.67630982536,1794.294094120784,4000.166644447407,5190.57459005466,0.0,0,6,5,0,0,0,"{""process_exec"": 6, ""process_exit"": 4}"
1776129128,normal,sw-wk3,0.14766666666667627,0.3488713253564739,111.0,100.86666666666666,3338.4333333333334,5928.933333333333,0.0,0,0,0,0,0,0,{}
1776129128,normal,k3s-wk1,0.31355555555552805,0.6187694937027508,229.86666666666667,215.26666666666665,35132.833333333336,12619.133333333333,0.0,0,57,3,0,50,0,"{""process_exit"": 57, ""process_exec"": 57, ""process_kprobe"": 50}"
1776129138,normal,sw-wk2,0.16788872594767568,0.28716375498553715,143177.67630982536,1794.294094120784,4000.166644447407,5190.57459005466,0.0,0,13,1,0,0,0,"{""process_exit"": 13, ""process_exec"": 13}"
1776129138,normal,sw-wk3,0.14766666666667627,0.3488713253564739,111.0,100.86666666666666,3338.4333333333334,5928.933333333333,0.0,0,1,1,0,0,0,"{""process_exit"": 3, ""process_exec"": 1}"
1776129138,normal,k3s-wk1,0.302666666666644,0.61833827578305,223.79999999999998,208.66666666666666,15158.0,11525.733333333334,0.0,0,12,2,0,8,0,"{""process_exit"": 12, ""process_exec"": 12, ""process_kprobe"": 8}"
1776129148,normal,sw-wk2,0.19419536206761956,0.2891069995030391,74.86916230541019,71.33571119037302,6996.299876662555,12042.034734491152,0.0,0,13,1,0,0,0,"{""process_exit"": 13, ""process_exec"": 13}"
1776129148,normal,sw-wk3,0.14766666666667627,0.3488713253564739,111.0,100.86666666666666,3338.4333333333334,5928.933333333333,0.0,0,0,0,0,0,0,{}
1776129148,normal,k3s-wk1,0.302666666666644,0.61833827578305,223.79999999999998,208.66666666666666,15158.0,11525.733333333334,0.0,0,57,3,0,50,0,"{""process_exit"": 57, ""process_exec"": 57, ""process_kprobe"": 50}"
1776129158,normal,sw-wk2,0.19419536206761956,0.2891069995030391,74.86916230541019,71.335711190373,6996.299876662556,12042.034734491152,0.0,0,22,1,0,0,0,"{""process_exit"": 22, ""process_exec"": 22}"
1776129158,normal,sw-wk3,0.16708329167086033,0.3552171336824802,235.57644235576444,123.48765123487651,3300.0033330000333,5700.896577008966,0.0,0,1,1,0,0,0,"{""process_exit"": 3, ""process_exec"": 1}"
1776129158,normal,k3s-wk1,0.302666666666644,0.61833827578305,223.79999999999998,208.66666666666666,15158.0,11525.733333333334,0.0,0,63,3,0,54,0,"{""process_exit"": 63, ""process_exec"": 63, ""process_kprobe"": 54}"
1776129168,normal,sw-wk2,0.19419536206761956,0.2891069995030391,74.86916230541019,71.33571119037302,6996.299876662556,12042.034734491152,0.0,0,21,1,0,0,0,"{""process_exit"": 21, ""process_exec"": 21}"
1776129168,normal,sw-wk3,0.16708329167086033,0.3552171336824802,235.57644235576444,123.48765123487651,3300.0033330000333,5700.896577008966,0.0,0,0,0,0,0,0,{}
1776129168,normal,k3s-wk1,0.28722222222224647,0.6252140568011081,223.83333333333334,208.6666666666667,21570.63333333334,2527.2666666666664,0.0,0,33,3,0,28,0,"{""process_exit"": 33, ""process_exec"": 33, ""process_kprobe"": 28}"
1776129178,normal,sw-wk2,0.15324865819914513,0.2846853218140347,116.07827449411607,100.87675434210087,1189.8189818981898,16324.032403240322,0.0,0,15,1,0,0,0,"{""process_exit"": 15, ""process_exec"": 15}"
1776129178,normal,sw-wk3,0.16708329167086033,0.3552171336824802,235.57644235576444,123.48765123487651,3300.0033330000333,5700.896577008966,0.0,0,0,0,0,0,0,{}
1776129178,normal,k3s-wk1,0.28722222222224647,0.6252140568011081,223.83333333333334,208.66666666666666,21570.63333333333,2527.2666666666673,0.0,0,15,2,0,10,0,"{""process_exit"": 15, ""process_exec"": 15, ""process_kprobe"": 10}"
1776129188,normal,sw-wk2,0.15324865819914513,0.2846853218140347,116.07827449411607,100.87675434210087,1189.8189818981898,16324.032403240322,0.0,0,7,1,0,0,0,"{""process_exit"": 8, ""process_exec"": 7}"
1776129188,normal,sw-wk3,0.14591459145913943,0.3467958764988468,111.01110111011103,100.87675434210087,1617.8951228456178,5589.8256492315895,0.0,0,0,0,0,0,0,{}
1776129188,normal,k3s-wk1,0.28722222222224647,0.6252140568011081,223.83333333333334,208.66666666666666,21570.63333333333,2527.2666666666664,0.0,0,57,3,0,50,0,"{""process_exit"": 57, ""process_exec"": 57, ""process_kprobe"": 50}"
1776129198,normal,sw-wk2,0.15324865819914513,0.2846853218140347,116.07827449411607,100.87675434210087,1189.8189818981898,16324.032403240322,0.0,0,0,0,0,0,0,{}
1776129198,normal,sw-wk3,0.14591459145913943,0.3467958764988468,111.011101110111,100.87675434210087,1617.8951228456178,5589.8256492315895,0.0,0,1,1,0,0,0,"{""process_exit"": 5, ""process_exec"": 1}"
1776129198,normal,k3s-wk1,0.3024444444444574,0.6143297552781863,215.93333333333334,205.80000000000004,20598.700000000004,10825.0,0.0,0,71,3,0,63,0,"{""process_exit"": 71, ""process_exec"": 71, ""process_kprobe"": 63}"
1776129208,normal,sw-wk2,0.1959653858544005,0.280013570855155,97.97713866764421,97.97713866764421,8503.14926517146,11062.08551338021,0.0,0,0,0,0,0,0,{}
1776129208,normal,sw-wk3,0.14591459145913943,0.3467958764988468,111.011101110111,100.87675434210087,1617.8951228456178,5589.8256492315895,0.0,0,0,0,0,0,0,{}
1776129208,normal,k3s-wk1,0.3024444444444574,0.6143297552781863,215.93333333333334,205.79999999999998,20598.7,10825.000000000002,0.0,0,22,2,0,17,0,"{""process_kprobe"": 17, ""process_exit"": 22, ""process_exec"": 22}"
1776129218,normal,sw-wk2,0.1959653858544005,0.280013570855155,97.97713866764423,97.97713866764421,8503.14926517146,11062.08551338021,0.0,0,0,0,0,0,0,{}
1776129218,normal,sw-wk3,0.17088888888885978,0.349030607693974,113.13333333333333,98.0,6787.766666666666,6337.333333333333,0.0,0,1,1,0,0,0,"{""process_exit"": 5, ""process_exec"": 1}"
1776129218,normal,k3s-wk1,0.3024444444444574,0.6143297552781863,215.93333333333334,205.79999999999998,20598.7,10825.0,0.0,0,39,3,0,32,0,"{""process_exit"": 39, ""process_exec"": 39, ""process_kprobe"": 32}"
1776129228,normal,sw-wk2,0.1959653858544005,0.280013570855155,97.97713866764421,97.97713866764421,8503.14926517146,11062.08551338021,0.0,0,0,0,0,0,0,{}
1776129228,normal,sw-wk3,0.17088888888885978,0.349030607693974,113.13333333333333,98.0,6787.766666666666,6337.333333333333,0.0,0,0,0,0,0,0,{}
1776129228,normal,k3s-wk1,0.3013333333332816,0.6172195926458155,218.79999999999998,208.66666666666666,10359.166666666666,8984.366666666667,0.0,0,33,3,0,28,0,"{""process_exit"": 33, ""process_exec"": 33, ""process_kprobe"": 28}"
1776129238,normal,sw-wk2,0.1390787353448073,0.2852905946965353,100.88348058009667,100.88348058009667,2702.7504584097346,3793.9323220536753,0.0,0,0,0,0,0,0,{}
1776129238,normal,sw-wk3,0.17088888888885978,0.349030607693974,113.13333333333333,98.0,6787.766666666666,6337.333333333333,0.0,0,0,0,0,0,0,{}
1776129238,normal,k3s-wk1,0.3013333333332816,0.6172195926458155,218.79999999999998,208.66666666666666,10359.166666666666,8984.366666666667,0.0,0,33,3,0,28,0,"{""process_exit"": 33, ""process_exec"": 33, ""process_kprobe"": 28}"
1776129248,normal,sw-wk2,0.1390787353448073,0.2852905946965353,100.88348058009667,100.88348058009667,2702.7504584097346,3793.9323220536753,0.0,0,0,0,0,0,0,{}
1776129248,normal,sw-wk3,0.1548888888888743,0.3486515157307236,100.86666666666666,100.86666666666666,2171.3000000000006,5833.833333333333,0.0,0,0,0,0,0,0,{}
1776129248,normal,k3s-wk1,0.3013333333332816,0.6172195926458155,218.79999999999998,208.66666666666666,10359.166666666666,8984.366666666667,0.0,0,72,3,0,66,0,"{""process_exit"": 72, ""process_exec"": 72, ""process_kprobe"": 66}"
1776129258,normal,sw-wk2,0.1390787353448073,0.2852905946965353,100.88348058009667,100.88348058009667,2702.7504584097346,3793.9323220536753,0.0,0,0,0,0,0,0,{}
1776129258,normal,sw-wk3,0.1548888888888743,0.3486515157307236,100.86666666666666,100.86666666666666,2171.3,5833.833333333333,0.0,0,0,0,0,0,0,{}
1776129258,normal,k3s-wk1,0.31177777777779236,0.6097737460532837,221.0,205.79999999999998,9237.466666666667,9194.766666666668,0.0,0,57,3,0,50,0,"{""process_exit"": 57, ""process_exec"": 57, ""process_kprobe"": 50}"
1776129268,normal,sw-wk2,0.20285749202857484,0.2849385807306599,97.99020097990201,97.99020097990201,5238.009532380094,4118.888111188881,0.0,0,0,0,0,0,0,{}
1776129268,normal,sw-wk3,0.1548888888888743,0.3486515157307236,100.86666666666666,100.86666666666666,2171.3,5833.833333333333,0.0,0,1,1,0,0,0,"{""process_exit"": 3, ""process_exec"": 1}"
1776129268,normal,k3s-wk1,0.31177777777779236,0.6097737460532837,221.0,205.79999999999998,9237.466666666667,9194.766666666666,0.0,0,30,3,0,23,0,"{""process_exit"": 30, ""process_exec"": 30, ""process_kprobe"": 23}"
1776129278,normal,sw-wk2,0.20285749202857506,0.2849385807306599,97.99020097990201,97.99020097990201,5238.009532380095,4118.888111188881,0.0,0,0,0,0,0,0,{}
1776129278,normal,sw-wk3,0.16188888888892605,0.35234208749060236,110.96666666666668,100.86666666666666,3037.2666666666664,5707.366666666667,0.0,0,0,0,0,0,0,{}
1776129278,normal,k3s-wk1,0.31177777777779236,0.6097737460532837,221.0,205.79999999999998,9237.466666666667,9194.766666666666,0.0,0,24,2,0,19,0,"{""process_kprobe"": 19, ""process_exit"": 24, ""process_exec"": 24}"
1776129288,normal,sw-wk2,0.20285749202857484,0.2849385807306599,97.99020097990201,97.99020097990201,5238.009532380095,4118.888111188881,0.0,0,0,0,0,0,0,{}
1776129288,normal,sw-wk3,0.16188888888892605,0.35234208749060236,110.96666666666667,100.86666666666666,3037.2666666666664,5707.366666666667,0.0,0,1,1,0,0,0,"{""process_exit"": 7, ""process_exec"": 1}"
1776129288,normal,k3s-wk1,0.2764444444444557,0.6062111184235034,223.86666666666667,208.66666666666666,9217.633333333335,1786.6666666666667,0.0,0,69,3,0,58,0,"{""process_exit"": 69, ""process_exec"": 69, ""process_kprobe"": 58}"
1776129298,normal,sw-wk2,0.1182745516367919,0.28081794665953086,111.00740049336623,100.87339155943731,503.0668711247417,3545.636375758384,0.0,0,0,0,0,0,0,{}
1776129298,normal,sw-wk3,0.16188888888892605,0.35234208749060236,110.96666666666667,100.86666666666666,3037.2666666666664,5707.366666666667,0.0,0,0,0,0,0,0,{}
1776129298,normal,k3s-wk1,0.2764444444444557,0.6062111184235034,223.86666666666667,208.66666666666666,9217.633333333333,1786.6666666666667,0.0,0,39,3,0,32,0,"{""process_exit"": 39, ""process_exec"": 39, ""process_kprobe"": 32}"
1776129308,normal,sw-wk2,0.1182745516367919,0.28081794665953086,111.00740049336623,100.87339155943731,503.0668711247417,3545.636375758384,0.0,0,0,0,0,0,0,{}
1776129308,normal,sw-wk3,0.15688888888887753,0.34904812875109903,65.33333333333334,65.33333333333333,2203.0666666666666,6598.466666666666,0.0,0,1,1,0,0,0,"{""process_exit"": 3, ""process_exec"": 1}"
1776129308,normal,k3s-wk1,0.2764444444444557,0.6062111184235034,223.86666666666667,208.66666666666666,9217.633333333333,1786.6666666666667,0.0,0,15,2,0,10,0,"{""process_exit"": 15, ""process_exec"": 15, ""process_kprobe"": 10}"
1776129318,normal,sw-wk2,0.1182745516367919,0.28081794665953086,111.00740049336623,100.87339155943731,503.0668711247417,3545.636375758384,0.0,0,0,0,0,0,0,{}
1776129318,normal,sw-wk3,0.15688888888887753,0.34904812875109903,65.33333333333333,65.33333333333333,2203.0666666666666,6598.466666666666,0.0,0,0,0,0,0,0,{}
1776129318,normal,k3s-wk1,0.29699999999999516,0.6090354829132721,223.86666666666667,208.66666666666666,10756.700000000003,9197.2,0.0,0,57,3,0,50,0,"{""process_exit"": 57, ""process_exec"": 57, ""process_kprobe"": 50}"
1776129328,normal,sw-wk2,0.21247069542121222,0.2895386546376645,78.33072230925634,68.19772674244192,5566.947768407719,4080.9973000899963,0.0,0,0,0,0,0,0,{}
1776129328,normal,sw-wk3,0.15688888888887753,0.34904812875109903,65.33333333333333,65.33333333333333,2203.0666666666666,6598.466666666666,0.0,0,80,4,0,0,0,"{""process_exit"": 44, ""process_exec"": 80}"
1776129328,normal,k3s-wk1,0.29699999999999516,0.6090354829132721,223.86666666666667,208.66666666666666,10756.7,9197.2,0.0,0,15,2,0,10,0,"{""process_exit"": 15, ""process_exec"": 15, ""process_kprobe"": 10}"
1776129338,normal,sw-wk2,0.21247069542121222,0.2895386546376645,78.33072230925634,68.19772674244192,5566.947768407719,4080.9973000899963,0.0,0,0,0,0,0,0,{}
1776129338,normal,sw-wk3,0.21188888888888568,0.3574518648776075,707.6666666666666,396.1666666666667,6410.733333333334,33691.43333333334,0.0,0,156,4,0,0,0,"{""process_exit"": 84, ""process_exec"": 156}"
1776129338,normal,k3s-wk1,0.29699999999999516,0.6090354829132721,223.86666666666667,208.66666666666666,10756.7,9197.2,0.0,0,36,3,0,30,0,"{""process_exit"": 36, ""process_exec"": 36, ""process_kprobe"": 30}"
1776129348,normal,sw-wk2,0.21247069542121222,0.2895386546376645,78.33072230925634,68.1977267424419,5566.947768407719,4080.9973000899963,0.0,0,0,0,0,0,0,{}
1776129348,normal,sw-wk3,0.21188888888888568,0.3574518648776075,707.6666666666666,396.1666666666667,6410.733333333334,33691.433333333334,0.0,0,154,4,0,0,0,"{""process_exit"": 71, ""process_exec"": 154}"
1776129348,normal,k3s-wk1,0.2974444444444493,0.6061061360503825,225.43333333333334,211.79999999999998,55786.4,5980.666666666667,0.0,0,38,3,0,32,0,"{""process_exit"": 39, ""process_exec"": 38, ""process_kprobe"": 32}"
1776129358,normal,sw-wk2,0.13128013687977802,0.28912292773678916,113.1924538364109,97.99346710219318,694.1870541963868,3670.05532964469,0.0,0,0,0,0,0,0,{}
1776129358,normal,sw-wk3,0.21188888888888568,0.3574518648776075,707.6666666666666,396.1666666666667,6410.733333333334,33691.433333333334,0.0,0,120,4,0,0,0,"{""process_exit"": 81, ""process_exec"": 120}"
1776129358,normal,k3s-wk1,0.2974444444444493,0.6061061360503825,225.43333333333334,211.79999999999998,55786.4,5980.666666666667,0.0,0,16,2,0,10,0,"{""process_exit"": 16, ""process_exec"": 16, ""process_kprobe"": 10}"
1776129368,normal,sw-wk2,0.13128013687977813,0.28912292773678916,113.1924538364109,97.99346710219318,694.1870541963868,3670.05532964469,0.0,0,0,0,0,0,0,{}
1776129368,normal,sw-wk3,0.19822222222222374,0.3537597002943538,111.93333333333334,107.46666666666667,2941.633333333333,64787.96666666667,0.0,0,156,4,0,0,0,"{""process_exit"": 84, ""process_exec"": 156}"
1776129368,normal,k3s-wk1,0.2974444444444493,0.6061061360503825,225.43333333333334,211.79999999999998,55786.4,5980.666666666667,0.0,0,60,3,0,52,0,"{""process_exit"": 60, ""process_exec"": 60, ""process_kprobe"": 52}"
1776129378,normal,sw-wk2,0.13128013687977813,0.28912292773678916,113.1924538364109,97.99346710219318,694.1870541963868,3670.05532964469,0.0,0,0,0,0,0,0,{}
1776129378,normal,sw-wk3,0.19822222222222374,0.3537597002943538,111.93333333333334,107.46666666666667,2941.633333333333,64787.96666666667,0.0,0,117,4,0,0,0,"{""process_exit"": 63, ""process_exec"": 117}"
1776129378,normal,k3s-wk1,0.2970000000000357,0.6077294118842305,213.73333333333338,208.6666666666667,73249.13333333333,5217.8,0.0,0,33,3,0,28,0,"{""process_exit"": 33, ""process_exec"": 33, ""process_kprobe"": 28}"
1776129388,normal,sw-wk2,0.1960614345091224,0.2868579328975368,110.98886443955459,100.88684403547376,3747.5495099019804,4063.2459825298397,0.0,0,0,0,0,0,0,{}
1776129388,normal,sw-wk3,0.19822222222222374,0.3537597002943538,111.93333333333334,107.46666666666667,2941.633333333333,64787.96666666667,0.0,0,115,4,0,0,0,"{""process_exit"": 55, ""process_exec"": 115}"
1776129388,normal,k3s-wk1,0.2970000000000357,0.6077294118842305,213.73333333333332,208.66666666666666,73249.13333333333,5217.8,0.0,0,33,3,0,28,0,"{""process_exit"": 33, ""process_exec"": 33, ""process_kprobe"": 28}"
1776129398,normal,sw-wk2,0.1960614345091224,0.2868579328975368,110.98886443955459,100.88684403547376,3747.5495099019804,4063.2459825298392,0.0,0,0,0,0,0,0,{}
1776129398,normal,sw-wk3,0.1907777777777584,0.35184831224435187,98.0,98.0,3733.9333333333334,68702.8,0.0,0,195,4,0,0,0,"{""process_exit"": 107, ""process_exec"": 195}"
1776129398,normal,k3s-wk1,0.2970000000000357,0.6077294118842305,213.73333333333332,208.66666666666666,73249.13333333333,5217.8,0.0,0,15,2,0,10,0,"{""process_exit"": 15, ""process_exec"": 15, ""process_kprobe"": 10}"
1776129409,normal,sw-wk2,0.1960614345091224,0.2868579328975368,110.98886443955458,100.88684403547376,3747.5495099019804,4063.2459825298392,0.0,0,0,0,0,0,0,{}
1776129409,normal,sw-wk3,0.1907777777777584,0.35184831224435187,98.0,98.0,3733.9333333333334,68702.8,0.0,0,120,4,0,0,0,"{""process_exec"": 120, ""process_exit"": 76}"
1776129409,normal,k3s-wk1,0.293111111111082,0.6122684884683072,221.0,205.79999999999998,73613.03333333333,7155.766666666666,0.0,0,15,2,0,10,0,"{""process_exit"": 15, ""process_exec"": 15, ""process_kprobe"": 10}"
1776129423,transition,sw-wk2,0.0,0.282066720185532,98.0,98.0,3410.5666666666666,3932.2,0.0,14,0,0,0,0,0,{}
1776129423,transition,sw-wk3,0.0,0.35184831224435187,98.0,98.0,3733.9333333333334,68702.8,0.0,14,156,4,0,0,0,"{""process_exit"": 84, ""process_exec"": 156}"
1776129423,transition,k3s-wk1,0.0,0.6122684884683072,221.0,205.79999999999998,73613.03333333333,7155.766666666666,0.0,14,36,3,0,30,0,"{""process_exit"": 36, ""process_exec"": 36, ""process_kprobe"": 30}"
1776129428,normal,sw-wk2,0.13488888888892292,0.282066720185532,98.0,98.0,3410.5666666666666,3932.2,0.0,0,2,2,0,0,0,"{""process_exec"": 2}"
1776129428,normal,sw-wk3,0.20766666666669265,0.3547854785478548,100.86666666666666,100.86666666666669,3564.5,74504.8,0.0,0,157,4,0,0,0,"{""process_exit"": 87, ""process_exec"": 157}"
1776129428,normal,k3s-wk1,0.293111111111082,0.6122684884683072,221.0,205.79999999999998,73613.03333333333,7155.766666666666,0.0,0,15,2,0,10,0,"{""process_exit"": 15, ""process_exec"": 15, ""process_kprobe"": 10}"
1776129438,normal,sw-wk2,0.13488888888892292,0.282066720185532,98.0,98.0,3410.5666666666666,3932.2,0.0,0,0,0,0,0,0,{}
1776129438,normal,sw-wk3,0.20766666666669265,0.3547854785478548,100.86666666666666,100.86666666666666,3564.5,74504.8,0.0,0,156,4,0,0,0,"{""process_exit"": 84, ""process_exec"": 156}"
1776129438,normal,k3s-wk1,0.2962222222222206,0.6165445446982208,296.26666666666665,188.3,73639.7,8312.0,0.0,0,33,3,0,28,0,"{""process_exit"": 33, ""process_exec"": 33, ""process_kprobe"": 28}"
1776129448,normal,sw-wk2,0.23766666666666014,0.2912302330619162,68.2,68.2,5883.0,27985.466666666667,0.0,0,104,5,0,0,0,"{""process_exit"": 106, ""process_exec"": 104}"
1776129448,normal,sw-wk3,0.20766666666669265,0.3547854785478548,100.86666666666666,100.86666666666666,3564.5,74504.8,0.0,0,194,4,0,0,0,"{""process_exit"": 105, ""process_exec"": 194}"
1776129448,normal,k3s-wk1,0.2962222222222206,0.6165445446982208,296.26666666666665,188.3,73639.7,8312.0,0.0,0,33,3,0,28,0,"{""process_exit"": 33, ""process_exec"": 33, ""process_kprobe"": 28}"
1776129458,normal,sw-wk2,0.23766666666666014,0.2912302330619162,68.2,68.2,5883.0,27985.466666666667,0.0,0,0,0,0,0,0,{}
1776129458,normal,sw-wk3,0.20222222222218988,0.3574630146412324,113.2,98.0,6001.133333333333,71440.06666666667,0.0,0,119,4,0,0,0,"{""process_exit"": 70, ""process_exec"": 119}"
1776129458,normal,k3s-wk1,0.2962222222222206,0.6165445446982208,296.26666666666665,188.3,73639.7,8312.0,0.0,0,39,3,0,32,0,"{""process_exit"": 39, ""process_exec"": 39, ""process_kprobe"": 32}"
1776129468,normal,sw-wk2,0.23766666666666014,0.2912302330619162,68.2,68.2,5883.0,27985.466666666667,0.0,0,0,0,0,0,0,{}
1776129468,normal,sw-wk3,0.20222222222218988,0.3574630146412324,113.2,98.0,6001.133333333333,71440.06666666667,0.0,0,195,4,0,0,0,"{""process_exit"": 105, ""process_exec"": 195}"
1776129468,normal,k3s-wk1,0.31833333333330904,0.6194975972582668,325.5333333333333,165.8,108839.03333333333,9465.266666666666,0.0,0,15,2,0,10,0,"{""process_exit"": 15, ""process_exec"": 15, ""process_kprobe"": 10}"
1776129478,normal,sw-wk2,0.12989379193889627,0.2885495113217885,108.11891747766965,97.98693507532329,894.4807359018798,3630.415944540728,0.0,0,0,0,0,0,0,{}
1776129478,normal,sw-wk3,0.20222222222218988,0.3574630146412324,113.2,98.0,6001.133333333333,71440.06666666667,0.0,0,117,4,0,0,0,"{""process_exit"": 63, ""process_exec"": 117}"
1776129478,normal,k3s-wk1,0.31833333333330893,0.6194975972582668,325.5333333333333,165.8,108839.03333333333,9465.266666666666,0.0,0,40,3,0,32,0,"{""process_exit"": 40, ""process_exec"": 40, ""process_kprobe"": 32}"
1776129488,normal,sw-wk2,0.12989379193889627,0.2885495113217885,108.11891747766965,97.98693507532329,894.4807359018798,3630.415944540728,0.0,0,106,7,0,0,0,"{""process_exec"": 106, ""process_exit"": 106}"
1776129488,normal,sw-wk3,0.22255555555558304,0.36164895447073664,78.33333333333333,68.2,5578.433333333333,81375.9,0.0,0,118,4,0,0,0,"{""process_exit"": 70, ""process_exec"": 118}"
1776129488,normal,k3s-wk1,0.31833333333330904,0.6194975972582668,325.5333333333333,165.8,108839.03333333333,9465.266666666666,0.0,0,38,3,0,32,0,"{""process_kprobe"": 32, ""process_exit"": 38, ""process_exec"": 38}"
1776129498,normal,sw-wk2,0.12989379193889627,0.2885495113217885,108.11891747766965,97.98693507532329,894.4807359018798,3630.415944540728,0.0,0,0,0,0,0,0,{}
1776129498,normal,sw-wk3,0.22255555555558304,0.36164895447073664,78.33333333333333,68.2,5578.433333333333,81375.9,0.0,0,1,1,0,0,0,"{""process_exit"": 11, ""process_exec"": 1}"
1776129498,normal,k3s-wk1,0.31822222222225605,0.6217981787251528,325.5333333333333,165.80000000000004,80486.46666666666,12941.066666666666,0.0,0,21,2,0,14,0,"{""process_exit"": 21, ""process_exec"": 21, ""process_kprobe"": 14}"
1776129508,normal,sw-wk2,0.23641899174415615,0.2903191380914153,116.07053568452282,100.87002900096671,5844.394813160438,27839.09463648788,0.0,0,0,0,0,0,0,{}
1776129508,normal,sw-wk3,0.22255555555558304,0.36164895447073664,78.33333333333333,68.2,5578.433333333333,81375.9,0.0,0,0,0,0,0,0,{}
1776129508,normal,k3s-wk1,0.31822222222225616,0.6217981787251528,325.5333333333333,165.8,80486.46666666666,12941.066666666666,0.0,0,18,2,0,12,0,"{""process_exit"": 18, ""process_exec"": 18, ""process_kprobe"": 12}"
1776129518,normal,sw-wk2,0.23641899174415615,0.2903191380914153,116.07053568452282,100.87002900096671,5844.394813160438,27839.094636487887,0.0,0,0,0,0,0,0,{}
1776129518,normal,sw-wk3,0.16199999999997905,0.3552712896772303,116.06666666666666,100.86666666666666,4573.5,7028.433333333333,0.0,0,0,0,0,0,0,{}
1776129518,normal,k3s-wk1,0.31822222222225616,0.6217981787251528,325.5333333333333,165.8,80486.46666666666,12941.066666666666,0.0,0,57,3,0,50,0,"{""process_exit"": 57, ""process_exec"": 57, ""process_kprobe"": 50}"
1776129528,normal,sw-wk2,0.23641899174415615,0.2903191380914153,116.07053568452282,100.87002900096671,5844.394813160439,27839.094636487887,0.0,0,0,0,0,0,0,{}
1776129528,normal,sw-wk3,0.16199999999997905,0.3552712896772303,116.06666666666666,100.86666666666666,4573.5,7028.433333333333,0.0,0,0,0,0,0,0,{}
1776129528,normal,k3s-wk1,0.2748888888889067,0.621696582880197,325.5333333333333,165.8,10641.766666666666,3786.8333333333335,0.0,0,60,3,0,52,0,"{""process_exit"": 60, ""process_exec"": 60, ""process_kprobe"": 52}"
1776129538,normal,sw-wk2,0.11591835827690922,0.28380449048765877,113.19622679244026,97.99673344221858,919.2026932435584,3634.8121729275686,0.0,0,0,0,0,0,0,{}
1776129538,normal,sw-wk3,0.16199999999997905,0.3552712896772303,116.06666666666666,100.86666666666666,4573.5,7028.433333333333,0.0,0,1,1,0,0,0,"{""process_exit"": 3, ""process_exec"": 1}"
1776129538,normal,k3s-wk1,0.2748888888889067,0.621696582880197,325.5333333333333,165.8,10641.766666666666,3786.8333333333335,0.0,0,33,3,0,28,0,"{""process_exit"": 33, ""process_exec"": 33, ""process_kprobe"": 28}"
1776129550,normal,sw-wk2,0.1159183582769091,0.28380449048765877,113.19622679244023,97.9967334422186,919.2026932435584,3634.8121729275686,0.0,0,2,2,0,0,0,"{""process_exec"": 2}"
1776129550,normal,sw-wk3,0.15497339154975975,0.34685958943384687,117.65490117654902,103.98960103989602,2307.302603073026,5670.8995767089955,0.0,0,0,0,0,0,0,{}
1776129550,normal,k3s-wk1,0.2748888888889067,0.621696582880197,325.5333333333333,165.8,10641.766666666666,3786.8333333333335,0.0,0,39,3,0,32,0,"{""process_exit"": 39, ""process_exec"": 39, ""process_kprobe"": 32}"
1776129559,normal,sw-wk2,0.11591835827690922,0.28380449048765877,113.19622679244023,97.99673344221858,919.2026932435584,3634.8121729275686,0.0,0,104,5,0,0,0,"{""process_exit"": 106, ""process_exec"": 104}"
1776129559,normal,sw-wk3,0.15497339154975975,0.34685958943384687,117.65490117654902,103.98960103989602,2307.302603073026,5670.8995767089955,0.0,0,1,1,0,0,0,"{""process_exit"": 3, ""process_exec"": 1}"
1776129559,normal,k3s-wk1,0.3270000000000032,0.6283183742858659,330.0,171.8,33138.200000000004,4866.4,0.0,0,36,3,0,30,0,"{""process_exit"": 36, ""process_exec"": 36, ""process_kprobe"": 30}"
1776129568,normal,sw-wk2,0.2238888888888647,0.28901461574728904,116.06666666666666,100.86666666666666,5480.8,27906.366666666665,0.0,0,0,0,0,0,0,{}
1776129568,normal,sw-wk3,0.15497339154975975,0.34685958943384687,117.65490117654902,103.98960103989602,2307.302603073026,5670.8995767089955,0.0,0,0,0,0,0,0,{}
1776129568,normal,k3s-wk1,0.3270000000000032,0.6283183742858659,330.0,171.8,33138.2,4866.4,0.0,0,36,3,0,30,0,"{""process_exit"": 36, ""process_exec"": 36, ""process_kprobe"": 30}"
1776129578,normal,sw-wk2,0.2238888888888647,0.28901461574728904,116.06666666666669,100.86666666666666,5480.8,27906.366666666665,0.0,0,0,0,0,0,0,{}
1776129578,normal,sw-wk3,0.1836961473925266,0.3521971405634772,116.07827449411607,100.87675434210087,5045.571223789046,5819.2485915258185,0.0,0,0,0,0,0,0,{}
1776129578,normal,k3s-wk1,0.3270000000000032,0.6283183742858659,330.0,171.8,33138.2,4866.4,0.0,0,9,2,0,6,0,"{""process_exit"": 9, ""process_exec"": 9, ""process_kprobe"": 6}"
1776129588,normal,sw-wk2,0.2238888888888647,0.28901461574728904,116.06666666666666,100.86666666666666,5480.8,27906.366666666665,0.0,0,0,0,0,0,0,{}
1776129588,normal,sw-wk3,0.18369614739252682,0.3521971405634772,116.07827449411607,100.87675434210087,5045.571223789046,5819.2485915258185,0.0,0,2,2,0,0,0,"{""process_exec"": 2, ""process_exit"": 7}"
1776129588,normal,k3s-wk1,0.30844444444438623,0.6292203196205282,325.5333333333333,165.8,10150.56666666667,10057.0,0.0,0,15,2,0,10,0,"{""process_exit"": 15, ""process_exec"": 15, ""process_kprobe"": 10}"
1776129598,normal,sw-wk2,0.1186602658132454,0.2892248684327893,78.34377917055608,68.20909454593945,1078.7438325110015,3692.3923189758634,0.0,0,0,0,0,0,0,{}
1776129598,normal,sw-wk3,0.18369614739252682,0.3521971405634772,116.07827449411607,100.87675434210087,5045.571223789046,5819.2485915258185,0.0,0,0,0,0,0,0,{}
1776129598,normal,k3s-wk1,0.30844444444438623,0.6292203196205282,325.5333333333333,165.8,10150.566666666666,10057.0,0.0,0,36,3,0,30,0,"{""process_exit"": 36, ""process_exec"": 36, ""process_kprobe"": 30}"
1776129608,normal,sw-wk2,0.1186602658132454,0.2892248684327893,78.34377917055608,68.20909454593945,1078.7438325110015,3692.3923189758634,0.0,0,106,7,0,0,0,"{""process_exec"": 106, ""process_exit"": 106}"
1776129608,normal,sw-wk3,0.2386666666666618,0.3838927329026339,113.16666666666667,98.0,3525.3333333333335,7073.333333333333,0.0,0,1,1,0,0,0,"{""process_exit"": 3, ""process_exec"": 1}"
1776129608,normal,k3s-wk1,0.30844444444438623,0.6292203196205282,325.5333333333333,165.8,10150.566666666666,10057.0,0.0,0,39,3,0,32,0,"{""process_exit"": 39, ""process_exec"": 39, ""process_kprobe"": 32}"
1776129618,normal,sw-wk2,0.1186602658132454,0.2892248684327893,78.34377917055608,68.20909454593945,1078.7438325110015,3692.3923189758634,0.0,0,0,0,0,0,0,{}
1776129618,normal,sw-wk3,0.2386666666666618,0.3838927329026339,113.16666666666667,98.0,3525.3333333333335,7073.333333333333,0.0,0,0,0,0,0,0,{}
1776129618,normal,k3s-wk1,0.30833333333337376,0.6296718567092203,526.1666666666666,259.23333333333335,34936.933333333334,9613.8,0.0,0,39,3,0,32,0,"{""process_exit"": 39, ""process_exec"": 39, ""process_kprobe"": 32}"
1776129628,normal,sw-wk2,0.20113314447592223,0.29061062476904065,113.18113647725379,97.98366938843526,5418.330278286952,27834.627562072983,0.0,0,0,0,0,0,0,{}
1776129628,normal,sw-wk3,0.2386666666666618,0.3838927329026339,113.16666666666667,98.0,3525.3333333333335,7073.333333333333,0.0,0,0,0,0,0,0,{}
1776129628,normal,k3s-wk1,0.30833333333337376,0.6296718567092203,526.1666666666666,259.23333333333335,34936.933333333334,9613.8,0.0,0,12,2,0,8,0,"{""process_exit"": 12, ""process_exec"": 12, ""process_kprobe"": 8}"
1776129638,normal,sw-wk2,0.20113314447592223,0.29061062476904065,113.18113647725379,97.98366938843526,5418.330278286951,27834.627562072987,0.0,0,0,0,0,0,0,{}
1776129638,normal,sw-wk3,0.16688888888885334,0.40970284287115966,116.06666666666666,100.86666666666666,2913.2666666666664,6841.333333333333,0.0,0,1,1,0,0,0,"{""process_exit"": 9, ""process_exec"": 1}"
1776129638,normal,k3s-wk1,0.30833333333337376,0.6296718567092203,526.1666666666666,259.23333333333335,34936.933333333334,9613.8,0.0,0,12,2,0,8,0,"{""process_exit"": 12, ""process_exec"": 12, ""process_kprobe"": 8}"
1776129648,normal,sw-wk2,0.20113314447592223,0.29061062476904065,113.18113647725379,97.98366938843526,5418.330278286952,27834.627562072987,0.0,0,0,0,0,0,0,{}
1776129648,normal,sw-wk3,0.16688888888885334,0.40970284287115966,116.06666666666666,100.86666666666666,2913.2666666666664,6841.333333333333,0.0,0,0,0,0,0,0,{}
1776129648,normal,k3s-wk1,0.26377777777775513,0.6313944707025805,325.4,165.8,10276.133333333335,1714.1,0.0,0,33,3,0,28,0,"{""process_exit"": 34, ""process_exec"": 33, ""process_kprobe"": 28}"
1776129658,normal,sw-wk2,0.13252208701448798,0.2878375192731628,116.08601433572261,100.88348058009667,710.3183863977329,3711.718619769961,0.0,0,0,0,0,0,0,{}
1776129658,normal,sw-wk3,0.16688888888885334,0.40970284287115966,116.06666666666666,100.86666666666666,2913.2666666666664,6841.333333333333,0.0,0,0,0,0,0,0,{}
1776129658,normal,k3s-wk1,0.26377777777775513,0.6313944707025805,325.4,165.8,10276.133333333333,1714.1,0.0,0,36,3,0,30,0,"{""process_exit"": 36, ""process_exec"": 36, ""process_kprobe"": 30}"
1776129668,normal,sw-wk2,0.13252208701448798,0.2878375192731628,116.08601433572261,100.88348058009667,710.318386397733,3711.718619769961,0.0,0,2,2,0,0,0,"{""process_exec"": 2}"
1776129668,normal,sw-wk3,0.16355555555560886,0.4391398116645642,75.46666666666667,65.33333333333333,2376.0666666666666,5516.033333333333,0.0,0,1,1,0,0,0,"{""process_exit"": 41, ""process_exec"": 1}"
1776129668,normal,k3s-wk1,0.26377777777775513,0.6313944707025805,325.4,165.8,10276.133333333333,1714.1,0.0,0,36,3,0,30,0,"{""process_exit"": 36, ""process_exec"": 36, ""process_kprobe"": 30}"
1776129678,normal,sw-wk2,0.13252208701448798,0.2878375192731628,116.08601433572261,100.88348058009667,710.3183863977329,3711.718619769961,0.0,0,104,5,0,0,0,"{""process_exit"": 106, ""process_exec"": 104}"
1776129678,normal,sw-wk3,0.16355555555560886,0.4391398116645642,75.46666666666667,65.33333333333333,2376.0666666666666,5516.033333333333,0.0,0,0,0,0,0,0,{}
1776129678,normal,k3s-wk1,0.289825122769653,0.6323912388258681,327.5114992333844,167.78881407906138,19707.58616092261,4989.834011065929,0.0,0,36,3,0,30,0,"{""process_exit"": 36, ""process_exec"": 36, ""process_kprobe"": 30}"
1776129688,normal,sw-wk2,0.22122222222222065,0.28359901627228357,113.2,98.0,5375.533333333333,27852.166666666668,0.0,0,0,0,0,0,0,{}
1776129688,normal,sw-wk3,0.16355555555560886,0.4391398116645642,75.46666666666667,65.33333333333333,2376.0666666666666,5516.033333333333,0.0,0,0,0,0,0,0,"{""process_exit"": 1}"
1776129688,normal,k3s-wk1,0.289825122769653,0.6323912388258681,327.5114992333844,167.78881407906138,19707.586160922605,4989.834011065929,0.0,0,57,3,0,50,0,"{""process_exit"": 57, ""process_exec"": 57, ""process_kprobe"": 50}"
1776129698,normal,sw-wk2,0.22122222222222065,0.28359901627228357,113.2,98.0,5375.533333333333,27852.166666666668,0.0,0,0,0,0,0,0,{}
1776129698,normal,sw-wk3,0.21463409214635543,0.36182575786536186,116.05506116055061,100.85658100856581,7279.238742792388,11407.092624070927,0.0,0,0,0,0,0,0,{}
1776129698,normal,k3s-wk1,0.289825122769653,0.6323912388258681,327.5114992333844,167.78881407906138,19707.586160922605,4989.834011065929,0.0,0,12,2,0,8,0,"{""process_exit"": 12, ""process_exec"": 12, ""process_kprobe"": 8}"
1776129708,normal,sw-wk2,0.22122222222222065,0.28359901627228357,113.2,98.0,5375.533333333333,27852.166666666668,0.0,0,0,0,0,0,0,{}
1776129708,normal,sw-wk3,0.21463409214635543,0.36182575786536186,116.05506116055061,100.85658100856581,7279.238742792388,11407.092624070927,0.0,0,1,1,0,0,0,"{""process_exit"": 23, ""process_exec"": 1}"
1776129708,normal,k3s-wk1,0.3107318265661476,0.6260471427297449,329.42196146409765,170.41136075738385,31871.52476831789,11461.430762050803,0.0,0,30,3,0,26,0,"{""process_exit"": 30, ""process_exec"": 30, ""process_kprobe"": 26}"
1776129719,normal,sw-wk2,0.1290580627958201,0.2873915287281624,115.45896940203986,106.85954269715351,2601.1265915605627,3811.0125991600557,0.0,0,0,0,0,0,0,{}
1776129719,normal,sw-wk3,0.21463409214635543,0.36182575786536186,116.05506116055061,100.85658100856581,7279.238742792388,11407.092624070927,0.0,0,0,0,0,0,0,{}
1776129719,normal,k3s-wk1,0.3107318265661476,0.6260471427297449,329.42196146409765,170.41136075738385,31871.52476831789,11461.430762050804,0.0,0,54,3,0,48,0,"{""process_exit"": 54, ""process_exec"": 54, ""process_kprobe"": 48}"
1776129728,normal,sw-wk2,0.1290580627958201,0.2873915287281624,115.45896940203986,106.85954269715351,2601.1265915605627,3811.0125991600557,0.0,0,105,6,0,0,0,"{""process_exec"": 105, ""process_exit"": 103}"
1776129728,normal,sw-wk3,0.15724905823911528,0.35122711112810123,113.17798446511317,98.009800980098,2951.1284461779514,8435.343534353435,0.0,0,0,0,0,0,0,{}
1776129728,normal,k3s-wk1,0.3107318265661476,0.6260471427297449,329.42196146409765,170.41136075738385,31871.52476831789,11461.430762050804,0.0,0,30,3,0,26,0,"{""process_exit"": 30, ""process_exec"": 30, ""process_kprobe"": 26}"
1776129738,normal,sw-wk2,0.1290580627958201,0.2873915287281624,115.45896940203986,106.85954269715351,2601.1265915605627,3811.0125991600557,0.0,0,1,1,0,0,0,"{""process_exit"": 3, ""process_exec"": 1}"
1776129738,normal,sw-wk3,0.15724905823911528,0.35122711112810123,113.17798446511317,98.009800980098,2951.128446177951,8435.343534353435,0.0,0,1,1,0,0,0,"{""process_exit"": 9, ""process_exec"": 1}"
1776129738,normal,k3s-wk1,0.3143333333333429,0.6341127239765065,323.4,163.8,34798.3,12535.566666666666,0.0,0,33,3,0,28,0,"{""process_exit"": 33, ""process_exec"": 33, ""process_kprobe"": 28}"
1776129748,normal,sw-wk2,0.21158183616098625,0.2856457943091606,113.19622679244026,97.99673344221858,5886.103796540115,27965.40115329489,0.0,0,0,0,0,0,0,{}
1776129748,normal,sw-wk3,0.15724905823911528,0.35122711112810123,113.17798446511317,98.009800980098,2951.128446177951,8435.343534353435,0.0,0,0,0,0,0,0,{}
1776129748,normal,k3s-wk1,0.3143333333333431,0.6341127239765065,323.4,163.8,34798.3,12535.566666666666,0.0,0,9,2,0,6,0,"{""process_exit"": 9, ""process_exec"": 9, ""process_kprobe"": 6}"
1776129758,normal,sw-wk2,0.21158183616098625,0.2856457943091606,113.19622679244023,97.99673344221858,5886.103796540115,27965.40115329489,0.0,0,0,0,0,0,0,{}
1776129758,normal,sw-wk3,0.15711111111110443,0.35067917988710073,118.93333333333334,103.73333333333333,3496.600000000001,6378.2,0.0,0,0,0,0,0,0,{}
1776129758,normal,k3s-wk1,0.3143333333333431,0.6341127239765065,323.4,163.8,34798.3,12535.566666666666,0.0,0,15,2,0,10,0,"{""process_exit"": 15, ""process_exec"": 15, ""process_kprobe"": 10}"
1776129768,normal,sw-wk2,0.21158183616098625,0.2856457943091606,113.19622679244023,97.99673344221858,5886.103796540115,27965.401153294886,0.0,0,0,0,0,0,0,{}
1776129768,normal,sw-wk3,0.15711111111110465,0.35067917988710073,118.93333333333334,103.73333333333333,3496.6,6378.2,0.0,0,1,1,0,0,0,"{""process_exit"": 3, ""process_exec"": 1}"
1776129768,normal,k3s-wk1,0.2631111111111144,0.6335528179865284,325.5333333333333,165.8,8584.3,1695.7333333333336,0.0,0,60,3,0,52,0,"{""process_exit"": 60, ""process_exec"": 60, ""process_kprobe"": 52}"
1776129778,normal,sw-wk2,0.13969174695253284,0.2842329599755342,78.34116745007833,68.2068206820682,721.6054938827216,3680.16801680168,0.0,0,0,0,0,0,0,{}
1776129778,normal,sw-wk3,0.15711111111110465,0.35067917988710073,118.93333333333334,103.73333333333333,3496.6,6378.2,0.0,0,0,0,0,0,0,{}
1776129778,normal,k3s-wk1,0.2631111111111144,0.6335528179865284,325.5333333333333,165.8,8584.3,1695.7333333333333,0.0,0,33,3,0,28,0,"{""process_exit"": 33, ""process_exec"": 33, ""process_kprobe"": 28}"
1776129789,normal,sw-wk2,0.13969174695253284,0.2842329599755342,78.34116745007833,68.2068206820682,721.6054938827216,3680.16801680168,0.0,0,106,7,0,0,0,"{""process_exec"": 106, ""process_exit"": 106}"
1776129789,normal,sw-wk3,0.16511111111115795,0.35480937089847986,111.0,100.86666666666666,2451.1666666666665,5741.433333333333,0.0,0,0,0,0,0,0,{}
1776129789,normal,k3s-wk1,0.2631111111111144,0.6335528179865284,325.5333333333333,165.8,8584.3,1695.7333333333333,0.0,0,36,3,0,30,0,"{""process_exit"": 36, ""process_exec"": 36, ""process_kprobe"": 30}"
1776129799,normal,sw-wk2,0.13969174695253284,0.2842329599755342,78.34116745007833,68.2068206820682,721.6054938827216,3680.16801680168,0.0,0,0,0,0,0,0,{}
1776129799,normal,sw-wk3,0.16511111111115795,0.35480937089847986,111.0,100.86666666666666,2451.1666666666665,5741.433333333333,0.0,0,0,0,0,0,0,{}
1776129799,normal,k3s-wk1,0.29995889299960676,0.6284052951754391,325.50078325500783,165.78342165783423,33667.933206679336,9775.222477752224,0.0,0,12,2,0,8,0,"{""process_exit"": 12, ""process_exec"": 12, ""process_kprobe"": 8}"
1776129809,normal,sw-wk2,0.19510731902408163,0.2908192846311658,116.05119317424344,100.85321957072391,5429.0094654046125,27774.66337821624,0.0,0,0,0,0,0,0,{}
1776129809,normal,sw-wk3,0.16511111111115795,0.35480937089847986,111.0,100.86666666666666,2451.1666666666665,5741.433333333333,0.0,0,1,1,0,0,0,"{""process_exit"": 3, ""process_exec"": 1}"
1776129809,normal,k3s-wk1,0.29995889299960676,0.6284052951754391,325.50078325500783,165.78342165783423,33667.933206679336,9775.222477752224,0.0,0,36,3,0,30,0,"{""process_exit"": 36, ""process_exec"": 36, ""process_kprobe"": 30}"
1776129819,normal,sw-wk2,0.19510731902408163,0.2908192846311658,116.05119317424344,100.85321957072391,5429.0094654046125,27774.66337821624,0.0,0,7,6,0,2,1,"{""process_exec"": 7, ""process_exit"": 7, ""process_kprobe"": 2}"
1776129819,normal,sw-wk3,0.1666666666665858,0.35382341322935384,81.13333333333333,71.06666666666666,4843.666666666667,5759.566666666667,0.0,0,0,0,0,0,0,{}
1776129819,normal,k3s-wk1,0.29995889299960676,0.6284052951754391,325.50078325500783,165.78342165783423,33667.933206679336,9775.222477752224,0.0,0,12,2,0,8,0,"{""process_exit"": 12, ""process_exec"": 12, ""process_kprobe"": 8}"
1776129829,normal,sw-wk2,0.19510731902408163,0.2908192846311658,116.05119317424344,100.85321957072391,5429.0094654046125,27774.66337821624,0.0,0,10,5,0,5,4,"{""process_exit"": 14, ""process_exec"": 10, ""process_kprobe"": 5}"
1776129829,normal,sw-wk3,0.1666666666665858,0.35382341322935384,81.13333333333333,71.06666666666666,4843.666666666667,5759.566666666667,0.0,0,0,0,0,0,0,{}
1776129829,normal,k3s-wk1,0.3012634596792898,0.6280689000443636,323.4323432343234,163.81638163816382,13329.299596626328,7392.639263926392,0.0,0,54,3,0,48,0,"{""process_exit"": 54, ""process_exec"": 54, ""process_kprobe"": 48}"
1776129839,normal,sw-wk2,0.1615548739832301,0.29353664130891854,119.34924656620882,149.35324709961327,2796.906254167222,10683.624483264435,0.0,0,7,5,0,4,2,"{""process_exit"": 9, ""process_exec"": 7, ""process_kprobe"": 4}"
1776129839,normal,sw-wk3,0.1666666666665858,0.35382341322935384,81.13333333333333,71.06666666666666,4843.666666666667,5759.566666666667,0.0,0,0,0,0,0,0,{}
1776129839,normal,k3s-wk1,0.30126345967929,0.6280689000443636,323.4323432343234,163.81638163816382,13329.299596626328,7392.639263926392,0.0,0,15,2,0,10,0,"{""process_exit"": 15, ""process_exec"": 15, ""process_kprobe"": 10}"
1776129849,normal,sw-wk2,0.1615548739832301,0.29353664130891854,119.34924656620882,149.35324709961327,2796.906254167222,10683.624483264435,0.0,0,12,6,0,4,3,"{""process_exit"": 14, ""process_exec"": 12, ""process_kprobe"": 4}"
1776129849,normal,sw-wk3,0.15955555555560252,0.3528517909706028,116.06666666666666,100.86666666666666,3895.366666666667,5822.866666666667,0.0,0,1,1,0,0,0,"{""process_exit"": 3, ""process_exec"": 1}"
1776129849,normal,k3s-wk1,0.30126345967929,0.6280689000443636,323.4323432343234,163.81638163816382,13329.299596626328,7392.639263926392,0.0,0,36,3,0,30,0,"{""process_exit"": 36, ""process_exec"": 36, ""process_kprobe"": 30}"
1776129858,normal,sw-wk2,0.1615548739832301,0.29353664130891854,119.34924656620882,149.35324709961327,2796.906254167222,10683.624483264435,0.0,0,112,10,0,5,3,"{""process_exit"": 117, ""process_exec"": 112, ""process_kprobe"": 5}"
1776129858,normal,sw-wk3,0.15955555555560252,0.3528517909706028,116.06666666666666,100.86666666666666,3895.366666666667,5822.866666666667,0.0,0,0,0,0,0,0,{}
1776129858,normal,k3s-wk1,0.3008888888889082,0.6273543426015084,325.5333333333333,165.80000000000004,18960.933333333334,4840.266666666666,0.0,0,42,3,0,34,0,"{""process_exit"": 42, ""process_exec"": 42, ""process_kprobe"": 34}"
1776129869,normal,sw-wk2,0.2091111111110675,0.2884348280387884,211.2,199.56666666666666,5634.933333333333,36260.96666666667,0.0,0,7,5,0,3,2,"{""process_exec"": 7, ""process_exit"": 8, ""process_kprobe"": 3}"
1776129869,normal,sw-wk3,0.15955555555560252,0.3528517909706028,116.06666666666666,100.86666666666666,3895.366666666667,5822.866666666667,0.0,0,0,0,0,0,0,{}
1776129869,normal,k3s-wk1,0.3008888888889083,0.6273543426015084,325.5333333333333,165.8,18960.933333333334,4840.266666666666,0.0,0,15,2,0,10,0,"{""process_exit"": 15, ""process_exec"": 15, ""process_kprobe"": 10}"
1776129879,normal,sw-wk2,0.2091111111110675,0.2884348280387884,211.2,199.56666666666666,5634.933333333333,36260.96666666667,0.0,0,12,5,0,6,4,"{""process_exit"": 16, ""process_exec"": 12, ""process_kprobe"": 6}"
1776129879,normal,sw-wk3,0.16211111111111265,0.35156160403685155,113.86666666666666,103.73333333333335,2949.7,5930.466666666666,0.0,0,1,1,0,0,0,"{""process_exit"": 5, ""process_exec"": 1}"
1776129879,normal,k3s-wk1,0.3008888888889083,0.6273543426015084,325.5333333333333,165.8,18960.933333333334,4840.266666666666,0.0,0,36,3,0,30,0,"{""process_exit"": 36, ""process_exec"": 36, ""process_kprobe"": 30}"
1776129889,normal,sw-wk2,0.2091111111110675,0.2884348280387884,211.2,199.56666666666666,5634.933333333333,36260.96666666667,0.0,0,10,5,0,5,4,"{""process_exit"": 14, ""process_exec"": 10, ""process_kprobe"": 5}"
1776129889,normal,sw-wk3,0.16211111111111265,0.35156160403685155,113.86666666666666,103.73333333333333,2949.7,5930.466666666666,0.0,0,0,0,0,0,0,{}
1776129889,normal,k3s-wk1,0.28722222222220617,0.6149686802586856,323.4000000000001,163.8,42212.96666666667,6823.766666666666,0.0,0,15,2,0,10,0,"{""process_exit"": 15, ""process_exec"": 15, ""process_kprobe"": 10}"
1776129899,normal,sw-wk2,0.128560636359611,0.28585604699466083,164.44474070123985,166.94440741234502,842.2543660845221,13534.195440607918,0.0,0,8,5,0,4,2,"{""process_exit"": 10, ""process_exec"": 8, ""process_kprobe"": 4}"
1776129899,normal,sw-wk3,0.16211111111111265,0.35156160403685155,113.86666666666666,103.73333333333333,2949.7,5930.466666666666,0.0,0,0,0,0,0,0,{}
1776129899,normal,k3s-wk1,0.28722222222220617,0.6149686802586856,323.4,163.8,42212.96666666667,6823.766666666666,0.0,0,36,3,0,30,0,"{""process_exit"": 36, ""process_exec"": 36, ""process_kprobe"": 30}"
1776129909,normal,sw-wk2,0.128560636359611,0.28585604699466083,164.44474070123985,166.94440741234502,842.2543660845221,13534.195440607918,0.0,0,8,6,0,3,2,"{""process_exit"": 8, ""process_exec"": 8, ""process_kprobe"": 3}"
1776129909,normal,sw-wk3,0.16411111111111598,0.35019177593435025,116.06666666666666,100.86666666666666,2300.9333333333334,5648.933333333334,0.0,0,1,1,0,0,0,"{""process_exit"": 3, ""process_exec"": 1}"
1776129909,normal,k3s-wk1,0.28722222222220617,0.6149686802586856,323.4,163.8,42212.96666666667,6823.766666666666,0.0,0,15,2,0,10,0,"{""process_exit"": 15, ""process_exec"": 15, ""process_kprobe"": 10}"
1776129919,normal,sw-wk2,0.128560636359611,0.28585604699466083,164.44474070123985,166.94440741234502,842.2543660845221,13534.195440607918,0.0,0,114,10,0,5,4,"{""process_exit"": 120, ""process_exec"": 114, ""process_kprobe"": 5}"
1776129919,normal,sw-wk3,0.16411111111111598,0.35019177593435025,116.06666666666666,100.86666666666666,2300.9333333333334,5648.933333333333,0.0,0,0,0,0,0,0,{}
1776129919,normal,k3s-wk1,0.27833333333332533,0.6180921880697128,325.5333333333333,165.8,17775.3,4934.633333333333,0.0,0,12,2,0,8,0,"{""process_exit"": 12, ""process_exec"": 12, ""process_kprobe"": 8}"
1776129929,normal,sw-wk2,0.2461217051162765,0.2914086292799164,186.2248299773303,179.6906254167222,6643.985864781971,35641.218829177225,0.0,0,7,5,0,4,2,"{""process_exit"": 9, ""process_exec"": 7, ""process_kprobe"": 4}"
1776129929,normal,sw-wk3,0.16411111111111598,0.35019177593435025,116.06666666666666,100.86666666666666,2300.9333333333334,5648.933333333333,0.0,0,1,1,0,0,0,"{""process_exit"": 9, ""process_exec"": 1}"
1776129929,normal,k3s-wk1,0.27833333333332533,0.6180921880697128,325.5333333333333,165.8,17775.3,4934.633333333333,0.0,0,15,2,0,10,0,"{""process_exit"": 15, ""process_exec"": 15, ""process_kprobe"": 10}"
1776129939,normal,sw-wk2,0.2461217051162765,0.2914086292799164,186.2248299773303,179.6906254167222,6643.985864781971,35641.218829177225,0.0,0,6,5,0,3,2,"{""process_exit"": 8, ""process_exec"": 6, ""process_kprobe"": 3}"
1776129939,normal,sw-wk3,0.1578888888888792,0.3555325127107305,116.03333333333333,100.86666666666666,3718.0,6444.833333333333,0.0,0,0,0,0,0,0,{}
1776129939,normal,k3s-wk1,0.27833333333332533,0.6180921880697128,325.5333333333333,165.8,17775.3,4934.633333333333,0.0,0,15,2,0,10,0,"{""process_exit"": 15, ""process_exec"": 15, ""process_kprobe"": 10}"
1776129949,normal,sw-wk2,0.2461217051162765,0.2914086292799164,186.2248299773303,179.6906254167222,6643.985864781971,35641.218829177225,0.0,0,7,5,0,3,2,"{""process_exit"": 9, ""process_exec"": 7, ""process_kprobe"": 3}"
1776129949,normal,sw-wk3,0.1578888888888792,0.3555325127107305,116.03333333333333,100.86666666666666,3718.0,6444.833333333333,0.0,0,1,1,0,0,0,"{""process_exit"": 3, ""process_exec"": 1}"
1776129949,normal,k3s-wk1,0.2894444444444768,0.6155635803730374,325.5333333333333,165.8,41810.6,8534.7,0.0,0,12,2,0,8,0,"{""process_exit"": 13, ""process_exec"": 12, ""process_kprobe"": 8}"
1776129959,normal,sw-wk2,0.16366706661331287,0.2888744472902889,161.51179842687642,156.34582055725903,2710.6052526329822,8867.85095320624,0.0,0,0,0,0,0,0,"{""process_exit"": 2}"
1776129959,normal,sw-wk3,0.1578888888888792,0.3555325127107305,116.03333333333333,100.86666666666666,3718.0,6444.833333333333,0.0,0,0,0,0,0,0,{}
1776129959,normal,k3s-wk1,0.2894444444444768,0.6155635803730374,325.5333333333333,165.8,41810.6,8534.7,0.0,0,33,3,0,28,0,"{""process_exit"": 33, ""process_exec"": 33, ""process_kprobe"": 28}"
1776129969,normal,sw-wk2,0.16366706661331287,0.2888744472902889,161.51179842687642,156.34582055725903,2710.6052526329822,8867.85095320624,0.0,0,106,7,0,0,0,"{""process_exec"": 106, ""process_exit"": 106}"
1776129969,normal,sw-wk3,0.1693333333333511,0.3509404029206009,108.8,103.73333333333333,3180.3,6211.566666666667,0.0,0,1,1,0,0,0,"{""process_exit"": 3, ""process_exec"": 1}"
1776129969,normal,k3s-wk1,0.2894444444444768,0.6155635803730374,325.5333333333333,165.8,41810.6,8534.7,0.0,0,54,3,0,48,0,"{""process_exit"": 54, ""process_exec"": 54, ""process_kprobe"": 48}"
1776129979,normal,sw-wk2,0.16366706661331287,0.2888744472902889,161.51179842687642,156.34582055725903,2710.6052526329822,8867.85095320624,0.0,0,0,0,0,0,0,{}
1776129979,normal,sw-wk3,0.1693333333333511,0.3509404029206009,108.8,103.73333333333333,3180.3,6211.566666666667,0.0,0,0,0,0,0,0,{}
1776129979,normal,k3s-wk1,0.3128888888888469,0.6162736224450056,323.4,163.8,34583.333333333336,12358.4,0.0,0,36,3,0,30,0,"{""process_exit"": 36, ""process_exec"": 36, ""process_kprobe"": 30}"
1776129989,normal,sw-wk2,0.2071111111111047,0.2860790422671611,124.06666666666666,106.33333333333333,5352.633333333334,27820.433333333334,0.0,0,0,0,0,0,0,{}
1776129989,normal,sw-wk3,0.1693333333333511,0.3509404029206009,108.8,103.73333333333333,3180.3,6211.566666666667,0.0,0,1,1,0,0,0,"{""process_exit"": 11, ""process_exec"": 1}"
1776129989,normal,k3s-wk1,0.3128888888888469,0.6162736224450056,323.4,163.8,34583.333333333336,12358.4,0.0,0,60,3,0,52,0,"{""process_exit"": 60, ""process_exec"": 60, ""process_kprobe"": 52}"
1776129999,normal,sw-wk2,0.2071111111111047,0.2860790422671611,124.06666666666666,106.33333333333333,5352.633333333333,27820.433333333334,0.0,0,0,0,0,0,0,{}
1776129999,normal,sw-wk3,0.16011111111106902,0.3539142041617289,82.8,74.2,2980.6000000000004,6793.633333333333,0.0,0,0,0,0,0,0,{}
1776129999,normal,k3s-wk1,0.3128888888888469,0.6162736224450056,323.4,163.8,34583.333333333336,12358.4,0.0,0,15,2,0,10,0,"{""process_exit"": 15, ""process_exec"": 15, ""process_kprobe"": 10}"
1776130009,normal,sw-wk2,0.2071111111111047,0.2860790422671611,124.06666666666666,106.33333333333333,5352.633333333333,27820.433333333334,0.0,0,0,0,0,0,0,{}
1776130009,normal,sw-wk3,0.16011111111106902,0.3539142041617289,82.8,74.2,2980.6,6793.633333333333,0.0,0,0,0,0,0,0,{}
1776130009,normal,k3s-wk1,0.27055555555557975,0.61724216950025,325.5333333333333,165.8,10306.466666666667,1794.1333333333332,0.0,0,30,3,0,26,0,"{""process_exit"": 30, ""process_exec"": 30, ""process_kprobe"": 26}"
1776130019,normal,sw-wk2,0.12260817387826817,0.28673847114441176,113.2075471698113,98.00653376891793,648.9099273284886,3622.8748583238885,0.0,0,0,0,0,0,0,{}
1776130019,normal,sw-wk3,0.16011111111106902,0.3539142041617289,82.8,74.2,2980.6,6793.633333333333,0.0,0,1,1,0,0,0,"{""process_exit"": 5, ""process_exec"": 1}"
1776130019,normal,k3s-wk1,0.27055555555557975,0.61724216950025,325.5333333333333,165.8,10306.466666666667,1794.1333333333332,0.0,0,30,3,0,23,0,"{""process_exit"": 30, ""process_exec"": 30, ""process_kprobe"": 23}"
1776130029,normal,sw-wk2,0.12260817387826817,0.28673847114441176,113.20754716981133,98.00653376891793,648.9099273284886,3622.8748583238885,0.0,0,106,7,0,0,0,"{""process_exec"": 106, ""process_exit"": 106}"
1776130029,normal,sw-wk3,0.14688888888890184,0.351024822559476,116.06666666666666,100.86666666666666,2894.366666666667,5934.4,0.0,0,0,0,0,0,0,{}
1776130029,normal,k3s-wk1,0.27055555555557975,0.61724216950025,325.5333333333333,165.8,10306.466666666667,1794.1333333333332,0.0,0,39,3,0,35,0,"{""process_kprobe"": 35, ""process_exit"": 39, ""process_exec"": 39}"
1776130039,normal,sw-wk2,0.12260817387826817,0.28673847114441176,113.20754716981133,98.00653376891793,648.9099273284886,3622.8748583238885,0.0,0,0,0,0,0,0,{}
1776130039,normal,sw-wk3,0.14688888888890184,0.351024822559476,116.06666666666666,100.86666666666666,2894.366666666667,5934.4,0.0,0,0,0,0,0,0,{}
1776130039,normal,k3s-wk1,0.306111111111103,0.6124344283484016,323.4,163.80000000000004,34094.7,11501.766666666668,0.0,0,39,3,0,32,0,"{""process_exit"": 39, ""process_exec"": 39, ""process_kprobe"": 32}"
1776130049,normal,sw-wk2,0.22874379228741681,0.28456586006090956,116.02173116021731,100.85658100856581,8791.920807919209,29665.200146652,0.0,0,14,8,3,0,0,"{""process_exec"": 14, ""process_exit"": 12}"
1776130049,normal,sw-wk3,0.14688888888890184,0.351024822559476,116.06666666666666,100.86666666666666,2894.366666666667,5934.4,0.0,0,0,0,0,0,0,{}
1776130049,normal,k3s-wk1,0.306111111111103,0.6124344283484016,323.4,163.8,34094.7,11501.766666666666,0.0,0,33,3,0,28,0,"{""process_exit"": 33, ""process_exec"": 33, ""process_kprobe"": 28}"
1776130059,normal,sw-wk2,0.22874379228741681,0.28456586006090956,116.02173116021731,100.85658100856581,8791.920807919209,29665.200146652,0.0,0,18,10,4,1,0,"{""process_exit"": 20, ""process_exec"": 18, ""process_kprobe"": 1}"
1776130059,normal,sw-wk3,0.16633333333334632,0.3509483670374759,98.0,98.0,5041.333333333333,5194.333333333333,0.0,0,1,1,0,0,0,"{""process_exit"": 11, ""process_exec"": 1}"
1776130059,normal,k3s-wk1,0.306111111111103,0.6124344283484016,323.4,163.8,34094.7,11501.766666666666,0.0,0,15,2,0,10,0,"{""process_exit"": 15, ""process_exec"": 15, ""process_kprobe"": 10}"
1776130069,normal,sw-wk2,0.22874379228741681,0.28456586006090956,116.02173116021731,100.85658100856581,8791.920807919209,29665.200146652,0.0,0,0,0,0,2,0,"{""process_kprobe"": 2}"
1776130069,normal,sw-wk3,0.16633333333334632,0.3509483670374759,98.0,98.0,5041.333333333333,5194.333333333333,0.0,0,0,0,0,0,0,{}
1776130069,normal,k3s-wk1,0.293959492939603,0.6132426797371602,325.50078325500783,165.78342165783423,16747.525247475252,5933.2400093324,0.0,0,36,3,0,30,0,"{""process_exit"": 36, ""process_exec"": 36, ""process_kprobe"": 30}"
1776130079,normal,sw-wk2,0.11949685534589405,0.28819271888578823,80.43869591306088,92.40616041069406,736.2824188279219,8697.346489765985,0.0,0,0,0,0,2,0,"{""process_kprobe"": 2}"
1776130079,normal,sw-wk3,0.16633333333334632,0.3509483670374759,98.0,98.0,5041.333333333333,5194.333333333333,0.0,0,0,0,0,0,0,{}
1776130079,normal,k3s-wk1,0.293959492939603,0.6132426797371602,325.50078325500783,165.78342165783423,16747.525247475252,5933.2400093324,0.0,0,30,3,0,26,0,"{""process_exit"": 30, ""process_exec"": 30, ""process_kprobe"": 26}"
1776130089,normal,sw-wk2,0.11949685534589405,0.28819271888578823,80.43869591306088,92.40616041069406,736.2824188279219,8697.346489765985,0.0,0,2,2,0,1,0,"{""process_kprobe"": 1, ""process_exec"": 2}"
1776130089,normal,sw-wk3,0.1527777777778182,0.34946544847534944,116.06666666666666,100.86666666666669,2403.2,6762.633333333333,0.0,0,1,1,0,0,0,"{""process_exit"": 9, ""process_exec"": 1}"
1776130089,normal,k3s-wk1,0.293959492939603,0.6132426797371602,325.50078325500783,165.78342165783423,16747.525247475252,5933.2400093324,0.0,0,21,2,0,14,0,"{""process_exit"": 21, ""process_exec"": 21, ""process_kprobe"": 14}"
1776130099,normal,sw-wk2,0.11949685534589405,0.28819271888578823,80.43869591306088,92.40616041069406,736.2824188279219,8697.346489765985,0.0,0,104,5,0,1,0,"{""process_exit"": 106, ""process_exec"": 104, ""process_kprobe"": 1}"
1776130099,normal,sw-wk3,0.1527777777778182,0.34946544847534944,116.06666666666666,100.86666666666666,2403.2,6762.633333333333,0.0,0,0,0,0,0,0,{}
1776130099,normal,k3s-wk1,0.3075974264092931,0.6149912571131202,325.56588992232554,165.8165816581658,35217.58842550922,9677.101043437677,0.0,0,78,3,0,70,0,"{""process_exit"": 78, ""process_exec"": 78, ""process_kprobe"": 70}"
1776130109,normal,sw-wk2,0.20413763985647837,0.2876113383539126,130.19566014466182,120.12932902236591,5386.387120429319,28605.213159561343,0.0,0,0,0,0,1,0,"{""process_kprobe"": 1}"
1776130109,normal,sw-wk3,0.1527777777778182,0.34946544847534944,116.06666666666666,100.86666666666666,2403.2,6762.633333333333,0.0,0,0,0,0,0,0,{}
1776130109,normal,k3s-wk1,0.3075974264092931,0.6149912571131202,325.56588992232554,165.8165816581658,35217.58842550922,9677.101043437677,0.0,0,46,3,0,38,0,"{""process_exit"": 46, ""process_exec"": 46, ""process_kprobe"": 38}"
1776130119,normal,sw-wk2,0.20413763985647837,0.2876113383539126,130.19566014466182,120.12932902236591,5386.387120429318,28605.213159561343,0.0,0,0,0,0,1,0,"{""process_kprobe"": 1}"
1776130119,normal,sw-wk3,0.15555555555555556,0.35519324133185515,116.06666666666666,100.86666666666666,2887.9333333333334,6501.366666666667,0.0,0,0,0,0,0,0,{}
1776130119,normal,k3s-wk1,0.3075974264092931,0.6149912571131202,325.56588992232554,165.8165816581658,35217.58842550922,9677.101043437677,0.0,0,50,3,0,44,0,"{""process_kprobe"": 44, ""process_exit"": 50, ""process_exec"": 50}"
1776130129,normal,sw-wk2,0.20413763985647837,0.2876113383539126,130.19566014466182,120.12932902236591,5386.387120429318,28605.213159561343,0.0,0,0,0,0,1,0,"{""process_kprobe"": 1}"
1776130129,normal,sw-wk3,0.15555555555555556,0.35519324133185515,116.06666666666666,100.86666666666666,2887.9333333333334,6501.366666666667,0.0,0,1,1,0,0,0,"{""process_exit"": 3, ""process_exec"": 1}"
1776130129,normal,k3s-wk1,0.28233333333333166,0.6188722183904283,327.8666666666667,169.8,10020.2,3846.4,0.0,0,39,3,0,32,0,"{""process_exit"": 39, ""process_exec"": 39, ""process_kprobe"": 32}"
1776130139,normal,sw-wk2,0.12938640353802977,0.2936353963581686,124.20828055203681,117.67451163410895,923.9615974398293,4181.245416361091,0.0,0,0,0,0,1,0,"{""process_kprobe"": 1}"
1776130139,normal,sw-wk3,0.15555555555555556,0.35519324133185515,116.06666666666666,100.86666666666666,2887.9333333333334,6501.366666666667,0.0,0,0,0,0,0,0,{}
1776130139,normal,k3s-wk1,0.28233333333333166,0.6188722183904283,327.8666666666667,169.8,10020.2,3846.4,0.0,0,12,2,0,8,0,"{""process_exit"": 12, ""process_exec"": 12, ""process_kprobe"": 8}"
1776130149,normal,sw-wk2,0.12938640353802977,0.2936353963581686,124.20828055203681,117.67451163410895,923.9615974398293,4181.245416361091,0.0,0,106,7,0,1,0,"{""process_exec"": 106, ""process_kprobe"": 1, ""process_exit"": 106}"
1776130149,normal,sw-wk3,0.15399999999996605,0.35188972565210186,98.0,98.0,4190.0,5889.8,0.0,0,0,0,0,0,0,{}
1776130149,normal,k3s-wk1,0.28233333333333166,0.6188722183904283,327.8666666666667,169.8,10020.2,3846.4,0.0,0,18,2,0,12,0,"{""process_exit"": 18, ""process_exec"": 18, ""process_kprobe"": 12}"
1776130159,normal,sw-wk2,0.12938640353802977,0.2936353963581686,124.20828055203681,117.67451163410895,923.9615974398293,4181.245416361091,0.0,0,0,0,0,1,0,"{""process_kprobe"": 1}"
1776130159,normal,sw-wk3,0.15399999999996605,0.35188972565210186,98.0,98.0,4190.0,5889.8,0.0,0,0,0,0,0,0,{}
1776130159,normal,k3s-wk1,0.3025555555555507,0.6286852481704281,325.5333333333333,165.8,33643.96666666667,9642.466666666667,0.0,0,12,2,0,8,0,"{""process_exit"": 12, ""process_exec"": 12, ""process_kprobe"": 8}"
1776130169,normal,sw-wk2,0.2001644334821946,0.28470284287115966,122.19185387640823,112.72581827878142,5462.102526498234,28345.476968202118,0.0,0,0,0,0,0,0,{}
1776130169,normal,sw-wk3,0.15399999999996605,0.35188972565210186,98.0,98.0,4190.0,5889.8,0.0,0,1,1,0,0,0,"{""process_exit"": 7, ""process_exec"": 1}"
1776130169,normal,k3s-wk1,0.3025555555555507,0.6286852481704281,325.5333333333333,165.8,33643.96666666667,9642.466666666667,0.0,0,18,2,0,12,0,"{""process_exit"": 18, ""process_exec"": 18, ""process_kprobe"": 12}"
1776130179,normal,sw-wk2,0.2001644334821946,0.28470284287115966,122.19185387640823,112.72581827878142,5462.102526498234,28345.476968202118,0.0,0,0,0,0,1,0,"{""process_kprobe"": 1}"
1776130179,normal,sw-wk3,0.16277777777775349,0.35295851013672797,116.06666666666666,100.86666666666666,3651.4000000000005,6314.133333333333,0.0,0,0,0,0,0,0,{}
1776130179,normal,k3s-wk1,0.3025555555555507,0.6286852481704281,325.5333333333333,165.8,33643.96666666667,9642.466666666667,0.0,0,15,2,0,10,0,"{""process_exit"": 15, ""process_exec"": 15, ""process_kprobe"": 10}"
1776130189,normal,sw-wk2,0.2001644334821946,0.28470284287115966,122.19185387640823,112.72581827878142,5462.102526498234,28345.476968202118,0.0,0,0,0,0,1,0,"{""process_kprobe"": 1}"
1776130189,normal,sw-wk3,0.16277777777775349,0.35295851013672797,116.06666666666666,100.86666666666666,3651.4,6314.133333333333,0.0,0,0,0,0,0,0,{}
1776130189,normal,k3s-wk1,0.2764444444444557,0.6279560157721905,323.4,163.8,10459.5,3423.9,0.0,0,54,3,0,48,0,"{""process_exit"": 54, ""process_exec"": 54, ""process_kprobe"": 48}"
1776130199,normal,sw-wk2,0.12049692201704754,0.28584808287778585,119.20794719647978,112.80752050136677,1597.1731448763253,4251.750116674445,0.0,0,0,0,0,1,0,"{""process_kprobe"": 1}"
1776130199,normal,sw-wk3,0.16277777777775349,0.35295851013672797,116.06666666666666,100.86666666666666,3651.4,6314.133333333333,0.0,0,1,1,0,0,0,"{""process_exit"": 7, ""process_exec"": 1}"
1776130199,normal,k3s-wk1,0.2764444444444557,0.6279560157721905,323.4,163.8,10459.5,3423.9,0.0,0,39,3,0,32,0,"{""process_exit"": 39, ""process_exec"": 39, ""process_kprobe"": 32}"
1776130209,normal,sw-wk2,0.12049692201704754,0.28584808287778585,119.20794719647978,112.80752050136677,1597.1731448763253,4251.750116674445,0.0,0,2,2,0,0,0,"{""process_exec"": 2, ""process_exit"": 2}"
1776130209,normal,sw-wk3,0.1481111111111303,0.3454610905105955,78.33333333333333,68.20000000000002,2283.4666666666667,6186.9,0.0,0,0,0,0,0,0,{}
1776130209,normal,k3s-wk1,0.2764444444444557,0.6279560157721905,323.4,163.8,10459.5,3423.9,0.0,0,60,3,0,52,0,"{""process_exit"": 60, ""process_exec"": 60, ""process_kprobe"": 52}"
1776130219,normal,sw-wk2,0.12049692201704754,0.28584808287778585,119.20794719647978,112.80752050136677,1597.1731448763253,4251.750116674445,0.0,0,104,5,0,0,0,"{""process_exit"": 106, ""process_exec"": 104}"
1776130219,normal,sw-wk3,0.14811111111113062,0.3454610905105955,78.33333333333333,68.2,2283.4666666666667,6186.9,0.0,0,0,0,0,0,0,{}
1776130219,normal,k3s-wk1,0.29522222222217864,0.6224991900553472,515.6666666666666,258.23333333333335,34626.1,9374.9,0.0,0,12,2,0,8,0,"{""process_exit"": 12, ""process_exec"": 12, ""process_kprobe"": 8}"
1776130229,normal,sw-wk2,0.2341621669666435,0.2854339488002854,126.65822278514766,111.59256049596694,7145.22365175655,28285.780947936804,0.0,0,0,0,0,0,0,{}
1776130229,normal,sw-wk3,0.14811111111113062,0.3454610905105955,78.33333333333333,68.2,2283.4666666666667,6186.9,0.0,0,1,1,0,0,0,"{""process_exit"": 17, ""process_exec"": 1}"
1776130229,normal,k3s-wk1,0.29522222222217864,0.6224991900553472,515.6666666666666,258.23333333333335,34626.1,9374.9,0.0,0,12,2,0,8,0,"{""process_exit"": 12, ""process_exec"": 12, ""process_kprobe"": 8}"
1776130239,normal,sw-wk2,0.2341621669666435,0.2854339488002854,126.65822278514766,111.59256049596694,7145.22365175655,28285.780947936804,0.0,0,0,0,0,0,0,{}
1776130239,normal,sw-wk3,0.17388888888886467,0.3448701530384699,100.86666666666666,100.86666666666666,3574.133333333333,7481.5,0.0,0,0,0,0,0,0,{}
1776130239,normal,k3s-wk1,0.29522222222217864,0.6224991900553472,515.6666666666666,258.23333333333335,34626.1,9374.9,0.0,0,39,3,0,32,0,"{""process_exit"": 39, ""process_exec"": 39, ""process_kprobe"": 32}"
1776130249,normal,sw-wk2,0.2341621669666435,0.2854339488002854,126.65822278514766,111.59256049596694,7145.22365175655,28285.780947936804,0.0,0,0,0,0,0,0,{}
1776130249,normal,sw-wk3,0.17388888888886467,0.3448701530384699,100.86666666666666,100.86666666666666,3574.133333333333,7481.5,0.0,0,0,0,0,0,0,{}
1776130249,normal,k3s-wk1,0.27033333333339316,0.6245311069544613,327.5333333333333,167.8,11117.266666666666,4226.866666666667,0.0,0,12,2,0,8,0,"{""process_exit"": 13, ""process_exec"": 12, ""process_kprobe"": 8}"
1776130259,normal,sw-wk2,0.11474826938673643,0.28588790346216086,78.33594453148439,68.20227340911364,652.021734057802,3642.821427380912,0.0,0,0,0,0,0,0,{}
1776130259,normal,sw-wk3,0.17388888888886467,0.3448701530384699,100.86666666666666,100.86666666666666,3574.133333333333,7481.5,0.0,0,1,1,0,0,0,"{""process_exit"": 9, ""process_exec"": 1}"
1776130259,normal,k3s-wk1,0.27033333333339316,0.6245311069544613,327.5333333333333,167.8,11117.266666666666,4226.866666666667,0.0,0,57,3,0,50,0,"{""process_exit"": 57, ""process_exec"": 57, ""process_kprobe"": 50}"
1776130269,normal,sw-wk2,0.11474826938673621,0.28588790346216086,78.33594453148439,68.20227340911364,652.021734057802,3642.821427380913,0.0,0,2,2,0,0,0,"{""process_exec"": 2}"
1776130269,normal,sw-wk3,0.1495555555555863,0.3535255552582285,108.13333333333333,98.0,2364.633333333333,6491.266666666668,0.0,0,0,0,0,0,0,{}
1776130269,normal,k3s-wk1,0.27033333333339316,0.6245311069544613,327.5333333333333,167.8,11117.266666666666,4226.866666666667,0.0,0,36,3,0,29,0,"{""process_exit"": 36, ""process_exec"": 36, ""process_kprobe"": 29}"
1776130279,normal,sw-wk2,0.11474826938673621,0.28588790346216086,78.33594453148439,68.20227340911364,652.021734057802,3642.821427380913,0.0,0,104,5,0,0,0,"{""process_exit"": 106, ""process_exec"": 104}"
1776130279,normal,sw-wk3,0.1495555555555863,0.3535255552582285,108.13333333333333,98.0,2364.633333333333,6491.266666666666,0.0,0,1,1,0,0,0,"{""process_exit"": 15, ""process_exec"": 1}"
1776130279,normal,k3s-wk1,0.2895555555555297,0.6235490137865561,325.4,165.8,36442.0,6073.133333333333,0.0,0,36,3,0,31,0,"{""process_kprobe"": 31, ""process_exit"": 36, ""process_exec"": 36}"
1776130289,normal,sw-wk2,0.19538697420177975,0.28616346190603614,116.05892940470635,100.85994267048864,5753.449770015332,28040.197320178653,0.0,0,0,0,0,0,0,{}
1776130289,normal,sw-wk3,0.1495555555555863,0.3535255552582285,108.13333333333333,98.0,2364.633333333333,6491.266666666666,0.0,0,0,0,0,0,0,{}
1776130289,normal,k3s-wk1,0.2895555555555297,0.6235490137865561,325.4,165.8,36442.0,6073.133333333333,0.0,0,57,3,0,50,0,"{""process_exit"": 57, ""process_exec"": 57, ""process_kprobe"": 50}"
1776130299,normal,sw-wk2,0.19538697420177975,0.28616346190603614,116.05892940470635,100.85994267048864,5753.449770015332,28040.197320178653,0.0,0,0,0,0,0,0,{}
1776130299,normal,sw-wk3,0.15222222222223036,0.35175911413535177,111.0,100.86666666666666,2976.566666666667,7335.733333333334,0.0,0,0,0,0,0,0,{}
1776130299,normal,k3s-wk1,0.2895555555555297,0.6235490137865561,325.4,165.8,36442.0,6073.133333333333,0.0,0,57,3,0,50,0,"{""process_exit"": 57, ""process_exec"": 57, ""process_kprobe"": 50}"
1776130309,normal,sw-wk2,0.19538697420177975,0.28616346190603614,116.05892940470635,100.85994267048864,5753.449770015332,28040.197320178653,0.0,0,5,5,0,0,0,"{""process_exec"": 5, ""process_exit"": 4}"
1776130309,normal,sw-wk3,0.15222222222223036,0.35175911413535177,111.0,100.86666666666666,2976.5666666666666,7335.733333333334,0.0,0,0,0,0,0,0,{}
1776130309,normal,k3s-wk1,0.32000000000003237,0.6202606949381564,331.5333333333333,172.4,9662.833333333334,9183.5,0.0,0,30,3,0,26,0,"{""process_exit"": 30, ""process_exec"": 30, ""process_kprobe"": 26}"
1776130319,normal,sw-wk2,0.16297209906994947,0.29281031384991785,735.0578352611753,413.6137871262376,2372.4124137471254,5385.112837094571,0.0,0,3,2,0,0,0,"{""process_exit"": 3, ""process_exec"": 3}"
1776130319,normal,sw-wk3,0.15222222222223036,0.35175911413535177,111.0,100.86666666666666,2976.5666666666666,7335.733333333334,0.0,0,1,1,0,0,0,"{""process_exit"": 3, ""process_exec"": 1}"
1776130319,normal,k3s-wk1,0.32000000000003237,0.6202606949381564,331.5333333333333,172.4,9662.833333333334,9183.5,0.0,0,36,3,0,30,0,"{""process_exit"": 36, ""process_exec"": 36, ""process_kprobe"": 30}"
1776130329,normal,sw-wk2,0.16297209906994947,0.29281031384991785,735.0578352611755,413.6137871262376,2372.4124137471244,5385.112837094571,0.0,0,5,3,0,0,0,"{""process_exit"": 3, ""process_exec"": 5}"
1776130329,normal,sw-wk3,0.17388888888890508,0.34756043171884754,100.86666666666666,100.86666666666669,4122.166666666667,5707.033333333333,0.0,0,1,1,0,0,0,"{""process_exit"": 19, ""process_exec"": 1}"
1776130329,normal,k3s-wk1,0.32000000000003237,0.6202606949381564,331.5333333333333,172.4,9662.833333333334,9183.5,0.0,0,55,3,0,49,0,"{""process_exit"": 55, ""process_exec"": 55, ""process_kprobe"": 49}"
1776130339,normal,sw-wk2,0.16297209906994947,0.29281031384991785,735.0578352611755,413.6137871262376,2372.4124137471254,5385.112837094571,0.0,0,108,7,0,0,0,"{""process_exit"": 110, ""process_exec"": 108}"
1776130339,normal,sw-wk3,0.17388888888890508,0.34756043171884754,100.86666666666666,100.86666666666666,4122.166666666667,5707.033333333333,0.0,0,0,0,0,0,0,{}
1776130339,normal,k3s-wk1,0.28555555555552325,0.6261487385747007,325.5333333333333,165.8,15328.3,6701.233333333334,0.0,0,11,2,0,7,0,"{""process_exit"": 11, ""process_exec"": 11, ""process_kprobe"": 7}"
1776130349,normal,sw-wk2,0.19983554459179853,0.2884889840335385,205.8803920261351,191.14607640509368,6952.530168677912,30386.125741716118,0.0,0,3,2,0,0,0,"{""process_exit"": 3, ""process_exec"": 3}"
1776130349,normal,sw-wk3,0.17388888888890508,0.34756043171884754,100.86666666666666,100.86666666666666,4122.166666666667,5707.033333333333,0.0,0,0,0,0,0,0,{}
1776130349,normal,k3s-wk1,0.28555555555552325,0.6261487385747007,325.5333333333333,165.8,15328.3,6701.233333333334,0.0,0,15,2,0,10,0,"{""process_exit"": 15, ""process_exec"": 15, ""process_kprobe"": 10}"
1776130359,normal,sw-wk2,0.19983554459179853,0.2884889840335385,205.8803920261351,191.14607640509368,6952.530168677912,30386.125741716118,0.0,0,3,2,0,0,0,"{""process_exit"": 3, ""process_exec"": 3}"
1776130359,normal,sw-wk3,0.1509737915097169,0.34866903678784866,110.98890110988901,100.85658100856581,4075.659100756591,7843.815618438155,0.0,0,0,0,0,0,0,{}
1776130359,normal,k3s-wk1,0.28555555555552325,0.6261487385747007,325.5333333333333,165.8,15328.3,6701.233333333334,0.0,0,45,3,0,36,0,"{""process_exit"": 45, ""process_exec"": 45, ""process_kprobe"": 36}"
1776130369,normal,sw-wk2,0.19983554459179853,0.2884889840335385,205.8803920261351,191.14607640509368,6952.530168677912,30386.125741716118,0.0,0,3,2,0,0,0,"{""process_exit"": 3, ""process_exec"": 3}"
1776130369,normal,sw-wk3,0.1509737915097169,0.34866903678784866,110.98890110988901,100.85658100856581,4075.659100756591,7843.815618438156,0.0,0,1,1,0,0,0,"{""process_exit"": 13, ""process_exec"": 1}"
1776130369,normal,k3s-wk1,0.3118888888889261,0.6077497310532216,330.0,171.8,36879.3,7690.266666666668,0.0,0,12,2,0,8,0,"{""process_exit"": 12, ""process_exec"": 12, ""process_kprobe"": 8}"
1776130379,normal,sw-wk2,0.11938573682693987,0.2836643220306586,198.71324754983667,183.27888525901727,1041.6027735182347,6008.367224481633,0.0,0,3,2,0,0,0,"{""process_exit"": 3, ""process_exec"": 3}"
1776130379,normal,sw-wk3,0.1509737915097169,0.34866903678784866,110.98890110988901,100.85658100856581,4075.659100756591,7843.815618438156,0.0,0,0,0,0,0,0,{}
1776130379,normal,k3s-wk1,0.3118888888889261,0.6077497310532216,330.0,171.8,36879.3,7690.266666666666,0.0,0,36,3,0,30,0,"{""process_exit"": 36, ""process_exec"": 36, ""process_kprobe"": 30}"
1776130389,normal,sw-wk2,0.11938573682693987,0.2836643220306586,198.71324754983667,183.27888525901727,1041.6027735182347,6008.367224481633,0.0,0,6,3,0,0,0,"{""process_exit"": 4, ""process_exec"": 6}"
1776130389,normal,sw-wk3,0.15200000000000324,0.3483711788167234,78.33333333333333,68.2,2360.4666666666667,6972.366666666667,0.0,0,1,1,0,0,0,"{""process_exit"": 21, ""process_exec"": 1}"
1776130389,normal,k3s-wk1,0.3118888888889261,0.6077497310532216,330.0,171.8,36879.3,7690.266666666666,0.0,0,33,3,0,28,0,"{""process_exit"": 33, ""process_exec"": 33, ""process_kprobe"": 28}"
1776130399,normal,sw-wk2,0.11938573682693987,0.2836643220306586,198.71324754983667,183.27888525901727,1041.6027735182347,6008.367224481633,0.0,0,107,7,0,0,0,"{""process_exit"": 109, ""process_exec"": 107}"
1776130399,normal,sw-wk3,0.15200000000000324,0.3483711788167234,78.33333333333333,68.2,2360.4666666666667,6972.366666666667,0.0,0,0,0,0,0,0,{}
1776130399,normal,k3s-wk1,0.2863333333333382,0.6167488652308539,323.4000000000001,163.8,38343.96666666667,6150.3,0.0,0,36,3,0,30,0,"{""process_exit"": 36, ""process_exec"": 36, ""process_kprobe"": 30}"
1776130409,normal,sw-wk2,0.220222222222219,0.29479178612841983,162.13333333333333,151.8666666666667,5638.1,30432.366666666665,0.0,0,3,2,0,0,0,"{""process_exit"": 3, ""process_exec"": 3}"
1776130409,normal,sw-wk3,0.15200000000000324,0.3483711788167234,78.33333333333333,68.2,2360.4666666666667,6972.366666666667,0.0,0,0,0,0,0,0,{}
1776130409,normal,k3s-wk1,0.2863333333333382,0.6167488652308539,323.4,163.8,38343.96666666667,6150.3,0.0,0,32,3,0,28,0,"{""process_exit"": 33, ""process_exec"": 32, ""process_kprobe"": 28}"
1776130419,normal,sw-wk2,0.220222222222219,0.29479178612841983,162.13333333333333,151.86666666666667,5638.1,30432.366666666665,0.0,0,4,2,0,0,0,"{""process_exit"": 4, ""process_exec"": 4}"
1776130419,normal,sw-wk3,0.15858252491910507,0.35400818074085405,105.34386772010534,106.87735440210687,3786.245291195786,8179.251258459179,0.0,0,0,0,0,0,0,{}
1776130419,normal,k3s-wk1,0.2863333333333382,0.6167488652308539,323.4,163.8,38343.96666666667,6150.3,0.0,0,31,3,0,26,0,"{""process_exec"": 31, ""process_exit"": 30, ""process_kprobe"": 26}"
1776130429,normal,sw-wk2,0.220222222222219,0.29479178612841983,162.13333333333333,151.86666666666667,5638.1,30432.366666666665,0.0,0,3,2,0,0,0,"{""process_exit"": 3, ""process_exec"": 3}"
1776130429,normal,sw-wk3,0.1585825249191053,0.35400818074085405,105.34386772010534,106.87735440210687,3786.245291195786,8179.251258459179,0.0,0,0,0,0,0,0,{}
1776130429,normal,k3s-wk1,0.2982222222221834,0.6165129371020124,325.5333333333333,165.8,11324.1,7401.466666666666,0.0,0,81,3,0,72,0,"{""process_exit"": 81, ""process_exec"": 81, ""process_kprobe"": 72}"
1776130439,normal,sw-wk2,0.12194742572718675,0.29090529709341595,197.72015198986733,182.5211652556496,2030.5312979134724,5877.241517232184,0.0,0,2,2,0,0,0,"{""process_exit"": 4, ""process_exec"": 2}"
1776130439,normal,sw-wk3,0.1585825249191053,0.35400818074085405,105.34386772010534,106.87735440210687,3786.245291195786,8179.251258459179,0.0,0,1,1,0,0,0,"{""process_exit"": 9, ""process_exec"": 1}"
1776130439,normal,k3s-wk1,0.2982222222221834,0.6165129371020124,325.5333333333333,165.8,11324.1,7401.466666666666,0.0,0,54,3,0,48,0,"{""process_exit"": 54, ""process_exec"": 54, ""process_kprobe"": 48}"
1776130450,normal,sw-wk2,0.12194742572718675,0.29090529709341595,197.72015198986733,182.5211652556496,2030.5312979134724,5877.241517232184,0.0,0,2,2,0,0,0,"{""process_exec"": 2}"
1776130450,normal,sw-wk3,0.16455555555561052,0.3519422888234769,105.93333333333334,100.86666666666666,4852.8,6795.566666666667,0.0,0,0,0,0,0,0,{}
1776130450,normal,k3s-wk1,0.2982222222221834,0.6165129371020124,325.5333333333333,165.8,11324.1,7401.466666666666,0.0,0,33,3,0,28,0,"{""process_exit"": 33, ""process_exec"": 33, ""process_kprobe"": 28}"
1776130459,normal,sw-wk2,0.12194742572718675,0.29090529709341595,197.72015198986733,182.5211652556496,2030.5312979134724,5877.241517232184,0.0,0,0,0,0,0,0,{}
1776130459,normal,sw-wk3,0.16455555555561052,0.3519422888234769,105.93333333333334,100.86666666666666,4852.8,6795.566666666667,0.0,0,0,0,0,0,0,{}
1776130459,normal,k3s-wk1,0.32988888888887435,0.6169385108081047,325.5333333333333,165.8,12216.466666666667,9425.533333333333,0.0,0,36,3,0,30,0,"{""process_exit"": 36, ""process_exec"": 36, ""process_kprobe"": 30}"
1776130469,normal,sw-wk2,0.22361490766052194,0.2915233125629165,116.0744049603307,100.87339155943731,7326.955130342023,28569.604640309357,0.0,0,104,5,0,0,0,"{""process_exit"": 106, ""process_exec"": 104}"
1776130469,normal,sw-wk3,0.16455555555561052,0.3519422888234769,105.93333333333334,100.86666666666666,4852.8,6795.566666666667,0.0,0,1,1,0,0,0,"{""process_exit"": 9, ""process_exec"": 1}"
1776130469,normal,k3s-wk1,0.32988888888887435,0.6169385108081047,325.5333333333333,165.8,12216.466666666667,9425.533333333333,0.0,0,36,3,0,30,0,"{""process_exit"": 36, ""process_exec"": 36, ""process_kprobe"": 30}"
1776130480,normal,sw-wk2,0.22361490766052194,0.2915233125629165,116.0744049603307,100.87339155943731,7326.955130342023,28569.604640309357,0.0,0,0,0,0,0,0,{}
1776130480,normal,sw-wk3,0.1579999999999725,0.3467528702677217,98.0,98.0,2814.4666666666667,6393.066666666667,0.0,0,0,0,0,0,0,{}
1776130480,normal,k3s-wk1,0.32988888888887435,0.6169385108081047,325.5333333333333,165.8,12216.466666666667,9425.533333333333,0.0,0,33,3,0,28,0,"{""process_exit"": 33, ""process_exec"": 33, ""process_kprobe"": 28}"
1776130490,normal,sw-wk2,0.22361490766052194,0.2915233125629165,116.0744049603307,100.87339155943731,7326.955130342023,28569.604640309357,0.0,0,0,0,0,0,0,{}
1776130490,normal,sw-wk3,0.1579999999999725,0.3467528702677217,98.0,98.0,2814.4666666666667,6393.066666666667,0.0,0,1,1,0,0,0,"{""process_exit"": 7, ""process_exec"": 1}"
1776130490,normal,k3s-wk1,0.3150000000000647,0.6171134814299728,323.4,163.8,34846.3,6421.5,0.0,0,36,3,0,30,0,"{""process_exit"": 36, ""process_exec"": 36, ""process_kprobe"": 30}"
1776130500,normal,sw-wk2,0.12350287758594514,0.289968716948915,120.52529831344577,106.85954269715351,540.4639690687287,3571.261915872275,0.0,0,0,0,0,0,0,{}
1776130500,normal,sw-wk3,0.1579999999999725,0.3467528702677217,98.0,98.0,2814.4666666666667,6393.066666666667,0.0,0,0,0,0,0,0,{}
1776130500,normal,k3s-wk1,0.3150000000000647,0.6171134814299728,323.4,163.8,34846.3,6421.5,0.0,0,33,3,0,28,0,"{""process_exit"": 33, ""process_exec"": 33, ""process_kprobe"": 28}"
1776130510,normal,sw-wk2,0.12350287758594514,0.289968716948915,120.52529831344577,106.85954269715351,540.4639690687287,3571.261915872275,0.0,0,2,2,0,0,0,"{""process_exec"": 2}"
1776130510,normal,sw-wk3,0.1528888888889115,0.3523994291321024,100.86666666666666,100.86666666666666,2259.2666666666664,6152.0,0.0,0,0,0,0,0,0,{}
1776130510,normal,k3s-wk1,0.3150000000000647,0.6171134814299728,323.4,163.8,34846.3,6421.5,0.0,0,39,3,0,32,0,"{""process_exit"": 39, ""process_exec"": 39, ""process_kprobe"": 32}"
1776130520,normal,sw-wk2,0.12350287758594514,0.289968716948915,120.52529831344577,106.85954269715351,540.4639690687287,3571.261915872275,0.0,0,1,1,0,0,0,"{""process_exit"": 1, ""process_exec"": 1}"
1776130520,normal,sw-wk3,0.1528888888889115,0.3523994291321024,100.86666666666666,100.86666666666666,2259.2666666666664,6152.0,0.0,0,0,0,0,0,0,{}
1776130520,normal,k3s-wk1,0.2858888888888841,0.6178020754902283,325.5333333333334,165.8,9233.833333333334,4579.9,0.0,0,33,3,0,28,0,"{""process_exit"": 33, ""process_exec"": 33, ""process_kprobe"": 28}"
