timestamp,label,node,avg_cpu,avg_mem,net_bytes_in,net_bytes_out,net_internal_bytes_in,net_internal_bytes_out,net_drop_rate,last_successful_scrape_age_sec,exec_count,unique_process_count,tmp_exec_count,outbound_connect_count,mining_port_count,syscall_feature_vector
1776113042,normal,k3s-wk1,0.23411111111111793,0.5900991462562495,0.0,0.0,8324.3,1312.2666666666667,0.0,0,0,0,0,0,0,{}
1776113042,normal,sw-wk3,0.14777777777776968,0.33284911502733283,154.0,78.0,2731.2666666666664,5013.766666666666,0.0,0,0,0,0,0,0,{}
1776113042,normal,sw-wk2,0.10830361012033729,0.286021700625661,156.13853795126502,80.00266675555852,375.3791793059769,3383.1794393146442,0.0,0,0,0,0,0,0,{}
1776113052,normal,k3s-wk1,0.23411111111111793,0.5900991462562495,0.0,0.0,8324.3,1312.2666666666667,0.0,0,15,2,0,10,0,"{""process_exit"": 15, ""process_exec"": 15, ""process_kprobe"": 10}"
1776113052,normal,sw-wk3,0.14833333333333742,0.3348640365967098,104.8,54.0,2199.633333333333,5081.166666666667,0.0,0,0,0,0,0,0,{}
1776113052,normal,sw-wk2,0.10830361012033729,0.286021700625661,156.13853795126505,80.00266675555852,375.3791793059769,3383.1794393146442,0.0,0,106,7,0,0,0,"{""process_exec"": 106, ""process_exit"": 106}"
1776113062,normal,k3s-wk1,0.3239999999999984,0.6179262481896185,325.5333333333333,165.8,32913.933333333334,9437.5,0.0,0,54,3,0,48,0,"{""process_exit"": 54, ""process_exec"": 54, ""process_kprobe"": 48}"
1776113062,normal,sw-wk3,0.14833333333333742,0.3348640365967098,104.8,54.0,2199.633333333333,5081.166666666667,0.0,0,0,0,0,0,0,{}
1776113062,normal,sw-wk2,0.10830361012033729,0.286021700625661,156.13853795126505,80.00266675555852,375.3791793059769,3383.1794393146442,0.0,0,0,0,0,0,0,{}
1776113072,normal,k3s-wk1,0.3239999999999984,0.6179262481896185,325.5333333333333,165.8,32913.933333333334,9437.5,0.0,0,39,3,0,32,0,"{""process_exit"": 39, ""process_exec"": 39, ""process_kprobe"": 32}"
1776113072,normal,sw-wk3,0.14833333333333742,0.3348640365967098,104.8,54.0,2199.633333333333,5081.166666666667,0.0,0,0,0,0,0,0,{}
1776113072,normal,sw-wk2,0.22152960654243592,0.2895513972246645,154.00513350445016,78.00260008666956,5391.013033767793,27770.959031967734,0.0,0,0,0,0,0,0,{}
1776113082,normal,k3s-wk1,0.3239999999999984,0.6179262481896185,325.5333333333333,165.8,32913.933333333334,9437.5,0.0,0,36,3,0,30,0,"{""process_exit"": 36, ""process_exec"": 36, ""process_kprobe"": 30}"
1776113082,normal,sw-wk3,0.15555555555555556,0.3357703530970858,156.13333333333335,80.0,3132.733333333333,5177.3,0.0,0,1,1,0,0,0,"{""process_exit"": 3, ""process_exec"": 1}"
1776113082,normal,sw-wk2,0.2215296065424357,0.2895513972246645,154.00513350445016,78.00260008666956,5391.013033767792,27770.959031967734,0.0,0,0,0,0,0,0,{}
1776113092,normal,k3s-wk1,0.274333333333339,0.6144505414494115,325.5333333333333,165.8,9450.033333333333,2401.366666666667,0.0,0,15,2,0,10,0,"{""process_exit"": 16, ""process_exec"": 15, ""process_kprobe"": 10}"
1776113092,normal,sw-wk3,0.15555555555555556,0.3357703530970858,156.13333333333333,80.0,3132.733333333333,5177.3,0.0,0,0,0,0,0,0,{}
1776113092,normal,sw-wk2,0.2215296065424357,0.2895513972246645,154.00513350445016,78.00260008666956,5391.013033767793,27770.959031967734,0.0,0,0,0,0,0,0,{}
1776113103,normal,k3s-wk1,0.274333333333339,0.6144505414494115,325.5333333333333,165.8,9450.033333333333,2401.366666666667,0.0,0,60,3,0,52,0,"{""process_exit"": 60, ""process_exec"": 60, ""process_kprobe"": 52}"
1776113103,normal,sw-wk3,0.15555555555555556,0.3357703530970858,156.13333333333333,80.0,3132.733333333333,5177.3,0.0,0,0,0,0,0,0,{}
1776113103,normal,sw-wk2,0.11388888888889903,0.29162525325891664,156.13333333333333,80.0,934.4666666666667,3720.2,0.0,0,0,0,0,0,0,{}
1776113112,normal,k3s-wk1,0.274333333333339,0.6144505414494115,325.5333333333333,165.8,9450.033333333333,2401.366666666667,0.0,0,12,2,0,8,0,"{""process_exit"": 12, ""process_exec"": 12, ""process_kprobe"": 8}"
1776113112,normal,sw-wk3,0.1496666666666695,0.3381086178115881,154.0,78.0,2687.233333333333,5785.433333333334,0.0,0,1,1,0,0,0,"{""process_exit"": 9, ""process_exec"": 1}"
1776113112,normal,sw-wk2,0.11388888888889903,0.29162525325891664,156.13333333333333,80.0,934.4666666666667,3720.2,0.0,0,0,0,0,0,0,{}
1776113122,normal,k3s-wk1,0.287888888888877,0.6108743677069706,325.5333333333333,165.80000000000004,33865.26666666666,6021.466666666666,0.0,0,36,3,0,30,0,"{""process_exit"": 36, ""process_exec"": 36, ""process_kprobe"": 30}"
1776113122,normal,sw-wk3,0.1496666666666695,0.3381086178115881,154.0,78.0,2687.233333333333,5785.433333333333,0.0,0,0,0,0,0,0,{}
1776113122,normal,sw-wk2,0.11388888888889903,0.29162525325891664,156.13333333333333,80.0,934.4666666666667,3720.2,0.0,0,104,5,0,0,0,"{""process_exit"": 106, ""process_exec"": 104}"
1776113132,normal,k3s-wk1,0.2878888888888772,0.6108743677069706,325.5333333333333,165.8,33865.26666666666,6021.466666666666,0.0,0,75,3,0,68,0,"{""process_exit"": 75, ""process_exec"": 75, ""process_kprobe"": 68}"
1776113132,normal,sw-wk3,0.1496666666666695,0.3381086178115881,154.0,78.0,2687.233333333333,5785.433333333333,0.0,0,0,0,0,0,0,{}
1776113132,normal,sw-wk2,0.19496939194968332,0.2888457764695388,156.11772156117718,79.99200079992,6973.73595973736,27763.85694763857,0.0,0,0,0,0,0,0,{}
1776113142,normal,k3s-wk1,0.2878888888888772,0.6108743677069706,325.5333333333333,165.8,33865.26666666666,6021.466666666666,0.0,0,42,3,0,34,0,"{""process_exit"": 42, ""process_exec"": 42, ""process_kprobe"": 34}"
1776113142,normal,sw-wk3,0.17188888888888165,0.33743963199408744,156.13333333333333,80.0,3752.4333333333334,6507.466666666666,0.0,0,0,0,0,0,0,{}
1776113142,normal,sw-wk2,0.19496939194968332,0.2888457764695388,156.1177215611772,79.99200079992,6973.73595973736,27763.85694763857,0.0,0,0,0,0,0,0,{}
1776113152,normal,k3s-wk1,0.2877777777777837,0.6120472352948481,325.5333333333333,165.8,10255.733333333334,7923.866666666667,0.0,0,18,2,0,12,0,"{""process_exit"": 18, ""process_exec"": 18, ""process_kprobe"": 12}"
1776113152,normal,sw-wk3,0.17188888888888165,0.33743963199408744,156.13333333333333,80.0,3752.4333333333334,6507.466666666666,0.0,0,1,1,0,0,0,"{""process_exit"": 7, ""process_exec"": 1}"
1776113152,normal,sw-wk2,0.19496939194968332,0.2888457764695388,156.1177215611772,79.99200079992,6973.73595973736,27763.85694763857,0.0,0,0,0,0,0,0,{}
1776113162,normal,k3s-wk1,0.2877777777777838,0.6120472352948481,325.5333333333333,165.8,10255.733333333334,7923.866666666667,0.0,0,12,2,0,8,0,"{""process_exit"": 12, ""process_exec"": 12, ""process_kprobe"": 8}"
1776113162,normal,sw-wk3,0.17188888888888165,0.33743963199408744,156.13333333333333,80.0,3752.4333333333334,6507.466666666666,0.0,0,0,0,0,0,0,{}
1776113162,normal,sw-wk2,0.11105184790098122,0.29098653108554096,102.67351156743784,52.00346689779319,738.1825455030336,3598.3398893259555,0.0,0,0,0,0,0,0,{}
1776113172,normal,sw-wk2,0.11105184790098122,0.29098653108554096,102.67351156743784,52.00346689779319,738.1825455030336,3598.3398893259555,0.0,0,106,7,0,0,0,"{""process_exec"": 106, ""process_exit"": 104}"
1776113172,normal,k3s-wk1,0.2877777777777838,0.6120472352948481,325.5333333333333,165.8,10255.733333333334,7923.866666666667,0.0,0,12,2,0,8,0,"{""process_exit"": 12, ""process_exec"": 12, ""process_kprobe"": 8}"
1776113172,normal,sw-wk3,0.15364019153640873,0.33474616766695975,153.984601539846,77.99220077992202,2342.0991234209914,6175.249141752492,0.0,0,0,0,0,0,0,{}
1776113182,normal,sw-wk2,0.11105184790098122,0.29098653108554096,102.67351156743784,52.00346689779319,738.1825455030336,3598.3398893259555,0.0,0,0,0,0,0,0,"{""process_exit"": 2}"
1776113182,normal,sw-wk3,0.15364019153640873,0.33474616766695975,153.984601539846,77.99220077992202,2342.0991234209914,6175.249141752492,0.0,0,1,1,0,0,0,"{""process_exit"": 5, ""process_exec"": 1}"
1776113182,normal,k3s-wk1,0.2897777777777769,0.6166280790596288,330.0,168.8,33665.46666666667,7108.666666666667,0.0,0,42,3,0,34,0,"{""process_exit"": 42, ""process_exec"": 42, ""process_kprobe"": 34}"
1776113192,normal,k3s-wk1,0.2897777777777769,0.6166280790596288,330.0,168.8,33665.46666666667,7108.666666666667,0.0,0,30,3,0,26,0,"{""process_exit"": 30, ""process_exec"": 30, ""process_kprobe"": 26}"
1776113192,normal,sw-wk3,0.15364019153640873,0.33474616766695975,153.984601539846,77.99220077992202,2342.0991234209914,6175.249141752492,0.0,0,0,0,0,0,0,{}
1776113192,normal,sw-wk2,0.21988888888887836,0.2918689552352919,160.6,86.0,5431.066666666667,27811.2,0.0,0,0,0,0,0,0,{}
1776113202,normal,k3s-wk1,0.2897777777777769,0.6166280790596288,330.0,168.8,33665.46666666667,7108.666666666667,0.0,0,57,3,0,50,0,"{""process_exit"": 57, ""process_exec"": 57, ""process_kprobe"": 50}"
1776113202,normal,sw-wk3,0.15247080263582447,0.33855460835658857,156.14894822815614,80.00800080008,2990.7657432409906,5912.057872453912,0.0,0,0,0,0,0,0,{}
1776113202,normal,sw-wk2,0.21988888888887836,0.2918689552352919,160.6,86.0,5431.066666666667,27811.2,0.0,0,0,0,0,0,0,{}
1776113212,normal,k3s-wk1,0.2937137524165089,0.608848095021465,325.51163255782944,168.78874741683887,9327.644823678422,5226.151589894007,0.0,0,15,2,0,10,0,"{""process_exit"": 15, ""process_exec"": 15, ""process_kprobe"": 10}"
1776113212,normal,sw-wk3,0.15247080263582447,0.33855460835658857,156.14894822815614,80.00800080008,2990.7657432409906,5912.057872453912,0.0,0,1,1,0,0,0,"{""process_exit"": 3, ""process_exec"": 1}"
1776113212,normal,sw-wk2,0.21988888888887836,0.2918689552352919,160.6,86.0,5431.066666666667,27811.2,0.0,0,0,0,0,0,0,{}
1776113222,normal,k3s-wk1,0.2937137524165089,0.608848095021465,325.51163255782944,168.78874741683887,9327.644823678422,5226.151589894007,0.0,0,15,2,0,10,0,"{""process_exit"": 15, ""process_exec"": 15, ""process_kprobe"": 10}"
1776113222,normal,sw-wk3,0.15247080263582447,0.33855460835658857,156.14894822815614,80.00800080008,2990.7657432409906,5912.057872453912,0.0,0,0,0,0,0,0,{}
1776113222,normal,sw-wk2,0.11536282123929331,0.2891277062069141,156.1281290623646,79.99733342221927,1013.2328922369253,3682.5105829805666,0.0,0,0,0,0,0,0,{}
1776113232,normal,k3s-wk1,0.2937137524165089,0.608848095021465,325.51163255782944,168.78874741683887,9327.644823678422,5226.151589894007,0.0,0,57,3,0,50,0,"{""process_exit"": 57, ""process_exec"": 57, ""process_kprobe"": 50}"
1776113232,normal,sw-wk3,0.15422222222222348,0.33297016960383297,102.66666666666667,52.0,4091.9,5713.366666666667,0.0,0,0,0,0,0,0,{}
1776113232,normal,sw-wk2,0.11536282123929331,0.2891277062069141,156.12812906236456,79.99733342221924,1013.2328922369253,3682.5105829805666,0.0,0,18,12,3,2,0,"{""process_exec"": 18, ""process_exit"": 16, ""process_kprobe"": 2}"
1776113242,normal,sw-wk2,0.11536282123929331,0.2891277062069141,156.12812906236456,79.99733342221924,1013.2328922369253,3682.5105829805666,0.0,0,111,11,1,3,0,"{""process_exit"": 115, ""process_exec"": 111, ""process_kprobe"": 3}"
1776113242,normal,k3s-wk1,0.3115096561993017,0.6166890365666022,328.5552370158011,168.81125408360558,37601.14007600507,10055.403693579572,0.0,0,12,2,0,8,0,"{""process_exit"": 12, ""process_exec"": 12, ""process_kprobe"": 8}"
1776113242,normal,sw-wk3,0.15422222222222348,0.33297016960383297,102.66666666666667,52.0,4091.9,5713.366666666667,0.0,0,1,1,0,0,0,"{""process_exit"": 5, ""process_exec"": 1}"
1776113253,normal,k3s-wk1,0.3115096561993017,0.6166890365666022,328.5552370158011,168.81125408360558,37601.14007600507,10055.403693579572,0.0,0,63,3,0,54,0,"{""process_exit"": 63, ""process_exec"": 63, ""process_kprobe"": 54}"
1776113253,normal,sw-wk3,0.15422222222222348,0.33297016960383297,102.66666666666667,52.0,4091.9,5713.366666666667,0.0,0,0,0,0,0,0,{}
1776113253,normal,sw-wk2,0.2555059226170633,0.293998560087669,348.0898726581772,196.41309420628042,7305.220348023202,32820.588039202616,0.0,0,0,0,0,2,0,"{""process_kprobe"": 2}"
1776113262,normal,k3s-wk1,0.3115096561993017,0.6166890365666022,328.5552370158011,168.81125408360558,37601.14007600507,10055.403693579572,0.0,0,54,3,0,48,0,"{""process_exit"": 54, ""process_exec"": 54, ""process_kprobe"": 48}"
1776113262,normal,sw-wk3,0.1582222222222197,0.333975241153459,156.13333333333333,80.0,5007.0,6108.9,0.0,0,0,0,0,0,0,{}
1776113262,normal,sw-wk2,0.2555059226170633,0.293998560087669,348.0898726581772,196.41309420628042,7305.220348023202,32820.588039202616,0.0,0,0,0,0,1,0,"{""process_kprobe"": 1}"
1776113272,normal,k3s-wk1,0.32488888888889667,0.6155127824505595,325.5333333333333,165.8,10707.166666666666,6441.266666666666,0.0,0,39,3,0,32,0,"{""process_exit"": 39, ""process_exec"": 39, ""process_kprobe"": 32}"
1776113272,normal,sw-wk3,0.1582222222222197,0.333975241153459,156.13333333333333,80.0,5007.0,6108.9,0.0,0,1,1,0,0,0,"{""process_exit"": 13, ""process_exec"": 1}"
1776113272,normal,sw-wk2,0.2555059226170633,0.293998560087669,348.0898726581772,196.41309420628042,7305.220348023202,32820.588039202616,0.0,0,0,0,0,1,0,"{""process_kprobe"": 1}"
1776113282,normal,k3s-wk1,0.32488888888889667,0.6155127824505595,325.5333333333333,165.8,10707.166666666666,6441.266666666666,0.0,0,36,3,0,30,0,"{""process_exit"": 36, ""process_exec"": 36, ""process_kprobe"": 30}"
1776113282,normal,sw-wk3,0.1582222222222197,0.333975241153459,156.13333333333333,80.0,5007.0,6108.9,0.0,0,0,0,0,0,0,{}
1776113282,normal,sw-wk2,0.11582994421851678,0.292071243803917,166.1444096273085,99.73998266551104,670.1113407560505,4324.254950330022,0.0,0,0,0,0,1,0,"{""process_kprobe"": 1}"
1776113292,normal,sw-wk2,0.11582994421851678,0.292071243803917,166.1444096273085,99.73998266551104,670.1113407560505,4324.254950330022,0.0,0,2,2,0,1,0,"{""process_exec"": 2, ""process_kprobe"": 1}"
1776113292,normal,k3s-wk1,0.32488888888889667,0.6155127824505595,325.5333333333333,165.8,10707.166666666666,6441.266666666666,0.0,0,30,3,0,26,0,"{""process_exit"": 30, ""process_exec"": 30, ""process_kprobe"": 26}"
1776113292,normal,sw-wk3,0.16211111111110266,0.3345566216853345,156.13333333333333,80.0,2171.233333333333,6851.3,0.0,0,0,0,0,0,0,{}
1776113302,normal,k3s-wk1,0.28533333333332644,0.618836095423333,325.5333333333334,165.8,11505.766666666666,4602.733333333334,0.0,0,36,3,0,30,0,"{""process_exit"": 36, ""process_exec"": 36, ""process_kprobe"": 30}"
1776113302,normal,sw-wk3,0.16211111111110266,0.3345566216853345,156.13333333333333,80.0,2171.233333333333,6851.3,0.0,0,0,0,0,0,0,{}
1776113302,normal,sw-wk2,0.11582994421851678,0.292071243803917,166.1444096273085,99.73998266551104,670.1113407560505,4324.254950330022,0.0,0,104,5,0,1,0,"{""process_exit"": 106, ""process_exec"": 104, ""process_kprobe"": 1}"
1776113312,normal,k3s-wk1,0.28533333333332644,0.618836095423333,325.5333333333333,165.8,11505.766666666666,4602.733333333334,0.0,0,36,3,0,30,0,"{""process_exit"": 36, ""process_exec"": 36, ""process_kprobe"": 30}"
1776113312,normal,sw-wk3,0.16211111111110266,0.3345566216853345,156.13333333333333,80.0,2171.233333333333,6851.3,0.0,0,1,1,0,0,0,"{""process_exit"": 3, ""process_exec"": 1}"
1776113312,normal,sw-wk2,0.2106666666666569,0.29392051174229394,162.13333333333333,94.8,5443.333333333333,28374.5,0.0,0,0,0,0,1,0,"{""process_kprobe"": 1}"
1776113322,normal,k3s-wk1,0.28533333333332644,0.618836095423333,325.5333333333333,165.8,11505.766666666666,4602.733333333334,0.0,0,18,2,0,12,0,"{""process_exit"": 18, ""process_exec"": 18, ""process_kprobe"": 12}"
1776113322,normal,sw-wk3,0.15266666666667428,0.33397205550670894,154.0,78.0,2899.5333333333333,5605.566666666667,0.0,0,0,0,0,0,0,{}
1776113322,normal,sw-wk2,0.2106666666666569,0.29392051174229394,162.13333333333333,94.8,5443.333333333333,28374.5,0.0,0,0,0,0,1,0,"{""process_kprobe"": 1}"
1776113332,normal,k3s-wk1,0.3107777777777806,0.6226764183626587,323.4000000000001,163.8,33556.5,8251.000000000002,0.0,0,12,2,0,8,0,"{""process_exit"": 12, ""process_exec"": 12, ""process_kprobe"": 8}"
1776113332,normal,sw-wk3,0.15266666666667428,0.33397205550670894,154.0,78.0,2899.5333333333333,5605.566666666667,0.0,0,0,0,0,0,0,{}
1776113332,normal,sw-wk2,0.2106666666666569,0.29392051174229394,162.13333333333333,94.8,5443.333333333333,28374.5,0.0,0,0,0,0,0,0,{}
1776113342,normal,k3s-wk1,0.3107777777777806,0.6226764183626587,323.4,163.8,33556.5,8251.0,0.0,0,9,2,0,6,0,"{""process_exit"": 9, ""process_exec"": 9, ""process_kprobe"": 6}"
1776113342,normal,sw-wk3,0.15266666666667428,0.33397205550670894,154.0,78.0,2899.5333333333333,5605.566666666667,0.0,0,1,1,0,0,0,"{""process_exit"": 5, ""process_exec"": 1}"
1776113342,normal,sw-wk2,0.14650403252682864,0.29587172037667087,276.47803772578817,122.74211824301808,1731.4870359261483,4271.678997533827,0.0,0,0,0,0,1,0,"{""process_kprobe"": 1}"
1776113352,normal,k3s-wk1,0.3107777777777806,0.6226764183626587,323.4,163.8,33556.5,8251.0,0.0,0,36,3,0,30,0,"{""process_exit"": 36, ""process_exec"": 36, ""process_kprobe"": 30}"
1776113352,normal,sw-wk3,0.15833333333333333,0.33911687500796417,156.13333333333333,80.0,3038.1,5962.333333333333,0.0,0,0,0,0,0,0,{}
1776113352,normal,sw-wk2,0.14650403252682864,0.29587172037667087,276.4780377257882,122.74211824301808,1731.4870359261483,4271.678997533827,0.0,0,2,2,0,1,0,"{""process_exec"": 2, ""process_kprobe"": 1}"
1776113362,normal,k3s-wk1,0.2973333333333358,0.6256825265306261,325.5333333333333,165.8,34167.333333333336,8466.833333333334,0.0,0,33,3,0,28,0,"{""process_exit"": 33, ""process_exec"": 33, ""process_kprobe"": 28}"
1776113362,normal,sw-wk3,0.15833333333333333,0.33911687500796417,156.13333333333333,80.0,3038.1,5962.333333333333,0.0,0,0,0,0,0,0,{}
1776113362,normal,sw-wk2,0.14650403252682864,0.29587172037667087,276.4780377257882,122.74211824301808,1731.4870359261483,4271.678997533827,0.0,0,104,5,0,0,0,"{""process_exit"": 108, ""process_exec"": 104}"
1776113372,normal,k3s-wk1,0.2973333333333358,0.6256825265306261,325.5333333333333,165.8,34167.333333333336,8466.833333333334,0.0,0,18,2,0,12,0,"{""process_exit"": 18, ""process_exec"": 18, ""process_kprobe"": 12}"
1776113372,normal,sw-wk3,0.15833333333333333,0.33911687500796417,156.13333333333333,80.0,3038.1,5962.333333333333,0.0,0,0,0,0,0,0,{}
1776113372,normal,sw-wk2,0.2535306732446605,0.28947175605591446,160.13867128904297,84.93616453881795,7254.541818060603,28303.47678255942,0.0,0,0,0,0,0,0,{}
1776113382,normal,k3s-wk1,0.2973333333333358,0.6256825265306261,325.5333333333333,165.8,34167.333333333336,8466.833333333334,0.0,0,39,3,0,32,0,"{""process_exit"": 39, ""process_exec"": 39, ""process_kprobe"": 32}"
1776113382,normal,sw-wk3,0.17033333333332246,0.3347477604903347,154.0,78.0,3729.5666666666666,8339.866666666667,0.0,0,1,1,0,0,0,"{""process_exit"": 23, ""process_exec"": 1}"
1776113382,normal,sw-wk2,0.2535306732446604,0.28947175605591446,160.13867128904297,84.93616453881796,7254.541818060603,28303.47678255942,0.0,0,0,0,0,0,0,{}
1776113393,normal,k3s-wk1,0.28011111111111153,0.6314994530757013,323.4000000000001,163.8,12277.0,5623.5666666666675,0.0,0,36,3,0,30,0,"{""process_exit"": 37, ""process_exec"": 36, ""process_kprobe"": 30}"
1776113393,normal,sw-wk3,0.17033333333332246,0.3347477604903347,154.0,78.0,3729.5666666666666,8339.866666666667,0.0,0,0,0,0,0,0,{}
1776113393,normal,sw-wk2,0.2535306732446604,0.28947175605591446,160.13867128904297,84.93616453881796,7254.541818060603,28303.47678255942,0.0,0,0,0,0,0,0,{}
1776113402,normal,k3s-wk1,0.28011111111111153,0.6314994530757013,323.4,163.8,12277.0,5623.566666666667,0.0,0,36,3,0,30,0,"{""process_exit"": 36, ""process_exec"": 36, ""process_kprobe"": 30}"
1776113402,normal,sw-wk3,0.17033333333332246,0.3347477604903347,154.0,78.0,3729.5666666666666,8339.866666666667,0.0,0,0,0,0,0,0,{}
1776113402,normal,sw-wk2,0.11794119607974751,0.2912254545917913,158.14387625841724,80.0053336889126,809.5873058203881,3726.048403226882,0.0,0,0,0,0,0,0,{}
1776113412,normal,sw-wk2,0.11794119607974751,0.2912254545917913,158.14387625841724,80.0053336889126,809.5873058203881,3726.048403226882,0.0,0,2,2,0,0,0,"{""process_exec"": 2}"
1776113412,normal,k3s-wk1,0.28011111111111153,0.6314994530757013,323.4,163.8,12277.0,5623.566666666667,0.0,0,33,3,0,28,0,"{""process_exit"": 33, ""process_exec"": 33, ""process_kprobe"": 28}"
1776113412,normal,sw-wk3,0.14400000000001045,0.3307322527619557,104.8,54.0,2325.3333333333335,5140.966666666666,0.0,0,1,1,0,0,0,"{""process_exit"": 13, ""process_exec"": 1}"
1776113422,normal,k3s-wk1,0.29666666666665453,0.6166766192966633,518.4666666666667,258.23333333333335,11176.1,4867.733333333334,0.0,0,12,2,0,8,0,"{""process_exit"": 12, ""process_exec"": 12, ""process_kprobe"": 8}"
1776113422,normal,sw-wk3,0.14400000000001045,0.3307322527619557,104.8,54.0,2325.3333333333335,5140.966666666666,0.0,0,0,0,0,0,0,{}
1776113422,normal,sw-wk2,0.11794119607974751,0.2912254545917913,158.14387625841724,80.0053336889126,809.5873058203881,3726.048403226882,0.0,0,104,5,0,0,0,"{""process_exit"": 106, ""process_exec"": 104}"
1776113432,normal,k3s-wk1,0.29666666666665453,0.6166766192966633,518.4666666666667,258.23333333333335,11176.1,4867.733333333334,0.0,0,81,3,0,72,0,"{""process_exit"": 81, ""process_exec"": 81, ""process_kprobe"": 72}"
1776113432,normal,sw-wk3,0.14400000000001045,0.3307322527619557,104.8,54.0,2325.3333333333335,5140.966666666666,0.0,0,0,0,0,0,0,{}
1776113432,normal,sw-wk2,0.21709243530849642,0.2893411445391644,154.79691992465052,79.31524505105918,5253.445255956905,27478.33702369543,0.0,0,0,0,0,0,0,{}
1776113442,normal,k3s-wk1,0.29666666666665453,0.6166766192966633,518.4666666666667,258.23333333333335,11176.1,4867.733333333334,0.0,0,33,3,0,28,0,"{""process_exit"": 33, ""process_exec"": 33, ""process_kprobe"": 28}"
1776113442,normal,sw-wk3,0.1533333333333251,0.3346410413242097,156.13333333333333,80.0,3543.0666666666666,6997.100000000001,0.0,0,1,1,0,0,0,"{""process_exit"": 11, ""process_exec"": 1}"
1776113442,normal,sw-wk2,0.21709243530849642,0.2893411445391644,154.79691992465052,79.31524505105918,5253.445255956905,27478.33702369543,0.0,0,0,0,0,0,0,{}
1776113452,normal,k3s-wk1,0.31406859314067825,0.6161776708136586,329.83368329833684,171.78282171782823,34333.99993334,10974.669199746691,0.0,0,33,3,0,28,0,"{""process_exit"": 33, ""process_exec"": 33, ""process_kprobe"": 28}"
1776113452,normal,sw-wk3,0.15333333333332522,0.3346410413242097,156.13333333333333,80.0,3543.0666666666666,6997.099999999999,0.0,0,1,1,0,0,0,"{""process_exec"": 1}"
1776113452,normal,sw-wk2,0.21709243530849642,0.2893411445391644,154.79691992465052,79.31524505105918,5253.445255956905,27478.33702369543,0.0,0,0,0,0,0,0,{}
1776113462,normal,k3s-wk1,0.31406859314067825,0.6161776708136586,329.83368329833684,171.78282171782823,34333.99993334,10974.669199746691,0.0,0,81,3,0,72,0,"{""process_exit"": 81, ""process_exec"": 81, ""process_kprobe"": 72}"
1776113462,normal,sw-wk3,0.15333333333332522,0.3346410413242097,156.13333333333333,80.0,3543.0666666666666,6997.099999999999,0.0,0,0,0,0,0,0,{}
1776113462,normal,sw-wk2,0.13231569273530053,0.29429004676529424,157.48772779234753,80.69396812588259,2527.3014592159234,3895.4340663035437,0.0,0,0,0,0,0,0,{}
1776113472,normal,sw-wk2,0.13231569273530053,0.29429004676529424,157.48772779234753,80.69396812588259,2527.3014592159234,3895.4340663035437,0.0,0,2,2,0,0,0,"{""process_exec"": 2}"
1776113472,normal,k3s-wk1,0.31406859314067825,0.6161776708136586,329.83368329833684,171.78282171782823,34333.99993334,10974.669199746691,0.0,0,30,3,0,26,0,"{""process_exit"": 30, ""process_exec"": 30, ""process_kprobe"": 26}"
1776113472,normal,sw-wk3,0.21266666666667033,0.351943881646852,154.0,78.0,5783.3,7329.233333333334,0.0,0,0,0,0,0,0,{}
1776113482,normal,k3s-wk1,0.32315453767600155,0.6205891881701798,327.56608994232755,167.8167816781678,12221.955528886221,6130.31303130313,0.0,0,33,3,0,28,0,"{""process_exit"": 33, ""process_exec"": 33, ""process_kprobe"": 28}"
1776113482,normal,sw-wk3,0.21266666666667033,0.351943881646852,154.0,78.0,5783.3,7329.233333333334,0.0,0,1,1,0,0,0,"{""process_exit"": 17, ""process_exec"": 1}"
1776113482,normal,sw-wk2,0.13231569273530053,0.29429004676529424,157.48772779234753,80.69396812588259,2527.3014592159234,3895.4340663035437,0.0,0,104,5,0,0,0,"{""process_exit"": 106, ""process_exec"": 104}"
1776113492,normal,k3s-wk1,0.32315453767600155,0.6205891881701798,327.56608994232755,167.8167816781678,12221.955528886221,6130.31303130313,0.0,0,15,2,0,10,0,"{""process_exit"": 15, ""process_exec"": 15, ""process_kprobe"": 10}"
1776113492,normal,sw-wk3,0.21266666666667033,0.351943881646852,154.0,78.0,5783.3,7329.233333333334,0.0,0,0,0,0,0,0,{}
1776113492,normal,sw-wk2,0.20799999999999264,0.29037807255629033,154.0,78.0,5302.1,27793.166666666668,0.0,0,0,0,0,0,0,{}
1776113502,normal,k3s-wk1,0.32315453767600155,0.6205891881701798,327.56608994232755,167.8167816781678,12221.955528886221,6130.31303130313,0.0,0,57,3,0,50,0,"{""process_exit"": 57, ""process_exec"": 57, ""process_kprobe"": 50}"
1776113502,normal,sw-wk3,0.16877777777778347,0.37015303846987013,156.13333333333333,80.0,2914.4,7800.333333333333,0.0,0,1,1,0,0,0,"{""process_exit"": 19, ""process_exec"": 1}"
1776113502,normal,sw-wk2,0.20799999999999275,0.29037807255629033,154.0,78.0,5302.1,27793.166666666668,0.0,0,0,0,0,0,0,{}
1776113512,normal,k3s-wk1,0.2862222222222246,0.6212901995003742,331.5333333333333,172.4,35331.833333333336,7404.266666666666,0.0,0,36,3,0,30,0,"{""process_exit"": 36, ""process_exec"": 36, ""process_kprobe"": 30}"
1776113512,normal,sw-wk3,0.16877777777778347,0.37015303846987013,156.13333333333333,80.0,2914.4,7800.333333333333,0.0,0,0,0,0,0,0,{}
1776113512,normal,sw-wk2,0.20799999999999275,0.29037807255629033,154.0,78.0,5302.1,27793.166666666668,0.0,0,0,0,0,0,0,{}
1776113522,normal,k3s-wk1,0.2862222222222246,0.6212901995003742,331.5333333333333,172.4,35331.833333333336,7404.266666666666,0.0,0,39,3,0,32,0,"{""process_exit"": 39, ""process_exec"": 39, ""process_kprobe"": 32}"
1776113522,normal,sw-wk3,0.16877777777778347,0.37015303846987013,156.13333333333333,80.0,2914.4,7800.333333333333,0.0,0,0,0,0,0,0,{}
1776113522,normal,sw-wk2,0.10874806938010007,0.2895944034557896,104.80349344978167,54.001800060002004,962.1987399579987,3589.419647321578,0.0,0,0,0,0,0,0,{}
1776113532,normal,k3s-wk1,0.2862222222222246,0.6212901995003742,331.5333333333333,172.4,35331.833333333336,7404.266666666666,0.0,0,15,2,0,10,0,"{""process_exit"": 15, ""process_exec"": 15, ""process_kprobe"": 10}"
1776113532,normal,sw-wk3,0.1777777777777778,0.3900824445378901,156.13333333333333,80.0,3087.4666666666667,8196.0,0.0,0,1,1,0,0,0,"{""process_exit"": 9, ""process_exec"": 1}"
1776113532,normal,sw-wk2,0.10874806938010007,0.2895944034557896,104.80349344978167,54.001800060002004,962.1987399579987,3589.419647321578,0.0,0,106,7,0,0,0,"{""process_exec"": 106, ""process_exit"": 106}"
1776113542,normal,k3s-wk1,0.29388888888888687,0.6207720606911,323.4,163.8,34672.63333333333,9778.5,0.0,0,57,3,0,50,0,"{""process_exit"": 57, ""process_exec"": 57, ""process_kprobe"": 50}"
1776113542,normal,sw-wk3,0.1777777777777778,0.3900824445378901,156.13333333333333,80.0,3087.4666666666667,8196.0,0.0,0,0,0,0,0,0,{}
1776113542,normal,sw-wk2,0.10874806938010007,0.2895944034557896,104.80349344978167,54.001800060002004,962.1987399579987,3589.419647321578,0.0,0,0,0,0,0,0,{}
1776113552,normal,k3s-wk1,0.29388888888888687,0.6207720606911,323.4,163.8,34672.63333333333,9778.5,0.0,0,30,3,0,26,0,"{""process_exit"": 30, ""process_exec"": 30, ""process_kprobe"": 26}"
1776113552,normal,sw-wk3,0.1777777777777778,0.3900824445378901,156.13333333333333,80.0,3087.4666666666667,8196.0,0.0,0,1,1,0,0,0,"{""process_exit"": 11, ""process_exec"": 1}"
1776113552,normal,sw-wk2,0.19544444444444609,0.28911655644328915,156.13333333333333,80.0,5743.3,27702.266666666666,0.0,0,0,0,0,0,0,{}
1776113563,normal,k3s-wk1,0.29388888888888687,0.6207720606911,323.4,163.8,34672.63333333333,9778.5,0.0,0,15,2,0,10,0,"{""process_exit"": 15, ""process_exec"": 15, ""process_kprobe"": 10}"
1776113563,normal,sw-wk3,0.16799999999998871,0.40681983256240684,154.0,78.0,4507.033333333333,8486.933333333332,0.0,0,0,0,0,0,0,{}
1776113563,normal,sw-wk2,0.19544444444444609,0.28911655644328915,156.13333333333333,80.0,5743.3,27702.266666666666,0.0,0,0,0,0,0,0,{}
1776113572,normal,k3s-wk1,0.30211111111111677,0.6152068660729706,325.5333333333333,165.8,10652.566666666666,3584.366666666667,0.0,0,57,3,0,50,0,"{""process_exit"": 57, ""process_exec"": 57, ""process_kprobe"": 50}"
1776113572,normal,sw-wk3,0.16799999999998871,0.40681983256240684,154.0,78.0,4507.033333333333,8486.933333333332,0.0,0,0,0,0,0,0,"{""process_exit"": 1}"
1776113572,normal,sw-wk2,0.19544444444444609,0.28911655644328915,156.13333333333333,80.0,5743.3,27702.266666666666,0.0,0,0,0,0,0,0,{}
1776113582,normal,k3s-wk1,0.30211111111111677,0.6152068660729706,325.5333333333333,165.8,10652.566666666666,3584.366666666667,0.0,0,12,2,0,8,0,"{""process_exit"": 12, ""process_exec"": 12, ""process_kprobe"": 8}"
1776113582,normal,sw-wk3,0.16799999999998871,0.40681983256240684,154.0,78.0,4507.033333333333,8486.933333333332,0.0,0,1,1,0,0,0,"{""process_exit"": 9, ""process_exec"": 1}"
1776113582,normal,sw-wk2,0.1292462579591228,0.2886211883736636,156.14894822815614,80.00800080008,1383.5716905023835,3635.5635563556352,0.0,0,0,0,0,0,0,{}
1776113592,normal,k3s-wk1,0.30211111111111677,0.6152068660729706,325.5333333333333,165.8,10652.566666666666,3584.366666666667,0.0,0,12,2,0,8,0,"{""process_exit"": 12, ""process_exec"": 12, ""process_kprobe"": 8}"
1776113592,normal,sw-wk3,0.19844444444445086,0.3424920677395925,109.26666666666667,60.0,6608.766666666666,7006.933333333333,0.0,0,0,0,0,0,0,{}
1776113592,normal,sw-wk2,0.1292462579591228,0.2886211883736636,156.14894822815614,80.00800080008,1383.5716905023835,3635.5635563556352,0.0,0,2,2,0,0,0,"{""process_exec"": 2}"
1776113602,normal,k3s-wk1,0.29693575983822573,0.6223942076822262,323.3784414372375,163.78908072795147,11130.157989467369,9757.716152256517,0.0,0,18,2,0,12,0,"{""process_exit"": 18, ""process_exec"": 18, ""process_kprobe"": 12}"
1776113602,normal,sw-wk3,0.19844444444445086,0.3424920677395925,109.26666666666667,60.0,6608.766666666666,7006.933333333333,0.0,0,0,0,0,0,0,{}
1776113602,normal,sw-wk2,0.1292462579591228,0.2886211883736636,156.14894822815614,80.00800080008,1383.5716905023835,3635.5635563556352,0.0,0,104,5,0,0,0,"{""process_exit"": 106, ""process_exec"": 104}"
1776113612,normal,k3s-wk1,0.29693575983822573,0.6223942076822262,323.3784414372375,163.78908072795147,11130.157989467369,9757.716152256517,0.0,0,12,2,0,8,0,"{""process_exit"": 12, ""process_exec"": 12, ""process_kprobe"": 8}"
1776113612,normal,sw-wk3,0.19844444444445086,0.3424920677395925,109.26666666666667,60.0,6608.766666666666,7006.933333333333,0.0,0,0,0,0,0,0,{}
1776113612,normal,sw-wk2,0.2051641001711002,0.2917717930094168,153.98973401773216,77.99480034664356,5419.772015198987,27866.64222385174,0.0,0,0,0,0,0,0,{}
1776113622,normal,k3s-wk1,0.29693575983822573,0.6223942076822262,323.3784414372375,163.78908072795147,11130.157989467369,9757.716152256517,0.0,0,15,2,0,10,0,"{""process_exit"": 15, ""process_exec"": 15, ""process_kprobe"": 10}"
1776113622,normal,sw-wk3,0.1630000000000008,0.33280610879620776,156.13333333333333,80.0,2808.9666666666667,5062.2,0.0,0,1,1,0,0,0,"{""process_exit"": 3, ""process_exec"": 1}"
1776113622,normal,sw-wk2,0.2051641001711002,0.2917717930094168,153.98973401773216,77.99480034664356,5419.772015198987,27866.64222385174,0.0,0,0,0,0,0,0,{}
1776113632,normal,k3s-wk1,0.2851745671933692,0.6219505724925863,325.55503700246686,165.81105407027135,32846.189745983065,6446.429761984133,0.0,0,75,3,0,68,0,"{""process_exit"": 75, ""process_exec"": 75, ""process_kprobe"": 68}"
1776113632,normal,sw-wk3,0.1630000000000008,0.33280610879620776,156.13333333333333,80.0,2808.9666666666667,5062.2,0.0,0,0,0,0,0,0,{}
1776113632,normal,sw-wk2,0.2051641001711002,0.2917717930094168,153.98973401773216,77.99480034664356,5419.772015198987,27866.64222385174,0.0,0,0,0,0,0,0,{}
1776113642,normal,k3s-wk1,0.2851745671933692,0.6219505724925863,325.55503700246686,165.81105407027135,32846.189745983065,6446.429761984133,0.0,0,12,2,0,8,0,"{""process_exit"": 12, ""process_exec"": 12, ""process_kprobe"": 8}"
1776113642,normal,sw-wk3,0.1630000000000008,0.33280610879620776,156.13333333333333,80.0,2808.9666666666667,5062.2,0.0,0,0,0,0,0,0,{}
1776113642,normal,sw-wk2,0.12027468497900784,0.28977598532053983,160.61070738049204,86.00573371558104,606.7071138075872,3593.472898193213,0.0,0,0,0,0,0,0,{}
1776113652,normal,k3s-wk1,0.2851745671933692,0.6219505724925863,325.55503700246686,165.81105407027135,32846.189745983065,6446.429761984133,0.0,0,36,3,0,30,0,"{""process_exit"": 36, ""process_exec"": 36, ""process_kprobe"": 30}"
1776113652,normal,sw-wk3,0.16622222222222272,0.3317484740752068,156.13333333333333,80.0,2295.366666666667,5596.533333333333,0.0,0,0,0,0,0,0,{}
1776113652,normal,sw-wk2,0.12027468497900784,0.28977598532053983,160.61070738049204,86.00573371558104,606.7071138075872,3593.472898193213,0.0,0,2,2,0,0,0,"{""process_exec"": 2}"
1776113662,normal,k3s-wk1,0.29700000000000515,0.6408688476660612,325.5333333333333,165.8,9302.733333333334,4758.1,0.0,0,39,3,0,32,0,"{""process_exit"": 39, ""process_exec"": 39, ""process_kprobe"": 32}"
1776113662,normal,sw-wk3,0.16622222222222272,0.3317484740752068,156.13333333333333,80.0,2295.366666666667,5596.533333333333,0.0,0,1,1,0,0,0,"{""process_exit"": 7, ""process_exec"": 1}"
1776113662,normal,sw-wk2,0.12027468497900784,0.28977598532053983,160.61070738049204,86.00573371558104,606.7071138075872,3593.472898193213,0.0,0,104,5,0,0,0,"{""process_exit"": 106, ""process_exec"": 104}"
1776113672,normal,k3s-wk1,0.29700000000000526,0.6408688476660612,325.5333333333333,165.8,9302.733333333334,4758.1,0.0,0,36,3,0,30,0,"{""process_exit"": 36, ""process_exec"": 36, ""process_kprobe"": 30}"
1776113672,normal,sw-wk3,0.16622222222222272,0.3317484740752068,156.13333333333333,80.0,2295.366666666667,5596.533333333333,0.0,0,0,0,0,0,0,{}
1776113672,normal,sw-wk2,0.21810425276629664,0.28701402958828703,156.11251833088923,79.98933475536596,5515.997866951074,27881.61578456206,0.0,0,0,0,0,0,0,{}
1776113682,normal,k3s-wk1,0.29700000000000526,0.6408688476660612,325.5333333333333,165.8,9302.733333333334,4758.1,0.0,0,36,3,0,30,0,"{""process_exit"": 36, ""process_exec"": 36, ""process_kprobe"": 30}"
1776113682,normal,sw-wk3,0.15877777777777746,0.33480032366170975,154.0,78.0,3016.7666666666664,6244.633333333334,0.0,0,0,0,0,0,0,{}
1776113682,normal,sw-wk2,0.21810425276629664,0.28701402958828703,156.11251833088923,79.98933475536596,5515.997866951074,27881.61578456206,0.0,0,0,0,0,0,0,{}
1776113692,normal,k3s-wk1,0.2895555555555499,0.6403721568684999,325.5333333333333,165.80000000000004,33557.23333333333,6706.733333333334,0.0,0,15,2,0,10,0,"{""process_exit"": 16, ""process_exec"": 15, ""process_kprobe"": 10}"
1776113692,normal,sw-wk3,0.15877777777777746,0.33480032366170975,154.0,78.0,3016.7666666666664,6244.633333333333,0.0,0,1,1,0,0,0,"{""process_exit"": 5, ""process_exec"": 1}"
1776113692,normal,sw-wk2,0.21810425276629664,0.28701402958828703,156.11251833088923,79.98933475536596,5515.997866951074,27881.61578456206,0.0,0,4,4,0,0,0,"{""process_exec"": 4, ""process_exit"": 4}"
1776113702,normal,k3s-wk1,0.2895555555555499,0.6403721568684999,325.5333333333333,165.8,33557.23333333333,6706.733333333334,0.0,0,57,3,0,50,0,"{""process_exit"": 57, ""process_exec"": 57, ""process_kprobe"": 50}"
1776113702,normal,sw-wk3,0.15877777777777746,0.33480032366170975,154.0,78.0,3016.7666666666664,6244.633333333333,0.0,0,0,0,0,0,0,{}
1776113702,normal,sw-wk2,0.14294286285752245,0.288990723396664,102.67351156743784,61.870791386092414,2513.400893392893,5162.344156277086,0.0,0,5,4,0,2,1,"{""process_exit"": 3, ""process_exec"": 5, ""process_kprobe"": 2}"
1776113712,normal,k3s-wk1,0.2895555555555499,0.6403721568684999,325.5333333333333,165.8,33557.23333333333,6706.733333333334,0.0,0,39,3,0,32,0,"{""process_exit"": 39, ""process_exec"": 39, ""process_kprobe"": 32}"
1776113712,normal,sw-wk3,0.169333333333331,0.3424458758617175,104.8,54.0,4316.900000000001,6016.866666666667,0.0,0,0,0,0,0,0,{}
1776113712,normal,sw-wk2,0.14294286285752245,0.288990723396664,102.67351156743784,61.870791386092414,2513.400893392893,5162.344156277086,0.0,0,110,10,0,3,2,"{""process_exit"": 114, ""process_exec"": 110, ""process_kprobe"": 3}"
1776113722,normal,k3s-wk1,0.3262222222222185,0.6195991931032225,325.5333333333333,165.8,38084.26666666668,13573.033333333333,0.0,0,57,3,0,50,0,"{""process_exit"": 57, ""process_exec"": 57, ""process_kprobe"": 50}"
1776113722,normal,sw-wk3,0.169333333333331,0.3424458758617175,104.8,54.0,4316.9,6016.866666666667,0.0,0,1,1,0,0,0,"{""process_exit"": 5, ""process_exec"": 1}"
1776113722,normal,sw-wk2,0.14294286285752245,0.288990723396664,102.67351156743784,61.870791386092414,2513.400893392893,5162.344156277086,0.0,0,5,4,0,3,2,"{""process_exit"": 7, ""process_exec"": 5, ""process_kprobe"": 3}"
1776113732,normal,k3s-wk1,0.3262222222222185,0.6195991931032225,325.5333333333333,165.8,38084.26666666666,13573.033333333333,0.0,0,12,2,0,8,0,"{""process_exit"": 12, ""process_exec"": 12, ""process_kprobe"": 8}"
1776113732,normal,sw-wk3,0.169333333333331,0.3424458758617175,104.8,54.0,4316.9,6016.866666666667,0.0,0,0,0,0,0,0,{}
1776113732,normal,sw-wk2,0.20907909209078523,0.29066478076379065,162.1171216211712,114.52188114521881,5553.711295537113,32441.689164416894,0.0,0,4,4,0,1,1,"{""process_exit"": 6, ""process_exec"": 4, ""process_kprobe"": 1}"
1776113742,normal,k3s-wk1,0.3262222222222185,0.6195991931032225,325.5333333333333,165.8,38084.26666666666,13573.033333333333,0.0,0,21,2,0,14,0,"{""process_exit"": 21, ""process_exec"": 21, ""process_kprobe"": 14}"
1776113742,normal,sw-wk3,0.16366666666667196,0.33412815219745917,156.13333333333333,80.0,3543.9,5921.066666666667,0.0,0,1,1,0,0,0,"{""process_exit"": 3, ""process_exec"": 1}"
1776113742,normal,sw-wk2,0.20907909209078523,0.29066478076379065,162.1171216211712,114.52188114521881,5553.711295537113,32441.689164416894,0.0,0,9,5,0,5,3,"{""process_exit"": 11, ""process_exec"": 9, ""process_kprobe"": 5}"
1776113752,normal,k3s-wk1,0.2761111111111152,0.6183269873558327,330.00000000000006,171.8,16142.933333333332,3770.2666666666664,0.0,0,33,3,0,28,0,"{""process_exit"": 33, ""process_exec"": 33, ""process_kprobe"": 28}"
1776113752,normal,sw-wk3,0.16366666666667196,0.33412815219745917,156.13333333333333,80.0,3543.9,5921.066666666667,0.0,0,0,0,0,0,0,{}
1776113752,normal,sw-wk2,0.20907909209078523,0.29066478076379065,162.1171216211712,114.52188114521881,5553.711295537113,32441.689164416894,0.0,0,4,3,0,2,2,"{""process_exit"": 6, ""process_exec"": 4, ""process_kprobe"": 2}"
1776113762,normal,k3s-wk1,0.2761111111111152,0.6183269873558327,330.0,171.8,16142.933333333332,3770.2666666666664,0.0,0,36,3,0,30,0,"{""process_exit"": 36, ""process_exec"": 36, ""process_kprobe"": 30}"
1776113762,normal,sw-wk3,0.16366666666667196,0.33412815219745917,156.13333333333333,80.0,3543.9,5921.066666666667,0.0,0,0,0,0,0,0,{}
1776113762,normal,sw-wk2,0.1218303442451747,0.29289951195891795,195.14634308953933,134.44229615307688,2060.0040002666847,9551.203413560905,0.0,0,2,2,0,1,0,"{""process_exit"": 2, ""process_exec"": 2, ""process_kprobe"": 1}"
1776113772,normal,k3s-wk1,0.2761111111111152,0.6183269873558327,330.0,171.8,16142.933333333332,3770.2666666666664,0.0,0,12,2,0,8,0,"{""process_exit"": 12, ""process_exec"": 12, ""process_kprobe"": 8}"
1776113772,normal,sw-wk3,0.15333333333332533,0.33585477273596087,156.13333333333333,80.0,2206.9666666666667,5545.2,0.0,0,0,0,0,0,0,{}
1776113772,normal,sw-wk2,0.1218303442451747,0.29289951195891795,195.14634308953933,134.44229615307688,2060.0040002666847,9551.203413560905,0.0,0,110,10,0,2,2,"{""process_exec"": 110, ""process_exit"": 112, ""process_kprobe"": 2}"
1776113782,normal,k3s-wk1,0.29400000000000037,0.6167048403647065,325.5333333333333,165.8,38191.666666666664,9561.6,0.0,0,36,3,0,30,0,"{""process_exit"": 36, ""process_exec"": 36, ""process_kprobe"": 30}"
1776113782,normal,sw-wk3,0.15333333333332533,0.33585477273596087,156.13333333333333,80.0,2206.9666666666667,5545.2,0.0,0,1,1,0,0,0,"{""process_exit"": 11, ""process_exec"": 1}"
1776113782,normal,sw-wk2,0.1218303442451747,0.29289951195891795,195.14634308953933,134.44229615307688,2060.0040002666847,9551.203413560905,0.0,0,7,5,0,4,2,"{""process_exit"": 9, ""process_exec"": 7, ""process_kprobe"": 4}"
1776113793,normal,k3s-wk1,0.29400000000000037,0.6167048403647065,325.5333333333333,165.8,38191.666666666664,9561.6,0.0,0,57,3,0,50,0,"{""process_exit"": 57, ""process_exec"": 57, ""process_kprobe"": 50}"
1776113793,normal,sw-wk3,0.15333333333332533,0.33585477273596087,156.13333333333333,80.0,2206.9666666666667,5545.2,0.0,0,0,0,0,0,0,{}
1776113793,normal,sw-wk2,0.21036548099253938,0.2875030263644125,168.15014834816813,109.6109610961096,5635.263526352635,32018.235156849016,0.0,0,1,1,0,0,0,"{""process_exit"": 1, ""process_exec"": 1}"
1776113802,normal,k3s-wk1,0.29400000000000037,0.6167048403647065,325.5333333333333,165.8,38191.666666666664,9561.6,0.0,0,75,3,0,68,0,"{""process_exit"": 75, ""process_exec"": 75, ""process_kprobe"": 68}"
1776113802,normal,sw-wk3,0.15166666666668283,0.3362450144628363,156.13333333333335,80.0,2992.633333333333,6750.633333333333,0.0,0,1,1,0,0,0,"{""process_exit"": 9, ""process_exec"": 1}"
1776113802,normal,sw-wk2,0.21036548099253938,0.2875030263644125,168.15014834816813,109.6109610961096,5635.263526352635,32018.235156849016,0.0,0,6,5,0,3,2,"{""process_exit"": 8, ""process_exec"": 6, ""process_kprobe"": 3}"
1776113812,normal,k3s-wk1,0.28011111111110143,0.6175830800022125,325.5333333333333,165.8,14364.199999999999,1930.4666666666667,0.0,0,36,3,0,30,0,"{""process_exit"": 36, ""process_exec"": 36, ""process_kprobe"": 30}"
1776113812,normal,sw-wk3,0.15166666666668283,0.3362450144628363,156.13333333333333,80.0,2992.633333333333,6750.633333333333,0.0,0,0,0,0,0,0,{}
1776113812,normal,sw-wk2,0.21036548099253938,0.2875030263644125,168.15014834816813,109.6109610961096,5635.263526352635,32018.235156849016,0.0,0,6,5,0,3,2,"{""process_exit"": 8, ""process_exec"": 6, ""process_kprobe"": 3}"
1776113822,normal,k3s-wk1,0.28011111111110143,0.6175830800022125,325.5333333333333,165.8,14364.199999999999,1930.4666666666667,0.0,0,39,3,0,32,0,"{""process_exit"": 39, ""process_exec"": 39, ""process_kprobe"": 32}"
1776113822,normal,sw-wk3,0.15166666666668283,0.3362450144628363,156.13333333333333,80.0,2992.633333333333,6750.633333333333,0.0,0,0,0,0,0,0,{}
1776113822,normal,sw-wk2,0.12111111111111705,0.29071893675854077,191.0,117.63333333333333,2143.2,7746.033333333333,0.0,0,8,6,0,3,2,"{""process_exit"": 8, ""process_exec"": 8, ""process_kprobe"": 3}"
1776113832,normal,sw-wk2,0.12111111111111716,0.29071893675854077,191.0,117.63333333333333,2143.2,7746.033333333333,0.0,0,107,8,0,1,1,"{""process_exit"": 111, ""process_exec"": 107, ""process_kprobe"": 1}"
1776113832,normal,k3s-wk1,0.28011111111110143,0.6175830800022125,325.5333333333333,165.8,14364.199999999999,1930.4666666666667,0.0,0,54,3,0,48,0,"{""process_exit"": 54, ""process_exec"": 54, ""process_kprobe"": 48}"
1776113832,normal,sw-wk3,0.1562222222222065,0.33418549383895924,156.13333333333333,80.0,3630.7999999999997,6432.833333333333,0.0,0,1,1,0,0,0,"{""process_exit"": 3, ""process_exec"": 1}"
1776113842,normal,k3s-wk1,0.31677777777778016,0.6194445416503455,325.5333333333333,165.8,38976.066666666666,12569.766666666666,0.0,0,18,2,0,12,0,"{""process_exit"": 18, ""process_exec"": 18, ""process_kprobe"": 12}"
1776113842,normal,sw-wk3,0.1562222222222065,0.33418549383895924,156.13333333333333,80.0,3630.7999999999997,6432.833333333333,0.0,0,0,0,0,0,0,{}
1776113842,normal,sw-wk2,0.12111111111111716,0.29071893675854077,191.0,117.63333333333333,2143.2,7746.033333333333,0.0,0,7,5,0,4,3,"{""process_exit"": 11, ""process_exec"": 7, ""process_kprobe"": 4}"
1776113853,normal,k3s-wk1,0.31677777777778016,0.6194445416503455,325.5333333333333,165.8,38976.066666666666,12569.766666666666,0.0,0,54,3,0,48,0,"{""process_exit"": 54, ""process_exec"": 54, ""process_kprobe"": 48}"
1776113853,normal,sw-wk3,0.1562222222222065,0.33418549383895924,156.13333333333333,80.0,3630.7999999999997,6432.833333333333,0.0,0,1,1,0,0,0,"{""process_exit"": 11, ""process_exec"": 1}"
1776113853,normal,sw-wk2,0.2979824912233867,0.2925395338761675,211.97173710171978,137.51499800026664,7610.71857085722,33471.437141714436,0.0,0,0,0,0,0,0,{}
1776113862,normal,k3s-wk1,0.31677777777778016,0.6194445416503455,325.5333333333333,165.8,38976.066666666666,12569.766666666666,0.0,0,60,3,0,52,0,"{""process_exit"": 60, ""process_exec"": 60, ""process_kprobe"": 52}"
1776113862,normal,sw-wk3,0.16022222222223315,0.3342093861895842,158.26666666666665,82.0,5486.266666666666,7483.033333333333,0.0,0,0,0,0,0,0,{}
1776113862,normal,sw-wk2,0.2979824912233867,0.2925395338761675,211.97173710171978,137.51499800026664,7610.71857085722,33471.437141714436,0.0,0,0,0,0,0,0,{}
1776113873,normal,k3s-wk1,0.28222222222222826,0.6205429056185889,325.5333333333333,165.8,12752.2,6509.066666666667,0.0,0,36,3,0,30,0,"{""process_exit"": 36, ""process_exec"": 36, ""process_kprobe"": 30}"
1776113873,normal,sw-wk3,0.16022222222223315,0.3342093861895842,158.26666666666665,82.0,5486.266666666666,7483.033333333333,0.0,0,0,0,0,0,0,{}
1776113873,normal,sw-wk2,0.2979824912233867,0.2925395338761675,211.97173710171978,137.51499800026664,7610.71857085722,33471.437141714436,0.0,0,0,0,0,0,0,{}
1776113882,normal,k3s-wk1,0.28222222222222826,0.6205429056185889,325.5333333333333,165.8,12752.2,6509.066666666667,0.0,0,15,2,0,10,0,"{""process_exit"": 15, ""process_exec"": 15, ""process_kprobe"": 10}"
1776113882,normal,sw-wk3,0.16022222222223315,0.3342093861895842,158.26666666666665,82.0,5486.266666666666,7483.033333333333,0.0,0,0,0,0,0,0,{}
1776113882,normal,sw-wk2,0.11722222222222423,0.29320692687029326,110.66666666666667,52.0,926.4666666666667,3590.9666666666667,0.0,0,0,0,0,0,0,{}
1776113892,normal,sw-wk2,0.11722222222222423,0.29320692687029326,110.66666666666667,52.0,926.4666666666667,3590.9666666666667,0.0,0,2,2,0,0,0,"{""process_exec"": 2}"
1776113892,normal,sw-wk3,0.1742222222222255,0.3338605578704589,104.8,54.00000000000001,2166.233333333333,5059.833333333333,0.0,0,1,1,0,0,0,"{""process_exit"": 5, ""process_exec"": 1}"
1776113892,normal,k3s-wk1,0.28222222222222826,0.6205429056185889,325.5333333333333,165.8,12752.2,6509.066666666667,0.0,0,18,2,0,12,0,"{""process_exit"": 18, ""process_exec"": 18, ""process_kprobe"": 12}"
1776113902,normal,k3s-wk1,0.2833333333333333,0.6177919159057326,325.5333333333333,165.8,9996.133333333333,4650.8,0.0,0,15,2,0,10,0,"{""process_exit"": 15, ""process_exec"": 15, ""process_kprobe"": 10}"
1776113902,normal,sw-wk3,0.1742222222222255,0.3338605578704589,104.8,54.0,2166.233333333333,5059.833333333333,0.0,0,0,0,0,0,0,{}
1776113902,normal,sw-wk2,0.11722222222222423,0.29320692687029326,110.66666666666667,52.0,926.4666666666667,3590.9666666666667,0.0,0,104,5,0,0,0,"{""process_exit"": 106, ""process_exec"": 104}"
1776113913,normal,k3s-wk1,0.2833333333333333,0.6177919159057326,325.5333333333333,165.8,9996.133333333333,4650.8,0.0,0,30,3,0,26,0,"{""process_exit"": 30, ""process_exec"": 30, ""process_kprobe"": 26}"
1776113913,normal,sw-wk3,0.1742222222222255,0.3338605578704589,104.8,54.0,2166.233333333333,5059.833333333333,0.0,0,1,1,0,0,0,"{""process_exit"": 11, ""process_exec"": 1}"
1776113913,normal,sw-wk2,0.2088888888888909,0.2948841698841699,156.13333333333333,80.0,5252.5,27692.2,0.0,0,0,0,0,0,0,{}
1776113923,normal,k3s-wk1,0.2833333333333333,0.6177919159057326,325.5333333333333,165.8,9996.133333333333,4650.8,0.0,0,36,3,0,30,0,"{""process_exit"": 36, ""process_exec"": 36, ""process_kprobe"": 30}"
1776113923,normal,sw-wk3,0.16044444444442985,0.3388747658549639,156.13333333333335,80.0,3067.4666666666667,7551.966666666666,0.0,0,0,0,0,0,0,{}
1776113923,normal,sw-wk2,0.2088888888888909,0.2948841698841699,156.13333333333333,80.0,5252.5,27692.2,0.0,0,0,0,0,0,0,{}
1776113932,normal,k3s-wk1,0.2762222222222186,0.6209752523810115,325.5333333333333,165.8,33948.86666666667,6534.033333333333,0.0,0,9,2,0,6,0,"{""process_exit"": 9, ""process_exec"": 9, ""process_kprobe"": 6}"
1776113932,normal,sw-wk3,0.16044444444442985,0.3388747658549639,156.13333333333333,80.0,3067.4666666666667,7551.966666666666,0.0,0,0,0,0,0,0,{}
1776113932,normal,sw-wk2,0.2088888888888909,0.2948841698841699,156.13333333333333,80.0,5252.5,27692.2,0.0,0,0,0,0,0,0,{}
1776113943,normal,k3s-wk1,0.2762222222222186,0.6209752523810115,325.5333333333333,165.8,33948.86666666667,6534.033333333333,0.0,0,18,2,0,12,0,"{""process_exit"": 18, ""process_exec"": 18, ""process_kprobe"": 12}"
1776113943,normal,sw-wk3,0.16044444444442985,0.3388747658549639,156.13333333333333,80.0,3067.4666666666667,7551.966666666666,0.0,0,158,4,0,0,0,"{""process_exec"": 158, ""process_exit"": 88}"
1776113943,normal,sw-wk2,0.12525138050953322,0.28840934286478837,156.12812906236456,79.99733342221924,942.0685977134094,3615.3128229059025,0.0,0,0,0,0,0,0,{}
1776113952,normal,k3s-wk1,0.2762222222222186,0.6209752523810115,325.5333333333333,165.8,33948.86666666667,6534.033333333333,0.0,0,36,3,0,30,0,"{""process_exit"": 36, ""process_exec"": 36, ""process_kprobe"": 30}"
1776113952,normal,sw-wk3,0.20855555555557048,0.34006460491609003,755.8,370.6333333333333,5645.766666666666,30012.666666666668,0.0,0,231,4,0,0,0,"{""process_exit"": 109, ""process_exec"": 231}"
1776113952,normal,sw-wk2,0.12525138050953355,0.28840934286478837,156.12812906236456,79.99733342221924,942.0685977134094,3615.3128229059025,0.0,0,106,7,0,0,0,"{""process_exec"": 106, ""process_exit"": 106}"
1776113962,normal,k3s-wk1,0.35122222222222865,0.6248009003649548,325.5333333333333,165.8,91294.16666666667,13609.433333333332,0.0,0,63,3,0,54,0,"{""process_exit"": 63, ""process_exec"": 63, ""process_kprobe"": 54}"
1776113962,normal,sw-wk3,0.20855555555557048,0.34006460491609003,755.8,370.6333333333333,5645.766666666666,30012.666666666668,0.0,0,160,4,0,0,0,"{""process_exec"": 160, ""process_exit"": 108}"
1776113962,normal,sw-wk2,0.12525138050953355,0.28840934286478837,156.12812906236456,79.99733342221924,942.0685977134094,3615.3128229059025,0.0,0,0,0,0,0,0,{}
1776113973,normal,k3s-wk1,0.35122222222222865,0.6248009003649548,325.5333333333333,165.8,91294.16666666667,13609.433333333332,0.0,0,56,3,0,50,0,"{""process_exit"": 57, ""process_exec"": 56, ""process_kprobe"": 50}"
1776113973,normal,sw-wk3,0.20855555555557048,0.34006460491609003,755.8,370.6333333333333,5645.766666666666,30012.666666666668,0.0,0,117,4,0,0,0,"{""process_exit"": 63, ""process_exec"": 117}"
1776113973,normal,sw-wk2,0.28072982643287814,0.2897106795621647,154.01026735115676,78.00520034668979,5492.499499966665,27777.585172344825,0.0,0,0,0,0,0,0,{}
1776113982,normal,k3s-wk1,0.35122222222222865,0.6248009003649548,325.5333333333333,165.8,91294.16666666667,13609.433333333332,0.0,0,34,2,0,28,0,"{""process_exec"": 34, ""process_kprobe"": 28, ""process_exit"": 33}"
1776113982,normal,sw-wk3,0.20241309202411106,0.3414646966627165,164.1169216411692,88.59114088591141,3970.536279705363,85525.24747525247,0.0,0,196,4,0,0,0,"{""process_exit"": 116, ""process_exec"": 196}"
1776113982,normal,sw-wk2,0.28072982643287814,0.2897106795621647,154.01026735115676,78.00520034668979,5492.499499966665,27777.585172344825,0.0,0,0,0,0,0,0,{}
1776113993,normal,k3s-wk1,0.2833333333333333,0.6225386995506077,325.5333333333333,165.8,80178.6,2749.1666666666665,0.0,0,15,2,0,10,0,"{""process_exit"": 15, ""process_exec"": 15, ""process_kprobe"": 10}"
1776113993,normal,sw-wk3,0.20241309202411106,0.3414646966627165,164.11692164116923,88.59114088591141,3970.536279705363,85525.24747525247,0.0,0,156,4,0,0,0,"{""process_exit"": 84, ""process_exec"": 156}"
1776113993,normal,sw-wk2,0.28072982643287814,0.2897106795621647,154.01026735115676,78.00520034668979,5492.499499966665,27777.585172344825,0.0,0,0,0,0,0,0,{}
1776114003,normal,k3s-wk1,0.2833333333333333,0.6225386995506077,325.5333333333333,165.8,80178.6,2749.1666666666665,0.0,0,39,3,0,32,0,"{""process_exit"": 40, ""process_exec"": 39, ""process_kprobe"": 32}"
1776114003,normal,sw-wk3,0.20241309202411106,0.3414646966627165,164.11692164116923,88.59114088591141,3970.536279705363,85525.24747525247,0.0,0,234,4,0,0,0,"{""process_exit"": 126, ""process_exec"": 234}"
1776114003,normal,sw-wk2,0.12447362865682066,0.2928819909017929,160.59464684510513,85.99713342888569,696.7767741075296,3645.3118229392358,0.0,0,0,0,0,0,0,{}
1776114013,normal,k3s-wk1,0.2833333333333333,0.6225386995506077,325.5333333333333,165.8,80178.6,2749.1666666666665,0.0,0,60,3,0,52,0,"{""process_exit"": 60, ""process_exec"": 60, ""process_kprobe"": 52}"
1776114013,normal,sw-wk3,0.21858852551922192,0.3428886807599679,154.01540154015402,78.007800780078,3330.26635996933,86937.02703603693,0.0,0,117,4,0,0,0,"{""process_exit"": 63, ""process_exec"": 117}"
1776114013,normal,sw-wk2,0.12447362865682066,0.2928819909017929,160.59464684510513,85.99713342888569,696.7767741075296,3645.311822939235,0.0,0,2,2,0,0,0,"{""process_exec"": 2}"
1776114023,normal,k3s-wk1,0.29888888888889487,0.6250673072472832,520.9666666666668,258.23333333333335,94725.83333333333,5902.733333333334,0.0,0,36,3,0,30,0,"{""process_exit"": 36, ""process_exec"": 36, ""process_kprobe"": 30}"
1776114023,normal,sw-wk3,0.21858852551922192,0.3428886807599679,154.01540154015402,78.007800780078,3330.26635996933,86937.02703603693,0.0,0,196,4,0,0,0,"{""process_exit"": 108, ""process_exec"": 196}"
1776114023,normal,sw-wk2,0.12447362865682066,0.2928819909017929,160.59464684510513,85.99713342888569,696.7767741075296,3645.311822939235,0.0,0,104,5,0,0,0,"{""process_exit"": 106, ""process_exec"": 104}"
1776114033,normal,k3s-wk1,0.29888888888889487,0.6250673072472832,520.9666666666667,258.23333333333335,94725.83333333333,5902.733333333334,0.0,0,36,3,0,30,0,"{""process_exit"": 36, ""process_exec"": 36, ""process_kprobe"": 30}"
1776114033,normal,sw-wk3,0.21858852551922192,0.3428886807599679,154.01540154015402,78.007800780078,3330.26635996933,86937.02703603693,0.0,0,156,4,0,0,0,"{""process_exit"": 84, ""process_exec"": 156}"
1776114033,normal,sw-wk2,0.20033333333334058,0.292991895714668,104.8,54.0,5343.4000000000015,27746.266666666666,0.0,0,0,0,0,0,0,{}
1776114043,normal,k3s-wk1,0.29888888888889487,0.6250673072472832,520.9666666666667,258.23333333333335,94725.83333333333,5902.733333333334,0.0,0,75,3,0,68,0,"{""process_exit"": 75, ""process_exec"": 75, ""process_kprobe"": 68}"
1776114043,normal,sw-wk3,0.20822222222221964,0.34268957783809273,156.13333333333333,80.0,3910.866666666667,80130.06666666667,0.0,0,156,4,0,0,0,"{""process_exit"": 84, ""process_exec"": 156}"
1776114043,normal,sw-wk2,0.20033333333334058,0.292991895714668,104.8,54.0,5343.4,27746.266666666666,0.0,0,0,0,0,0,0,{}
1776114053,normal,k3s-wk1,0.3192222222222275,0.6183269873558327,327.5333333333333,167.8,102418.23333333334,10958.433333333332,0.0,0,15,2,0,10,0,"{""process_exit"": 15, ""process_exec"": 15, ""process_kprobe"": 10}"
1776114053,normal,sw-wk3,0.20822222222221987,0.34268957783809273,156.13333333333333,80.0,3910.866666666667,80130.06666666667,0.0,0,194,4,0,0,0,"{""process_exit"": 112, ""process_exec"": 194}"
1776114053,normal,sw-wk2,0.20033333333334058,0.292991895714668,104.8,54.0,5343.4,27746.266666666666,0.0,0,0,0,0,0,0,{}
1776114063,normal,k3s-wk1,0.3192222222222275,0.6183269873558327,327.5333333333333,167.8,102418.23333333334,10958.433333333332,0.0,0,39,3,0,32,0,"{""process_exit"": 39, ""process_exec"": 39, ""process_kprobe"": 32}"
1776114063,normal,sw-wk3,0.20822222222221987,0.34268957783809273,156.13333333333333,80.0,3910.866666666667,80130.06666666667,0.0,0,153,4,0,0,0,"{""process_exit"": 73, ""process_exec"": 153}"
1776114063,normal,sw-wk2,0.11727448496565862,0.288017508314538,156.1437429161944,80.0053336889126,2318.921261417428,3880.2253483565573,0.0,0,0,0,0,0,0,{}
1776114073,normal,k3s-wk1,0.3192222222222275,0.6183269873558327,327.5333333333333,167.8,102418.23333333334,10958.433333333332,0.0,0,54,3,0,48,0,"{""process_exit"": 54, ""process_exec"": 54, ""process_kprobe"": 48}"
1776114073,normal,sw-wk3,0.20633333333334025,0.3426561285472176,156.13333333333333,80.00000000000001,5181.166666666667,75965.33333333333,0.0,0,161,4,0,0,0,"{""process_exec"": 161, ""process_exit"": 103}"
1776114073,normal,sw-wk2,0.11727448496565862,0.288017508314538,156.1437429161944,80.0053336889126,2318.921261417428,3880.2253483565573,0.0,0,2,2,0,0,0,"{""process_exec"": 2}"
1776114083,normal,k3s-wk1,0.30322222222221173,0.6161957322972063,327.5333333333333,167.8,80452.23333333334,8375.266666666666,0.0,0,36,3,0,30,0,"{""process_exit"": 36, ""process_exec"": 36, ""process_kprobe"": 30}"
1776114083,normal,sw-wk3,0.20633333333334025,0.3426561285472176,156.13333333333333,80.0,5181.166666666667,75965.33333333333,0.0,0,0,0,0,0,0,{}
1776114083,normal,sw-wk2,0.11727448496565862,0.288017508314538,156.1437429161944,80.0053336889126,2318.921261417428,3880.2253483565573,0.0,0,104,5,0,0,0,"{""process_exit"": 106, ""process_exec"": 104}"
1776114093,normal,k3s-wk1,0.30322222222221173,0.6161957322972063,327.5333333333333,167.8,80452.23333333334,8375.266666666666,0.0,0,57,3,0,50,0,"{""process_exit"": 57, ""process_exec"": 57, ""process_kprobe"": 50}"
1776114093,normal,sw-wk3,0.20633333333334025,0.3426561285472176,156.13333333333333,80.0,5181.166666666667,75965.33333333333,0.0,0,1,1,0,0,0,"{""process_exit"": 3, ""process_exec"": 1}"
1776114093,normal,sw-wk2,0.2112748039019544,0.29081609898441585,153.98973401773216,77.99480034664356,5777.748150123325,27865.00899940004,0.0,0,0,0,0,0,0,{}
1776114103,normal,k3s-wk1,0.30322222222221173,0.6161957322972063,327.5333333333333,167.8,80452.23333333334,8375.266666666666,0.0,0,12,2,0,8,0,"{""process_exit"": 12, ""process_exec"": 12, ""process_kprobe"": 8}"
1776114103,normal,sw-wk3,0.18722222222222618,0.34559329485072054,109.26666666666667,60.0,5563.066666666667,28897.6,0.0,0,0,0,0,0,0,{}
1776114103,normal,sw-wk2,0.2112748039019544,0.29081609898441585,153.98973401773216,77.99480034664356,5777.748150123325,27865.00899940004,0.0,0,0,0,0,0,0,{}
1776114113,normal,k3s-wk1,0.2828888888888893,0.6140125504733802,329.4,170.4,32893.8,6551.066666666667,0.0,0,12,2,0,8,0,"{""process_exit"": 12, ""process_exec"": 12, ""process_kprobe"": 8}"
1776114113,normal,sw-wk3,0.18722222222222618,0.34559329485072054,109.26666666666667,60.0,5563.066666666667,28897.6,0.0,0,0,0,0,0,0,{}
1776114113,normal,sw-wk2,0.2112748039019544,0.29081609898441585,153.98973401773216,77.99480034664356,5777.748150123325,27865.00899940004,0.0,0,0,0,0,0,0,{}
1776114123,normal,k3s-wk1,0.2828888888888893,0.6140125504733802,329.4,170.4,32893.8,6551.066666666667,0.0,0,15,2,0,10,0,"{""process_exit"": 15, ""process_exec"": 15, ""process_kprobe"": 10}"
1776114123,normal,sw-wk3,0.18722222222222618,0.34559329485072054,109.26666666666667,60.0,5563.066666666667,28897.6,0.0,0,1,1,0,0,0,"{""process_exit"": 9, ""process_exec"": 1}"
1776114123,normal,sw-wk2,0.11854913988532134,0.28974572167641477,156.15415388718495,80.01066808907854,597.4463261768235,3569.2092278970526,0.0,0,0,0,0,0,0,{}
1776114133,normal,sw-wk2,0.11854913988532134,0.28974572167641477,156.15415388718495,80.01066808907854,597.4463261768235,3569.2092278970526,0.0,0,106,7,0,0,0,"{""process_exec"": 106, ""process_exit"": 106}"
1776114133,normal,k3s-wk1,0.2828888888888893,0.6140125504733802,329.4,170.4,32893.8,6551.066666666667,0.0,0,12,2,0,8,0,"{""process_exit"": 12, ""process_exec"": 12, ""process_kprobe"": 8}"
1776114133,normal,sw-wk3,0.1577777777777758,0.3455502886195956,154.0,78.0,2855.633333333333,6427.2,0.0,0,0,0,0,0,0,{}
1776114143,normal,k3s-wk1,0.28833333333333133,0.6178449715136539,325.5333333333333,165.80000000000004,34231.8,10359.866666666667,0.0,0,78,3,0,70,0,"{""process_exit"": 78, ""process_exec"": 78, ""process_kprobe"": 70}"
1776114143,normal,sw-wk3,0.1577777777777758,0.3455502886195956,154.0,78.0,2855.633333333333,6427.2,0.0,0,0,0,0,0,0,{}
1776114143,normal,sw-wk2,0.11854913988532134,0.28974572167641477,156.15415388718495,80.01066808907854,597.4463261768235,3569.2092278970526,0.0,0,0,0,0,0,0,{}
1776114153,normal,k3s-wk1,0.28833333333333133,0.6178449715136539,325.5333333333333,165.8,34231.8,10359.866666666667,0.0,0,33,3,0,28,0,"{""process_exit"": 33, ""process_exec"": 33, ""process_kprobe"": 28}"
1776114153,normal,sw-wk3,0.1577777777777758,0.3455502886195956,154.0,78.0,2855.633333333333,6427.2,0.0,0,0,0,0,0,0,{}
1776114153,normal,sw-wk2,0.19166666666666676,0.29079539228054074,156.13333333333333,80.0,5656.566666666667,27718.433333333334,0.0,0,0,0,0,0,0,{}
1776114163,normal,k3s-wk1,0.28833333333333133,0.6178449715136539,325.5333333333333,165.8,34231.8,10359.866666666667,0.0,0,36,3,0,30,0,"{""process_exit"": 36, ""process_exec"": 36, ""process_kprobe"": 30}"
1776114163,normal,sw-wk3,0.1674444444444413,0.3441788676937192,156.13333333333333,80.0,2881.8,5100.0,0.0,0,1,1,0,0,0,"{""process_exit"": 5, ""process_exec"": 1}"
1776114163,normal,sw-wk2,0.19166666666666676,0.29079539228054074,156.13333333333333,80.0,5656.566666666667,27718.433333333334,0.0,0,0,0,0,0,0,{}
1776114173,normal,k3s-wk1,0.29344444444444284,0.6160399520016075,323.4000000000001,163.8,9782.433333333332,5911.633333333333,0.0,0,33,3,0,28,0,"{""process_exit"": 33, ""process_exec"": 33, ""process_kprobe"": 28}"
1776114173,normal,sw-wk3,0.1674444444444413,0.3441788676937192,156.13333333333333,80.0,2881.8,5100.0,0.0,0,0,0,0,0,0,{}
1776114173,normal,sw-wk2,0.19166666666666676,0.29079539228054074,156.13333333333333,80.0,5656.566666666667,27718.433333333334,0.0,0,2,2,0,0,0,"{""process_exec"": 2}"
1776114183,normal,k3s-wk1,0.29344444444444284,0.6160399520016075,323.4,163.8,9782.433333333332,5911.633333333333,0.0,0,36,3,0,30,0,"{""process_exit"": 36, ""process_exec"": 36, ""process_kprobe"": 30}"
1776114183,normal,sw-wk3,0.1674444444444413,0.3441788676937192,156.13333333333333,80.0,2881.8,5100.0,0.0,0,0,0,0,0,0,{}
1776114183,normal,sw-wk2,0.15166866640003906,0.29583986390917083,702.4063458205572,342.4210105319291,2707.605652579656,4117.117717637649,0.0,0,4,4,0,0,0,"{""process_exit"": 5, ""process_exec"": 4}"
1776114193,normal,k3s-wk1,0.29344444444444284,0.6160399520016075,323.4,163.8,9782.433333333332,5911.633333333333,0.0,0,57,3,0,50,0,"{""process_exit"": 57, ""process_exec"": 57, ""process_kprobe"": 50}"
1776114193,normal,sw-wk3,0.15844444444444672,0.3399085082253399,156.13333333333333,80.0,5680.4,6128.233333333334,0.0,0,0,0,0,0,0,{}
1776114193,normal,sw-wk2,0.15166866640003906,0.29583986390917083,702.4063458205572,342.4210105319291,2707.605652579656,4117.117717637649,0.0,0,2,2,0,0,0,"{""process_exit"": 2, ""process_exec"": 2}"
1776114203,normal,sw-wk2,0.15166866640003906,0.29583986390917083,702.4063458205572,342.4210105319291,2707.605652579656,4117.117717637649,0.0,0,108,7,0,0,0,"{""process_exit"": 110, ""process_exec"": 108}"
1776114203,normal,k3s-wk1,0.3005555555555576,0.6190652504958442,325.5333333333333,165.8,11575.033333333333,6129.433333333333,0.0,0,9,2,0,6,0,"{""process_exit"": 9, ""process_exec"": 9, ""process_kprobe"": 6}"
1776114203,normal,sw-wk3,0.15844444444444694,0.3399085082253399,156.13333333333333,80.0,5680.4,6128.233333333334,0.0,0,1,1,0,0,0,"{""process_exit"": 17, ""process_exec"": 1}"
1776114213,normal,k3s-wk1,0.3005555555555576,0.6190652504958442,325.5333333333333,165.8,11575.033333333333,6129.433333333333,0.0,0,33,3,0,28,0,"{""process_exit"": 33, ""process_exec"": 33, ""process_kprobe"": 28}"
1776114213,normal,sw-wk3,0.15844444444444694,0.3399085082253399,156.13333333333333,80.0,5680.4,6128.233333333334,0.0,0,0,0,0,0,0,{}
1776114213,normal,sw-wk2,0.20039113718692303,0.29877703021267377,243.81625441696116,168.27788519234616,5670.611374091606,30519.167944529636,0.0,0,3,2,0,0,0,"{""process_exit"": 3, ""process_exec"": 3}"
1776114223,normal,k3s-wk1,0.3005555555555576,0.6190652504958442,325.5333333333333,165.8,11575.033333333333,6129.433333333333,0.0,0,60,3,0,52,0,"{""process_exit"": 60, ""process_exec"": 60, ""process_kprobe"": 52}"
1776114223,normal,sw-wk3,0.15166666666665252,0.34263382901996764,154.0,78.0,2972.3333333333335,7554.5,0.0,0,0,0,0,0,0,{}
1776114223,normal,sw-wk2,0.20039113718692303,0.29877703021267377,243.81625441696116,168.27788519234616,5670.611374091606,30519.167944529636,0.0,0,3,2,0,0,0,"{""process_exit"": 3, ""process_exec"": 3}"
1776114233,normal,k3s-wk1,0.28473819284738067,0.6224303306493216,325.50078325500783,165.78342165783423,37251.941472519415,6761.7571576175715,0.0,0,12,2,0,8,0,"{""process_exit"": 12, ""process_exec"": 12, ""process_kprobe"": 8}"
1776114233,normal,sw-wk3,0.15166666666665252,0.34263382901996764,154.0,78.0,2972.3333333333335,7554.5,0.0,0,1,1,0,0,0,"{""process_exit"": 3, ""process_exec"": 1}"
1776114233,normal,sw-wk2,0.20039113718692303,0.29877703021267377,243.81625441696116,168.27788519234616,5670.611374091606,30519.167944529636,0.0,0,4,2,0,0,0,"{""process_exit"": 4, ""process_exec"": 4}"
1776114243,normal,k3s-wk1,0.28473819284738067,0.6224303306493216,325.50078325500783,165.78342165783423,37251.941472519415,6761.7571576175715,0.0,0,33,3,0,28,0,"{""process_exit"": 33, ""process_exec"": 33, ""process_kprobe"": 28}"
1776114243,normal,sw-wk3,0.15166666666665252,0.34263382901996764,154.0,78.0,2972.3333333333335,7554.5,0.0,0,0,0,0,0,0,{}
1776114243,normal,sw-wk2,0.13894629246939094,0.2973164111777973,232.3845076994867,156.3895740283981,698.3201119925338,5970.468635424305,0.0,0,3,2,0,0,0,"{""process_exit"": 3, ""process_exec"": 3}"
1776114253,normal,k3s-wk1,0.28473819284738067,0.6224303306493216,325.50078325500783,165.78342165783423,37251.941472519415,6761.7571576175715,0.0,0,36,3,0,30,0,"{""process_exit"": 36, ""process_exec"": 36, ""process_kprobe"": 30}"
1776114253,normal,sw-wk3,0.1514444444444557,0.3455423245027205,156.13333333333333,80.0,2250.2666666666664,5604.0,0.0,0,1,1,0,0,0,"{""process_exit"": 7, ""process_exec"": 1}"
1776114253,normal,sw-wk2,0.13894629246939094,0.2973164111777973,232.3845076994867,156.3895740283981,698.3201119925338,5970.468635424305,0.0,0,109,8,0,0,0,"{""process_exit"": 109, ""process_exec"": 109}"
1776114263,normal,sw-wk2,0.13894629246939094,0.2973164111777973,232.3845076994867,156.3895740283981,698.3201119925338,5970.468635424305,0.0,0,3,2,0,0,0,"{""process_exit"": 3, ""process_exec"": 3}"
1776114263,normal,k3s-wk1,0.30926425975930083,0.6319069652982459,323.4323432343234,163.81638163816382,36818.71520485382,9475.180851418474,0.0,0,57,3,0,50,0,"{""process_exit"": 57, ""process_exec"": 57, ""process_kprobe"": 50}"
1776114263,normal,sw-wk3,0.1514444444444557,0.3455423245027205,156.13333333333333,80.0,2250.2666666666664,5604.0,0.0,0,0,0,0,0,0,{}
1776114273,normal,sw-wk2,0.20199999999999319,0.2840497852874091,234.53333333333333,158.4,5462.333333333333,30159.333333333332,0.0,0,3,2,0,0,0,"{""process_exit"": 3, ""process_exec"": 3}"
1776114273,normal,k3s-wk1,0.30926425975930083,0.6319069652982459,323.4323432343234,163.81638163816382,36818.71520485382,9475.180851418474,0.0,0,57,3,0,50,0,"{""process_exit"": 57, ""process_exec"": 57, ""process_kprobe"": 50}"
1776114273,normal,sw-wk3,0.1514444444444557,0.3455423245027205,156.13333333333333,80.0,2250.2666666666664,5604.0,0.0,0,0,0,0,0,0,{}
1776114283,normal,sw-wk2,0.20199999999999319,0.2840497852874091,234.53333333333333,158.4,5462.333333333333,30159.333333333332,0.0,0,4,2,0,0,0,"{""process_exit"": 4, ""process_exec"": 4}"
1776114283,normal,k3s-wk1,0.30926425975930083,0.6319069652982459,323.4323432343234,163.81638163816382,36818.71520485382,9475.180851418474,0.0,0,33,3,0,28,0,"{""process_exit"": 33, ""process_exec"": 33, ""process_kprobe"": 28}"
1776114283,normal,sw-wk3,0.14600000000001379,0.34035768441709036,104.8,54.0,2954.1666666666665,6154.333333333333,0.0,0,0,0,0,0,0,{}
1776114293,normal,k3s-wk1,0.27744444444445737,0.6247839677241289,330.0,171.80000000000004,10854.833333333334,1852.9666666666667,0.0,0,15,2,0,10,0,"{""process_exit"": 15, ""process_exec"": 15, ""process_kprobe"": 10}"
1776114293,normal,sw-wk3,0.14600000000001379,0.34035768441709036,104.8,54.0,2954.1666666666665,6154.333333333333,0.0,0,1,1,0,0,0,"{""process_exit"": 3, ""process_exec"": 1}"
1776114293,normal,sw-wk2,0.20199999999999319,0.2840497852874091,234.53333333333333,158.4,5462.333333333333,30159.333333333332,0.0,0,4,2,0,0,0,"{""process_exit"": 4, ""process_exec"": 4}"
1776114303,normal,k3s-wk1,0.27744444444445737,0.6247839677241289,330.0,171.8,10854.833333333334,1852.9666666666667,0.0,0,36,3,0,30,0,"{""process_exit"": 37, ""process_exec"": 36, ""process_kprobe"": 30}"
1776114303,normal,sw-wk3,0.14600000000001379,0.34035768441709036,104.8,54.0,2954.1666666666665,6154.333333333333,0.0,0,0,0,0,0,0,{}
1776114303,normal,sw-wk2,0.12330411013701859,0.2881544911247882,242.27474249141642,167.67225574185807,760.9920330677691,6007.166905563519,0.0,0,2,2,0,0,0,"{""process_exit"": 2, ""process_exec"": 2}"
1776114313,normal,sw-wk2,0.12330411013701859,0.2881544911247882,242.27474249141642,167.67225574185807,760.9920330677691,6007.166905563519,0.0,0,110,8,0,0,0,"{""process_exit"": 110, ""process_exec"": 110}"
1776114313,normal,k3s-wk1,0.27744444444445737,0.6247839677241289,330.0,171.8,10854.833333333334,1852.9666666666667,0.0,0,33,3,0,28,0,"{""process_exit"": 33, ""process_exec"": 33, ""process_kprobe"": 28}"
1776114313,normal,sw-wk3,0.15433333333331678,0.34521738853422024,156.13333333333333,80.0,3016.1666666666665,5654.333333333333,0.0,0,1,1,0,0,0,"{""process_exit"": 7, ""process_exec"": 1}"
1776114323,normal,k3s-wk1,0.31188888888888566,0.6264174031424723,323.4,163.8,37092.53333333333,11376.3,0.0,0,60,3,0,52,0,"{""process_exit"": 60, ""process_exec"": 60, ""process_kprobe"": 52}"
1776114323,normal,sw-wk3,0.15433333333331678,0.34521738853422024,156.13333333333333,80.0,3016.1666666666665,5654.333333333333,0.0,0,0,0,0,0,0,{}
1776114323,normal,sw-wk2,0.12330411013701859,0.2881544911247882,242.27474249141642,167.67225574185807,760.9920330677691,6007.166905563519,0.0,0,4,2,0,0,0,"{""process_exit"": 4, ""process_exec"": 4}"
1776114333,normal,k3s-wk1,0.31188888888888566,0.6264174031424723,323.4,163.8,37092.53333333333,11376.3,0.0,0,9,2,0,6,0,"{""process_exit"": 9, ""process_exec"": 9, ""process_kprobe"": 6}"
1776114333,normal,sw-wk3,0.15433333333331678,0.34521738853422024,156.13333333333333,80.0,3016.1666666666665,5654.333333333333,0.0,0,1,1,0,0,0,"{""process_exit"": 15, ""process_exec"": 1}"
1776114333,normal,sw-wk2,0.20347099541124836,0.28635619353441133,237.7920735975467,161.66127795740138,6543.248558381386,30345.188493716872,0.0,0,1,1,0,0,0,"{""process_exit"": 3, ""process_exec"": 1}"
1776114343,normal,k3s-wk1,0.31188888888888566,0.6264174031424723,323.4,163.8,37092.53333333333,11376.3,0.0,0,36,3,0,30,0,"{""process_exit"": 36, ""process_exec"": 36, ""process_kprobe"": 30}"
1776114343,normal,sw-wk3,0.1710000000000036,0.33659065713521163,160.6,86.0,3828.0,8297.133333333333,0.0,0,0,0,0,0,0,{}
1776114343,normal,sw-wk2,0.20347099541124836,0.28635619353441133,237.7920735975467,161.66127795740138,6543.248558381386,30345.188493716872,0.0,0,0,0,0,0,0,{}
1776114353,normal,k3s-wk1,0.2864444444444416,0.6285204371330555,325.5333333333333,165.8,12447.033333333333,4807.2,0.0,0,60,3,0,52,0,"{""process_exit"": 60, ""process_exec"": 60, ""process_kprobe"": 52}"
1776114353,normal,sw-wk3,0.1710000000000036,0.33659065713521163,160.6,86.0,3828.0,8297.133333333333,0.0,0,0,0,0,0,0,{}
1776114353,normal,sw-wk2,0.20347099541124836,0.28635619353441133,237.7920735975467,161.66127795740138,6543.248558381386,30345.188493716872,0.0,0,0,0,0,0,0,{}
1776114363,normal,k3s-wk1,0.2864444444444416,0.6285204371330555,325.5333333333333,165.8,12447.033333333333,4807.2,0.0,0,36,3,0,30,0,"{""process_exit"": 36, ""process_exec"": 36, ""process_kprobe"": 30}"
1776114363,normal,sw-wk3,0.1710000000000036,0.33659065713521163,160.6,86.0,3828.0,8297.133333333333,0.0,0,1,1,0,0,0,"{""process_exit"": 3, ""process_exec"": 1}"
1776114363,normal,sw-wk2,0.136835322089653,0.2876893866992877,160.52263182454502,84.52769815345643,3874.6083594427037,4340.243983734417,0.0,0,0,0,0,0,0,{}
1776114373,normal,k3s-wk1,0.2864444444444416,0.6285204371330555,325.5333333333333,165.8,12447.033333333333,4807.2,0.0,0,36,3,0,30,0,"{""process_exit"": 36, ""process_exec"": 36, ""process_kprobe"": 30}"
1776114373,normal,sw-wk3,0.16233333333333977,0.33800826993896305,156.13333333333333,80.0,2977.0666666666666,5720.666666666667,0.0,0,0,0,0,0,0,{}
1776114373,normal,sw-wk2,0.136835322089653,0.2876893866992877,160.52263182454502,84.52769815345643,3874.6083594427037,4340.243983734417,0.0,0,2,2,0,0,0,"{""process_exec"": 2}"
1776114383,normal,k3s-wk1,0.2881111111111042,0.6297249123171416,325.5333333333333,165.8,10029.9,6582.5,0.0,0,51,3,0,46,0,"{""process_exit"": 51, ""process_exec"": 51, ""process_kprobe"": 46}"
1776114383,normal,sw-wk3,0.16233333333333977,0.33800826993896305,156.13333333333333,80.0,2977.0666666666666,5720.666666666667,0.0,0,0,0,0,0,0,{}
1776114383,normal,sw-wk2,0.136835322089653,0.2876893866992877,160.52263182454502,84.52769815345643,3874.6083594427037,4340.243983734417,0.0,0,104,5,0,0,0,"{""process_exit"": 106, ""process_exec"": 104}"
1776114398,normal,k3s-wk1,0.2881111111111042,0.6297249123171416,325.5333333333333,165.8,10029.9,6582.5,0.0,0,21,2,0,14,0,"{""process_exit"": 21, ""process_exec"": 21, ""process_kprobe"": 14}"
1776114398,normal,sw-wk3,0.16233333333333977,0.33800826993896305,156.13333333333333,80.0,2907.07595907076,7034.596540345966,0.0,0,1,1,0,0,0,"{""process_exit"": 13, ""process_exec"": 1}"
1776114398,normal,sw-wk2,0.19016823343778355,0.2947583368375447,104.80698713247551,54.003600240016006,5420.328021868125,27944.529635309023,0.0,0,0,0,0,0,0,{}
1776114403,normal,k3s-wk1,0.2881111111111042,0.6297249123171416,325.5333333333333,165.8,10029.9,6582.5,0.0,0,72,3,0,64,0,"{""process_exit"": 72, ""process_exec"": 72, ""process_kprobe"": 64}"
1776114403,normal,sw-wk3,0.16152829161529014,0.33822011544783825,156.1177215611772,79.99200079992,2907.07595907076,7034.596540345966,0.0,0,0,0,0,0,0,{}
1776114403,normal,sw-wk2,0.19016823343778355,0.2947583368375447,104.80698713247551,54.003600240016006,5420.328021868125,27944.529635309023,0.0,0,0,0,0,0,0,{}
1776114413,normal,k3s-wk1,0.2890000000000126,0.6249521652896667,486.4,258.0,34274.8,6450.9,0.0,0,42,3,0,36,0,"{""process_exit"": 42, ""process_exec"": 42, ""process_kprobe"": 36}"
1776114413,normal,sw-wk3,0.16152829161529014,0.33822011544783825,156.1177215611772,79.99200079992,2907.07595907076,7034.596540345966,0.0,0,0,0,0,0,0,{}
1776114413,normal,sw-wk2,0.19016823343778355,0.2947583368375447,104.80698713247551,54.003600240016006,5420.328021868125,27944.529635309023,0.0,0,0,0,0,0,0,{}
1776114423,normal,k3s-wk1,0.2890000000000126,0.6249521652896667,486.4,258.0,34274.8,6450.9,0.0,0,54,3,0,48,0,"{""process_exit"": 54, ""process_exec"": 54, ""process_kprobe"": 48}"
1776114423,normal,sw-wk3,0.16152829161529014,0.33822011544783825,156.1177215611772,79.99200079992,2907.07595907076,7034.596540345966,0.0,0,1,1,0,0,0,"{""process_exit"": 15, ""process_exec"": 1}"
1776114423,normal,sw-wk2,0.12721696226161505,0.2852953731666603,156.15415388718495,80.01066808907854,626.2835044672622,3577.543672489665,0.0,0,0,0,0,0,0,{}
1776114433,normal,sw-wk2,0.12721696226161505,0.2852953731666603,156.15415388718495,80.01066808907854,626.2835044672622,3577.543672489665,0.0,0,106,7,0,0,0,"{""process_exec"": 106, ""process_exit"": 106}"
1776114433,normal,sw-wk3,0.21958862552921443,0.3500420505371,104.8104810481048,54.005400540054005,8253.858719205253,7750.675067506751,0.0,0,16,3,0,0,0,"{""process_exec"": 16, ""process_exit"": 12}"
1776114433,normal,k3s-wk1,0.2890000000000126,0.6249521652896667,486.4,258.0,34274.8,6450.9,0.0,0,15,2,0,10,0,"{""process_exit"": 15, ""process_exec"": 15, ""process_kprobe"": 10}"
1776114443,normal,k3s-wk1,0.34230991423364954,0.6230545806744383,667.7443007598987,352.65297960271965,39151.24650046661,18058.558858818826,0.0,0,39,3,0,32,0,"{""process_exit"": 39, ""process_exec"": 39, ""process_kprobe"": 32}"
1776114443,normal,sw-wk3,0.21958862552921443,0.3500420505371,104.8104810481048,54.005400540054005,8253.858719205253,7750.675067506751,0.0,0,0,0,0,0,0,"{""process_exit"": 4}"
1776114443,normal,sw-wk2,0.12721696226161505,0.2852953731666603,156.15415388718495,80.01066808907854,626.2835044672622,3577.543672489665,0.0,0,0,0,0,0,0,{}
1776114453,normal,k3s-wk1,0.34230991423364954,0.6230545806744383,667.7443007598987,352.65297960271965,39151.24650046661,18058.558858818826,0.0,0,54,3,0,48,0,"{""process_exit"": 54, ""process_exec"": 54, ""process_kprobe"": 48}"
1776114453,normal,sw-wk3,0.21958862552921443,0.3500420505371,104.8104810481048,54.005400540054005,8253.858719205253,7750.675067506751,0.0,0,9,3,0,0,0,"{""process_exit"": 17, ""process_exec"": 9}"
1776114453,normal,sw-wk2,0.22955555555557416,0.2892296469029142,156.13333333333335,80.0,7360.333333333333,27953.433333333334,0.0,0,0,0,0,0,0,{}
1776114463,normal,k3s-wk1,0.34230991423364954,0.6230545806744383,667.7443007598987,352.65297960271965,39151.24650046661,18058.558858818826,0.0,0,36,3,0,30,0,"{""process_exit"": 36, ""process_exec"": 36, ""process_kprobe"": 30}"
1776114463,normal,sw-wk3,0.2186666666666598,0.3431562750869681,156.13333333333333,80.0,13912.033333333333,13089.7,0.0,0,0,0,0,0,0,"{""process_exit"": 4}"
1776114463,normal,sw-wk2,0.22955555555557416,0.2892296469029142,156.13333333333333,80.0,7360.333333333333,27953.433333333334,0.0,0,0,0,0,0,0,{}
1776114474,normal,k3s-wk1,0.299795528292669,0.622826554444649,665.7887718362448,350.74676623549806,14408.154420589412,17310.30804107214,0.0,0,60,3,0,52,0,"{""process_exit"": 60, ""process_exec"": 60, ""process_kprobe"": 52}"
1776114474,normal,sw-wk3,0.2186666666666598,0.3431562750869681,156.13333333333333,80.0,13912.033333333333,13089.7,0.0,0,0,0,0,0,0,{}
1776114474,normal,sw-wk2,0.22955555555557416,0.2892296469029142,156.13333333333333,80.0,7360.333333333333,27953.433333333334,0.0,0,0,0,0,0,0,{}
1776114483,normal,k3s-wk1,0.299795528292669,0.622826554444649,665.7887718362448,350.74676623549806,14408.154420589412,17310.30804107214,0.0,0,33,3,0,28,0,"{""process_exit"": 33, ""process_exec"": 33, ""process_kprobe"": 28}"
1776114483,normal,sw-wk3,0.2186666666666598,0.3431562750869681,156.13333333333333,80.0,13912.033333333333,13089.7,0.0,0,4,3,0,0,0,"{""process_exec"": 4, ""process_exit"": 2}"
1776114483,normal,sw-wk2,0.11775489117755056,0.2885383615581636,156.1177215611772,79.99200079992,2221.5778422157787,3719.028097190281,0.0,0,0,0,0,0,0,{}
1776114494,normal,k3s-wk1,0.299795528292669,0.622826554444649,665.7887718362448,350.74676623549806,14408.154420589412,17310.30804107214,0.0,0,18,2,0,12,0,"{""process_exit"": 18, ""process_exec"": 18, ""process_kprobe"": 12}"
1776114494,normal,sw-wk3,0.19288189816047208,0.3424363189214674,156.0917088776326,79.97867235403892,10325.779792055451,7431.784857371367,0.0,0,5,3,0,0,0,"{""process_exec"": 5, ""process_exit"": 13}"
1776114494,normal,sw-wk2,0.11775489117755056,0.2885383615581636,156.1177215611772,79.99200079992,2221.5778422157787,3719.028097190281,0.0,0,2,2,0,0,0,"{""process_exec"": 2}"
1776114503,normal,k3s-wk1,0.3051574339488483,0.6213658319627302,667.7888140790614,352.6764882341177,13031.96453569762,12173.721751883208,0.0,0,21,2,0,14,0,"{""process_exit"": 21, ""process_exec"": 21, ""process_kprobe"": 14}"
1776114503,normal,sw-wk3,0.19288189816047208,0.3424363189214674,156.0917088776326,79.97867235403892,10325.779792055451,7431.784857371367,0.0,0,0,0,0,0,0,{}
1776114503,normal,sw-wk2,0.11775489117755056,0.2885383615581636,156.1177215611772,79.99200079992,2221.5778422157787,3719.028097190281,0.0,0,100,3,0,0,0,"{""process_exit"": 102, ""process_exec"": 100}"
1776114513,normal,k3s-wk1,0.3051574339488483,0.6213658319627302,667.7888140790614,352.6764882341177,13031.96453569762,12173.721751883208,0.0,0,18,2,0,12,0,"{""process_exit"": 18, ""process_exec"": 18, ""process_kprobe"": 12}"
1776114513,normal,sw-wk3,0.19288189816047208,0.3424363189214674,156.0917088776326,79.97867235403892,10325.779792055451,7431.784857371367,0.0,0,0,0,0,0,0,{}
1776114513,normal,sw-wk2,0.2019686920196675,0.2854594339742854,156.1177215611772,79.99200079992,6167.683231676832,27072.82605072826,0.0,0,0,0,0,0,0,{}
1776114523,normal,k3s-wk1,0.3051574339488483,0.6213658319627302,667.7888140790614,352.6764882341177,13031.96453569762,12173.721751883208,0.0,0,36,3,0,30,0,"{""process_exit"": 36, ""process_exec"": 36, ""process_kprobe"": 30}"
1776114523,normal,sw-wk3,0.1710840695671788,0.3444337194337195,154.02567094515751,78.01300216702785,7171.6619436572755,7956.1260210035,0.0,0,0,0,0,0,0,{}
1776114523,normal,sw-wk2,0.2019686920196675,0.2854594339742854,156.1177215611772,79.99200079992,6167.683231676832,27072.82605072826,0.0,0,0,0,0,0,0,{}
1776114533,normal,k3s-wk1,0.3054907450614379,0.6201703875204179,667.7888140790614,352.6764882341177,32190.88727418172,8779.114725684954,0.0,0,33,3,0,28,0,"{""process_exit"": 33, ""process_exec"": 33, ""process_kprobe"": 28}"
1776114533,normal,sw-wk3,0.1710840695671788,0.3444337194337195,154.02567094515751,78.01300216702784,7171.6619436572755,7956.1260210035,0.0,0,5,3,0,0,0,"{""process_exit"": 5, ""process_exec"": 5}"
1776114533,normal,sw-wk2,0.2019686920196675,0.2854594339742854,156.1177215611772,79.99200079992,6167.683231676832,27072.82605072826,0.0,0,0,0,0,0,0,{}
1776114543,normal,k3s-wk1,0.3054907450614379,0.6201703875204179,667.7888140790614,352.6764882341177,32190.88727418172,8779.114725684954,0.0,0,36,3,0,30,0,"{""process_exit"": 36, ""process_exec"": 36, ""process_kprobe"": 30}"
1776114543,normal,sw-wk3,0.1710840695671788,0.3444337194337195,154.02567094515751,78.01300216702784,7171.6619436572755,7956.1260210035,0.0,0,4,3,0,0,0,"{""process_exec"": 4, ""process_exit"": 6}"
1776114543,normal,sw-wk2,0.11408158049715267,0.2899480102450399,156.13853795126505,80.00266675555852,977.96593219774,3578.4526150871698,0.0,0,0,0,0,0,0,{}
1776114553,normal,k3s-wk1,0.3054907450614379,0.6201703875204179,667.7888140790614,352.6764882341177,32190.88727418172,8779.114725684954,0.0,0,18,2,0,12,0,"{""process_exit"": 18, ""process_exec"": 18, ""process_kprobe"": 12}"
1776114553,normal,sw-wk3,0.19125245857918405,0.3494750054155995,159.14924825815913,83.008300830083,6962.496249624962,8171.783845051172,0.0,0,0,0,0,0,0,{}
1776114553,normal,sw-wk2,0.11408158049715267,0.2899480102450399,156.13853795126505,80.00266675555852,977.96593219774,3578.4526150871698,0.0,0,2,2,0,0,0,"{""process_exec"": 2}"
1776114563,normal,k3s-wk1,0.3031293061297159,0.6262695247459258,672.3896519535938,358.7478330444059,12438.925190025337,10914.588611814908,0.0,0,57,3,0,50,0,"{""process_exit"": 57, ""process_exec"": 57, ""process_kprobe"": 50}"
1776114563,normal,sw-wk3,0.19125245857918405,0.3494750054155995,159.14924825815913,83.008300830083,6962.496249624962,8171.783845051172,0.0,0,0,0,0,0,0,{}
1776114563,normal,sw-wk2,0.11408158049715267,0.2899480102450399,156.13853795126505,80.00266675555852,977.96593219774,3578.4526150871698,0.0,0,104,5,0,0,0,"{""process_exit"": 106, ""process_exec"": 104}"
1776114573,normal,k3s-wk1,0.3031293061297159,0.6262695247459258,672.3896519535938,358.7478330444059,12438.925190025337,10914.588611814908,0.0,0,15,2,0,10,0,"{""process_exit"": 15, ""process_exec"": 15, ""process_kprobe"": 10}"
1776114573,normal,sw-wk3,0.19125245857918405,0.3494750054155995,159.14924825815913,83.008300830083,6962.496249624962,8171.783845051172,0.0,0,1,1,0,0,0,"{""process_exit"": 15, ""process_exec"": 1}"
1776114573,normal,sw-wk2,0.2102543587691933,0.2886880869554137,107.81078107810781,57.005700570057,7170.11701170117,27985.431876520983,0.0,0,0,0,0,0,0,{}
1776114583,normal,k3s-wk1,0.3031293061297159,0.6262695247459258,672.3896519535938,358.7478330444059,12438.925190025337,10914.588611814908,0.0,0,33,3,0,28,0,"{""process_exit"": 33, ""process_exec"": 33, ""process_kprobe"": 28}"
1776114583,normal,sw-wk3,0.20755555555554872,0.3423550849293423,156.13333333333333,80.0,12143.4,8198.366666666669,0.0,0,0,0,0,0,0,{}
1776114583,normal,sw-wk2,0.2102543587691933,0.2886880869554137,107.81078107810781,57.005700570057,7170.11701170117,27985.431876520983,0.0,0,0,0,0,0,0,{}
1776114593,normal,k3s-wk1,0.3209999999999935,0.6248009003649548,667.8333333333334,352.7,35394.6,16157.133333333333,0.0,0,33,3,0,28,0,"{""process_exit"": 33, ""process_exec"": 33, ""process_kprobe"": 28}"
1776114593,normal,sw-wk3,0.20755555555554872,0.3423550849293423,156.13333333333333,80.0,12143.4,8198.366666666667,0.0,0,0,0,0,0,0,{}
1776114593,normal,sw-wk2,0.2102543587691933,0.2886880869554137,107.81078107810781,57.005700570057,7170.11701170117,27985.431876520983,0.0,0,0,0,0,0,0,{}
1776114603,normal,k3s-wk1,0.3209999999999935,0.6248009003649548,667.8333333333334,352.7,35394.6,16157.133333333333,0.0,0,54,3,0,48,0,"{""process_exit"": 55, ""process_exec"": 54, ""process_kprobe"": 48}"
1776114603,normal,sw-wk3,0.20755555555554872,0.3423550849293423,156.13333333333333,80.0,12143.4,8198.366666666667,0.0,0,1,1,0,0,0,"{""process_exit"": 3, ""process_exec"": 1}"
1776114603,normal,sw-wk2,0.1320867913208792,0.28712871287128716,156.1177215611772,79.99200079992,790.1876479018765,3687.9978668799786,0.0,0,0,0,0,0,0,{}
1776114613,normal,k3s-wk1,0.3209999999999935,0.6248009003649548,667.8333333333334,352.7,35394.6,16157.133333333333,0.0,0,21,2,0,14,0,"{""process_exit"": 21, ""process_exec"": 21, ""process_kprobe"": 14}"
1776114613,normal,sw-wk3,0.14981061237186466,0.3459038954088459,104.76856942917125,53.983804858542435,2073.3779866040186,5482.222000066647,0.0,0,0,0,0,0,0,{}
1776114613,normal,sw-wk2,0.1320867913208792,0.28712871287128716,156.1177215611772,79.99200079992,790.1876479018765,3687.9978668799786,0.0,0,106,7,0,0,0,"{""process_exec"": 106, ""process_exit"": 106}"
1776114623,normal,k3s-wk1,0.30311111111111844,0.620818343242691,866.2666666666669,443.1333333333333,33670.96666666667,9673.733333333334,0.0,0,12,2,0,8,0,"{""process_exit"": 12, ""process_exec"": 12, ""process_kprobe"": 8}"
1776114623,normal,sw-wk3,0.14981061237186466,0.3459038954088459,104.76856942917125,53.983804858542435,2073.3779866040186,5482.222000066647,0.0,0,0,0,0,0,0,{}
1776114623,normal,sw-wk2,0.1320867913208792,0.28712871287128716,156.1177215611772,79.99200079992,790.1876479018765,3687.9978668799786,0.0,0,0,0,0,0,0,{}
1776114633,normal,k3s-wk1,0.30311111111111844,0.620818343242691,866.2666666666667,443.1333333333333,33670.96666666667,9673.733333333334,0.0,0,63,3,0,54,0,"{""process_exit"": 63, ""process_exec"": 63, ""process_kprobe"": 54}"
1776114633,normal,sw-wk3,0.14981061237186466,0.3459038954088459,104.76856942917125,53.983804858542435,2073.3779866040186,5482.222000066647,0.0,0,0,0,0,0,0,{}
1776114633,normal,sw-wk2,0.20050225570594804,0.29094671050116594,160.61070738049204,86.00573371558104,5432.1954796986465,27862.924194946332,0.0,0,0,0,0,0,0,{}
1776114643,normal,k3s-wk1,0.30311111111111844,0.620818343242691,866.2666666666667,443.1333333333333,33670.96666666667,9673.733333333334,0.0,0,33,3,0,28,0,"{""process_exit"": 33, ""process_exec"": 33, ""process_kprobe"": 28}"
1776114643,normal,sw-wk3,0.15430349502693486,0.33971418377358975,156.15935989331552,80.01333555592599,3007.1345224204033,5204.1673612268705,0.0,0,1,1,0,0,0,"{""process_exit"": 3, ""process_exec"": 1}"
1776114643,normal,sw-wk2,0.20050225570594804,0.29094671050116594,160.61070738049204,86.00573371558104,5432.1954796986465,27862.924194946332,0.0,0,0,0,0,0,0,{}
1776114653,normal,k3s-wk1,0.2700729927007218,0.620781091432874,669.7663566976636,354.6645335466453,9167.016631670167,1768.8231176882312,0.0,0,15,2,0,10,0,"{""process_exit"": 15, ""process_exec"": 15, ""process_kprobe"": 10}"
1776114653,normal,sw-wk3,0.15430349502693486,0.33971418377358975,156.15935989331552,80.01333555592598,3007.1345224204033,5204.1673612268705,0.0,0,0,0,0,0,0,{}
1776114653,normal,sw-wk2,0.20050225570594804,0.29094671050116594,160.61070738049204,86.00573371558104,5432.1954796986465,27862.924194946332,0.0,0,0,0,0,0,0,{}
1776114663,normal,k3s-wk1,0.2700729927007218,0.620781091432874,669.7663566976636,354.6645335466453,9167.016631670167,1768.8231176882312,0.0,0,15,2,0,10,0,"{""process_exit"": 15, ""process_exec"": 15, ""process_kprobe"": 10}"
1776114663,normal,sw-wk3,0.15430349502693486,0.33971418377358975,156.15935989331552,80.01333555592598,3007.1345224204033,5204.1673612268705,0.0,0,0,0,0,0,0,"{""process_exit"": 31}"
1776114663,normal,sw-wk2,0.11455555555554986,0.28861481708016357,156.13333333333333,80.0,1950.5666666666666,3781.5666666666666,0.0,0,0,0,0,0,0,{}
1776114673,normal,k3s-wk1,0.2700729927007218,0.620781091432874,669.7663566976636,354.6645335466453,9167.016631670167,1768.8231176882312,0.0,0,36,3,0,30,0,"{""process_exit"": 36, ""process_exec"": 36, ""process_kprobe"": 30}"
1776114673,normal,sw-wk3,0.15413930646756113,0.33980975317608986,156.12812906236456,79.99733342221927,3003.5998800039993,9957.368087730409,0.0,0,1,1,0,0,0,"{""process_exec"": 1}"
1776114673,normal,sw-wk2,0.11455555555554986,0.28861481708016357,156.13333333333333,80.0,1950.5666666666666,3781.5666666666666,0.0,0,106,7,0,0,0,"{""process_exec"": 106, ""process_exit"": 106}"
1776114683,normal,k3s-wk1,0.2870873473560245,0.615958675325643,669.855661855395,354.7118237274576,37446.61488716291,11218.77395913197,0.0,0,18,2,0,12,0,"{""process_exit"": 18, ""process_exec"": 18, ""process_kprobe"": 12}"
1776114683,normal,sw-wk3,0.15413930646756113,0.33980975317608986,156.12812906236456,79.99733342221927,3003.5998800039993,9957.368087730407,0.0,0,0,0,0,0,0,{}
1776114683,normal,sw-wk2,0.11455555555554986,0.28861481708016357,156.13333333333333,80.0,1950.5666666666666,3781.5666666666666,0.0,0,0,0,0,0,0,{}
1776114693,normal,k3s-wk1,0.2870873473560245,0.615958675325643,669.8556618553953,354.7118237274576,37446.61488716291,11218.773959131971,0.0,0,33,3,0,28,0,"{""process_exit"": 33, ""process_exec"": 33, ""process_kprobe"": 28}"
1776114693,normal,sw-wk3,0.15413930646756113,0.33980975317608986,156.12812906236456,79.99733342221924,3003.5998800039993,9957.368087730407,0.0,0,1,1,0,0,0,"{""process_exec"": 1}"
1776114693,normal,sw-wk2,0.19680856974585625,0.287049071702537,156.14894822815614,80.00800080008,5736.907024035737,27929.426275960926,0.0,0,0,0,0,0,0,{}
1776114703,normal,k3s-wk1,0.2870873473560245,0.615958675325643,669.8556618553953,354.7118237274576,37446.61488716291,11218.773959131971,0.0,0,18,2,0,12,0,"{""process_exit"": 18, ""process_exec"": 18, ""process_kprobe"": 12}"
1776114703,normal,sw-wk3,0.33500027782407005,0.3446837927035947,758.9264877479579,372.96216036005995,5558.559759959992,5561.96032672112,0.0,0,0,0,0,0,0,{}
1776114703,normal,sw-wk2,0.19680856974585625,0.287049071702537,156.14894822815614,80.00800080008,5736.907024035737,27929.426275960926,0.0,0,0,0,0,0,0,{}
1776114713,normal,k3s-wk1,0.29417516723336623,0.6162837820295012,673.8782585505701,359.32395493032874,10066.171078071871,4941.462764184279,0.0,0,33,3,0,28,0,"{""process_exit"": 33, ""process_exec"": 33, ""process_kprobe"": 28}"
1776114713,normal,sw-wk3,0.33500027782407005,0.3446837927035947,758.9264877479579,372.96216036005995,5558.559759959992,5561.96032672112,0.0,0,1,1,0,0,0,"{""process_exit"": 5, ""process_exec"": 1}"
1776114713,normal,sw-wk2,0.19680856974585625,0.287049071702537,156.14894822815614,80.00800080008,5736.907024035737,27929.426275960926,0.0,0,0,0,0,0,0,{}
1776114723,normal,k3s-wk1,0.29417516723336623,0.6162837820295012,673.8782585505701,359.32395493032874,10066.171078071871,4941.462764184279,0.0,0,54,3,0,48,0,"{""process_exit"": 54, ""process_exec"": 54, ""process_kprobe"": 48}"
1776114723,normal,sw-wk3,0.33500027782407005,0.3446837927035947,758.9264877479579,372.96216036005995,5558.559759959992,5561.96032672112,0.0,0,0,0,0,0,0,{}
1776114723,normal,sw-wk2,0.12159084597011927,0.28606152121003603,156.10731544742544,79.98666888851858,738.3436093984336,3666.9888351941345,0.0,0,0,0,0,0,0,{}
1776114733,normal,k3s-wk1,0.29417516723336623,0.6162837820295012,673.8782585505701,359.32395493032874,10066.171078071871,4941.462764184279,0.0,0,36,3,0,30,0,"{""process_exit"": 36, ""process_exec"": 36, ""process_kprobe"": 30}"
1776114733,normal,sw-wk3,0.4183683667010982,0.34900671534334904,110.7298710816483,60.56164429194843,2330.490689230154,6216.396282354509,0.0,0,1,1,0,0,0,"{""process_exit"": 3, ""process_exec"": 1}"
1776114733,normal,sw-wk2,0.12159084597011927,0.28606152121003603,156.10731544742544,79.98666888851858,738.3436093984336,3666.9888351941345,0.0,0,106,7,0,0,0,"{""process_exec"": 106, ""process_exit"": 104}"
1776114743,normal,sw-wk2,0.12159084597011927,0.28606152121003603,156.10731544742544,79.98666888851858,738.3436093984336,3666.9888351941345,0.0,0,0,0,0,0,0,"{""process_exit"": 2}"
1776114743,normal,k3s-wk1,0.2976666666666764,0.6148907901108862,667.8333333333334,352.7,34016.73333333333,7066.633333333333,0.0,0,12,2,0,8,0,"{""process_exit"": 12, ""process_exec"": 12, ""process_kprobe"": 8}"
1776114743,normal,sw-wk3,0.4183683667010982,0.34900671534334904,110.7298710816483,60.56164429194843,2330.490689230154,6216.396282354509,0.0,0,0,0,0,0,0,{}
1776114753,normal,k3s-wk1,0.2976666666666764,0.6148907901108862,667.8333333333334,352.7,34016.73333333333,7066.633333333333,0.0,0,39,3,0,32,0,"{""process_exit"": 39, ""process_exec"": 39, ""process_kprobe"": 32}"
1776114753,normal,sw-wk3,0.4183683667010982,0.34900671534334904,110.7298710816483,60.56164429194843,2330.490689230154,6216.396282354509,0.0,0,1,1,0,0,0,"{""process_exit"": 5, ""process_exec"": 1}"
1776114753,normal,sw-wk2,0.19919552873982982,0.29346655708041847,104.80349344978167,54.001800060002004,5824.527484249475,27924.23080769359,0.0,0,0,0,0,0,0,{}
1776114763,normal,k3s-wk1,0.2976666666666764,0.6148907901108862,667.8333333333334,352.7,34016.73333333333,7066.633333333333,0.0,0,60,3,0,52,0,"{""process_exit"": 60, ""process_exec"": 60, ""process_kprobe"": 52}"
1776114763,normal,sw-wk3,0.42774868527846144,0.34512659760184516,156.23228044428137,80.05069877589139,3612.0209465995126,6769.787532103665,0.0,0,0,0,0,0,0,{}
1776114763,normal,sw-wk2,0.19919552873982982,0.29346655708041847,104.80349344978167,54.001800060002004,5824.5274842494755,27924.23080769359,0.0,0,0,0,0,0,0,{}
1776114773,normal,k3s-wk1,0.2916666666666564,0.6161787996563803,667.8333333333334,352.7,9914.333333333334,5593.9,0.0,0,33,3,0,28,0,"{""process_exit"": 33, ""process_exec"": 33, ""process_kprobe"": 28}"
1776114773,normal,sw-wk3,0.42774868527846144,0.34512659760184516,156.23228044428137,80.05069877589139,3612.0209465995126,6769.787532103665,0.0,0,1,1,0,0,0,"{""process_exit"": 3, ""process_exec"": 1}"
1776114773,normal,sw-wk2,0.19919552873982982,0.29346655708041847,104.80349344978167,54.001800060002004,5824.5274842494755,27924.23080769359,0.0,0,0,0,0,0,0,{}
1776114783,normal,k3s-wk1,0.29166666666665664,0.6161787996563803,667.8333333333334,352.7,9914.333333333334,5593.9,0.0,0,18,2,0,12,0,"{""process_exit"": 18, ""process_exec"": 18, ""process_kprobe"": 12}"
1776114783,normal,sw-wk3,0.42774868527846144,0.34512659760184516,156.23228044428137,80.05069877589139,3612.0209465995126,6769.787532103665,0.0,0,0,0,0,0,0,{}
1776114783,normal,sw-wk2,0.12255555555556286,0.2917654217159168,156.13333333333333,80.0,955.1999999999999,3572.0,0.0,0,0,0,0,0,0,{}
1776114793,normal,sw-wk2,0.12255555555556286,0.2917654217159168,156.13333333333333,80.0,955.1999999999999,3572.0,0.0,0,106,7,0,0,0,"{""process_exec"": 106, ""process_exit"": 106}"
1776114793,normal,k3s-wk1,0.29166666666665664,0.6161787996563803,667.8333333333334,352.7,9914.333333333334,5593.9,0.0,0,39,3,0,32,0,"{""process_exit"": 39, ""process_exec"": 39, ""process_kprobe"": 32}"
1776114793,normal,sw-wk3,0.43876815211723696,0.3447060922308447,155.88910706559722,79.8748627150797,3781.608812859852,6074.3169035178225,0.0,0,0,0,0,0,0,"{""process_exit"": 3}"
1776114804,normal,k3s-wk1,0.32811111111111846,0.6099566185742039,667.8333333333334,352.7,34478.9,15559.733333333337,0.0,0,15,2,0,10,0,"{""process_exit"": 15, ""process_exec"": 15, ""process_kprobe"": 10}"
1776114804,normal,sw-wk3,0.43876815211723696,0.3447060922308447,155.88910706559722,79.8748627150797,3781.608812859852,6074.316903517822,0.0,0,0,0,0,0,0,{}
1776114804,normal,sw-wk2,0.12255555555556286,0.2917654217159168,156.13333333333333,80.0,955.1999999999999,3572.0,0.0,0,0,0,0,0,0,{}
1776114814,normal,k3s-wk1,0.32811111111111846,0.6099566185742039,667.8333333333334,352.7,34478.9,15559.733333333334,0.0,0,12,2,0,8,0,"{""process_exit"": 12, ""process_exec"": 12, ""process_kprobe"": 8}"
1776114814,normal,sw-wk3,0.43876815211723696,0.3447060922308447,155.88910706559722,79.8748627150797,3781.608812859852,6074.316903517822,0.0,0,0,0,0,0,0,{}
1776114814,normal,sw-wk2,0.2236666666666578,0.28847942709328844,156.13333333333333,80.0,6086.533333333335,27858.3,0.0,0,0,0,0,0,0,{}
1776114823,normal,k3s-wk1,0.32811111111111846,0.6099566185742039,667.8333333333334,352.7,34478.9,15559.733333333334,0.0,0,39,3,0,32,0,"{""process_exit"": 39, ""process_exec"": 39, ""process_kprobe"": 32}"
1776114823,normal,sw-wk3,0.2462635907365932,0.3361542235304612,156.3783260441358,80.12552999699528,6668.280305812439,7532.400761192535,0.0,0,1,1,0,0,0,"{""process_exit"": 21, ""process_exec"": 1}"
1776114823,normal,sw-wk2,0.2236666666666578,0.28847942709328844,156.13333333333333,80.0,6086.533333333333,27858.3,0.0,0,0,0,0,0,0,{}
1776114833,normal,k3s-wk1,0.2829999999999927,0.6160117309335642,665.7,350.7,11568.500000000002,1827.2666666666667,0.0,0,15,2,0,10,0,"{""process_exit"": 15, ""process_exec"": 15, ""process_kprobe"": 10}"
1776114833,normal,sw-wk3,0.2462635907365932,0.3361542235304612,156.3783260441358,80.1255299969953,6668.280305812439,7532.400761192535,0.0,0,0,0,0,0,0,{}
1776114833,normal,sw-wk2,0.2236666666666578,0.28847942709328844,156.13333333333333,80.0,6086.533333333333,27858.3,0.0,0,0,0,0,0,0,{}
1776114843,normal,k3s-wk1,0.2829999999999927,0.6160117309335642,665.7,350.7,11568.5,1827.2666666666667,0.0,0,78,3,0,70,0,"{""process_exit"": 78, ""process_exec"": 78, ""process_kprobe"": 70}"
1776114843,normal,sw-wk3,0.2462635907365932,0.3361542235304612,156.3783260441358,80.1255299969953,6668.280305812439,7532.400761192535,0.0,0,0,0,0,0,0,{}
1776114843,normal,sw-wk2,0.11525171383177024,0.2875858531799126,156.12812906236456,79.99733342221924,666.7111096296791,3634.3788540381984,0.0,0,0,0,0,0,0,{}
1776114853,normal,sw-wk2,0.11525171383177024,0.2875858531799126,156.12812906236456,79.99733342221924,666.711109629679,3634.3788540381984,0.0,0,2,2,0,0,0,"{""process_exec"": 2}"
1776114853,normal,k3s-wk1,0.2829999999999927,0.6160117309335642,665.7,350.7,11568.5,1827.2666666666667,0.0,0,30,3,0,26,0,"{""process_exit"": 30, ""process_exec"": 30, ""process_kprobe"": 26}"
1776114853,normal,sw-wk3,0.15888888888889074,0.3401028326770901,156.13333333333333,80.0,2369.6,6393.4,0.0,0,1,1,0,0,0,"{""process_exit"": 3, ""process_exec"": 1}"
1776114863,normal,k3s-wk1,0.29722222222222217,0.6181260533513647,667.8333333333334,352.7,9941.9,4845.5,0.0,0,33,3,0,28,0,"{""process_exit"": 33, ""process_exec"": 33, ""process_kprobe"": 28}"
1776114863,normal,sw-wk3,0.15888888888889097,0.3401028326770901,156.13333333333333,80.0,2369.6,6393.4,0.0,0,0,0,0,0,0,{}
1776114863,normal,sw-wk2,0.11525171383177024,0.2875858531799126,156.12812906236456,79.99733342221924,666.711109629679,3634.3788540381984,0.0,0,31,3,0,0,0,"{""process_exit"": 31, ""process_exec"": 31}"
1776114873,normal,k3s-wk1,0.29722222222222217,0.6181260533513647,667.8333333333334,352.7,9941.9,4845.5,0.0,0,36,3,0,30,0,"{""process_exit"": 36, ""process_exec"": 36, ""process_kprobe"": 30}"
1776114873,normal,sw-wk3,0.15888888888889097,0.3401028326770901,156.13333333333333,80.0,2369.6,6393.4,0.0,0,1,1,0,0,0,"{""process_exit"": 3, ""process_exec"": 1}"
1776114873,normal,sw-wk2,0.2789909429349223,0.2906010678287906,158.4930821803634,84.01400233372227,2645.3408901483576,27794.399066511083,0.0,0,73,3,0,0,0,"{""process_exit"": 75, ""process_exec"": 73}"
1776114883,normal,k3s-wk1,0.29722222222222217,0.6181260533513647,667.8333333333334,352.7,9941.9,4845.5,0.0,0,57,3,0,50,0,"{""process_exit"": 57, ""process_exec"": 57, ""process_kprobe"": 50}"
1776114883,normal,sw-wk3,0.1627777777777738,0.33962498566458965,156.13333333333333,80.0,2989.8,6158.366666666667,0.0,0,0,0,0,0,0,{}
1776114883,normal,sw-wk2,0.2789909429349223,0.2906010678287906,158.4930821803634,84.01400233372227,2645.3408901483576,27794.399066511083,0.0,0,0,0,0,0,0,{}
1776114893,normal,k3s-wk1,0.28666666666666873,0.6167827305125059,667.8333333333334,352.7,33069.86666666667,6730.733333333334,0.0,0,15,2,0,10,0,"{""process_exit"": 15, ""process_exec"": 15, ""process_kprobe"": 10}"
1776114893,normal,sw-wk3,0.1627777777777738,0.33962498566458965,156.13333333333333,80.0,2989.8,6158.366666666667,0.0,0,0,0,0,0,0,{}
1776114893,normal,sw-wk2,0.2789909429349223,0.2906010678287906,158.4930821803634,84.01400233372227,2645.3408901483576,27794.399066511083,0.0,0,0,0,0,0,0,{}
1776114903,normal,k3s-wk1,0.28666666666666873,0.6167827305125059,667.8333333333334,352.7,33069.86666666667,6730.733333333334,0.0,0,12,2,0,8,0,"{""process_exit"": 13, ""process_exec"": 12, ""process_kprobe"": 8}"
1776114903,normal,sw-wk3,0.1627777777777738,0.33962498566458965,156.13333333333333,80.0,2989.8,6158.366666666667,0.0,0,0,0,0,0,0,{}
1776114903,normal,sw-wk2,0.12777777777777777,0.29148827044866654,104.8,54.00000000000001,3547.5666666666666,3799.5,0.0,0,0,0,0,0,0,{}
1776114914,normal,sw-wk2,0.12777777777777777,0.29148827044866654,104.8,54.0,3547.5666666666666,3799.5,0.0,0,106,7,0,0,0,"{""process_exec"": 106, ""process_exit"": 106}"
1776114914,normal,k3s-wk1,0.28666666666666873,0.6167827305125059,667.8333333333334,352.7,33069.86666666667,6730.733333333334,0.0,0,12,2,0,8,0,"{""process_exit"": 12, ""process_exec"": 12, ""process_kprobe"": 8}"
1776114914,normal,sw-wk3,0.1677777777777818,0.3417577761637167,109.26666666666667,60.0,2167.5333333333333,5061.933333333333,0.0,0,1,1,0,0,0,"{""process_exit"": 11, ""process_exec"": 1}"
1776114924,normal,k3s-wk1,0.299555555555556,0.6128487136272764,665.7,350.7,34897.40000000001,9775.866666666667,0.0,0,15,2,0,10,0,"{""process_exit"": 15, ""process_exec"": 15, ""process_kprobe"": 10}"
1776114924,normal,sw-wk3,0.1677777777777818,0.3417577761637167,109.26666666666667,60.0,2167.5333333333333,5061.933333333333,0.0,0,8,7,0,0,0,"{""process_exec"": 8, ""process_exit"": 6}"
1776114924,normal,sw-wk2,0.12777777777777777,0.29148827044866654,104.8,54.0,3547.5666666666666,3799.5,0.0,0,0,0,0,0,0,{}
1776114933,normal,k3s-wk1,0.299555555555556,0.6128487136272764,665.7,350.7,34897.4,9775.866666666667,0.0,0,21,2,0,14,0,"{""process_exit"": 21, ""process_exec"": 21, ""process_kprobe"": 14}"
1776114933,normal,sw-wk3,0.1677777777777818,0.3417577761637167,109.26666666666667,60.0,2167.5333333333333,5061.933333333333,0.0,0,0,0,0,0,0,{}
1776114933,normal,sw-wk2,0.24434816419487182,0.2926366961020427,156.10731544742544,79.98666888851857,5974.237627062156,27928.44525912348,0.0,0,0,0,0,0,0,{}
1776114943,normal,k3s-wk1,0.299555555555556,0.6128487136272764,665.7,350.7,34897.4,9775.866666666667,0.0,0,60,3,0,52,0,"{""process_exit"": 60, ""process_exec"": 60, ""process_kprobe"": 52}"
1776114943,normal,sw-wk3,0.21844444444444278,0.3387776036290888,143408.26666666666,2456.133333333333,6803.9,9482.8,0.0,0,0,0,0,0,0,{}
1776114943,normal,sw-wk2,0.24434816419487182,0.2926366961020427,156.10731544742544,79.98666888851858,5974.237627062156,27928.44525912348,0.0,0,0,0,0,0,0,{}
1776114953,normal,k3s-wk1,0.29377777777777336,0.6156166359809587,667.8333333333334,352.7,11379.6,5819.7,0.0,0,18,2,0,12,0,"{""process_exit"": 18, ""process_exec"": 18, ""process_kprobe"": 12}"
1776114953,normal,sw-wk3,0.21844444444444278,0.3387776036290888,143408.26666666666,2456.133333333333,6803.9,9482.8,0.0,0,1,1,0,0,0,"{""process_exit"": 23, ""process_exec"": 1}"
1776114953,normal,sw-wk2,0.24434816419487182,0.2926366961020427,156.10731544742544,79.98666888851858,5974.237627062156,27928.44525912348,0.0,0,0,0,0,0,0,{}
1776114963,normal,k3s-wk1,0.29377777777777336,0.6156166359809587,667.8333333333334,352.7,11379.6,5819.7,0.0,0,33,3,0,28,0,"{""process_exit"": 33, ""process_exec"": 33, ""process_kprobe"": 28}"
1776114963,normal,sw-wk3,0.21844444444444278,0.3387776036290888,143408.26666666666,2456.133333333333,6803.9,9482.8,0.0,0,0,0,0,0,0,{}
1776114963,normal,sw-wk2,0.11463715457181578,0.28780247715891283,156.13853795126505,80.00266675555851,566.5188839627988,3546.618220607354,0.0,0,0,0,0,0,0,{}
1776114973,normal,sw-wk2,0.11463715457181578,0.28780247715891283,156.13853795126505,80.00266675555852,566.5188839627988,3546.618220607354,0.0,0,2,2,0,0,0,"{""process_exec"": 2}"
1776114973,normal,k3s-wk1,0.29377777777777336,0.6156166359809587,667.8333333333334,352.7,11379.6,5819.7,0.0,0,33,3,0,28,0,"{""process_exit"": 33, ""process_exec"": 33, ""process_kprobe"": 28}"
1776114973,normal,sw-wk3,0.16680553241126483,0.3445898161244696,156.10731544742544,79.98666888851858,3116.5139143476085,8769.10514914181,0.0,0,0,0,0,0,0,{}
1776114983,normal,k3s-wk1,0.2831111111111163,0.6214775873921814,665.7,350.7,13164.699999999999,7033.933333333333,0.0,0,63,3,0,54,0,"{""process_exit"": 63, ""process_exec"": 63, ""process_kprobe"": 54}"
1776114983,normal,sw-wk3,0.16680553241126483,0.3445898161244696,156.10731544742544,79.98666888851858,3116.5139143476085,8769.10514914181,0.0,0,0,0,0,0,0,"{""process_exit"": 8}"
1776114983,normal,sw-wk2,0.11463715457181578,0.28780247715891283,156.13853795126505,80.00266675555852,566.5188839627988,3546.618220607354,0.0,0,104,5,0,0,0,"{""process_exit"": 106, ""process_exec"": 104}"
1776114993,normal,k3s-wk1,0.2831111111111163,0.6214775873921814,665.7,350.7,13164.699999999999,7033.933333333333,0.0,0,57,3,0,50,0,"{""process_exit"": 57, ""process_exec"": 57, ""process_kprobe"": 50}"
1776114993,normal,sw-wk3,0.16680553241126483,0.3445898161244696,156.10731544742544,79.98666888851858,3116.5139143476085,8769.10514914181,0.0,0,1,1,0,0,0,"{""process_exit"": 3, ""process_exec"": 1}"
1776114993,normal,sw-wk2,0.2013912038580462,0.29350159919466845,156.1437429161944,80.0053336889126,6919.994666311088,28251.916794452965,0.0,0,0,0,0,0,0,{}
1776115003,normal,k3s-wk1,0.2831111111111163,0.6214775873921814,665.7,350.7,13164.699999999999,7033.933333333333,0.0,0,51,3,0,46,0,"{""process_exit"": 51, ""process_exec"": 51, ""process_kprobe"": 46}"
1776115003,normal,sw-wk3,0.1685001222303717,0.34390012360309385,156.1437429161944,80.0053336889126,3512.734182278819,7362.457497166478,0.0,0,0,0,0,0,0,{}
1776115003,normal,sw-wk2,0.2013912038580462,0.29350159919466845,156.1437429161944,80.0053336889126,6919.994666311088,28251.916794452965,0.0,0,0,0,0,0,0,{}
1776115013,normal,k3s-wk1,0.29366666666665986,0.618267158691581,667.8333333333334,352.7,34731.46666666667,7105.9,0.0,0,15,2,0,10,0,"{""process_exit"": 15, ""process_exec"": 15, ""process_kprobe"": 10}"
1776115013,normal,sw-wk3,0.1685001222303717,0.34390012360309385,156.1437429161944,80.0053336889126,3512.734182278819,7362.457497166478,0.0,0,0,0,0,0,0,{}
1776115013,normal,sw-wk2,0.2013912038580462,0.29350159919466845,156.1437429161944,80.0053336889126,6919.994666311088,28251.916794452965,0.0,0,0,0,0,0,0,{}
1776115023,normal,k3s-wk1,0.29366666666665986,0.618267158691581,667.8333333333334,352.7,34731.46666666667,7105.9,0.0,0,54,3,0,48,0,"{""process_exit"": 54, ""process_exec"": 54, ""process_kprobe"": 48}"
1776115023,normal,sw-wk3,0.1685001222303717,0.34390012360309385,156.1437429161944,80.0053336889126,3512.734182278819,7362.457497166478,0.0,0,0,0,0,0,0,"{""process_exit"": 9}"
1776115023,normal,sw-wk2,0.117673199128984,0.28445595524803446,156.11251833088923,79.98933475536596,886.715104652713,3588.188241567791,0.0,0,0,0,0,0,0,{}
1776115033,normal,sw-wk2,0.117673199128984,0.28445595524803446,156.11251833088923,79.98933475536596,886.715104652713,3588.188241567791,0.0,0,106,7,0,0,0,"{""process_exec"": 106, ""process_exit"": 106}"
1776115033,normal,k3s-wk1,0.29366666666665986,0.618267158691581,667.8333333333334,352.7,34731.46666666667,7105.9,0.0,0,12,2,0,8,0,"{""process_exit"": 12, ""process_exec"": 12, ""process_kprobe"": 8}"
1776115033,normal,sw-wk3,0.16336078052250724,0.34150770289384147,156.14894822815614,80.00800080008,4401.606827349401,7241.1574490782405,0.0,0,2,2,0,0,0,"{""process_exit"": 7, ""process_exec"": 2}"
1776115043,normal,k3s-wk1,0.34266666666666834,0.6101394910951241,667.8333333333334,352.7,35909.03333333333,15876.666666666666,0.0,0,33,3,0,28,0,"{""process_exit"": 33, ""process_exec"": 33, ""process_kprobe"": 28}"
1776115043,normal,sw-wk3,0.16336078052250724,0.34150770289384147,156.14894822815614,80.00800080008,4401.606827349401,7241.1574490782405,0.0,0,1,1,0,0,0,"{""process_exit"": 29, ""process_exec"": 1}"
1776115043,normal,sw-wk2,0.117673199128984,0.28445595524803446,156.11251833088923,79.98933475536596,886.715104652713,3588.188241567791,0.0,0,0,0,0,0,0,{}
1776115053,normal,k3s-wk1,0.34266666666666834,0.6101394910951241,667.8333333333334,352.7,35909.03333333333,15876.666666666666,0.0,0,60,3,0,52,0,"{""process_exit"": 60, ""process_exec"": 60, ""process_kprobe"": 52}"
1776115053,normal,sw-wk3,0.16336078052250724,0.34150770289384147,156.14894822815614,80.00800080008,4401.606827349401,7241.1574490782405,0.0,0,0,0,0,0,0,{}
1776115053,normal,sw-wk2,0.215065235269285,0.28843004956866347,156.16456624658264,80.01600320064013,6147.862905914516,27795.82583183303,0.0,0,0,0,0,0,0,{}
1776115063,normal,k3s-wk1,0.34266666666666834,0.6101394910951241,667.8333333333334,352.7,35909.03333333333,15876.666666666666,0.0,0,33,3,0,28,0,"{""process_exit"": 33, ""process_exec"": 33, ""process_kprobe"": 28}"
1776115063,normal,sw-wk3,0.1892222222222295,0.34549135415472054,104.80000000000003,54.0,6335.333333333333,10094.066666666666,0.0,0,1,1,0,0,0,"{""process_exit"": 7, ""process_exec"": 1}"
1776115063,normal,sw-wk2,0.215065235269285,0.28843004956866347,156.16456624658264,80.01600320064013,6147.862905914516,27795.82583183303,0.0,0,0,0,0,0,0,{}
1776115073,normal,k3s-wk1,0.28222222222222826,0.6115381272273478,665.7,350.7,13726.966666666667,1890.8999999999999,0.0,0,15,2,0,10,0,"{""process_exit"": 15, ""process_exec"": 15, ""process_kprobe"": 10}"
1776115073,normal,sw-wk3,0.1892222222222295,0.34549135415472054,104.8,54.0,6335.333333333333,10094.066666666666,0.0,0,0,0,0,0,0,{}
1776115073,normal,sw-wk2,0.215065235269285,0.28843004956866347,156.16456624658264,80.01600320064013,6147.862905914516,27795.82583183303,0.0,0,0,0,0,0,0,{}
1776115083,normal,k3s-wk1,0.28222222222222826,0.6115381272273478,665.7,350.7,13726.966666666667,1890.8999999999999,0.0,0,15,2,0,10,0,"{""process_exit"": 15, ""process_exec"": 15, ""process_kprobe"": 10}"
1776115083,normal,sw-wk3,0.1892222222222295,0.34549135415472054,104.8,54.0,6335.333333333333,10094.066666666666,0.0,0,1,1,0,0,0,"{""process_exit"": 3, ""process_exec"": 1}"
1776115083,normal,sw-wk2,0.10405972935138308,0.29567421027817065,109.25938270781947,59.99600026664889,585.0943270448637,3596.3269115392304,0.0,0,0,0,0,0,0,{}
1776115094,normal,k3s-wk1,0.28222222222222826,0.6115381272273478,665.7,350.7,13726.966666666667,1890.8999999999999,0.0,0,33,3,0,28,0,"{""process_exit"": 33, ""process_exec"": 33, ""process_kprobe"": 28}"
1776115094,normal,sw-wk3,0.14377777777776324,0.33767218420683764,156.13333333333333,80.00000000000001,3494.133333333333,6791.833333333333,0.0,0,0,0,0,0,0,{}
1776115094,normal,sw-wk2,0.10405972935138308,0.29567421027817065,109.25938270781947,59.99600026664889,585.0943270448637,3596.3269115392304,0.0,0,106,7,0,0,0,"{""process_exec"": 106, ""process_exit"": 106}"
1776115104,normal,k3s-wk1,0.2997777777777729,0.6095457198234941,667.8333333333334,352.7,33735.23333333334,11333.833333333334,0.0,0,36,3,0,30,0,"{""process_exit"": 36, ""process_exec"": 36, ""process_kprobe"": 30}"
1776115104,normal,sw-wk3,0.14377777777776324,0.33767218420683764,156.13333333333333,80.0,3494.133333333333,6791.833333333333,0.0,0,0,0,0,0,0,{}
1776115104,normal,sw-wk2,0.10405972935138308,0.29567421027817065,109.25938270781947,59.99600026664889,585.0943270448637,3596.3269115392304,0.0,0,0,0,0,0,0,{}
1776115114,normal,k3s-wk1,0.2997777777777729,0.6095457198234941,667.8333333333334,352.7,33735.23333333333,11333.833333333334,0.0,0,15,2,0,10,0,"{""process_exit"": 15, ""process_exec"": 15, ""process_kprobe"": 10}"
1776115114,normal,sw-wk3,0.14377777777776324,0.33767218420683764,0.0,80.0,3497.366666666667,6580.966666666666,0.0,0,1,1,0,0,0,"{""process_exit"": 9, ""process_exec"": 1}"
1776115114,normal,sw-wk2,0.2813965375469265,0.29153446232654157,156.1437429161944,80.0053336889126,5745.216347756517,27933.495566371093,0.0,0,0,0,0,0,0,{}
1776115123,normal,k3s-wk1,0.2997777777777729,0.6095457198234941,667.8333333333334,352.7,33735.23333333333,11333.833333333334,0.0,0,60,3,0,52,0,"{""process_exit"": 60, ""process_exec"": 60, ""process_kprobe"": 52}"
1776115123,normal,sw-wk3,0.16711111111110055,0.34040546911834035,156.13333333333333,80.0,3497.366666666667,6580.966666666666,0.0,0,0,0,0,0,0,{}
1776115123,normal,sw-wk2,0.2813965375469265,0.29153446232654157,156.1437429161944,80.0053336889126,5745.216347756517,27933.495566371093,0.0,0,0,0,0,0,0,{}
