timestamp,label,node,avg_cpu,avg_mem,net_bytes_in,net_bytes_out,net_internal_bytes_in,net_internal_bytes_out,last_successful_scrape_age_sec,exec_count,unique_process_count,tmp_exec_count,outbound_connect_count,mining_port_count,syscall_feature_vector
1774321548,normal,sw-wk3,0.10922222222216083,0.4274507541317587,0.0,0.0,2622.133333333333,4982.4,0,0,0,0,0,0,{}
1774321548,normal,sw-wk2,0.21566666666670553,0.41471891960718776,0.0,0.0,5169.366666666667,4337.0,0,0,0,0,0,0,{}
1774321548,normal,k3s-wk1,0.2651111111111176,0.695571844034162,21.8,13.1,8713.633333333333,1192.7666666666669,0,0,0,0,0,0,{}
1774321558,normal,sw-wk3,0.10922222222216083,0.4274507541317587,0.0,0.0,2622.133333333333,4982.4,0,0,0,0,0,0,{}
1774321558,normal,sw-wk2,0.07044444444432474,0.4147169300800586,4.466666666666667,6.000000000000001,490.8666666666667,3881.233333333333,0,0,0,0,0,0,{}
1774321558,normal,k3s-wk1,0.2651111111111176,0.695571844034162,21.8,13.1,8713.633333333333,1192.7666666666667,0,33,3,0,29,0,"{""process_exit"": 33, ""process_exec"": 33, ""process_kprobe"": 29}"
1774321568,normal,sw-wk3,0.1314444444445445,0.42756415740374154,0.0,0.0,2661.0666666666666,5414.4,0,1,1,0,0,0,"{""process_exit"": 1, ""process_exec"": 1}"
1774321568,normal,sw-wk2,0.07044444444432474,0.4147169300800586,4.466666666666667,6.0,490.8666666666667,3881.233333333333,0,106,7,0,0,0,"{""process_exec"": 106, ""process_exit"": 106}"
1774321568,normal,k3s-wk1,0.2651111111111176,0.695571844034162,21.8,13.1,8713.633333333333,1192.7666666666667,0,60,3,0,56,0,"{""process_exit"": 60, ""process_exec"": 60, ""process_kprobe"": 56}"
1774321578,normal,sw-wk3,0.13144444444454473,0.42756415740374154,0.0,0.0,2661.0666666666666,5414.4,0,0,0,0,0,0,{}
1774321578,normal,sw-wk2,0.07044444444432474,0.4147169300800586,4.466666666666667,6.0,490.8666666666667,3881.233333333333,0,0,0,0,0,0,{}
1774321578,normal,k3s-wk1,0.3204444444444865,0.7228448105696728,279.3333333333333,142.4,33241.066666666666,11114.333333333336,0,36,3,0,32,0,"{""process_exit"": 36, ""process_exec"": 36, ""process_kprobe"": 32}"
1774321588,normal,sw-wk3,0.13144444444454473,0.42756415740374154,0.0,0.0,2661.0666666666666,5414.4,0,0,0,0,0,0,{}
1774321588,normal,sw-wk2,0.29945009165149816,0.41356897292651484,0.0,0.0,6444.125979003499,27622.26295617397,0,0,0,0,0,0,{}
1774321588,normal,k3s-wk1,0.3204444444444865,0.7228448105696728,279.3333333333333,142.4,33241.066666666666,11114.333333333334,0,13,2,0,9,0,"{""process_exit"": 13, ""process_exec"": 13, ""process_kprobe"": 9}"
1774321598,normal,sw-wk3,0.10855555555543916,0.4279202834683893,0.0,0.0,2788.133333333333,5092.333333333333,0,0,0,0,0,0,{}
1774321598,normal,sw-wk2,0.29945009165149816,0.41356897292651484,0.0,0.0,6444.125979003499,27622.26295617397,0,0,0,0,0,0,{}
1774321598,normal,k3s-wk1,0.3204444444444865,0.7228448105696728,279.3333333333333,142.4,33241.066666666666,11114.333333333334,0,36,3,0,32,0,"{""process_exit"": 36, ""process_exec"": 36, ""process_kprobe"": 32}"
1774321608,normal,sw-wk3,0.10855555555543916,0.4279202834683893,0.0,0.0,2788.133333333333,5092.333333333333,0,1,1,0,0,0,"{""process_exit"": 1, ""process_exec"": 1}"
1774321608,normal,sw-wk2,0.29945009165149816,0.41356897292651484,0.0,0.0,6444.125979003499,27622.26295617397,0,0,0,0,0,0,{}
1774321608,normal,k3s-wk1,0.2513333333333625,0.7251582424234448,279.3333333333333,142.4,8935.633333333333,1208.2666666666667,0,45,3,0,41,0,"{""process_exit"": 45, ""process_exec"": 45, ""process_kprobe"": 41}"
1774321618,normal,sw-wk3,0.10855555555543916,0.4279202834683893,0.0,0.0,2788.133333333333,5092.333333333333,0,0,0,0,0,0,{}
1774321618,normal,sw-wk2,0.318330832916636,0.4135570357637397,0.0,0.0,336.5560926821137,3747.3245540923485,0,0,0,0,0,0,{}
1774321618,normal,k3s-wk1,0.2513333333333625,0.7251582424234448,279.3333333333333,142.4,8935.633333333333,1208.2666666666667,0,12,2,0,9,0,"{""process_exit"": 12, ""process_exec"": 12, ""process_kprobe"": 9}"
1774321628,transition,sw-wk3,0.0,0.4279202834683893,0.0,0.0,0.0,0.0,10,0,0,0,0,0,{}
1774321628,transition,sw-wk2,0.3183308329166361,0.4135570357637397,0.0,0.0,336.5560926821137,3747.3245540923485,10,2,2,0,0,0,"{""process_exec"": 2}"
1774321628,transition,k3s-wk1,0.2513333333333625,0.7251582424234448,279.3333333333333,142.4,8935.633333333333,1208.2666666666667,10,33,3,0,30,0,"{""process_exit"": 33, ""process_exec"": 33, ""process_kprobe"": 30}"
1774321638,transition,sw-wk3,0.0,0.0,0.0,0.0,0.0,0.0,20,0,0,0,0,0,{}
1774321638,transition,sw-wk2,0.3183308329166361,0.4135570357637397,0.0,0.0,336.5560926821137,3747.3245540923485,20,0,0,0,0,0,{}
1774321638,transition,k3s-wk1,0.26077777777770983,0.7285889118448237,279.3333333333333,142.4,5315.966666666666,2729.0,20,51,3,0,48,0,"{""process_exit"": 51, ""process_exec"": 51, ""process_kprobe"": 48}"
1774321648,transition,sw-wk3,0.0,0.0,0.0,0.0,0.0,0.0,30,0,0,0,0,0,{}
1774321648,transition,sw-wk2,0.16971389313653462,0.41659106463575735,0.0,0.0,5209.959444185893,27496.509540589053,30,104,5,0,0,0,"{""process_exit"": 106, ""process_exec"": 104}"
1774321648,transition,k3s-wk1,0.26077777777770983,0.7285889118448237,279.3333333333333,142.40000000000003,5315.966666666666,2729.0,30,34,3,0,30,0,"{""process_kprobe"": 30, ""process_exit"": 34, ""process_exec"": 34}"
1774321658,transition,sw-wk3,0.0,0.0,0.0,0.0,0.0,0.0,40,0,0,0,0,0,{}
1774321658,transition,sw-wk2,0.16971389313653473,0.41659106463575735,0.0,0.0,5209.959444185892,27496.509540589053,40,0,0,0,0,0,{}
1774321658,transition,k3s-wk1,0.26077777777770983,0.7285889118448237,279.3333333333333,142.4,5315.966666666666,2729.0,40,37,3,0,35,0,"{""process_exit"": 37, ""process_exec"": 37, ""process_kprobe"": 35}"
1774321668,transition,sw-wk3,0.0,0.0,0.0,0.0,0.0,0.0,50,0,0,0,0,0,{}
1774321668,transition,sw-wk2,0.16971389313653473,0.41659106463575735,0.0,0.0,5209.959444185892,27496.509540589053,50,0,0,0,0,0,{}
1774321668,transition,k3s-wk1,0.303150038415125,0.7286639207274546,295.35726045439577,151.62989792558446,26771.22160026342,6781.890023049062,50,12,2,0,14,0,"{""process_exit"": 12, ""process_exec"": 12, ""process_kprobe"": 14}"
1774321678,transition,sw-wk3,0.0,0.0,0.0,0.0,0.0,0.0,60,0,0,0,0,0,{}
1774321678,transition,sw-wk2,0.08004100095817779,0.4164995463878145,0.0,0.0,3724.1125743699445,3945.2837756534527,60,0,0,0,0,0,{}
1774321678,transition,k3s-wk1,0.303150038415125,0.7286639207274546,295.35726045439577,151.62989792558446,26771.22160026342,6781.890023049062,60,39,3,0,35,0,"{""process_kprobe"": 35, ""process_exit"": 39, ""process_exec"": 39}"
1774321688,transition,sw-wk3,0.0,0.0,0.0,0.0,0.0,0.0,70,0,0,0,0,0,{}
1774321688,transition,sw-wk2,0.08004100095817779,0.4164995463878145,0.0,0.0,3724.1125743699445,3945.2837756534527,70,106,7,0,0,0,"{""process_exec"": 106, ""process_exit"": 106}"
1774321688,transition,k3s-wk1,0.303150038415125,0.7286639207274546,295.35726045439577,151.62989792558446,26771.22160026342,6781.890023049062,70,52,3,0,50,0,"{""process_exit"": 52, ""process_exec"": 52, ""process_kprobe"": 50}"
1774321698,transition,sw-wk3,0.0,0.0,0.0,0.0,0.0,0.0,80,0,0,0,0,0,{}
1774321698,transition,sw-wk2,0.08004100095817779,0.4164995463878145,0.0,0.0,3724.1125743699445,3945.2837756534527,80,0,0,0,0,0,{}
1774321698,transition,k3s-wk1,0.2965462931712666,0.7306338908554961,282.82146473169087,144.17819777252785,27764.832939588254,5243.975700303746,80,30,3,0,28,0,"{""process_exit"": 31, ""process_exec"": 30, ""process_kprobe"": 28}"
1774321708,transition,sw-wk3,0.0,0.0,0.0,0.0,0.0,0.0,90,0,0,0,0,0,{}
1774321708,transition,sw-wk2,0.15211111111105613,0.4182125292460488,0.0,0.0,5626.933333333333,27528.366666666665,90,0,0,0,0,0,{}
1774321708,transition,k3s-wk1,0.2965462931712666,0.7306338908554961,282.82146473169087,144.17819777252785,27764.832939588254,5243.975700303746,90,39,3,0,36,0,"{""process_exit"": 39, ""process_exec"": 39, ""process_kprobe"": 36}"
1774321718,transition,sw-wk3,0.0,0.0,0.0,0.0,0.0,0.0,100,0,0,0,0,0,{}
1774321718,transition,sw-wk2,0.15211111111105613,0.4182125292460488,0.0,0.0,5626.933333333334,27528.366666666665,100,0,0,0,0,0,{}
1774321718,transition,k3s-wk1,0.2965462931712666,0.7306338908554961,282.82146473169087,144.17819777252785,27764.832939588254,5243.975700303746,100,12,2,0,12,0,"{""process_exit"": 12, ""process_exec"": 12, ""process_kprobe"": 12}"
1774321728,transition,sw-wk3,0.0,0.0,0.0,0.0,0.0,0.0,110,0,0,0,0,0,{}
1774321728,transition,sw-wk2,0.15211111111105613,0.4182125292460488,0.0,0.0,5626.933333333333,27528.366666666665,110,0,0,0,0,0,{}
1774321728,transition,k3s-wk1,0.30482290881689844,0.7250937611032886,263.12484300427025,134.13715146948005,4089.675960813866,5597.086159256468,110,10,2,0,14,0,"{""process_exit"": 10, ""process_exec"": 10, ""process_kprobe"": 14}"
1774321738,transition,sw-wk3,0.0,0.0,0.0,0.0,0.0,0.0,120,0,0,0,0,0,{}
1774321738,transition,sw-wk2,0.062125049993353554,0.4180752518741345,0.0,0.0,509.49873350219974,3756.9324090121318,120,0,0,0,0,0,{}
1774321738,transition,k3s-wk1,0.30482290881689844,0.7250937611032886,263.1248430042703,134.13715146948005,4089.675960813865,5597.086159256468,120,36,3,0,34,0,"{""process_kprobe"": 34, ""process_exit"": 36, ""process_exec"": 36}"
1774321748,transition,sw-wk3,0.0,0.0,0.0,0.0,0.0,0.0,130,0,0,0,0,0,{}
1774321748,transition,sw-wk2,0.062125049993353554,0.4180752518741345,0.0,0.0,509.49873350219974,3756.9324090121318,130,2,2,0,0,0,"{""process_exec"": 2}"
1774321748,transition,k3s-wk1,0.30482290881689844,0.7250937611032886,263.1248430042703,134.13715146948005,4089.675960813866,5597.086159256468,130,57,3,0,56,0,"{""process_exit"": 57, ""process_exec"": 57, ""process_kprobe"": 56}"
1774321758,transition,sw-wk3,0.0,0.0,0.0,0.0,0.0,0.0,140,0,0,0,0,0,{}
1774321758,transition,sw-wk2,0.062125049993353554,0.4180752518741345,0.0,0.0,509.49873350219974,3756.9324090121318,140,104,5,0,0,0,"{""process_exit"": 106, ""process_exec"": 104}"
1774321758,transition,k3s-wk1,0.2814009661836335,0.7217420484004684,316.35407786302926,161.44501278772378,29231.706450696223,3785.556976413754,140,15,2,0,13,0,"{""process_exit"": 15, ""process_exec"": 15, ""process_kprobe"": 13}"
1774321768,transition,sw-wk3,0.0,0.0,0.0,0.0,0.0,0.0,150,0,0,0,0,0,{}
1774321768,transition,sw-wk2,0.1349957772146978,0.4152182909166149,0.0,0.0,5321.5428723829855,27590.945459394585,150,0,0,0,0,0,{}
1774321768,transition,k3s-wk1,0.2814009661836335,0.7217420484004684,316.35407786302926,161.44501278772378,29231.706450696223,3785.556976413754,150,58,3,0,54,0,"{""process_kprobe"": 54, ""process_exit"": 58, ""process_exec"": 58}"
1774321778,transition,sw-wk3,0.0,0.0,0.0,0.0,0.0,0.0,160,0,0,0,0,0,{}
1774321778,transition,sw-wk2,0.1349957772146978,0.4152182909166149,0.0,0.0,5321.542872382985,27590.945459394585,160,0,0,0,0,0,{}
1774321778,transition,k3s-wk1,0.2814009661836335,0.7217420484004684,316.35407786302926,161.44501278772378,29231.706450696223,3785.556976413754,160,33,3,0,32,0,"{""process_exit"": 33, ""process_exec"": 33, ""process_kprobe"": 32}"
1774321788,transition,sw-wk3,0.0,0.0,0.0,0.0,0.0,0.0,170,0,0,0,0,0,{}
1774321788,transition,sw-wk2,0.1349957772146978,0.4152182909166149,0.0,0.0,5321.542872382985,27590.945459394585,170,0,0,0,0,0,{}
1774321788,transition,k3s-wk1,0.25277777777777777,0.7251213959547842,279.3333333333333,142.4,3889.6666666666665,2661.866666666667,170,33,3,0,34,0,"{""process_exit"": 33, ""process_exec"": 33, ""process_kprobe"": 34}"
1774321798,transition,sw-wk3,0.0,0.0,0.0,0.0,0.0,0.0,180,0,0,0,0,0,{}
1774321798,transition,sw-wk2,0.061444444444431534,0.41533766254436644,0.0,0.0,367.56666666666666,3752.133333333333,180,0,0,0,0,0,{}
1774321798,transition,k3s-wk1,0.25277777777777777,0.7251213959547842,279.3333333333333,142.4,3889.6666666666674,2661.866666666667,180,9,2,0,10,0,"{""process_kprobe"": 10, ""process_exit"": 9, ""process_exec"": 9}"
1774321808,transition,sw-wk3,0.0,0.0,0.0,0.0,0.0,0.0,190,0,0,0,0,0,{}
1774321808,transition,sw-wk2,0.061444444444431534,0.41533766254436644,0.0,0.0,367.56666666666666,3752.133333333333,190,106,7,0,0,0,"{""process_exec"": 106, ""process_exit"": 106}"
1774321808,transition,k3s-wk1,0.25277777777777777,0.7251213959547842,279.3333333333333,142.4,3889.6666666666665,2661.866666666667,190,18,2,0,16,0,"{""process_exit"": 18, ""process_exec"": 18, ""process_kprobe"": 16}"
1774321818,transition,sw-wk3,0.0,0.0,0.0,0.0,0.0,0.0,200,0,0,0,0,0,{}
1774321818,transition,sw-wk2,0.061444444444431534,0.41533766254436644,0.0,0.0,367.56666666666666,3752.133333333333,200,0,0,0,0,0,{}
1774321818,transition,k3s-wk1,0.25777777777774546,0.7272058533247359,318.6666666666667,164.6,27441.866666666665,5323.866666666667,200,60,3,0,56,0,"{""process_exit"": 60, ""process_exec"": 60, ""process_kprobe"": 56}"
1774321828,transition,sw-wk3,0.0,0.0,0.0,0.0,0.0,0.0,210,0,0,0,0,0,{}
1774321828,transition,sw-wk2,0.13522222222228375,0.41880938738480633,0.0,0.0,5418.966666666666,27493.733333333334,210,0,0,0,0,0,{}
1774321828,transition,k3s-wk1,0.25777777777774546,0.7272058533247359,318.6666666666667,164.6,27441.866666666665,5323.866666666667,210,13,2,0,12,0,"{""process_kprobe"": 12, ""process_exit"": 13, ""process_exec"": 13}"
1774321838,transition,sw-wk3,0.0,0.0,0.0,0.0,0.0,0.0,220,0,0,0,0,0,{}
1774321838,transition,sw-wk2,0.13522222222228375,0.41880938738480633,0.0,0.0,5418.966666666666,27493.733333333334,220,0,0,0,0,0,{}
1774321838,transition,k3s-wk1,0.25777777777774546,0.7272058533247359,318.6666666666667,164.6,27441.866666666665,5323.866666666667,220,33,3,0,34,0,"{""process_exit"": 33, ""process_exec"": 33, ""process_kprobe"": 34}"
1774321848,transition,sw-wk3,0.0,0.0,0.0,0.0,0.0,0.0,230,0,0,0,0,0,{}
1774321848,transition,sw-wk2,0.13522222222228375,0.41880938738480633,0.0,0.0,5418.966666666666,27493.733333333334,230,0,0,0,0,0,{}
1774321848,transition,k3s-wk1,0.2481111111111306,0.7260833519758918,279.3333333333333,142.4,3849.1,668.9666666666667,230,9,2,0,13,0,"{""process_exit"": 10, ""process_exec"": 9, ""process_kprobe"": 13}"
1774321858,transition,sw-wk3,0.0,0.0,0.0,0.0,0.0,0.0,240,0,0,0,0,0,{}
1774321858,transition,sw-wk2,0.06577354172908745,0.4179260373394451,0.0,0.0,607.6915386409837,3798.1470990102307,240,0,0,0,0,0,{}
1774321858,transition,k3s-wk1,0.2481111111111306,0.7260833519758918,279.3333333333333,142.4,3849.1,668.9666666666667,240,37,3,0,34,0,"{""process_exec"": 37, ""process_kprobe"": 34, ""process_exit"": 36}"
1774321868,transition,sw-wk3,0.0,0.0,0.0,0.0,0.0,0.0,250,0,0,0,0,0,{}
1774321868,transition,sw-wk2,0.06577354172908734,0.4179260373394451,0.0,0.0,607.6915386409837,3798.147099010231,250,106,7,0,0,0,"{""process_exec"": 106, ""process_exit"": 104}"
1774321868,transition,k3s-wk1,0.2481111111111306,0.7260833519758918,279.3333333333333,142.4,3849.1,668.9666666666667,250,87,3,0,80,0,"{""process_exit"": 87, ""process_exec"": 87, ""process_kprobe"": 80}"
1774321878,transition,sw-wk3,0.0,0.0,0.0,0.0,0.0,0.0,260,0,0,0,0,0,{}
1774321878,transition,sw-wk2,0.06577354172908745,0.4179260373394451,0.0,0.0,607.6915386409837,3798.1470990102307,260,0,0,0,0,0,"{""process_exit"": 2}"
1774321878,transition,k3s-wk1,0.28044444444442185,0.7296969377952652,279.3333333333333,142.4,27550.5,6307.033333333333,260,34,3,0,30,0,"{""process_exit"": 34, ""process_exec"": 34, ""process_kprobe"": 30}"
1774321888,transition,sw-wk3,0.0,0.0,0.0,0.0,0.0,0.0,270,0,0,0,0,0,{}
1774321888,transition,sw-wk2,0.14413363118066702,0.4180294927501631,0.0,0.0,6367.118994432034,27594.50538458974,270,0,0,0,0,0,{}
1774321888,transition,k3s-wk1,0.28044444444442185,0.7296969377952652,279.3333333333333,142.4,27550.5,6307.033333333333,270,33,3,0,32,0,"{""process_exit"": 33, ""process_exec"": 33, ""process_kprobe"": 32}"
1774321898,transition,sw-wk3,0.0,0.0,0.0,0.0,0.0,0.0,280,0,0,0,0,0,{}
1774321898,transition,sw-wk2,0.14413363118066724,0.4180294927501631,0.0,0.0,6367.118994432034,27594.50538458974,280,0,0,0,0,0,{}
1774321898,transition,k3s-wk1,0.28044444444442185,0.7296969377952652,279.3333333333333,142.4,27550.5,6307.033333333333,280,36,3,0,35,0,"{""process_exit"": 36, ""process_exec"": 36, ""process_kprobe"": 35}"
1774321908,transition,sw-wk3,0.0,0.0,0.0,0.0,0.0,0.0,290,0,0,0,0,0,{}
1774321908,transition,sw-wk2,0.14413363118066702,0.4180294927501631,0.0,0.0,6367.118994432034,27594.50538458974,290,0,0,0,0,0,{}
1774321908,transition,k3s-wk1,0.24077777777783915,0.7317800792199076,486.9,240.83333333333334,3811.4000000000005,468.3666666666667,290,84,3,0,83,0,"{""process_exit"": 85, ""process_exec"": 84, ""process_kprobe"": 83}"
1774321918,transition,sw-wk3,0.0,0.0,0.0,0.0,0.0,0.0,300,0,0,0,0,0,{}
1774321918,transition,sw-wk2,0.06177777777775195,0.4181289691066228,0.0,0.0,388.9,3768.6666666666665,300,0,0,0,0,0,{}
1774321918,transition,k3s-wk1,0.24077777777783915,0.7317800792199076,486.9,240.83333333333334,3811.4,468.3666666666667,300,54,3,0,52,0,"{""process_exec"": 54, ""process_kprobe"": 52, ""process_exit"": 53}"
1774321928,transition,sw-wk3,0.0,0.0,0.0,0.0,0.0,0.0,310,0,0,0,0,0,{}
1774321928,transition,sw-wk2,0.06177777777775195,0.4181289691066228,0.0,0.0,388.9,3768.6666666666665,310,2,2,0,0,0,"{""process_exec"": 2}"
1774321928,transition,k3s-wk1,0.24077777777783915,0.7317800792199076,486.9,240.83333333333334,3811.4,468.3666666666667,310,37,3,0,36,0,"{""process_kprobe"": 36, ""process_exit"": 37, ""process_exec"": 37}"
1774321938,transition,sw-wk3,0.0,0.0,0.0,0.0,0.0,0.0,320,0,0,0,0,0,{}
1774321938,transition,sw-wk2,0.06177777777775195,0.4181289691066228,0.0,0.0,388.9,3768.6666666666665,320,104,5,0,0,0,"{""process_exit"": 106, ""process_exec"": 104}"
1774321938,transition,k3s-wk1,0.268111111111082,0.7310128831045781,1040.5666666666666,367.2,4356.933333333333,2140.5,320,36,3,0,33,0,"{""process_exit"": 36, ""process_exec"": 36, ""process_kprobe"": 33}"
1774321948,transition,sw-wk3,0.0,0.0,0.0,0.0,0.0,0.0,330,0,0,0,0,0,{}
1774321948,transition,sw-wk2,0.13777777777779399,0.41852886405959033,0.0,0.0,5134.0,27455.899999999998,330,0,0,0,0,0,{}
1774321948,transition,k3s-wk1,0.268111111111082,0.7310128831045781,1040.5666666666666,367.2,4356.933333333333,2140.5,330,36,3,0,34,0,"{""process_kprobe"": 34, ""process_exit"": 36, ""process_exec"": 36}"
1774321958,transition,sw-wk3,0.0,0.0,0.0,0.0,0.0,0.0,340,0,0,0,0,0,{}
1774321958,transition,sw-wk2,0.13777777777779399,0.41852886405959033,0.0,0.0,5134.0,27455.899999999998,340,2,2,0,0,0,"{""process_exec"": 2, ""process_exit"": 2}"
1774321958,transition,k3s-wk1,0.268111111111082,0.7310128831045781,1040.5666666666666,367.2,4356.933333333333,2140.5,340,39,3,0,35,0,"{""process_exit"": 39, ""process_exec"": 39, ""process_kprobe"": 35}"
1774321968,transition,sw-wk3,0.0,0.0,0.0,0.0,0.0,0.0,350,0,0,0,0,0,{}
1774321968,transition,sw-wk2,0.13777777777779399,0.41852886405959033,0.0,0.0,5134.0,27455.899999999998,350,1,1,0,1,0,"{""process_exec"": 1, ""process_kprobe"": 1}"
1774321968,transition,k3s-wk1,0.306222222222277,0.7451040254767012,289.93333333333334,151.0,30884.6,78887.23333333334,350,54,3,0,53,0,"{""process_exit"": 54, ""process_exec"": 54, ""process_kprobe"": 53}"
1774321978,transition,sw-wk3,0.0,0.0,0.0,0.0,0.0,0.0,360,0,0,0,0,0,{}
1774321978,transition,sw-wk2,0.21799999999994824,0.44027041652739973,671990.1333333333,5008.1,77673.1,8148.566666666667,360,0,0,0,0,0,{}
1774321978,transition,k3s-wk1,0.30622222222227713,0.7451040254767012,289.93333333333334,151.0,30884.6,78887.23333333334,360,55,3,0,52,0,"{""process_kprobe"": 52, ""process_exit"": 55, ""process_exec"": 55}"
1774321988,transition,sw-wk3,0.0,0.0,0.0,0.0,0.0,0.0,370,0,0,0,0,0,{}
1774321988,transition,sw-wk2,0.21799999999994824,0.44027041652739973,671990.1333333333,5008.1,77673.1,8148.566666666667,370,3,2,0,0,0,"{""process_exec"": 3, ""process_exit"": 1}"
1774321988,transition,k3s-wk1,0.30622222222227713,0.7451040254767012,289.93333333333334,151.0,30884.6,78887.23333333334,370,36,3,0,33,0,"{""process_exit"": 36, ""process_exec"": 36, ""process_kprobe"": 33}"
1774321998,transition,sw-wk3,0.0,0.0,0.0,0.0,0.0,0.0,380,0,0,0,0,0,{}
1774321998,transition,sw-wk2,0.21799999999994824,0.44027041652739973,671990.1333333333,5008.1,77673.1,8148.566666666667,380,104,5,0,0,0,"{""process_exit"": 106, ""process_exec"": 104}"
1774321998,transition,k3s-wk1,0.2833333333333333,0.7471463725967549,285.3333333333333,149.0,28728.366666666665,10437.3,380,12,2,0,9,0,"{""process_exit"": 13, ""process_exec"": 12, ""process_kprobe"": 9}"
1774322008,transition,sw-wk3,0.0,0.0,0.0,0.0,0.0,0.0,390,0,0,0,0,0,{}
1774322008,transition,sw-wk2,0.15055555555558797,0.45087061707173437,36.0,39.6,9420.733333333334,28660.933333333334,390,0,0,0,0,0,{}
1774322008,transition,k3s-wk1,0.2833333333333333,0.7471463725967549,285.3333333333333,149.00000000000003,28728.366666666665,10437.3,390,15,2,0,14,0,"{""process_exit"": 15, ""process_exec"": 15, ""process_kprobe"": 14}"
1774322018,transition,sw-wk3,0.0,0.0,0.0,0.0,0.0,0.0,400,0,0,0,0,0,{}
1774322018,transition,sw-wk2,0.15055555555558797,0.45087061707173437,36.0,39.6,9420.733333333334,28660.933333333334,400,0,0,0,0,0,{}
1774322018,transition,k3s-wk1,0.2833333333333333,0.7471463725967549,285.3333333333333,149.0,28728.366666666665,10437.3,400,12,2,0,11,0,"{""process_exit"": 12, ""process_exec"": 12, ""process_kprobe"": 11}"
1774322028,transition,sw-wk3,0.0,0.0,0.0,0.0,0.0,0.0,410,0,0,0,0,0,{}
1774322028,transition,sw-wk2,0.15055555555558797,0.45087061707173437,36.0,39.6,9420.733333333334,28660.933333333334,410,261,4,0,0,0,"{""process_exec"": 261, ""process_exit"": 135}"
1774322028,transition,k3s-wk1,0.2501111111111337,0.7437328104643971,277.2,140.4,14017.1,4673.133333333333,410,82,3,0,77,0,"{""process_exit"": 82, ""process_exec"": 82, ""process_kprobe"": 77}"
1774322038,transition,sw-wk3,0.0,0.0,0.0,0.0,0.0,0.0,420,0,0,0,0,0,{}
1774322038,transition,sw-wk2,0.13441989134424093,0.4518236005666173,607.9058760790588,295.60377295603774,4474.919174749192,59712.262107122624,420,324,4,0,0,0,"{""process_exit"": 152, ""process_exec"": 324}"
1774322038,transition,k3s-wk1,0.2501111111111337,0.7437328104643971,277.2,140.4,14017.1,4673.133333333333,420,12,2,0,12,0,"{""process_kprobe"": 12, ""process_exit"": 12, ""process_exec"": 12}"
1774322048,transition,sw-wk3,0.0,0.0,0.0,0.0,0.0,0.0,430,0,0,0,0,0,{}
1774322048,transition,sw-wk2,0.13441989134424093,0.4518236005666173,607.9058760790588,295.60377295603774,4474.919174749192,59712.262107122624,430,327,4,0,0,0,"{""process_exit"": 157, ""process_exec"": 327}"
1774322048,transition,k3s-wk1,0.2501111111111337,0.7437328104643971,277.2,140.4,14017.1,4673.133333333333,430,57,3,0,53,0,"{""process_exit"": 57, ""process_exec"": 57, ""process_kprobe"": 53}"
1774322058,transition,sw-wk3,0.0,0.0,0.0,0.0,0.0,0.0,440,0,0,0,0,0,{}
1774322058,transition,sw-wk2,0.13441989134424093,0.4518236005666173,607.9058760790588,295.60377295603774,4474.919174749192,59712.262107122624,440,431,7,0,0,0,"{""process_exit"": 308, ""process_exec"": 431}"
1774322058,transition,k3s-wk1,0.3521917748349268,0.7449776947270071,274.68205060967614,140.0288448931428,180255.27730431364,79661.17084043528,440,15,2,0,11,0,"{""process_exit"": 15, ""process_exec"": 15, ""process_kprobe"": 11}"
1774322068,transition,sw-wk3,0.0,0.0,0.0,0.0,0.0,0.0,450,0,0,0,0,0,{}
1774322068,transition,sw-wk2,0.41905301641268455,0.45241647965111653,1319730.9730973097,6222.955628896223,40011.40114011401,181443.71103777044,450,262,5,0,0,0,"{""process_exit"": 138, ""process_exec"": 262}"
1774322068,transition,k3s-wk1,0.3521917748349268,0.7449776947270071,274.6820506096762,140.02884489314278,180255.27730431364,79661.1708404353,450,84,3,0,77,0,"{""process_kprobe"": 77, ""process_exit"": 84, ""process_exec"": 84}"
1774322078,transition,sw-wk3,0.0,0.39535364909844395,0.0,0.0,0.0,0.0,460,0,0,0,0,0,{}
1774322078,transition,sw-wk2,0.41905301641268455,0.45241647965111653,1319730.9730973097,6222.955628896223,40011.40114011401,181443.71103777044,460,197,6,0,1,0,"{""process_exit"": 102, ""process_exec"": 197, ""process_kprobe"": 1}"
1774322078,transition,k3s-wk1,0.3521917748349268,0.7449776947270071,274.6820506096762,140.0288448931428,180255.27730431364,79661.1708404353,460,13,2,0,13,0,"{""process_kprobe"": 13, ""process_exit"": 13, ""process_exec"": 13}"
1774322088,transition,sw-wk3,0.0,0.39535364909844395,0.0,0.0,0.0,0.0,470,0,0,0,0,0,{}
1774322088,transition,sw-wk2,0.41905301641268455,0.45241647965111653,1319730.9730973097,6222.955628896223,40011.40114011401,181443.71103777044,470,260,4,0,0,0,"{""process_exit"": 136, ""process_exec"": 260}"
1774322088,transition,k3s-wk1,0.3647994936480279,0.7481530707583792,284.14485284144854,144.8528414485284,124063.84782313845,44073.78272073783,470,15,2,0,15,0,"{""process_exit"": 15, ""process_exec"": 15, ""process_kprobe"": 15}"
1774322098,transition,sw-wk3,0.0,0.39535364909844395,0.0,0.0,0.0,0.0,480,0,0,0,0,0,{}
1774322098,transition,sw-wk2,0.22277777777789098,0.46542599754890257,30.0,29.0,11181.0,100853.06666666667,480,261,4,0,0,0,"{""process_exit"": 137, ""process_exec"": 261}"
1774322098,transition,k3s-wk1,0.3647994936480278,0.7481530707583792,284.14485284144854,144.85284144852838,124063.84782313845,44073.78272073783,480,15,2,0,11,0,"{""process_exit"": 15, ""process_exec"": 15, ""process_kprobe"": 11}"
1774322108,normal,sw-wk3,0.12544444444445413,0.39819469949127695,0.0,0.0,4647.2,4263.1,0,0,0,0,0,0,{}
1774322108,normal,sw-wk2,0.22277777777789098,0.46542599754890257,30.0,29.0,11181.0,100853.06666666667,0,260,4,0,0,0,"{""process_exit"": 136, ""process_exec"": 260}"
1774322108,normal,k3s-wk1,0.3647994936480279,0.7481530707583792,284.1448528414485,144.85284144852838,124063.84782313845,44073.78272073782,0,63,3,0,60,0,"{""process_kprobe"": 60, ""process_exit"": 63, ""process_exec"": 63}"
1774322118,normal,sw-wk3,0.12544444444445413,0.39819469949127695,0.0,0.0,4647.2,4263.1,0,0,0,0,0,0,{}
1774322118,normal,sw-wk2,0.22277777777789098,0.46542599754890257,30.0,29.0,11181.0,100853.06666666667,0,260,4,0,0,0,"{""process_exit"": 136, ""process_exec"": 260}"
1774322118,normal,k3s-wk1,0.3147777777777163,0.7493900593491334,279.3333333333333,142.4,109874.16666666667,9642.3,0,39,3,0,33,0,"{""process_exit"": 39, ""process_exec"": 39, ""process_kprobe"": 33}"
1774322128,normal,sw-wk3,0.12544444444445413,0.39819469949127695,0.0,0.0,4647.2,4263.1,0,0,0,0,0,0,{}
1774322128,normal,sw-wk2,0.1992222222222254,0.4660248452147894,0.0,0.0,5270.533333333333,105352.3,0,195,4,0,0,0,"{""process_exit"": 102, ""process_exec"": 195}"
1774322128,normal,k3s-wk1,0.3147777777777163,0.7493900593491334,279.3333333333333,142.4,109874.16666666667,9642.3,0,55,3,0,49,0,"{""process_exit"": 55, ""process_exec"": 55, ""process_kprobe"": 49}"
1774322138,normal,sw-wk3,0.17411111111101085,0.39599626763968,5.133333333333333,5.000000000000001,2876.1666666666665,4139.066666666667,0,0,0,0,0,0,{}
1774322138,normal,sw-wk2,0.1992222222222254,0.4660248452147894,0.0,0.0,5270.533333333333,105352.3,0,325,4,0,0,0,"{""process_exit"": 170, ""process_exec"": 325}"
1774322138,normal,k3s-wk1,0.3147777777777163,0.7493900593491334,279.3333333333333,142.4,109874.16666666667,9642.3,0,33,3,0,31,0,"{""process_kprobe"": 31, ""process_exit"": 33, ""process_exec"": 33}"
1774322148,normal,sw-wk3,0.17411111111101085,0.39599626763968,5.133333333333333,5.0,2876.1666666666665,4139.066666666667,0,0,0,0,0,0,{}
1774322148,normal,sw-wk2,0.1992222222222254,0.4660248452147894,0.0,0.0,5270.533333333333,105352.3,0,325,4,0,0,0,"{""process_exit"": 170, ""process_exec"": 325}"
1774322148,normal,k3s-wk1,0.2827777777778263,0.7483096682501875,279.33333333333337,142.4,127345.26666666666,2886.9333333333334,0,34,3,0,32,0,"{""process_exit"": 34, ""process_exec"": 34, ""process_kprobe"": 32}"
1774322158,normal,sw-wk3,0.17411111111101085,0.39599626763968,5.133333333333333,5.0,2876.1666666666665,4139.066666666667,0,0,0,0,0,0,{}
1774322158,normal,sw-wk2,0.1448888888888178,0.4600721800442471,0.0,0.0,3763.2999999999997,123808.46666666666,0,259,4,0,0,0,"{""process_exit"": 133, ""process_exec"": 259}"
1774322158,normal,k3s-wk1,0.2827777777778263,0.7483096682501875,279.3333333333333,142.4,127345.26666666666,2886.9333333333334,0,36,3,0,32,0,"{""process_exit"": 36, ""process_exec"": 36, ""process_kprobe"": 32}"
1774322168,normal,sw-wk3,0.10422222222235467,0.39667867680266433,0.0,0.0,2389.5666666666666,4015.2666666666673,0,0,0,0,0,0,{}
1774322168,normal,sw-wk2,0.1448888888888178,0.4600721800442471,0.0,0.0,3763.2999999999997,123808.46666666666,0,328,4,0,0,0,"{""process_exit"": 175, ""process_exec"": 328}"
1774322168,normal,k3s-wk1,0.2827777777778263,0.7483096682501875,279.3333333333333,142.4,127345.26666666666,2886.9333333333334,0,13,2,0,10,0,"{""process_exit"": 13, ""process_exec"": 13, ""process_kprobe"": 10}"
1774322178,normal,sw-wk3,0.10422222222235478,0.39667867680266433,0.0,0.0,2389.5666666666666,4015.2666666666664,0,0,0,0,0,0,{}
1774322178,normal,sw-wk2,0.1448888888888178,0.4600721800442471,0.0,0.0,3763.2999999999997,123808.46666666666,0,325,4,0,0,0,"{""process_exit"": 170, ""process_exec"": 325}"
1774322178,normal,k3s-wk1,0.29033333333338507,0.7483096682501875,279.3333333333333,142.4,137166.6,7003.066666666667,0,15,2,0,11,0,"{""process_exit"": 15, ""process_exec"": 15, ""process_kprobe"": 11}"
1774322188,normal,sw-wk3,0.10422222222235478,0.39667867680266433,0.0,0.0,2389.5666666666666,4015.2666666666664,0,0,0,0,0,0,{}
1774322188,normal,sw-wk2,0.23644444444443147,0.4622387750879371,0.0,0.0,7478.666666666667,124286.56666666667,0,66,4,0,0,0,"{""process_exit"": 37, ""process_exec"": 66}"
1774322188,normal,k3s-wk1,0.29033333333338507,0.7483096682501875,279.3333333333333,142.4,137166.6,7003.066666666667,0,39,3,0,33,0,"{""process_exit"": 39, ""process_exec"": 39, ""process_kprobe"": 33}"
1774322198,normal,sw-wk3,0.1208949917787413,0.3978664268618529,0.0,0.0,3092.7876283162245,4117.717637648314,0,0,0,0,0,0,{}
1774322198,normal,sw-wk2,0.23644444444443147,0.4622387750879371,0.0,0.0,7478.666666666667,124286.56666666667,0,0,0,0,0,0,{}
1774322198,normal,k3s-wk1,0.29033333333338507,0.7483096682501875,279.3333333333333,142.4,137166.6,7003.066666666667,0,9,2,0,12,0,"{""process_kprobe"": 12, ""process_exit"": 9, ""process_exec"": 9}"
1774322208,normal,sw-wk3,0.1208949917787413,0.3978664268618529,0.0,0.0,3092.7876283162245,4117.717637648314,0,0,0,0,0,0,{}
1774322208,normal,sw-wk2,0.23644444444443158,0.4622387750879371,0.0,0.0,7478.666666666667,124286.56666666667,0,0,0,0,0,0,{}
1774322208,normal,k3s-wk1,0.2898888888887692,0.749522969825374,281.6666666666667,146.4,37021.03333333334,8730.933333333332,0,33,3,0,33,0,"{""process_exit"": 33, ""process_exec"": 33, ""process_kprobe"": 33}"
1774322218,normal,sw-wk3,0.1208949917787413,0.3978664268618529,0.0,0.0,3092.7876283162245,4117.717637648314,0,0,0,0,0,0,{}
1774322218,normal,sw-wk2,0.18666666666661813,0.4626028585525792,0.0,0.0,896.6,5165.366666666667,0,1,1,0,0,0,"{""process_exit"": 1, ""process_exec"": 1}"
1774322218,normal,k3s-wk1,0.2898888888887692,0.749522969825374,281.6666666666667,146.4,37021.03333333333,8730.933333333332,0,36,3,0,31,0,"{""process_exit"": 36, ""process_exec"": 36, ""process_kprobe"": 31}"
1774322228,normal,sw-wk3,0.0929901764679445,0.4029655950389053,0.0,0.0,2042.805707427657,3991.932257634351,0,0,0,0,0,0,{}
1774322228,normal,sw-wk2,0.18666666666661813,0.4626028585525792,0.0,0.0,896.6,5165.366666666667,0,0,0,0,0,0,{}
1774322228,normal,k3s-wk1,0.2898888888887692,0.749522969825374,281.6666666666667,146.4,37021.03333333333,8730.933333333332,0,40,3,0,36,0,"{""process_kprobe"": 36, ""process_exit"": 40, ""process_exec"": 40}"
1774322238,normal,sw-wk3,0.0929901764679445,0.4029655950389053,0.0,0.0,2042.805707427657,3991.932257634351,0,0,0,0,0,0,{}
1774322238,normal,sw-wk2,0.18666666666661813,0.4626028585525792,0.0,0.0,896.6,5165.366666666667,0,1,1,0,0,0,"{""process_exit"": 1, ""process_exec"": 1}"
1774322238,normal,k3s-wk1,0.279111111111221,0.7505586187838034,279.3333333333333,142.4,9541.666666666666,4102.3,0,41,3,0,35,0,"{""process_exit"": 41, ""process_exec"": 41, ""process_kprobe"": 35}"
1774322248,normal,sw-wk3,0.0929901764679445,0.4029655950389053,0.0,0.0,2042.805707427657,3991.932257634351,0,0,0,0,0,0,{}
1774322248,normal,sw-wk2,0.1422524965280908,0.4588744847124735,0.0,0.0,4398.816215858738,5322.663844983797,0,0,0,0,0,0,{}
1774322248,normal,k3s-wk1,0.279111111111221,0.7505586187838034,279.3333333333333,142.40000000000003,9541.666666666666,4102.3,0,22,2,0,20,0,"{""process_kprobe"": 20, ""process_exit"": 22, ""process_exec"": 22}"
1774322258,normal,sw-wk3,0.11166666666661818,0.4008308281821058,5.133333333333333,5.0,2753.633333333333,4216.366666666667,0,0,0,0,0,0,{}
1774322258,normal,sw-wk2,0.1422524965280908,0.4588744847124735,0.0,0.0,4398.816215858739,5322.663844983797,0,1,1,0,0,0,"{""process_exit"": 1, ""process_exec"": 1}"
1774322258,normal,k3s-wk1,0.279111111111221,0.7505586187838034,279.3333333333333,142.4,9541.666666666666,4102.3,0,19,2,0,15,0,"{""process_exit"": 19, ""process_exec"": 19, ""process_kprobe"": 15}"
1774322268,normal,sw-wk3,0.11166666666661818,0.4008308281821058,5.133333333333333,5.0,2753.633333333333,4216.366666666667,0,0,0,0,0,0,{}
1774322268,normal,sw-wk2,0.1422524965280908,0.4588744847124735,0.0,0.0,4398.816215858739,5322.663844983797,0,0,0,0,0,0,{}
1774322268,normal,k3s-wk1,0.286777777777671,0.7489492176705136,279.3333333333333,142.40000000000003,9618.4,6370.7,0,30,3,0,31,0,"{""process_exit"": 30, ""process_exec"": 30, ""process_kprobe"": 31}"
1774322278,normal,sw-wk3,0.11166666666661818,0.4008308281821058,5.133333333333333,5.0,2753.633333333333,4216.366666666667,0,0,0,0,0,0,{}
1774322278,normal,sw-wk2,0.09694688976981924,0.45871731206926736,0.0,0.0,1106.746858410053,5557.052617431623,0,1,1,0,0,0,"{""process_exit"": 1, ""process_exec"": 1}"
1774322278,normal,k3s-wk1,0.2867777777776709,0.7489492176705136,279.3333333333333,142.4,9618.4,6370.7,0,15,2,0,12,0,"{""process_exit"": 15, ""process_exec"": 15, ""process_kprobe"": 12}"
1774322288,normal,sw-wk3,0.11333333333346263,0.4009820325447495,0.0,0.0,2227.3333333333335,4073.2999999999997,0,0,0,0,0,0,{}
1774322288,normal,sw-wk2,0.09694688976981924,0.45871731206926736,0.0,0.0,1106.746858410053,5557.052617431623,0,0,0,0,0,0,{}
1774322288,normal,k3s-wk1,0.286777777777671,0.7489492176705136,279.3333333333333,142.4,9618.4,6370.7,0,36,3,0,34,0,"{""process_exit"": 36, ""process_exec"": 36, ""process_kprobe"": 34}"
1774322298,normal,sw-wk3,0.11333333333346263,0.4009820325447495,0.0,0.0,2227.3333333333335,4073.2999999999997,0,0,0,0,0,0,{}
1774322298,normal,sw-wk2,0.09694688976981924,0.45871731206926736,0.0,0.0,1106.746858410053,5557.052617431623,0,0,0,0,0,0,{}
1774322298,normal,k3s-wk1,0.2890000000001035,0.7440210024871367,277.2,140.4,9495.966666666667,8697.333333333334,0,13,2,0,9,0,"{""process_exit"": 14, ""process_exec"": 13, ""process_kprobe"": 9}"
1774322308,normal,sw-wk3,0.11333333333346263,0.4009820325447495,0.0,0.0,2227.3333333333335,4073.2999999999997,0,0,0,0,0,0,{}
1774322308,normal,sw-wk2,0.1791127705917671,0.45499888586480763,4.467262301640218,6.000800106680891,3774.6699559941326,5303.140418722496,0,1,1,0,0,0,"{""process_exit"": 1, ""process_exec"": 1}"
1774322308,normal,k3s-wk1,0.2890000000001035,0.7440210024871367,277.2,140.4,9495.966666666667,8697.333333333334,0,42,3,0,36,0,"{""process_exit"": 42, ""process_exec"": 42, ""process_kprobe"": 36}"
1774322318,normal,sw-wk3,0.0943333333332298,0.4061687400896483,0.0,0.0,3544.4,3996.1666666666665,0,0,0,0,0,0,{}
1774322318,normal,sw-wk2,0.1791127705917671,0.45499888586480763,4.467262301640218,6.000800106680891,3774.6699559941326,5303.140418722496,0,0,0,0,0,0,{}
1774322318,normal,k3s-wk1,0.2890000000001035,0.7440210024871367,277.2,140.4,9495.966666666667,8697.333333333334,0,30,3,0,29,0,"{""process_kprobe"": 29, ""process_exit"": 30, ""process_exec"": 30}"
1774322328,normal,sw-wk3,0.0943333333332298,0.4061687400896483,0.0,0.0,3544.4,3996.1666666666665,0,0,0,0,0,0,{}
1774322328,normal,sw-wk2,0.1791127705917671,0.45499888586480763,4.467262301640218,6.000800106680891,3774.6699559941326,5303.140418722496,0,0,0,0,0,0,{}
1774322328,normal,k3s-wk1,0.26944444444436366,0.7397612875208907,279.33333333333337,142.4,8966.3,2171.4333333333334,0,15,2,0,14,0,"{""process_exit"": 15, ""process_exec"": 15, ""process_kprobe"": 14}"
1774322338,normal,sw-wk3,0.0943333333332298,0.4061687400896483,0.0,0.0,3544.4,3996.1666666666665,0,0,0,0,0,0,{}
1774322338,normal,sw-wk2,0.10155555555554907,0.4553291473682535,0.0,0.0,2805.0333333333333,5019.2,0,0,0,0,0,0,{}
1774322338,normal,k3s-wk1,0.26944444444436366,0.7397612875208907,279.3333333333333,142.4,8966.3,2171.4333333333334,0,65,12,0,51,0,"{""process_exit"": 64, ""process_exec"": 65, ""process_kprobe"": 51}"
1774322348,normal,sw-wk3,0.10377777777798147,0.40683722253502075,0.0,0.0,2432.0333333333333,4000.1,0,0,0,0,0,0,{}
1774322348,normal,sw-wk2,0.10155555555554907,0.4553291473682535,0.0,0.0,2805.0333333333333,5019.2,0,0,0,0,0,0,{}
1774322348,normal,k3s-wk1,0.26944444444436366,0.7397612875208907,279.3333333333333,142.4,8966.3,2171.4333333333334,0,56,4,0,50,0,"{""process_exit"": 56, ""process_exec"": 56, ""process_kprobe"": 50}"
1774322358,normal,sw-wk3,0.10377777777798147,0.40683722253502075,0.0,0.0,2432.0333333333333,4000.1,0,0,0,0,0,0,{}
1774322358,normal,sw-wk2,0.10155555555554907,0.4553291473682535,0.0,0.0,2805.0333333333333,5019.2,0,1,1,0,0,0,"{""process_exit"": 1, ""process_exec"": 1}"
1774322358,normal,k3s-wk1,0.34162139341627207,0.728632338040031,146063.2603406326,1910.2756391027565,9504.516215045162,7209.012432090124,0,37,4,0,30,0,"{""process_exit"": 37, ""process_exec"": 37, ""process_kprobe"": 30}"
1774322368,normal,sw-wk3,0.10377777777798147,0.40683722253502075,0.0,0.0,2432.0333333333333,4000.1,0,0,0,0,0,0,{}
1774322368,normal,sw-wk2,0.1069999999999709,0.45503469735313307,0.0,0.0,4780.266666666666,5279.166666666667,0,0,0,0,0,0,{}
1774322368,normal,k3s-wk1,0.34162139341627207,0.728632338040031,146063.2603406326,1910.2756391027565,9504.516215045162,7209.012432090124,0,15,3,0,10,0,"{""process_exit"": 15, ""process_exec"": 15, ""process_kprobe"": 10}"
1774322378,normal,sw-wk3,0.11511111111095584,0.3979897777892728,0.0,0.0,4624.833333333333,4363.9,0,0,0,0,0,0,{}
1774322378,normal,sw-wk2,0.1069999999999709,0.45503469735313307,0.0,0.0,4780.266666666666,5279.166666666667,0,1,1,0,0,0,"{""process_exit"": 1, ""process_exec"": 1}"
1774322378,normal,k3s-wk1,0.34162139341627207,0.728632338040031,146063.2603406326,1910.2756391027565,9504.516215045162,7209.012432090124,0,39,4,0,34,0,"{""process_kprobe"": 34, ""process_exit"": 39, ""process_exec"": 39}"
1774322388,normal,sw-wk3,0.11511111111095584,0.3979897777892728,0.0,0.0,4624.833333333333,4363.9,0,0,0,0,0,0,{}
1774322388,normal,sw-wk2,0.1069999999999709,0.45503469735313307,0.0,0.0,4780.266666666666,5279.166666666667,0,0,0,0,0,0,{}
1774322388,normal,k3s-wk1,0.28959562622928636,0.7290613362108671,358.36917025035837,222.15554888822214,9422.742274227423,6920.25869253592,0,36,4,0,34,0,"{""process_exit"": 36, ""process_exec"": 36, ""process_kprobe"": 34}"
1774322398,normal,sw-wk3,0.11511111111095584,0.3979897777892728,0.0,0.0,4624.833333333333,4363.9,0,0,0,0,0,0,{}
1774322398,normal,sw-wk2,0.22111111111112736,0.45487752470992693,0.0,0.0,977.3,3069.5,0,0,0,0,0,0,{}
1774322398,normal,k3s-wk1,0.28959562622928625,0.7290613362108671,358.36917025035837,222.15554888822214,9422.742274227423,6920.25869253592,0,85,4,0,73,0,"{""process_exit"": 85, ""process_exec"": 85, ""process_kprobe"": 73}"
1774322408,normal,sw-wk3,0.09300000000002917,0.40051449273920625,0.0,0.0,2135.9666666666667,4050.5,0,0,0,0,0,0,{}
1774322408,normal,sw-wk2,0.22111111111112736,0.45487752470992693,0.0,0.0,977.3,3069.5,0,0,0,0,0,0,{}
1774322408,normal,k3s-wk1,0.28959562622928636,0.7290613362108671,358.36917025035837,222.15554888822214,9422.742274227423,6920.25869253592,0,41,4,0,34,0,"{""process_kprobe"": 34, ""process_exit"": 41, ""process_exec"": 41}"
1774322418,normal,sw-wk3,0.09300000000002917,0.40051449273920625,0.0,0.0,2135.9666666666667,4050.5,0,0,0,0,0,0,{}
1774322418,normal,sw-wk2,0.22111111111112736,0.45487752470992693,0.0,0.0,977.3,3069.5,0,0,0,0,0,0,{}
1774322418,normal,k3s-wk1,0.3099999999999353,0.729557447592478,351.2,214.26666666666665,9387.06666666667,8837.233333333334,0,17,3,0,10,0,"{""process_exit"": 17, ""process_exec"": 17, ""process_kprobe"": 10}"
1774322428,normal,sw-wk3,0.09300000000002917,0.40051449273920625,0.0,0.0,2135.9666666666667,4050.5,0,0,0,0,0,0,{}
1774322428,normal,sw-wk2,0.1234209912341937,0.4536917665409286,0.0,0.0,3919.3747291937475,7447.088624470886,0,1,1,0,0,0,"{""process_exit"": 1, ""process_exec"": 1}"
1774322428,normal,k3s-wk1,0.3099999999999353,0.729557447592478,351.2,214.26666666666665,9387.066666666666,8837.233333333334,0,37,4,0,29,0,"{""process_exit"": 37, ""process_exec"": 37, ""process_kprobe"": 29}"
1774322438,normal,sw-wk3,0.11511111111119843,0.4027507256814641,0.0,0.0,3265.733333333333,4093.5333333333333,0,0,0,0,0,0,{}
1774322438,normal,sw-wk2,0.1234209912341937,0.4536917665409286,0.0,0.0,3919.3747291937475,7447.088624470886,0,0,0,0,0,0,{}
1774322438,normal,k3s-wk1,0.3099999999999353,0.729557447592478,351.2,214.26666666666665,9387.066666666666,8837.233333333334,0,18,3,0,13,0,"{""process_kprobe"": 13, ""process_exit"": 18, ""process_exec"": 18}"
1774322448,normal,sw-wk3,0.11511111111119843,0.4027507256814641,0.0,0.0,3265.733333333333,4093.5333333333333,0,0,0,0,0,0,{}
1774322448,normal,sw-wk2,0.1234209912341937,0.4536917665409286,0.0,0.0,3919.3747291937475,7447.088624470886,0,0,0,0,0,0,{}
1774322448,normal,k3s-wk1,0.2629999999999806,0.7294008501006698,354.46666666666664,217.53333333333333,9011.7,1353.7666666666667,0,42,4,0,37,0,"{""process_exit"": 42, ""process_exec"": 42, ""process_kprobe"": 37}"
1774322458,normal,sw-wk3,0.11511111111119843,0.4027507256814641,0.0,0.0,3265.733333333333,4093.5333333333333,0,0,0,0,0,0,{}
1774322458,normal,sw-wk2,0.09357602426901601,0.45368778748667016,0.0,0.0,1696.7363403006966,5213.921392139214,0,1,1,0,0,0,"{""process_exit"": 1, ""process_exec"": 1}"
1774322458,normal,k3s-wk1,0.2629999999999806,0.7294008501006698,354.46666666666664,217.53333333333333,9011.7,1353.7666666666667,0,81,4,0,71,0,"{""process_exit"": 81, ""process_exec"": 81, ""process_kprobe"": 71}"
1774322468,normal,sw-wk3,0.0993333333331975,0.40281240114517414,4.466666666666667,6.0,2336.8,4055.866666666667,0,0,0,0,0,0,{}
1774322468,normal,sw-wk2,0.09357602426901601,0.45368778748667016,0.0,0.0,1696.7363403006966,5213.921392139214,0,1,1,0,0,0,"{""process_exit"": 1, ""process_exec"": 1}"
1774322468,normal,k3s-wk1,0.2629999999999806,0.7294008501006698,354.46666666666664,217.53333333333333,9011.7,1353.7666666666667,0,61,4,0,55,0,"{""process_kprobe"": 55, ""process_exit"": 61, ""process_exec"": 61}"
1774322478,normal,sw-wk3,0.0993333333331975,0.40281240114517414,4.466666666666667,6.0,2336.8,4055.866666666667,0,0,0,0,0,0,{}
1774322478,normal,sw-wk2,0.09357602426901601,0.45368778748667016,0.0,0.0,1696.7363403006966,5213.921392139214,0,0,0,0,0,0,{}
1774322478,normal,k3s-wk1,0.3122222222222869,0.7311247384558698,352.3333333333333,215.5333333333334,9796.066666666666,9718.966666666667,0,16,3,0,10,0,"{""process_exit"": 16, ""process_exec"": 16, ""process_kprobe"": 10}"
1774322488,normal,sw-wk3,0.0993333333331975,0.40281240114517414,4.466666666666667,6.0,2336.8,4055.866666666667,0,0,0,0,0,0,{}
1774322488,normal,sw-wk2,0.12322222222234513,0.4529994110999698,0.0,0.0,4684.933333333333,5339.133333333333,0,0,0,0,0,0,{}
1774322488,normal,k3s-wk1,0.3122222222222869,0.7311247384558698,352.3333333333333,215.53333333333333,9796.066666666666,9718.966666666669,0,33,3,0,29,0,"{""process_exit"": 35, ""process_exec"": 33, ""process_kprobe"": 29}"
1774322498,normal,sw-wk3,0.20400000000008722,0.40548633092666386,0.0,0.0,3701.1666666666665,4092.5666666666666,0,0,0,0,0,0,{}
1774322498,normal,sw-wk2,0.12322222222234513,0.4529994110999698,0.0,0.0,4684.933333333333,5339.133333333333,0,0,0,0,0,0,{}
1774322498,normal,k3s-wk1,0.3122222222222869,0.7311247384558698,352.3333333333333,215.53333333333333,9796.066666666666,9718.966666666667,0,76,3,0,72,0,"{""process_kprobe"": 72, ""process_exit"": 76, ""process_exec"": 76}"
1774322508,normal,sw-wk3,0.20400000000008722,0.40548633092666386,0.0,0.0,3701.1666666666665,4092.5666666666666,0,0,0,0,0,0,{}
1774322508,normal,sw-wk2,0.12322222222234513,0.4529994110999698,0.0,0.0,4684.933333333333,5339.133333333333,0,0,0,0,0,0,{}
1774322508,normal,k3s-wk1,0.3107777777777908,0.7359187272176968,490.09999999999997,247.9,9197.8,4665.3,0,40,3,0,37,0,"{""process_exit"": 40, ""process_exec"": 40, ""process_kprobe"": 37}"
1774322518,normal,sw-wk3,0.20400000000008722,0.40548633092666386,0.0,0.0,3701.1666666666665,4092.5666666666666,0,0,0,0,0,0,{}
1774322518,normal,sw-wk2,0.08209179082080809,0.4525537570230308,0.0,0.0,2470.519614705196,5418.724794187248,0,1,1,0,0,0,"{""process_exit"": 1, ""process_exec"": 1}"
1774322518,normal,k3s-wk1,0.3107777777777908,0.7359187272176968,490.09999999999997,247.9,9197.8,4665.3,0,12,2,0,10,0,"{""process_exit"": 12, ""process_exec"": 12, ""process_kprobe"": 10}"
1774322528,normal,sw-wk3,0.10177777777773578,0.4074022493638474,5.133333333333333,5.000000000000001,2491.9,4041.633333333333,0,0,0,0,0,0,{}
1774322528,normal,sw-wk2,0.08209179082080797,0.4525537570230308,0.0,0.0,2470.519614705196,5418.724794187248,0,0,0,0,0,0,{}
1774322528,normal,k3s-wk1,0.3107777777777908,0.7359187272176968,490.09999999999997,247.9,9197.8,4665.3,0,81,3,0,74,0,"{""process_exit"": 81, ""process_exec"": 81, ""process_kprobe"": 74}"
1774322538,normal,sw-wk3,0.10177777777773578,0.4074022493638474,5.133333333333333,5.0,2491.9,4041.633333333333,0,0,0,0,0,0,{}
1774322538,normal,sw-wk2,0.08209179082080797,0.4525537570230308,0.0,0.0,2470.519614705196,5418.724794187248,0,0,0,0,0,0,{}
1774322538,normal,k3s-wk1,0.2826666666666925,0.7339119106209946,283.6666666666667,148.4,9431.566666666666,4297.733333333334,0,21,2,0,15,0,"{""process_exit"": 21, ""process_exec"": 21, ""process_kprobe"": 15}"
1774322548,normal,sw-wk3,0.10177777777773578,0.4074022493638474,5.133333333333333,5.0,2491.9,4041.633333333333,0,0,0,0,0,0,{}
1774322548,normal,sw-wk2,0.10153839372309392,0.452442343503796,0.0,0.0,3865.3795292250725,5289.969584765934,0,1,1,0,0,0,"{""process_exit"": 1, ""process_exec"": 1}"
1774322548,normal,k3s-wk1,0.2826666666666925,0.7339119106209946,283.6666666666667,148.4,9431.566666666666,4297.733333333334,0,31,3,0,28,0,"{""process_exit"": 31, ""process_exec"": 31, ""process_kprobe"": 28}"
1774322558,normal,sw-wk3,0.16833333333334943,0.4037892609090963,0.0,0.0,3229.3333333333335,4179.233333333334,0,0,0,0,0,0,{}
1774322558,normal,sw-wk2,0.10153839372309414,0.452442343503796,0.0,0.0,3865.3795292250725,5289.969584765934,0,0,0,0,0,0,{}
1774322558,normal,k3s-wk1,0.2826666666666925,0.7339119106209946,283.6666666666667,148.4,9431.566666666666,4297.733333333334,0,84,3,0,78,0,"{""process_exit"": 84, ""process_exec"": 84, ""process_kprobe"": 78}"
1774322568,normal,sw-wk3,0.16833333333334943,0.4037892609090963,0.0,0.0,3229.3333333333335,4179.233333333334,0,0,0,0,0,0,{}
1774322568,normal,sw-wk2,0.10153839372309414,0.452442343503796,0.0,0.0,3865.3795292250725,5289.969584765934,0,0,0,0,0,0,{}
1774322568,normal,k3s-wk1,0.28399999999997416,0.7332276190601519,281.3333333333333,144.4,9253.466666666667,5799.9,0,36,3,0,36,0,"{""process_exit"": 36, ""process_exec"": 36, ""process_kprobe"": 36}"
1774322578,normal,sw-wk3,0.16833333333334943,0.4037892609090963,0.0,0.0,3229.3333333333335,4179.233333333334,0,0,0,0,0,0,{}
1774322578,normal,sw-wk2,0.07940883166929114,0.4525637046586767,0.0,0.0,904.9715956838885,4989.613096238529,0,0,0,0,0,0,{}
1774322578,normal,k3s-wk1,0.28399999999997416,0.7332276190601519,281.3333333333333,144.4,9253.466666666667,5799.9,0,16,2,0,12,0,"{""process_exit"": 16, ""process_exec"": 16, ""process_kprobe"": 12}"
1774322588,normal,sw-wk3,0.10022222222218669,0.40461690584146226,0.0,0.0,2178.9333333333334,4099.766666666666,0,0,0,0,0,0,{}
1774322588,normal,sw-wk2,0.07940883166929114,0.4525637046586767,0.0,0.0,904.9715956838885,4989.613096238529,0,0,0,0,0,0,{}
1774322588,normal,k3s-wk1,0.28399999999997416,0.7332276190601519,281.3333333333333,144.4,9253.466666666667,5799.9,0,33,3,0,31,0,"{""process_kprobe"": 31, ""process_exit"": 33, ""process_exec"": 33}"
1774322598,normal,sw-wk3,0.10022222222218669,0.40461690584146226,0.0,0.0,2178.9333333333334,4099.766666666666,0,0,0,0,0,0,{}
1774322598,normal,sw-wk2,0.07940883166929114,0.4525637046586767,0.0,0.0,904.9715956838885,4989.613096238529,0,1,1,0,0,0,"{""process_exit"": 1, ""process_exec"": 1}"
1774322598,normal,k3s-wk1,0.28688888888888553,0.7336381939966574,283.2,147.0,9389.3,4196.433333333333,0,75,3,0,68,0,"{""process_exit"": 76, ""process_exec"": 75, ""process_kprobe"": 68}"
1774322608,normal,sw-wk3,0.10022222222218669,0.40461690584146226,0.0,0.0,2178.9333333333334,4099.766666666666,0,0,0,0,0,0,{}
1774322608,normal,sw-wk2,0.09822222222234511,0.4528104060226965,0.0,0.0,2649.0666666666666,5246.5,0,0,0,0,0,0,{}
1774322608,normal,k3s-wk1,0.28688888888888564,0.7336381939966574,283.2,147.00000000000003,9389.3,4196.433333333333,0,15,2,0,12,0,"{""process_exit"": 15, ""process_exec"": 15, ""process_kprobe"": 12}"
1774322618,normal,sw-wk3,0.11677777777788123,0.39507909380838035,0.0,0.0,3156.366666666667,4149.333333333333,0,0,0,0,0,0,{}
1774322618,normal,sw-wk2,0.09822222222234511,0.4528104060226965,0.0,0.0,2649.0666666666666,5246.5,0,0,0,0,0,0,{}
1774322618,normal,k3s-wk1,0.28688888888888564,0.7336381939966574,283.2,147.0,9389.3,4196.433333333333,0,18,2,0,14,0,"{""process_exit"": 18, ""process_exec"": 18, ""process_kprobe"": 14}"
1774322628,normal,sw-wk3,0.11677777777788123,0.39507909380838035,0.0,0.0,3156.366666666667,4149.333333333333,0,0,0,0,0,0,{}
1774322628,normal,sw-wk2,0.09822222222234511,0.4528104060226965,0.0,0.0,2649.0666666666666,5246.5,0,0,0,0,0,0,{}
1774322628,normal,k3s-wk1,0.288333333333301,0.735881880749036,279.3333333333333,142.4,9172.2,6888.933333333333,0,58,3,0,55,0,"{""process_exit"": 58, ""process_exec"": 58, ""process_kprobe"": 55}"
1774322638,normal,sw-wk3,0.11677777777788123,0.39507909380838035,0.0,0.0,3156.366666666667,4149.333333333333,0,0,0,0,0,0,{}
1774322638,normal,sw-wk2,0.13111111111106266,0.45269700297633253,0.0,0.0,5304.166666666667,5151.733333333334,0,0,0,0,0,0,{}
1774322638,normal,k3s-wk1,0.288333333333301,0.735881880749036,279.3333333333333,142.4,9172.2,6888.933333333333,0,60,3,0,55,0,"{""process_exit"": 60, ""process_exec"": 60, ""process_kprobe"": 55}"
1774322648,normal,sw-wk3,0.1636666666664598,0.4070421442370248,0.0,0.0,8596.466666666667,5130.7,0,0,0,0,0,0,{}
1774322648,normal,sw-wk2,0.13111111111106266,0.45269700297633253,0.0,0.0,5304.166666666667,5151.733333333334,0,1,1,0,0,0,"{""process_exit"": 1, ""process_exec"": 1}"
1774322648,normal,k3s-wk1,0.288333333333301,0.735881880749036,279.3333333333333,142.4,9172.2,6888.933333333333,0,33,3,0,31,0,"{""process_exit"": 33, ""process_exec"": 33, ""process_kprobe"": 31}"
1774322658,normal,sw-wk3,0.1636666666664598,0.4070421442370248,0.0,0.0,8596.466666666667,5130.7,0,0,0,0,0,0,{}
1774322658,normal,sw-wk2,0.13111111111106266,0.45269700297633253,0.0,0.0,5304.166666666667,5151.733333333334,0,0,0,0,0,0,{}
1774322658,normal,k3s-wk1,0.338177293381857,0.7297351002092354,279.30540279305404,142.38576142385762,11229.143752291438,21610.33896610339,0,12,2,0,10,0,"{""process_exit"": 12, ""process_exec"": 12, ""process_kprobe"": 10}"
1774322668,normal,sw-wk3,0.1636666666664598,0.4070421442370248,0.0,0.0,8596.466666666667,5130.7,0,0,0,0,0,0,{}
1774322668,normal,sw-wk2,0.12244444444448976,0.45184548536503844,0.0,0.0,7018.933333333333,5683.9,0,1,1,0,0,0,"{""process_exit"": 1, ""process_exec"": 1}"
1774322668,normal,k3s-wk1,0.338177293381857,0.7297351002092354,279.305402793054,142.38576142385762,11229.143752291438,21610.33896610339,0,13,2,0,9,0,"{""process_exit"": 13, ""process_exec"": 13, ""process_kprobe"": 9}"
1774322684,normal,sw-wk3,0.14622222222234182,0.4048616181652146,0.0,0.0,9552.4,5372.133333333333,0,0,0,0,0,0,{}
1774322684,normal,sw-wk2,0.12244444444448976,0.45184548536503844,0.0,0.0,7018.933333333333,5683.9,0,0,0,0,0,0,{}
1774322684,normal,k3s-wk1,0.338177293381857,0.7297351002092354,279.30540279305404,142.38576142385762,11229.143752291438,21610.33896610339,0,75,3,0,72,0,"{""process_kprobe"": 72, ""process_exit"": 75, ""process_exec"": 75}"
1774322689,normal,sw-wk3,0.14622222222234182,0.4048616181652146,0.0,0.0,9552.4,5372.133333333333,0,0,0,0,0,0,{}
1774322689,normal,sw-wk2,0.12244444444448976,0.45184548536503844,0.0,0.0,7018.933333333333,5683.9,0,0,0,0,0,0,{}
1774322689,normal,k3s-wk1,0.2729272927291889,0.7299311760603229,344.26776010934424,180.25135846918025,10296.763009634296,10039.97066373304,0,61,3,0,57,0,"{""process_exit"": 61, ""process_exec"": 61, ""process_kprobe"": 57}"
1774322699,normal,sw-wk3,0.14622222222234182,0.4048616181652146,0.0,0.0,9552.4,5372.133333333333,0,0,0,0,0,0,{}
1774322699,normal,sw-wk2,0.11311111111103356,0.45183553772939244,4.466666666666668,6.0,4071.9666666666667,5308.633333333333,0,1,1,0,0,0,"{""process_exit"": 1, ""process_exec"": 1}"
1774322699,normal,k3s-wk1,0.2729272927291889,0.7299311760603229,344.26776010934424,180.25135846918025,10296.763009634296,10039.97066373304,0,30,3,0,27,0,"{""process_exit"": 30, ""process_exec"": 30, ""process_kprobe"": 27}"
1774322709,normal,sw-wk3,0.11255555555560726,0.40585041511566144,0.0,0.0,5783.8,4818.533333333333,0,0,0,0,0,0,{}
1774322709,normal,sw-wk2,0.11311111111103356,0.45183553772939244,4.466666666666667,6.0,4071.9666666666667,5308.633333333333,0,0,0,0,0,0,{}
1774322709,normal,k3s-wk1,0.2729272927291889,0.7299311760603229,344.26776010934424,180.25135846918025,10296.763009634296,10039.97066373304,0,57,3,0,53,0,"{""process_kprobe"": 53, ""process_exit"": 57, ""process_exec"": 57}"
1774322719,normal,sw-wk3,0.11255555555560726,0.40585041511566144,0.0,0.0,5783.8,4818.533333333333,0,0,0,0,0,0,{}
1774322719,normal,sw-wk2,0.11311111111103356,0.45183553772939244,4.466666666666667,6.0,4071.9666666666667,5308.633333333333,0,1,1,0,0,0,"{""process_exit"": 1, ""process_exec"": 1}"
1774322719,normal,k3s-wk1,0.31222222222220586,0.7296219289126344,570.6,300.6,10657.5,15483.233333333334,0,37,3,0,31,0,"{""process_exit"": 37, ""process_exec"": 37, ""process_kprobe"": 31}"
1774322729,normal,sw-wk3,0.11255555555560726,0.40585041511566144,0.0,0.0,5783.8,4818.533333333333,0,0,0,0,0,0,{}
1774322729,normal,sw-wk2,0.11944444444444446,0.4519509303028856,0.0,0.0,6297.166666666667,5434.800000000001,0,0,0,0,0,0,{}
1774322729,normal,k3s-wk1,0.3122222222222061,0.7296219289126344,570.6,300.6,10657.5,15483.233333333334,0,36,3,0,31,0,"{""process_exit"": 36, ""process_exec"": 36, ""process_kprobe"": 31}"
1774322739,normal,sw-wk3,0.16222222222220606,0.39916758019302434,0.0,0.0,11847.866666666667,5134.233333333334,0,0,0,0,0,0,{}
1774322739,normal,sw-wk2,0.11944444444444446,0.4519509303028856,0.0,0.0,6297.166666666667,5434.8,0,0,0,0,0,0,{}
1774322739,normal,k3s-wk1,0.3122222222222061,0.7296219289126344,570.6,300.6,10657.5,15483.233333333334,0,9,2,0,11,0,"{""process_kprobe"": 11, ""process_exit"": 9, ""process_exec"": 9}"
1774322749,normal,sw-wk3,0.16222222222220606,0.39916758019302434,0.0,0.0,11847.866666666667,5134.233333333334,0,0,0,0,0,0,{}
1774322749,normal,sw-wk2,0.11944444444444446,0.4519509303028856,0.0,0.0,6297.166666666667,5434.8,0,0,0,0,0,0,{}
1774322749,normal,k3s-wk1,0.28366666666673446,0.7286297061494125,572.7333333333333,302.6,9886.4,11978.633333333333,0,33,3,0,34,0,"{""process_exit"": 33, ""process_exec"": 33, ""process_kprobe"": 34}"
1774322759,normal,sw-wk3,0.16222222222220606,0.39916758019302434,0.0,0.0,11847.866666666667,5134.233333333334,0,0,0,0,0,0,{}
1774322759,normal,sw-wk2,0.11977777777776488,0.4518056948224546,0.0,0.0,3699.2999999999997,5084.633333333333,0,1,1,0,0,0,"{""process_exit"": 1, ""process_exec"": 1}"
1774322759,normal,k3s-wk1,0.28366666666673457,0.7286297061494125,572.7333333333333,302.6,9886.4,11978.633333333333,0,16,2,0,11,0,"{""process_exit"": 16, ""process_exec"": 16, ""process_kprobe"": 11}"
1774322769,normal,sw-wk3,0.10277777777769692,0.400993969731274,0.0,0.0,2244.5,4114.333333333333,0,0,0,0,0,0,{}
1774322769,normal,sw-wk2,0.11977777777776488,0.4518056948224546,0.0,0.0,3699.2999999999997,5084.633333333333,0,0,0,0,0,0,{}
1774322769,normal,k3s-wk1,0.28366666666673457,0.7286297061494125,572.7333333333333,302.6,9886.4,11978.633333333333,0,33,3,0,33,0,"{""process_kprobe"": 33, ""process_exit"": 33, ""process_exec"": 33}"
1774322779,normal,sw-wk3,0.10277777777769692,0.400993969731274,0.0,0.0,2244.5,4114.333333333333,0,0,0,0,0,0,{}
1774322779,normal,sw-wk2,0.11977777777776488,0.4518056948224546,0.0,0.0,3699.2999999999997,5084.633333333333,0,0,0,0,0,0,{}
1774322779,normal,k3s-wk1,0.28911111111107557,0.7310773644247346,572.7333333333333,302.6,9653.5,8801.033333333333,0,16,2,0,11,0,"{""process_exit"": 16, ""process_exec"": 16, ""process_kprobe"": 11}"
1774322789,normal,sw-wk3,0.10277777777769692,0.400993969731274,0.0,0.0,2244.5,4114.333333333333,0,0,0,0,0,0,{}
1774322789,normal,sw-wk2,0.2166666666667475,0.45137197790829076,0.0,0.0,3726.9,3037.7666666666664,0,0,0,0,0,0,{}
1774322789,normal,k3s-wk1,0.28911111111107557,0.7310773644247346,572.7333333333333,302.6,9653.5,8801.033333333333,0,19,2,0,14,0,"{""process_exit"": 19, ""process_exec"": 19, ""process_kprobe"": 14}"
1774322799,normal,sw-wk3,0.12222222222238377,0.3994262192343887,0.0,0.0,3223.6666666666665,4088.633333333333,0,0,0,0,0,0,{}
1774322799,normal,sw-wk2,0.2166666666667475,0.45137197790829076,0.0,0.0,3726.9,3037.7666666666664,0,0,0,0,0,0,{}
1774322799,normal,k3s-wk1,0.28911111111107557,0.7310773644247346,572.7333333333333,302.6,9653.5,8801.033333333333,0,33,3,0,30,0,"{""process_exit"": 33, ""process_exec"": 33, ""process_kprobe"": 30}"
1774322809,normal,sw-wk3,0.12222222222238388,0.3994262192343887,0.0,0.0,3223.6666666666665,4088.633333333333,0,0,0,0,0,0,{}
1774322809,normal,sw-wk2,0.2166666666667475,0.45137197790829076,0.0,0.0,3726.9,3037.7666666666664,0,0,0,0,0,0,{}
1774322809,normal,k3s-wk1,0.25388888888887273,0.7284599492045111,572.7333333333333,302.6000000000001,4479.4,1001.1999999999999,0,21,2,0,19,0,"{""process_exit"": 21, ""process_exec"": 21, ""process_kprobe"": 19}"
1774322819,normal,sw-wk3,0.12222222222238388,0.3994262192343887,0.0,0.0,3223.6666666666665,4088.633333333333,0,0,0,0,0,0,{}
1774322819,normal,sw-wk2,0.3347777777776678,0.45137197790829076,0.0,0.0,510.09999999999997,662.5666666666666,0,0,0,0,0,0,{}
1774322819,normal,k3s-wk1,0.25388888888887273,0.7284599492045111,572.7333333333333,302.6,4479.4,1001.1999999999999,0,33,3,0,30,0,"{""process_exit"": 33, ""process_exec"": 33, ""process_kprobe"": 30}"
1774322829,normal,sw-wk3,0.09755555555554263,0.40174203342014325,0.0,0.0,5318.533333333333,4130.333333333333,0,0,0,0,0,0,{}
1774322829,normal,sw-wk2,0.3347777777776678,0.45137197790829076,0.0,0.0,510.09999999999997,662.5666666666666,0,0,0,0,0,0,{}
1774322829,normal,k3s-wk1,0.25388888888887273,0.7284599492045111,572.7333333333333,302.6,4479.4,1001.1999999999999,0,9,2,0,10,0,"{""process_kprobe"": 10, ""process_exit"": 9, ""process_exec"": 9}"
1774322839,normal,sw-wk3,0.09755555555554263,0.40174203342014325,0.0,0.0,5318.533333333333,4130.333333333333,0,0,0,0,0,0,{}
1774322839,normal,sw-wk2,0.3347777777776678,0.45137197790829076,0.0,0.0,510.09999999999997,662.5666666666666,0,0,0,0,0,0,{}
1774322839,normal,k3s-wk1,0.2987367929873388,0.7289863273282362,570.5429457054295,300.56994300569943,5349.398393493984,21640.00266640003,0,55,3,0,50,0,"{""process_exit"": 55, ""process_exec"": 55, ""process_kprobe"": 50}"
1774322849,normal,sw-wk3,0.09755555555554263,0.40174203342014325,0.0,0.0,5318.533333333333,4130.333333333333,0,0,0,0,0,0,{}
1774322849,normal,sw-wk2,0.3366434514090896,0.4514973181174299,0.0,0.0,18411.37658702389,1194.8082241994068,0,0,0,0,0,0,{}
1774322849,normal,k3s-wk1,0.2987367929873388,0.7289863273282362,570.5429457054295,300.56994300569943,5349.398393493984,21640.00266640003,0,33,3,0,32,0,"{""process_exit"": 33, ""process_exec"": 33, ""process_kprobe"": 32}"
1774322859,normal,sw-wk3,0.10666666666656965,0.39699302271447645,0.0,0.0,3170.9666666666667,4139.433333333334,0,0,0,0,0,0,{}
1774322859,normal,sw-wk2,0.3366434514090896,0.4514973181174299,0.0,0.0,18411.376587023893,1194.8082241994068,0,0,0,0,0,0,{}
1774322859,normal,k3s-wk1,0.2987367929873388,0.7289863273282362,570.5429457054295,300.56994300569943,5349.398393493984,21640.00266640003,0,60,3,0,56,0,"{""process_kprobe"": 56, ""process_exit"": 60, ""process_exec"": 60}"
1774322869,normal,sw-wk3,0.10666666666656965,0.39699302271447645,0.0,0.0,3170.9666666666667,4139.433333333333,0,0,0,0,0,0,{}
1774322869,normal,sw-wk2,0.3366434514090896,0.4514973181174299,0.0,0.0,18411.376587023893,1194.8082241994068,0,0,0,0,0,0,{}
1774322869,normal,k3s-wk1,0.28381727061598283,0.7333736889894855,572.7906123945728,302.6302630263026,4816.314964829816,5986.798679867987,0,16,2,0,16,0,"{""process_exit"": 16, ""process_exec"": 16, ""process_kprobe"": 16}"
1774322879,normal,sw-wk3,0.10666666666656965,0.39699302271447645,0.0,0.0,3170.9666666666667,4139.433333333333,0,0,0,0,0,0,{}
1774322879,normal,sw-wk2,0.33468929567758576,0.4514973181174299,0.0,0.0,936.2475409289452,693.6747690973958,0,0,0,0,0,0,{}
1774322879,normal,k3s-wk1,0.28381727061598283,0.7333736889894855,572.7906123945728,302.6302630263026,4816.314964829816,5986.798679867987,0,33,3,0,33,0,"{""process_exit"": 33, ""process_exec"": 33, ""process_kprobe"": 33}"
1774322889,normal,sw-wk3,0.09066666666670542,0.39890894115166,0.0,0.0,2286.7000000000003,4153.8,0,0,0,0,0,0,{}
1774322889,normal,sw-wk2,0.33468929567758576,0.4514973181174299,0.0,0.0,936.2475409289452,693.6747690973958,0,0,0,0,0,0,{}
1774322889,normal,k3s-wk1,0.28381727061598283,0.7333736889894855,572.7906123945728,302.6302630263026,4816.314964829816,5986.798679867987,0,33,3,0,31,0,"{""process_exit"": 33, ""process_exec"": 33, ""process_kprobe"": 31}"
1774322899,normal,sw-wk3,0.09066666666670542,0.39890894115166,0.0,0.0,2286.7,4153.8,0,0,0,0,0,0,{}
1774322899,normal,sw-wk2,0.33468929567758576,0.4514973181174299,0.0,0.0,936.2475409289452,693.6747690973958,0,0,0,0,0,0,{}
1774322899,normal,k3s-wk1,0.27688888888886953,0.721084075745812,572.7333333333335,302.6,4918.533333333333,4332.833333333333,0,15,2,0,12,0,"{""process_exit"": 15, ""process_exec"": 15, ""process_kprobe"": 12}"
1774322909,normal,sw-wk3,0.09066666666670542,0.39890894115166,0.0,0.0,2286.7,4153.8,0,0,0,0,0,0,{}
1774322909,normal,sw-wk2,0.3350000000000162,0.4514973181174299,0.0,0.0,3952.5,773.5333333333333,0,0,0,0,0,0,{}
1774322909,normal,k3s-wk1,0.27688888888886953,0.721084075745812,572.7333333333333,302.6,4918.533333333333,4332.833333333333,0,36,3,0,36,0,"{""process_kprobe"": 36, ""process_exit"": 37, ""process_exec"": 36}"
1774322919,normal,sw-wk3,0.12333333333331709,0.3978843326416397,0.0,0.0,4271.233333333334,4294.6,0,0,0,0,0,0,{}
1774322919,normal,sw-wk2,0.3350000000000162,0.4514973181174299,0.0,0.0,3952.5,773.5333333333333,0,0,0,0,0,0,{}
1774322919,normal,k3s-wk1,0.27688888888886953,0.721084075745812,572.7333333333333,302.6,4918.533333333333,4332.833333333333,0,58,3,0,54,0,"{""process_exit"": 58, ""process_exec"": 58, ""process_kprobe"": 54}"
1774322930,normal,sw-wk3,0.12333333333331709,0.3978843326416397,0.0,0.0,4271.233333333334,4294.6,0,0,0,0,0,0,{}
1774322930,normal,sw-wk2,0.3350000000000162,0.4514973181174299,0.0,0.0,3952.5,773.5333333333333,0,0,0,0,0,0,{}
1774322930,normal,k3s-wk1,0.3075555555555588,0.7123448829466648,572.7333333333335,302.6,11381.166666666666,23196.500000000004,0,55,3,0,54,0,"{""process_exit"": 55, ""process_exec"": 55, ""process_kprobe"": 54}"
1774322939,normal,sw-wk3,0.12333333333331709,0.3978843326416397,0.0,0.0,4271.233333333334,4294.6,0,0,0,0,0,0,{}
1774322939,normal,sw-wk2,0.2503333333333204,0.44719794999124607,0.0,0.0,33034.13333333333,10250.1,0,0,0,0,0,0,{}
1774322939,normal,k3s-wk1,0.3075555555555588,0.7123448829466648,572.7333333333333,302.6,11381.166666666666,23196.5,0,33,3,0,33,0,"{""process_kprobe"": 33, ""process_exit"": 33, ""process_exec"": 33}"
1774322949,normal,sw-wk3,0.12955555555567522,0.4002757490087161,143127.83333333337,1385.4,8387.7,4861.166666666667,0,0,0,0,0,0,{}
1774322949,normal,sw-wk2,0.2503333333333204,0.44719794999124607,0.0,0.0,33034.13333333333,10250.1,0,0,0,0,0,0,{}
1774322949,normal,k3s-wk1,0.3075555555555588,0.7123448829466648,572.7333333333333,302.6,11381.166666666666,23196.5,0,15,2,0,12,0,"{""process_exit"": 15, ""process_exec"": 15, ""process_kprobe"": 12}"
1774322959,normal,sw-wk3,0.12955555555567522,0.4002757490087161,143127.83333333334,1385.4,8387.7,4861.166666666667,0,0,0,0,0,0,{}
1774322959,normal,sw-wk2,0.2503333333333204,0.44719794999124607,0.0,0.0,33034.13333333333,10250.1,0,0,0,0,0,0,{}
1774322959,normal,k3s-wk1,0.32144444444444764,0.7140411364503692,570.6,300.6,11230.533333333333,30977.366666666665,0,42,3,0,35,0,"{""process_exit"": 42, ""process_exec"": 42, ""process_kprobe"": 35}"
1774322969,normal,sw-wk3,0.12955555555567522,0.4002757490087161,143127.83333333334,1385.4,8387.7,4861.166666666667,0,0,0,0,0,0,{}
1774322969,normal,sw-wk2,0.09500000000003228,0.44781271387416643,0.0,0.0,3556.5,4955.0,0,0,0,0,0,0,{}
1774322969,normal,k3s-wk1,0.32144444444444764,0.7140411364503692,570.6,300.6,11230.533333333333,30977.366666666665,0,39,3,0,34,0,"{""process_exit"": 39, ""process_exec"": 39, ""process_kprobe"": 34}"
1774322979,normal,sw-wk3,0.1191111111109624,0.3955386754895739,4.466666666666667,6.0,4629.433333333333,4636.866666666668,0,0,0,0,0,0,{}
1774322979,normal,sw-wk2,0.09500000000003228,0.44781271387416643,0.0,0.0,3556.5,4955.0,0,0,0,0,0,0,{}
1774322979,normal,k3s-wk1,0.32144444444444764,0.7140411364503692,570.6,300.6,11230.533333333333,30977.366666666665,0,9,2,0,8,0,"{""process_exit"": 9, ""process_exec"": 9, ""process_kprobe"": 8}"
1774322989,normal,sw-wk3,0.1191111111109624,0.3955386754895739,4.466666666666667,6.0,4629.433333333333,4636.866666666667,0,0,0,0,0,0,{}
1774322989,normal,sw-wk2,0.09500000000003228,0.44781271387416643,0.0,0.0,3556.5,4955.0,0,0,0,0,0,0,{}
1774322989,normal,k3s-wk1,0.27211111111108854,0.715159689963285,572.7333333333333,302.6000000000001,9215.1,3199.3,0,37,3,0,35,0,"{""process_exit"": 37, ""process_exec"": 37, ""process_kprobe"": 35}"
1774322999,normal,sw-wk3,0.1191111111109624,0.3955386754895739,4.466666666666667,6.0,4629.433333333333,4636.866666666667,0,0,0,0,0,0,{}
1774322999,normal,sw-wk2,0.10166666666660207,0.447808734819908,0.0,0.0,1480.7,4969.233333333334,0,0,0,0,0,0,{}
1774322999,normal,k3s-wk1,0.27211111111108854,0.715159689963285,572.7333333333333,302.6,9215.1,3199.3,0,18,2,0,15,0,"{""process_exit"": 18, ""process_exec"": 18, ""process_kprobe"": 15}"
1774323009,normal,sw-wk3,0.09555555555545858,0.3993685228328535,0.0,0.0,2413.633333333333,4394.566666666667,0,0,0,0,0,0,{}
1774323009,normal,sw-wk2,0.10166666666660207,0.447808734819908,0.0,0.0,1480.7,4969.233333333334,0,0,0,0,0,0,{}
1774323009,normal,k3s-wk1,0.27211111111108854,0.715159689963285,572.7333333333333,302.6,9215.1,3199.3,0,36,3,0,33,0,"{""process_exit"": 36, ""process_exec"": 36, ""process_kprobe"": 33}"
1774323019,normal,sw-wk3,0.09555555555545858,0.3993685228328535,0.0,0.0,2413.633333333333,4394.566666666667,0,0,0,0,0,0,{}
1774323019,normal,sw-wk2,0.10166666666660207,0.447808734819908,0.0,0.0,1480.7,4969.233333333334,0,0,0,0,0,0,{}
1774323019,normal,k3s-wk1,0.28288888888896,0.7157702885868064,577.2000000000002,308.6,9433.833333333334,4408.5,0,16,2,0,12,0,"{""process_exit"": 16, ""process_exec"": 16, ""process_kprobe"": 12}"
1774323029,normal,sw-wk3,0.09555555555545858,0.3993685228328535,0.0,0.0,2413.633333333333,4394.566666666667,0,0,0,0,0,0,{}
1774323029,normal,sw-wk2,0.09666666666663426,0.4475998344713429,4.466666666666667,6.0,3710.4666666666667,5009.866666666667,0,0,0,0,0,0,{}
1774323029,normal,k3s-wk1,0.28288888888896,0.7157702885868064,577.2,308.6,9433.833333333334,4408.5,0,12,2,0,11,0,"{""process_exit"": 12, ""process_exec"": 12, ""process_kprobe"": 11}"
1774323039,normal,sw-wk3,0.11700000000014876,0.4029994170673914,5.133333333333333,5.0,3489.2,4497.066666666667,0,0,0,0,0,0,{}
1774323039,normal,sw-wk2,0.09666666666663426,0.4475998344713429,4.466666666666667,6.0,3710.4666666666667,5009.866666666667,0,0,0,0,0,0,{}
1774323039,normal,k3s-wk1,0.28288888888896,0.7157702885868064,577.2,308.6,9433.833333333334,4408.5,0,12,2,0,10,0,"{""process_exit"": 12, ""process_exec"": 12, ""process_kprobe"": 10}"
1774323049,normal,sw-wk3,0.11700000000014876,0.4029994170673914,5.133333333333333,5.0,3489.2,4497.066666666667,0,0,0,0,0,0,{}
1774323049,normal,sw-wk2,0.09666666666663426,0.4475998344713429,4.466666666666667,6.0,3710.4666666666667,5009.866666666667,0,0,0,0,0,0,{}
1774323049,normal,k3s-wk1,0.28411111111110765,0.7153386585253516,572.7333333333333,302.6,9616.833333333334,6452.366666666667,0,37,3,0,35,0,"{""process_exit"": 37, ""process_exec"": 37, ""process_kprobe"": 35}"
1774323059,normal,sw-wk3,0.11700000000014876,0.4029994170673914,5.133333333333333,5.0,3489.2,4497.066666666667,0,0,0,0,0,0,{}
1774323059,normal,sw-wk2,0.08044444444458354,0.4477112479905776,5.133333333333333,5.0,2003.3333333333333,5161.633333333333,0,0,0,0,0,0,{}
1774323059,normal,k3s-wk1,0.284111111111108,0.7153386585253516,572.7333333333333,302.6,9616.833333333334,6452.366666666667,0,21,2,0,16,0,"{""process_exit"": 21, ""process_exec"": 21, ""process_kprobe"": 16}"
1774323069,normal,sw-wk3,0.14544444444448645,0.40243439023856464,0.0,0.0,6463.366666666667,4843.8,0,0,0,0,0,0,{}
1774323069,normal,sw-wk2,0.08044444444458354,0.4477112479905776,5.133333333333333,5.0,2003.3333333333333,5161.633333333333,0,0,0,0,0,0,{}
1774323069,normal,k3s-wk1,0.284111111111108,0.7153386585253516,572.7333333333333,302.6,9616.833333333334,6452.366666666667,0,39,3,0,34,0,"{""process_exit"": 39, ""process_exec"": 39, ""process_kprobe"": 34}"
1774323079,normal,sw-wk3,0.14544444444448645,0.40243439023856464,0.0,0.0,6463.366666666667,4843.8,0,0,0,0,0,0,{}
1774323079,normal,sw-wk2,0.08044444444458354,0.4477112479905776,5.133333333333333,5.0,2003.3333333333333,5161.633333333333,0,0,0,0,0,0,{}
1774323079,normal,k3s-wk1,0.3135555555555686,0.7135647642483978,572.7333333333333,302.6,9868.533333333333,13905.266666666666,0,16,2,0,12,0,"{""process_exit"": 16, ""process_exec"": 16, ""process_kprobe"": 12}"
1774323089,normal,sw-wk3,0.14544444444448645,0.40243439023856464,0.0,0.0,6463.366666666667,4843.8,0,0,0,0,0,0,{}
1774323089,normal,sw-wk2,0.1167777777778004,0.44751627433191676,0.0,0.0,4608.733333333334,5008.9,0,0,0,0,0,0,{}
1774323089,normal,k3s-wk1,0.3135555555555686,0.7135647642483978,572.7333333333333,302.6,9868.533333333333,13905.266666666666,0,36,3,0,33,0,"{""process_exit"": 36, ""process_exec"": 36, ""process_kprobe"": 33}"
1774323099,normal,sw-wk3,0.1061111111109817,0.3982563749549869,0.0,0.0,2494.9666666666667,3872.4666666666667,0,0,0,0,0,0,{}
1774323099,normal,sw-wk2,0.1167777777778004,0.44751627433191676,0.0,0.0,4608.733333333334,5008.9,0,0,0,0,0,0,{}
1774323099,normal,k3s-wk1,0.3135555555555686,0.7135647642483978,572.7333333333333,302.6,9868.533333333333,13905.266666666666,0,15,2,0,13,0,"{""process_exit"": 15, ""process_exec"": 15, ""process_kprobe"": 13}"
1774323109,normal,sw-wk3,0.1061111111109817,0.3982563749549869,0.0,0.0,2494.9666666666667,3872.4666666666667,0,0,0,0,0,0,{}
1774323109,normal,sw-wk2,0.1167777777778004,0.44751627433191676,0.0,0.0,4608.733333333334,5008.9,0,0,0,0,0,0,{}
1774323109,normal,k3s-wk1,0.264999999999903,0.7138384808727349,754.8333333333334,393.0333333333333,8695.866666666667,1304.0666666666666,0,10,2,0,13,0,"{""process_kprobe"": 13, ""process_exit"": 10, ""process_exec"": 10}"
1774323119,normal,sw-wk3,0.1061111111109817,0.3982563749549869,0.0,0.0,2494.9666666666667,3872.4666666666667,0,0,0,0,0,0,{}
1774323119,normal,sw-wk2,0.10799999999985133,0.44751229527765846,0.0,0.0,880.5000000000002,4903.366666666667,0,0,0,0,0,0,{}
1774323119,normal,k3s-wk1,0.264999999999903,0.7138384808727349,754.8333333333334,393.0333333333333,8695.866666666667,1304.0666666666666,0,57,3,0,52,0,"{""process_exit"": 57, ""process_exec"": 57, ""process_kprobe"": 52}"
1774323129,normal,sw-wk3,0.09611111111112736,0.40056025195421696,0.0,0.0,2214.1666666666665,4068.366666666667,0,0,0,0,0,0,{}
1774323129,normal,sw-wk2,0.10799999999985133,0.44751229527765846,0.0,0.0,880.5,4903.366666666667,0,0,0,0,0,0,{}
1774323129,normal,k3s-wk1,0.264999999999903,0.7138384808727349,754.8333333333334,393.0333333333333,8695.866666666667,1304.0666666666666,0,36,3,0,33,0,"{""process_kprobe"": 33, ""process_exit"": 36, ""process_exec"": 36}"
1774323139,normal,sw-wk3,0.09611111111112736,0.40056025195421696,0.0,0.0,2214.1666666666665,4068.366666666667,0,0,0,0,0,0,{}
1774323139,normal,sw-wk2,0.10799999999985133,0.44751229527765846,0.0,0.0,880.5,4903.366666666667,0,0,0,0,0,0,{}
1774323139,normal,k3s-wk1,0.2880075542965449,0.7140398205050598,574.6375604065989,304.54924179303447,9068.621896350609,4097.017163806032,0,58,3,0,51,0,"{""process_exit"": 58, ""process_exec"": 58, ""process_kprobe"": 51}"
1774323149,normal,sw-wk3,0.09611111111112736,0.40056025195421696,0.0,0.0,2214.1666666666665,4068.366666666667,0,0,0,0,0,0,{}
1774323149,normal,sw-wk2,0.09701030471904193,0.44744266182813663,0.0,0.0,3664.3226748042985,4946.961655831233,0,0,0,0,0,0,{}
1774323149,normal,k3s-wk1,0.2880075542965449,0.7140398205050598,574.6375604065989,304.54924179303447,9068.621896350609,4097.017163806032,0,37,3,0,32,0,"{""process_exit"": 37, ""process_exec"": 37, ""process_kprobe"": 32}"
1774323159,normal,sw-wk3,0.10988888888888237,0.4005841263272659,0.0,0.0,3183.0333333333333,4149.966666666666,0,0,0,0,0,0,{}
1774323159,normal,sw-wk2,0.09701030471904193,0.44744266182813663,0.0,0.0,3664.3226748042985,4946.961655831233,0,0,0,0,0,0,{}
1774323159,normal,k3s-wk1,0.2880075542965449,0.7140398205050598,574.6375604065989,304.54924179303447,9068.621896350609,4097.017163806032,0,54,3,0,50,0,"{""process_exit"": 54, ""process_exec"": 54, ""process_kprobe"": 50}"
1774323169,normal,sw-wk3,0.10988888888888237,0.4005841263272659,0.0,0.0,3183.0333333333333,4149.966666666666,0,0,0,0,0,0,{}
1774323169,normal,sw-wk2,0.09701030471904193,0.44744266182813663,0.0,0.0,3664.3226748042985,4946.961655831233,0,0,0,0,0,0,{}
1774323169,normal,k3s-wk1,0.3303693426667599,0.7326472871787448,543.6715646086902,288.1377309705493,8536.293119757836,5562.023081289021,0,30,3,0,31,0,"{""process_exit"": 30, ""process_exec"": 30, ""process_kprobe"": 31}"
1774323179,normal,sw-wk3,0.10988888888888237,0.4005841263272659,0.0,0.0,3183.0333333333333,4149.966666666666,0,0,0,0,0,0,{}
1774323179,normal,sw-wk2,0.08091026843549975,0.4476794155565105,0.0,0.0,1059.9959801688328,5037.484925633124,0,0,0,0,0,0,{}
1774323179,normal,k3s-wk1,0.3303693426667599,0.7326472871787448,543.6715646086902,288.1377309705493,8536.293119757836,5562.023081289021,0,36,3,0,33,0,"{""process_exit"": 36, ""process_exec"": 36, ""process_kprobe"": 33}"
1774323189,normal,sw-wk3,0.09266666666670864,0.4011591008115297,0.0,0.0,2224.3,4072.2666666666664,0,0,0,0,0,0,{}
1774323189,normal,sw-wk2,0.08091026843549975,0.4476794155565105,0.0,0.0,1059.9959801688328,5037.484925633124,0,0,0,0,0,0,{}
1774323189,normal,k3s-wk1,0.3303693426667599,0.7326472871787448,543.6715646086902,288.1377309705493,8536.293119757836,5562.023081289021,0,12,2,0,11,0,"{""process_exit"": 12, ""process_exec"": 12, ""process_kprobe"": 11}"
1774323199,normal,sw-wk3,0.09266666666670864,0.4011591008115297,0.0,0.0,2224.3,4072.2666666666664,0,0,0,0,0,0,{}
1774323199,normal,sw-wk2,0.08091026843549975,0.4476794155565105,0.0,0.0,1059.9959801688328,5037.484925633124,0,0,0,0,0,0,{}
1774323199,normal,k3s-wk1,0.28149641101800826,0.7354252477267045,611.6473957780843,325.8724939004985,9902.620133658642,4715.604115837488,0,54,3,0,50,0,"{""process_exit"": 54, ""process_exec"": 54, ""process_kprobe"": 50}"
1774323209,normal,sw-wk3,0.09266666666670864,0.4011591008115297,0.0,0.0,2224.3,4072.2666666666664,0,0,0,0,0,0,{}
1774323209,normal,sw-wk2,0.09699999999987385,0.4476694679208646,0.0,0.0,3768.4666666666667,5076.766666666666,0,0,0,0,0,0,{}
1774323209,normal,k3s-wk1,0.28149641101800826,0.7354252477267045,611.6473957780843,325.8724939004986,9902.620133658642,4715.604115837488,0,34,3,0,30,0,"{""process_exit"": 35, ""process_exec"": 34, ""process_kprobe"": 30}"
1774323219,normal,sw-wk3,0.11566666666678627,0.4012884203322119,0.0,0.0,3208.9333333333334,4137.066666666667,0,0,0,0,0,0,{}
1774323219,normal,sw-wk2,0.09699999999987385,0.4476694679208646,0.0,0.0,3768.4666666666667,5076.766666666666,0,0,0,0,0,0,{}
1774323219,normal,k3s-wk1,0.28149641101800826,0.7354252477267045,611.6473957780843,325.8724939004986,9902.620133658642,4715.604115837488,0,15,2,0,12,0,"{""process_exit"": 15, ""process_exec"": 15, ""process_kprobe"": 12}"
1774323229,normal,sw-wk3,0.11566666666678627,0.4012884203322119,0.0,0.0,3208.9333333333334,4137.066666666667,0,0,0,0,0,0,{}
1774323229,normal,sw-wk2,0.09699999999987385,0.4476694679208646,0.0,0.0,3768.4666666666667,5076.766666666666,0,0,0,0,0,0,{}
1774323229,normal,k3s-wk1,0.28344444444446715,0.7351488992117488,572.7333333333333,302.6000000000001,8968.233333333334,5769.7,0,19,2,0,17,0,"{""process_exit"": 19, ""process_exec"": 19, ""process_kprobe"": 17}"
1774323239,normal,sw-wk3,0.11566666666678627,0.4012884203322119,0.0,0.0,3208.9333333333334,4137.066666666667,0,0,0,0,0,0,{}
1774323239,normal,sw-wk2,0.09322222222221566,0.4479181588120136,0.0,0.0,3145.9666666666667,5065.3,0,0,0,0,0,0,{}
1774323239,normal,k3s-wk1,0.28344444444446715,0.7351488992117488,572.7333333333333,302.6,8968.233333333334,5769.7,0,28,11,2,15,0,"{""process_exec"": 28, ""process_exit"": 28, ""process_kprobe"": 15}"
1774323249,normal,sw-wk3,0.10631159106309007,0.40195292371540947,0.0,0.0,2915.4084591540845,4103.22301103223,0,0,0,0,0,0,{}
1774323249,normal,sw-wk2,0.09322222222221577,0.4479181588120136,0.0,0.0,3145.9666666666667,5065.3,0,0,0,0,0,0,{}
1774323249,normal,k3s-wk1,0.28344444444446715,0.7351488992117488,572.7333333333333,302.6,8968.233333333334,5769.7,0,23,6,2,12,0,"{""process_exit"": 23, ""process_exec"": 23, ""process_kprobe"": 12}"
1774323259,normal,sw-wk3,0.10631159106309007,0.40195292371540947,0.0,0.0,2915.4084591540845,4103.22301103223,0,0,0,0,0,0,{}
1774323259,normal,sw-wk2,0.09322222222221577,0.4479181588120136,0.0,0.0,3145.9666666666667,5065.3,0,0,0,0,0,0,{}
1774323259,normal,k3s-wk1,0.337333333333259,0.7388506533668461,1034.9666666666667,503.4,9534.633333333333,11705.766666666666,0,82,6,1,71,0,"{""process_exit"": 82, ""process_exec"": 82, ""process_kprobe"": 71}"
1774323269,normal,sw-wk3,0.10631159106309007,0.40195292371540947,0.0,0.0,2915.4084591540845,4103.22301103223,0,0,0,0,0,0,{}
1774323269,normal,sw-wk2,0.09577777777772611,0.44803753043976513,0.0,0.0,3724.3333333333335,5015.2333333333345,0,0,0,0,0,0,{}
1774323269,normal,k3s-wk1,0.337333333333259,0.7388506533668461,1034.9666666666667,503.4,9534.633333333333,11705.766666666666,0,87,8,3,71,0,"{""process_exit"": 87, ""process_exec"": 87, ""process_kprobe"": 71}"
1774323279,normal,sw-wk3,0.1252458579189507,0.3923514466875302,0.0,0.0,3147.181384805147,4033.6700336700333,0,0,0,0,0,0,{}
1774323279,normal,sw-wk2,0.09577777777772611,0.44803753043976513,0.0,0.0,3724.3333333333335,5015.233333333334,0,0,0,0,0,0,{}
1774323279,normal,k3s-wk1,0.337333333333259,0.7388506533668461,1034.9666666666667,503.4,9534.633333333333,11705.766666666666,0,17,5,1,11,0,"{""process_exit"": 17, ""process_exec"": 17, ""process_kprobe"": 11}"
1774323289,normal,sw-wk3,0.1252458579189507,0.3923514466875302,0.0,0.0,3147.181384805147,4033.6700336700333,0,0,0,0,0,0,{}
1774323289,normal,sw-wk2,0.09577777777772611,0.44803753043976513,0.0,0.0,3724.3333333333335,5015.233333333334,0,0,0,0,0,0,{}
1774323289,normal,k3s-wk1,0.27700000000008407,0.7360055796081115,575.7333333333333,305.6,8870.766666666666,3028.366666666667,0,23,6,2,16,0,"{""process_exit"": 23, ""process_exec"": 23, ""process_kprobe"": 16}"
1774323299,normal,sw-wk3,0.1252458579189507,0.3923514466875302,0.0,0.0,3147.181384805147,4033.6700336700333,0,0,0,0,0,0,{}
1774323299,normal,sw-wk2,0.0864444444445932,0.44803753043976513,4.466666666666667,6.0,1532.4,4981.266666666667,0,0,0,0,0,0,{}
1774323299,normal,k3s-wk1,0.27700000000008407,0.7360055796081115,575.7333333333333,305.6,8870.766666666666,3028.366666666667,0,40,6,1,32,0,"{""process_exit"": 40, ""process_exec"": 40, ""process_kprobe"": 32}"
1774323309,normal,sw-wk3,0.09733333333335603,0.40004894246475053,0.0,0.0,3429.8333333333335,4199.333333333333,0,0,0,0,0,0,{}
1774323309,normal,sw-wk2,0.0864444444445932,0.44803753043976513,4.466666666666667,6.0,1532.4,4981.266666666666,0,0,0,0,0,0,{}
1774323309,normal,k3s-wk1,0.27700000000008407,0.7360055796081115,575.7333333333333,305.6,8870.766666666666,3028.366666666667,0,48,11,3,31,0,"{""process_exit"": 50, ""process_exec"": 48, ""process_kprobe"": 31}"
1774323319,normal,sw-wk3,0.09733333333335603,0.40004894246475053,0.0,0.0,3429.8333333333335,4199.333333333333,0,0,0,0,0,0,{}
1774323319,normal,sw-wk2,0.0864444444445932,0.44803753043976513,4.466666666666667,6.0,1532.4,4981.266666666666,0,0,0,0,0,0,{}
1774323319,normal,k3s-wk1,0.2878888888889277,0.7325788580226607,570.6,315.4,9181.4,4281.033333333333,0,42,3,0,38,0,"{""process_kprobe"": 38, ""process_exit"": 42, ""process_exec"": 42}"
1774323329,normal,sw-wk3,0.09733333333335603,0.40004894246475053,0.0,0.0,3429.8333333333335,4199.333333333333,0,0,0,0,0,0,{}
1774323329,normal,sw-wk2,0.09799999999983511,0.44815292301325826,0.0,0.0,3817.2666666666664,5102.533333333333,0,0,0,0,0,0,{}
1774323329,normal,k3s-wk1,0.2878888888889277,0.7325788580226607,570.6,315.4,9181.4,4281.033333333333,0,13,2,0,11,0,"{""process_exit"": 13, ""process_exec"": 13, ""process_kprobe"": 11}"
1774323339,normal,sw-wk3,0.11333333333330087,0.40189323778278696,0.0,0.0,3416.333333333334,4150.533333333333,0,0,0,0,0,0,{}
1774323339,normal,sw-wk2,0.09799999999983511,0.44815292301325826,0.0,0.0,3817.2666666666664,5102.533333333333,0,0,0,0,0,0,{}
1774323339,normal,k3s-wk1,0.2878888888889277,0.7325788580226607,570.6,315.4,9181.4,4281.033333333333,0,57,3,0,53,0,"{""process_exit"": 57, ""process_exec"": 57, ""process_kprobe"": 53}"
1774323349,normal,sw-wk3,0.11333333333330098,0.40189323778278696,0.0,0.0,3416.3333333333335,4150.533333333333,0,0,0,0,0,0,{}
1774323349,normal,sw-wk2,0.09799999999983511,0.44815292301325826,0.0,0.0,3817.2666666666664,5102.533333333333,0,0,0,0,0,0,{}
1774323349,normal,k3s-wk1,0.3043392048646524,0.7343895987682751,575.7625830331472,319.574341518226,9024.719918040913,6683.69741234013,0,12,2,0,15,0,"{""process_kprobe"": 15, ""process_exit"": 12, ""process_exec"": 12}"
1774323359,normal,sw-wk3,0.11333333333330098,0.40189323778278696,0.0,0.0,3416.3333333333335,4150.533333333333,0,0,0,0,0,0,{}
1774323359,normal,sw-wk2,0.09222222222233545,0.4481429753776123,0.0,0.0,1614.2666666666667,4993.6,0,0,0,0,0,0,{}
1774323359,normal,k3s-wk1,0.3043392048646524,0.7343895987682751,575.7625830331472,319.574341518226,9024.719918040913,6683.69741234013,0,18,2,0,16,0,"{""process_exit"": 18, ""process_exec"": 18, ""process_kprobe"": 16}"
1774323369,normal,sw-wk3,0.09922222222230614,0.40456915709536423,0.0,0.0,2600.366666666667,4147.533333333333,0,0,0,0,0,0,{}
1774323369,normal,sw-wk2,0.09222222222233545,0.4481429753776123,0.0,0.0,1614.2666666666667,4993.6,0,0,0,0,0,0,{}
1774323369,normal,k3s-wk1,0.3043392048646524,0.7343895987682751,575.7625830331472,319.574341518226,9024.719918040913,6683.69741234013,0,16,2,0,13,0,"{""process_exit"": 18, ""process_exec"": 16, ""process_kprobe"": 13}"
1774323379,normal,sw-wk3,0.09922222222230637,0.40456915709536423,0.0,0.0,2600.366666666667,4147.533333333333,0,0,0,0,0,0,{}
1774323379,normal,sw-wk2,0.09222222222233545,0.4481429753776123,0.0,0.0,1614.2666666666667,4993.6,0,0,0,0,0,0,{}
1774323379,normal,k3s-wk1,0.306456855295107,0.7327328236238502,583.6387478564944,313.1703708684981,9662.385259406208,8495.712988803332,0,39,3,0,34,0,"{""process_exit"": 39, ""process_exec"": 39, ""process_kprobe"": 34}"
1774323389,normal,sw-wk3,0.09922222222230637,0.40456915709536423,0.0,0.0,2600.366666666667,4147.533333333333,0,0,0,0,0,0,{}
1774323389,normal,sw-wk2,0.11699999999998711,0.4485070588422544,0.0,0.0,6098.566666666667,5271.9,0,0,0,0,0,0,{}
1774323389,normal,k3s-wk1,0.306456855295107,0.7327328236238502,583.6387478564944,313.1703708684981,9662.385259406208,8495.712988803336,0,40,3,0,34,0,"{""process_exit"": 40, ""process_exec"": 40, ""process_kprobe"": 34}"
1774323400,normal,sw-wk3,0.130444444444341,0.40298350081869205,0.0,0.0,3530.3333333333335,4064.6666666666665,0,0,0,0,0,0,{}
1774323400,normal,sw-wk2,0.11699999999998711,0.4485070588422544,0.0,0.0,6098.566666666667,5271.9,0,0,0,0,0,0,{}
1774323400,normal,k3s-wk1,0.306456855295107,0.7327328236238502,583.6387478564944,313.1703708684981,9662.385259406208,8495.712988803336,0,9,2,0,8,0,"{""process_exit"": 9, ""process_exec"": 9, ""process_kprobe"": 8}"
1774323409,normal,sw-wk3,0.130444444444341,0.40298350081869205,0.0,0.0,3530.3333333333335,4064.6666666666665,0,0,0,0,0,0,{}
1774323409,normal,sw-wk2,0.11699999999998711,0.4485070588422544,0.0,0.0,6098.566666666667,5271.9,0,0,0,0,0,0,{}
1774323409,normal,k3s-wk1,0.2806666666666894,0.7312208024634497,574.7333333333335,305.3333333333333,8835.433333333334,4688.933333333333,0,57,3,0,55,0,"{""process_exit"": 57, ""process_exec"": 57, ""process_kprobe"": 55}"
1774323419,normal,sw-wk3,0.130444444444341,0.40298350081869205,0.0,0.0,3530.3333333333335,4064.6666666666665,0,0,0,0,0,0,{}
1774323419,normal,sw-wk2,0.07744444444429577,0.448503079787996,0.0,0.0,867.0,4960.466666666666,0,0,0,0,0,0,{}
1774323419,normal,k3s-wk1,0.2806666666666894,0.7312208024634497,574.7333333333333,305.3333333333333,8835.433333333332,4688.933333333333,0,33,3,0,30,0,"{""process_exit"": 33, ""process_exec"": 33, ""process_kprobe"": 30}"
1774323429,normal,sw-wk3,0.10177777777789743,0.4040041302665375,0.0,0.0,2111.8333333333335,4016.366666666667,0,0,0,0,0,0,{}
1774323429,normal,sw-wk2,0.07744444444429577,0.448503079787996,0.0,0.0,867.0,4960.466666666666,0,0,0,0,0,0,{}
1774323429,normal,k3s-wk1,0.2806666666666894,0.7312208024634497,574.7333333333333,305.3333333333333,8835.433333333332,4688.933333333333,0,34,3,0,30,0,"{""process_exit"": 34, ""process_exec"": 34, ""process_kprobe"": 30}"
1774323439,normal,sw-wk3,0.10177777777789743,0.4040041302665375,0.0,0.0,2111.8333333333335,4016.366666666667,0,0,0,0,0,0,{}
1774323439,normal,sw-wk2,0.07744444444429577,0.448503079787996,0.0,0.0,867.0,4960.466666666666,0,0,0,0,0,0,{}
1774323439,normal,k3s-wk1,0.2827777777777455,0.7299917095445514,572.7333333333333,302.6,9174.133333333333,4252.033333333333,0,13,2,0,9,0,"{""process_exit"": 13, ""process_exec"": 13, ""process_kprobe"": 9}"
1774323449,normal,sw-wk3,0.10177777777789743,0.4040041302665375,0.0,0.0,2111.8333333333335,4016.366666666667,0,0,0,0,0,0,{}
1774323449,normal,sw-wk2,0.10464149060069161,0.4486244409428767,0.0,0.0,3827.5494925969056,5040.226251871569,0,0,0,0,0,0,{}
1774323449,normal,k3s-wk1,0.2827777777777455,0.7299917095445514,572.7333333333333,302.6,9174.133333333333,4252.033333333333,0,15,2,0,13,0,"{""process_exit"": 15, ""process_exec"": 15, ""process_kprobe"": 13}"
1774323459,normal,sw-wk3,0.11877777777780363,0.40261145850534485,0.0,0.0,3249.9,4188.866666666667,0,0,0,0,0,0,{}
1774323459,normal,sw-wk2,0.10464149060069161,0.4486244409428767,0.0,0.0,3827.5494925969056,5040.226251871569,0,0,0,0,0,0,{}
1774323459,normal,k3s-wk1,0.2827777777777455,0.7299917095445514,572.7333333333333,302.6,9174.133333333333,4252.033333333333,0,54,3,0,51,0,"{""process_exit"": 54, ""process_exec"": 54, ""process_kprobe"": 51}"
1774323469,normal,sw-wk3,0.11877777777780363,0.40261145850534485,0.0,0.0,3249.9,4188.866666666667,0,0,0,0,0,0,{}
1774323469,normal,sw-wk2,0.10464149060069161,0.4486244409428767,0.0,0.0,3827.5494925969056,5040.226251871569,0,0,0,0,0,0,{}
1774323469,normal,k3s-wk1,0.2854444444445511,0.7301404113645037,570.6,300.6,9097.033333333333,5841.5,0,12,2,0,14,0,"{""process_exit"": 12, ""process_exec"": 12, ""process_kprobe"": 14}"
1774323479,normal,sw-wk3,0.11877777777780363,0.40261145850534485,0.0,0.0,3249.9,4188.866666666667,0,0,0,0,0,0,{}
1774323479,normal,sw-wk2,0.07942338732115117,0.4486801477024941,0.0,0.0,832.2925363165804,4973.718483887126,0,0,0,0,0,0,{}
1774323479,normal,k3s-wk1,0.2854444444445511,0.7301404113645037,570.6,300.6,9097.033333333333,5841.5,0,60,3,0,54,0,"{""process_exit"": 60, ""process_exec"": 60, ""process_kprobe"": 54}"
1774323489,normal,sw-wk3,0.1198888888889793,0.40794937041288737,0.0,0.0,2269.733333333333,4108.566666666667,0,0,0,0,0,0,{}
1774323489,normal,sw-wk2,0.0794233873211514,0.4486801477024941,0.0,0.0,832.2925363165804,4973.718483887126,0,0,0,0,0,0,{}
1774323489,normal,k3s-wk1,0.2854444444445511,0.7301404113645037,570.6,300.6,9097.033333333333,5841.5,0,79,3,0,72,0,"{""process_exit"": 79, ""process_exec"": 79, ""process_kprobe"": 72}"
1774323499,normal,sw-wk3,0.11988888888897942,0.40794937041288737,0.0,0.0,2269.733333333333,4108.566666666667,0,0,0,0,0,0,{}
1774323499,normal,sw-wk2,0.0794233873211514,0.4486801477024941,0.0,0.0,832.2925363165804,4973.718483887126,0,0,0,0,0,0,{}
1774323499,normal,k3s-wk1,0.2853333333332557,0.7223131686647103,572.7333333333333,302.6,9169.366666666667,4247.5,0,21,2,0,15,0,"{""process_exit"": 21, ""process_exec"": 21, ""process_kprobe"": 15}"
1774323509,normal,sw-wk3,0.11988888888897942,0.40794937041288737,0.0,0.0,2269.733333333333,4108.566666666667,0,0,0,0,0,0,{}
1774323509,normal,sw-wk2,0.15244444444445737,0.4487975298031164,0.0,0.0,3755.233333333333,5022.3,0,0,0,0,0,0,{}
1774323509,normal,k3s-wk1,0.2853333333332557,0.7223131686647103,572.7333333333333,302.6,9169.366666666667,4247.5,0,20,2,0,14,0,"{""process_exit"": 21, ""process_exec"": 20, ""process_kprobe"": 14}"
1774323519,normal,sw-wk3,0.16988888888873677,0.4041036068209084,0.0,0.0,3205.8,4174.733333333334,0,0,0,0,0,0,{}
1774323519,normal,sw-wk2,0.15244444444445737,0.4487975298031164,0.0,0.0,3755.233333333333,5022.3,0,0,0,0,0,0,{}
1774323519,normal,k3s-wk1,0.2853333333332557,0.7223131686647103,572.7333333333333,302.6,9169.366666666667,4247.5,0,32,3,0,30,0,"{""process_kprobe"": 30, ""process_exit"": 32, ""process_exec"": 32}"
1774323529,normal,sw-wk3,0.16988888888873688,0.4041036068209084,0.0,0.0,3205.8,4174.733333333334,0,0,0,0,0,0,{}
1774323529,normal,sw-wk2,0.15244444444445737,0.4487975298031164,0.0,0.0,3755.233333333333,5022.3,0,0,0,0,0,0,{}
1774323529,normal,k3s-wk1,0.3091111111111079,0.7104143911779026,575.0666666666666,306.6,9488.966666666667,9510.833333333334,0,36,3,0,35,0,"{""process_exit"": 36, ""process_exec"": 36, ""process_kprobe"": 35}"
1774323539,normal,sw-wk3,0.16988888888873688,0.4041036068209084,0.0,0.0,3205.8,4174.733333333334,0,0,0,0,0,0,{}
1774323539,normal,sw-wk2,0.09155555555561379,0.44903826258574864,0.0,0.0,2780.3,5034.866666666667,0,0,0,0,0,0,{}
1774323539,normal,k3s-wk1,0.3091111111111079,0.7104143911779026,575.0666666666666,306.6,9488.966666666667,9510.833333333334,0,13,2,0,11,0,"{""process_exit"": 13, ""process_exec"": 13, ""process_kprobe"": 11}"
1774323549,normal,sw-wk3,0.13511111111123075,0.4066064369288802,8.133333333333333,31.599999999999998,4243.866666666667,4520.133333333333,0,0,0,0,0,0,{}
1774323549,normal,sw-wk2,0.09155555555561379,0.44903826258574864,0.0,0.0,2780.3,5034.866666666667,0,0,0,0,0,0,{}
1774323549,normal,k3s-wk1,0.3091111111111079,0.7104143911779026,575.0666666666666,306.6,9488.966666666667,9510.833333333334,0,12,2,0,11,0,"{""process_exit"": 12, ""process_exec"": 12, ""process_kprobe"": 11}"
1774323559,normal,sw-wk3,0.13511111111123075,0.4066064369288802,8.133333333333333,31.599999999999998,4243.866666666667,4520.133333333333,0,0,0,0,0,0,{}
1774323559,normal,sw-wk2,0.09155555555561379,0.44903826258574864,0.0,0.0,2780.3,5034.866666666667,0,0,0,0,0,0,{}
1774323559,normal,k3s-wk1,0.2811111111110626,0.7149609822215789,572.7333333333333,302.6,9479.166666666666,5219.6,0,12,2,0,10,0,"{""process_exit"": 12, ""process_exec"": 12, ""process_kprobe"": 10}"
1774323569,normal,sw-wk3,0.13511111111123075,0.4066064369288802,8.133333333333333,31.599999999999998,4243.866666666667,4520.133333333333,0,0,0,0,0,0,{}
1774323569,normal,sw-wk2,0.10755555555547802,0.44928496394976847,0.0,0.0,4490.566666666667,5120.3,0,0,0,0,0,0,{}
1774323569,normal,k3s-wk1,0.2811111111110626,0.7149609822215789,572.7333333333333,302.6,9479.166666666666,5219.6,0,57,3,0,52,0,"{""process_exit"": 57, ""process_exec"": 57, ""process_kprobe"": 52}"
1774323579,normal,sw-wk3,0.18422222222207996,0.4030988936217623,41.6,50.10000000000001,3403.7999999999997,4502.3,0,0,0,0,0,0,{}
1774323579,normal,sw-wk2,0.10755555555547802,0.44928496394976847,0.0,0.0,4490.566666666667,5120.3,0,0,0,0,0,0,{}
1774323579,normal,k3s-wk1,0.2811111111110626,0.7149609822215789,572.7333333333333,302.6,9479.166666666666,5219.6,0,33,3,0,30,0,"{""process_exit"": 33, ""process_exec"": 33, ""process_kprobe"": 30}"
1774323589,normal,sw-wk3,0.18422222222207996,0.4030988936217623,41.6,50.1,3403.7999999999997,4502.3,0,0,0,0,0,0,{}
1774323589,normal,sw-wk2,0.10755555555547802,0.44928496394976847,0.0,0.0,4490.566666666667,5120.3,0,0,0,0,0,0,{}
1774323589,normal,k3s-wk1,0.2777777777778585,0.7175441828637602,572.7333333333335,302.6,9390.6,6040.333333333333,0,19,2,0,17,0,"{""process_exit"": 19, ""process_exec"": 19, ""process_kprobe"": 17}"
1774323599,normal,sw-wk3,0.18422222222207996,0.4030988936217623,41.6,50.1,3403.7999999999997,4502.3,0,0,0,0,0,0,{}
1774323599,normal,sw-wk2,0.0766666666667637,0.4492829744226392,0.0,0.0,1437.6,4973.0,0,0,0,0,0,0,{}
1774323599,normal,k3s-wk1,0.2777777777778586,0.7175441828637602,572.7333333333333,302.6,9390.6,6040.333333333333,0,39,3,0,34,0,"{""process_exit"": 39, ""process_exec"": 39, ""process_kprobe"": 34}"
1774323609,normal,sw-wk3,0.11122222222224487,0.4034251767200988,31.0,44.56666666666666,3370.9,4470.233333333334,0,0,0,0,0,0,{}
1774323609,normal,sw-wk2,0.0766666666667637,0.4492829744226392,0.0,0.0,1437.6,4973.0,0,0,0,0,0,0,{}
1774323609,normal,k3s-wk1,0.2777777777778586,0.7175441828637602,572.7333333333333,302.6,9390.6,6040.333333333333,0,42,3,0,36,0,"{""process_exit"": 42, ""process_exec"": 42, ""process_kprobe"": 36}"
1774323619,normal,sw-wk3,0.11122222222224487,0.4034251767200988,31.0,44.56666666666666,3370.9,4470.233333333334,0,0,0,0,0,0,{}
1774323619,normal,sw-wk2,0.0766666666667637,0.4492829744226392,0.0,0.0,1437.6,4973.0,0,0,0,0,0,0,{}
1774323619,normal,k3s-wk1,0.2881111111111143,0.7184890315958469,572.7333333333333,302.6,9611.666666666668,5984.533333333333,0,54,3,0,49,0,"{""process_exit"": 54, ""process_exec"": 54, ""process_kprobe"": 49}"
1774323629,normal,sw-wk3,0.11122222222224487,0.4034251767200988,31.0,44.56666666666666,3370.9,4470.233333333334,0,0,0,0,0,0,{}
1774323629,normal,sw-wk2,0.09511111111092363,0.4496470578872813,0.0,0.0,3766.6666666666665,5016.033333333333,0,0,0,0,0,0,{}
1774323629,normal,k3s-wk1,0.2881111111111143,0.7184890315958469,572.7333333333333,302.6,9611.666666666666,5984.533333333333,0,36,3,0,33,0,"{""process_exit"": 36, ""process_exec"": 36, ""process_kprobe"": 33}"
1774323640,normal,sw-wk3,0.1243333333334401,0.400641822728801,43.13333333333333,63.833333333333336,4355.566666666667,4552.0,0,0,0,0,0,0,{}
1774323640,normal,sw-wk2,0.09511111111092363,0.4496470578872813,0.0,0.0,3766.6666666666665,5016.033333333333,0,0,0,0,0,0,{}
1774323640,normal,k3s-wk1,0.2881111111111143,0.7184890315958469,572.7333333333333,302.6,9611.666666666666,5984.533333333333,0,61,3,0,55,0,"{""process_exit"": 61, ""process_exec"": 61, ""process_kprobe"": 55}"
1774323649,normal,sw-wk3,0.1243333333334401,0.400641822728801,43.13333333333333,63.833333333333336,4355.566666666667,4552.0,0,0,0,0,0,0,{}
1774323649,normal,sw-wk2,0.09511111111092363,0.4496470578872813,0.0,0.0,3766.6666666666665,5016.033333333333,0,0,0,0,0,0,{}
1774323649,normal,k3s-wk1,0.30199999999992244,0.717577081496493,572.7333333333333,302.6,9409.6,7659.733333333334,0,12,2,0,14,0,"{""process_kprobe"": 14, ""process_exit"": 12, ""process_exec"": 12}"
1774323659,normal,sw-wk3,0.1243333333334401,0.400641822728801,43.13333333333333,63.833333333333336,4355.566666666667,4552.0,0,0,0,0,0,0,{}
1774323659,normal,sw-wk2,0.07888888888895362,0.4496470578872813,0.0,0.0,1684.8333333333333,5005.133333333333,0,0,0,0,0,0,{}
1774323659,normal,k3s-wk1,0.30199999999992244,0.717577081496493,572.7333333333333,302.6,9409.6,7659.733333333334,0,33,3,0,30,0,"{""process_exit"": 33, ""process_exec"": 33, ""process_kprobe"": 30}"
1774323669,normal,sw-wk3,0.15233333333332366,0.39673239414202466,14.133333333333333,24.2,4281.5,4455.666666666667,0,0,0,0,0,0,{}
1774323669,normal,sw-wk2,0.07888888888895362,0.4496470578872813,0.0,0.0,1684.8333333333333,5005.133333333333,0,0,0,0,0,0,{}
1774323669,normal,k3s-wk1,0.30199999999992244,0.717577081496493,572.7333333333333,302.6,9409.6,7659.733333333334,0,57,3,0,52,0,"{""process_exit"": 57, ""process_exec"": 57, ""process_kprobe"": 52}"
1774323679,normal,sw-wk3,0.15233333333332366,0.39673239414202466,14.133333333333333,24.2,4281.5,4455.666666666667,0,0,0,0,0,0,{}
1774323679,normal,sw-wk2,0.07888888888895362,0.4496470578872813,0.0,0.0,1684.8333333333333,5005.133333333333,0,0,0,0,0,0,{}
1774323679,normal,k3s-wk1,0.3083333333334142,0.7195865299838139,572.7333333333335,302.6,10009.9,13456.699999999999,0,54,3,0,49,0,"{""process_exit"": 54, ""process_exec"": 54, ""process_kprobe"": 49}"
1774323689,normal,sw-wk3,0.15233333333332366,0.39673239414202466,14.133333333333333,24.2,4281.5,4455.666666666667,0,0,0,0,0,0,{}
1774323689,normal,sw-wk2,0.11022222222228362,0.44988978019704273,0.0,0.0,6184.766666666666,5298.766666666667,0,0,0,0,0,0,{}
1774323689,normal,k3s-wk1,0.3083333333334142,0.7195865299838139,572.7333333333333,302.6,10009.9,13456.699999999999,0,34,3,0,30,0,"{""process_exit"": 34, ""process_exec"": 34, ""process_kprobe"": 30}"
1774323699,normal,sw-wk3,0.14277777777776157,0.3998639160736206,8.0,5.466666666666667,3175.9333333333334,4011.633333333333,0,0,0,0,0,0,{}
1774323699,normal,sw-wk2,0.11022222222228362,0.44988978019704273,0.0,0.0,6184.766666666666,5298.766666666666,0,0,0,0,0,0,{}
1774323699,normal,k3s-wk1,0.3083333333334142,0.7195865299838139,572.7333333333333,302.6,10009.9,13456.699999999999,0,84,3,0,76,0,"{""process_exit"": 84, ""process_exec"": 84, ""process_kprobe"": 76}"
1774323710,normal,sw-wk3,0.14277777777776157,0.3998639160736206,8.0,5.466666666666667,3175.9333333333334,4011.633333333333,0,0,0,0,0,0,{}
1774323710,normal,sw-wk2,0.11022222222228362,0.44988978019704273,0.0,0.0,6184.766666666666,5298.766666666666,0,0,0,0,0,0,{}
1774323710,normal,k3s-wk1,0.2828888888887984,0.7194917819215434,774.3000000000002,395.0333333333333,8680.8,1183.2666666666667,0,54,3,0,54,0,"{""process_kprobe"": 54, ""process_exit"": 54, ""process_exec"": 54}"
1774323720,normal,sw-wk3,0.14277777777776157,0.3998639160736206,8.0,5.466666666666667,3175.9333333333334,4011.633333333333,0,0,0,0,0,0,{}
1774323720,normal,sw-wk2,0.07966666666672817,0.45001114135192344,0.0,0.0,859.3666666666667,4958.833333333333,0,0,0,0,0,0,{}
1774323720,normal,k3s-wk1,0.2828888888887984,0.7194917819215434,774.3,395.0333333333333,8680.8,1183.2666666666667,0,60,3,0,55,0,"{""process_exit"": 60, ""process_exec"": 60, ""process_kprobe"": 55}"
1774323729,normal,sw-wk3,0.13911111111115648,0.39914370581997527,0.0,0.0,2209.2,4091.9333333333334,0,0,0,0,0,0,{}
1774323729,normal,sw-wk2,0.07966666666672817,0.45001114135192344,0.0,0.0,859.3666666666667,4958.833333333333,0,0,0,0,0,0,{}
1774323729,normal,k3s-wk1,0.2828888888887984,0.7194917819215434,774.3,395.0333333333333,8680.8,1183.2666666666667,0,33,3,0,31,0,"{""process_exit"": 33, ""process_exec"": 33, ""process_kprobe"": 31}"
1774323740,normal,sw-wk3,0.13911111111115648,0.39914370581997527,0.0,0.0,2209.2,4091.9333333333334,0,0,0,0,0,0,{}
1774323740,normal,sw-wk2,0.07966666666672817,0.45001114135192344,0.0,0.0,859.3666666666667,4958.833333333333,0,0,0,0,0,0,{}
1774323740,normal,k3s-wk1,0.3074444444445059,0.7178350067771184,574.7333333333333,304.6,9380.1,8712.6,0,33,3,0,30,0,"{""process_exit"": 33, ""process_exec"": 33, ""process_kprobe"": 30}"
1774323750,normal,sw-wk3,0.13911111111115648,0.39914370581997527,0.0,0.0,2209.2,4091.9333333333334,0,0,0,0,0,0,{}
1774323750,normal,sw-wk2,0.09865129071795176,0.45025386366168485,0.0,0.0,3794.678066076814,5006.561288398449,0,0,0,0,0,0,{}
1774323750,normal,k3s-wk1,0.3074444444445059,0.7178350067771184,574.7333333333333,304.6,9380.1,8712.6,0,34,3,0,30,0,"{""process_exit"": 34, ""process_exec"": 34, ""process_kprobe"": 30}"
1774323759,normal,sw-wk3,0.13988888888876927,0.40055826242312953,0.0,0.0,3227.4666666666667,4118.3,0,0,0,0,0,0,{}
1774323759,normal,sw-wk2,0.09865129071795176,0.45025386366168485,0.0,0.0,3794.678066076814,5006.5612883984495,0,0,0,0,0,0,{}
1774323759,normal,k3s-wk1,0.3074444444445059,0.7178350067771184,574.7333333333333,304.6,9380.1,8712.6,0,36,3,0,32,0,"{""process_exit"": 36, ""process_exec"": 36, ""process_kprobe"": 32}"
1774323770,normal,sw-wk3,0.13988888888876927,0.40055826242312953,0.0,0.0,3227.4666666666667,4118.3,0,0,0,0,0,0,{}
1774323770,normal,sw-wk2,0.09865129071795176,0.45025386366168485,0.0,0.0,3794.678066076814,5006.5612883984495,0,0,0,0,0,0,{}
1774323770,normal,k3s-wk1,0.29211111111104004,0.721390691002882,574.7333333333333,304.6,8770.3,1278.6000000000001,0,40,3,0,37,0,"{""process_exit"": 40, ""process_exec"": 40, ""process_kprobe"": 37}"
1774323779,normal,sw-wk3,0.13988888888876927,0.40055826242312953,0.0,0.0,3227.4666666666667,4118.3,0,0,0,0,0,0,{}
1774323779,normal,sw-wk2,0.08169310040353406,0.4502478950802973,0.0,0.0,820.9100358783488,4951.983368541059,0,0,0,0,0,0,{}
1774323779,normal,k3s-wk1,0.29211111111104004,0.721390691002882,574.7333333333333,304.6,8770.3,1278.6,0,30,3,0,28,0,"{""process_exit"": 30, ""process_exec"": 30, ""process_kprobe"": 28}"
1774323790,normal,sw-wk3,0.12400000000003886,0.40099794879344886,0.0,0.0,2088.0666666666666,4011.5333333333333,0,0,0,0,0,0,{}
1774323790,normal,sw-wk2,0.08169310040353406,0.4502478950802973,0.0,0.0,820.9100358783488,4951.983368541059,0,0,0,0,0,0,{}
1774323790,normal,k3s-wk1,0.29211111111104004,0.721390691002882,574.7333333333333,304.6,8770.3,1278.6,0,34,3,0,30,0,"{""process_exit"": 34, ""process_exec"": 34, ""process_kprobe"": 30}"
1774323800,normal,sw-wk3,0.12400000000003886,0.40099794879344886,0.0,0.0,2088.0666666666666,4011.5333333333333,0,0,0,0,0,0,{}
1774323800,normal,sw-wk2,0.08169310040353406,0.4502478950802973,0.0,0.0,820.9100358783488,4951.983368541059,0,0,0,0,0,0,{}
1774323800,normal,k3s-wk1,0.2868888888889666,0.7209880117382321,578.7333333333333,309.2,9077.3,4104.166666666668,0,36,3,0,31,0,"{""process_exit"": 36, ""process_exec"": 36, ""process_kprobe"": 31}"
1774323810,normal,sw-wk3,0.12400000000003886,0.40099794879344886,0.0,0.0,2088.0666666666666,4011.5333333333333,0,0,0,0,0,0,{}
1774323810,normal,sw-wk2,0.09133333333342697,0.4501862197392924,4.466666666666667,6.0,2679.5,5040.266666666666,0,0,0,0,0,0,{}
1774323810,normal,k3s-wk1,0.2868888888889666,0.7209880117382321,578.7333333333333,309.2,9077.3,4104.166666666667,0,12,2,0,11,0,"{""process_exit"": 13, ""process_exec"": 12, ""process_kprobe"": 11}"
1774323820,normal,sw-wk3,0.1747777777777325,0.39981417779643513,0.0,0.0,4845.466666666666,4409.333333333334,0,0,0,0,0,0,{}
1774323820,normal,sw-wk2,0.09133333333342708,0.4501862197392924,4.466666666666667,6.0,2679.5,5040.266666666666,0,0,0,0,0,0,{}
1774323820,normal,k3s-wk1,0.2868888888889666,0.7209880117382321,578.7333333333333,309.2,9077.3,4104.166666666667,0,16,2,0,13,0,"{""process_exit"": 16, ""process_exec"": 16, ""process_kprobe"": 13}"
1774323830,normal,sw-wk3,0.1747777777777325,0.39981417779643513,0.0,0.0,4845.466666666666,4409.333333333333,0,0,0,0,0,0,{}
1774323830,normal,sw-wk2,0.09133333333342708,0.4501862197392924,4.466666666666667,6.0,2679.5,5040.266666666666,0,0,0,0,0,0,{}
1774323830,normal,k3s-wk1,0.29011111111111765,0.7189048703135898,575.0666666666666,303.6000000000001,9498.5,9069.366666666667,0,12,2,0,14,0,"{""process_exit"": 12, ""process_exec"": 12, ""process_kprobe"": 14}"
1774323840,normal,sw-wk3,0.1747777777777325,0.39981417779643513,0.0,0.0,4845.466666666666,4409.333333333333,0,0,0,0,0,0,{}
1774323840,normal,sw-wk2,0.09644444444444777,0.449861926817234,0.0,0.0,3659.7666666666664,5068.066666666667,0,0,0,0,0,0,{}
1774323840,normal,k3s-wk1,0.29011111111111765,0.7189048703135898,575.0666666666666,303.6,9498.5,9069.366666666667,0,16,2,0,12,0,"{""process_exit"": 16, ""process_exec"": 16, ""process_kprobe"": 12}"
1774323850,normal,sw-wk3,0.1282222222222319,0.4416719223446226,0.0,0.0,2529.2666666666664,4363.9,0,0,0,0,0,0,{}
1774323850,normal,sw-wk2,0.09644444444444777,0.449861926817234,0.0,0.0,3659.7666666666664,5068.066666666667,0,0,0,0,0,0,{}
1774323850,normal,k3s-wk1,0.29011111111111765,0.7189048703135898,575.0666666666666,303.6,9498.5,9069.366666666667,0,54,3,0,50,0,"{""process_exit"": 54, ""process_exec"": 54, ""process_kprobe"": 50}"
1774323860,normal,sw-wk3,0.1282222222222319,0.4416719223446226,0.0,0.0,2529.2666666666664,4363.9,0,0,0,0,0,0,{}
1774323860,normal,sw-wk2,0.09644444444444777,0.449861926817234,0.0,0.0,3659.7666666666664,5068.066666666667,0,0,0,0,0,0,{}
1774323860,normal,k3s-wk1,0.28766666666657936,0.716349304522904,572.7333333333333,305.6,9752.300000000001,10023.366666666667,0,13,2,0,9,0,"{""process_exit"": 13, ""process_exec"": 13, ""process_kprobe"": 9}"
1774323870,normal,sw-wk3,0.1282222222222319,0.4416719223446226,0.0,0.0,2529.2666666666664,4363.9,0,0,0,0,0,0,{}
1774323870,normal,sw-wk2,0.09633333333339478,0.4502279998090054,0.0,0.0,4412.166666666667,5074.5666666666675,0,0,0,0,0,0,{}
1774323870,normal,k3s-wk1,0.28766666666657936,0.716349304522904,572.7333333333333,305.6,9752.3,10023.366666666667,0,57,3,0,52,0,"{""process_exit"": 57, ""process_exec"": 57, ""process_kprobe"": 52}"
1774323880,normal,sw-wk3,0.15188888888895036,0.4793496620781448,0.0,0.0,3418.366666666667,4372.433333333334,0,0,0,0,0,0,{}
1774323880,normal,sw-wk2,0.09633333333339478,0.4502279998090054,0.0,0.0,4412.166666666667,5074.566666666667,0,0,0,0,0,0,{}
1774323880,normal,k3s-wk1,0.28766666666657936,0.716349304522904,572.7333333333333,305.6,9752.3,10023.366666666667,0,36,3,0,31,0,"{""process_exit"": 36, ""process_exec"": 36, ""process_kprobe"": 31}"
1774323890,normal,sw-wk3,0.15188888888895036,0.4793496620781448,0.0,0.0,3418.366666666667,4372.433333333333,0,0,0,0,0,0,{}
1774323890,normal,sw-wk2,0.09633333333339478,0.4502279998090054,0.0,0.0,4412.166666666667,5074.566666666667,0,0,0,0,0,0,{}
1774323890,normal,k3s-wk1,0.26644444444448,0.7180850363858877,570.6000000000001,300.6,9097.133333333335,1353.0,0,13,2,0,14,0,"{""process_kprobe"": 14, ""process_exit"": 13, ""process_exec"": 13}"
1774323900,normal,sw-wk3,0.15188888888895036,0.4793496620781448,0.0,0.0,3418.366666666667,4372.433333333333,0,0,0,0,0,0,{}
1774323900,normal,sw-wk2,0.07826473365532716,0.45022203122761784,0.0,0.0,1424.0959840026662,4975.270788201967,0,0,0,0,0,0,{}
1774323900,normal,k3s-wk1,0.26644444444448,0.7180850363858877,570.6,300.6,9097.133333333333,1353.0,0,13,2,0,11,0,"{""process_exit"": 13, ""process_exec"": 13, ""process_kprobe"": 11}"
1774323910,normal,sw-wk3,0.12566666666656,0.5269312875648338,0.0,0.0,3440.5666666666666,4540.466666666667,0,0,0,0,0,0,{}
1774323910,normal,sw-wk2,0.07826473365532716,0.45022203122761784,0.0,0.0,1424.0959840026662,4975.270788201965,0,0,0,0,0,0,{}
1774323910,normal,k3s-wk1,0.26644444444448,0.7180850363858877,570.6,300.6,9097.133333333333,1353.0,0,18,2,0,15,0,"{""process_exit"": 18, ""process_exec"": 18, ""process_kprobe"": 15}"
1774323920,normal,sw-wk3,0.12566666666656,0.5269312875648338,0.0,0.0,3440.5666666666666,4540.466666666666,0,0,0,0,0,0,{}
1774323920,normal,sw-wk2,0.07826473365532716,0.45022203122761784,0.0,0.0,1424.0959840026662,4975.270788201967,0,0,0,0,0,0,{}
1774323920,normal,k3s-wk1,0.29356218408046997,0.7230303588582858,572.637893684386,302.5495750708215,9891.618063656057,10698.283619396767,0,36,3,0,32,0,"{""process_exit"": 36, ""process_exec"": 36, ""process_kprobe"": 32}"
1774323930,normal,sw-wk3,0.12566666666656,0.5269312875648338,0.0,0.0,3440.5666666666666,4540.466666666666,0,0,0,0,0,0,{}
1774323930,normal,sw-wk2,0.26043229427123515,0.4507054863200115,0.0,0.0,3918.0863477246203,5120.086681113518,0,0,0,0,0,0,{}
1774323930,normal,k3s-wk1,0.29356218408046975,0.7230303588582858,572.6378936843859,302.5495750708215,9891.618063656057,10698.283619396767,0,36,3,0,32,0,"{""process_exit"": 36, ""process_exec"": 36, ""process_kprobe"": 32}"
1774323940,normal,sw-wk3,0.1378888888889277,0.564318555759593,0.0,0.0,4336.966666666666,4405.533333333333,0,0,0,0,0,0,{}
1774323940,normal,sw-wk2,0.26043229427123515,0.4507054863200115,0.0,0.0,3918.0863477246203,5120.086681113518,0,0,0,0,0,0,{}
1774323940,normal,k3s-wk1,0.29356218408046975,0.7230303588582858,572.637893684386,302.5495750708215,9891.618063656057,10698.283619396767,0,13,2,0,10,0,"{""process_exit"": 13, ""process_exec"": 13, ""process_kprobe"": 10}"
1774323950,normal,sw-wk3,0.1378888888889277,0.564318555759593,0.0,0.0,4336.966666666666,4405.533333333333,0,0,0,0,0,0,{}
1774323950,normal,sw-wk2,0.26043229427123515,0.4507054863200115,0.0,0.0,3918.0863477246203,5120.086681113518,0,0,0,0,0,0,{}
1774323950,normal,k3s-wk1,0.27499027615707916,0.7205274308799726,570.6951158526421,300.65010835139185,9134.18903150525,3065.1775295882644,0,39,3,0,37,0,"{""process_exit"": 39, ""process_exec"": 39, ""process_kprobe"": 37}"
1774323960,normal,sw-wk3,0.1378888888889277,0.564318555759593,0.0,0.0,4336.966666666666,4405.533333333333,0,0,0,0,0,0,{}
1774323960,normal,sw-wk2,0.08866666666678313,0.4508228684206338,0.0,0.0,1611.3,4973.366666666667,0,0,0,0,0,0,{}
1774323960,normal,k3s-wk1,0.27499027615707916,0.7205274308799726,570.6951158526421,300.65010835139185,9134.18903150525,3065.1775295882644,0,39,3,0,34,0,"{""process_exit"": 39, ""process_exec"": 39, ""process_kprobe"": 34}"
1774323970,normal,sw-wk3,0.14599999999991276,0.3998440207627464,0.0,0.0,4035.0,4490.1,0,0,0,0,0,0,{}
1774323970,normal,sw-wk2,0.08866666666678313,0.4508228684206338,0.0,0.0,1611.3,4973.366666666667,0,0,0,0,0,0,{}
1774323970,normal,k3s-wk1,0.27499027615707916,0.7205274308799726,570.6951158526421,300.65010835139185,9134.18903150525,3065.1775295882644,0,39,3,0,34,0,"{""process_exit"": 39, ""process_exec"": 39, ""process_kprobe"": 34}"
1774323980,normal,sw-wk3,0.14599999999991276,0.3998440207627464,0.0,0.0,4035.0,4490.1,0,0,0,0,0,0,{}
1774323980,normal,sw-wk2,0.08866666666678313,0.4508228684206338,0.0,0.0,1611.3,4973.366666666667,0,0,0,0,0,0,{}
1774323980,normal,k3s-wk1,0.29033333333338507,0.7196260083430932,572.7333333333333,302.6,9933.166666666666,9908.3,0,58,3,0,51,0,"{""process_exit"": 58, ""process_exec"": 58, ""process_kprobe"": 51}"
1774323990,normal,sw-wk3,0.14599999999991276,0.3998440207627464,0.0,0.0,4035.0,4490.1,0,0,0,0,0,0,{}
1774323990,normal,sw-wk2,0.11477777777763543,0.4511789937767592,0.0,0.0,6161.3,5327.833333333333,0,0,0,0,0,0,{}
1774323990,normal,k3s-wk1,0.29033333333338507,0.7196260083430932,572.7333333333333,302.6,9933.166666666666,9908.3,0,33,3,0,31,0,"{""process_exit"": 33, ""process_exec"": 33, ""process_kprobe"": 31}"
1774324000,normal,sw-wk3,0.14688888888898266,0.4014376351637683,0.0,0.0,3618.8666666666672,4174.333333333333,0,0,0,0,0,0,{}
1774324000,normal,sw-wk2,0.11477777777763543,0.4511789937767592,0.0,0.0,6161.3,5327.833333333333,0,0,0,0,0,0,{}
1774324000,normal,k3s-wk1,0.29033333333338507,0.7196260083430932,572.7333333333333,302.6,9933.166666666666,9908.3,0,16,2,0,13,0,"{""process_exit"": 16, ""process_exec"": 16, ""process_kprobe"": 13}"
1774324010,normal,sw-wk3,0.14688888888898266,0.4014376351637683,0.0,0.0,3618.866666666667,4174.333333333333,0,0,0,0,0,0,{}
1774324010,normal,sw-wk2,0.11477777777763543,0.4511789937767592,0.0,0.0,6161.3,5327.833333333333,0,0,0,0,0,0,{}
1774324010,normal,k3s-wk1,0.2692222222222579,0.7193325525391165,572.7333333333333,302.6,8871.766666666668,4764.433333333333,0,33,3,0,34,0,"{""process_exit"": 33, ""process_exec"": 33, ""process_kprobe"": 34}"
1774324020,normal,sw-wk3,0.14688888888898266,0.4014376351637683,0.0,0.0,3618.866666666667,4174.333333333333,0,0,0,0,0,0,{}
1774324020,normal,sw-wk2,0.07566666666680244,0.4511770042496299,0.0,0.0,816.0333333333333,4899.900000000001,0,0,0,0,0,0,{}
1774324020,normal,k3s-wk1,0.2692222222222579,0.7193325525391165,572.7333333333333,302.6,8871.766666666666,4764.433333333333,0,39,3,0,34,0,"{""process_exit"": 39, ""process_exec"": 39, ""process_kprobe"": 34}"
1774324030,normal,sw-wk3,0.16522222222217053,0.4017778449797167,0.0,0.0,1450.5666666666666,3943.4,0,0,0,0,0,0,{}
1774324030,normal,sw-wk2,0.07566666666680244,0.4511770042496299,0.0,0.0,816.0333333333333,4899.9,0,0,0,0,0,0,{}
1774324030,normal,k3s-wk1,0.2692222222222579,0.7193325525391165,572.7333333333333,302.6,8871.766666666666,4764.433333333333,0,33,3,0,30,0,"{""process_exit"": 33, ""process_exec"": 33, ""process_kprobe"": 30}"
1774324040,normal,sw-wk3,0.16522222222217053,0.4017778449797167,0.0,0.0,1450.5666666666666,3943.4,0,0,0,0,0,0,{}
1774324040,normal,sw-wk2,0.07566666666680244,0.4511770042496299,0.0,0.0,816.0333333333333,4899.9,0,0,0,0,0,0,{}
1774324040,normal,k3s-wk1,0.2854444444443086,0.7212248818939084,570.6,300.6,9280.8,8678.3,0,36,3,0,31,0,"{""process_exit"": 36, ""process_exec"": 36, ""process_kprobe"": 31}"
1774324050,normal,sw-wk3,0.16522222222217053,0.4017778449797167,0.0,0.0,1450.5666666666666,3943.4,0,0,0,0,0,0,{}
1774324050,normal,sw-wk2,0.12244444444448976,0.4512446481720225,0.0,0.0,3835.4666666666667,5047.766666666666,0,0,0,0,0,0,{}
1774324050,normal,k3s-wk1,0.2854444444443086,0.7212248818939084,570.6,300.6,9280.8,8678.3,0,19,2,0,14,0,"{""process_exit"": 19, ""process_exec"": 19, ""process_kprobe"": 14}"
1774324060,normal,sw-wk3,0.15788888888904085,0.40185344716103866,5.133333333333333,5.0,3794.5666666666666,4093.0333333333333,0,0,0,0,0,0,{}
1774324060,normal,sw-wk2,0.12244444444448976,0.4512446481720225,0.0,0.0,3835.4666666666667,5047.766666666666,0,0,0,0,0,0,{}
1774324060,normal,k3s-wk1,0.2854444444443086,0.7212248818939084,570.6,300.6,9280.8,8678.3,0,60,3,0,54,0,"{""process_exit"": 60, ""process_exec"": 60, ""process_kprobe"": 54}"
1774324070,normal,sw-wk3,0.15788888888904085,0.40185344716103866,5.133333333333333,5.0,3794.5666666666666,4093.0333333333333,0,0,0,0,0,0,{}
1774324070,normal,sw-wk2,0.12244444444448976,0.4512446481720225,0.0,0.0,3835.4666666666667,5047.766666666666,0,0,0,0,0,0,{}
1774324070,normal,k3s-wk1,0.2863333333333786,0.7249713781895224,572.7333333333333,302.6,8730.466666666667,1252.2666666666667,0,57,3,0,55,0,"{""process_kprobe"": 55, ""process_exit"": 57, ""process_exec"": 57}"
1774324080,normal,sw-wk3,0.15788888888904085,0.40185344716103866,5.133333333333333,5.0,3794.5666666666666,4093.0333333333333,0,0,0,0,0,0,{}
1774324080,normal,sw-wk2,0.1231111111111306,0.4513321873657069,0.0,0.0,832.3,4909.533333333333,0,0,0,0,0,0,{}
1774324080,normal,k3s-wk1,0.2863333333333786,0.7249713781895224,572.7333333333333,302.6,8730.466666666667,1252.2666666666667,0,42,3,0,37,0,"{""process_exit"": 42, ""process_exec"": 42, ""process_kprobe"": 37}"
1774324090,normal,sw-wk3,0.11299999999989974,0.39810318106125564,0.0,0.0,2075.4,3984.2666666666664,0,0,0,0,0,0,{}
1774324090,normal,sw-wk2,0.1231111111111306,0.4513321873657069,0.0,0.0,832.3,4909.533333333333,0,0,0,0,0,0,{}
1774324090,normal,k3s-wk1,0.2863333333333786,0.7249713781895224,572.7333333333333,302.6,8730.466666666667,1252.2666666666667,0,82,3,0,75,0,"{""process_exit"": 82, ""process_exec"": 82, ""process_kprobe"": 75}"
1774324100,normal,sw-wk3,0.11299999999989974,0.39810318106125564,0.0,0.0,2075.4,3984.2666666666664,0,0,0,0,0,0,{}
1774324100,normal,sw-wk2,0.1231111111111306,0.4513321873657069,0.0,0.0,832.3,4909.533333333333,0,0,0,0,0,0,{}
1774324100,normal,k3s-wk1,0.2907777777778393,0.7208748404416312,570.6,300.6,7274.0,8564.466666666667,0,13,2,0,10,0,"{""process_kprobe"": 10, ""process_exit"": 13, ""process_exec"": 13}"
