timestamp,label,node,avg_cpu,avg_mem,net_bytes_in,net_bytes_out,net_internal_bytes_in,net_internal_bytes_out,last_successful_scrape_age_sec,exec_count,unique_process_count,tmp_exec_count,outbound_connect_count,mining_port_count,syscall_feature_vector
1774257693,normal,sw-wk3,0.12722222222225055,0.4010138650421482,0.0,0.0,2044.5333333333333,5213.666666666667,0,0,0,0,0,0,{}
1774257693,normal,sw-wk2,0.1513333333333624,0.3964530710340767,0.0,0.0,5027.133333333333,4684.766666666666,0,0,0,0,0,0,{}
1774257693,normal,k3s-wk1,0.24266666666665815,0.6613427905936229,0.0,0.0,9444.733333333334,4160.966666666666,0,0,0,0,0,0,{}
1774257703,normal,sw-wk3,0.11559865373718303,0.4011969019021907,0.0,0.0,3266.7866306774636,5036.055849911693,0,1,1,0,0,0,"{""process_exit"": 1, ""process_exec"": 1}"
1774257703,normal,sw-wk2,0.1513333333333624,0.3964530710340767,0.0,0.0,5027.133333333333,4684.766666666666,0,1,1,0,0,0,"{""process_exit"": 1, ""process_exec"": 1}"
1774257703,normal,k3s-wk1,0.24266666666665815,0.6613427905936229,0.0,0.0,9444.733333333334,4160.966666666666,0,54,3,0,52,0,"{""process_kprobe"": 52, ""process_exit"": 54, ""process_exec"": 54}"
1774257713,normal,sw-wk3,0.11559865373718303,0.4011969019021907,0.0,0.0,3266.7866306774636,5036.055849911693,0,0,0,0,0,0,{}
1774257713,normal,sw-wk2,0.1513333333333624,0.3964530710340767,0.0,0.0,5027.133333333333,4684.766666666666,0,1,1,0,0,0,"{""process_exit"": 1, ""process_exec"": 1}"
1774257713,normal,k3s-wk1,0.3015142930151542,0.6866260478214525,581.4418558144185,294.8038529480385,9888.944438889444,7015.865080158651,0,15,2,0,13,0,"{""process_kprobe"": 13, ""process_exit"": 15, ""process_exec"": 15}"
1774257723,normal,sw-wk3,0.11559865373718303,0.4011969019021907,0.0,0.0,3266.7866306774636,5036.055849911693,0,1,1,0,0,0,"{""process_exit"": 1, ""process_exec"": 1}"
1774257723,normal,sw-wk2,0.07077777777778671,0.3965445892820194,0.0,0.0,885.6666666666666,4634.2,0,0,0,0,0,0,{}
1774257723,normal,k3s-wk1,0.3015142930151542,0.6866260478214525,581.4418558144185,294.8038529480385,9888.944438889444,7015.865080158651,0,39,3,0,32,0,"{""process_exit"": 39, ""process_exec"": 39, ""process_kprobe"": 32}"
1774257733,normal,sw-wk3,0.11562357596168071,0.40131229470526086,0.0,0.0,2008.5692374378978,5421.393084592044,0,0,0,0,0,0,{}
1774257733,normal,sw-wk2,0.07077777777778671,0.3965445892820194,0.0,0.0,885.6666666666666,4634.2,0,106,7,0,0,0,"{""process_exec"": 106, ""process_exit"": 106}"
1774257733,normal,k3s-wk1,0.3015142930151542,0.6866260478214525,581.4418558144185,294.8038529480385,9888.944438889444,7015.865080158651,0,36,3,0,33,0,"{""process_exit"": 36, ""process_exec"": 36, ""process_kprobe"": 33}"
1774257743,normal,sw-wk3,0.11562357596168071,0.40131229470526086,0.0,0.0,2008.5692374378978,5421.393084592044,0,0,0,0,0,0,{}
1774257743,normal,sw-wk2,0.07077777777778671,0.3965445892820194,0.0,0.0,885.6666666666666,4634.2,0,0,0,0,0,0,{}
1774257743,normal,k3s-wk1,0.2797057483526163,0.6879748917634982,579.2579257925793,310.6310631063106,33131.04643797713,9045.804580458045,0,12,2,0,12,0,"{""process_exit"": 12, ""process_exec"": 12, ""process_kprobe"": 12}"
1774257753,normal,sw-wk3,0.11562357596168071,0.40131229470526086,0.0,0.0,2008.5692374378978,5421.393084592044,0,0,0,0,0,0,{}
1774257753,normal,sw-wk2,0.1596666666666554,0.3950842763691925,0.0,0.0,5275.733333333334,27691.466666666667,0,1,1,0,0,0,"{""process_exit"": 1, ""process_exec"": 1}"
1774257753,normal,k3s-wk1,0.2797057483526163,0.6879748917634982,579.2579257925793,310.6310631063106,33131.04643797713,9045.804580458045,0,30,3,0,28,0,"{""process_kprobe"": 28, ""process_exit"": 30, ""process_exec"": 30}"
1774257763,normal,sw-wk3,0.11433333333336326,0.40154109078031397,0.0,0.0,2783.8333333333335,5043.433333333333,0,1,1,0,0,0,"{""process_exit"": 1, ""process_exec"": 1}"
1774257763,normal,sw-wk2,0.1596666666666554,0.3950842763691925,0.0,0.0,5275.733333333334,27691.466666666667,0,0,0,0,0,0,{}
1774257763,normal,k3s-wk1,0.2797057483526163,0.6879748917634982,579.2579257925793,310.6310631063106,33131.04643797713,9045.804580458045,0,57,3,0,52,0,"{""process_exit"": 57, ""process_exec"": 57, ""process_kprobe"": 52}"
1774257773,normal,sw-wk3,0.11433333333336326,0.40154109078031397,0.0,0.0,2783.8333333333335,5043.433333333333,0,0,0,0,0,0,{}
1774257773,normal,sw-wk2,0.1596666666666554,0.3950842763691925,0.0,0.0,5275.733333333334,27691.466666666667,0,0,0,0,0,0,{}
1774257773,normal,k3s-wk1,0.26755555555554467,0.6877853956389572,574.7333333333333,304.6,9505.500000000002,1429.2666666666667,0,36,3,0,32,0,"{""process_kprobe"": 32, ""process_exit"": 37, ""process_exec"": 36}"
1774257783,normal,sw-wk3,0.11433333333336326,0.40154109078031397,0.0,0.0,2783.8333333333335,5043.433333333333,0,0,0,0,0,0,{}
1774257783,normal,sw-wk2,0.06977777777776495,0.39519568988842735,0.0,0.0,351.76666666666665,4225.200000000001,0,0,0,0,0,0,{}
1774257783,normal,k3s-wk1,0.26755555555554467,0.6877853956389572,574.7333333333333,304.6,9505.5,1429.2666666666667,0,12,2,0,10,0,"{""process_exit"": 12, ""process_exec"": 12, ""process_kprobe"": 10}"
1774257793,normal,sw-wk3,0.11755555555551433,0.4015052792207404,0.0,0.0,3599.3333333333335,5437.6,0,1,1,0,0,0,"{""process_exit"": 1, ""process_exec"": 1}"
1774257793,normal,sw-wk2,0.06977777777776495,0.39519568988842735,0.0,0.0,351.76666666666665,4225.2,0,2,2,0,0,0,"{""process_exec"": 2}"
1774257793,normal,k3s-wk1,0.26755555555554467,0.6877853956389572,574.7333333333333,304.6,9505.5,1429.2666666666667,0,36,3,0,32,0,"{""process_exit"": 36, ""process_exec"": 36, ""process_kprobe"": 32}"
1774257803,normal,sw-wk3,0.11755555555551433,0.4015052792207404,0.0,0.0,3599.3333333333335,5437.6,0,0,0,0,0,0,{}
1774257803,normal,sw-wk2,0.06977777777776495,0.39519568988842735,0.0,0.0,351.76666666666665,4225.2,0,104,5,0,0,0,"{""process_exit"": 106, ""process_exec"": 104}"
1774257803,normal,k3s-wk1,0.2826666666666825,0.6933426326801858,578.7333333333333,309.2,33045.3,6431.2,0,60,3,0,58,0,"{""process_kprobe"": 58, ""process_exit"": 60, ""process_exec"": 60}"
1774257813,normal,sw-wk3,0.11755555555551433,0.4015052792207404,0.0,0.0,3599.3333333333335,5437.6,0,1,1,0,0,0,"{""process_exit"": 1, ""process_exec"": 1}"
1774257813,normal,sw-wk2,0.15266666666666417,0.39690867274666153,0.0,0.0,5663.466666666666,27743.63333333333,0,1,1,0,0,0,"{""process_exit"": 1, ""process_exec"": 1}"
1774257813,normal,k3s-wk1,0.2826666666666825,0.6933426326801858,578.7333333333333,309.2,33045.3,6431.2,0,60,3,0,54,0,"{""process_exit"": 60, ""process_exec"": 60, ""process_kprobe"": 54}"
1774257823,normal,sw-wk3,0.10888888888890103,0.4016922951429578,0.0,0.0,2775.2666666666664,5551.033333333333,0,0,0,0,0,0,{}
1774257823,normal,sw-wk2,0.15266666666666417,0.39690867274666153,0.0,0.0,5663.466666666666,27743.63333333333,0,0,0,0,0,0,{}
1774257823,normal,k3s-wk1,0.2826666666666825,0.6933426326801858,578.7333333333333,309.2,33045.3,6431.2,0,33,3,0,31,0,"{""process_kprobe"": 31, ""process_exit"": 33, ""process_exec"": 33}"
1774257833,normal,sw-wk3,0.10888888888890103,0.4016922951429578,0.0,0.0,2775.2666666666664,5551.033333333333,0,0,0,0,0,0,{}
1774257833,normal,sw-wk2,0.15266666666666417,0.39690867274666153,0.0,0.0,5663.466666666666,27743.63333333333,0,0,0,0,0,0,{}
1774257833,normal,k3s-wk1,0.28066666666665896,0.6955073627140056,572.7333333333333,302.6,9733.933333333332,6041.266666666666,0,30,3,0,28,0,"{""process_kprobe"": 28, ""process_exit"": 30, ""process_exec"": 30}"
1774257843,normal,sw-wk3,0.10888888888890103,0.4016922951429578,0.0,0.0,2775.2666666666664,5551.033333333333,0,0,0,0,0,0,{}
1774257843,normal,sw-wk2,0.07009299070094199,0.39675348963058465,0.0,0.0,440.22264440222636,4280.8052528080525,0,0,0,0,0,0,{}
1774257843,normal,k3s-wk1,0.28066666666665896,0.6955073627140056,572.7333333333333,302.6,9733.933333333332,6041.266666666666,0,57,3,0,50,0,"{""process_exit"": 57, ""process_exec"": 57, ""process_kprobe"": 50}"
1774257853,normal,sw-wk3,0.11422222222220935,0.40168433701860806,0.0,0.0,2520.5333333333333,4972.866666666667,0,1,1,0,0,0,"{""process_exit"": 1, ""process_exec"": 1}"
1774257853,normal,sw-wk2,0.07009299070094199,0.39675348963058465,0.0,0.0,440.2226444022265,4280.8052528080525,0,2,2,0,0,0,"{""process_exec"": 2}"
1774257853,normal,k3s-wk1,0.28066666666665896,0.6955073627140056,572.7333333333333,302.6,9733.933333333332,6041.266666666666,0,60,3,0,54,0,"{""process_exit"": 60, ""process_exec"": 60, ""process_kprobe"": 54}"
1774257863,normal,sw-wk3,0.11422222222220935,0.40168433701860806,0.0,0.0,2520.5333333333333,4972.866666666667,0,1,1,0,0,0,"{""process_exit"": 1, ""process_exec"": 1}"
1774257863,normal,sw-wk2,0.07009299070094199,0.39675348963058465,0.0,0.0,440.2226444022265,4280.8052528080525,0,104,5,0,0,0,"{""process_exit"": 106, ""process_exec"": 104}"
1774257863,normal,k3s-wk1,0.2694444444444444,0.6952073271834822,572.7333333333333,302.6,9967.033333333333,5903.1,0,33,3,0,32,0,"{""process_exit"": 33, ""process_exec"": 33, ""process_kprobe"": 32}"
1774257873,normal,sw-wk3,0.11422222222220935,0.40168433701860806,0.0,0.0,2520.5333333333333,4972.866666666667,0,0,0,0,0,0,{}
1774257873,normal,sw-wk2,0.16091609160913833,0.39631380413503314,0.0,0.0,6295.562889622295,27843.484348434842,0,1,1,0,0,0,"{""process_exit"": 1, ""process_exec"": 1}"
1774257873,normal,k3s-wk1,0.2694444444444444,0.6952073271834822,572.7333333333333,302.6,9967.033333333333,5903.1,0,36,3,0,34,0,"{""process_exit"": 36, ""process_exec"": 36, ""process_kprobe"": 34}"
1774257883,normal,sw-wk3,0.13533333333333664,0.401869363409738,0.0,0.0,4505.833333333333,5613.266666666666,0,1,1,0,0,0,"{""process_exit"": 1, ""process_exec"": 1}"
1774257883,normal,sw-wk2,0.16091609160913833,0.39631380413503314,0.0,0.0,6295.562889622295,27843.484348434842,0,1,1,0,0,0,"{""process_exit"": 1, ""process_exec"": 1}"
1774257883,normal,k3s-wk1,0.2694444444444444,0.6952073271834822,572.7333333333333,302.6,9967.033333333333,5903.1,0,97,5,0,75,0,"{""process_exit"": 97, ""process_exec"": 97, ""process_kprobe"": 75}"
1774257893,normal,sw-wk3,0.13533333333333664,0.401869363409738,0.0,0.0,4505.833333333333,5613.266666666666,0,0,0,0,0,0,{}
1774257893,normal,sw-wk2,0.16091609160913833,0.39631380413503314,0.0,0.0,6295.562889622295,27843.484348434842,0,0,0,0,0,0,{}
1774257893,normal,k3s-wk1,0.37877777777778954,0.6891039728388888,572.7333333333333,302.6,33637.333333333336,13531.466666666667,0,33,3,0,31,0,"{""process_kprobe"": 31, ""process_exit"": 33, ""process_exec"": 33}"
1774257903,normal,sw-wk3,0.13533333333333664,0.401869363409738,0.0,0.0,4505.833333333333,5613.266666666666,0,0,0,0,0,0,{}
1774257903,normal,sw-wk2,0.08933333333336335,0.39642123860000955,0.0,0.0,2582.4333333333334,4739.6,0,0,0,0,0,0,{}
1774257903,normal,k3s-wk1,0.37877777777778954,0.6891039728388888,572.7333333333333,302.6,33637.333333333336,13531.466666666667,0,47,5,0,32,0,"{""process_exit"": 47, ""process_exec"": 47, ""process_kprobe"": 32}"
1774257913,normal,sw-wk3,0.11844444444446312,0.40167637889425845,0.0,0.0,8512.066666666666,5553.166666666667,0,1,1,0,0,0,"{""process_exit"": 1, ""process_exec"": 1}"
1774257913,normal,sw-wk2,0.08933333333336335,0.39642123860000955,0.0,0.0,2582.4333333333334,4739.6,0,2,2,0,0,0,"{""process_exec"": 2}"
1774257913,normal,k3s-wk1,0.37877777777778954,0.6891039728388888,572.7333333333333,302.6,33637.333333333336,13531.466666666667,0,30,3,0,29,0,"{""process_kprobe"": 29, ""process_exit"": 30, ""process_exec"": 30}"
1774257923,normal,sw-wk3,0.11844444444446312,0.40167637889425845,0.0,0.0,8512.066666666666,5553.166666666667,0,0,0,0,0,0,{}
1774257923,normal,sw-wk2,0.08933333333336335,0.39642123860000955,0.0,0.0,2582.4333333333334,4739.6,0,105,6,0,0,0,"{""process_exit"": 107, ""process_exec"": 105}"
1774257923,normal,k3s-wk1,0.30055555555553737,0.6886394441447014,572.7333333333333,302.6,10417.366666666667,8953.3,0,78,3,0,74,0,"{""process_exit"": 78, ""process_exec"": 78, ""process_kprobe"": 74}"
1774257933,normal,sw-wk3,0.11844444444446312,0.40167637889425845,0.0,0.0,8512.066666666666,5553.166666666667,0,0,0,0,0,0,{}
1774257933,normal,sw-wk2,0.17188888888886134,0.39040490856133314,0.0,0.0,6348.533333333333,28056.266666666666,0,0,0,0,0,0,{}
1774257933,normal,k3s-wk1,0.30055555555553737,0.6886394441447014,572.7333333333333,302.6,10417.366666666667,8953.3,0,26,4,0,14,0,"{""process_exit"": 26, ""process_exec"": 26, ""process_kprobe"": 14}"
1774257943,normal,sw-wk3,0.11099999999997745,0.4018872691895248,0.0,0.0,5301.866666666667,5418.0,0,0,0,0,0,0,{}
1774257943,normal,sw-wk2,0.17188888888886134,0.39040490856133314,0.0,0.0,6348.533333333333,28056.266666666666,0,1,1,0,0,0,"{""process_exit"": 1, ""process_exec"": 1}"
1774257943,normal,k3s-wk1,0.30055555555553737,0.6886394441447014,572.7333333333333,302.6,10417.366666666667,8953.3,0,33,3,0,30,0,"{""process_exit"": 33, ""process_exec"": 33, ""process_kprobe"": 30}"
1774257953,normal,sw-wk3,0.11099999999997745,0.4018872691895248,0.0,0.0,5301.866666666667,5418.0,0,1,1,0,0,0,"{""process_exit"": 1, ""process_exec"": 1}"
1774257953,normal,sw-wk2,0.17188888888886134,0.39040490856133314,0.0,0.0,6348.533333333333,28056.266666666666,0,0,0,0,0,0,{}
1774257953,normal,k3s-wk1,0.3178888888888953,0.6892618862760064,572.7333333333333,302.6,32778.166666666664,9447.066666666666,0,57,3,0,52,0,"{""process_exit"": 57, ""process_exec"": 57, ""process_kprobe"": 52}"
1774257963,normal,sw-wk3,0.11099999999997745,0.4018872691895248,0.0,0.0,5301.866666666667,5418.0,0,0,0,0,0,0,{}
1774257963,normal,sw-wk2,0.07020409070205547,0.39039893997994557,0.0,0.0,1107.1559510715595,4286.23804286238,0,0,0,0,0,0,{}
1774257963,normal,k3s-wk1,0.3178888888888953,0.6892618862760064,572.7333333333333,302.6,32778.166666666664,9447.066666666666,0,39,3,0,34,0,"{""process_exit"": 39, ""process_exec"": 39, ""process_kprobe"": 34}"
1774257973,normal,sw-wk3,0.12422222222224566,0.39445836010910584,0.0,0.0,2670.3,5266.366666666667,0,0,0,0,0,0,{}
1774257973,normal,sw-wk2,0.07020409070205547,0.39039893997994557,0.0,0.0,1107.1559510715595,4286.23804286238,0,2,2,0,0,0,"{""process_exec"": 2}"
1774257973,normal,k3s-wk1,0.3178888888888953,0.6892618862760064,572.7333333333333,302.6,32778.166666666664,9447.066666666666,0,40,5,0,33,0,"{""process_exit"": 40, ""process_exec"": 40, ""process_kprobe"": 33}"
1774257983,normal,sw-wk3,0.12422222222224566,0.39445836010910584,0.0,0.0,2670.3,5266.366666666667,0,0,0,0,0,0,{}
1774257983,normal,sw-wk2,0.07020409070205547,0.39039893997994557,0.0,0.0,1107.1559510715595,4286.23804286238,0,104,5,0,0,0,"{""process_exit"": 106, ""process_exec"": 104}"
1774257983,normal,k3s-wk1,0.28962659289627035,0.6891987209011594,572.6760657267607,302.56974302569745,32316.93497316935,5605.139486051395,0,34,5,0,31,0,"{""process_kprobe"": 31, ""process_exit"": 35, ""process_exec"": 34}"
1774257993,normal,sw-wk3,0.12422222222224566,0.39445836010910584,0.0,0.0,2670.3,5266.366666666667,0,1,1,0,0,0,"{""process_exit"": 1, ""process_exec"": 1}"
1774257993,normal,sw-wk2,0.18947450300585056,0.3956652182909166,0.0,0.0,7075.774244091075,27816.648331499822,0,0,0,0,0,0,{}
1774257993,normal,k3s-wk1,0.28962659289627035,0.6891987209011594,572.6760657267607,302.56974302569745,32316.93497316935,5605.139486051395,0,57,3,0,52,0,"{""process_exec"": 57, ""process_kprobe"": 52, ""process_exit"": 56}"
1774258003,normal,sw-wk3,0.13411111111110785,0.39444045432931907,0.0,0.0,7918.4,5362.266666666666,0,0,0,0,0,0,{}
1774258003,normal,sw-wk2,0.18947450300585056,0.3956652182909166,0.0,0.0,7075.774244091075,27816.648331499815,0,1,1,0,0,0,"{""process_exit"": 1, ""process_exec"": 1}"
1774258003,normal,k3s-wk1,0.28962659289627035,0.6891987209011594,572.6760657267607,302.56974302569745,32316.93497316935,5605.139486051395,0,54,3,0,51,0,"{""process_kprobe"": 51, ""process_exit"": 54, ""process_exec"": 54}"
1774258013,normal,sw-wk3,0.13411111111110785,0.39444045432931907,0.0,0.0,7918.4,5362.266666666666,0,1,1,0,0,0,"{""process_exit"": 1, ""process_exec"": 1}"
1774258013,normal,sw-wk2,0.18947450300585056,0.3956652182909166,0.0,0.0,7075.774244091075,27816.648331499815,0,1,1,0,0,0,"{""process_exit"": 1, ""process_exec"": 1}"
1774258013,normal,k3s-wk1,0.343489904546011,0.6827532207761445,572.7906123945728,302.6302630263026,10148.781544821148,12140.21402140214,0,33,3,0,30,0,"{""process_kprobe"": 30, ""process_exit"": 33, ""process_exec"": 33}"
1774258023,normal,sw-wk3,0.13411111111110785,0.39444045432931907,0.0,0.0,7918.4,5362.266666666666,0,0,0,0,0,0,{}
1774258023,normal,sw-wk2,0.07733333333334391,0.3953767368571838,0.0,0.0,896.8,4570.0,0,2,2,0,0,0,"{""process_exec"": 2}"
1774258023,normal,k3s-wk1,0.343489904546011,0.6827532207761445,572.7906123945728,302.6302630263026,10148.781544821148,12140.21402140214,0,60,3,0,52,0,"{""process_exit"": 60, ""process_exec"": 60, ""process_kprobe"": 52}"
1774258033,normal,sw-wk3,0.11944444444444446,0.3945538576013019,0.0,0.0,2046.0,5267.733333333334,0,0,0,0,0,0,{}
1774258033,normal,sw-wk2,0.07733333333334391,0.3953767368571838,0.0,0.0,896.8,4570.0,0,0,0,0,0,0,{}
1774258033,normal,k3s-wk1,0.343489904546011,0.6827532207761445,572.7906123945728,302.6302630263026,10148.781544821148,12140.21402140214,0,33,3,0,30,0,"{""process_kprobe"": 30, ""process_exit"": 33, ""process_exec"": 33}"
1774258043,normal,sw-wk3,0.11944444444444446,0.3945538576013019,0.0,0.0,2046.0,5267.733333333334,0,1,1,0,0,0,"{""process_exit"": 1, ""process_exec"": 1}"
1774258043,normal,sw-wk2,0.07733333333334391,0.3953767368571838,0.0,0.0,896.8,4570.0,0,104,5,0,0,0,"{""process_exit"": 106, ""process_exec"": 104}"
1774258043,normal,k3s-wk1,0.2696666666666512,0.6830822071034728,572.7333333333333,302.6,28018.966666666667,4473.533333333333,0,12,2,0,12,0,"{""process_exit"": 12, ""process_exec"": 12, ""process_kprobe"": 12}"
1774258053,normal,sw-wk3,0.11944444444444446,0.3945538576013019,0.0,0.0,2046.0,5267.733333333334,0,0,0,0,0,0,{}
1774258053,normal,sw-wk2,0.15099999999998148,0.38844323481194987,0.0,0.0,5116.2,27713.433333333334,0,1,1,0,0,0,"{""process_exit"": 1, ""process_exec"": 1}"
1774258053,normal,k3s-wk1,0.2696666666666513,0.6830822071034728,572.7333333333333,302.6,28018.966666666667,4473.533333333333,0,63,3,0,58,0,"{""process_exit"": 63, ""process_exec"": 63, ""process_kprobe"": 58}"
1774258063,normal,sw-wk3,0.12177777777778831,0.39465333415567283,0.0,0.0,2784.8333333333335,5253.333333333333,0,0,0,0,0,0,{}
1774258063,normal,sw-wk2,0.15099999999998148,0.38844323481194987,0.0,0.0,5116.2,27713.433333333334,0,0,0,0,0,0,{}
1774258063,normal,k3s-wk1,0.2696666666666513,0.6830822071034728,572.7333333333333,302.6,28018.966666666667,4473.533333333333,0,12,2,0,11,0,"{""process_exit"": 12, ""process_exec"": 12, ""process_kprobe"": 11}"
1774258073,normal,sw-wk3,0.12177777777778831,0.39465333415567283,0.0,0.0,2784.8333333333335,5253.333333333333,0,0,0,0,0,0,{}
1774258073,normal,sw-wk2,0.15099999999998148,0.38844323481194987,0.0,0.0,5116.2,27713.433333333334,0,1,1,0,0,0,"{""process_exit"": 1, ""process_exec"": 1}"
1774258073,normal,k3s-wk1,0.31200000000000927,0.6858667473779789,572.7333333333333,302.6,14632.4,5925.5,0,15,2,0,13,0,"{""process_exit"": 16, ""process_exec"": 15, ""process_kprobe"": 13}"
1774258083,normal,sw-wk3,0.12177777777778831,0.39465333415567283,0.0,0.0,2784.8333333333335,5253.333333333333,0,1,1,0,0,0,"{""process_exit"": 1, ""process_exec"": 1}"
1774258083,normal,sw-wk2,0.07211111111112889,0.3884273185949164,0.0,0.0,364.6333333333333,4453.666666666667,0,0,0,0,0,0,{}
1774258083,normal,k3s-wk1,0.31200000000000927,0.6858667473779789,572.7333333333333,302.6,14632.4,5925.5,0,36,3,0,30,0,"{""process_exit"": 36, ""process_exec"": 36, ""process_kprobe"": 30}"
1774258093,normal,sw-wk3,0.10844444444442669,0.39476076883439337,4.466666666666667,6.0,2062.8,5150.366666666667,0,0,0,0,0,0,{}
1774258093,normal,sw-wk2,0.07211111111112889,0.3884273185949164,0.0,0.0,364.6333333333333,4453.666666666667,0,106,7,0,0,0,"{""process_exec"": 106, ""process_exit"": 106}"
1774258093,normal,k3s-wk1,0.31200000000000927,0.6858667473779789,572.7333333333333,302.6,14632.4,5925.5,0,33,3,0,31,0,"{""process_kprobe"": 31, ""process_exit"": 33, ""process_exec"": 33}"
1774258103,normal,sw-wk3,0.10844444444442669,0.39476076883439337,4.466666666666667,6.0,2062.8,5150.366666666667,0,0,0,0,0,0,{}
1774258103,normal,sw-wk2,0.07211111111112889,0.3884273185949164,0.0,0.0,364.6333333333333,4453.666666666667,0,0,0,0,0,0,{}
1774258103,normal,k3s-wk1,0.2778888888888812,0.6905804634759379,572.7333333333333,302.6,33296.433333333334,10770.100000000002,0,36,3,0,34,0,"{""process_kprobe"": 34, ""process_exit"": 36, ""process_exec"": 36}"
1774258113,normal,sw-wk3,0.10844444444442669,0.39476076883439337,4.466666666666667,6.0,2062.8,5150.366666666667,0,1,1,0,0,0,"{""process_exit"": 1, ""process_exec"": 1}"
1774258113,normal,sw-wk2,0.18844444444443476,0.3930549586974168,5.133333333333333,5.0,5368.5,27626.833333333332,0,1,1,0,0,0,"{""process_exit"": 1, ""process_exec"": 1}"
1774258113,normal,k3s-wk1,0.2778888888888812,0.6905804634759379,572.7333333333333,302.6,33296.433333333334,10770.1,0,36,3,0,32,0,"{""process_exit"": 36, ""process_exec"": 36, ""process_kprobe"": 32}"
1774258123,normal,sw-wk3,0.11700000000002753,0.3948602453887643,0.0,0.0,4240.2,5439.433333333333,0,0,0,0,0,0,{}
1774258123,normal,sw-wk2,0.18844444444443476,0.3930549586974168,5.133333333333333,5.0,5368.5,27626.833333333332,0,0,0,0,0,0,{}
1774258123,normal,k3s-wk1,0.2778888888888812,0.6905804634759379,572.7333333333333,302.6,33296.433333333334,10770.1,0,33,3,0,30,0,"{""process_exit"": 33, ""process_exec"": 33, ""process_kprobe"": 30}"
1774258133,normal,sw-wk3,0.11700000000002753,0.3948602453887643,0.0,0.0,4240.2,5439.433333333333,0,1,1,0,0,0,"{""process_exit"": 1, ""process_exec"": 1}"
1774258133,normal,sw-wk2,0.18844444444443476,0.3930549586974168,5.133333333333333,5.0,5368.5,27626.833333333332,0,0,0,0,0,0,{}
1774258133,normal,k3s-wk1,0.2583333333333333,0.6974694371701913,570.6,300.6,9396.8,1243.4333333333334,0,33,3,0,30,0,"{""process_exit"": 33, ""process_exec"": 33, ""process_kprobe"": 30}"
1774258143,normal,sw-wk3,0.11700000000002753,0.3948602453887643,0.0,0.0,4240.2,5439.433333333333,0,0,0,0,0,0,{}
1774258143,normal,sw-wk2,0.09800000000001707,0.3930549586974168,0.0,0.0,428.3333333333333,4272.6,0,1,1,0,0,0,"{""process_exit"": 1, ""process_exec"": 1}"
1774258143,normal,k3s-wk1,0.2583333333333333,0.6974694371701913,570.6,300.6,9396.8,1243.4333333333334,0,36,3,0,33,0,"{""process_exit"": 37, ""process_exec"": 36, ""process_kprobe"": 33}"
1774258153,normal,sw-wk3,0.11988888888885796,0.3951009786503419,0.0,0.0,2074.0,5227.766666666666,0,0,0,0,0,0,{}
1774258153,normal,sw-wk2,0.09800000000001707,0.3930549586974168,0.0,0.0,428.3333333333333,4272.6,0,106,7,0,0,0,"{""process_exec"": 106, ""process_exit"": 106}"
1774258153,normal,k3s-wk1,0.2583333333333333,0.6974694371701913,570.6,300.6,9396.8,1243.4333333333334,0,54,3,0,51,0,"{""process_exec"": 54, ""process_kprobe"": 51, ""process_exit"": 53}"
1774258163,normal,sw-wk3,0.11988888888885818,0.3951009786503419,0.0,0.0,2074.0,5227.766666666666,0,0,0,0,0,0,{}
1774258163,normal,sw-wk2,0.09800000000001707,0.3930549586974168,0.0,0.0,428.3333333333333,4272.6,0,1,1,0,0,0,"{""process_exit"": 1, ""process_exec"": 1}"
1774258163,normal,k3s-wk1,0.2891111111111059,0.6981024068639707,572.7333333333333,302.6,33374.53333333333,10829.1,0,12,2,0,13,0,"{""process_kprobe"": 13, ""process_exit"": 12, ""process_exec"": 12}"
1774258173,normal,sw-wk3,0.11988888888885818,0.3951009786503419,0.0,0.0,2074.0,5227.766666666666,0,318,4,0,0,0,"{""process_exec"": 318, ""process_exit"": 164}"
1774258173,normal,sw-wk2,0.20122222222220854,0.3928440688217224,0.0,0.0,6698.933333333333,28326.5,0,0,0,0,0,0,{}
1774258173,normal,k3s-wk1,0.2891111111111059,0.6981024068639707,572.7333333333333,302.6,33374.53333333333,10829.1,0,57,3,0,52,0,"{""process_kprobe"": 52, ""process_exit"": 57, ""process_exec"": 57}"
1774258183,normal,sw-wk3,0.16644444444448003,0.4017599391999299,602.2,290.6333333333333,6726.5,49526.166666666664,0,393,4,0,0,0,"{""process_exit"": 204, ""process_exec"": 393}"
1774258183,normal,sw-wk2,0.20122222222220854,0.3928440688217224,0.0,0.0,6698.933333333333,28326.5,0,0,0,0,0,0,{}
1774258183,normal,k3s-wk1,0.2891111111111059,0.6981024068639707,572.7333333333333,302.6,33374.53333333333,10829.1,0,33,3,0,31,0,"{""process_kprobe"": 31, ""process_exit"": 33, ""process_exec"": 33}"
1774258193,normal,sw-wk3,0.16644444444448003,0.4017599391999299,602.2,290.6333333333333,6726.5,49526.166666666664,0,319,4,0,0,0,"{""process_exec"": 319, ""process_exit"": 166}"
1774258193,normal,sw-wk2,0.20122222222220854,0.3928440688217224,0.0,0.0,6698.933333333333,28326.5,0,1,1,0,0,0,"{""process_exit"": 1, ""process_exec"": 1}"
1774258193,normal,k3s-wk1,0.2946666666666915,0.6994051927201905,572.7333333333333,302.6,119672.13333333336,5890.8,0,33,3,0,30,0,"{""process_exit"": 33, ""process_exec"": 33, ""process_kprobe"": 30}"
1774258203,normal,sw-wk3,0.16644444444448003,0.4017599391999299,602.2,290.6333333333333,6726.5,49526.166666666664,0,237,4,0,0,0,"{""process_exit"": 123, ""process_exec"": 237}"
1774258203,normal,sw-wk2,0.09244444444444122,0.3928341211860765,0.0,0.0,571.4333333333333,4279.066666666667,0,2,2,0,0,0,"{""process_exec"": 2}"
1774258203,normal,k3s-wk1,0.29466666666669183,0.6994051927201905,572.7333333333333,302.6,119672.13333333333,5890.8,0,36,3,0,30,0,"{""process_exit"": 36, ""process_exec"": 36, ""process_kprobe"": 30}"
1774258213,normal,sw-wk3,0.21788888888885494,0.40765491981194957,8.133333333333333,8.6,3279.6,148027.1,0,316,4,0,0,0,"{""process_exit"": 164, ""process_exec"": 316}"
1774258213,normal,sw-wk2,0.09244444444444122,0.3928341211860765,0.0,0.0,571.4333333333333,4279.066666666667,0,0,0,0,0,0,{}
1774258213,normal,k3s-wk1,0.29466666666669183,0.6994051927201905,572.7333333333333,302.6,119672.13333333333,5890.8,0,15,2,0,12,0,"{""process_exit"": 15, ""process_exec"": 15, ""process_kprobe"": 12}"
1774258223,normal,sw-wk3,0.21788888888885494,0.40765491981194957,8.133333333333333,8.6,3279.6,148027.1,0,474,4,0,0,0,"{""process_exit"": 246, ""process_exec"": 474}"
1774258223,normal,sw-wk2,0.09244444444444122,0.3928341211860765,0.0,0.0,571.4333333333333,4279.066666666667,0,104,5,0,0,0,"{""process_exit"": 106, ""process_exec"": 104}"
1774258223,normal,k3s-wk1,0.2799999999999879,0.700798778802753,572.7333333333333,302.6,143485.23333333337,5429.966666666666,0,12,2,0,12,0,"{""process_kprobe"": 12, ""process_exit"": 12, ""process_exec"": 12}"
1774258233,normal,sw-wk3,0.21788888888885494,0.40765491981194957,8.133333333333333,8.6,3279.6,148027.1,0,396,4,0,0,0,"{""process_exit"": 206, ""process_exec"": 396}"
1774258233,normal,sw-wk2,0.17499999999999993,0.3920542265514333,4.466666666666667,6.0,5229.466666666666,27778.966666666667,0,1,1,0,0,0,"{""process_exit"": 1, ""process_exec"": 1}"
1774258233,normal,k3s-wk1,0.2799999999999879,0.700798778802753,572.7333333333333,302.6,143485.23333333334,5429.966666666666,0,60,3,0,56,0,"{""process_exit"": 60, ""process_exec"": 60, ""process_kprobe"": 56}"
1774258243,normal,sw-wk3,0.18133333333335022,0.41456655080963967,0.0,0.0,4317.733333333334,159098.96666666667,0,237,4,0,0,0,"{""process_exit"": 123, ""process_exec"": 237}"
1774258243,normal,sw-wk2,0.17499999999999993,0.3920542265514333,4.466666666666667,6.0,5229.466666666666,27778.966666666667,0,0,0,0,0,0,{}
1774258243,normal,k3s-wk1,0.2799999999999879,0.700798778802753,572.7333333333333,302.6,143485.23333333334,5429.966666666666,0,36,3,0,33,0,"{""process_exit"": 36, ""process_exec"": 36, ""process_kprobe"": 33}"
1774258253,normal,sw-wk3,0.18133333333335022,0.41456655080963967,0.0,0.0,4317.733333333334,159098.96666666667,0,316,4,0,0,0,"{""process_exit"": 164, ""process_exec"": 316}"
1774258253,normal,sw-wk2,0.17499999999999993,0.3920542265514333,4.466666666666667,6.0,5229.466666666666,27778.966666666667,0,0,0,0,0,0,{}
1774258253,normal,k3s-wk1,0.29188888888889375,0.7046663420668238,570.6,300.6,174054.7,7717.433333333333,0,12,2,0,11,0,"{""process_kprobe"": 11, ""process_exit"": 12, ""process_exec"": 12}"
1774258263,normal,sw-wk3,0.18133333333335022,0.41456655080963967,0.0,0.0,4317.733333333334,159098.96666666667,0,395,4,0,0,0,"{""process_exit"": 205, ""process_exec"": 395}"
1774258263,normal,sw-wk2,0.09588888888890024,0.3917816613347339,0.0,0.0,471.93333333333334,4324.066666666667,0,2,2,0,0,0,"{""process_exec"": 2}"
1774258263,normal,k3s-wk1,0.29188888888889375,0.7046663420668238,570.6,300.6,174054.7,7717.433333333333,0,15,2,0,10,0,"{""process_exit"": 15, ""process_exec"": 15, ""process_kprobe"": 10}"
1774258273,normal,sw-wk3,0.20177777777777595,0.41717283653415727,0.0,0.0,3492.133333333333,147947.9,0,316,4,0,0,0,"{""process_exit"": 164, ""process_exec"": 316}"
1774258273,normal,sw-wk2,0.09588888888890024,0.3917816613347339,0.0,0.0,471.93333333333334,4324.066666666667,0,1,1,0,0,0,"{""process_exit"": 1, ""process_exec"": 1}"
1774258273,normal,k3s-wk1,0.29188888888889375,0.7046663420668238,570.6,300.6,174054.7,7717.433333333333,0,15,2,0,13,0,"{""process_exit"": 15, ""process_exec"": 15, ""process_kprobe"": 13}"
1774258283,normal,sw-wk3,0.20177777777777617,0.41717283653415727,0.0,0.0,3492.133333333333,147947.9,0,356,4,0,0,0,"{""process_exit"": 167, ""process_exec"": 356}"
1774258283,normal,sw-wk2,0.09588888888890024,0.3917816613347339,0.0,0.0,471.93333333333334,4324.066666666667,0,104,5,0,0,0,"{""process_exit"": 106, ""process_exec"": 104}"
1774258283,normal,k3s-wk1,0.2764444444444254,0.7067692226711058,572.7333333333333,302.6,142012.53333333333,5569.933333333333,0,30,3,0,30,0,"{""process_kprobe"": 30, ""process_exit"": 30, ""process_exec"": 30}"
1774258293,normal,sw-wk3,0.20177777777777617,0.41717283653415727,0.0,0.0,3492.133333333333,147947.9,0,354,4,0,0,0,"{""process_exec"": 354, ""process_exit"": 166}"
1774258293,normal,sw-wk2,0.1973333333333156,0.3935125499371309,0.0,0.0,5127.3,27978.966666666667,0,0,0,0,0,0,{}
1774258293,normal,k3s-wk1,0.2764444444444254,0.7067692226711058,572.7333333333333,302.6,142012.53333333333,5569.933333333333,0,18,2,0,14,0,"{""process_exit"": 18, ""process_exec"": 18, ""process_kprobe"": 14}"
1774258303,normal,sw-wk3,0.18677777777777216,0.42028048409270424,0.0,0.0,3991.7666666666673,137253.9,0,555,4,0,0,0,"{""process_exit"": 324, ""process_exec"": 555}"
1774258303,normal,sw-wk2,0.1973333333333156,0.3935125499371309,0.0,0.0,5127.3,27978.966666666667,0,0,0,0,0,0,{}
1774258303,normal,k3s-wk1,0.2764444444444254,0.7067692226711058,572.7333333333333,302.6,142012.53333333333,5569.933333333333,0,15,2,0,13,0,"{""process_kprobe"": 13, ""process_exit"": 15, ""process_exec"": 15}"
1774258313,normal,sw-wk3,0.18677777777777216,0.42028048409270424,0.0,0.0,3991.7666666666664,137253.9,0,316,4,0,0,0,"{""process_exit"": 164, ""process_exec"": 316}"
1774258313,normal,sw-wk2,0.1973333333333156,0.3935125499371309,0.0,0.0,5127.3,27978.966666666667,0,1,1,0,0,0,"{""process_exit"": 1, ""process_exec"": 1}"
1774258313,normal,k3s-wk1,0.29211111111113086,0.7089457962127095,765.9666666666667,401.0333333333333,208287.56666666665,10427.033333333333,0,15,2,0,12,0,"{""process_kprobe"": 12, ""process_exit"": 15, ""process_exec"": 15}"
1774258323,normal,sw-wk3,0.18677777777777216,0.42028048409270424,0.0,0.0,3991.7666666666664,137253.9,0,317,4,0,0,0,"{""process_exit"": 165, ""process_exec"": 317}"
1774258323,normal,sw-wk2,0.08266666666667233,0.3935006127743558,0.0,0.0,1027.7333333333333,4311.466666666666,0,2,2,0,0,0,"{""process_exec"": 2}"
1774258323,normal,k3s-wk1,0.29211111111113086,0.7089457962127095,765.9666666666667,401.0333333333333,208287.56666666665,10427.033333333333,0,36,3,0,32,0,"{""process_exit"": 36, ""process_exec"": 36, ""process_kprobe"": 32}"
1774258333,normal,sw-wk3,0.22822222222221178,0.42280121998046283,0.0,0.0,5524.533333333333,170094.86666666667,0,316,4,0,0,0,"{""process_exit"": 166, ""process_exec"": 316}"
1774258333,normal,sw-wk2,0.08266666666667233,0.3935006127743558,0.0,0.0,1027.7333333333333,4311.466666666666,0,104,5,0,0,0,"{""process_exit"": 106, ""process_exec"": 104}"
1774258333,normal,k3s-wk1,0.29211111111113086,0.7089457962127095,765.9666666666667,401.0333333333333,208287.56666666665,10427.033333333333,0,57,3,0,53,0,"{""process_kprobe"": 53, ""process_exit"": 57, ""process_exec"": 57}"
1774258343,normal,sw-wk3,0.22822222222221178,0.42280121998046283,0.0,0.0,5524.533333333333,170094.86666666667,0,1,1,0,0,0,"{""process_exit"": 1, ""process_exec"": 1}"
1774258343,normal,sw-wk2,0.08266666666667233,0.3935006127743558,0.0,0.0,1027.7333333333333,4311.466666666666,0,0,0,0,0,0,{}
1774258343,normal,k3s-wk1,0.3028888888888711,0.7104143911779026,572.6,302.6,165494.23333333334,12793.933333333332,0,60,3,0,57,0,"{""process_exit"": 60, ""process_exec"": 60, ""process_kprobe"": 57}"
1774258353,normal,sw-wk3,0.22822222222221178,0.42280121998046283,0.0,0.0,5524.533333333333,170094.86666666667,0,0,0,0,0,0,{}
1774258353,normal,sw-wk2,0.1745555555555458,0.392300927915453,0.0,0.0,5601.066666666667,27747.033333333333,0,1,1,0,0,0,"{""process_exit"": 1, ""process_exec"": 1}"
1774258353,normal,k3s-wk1,0.3028888888888711,0.7104143911779026,572.6,302.6,165494.23333333334,12793.933333333332,0,57,3,0,52,0,"{""process_exit"": 57, ""process_exec"": 57, ""process_kprobe"": 52}"
1774258363,normal,sw-wk3,0.4242222222222254,0.4181019475519815,270822.0333333333,4105.833333333333,5333.833333333333,49569.53333333333,0,1,1,0,0,0,"{""process_exit"": 1, ""process_exec"": 1}"
1774258363,normal,sw-wk2,0.1745555555555458,0.392300927915453,0.0,0.0,5601.066666666667,27747.033333333333,0,0,0,0,0,0,{}
1774258363,normal,k3s-wk1,0.3028888888888711,0.7104143911779026,572.6,302.6,165494.23333333334,12793.933333333332,0,15,2,0,13,0,"{""process_exit"": 15, ""process_exec"": 15, ""process_kprobe"": 13}"
1774258373,normal,sw-wk3,0.4242222222222254,0.4181019475519815,270822.0333333333,4105.833333333333,5333.833333333333,49569.53333333333,0,0,0,0,0,0,{}
1774258373,normal,sw-wk2,0.1745555555555458,0.392300927915453,0.0,0.0,5601.066666666667,27747.033333333333,0,1,1,0,0,0,"{""process_exit"": 1, ""process_exec"": 1}"
1774258373,normal,k3s-wk1,0.27900000000000647,0.7128567856719874,574.7333333333333,304.6,9647.133333333333,1322.8666666666666,0,78,3,0,72,0,"{""process_exit"": 79, ""process_exec"": 78, ""process_kprobe"": 72}"
1774258383,normal,sw-wk3,0.4242222222222254,0.4181019475519815,270822.0333333333,4105.833333333333,5333.833333333333,49569.53333333333,0,0,0,0,0,0,{}
1774258383,normal,sw-wk2,0.09455555555557826,0.39240239379904185,0.0,0.0,381.73333333333335,4484.4,0,0,0,0,0,0,{}
1774258383,normal,k3s-wk1,0.27900000000000647,0.7128567856719874,574.7333333333333,304.6,9647.133333333333,1322.8666666666666,0,21,2,0,14,0,"{""process_exit"": 21, ""process_exec"": 21, ""process_kprobe"": 14}"
1774258393,normal,sw-wk3,0.2235555555555644,0.4149485407784239,0.0,0.0,2085.0333333333333,5246.8,0,0,0,0,0,0,{}
1774258393,normal,sw-wk2,0.09455555555557826,0.39240239379904185,0.0,0.0,381.73333333333335,4484.4,0,106,7,0,0,0,"{""process_exec"": 106, ""process_exit"": 106}"
1774258393,normal,k3s-wk1,0.27900000000000647,0.7128567856719874,574.7333333333333,304.6,9647.133333333333,1322.8666666666666,0,15,2,0,12,0,"{""process_exit"": 15, ""process_exec"": 15, ""process_kprobe"": 12}"
1774258403,normal,sw-wk3,0.2235555555555644,0.4149485407784239,0.0,0.0,2085.0333333333333,5246.8,0,1,1,0,0,0,"{""process_exit"": 1, ""process_exec"": 1}"
1774258403,normal,sw-wk2,0.09455555555557826,0.39240239379904185,0.0,0.0,381.73333333333335,4484.4,0,0,0,0,0,0,{}
1774258403,normal,k3s-wk1,0.27677777777776613,0.7123475148372833,578.7333333333333,309.2,33015.73333333333,6539.2333333333345,0,36,3,0,34,0,"{""process_exit"": 36, ""process_exec"": 36, ""process_kprobe"": 34}"
1774258413,normal,sw-wk3,0.2235555555555644,0.4149485407784239,0.0,0.0,2085.0333333333333,5246.8,0,0,0,0,0,0,{}
1774258413,normal,sw-wk2,0.17299999999999682,0.3969385156535995,0.0,0.0,5507.066666666667,27803.466666666667,0,1,1,0,0,0,"{""process_exit"": 1, ""process_exec"": 1}"
1774258413,normal,k3s-wk1,0.27677777777776613,0.7123475148372833,578.7333333333333,309.2,33015.73333333333,6539.233333333334,0,42,3,0,38,0,"{""process_exit"": 42, ""process_exec"": 42, ""process_kprobe"": 38}"
1774258423,normal,sw-wk3,0.11466666666666336,0.4151693787291273,0.0,0.0,4168.466666666666,5388.366666666667,0,0,0,0,0,0,{}
1774258423,normal,sw-wk2,0.17299999999999682,0.3969385156535995,0.0,0.0,5507.066666666667,27803.466666666667,0,0,0,0,0,0,{}
1774258423,normal,k3s-wk1,0.27677777777776613,0.7123475148372833,578.7333333333333,309.2,33015.73333333333,6539.233333333334,0,12,2,0,11,0,"{""process_kprobe"": 11, ""process_exit"": 12, ""process_exec"": 12}"
1774258433,normal,sw-wk3,0.11466666666666336,0.4151693787291273,0.0,0.0,4168.466666666666,5388.366666666667,0,0,0,0,0,0,{}
1774258433,normal,sw-wk2,0.17299999999999682,0.3969385156535995,0.0,0.0,5507.066666666667,27803.466666666667,0,1,1,0,0,0,"{""process_exit"": 1, ""process_exec"": 1}"
1774258433,normal,k3s-wk1,0.2696666666666917,0.7109183982313695,572.7333333333333,302.6,9948.333333333334,5663.0,0,36,3,0,33,0,"{""process_kprobe"": 33, ""process_exit"": 36, ""process_exec"": 36}"
1774258443,normal,sw-wk3,0.11466666666666336,0.4151693787291273,0.0,0.0,4168.466666666666,5388.366666666667,0,1,1,0,0,0,"{""process_exit"": 1, ""process_exec"": 1}"
1774258443,normal,sw-wk2,0.10077777777775421,0.3969206099094367,0.0,0.0,450.0,4508.2,0,2,2,0,0,0,"{""process_exec"": 2}"
1774258443,normal,k3s-wk1,0.2696666666666917,0.7109183982313695,572.7333333333333,302.6,9948.333333333334,5663.0,0,33,3,0,28,0,"{""process_exit"": 33, ""process_exec"": 33, ""process_kprobe"": 28}"
1774258453,normal,sw-wk3,0.1347777777777689,0.4152986982498095,0.0,0.0,2107.866666666667,5262.966666666666,0,0,0,0,0,0,{}
1774258453,normal,sw-wk2,0.10077777777775443,0.3969206099094367,0.0,0.0,450.0,4508.2,0,0,0,0,0,0,{}
1774258453,normal,k3s-wk1,0.2696666666666917,0.7109183982313695,572.7333333333333,302.6,9948.333333333334,5663.0,0,12,2,0,11,0,"{""process_exit"": 12, ""process_exec"": 12, ""process_kprobe"": 11}"
1774258463,normal,sw-wk3,0.1347777777777689,0.4152986982498095,0.0,0.0,2107.866666666667,5262.966666666666,0,0,0,0,0,0,{}
1774258463,normal,sw-wk2,0.10077777777775443,0.3969206099094367,0.0,0.0,450.0,4508.2,0,104,5,0,0,0,"{""process_exit"": 106, ""process_exec"": 104}"
1774258463,normal,k3s-wk1,0.26077777777776034,0.7093550552039057,575.7333333333333,305.6,10073.466666666667,5934.6,0,36,3,0,34,0,"{""process_exit"": 36, ""process_exec"": 36, ""process_kprobe"": 34}"
1774258473,normal,sw-wk3,0.1347777777777689,0.4152986982498095,0.0,0.0,2107.866666666667,5262.966666666666,0,0,0,0,0,0,{}
1774258473,normal,sw-wk2,0.1873333333333398,0.39111119069219624,0.0,0.0,6355.466666666666,27962.933333333334,0,1,1,0,0,0,"{""process_exit"": 1, ""process_exec"": 1}"
1774258473,normal,k3s-wk1,0.26077777777776034,0.7093550552039057,575.7333333333333,305.6,10073.466666666667,5934.6,0,54,3,0,50,0,"{""process_exit"": 54, ""process_exec"": 54, ""process_kprobe"": 50}"
1774258483,normal,sw-wk3,0.09666666666667478,0.4148689595349272,4.466666666666667,6.0,3133.7,4958.8,0,0,0,0,0,0,{}
1774258483,normal,sw-wk2,0.1873333333333398,0.39111119069219624,0.0,0.0,6355.466666666666,27962.933333333334,0,0,0,0,0,0,{}
1774258483,normal,k3s-wk1,0.26077777777776034,0.7093550552039057,575.7333333333333,305.6,10073.466666666667,5934.6,0,15,2,0,12,0,"{""process_exit"": 15, ""process_exec"": 15, ""process_kprobe"": 12}"
1774258494,normal,sw-wk3,0.09666666666667478,0.4148689595349272,4.466666666666667,6.0,3133.7,4958.8,0,1,1,0,0,0,"{""process_exit"": 1, ""process_exec"": 1}"
1774258494,normal,sw-wk2,0.1873333333333398,0.39111119069219624,0.0,0.0,6355.466666666666,27962.933333333334,0,0,0,0,0,0,{}
1774258494,normal,k3s-wk1,0.3000425406590622,0.7050598097143083,562.2566183448411,297.0646945253444,31861.611963742274,7692.561929382506,0,56,5,0,51,0,"{""process_kprobe"": 51, ""process_exit"": 54, ""process_exec"": 56}"
1774258504,normal,sw-wk3,0.09666666666667478,0.4148689595349272,4.466666666666667,6.0,3133.7,4958.8,0,0,0,0,0,0,{}
1774258504,normal,sw-wk2,0.098666666666678,0.39110522211080867,0.0,0.0,876.4,4301.933333333333,0,0,0,0,0,0,{}
1774258504,normal,k3s-wk1,0.3000425406590622,0.7050598097143083,562.2566183448411,297.0646945253444,31861.611963742267,7692.561929382506,0,24,6,0,14,0,"{""process_exit"": 24, ""process_exec"": 24, ""process_kprobe"": 14}"
1774258513,normal,sw-wk3,0.12511111111111362,0.41510770326541735,0.0,0.0,4084.8333333333335,5396.4,0,1,1,0,0,0,"{""process_exit"": 1, ""process_exec"": 1}"
1774258513,normal,sw-wk2,0.098666666666678,0.39110522211080867,0.0,0.0,876.4,4301.933333333333,0,2,2,0,0,0,"{""process_exec"": 2}"
1774258513,normal,k3s-wk1,0.3000425406590622,0.7050598097143083,562.2566183448411,297.0646945253444,31861.611963742267,7692.561929382506,0,36,3,0,33,0,"{""process_exit"": 36, ""process_exec"": 36, ""process_kprobe"": 33}"
1774258523,normal,sw-wk3,0.12511111111111362,0.41510770326541735,0.0,0.0,4084.8333333333335,5396.4,0,0,0,0,0,0,{}
1774258523,normal,sw-wk2,0.098666666666678,0.39110522211080867,0.0,0.0,876.4,4301.933333333333,0,105,6,0,0,0,"{""process_exit"": 107, ""process_exec"": 105}"
1774258523,normal,k3s-wk1,0.3043714547739591,0.7098643260386098,146374.0022417717,2988.213715566727,10674.87517407697,5189.36177439625,0,36,3,0,35,0,"{""process_kprobe"": 35, ""process_exit"": 36, ""process_exec"": 36}"
1774258533,normal,sw-wk3,0.12511111111111362,0.41510770326541735,0.0,0.0,4084.8333333333335,5396.4,0,0,0,0,0,0,{}
1774258533,normal,sw-wk2,0.17019409170195543,0.39696437950627894,0.0,0.0,4345.665433456655,28428.65713428657,0,0,0,0,0,0,{}
1774258533,normal,k3s-wk1,0.3043714547739591,0.7098643260386098,146374.0022417717,2988.213715566727,10674.87517407697,5189.36177439625,0,57,3,0,52,0,"{""process_exit"": 57, ""process_exec"": 57, ""process_kprobe"": 52}"
1774258543,normal,sw-wk3,0.11555555555555153,0.4152091693508757,0.0,0.0,2813.4,5481.933333333333,0,1,1,0,0,0,"{""process_exit"": 1, ""process_exec"": 1}"
1774258543,normal,sw-wk2,0.17019409170195543,0.39696437950627894,0.0,0.0,4345.665433456655,28428.65713428657,0,0,0,0,0,0,{}
1774258543,normal,k3s-wk1,0.3043714547739591,0.7098643260386098,146374.0022417717,2988.213715566727,10674.87517407697,5189.36177439625,0,33,3,0,31,0,"{""process_kprobe"": 31, ""process_exit"": 33, ""process_exec"": 33}"
1774258553,normal,sw-wk3,0.11555555555555153,0.4152091693508757,0.0,0.0,2813.4,5481.933333333333,0,0,0,0,0,0,{}
1774258553,normal,sw-wk2,0.17019409170195543,0.39696437950627894,0.0,0.0,4345.665433456655,28428.65713428657,0,0,0,0,0,0,{}
1774258553,normal,k3s-wk1,0.2875555555555467,0.7115868984485005,572.7333333333333,302.6,33269.73333333333,6515.5666666666675,0,15,2,0,12,0,"{""process_kprobe"": 12, ""process_exit"": 15, ""process_exec"": 15}"
1774258563,normal,sw-wk3,0.11555555555555153,0.4152091693508757,0.0,0.0,2813.4,5481.933333333333,0,0,0,0,0,0,{}
1774258563,normal,sw-wk2,0.10335477992241093,0.3969623899791498,0.0,0.0,1689.068906890689,4361.836183618361,0,1,1,0,0,0,"{""process_exit"": 1, ""process_exec"": 1}"
1774258563,normal,k3s-wk1,0.2875555555555467,0.7115868984485005,572.7333333333333,302.6,33269.73333333333,6515.566666666667,0,36,3,0,30,0,"{""process_exit"": 36, ""process_exec"": 36, ""process_kprobe"": 30}"
1774258573,normal,sw-wk3,0.1231111111111306,0.4156926254051183,0.0,0.0,2115.633333333333,5608.4,0,1,1,0,0,0,"{""process_exit"": 1, ""process_exec"": 1}"
1774258573,normal,sw-wk2,0.10335477992241093,0.3969623899791498,0.0,0.0,1689.068906890689,4361.836183618361,0,106,7,0,0,0,"{""process_exec"": 106, ""process_exit"": 106}"
1774258573,normal,k3s-wk1,0.2875555555555467,0.7115868984485005,572.7333333333333,302.6,33269.73333333333,6515.566666666667,0,15,2,0,12,0,"{""process_exit"": 15, ""process_exec"": 15, ""process_kprobe"": 12}"
1774258583,normal,sw-wk3,0.1231111111111306,0.4156926254051183,0.0,0.0,2115.633333333333,5608.4,0,0,0,0,0,0,{}
1774258583,normal,sw-wk2,0.10335477992241093,0.3969623899791498,0.0,0.0,1689.068906890689,4361.836183618361,0,0,0,0,0,0,{}
1774258583,normal,k3s-wk1,0.2898888888888904,0.7103512258030557,572.7333333333333,302.6,33720.833333333336,9140.3,0,12,2,0,12,0,"{""process_kprobe"": 12, ""process_exit"": 12, ""process_exec"": 12}"
1774258593,transition,sw-wk3,0.1231111111111306,0.4156926254051183,0.0,0.0,2115.633333333333,5608.4,9,0,0,0,0,0,{}
1774258593,transition,sw-wk2,0.0,0.3969623899791498,0.0,0.0,0.0,0.0,9,0,0,0,0,0,{}
1774258593,transition,k3s-wk1,0.28988888888889053,0.7103512258030557,572.7333333333333,302.6,33720.833333333336,9140.3,9,57,3,0,54,0,"{""process_exit"": 57, ""process_exec"": 57, ""process_kprobe"": 54}"
1774258603,transition,sw-wk3,0.11077777777775033,0.4156846672807686,0.0,0.0,3366.366666666667,5099.3,19,0,0,0,0,0,{}
1774258603,transition,sw-wk2,0.0,0.0,0.0,0.0,0.0,0.0,19,0,0,0,0,0,{}
1774258603,transition,k3s-wk1,0.28988888888889053,0.7103512258030557,572.7333333333333,302.6,33720.833333333336,9140.3,19,64,4,0,57,0,"{""process_exit"": 66, ""process_exec"": 64, ""process_kprobe"": 57}"
1774258613,transition,sw-wk3,0.11077777777775033,0.4156846672807686,0.0,0.0,3366.366666666667,5099.3,29,0,0,0,0,0,{}
1774258613,transition,sw-wk2,0.0,0.0,0.0,0.0,0.0,0.0,29,0,0,0,0,0,{}
1774258613,transition,k3s-wk1,0.2811111111111132,0.708368096221921,572.7333333333333,302.6,5083.633333333333,3638.2666666666664,29,12,2,0,11,0,"{""process_kprobe"": 11, ""process_exit"": 12, ""process_exec"": 12}"
1774258623,transition,sw-wk3,0.11077777777775033,0.4156846672807686,0.0,0.0,3366.366666666667,5099.3,40,1,1,0,0,0,"{""process_exit"": 1, ""process_exec"": 1}"
1774258623,transition,sw-wk2,0.0,0.0,0.0,0.0,0.0,0.0,40,0,0,0,0,0,{}
1774258623,transition,k3s-wk1,0.2811111111111132,0.708368096221921,572.7333333333333,302.6,5083.633333333333,3638.2666666666664,40,39,3,0,33,0,"{""process_exit"": 39, ""process_exec"": 39, ""process_kprobe"": 33}"
1774258633,transition,sw-wk3,0.1395555555555701,0.4161541966173993,0.0,0.0,8743.566666666666,5455.2,49,0,0,0,0,0,{}
1774258633,transition,sw-wk2,0.0,0.0,0.0,0.0,0.0,0.0,49,0,0,0,0,0,{}
1774258633,transition,k3s-wk1,0.2811111111111132,0.708368096221921,572.7333333333333,302.6,5083.633333333333,3638.2666666666664,49,39,3,0,35,0,"{""process_kprobe"": 35, ""process_exit"": 39, ""process_exec"": 39}"
1774258643,transition,sw-wk3,0.1395555555555701,0.4161541966173993,0.0,0.0,8743.566666666666,5455.2,60,0,0,0,0,0,{}
1774258643,transition,sw-wk2,0.0,0.0,0.0,0.0,0.0,0.0,60,0,0,0,0,0,{}
1774258643,transition,k3s-wk1,0.26255555555553656,0.6977089392164861,572.7333333333333,302.6,5393.966666666668,7350.4,60,39,3,0,38,0,"{""process_kprobe"": 38, ""process_exit"": 39, ""process_exec"": 39}"
1774258653,transition,sw-wk3,0.1395555555555701,0.4161541966173993,0.0,0.0,8743.566666666666,5455.2,70,0,0,0,0,0,{}
1774258653,transition,sw-wk2,0.0,0.0,0.0,0.0,0.0,0.0,70,0,0,0,0,0,{}
1774258653,transition,k3s-wk1,0.26255555555553656,0.6977089392164861,572.7333333333333,302.6,5393.966666666666,7350.4,70,36,3,0,34,0,"{""process_exit"": 36, ""process_exec"": 36, ""process_kprobe"": 34}"
1774258663,transition,sw-wk3,0.08622222222222464,0.41611440599565086,0.0,0.0,859.6333333333333,4896.966666666666,80,0,0,0,0,0,{}
1774258663,transition,sw-wk2,0.0,0.0,0.0,0.0,0.0,0.0,80,0,0,0,0,0,{}
1774258663,transition,k3s-wk1,0.26255555555553656,0.6977089392164861,572.7333333333333,302.6,5393.966666666666,7350.4,80,33,3,0,31,0,"{""process_kprobe"": 31, ""process_exit"": 33, ""process_exec"": 33}"
1774258745,transition,sw-wk3,0.9631055831265388,0.41614623849304955,0.0,0.0,5498.722109181141,5115.366848635234,162,0,0,0,0,0,{}
1774258745,transition,sw-wk2,0.0,0.39498877906699137,0.0,0.0,0.0,0.0,162,0,0,0,0,0,{}
1774258745,transition,k3s-wk1,0.0,0.6989525075337869,0.0,0.0,0.0,0.0,162,0,0,0,0,0,{}
1774258752,transition,sw-wk3,0.9529999999999846,0.41614623849304955,0.0,0.0,4969.133333333333,4456.8,168,0,0,0,0,0,{}
1774258752,transition,sw-wk2,0.0,0.39498877906699137,0.0,0.0,0.0,0.0,168,0,0,0,0,0,{}
1774258752,transition,k3s-wk1,0.0,0.6989525075337869,0.0,0.0,0.0,0.0,168,39,3,0,54,0,"{""process_kprobe"": 54, ""process_exit"": 40, ""process_exec"": 39}"
1774258762,transition,sw-wk3,0.9529999999999846,0.41614623849304955,0.0,0.0,4969.133333333333,4456.8,178,0,0,0,0,0,{}
1774258762,transition,sw-wk2,0.0,0.39498877906699137,0.0,0.0,0.0,0.0,178,0,0,0,0,0,{}
1774258762,transition,k3s-wk1,0.8144907665505334,0.6960416365095867,388.40423990192284,204.53327138985676,13861.201367918442,73117.36565234223,178,15,2,0,11,0,"{""process_kprobe"": 11, ""process_exit"": 15, ""process_exec"": 15}"
1774258772,normal,sw-wk3,0.9529999999999846,0.41614623849304955,0.0,0.0,4969.133333333333,4456.8,0,0,0,0,0,0,{}
1774258772,normal,sw-wk2,0.48788054530361735,0.3954702446322558,11.824617590822177,12.295150962692873,25126.367439637153,6171.294747061527,0,0,0,0,0,0,{}
1774258772,normal,k3s-wk1,0.8190000000000105,0.6960416365095867,377.3666666666667,198.4,13417.333333333334,70659.46666666666,0,44,11,0,32,0,"{""process_kprobe"": 32, ""process_exit"": 44, ""process_exec"": 44}"
1774258782,normal,sw-wk3,0.3662137982195762,0.4173459257387626,0.0,0.0,41924.49124368786,9024.032682206256,0,0,0,0,0,0,{}
1774258782,normal,sw-wk2,0.25311633835799385,0.3954702446322558,17.208413001912046,17.875405753924138,36479.79011961403,8948.552625728133,0,0,0,0,0,0,{}
1774258782,normal,k3s-wk1,0.8190000000000105,0.6960416365095867,377.3666666666667,198.4,13417.333333333334,70659.46666666666,0,21,2,0,19,0,"{""process_kprobe"": 19, ""process_exit"": 21, ""process_exec"": 21}"
1774258792,normal,sw-wk3,0.3346555390702185,0.4173459257387626,0.0,0.0,43659.13220990161,9378.080115180384,0,0,0,0,0,0,{}
1774258792,normal,sw-wk2,0.4545321898113017,0.3954702446322558,12.54106118546845,13.013146427142159,26527.799376732324,6499.259200794462,0,0,0,0,0,0,{}
1774258792,normal,k3s-wk1,0.3978018563827671,0.6836704346567357,662.6820459046953,362.62379121519274,16062.7985552837,58966.398695094955,0,18,2,0,14,0,"{""process_exit"": 18, ""process_exec"": 18, ""process_kprobe"": 14}"
1774258802,normal,sw-wk3,0.46717106824925114,0.4173459257387626,0.0,0.0,50928.73333333333,7563.166666666667,0,0,0,0,0,0,{}
1774258802,normal,sw-wk2,0.1550610604126511,0.39546626557799747,0.0,0.0,696.2333333333335,3974.6,0,0,0,0,0,0,{}
1774258802,normal,k3s-wk1,0.3195555555555377,0.6836704346567357,570.6,320.3333333333333,9560.5,13691.966666666667,0,12,2,0,10,0,"{""process_kprobe"": 10, ""process_exit"": 12, ""process_exec"": 12}"
1774258812,normal,sw-wk3,0.08755555555554662,0.4175806904070779,0.0,0.0,2159.366666666667,4985.933333333333,0,0,0,0,0,0,{}
1774258812,normal,sw-wk2,0.08155555555555727,0.39546626557799747,0.0,0.0,696.2333333333333,3974.6,0,0,0,0,0,0,{}
1774258812,normal,k3s-wk1,0.3195555555555377,0.6836704346567357,570.6,320.3333333333333,9560.5,13691.966666666667,0,15,2,0,18,0,"{""process_kprobe"": 18, ""process_exit"": 15, ""process_exec"": 15}"
1774258822,normal,sw-wk3,0.08755555555554662,0.4175806904070779,0.0,0.0,2159.366666666667,4985.933333333333,0,0,0,0,0,0,{}
1774258822,normal,sw-wk2,0.08155555555555727,0.39546626557799747,0.0,0.0,696.2333333333333,3974.6,0,0,0,0,0,0,{}
1774258822,normal,k3s-wk1,0.28188888888889785,0.6810714426708426,587.7333333333333,325.3333333333333,9676.3,8990.8,0,15,2,0,13,0,"{""process_kprobe"": 13, ""process_exit"": 15, ""process_exec"": 15}"
1774258832,normal,sw-wk3,0.08755555555554662,0.4175806904070779,0.0,0.0,2159.366666666667,4985.933333333333,0,0,0,0,0,0,{}
1774258832,normal,sw-wk2,0.1578888888888994,0.3990991421159019,5.133333333333333,5.0,4961.633333333333,4583.633333333334,0,0,0,0,0,0,{}
1774258832,normal,k3s-wk1,0.28188888888889785,0.6810714426708426,587.7333333333333,325.3333333333333,9676.3,8990.8,0,45,3,0,39,0,"{""process_kprobe"": 39, ""process_exit"": 45, ""process_exec"": 45}"
1774258842,normal,sw-wk3,0.0987777777777713,0.41769409367906074,3.0,3.0000000000000004,2528.2666666666664,4892.266666666666,0,0,0,0,0,0,{}
1774258842,normal,sw-wk2,0.1578888888888994,0.3990991421159019,5.133333333333333,5.0,4961.633333333333,4583.633333333333,0,0,0,0,0,0,{}
1774258842,normal,k3s-wk1,0.28188888888889785,0.6810714426708426,587.7333333333333,325.3333333333333,9676.3,8990.8,0,63,3,0,58,0,"{""process_kprobe"": 58, ""process_exit"": 63, ""process_exec"": 63}"
1774258852,normal,sw-wk3,0.0987777777777713,0.41769409367906074,3.0,3.0,2528.2666666666664,4892.266666666666,0,0,0,0,0,0,{}
1774258852,normal,sw-wk2,0.1578888888888994,0.3990991421159019,5.133333333333333,5.0,4961.633333333333,4583.633333333333,0,0,0,0,0,0,{}
1774258852,normal,k3s-wk1,0.26711111111112074,0.6822860601913385,576.6,315.4,8862.566666666666,1078.0333333333333,0,15,2,0,12,0,"{""process_kprobe"": 12, ""process_exit"": 15, ""process_exec"": 15}"
1774258862,normal,sw-wk3,0.0987777777777713,0.41769409367906074,3.0,3.0,2528.2666666666664,4892.266666666666,0,0,0,0,0,0,{}
1774258862,normal,sw-wk2,0.06611111111109902,0.39848835728723997,0.0,0.0,339.73333333333335,4000.7999999999997,0,0,0,0,0,0,{}
1774258862,normal,k3s-wk1,0.26711111111112074,0.6822860601913385,576.6,315.4,8862.566666666666,1078.0333333333333,0,12,2,0,10,0,"{""process_kprobe"": 10, ""process_exit"": 12, ""process_exec"": 12}"
1774258872,normal,sw-wk3,0.0936666666666901,0.4179308478784636,2.1333333333333333,2.0,2119.1666666666665,4985.433333333333,0,0,0,0,0,0,{}
1774258872,normal,sw-wk2,0.06611111111109902,0.39848835728723997,0.0,0.0,339.73333333333335,4000.7999999999997,0,0,0,0,0,0,{}
1774258872,normal,k3s-wk1,0.26711111111112074,0.6822860601913385,576.6,315.4,8862.566666666666,1078.0333333333333,0,78,3,0,77,0,"{""process_exit"": 78, ""process_exec"": 78, ""process_kprobe"": 77}"
1774258882,normal,sw-wk3,0.0936666666666901,0.4179308478784636,2.1333333333333333,2.0,2119.1666666666665,4985.433333333333,0,0,0,0,0,0,{}
1774258882,normal,sw-wk2,0.06611111111109902,0.39848835728723997,0.0,0.0,339.73333333333335,4000.7999999999997,0,0,0,0,0,0,{}
1774258882,normal,k3s-wk1,0.28533333333331634,0.683457251516627,581.2,318.46666666666664,9565.133333333335,9012.766666666666,0,18,2,0,15,0,"{""process_exit"": 18, ""process_exec"": 18, ""process_kprobe"": 15}"
1774258892,normal,sw-wk3,0.0936666666666901,0.4179308478784636,2.1333333333333333,2.0,2119.1666666666665,4985.433333333333,0,0,0,0,0,0,{}
1774258892,normal,sw-wk2,0.1514444444444355,0.3993279377357589,0.0,0.0,5240.0,4642.0,0,0,0,0,0,0,{}
1774258892,normal,k3s-wk1,0.28533333333331634,0.683457251516627,581.2,318.46666666666664,9565.133333333333,9012.766666666666,0,57,3,0,51,0,"{""process_exit"": 57, ""process_exec"": 57, ""process_kprobe"": 51}"
1774258902,normal,sw-wk3,0.08577777777777029,0.41841430393270607,4.466666666666668,6.0,3473.8333333333335,5120.8,0,0,0,0,0,0,{}
1774258902,normal,sw-wk2,0.1514444444444355,0.3993279377357589,0.0,0.0,5240.0,4642.0,0,0,0,0,0,0,{}
1774258902,normal,k3s-wk1,0.28533333333331634,0.683457251516627,581.2,318.46666666666664,9565.133333333333,9012.766666666666,0,36,3,0,34,0,"{""process_exit"": 36, ""process_exec"": 36, ""process_kprobe"": 34}"
1774258912,normal,sw-wk3,0.08577777777777051,0.41841430393270607,4.466666666666667,6.0,3473.8333333333335,5120.8,0,0,0,0,0,0,{}
1774258912,normal,sw-wk2,0.1514444444444355,0.3993279377357589,0.0,0.0,5240.0,4642.0,0,0,0,0,0,0,{}
1774258912,normal,k3s-wk1,0.26433333333334297,0.6885657512073798,761.9,409.8333333333333,9127.033333333333,2308.5,0,15,2,0,14,0,"{""process_kprobe"": 14, ""process_exit"": 15, ""process_exec"": 15}"
1774258922,normal,sw-wk3,0.08577777777777051,0.41841430393270607,4.466666666666667,6.0,3473.8333333333335,5120.8,0,0,0,0,0,0,{}
1774258922,normal,sw-wk2,0.06550674399485856,0.3993060529373379,0.0,0.0,536.1309246050263,3979.6680221318584,0,0,0,0,0,0,{}
1774258922,normal,k3s-wk1,0.26433333333334297,0.6885657512073798,761.9,409.8333333333333,9127.033333333333,2308.5,0,81,3,0,76,0,"{""process_exit"": 81, ""process_exec"": 81, ""process_kprobe"": 76}"
1774258932,normal,sw-wk3,0.09322222222223597,0.41901514232110637,0.0,0.0,2993.9,4964.533333333333,0,0,0,0,0,0,{}
1774258932,normal,sw-wk2,0.06550674399485856,0.3993060529373379,0.0,0.0,536.1309246050263,3979.668022131858,0,0,0,0,0,0,{}
1774258932,normal,k3s-wk1,0.26433333333334297,0.6885657512073798,761.9,409.8333333333333,9127.033333333333,2308.5,0,30,3,0,32,0,"{""process_exit"": 32, ""process_exec"": 30, ""process_kprobe"": 32}"
1774258942,normal,sw-wk3,0.09322222222223597,0.41901514232110637,0.0,0.0,2993.9,4964.533333333333,0,0,0,0,0,0,{}
1774258942,normal,sw-wk2,0.06550674399485856,0.3993060529373379,0.0,0.0,536.1309246050263,3979.668022131858,0,0,0,0,0,0,{}
1774258942,normal,k3s-wk1,0.3047777777777606,0.6853824795041519,576.6,307.5333333333333,9549.933333333332,7321.433333333333,0,15,2,0,11,0,"{""process_exit"": 15, ""process_exec"": 15, ""process_kprobe"": 11}"
1774258952,normal,sw-wk3,0.09322222222223597,0.41901514232110637,0.0,0.0,2993.9,4964.533333333333,0,0,0,0,0,0,{}
1774258952,normal,sw-wk2,0.15777896280496495,0.39530312435340365,5.132648980135982,4.9993334222103725,5158.512198373551,4619.684042127717,0,0,0,0,0,0,{}
1774258952,normal,k3s-wk1,0.3047777777777608,0.6853824795041519,576.6,307.5333333333333,9549.933333333332,7321.433333333333,0,57,3,0,51,0,"{""process_exit"": 57, ""process_exec"": 57, ""process_kprobe"": 51}"
1774258962,normal,sw-wk3,0.09000000000000397,0.4191166084065646,0.0,0.0,4026.9666666666667,5010.7,0,0,0,0,0,0,{}
1774258962,normal,sw-wk2,0.15777896280496495,0.39530312435340365,5.132648980135982,4.9993334222103725,5158.512198373551,4619.684042127717,0,0,0,0,0,0,{}
1774258962,normal,k3s-wk1,0.3047777777777608,0.6853824795041519,576.6,307.5333333333333,9549.933333333332,7321.433333333333,0,15,2,0,12,0,"{""process_exit"": 15, ""process_exec"": 15, ""process_kprobe"": 12}"
1774258972,normal,sw-wk3,0.09000000000000397,0.4191166084065646,0.0,0.0,4026.9666666666667,5010.7,0,0,0,0,0,0,{}
1774258972,normal,sw-wk2,0.15777896280496495,0.39530312435340365,5.132648980135982,4.9993334222103725,5158.512198373551,4619.684042127717,0,0,0,0,0,0,{}
1774258972,normal,k3s-wk1,0.27077777777778655,0.6892947849087392,579.7333333333333,307.6000000000001,9145.5,6324.133333333333,0,39,3,0,33,0,"{""process_exit"": 39, ""process_exec"": 39, ""process_kprobe"": 33}"
1774258982,normal,sw-wk3,0.09000000000000397,0.4191166084065646,0.0,0.0,4026.9666666666667,5010.7,0,0,0,0,0,0,{}
1774258982,normal,sw-wk2,0.0681469627258745,0.3950066848111541,0.0,0.0,1480.1293592051743,4108.488364339534,0,0,0,0,0,0,{}
1774258982,normal,k3s-wk1,0.27077777777778667,0.6892947849087392,579.7333333333333,307.6,9145.5,6324.133333333333,0,75,3,0,69,0,"{""process_kprobe"": 69, ""process_exit"": 75, ""process_exec"": 75}"
1774258992,normal,sw-wk3,0.097222222222202,0.4206584949993136,0.0,0.0,1987.9333333333334,4903.266666666666,0,0,0,0,0,0,{}
1774258992,normal,sw-wk2,0.0681469627258745,0.3950066848111541,0.0,0.0,1480.1293592051743,4108.488364339534,0,0,0,0,0,0,{}
1774258992,normal,k3s-wk1,0.27077777777778667,0.6892947849087392,579.7333333333333,307.6,9145.5,6324.133333333333,0,57,3,0,56,0,"{""process_exit"": 57, ""process_exec"": 57, ""process_kprobe"": 56}"
1774259002,normal,sw-wk3,0.097222222222202,0.4206584949993136,0.0,0.0,1987.9333333333334,4903.266666666666,0,0,0,0,0,0,{}
1774259002,normal,sw-wk2,0.0681469627258745,0.3950066848111541,0.0,0.0,1480.1293592051743,4108.488364339534,0,0,0,0,0,0,{}
1774259002,normal,k3s-wk1,0.29533333333333256,0.678507981208301,576.6,307.2,9623.200000000003,8883.633333333333,0,54,3,0,51,0,"{""process_kprobe"": 51, ""process_exit"": 54, ""process_exec"": 54}"
1774259012,normal,sw-wk3,0.097222222222202,0.4206584949993136,0.0,0.0,1987.9333333333334,4903.266666666666,0,0,0,0,0,0,{}
1774259012,normal,sw-wk2,0.14108589141086458,0.3927644877365548,0.0,0.0,5081.925140819251,4654.734526547345,0,0,0,0,0,0,{}
1774259012,normal,k3s-wk1,0.29533333333333256,0.678507981208301,576.6,307.2,9623.2,8883.633333333333,0,99,3,0,92,0,"{""process_exit"": 99, ""process_exec"": 99, ""process_kprobe"": 92}"
1774259022,normal,sw-wk3,0.08488888888892288,0.4201193320746234,0.0,0.0,4207.2,5167.766666666666,0,0,0,0,0,0,{}
1774259022,normal,sw-wk2,0.14108589141086458,0.3927644877365548,0.0,0.0,5081.925140819251,4654.734526547345,0,0,0,0,0,0,{}
1774259022,normal,k3s-wk1,0.29533333333333256,0.678507981208301,576.6,307.2,9623.2,8883.633333333333,0,33,3,0,31,0,"{""process_kprobe"": 31, ""process_exit"": 33, ""process_exec"": 33}"
1774259032,normal,sw-wk3,0.08488888888892288,0.4201193320746234,0.0,0.0,4207.2,5167.766666666666,0,0,0,0,0,0,{}
1774259032,normal,sw-wk2,0.14108589141086458,0.3927644877365548,0.0,0.0,5081.925140819251,4654.734526547345,0,0,0,0,0,0,{}
1774259032,normal,k3s-wk1,0.25399999999998624,0.677603926780803,572.7333333333333,302.6,9186.3,3164.4333333333334,0,18,2,0,13,0,"{""process_exit"": 18, ""process_exec"": 18, ""process_kprobe"": 13}"
1774259042,normal,sw-wk3,0.08488888888892288,0.4201193320746234,0.0,0.0,4207.2,5167.766666666666,0,0,0,0,0,0,{}
1774259042,normal,sw-wk2,0.06535097954239222,0.39299726241067023,0.0,0.0,679.8013134646798,4020.968763543021,0,0,0,0,0,0,{}
1774259042,normal,k3s-wk1,0.25399999999998624,0.677603926780803,572.7333333333333,302.6,9186.3,3164.4333333333334,0,12,2,0,9,0,"{""process_kprobe"": 9, ""process_exit"": 12, ""process_exec"": 12}"
1774259052,normal,sw-wk3,0.09011111111107695,0.41996812771197956,0.0,0.0,2112.5333333333333,5028.8,0,0,0,0,0,0,{}
1774259052,normal,sw-wk2,0.06535097954239222,0.39299726241067023,0.0,0.0,679.8013134646798,4020.968763543021,0,0,0,0,0,0,{}
1774259052,normal,k3s-wk1,0.25399999999998624,0.677603926780803,572.7333333333333,302.6,9186.3,3164.4333333333334,0,15,2,0,16,0,"{""process_exit"": 16, ""process_exec"": 15, ""process_kprobe"": 16}"
1774259062,normal,sw-wk3,0.09011111111107717,0.41996812771197956,0.0,0.0,2112.5333333333333,5028.8,0,0,0,0,0,0,{}
1774259062,normal,sw-wk2,0.06535097954239222,0.39299726241067023,0.0,0.0,679.8013134646798,4020.968763543021,0,0,0,0,0,0,{}
1774259062,normal,k3s-wk1,0.26222222222224645,0.6768814728059902,572.7333333333333,302.6,9530.233333333334,5261.266666666666,0,33,3,0,29,0,"{""process_exit"": 33, ""process_exec"": 33, ""process_kprobe"": 29}"
1774259072,normal,sw-wk3,0.09011111111107717,0.41996812771197956,0.0,0.0,2112.5333333333333,5028.8,0,0,0,0,0,0,{}
1774259072,normal,sw-wk2,0.14808519148084887,0.392569514077894,0.0,0.0,5115.921741159217,4629.237076292371,0,0,0,0,0,0,{}
1774259072,normal,k3s-wk1,0.26222222222224645,0.6768814728059902,572.7333333333333,302.6,9530.233333333334,5261.266666666666,0,15,2,0,11,0,"{""process_kprobe"": 11, ""process_exit"": 15, ""process_exec"": 15}"
1774259082,normal,sw-wk3,0.09267653201795234,0.41949064025099925,0.0,0.0,3853.586188508199,5024.863351553126,0,0,0,0,0,0,{}
1774259082,normal,sw-wk2,0.14808519148084864,0.392569514077894,0.0,0.0,5115.921741159217,4629.237076292371,0,0,0,0,0,0,{}
1774259082,normal,k3s-wk1,0.26222222222224645,0.6768814728059902,572.7333333333333,302.6,9530.233333333334,5261.266666666666,0,16,3,0,12,0,"{""process_exit"": 15, ""process_exec"": 16, ""process_kprobe"": 12}"
1774259092,normal,sw-wk3,0.09267653201795234,0.41949064025099925,0.0,0.0,3853.586188508199,5024.863351553126,0,0,0,0,0,0,{}
1774259092,normal,sw-wk2,0.14808519148084864,0.392569514077894,0.0,0.0,5115.921741159217,4629.237076292371,0,0,0,0,0,0,{}
1774259092,normal,k3s-wk1,0.3030000000000048,0.6868589701412009,570.6,300.6,9110.733333333334,6896.766666666666,0,9,2,0,9,0,"{""process_kprobe"": 9, ""process_exit"": 9, ""process_exec"": 9}"
1774259102,normal,sw-wk3,0.09267653201795234,0.41949064025099925,0.0,0.0,3853.586188508199,5024.863351553126,0,0,0,0,0,0,{}
1774259102,normal,sw-wk2,0.07966666666668776,0.39267893806999954,0.0,0.0,690.1333333333333,3996.7999999999997,0,0,0,0,0,0,{}
1774259102,normal,k3s-wk1,0.3030000000000048,0.6868589701412009,570.6,300.6,9110.733333333334,6896.766666666666,0,33,3,0,31,0,"{""process_kprobe"": 31, ""process_exit"": 33, ""process_exec"": 33}"
1774259112,normal,sw-wk3,0.09843534693515588,0.4188818437382493,0.0,0.0,2557.0742765702093,5043.239098546473,0,0,0,0,0,0,{}
1774259112,normal,sw-wk2,0.07966666666668776,0.39267893806999954,0.0,0.0,690.1333333333333,3996.7999999999997,0,0,0,0,0,0,{}
1774259112,normal,k3s-wk1,0.3030000000000048,0.6868589701412009,570.6,300.6,9110.733333333334,6896.766666666666,0,33,3,0,34,0,"{""process_exit"": 33, ""process_exec"": 33, ""process_kprobe"": 34}"
1774259122,normal,sw-wk3,0.09843534693515588,0.4188818437382493,0.0,0.0,2557.0742765702093,5043.239098546473,0,0,0,0,0,0,{}
1774259122,normal,sw-wk2,0.07966666666668776,0.39267893806999954,0.0,0.0,690.1333333333333,3996.7999999999997,0,0,0,0,0,0,{}
1774259122,normal,k3s-wk1,0.2812222222221964,0.7424313405534866,577.2,308.6,9648.8,5392.7,0,15,2,0,11,0,"{""process_exit"": 15, ""process_exec"": 15, ""process_kprobe"": 11}"
1774259132,normal,sw-wk3,0.09843534693515588,0.4188818437382493,0.0,0.0,2557.0742765702093,5043.239098546473,0,0,0,0,0,0,{}
1774259132,normal,sw-wk2,0.1499149914991298,0.39087642649095167,0.0,0.0,5268.693536020269,4738.0071340467375,0,0,0,0,0,0,{}
1774259132,normal,k3s-wk1,0.2812222222221964,0.7424313405534866,577.2,308.6,9648.8,5392.7,0,12,2,0,9,0,"{""process_kprobe"": 9, ""process_exit"": 12, ""process_exec"": 12}"
1774259142,normal,sw-wk3,0.08588888888888402,0.4190688596604666,0.0,0.0,2697.5666666666666,4992.166666666667,0,0,0,0,0,0,{}
1774259142,normal,sw-wk2,0.1499149914991298,0.39087642649095167,0.0,0.0,5268.693536020269,4738.0071340467375,0,0,0,0,0,0,{}
1774259142,normal,k3s-wk1,0.2812222222221964,0.7424313405534866,577.2,308.6,9648.8,5392.7,0,33,3,0,30,0,"{""process_exit"": 33, ""process_exec"": 33, ""process_kprobe"": 30}"
1774259152,normal,sw-wk3,0.08588888888888402,0.4190688596604666,0.0,0.0,2697.5666666666666,4992.166666666667,0,0,0,0,0,0,{}
1774259152,normal,sw-wk2,0.1499149914991298,0.39087642649095167,0.0,0.0,5268.693536020269,4738.0071340467375,0,0,0,0,0,0,{}
1774259152,normal,k3s-wk1,0.282353070827972,0.7924793725572765,565.940423843687,298.1452706053493,9078.983039640296,5015.637914503918,0,39,3,0,34,0,"{""process_exit"": 39, ""process_exec"": 39, ""process_kprobe"": 34}"
1774259162,normal,sw-wk3,0.08588888888888402,0.4190688596604666,0.0,0.0,2697.5666666666666,4992.166666666667,0,0,0,0,0,0,{}
1774259162,normal,sw-wk2,0.07044444444444597,0.3909579971032485,4.466666666666667,6.000000000000001,495.9,4117.9,0,0,0,0,0,0,{}
1774259162,normal,k3s-wk1,0.282353070827972,0.7924793725572765,565.940423843687,298.1452706053493,9078.983039640296,5015.637914503918,0,18,2,0,12,0,"{""process_exit"": 18, ""process_exec"": 18, ""process_kprobe"": 12}"
1774259172,normal,sw-wk3,0.09488888888887848,0.4186590162564585,0.0,0.0,2130.4,5029.3,0,0,0,0,0,0,{}
1774259172,normal,sw-wk2,0.07044444444444597,0.3909579971032485,4.466666666666667,6.0,495.9,4117.9,0,0,0,0,0,0,{}
1774259172,normal,k3s-wk1,0.282353070827972,0.7924793725572765,565.940423843687,298.1452706053493,9078.983039640296,5015.637914503918,0,54,3,0,55,0,"{""process_exit"": 54, ""process_exec"": 54, ""process_kprobe"": 55}"
1774259182,normal,sw-wk3,0.09488888888887848,0.4186590162564585,0.0,0.0,2130.4,5029.3,0,0,0,0,0,0,{}
1774259182,normal,sw-wk2,0.07044444444444597,0.3909579971032485,4.466666666666667,6.0,495.9,4117.9,0,0,0,0,0,0,{}
1774259182,normal,k3s-wk1,0.2820892010889461,0.8372912581753102,577.487984404934,305.11208953718955,9532.517729304609,4443.518300675562,0,13,3,0,11,0,"{""process_exit"": 13, ""process_exec"": 13, ""process_kprobe"": 11}"
1774259192,normal,sw-wk3,0.09488888888887848,0.4186590162564585,0.0,0.0,2130.4,5029.3,0,0,0,0,0,0,{}
1774259192,normal,sw-wk2,0.16022222222224325,0.39294951375956966,0.0,0.0,5207.233333333334,4554.3,0,0,0,0,0,0,{}
1774259192,normal,k3s-wk1,0.2820892010889461,0.8372912581753102,577.487984404934,305.11208953718955,9532.517729304609,4443.518300675562,0,15,2,0,12,0,"{""process_exit"": 15, ""process_exec"": 15, ""process_kprobe"": 12}"
1774259202,normal,sw-wk3,0.08855555555556827,0.41862718375905983,0.0,0.0,4262.566666666667,5023.966666666666,0,0,0,0,0,0,{}
1774259202,normal,sw-wk2,0.16022222222224325,0.39294951375956966,0.0,0.0,5207.233333333334,4554.3,0,0,0,0,0,0,{}
1774259202,normal,k3s-wk1,0.2820892010889461,0.8372912581753102,577.487984404934,305.11208953718955,9532.517729304609,4443.518300675562,0,45,3,0,38,0,"{""process_exit"": 45, ""process_exec"": 45, ""process_kprobe"": 38}"
1774259212,normal,sw-wk3,0.0885555555555686,0.41862718375905983,0.0,0.0,4262.566666666667,5023.966666666666,0,0,0,0,0,0,{}
1774259212,normal,sw-wk2,0.16022222222224325,0.39294951375956966,0.0,0.0,5207.233333333334,4554.3,0,0,0,0,0,0,{}
1774259212,normal,k3s-wk1,0.3022222222222505,0.71970891289758,575.7333333333333,305.6,9246.766666666666,7909.033333333333,0,15,2,0,12,0,"{""process_exit"": 15, ""process_exec"": 15, ""process_kprobe"": 12}"
1774259222,normal,sw-wk3,0.0885555555555686,0.41862718375905983,0.0,0.0,4262.566666666667,5023.966666666666,0,0,0,0,0,0,{}
1774259222,normal,sw-wk2,0.06944444444442421,0.39305296917028765,5.133333333333335,5.0,590.9666666666667,4010.2666666666664,0,0,0,0,0,0,{}
1774259222,normal,k3s-wk1,0.3022222222222505,0.71970891289758,575.7333333333333,305.6,9246.766666666666,7909.033333333333,0,36,3,0,30,0,"{""process_exit"": 37, ""process_exec"": 36, ""process_kprobe"": 30}"
1774259237,normal,sw-wk3,0.0971111111111087,0.41778561210908205,0.0,0.0,2717.4666666666667,0.0,0,0,0,0,0,0,{}
1774259237,normal,sw-wk2,0.06944444444442421,0.39305296917028765,5.133333333333333,5.0,590.9666666666667,0.0,0,0,0,0,0,0,{}
1774259237,normal,k3s-wk1,0.3022222222222505,0.71970891289758,575.7333333333333,305.6,9246.766666666666,0.0,0,18,2,0,18,0,"{""process_exit"": 18, ""process_exec"": 18, ""process_kprobe"": 18}"
1774259242,normal,sw-wk3,0.0971111111111087,0.41778561210908205,0.0,0.0,2717.4666666666667,4909.3,0,0,0,0,0,0,{}
1774259242,normal,sw-wk2,0.06944444444442421,0.39305296917028765,5.133333333333333,5.0,590.9666666666667,4010.2666666666664,0,0,0,0,0,0,{}
1774259242,normal,k3s-wk1,0.3027777777777576,0.6756852785198247,560.0333333333333,298.0,9471.4,6294.033333333333,0,36,3,0,32,0,"{""process_exit"": 36, ""process_exec"": 36, ""process_kprobe"": 32}"
1774259252,normal,sw-wk3,0.0971111111111087,0.41778561210908205,0.0,0.0,2717.4666666666667,4909.3,0,0,0,0,0,0,{}
1774259252,normal,sw-wk2,0.1579999999999927,0.3937473141383756,0.0,0.0,5678.366666666667,4647.8,0,0,0,0,0,0,{}
1774259252,normal,k3s-wk1,0.3027777777777576,0.6756852785198247,560.0333333333333,298.0,9471.4,6294.033333333333,0,12,2,0,8,0,"{""process_exit"": 12, ""process_exec"": 12, ""process_kprobe"": 8}"
1774259262,normal,sw-wk3,0.08788888888890745,0.4181954555130901,0.0,0.0,3781.233333333333,5048.6,0,0,0,0,0,0,{}
1774259262,normal,sw-wk2,0.1579999999999927,0.3937473141383756,0.0,0.0,5678.366666666667,4647.8,0,0,0,0,0,0,{}
1774259262,normal,k3s-wk1,0.3027777777777576,0.6756852785198247,560.0333333333333,298.0,9471.4,6294.033333333333,0,33,3,0,30,0,"{""process_exit"": 33, ""process_exec"": 33, ""process_kprobe"": 30}"
1774259272,normal,sw-wk3,0.08788888888890745,0.4181954555130901,0.0,0.0,3781.233333333333,5048.6,0,0,0,0,0,0,{}
1774259272,normal,sw-wk2,0.1579999999999927,0.3937473141383756,0.0,0.0,5678.366666666667,4647.8,0,0,0,0,0,0,{}
1774259272,normal,k3s-wk1,0.28107189281072864,0.6809898540616652,212.57874212578741,193.0473619304736,9430.05699430057,7580.375295803753,0,39,3,0,36,0,"{""process_kprobe"": 36, ""process_exit"": 39, ""process_exec"": 39}"
1774259282,normal,sw-wk3,0.08788888888890745,0.4181954555130901,0.0,0.0,3781.233333333333,5048.6,0,0,0,0,0,0,{}
1774259282,normal,sw-wk2,0.06833333333334946,0.3937333874484712,0.0,0.0,1640.3333333333333,4240.066666666667,0,0,0,0,0,0,{}
1774259282,normal,k3s-wk1,0.28107189281072864,0.6809898540616652,212.57874212578741,193.0473619304736,9430.05699430057,7580.375295803753,0,37,3,0,32,0,"{""process_kprobe"": 32, ""process_exit"": 37, ""process_exec"": 37}"
1774259292,normal,sw-wk3,0.09333333333332927,0.41855755017100016,0.0,0.0,2130.9666666666667,5045.466666666666,0,0,0,0,0,0,{}
1774259292,normal,sw-wk2,0.06833333333334946,0.3937333874484712,0.0,0.0,1640.3333333333333,4240.066666666667,0,0,0,0,0,0,{}
1774259292,normal,k3s-wk1,0.28107189281072864,0.6809898540616652,212.57874212578741,193.0473619304736,9430.05699430057,7580.375295803753,0,32,3,0,35,0,"{""process_kprobe"": 35, ""process_exit"": 32, ""process_exec"": 32}"
1774259302,normal,sw-wk3,0.09333333333332927,0.41855755017100016,0.0,0.0,2130.9666666666667,5045.466666666666,0,0,0,0,0,0,{}
1774259302,normal,sw-wk2,0.06833333333334946,0.3937333874484712,0.0,0.0,1640.3333333333333,4240.066666666667,0,0,0,0,0,0,{}
1774259302,normal,k3s-wk1,0.2880399151026247,0.685282467660644,194.4861152781945,179.28459512617928,9689.23559022569,8967.230056338967,0,87,3,0,77,0,"{""process_exit"": 87, ""process_exec"": 87, ""process_kprobe"": 77}"
1774259312,normal,sw-wk3,0.09333333333332927,0.41855755017100016,0.0,0.0,2130.9666666666667,5045.466666666666,0,0,0,0,0,0,{}
1774259312,normal,sw-wk2,0.14555555555553934,0.3920641741870792,0.0,0.0,5044.233333333334,4610.933333333333,0,0,0,0,0,0,{}
1774259312,normal,k3s-wk1,0.2880399151026247,0.685282467660644,194.4861152781945,179.28459512617928,9689.23559022569,8967.230056338967,0,9,2,0,7,0,"{""process_kprobe"": 7, ""process_exit"": 9, ""process_exec"": 9}"
1774259322,normal,sw-wk3,0.08355555555554017,0.41879032530822813,0.0,0.0,2613.8,4949.466666666666,0,0,0,0,0,0,{}
1774259322,normal,sw-wk2,0.14555555555553934,0.3920641741870792,0.0,0.0,5044.233333333334,4610.933333333333,0,0,0,0,0,0,{}
1774259322,normal,k3s-wk1,0.2880399151026247,0.685282467660644,194.4861152781945,179.28459512617928,9689.23559022569,8967.230056338967,0,33,3,0,30,0,"{""process_exit"": 33, ""process_exec"": 33, ""process_kprobe"": 30}"
1774259332,normal,sw-wk3,0.08355555555554017,0.41879032530822813,0.0,0.0,2613.8,4949.466666666666,0,0,0,0,0,0,{}
1774259332,normal,sw-wk2,0.14555555555553934,0.3920641741870792,0.0,0.0,5044.233333333334,4610.933333333333,0,0,0,0,0,0,{}
1774259332,normal,k3s-wk1,0.25388888888889294,0.6839902093668987,191.6,176.40000000000003,9106.366666666667,2958.8333333333335,0,33,3,0,29,0,"{""process_kprobe"": 29, ""process_exit"": 33, ""process_exec"": 33}"
1774259342,normal,sw-wk3,0.08355555555554017,0.41879032530822813,0.0,0.0,2613.8,4949.466666666666,0,0,0,0,0,0,{}
1774259342,normal,sw-wk2,0.06600000000000561,0.39217359817918473,0.0,0.0,672.1666666666666,4016.4,0,0,0,0,0,0,{}
1774259342,normal,k3s-wk1,0.25388888888889294,0.6839902093668987,191.6,176.4,9106.366666666667,2958.8333333333335,0,12,2,0,9,0,"{""process_kprobe"": 9, ""process_exit"": 12, ""process_exec"": 12}"
1774259352,normal,sw-wk3,0.08922222222222953,0.4188937809247738,0.0,0.0,3579.633333333333,5184.166666666667,0,0,0,0,0,0,{}
1774259352,normal,sw-wk2,0.06600000000000561,0.39217359817918473,0.0,0.0,672.1666666666666,4016.4,0,0,0,0,0,0,{}
1774259352,normal,k3s-wk1,0.25388888888889294,0.6839902093668987,191.6,176.4,9106.366666666667,2958.8333333333335,0,15,2,0,16,0,"{""process_exit"": 16, ""process_exec"": 15, ""process_kprobe"": 16}"
1774259362,normal,sw-wk3,0.08922222222222953,0.4188937809247738,0.0,0.0,3579.633333333333,5184.166666666667,0,0,0,0,0,0,{}
1774259362,normal,sw-wk2,0.06600000000000561,0.39217359817918473,0.0,0.0,672.1666666666666,4016.4,0,0,0,0,0,0,{}
1774259362,normal,k3s-wk1,0.2645555555555499,0.6839428353357635,194.46666666666667,179.26666666666665,9310.7,4137.666666666667,0,33,3,0,31,0,"{""process_kprobe"": 31, ""process_exit"": 33, ""process_exec"": 33}"
1774259372,normal,sw-wk3,0.08922222222222953,0.4188937809247738,0.0,0.0,3579.633333333333,5184.166666666667,0,0,0,0,0,0,{}
1774259372,normal,sw-wk2,0.150973791509737,0.39275851915516724,0.0,0.0,2802.1197880211976,4513.182015131821,0,0,0,0,0,0,{}
1774259372,normal,k3s-wk1,0.2645555555555499,0.6839428353357635,194.46666666666667,179.26666666666665,9310.7,4137.666666666667,0,36,3,0,33,0,"{""process_kprobe"": 33, ""process_exit"": 36, ""process_exec"": 36}"
1774259382,normal,sw-wk3,0.09011111111109738,0.41899524701023216,0.0,0.0,3881.7,4996.8,0,0,0,0,0,0,{}
1774259382,normal,sw-wk2,0.150973791509737,0.39275851915516724,0.0,0.0,2802.119788021198,4513.182015131821,0,0,0,0,0,0,{}
1774259382,normal,k3s-wk1,0.2645555555555499,0.6839428353357635,194.46666666666667,179.26666666666665,9310.7,4137.666666666667,0,39,3,0,34,0,"{""process_exit"": 39, ""process_exec"": 39, ""process_kprobe"": 34}"
1774259392,normal,sw-wk3,0.09011111111109738,0.41899524701023216,0.0,0.0,3881.7,4996.8,0,0,0,0,0,0,{}
1774259392,normal,sw-wk2,0.150973791509737,0.39275851915516724,0.0,0.0,2802.119788021198,4513.182015131821,0,0,0,0,0,0,{}
1774259392,normal,k3s-wk1,0.289111111111116,0.6819149636141122,191.60000000000005,176.4,9667.066666666666,9467.400000000001,0,39,3,0,33,0,"{""process_exit"": 39, ""process_exec"": 39, ""process_kprobe"": 33}"
1774259402,normal,sw-wk3,0.09011111111109738,0.41899524701023216,0.0,0.0,3881.7,4996.8,0,0,0,0,0,0,{}
1774259402,normal,sw-wk2,0.14224755808913658,0.39402584793646245,636.2969630296362,321.8988565523219,4409.6743007634095,4592.525919258593,0,0,0,0,0,0,{}
1774259402,normal,k3s-wk1,0.289111111111116,0.6819149636141122,191.6,176.4,9667.066666666666,9467.4,0,62,3,0,55,0,"{""process_kprobe"": 55, ""process_exit"": 63, ""process_exec"": 62}"
1774259412,normal,sw-wk3,0.09288888888889535,0.41911262934438986,4.466666666666667,6.0,2589.8,5038.0,0,0,0,0,0,0,{}
1774259412,normal,sw-wk2,0.14224755808913658,0.39402584793646245,636.2969630296362,321.8988565523219,4409.6743007634095,4592.525919258593,0,0,0,0,0,0,{}
1774259412,normal,k3s-wk1,0.289111111111116,0.6819149636141122,191.6,176.4,9667.066666666666,9467.4,0,31,2,0,32,0,"{""process_exec"": 31, ""process_kprobe"": 32, ""process_exit"": 30}"
1774259422,normal,sw-wk3,0.09288888888889535,0.41911262934438986,4.466666666666667,6.0,2589.8,5038.0,0,0,0,0,0,0,{}
1774259422,normal,sw-wk2,0.14224755808913658,0.39402584793646245,636.2969630296362,321.8988565523219,4409.6743007634095,4592.525919258593,0,0,0,0,0,0,{}
1774259422,normal,k3s-wk1,0.28855555555554835,0.6767669855640799,194.46666666666667,179.26666666666665,9987.366666666667,9009.233333333334,0,36,3,0,32,0,"{""process_exit"": 36, ""process_exec"": 36, ""process_kprobe"": 32}"
1774259432,normal,sw-wk3,0.09288888888889535,0.41911262934438986,4.466666666666667,6.0,2589.8,5038.0,0,0,0,0,0,0,{}
1774259432,normal,sw-wk2,0.15155555555556932,0.3955538047716819,94.26666666666667,96.26666666666667,5043.633333333333,4869.266666666666,0,0,0,0,0,0,{}
1774259432,normal,k3s-wk1,0.28855555555554835,0.6767669855640799,194.46666666666667,179.26666666666665,9987.366666666667,9009.233333333334,0,33,3,0,28,0,"{""process_exit"": 33, ""process_exec"": 33, ""process_kprobe"": 28}"
1774259442,normal,sw-wk3,0.08366666666665379,0.4193294882329184,0.0,0.0,2702.0,4995.6,0,0,0,0,0,0,{}
1774259442,normal,sw-wk2,0.15155555555556932,0.3955538047716819,94.26666666666667,96.26666666666667,5043.633333333333,4869.266666666666,0,0,0,0,0,0,{}
1774259442,normal,k3s-wk1,0.28855555555554835,0.6767669855640799,194.46666666666667,179.26666666666665,9987.366666666667,9009.233333333334,0,60,3,0,55,0,"{""process_exit"": 60, ""process_exec"": 60, ""process_kprobe"": 55}"
1774259452,normal,sw-wk3,0.08366666666665379,0.4193294882329184,0.0,0.0,2702.0,4995.6,0,0,0,0,0,0,{}
1774259452,normal,sw-wk2,0.15155555555556932,0.3955538047716819,94.26666666666667,96.26666666666667,5043.633333333333,4869.266666666666,0,0,0,0,0,0,{}
1774259452,normal,k3s-wk1,0.2486666666666778,0.6768222552670711,194.46666666666667,179.2666666666667,9167.033333333333,1202.1333333333332,0,30,3,0,29,0,"{""process_kprobe"": 29, ""process_exit"": 30, ""process_exec"": 30}"
1774259462,normal,sw-wk3,0.08366666666665379,0.4193294882329184,0.0,0.0,2702.0,4995.6,0,0,0,0,0,0,{}
1774259462,normal,sw-wk2,0.07155555555556115,0.3956333858568496,83.8,83.66666666666667,361.26666666666665,4279.533333333333,0,0,0,0,0,0,{}
1774259462,normal,k3s-wk1,0.24866666666667803,0.6768222552670711,194.46666666666667,179.26666666666665,9167.033333333333,1202.1333333333332,0,12,2,0,10,0,"{""process_exit"": 12, ""process_exec"": 12, ""process_kprobe"": 10}"
1774259472,normal,sw-wk3,0.09488888888889857,0.4194488600981635,0.0,0.0,2056.5333333333333,4938.600000000001,0,0,0,0,0,0,{}
1774259472,normal,sw-wk2,0.07155555555556115,0.3956333858568496,83.8,83.66666666666667,361.26666666666665,4279.533333333333,0,0,0,0,0,0,{}
1774259472,normal,k3s-wk1,0.24866666666667803,0.6768222552670711,194.46666666666667,179.26666666666665,9167.033333333333,1202.1333333333332,0,36,3,0,36,0,"{""process_exit"": 36, ""process_exec"": 36, ""process_kprobe"": 36}"
1774259482,normal,sw-wk3,0.09488888888889857,0.4194488600981635,0.0,0.0,2056.5333333333333,4938.6,0,0,0,0,0,0,{}
1774259482,normal,sw-wk2,0.07155555555556115,0.3956333858568496,83.8,83.66666666666667,361.26666666666665,4279.533333333333,0,0,0,0,0,0,{}
1774259482,normal,k3s-wk1,0.28521041377333545,0.675757655511837,192.91052179088686,177.83215395807156,9617.022683684942,4236.889094636598,0,78,3,0,72,0,"{""process_exit"": 78, ""process_exec"": 78, ""process_kprobe"": 72}"
1774259492,normal,sw-wk3,0.09488888888889857,0.4194488600981635,0.0,0.0,2056.5333333333333,4938.6,0,0,0,0,0,0,{}
1774259492,normal,sw-wk2,0.1643333333333229,0.39706186633560936,83.8,83.66666666666667,6063.333333333333,5020.4,0,0,0,0,0,0,{}
1774259492,normal,k3s-wk1,0.28521041377333545,0.675757655511837,192.91052179088686,177.83215395807156,9617.022683684942,4236.889094636598,0,36,3,0,30,0,"{""process_exit"": 36, ""process_exec"": 36, ""process_kprobe"": 30}"
1774259502,normal,sw-wk3,0.08688888888890567,0.41954236805927214,0.0,0.0,3374.866666666667,5011.7,0,0,0,0,0,0,{}
1774259502,normal,sw-wk2,0.1643333333333229,0.39706186633560936,83.8,83.66666666666667,6063.333333333333,5020.4,0,0,0,0,0,0,{}
1774259502,normal,k3s-wk1,0.28521041377333545,0.675757655511837,192.91052179088686,177.83215395807156,9617.022683684942,4236.889094636598,0,36,3,0,33,0,"{""process_exit"": 36, ""process_exec"": 36, ""process_kprobe"": 33}"
1774259512,normal,sw-wk3,0.08688888888890589,0.41954236805927214,0.0,0.0,3374.866666666667,5011.7,0,0,0,0,0,0,{}
1774259512,normal,sw-wk2,0.1643333333333229,0.39706186633560936,83.8,83.66666666666667,6063.333333333333,5020.4,0,0,0,0,0,0,{}
1774259512,normal,k3s-wk1,0.28993883997579095,0.6782658472713874,381.645271859668,273.9095369312454,9651.051817998525,7659.923381947712,0,78,3,0,72,0,"{""process_exit"": 78, ""process_exec"": 78, ""process_kprobe"": 72}"
1774259522,normal,sw-wk3,0.08688888888890589,0.41954236805927214,0.0,0.0,3374.866666666667,5011.7,0,0,0,0,0,0,{}
1774259522,normal,sw-wk2,0.09566666666667312,0.39360406818507376,68.6,68.6,2376.866666666667,4452.233333333334,0,0,0,0,0,0,{}
1774259522,normal,k3s-wk1,0.28993883997579095,0.6782658472713874,381.645271859668,273.9095369312454,9651.051817998523,7659.923381947712,0,33,3,0,28,0,"{""process_exit"": 33, ""process_exec"": 33, ""process_kprobe"": 28}"
1774259532,normal,sw-wk3,0.10122222222222865,0.41932153010856876,0.0,0.0,2942.0333333333333,5091.1,0,0,0,0,0,0,{}
1774259532,normal,sw-wk2,0.09566666666667312,0.39360406818507376,68.6,68.6,2376.866666666667,4452.233333333334,0,0,0,0,0,0,{}
1774259532,normal,k3s-wk1,0.28993883997579095,0.6782658472713874,381.645271859668,273.9095369312454,9651.051817998523,7659.923381947712,0,53,3,0,52,0,"{""process_exit"": 53, ""process_exec"": 53, ""process_kprobe"": 52}"
1774259542,normal,sw-wk3,0.10122222222222865,0.41932153010856876,0.0,0.0,2942.0333333333333,5091.1,0,0,0,0,0,0,{}
1774259542,normal,sw-wk2,0.09566666666667312,0.39360406818507376,68.6,68.6,2376.866666666667,4452.233333333334,0,0,0,0,0,0,{}
1774259542,normal,k3s-wk1,0.323666666666678,0.6781184613967444,196.4,181.26666666666665,9856.566666666666,8079.099999999999,0,37,3,0,35,0,"{""process_kprobe"": 35, ""process_exit"": 37, ""process_exec"": 37}"
1774259552,normal,sw-wk3,0.10122222222222865,0.41932153010856876,0.0,0.0,2942.0333333333333,5091.1,0,0,0,0,0,0,{}
1774259552,normal,sw-wk2,0.15744444444444528,0.3949271037259864,0.0,0.0,5264.2,4647.366666666667,0,0,0,0,0,0,{}
1774259552,normal,k3s-wk1,0.323666666666678,0.6781184613967444,196.4,181.26666666666665,9856.566666666666,8079.099999999999,0,57,3,0,53,0,"{""process_kprobe"": 53, ""process_exit"": 57, ""process_exec"": 57}"
1774259562,normal,sw-wk3,0.08655555555554506,0.4199064522482696,0.0,0.0,3318.6,5064.266666666666,0,0,0,0,0,0,{}
1774259562,normal,sw-wk2,0.15744444444444528,0.3949271037259864,0.0,0.0,5264.2,4647.366666666667,0,0,0,0,0,0,{}
1774259562,normal,k3s-wk1,0.323666666666678,0.6781184613967444,196.4,181.26666666666665,9856.566666666666,8079.099999999999,0,33,3,0,30,0,"{""process_exit"": 33, ""process_exec"": 33, ""process_kprobe"": 30}"
1774259572,normal,sw-wk3,0.08655555555554506,0.4199064522482696,0.0,0.0,3318.6,5064.266666666666,0,0,0,0,0,0,{}
1774259572,normal,sw-wk2,0.15744444444444528,0.3949271037259864,0.0,0.0,5264.2,4647.366666666667,0,0,0,0,0,0,{}
1774259572,normal,k3s-wk1,0.27544444444443394,0.6906159939992894,196.46666666666667,181.26666666666665,9451.833333333334,7621.533333333333,0,33,3,0,29,0,"{""process_exit"": 33, ""process_exec"": 33, ""process_kprobe"": 29}"
1774259582,normal,sw-wk3,0.08655555555554506,0.4199064522482696,0.0,0.0,3318.6,5064.266666666666,0,0,0,0,0,0,{}
1774259582,normal,sw-wk2,0.06855555555553616,0.39491516656321124,0.0,0.0,1625.0333333333333,4224.333333333333,0,0,0,0,0,0,{}
1774259582,normal,k3s-wk1,0.27544444444443394,0.6906159939992894,196.46666666666667,181.26666666666665,9451.833333333334,7621.533333333333,0,36,3,0,31,0,"{""process_kprobe"": 31, ""process_exit"": 36, ""process_exec"": 36}"
1774259592,normal,sw-wk3,0.09400000000001052,0.41989451506174513,0.0,0.0,2498.733333333333,4914.900000000001,0,0,0,0,0,0,{}
1774259592,normal,sw-wk2,0.06855555555553616,0.39491516656321124,0.0,0.0,1625.0333333333333,4224.333333333333,0,0,0,0,0,0,{}
1774259592,normal,k3s-wk1,0.27544444444443394,0.6906159939992894,196.46666666666667,181.26666666666665,9451.833333333334,7621.533333333333,0,60,3,0,58,0,"{""process_exit"": 60, ""process_exec"": 60, ""process_kprobe"": 58}"
1774259602,normal,sw-wk3,0.09400000000001052,0.41989451506174513,0.0,0.0,2498.733333333333,4914.9,0,0,0,0,0,0,{}
1774259602,normal,sw-wk2,0.06855555555553616,0.39491516656321124,0.0,0.0,1625.0333333333333,4224.333333333333,0,0,0,0,0,0,{}
1774259602,normal,k3s-wk1,0.30483463924799026,0.6825900435577897,205.37573974278442,192.28353225113236,9278.540020497901,4133.004926108375,0,9,2,0,8,0,"{""process_exit"": 9, ""process_kprobe"": 8, ""process_exec"": 9}"
1774259612,normal,sw-wk3,0.09400000000001052,0.41989451506174513,0.0,0.0,2498.733333333333,4914.9,0,0,0,0,0,0,{}
1774259612,normal,sw-wk2,0.15188888888888974,0.39294951375956966,0.0,0.0,4915.966666666666,4620.2333333333345,0,0,0,0,0,0,{}
1774259612,normal,k3s-wk1,0.30483463924799026,0.6825900435577897,205.37573974278442,192.28353225113236,9278.540020497901,4133.004926108375,0,15,2,0,10,0,"{""process_exit"": 15, ""process_exec"": 15, ""process_kprobe"": 10}"
1774259622,normal,sw-wk3,0.08633333333331805,0.41988257787522054,0.0,0.0,2702.9666666666667,5043.633333333333,0,0,0,0,0,0,{}
1774259622,normal,sw-wk2,0.15188888888888974,0.39294951375956966,0.0,0.0,4915.966666666666,4620.233333333334,0,0,0,0,0,0,{}
1774259622,normal,k3s-wk1,0.30483463924799026,0.6825900435577897,205.37573974278442,192.28353225113236,9278.540020497901,4133.004926108375,0,18,2,0,15,0,"{""process_exit"": 18, ""process_exec"": 18, ""process_kprobe"": 15}"
1774259632,normal,sw-wk3,0.08633333333331805,0.41988257787522054,0.0,0.0,2702.9666666666667,5043.633333333333,0,0,0,0,0,0,{}
1774259632,normal,sw-wk2,0.15188888888888974,0.39294951375956966,0.0,0.0,4915.966666666666,4620.233333333334,0,0,0,0,0,0,{}
1774259632,normal,k3s-wk1,0.26550824006541285,0.681300417154663,196.08106745538268,180.75488186065272,9478.338318824994,7675.192417571338,0,57,3,0,53,0,"{""process_exit"": 57, ""process_exec"": 57, ""process_kprobe"": 53}"
1774259642,normal,sw-wk3,0.08633333333331805,0.41988257787522054,0.0,0.0,2702.9666666666667,5043.633333333333,0,0,0,0,0,0,{}
1774259642,normal,sw-wk2,0.06788888888891564,0.3926849066513871,0.0,0.0,764.3,4064.4666666666667,0,0,0,0,0,0,{}
1774259642,normal,k3s-wk1,0.26550824006541285,0.681300417154663,196.08106745538268,180.75488186065272,9478.338318824994,7675.192417571338,0,12,2,0,10,0,"{""process_exit"": 12, ""process_exec"": 12, ""process_kprobe"": 10}"
1774259652,normal,sw-wk3,0.08966666666666323,0.4201153530124485,0.0,0.0,3603.5666666666666,5197.3,0,0,0,0,0,0,{}
1774259652,normal,sw-wk2,0.06788888888891564,0.3926849066513871,0.0,0.0,764.3,4064.4666666666667,0,0,0,0,0,0,{}
1774259652,normal,k3s-wk1,0.26550824006541285,0.681300417154663,196.08106745538268,180.75488186065272,9478.338318824994,7675.192417571338,0,18,2,0,18,0,"{""process_exit"": 19, ""process_exec"": 18, ""process_kprobe"": 18}"
1774259662,normal,sw-wk3,0.08966666666666345,0.4201153530124485,0.0,0.0,3603.5666666666666,5197.3,0,0,0,0,0,0,{}
1774259662,normal,sw-wk2,0.06788888888891564,0.3926849066513871,0.0,0.0,764.3,4064.4666666666667,0,0,0,0,0,0,{}
1774259662,normal,k3s-wk1,0.26900000000001045,0.6812477793422905,194.46666666666667,179.26666666666665,9452.8,4344.8,0,12,2,0,10,0,"{""process_kprobe"": 10, ""process_exit"": 12, ""process_exec"": 12}"
1774259672,normal,sw-wk3,0.08966666666666345,0.4201153530124485,0.0,0.0,3603.5666666666666,5197.3,0,0,0,0,0,0,{}
1774259672,normal,sw-wk2,0.17099999999997328,0.39691663085517837,0.0,0.0,5208.5,4609.233333333334,0,0,0,0,0,0,{}
1774259672,normal,k3s-wk1,0.26900000000001045,0.6812477793422905,194.46666666666667,179.26666666666665,9452.8,4344.8,0,40,4,0,32,0,"{""process_exit"": 39, ""process_exec"": 40, ""process_kprobe"": 32}"
1774259682,normal,sw-wk3,0.1320691949434415,0.42023472487769353,0.0,0.0,4160.379241516966,5017.797737857619,0,0,0,0,0,0,{}
1774259682,normal,sw-wk2,0.17099999999997328,0.39691663085517837,0.0,0.0,5208.5,4609.233333333334,0,0,0,0,0,0,{}
1774259682,normal,k3s-wk1,0.26900000000001045,0.6812477793422905,194.46666666666667,179.26666666666665,9452.8,4344.8,0,15,2,0,12,0,"{""process_exit"": 15, ""process_exec"": 15, ""process_kprobe"": 12}"
1774259692,normal,sw-wk3,0.1320691949434415,0.42023472487769353,0.0,0.0,4160.379241516966,5017.797737857619,0,0,0,0,0,0,{}
1774259692,normal,sw-wk2,0.17099999999997328,0.39691663085517837,0.0,0.0,5208.5,4609.233333333334,0,0,0,0,0,0,{}
1774259692,normal,k3s-wk1,0.4261346732339436,0.6820978800121067,793.9902813130143,470.89352418101885,9242.008528643682,7668.176258636077,0,54,3,0,50,0,"{""process_exit"": 54, ""process_exec"": 54, ""process_kprobe"": 50}"
1774259702,normal,sw-wk3,0.1320691949434415,0.42023472487769353,0.0,0.0,4160.379241516966,5017.797737857619,0,0,0,0,0,0,{}
1774259702,normal,sw-wk2,0.07177777777778827,0.39683307071575225,0.0,0.0,551.1666666666666,4066.866666666667,0,0,0,0,0,0,{}
1774259702,normal,k3s-wk1,0.4261346732339436,0.6820978800121067,793.9902813130143,470.89352418101873,9242.00852864368,7668.176258636077,0,30,3,0,27,0,"{""process_exit"": 30, ""process_exec"": 30, ""process_kprobe"": 27}"
1774259712,normal,sw-wk3,0.08661767980406321,0.4202307458155188,0.0,0.0,2005.577822311289,4951.302605210421,0,0,0,0,0,0,{}
1774259712,normal,sw-wk2,0.07177777777778827,0.39683307071575225,0.0,0.0,551.1666666666666,4066.866666666667,0,0,0,0,0,0,{}
1774259712,normal,k3s-wk1,0.4261346732339436,0.6820978800121067,793.9902813130143,470.89352418101873,9242.00852864368,7668.176258636077,0,33,3,0,34,0,"{""process_exit"": 34, ""process_exec"": 33, ""process_kprobe"": 34}"
1774259723,normal,sw-wk3,0.08661767980406321,0.4202307458155188,0.0,0.0,2005.577822311289,4951.302605210421,0,0,0,0,0,0,{}
1774259723,normal,sw-wk2,0.07177777777778827,0.39683307071575225,0.0,0.0,551.1666666666666,4066.866666666667,0,0,0,0,0,0,{}
1774259723,normal,k3s-wk1,0.4164509731419552,0.6797962916661184,207.33470032606138,192.4770580523715,9615.482873373894,6332.280076641231,0,54,3,0,51,0,"{""process_kprobe"": 51, ""process_exec"": 54, ""process_exit"": 53}"
1774259733,normal,sw-wk3,0.08661767980406321,0.4202307458155188,0.0,0.0,2005.577822311289,4951.302605210421,0,0,0,0,0,0,{}
1774259733,normal,sw-wk2,0.18722222222220608,0.39631380413503314,5.133333333333335,5.0,4989.366666666668,4607.2,0,0,0,0,0,0,{}
1774259733,normal,k3s-wk1,0.4164509731419552,0.6797962916661184,207.33470032606138,192.4770580523715,9615.482873373894,6332.280076641231,0,12,2,0,11,0,"{""process_kprobe"": 11, ""process_exit"": 12, ""process_exec"": 12}"
1774259743,normal,sw-wk3,0.09622222222222065,0.420332211900977,0.0,0.0,2628.0,4976.566666666667,0,0,0,0,0,0,{}
1774259743,normal,sw-wk2,0.18722222222220608,0.39631380413503314,5.133333333333333,5.0,4989.366666666667,4607.2,0,0,0,0,0,0,{}
1774259743,normal,k3s-wk1,0.4164509731419552,0.6797962916661184,207.33470032606138,192.4770580523715,9615.482873373894,6332.280076641231,0,63,3,0,56,0,"{""process_exit"": 63, ""process_exec"": 63, ""process_kprobe"": 56}"
1774259753,normal,sw-wk3,0.09622222222222065,0.420332211900977,0.0,0.0,2628.0,4976.566666666667,0,0,0,0,0,0,{}
1774259753,normal,sw-wk2,0.18722222222220608,0.39631380413503314,5.133333333333333,5.0,4989.366666666667,4607.2,0,0,0,0,0,0,{}
1774259753,normal,k3s-wk1,0.40188888888888974,0.6792922846126515,194.46666666666667,179.26666666666665,9013.8,3710.2,0,39,3,0,34,0,"{""process_exit"": 39, ""process_exec"": 39, ""process_kprobe"": 34}"
1774259763,normal,sw-wk3,0.09622222222222065,0.420332211900977,0.0,0.0,2628.0,4976.566666666667,0,0,0,0,0,0,{}
1774259763,normal,sw-wk2,0.06811111111114265,0.396301866972258,0.0,0.0,390.3333333333333,4054.233333333333,0,0,0,0,0,0,{}
1774259763,normal,k3s-wk1,0.40188888888888974,0.6792922846126515,194.46666666666667,179.26666666666665,9013.8,3710.2,0,15,2,0,10,0,"{""process_exit"": 15, ""process_exec"": 15, ""process_kprobe"": 10}"
1774259773,normal,sw-wk3,0.12188888888888161,0.4196756666421291,4.466666666666667,6.0,2027.1333333333332,4994.966666666668,0,0,0,0,0,0,{}
1774259773,normal,sw-wk2,0.06811111111114265,0.396301866972258,0.0,0.0,390.3333333333333,4054.233333333333,0,0,0,0,0,0,{}
1774259773,normal,k3s-wk1,0.40188888888888974,0.6792922846126515,194.46666666666667,179.26666666666665,9013.8,3710.2,0,18,2,0,18,0,"{""process_exit"": 18, ""process_exec"": 18, ""process_kprobe"": 18}"
1774259784,normal,sw-wk3,0.12188888888888161,0.4196756666421291,4.466666666666667,6.0,2027.1333333333332,4994.966666666666,0,0,0,0,0,0,{}
1774259784,normal,sw-wk2,0.06811111111114265,0.396301866972258,0.0,0.0,390.3333333333333,4054.233333333333,0,0,0,0,0,0,{}
1774259784,normal,k3s-wk1,0.44011111111111756,0.6787672224342356,194.46666666666667,179.26666666666665,9565.166666666666,4398.333333333333,0,36,3,0,32,0,"{""process_kprobe"": 32, ""process_exit"": 36, ""process_exec"": 36}"
1774259794,normal,sw-wk3,0.12188888888888161,0.4196756666421291,4.466666666666667,6.0,0.0,0.0,0,0,0,0,0,0,{}
1774259794,normal,sw-wk2,0.15188888888888974,0.3963854271116841,0.0,0.0,5019.4,4684.833333333333,0,0,0,0,0,0,{}
1774259794,normal,k3s-wk1,0.44011111111111756,0.6787672224342356,194.46666666666667,179.26666666666665,9565.166666666666,4398.333333333333,0,33,3,0,28,0,"{""process_exit"": 35, ""process_exec"": 33, ""process_kprobe"": 28}"
1774259804,normal,sw-wk3,0.1193102911931182,0.41973734210583913,0.0,0.0,4140.785921407859,5085.191480851915,0,0,0,0,0,0,{}
1774259804,normal,sw-wk2,0.15188888888888974,0.3963854271116841,0.0,0.0,5019.4,4684.833333333333,0,0,0,0,0,0,{}
1774259804,normal,k3s-wk1,0.44011111111111756,0.6787672224342356,194.46666666666667,179.26666666666665,9565.166666666666,4398.333333333333,0,39,3,0,35,0,"{""process_exit"": 39, ""process_exec"": 39, ""process_kprobe"": 35}"
1774259814,normal,sw-wk3,0.1193102911931182,0.41973734210583913,0.0,0.0,4140.785921407859,5085.191480851915,0,0,0,0,0,0,{}
1774259814,normal,sw-wk2,0.15188888888888974,0.3963854271116841,0.0,0.0,5019.4,4684.833333333333,0,0,0,0,0,0,{}
1774259814,normal,k3s-wk1,0.3533333333333253,0.6777289415851877,194.43333333333334,179.26666666666665,9299.133333333333,7832.633333333333,0,33,3,0,31,0,"{""process_kprobe"": 31, ""process_exit"": 33, ""process_exec"": 33}"
1774259824,normal,sw-wk3,0.1193102911931182,0.41973734210583913,0.0,0.0,0.0,0.0,0,0,0,0,0,0,{}
1774259824,normal,sw-wk2,0.09944444444443234,0.39611286189498485,4.466666666666667,6.0,955.8333333333334,4033.7666666666664,0,0,0,0,0,0,{}
1774259824,normal,k3s-wk1,0.3533333333333253,0.6777289415851877,194.43333333333334,179.26666666666665,9299.133333333333,7832.633333333333,0,12,2,0,10,0,"{""process_exit"": 12, ""process_exec"": 12, ""process_kprobe"": 10}"
1774259834,normal,sw-wk3,0.11091109110908837,0.41996812771197956,0.0,0.0,2028.269493616028,4946.061272793946,0,0,0,0,0,0,{}
1774259834,normal,sw-wk2,0.09944444444443234,0.39611286189498485,4.466666666666667,6.0,955.8333333333334,4033.7666666666664,0,0,0,0,0,0,{}
1774259834,normal,k3s-wk1,0.3533333333333253,0.6777289415851877,194.43333333333334,179.26666666666665,9299.133333333333,7832.633333333333,0,60,3,0,58,0,"{""process_exit"": 60, ""process_exec"": 60, ""process_kprobe"": 58}"
1774259844,normal,sw-wk3,0.11091109110908837,0.41996812771197956,0.0,0.0,2028.269493616028,4946.061272793946,0,0,0,0,0,0,{}
1774259844,normal,sw-wk2,0.09944444444443234,0.39611286189498485,4.466666666666667,6.0,955.8333333333334,4033.7666666666664,0,0,0,0,0,0,{}
1774259844,normal,k3s-wk1,0.294777777777785,0.677944756615915,194.46666666666667,179.26666666666665,9640.266666666666,9925.766666666666,0,39,3,0,34,0,"{""process_kprobe"": 34, ""process_exit"": 39, ""process_exec"": 39}"
1774259854,normal,sw-wk3,0.11091109110908837,0.41996812771197956,0.0,0.0,3286.2,5004.733333333334,0,0,0,0,0,0,{}
1774259854,normal,sw-wk2,0.14611111111110697,0.3991707650925528,0.0,0.0,5471.333333333333,4589.633333333333,0,0,0,0,0,0,{}
1774259854,normal,k3s-wk1,0.294777777777785,0.677944756615915,194.46666666666667,179.26666666666665,9640.266666666666,9925.766666666666,0,57,3,0,50,0,"{""process_exit"": 57, ""process_exec"": 57, ""process_kprobe"": 50}"
1774259864,normal,sw-wk3,0.11122222222224487,0.41996016958762994,0.0,0.0,3286.2,5004.733333333334,0,0,0,0,0,0,{}
1774259864,normal,sw-wk2,0.14611111111110697,0.3991707650925528,0.0,0.0,5471.333333333333,4589.633333333333,0,0,0,0,0,0,{}
1774259864,normal,k3s-wk1,0.294777777777785,0.677944756615915,194.46666666666667,179.26666666666665,9640.266666666666,9925.766666666666,0,33,3,0,30,0,"{""process_kprobe"": 30, ""process_exit"": 33, ""process_exec"": 33}"
1774259874,normal,sw-wk3,0.11122222222224487,0.41996016958762994,0.0,0.0,3286.2,5004.733333333334,0,0,0,0,0,0,{}
1774259874,normal,sw-wk2,0.14611111111110697,0.3991707650925528,0.0,0.0,5471.333333333333,4589.633333333333,0,0,0,0,0,0,{}
1774259874,normal,k3s-wk1,0.26222222222220604,0.6760708504954533,198.93333333333334,185.26666666666665,8851.666666666666,1096.4666666666667,0,81,3,0,74,0,"{""process_kprobe"": 74, ""process_exit"": 81, ""process_exec"": 81}"
1774259884,normal,sw-wk3,0.11122222222224487,0.41996016958762994,0.0,0.0,0.0,4937.033333333333,0,0,0,0,0,0,{}
1774259884,normal,sw-wk2,0.06753769067537363,0.3992881471931752,0.0,0.0,1517.381595173816,4139.419391394194,0,0,0,0,0,0,{}
1774259884,normal,k3s-wk1,0.26222222222220604,0.6760708504954533,198.93333333333334,185.26666666666665,8851.666666666666,1096.4666666666667,0,33,3,0,28,0,"{""process_exit"": 33, ""process_exec"": 33, ""process_kprobe"": 28}"
1774259894,normal,sw-wk3,0.10744444444442502,0.4199581800565425,0.0,0.0,2466.133333333333,4937.033333333333,0,0,0,0,0,0,{}
1774259894,normal,sw-wk2,0.06753769067537363,0.3992881471931752,0.0,0.0,1517.381595173816,4139.4193913941945,0,0,0,0,0,0,{}
1774259894,normal,k3s-wk1,0.26222222222220604,0.6760708504954533,198.93333333333334,185.26666666666665,8851.666666666666,1096.4666666666667,0,60,3,0,59,0,"{""process_exit"": 60, ""process_exec"": 60, ""process_kprobe"": 59}"
1774259904,normal,sw-wk3,0.10744444444442502,0.4199581800565425,0.0,0.0,2466.133333333333,4937.033333333333,0,0,0,0,0,0,{}
1774259904,normal,sw-wk2,0.06753769067537363,0.3992881471931752,0.0,0.0,1517.381595173816,4139.4193913941945,0,0,0,0,0,0,{}
1774259904,normal,k3s-wk1,0.28499999999999603,0.6780316090063296,194.43333333333334,179.26666666666665,9704.7,6081.633333333333,0,57,3,0,53,0,"{""process_exit"": 57, ""process_exec"": 57, ""process_kprobe"": 53}"
1774259914,normal,sw-wk3,0.10744444444442502,0.4199581800565425,0.0,0.0,0.0,5029.533333333333,0,0,0,0,0,0,{}
1774259914,normal,sw-wk2,0.1484704025958039,0.3995109742316446,0.0,0.0,4999.366603326999,4660.999433276661,0,0,0,0,0,0,{}
1774259914,normal,k3s-wk1,0.28499999999999603,0.6780316090063296,194.43333333333334,179.26666666666665,9704.7,6081.633333333333,0,15,2,0,12,0,"{""process_exit"": 15, ""process_exec"": 15, ""process_kprobe"": 12}"
1774259924,normal,sw-wk3,0.12233333333333585,0.4201849866005082,0.0,0.0,2798.4333333333334,5029.533333333333,0,0,0,0,0,0,{}
1774259924,normal,sw-wk2,0.1484704025958039,0.3995109742316446,0.0,0.0,4999.366603326999,4660.999433276661,0,0,0,0,0,0,{}
1774259924,normal,k3s-wk1,0.28499999999999603,0.6780316090063296,194.43333333333334,179.26666666666665,9704.7,6081.633333333333,0,36,3,0,32,0,"{""process_exit"": 36, ""process_exec"": 36, ""process_kprobe"": 32}"
1774259934,normal,sw-wk3,0.12233333333333585,0.4201849866005082,0.0,0.0,2798.4333333333334,5029.533333333333,0,0,0,0,0,0,{}
1774259934,normal,sw-wk2,0.1484704025958039,0.3995109742316446,0.0,0.0,4999.366603326999,4660.999433276661,0,0,0,0,0,0,{}
1774259934,normal,k3s-wk1,0.26211111111111274,0.6788356515903199,194.46666666666667,179.26666666666665,9054.866666666667,5692.6,0,54,3,0,50,0,"{""process_kprobe"": 50, ""process_exit"": 54, ""process_exec"": 54}"
1774259944,normal,sw-wk3,0.12233333333333585,0.4201849866005082,0.0,0.0,3561.6,5173.5666666666675,0,0,0,0,0,0,{}
1774259944,normal,sw-wk2,0.06677777777780047,0.39924238806920376,0.0,0.0,620.8,3984.7999999999997,0,0,0,0,0,0,{}
1774259944,normal,k3s-wk1,0.26211111111111274,0.6788356515903199,194.46666666666667,179.26666666666665,9054.866666666667,5692.6,0,60,3,0,53,0,"{""process_exit"": 60, ""process_exec"": 60, ""process_kprobe"": 53}"
1774259954,normal,sw-wk3,0.10900000000001464,0.4201849866005082,0.0,0.0,3561.6,5173.566666666667,0,0,0,0,0,0,{}
1774259954,normal,sw-wk2,0.06677777777780047,0.39924238806920376,0.0,0.0,620.8,3984.7999999999997,0,0,0,0,0,0,{}
1774259954,normal,k3s-wk1,0.26211111111111274,0.6788356515903199,194.46666666666667,179.26666666666665,9054.866666666667,5692.6,0,15,2,0,16,0,"{""process_kprobe"": 16, ""process_exit"": 16, ""process_exec"": 15}"
1774259964,normal,sw-wk3,0.10900000000001464,0.4201849866005082,0.0,0.0,3561.6,5173.566666666667,0,0,0,0,0,0,{}
1774259964,normal,sw-wk2,0.06677777777780047,0.39924238806920376,0.0,0.0,620.8,3984.7999999999997,0,0,0,0,0,0,{}
1774259964,normal,k3s-wk1,0.28377777777778745,0.6838309799844718,194.46666666666667,179.26666666666665,9757.866666666667,8114.166666666667,0,18,2,0,14,0,"{""process_kprobe"": 14, ""process_exit"": 18, ""process_exec"": 18}"
1774259974,normal,sw-wk3,0.10900000000001464,0.4201849866005082,0.0,0.0,4514.266666666666,5031.633333333333,0,0,0,0,0,0,{}
1774259974,normal,sw-wk2,0.1629999999999806,0.3930091995734454,0.0,0.0,4988.0666666666675,4629.366666666667,0,0,0,0,0,0,{}
1774259974,normal,k3s-wk1,0.28377777777778745,0.6838309799844718,194.46666666666667,179.26666666666665,9757.866666666667,8114.166666666667,0,38,7,0,30,2,"{""process_exit"": 38, ""process_exec"": 38, ""process_kprobe"": 30}"
1774259984,normal,sw-wk3,0.12266666666665627,0.4204098036133863,0.0,0.0,4514.266666666666,5031.633333333334,0,0,0,0,0,0,{}
1774259984,normal,sw-wk2,0.1629999999999806,0.3930091995734454,0.0,0.0,4988.066666666667,4629.366666666667,0,0,0,0,0,0,{}
1774259984,normal,k3s-wk1,0.28377777777778745,0.6838309799844718,194.46666666666667,179.26666666666665,9757.866666666667,8114.166666666667,0,42,7,0,37,2,"{""process_exit"": 44, ""process_exec"": 42, ""process_kprobe"": 37}"
1774259994,normal,sw-wk3,0.12266666666665627,0.4204098036133863,0.0,0.0,4514.266666666666,5031.633333333333,0,0,0,0,0,0,{}
1774259994,normal,sw-wk2,0.1629999999999806,0.3930091995734454,0.0,0.0,4988.066666666667,4629.366666666667,0,0,0,0,0,0,{}
1774259994,normal,k3s-wk1,0.3012222222222085,0.683351975891882,196.6,205.93333333333334,9124.133333333333,6087.666666666667,0,62,7,0,54,1,"{""process_exit"": 64, ""process_exec"": 62, ""process_kprobe"": 54}"
1774260004,normal,sw-wk3,0.12266666666665627,0.4204098036133863,0.0,0.0,2059.3333333333335,4963.733333333334,0,0,0,0,0,0,{}
1774260004,normal,sw-wk2,0.077666666666664,0.394145219564214,0.0,0.0,813.7,4032.8333333333335,0,0,0,0,0,0,{}
1774260004,normal,k3s-wk1,0.3012222222222085,0.683351975891882,196.6,205.93333333333334,9124.133333333333,6087.666666666667,0,15,4,0,13,1,"{""process_exit"": 15, ""process_exec"": 15, ""process_kprobe"": 13}"
1774260014,normal,sw-wk3,0.11866666666666992,0.42064854734387647,0.0,0.0,2059.3333333333335,4963.733333333334,0,0,0,0,0,0,{}
1774260014,normal,sw-wk2,0.07766666666666422,0.394145219564214,0.0,0.0,813.7,4032.8333333333335,0,0,0,0,0,0,{}
1774260014,normal,k3s-wk1,0.3012222222222085,0.683351975891882,196.6,205.93333333333334,9124.133333333333,6087.666666666667,0,21,6,0,20,2,"{""process_exit"": 23, ""process_exec"": 21, ""process_kprobe"": 20}"
1774260024,normal,sw-wk3,0.11866666666666992,0.42064854734387647,0.0,0.0,2059.3333333333335,4963.733333333334,0,0,0,0,0,0,{}
1774260024,normal,sw-wk2,0.07766666666666422,0.394145219564214,0.0,0.0,813.7,4032.8333333333335,0,0,0,0,0,0,{}
1774260024,normal,k3s-wk1,0.27888888888889296,0.681750470450448,231.46666666666667,223.83333333333334,9459.4,4326.2,0,35,6,0,28,1,"{""process_exit"": 37, ""process_exec"": 35, ""process_kprobe"": 28}"
1774260034,transition,sw-wk3,0.0,0.42064854734387647,0.0,0.0,2764.133333333333,5085.9,10,0,0,0,0,0,{}
1774260034,transition,sw-wk2,0.15011111111113373,0.3935702462238775,0.0,0.0,5066.766666666666,4679.266666666666,10,0,0,0,0,0,{}
1774260034,transition,k3s-wk1,0.27888888888889296,0.681750470450448,231.46666666666667,223.83333333333334,9459.4,4326.2,10,29,6,0,20,3,"{""process_exit"": 31, ""process_exec"": 29, ""process_kprobe"": 20}"
1774260044,normal,sw-wk3,0.12044444444446634,0.4207559820225971,0.0,0.0,2764.133333333333,5085.9,0,0,0,0,0,0,{}
1774260044,normal,sw-wk2,0.15011111111113373,0.3935702462238775,0.0,0.0,5066.766666666666,4679.266666666666,0,0,0,0,0,0,{}
1774260044,normal,k3s-wk1,0.27888888888889296,0.681750470450448,231.46666666666667,223.83333333333334,9459.4,4326.2,0,56,7,0,51,1,"{""process_kprobe"": 51, ""process_exit"": 58, ""process_exec"": 56}"
1774260054,normal,sw-wk3,0.12044444444446634,0.4207559820225971,0.0,0.0,2764.133333333333,5085.9,0,0,0,0,0,0,{}
1774260054,normal,sw-wk2,0.15011111111113373,0.3935702462238775,0.0,0.0,5066.766666666666,4679.266666666666,0,0,0,0,0,0,{}
1774260054,normal,k3s-wk1,0.2701111111111256,0.6803608322038136,227.46666666666667,226.29999999999998,9263.5,5900.233333333334,0,42,5,0,35,1,"{""process_exit"": 42, ""process_exec"": 42, ""process_kprobe"": 35}"
1774260064,transition,sw-wk3,0.0,0.42074603436715996,0.0,0.0,2326.63400326634,4942.205779422058,9,0,0,0,0,0,{}
1774260064,transition,sw-wk2,0.06622222222221252,0.3935642776424899,0.0,0.0,355.1333333333333,4009.133333333333,9,0,0,0,0,0,{}
1774260064,transition,k3s-wk1,0.2701111111111256,0.6803608322038136,227.46666666666667,226.29999999999998,9263.5,5900.233333333334,9,16,5,0,10,2,"{""process_exit"": 18, ""process_exec"": 16, ""process_kprobe"": 10}"
1774260074,normal,sw-wk3,0.11697719116975647,0.42074603436715996,0.0,0.0,2326.63400326634,4942.205779422058,0,0,0,0,0,0,{}
1774260074,normal,sw-wk2,0.06622222222221252,0.3935642776424899,0.0,0.0,355.1333333333333,4009.133333333333,0,0,0,0,0,0,{}
1774260074,normal,k3s-wk1,0.2701111111111256,0.6803608322038136,227.46666666666667,226.29999999999998,9263.5,5900.233333333334,0,62,7,0,60,2,"{""process_exit"": 64, ""process_exec"": 62, ""process_kprobe"": 60}"
1774260084,normal,sw-wk3,0.11697719116975647,0.42074603436715996,0.0,0.0,2326.63400326634,4942.205779422058,0,0,0,0,0,0,{}
1774260084,normal,sw-wk2,0.06622222222221252,0.3935642776424899,0.0,0.0,355.1333333333333,4009.133333333333,0,0,0,0,0,0,{}
1774260084,normal,k3s-wk1,0.30644444444444363,0.6795054677527602,256.6,240.79999999999998,9584.6,8805.333333333334,0,42,7,0,35,2,"{""process_exit"": 44, ""process_exec"": 42, ""process_kprobe"": 35}"
1774260094,normal,sw-wk3,0.11335578002243707,0.42084352139044345,0.0,0.0,3171.2837950461712,5060.006000600059,0,0,0,0,0,0,{}
1774260094,normal,sw-wk2,0.1546666666666675,0.39849830492288596,0.0,0.0,5183.3,4523.7,0,0,0,0,0,0,{}
1774260094,normal,k3s-wk1,0.30644444444444363,0.6795054677527602,256.6,240.79999999999998,9584.6,8805.333333333334,0,38,7,0,33,2,"{""process_exit"": 40, ""process_exec"": 38, ""process_kprobe"": 33}"
1774260104,normal,sw-wk3,0.11335578002243707,0.42084352139044345,0.0,0.0,3171.2837950461712,5060.006000600059,0,0,0,0,0,0,{}
1774260104,normal,sw-wk2,0.1546666666666675,0.39849830492288596,0.0,0.0,5183.3,4523.7,0,0,0,0,0,0,{}
1774260104,normal,k3s-wk1,0.30644444444444363,0.6795054677527602,256.6,240.79999999999998,9584.6,8805.333333333334,0,34,3,0,31,0,"{""process_exit"": 34, ""process_exec"": 34, ""process_kprobe"": 31}"
1774260114,normal,sw-wk3,0.11335578002243707,0.42084352139044345,0.0,0.0,3171.2837950461712,5060.006000600059,0,0,0,0,0,0,{}
1774260114,normal,sw-wk2,0.1546666666666675,0.39849830492288596,0.0,0.0,5183.3,4523.7,0,0,0,0,0,0,{}
1774260114,normal,k3s-wk1,0.2614444444444315,0.6798305062441605,406.3666666666667,300.8333333333333,9003.333333333334,2329.233333333333,0,39,6,0,33,1,"{""process_kprobe"": 33, ""process_exit"": 43, ""process_exec"": 39}"
1774260124,normal,sw-wk3,0.12177777777778831,0.4208276051417441,4.466666666666667,6.0,2790.8,4938.666666666667,0,0,0,0,0,0,{}
1774260124,normal,sw-wk2,0.09744444444444922,0.39859181269795796,0.0,0.0,906.2666666666667,4116.433333333333,0,0,0,0,0,0,{}
1774260124,normal,k3s-wk1,0.2614444444444315,0.6798305062441605,406.3666666666667,300.8333333333333,9003.333333333334,2329.233333333333,0,18,2,0,12,0,"{""process_exit"": 18, ""process_exec"": 18, ""process_kprobe"": 12}"
1774260134,normal,sw-wk3,0.12177777777778831,0.4208276051417441,4.466666666666667,6.0,2790.8,4938.666666666667,0,0,0,0,0,0,{}
1774260134,normal,sw-wk2,0.09744444444444922,0.39859181269795796,0.0,0.0,906.2666666666667,4116.433333333333,0,0,0,0,0,0,{}
1774260134,normal,k3s-wk1,0.2614444444444315,0.6798305062441605,406.3666666666667,300.8333333333333,9003.333333333334,2329.233333333333,0,12,2,0,14,0,"{""process_kprobe"": 14, ""process_exit"": 12, ""process_exec"": 12}"
1774260144,normal,sw-wk3,0.12177777777778831,0.4208276051417441,4.466666666666667,6.0,2790.8,4938.666666666667,0,0,0,0,0,0,{}
1774260144,normal,sw-wk2,0.09744444444444922,0.39859181269795796,0.0,0.0,906.2666666666667,4116.433333333333,0,0,0,0,0,0,{}
1774260144,normal,k3s-wk1,0.30544444444446217,0.6798226105723046,204.43333333333334,183.73333333333332,9710.366666666667,10030.2,0,63,3,0,56,0,"{""process_kprobe"": 56, ""process_exit"": 63, ""process_exec"": 63}"
1774260154,normal,sw-wk3,0.12178376216505271,0.42093305028937733,0.0,0.0,3351.419810691908,5056.925743234236,0,0,0,0,0,0,{}
1774260154,normal,sw-wk2,0.14422222222221748,0.3963336994063251,4.466666666666667,6.0,5329.466666666666,4647.066666666667,0,0,0,0,0,0,{}
1774260154,normal,k3s-wk1,0.30544444444446217,0.6798226105723046,204.43333333333334,183.73333333333332,9710.366666666667,10030.2,0,99,3,0,90,0,"{""process_exit"": 99, ""process_exec"": 99, ""process_kprobe"": 90}"
1774260165,transition,sw-wk3,0.12178376216505271,0.42093305028937733,0.0,0.0,3351.419810691908,5056.925743234236,10,0,0,0,0,0,{}
1774260165,transition,sw-wk2,0.14422222222221748,0.3963336994063251,4.466666666666667,6.0,5329.466666666666,4647.066666666667,10,0,0,0,0,0,{}
1774260165,transition,k3s-wk1,0.0,0.6798226105723046,148.23133071308254,133.038279882419,8945.503187237839,2261.254417544671,10,9,2,0,9,0,"{""process_kprobe"": 9, ""process_exit"": 9, ""process_exec"": 9}"
1774260175,normal,sw-wk3,0.12178376216505271,0.42093305028937733,0.0,0.0,3351.419810691908,5056.925743234236,0,0,0,0,0,0,{}
1774260175,normal,sw-wk2,0.06666666666666654,0.3964411338713014,0.0,0.0,1616.0333333333333,4230.366666666667,0,0,0,0,0,0,{}
1774260175,normal,k3s-wk1,0.2830641521066508,0.6805529602189733,148.23133071308254,133.038279882419,8945.503187237839,2261.254417544671,0,12,2,0,11,0,"{""process_kprobe"": 11, ""process_exit"": 12, ""process_exec"": 12}"
1774260185,normal,sw-wk3,0.10310263590699931,0.4209250921650276,0.0,0.0,2552.540338711828,4990.132017602346,0,0,0,0,0,0,{}
1774260185,normal,sw-wk2,0.06666666666666676,0.3964411338713014,0.0,0.0,1616.0333333333333,4230.366666666667,0,0,0,0,0,0,{}
1774260185,normal,k3s-wk1,0.2830641521066508,0.6805529602189733,148.23133071308254,133.038279882419,8945.503187237839,2261.254417544671,0,54,3,0,50,0,"{""process_exit"": 54, ""process_exec"": 54, ""process_kprobe"": 50}"
1774260195,normal,sw-wk3,0.10310263590699931,0.4209250921650276,0.0,0.0,2552.540338711828,4990.132017602346,0,0,0,0,0,0,{}
1774260195,normal,sw-wk2,0.06666666666666676,0.3964411338713014,0.0,0.0,1616.0333333333333,4230.366666666667,0,0,0,0,0,0,{}
1774260195,normal,k3s-wk1,0.289439154863251,0.6779039623113263,189.48289203647008,179.72613800760354,9964.236449887294,10624.09581805336,0,21,2,0,21,0,"{""process_kprobe"": 21, ""process_exit"": 21, ""process_exec"": 21}"
1774260205,normal,sw-wk3,0.10310263590699931,0.4209250921650276,0.0,0.0,2552.540338711828,4990.132017602346,0,0,0,0,0,0,{}
1774260205,normal,sw-wk2,0.15100000000000147,0.40127767432236705,0.0,0.0,4896.5666666666675,4592.0,0,0,0,0,0,0,{}
1774260205,normal,k3s-wk1,0.289439154863251,0.6779039623113263,189.48289203647008,179.72613800760354,9964.236449887294,10624.09581805336,0,12,2,0,9,0,"{""process_exit"": 12, ""process_exec"": 12, ""process_kprobe"": 9}"
1774260215,normal,sw-wk3,0.1235555555555442,0.42102456871939853,0.0,0.0,2615.0333333333333,4986.866666666667,0,0,0,0,0,0,{}
1774260215,normal,sw-wk2,0.15100000000000158,0.40127767432236705,0.0,0.0,4896.566666666667,4592.0,0,0,0,0,0,0,{}
1774260215,normal,k3s-wk1,0.289439154863251,0.6779039623113263,189.48289203647008,179.72613800760354,9964.236449887294,10624.09581805336,0,33,3,0,28,0,"{""process_exit"": 33, ""process_exec"": 33, ""process_kprobe"": 28}"
1774260225,normal,sw-wk3,0.1235555555555442,0.42102456871939853,0.0,0.0,2615.0333333333333,4986.866666666667,0,0,0,0,0,0,{}
1774260225,normal,sw-wk2,0.15100000000000158,0.40127767432236705,0.0,0.0,4896.566666666667,4592.0,0,0,0,0,0,0,{}
1774260225,normal,k3s-wk1,0.2534444444444186,0.6789080285823321,196.6,181.26666666666665,8966.866666666669,1265.8333333333333,0,33,3,0,31,0,"{""process_kprobe"": 31, ""process_exit"": 33, ""process_exec"": 33}"
1774260235,normal,sw-wk3,0.1235555555555442,0.42102456871939853,0.0,0.0,2615.0333333333333,4986.866666666667,0,0,0,0,0,0,{}
1774260235,normal,sw-wk2,0.06700000000000728,0.4007325438889685,0.0,0.0,413.1666666666667,4025.233333333333,0,0,0,0,0,0,{}
1774260235,normal,k3s-wk1,0.2534444444444185,0.6789080285823321,196.6,181.26666666666665,8966.866666666667,1265.8333333333333,0,39,3,0,33,0,"{""process_exit"": 39, ""process_exec"": 39, ""process_kprobe"": 33}"
1774260245,normal,sw-wk3,0.10166666666668289,0.4207360867117229,0.0,0.0,3496.1666666666665,5128.6,0,0,0,0,0,0,{}
1774260245,normal,sw-wk2,0.06700000000000728,0.4007325438889685,0.0,0.0,413.1666666666667,4025.233333333333,0,0,0,0,0,0,{}
1774260245,normal,k3s-wk1,0.2534444444444186,0.6789080285823321,196.6,181.26666666666665,8966.866666666667,1265.8333333333333,0,78,3,0,71,0,"{""process_exit"": 78, ""process_exec"": 78, ""process_kprobe"": 71}"
1774260255,normal,sw-wk3,0.10166666666668289,0.4207360867117229,0.0,0.0,3496.1666666666665,5128.6,0,0,0,0,0,0,{}
1774260255,normal,sw-wk2,0.06700000000000728,0.4007325438889685,0.0,0.0,413.1666666666667,4025.233333333333,0,0,0,0,0,0,{}
1774260255,normal,k3s-wk1,0.3092222222222214,0.6830650998144517,194.46666666666667,179.26666666666665,9513.933333333332,5854.133333333333,0,36,3,0,37,0,"{""process_kprobe"": 37, ""process_exit"": 37, ""process_exec"": 36}"
