timestamp,label,node,avg_cpu,avg_mem,net_bytes_in,net_bytes_out,net_internal_bytes_in,net_internal_bytes_out,last_successful_scrape_age_sec,exec_count,unique_process_count,tmp_exec_count,outbound_connect_count,mining_port_count,syscall_feature_vector
1774318828,transition,sw-wk2,0.6455555555555395,0.425034617772048,0.0,0.0,3804.6666666666665,609.4333333333333,0,0,0,0,0,0,{}
1774318828,transition,k3s-wk1,0.2416666666666667,0.7022213156821202,0.0,0.0,2446.4333333333334,4046.6,0,0,0,0,0,0,{}
1774318838,transition,sw-wk2,0.6455555555555395,0.425034617772048,0.0,0.0,3804.6666666666665,609.4333333333333,10,0,0,0,0,0,{}
1774318838,transition,k3s-wk1,0.2416666666666667,0.7022213156821202,0.0,0.0,2446.4333333333334,4046.6,10,27,3,0,25,0,"{""process_exit"": 27, ""process_exec"": 27, ""process_kprobe"": 25}"
1774318849,transition,sw-wk2,0.6455555555555395,0.425034617772048,0.0,0.0,3804.6666666666665,609.4333333333333,20,104,5,0,0,0,"{""process_exit"": 106, ""process_exec"": 104}"
1774318849,transition,k3s-wk1,0.2966666666666343,0.7219618112671238,130.6,120.46666666666667,27339.866666666665,3067.4333333333334,20,45,3,0,48,0,"{""process_kprobe"": 48, ""process_exit"": 45, ""process_exec"": 45}"
1774318858,transition,sw-wk2,0.18477777777782955,0.41929085295007085,0.0,0.0,5334.566666666667,29281.433333333334,30,0,0,0,0,0,{}
1774318858,transition,k3s-wk1,0.2966666666666343,0.7219618112671238,130.6,120.46666666666667,27339.866666666665,3067.4333333333334,30,36,3,0,34,0,"{""process_kprobe"": 34, ""process_exit"": 36, ""process_exec"": 36}"
1774318869,transition,sw-wk2,0.18477777777782955,0.41929085295007085,0.0,0.0,5334.566666666667,29281.433333333334,40,106,7,0,0,0,"{""process_exec"": 106, ""process_exit"": 106}"
1774318869,transition,k3s-wk1,0.2966666666666343,0.7219618112671238,130.6,120.46666666666667,27339.866666666665,3067.4333333333334,40,19,2,0,18,0,"{""process_exit"": 19, ""process_exec"": 19, ""process_kprobe"": 18}"
1774318879,transition,sw-wk2,0.18477777777782955,0.41929085295007085,0.0,0.0,5334.566666666667,29281.433333333334,50,0,0,0,0,0,{}
1774318879,transition,k3s-wk1,0.2986666666667185,0.7237041228566541,191.6,176.4,27805.533333333333,8722.933333333334,50,15,2,0,12,0,"{""process_exit"": 15, ""process_exec"": 15, ""process_kprobe"": 12}"
1774318889,transition,sw-wk2,0.19866666666663757,0.4195276066784447,4.466666666666668,6.0,6822.033333333333,27716.1,60,0,0,0,0,0,{}
1774318889,transition,k3s-wk1,0.2986666666667185,0.7237041228566541,191.6,176.4,27805.533333333333,8722.933333333332,60,39,3,0,36,0,"{""process_exit"": 39, ""process_exec"": 39, ""process_kprobe"": 36}"
1774318899,transition,sw-wk3,0.0,0.42925724835913426,0.0,0.0,0.0,0.0,70,0,0,0,0,0,{}
1774318899,transition,sw-wk2,0.19866666666663757,0.4195276066784447,4.466666666666667,6.0,6822.033333333333,27716.1,70,0,0,0,0,0,{}
1774318899,transition,k3s-wk1,0.2986666666667185,0.7237041228566541,191.6,176.4,27805.533333333333,8722.933333333332,70,54,3,0,51,0,"{""process_exit"": 54, ""process_exec"": 54, ""process_kprobe"": 51}"
1774318909,transition,sw-wk3,0.0,0.42925724835913426,0.0,0.0,0.0,0.0,80,0,0,0,0,0,{}
1774318909,transition,sw-wk2,0.19866666666663757,0.4195276066784447,4.466666666666667,6.0,6822.033333333333,27716.1,80,0,0,0,0,0,{}
1774318909,transition,k3s-wk1,0.29533333333335277,0.7238436130594412,386.3666666666667,271.70000000000005,12965.433333333332,50723.166666666664,80,18,2,0,18,0,"{""process_kprobe"": 18, ""process_exit"": 18, ""process_exec"": 18}"
1774318919,transition,sw-wk3,0.0,0.42925724835913426,0.0,0.0,0.0,0.0,90,0,0,0,0,0,{}
1774318919,transition,sw-wk2,0.09944444444449296,0.4224323162870649,0.0,0.0,3644.733333333333,3894.633333333333,90,0,0,0,0,0,{}
1774318919,transition,k3s-wk1,0.29533333333335277,0.7238436130594412,386.3666666666667,271.7,12965.433333333332,50723.166666666664,90,61,3,0,53,0,"{""process_exit"": 61, ""process_exec"": 61, ""process_kprobe"": 53}"
1774318929,normal,sw-wk3,0.08726323390550228,0.4294760967787502,0.0,0.0,1870.9548408598566,4903.949341776371,0,0,0,0,0,0,{}
1774318929,normal,sw-wk2,0.09944444444449296,0.4224323162870649,0.0,0.0,3644.733333333333,3894.633333333333,0,2,2,0,0,0,"{""process_exec"": 2}"
1774318929,normal,k3s-wk1,0.29533333333335277,0.7238436130594412,386.3666666666667,271.7,12965.433333333332,50723.166666666664,0,12,2,0,11,0,"{""process_exit"": 12, ""process_exec"": 12, ""process_kprobe"": 11}"
1774318939,normal,sw-wk3,0.08726323390550228,0.4294760967787502,0.0,0.0,1870.9548408598566,4903.949341776371,0,0,0,0,0,0,{}
1774318939,normal,sw-wk2,0.09944444444449296,0.4224323162870649,0.0,0.0,3644.733333333333,3894.633333333333,0,0,0,0,0,0,{}
1774318939,normal,k3s-wk1,0.2700000000000323,0.7239791554263004,196.46666666666667,181.26666666666665,9246.266666666666,3997.633333333333,0,33,3,0,31,0,"{""process_exit"": 33, ""process_exec"": 33, ""process_kprobe"": 31}"
1774318949,normal,sw-wk3,0.08726323390550228,0.4294760967787502,0.0,0.0,1870.9548408598566,4903.949341776371,0,0,0,0,0,0,{}
1774318949,normal,sw-wk2,0.17199999999987392,0.4216265577997421,0.0,0.0,3363.4,27387.366666666672,0,104,5,0,0,0,"{""process_exit"": 106, ""process_exec"": 104}"
1774318949,normal,k3s-wk1,0.2700000000000323,0.7239791554263004,196.46666666666667,181.26666666666665,9246.266666666666,3997.633333333333,0,54,3,0,49,0,"{""process_exit"": 54, ""process_exec"": 54, ""process_kprobe"": 49}"
1774318959,normal,sw-wk3,0.08929265988771062,0.42969295566727883,5.13418903150525,5.0008334722453744,3403.100516752792,5082.513752292049,0,0,0,0,0,0,{}
1774318959,normal,sw-wk2,0.17199999999987392,0.4216265577997421,0.0,0.0,3363.4,27387.366666666665,0,0,0,0,0,0,{}
1774318959,normal,k3s-wk1,0.2700000000000323,0.7239791554263004,196.46666666666667,181.26666666666665,9246.266666666666,3997.633333333333,0,57,3,0,54,0,"{""process_kprobe"": 54, ""process_exit"": 57, ""process_exec"": 57}"
1774318969,normal,sw-wk3,0.08929265988771062,0.42969295566727883,5.13418903150525,5.000833472245374,3403.100516752792,5082.513752292049,0,0,0,0,0,0,{}
1774318969,normal,sw-wk2,0.17199999999987392,0.4216265577997421,0.0,0.0,3363.4,27387.366666666665,0,0,0,0,0,0,{}
1774318969,normal,k3s-wk1,0.2995555555555458,0.7445592241186456,193.56666666666666,178.4,32071.533333333333,7228.066666666667,0,58,3,0,55,0,"{""process_exit"": 58, ""process_exec"": 58, ""process_kprobe"": 55}"
1774318979,normal,sw-wk3,0.08929265988771062,0.42969295566727883,5.13418903150525,5.000833472245374,3403.100516752792,5082.513752292049,0,0,0,0,0,0,{}
1774318979,normal,sw-wk2,0.16255555555568824,0.4140723232902004,0.0,0.0,2698.6666666666665,3967.8333333333335,0,0,0,0,0,0,{}
1774318979,normal,k3s-wk1,0.2995555555555458,0.7445592241186456,193.56666666666666,178.4,32071.533333333333,7228.066666666667,0,12,2,0,9,0,"{""process_exit"": 12, ""process_exec"": 12, ""process_kprobe"": 9}"
1774318989,normal,sw-wk3,0.08488888888888246,0.4298143170636113,0.0,0.0,1900.266666666667,4951.3,0,0,0,0,0,0,{}
1774318989,normal,sw-wk2,0.16255555555568824,0.4140723232902004,0.0,0.0,2698.6666666666665,3967.8333333333335,0,2,2,0,0,0,"{""process_exec"": 2}"
1774318989,normal,k3s-wk1,0.2995555555555458,0.7445592241186456,193.56666666666666,178.4,32071.533333333333,7228.066666666667,0,40,3,0,34,0,"{""process_exit"": 41, ""process_exec"": 40, ""process_kprobe"": 34}"
1774318999,normal,sw-wk3,0.08488888888888246,0.4298143170636113,0.0,0.0,1900.2666666666667,4951.3,0,0,0,0,0,0,{}
1774318999,normal,sw-wk2,0.16255555555568824,0.4140723232902004,0.0,0.0,2698.6666666666665,3967.8333333333335,0,104,5,0,0,0,"{""process_exit"": 106, ""process_exec"": 104}"
1774318999,normal,k3s-wk1,0.2773333333334045,0.7463423300127647,202.6,187.86666666666667,32199.399999999998,4468.633333333333,0,54,3,0,49,0,"{""process_exit"": 54, ""process_exec"": 54, ""process_kprobe"": 49}"
1774319009,normal,sw-wk3,0.08488888888888246,0.4298143170636113,0.0,0.0,1900.2666666666667,4951.3,0,0,0,0,0,0,{}
1774319009,normal,sw-wk2,0.15655555555559753,0.4148661446147479,0.0,0.0,5211.966666666666,27567.0,0,0,0,0,0,0,{}
1774319009,normal,k3s-wk1,0.2773333333334045,0.7463423300127647,202.6,187.86666666666667,32199.399999999998,4468.633333333333,0,78,3,0,71,0,"{""process_exit"": 78, ""process_exec"": 78, ""process_kprobe"": 71}"
1774319019,normal,sw-wk3,0.0971111111110885,0.4299197622112444,0.0,0.0,4651.733333333334,5265.333333333333,0,0,0,0,0,0,{}
1774319019,normal,sw-wk2,0.15655555555559753,0.4148661446147479,0.0,0.0,5211.966666666666,27567.0,0,0,0,0,0,0,{}
1774319019,normal,k3s-wk1,0.2773333333334045,0.7463423300127647,202.6,187.86666666666667,32199.399999999998,4468.633333333333,0,16,3,0,13,0,"{""process_exit"": 15, ""process_exec"": 16, ""process_kprobe"": 13}"
1774319029,normal,sw-wk3,0.0971111111110885,0.4299197622112444,0.0,0.0,4651.733333333334,5265.333333333333,0,0,0,0,0,0,{}
1774319029,normal,sw-wk2,0.15655555555559753,0.4148661446147479,0.0,0.0,5211.966666666666,27567.0,0,0,0,0,0,0,{}
1774319029,normal,k3s-wk1,0.32199999999987383,0.7379873932439368,191.60000000000005,176.4,9345.466666666667,8052.666666666667,0,9,2,0,13,0,"{""process_kprobe"": 13, ""process_exit"": 9, ""process_exec"": 9}"
1774319039,normal,sw-wk3,0.0971111111110885,0.4299197622112444,0.0,0.0,4651.733333333334,5265.333333333333,0,0,0,0,0,0,{}
1774319039,normal,sw-wk2,0.09577777777772611,0.4115416447818683,0.0,0.0,769.8,3788.5666666666666,0,0,0,0,0,0,{}
1774319039,normal,k3s-wk1,0.32199999999987383,0.7379873932439368,191.6,176.4,9345.466666666667,8052.666666666667,0,19,2,0,14,0,"{""process_exit"": 19, ""process_exec"": 19, ""process_kprobe"": 14}"
1774319049,normal,sw-wk3,0.08634404301650933,0.4299058354936325,0.0,0.0,1852.4530062658314,4915.944540727903,0,0,0,0,0,0,{}
1774319049,normal,sw-wk2,0.09577777777772611,0.4115416447818683,0.0,0.0,769.8,3788.5666666666666,0,106,7,0,0,0,"{""process_exec"": 106, ""process_exit"": 106}"
1774319049,normal,k3s-wk1,0.32199999999987383,0.7379873932439368,191.6,176.4,9345.466666666667,8052.666666666667,0,12,2,0,11,0,"{""process_exit"": 12, ""process_exec"": 12, ""process_kprobe"": 11}"
1774319059,normal,sw-wk3,0.08634404301650933,0.4299058354936325,0.0,0.0,1852.4530062658314,4915.944540727903,0,0,0,0,0,0,{}
1774319059,normal,sw-wk2,0.09577777777772611,0.4115416447818683,0.0,0.0,769.8,3788.5666666666666,0,0,0,0,0,0,{}
1774319059,normal,k3s-wk1,0.30833333333341406,0.7585121922332908,194.46666666666667,179.26666666666665,32454.166666666668,8972.066666666666,0,36,3,0,31,0,"{""process_exit"": 36, ""process_exec"": 36, ""process_kprobe"": 31}"
1774319069,normal,sw-wk3,0.08634404301650933,0.4299058354936325,0.0,0.0,1852.4530062658314,4915.944540727903,0,0,0,0,0,0,{}
1774319069,normal,sw-wk2,0.20366666666660516,0.41809315761829724,0.0,0.0,5250.133333333333,27418.666666666668,0,0,0,0,0,0,{}
1774319069,normal,k3s-wk1,0.3083333333334142,0.7585121922332908,194.46666666666667,179.26666666666665,32454.166666666668,8972.066666666666,0,36,3,0,31,0,"{""process_exit"": 36, ""process_exec"": 36, ""process_kprobe"": 31}"
1774319079,normal,sw-wk3,0.08787838378448531,0.4301565164106472,3.0004000533404453,3.0004000533404453,2700.826776903587,5012.101613548473,0,0,0,0,0,0,{}
1774319079,normal,sw-wk2,0.20366666666660516,0.41809315761829724,0.0,0.0,5250.133333333333,27418.666666666668,0,0,0,0,0,0,{}
1774319079,normal,k3s-wk1,0.3083333333334142,0.7585121922332908,194.46666666666667,179.26666666666665,32454.166666666668,8972.066666666666,0,16,2,0,12,0,"{""process_exit"": 16, ""process_exec"": 16, ""process_kprobe"": 12}"
1774319089,normal,sw-wk3,0.08787838378448531,0.4301565164106472,3.0004000533404453,3.0004000533404453,2700.826776903587,5012.101613548473,0,0,0,0,0,0,{}
1774319089,normal,sw-wk2,0.20366666666660516,0.41809315761829724,0.0,0.0,5250.133333333333,27418.666666666668,0,0,0,0,0,0,{}
1774319089,normal,k3s-wk1,0.25577777777774224,0.7773104709768262,194.46666666666667,179.26666666666665,8719.566666666666,1290.3333333333333,0,36,3,0,35,0,"{""process_kprobe"": 35, ""process_exit"": 36, ""process_exec"": 36}"
1774319099,normal,sw-wk3,0.08787838378448531,0.4301565164106472,3.0004000533404453,3.0004000533404453,2700.826776903587,5012.101613548473,0,0,0,0,0,0,{}
1774319099,normal,sw-wk2,0.08355555555560079,0.41898247624504603,5.133333333333333,5.0,387.6333333333333,3763.4666666666667,0,0,0,0,0,0,{}
1774319099,normal,k3s-wk1,0.25577777777774224,0.7773104709768262,194.46666666666667,179.26666666666665,8719.566666666666,1290.3333333333333,0,16,2,0,11,0,"{""process_exit"": 16, ""process_exec"": 16, ""process_kprobe"": 11}"
1774319109,normal,sw-wk3,0.08704104871418084,0.43051065294420754,2.132977837027162,1.9996667222129645,1921.4464255957341,5008.698550241626,0,0,0,0,0,0,{}
1774319109,normal,sw-wk2,0.08355555555560079,0.41898247624504603,5.133333333333333,5.0,387.6333333333333,3763.4666666666667,0,106,7,0,0,0,"{""process_exec"": 106, ""process_exit"": 106}"
1774319109,normal,k3s-wk1,0.25577777777774224,0.7773104709768262,194.46666666666667,179.26666666666665,8719.566666666666,1290.3333333333333,0,33,3,0,31,0,"{""process_exit"": 33, ""process_exec"": 33, ""process_kprobe"": 31}"
1774319119,normal,sw-wk3,0.08704104871418084,0.43051065294420754,2.132977837027162,1.9996667222129645,1921.4464255957341,5008.698550241626,0,0,0,0,0,0,{}
1774319119,normal,sw-wk2,0.08355555555560079,0.41898247624504603,5.133333333333333,5.0,387.6333333333333,3763.4666666666667,0,0,0,0,0,0,{}
1774319119,normal,k3s-wk1,0.2988888888889051,0.8008237817636299,196.06666666666666,182.4,32580.266666666666,8945.966666666667,0,16,2,0,13,0,"{""process_exit"": 16, ""process_exec"": 16, ""process_kprobe"": 13}"
1774319129,normal,sw-wk3,0.08704104871418084,0.43051065294420754,2.132977837027162,1.9996667222129645,1921.4464255957341,5008.698550241626,0,0,0,0,0,0,{}
1774319129,normal,sw-wk2,0.15266666666664408,0.41315117222938447,0.0,0.0,5266.133333333333,27523.433333333334,0,0,0,0,0,0,{}
1774319129,normal,k3s-wk1,0.2988888888889051,0.8008237817636299,196.06666666666666,182.4,32580.266666666666,8945.966666666667,0,36,3,0,32,0,"{""process_exit"": 36, ""process_exec"": 36, ""process_kprobe"": 32}"
1774319139,normal,sw-wk3,0.08995943768398407,0.4307513862057851,0.0,0.0,2832.7054509084846,5104.617436239373,0,0,0,0,0,0,{}
1774319139,normal,sw-wk2,0.15266666666664408,0.41315117222938447,0.0,0.0,5266.133333333333,27523.433333333334,0,0,0,0,0,0,{}
1774319139,normal,k3s-wk1,0.2988888888889051,0.8008237817636299,196.06666666666666,182.4,32580.266666666666,8945.966666666667,0,33,3,0,32,0,"{""process_exit"": 33, ""process_exec"": 33, ""process_kprobe"": 32}"
1774319149,normal,sw-wk3,0.08995943768398407,0.4307513862057851,0.0,0.0,2832.7054509084846,5104.617436239373,0,0,0,0,0,0,{}
1774319149,normal,sw-wk2,0.15266666666664408,0.41315117222938447,0.0,0.0,5266.133333333333,27523.433333333334,0,0,0,0,0,0,{}
1774319149,normal,k3s-wk1,0.27744444444445737,0.8245081654406443,194.4666666666667,179.26666666666665,8972.366666666667,2527.6666666666665,0,15,2,0,14,0,"{""process_exit"": 15, ""process_exec"": 15, ""process_kprobe"": 14}"
1774319159,normal,sw-wk3,0.08995943768398407,0.4307513862057851,0.0,0.0,2832.7054509084846,5104.617436239373,0,0,0,0,0,0,{}
1774319159,normal,sw-wk2,0.11277777777779396,0.415166563211256,0.0,0.0,667.0333333333333,3825.000000000001,0,0,0,0,0,0,{}
1774319159,normal,k3s-wk1,0.27744444444445737,0.8245081654406443,194.46666666666667,179.26666666666665,8972.366666666667,2527.6666666666665,0,39,3,0,33,0,"{""process_exit"": 39, ""process_exec"": 39, ""process_kprobe"": 33}"
1774319169,normal,sw-wk3,0.08977777777771634,0.43085683135341835,0.0,0.0,2617.8333333333335,4994.4,0,0,0,0,0,0,{}
1774319169,normal,sw-wk2,0.11277777777779396,0.415166563211256,0.0,0.0,667.0333333333333,3825.0,0,2,2,0,0,0,"{""process_exec"": 2}"
1774319169,normal,k3s-wk1,0.27744444444445737,0.8245081654406443,194.46666666666667,179.26666666666665,8972.366666666667,2527.6666666666665,0,58,3,0,52,0,"{""process_exit"": 58, ""process_exec"": 58, ""process_kprobe"": 52}"
1774319179,normal,sw-wk3,0.08977777777771634,0.43085683135341835,0.0,0.0,2617.8333333333335,4994.4,0,0,0,0,0,0,{}
1774319179,normal,sw-wk2,0.11277777777779396,0.415166563211256,0.0,0.0,667.0333333333333,3825.0,0,104,5,0,0,0,"{""process_exit"": 106, ""process_exec"": 104}"
1774319179,normal,k3s-wk1,0.3126666666666602,0.7281757050176995,197.46666666666667,182.26666666666665,32498.266666666666,8123.7,0,15,2,0,11,0,"{""process_exit"": 16, ""process_exec"": 15, ""process_kprobe"": 11}"
1774319189,normal,sw-wk3,0.08977777777771634,0.43085683135341835,0.0,0.0,2617.8333333333335,4994.4,0,0,0,0,0,0,{}
1774319189,normal,sw-wk2,0.2107777777777099,0.41229567556383195,0.0,0.0,6703.8,27652.233333333334,0,0,0,0,0,0,{}
1774319189,normal,k3s-wk1,0.3126666666666602,0.7281757050176995,197.46666666666667,182.26666666666665,32498.266666666666,8123.7,0,84,3,0,75,0,"{""process_exit"": 84, ""process_exec"": 84, ""process_kprobe"": 75}"
1774319199,normal,sw-wk3,0.09933333333335925,0.4310896064906462,0.0,0.0,4059.9333333333334,5060.7,0,0,0,0,0,0,{}
1774319199,normal,sw-wk2,0.2107777777777099,0.41229567556383195,0.0,0.0,6703.8,27652.233333333334,0,0,0,0,0,0,{}
1774319199,normal,k3s-wk1,0.3126666666666602,0.7281757050176995,197.46666666666667,182.26666666666665,32498.266666666666,8123.7,0,34,3,0,32,0,"{""process_exit"": 34, ""process_exec"": 34, ""process_kprobe"": 32}"
1774319209,normal,sw-wk3,0.09933333333335925,0.4310896064906462,0.0,0.0,4059.9333333333334,5060.7,0,0,0,0,0,0,{}
1774319209,normal,sw-wk2,0.2107777777777099,0.41229567556383195,0.0,0.0,6703.8,27652.233333333334,0,0,0,0,0,0,{}
1774319209,normal,k3s-wk1,0.308482599107029,0.727534839652064,187.57463288688075,172.72873971276422,7401.000484105212,4780.538970469582,0,18,2,0,18,0,"{""process_kprobe"": 18, ""process_exit"": 18, ""process_exec"": 18}"
1774319219,transition,sw-wk3,0.09933333333335925,0.4310896064906462,0.0,0.0,4059.9333333333334,5060.7,10,0,0,0,0,0,{}
1774319219,transition,sw-wk2,0.0,0.41229567556383195,0.0,0.0,0.0,0.0,10,0,0,0,0,0,{}
1774319219,transition,k3s-wk1,0.308482599107029,0.727534839652064,187.57463288688075,172.72873971276422,7401.000484105212,4780.538970469582,10,54,3,0,50,0,"{""process_exit"": 54, ""process_exec"": 54, ""process_kprobe"": 50}"
1774319229,transition,sw-wk3,0.07100000000007434,0.4308090826073203,0.0,0.0,1431.1333333333332,5007.8,20,0,0,0,0,0,{}
1774319229,transition,sw-wk2,0.0,0.0,0.0,0.0,0.0,0.0,20,0,0,0,0,0,{}
1774319229,transition,k3s-wk1,0.308482599107029,0.727534839652064,187.57463288688075,172.72873971276422,7401.000484105212,4780.538970469582,20,36,3,0,33,0,"{""process_exit"": 36, ""process_exec"": 36, ""process_kprobe"": 33}"
1774319239,transition,sw-wk3,0.07100000000007434,0.4308090826073203,0.0,0.0,1431.1333333333332,5007.8,30,0,0,0,0,0,{}
1774319239,transition,sw-wk2,0.0,0.0,0.0,0.0,0.0,0.0,30,0,0,0,0,0,{}
1774319239,transition,k3s-wk1,0.25739559997703,0.7196220605071653,201.06841288988457,185.35240392900226,5171.773220747889,2006.5483370670345,30,36,3,0,31,0,"{""process_exit"": 36, ""process_exec"": 36, ""process_kprobe"": 31}"
1774319249,transition,sw-wk3,0.07100000000007434,0.4308090826073203,0.0,0.0,1431.1333333333332,5007.8,40,0,0,0,0,0,{}
1774319249,transition,sw-wk2,0.0,0.0,0.0,0.0,0.0,0.0,40,0,0,0,0,0,{}
1774319249,transition,k3s-wk1,0.25739559997703,0.7196220605071653,201.06841288988457,185.35240392900226,5171.773220747889,2006.5483370670345,40,13,2,0,10,0,"{""process_exit"": 13, ""process_exec"": 13, ""process_kprobe"": 10}"
1774319259,transition,sw-wk3,0.07793184280944498,0.43115128195435615,0.0,0.0,8362.03808133749,5421.647979831488,50,0,0,0,0,0,{}
1774319259,transition,sw-wk2,0.0,0.0,0.0,0.0,0.0,0.0,50,0,0,0,0,0,{}
1774319259,transition,k3s-wk1,0.25739559997703,0.7196220605071653,201.06841288988457,185.35240392900226,5171.773220747889,2006.5483370670345,50,57,3,0,53,0,"{""process_exit"": 57, ""process_exec"": 57, ""process_kprobe"": 53}"
1774319269,transition,sw-wk3,0.07793184280944498,0.43115128195435615,0.0,0.0,8362.03808133749,5421.647979831487,60,0,0,0,0,0,{}
1774319269,transition,sw-wk2,0.0,0.0,0.0,0.0,0.0,0.0,60,0,0,0,0,0,{}
1774319269,transition,k3s-wk1,0.2782222222222318,0.7264965588030161,194.46666666666667,179.26666666666665,5670.533333333333,14418.133333333333,60,40,3,0,38,0,"{""process_kprobe"": 38, ""process_exit"": 40, ""process_exec"": 40}"
1774319279,transition,sw-wk3,0.07793184280944498,0.43115128195435615,0.0,0.0,8362.03808133749,5421.647979831487,70,0,0,0,0,0,{}
1774319279,transition,sw-wk2,0.0,0.4125264607108182,0.0,0.0,0.0,0.0,70,0,0,0,0,0,{}
1774319279,transition,k3s-wk1,0.2782222222222319,0.7264965588030161,194.46666666666667,179.26666666666665,5670.533333333333,14418.133333333333,70,36,3,0,34,0,"{""process_exit"": 36, ""process_exec"": 36, ""process_kprobe"": 34}"
1774319289,transition,sw-wk3,0.09939483262987114,0.43113934476783167,0.0,0.0,3304.6157968781404,5292.42312587928,80,0,0,0,0,0,{}
1774319289,transition,sw-wk2,0.0,0.4125264607108182,0.0,0.0,0.0,0.0,80,0,0,0,0,0,{}
1774319289,transition,k3s-wk1,0.2782222222222319,0.7264965588030161,194.46666666666667,179.26666666666665,5670.533333333333,14418.133333333333,80,54,3,0,51,0,"{""process_kprobe"": 51, ""process_exit"": 55, ""process_exec"": 54}"
1774319299,transition,sw-wk3,0.09939483262987092,0.43113934476783167,0.0,0.0,3304.6157968781404,5292.423125879279,90,0,0,0,0,0,{}
1774319299,transition,sw-wk2,0.0,0.4125264607108182,0.0,0.0,0.0,0.0,90,0,0,0,0,0,{}
1774319299,transition,k3s-wk1,0.2738888888889859,0.730061454645945,191.6,176.4,7016.8,9016.333333333334,90,18,2,0,16,0,"{""process_exit"": 18, ""process_exec"": 18, ""process_kprobe"": 16}"
1774319309,transition,sw-wk3,0.09939483262987092,0.43113934476783167,0.0,0.0,3304.6157968781404,5292.42312587928,100,0,0,0,0,0,{}
1774319309,transition,sw-wk2,0.0,0.4125264607108182,0.0,0.0,0.0,0.0,100,0,0,0,0,0,{}
1774319309,transition,k3s-wk1,0.2738888888889859,0.730061454645945,191.6,176.4,7016.8,9016.333333333334,100,58,3,0,53,0,"{""process_exit"": 58, ""process_exec"": 58, ""process_kprobe"": 53}"
1774319319,transition,sw-wk3,0.10955555555556207,0.42513493994600415,0.0,0.0,4334.433333333333,5231.433333333333,110,0,0,0,0,0,{}
1774319319,transition,sw-wk2,0.0,0.0,0.0,0.0,0.0,0.0,110,0,0,0,0,0,{}
1774319319,transition,k3s-wk1,0.2738888888889859,0.730061454645945,191.6,176.4,7016.8,9016.333333333334,110,12,2,0,12,0,"{""process_exit"": 12, ""process_exec"": 12, ""process_kprobe"": 12}"
1774319329,transition,sw-wk3,0.10955555555556207,0.42513493994600415,0.0,0.0,4334.433333333333,5231.433333333333,120,0,0,0,0,0,{}
1774319329,transition,sw-wk2,0.0,0.0,0.0,0.0,0.0,0.0,120,0,0,0,0,0,{}
1774319329,transition,k3s-wk1,0.2615555555554844,0.7192864944532905,194.46666666666667,179.26666666666665,5130.233333333334,2591.1,120,37,3,0,34,0,"{""process_kprobe"": 34, ""process_exit"": 37, ""process_exec"": 37}"
1774319339,transition,sw-wk3,0.10955555555556207,0.42513493994600415,0.0,0.0,4334.433333333333,5231.433333333333,130,0,0,0,0,0,{}
1774319339,transition,sw-wk2,0.0,0.0,0.0,0.0,0.0,0.0,130,0,0,0,0,0,{}
1774319339,transition,k3s-wk1,0.2615555555554844,0.7192864944532905,194.46666666666667,179.26666666666665,5130.233333333334,2591.1,130,18,2,0,16,0,"{""process_kprobe"": 16, ""process_exit"": 18, ""process_exec"": 18}"
1774319349,transition,sw-wk3,0.14588888888885976,0.4298103380014364,5.133333333333333,5.000000000000001,4456.033333333333,5391.066666666667,140,0,0,0,0,0,{}
1774319349,transition,sw-wk2,0.0,0.0,0.0,0.0,0.0,0.0,140,0,0,0,0,0,{}
1774319349,transition,k3s-wk1,0.2615555555554844,0.7192864944532905,194.46666666666667,179.26666666666665,5130.233333333334,2591.1,140,12,2,0,10,0,"{""process_exit"": 12, ""process_exec"": 12, ""process_kprobe"": 10}"
1774319359,transition,sw-wk3,0.14588888888885976,0.4298103380014364,5.133333333333333,5.0,4456.033333333333,5391.066666666667,150,0,0,0,0,0,{}
1774319359,transition,sw-wk2,0.0,0.0,0.0,0.0,0.0,0.0,150,0,0,0,0,0,{}
1774319359,transition,k3s-wk1,0.26755555555549415,0.7197589188193338,198.93333333333334,185.26666666666665,5449.4,4182.033333333334,150,33,3,0,30,0,"{""process_exit"": 33, ""process_exec"": 33, ""process_kprobe"": 30}"
1774319369,transition,sw-wk3,0.14588888888885976,0.4298103380014364,5.133333333333333,5.0,4456.033333333333,5391.066666666667,160,0,0,0,0,0,{}
1774319369,transition,sw-wk2,0.0,0.0,0.0,0.0,0.0,0.0,160,0,0,0,0,0,{}
1774319369,transition,k3s-wk1,0.26755555555549415,0.7197589188193338,198.93333333333334,185.26666666666665,5449.4,4182.033333333333,160,43,3,0,39,0,"{""process_kprobe"": 39, ""process_exit"": 43, ""process_exec"": 43}"
1774319379,transition,sw-wk3,0.1201111111110853,0.4304947366955082,4.466666666666667,6.000000000000001,4242.933333333333,5332.433333333333,170,0,0,0,0,0,{}
1774319379,transition,sw-wk2,0.0,0.0,0.0,0.0,0.0,0.0,170,0,0,0,0,0,{}
1774319379,transition,k3s-wk1,0.26755555555549415,0.7197589188193338,198.93333333333334,185.26666666666665,5449.4,4182.033333333333,170,39,3,0,36,0,"{""process_kprobe"": 36, ""process_exit"": 39, ""process_exec"": 39}"
1774319389,transition,sw-wk3,0.1201111111110853,0.4304947366955082,4.466666666666667,6.0,4242.933333333333,5332.433333333333,180,0,0,0,0,0,{}
1774319389,transition,sw-wk2,0.0,0.0,0.0,0.0,0.0,0.0,180,0,0,0,0,0,{}
1774319389,transition,k3s-wk1,0.25900000000005496,0.720032635443671,194.46666666666667,179.26666666666665,5324.466666666666,5906.5,180,57,3,0,58,0,"{""process_kprobe"": 58, ""process_exit"": 57, ""process_exec"": 57}"
1774319399,transition,sw-wk3,0.1201111111110853,0.4304947366955082,4.466666666666667,6.0,4242.933333333333,5332.433333333333,190,0,0,0,0,0,{}
1774319399,transition,sw-wk2,0.0,0.0,0.0,0.0,0.0,0.0,190,0,0,0,0,0,{}
1774319399,transition,k3s-wk1,0.25900000000005496,0.720032635443671,194.46666666666667,179.26666666666665,5324.466666666666,5906.5,190,15,2,0,17,0,"{""process_kprobe"": 17, ""process_exit"": 15, ""process_exec"": 15}"
1774319409,transition,sw-wk3,0.10766666666669256,0.4323967284150798,0.0,0.0,3217.7666666666664,5218.866666666667,200,0,0,0,0,0,{}
1774319409,transition,sw-wk2,0.0,0.0,0.0,0.0,0.0,0.0,200,0,0,0,0,0,{}
1774319409,transition,k3s-wk1,0.25900000000005496,0.720032635443671,194.46666666666667,179.26666666666665,5324.466666666666,5906.5,200,40,3,0,36,0,"{""process_exit"": 40, ""process_exec"": 40, ""process_kprobe"": 36}"
1774319419,transition,sw-wk3,0.10766666666669256,0.4323967284150798,0.0,0.0,3217.7666666666664,5218.866666666667,210,0,0,0,0,0,{}
1774319419,transition,sw-wk2,0.0,0.0,0.0,0.0,0.0,0.0,210,0,0,0,0,0,{}
1774319419,transition,k3s-wk1,0.27433333333327836,0.7190298851179745,194.46666666666667,179.26666666666665,5635.033333333333,8553.3,210,33,3,0,31,0,"{""process_kprobe"": 31, ""process_exit"": 33, ""process_exec"": 33}"
1774319429,transition,sw-wk3,0.10766666666669256,0.4323967284150798,0.0,0.0,3217.7666666666664,5218.866666666667,220,0,0,0,0,0,{}
1774319429,transition,sw-wk2,0.0,0.0,0.0,0.0,0.0,0.0,220,0,0,0,0,0,{}
1774319429,transition,k3s-wk1,0.27433333333327836,0.7190298851179745,194.46666666666667,179.26666666666665,5635.033333333333,8553.3,220,58,3,0,54,0,"{""process_exit"": 58, ""process_exec"": 58, ""process_kprobe"": 54}"
1774319439,transition,sw-wk3,0.1139999999999417,0.42890908041883613,0.0,0.0,4322.7,5260.866666666667,230,0,0,0,0,0,{}
1774319439,transition,sw-wk2,0.0,0.0,0.0,0.0,0.0,0.0,230,0,0,0,0,0,{}
1774319439,transition,k3s-wk1,0.27433333333327836,0.7190298851179745,194.46666666666667,179.26666666666665,5635.033333333333,8553.3,230,39,3,0,35,0,"{""process_exit"": 39, ""process_exec"": 39, ""process_kprobe"": 35}"
1774319449,transition,sw-wk3,0.1139999999999417,0.42890908041883613,0.0,0.0,4322.7,5260.866666666667,240,0,0,0,0,0,{}
1774319449,transition,sw-wk2,0.0,0.0,0.0,0.0,0.0,0.0,240,0,0,0,0,0,{}
1774319449,transition,k3s-wk1,0.2726666666667573,0.7215354449869064,194.43333333333334,179.26666666666665,5084.0,2172.8333333333335,240,54,3,0,55,0,"{""process_kprobe"": 55, ""process_exit"": 54, ""process_exec"": 54}"
1774319459,transition,sw-wk3,0.1139999999999417,0.42890908041883613,0.0,0.0,4322.7,5260.866666666667,250,0,0,0,0,0,{}
1774319459,transition,sw-wk2,0.0,0.0,0.0,0.0,0.0,0.0,250,0,0,0,0,0,{}
1774319459,transition,k3s-wk1,0.2726666666667573,0.7215354449869064,194.43333333333334,179.26666666666665,5084.0,2172.8333333333335,250,15,2,0,14,0,"{""process_kprobe"": 14, ""process_exit"": 15, ""process_exec"": 15}"
1774319469,transition,sw-wk3,0.10477777777794273,0.42817295391649146,0.0,0.0,3931.0666666666666,5396.2,260,0,0,0,0,0,{}
1774319469,transition,sw-wk2,0.0,0.0,0.0,0.0,0.0,0.0,260,0,0,0,0,0,{}
1774319469,transition,k3s-wk1,0.2726666666667573,0.7215354449869064,194.43333333333334,179.26666666666665,5084.0,2172.8333333333335,260,55,3,0,52,0,"{""process_exit"": 55, ""process_exec"": 55, ""process_kprobe"": 52}"
1774319479,transition,sw-wk3,0.10477777777794273,0.42817295391649146,0.0,0.0,3931.0666666666666,5396.2,270,0,0,0,0,0,{}
1774319479,transition,sw-wk2,0.0,0.0,0.0,0.0,0.0,0.0,270,0,0,0,0,0,{}
1774319479,transition,k3s-wk1,0.2584670231728018,0.7213143661749417,178.27349121466767,164.33919022154316,5091.7952635599695,3694.606569900687,270,9,2,0,10,0,"{""process_exit"": 9, ""process_exec"": 9, ""process_kprobe"": 10}"
1774319489,transition,sw-wk3,0.10477777777794273,0.42817295391649146,0.0,0.0,3931.0666666666666,5396.2,280,0,0,0,0,0,{}
1774319489,transition,sw-wk2,0.0,0.0,0.0,0.0,0.0,0.0,280,0,0,0,0,0,{}
1774319489,transition,k3s-wk1,0.2584670231728018,0.7213143661749417,178.27349121466767,164.33919022154316,5091.7952635599695,3694.6065699006876,280,39,3,0,38,0,"{""process_kprobe"": 38, ""process_exit"": 39, ""process_exec"": 39}"
1774319499,transition,sw-wk3,0.1268888888887887,0.4249757774590107,0.0,0.0,4823.3,5330.966666666666,290,0,0,0,0,0,{}
1774319499,transition,sw-wk2,0.0,0.0,0.0,0.0,0.0,0.0,290,0,0,0,0,0,{}
1774319499,transition,k3s-wk1,0.2584670231728018,0.7213143661749417,178.27349121466767,164.33919022154316,5091.7952635599695,3694.606569900687,290,15,2,0,14,0,"{""process_exit"": 15, ""process_exec"": 15, ""process_kprobe"": 14}"
1774319509,transition,sw-wk3,0.1268888888887887,0.4249757774590107,0.0,0.0,4823.3,5330.966666666666,300,0,0,0,0,0,{}
1774319509,transition,sw-wk2,0.0,0.0,0.0,0.0,0.0,0.0,300,0,0,0,0,0,{}
1774319509,transition,k3s-wk1,0.2843263061412723,0.7201273835059415,437.9835013748854,298.84509624197983,5826.837763519707,5828.3409715857015,300,21,2,0,21,0,"{""process_kprobe"": 21, ""process_exit"": 21, ""process_exec"": 21}"
1774319519,transition,sw-wk3,0.1268888888887887,0.4249757774590107,0.0,0.0,4823.3,5330.966666666666,310,0,0,0,0,0,{}
1774319519,transition,sw-wk2,0.0,0.0,0.0,0.0,0.0,0.0,310,0,0,0,0,0,{}
1774319519,transition,k3s-wk1,0.2843263061412723,0.7201273835059415,437.9835013748854,298.84509624197983,5826.837763519707,5828.3409715857015,310,10,2,0,11,0,"{""process_kprobe"": 11, ""process_exit"": 10, ""process_exec"": 10}"
1774319529,transition,sw-wk3,0.09455555555557815,0.42740101585457324,0.0,0.0,3357.2999999999997,5249.6,320,0,0,0,0,0,{}
1774319529,transition,sw-wk2,0.0,0.0,0.0,0.0,0.0,0.0,320,0,0,0,0,0,{}
1774319529,transition,k3s-wk1,0.2843263061412723,0.7201273835059415,437.9835013748854,298.84509624197983,5826.837763519707,5828.3409715857015,320,18,2,0,15,0,"{""process_exit"": 18, ""process_exec"": 18, ""process_kprobe"": 15}"
1774319539,transition,sw-wk3,0.09455555555557815,0.42740101585457324,0.0,0.0,3357.2999999999997,5249.6,330,0,0,0,0,0,{}
1774319539,transition,sw-wk2,0.0,0.0,0.0,0.0,0.0,0.0,330,0,0,0,0,0,{}
1774319539,transition,k3s-wk1,0.2515555555555491,0.7196562750852075,196.46666666666667,181.26666666666665,5491.133333333333,4650.533333333333,330,39,3,0,35,0,"{""process_exit"": 39, ""process_exec"": 39, ""process_kprobe"": 35}"
1774319549,transition,sw-wk3,0.09455555555557815,0.42740101585457324,0.0,0.0,3357.2999999999997,5249.6,340,0,0,0,0,0,{}
1774319549,transition,sw-wk2,0.0,0.0,0.0,0.0,0.0,0.0,340,0,0,0,0,0,{}
1774319549,transition,k3s-wk1,0.2515555555555491,0.7196562750852075,196.46666666666667,181.26666666666665,5491.133333333333,4650.533333333333,340,15,2,0,14,0,"{""process_exit"": 15, ""process_exec"": 15, ""process_kprobe"": 14}"
1774319564,transition,sw-wk3,0.17133333333331402,0.4256880295883063,0.0,0.0,17548.7,6065.866666666667,355,0,0,0,0,0,{}
1774319564,transition,sw-wk2,0.0,0.41268363335402447,0.0,0.0,0.0,0.0,355,0,0,0,0,0,{}
1774319564,transition,k3s-wk1,0.2515555555555491,0.7196562750852075,196.46666666666667,181.26666666666665,5491.133333333333,4650.533333333333,355,13,2,0,12,0,"{""process_exit"": 13, ""process_exec"": 13, ""process_kprobe"": 12}"
1774319569,transition,sw-wk3,0.17133333333331402,0.4256880295883063,0.0,0.0,17548.7,6065.866666666667,360,0,0,0,0,0,{}
1774319569,transition,sw-wk2,0.0,0.41268363335402447,0.0,0.0,0.0,0.0,360,0,0,0,0,0,{}
1774319569,transition,k3s-wk1,0.38066666666668925,0.7317498124777935,243.86666666666667,184.03333333333333,16816.066666666666,54466.833333333336,360,15,2,0,17,0,"{""process_kprobe"": 17, ""process_exit"": 15, ""process_exec"": 15}"
1774319579,normal,sw-wk3,0.17133333333331402,0.4256880295883063,0.0,0.0,17548.7,6065.866666666667,0,0,0,0,0,0,{}
1774319579,normal,sw-wk2,0.3744444444444929,0.42549419853889126,12.9,10.4,29208.63333333333,11952.7,0,0,0,0,0,0,{}
1774319579,normal,k3s-wk1,0.38066666666668925,0.7317498124777935,243.86666666666667,184.03333333333333,16816.066666666666,54466.833333333336,0,36,3,0,32,0,"{""process_kprobe"": 32, ""process_exit"": 36, ""process_exec"": 36}"
1774319589,normal,sw-wk3,0.16766666666662788,0.4243669809462608,0.0,0.0,14580.900000000003,5682.433333333333,0,0,0,0,0,0,{}
1774319589,normal,sw-wk2,0.3744444444444929,0.42549419853889126,12.9,10.4,29208.63333333333,11952.7,0,0,0,0,0,0,{}
1774319589,normal,k3s-wk1,0.38066666666668925,0.7317498124777935,243.86666666666667,184.03333333333333,16816.066666666666,54466.833333333336,0,15,2,0,13,0,"{""process_exit"": 16, ""process_exec"": 15, ""process_kprobe"": 13}"
1774319599,normal,sw-wk3,0.16766666666662788,0.4243669809462608,0.0,0.0,14580.9,5682.433333333333,0,0,0,0,0,0,{}
1774319599,normal,sw-wk2,0.3744444444444929,0.42549419853889126,12.9,10.4,29208.63333333333,11952.7,0,0,0,0,0,0,{}
1774319599,normal,k3s-wk1,0.30724966117878794,0.7368885789106605,287.40918482970073,150.96980603879226,10162.867426514698,13712.157568486304,0,81,3,0,74,0,"{""process_exit"": 81, ""process_exec"": 81, ""process_kprobe"": 74}"
1774319609,normal,sw-wk3,0.16766666666662788,0.4243669809462608,0.0,0.0,14580.9,5682.433333333333,0,0,0,0,0,0,{}
1774319609,normal,sw-wk2,0.24433333333331075,0.41542122268379256,0.0,0.0,8978.966666666667,2938.3,0,0,0,0,0,0,{}
1774319609,normal,k3s-wk1,0.30724966117878794,0.7368885789106605,287.40918482970073,150.96980603879226,10162.867426514698,13712.157568486304,0,85,3,0,75,0,"{""process_exit"": 85, ""process_exec"": 85, ""process_kprobe"": 75}"
1774319619,normal,sw-wk3,0.103666666666686,0.4299595528329928,0.0,0.0,3194.5333333333333,5024.966666666666,0,0,0,0,0,0,{}
1774319619,normal,sw-wk2,0.24433333333331075,0.41542122268379256,0.0,0.0,8978.966666666667,2938.3,0,0,0,0,0,0,{}
1774319619,normal,k3s-wk1,0.30724966117878794,0.7368885789106605,287.40918482970073,150.96980603879226,10162.867426514698,13712.157568486304,0,15,2,0,13,0,"{""process_exit"": 15, ""process_exec"": 15, ""process_kprobe"": 13}"
1774319629,normal,sw-wk3,0.103666666666686,0.4299595528329928,0.0,0.0,3194.5333333333333,5024.966666666666,0,0,0,0,0,0,{}
1774319629,normal,sw-wk2,0.24433333333331075,0.41542122268379256,0.0,0.0,8978.966666666667,2938.3,0,0,0,0,0,0,{}
1774319629,normal,k3s-wk1,0.2897468382565823,0.7361555973733731,279.38921117556845,142.42848569713942,5761.919050476762,6706.941388277655,0,36,3,0,34,0,"{""process_kprobe"": 34, ""process_exit"": 36, ""process_exec"": 36}"
1774319639,normal,sw-wk3,0.103666666666686,0.4299595528329928,0.0,0.0,3194.5333333333333,5024.966666666666,0,0,0,0,0,0,{}
1774319639,normal,sw-wk2,0.3344444444444282,0.41542122268379256,0.0,0.0,528.9666666666667,577.9,0,0,0,0,0,0,{}
1774319639,normal,k3s-wk1,0.2897468382565823,0.7361555973733731,279.38921117556845,142.42848569713942,5761.919050476762,6706.941388277655,0,79,3,0,71,0,"{""process_exit"": 79, ""process_exec"": 79, ""process_kprobe"": 71}"
1774319649,normal,sw-wk3,0.07355555555566551,0.4300709665738882,0.0,0.0,7097.066666666667,5230.033333333333,0,0,0,0,0,0,{}
1774319649,normal,sw-wk2,0.33444444444442833,0.41542122268379256,0.0,0.0,528.9666666666667,577.9,0,0,0,0,0,0,{}
1774319649,normal,k3s-wk1,0.2897468382565823,0.7361555973733731,279.38921117556845,142.42848569713942,5761.919050476762,6706.941388277655,0,15,2,0,12,0,"{""process_exit"": 15, ""process_exec"": 15, ""process_kprobe"": 12}"
1774319659,normal,sw-wk3,0.07355555555566551,0.4300709665738882,0.0,0.0,7097.066666666667,5230.033333333333,0,0,0,0,0,0,{}
1774319659,normal,sw-wk2,0.33444444444442833,0.41542122268379256,0.0,0.0,528.9666666666667,577.9,0,0,0,0,0,0,{}
1774319659,normal,k3s-wk1,0.2813333333333301,0.7370438604571594,283.8,148.4,5922.2,13818.133333333333,0,33,3,0,32,0,"{""process_kprobe"": 32, ""process_exit"": 33, ""process_exec"": 33}"
1774319669,normal,sw-wk3,0.07355555555566551,0.4300709665738882,0.0,0.0,7097.066666666667,5230.033333333333,0,0,0,0,0,0,{}
1774319669,normal,sw-wk2,0.33466666666669564,0.4140026898406787,0.0,0.0,7194.366666666667,693.3666666666667,0,0,0,0,0,0,{}
1774319669,normal,k3s-wk1,0.2813333333333301,0.7370438604571594,283.8,148.4,5922.2,13818.133333333333,0,36,3,0,33,0,"{""process_kprobe"": 33, ""process_exit"": 36, ""process_exec"": 36}"
1774319680,normal,sw-wk3,0.07299999999999673,0.4301684535971717,0.0,0.0,1367.4,4971.233333333334,0,0,0,0,0,0,{}
1774319680,normal,sw-wk2,0.33466666666669587,0.4140026898406787,0.0,0.0,7194.366666666667,693.3666666666667,0,0,0,0,0,0,{}
1774319680,normal,k3s-wk1,0.2813333333333301,0.7370438604571594,283.8,148.4,5922.2,13818.133333333333,0,39,3,0,38,0,"{""process_exit"": 39, ""process_exec"": 39, ""process_kprobe"": 38}"
1774319689,normal,sw-wk3,0.07299999999999673,0.4301684535971717,0.0,0.0,1367.4,4971.233333333334,0,0,0,0,0,0,{}
1774319689,normal,sw-wk2,0.33466666666669587,0.4140026898406787,0.0,0.0,7194.366666666667,693.3666666666667,0,0,0,0,0,0,{}
1774319689,normal,k3s-wk1,0.2577408925774348,0.7377926333381585,279.30540279305404,142.38576142385762,5456.2543745625435,1308.6691330866913,0,54,3,0,54,0,"{""process_kprobe"": 54, ""process_exit"": 54, ""process_exec"": 54}"
1774319699,normal,sw-wk3,0.07299999999999673,0.4301684535971717,0.0,0.0,1367.4,4971.233333333334,0,0,0,0,0,0,{}
1774319699,normal,sw-wk2,0.33455555555556193,0.4141141033599134,0.0,0.0,627.8333333333334,569.8666666666667,0,0,0,0,0,0,{}
1774319699,normal,k3s-wk1,0.2577408925774348,0.7377926333381585,279.30540279305404,142.38576142385762,5456.2543745625435,1308.6691330866913,0,34,3,0,31,0,"{""process_kprobe"": 31, ""process_exit"": 34, ""process_exec"": 34}"
1774319710,normal,sw-wk3,0.10311111111109827,0.427880492846641,0.0,0.0,3332.600000000001,5254.133333333333,0,0,0,0,0,0,{}
1774319710,normal,sw-wk2,0.33455555555556205,0.4141141033599134,0.0,0.0,627.8333333333334,569.8666666666667,0,0,0,0,0,0,{}
1774319710,normal,k3s-wk1,0.2577408925774348,0.7377926333381585,279.30540279305404,142.38576142385762,5456.2543745625435,1308.6691330866913,0,30,3,0,29,0,"{""process_exit"": 30, ""process_exec"": 30, ""process_kprobe"": 29}"
1774319720,normal,sw-wk3,0.10311111111109827,0.427880492846641,0.0,0.0,3332.6,5254.133333333333,0,0,0,0,0,0,{}
1774319720,normal,sw-wk2,0.33455555555556205,0.4141141033599134,0.0,0.0,627.8333333333334,569.8666666666667,0,0,0,0,0,0,{}
1774319720,normal,k3s-wk1,0.27148270382588313,0.7384506059928149,279.36126946027935,142.4142414241424,5928.092809280928,4299.563289662299,0,37,3,0,32,0,"{""process_exit"": 37, ""process_exec"": 37, ""process_kprobe"": 32}"
1774319729,normal,sw-wk3,0.10311111111109827,0.427880492846641,0.0,0.0,3332.6,5254.133333333333,0,0,0,0,0,0,{}
1774319729,normal,sw-wk2,0.33444444444450916,0.4142115901892438,0.0,0.0,1823.6333333333332,554.3666666666667,0,0,0,0,0,0,{}
1774319729,normal,k3s-wk1,0.27148270382588313,0.7384506059928149,279.36126946027935,142.4142414241424,5928.092809280928,4299.563289662299,0,42,3,0,38,0,"{""process_kprobe"": 38, ""process_exit"": 42, ""process_exec"": 42}"
1774319740,normal,sw-wk3,0.1296425912963839,0.42344383852169887,0.0,0.0,4939.706029397061,5407.225944072259,0,0,0,0,0,0,{}
1774319740,normal,sw-wk2,0.33444444444450916,0.4142115901892438,0.0,0.0,1823.6333333333332,554.3666666666667,0,0,0,0,0,0,{}
1774319740,normal,k3s-wk1,0.27148270382588313,0.7384506059928149,279.36126946027935,142.4142414241424,5928.092809280928,4299.563289662299,0,12,2,0,11,0,"{""process_exit"": 12, ""process_exec"": 12, ""process_kprobe"": 11}"
1774319751,normal,sw-wk3,0.1296425912963839,0.42344383852169887,0.0,0.0,4939.706029397061,5407.225944072259,0,0,0,0,0,0,{}
1774319751,normal,sw-wk2,0.33444444444450916,0.4142115901892438,0.0,0.0,1823.6333333333332,554.3666666666667,0,0,0,0,0,0,{}
1774319751,normal,k3s-wk1,0.2903333333333852,0.7387203747812241,279.3333333333333,142.4,5872.366666666667,6931.366666666667,0,36,3,0,38,0,"{""process_kprobe"": 38, ""process_exit"": 36, ""process_exec"": 36}"
1774319759,normal,sw-wk3,0.1296425912963839,0.42344383852169887,0.0,0.0,4939.706029397061,5407.225944072259,0,0,0,0,0,0,{}
1774319759,normal,sw-wk2,0.33477777777774875,0.41397483646086997,0.0,0.0,894.9,570.9666666666668,0,0,0,0,0,0,{}
1774319759,normal,k3s-wk1,0.2903333333333852,0.7387203747812241,279.3333333333333,142.4,5872.366666666667,6931.366666666667,0,15,2,0,15,0,"{""process_kprobe"": 15, ""process_exit"": 15, ""process_exec"": 15}"
1774319770,normal,sw-wk3,0.11191119111905046,0.42581535957790106,0.0,0.0,3582.7916124945828,5257.059039237257,0,0,0,0,0,0,{}
1774319770,normal,sw-wk2,0.33477777777774875,0.41397483646086997,0.0,0.0,894.9,570.9666666666667,0,0,0,0,0,0,{}
1774319770,normal,k3s-wk1,0.2903333333333852,0.7387203747812241,279.3333333333333,142.4,5872.366666666667,6931.366666666667,0,33,3,0,32,0,"{""process_exit"": 33, ""process_exec"": 33, ""process_kprobe"": 32}"
1774319780,normal,sw-wk3,0.11191119111905046,0.42581535957790106,0.0,0.0,3582.7916124945828,5257.059039237257,0,0,0,0,0,0,{}
1774319780,normal,sw-wk2,0.33477777777774875,0.41397483646086997,0.0,0.0,894.9,570.9666666666667,0,0,0,0,0,0,{}
1774319780,normal,k3s-wk1,0.30655555555559755,0.73945598820913,296.8666666666667,151.5,12278.3,25156.433333333334,0,34,3,0,31,0,"{""process_exit"": 34, ""process_exec"": 34, ""process_kprobe"": 31}"
1774319790,normal,sw-wk3,0.11191119111905046,0.42581535957790106,0.0,0.0,3582.7916124945828,5257.059039237257,0,0,0,0,0,0,{}
1774319790,normal,sw-wk2,0.26544444444443804,0.4121166181222047,5.133333333333333,5.0,19615.766666666666,9040.166666666666,0,0,0,0,0,0,{}
1774319790,normal,k3s-wk1,0.30655555555559755,0.73945598820913,296.8666666666667,151.5,12278.3,25156.433333333334,0,39,3,0,34,0,"{""process_exit"": 39, ""process_exec"": 39, ""process_kprobe"": 34}"
1774319800,normal,sw-wk3,0.16111111111119192,0.42588698269704817,0.0,0.0,14181.333333333334,5711.6,0,0,0,0,0,0,{}
1774319800,normal,sw-wk2,0.26544444444443804,0.4121166181222047,5.133333333333333,5.0,19615.766666666666,9040.166666666666,0,0,0,0,0,0,{}
1774319800,normal,k3s-wk1,0.30655555555559755,0.73945598820913,296.8666666666667,151.5,12278.3,25156.433333333334,0,33,3,0,30,0,"{""process_exit"": 33, ""process_exec"": 33, ""process_kprobe"": 30}"
1774319810,normal,sw-wk3,0.16111111111119192,0.42588698269704817,0.0,0.0,14181.333333333334,5711.6,0,0,0,0,0,0,{}
1774319810,normal,sw-wk2,0.26544444444443804,0.4121166181222047,5.133333333333333,5.0,19615.766666666666,9040.166666666666,0,0,0,0,0,0,{}
1774319810,normal,k3s-wk1,0.3079999999999321,0.7397481280677976,281.46666666666664,144.4,9699.200000000003,14514.633333333333,0,54,3,0,53,0,"{""process_kprobe"": 53, ""process_exit"": 54, ""process_exec"": 54}"
1774319820,normal,sw-wk3,0.16111111111119192,0.42588698269704817,0.0,0.0,14181.333333333334,5711.6,0,0,0,0,0,0,{}
1774319820,normal,sw-wk2,0.08964659089644,0.41587085581498995,0.0,0.0,2381.0285638102855,3822.784388227844,0,0,0,0,0,0,{}
1774319820,normal,k3s-wk1,0.3079999999999321,0.7397481280677976,281.46666666666664,144.4,9699.2,14514.633333333333,0,12,2,0,9,0,"{""process_exit"": 12, ""process_exec"": 12, ""process_kprobe"": 9}"
1774319830,normal,sw-wk3,0.08411111111110792,0.4259944173757687,4.466666666666667,3.0,2319.7666666666664,5010.866666666667,0,0,0,0,0,0,{}
1774319830,normal,sw-wk2,0.08964659089644,0.41587085581498995,0.0,0.0,2381.0285638102855,3822.784388227844,0,0,0,0,0,0,{}
1774319830,normal,k3s-wk1,0.3079999999999321,0.7397481280677976,281.46666666666664,144.4,9699.2,14514.633333333333,0,58,3,0,52,0,"{""process_exit"": 58, ""process_exec"": 58, ""process_kprobe"": 52}"
1774319840,normal,sw-wk3,0.08411111111110792,0.4259944173757687,4.466666666666667,3.0,2319.7666666666664,5010.866666666667,0,0,0,0,0,0,{}
1774319840,normal,sw-wk2,0.08964659089644,0.41587085581498995,0.0,0.0,2381.0285638102855,3822.784388227844,0,0,0,0,0,0,{}
1774319840,normal,k3s-wk1,0.2812222222221964,0.7404271558474029,279.3333333333333,142.4,9438.0,8941.866666666667,0,9,2,0,9,0,"{""process_exit"": 9, ""process_exec"": 9, ""process_kprobe"": 9}"
1774319850,normal,sw-wk3,0.08411111111110792,0.4259944173757687,4.466666666666667,3.0,2319.7666666666664,5010.866666666667,0,0,0,0,0,0,{}
1774319850,normal,sw-wk2,0.21625495882922918,0.41759577583599927,5.133846718005134,5.000500050005,4921.558822548921,4251.525152515253,0,0,0,0,0,0,{}
1774319850,normal,k3s-wk1,0.2812222222221964,0.7404271558474029,279.3333333333333,142.4,9438.0,8941.866666666667,0,13,2,0,10,0,"{""process_exit"": 13, ""process_exec"": 13, ""process_kprobe"": 10}"
1774319860,normal,sw-wk3,0.08855555555548766,0.4259804906581568,5.133333333333333,8.0,3935.6,5237.933333333333,0,0,0,0,0,0,{}
1774319860,normal,sw-wk2,0.21625495882922918,0.41759577583599927,5.133846718005134,5.000500050005,4921.558822548921,4251.525152515252,0,0,0,0,0,0,{}
1774319860,normal,k3s-wk1,0.2812222222221964,0.7404271558474029,279.3333333333333,142.4,9438.0,8941.866666666667,0,15,2,0,14,0,"{""process_exit"": 15, ""process_exec"": 15, ""process_kprobe"": 14}"
1774319870,normal,sw-wk3,0.08855555555548766,0.4259804906581568,5.133333333333333,8.0,3935.6,5237.933333333333,0,0,0,0,0,0,{}
1774319870,normal,sw-wk2,0.21625495882922918,0.41759577583599927,5.133846718005134,5.000500050005,4921.558822548921,4251.525152515252,0,0,0,0,0,0,{}
1774319870,normal,k3s-wk1,0.2727777777778909,0.7403324077851324,277.2,140.4,8977.366666666667,4044.5,0,40,3,0,37,0,"{""process_kprobe"": 37, ""process_exit"": 40, ""process_exec"": 40}"
1774319880,normal,sw-wk3,0.08855555555548766,0.4259804906581568,5.133333333333333,8.0,3935.6,5237.933333333333,0,0,0,0,0,0,{}
1774319880,normal,sw-wk2,0.07455555555554583,0.417468446099731,0.0,0.0,1052.5666666666666,3806.4333333333334,0,0,0,0,0,0,{}
1774319880,normal,k3s-wk1,0.2727777777778909,0.7403324077851324,277.2,140.4,8977.366666666667,4044.5,0,33,3,0,29,0,"{""process_kprobe"": 29, ""process_exit"": 33, ""process_exec"": 33}"
1774319890,normal,sw-wk3,0.08511111111123082,0.4262092867332099,0.0,0.0,3035.4,5099.466666666666,0,0,0,0,0,0,{}
1774319890,normal,sw-wk2,0.07455555555554583,0.417468446099731,0.0,0.0,1052.5666666666666,3806.4333333333334,0,0,0,0,0,0,{}
1774319890,normal,k3s-wk1,0.2727777777778909,0.7403324077851324,277.2,140.4,8977.366666666667,4044.5,0,33,3,0,30,0,"{""process_exit"": 34, ""process_exec"": 33, ""process_kprobe"": 30}"
1774319900,normal,sw-wk3,0.08511111111123082,0.4262092867332099,0.0,0.0,3035.4,5099.466666666666,0,0,0,0,0,0,{}
1774319900,normal,sw-wk2,0.07455555555554583,0.417468446099731,0.0,0.0,1052.5666666666666,3806.4333333333334,0,0,0,0,0,0,{}
1774319900,normal,k3s-wk1,0.2829999999999321,0.7389756681712307,279.3333333333333,142.4,9459.166666666666,8871.533333333333,0,43,3,0,35,0,"{""process_exit"": 43, ""process_exec"": 43, ""process_kprobe"": 35}"
1774319910,normal,sw-wk3,0.08511111111123082,0.4262092867332099,0.0,0.0,3035.4,5099.466666666666,0,0,0,0,0,0,{}
1774319910,normal,sw-wk2,0.14697419146975488,0.41722174473571116,0.0,0.0,4558.5108155851085,4376.362363763624,0,0,0,0,0,0,{}
1774319910,normal,k3s-wk1,0.2829999999999321,0.7389756681712307,279.3333333333333,142.4,9459.166666666666,8871.533333333333,0,18,2,0,13,0,"{""process_exit"": 18, ""process_exec"": 18, ""process_kprobe"": 13}"
1774319920,normal,sw-wk3,0.09622222222218024,0.42716028259299565,0.0,0.0,2812.233333333333,5003.100000000001,0,0,0,0,0,0,{}
1774319920,normal,sw-wk2,0.14697419146975488,0.41722174473571116,0.0,0.0,4558.5108155851085,4376.362363763624,0,0,0,0,0,0,{}
1774319920,normal,k3s-wk1,0.2829999999999321,0.7389756681712307,279.3333333333333,142.4,9459.166666666666,8871.533333333333,0,9,2,0,10,0,"{""process_exit"": 9, ""process_exec"": 9, ""process_kprobe"": 10}"
1774319930,normal,sw-wk3,0.09622222222218024,0.42716028259299565,0.0,0.0,2812.233333333333,5003.1,0,0,0,0,0,0,{}
1774319930,normal,sw-wk2,0.14697419146975488,0.41722174473571116,0.0,0.0,4558.5108155851085,4376.362363763624,0,0,0,0,0,0,{}
1774319930,normal,k3s-wk1,0.2733333333333171,0.724154176152439,277.2,140.4,8660.966666666667,1081.1666666666667,0,68,5,0,57,0,"{""process_kprobe"": 57, ""process_exit"": 64, ""process_exec"": 68}"
1774319940,normal,sw-wk3,0.09622222222218024,0.42716028259299565,0.0,0.0,2812.233333333333,5003.1,0,0,0,0,0,0,{}
1774319940,normal,sw-wk2,0.08824215754905607,0.4167939964029349,4.467113378004467,6.0006000600060005,1593.992732606594,3816.7816781678166,0,0,0,0,0,0,{}
1774319940,normal,k3s-wk1,0.2733333333333171,0.724154176152439,277.2,140.4,8660.966666666667,1081.1666666666667,0,24,4,0,13,0,"{""process_exit"": 28, ""process_exec"": 24, ""process_kprobe"": 13}"
1774319950,normal,sw-wk3,0.10964459109629077,0.42655944420459546,0.0,0.0,7400.0599940006,5274.10592274106,0,0,0,0,0,0,{}
1774319950,normal,sw-wk2,0.08824215754905607,0.4167939964029349,4.467113378004467,6.0006000600060005,1593.992732606594,3816.7816781678166,0,0,0,0,0,0,{}
1774319950,normal,k3s-wk1,0.2733333333333171,0.724154176152439,277.2,140.4,8660.966666666667,1081.1666666666667,0,36,3,0,33,0,"{""process_exit"": 36, ""process_exec"": 36, ""process_kprobe"": 33}"
1774319960,normal,sw-wk3,0.10964459109629077,0.42655944420459546,0.0,0.0,7400.0599940006,5274.10592274106,0,0,0,0,0,0,{}
1774319960,normal,sw-wk2,0.08824215754905607,0.4167939964029349,4.467113378004467,6.0006000600060005,1593.992732606594,3816.7816781678166,0,0,0,0,0,0,{}
1774319960,normal,k3s-wk1,0.40177777777781654,0.7256267189535603,279.33333333333337,142.4,9867.1,17758.1,0,44,5,0,32,0,"{""process_exit"": 44, ""process_exec"": 44, ""process_kprobe"": 32}"
1774319970,normal,sw-wk3,0.10964459109629077,0.42655944420459546,0.0,0.0,7400.0599940006,5274.10592274106,0,0,0,0,0,0,{}
1774319970,normal,sw-wk2,0.14188888888893425,0.4152282385522609,5.133333333333333,5.0,5487.266666666666,4384.166666666667,0,0,0,0,0,0,{}
1774319970,normal,k3s-wk1,0.40177777777781654,0.7256267189535603,279.3333333333333,142.4,9867.1,17758.1,0,18,2,0,13,0,"{""process_exit"": 18, ""process_exec"": 18, ""process_kprobe"": 13}"
1774319980,normal,sw-wk3,0.09524285761919549,0.42849923701482795,0.0,0.0,6242.590925759242,5184.351768510184,0,0,0,0,0,0,{}
1774319980,normal,sw-wk2,0.14188888888893425,0.4152282385522609,5.133333333333333,5.0,5487.266666666666,4384.166666666667,0,0,0,0,0,0,{}
1774319980,normal,k3s-wk1,0.40177777777781654,0.7256267189535603,279.3333333333333,142.4,9867.1,17758.1,0,33,3,0,33,0,"{""process_exit"": 33, ""process_exec"": 33, ""process_kprobe"": 33}"
1774319990,normal,sw-wk3,0.09524285761919549,0.42849923701482795,0.0,0.0,6242.590925759242,5184.351768510184,0,0,0,0,0,0,{}
1774319990,normal,sw-wk2,0.14188888888893425,0.4152282385522609,5.133333333333333,5.0,5487.266666666666,4384.166666666667,0,0,0,0,0,0,{}
1774319990,normal,k3s-wk1,0.2913333333333462,0.7247963574633838,277.2,140.40000000000003,8900.766666666666,3906.4333333333334,0,48,5,0,34,0,"{""process_kprobe"": 34, ""process_exit"": 46, ""process_exec"": 48}"
1774320000,normal,sw-wk3,0.09524285761919549,0.42849923701482795,0.0,0.0,6242.590925759242,5184.351768510184,0,0,0,0,0,0,{}
1774320000,normal,sw-wk2,0.06677777777771954,0.4153456206528833,0.0,0.0,1079.3,3749.3333333333335,0,0,0,0,0,0,{}
1774320000,normal,k3s-wk1,0.2913333333333462,0.7247963574633838,277.2,140.4,8900.766666666666,3906.4333333333334,0,60,3,0,53,0,"{""process_exit"": 62, ""process_exec"": 60, ""process_kprobe"": 53}"
1774320010,normal,sw-wk3,0.08644444444443156,0.4287578760561923,0.0,0.0,4225.8,5161.633333333333,0,0,0,0,0,0,{}
1774320010,normal,sw-wk2,0.06677777777771954,0.4153456206528833,0.0,0.0,1079.3,3749.3333333333335,0,0,0,0,0,0,{}
1774320010,normal,k3s-wk1,0.2913333333333462,0.7247963574633838,277.2,140.4,8900.766666666666,3906.4333333333334,0,34,3,0,30,0,"{""process_exit"": 34, ""process_exec"": 34, ""process_kprobe"": 30}"
1774320020,normal,sw-wk3,0.08644444444443156,0.4287578760561923,0.0,0.0,4225.8,5161.633333333333,0,0,0,0,0,0,{}
1774320020,normal,sw-wk2,0.06677777777771954,0.4153456206528833,0.0,0.0,1079.3,3749.3333333333335,0,0,0,0,0,0,{}
1774320020,normal,k3s-wk1,0.3131111111110335,0.7248384677132818,279.3333333333333,142.4,9485.133333333333,11359.3,0,39,3,0,35,0,"{""process_exit"": 39, ""process_exec"": 39, ""process_kprobe"": 35}"
1774320030,normal,sw-wk3,0.08644444444443156,0.4287578760561923,0.0,0.0,4225.8,5161.633333333333,0,0,0,0,0,0,{}
1774320030,normal,sw-wk2,0.14088888888889217,0.41539734835824216,0.0,0.0,5384.7,4440.033333333333,0,0,0,0,0,0,{}
1774320030,normal,k3s-wk1,0.3131111111110335,0.7248384677132818,279.3333333333333,142.4,9485.133333333333,11359.3,0,15,2,0,12,0,"{""process_exit"": 15, ""process_exec"": 15, ""process_kprobe"": 12}"
1774320040,normal,sw-wk3,0.08755555555568817,0.42918562523998716,0.0,0.0,3809.0,5075.4,0,0,0,0,0,0,{}
1774320040,normal,sw-wk2,0.14088888888889217,0.41539734835824216,0.0,0.0,5384.7,4440.033333333333,0,0,0,0,0,0,{}
1774320040,normal,k3s-wk1,0.3131111111110335,0.7248384677132818,279.3333333333333,142.4,9485.133333333333,11359.3,0,20,4,0,12,0,"{""process_exit"": 20, ""process_exec"": 20, ""process_kprobe"": 12}"
1774320050,normal,sw-wk3,0.08755555555568817,0.42918562523998716,0.0,0.0,3809.0,5075.4,0,0,0,0,0,0,{}
1774320050,normal,sw-wk2,0.14088888888889217,0.41539734835824216,0.0,0.0,5384.7,4440.033333333333,0,0,0,0,0,0,{}
1774320050,normal,k3s-wk1,0.3078888888888792,0.726908449684831,279.33333333333337,142.4,8871.3,3655.133333333333,0,58,3,0,55,0,"{""process_kprobe"": 55, ""process_exit"": 58, ""process_exec"": 58}"
1774320060,normal,sw-wk3,0.08755555555568817,0.42918562523998716,0.0,0.0,3809.0,5075.4,0,0,0,0,0,0,{}
1774320060,normal,sw-wk2,0.16688888888893416,0.415395358831113,0.0,0.0,1108.9666666666667,3747.0666666666666,0,0,0,0,0,0,{}
1774320060,normal,k3s-wk1,0.3078888888888792,0.726908449684831,279.3333333333333,142.4,8871.3,3655.133333333333,0,58,3,0,51,0,"{""process_exit"": 58, ""process_exec"": 58, ""process_kprobe"": 51}"
1774320070,normal,sw-wk3,0.11433333333326223,0.42941243178395283,0.0,0.0,6287.466666666666,5149.366666666667,0,0,0,0,0,0,{}
1774320070,normal,sw-wk2,0.16688888888893416,0.415395358831113,0.0,0.0,1108.9666666666667,3747.0666666666666,0,0,0,0,0,0,{}
1774320070,normal,k3s-wk1,0.3078888888888792,0.726908449684831,279.3333333333333,142.4,8871.3,3655.133333333333,0,21,2,0,16,0,"{""process_exit"": 21, ""process_exec"": 21, ""process_kprobe"": 16}"
1774320080,normal,sw-wk3,0.11433333333326223,0.42941243178395283,0.0,0.0,6287.466666666666,5149.366666666667,0,0,0,0,0,0,{}
1774320080,normal,sw-wk2,0.16688888888893416,0.415395358831113,0.0,0.0,1108.9666666666667,3747.0666666666666,0,0,0,0,0,0,{}
1774320080,normal,k3s-wk1,0.3468888888889018,0.7265952547012147,277.2,140.4,9524.333333333334,13736.333333333334,0,12,2,0,9,0,"{""process_exit"": 12, ""process_exec"": 12, ""process_kprobe"": 9}"
1774320090,normal,sw-wk3,0.11433333333326223,0.42941243178395283,0.0,0.0,6287.466666666666,5149.366666666667,0,0,0,0,0,0,{}
1774320090,normal,sw-wk2,0.1864444444443507,0.41459755845230706,0.0,0.0,6286.166666666667,4309.566666666667,0,0,0,0,0,0,{}
1774320090,normal,k3s-wk1,0.3468888888889018,0.7265952547012147,277.2,140.4,9524.333333333334,13736.333333333334,0,18,2,0,13,0,"{""process_exit"": 18, ""process_exec"": 18, ""process_kprobe"": 13}"
1774320100,normal,sw-wk3,0.08775789087749153,0.4288016457401155,0.0,0.0,2739.9926673999266,5139.986001399859,0,0,0,0,0,0,{}
1774320100,normal,sw-wk2,0.1864444444443507,0.41459755845230706,0.0,0.0,6286.166666666667,4309.566666666667,0,0,0,0,0,0,{}
1774320100,normal,k3s-wk1,0.3468888888889018,0.7265952547012147,277.2,140.4,9524.333333333334,13736.333333333334,0,16,2,0,13,0,"{""process_exit"": 16, ""process_exec"": 16, ""process_kprobe"": 13}"
1774320110,normal,sw-wk3,0.08775789087749153,0.4288016457401155,0.0,0.0,2739.9926673999266,5139.9860013998605,0,0,0,0,0,0,{}
1774320110,normal,sw-wk2,0.1864444444443507,0.41459755845230706,0.0,0.0,6286.166666666667,4309.566666666667,0,0,0,0,0,0,{}
1774320110,normal,k3s-wk1,0.25811111111106577,0.7272084852153544,479.3666666666667,240.83333333333334,8812.033333333333,1266.4333333333334,0,15,2,0,17,0,"{""process_kprobe"": 17, ""process_exit"": 15, ""process_exec"": 15}"
1774320120,normal,sw-wk3,0.08775789087749153,0.4288016457401155,0.0,0.0,2739.9926673999266,5139.9860013998605,0,0,0,0,0,0,{}
1774320120,normal,sw-wk2,0.0651111111111985,0.41433693039838293,0.0,0.0,277.1666666666667,3735.0,0,0,0,0,0,0,{}
1774320120,normal,k3s-wk1,0.25811111111106577,0.7272084852153544,479.3666666666667,240.83333333333334,8812.033333333333,1266.4333333333334,0,42,3,0,36,0,"{""process_exit"": 42, ""process_exec"": 42, ""process_kprobe"": 36}"
1774320130,normal,sw-wk3,0.08357502416915163,0.4281451004812675,0.0,0.0,2164.249758309164,5079.874654132081,0,0,0,0,0,0,{}
1774320130,normal,sw-wk2,0.0651111111111985,0.41433693039838293,0.0,0.0,277.1666666666667,3735.0,0,0,0,0,0,0,{}
1774320130,normal,k3s-wk1,0.25811111111106577,0.7272084852153544,479.3666666666667,240.83333333333334,8812.033333333333,1266.4333333333334,0,12,2,0,11,0,"{""process_kprobe"": 11, ""process_exit"": 12, ""process_exec"": 12}"
1774320140,normal,sw-wk3,0.08357502416915163,0.4281451004812675,0.0,0.0,2164.249758309164,5079.87465413208,0,0,0,0,0,0,{}
1774320140,normal,sw-wk2,0.0651111111111985,0.41433693039838293,0.0,0.0,277.1666666666667,3735.0,0,0,0,0,0,0,{}
1774320140,normal,k3s-wk1,0.28800000000006154,0.727841454909134,279.2,142.4,9417.633333333335,8837.633333333333,0,36,3,0,32,0,"{""process_exit"": 36, ""process_exec"": 36, ""process_kprobe"": 32}"
1774320150,normal,sw-wk3,0.08357502416915163,0.4281451004812675,0.0,0.0,2164.249758309164,5079.87465413208,0,0,0,0,0,0,{}
1774320150,normal,sw-wk2,0.14769954301428867,0.41657315889159463,0.0,0.0,6299.114867562893,4557.999467589511,0,0,0,0,0,0,{}
1774320150,normal,k3s-wk1,0.28800000000006154,0.727841454909134,279.2,142.4,9417.633333333333,8837.633333333333,0,31,3,0,27,0,"{""process_exit"": 31, ""process_exec"": 31, ""process_kprobe"": 27}"
1774320162,normal,sw-wk3,0.08822222222224818,0.42856489154071276,0.0,0.0,3145.9333333333334,5026.866666666667,0,0,0,0,0,0,{}
1774320162,normal,sw-wk2,0.14769954301428867,0.41657315889159463,0.0,0.0,6299.114867562891,4557.999467589511,0,0,0,0,0,0,{}
1774320162,normal,k3s-wk1,0.28800000000006154,0.727841454909134,279.2,142.4,9417.633333333333,8837.633333333333,0,75,3,0,71,0,"{""process_exit"": 75, ""process_exec"": 75, ""process_kprobe"": 71}"
1774320170,normal,sw-wk3,0.08822222222224818,0.42856489154071276,0.0,0.0,3145.9333333333334,5026.866666666667,0,0,0,0,0,0,{}
1774320170,normal,sw-wk2,0.14769954301428867,0.41657315889159463,0.0,0.0,6299.114867562891,4557.999467589511,0,0,0,0,0,0,{}
1774320170,normal,k3s-wk1,0.3171111111111208,0.7356963324604229,281.3333333333333,144.4,9238.533333333333,5913.9,0,15,2,0,14,0,"{""process_exit"": 15, ""process_exec"": 15, ""process_kprobe"": 14}"
1774320180,normal,sw-wk3,0.08822222222224818,0.42856489154071276,0.0,0.0,3145.9333333333334,5026.866666666667,0,0,0,0,0,0,{}
1774320180,normal,sw-wk2,0.06471216775745914,0.4166825828837002,4.474422332042207,6.010418057967144,1069.286763723788,3839.421664217978,0,0,0,0,0,0,{}
1774320180,normal,k3s-wk1,0.3171111111111208,0.7356963324604229,281.3333333333333,144.4,9238.533333333333,5913.9,0,13,2,0,9,0,"{""process_kprobe"": 9, ""process_exit"": 13, ""process_exec"": 13}"
1774320190,normal,sw-wk3,0.08834377638539659,0.42866834715725854,0.0,0.0,4118.117584322091,5172.343687508333,0,0,0,0,0,0,{}
1774320190,normal,sw-wk2,0.06471216775745914,0.4166825828837002,4.474422332042207,6.010418057967144,1069.286763723788,3839.421664217978,0,0,0,0,0,0,{}
1774320190,normal,k3s-wk1,0.3171111111111208,0.7356963324604229,281.3333333333333,144.4,9238.533333333333,5913.9,0,33,3,0,30,0,"{""process_exit"": 33, ""process_exec"": 33, ""process_kprobe"": 30}"
1774320200,normal,sw-wk3,0.08834377638539659,0.42866834715725854,0.0,0.0,4118.117584322091,5172.343687508333,0,0,0,0,0,0,{}
1774320200,normal,sw-wk2,0.06471216775745914,0.4166825828837002,4.474422332042207,6.010418057967144,1069.286763723788,3839.421664217978,0,0,0,0,0,0,{}
1774320200,normal,k3s-wk1,0.2746666666666796,0.7407311392138543,283.2,147.0,9182.333333333334,4183.8,0,75,3,0,71,0,"{""process_exit"": 76, ""process_exec"": 75, ""process_kprobe"": 71}"
1774320210,normal,sw-wk3,0.08834377638539659,0.42866834715725854,0.0,0.0,4118.117584322091,5172.343687508333,0,0,0,0,0,0,{}
1774320210,normal,sw-wk2,0.14677777777784895,0.41282091072593863,0.0,0.0,4971.500000000001,4406.366666666667,0,0,0,0,0,0,{}
1774320210,normal,k3s-wk1,0.2746666666666796,0.7407311392138543,283.2,147.0,9182.333333333334,4183.8,0,33,3,0,30,0,"{""process_exit"": 33, ""process_exec"": 33, ""process_kprobe"": 30}"
1774320220,normal,sw-wk3,0.08687825043324882,0.42879169808467843,0.0,0.0,2782.0042672356312,5072.176290172023,0,0,0,0,0,0,{}
1774320220,normal,sw-wk2,0.14677777777784895,0.41282091072593863,0.0,0.0,4971.5,4406.366666666667,0,0,0,0,0,0,{}
1774320220,normal,k3s-wk1,0.2746666666666796,0.7407311392138543,283.2,147.0,9182.333333333334,4183.8,0,55,3,0,52,0,"{""process_exit"": 55, ""process_exec"": 55, ""process_kprobe"": 52}"
1774320230,normal,sw-wk3,0.08687825043324882,0.42879169808467843,0.0,0.0,2782.0042672356312,5072.176290172023,0,0,0,0,0,0,{}
1774320230,normal,sw-wk2,0.14677777777784895,0.41282091072593863,0.0,0.0,4971.5,4406.366666666667,0,0,0,0,0,0,{}
1774320230,normal,k3s-wk1,0.2858888888888437,0.7406956086905028,279.3333333333333,142.4,9020.533333333333,5852.1,0,60,3,0,57,0,"{""process_kprobe"": 57, ""process_exit"": 60, ""process_exec"": 60}"
1774320240,normal,sw-wk3,0.08687825043324882,0.42879169808467843,0.0,0.0,2782.0042672356312,5072.176290172023,0,0,0,0,0,0,{}
1774320240,normal,sw-wk2,0.06399999999994155,0.4128189211988095,5.133333333333333,5.0,349.1333333333333,3762.1,0,0,0,0,0,0,{}
1774320240,normal,k3s-wk1,0.2858888888888437,0.7406956086905028,279.3333333333333,142.4,9020.533333333333,5852.1,0,13,2,0,9,0,"{""process_exit"": 13, ""process_exec"": 13, ""process_kprobe"": 9}"
1774320250,normal,sw-wk3,0.11700000000014876,0.42682803090139687,2.1333333333333333,16.8,5292.5666666666675,5379.466666666666,0,0,0,0,0,0,{}
1774320250,normal,sw-wk2,0.06399999999994188,0.4128189211988095,5.133333333333333,5.0,349.1333333333333,3762.1,0,0,0,0,0,0,{}
1774320250,normal,k3s-wk1,0.2858888888888437,0.7406956086905028,279.3333333333333,142.4,9020.533333333333,5852.1,0,33,3,0,30,0,"{""process_exit"": 33, ""process_exec"": 33, ""process_kprobe"": 30}"
1774320260,normal,sw-wk3,0.11700000000014876,0.42682803090139687,2.1333333333333333,16.8,5292.566666666667,5379.466666666666,0,0,0,0,0,0,{}
1774320260,normal,sw-wk2,0.06399999999994188,0.4128189211988095,5.133333333333333,5.0,349.1333333333333,3762.1,0,0,0,0,0,0,{}
1774320260,normal,k3s-wk1,0.3122909931229746,0.7364056269821426,277.17228277172285,140.38596140385962,9683.831616838317,7899.776688997767,0,34,3,0,29,0,"{""process_exit"": 34, ""process_exec"": 34, ""process_kprobe"": 29}"
1774320270,normal,sw-wk3,0.11700000000014876,0.42682803090139687,2.1333333333333333,16.8,5292.566666666667,5379.466666666666,0,0,0,0,0,0,{}
1774320270,normal,sw-wk2,0.15666666666665052,0.4155445733658024,0.0,0.0,5449.366666666667,4456.666666666667,0,0,0,0,0,0,{}
1774320270,normal,k3s-wk1,0.3122909931229746,0.7364056269821426,277.17228277172285,140.38596140385962,9683.831616838317,7899.776688997767,0,39,3,0,33,0,"{""process_exit"": 39, ""process_exec"": 39, ""process_kprobe"": 33}"
1774320280,normal,sw-wk3,0.09522222222213805,0.42792426253056415,79.00000000000001,74.5,2648.4333333333334,5289.933333333333,0,0,0,0,0,0,{}
1774320280,normal,sw-wk2,0.15666666666665052,0.4155445733658024,0.0,0.0,5449.366666666667,4456.666666666667,0,0,0,0,0,0,{}
1774320280,normal,k3s-wk1,0.3122909931229746,0.7364056269821426,277.17228277172285,140.38596140385962,9683.831616838317,7899.776688997767,0,57,3,0,53,0,"{""process_exit"": 57, ""process_exec"": 57, ""process_kprobe"": 53}"
1774320290,normal,sw-wk3,0.09522222222213816,0.42792426253056415,79.0,74.5,2648.4333333333334,5289.933333333333,0,0,0,0,0,0,{}
1774320290,normal,sw-wk2,0.15666666666665052,0.4155445733658024,0.0,0.0,5449.366666666667,4456.666666666667,0,0,0,0,0,0,{}
1774320290,normal,k3s-wk1,0.2765943260992928,0.7344790830493084,279.36126946027935,142.4142414241424,9402.073540687401,5953.762042870953,0,14,2,0,16,0,"{""process_kprobe"": 16, ""process_exit"": 15, ""process_exec"": 14}"
1774320300,normal,sw-wk3,0.09522222222213816,0.42792426253056415,79.0,74.5,2648.4333333333334,5289.933333333333,0,0,0,0,0,0,{}
1774320300,normal,sw-wk2,0.06680440771347584,0.415540594311544,0.0,0.0,405.02532657957875,3789.289522793921,0,0,0,0,0,0,{}
1774320300,normal,k3s-wk1,0.2765943260992928,0.7344790830493084,279.36126946027935,142.4142414241424,9402.073540687401,5953.762042870953,0,41,3,0,34,0,"{""process_exec"": 41, ""process_exit"": 40, ""process_kprobe"": 34}"
1774320310,normal,sw-wk3,0.09011111111111758,0.4269215388625055,8.0,32.06666666666666,1975.1666666666667,5292.733333333334,0,0,0,0,0,0,{}
1774320310,normal,sw-wk2,0.06680440771347618,0.415540594311544,0.0,0.0,405.02532657957875,3789.289522793921,0,0,0,0,0,0,{}
1774320310,normal,k3s-wk1,0.2765943260992928,0.7344790830493084,279.36126946027935,142.4142414241424,9402.073540687401,5953.762042870953,0,34,3,0,31,0,"{""process_exit"": 34, ""process_exec"": 34, ""process_kprobe"": 31}"
1774320320,normal,sw-wk3,0.09011111111111758,0.4269215388625055,8.0,32.06666666666666,1975.1666666666667,5292.733333333334,0,0,0,0,0,0,{}
1774320320,normal,sw-wk2,0.06680440771347618,0.415540594311544,0.0,0.0,405.02532657957875,3789.289522793921,0,0,0,0,0,0,{}
1774320320,normal,k3s-wk1,0.2778888888889116,0.7348672869155558,279.3333333333333,142.4,9411.433333333332,4096.8,0,18,2,0,14,0,"{""process_exit"": 18, ""process_exec"": 18, ""process_kprobe"": 14}"
1774320330,normal,sw-wk3,0.09011111111111758,0.4269215388625055,8.0,32.06666666666666,1975.1666666666667,5292.733333333334,0,0,0,0,0,0,{}
1774320330,normal,sw-wk2,0.15010669511876618,0.4167243629534132,0.0,0.0,4951.653774339823,4388.603627634036,0,0,0,0,0,0,{}
1774320330,normal,k3s-wk1,0.2778888888889116,0.7348672869155558,279.3333333333333,142.4,9411.433333333332,4096.8,0,18,2,0,13,0,"{""process_exit"": 18, ""process_exec"": 18, ""process_kprobe"": 13}"
1774320340,normal,sw-wk3,0.09511111111100445,0.427733267546172,66.00000000000001,76.8,2783.133333333333,5402.2,0,0,0,0,0,0,{}
1774320340,normal,sw-wk2,0.15010669511876618,0.4167243629534132,0.0,0.0,4951.653774339824,4388.603627634036,0,0,0,0,0,0,{}
1774320340,normal,k3s-wk1,0.2778888888889116,0.7348672869155558,279.3333333333333,142.4,9411.433333333332,4096.8,0,12,2,0,11,0,"{""process_exit"": 12, ""process_exec"": 12, ""process_kprobe"": 11}"
1774320350,normal,sw-wk3,0.09511111111100445,0.427733267546172,66.0,76.8,2783.133333333333,5402.2,0,0,0,0,0,0,{}
1774320350,normal,sw-wk2,0.15010669511876618,0.4167243629534132,0.0,0.0,4951.653774339824,4388.603627634036,0,0,0,0,0,0,{}
1774320350,normal,k3s-wk1,0.27111111111104647,0.7349672987590636,277.2,140.40000000000003,9392.8,5908.033333333333,0,18,2,0,16,0,"{""process_kprobe"": 16, ""process_exit"": 18, ""process_exec"": 18}"
1774320360,normal,sw-wk3,0.09511111111100445,0.427733267546172,66.0,76.8,2783.133333333333,5402.2,0,0,0,0,0,0,{}
1774320360,normal,sw-wk2,0.06233333333325897,0.41672237342628404,0.0,0.0,607.3,3760.366666666667,0,0,0,0,0,0,{}
1774320360,normal,k3s-wk1,0.27111111111104647,0.7349672987590636,277.2,140.4,9392.8,5908.033333333333,0,55,3,0,49,0,"{""process_exit"": 55, ""process_exec"": 55, ""process_kprobe"": 49}"
1774320370,normal,sw-wk3,0.09466666666671197,0.4285489752920134,41.0,47.03333333333333,3596.9333333333334,5400.366666666667,0,0,0,0,0,0,{}
1774320370,normal,sw-wk2,0.06233333333325897,0.41672237342628404,0.0,0.0,607.3,3760.366666666667,0,0,0,0,0,0,{}
1774320370,normal,k3s-wk1,0.27111111111104647,0.7349672987590636,277.2,140.4,9392.8,5908.033333333333,0,21,2,0,16,0,"{""process_exit"": 21, ""process_exec"": 21, ""process_kprobe"": 16}"
1774320380,normal,sw-wk3,0.09466666666671197,0.4285489752920134,41.0,47.03333333333333,3596.9333333333334,5400.366666666667,0,0,0,0,0,0,{}
1774320380,normal,sw-wk2,0.06233333333325897,0.41672237342628404,0.0,0.0,607.3,3760.366666666667,0,0,0,0,0,0,{}
1774320380,normal,k3s-wk1,0.28388888888884034,0.7331210274900974,279.33333333333337,142.4,9618.933333333332,6040.6,0,16,2,0,13,0,"{""process_kprobe"": 13, ""process_exit"": 16, ""process_exec"": 16}"
1774320390,normal,sw-wk3,0.09466666666671197,0.4285489752920134,41.0,47.03333333333333,3596.9333333333334,5400.366666666667,0,0,0,0,0,0,{}
1774320390,normal,sw-wk2,0.16622222222229344,0.41556645816422355,0.0,0.0,5530.666666666667,4438.133333333333,0,0,0,0,0,0,{}
1774320390,normal,k3s-wk1,0.28388888888884034,0.7331210274900974,279.3333333333333,142.4,9618.933333333332,6040.6,0,57,3,0,52,0,"{""process_exit"": 57, ""process_exec"": 57, ""process_kprobe"": 52}"
1774320400,normal,sw-wk3,0.14522222222238068,0.4267922193418233,33.0,32.23333333333334,5119.1,5410.633333333333,0,0,0,0,0,0,{}
1774320400,normal,sw-wk2,0.16622222222229344,0.41556645816422355,0.0,0.0,5530.666666666667,4438.133333333333,0,0,0,0,0,0,{}
1774320400,normal,k3s-wk1,0.28388888888884034,0.7331210274900974,279.3333333333333,142.4,9618.933333333332,6040.6,0,19,2,0,17,0,"{""process_exit"": 19, ""process_exec"": 19, ""process_kprobe"": 17}"
1774320410,normal,sw-wk3,0.14522222222238068,0.4267922193418233,33.0,32.233333333333334,5119.1,5410.633333333333,0,0,0,0,0,0,{}
1774320410,normal,sw-wk2,0.16622222222229344,0.41556645816422355,0.0,0.0,5530.666666666667,4438.133333333333,0,0,0,0,0,0,{}
1774320410,normal,k3s-wk1,0.2890000000000227,0.7349633509231357,277.2,140.4,9271.066666666666,8797.033333333333,0,51,3,0,50,0,"{""process_kprobe"": 50, ""process_exit"": 51, ""process_exec"": 51}"
1774320420,normal,sw-wk3,0.14522222222238068,0.4267922193418233,33.0,32.233333333333334,5119.1,5410.633333333333,0,0,0,0,0,0,{}
1774320420,normal,sw-wk2,0.11977777777768395,0.4155644686370943,0.0,0.0,400.96666666666664,3795.0,0,0,0,0,0,0,{}
1774320420,normal,k3s-wk1,0.2890000000000227,0.7349633509231357,277.2,140.4,9271.066666666666,8797.033333333333,0,33,3,0,29,0,"{""process_exit"": 33, ""process_exec"": 33, ""process_kprobe"": 29}"
1774320430,normal,sw-wk3,0.10977777777774866,0.426786250748561,10.6,13.466666666666667,2016.0333333333333,5004.166666666667,0,0,0,0,0,0,{}
1774320430,normal,sw-wk2,0.11977777777768395,0.4155644686370943,0.0,0.0,400.96666666666664,3795.0,0,0,0,0,0,0,{}
1774320430,normal,k3s-wk1,0.2890000000000227,0.7349633509231357,277.2,140.4,9271.066666666666,8797.033333333333,0,37,3,0,32,0,"{""process_exit"": 37, ""process_exec"": 37, ""process_kprobe"": 32}"
1774320440,normal,sw-wk3,0.10977777777774866,0.426786250748561,10.6,13.466666666666667,2016.0333333333333,5004.166666666667,0,0,0,0,0,0,{}
1774320440,normal,sw-wk2,0.11977777777768395,0.4155644686370943,0.0,0.0,400.96666666666664,3795.0,0,0,0,0,0,0,{}
1774320440,normal,k3s-wk1,0.28222222222223836,0.7344725033227619,279.3333333333333,142.4,9216.9,4230.6,0,57,3,0,51,0,"{""process_exit"": 57, ""process_exec"": 57, ""process_kprobe"": 51}"
1774320450,normal,sw-wk3,0.10977777777774866,0.426786250748561,10.6,13.466666666666667,2016.0333333333333,5004.166666666667,0,0,0,0,0,0,{}
1774320450,normal,sw-wk2,0.1481957206688348,0.4153615368699167,0.0,0.0,6038.73135065705,4444.751836116326,0,0,0,0,0,0,{}
1774320450,normal,k3s-wk1,0.28222222222223836,0.7344725033227619,279.3333333333333,142.4,9216.9,4230.6,0,15,2,0,11,0,"{""process_kprobe"": 11, ""process_exit"": 15, ""process_exec"": 15}"
1774320460,normal,sw-wk3,0.11433333333326223,0.42678824027964846,0.0,0.0,3202.0333333333333,5037.800000000001,0,0,0,0,0,0,{}
1774320460,normal,sw-wk2,0.1481957206688348,0.4153615368699167,0.0,0.0,6038.73135065705,4444.751836116326,0,0,0,0,0,0,{}
1774320460,normal,k3s-wk1,0.28222222222223836,0.7344725033227619,279.3333333333333,142.4,9216.9,4230.6,0,12,2,0,10,0,"{""process_exit"": 12, ""process_exec"": 12, ""process_kprobe"": 10}"
1774320470,normal,sw-wk3,0.11433333333326223,0.42678824027964846,0.0,0.0,3202.0333333333333,5037.8,0,0,0,0,0,0,{}
1774320470,normal,sw-wk2,0.1481957206688348,0.4153615368699167,0.0,0.0,6038.73135065705,4444.751836116326,0,0,0,0,0,0,{}
1774320470,normal,k3s-wk1,0.2956666666666732,0.7364266821070916,283.8,148.40000000000003,9390.633333333333,9438.7,0,19,2,0,19,0,"{""process_exit"": 19, ""process_exec"": 19, ""process_kprobe"": 19}"
1774320480,normal,sw-wk3,0.11433333333326223,0.42678824027964846,0.0,0.0,3202.0333333333333,5037.8,0,0,0,0,0,0,{}
1774320480,normal,sw-wk2,0.06299557984953863,0.4154848875519267,5.196207443398454,5.0612410162971955,1085.467489961872,3867.665418227216,0,0,0,0,0,0,{}
1774320480,normal,k3s-wk1,0.2956666666666732,0.7364266821070916,283.8,148.4,9390.633333333333,9438.7,0,34,3,0,30,0,"{""process_exit"": 34, ""process_exec"": 34, ""process_kprobe"": 30}"
1774320490,normal,sw-wk3,0.11222222222212519,0.42689965402054386,0.0,0.0,4230.133333333333,5307.766666666666,0,0,0,0,0,0,{}
1774320490,normal,sw-wk2,0.06299557984953863,0.4154848875519267,5.196207443398454,5.0612410162971955,1085.467489961872,3867.665418227216,0,0,0,0,0,0,{}
1774320490,normal,k3s-wk1,0.2956666666666732,0.7364266821070916,283.8,148.4,9390.633333333333,9438.7,0,15,2,0,13,0,"{""process_exit"": 15, ""process_exec"": 15, ""process_kprobe"": 13}"
1774320500,normal,sw-wk3,0.11222222222212519,0.42689965402054386,0.0,0.0,4230.133333333333,5307.766666666666,0,0,0,0,0,0,{}
1774320500,normal,sw-wk2,0.06299557984953863,0.4154848875519267,5.196207443398454,5.0612410162971955,1085.467489961872,3867.665418227216,0,0,0,0,0,0,{}
1774320500,normal,k3s-wk1,0.28533333333333655,0.7364135226539985,277.2,140.40000000000003,9450.366666666667,9775.2,0,12,2,0,10,0,"{""process_exit"": 13, ""process_exec"": 12, ""process_kprobe"": 10}"
1774320510,normal,sw-wk3,0.11222222222212519,0.42689965402054386,0.0,0.0,4230.133333333333,5307.766666666666,0,0,0,0,0,0,{}
1774320510,normal,sw-wk2,0.1461111111111273,0.4158071909468557,0.0,0.0,4953.7,4287.266666666666,0,0,0,0,0,0,{}
1774320510,normal,k3s-wk1,0.28533333333333655,0.7364135226539985,277.2,140.4,9450.366666666667,9775.2,0,36,3,0,31,0,"{""process_exit"": 36, ""process_exec"": 36, ""process_kprobe"": 31}"
1774320520,normal,sw-wk3,0.13200000000013257,0.4299913853303915,0.0,0.0,2720.8,5038.666666666667,0,0,0,0,0,0,{}
1774320520,normal,sw-wk2,0.1461111111111273,0.4158071909468557,0.0,0.0,4953.7,4287.266666666666,0,0,0,0,0,0,{}
1774320520,normal,k3s-wk1,0.28533333333333655,0.7364135226539985,277.2,140.4,9450.366666666667,9775.2,0,12,2,0,10,0,"{""process_exit"": 12, ""process_exec"": 12, ""process_kprobe"": 10}"
1774320530,normal,sw-wk3,0.13200000000013257,0.4299913853303915,0.0,0.0,2720.8,5038.666666666667,0,0,0,0,0,0,{}
1774320530,normal,sw-wk2,0.1461111111111273,0.4158071909468557,0.0,0.0,4953.7,4287.266666666666,0,0,0,0,0,0,{}
1774320530,normal,k3s-wk1,0.2626666666666603,0.73610427550631,279.3333333333333,142.4,8727.5,1245.3666666666666,0,19,2,0,17,0,"{""process_kprobe"": 17, ""process_exit"": 19, ""process_exec"": 19}"
1774320540,normal,sw-wk3,0.13200000000013257,0.4299913853303915,0.0,0.0,2720.8,5038.666666666667,0,0,0,0,0,0,{}
1774320540,normal,sw-wk2,0.0833333333334142,0.4155644686370943,179.46666666666667,88.23333333333333,1288.3333333333333,3902.733333333333,0,0,0,0,0,0,{}
1774320540,normal,k3s-wk1,0.2626666666666603,0.73610427550631,279.3333333333333,142.4,8727.5,1245.3666666666666,0,12,2,0,9,0,"{""process_exit"": 12, ""process_exec"": 12, ""process_kprobe"": 9}"
1774320550,normal,sw-wk3,0.10266666666664415,0.42902845228408115,0.0,0.0,3609.9666666666667,5043.6,0,0,0,0,0,0,{}
1774320550,normal,sw-wk2,0.0833333333334142,0.4155644686370943,179.46666666666667,88.23333333333333,1288.3333333333333,3902.733333333333,0,0,0,0,0,0,{}
1774320550,normal,k3s-wk1,0.2626666666666603,0.73610427550631,279.3333333333333,142.4,8727.5,1245.3666666666666,0,13,2,0,10,0,"{""process_exit"": 13, ""process_exec"": 13, ""process_kprobe"": 10}"
1774320560,normal,sw-wk3,0.10266666666664415,0.42902845228408115,0.0,0.0,3609.9666666666667,5043.6,0,0,0,0,0,0,{}
1774320560,normal,sw-wk2,0.0833333333334142,0.4155644686370943,179.46666666666667,88.23333333333333,1288.3333333333333,3902.733333333333,0,0,0,0,0,0,{}
1774320560,normal,k3s-wk1,0.3018888888889504,0.7341593083391454,279.3333333333333,142.4,9799.4,7608.433333333333,0,15,2,0,13,0,"{""process_exit"": 15, ""process_exec"": 15, ""process_kprobe"": 13}"
1774320570,normal,sw-wk3,0.10266666666664415,0.42902845228408115,0.0,0.0,3609.9666666666667,5043.6,0,0,0,0,0,0,{}
1774320570,normal,sw-wk2,0.20877777777762574,0.4204209043594519,426.30000000000007,208.4,5752.7,4866.9,0,0,0,0,0,0,{}
1774320570,normal,k3s-wk1,0.3018888888889504,0.7341593083391454,279.3333333333333,142.4,9799.4,7608.433333333333,0,40,3,0,34,0,"{""process_exit"": 40, ""process_exec"": 40, ""process_kprobe"": 34}"
1774320580,normal,sw-wk3,0.12533333333340113,0.4294959920896244,0.0,0.0,2585.8333333333335,4965.866666666668,0,0,0,0,0,0,{}
1774320580,normal,sw-wk2,0.20877777777762574,0.4204209043594519,426.3,208.4,5752.7,4866.9,0,0,0,0,0,0,{}
1774320580,normal,k3s-wk1,0.3018888888889504,0.7341593083391454,279.3333333333333,142.4,9799.4,7608.433333333333,0,36,3,0,33,0,"{""process_exit"": 36, ""process_exec"": 36, ""process_kprobe"": 33}"
1774320590,normal,sw-wk3,0.12533333333340124,0.4294959920896244,0.0,0.0,2585.8333333333335,4965.866666666667,0,0,0,0,0,0,{}
1774320590,normal,sw-wk2,0.20877777777762574,0.4204209043594519,426.3,208.4,5752.7,4866.9,0,0,0,0,0,0,{}
1774320590,normal,k3s-wk1,0.2843333333332946,0.7403442512929163,277.2,140.4,9203.7,5734.766666666667,0,33,3,0,34,0,"{""process_exit"": 33, ""process_exec"": 33, ""process_kprobe"": 34}"
1774320600,normal,sw-wk3,0.12533333333340124,0.4294959920896244,0.0,0.0,2585.8333333333335,4965.866666666667,0,0,0,0,0,0,{}
1774320600,normal,sw-wk2,0.09933333333335925,0.42076907160706045,6.0,6.6,316.73333333333335,4013.133333333333,0,0,0,0,0,0,{}
1774320600,normal,k3s-wk1,0.2843333333332946,0.7403442512929163,277.2,140.4,9203.7,5734.766666666666,0,16,2,0,11,0,"{""process_exit"": 16, ""process_exec"": 16, ""process_kprobe"": 11}"
1774320610,normal,sw-wk3,0.11566666666670533,0.4270966175981983,0.0,0.0,2435.5666666666666,5104.666666666668,0,0,0,0,0,0,{}
1774320610,normal,sw-wk2,0.09933333333335925,0.42076907160706045,6.0,6.6,316.73333333333335,4013.133333333333,0,0,0,0,0,0,{}
1774320610,normal,k3s-wk1,0.2843333333332946,0.7403442512929163,277.2,140.4,9203.7,5734.766666666666,0,15,2,0,12,0,"{""process_exit"": 15, ""process_exec"": 15, ""process_kprobe"": 12}"
1774320620,normal,sw-wk3,0.11566666666670544,0.4270966175981983,0.0,0.0,2435.5666666666666,5104.666666666667,0,0,0,0,0,0,{}
1774320620,normal,sw-wk2,0.09933333333335925,0.42076907160706045,6.0,6.6,316.73333333333335,4013.133333333333,0,0,0,0,0,0,{}
1774320620,normal,k3s-wk1,0.28888888888888886,0.7399165690673896,279.3333333333333,142.4,9642.866666666667,8693.1,0,37,3,0,31,0,"{""process_exit"": 37, ""process_exec"": 37, ""process_kprobe"": 31}"
1774320630,normal,sw-wk3,0.11566666666670544,0.4270966175981983,0.0,0.0,2435.5666666666666,5104.666666666667,0,0,0,0,0,0,{}
1774320630,normal,sw-wk2,0.25744444444442505,0.42484959174903314,0.0,0.0,4917.1,4539.433333333333,0,0,0,0,0,0,{}
1774320630,normal,k3s-wk1,0.28888888888888886,0.7399165690673896,279.3333333333333,142.4,9642.866666666667,8693.1,0,33,3,0,29,0,"{""process_exit"": 33, ""process_exec"": 33, ""process_kprobe"": 29}"
1774320640,normal,sw-wk3,0.12266666666659554,0.42753232490634285,4.466666666666667,6.0,2232.866666666667,4957.7,0,0,0,0,0,0,{}
1774320640,normal,sw-wk2,0.25744444444442505,0.42484959174903314,0.0,0.0,4917.1,4539.433333333333,0,0,0,0,0,0,{}
1774320640,normal,k3s-wk1,0.28888888888888886,0.7399165690673896,279.3333333333333,142.4,9642.866666666667,8693.1,0,12,2,0,11,0,"{""process_exit"": 12, ""process_exec"": 12, ""process_kprobe"": 11}"
1774320650,normal,sw-wk3,0.12266666666659554,0.42753232490634285,4.466666666666667,6.0,2232.866666666667,4957.7,0,0,0,0,0,0,{}
1774320650,normal,sw-wk2,0.25744444444442505,0.42484959174903314,0.0,0.0,4917.1,4539.433333333333,0,0,0,0,0,0,{}
1774320650,normal,k3s-wk1,0.27222222222214143,0.7263386453658986,279.3333333333333,142.4,9043.633333333333,1303.8333333333333,0,33,3,0,34,0,"{""process_kprobe"": 34, ""process_exit"": 33, ""process_exec"": 33}"
1774320660,normal,sw-wk3,0.12266666666659554,0.42753232490634285,4.466666666666667,6.0,2232.866666666667,4957.7,0,0,0,0,0,0,{}
1774320660,normal,sw-wk2,0.15655555555559753,0.4233077082239094,0.0,0.0,454.26666666666677,4093.733333333333,0,0,0,0,0,0,{}
1774320660,normal,k3s-wk1,0.27222222222214143,0.7263386453658986,279.3333333333333,142.4,9043.633333333333,1303.8333333333333,0,16,2,0,12,0,"{""process_exit"": 16, ""process_exec"": 16, ""process_kprobe"": 12}"
1774320670,normal,sw-wk3,0.11511111111111749,0.42763777005397596,0.0,0.0,2819.9,5091.833333333333,0,0,0,0,0,0,{}
1774320670,normal,sw-wk2,0.15655555555559753,0.4233077082239094,0.0,0.0,454.26666666666665,4093.733333333333,0,0,0,0,0,0,{}
1774320670,normal,k3s-wk1,0.27222222222214143,0.7263386453658986,279.3333333333333,142.4,9043.633333333333,1303.8333333333333,0,15,2,0,13,0,"{""process_exit"": 15, ""process_exec"": 15, ""process_kprobe"": 13}"
1774320680,normal,sw-wk3,0.11511111111111749,0.42763777005397596,0.0,0.0,2819.9,5091.833333333333,0,0,0,0,0,0,{}
1774320680,normal,sw-wk2,0.15655555555559753,0.4233077082239094,0.0,0.0,454.26666666666665,4093.733333333333,0,0,0,0,0,0,{}
1774320680,normal,k3s-wk1,0.28355555555568157,0.7199207800923794,279.3333333333333,142.4,9723.533333333333,10551.3,0,16,2,0,12,0,"{""process_exit"": 16, ""process_exec"": 16, ""process_kprobe"": 12}"
1774320690,normal,sw-wk3,0.11511111111111749,0.42763777005397596,0.0,0.0,2819.9,5091.833333333333,0,0,0,0,0,0,{}
1774320690,normal,sw-wk2,0.21322222222224818,0.41937043403523855,0.0,0.0,6032.633333333333,4636.800000000001,0,0,0,0,0,0,{}
1774320690,normal,k3s-wk1,0.2835555555556817,0.7199207800923794,279.3333333333333,142.4,9723.533333333333,10551.3,0,42,3,0,35,0,"{""process_exit"": 42, ""process_exec"": 42, ""process_kprobe"": 35}"
1774320700,normal,sw-wk3,0.12844444444449943,0.4277591314503085,0.0,0.0,3416.4666666666667,5059.5,0,0,0,0,0,0,{}
1774320700,normal,sw-wk2,0.21322222222224818,0.41937043403523855,0.0,0.0,6032.633333333333,4636.8,0,0,0,0,0,0,{}
1774320700,normal,k3s-wk1,0.2835555555556817,0.7199207800923794,279.3333333333333,142.4,9723.533333333333,10551.3,0,33,3,0,31,0,"{""process_exit"": 33, ""process_exec"": 33, ""process_kprobe"": 31}"
1774320710,normal,sw-wk3,0.12844444444449943,0.4277591314503085,0.0,0.0,3416.4666666666667,5059.5,0,0,0,0,0,0,{}
1774320710,normal,sw-wk2,0.21322222222224818,0.41937043403523855,0.0,0.0,6032.633333333333,4636.8,0,0,0,0,0,0,{}
1774320710,normal,k3s-wk1,0.29055555555549084,0.7199813135766078,465.56666666666666,232.83333333333334,9095.933333333332,3848.9333333333334,0,57,3,0,55,0,"{""process_exit"": 57, ""process_exec"": 57, ""process_kprobe"": 55}"
1774320720,normal,sw-wk3,0.12844444444449943,0.4277591314503085,0.0,0.0,3416.4666666666667,5059.5,0,0,0,0,0,0,{}
1774320720,normal,sw-wk2,0.10155555555546825,0.4178046761845644,0.0,0.0,2169.7,3974.0666666666666,0,0,0,0,0,0,{}
1774320720,normal,k3s-wk1,0.29055555555549084,0.7199813135766078,465.56666666666666,232.83333333333334,9095.933333333332,3848.9333333333334,0,36,3,0,31,0,"{""process_exit"": 36, ""process_exec"": 36, ""process_kprobe"": 31}"
1774320730,normal,sw-wk3,0.12066666666659231,0.4278745242533787,0.0,0.0,2089.9666666666667,5023.266666666666,0,0,0,0,0,0,{}
1774320730,normal,sw-wk2,0.10155555555546825,0.4178046761845644,0.0,0.0,2169.7,3974.0666666666666,0,0,0,0,0,0,{}
1774320730,normal,k3s-wk1,0.29055555555549084,0.7199813135766078,465.56666666666666,232.83333333333334,9095.933333333332,3848.9333333333334,0,60,3,0,54,0,"{""process_exit"": 60, ""process_exec"": 60, ""process_kprobe"": 54}"
1774320740,normal,sw-wk3,0.12066666666659231,0.4278745242533787,0.0,0.0,2089.9666666666667,5023.266666666666,0,0,0,0,0,0,{}
1774320740,normal,sw-wk2,0.10155555555546825,0.4178046761845644,0.0,0.0,2169.7,3974.0666666666666,0,0,0,0,0,0,{}
1774320740,normal,k3s-wk1,0.2792222222222739,0.7199063046939769,279.2,142.4,9310.933333333332,5310.666666666667,0,34,3,0,31,0,"{""process_exit"": 34, ""process_exec"": 34, ""process_kprobe"": 31}"
1774320750,normal,sw-wk3,0.12066666666659231,0.4278745242533787,0.0,0.0,2089.9666666666667,5023.266666666666,0,0,0,0,0,0,{}
1774320750,normal,sw-wk2,0.14611111111112718,0.4185766127106909,0.0,0.0,4896.766666666666,4340.4,0,0,0,0,0,0,{}
1774320750,normal,k3s-wk1,0.2792222222222739,0.7199063046939769,279.2,142.4,9310.933333333332,5310.666666666667,0,33,3,0,30,0,"{""process_exit"": 33, ""process_exec"": 33, ""process_kprobe"": 30}"
1774320760,normal,sw-wk3,0.10444444444437984,0.4282286607869391,0.0,0.0,3198.6,5051.266666666666,0,0,0,0,0,0,{}
1774320760,normal,sw-wk2,0.1461111111111273,0.4185766127106909,0.0,0.0,4896.766666666666,4340.4,0,0,0,0,0,0,{}
1774320760,normal,k3s-wk1,0.2792222222222739,0.7199063046939769,279.2,142.4,9310.933333333332,5310.666666666667,0,37,3,0,33,0,"{""process_exit"": 37, ""process_exec"": 37, ""process_kprobe"": 33}"
1774320770,normal,sw-wk3,0.10444444444437984,0.4282286607869391,0.0,0.0,3198.6,5051.266666666666,0,0,0,0,0,0,{}
1774320770,normal,sw-wk2,0.1461111111111273,0.4185766127106909,0.0,0.0,4896.766666666666,4340.4,0,0,0,0,0,0,{}
1774320770,normal,k3s-wk1,0.289999999999903,0.7289100025002961,281.3333333333333,144.4,9181.2,6587.099999999999,0,18,2,0,18,0,"{""process_kprobe"": 18, ""process_exit"": 18, ""process_exec"": 18}"
1774320780,normal,sw-wk3,0.10444444444437984,0.4282286607869391,0.0,0.0,3198.6,5051.266666666666,0,0,0,0,0,0,{}
1774320780,normal,sw-wk2,0.0657777777777584,0.4185766127106909,0.0,0.0,2040.3999999999999,4038.0333333333333,0,0,0,0,0,0,{}
1774320780,normal,k3s-wk1,0.289999999999903,0.7289100025002961,281.3333333333333,144.4,9181.2,6587.099999999999,0,69,3,0,59,0,"{""process_exit"": 69, ""process_exec"": 69, ""process_kprobe"": 59}"
1774320790,normal,sw-wk3,0.11655555555561381,0.42833609546565965,0.0,0.0,4282.9,5371.666666666667,0,0,0,0,0,0,{}
1774320790,normal,sw-wk2,0.0657777777777584,0.4185766127106909,0.0,0.0,2040.3999999999999,4038.0333333333333,0,0,0,0,0,0,{}
1774320790,normal,k3s-wk1,0.289999999999903,0.7289100025002961,281.3333333333333,144.4,9181.2,6587.099999999999,0,36,3,0,32,0,"{""process_exit"": 36, ""process_exec"": 36, ""process_kprobe"": 32}"
1774320800,normal,sw-wk3,0.11655555555561381,0.42833609546565965,0.0,0.0,4282.9,5371.666666666667,0,0,0,0,0,0,{}
1774320800,normal,sw-wk2,0.0657777777777584,0.4185766127106909,0.0,0.0,2040.3999999999999,4038.0333333333333,0,0,0,0,0,0,{}
1774320800,normal,k3s-wk1,0.2855555555556041,0.7349422957981866,309.46666666666664,166.10000000000002,9559.2,7120.466666666666,0,39,3,0,33,0,"{""process_exit"": 40, ""process_exec"": 39, ""process_kprobe"": 33}"
1774320810,normal,sw-wk3,0.11655555555561381,0.42833609546565965,0.0,0.0,4282.9,5371.666666666667,0,0,0,0,0,0,{}
1774320810,normal,sw-wk2,0.14866666666671835,0.4197225803371055,0.0,0.0,5534.433333333334,4475.966666666666,0,0,0,0,0,0,{}
1774320810,normal,k3s-wk1,0.2855555555556041,0.7349422957981866,309.46666666666664,166.1,9559.2,7120.466666666666,0,61,3,0,53,0,"{""process_kprobe"": 53, ""process_exit"": 61, ""process_exec"": 61}"
1774320820,normal,sw-wk3,0.11777777777792331,0.4284435301443803,0.0,0.0,2566.366666666667,4944.5,0,0,0,0,0,0,{}
1774320820,normal,sw-wk2,0.14866666666671835,0.4197225803371055,0.0,0.0,5534.433333333333,4475.966666666666,0,0,0,0,0,0,{}
1774320820,normal,k3s-wk1,0.2855555555556041,0.7349422957981866,309.46666666666664,166.1,9559.2,7120.466666666666,0,54,3,0,50,0,"{""process_exit"": 54, ""process_exec"": 54, ""process_kprobe"": 50}"
1774320830,normal,sw-wk3,0.11777777777792331,0.4284435301443803,0.0,0.0,2566.366666666667,4944.5,0,0,0,0,0,0,{}
1774320830,normal,sw-wk2,0.14866666666671835,0.4197225803371055,0.0,0.0,5534.433333333333,4475.966666666666,0,0,0,0,0,0,{}
1774320830,normal,k3s-wk1,0.280888888888876,0.7347146372596756,279.3333333333333,142.4,8976.2,5960.533333333333,0,9,2,0,12,0,"{""process_kprobe"": 12, ""process_exit"": 9, ""process_exec"": 9}"
1774320840,normal,sw-wk3,0.11777777777792331,0.4284435301443803,0.0,0.0,2566.366666666667,4944.5,0,0,0,0,0,0,{}
1774320840,normal,sw-wk2,0.06611111111107881,0.4194699103916981,4.466666666666667,6.0,387.4,3786.633333333333,0,0,0,0,0,0,{}
1774320840,normal,k3s-wk1,0.280888888888876,0.7347146372596756,279.3333333333333,142.4,8976.2,5960.533333333333,0,21,2,0,17,0,"{""process_exit"": 21, ""process_exec"": 21, ""process_kprobe"": 17}"
1774320851,normal,sw-wk3,0.11033333333325579,0.42837389655632063,0.0,0.0,3572.0333333333333,5117.666666666668,0,0,0,0,0,0,{}
1774320851,normal,sw-wk2,0.06611111111107881,0.4194699103916981,4.466666666666667,6.0,387.4,3786.633333333333,0,0,0,0,0,0,{}
1774320851,normal,k3s-wk1,0.280888888888876,0.7347146372596756,279.3333333333333,142.4,8976.2,5960.533333333333,0,56,5,0,52,0,"{""process_kprobe"": 52, ""process_exit"": 54, ""process_exec"": 56}"
1774320861,normal,sw-wk3,0.11033333333325579,0.42837389655632063,0.0,0.0,3572.0333333333333,5117.666666666667,0,0,0,0,0,0,{}
1774320861,normal,sw-wk2,0.06611111111107881,0.4194699103916981,4.466666666666667,6.0,387.4,3786.633333333333,0,0,0,0,0,0,{}
1774320861,normal,k3s-wk1,0.3294444444444605,0.7337145188245977,116601.03333333333,1421.1666666666667,9297.833333333334,6664.766666666666,0,43,7,0,32,0,"{""process_exit"": 43, ""process_exec"": 43, ""process_kprobe"": 32}"
1774320870,normal,sw-wk3,0.11033333333325579,0.42837389655632063,0.0,0.0,3572.0333333333333,5117.666666666667,0,0,0,0,0,0,{}
1774320870,normal,sw-wk2,0.1810000000000097,0.4179916917347085,0.0,0.0,5409.566666666667,4582.5,0,0,0,0,0,0,{}
1774320870,normal,k3s-wk1,0.3294444444444605,0.7337145188245977,116601.03333333333,1421.1666666666667,9297.833333333334,6664.766666666666,0,38,3,0,32,0,"{""process_exit"": 38, ""process_exec"": 38, ""process_kprobe"": 32}"
1774320880,normal,sw-wk3,0.1078748292063828,0.42834803265218424,5.132135834971839,4.9988336054920515,3266.437831172726,5273.336221548305,0,0,0,0,0,0,{}
1774320880,normal,sw-wk2,0.1810000000000097,0.4179916917347085,0.0,0.0,5409.566666666667,4582.5,0,0,0,0,0,0,{}
1774320880,normal,k3s-wk1,0.3294444444444605,0.7337145188245977,116601.03333333333,1421.1666666666667,9297.833333333334,6664.766666666666,0,85,3,0,77,0,"{""process_kprobe"": 77, ""process_exit"": 85, ""process_exec"": 85}"
1774320890,normal,sw-wk3,0.1078748292063828,0.42834803265218424,5.132135834971839,4.9988336054920515,3266.437831172726,5273.336221548305,0,0,0,0,0,0,{}
1774320890,normal,sw-wk2,0.1810000000000097,0.4179916917347085,0.0,0.0,5409.566666666667,4582.5,0,0,0,0,0,0,{}
1774320890,normal,k3s-wk1,0.2943333333333915,0.722648734718585,27139.8,306.0333333333333,9643.0,6067.233333333334,0,61,3,0,58,0,"{""process_kprobe"": 58, ""process_exit"": 61, ""process_exec"": 61}"
1774320900,normal,sw-wk3,0.1078748292063828,0.42834803265218424,5.132135834971839,4.9988336054920515,3266.437831172726,5273.336221548305,0,0,0,0,0,0,{}
1774320900,normal,sw-wk2,0.06864869068646773,0.4179638383548998,0.0,0.0,468.4864846848649,3932.7400593274006,0,0,0,0,0,0,{}
1774320900,normal,k3s-wk1,0.2943333333333915,0.722648734718585,27139.8,306.0333333333333,9643.0,6067.233333333334,0,33,3,0,29,0,"{""process_exit"": 33, ""process_exec"": 33, ""process_kprobe"": 29}"
1774320910,normal,sw-wk3,0.10934773669428588,0.4285728496650625,0.0,0.0,1739.0391091254626,5109.7922848664675,0,0,0,0,0,0,{}
1774320910,normal,sw-wk2,0.0686486906864675,0.4179638383548998,0.0,0.0,468.4864846848649,3932.7400593274006,0,0,0,0,0,0,{}
1774320910,normal,k3s-wk1,0.2943333333333915,0.722648734718585,27139.8,306.0333333333333,9643.0,6067.233333333334,0,39,3,0,34,0,"{""process_exit"": 39, ""process_exec"": 39, ""process_kprobe"": 34}"
1774320920,normal,sw-wk3,0.10934773669428588,0.4285728496650625,0.0,0.0,1739.0391091254626,5109.792284866469,0,0,0,0,0,0,{}
1774320920,normal,sw-wk2,0.0686486906864675,0.4179638383548998,0.0,0.0,468.4864846848649,3932.7400593274006,0,0,0,0,0,0,{}
1774320920,normal,k3s-wk1,0.29233333333330747,0.7260228184916635,279.3333333333333,142.4,9370.7,4168.233333333334,0,36,3,0,33,0,"{""process_exit"": 36, ""process_exec"": 36, ""process_kprobe"": 33}"
1774320930,normal,sw-wk3,0.10934773669428566,0.4285728496650625,0.0,0.0,1739.0391091254626,5109.792284866469,0,0,0,0,0,0,{}
1774320930,normal,sw-wk2,0.13791379137928017,0.4188432093460026,0.0,0.0,4830.64973163983,4704.470447044704,0,0,0,0,0,0,{}
1774320930,normal,k3s-wk1,0.29233333333330747,0.7260228184916635,279.3333333333333,142.4,9370.7,4168.233333333334,0,36,3,0,32,0,"{""process_exit"": 36, ""process_exec"": 36, ""process_kprobe"": 32}"
1774320940,normal,sw-wk3,0.12044444444424396,0.42873400168314335,0.0,0.0,3028.9666666666667,5119.6,0,0,0,0,0,0,{}
1774320940,normal,sw-wk2,0.13791379137928017,0.4188432093460026,0.0,0.0,4830.64973163983,4704.470447044704,0,0,0,0,0,0,{}
1774320940,normal,k3s-wk1,0.29233333333330747,0.7260228184916635,279.3333333333333,142.4,9370.7,4168.233333333334,0,57,3,0,54,0,"{""process_exit"": 57, ""process_exec"": 57, ""process_kprobe"": 54}"
1774320950,normal,sw-wk3,0.12044444444424396,0.42873400168314335,0.0,0.0,3028.9666666666667,5119.6,0,0,0,0,0,0,{}
1774320950,normal,sw-wk2,0.13791379137928017,0.4188432093460026,0.0,0.0,4830.64973163983,4704.470447044704,0,0,0,0,0,0,{}
1774320950,normal,k3s-wk1,0.2929999999999482,0.7268518640365307,279.3333333333333,142.4,9378.666666666666,5819.7,0,10,2,0,11,0,"{""process_kprobe"": 11, ""process_exit"": 10, ""process_exec"": 10}"
1774320961,normal,sw-wk3,0.12044444444424396,0.42873400168314335,0.0,0.0,3028.9666666666667,5119.6,0,0,0,0,0,0,{}
1774320961,normal,sw-wk2,0.08042529080420768,0.41883724076461504,0.0,0.0,347.7652234776522,3896.7436589674367,0,0,0,0,0,0,{}
1774320961,normal,k3s-wk1,0.2929999999999482,0.7268518640365307,279.3333333333333,142.4,9378.666666666666,5819.7,0,78,3,0,71,0,"{""process_exit"": 78, ""process_exec"": 78, ""process_kprobe"": 71}"
1774320971,normal,sw-wk3,0.11855555555561703,0.4287121168411817,0.0,0.0,2044.2,5185.7,0,0,0,0,0,0,{}
1774320971,normal,sw-wk2,0.08042529080420768,0.41883724076461504,0.0,0.0,347.7652234776522,3896.7436589674367,0,0,0,0,0,0,{}
1774320971,normal,k3s-wk1,0.2929999999999482,0.7268518640365307,279.3333333333333,142.4,9378.666666666666,5819.7,0,16,2,0,12,0,"{""process_exit"": 16, ""process_exec"": 16, ""process_kprobe"": 12}"
1774320981,normal,sw-wk3,0.11855555555561703,0.4287121168411817,0.0,0.0,2044.2,5185.7,0,0,0,0,0,0,{}
1774320981,normal,sw-wk2,0.08042529080420768,0.41883724076461504,0.0,0.0,347.7652234776522,3896.7436589674367,0,0,0,0,0,0,{}
1774320981,normal,k3s-wk1,0.3032222222222317,0.7278954086668158,279.3333333333333,142.4,9802.966666666667,8846.4,0,9,2,0,8,0,"{""process_kprobe"": 8, ""process_exit"": 9, ""process_exec"": 9}"
1774320991,normal,sw-wk3,0.11855555555561703,0.4287121168411817,0.0,0.0,2044.2,5185.7,0,0,0,0,0,0,{}
1774320991,normal,sw-wk2,0.16024935826916353,0.41870195291983003,3.0003000300030003,3.0003000300030007,5287.495416208287,4466.980031336467,0,0,0,0,0,0,{}
1774320991,normal,k3s-wk1,0.30322222222223194,0.7278954086668158,279.3333333333333,142.4,9802.966666666667,8846.4,0,36,3,0,31,0,"{""process_exit"": 36, ""process_exec"": 36, ""process_kprobe"": 31}"
1774321001,normal,sw-wk3,0.12922222222227397,0.4288036352712029,0.0,0.0,3560.2,5220.1,0,0,0,0,0,0,{}
1774321001,normal,sw-wk2,0.16024935826916353,0.41870195291983003,3.0003000300030003,3.0003000300030003,5287.495416208287,4466.980031336467,0,0,0,0,0,0,{}
1774321001,normal,k3s-wk1,0.30322222222223194,0.7278954086668158,279.3333333333333,142.4,9802.966666666667,8846.4,0,13,3,0,14,0,"{""process_exit"": 15, ""process_exec"": 13, ""process_kprobe"": 14}"
1774321011,normal,sw-wk3,0.12922222222227397,0.4288036352712029,0.0,0.0,3560.2,5220.1,0,0,0,0,0,0,{}
1774321011,normal,sw-wk2,0.16024935826916353,0.41870195291983003,3.0003000300030003,3.0003000300030003,5287.495416208287,4466.980031336467,0,0,0,0,0,0,{}
1774321011,normal,k3s-wk1,0.3025555555555103,0.7268097537866327,279.3333333333333,142.4,8997.133333333333,3790.0666666666666,0,81,3,0,75,0,"{""process_kprobe"": 75, ""process_exit"": 81, ""process_exec"": 81}"
1774321021,normal,sw-wk3,0.12922222222227397,0.4288036352712029,0.0,0.0,3560.2,5220.1,0,0,0,0,0,0,{}
1774321021,normal,sw-wk2,0.0921111111111208,0.41856069649365735,2.1333333333333333,2.0,919.9666666666667,3868.2999999999997,0,0,0,0,0,0,{}
1774321021,normal,k3s-wk1,0.3025555555555103,0.7268097537866327,279.3333333333333,142.4,8997.133333333333,3790.0666666666666,0,16,2,0,13,0,"{""process_kprobe"": 13, ""process_exit"": 16, ""process_exec"": 16}"
1774321031,normal,sw-wk3,0.12222222222230306,0.42869421106139494,0.0,0.0,3293.5333333333333,5015.2,0,0,0,0,0,0,{}
1774321031,normal,sw-wk2,0.0921111111111208,0.41856069649365735,2.1333333333333333,2.0,919.9666666666667,3868.2999999999997,0,0,0,0,0,0,{}
1774321031,normal,k3s-wk1,0.3025555555555103,0.7268097537866327,279.3333333333333,142.4,8997.133333333333,3790.0666666666666,0,36,3,0,33,0,"{""process_exit"": 36, ""process_exec"": 36, ""process_kprobe"": 33}"
1774321041,normal,sw-wk3,0.12222222222230306,0.42869421106139494,0.0,0.0,3293.5333333333333,5015.2,0,0,0,0,0,0,{}
1774321041,normal,sw-wk2,0.0921111111111208,0.41856069649365735,2.1333333333333333,2.0,919.9666666666667,3868.2999999999997,0,0,0,0,0,0,{}
1774321041,normal,k3s-wk1,0.30271825462951096,0.7288994749378216,283.7337954477288,148.36538141100408,9400.206618455693,8786.44982837338,0,33,3,0,30,0,"{""process_exit"": 33, ""process_exec"": 33, ""process_kprobe"": 30}"
1774321051,normal,sw-wk3,0.12222222222230306,0.42869421106139494,0.0,0.0,3293.5333333333333,5015.2,0,0,0,0,0,0,{}
1774321051,normal,sw-wk2,0.150755106113989,0.42112917601744415,0.0,0.0,4881.677865744129,4260.993945845253,0,0,0,0,0,0,{}
1774321051,normal,k3s-wk1,0.30271825462951096,0.7288994749378216,283.7337954477288,148.36538141100408,9400.206618455693,8786.44982837338,0,33,3,0,29,0,"{""process_exit"": 33, ""process_exec"": 33, ""process_kprobe"": 29}"
1774321061,normal,sw-wk3,0.11466666666658254,0.42831620015478555,0.0,0.0,2374.2,5081.266666666666,0,0,0,0,0,0,{}
1774321061,normal,sw-wk2,0.150755106113989,0.42112917601744415,0.0,0.0,4881.677865744129,4260.993945845253,0,0,0,0,0,0,{}
1774321061,normal,k3s-wk1,0.30271825462951096,0.7288994749378216,283.7337954477288,148.36538141100408,9400.206618455693,8786.44982837338,0,42,3,0,36,0,"{""process_exit"": 42, ""process_exec"": 42, ""process_kprobe"": 36}"
1774321071,normal,sw-wk3,0.11466666666658254,0.42831620015478555,0.0,0.0,2374.2,5081.266666666666,0,0,0,0,0,0,{}
1774321071,normal,sw-wk2,0.150755106113989,0.42112917601744415,0.0,0.0,4881.677865744129,4260.993945845253,0,0,0,0,0,0,{}
1774321071,normal,k3s-wk1,0.27423656487534265,0.738013712150123,279.3705827443659,142.4189891985598,8970.296039471928,3067.2422989731963,0,40,3,0,38,0,"{""process_kprobe"": 38, ""process_exit"": 40, ""process_exec"": 40}"
1774321081,normal,sw-wk3,0.11466666666658254,0.42831620015478555,0.0,0.0,2374.2,5081.266666666666,0,0,0,0,0,0,{}
1774321081,normal,sw-wk2,0.06640390139615415,0.4213738878543348,0.0,0.0,2019.406773999599,4020.9098804195332,0,0,0,0,0,0,{}
1774321081,normal,k3s-wk1,0.27423656487534265,0.738013712150123,279.3705827443659,142.4189891985598,8970.296039471928,3067.2422989731963,0,36,3,0,31,0,"{""process_exit"": 36, ""process_exec"": 36, ""process_kprobe"": 31}"
1774321091,normal,sw-wk3,0.11022222222212197,0.42798195893209934,0.0,0.0,4685.333333333333,5294.366666666667,0,0,0,0,0,0,{}
1774321091,normal,sw-wk2,0.06640390139615415,0.4213738878543348,0.0,0.0,2019.406773999599,4020.9098804195332,0,0,0,0,0,0,{}
1774321091,normal,k3s-wk1,0.27423656487534265,0.738013712150123,279.3705827443659,142.4189891985598,8970.296039471928,3067.2422989731963,0,18,2,0,14,0,"{""process_exit"": 18, ""process_exec"": 18, ""process_kprobe"": 14}"
1774321101,normal,sw-wk3,0.11022222222212197,0.42798195893209934,0.0,0.0,4685.333333333333,5294.366666666667,0,0,0,0,0,0,{}
1774321101,normal,sw-wk2,0.06640390139615415,0.4213738878543348,0.0,0.0,2019.406773999599,4020.9098804195332,0,0,0,0,0,0,{}
1774321101,normal,k3s-wk1,0.28159482614926556,0.7377873695569213,279.36126946027935,142.4142414241424,9604.160416041603,8022.735606894023,0,54,3,0,51,0,"{""process_kprobe"": 51, ""process_exit"": 55, ""process_exec"": 54}"
1774321111,normal,sw-wk3,0.11022222222212197,0.42798195893209934,0.0,0.0,4685.333333333333,5294.366666666667,0,0,0,0,0,0,{}
1774321111,normal,sw-wk2,0.14300000000010993,0.4192988110585876,0.0,0.0,5426.466666666666,4341.233333333334,0,0,0,0,0,0,{}
1774321111,normal,k3s-wk1,0.28159482614926556,0.7377873695569213,279.36126946027935,142.4142414241424,9604.160416041603,8022.735606894023,0,36,3,0,32,0,"{""process_exit"": 36, ""process_exec"": 36, ""process_kprobe"": 32}"
1774321121,normal,sw-wk3,0.11375529113775018,0.4277969325409694,0.0,0.0,2612.5054161250537,4991.134219911342,0,0,0,0,0,0,{}
1774321121,normal,sw-wk2,0.14300000000010993,0.4192988110585876,0.0,0.0,5426.466666666666,4341.233333333334,0,0,0,0,0,0,{}
1774321121,normal,k3s-wk1,0.28159482614926556,0.7377873695569213,279.36126946027935,142.4142414241424,9604.160416041603,8022.735606894023,0,40,3,0,35,0,"{""process_exit"": 40, ""process_exec"": 40, ""process_kprobe"": 35}"
1774321131,normal,sw-wk3,0.11375529113775018,0.4277969325409694,0.0,0.0,2612.505416125054,4991.134219911342,0,0,0,0,0,0,{}
1774321131,normal,sw-wk2,0.14300000000010993,0.4192988110585876,0.0,0.0,5426.466666666666,4341.233333333334,0,0,0,0,0,0,{}
1774321131,normal,k3s-wk1,0.27911111111114006,0.738619046992407,279.3333333333333,142.4,8853.866666666667,5028.833333333334,0,36,3,0,36,0,"{""process_kprobe"": 36, ""process_exit"": 36, ""process_exec"": 36}"
1774321141,normal,sw-wk3,0.11375529113775018,0.4277969325409694,0.0,0.0,2612.505416125054,4991.134219911342,0,0,0,0,0,0,{}
1774321141,normal,sw-wk2,0.06588888888881128,0.41940226646930556,0.0,0.0,546.6,3873.9666666666667,0,0,0,0,0,0,{}
1774321141,normal,k3s-wk1,0.2791111111111402,0.738619046992407,279.3333333333333,142.4,8853.866666666667,5028.833333333333,0,54,3,0,49,0,"{""process_exit"": 54, ""process_exec"": 54, ""process_kprobe"": 49}"
1774321151,normal,sw-wk3,0.1151337355955685,0.4278506498803297,4.467113378004467,6.0006000600060005,2025.002500250025,5014.868153482014,0,0,0,0,0,0,{}
1774321151,normal,sw-wk2,0.06588888888881128,0.41940226646930556,0.0,0.0,546.6,3873.9666666666667,0,0,0,0,0,0,{}
1774321151,normal,k3s-wk1,0.2791111111111402,0.738619046992407,279.3333333333333,142.4,8853.866666666667,5028.833333333333,0,60,3,0,54,0,"{""process_exit"": 60, ""process_exec"": 60, ""process_kprobe"": 54}"
1774321161,normal,sw-wk3,0.1151337355955685,0.4278506498803297,4.467113378004467,6.0006000600060005,2025.002500250025,5014.868153482014,0,0,0,0,0,0,{}
1774321161,normal,sw-wk2,0.06588888888881128,0.41940226646930556,0.0,0.0,546.6,3873.9666666666667,0,0,0,0,0,0,{}
1774321161,normal,k3s-wk1,0.309555555555562,0.7388703925464858,277.2,140.4,9362.833333333334,8683.4,0,39,3,0,34,0,"{""process_kprobe"": 34, ""process_exit"": 39, ""process_exec"": 39}"
1774321171,normal,sw-wk3,0.1151337355955685,0.4278506498803297,4.467113378004467,6.0006000600060005,2025.002500250025,5014.868153482014,0,0,0,0,0,0,{}
1774321171,normal,sw-wk2,0.1608888888889245,0.41948184755447326,0.0,0.0,5704.166666666667,4356.766666666666,0,0,0,0,0,0,{}
1774321171,normal,k3s-wk1,0.309555555555562,0.7388703925464858,277.2,140.4,9362.833333333334,8683.4,0,58,3,0,51,0,"{""process_exit"": 58, ""process_exec"": 58, ""process_kprobe"": 51}"
1774321181,normal,sw-wk3,0.12133333333331398,0.426704679973977,0.0,0.0,4257.366666666667,5117.433333333333,0,0,0,0,0,0,{}
1774321181,normal,sw-wk2,0.1608888888889245,0.41948184755447326,0.0,0.0,5704.166666666667,4356.766666666666,0,0,0,0,0,0,{}
1774321181,normal,k3s-wk1,0.309555555555562,0.7388703925464858,277.2,140.4,9362.833333333334,8683.4,0,63,3,0,60,0,"{""process_exit"": 63, ""process_exec"": 63, ""process_kprobe"": 60}"
1774321191,normal,sw-wk3,0.12133333333331398,0.426704679973977,0.0,0.0,4257.366666666667,5117.433333333333,0,0,0,0,0,0,{}
1774321191,normal,sw-wk2,0.1608888888889245,0.41948184755447326,0.0,0.0,5704.166666666667,4356.766666666666,0,0,0,0,0,0,{}
1774321191,normal,k3s-wk1,0.2937777777778037,0.7408930004868998,279.3333333333333,142.4,9293.233333333334,4520.4,0,15,2,0,13,0,"{""process_kprobe"": 13, ""process_exit"": 15, ""process_exec"": 15}"
1774321201,normal,sw-wk3,0.12133333333331398,0.426704679973977,0.0,0.0,4257.366666666667,5117.433333333333,0,0,0,0,0,0,{}
1774321201,normal,sw-wk2,0.39844444444445093,0.41930477963997514,607.5666666666666,292.9,1195.0,4223.6,0,0,0,0,0,0,{}
1774321201,normal,k3s-wk1,0.2937777777778037,0.7408930004868998,279.3333333333333,142.4,9293.233333333334,4520.4,0,51,3,0,48,0,"{""process_kprobe"": 48, ""process_exit"": 51, ""process_exec"": 51}"
1774321211,normal,sw-wk3,0.12802245969135162,0.4271483454064712,0.0,0.0,2424.548087486268,5024.168580844902,0,0,0,0,0,0,{}
1774321211,normal,sw-wk2,0.39844444444445093,0.41930477963997514,607.5666666666666,292.9,1195.0,4223.6,0,0,0,0,0,0,{}
1774321211,normal,k3s-wk1,0.2937777777778037,0.7408930004868998,279.3333333333333,142.4,9293.233333333334,4520.4,0,18,2,0,16,0,"{""process_kprobe"": 16, ""process_exit"": 18, ""process_exec"": 18}"
1774321221,normal,sw-wk3,0.12802245969135162,0.4271483454064712,0.0,0.0,2424.548087486268,5024.168580844902,0,0,0,0,0,0,{}
1774321221,normal,sw-wk2,0.39844444444445093,0.41930477963997514,607.5666666666666,292.9,1195.0,4223.6,0,0,0,0,0,0,{}
1774321221,normal,k3s-wk1,0.3626619669913512,0.751869300311879,276.52711734778705,140.059189306022,9693.279686097163,8947.427925381571,0,19,2,0,14,0,"{""process_kprobe"": 14, ""process_exit"": 19, ""process_exec"": 19}"
1774321231,normal,sw-wk3,0.12802245969135162,0.4271483454064712,0.0,0.0,2424.548087486268,5024.168580844902,0,0,0,0,0,0,{}
1774321231,normal,sw-wk2,0.42822222222223194,0.4265924175142052,10.133333333333333,10.6,4999.633333333333,4549.533333333333,0,0,0,0,0,0,{}
1774321231,normal,k3s-wk1,0.3626619669913512,0.751869300311879,276.52711734778705,140.059189306022,9693.279686097163,8947.427925381571,0,33,3,0,29,0,"{""process_kprobe"": 29, ""process_exit"": 33, ""process_exec"": 33}"
1774321241,normal,sw-wk3,0.10116484763524969,0.42725180102301685,0.0,0.0,2348.920263008578,5067.487734054271,0,0,0,0,0,0,{}
1774321241,normal,sw-wk2,0.42822222222223194,0.4265924175142052,10.133333333333333,10.6,4999.633333333333,4549.533333333333,0,0,0,0,0,0,{}
1774321241,normal,k3s-wk1,0.3626619669913512,0.751869300311879,276.52711734778705,140.059189306022,9693.279686097163,8947.427925381571,0,60,3,0,58,0,"{""process_exit"": 60, ""process_exec"": 60, ""process_kprobe"": 58}"
1774321251,normal,sw-wk3,0.10116484763524947,0.42725180102301685,0.0,0.0,2348.920263008578,5067.487734054271,0,0,0,0,0,0,{}
1774321251,normal,sw-wk2,0.42822222222223194,0.4265924175142052,10.133333333333333,10.6,4999.633333333333,4549.533333333333,0,0,0,0,0,0,{}
1774321251,normal,k3s-wk1,0.30809414018561454,0.7532734139569159,283.0220202492732,145.7546696962609,9012.597320145687,1247.7695726267252,0,55,3,0,49,0,"{""process_exit"": 55, ""process_exec"": 55, ""process_kprobe"": 49}"
1774321261,normal,sw-wk3,0.10116484763524947,0.42725180102301685,0.0,0.0,2348.920263008578,5067.487734054271,0,0,0,0,0,0,{}
1774321261,normal,sw-wk2,0.36577777777775833,0.4265864489328176,4.466666666666667,6.0,510.4,4129.0,0,0,0,0,0,0,{}
1774321261,normal,k3s-wk1,0.30809414018561454,0.7532734139569159,283.0220202492732,145.7546696962609,9012.597320145687,1247.769572626725,0,81,3,0,73,0,"{""process_kprobe"": 73, ""process_exit"": 81, ""process_exec"": 81}"
1774321271,normal,sw-wk3,0.10486729104859538,0.427371172888262,0.0,0.0,1393.3606639336067,4971.8694797186945,0,0,0,0,0,0,{}
1774321271,normal,sw-wk2,0.36577777777775833,0.4265864489328176,4.466666666666667,6.0,510.4,4129.0,0,0,0,0,0,0,{}
1774321271,normal,k3s-wk1,0.30809414018561454,0.7532734139569159,283.0220202492732,145.7546696962609,9012.597320145687,1247.769572626725,0,57,3,0,52,0,"{""process_exit"": 57, ""process_exec"": 57, ""process_kprobe"": 52}"
1774321281,normal,sw-wk3,0.10486729104859538,0.427371172888262,0.0,0.0,1393.3606639336067,4971.8694797186945,0,0,0,0,0,0,{}
1774321281,normal,sw-wk2,0.36577777777775833,0.4265864489328176,4.466666666666667,6.0,510.4,4129.0,0,0,0,0,0,0,{}
1774321281,normal,k3s-wk1,0.2878888888888469,0.7538366385493018,279.3333333333333,142.40000000000003,7560.3,2040.4333333333334,0,40,3,0,35,0,"{""process_kprobe"": 35, ""process_exit"": 40, ""process_exec"": 40}"
1774321291,normal,sw-wk3,0.10486729104859538,0.427371172888262,0.0,0.0,1393.3606639336067,4971.8694797186945,0,0,0,0,0,0,{}
1774321291,normal,sw-wk2,0.6680000000000291,0.4265864489328176,0.0,0.0,486.7333333333334,551.1,0,0,0,0,0,0,{}
1774321291,normal,k3s-wk1,0.2878888888888469,0.7538366385493018,279.3333333333333,142.4,7560.3,2040.4333333333334,0,30,3,0,28,0,"{""process_kprobe"": 28, ""process_exit"": 30, ""process_exec"": 30}"
1774321301,normal,sw-wk3,0.09669677677423705,0.4264559885880497,0.0,0.0,811.406286457118,4997.833405553148,0,0,0,0,0,0,{}
1774321301,normal,sw-wk2,0.6680000000000291,0.4265864489328176,0.0,0.0,486.73333333333335,551.1,0,0,0,0,0,0,{}
1774321301,normal,k3s-wk1,0.2878888888888469,0.7538366385493018,279.3333333333333,142.4,7560.3,2040.4333333333334,0,42,3,0,42,0,"{""process_exit"": 42, ""process_exec"": 42, ""process_kprobe"": 42}"
1774321311,normal,sw-wk3,0.09669677677423705,0.4264559885880497,0.0,0.0,811.406286457118,4997.833405553148,0,0,0,0,0,0,{}
1774321311,normal,sw-wk2,0.6680000000000291,0.4265864489328176,0.0,0.0,486.73333333333335,551.1,0,0,0,0,0,0,{}
1774321311,normal,k3s-wk1,0.26848145998192874,0.7322603992578068,450.0931838318414,223.58009226726958,6155.112889920871,1839.1433197885797,0,33,3,0,30,0,"{""process_kprobe"": 30, ""process_exit"": 33, ""process_exec"": 33}"
1774321321,normal,sw-wk3,0.09669677677423705,0.4264559885880497,0.0,0.0,811.406286457118,4997.833405553148,0,0,0,0,0,0,{}
1774321321,normal,sw-wk2,1.0,0.42658445940568845,0.0,0.0,1053.0333333333333,705.0333333333333,0,0,0,0,0,0,{}
1774321321,normal,k3s-wk1,0.26848145998192874,0.7322603992578068,450.0931838318414,223.58009226726958,6155.112889920871,1839.1433197885797,0,42,3,0,35,0,"{""process_exit"": 42, ""process_exec"": 42, ""process_kprobe"": 35}"
1774321331,normal,sw-wk3,0.12419302865659476,0.42662509873048027,0.0,0.0,4903.396779892663,5170.272342411415,0,0,0,0,0,0,{}
1774321331,normal,sw-wk2,1.0,0.42658445940568845,0.0,0.0,1053.0333333333333,705.0333333333333,0,0,0,0,0,0,{}
1774321331,normal,k3s-wk1,0.26848145998192874,0.7322603992578068,450.0931838318414,223.58009226726958,6155.112889920871,1839.1433197885797,0,37,3,0,32,0,"{""process_exit"": 37, ""process_exec"": 37, ""process_kprobe"": 32}"
1774321341,normal,sw-wk3,0.12419302865659476,0.42662509873048027,0.0,0.0,4903.396779892663,5170.272342411413,0,0,0,0,0,0,{}
1774321341,normal,sw-wk2,1.0,0.42658445940568845,0.0,0.0,1053.0333333333333,705.0333333333333,0,0,0,0,0,0,{}
1774321341,normal,k3s-wk1,0.3295194787731389,0.740965377478912,307.16197880376984,156.66141039275368,10228.867945285856,31714.107594704612,0,33,3,0,29,0,"{""process_exit"": 33, ""process_exec"": 33, ""process_kprobe"": 29}"
1774321351,normal,sw-wk3,0.12419302865659476,0.42662509873048027,0.0,0.0,4903.396779892663,5170.272342411415,0,0,0,0,0,0,{}
1774321351,normal,sw-wk2,0.4158258688243852,0.4211351445988317,0.0,0.0,18935.899570443875,6929.006693083815,0,0,0,0,0,0,{}
1774321351,normal,k3s-wk1,0.3295194787731389,0.740965377478912,307.16197880376984,156.66141039275368,10228.867945285856,31714.107594704612,0,15,2,0,11,0,"{""process_exit"": 15, ""process_exec"": 15, ""process_kprobe"": 11}"
1774321361,normal,sw-wk3,0.1253569801423876,0.4268439471500962,0.0,0.0,6925.725905923925,5211.1877854452105,0,0,0,0,0,0,{}
1774321361,normal,sw-wk2,0.4158258688243852,0.4211351445988317,0.0,0.0,18935.89957044388,6929.006693083815,0,0,0,0,0,0,{}
1774321361,normal,k3s-wk1,0.3295194787731389,0.740965377478912,307.16197880376984,156.66141039275368,10228.867945285856,31714.107594704612,0,12,2,0,14,0,"{""process_exit"": 12, ""process_exec"": 12, ""process_kprobe"": 14}"
1774321371,normal,sw-wk3,0.1253569801423876,0.4268439471500962,0.0,0.0,6925.725905923925,5211.1877854452105,0,0,0,0,0,0,{}
1774321371,normal,sw-wk2,0.4158258688243852,0.4211351445988317,0.0,0.0,18935.89957044388,6929.006693083815,0,0,0,0,0,0,{}
1774321371,normal,k3s-wk1,0.2745555555556267,0.7316840152123278,281.3333333333333,144.4,9103.7,3869.2,0,18,2,0,15,0,"{""process_exit"": 18, ""process_exec"": 18, ""process_kprobe"": 15}"
1774321381,normal,sw-wk3,0.1253569801423876,0.4268439471500962,0.0,0.0,6925.725905923925,5211.1877854452105,0,0,0,0,0,0,{}
1774321381,normal,sw-wk2,0.11375087590509869,0.41711431027073487,0.0,0.0,2230.6383262704794,4037.4720544562715,0,0,0,0,0,0,{}
1774321381,normal,k3s-wk1,0.2745555555556267,0.7316840152123278,281.3333333333333,144.4,9103.7,3869.2,0,16,2,0,12,0,"{""process_kprobe"": 12, ""process_exit"": 16, ""process_exec"": 16}"
1774321391,normal,sw-wk3,0.11031119110317322,0.42712049197124735,0.0,0.0,3475.6524347565237,5127.653901276539,0,0,0,0,0,0,{}
1774321391,normal,sw-wk2,0.11375087590509869,0.41711431027073487,0.0,0.0,2230.6383262704794,4037.4720544562715,0,0,0,0,0,0,{}
1774321391,normal,k3s-wk1,0.2745555555556267,0.7316840152123278,281.3333333333333,144.4,9103.7,3869.2,0,33,3,0,31,0,"{""process_kprobe"": 31, ""process_exit"": 33, ""process_exec"": 33}"
1774321401,normal,sw-wk3,0.11031119110317322,0.42712049197124735,0.0,0.0,3475.6524347565246,5127.653901276539,0,0,0,0,0,0,{}
1774321401,normal,sw-wk2,0.11375087590509869,0.41711431027073487,0.0,0.0,2230.6383262704794,4037.4720544562715,0,0,0,0,0,0,{}
1774321401,normal,k3s-wk1,0.28266666666661167,0.7143464357621298,283.2,147.0,9468.833333333334,7089.9,0,39,3,0,34,0,"{""process_kprobe"": 34, ""process_exit"": 40, ""process_exec"": 39}"
1774321411,normal,sw-wk3,0.11031119110317322,0.42712049197124735,0.0,0.0,3475.6524347565246,5127.653901276539,0,0,0,0,0,0,{}
1774321411,normal,sw-wk2,0.17555555555550706,0.40729997294243103,0.0,0.0,5702.766666666666,4420.733333333334,0,0,0,0,0,0,{}
1774321411,normal,k3s-wk1,0.28266666666661167,0.7143464357621298,283.2,147.0,9468.833333333334,7089.9,0,13,2,0,9,0,"{""process_kprobe"": 9, ""process_exit"": 13, ""process_exec"": 13}"
1774321421,normal,sw-wk3,0.11424475780912402,0.4273612252328248,0.0,0.0,3339.0339033903388,5105.677234390106,0,0,0,0,0,0,{}
1774321421,normal,sw-wk2,0.17555555555550706,0.40729997294243103,0.0,0.0,5702.766666666666,4420.733333333334,0,0,0,0,0,0,{}
1774321421,normal,k3s-wk1,0.28266666666661167,0.7143464357621298,283.2,147.0,9468.833333333334,7089.9,0,36,3,0,36,0,"{""process_exit"": 36, ""process_exec"": 36, ""process_kprobe"": 36}"
1774321431,normal,sw-wk3,0.11424475780912402,0.4273612252328248,0.0,0.0,3339.0339033903388,5105.677234390106,0,0,0,0,0,0,{}
1774321431,normal,sw-wk2,0.17555555555550706,0.40729997294243103,0.0,0.0,5702.766666666666,4420.733333333334,0,0,0,0,0,0,{}
1774321431,normal,k3s-wk1,0.27544444444445404,0.7101169875379979,279.33333333333337,142.4,8955.433333333332,5765.733333333334,0,40,3,0,33,0,"{""process_exit"": 40, ""process_exec"": 40, ""process_kprobe"": 33}"
1774321441,normal,sw-wk3,0.11424475780912402,0.4273612252328248,0.0,0.0,3339.0339033903388,5105.677234390106,0,0,0,0,0,0,{}
1774321441,normal,sw-wk2,0.41533333333338507,0.4072979834153019,0.0,0.0,219.03333333333333,1863.2,0,0,0,0,0,0,{}
1774321441,normal,k3s-wk1,0.27544444444445404,0.7101169875379979,279.3333333333333,142.4,8955.433333333332,5765.733333333334,0,18,2,0,13,0,"{""process_exit"": 18, ""process_exec"": 18, ""process_kprobe"": 13}"
1774321451,normal,sw-wk3,0.11299999999989974,0.42758604224570307,0.0,0.0,1976.1666666666667,5014.1,0,0,0,0,0,0,{}
1774321451,normal,sw-wk2,0.41533333333338507,0.4072979834153019,0.0,0.0,219.03333333333333,1863.2,0,0,0,0,0,0,{}
1774321451,normal,k3s-wk1,0.27544444444445404,0.7101169875379979,279.3333333333333,142.4,8955.433333333332,5765.733333333334,0,10,2,0,9,0,"{""process_exit"": 10, ""process_exec"": 10, ""process_kprobe"": 9}"
1774321461,normal,sw-wk3,0.11299999999989974,0.42758604224570307,0.0,0.0,1976.1666666666667,5014.1,0,0,0,0,0,0,{}
1774321461,normal,sw-wk2,0.41533333333338507,0.4072979834153019,0.0,0.0,219.03333333333333,1863.2,0,0,0,0,0,0,{}
1774321461,normal,k3s-wk1,0.29344444444448325,0.7102946401547552,279.3333333333333,142.4,9464.8,8866.733333333334,0,35,3,0,32,0,"{""process_exit"": 35, ""process_exec"": 35, ""process_kprobe"": 32}"
1774321471,normal,sw-wk3,0.11299999999989974,0.42758604224570307,0.0,0.0,1976.1666666666667,5014.1,0,0,0,0,0,0,{}
1774321471,normal,sw-wk2,0.1658888888888922,0.41413001957694695,0.0,0.0,5063.766666666666,6210.466666666666,0,0,0,0,0,0,{}
1774321471,normal,k3s-wk1,0.29344444444448325,0.7102946401547552,279.3333333333333,142.4,9464.8,8866.733333333334,0,16,2,0,13,0,"{""process_kprobe"": 13, ""process_exit"": 16, ""process_exec"": 16}"
