timestamp,label,node,avg_cpu,avg_mem,net_bytes_in,net_bytes_out,net_internal_bytes_in,net_internal_bytes_out,net_drop_rate,last_successful_scrape_age_sec,exec_count,unique_process_count,tmp_exec_count,outbound_connect_count,mining_port_count,syscall_feature_vector
1776410012,normal,sw-wk2,0.21866666666667,0.2787249767447787,120.53333333333333,106.86666666666666,5147.4,16255.566666666666,0.0,0,0,0,0,0,0,{}
1776410012,normal,k3s-wk1,0.27044444444444604,0.6144539279775767,0.0,0.0,22759.566666666666,10095.166666666666,0.0,0,0,0,0,0,0,{}
1776410012,normal,sw-wk3,0.15200000000000324,0.40622411662015623,213.06666666666666,194.4,3386.3333333333335,6434.4,0.0,0,0,0,0,0,0,{}
1776410021,normal,sw-wk2,0.21866666666667,0.2787249767447787,120.53333333333333,106.86666666666666,5147.4,16255.566666666666,0.0,0,0,0,0,0,0,{}
1776410021,normal,k3s-wk1,0.27044444444444604,0.6144539279775767,0.0,0.0,22759.566666666666,10095.166666666666,0.0,0,36,3,0,30,0,"{""process_exit"": 36, ""process_exec"": 36, ""process_kprobe"": 30}"
1776410021,normal,sw-wk3,0.1592222222222417,0.4121175631076621,218.66666666666666,193.33333333333334,4415.433333333333,5379.7,0.0,0,0,0,0,0,0,{}
1776410031,normal,sw-wk2,0.21866666666667,0.2787249767447787,120.53333333333333,106.86666666666666,5147.4,16255.566666666666,0.0,0,0,0,0,0,0,{}
1776410031,normal,k3s-wk1,0.27711111111109654,0.6450557253209582,213.73333333333332,208.66666666666666,8969.7,3583.6666666666674,0.0,0,12,2,0,8,0,"{""process_exit"": 12, ""process_exec"": 12, ""process_kprobe"": 8}"
1776410031,normal,sw-wk3,0.1592222222222417,0.4121175631076621,218.66666666666666,193.33333333333334,4415.433333333333,5379.7,0.0,0,0,0,0,0,0,{}
1776410042,normal,sw-wk2,0.11377777777775522,0.2812878295551563,121.06666666666666,100.86666666666666,1064.7666666666669,3735.7666666666664,0.0,0,0,0,0,0,0,{}
1776410042,normal,k3s-wk1,0.27711111111109654,0.6450557253209582,213.73333333333332,208.66666666666666,8969.7,3583.6666666666665,0.0,0,12,2,0,8,0,"{""process_exit"": 12, ""process_exec"": 12, ""process_kprobe"": 8}"
1776410042,normal,sw-wk3,0.1592222222222417,0.4121175631076621,218.66666666666666,193.33333333333334,4415.433333333333,5379.7,0.0,0,0,0,0,0,0,{}
1776410051,normal,sw-wk2,0.11377777777775522,0.2812878295551563,121.06666666666666,100.86666666666666,1064.7666666666667,3735.7666666666664,0.0,0,106,7,0,0,0,"{""process_exec"": 106, ""process_exit"": 106}"
1776410051,normal,k3s-wk1,0.27711111111109654,0.6450557253209582,213.73333333333332,208.66666666666666,8969.7,3583.6666666666665,0.0,0,15,2,0,10,0,"{""process_exit"": 15, ""process_exec"": 15, ""process_kprobe"": 10}"
1776410051,normal,sw-wk3,0.15272315178989848,0.40749041120328244,208.58609426038262,198.25344977001532,2459.6026931537895,5270.081994533698,0.0,0,0,0,0,0,0,{}
1776410061,normal,sw-wk2,0.11377777777775522,0.2812878295551563,121.06666666666666,100.86666666666666,1064.7666666666667,3735.7666666666664,0.0,0,0,0,0,0,0,{}
1776410061,normal,k3s-wk1,0.2937777777778037,0.6484072593617749,208.66666666666666,208.66666666666666,34872.96666666667,9962.833333333334,0.0,0,15,2,0,10,0,"{""process_exit"": 15, ""process_exec"": 15, ""process_kprobe"": 10}"
1776410061,normal,sw-wk3,0.15272315178989848,0.40749041120328244,208.58609426038262,198.25344977001532,2459.6026931537895,5270.081994533698,0.0,0,1,1,0,0,0,"{""process_exit"": 11, ""process_exec"": 1}"
1776410072,normal,sw-wk2,0.2007777777777947,0.2802413445977803,116.06666666666666,100.86666666666666,5585.266666666666,27919.900000000005,0.0,0,0,0,0,0,0,{}
1776410072,normal,k3s-wk1,0.2937777777778037,0.6484072593617749,208.66666666666666,208.66666666666666,34872.96666666667,9962.833333333334,0.0,0,57,3,0,50,0,"{""process_exit"": 57, ""process_exec"": 57, ""process_kprobe"": 50}"
1776410072,normal,sw-wk3,0.15272315178989848,0.40749041120328244,208.58609426038262,198.25344977001532,2459.6026931537895,5270.081994533698,0.0,0,1,1,0,0,0,"{""process_exit"": 13, ""process_exec"": 1}"
1776410081,normal,sw-wk2,0.2007777777777947,0.2802413445977803,116.06666666666666,100.86666666666666,5585.266666666666,27919.899999999998,0.0,0,0,0,0,0,0,{}
1776410081,normal,k3s-wk1,0.2937777777778037,0.6484072593617749,208.66666666666666,208.66666666666666,34872.96666666667,9962.833333333334,0.0,0,57,3,0,50,0,"{""process_exit"": 57, ""process_exec"": 57, ""process_kprobe"": 50}"
1776410081,normal,sw-wk3,0.14883214436515557,0.4054054054054054,218.74791652776852,198.27988532568838,2825.321688112541,8467.797853190214,0.0,0,0,0,0,0,0,{}
1776410091,normal,sw-wk2,0.2007777777777947,0.2802413445977803,116.06666666666666,100.86666666666666,5585.266666666666,27919.899999999998,0.0,0,0,0,0,0,0,{}
1776410091,normal,k3s-wk1,0.27399999999995794,0.6480200663082214,208.66666666666666,208.66666666666666,10485.966666666667,1603.1,0.0,0,57,3,0,50,0,"{""process_exit"": 57, ""process_exec"": 57, ""process_kprobe"": 50}"
1776410091,normal,sw-wk3,0.14883214436515557,0.4054054054054054,218.74791652776852,198.27988532568838,2825.321688112541,8467.797853190214,0.0,0,0,0,0,0,0,{}
1776410102,normal,sw-wk2,0.11777777777776166,0.28312116925978315,116.06666666666669,100.86666666666666,661.8,3646.866666666667,0.0,0,0,0,0,0,0,{}
1776410102,normal,k3s-wk1,0.27399999999995794,0.6480200663082214,208.66666666666666,208.66666666666666,10485.966666666667,1603.1,0.0,0,36,3,0,30,0,"{""process_exit"": 36, ""process_exec"": 36, ""process_kprobe"": 30}"
1776410102,normal,sw-wk3,0.14883214436515557,0.4054054054054054,218.74791652776852,198.27988532568838,2825.321688112541,8467.797853190214,0.0,0,0,0,0,0,0,{}
1776410112,normal,sw-wk2,0.11777777777776166,0.28312116925978315,116.06666666666666,100.86666666666666,661.8,3646.866666666667,0.0,0,0,0,0,0,0,{}
1776410112,normal,k3s-wk1,0.27399999999995794,0.6480200663082214,208.66666666666666,208.66666666666666,10485.966666666667,1603.1,0.0,0,36,3,0,30,0,"{""process_exit"": 36, ""process_exec"": 36, ""process_kprobe"": 30}"
1776410112,normal,sw-wk3,0.14019709140197734,0.40842858417115846,151.65150151651503,130.52028130520281,2344.965503449655,5669.899676698997,0.0,0,1,1,0,0,0,"{""process_exit"": 3, ""process_exec"": 1}"
1776410122,normal,sw-wk2,0.11777777777776166,0.28312116925978315,116.06666666666666,100.86666666666666,661.8,3646.866666666667,0.0,0,104,5,0,0,0,"{""process_exit"": 106, ""process_exec"": 104}"
1776410122,normal,k3s-wk1,0.30288888888891163,0.6418238486086449,213.73333333333332,208.66666666666666,9771.833333333334,4891.366666666668,0.0,0,78,3,0,70,0,"{""process_exit"": 78, ""process_exec"": 78, ""process_kprobe"": 70}"
1776410122,normal,sw-wk3,0.14019709140197734,0.40842858417115846,151.65150151651503,130.52028130520281,2344.965503449655,5669.899676698997,0.0,0,0,0,0,0,0,{}
1776410132,normal,sw-wk2,0.20022222222224728,0.2803018718860303,111.0,100.86666666666666,5396.2,27822.2,0.0,0,0,0,0,0,0,{}
1776410132,normal,k3s-wk1,0.30288888888891163,0.6418238486086449,213.73333333333332,208.66666666666666,9771.833333333334,4891.366666666667,0.0,0,36,3,0,30,0,"{""process_exit"": 36, ""process_exec"": 36, ""process_kprobe"": 30}"
1776410132,normal,sw-wk3,0.14019709140197734,0.40842858417115846,151.65150151651503,130.52028130520281,2344.965503449655,5669.899676698997,0.0,0,1,1,0,0,0,"{""process_exit"": 9, ""process_exec"": 1}"
1776410142,normal,sw-wk2,0.20022222222224728,0.2803018718860303,111.0,100.86666666666666,5396.2,27822.2,0.0,0,0,0,0,0,0,{}
1776410142,normal,k3s-wk1,0.30288888888891163,0.6418238486086449,213.73333333333332,208.66666666666666,9771.833333333334,4891.366666666667,0.0,0,36,3,0,30,0,"{""process_exit"": 36, ""process_exec"": 36, ""process_kprobe"": 30}"
1776410142,normal,sw-wk3,0.1502483581691778,0.4077484485900328,218.75520885421875,195.8195819581958,2928.226155948928,6496.216288295496,0.0,0,0,0,0,0,0,{}
1776410152,normal,sw-wk2,0.20022222222224728,0.2803018718860303,111.0,100.86666666666666,5396.2,27822.2,0.0,0,0,0,0,0,0,{}
1776410152,normal,k3s-wk1,0.2846666666666554,0.6464487172395732,223.76666666666665,208.66666666666666,33856.933333333334,6453.3,0.0,0,39,3,0,32,0,"{""process_exit"": 39, ""process_exec"": 39, ""process_kprobe"": 32}"
1776410152,normal,sw-wk3,0.1502483581691778,0.4077484485900328,218.75520885421875,195.8195819581958,2928.226155948928,6496.216288295496,0.0,0,0,0,0,0,0,{}
1776410162,normal,sw-wk2,0.11166666666663838,0.2782455369089032,113.13333333333333,98.0,591.0333333333333,3597.2666666666664,0.0,0,0,0,0,0,0,{}
1776410162,normal,k3s-wk1,0.2846666666666554,0.6464487172395732,223.76666666666665,208.66666666666666,33856.933333333334,6453.3,0.0,0,12,2,0,8,0,"{""process_exit"": 12, ""process_exec"": 12, ""process_kprobe"": 8}"
1776410162,normal,sw-wk3,0.1502483581691778,0.4077484485900328,218.75520885421875,195.8195819581958,2928.226155948928,6496.216288295496,0.0,0,0,0,0,0,0,{}
1776410172,normal,sw-wk2,0.11166666666663838,0.2782455369089032,113.13333333333333,98.0,591.0333333333333,3597.2666666666664,0.0,0,106,7,0,0,0,"{""process_exec"": 106, ""process_exit"": 106}"
1776410172,normal,k3s-wk1,0.2846666666666554,0.6464487172395732,223.76666666666665,208.66666666666666,33856.933333333334,6453.3,0.0,0,60,3,0,52,0,"{""process_exit"": 60, ""process_exec"": 60, ""process_kprobe"": 52}"
1776410172,normal,sw-wk3,0.16388888888884845,0.40859264497878356,223.73333333333332,195.8,2314.0333333333333,5215.2,0.0,0,1,1,0,0,0,"{""process_exit"": 7, ""process_exec"": 1}"
1776410182,normal,sw-wk2,0.11166666666663838,0.2782455369089032,113.13333333333333,98.0,591.0333333333333,3597.2666666666664,0.0,0,0,0,0,0,0,{}
1776410182,normal,k3s-wk1,0.3091111111111482,0.640970443511017,221.0,205.79999999999998,34283.1,9705.966666666667,0.0,0,54,3,0,48,0,"{""process_exit"": 54, ""process_exec"": 54, ""process_kprobe"": 48}"
1776410182,normal,sw-wk3,0.16388888888884845,0.40859264497878356,223.73333333333332,195.8,2314.0333333333333,5215.2,0.0,0,0,0,0,0,0,{}
1776410192,normal,sw-wk2,0.20922222222224163,0.2811970386227812,78.26666666666667,68.20000000000002,5480.4,27940.066666666666,0.0,0,0,0,0,0,0,{}
1776410192,normal,k3s-wk1,0.3091111111111483,0.640970443511017,221.0,205.79999999999998,34283.1,9705.966666666667,0.0,0,9,2,0,6,0,"{""process_exit"": 9, ""process_exec"": 9, ""process_kprobe"": 6}"
1776410192,normal,sw-wk3,0.16388888888884845,0.40859264497878356,223.73333333333332,195.8,2314.0333333333333,5215.2,0.0,0,0,0,0,0,0,{}
1776410202,normal,sw-wk2,0.20922222222224163,0.2811970386227812,78.26666666666667,68.2,5480.4,27940.066666666666,0.0,0,0,0,0,0,0,{}
1776410202,normal,k3s-wk1,0.3091111111111483,0.640970443511017,221.0,205.79999999999998,34283.1,9705.966666666667,0.0,0,39,3,0,32,0,"{""process_exit"": 39, ""process_exec"": 39, ""process_kprobe"": 32}"
1776410202,normal,sw-wk3,0.18488888888892285,0.41323891076366326,822.3333333333334,506.8333333333333,5002.3,6430.0,0.0,0,160,4,0,0,0,"{""process_exec"": 160, ""process_exit"": 83}"
1776410212,normal,sw-wk2,0.20922222222224163,0.2811970386227812,78.26666666666667,68.2,5480.4,27940.066666666666,0.0,0,0,0,0,0,0,{}
1776410212,normal,k3s-wk1,0.301111111111095,0.6347064952481365,223.86666666666667,208.6666666666667,40182.333333333336,5535.666666666667,0.0,0,54,3,0,48,0,"{""process_exit"": 54, ""process_exec"": 54, ""process_kprobe"": 48}"
1776410212,normal,sw-wk3,0.18488888888892285,0.41323891076366326,822.3333333333334,506.8333333333333,5002.3,6430.0,0.0,0,213,4,0,0,0,"{""process_exit"": 127, ""process_exec"": 213}"
1776410222,normal,sw-wk2,0.13072461835877858,0.2807669763115308,116.05892940470635,100.85994267048864,1094.8270115325645,3721.11859209386,0.0,0,0,0,0,0,0,{}
1776410222,normal,k3s-wk1,0.301111111111095,0.6347064952481365,223.86666666666667,208.66666666666666,40182.333333333336,5535.666666666667,0.0,0,36,3,0,30,0,"{""process_exit"": 37, ""process_exec"": 36, ""process_kprobe"": 30}"
1776410222,normal,sw-wk3,0.18488888888892285,0.41323891076366326,822.3333333333334,506.8333333333333,5002.3,6430.0,0.0,0,212,4,0,0,0,"{""process_exit"": 112, ""process_exec"": 212}"
1776410232,normal,sw-wk2,0.13072461835877858,0.2807669763115308,116.05892940470635,100.85994267048864,1094.8270115325645,3721.11859209386,0.0,0,2,2,0,0,0,"{""process_exec"": 2}"
1776410232,normal,k3s-wk1,0.301111111111095,0.6347064952481365,223.86666666666667,208.66666666666666,40182.333333333336,5535.666666666667,0.0,0,33,3,0,28,0,"{""process_exit"": 33, ""process_exec"": 33, ""process_kprobe"": 28}"
1776410232,normal,sw-wk3,0.20844444444442667,0.41157281751341157,129.96666666666667,60.93333333333333,4234.166666666667,93559.26666666666,0.0,0,212,4,0,0,0,"{""process_exit"": 112, ""process_exec"": 212}"
1776410242,normal,sw-wk2,0.13072461835877858,0.2807669763115308,116.05892940470635,100.85994267048864,1094.8270115325645,3721.11859209386,0.0,0,104,5,0,0,0,"{""process_exit"": 106, ""process_exec"": 104}"
1776410242,normal,k3s-wk1,0.2940000000000307,0.6370781938064916,213.73333333333332,208.66666666666666,128269.93333333333,6851.933333333333,0.0,0,36,3,0,30,0,"{""process_exit"": 36, ""process_exec"": 36, ""process_kprobe"": 30}"
1776410242,normal,sw-wk3,0.20844444444442667,0.41157281751341157,129.96666666666667,60.93333333333333,4234.166666666667,93559.26666666666,0.0,0,160,4,0,0,0,"{""process_exit"": 93, ""process_exec"": 160}"
1776410252,normal,sw-wk2,0.23277777777778585,0.2847601845126597,116.06666666666666,100.86666666666666,5337.2,27932.2,0.0,0,0,0,0,0,0,{}
1776410252,normal,k3s-wk1,0.2940000000000307,0.6370781938064916,213.73333333333332,208.66666666666666,128269.93333333333,6851.933333333333,0.0,0,81,3,0,72,0,"{""process_exit"": 81, ""process_exec"": 81, ""process_kprobe"": 72}"
1776410252,normal,sw-wk3,0.20844444444442667,0.41157281751341157,129.96666666666667,60.93333333333333,4234.166666666667,93559.26666666666,0.0,0,318,4,0,0,0,"{""process_exit"": 168, ""process_exec"": 318}"
1776410262,normal,sw-wk2,0.23277777777778585,0.2847601845126597,116.06666666666666,100.86666666666666,5337.2,27932.2,0.0,0,0,0,0,0,0,{}
1776410262,normal,k3s-wk1,0.2940000000000307,0.6370781938064916,213.73333333333332,208.66666666666666,128269.93333333333,6851.933333333333,0.0,0,54,3,0,48,0,"{""process_exit"": 54, ""process_exec"": 54, ""process_kprobe"": 48}"
1776410262,normal,sw-wk3,0.220222222222219,0.41311626336378815,162.13333333333333,86.6,3986.7999999999997,110183.53333333333,0.0,0,213,4,0,0,0,"{""process_exit"": 117, ""process_exec"": 213}"
1776410272,normal,sw-wk2,0.23277777777778585,0.2847601845126597,116.06666666666666,100.86666666666666,5337.2,27932.2,0.0,0,0,0,0,0,0,{}
1776410272,normal,k3s-wk1,0.31211111111107226,0.6421929801786507,208.66666666666666,208.66666666666666,111774.03333333333,6411.0,0.0,0,78,3,0,70,0,"{""process_exit"": 78, ""process_exec"": 78, ""process_kprobe"": 70}"
1776410272,normal,sw-wk3,0.220222222222219,0.41311626336378815,162.13333333333333,86.6,3986.7999999999997,110183.53333333333,0.0,0,265,4,0,0,0,"{""process_exit"": 140, ""process_exec"": 265}"
1776410282,normal,sw-wk2,0.10882947752069516,0.2818962880844069,113.1408760584039,98.00653376891793,2404.026935129009,3916.0944062937533,0.0,0,0,0,0,0,0,{}
1776410282,normal,k3s-wk1,0.31211111111107226,0.6421929801786507,208.66666666666666,208.66666666666666,111774.03333333333,6411.0,0.0,0,39,3,0,32,0,"{""process_exit"": 39, ""process_exec"": 39, ""process_kprobe"": 32}"
1776410282,normal,sw-wk3,0.220222222222219,0.41311626336378815,162.13333333333333,86.6,3986.7999999999997,110183.53333333333,0.0,0,212,4,0,0,0,"{""process_exit"": 116, ""process_exec"": 212}"
1776410292,normal,sw-wk2,0.10882947752069516,0.2818962880844069,113.1408760584039,98.00653376891793,2404.026935129009,3916.0944062937533,0.0,0,2,2,0,0,0,"{""process_exec"": 2}"
1776410292,normal,k3s-wk1,0.31211111111107226,0.6421929801786507,208.66666666666666,208.66666666666666,111774.03333333333,6411.0,0.0,0,36,3,0,30,0,"{""process_exit"": 36, ""process_exec"": 36, ""process_kprobe"": 30}"
1776410292,normal,sw-wk3,0.22455555555554596,0.4147998776711648,158.26666666666665,82.0,4455.866666666667,110752.36666666667,0.0,0,213,4,0,0,0,"{""process_exit"": 117, ""process_exec"": 213}"
1776410302,normal,sw-wk2,0.10882947752069516,0.2818962880844069,113.1408760584039,98.00653376891793,2404.026935129009,3916.0944062937533,0.0,0,104,5,0,0,0,"{""process_exit"": 106, ""process_exec"": 104}"
1776410302,normal,k3s-wk1,0.29726907095082555,0.6487775197745024,215.9189387374175,205.7862809146057,111760.28264782348,8558.762749150057,0.0,0,12,2,0,8,0,"{""process_exit"": 12, ""process_exec"": 12, ""process_kprobe"": 8}"
1776410302,normal,sw-wk3,0.22455555555554596,0.4147998776711648,158.26666666666665,82.0,4455.866666666667,110752.36666666667,0.0,0,212,4,0,0,0,"{""process_exit"": 112, ""process_exec"": 212}"
1776410312,normal,sw-wk2,0.20419069204191598,0.27870904851102873,105.92274105922742,100.85658100856581,5434.356564343566,28058.160850581608,0.0,0,0,0,0,0,0,{}
1776410312,normal,k3s-wk1,0.29726907095082555,0.6487775197745024,215.9189387374175,205.7862809146057,111760.28264782348,8558.762749150057,0.0,0,18,2,0,12,0,"{""process_exit"": 18, ""process_exec"": 18, ""process_kprobe"": 12}"
1776410312,normal,sw-wk3,0.22455555555554596,0.4147998776711648,158.26666666666665,82.0,4455.866666666667,110752.36666666667,0.0,0,107,4,0,0,0,"{""process_exit"": 65, ""process_exec"": 107}"
1776410322,normal,sw-wk2,0.20419069204191576,0.27870904851102873,105.92274105922742,100.85658100856581,5434.356564343566,28058.160850581608,0.0,0,0,0,0,0,0,{}
1776410322,normal,k3s-wk1,0.29726907095082555,0.6487775197745024,215.9189387374175,205.7862809146057,111760.28264782348,8558.762749150057,0.0,0,18,2,0,12,0,"{""process_exit"": 18, ""process_exec"": 18, ""process_kprobe"": 12}"
1776410322,normal,sw-wk3,0.2402222222222513,0.4227385093721727,156.13333333333333,80.0,5444.133333333333,85711.93333333333,0.0,0,265,4,0,0,0,"{""process_exit"": 140, ""process_exec"": 265}"
1776410332,normal,sw-wk2,0.20419069204191576,0.27870904851102873,105.92274105922742,100.85658100856581,5434.356564343566,28058.160850581608,0.0,0,0,0,0,0,0,{}
1776410332,normal,k3s-wk1,0.3157321599217532,0.6456325639517623,223.88159210614043,208.68057870524703,116843.22288152545,11264.08427228482,0.0,0,39,3,0,32,0,"{""process_exit"": 39, ""process_exec"": 39, ""process_kprobe"": 32}"
1776410332,normal,sw-wk3,0.2402222222222513,0.4227385093721727,156.13333333333333,80.0,5444.133333333333,85711.93333333333,0.0,0,160,4,0,0,0,"{""process_exit"": 97, ""process_exec"": 160}"
1776410342,normal,sw-wk2,0.11446700225577544,0.2830638276182831,78.34116745007833,68.2068206820682,1195.5528886221955,3626.8626862686265,0.0,0,0,0,0,0,0,{}
1776410342,normal,k3s-wk1,0.3157321599217532,0.6456325639517623,223.88159210614043,208.68057870524703,116843.22288152545,11264.08427228482,0.0,0,12,2,0,8,0,"{""process_exit"": 12, ""process_exec"": 12, ""process_kprobe"": 8}"
1776410342,normal,sw-wk3,0.2402222222222513,0.4227385093721727,156.13333333333333,80.0,5444.133333333333,85711.93333333333,0.0,0,159,4,0,0,0,"{""process_exit"": 86, ""process_exec"": 159}"
1776410352,normal,sw-wk2,0.11446700225577544,0.2830638276182831,78.34116745007833,68.2068206820682,1195.5528886221955,3626.8626862686265,0.0,0,2,2,0,0,0,"{""process_exec"": 2}"
1776410352,normal,k3s-wk1,0.3157321599217532,0.6456325639517623,223.88159210614043,208.68057870524703,116843.22288152545,11264.08427228482,0.0,0,33,3,0,28,0,"{""process_exit"": 33, ""process_exec"": 33, ""process_kprobe"": 28}"
1776410352,normal,sw-wk3,0.20855555555551997,0.4106712794831606,154.0,78.0,6696.466666666666,85267.43333333333,0.0,0,0,0,0,0,0,{}
1776410362,normal,sw-wk2,0.11446700225577544,0.2830638276182831,78.34116745007833,68.2068206820682,1195.5528886221955,3626.8626862686265,0.0,0,104,5,0,0,0,"{""process_exit"": 106, ""process_exec"": 104}"
1776410362,normal,k3s-wk1,0.3255555555555879,0.6446233785585356,229.0,213.66666666666666,57992.13333333333,6968.233333333334,0.0,0,33,3,0,28,0,"{""process_exit"": 33, ""process_exec"": 33, ""process_kprobe"": 28}"
1776410362,normal,sw-wk3,0.20855555555551997,0.4106712794831606,154.0,78.0,6696.466666666666,85267.43333333333,0.0,0,0,0,0,0,0,{}
1776410372,normal,sw-wk2,0.1973333333333358,0.28279941893803284,117.63333333333333,104.0,5090.3,27822.8,0.0,0,0,0,0,0,0,{}
1776410372,normal,k3s-wk1,0.3255555555555879,0.6446233785585356,229.0,213.66666666666666,57992.13333333333,6968.233333333334,0.0,0,33,3,0,28,0,"{""process_exit"": 33, ""process_exec"": 33, ""process_kprobe"": 28}"
1776410372,normal,sw-wk3,0.20855555555551997,0.4106712794831606,154.0,78.0,6696.466666666666,85267.43333333333,0.0,0,1,1,0,0,0,"{""process_exit"": 3, ""process_exec"": 1}"
1776410382,normal,sw-wk2,0.1973333333333358,0.28279941893803284,117.63333333333333,104.0,5090.3,27822.8,0.0,0,0,0,0,0,0,{}
1776410382,normal,k3s-wk1,0.3255555555555879,0.6446233785585356,229.0,213.66666666666666,57992.13333333333,6968.233333333334,0.0,0,54,3,0,48,0,"{""process_exit"": 54, ""process_exec"": 54, ""process_kprobe"": 48}"
1776410382,normal,sw-wk3,0.15222222222223036,0.40689310243765686,156.13333333333333,80.0,3070.5666666666666,5727.9,0.0,0,0,0,0,0,0,{}
1776410392,normal,sw-wk2,0.1973333333333358,0.28279941893803284,117.63333333333333,104.0,5090.3,27822.8,0.0,0,0,0,0,0,0,{}
1776410392,normal,k3s-wk1,0.2965555555555006,0.6447498089433694,223.86666666666667,208.66666666666666,28387.46666666667,6559.933333333333,0.0,0,54,3,0,48,0,"{""process_exit"": 54, ""process_exec"": 54, ""process_kprobe"": 48}"
1776410392,normal,sw-wk3,0.15222222222223036,0.40689310243765686,156.13333333333333,80.0,3070.5666666666666,5727.9,0.0,0,0,0,0,0,0,{}
1776410402,normal,sw-wk2,0.12122222222222068,0.2839398804745339,116.06666666666669,100.86666666666666,760.1333333333333,3726.133333333333,0.0,0,0,0,0,0,0,{}
1776410402,normal,k3s-wk1,0.2965555555555006,0.6447498089433694,223.86666666666667,208.66666666666666,28387.466666666667,6559.933333333333,0.0,0,15,2,0,10,0,"{""process_exit"": 15, ""process_exec"": 15, ""process_kprobe"": 10}"
1776410402,normal,sw-wk3,0.15222222222223036,0.40689310243765686,156.13333333333333,80.0,3070.5666666666666,5727.9,0.0,0,1,1,0,0,0,"{""process_exit"": 3, ""process_exec"": 1}"
1776410412,normal,sw-wk2,0.12122222222222068,0.2839398804745339,116.06666666666666,100.86666666666666,760.1333333333333,3726.133333333333,0.0,0,106,7,0,0,0,"{""process_exec"": 106, ""process_exit"": 106}"
1776410412,normal,k3s-wk1,0.2965555555555006,0.6447498089433694,223.86666666666667,208.66666666666666,28387.466666666667,6559.933333333333,0.0,0,63,3,0,54,0,"{""process_exit"": 63, ""process_exec"": 63, ""process_kprobe"": 54}"
1776410412,normal,sw-wk3,0.1611111111111111,0.4093651643156594,156.13333333333333,80.0,2372.9,5674.0,0.0,0,0,0,0,0,0,{}
1776410422,normal,sw-wk2,0.12122222222222068,0.2839398804745339,116.06666666666666,100.86666666666666,760.1333333333333,3726.133333333333,0.0,0,0,0,0,0,0,{}
1776410422,normal,k3s-wk1,0.32622222222222874,0.6457273867403877,210.26666666666665,208.79999999999998,33657.833333333336,9710.066666666666,0.0,0,57,3,0,50,0,"{""process_exit"": 57, ""process_exec"": 57, ""process_kprobe"": 50}"
1776410422,normal,sw-wk3,0.1611111111111111,0.4093651643156594,156.13333333333333,80.0,2372.9,5674.0,0.0,0,0,0,0,0,0,{}
1776410432,normal,sw-wk2,0.20177777777777617,0.283954215884909,116.0,100.86666666666666,5530.533333333333,27912.433333333334,0.0,0,0,0,0,0,0,{}
1776410432,normal,k3s-wk1,0.32622222222222874,0.6457273867403877,210.26666666666665,208.79999999999998,33657.833333333336,9710.066666666666,0.0,0,36,3,0,30,0,"{""process_exit"": 36, ""process_exec"": 36, ""process_kprobe"": 30}"
1776410432,normal,sw-wk3,0.1611111111111111,0.4093651643156594,156.13333333333333,80.0,2372.9,5674.0,0.0,0,1,1,0,0,0,"{""process_exit"": 5, ""process_exec"": 1}"
1776410442,normal,sw-wk2,0.20177777777777617,0.283954215884909,116.0,100.86666666666666,5530.533333333333,27912.433333333334,0.0,0,0,0,0,0,0,{}
1776410442,normal,k3s-wk1,0.32622222222222874,0.6457273867403877,210.26666666666665,208.79999999999998,33657.833333333336,9710.066666666666,0.0,0,12,2,0,8,0,"{""process_exit"": 12, ""process_exec"": 12, ""process_kprobe"": 8}"
1776410442,normal,sw-wk3,0.21388888888888868,0.4123246301464123,104.8,54.0,8562.3,7845.133333333333,0.0,0,16,3,0,0,0,"{""process_exec"": 16, ""process_exit"": 16}"
1776410452,normal,sw-wk2,0.20177777777777617,0.283954215884909,116.0,100.86666666666666,5530.533333333333,27912.433333333334,0.0,0,0,0,0,0,0,{}
1776410452,normal,k3s-wk1,0.3071111111111451,0.6520522925102414,399.6,304.1,14353.666666666666,15822.9,0.0,0,18,2,0,12,0,"{""process_exit"": 18, ""process_exec"": 18, ""process_kprobe"": 12}"
1776410452,normal,sw-wk3,0.2138888888888889,0.4123246301464123,104.8,54.0,8562.3,7845.133333333333,0.0,0,0,0,0,0,0,{}
1776410462,normal,sw-wk2,0.13083572206297844,0.28240917721115744,113.1924538364109,97.99346710219318,2659.1893873741756,3679.4547030197987,0.0,0,0,0,0,0,0,{}
1776410462,normal,k3s-wk1,0.3071111111111451,0.6520522925102414,399.6,304.1,14353.666666666666,15822.9,0.0,0,36,3,0,30,0,"{""process_exit"": 36, ""process_exec"": 36, ""process_kprobe"": 30}"
1776410462,normal,sw-wk3,0.2138888888888889,0.4123246301464123,104.8,54.0,8562.3,7845.133333333333,0.0,0,9,3,0,0,0,"{""process_exec"": 9, ""process_exit"": 15}"
1776410472,normal,sw-wk2,0.13083572206297844,0.28240917721115744,113.1924538364109,97.99346710219318,2659.189387374175,3679.4547030197987,0.0,0,106,7,0,0,0,"{""process_exec"": 106, ""process_exit"": 106}"
1776410472,normal,k3s-wk1,0.3071111111111451,0.6520522925102414,399.6,304.1,14353.666666666666,15822.9,0.0,0,18,2,0,12,0,"{""process_exit"": 18, ""process_exec"": 18, ""process_kprobe"": 12}"
1776410472,normal,sw-wk3,0.22549607803929195,0.4212269199892962,153.98973401773216,77.99480034664356,15600.859942670488,11651.623225118325,0.0,0,0,0,0,0,0,{}
1776410482,normal,sw-wk2,0.13083572206297844,0.28240917721115744,113.1924538364109,97.99346710219318,2659.189387374175,3679.4547030197987,0.0,0,0,0,0,0,0,{}
1776410482,normal,k3s-wk1,0.30722222222219786,0.6494514388793753,215.73333333333332,210.66666666666666,37193.3,19163.733333333334,0.0,0,39,3,0,32,0,"{""process_exit"": 39, ""process_exec"": 39, ""process_kprobe"": 32}"
1776410482,normal,sw-wk3,0.22549607803929195,0.4212269199892962,153.98973401773216,77.99480034664356,15600.859942670488,11651.623225118325,0.0,0,0,0,0,0,0,{}
1776410492,normal,sw-wk2,0.19550192235038288,0.2834110631140334,111.00740049336623,100.87339155943731,6233.6489099273285,27958.49723314888,0.0,0,0,0,0,0,0,{}
1776410492,normal,k3s-wk1,0.30722222222219797,0.6494514388793753,215.73333333333332,210.66666666666666,37193.3,19163.733333333334,0.0,0,60,3,0,52,0,"{""process_exit"": 60, ""process_exec"": 60, ""process_kprobe"": 52}"
1776410492,normal,sw-wk3,0.22549607803929195,0.4212269199892962,153.98973401773216,77.99480034664356,15600.859942670488,11651.623225118325,0.0,0,8,3,0,0,0,"{""process_exec"": 8, ""process_exit"": 8}"
1776410502,normal,sw-wk2,0.19550192235038288,0.2834110631140334,111.00740049336623,100.87339155943731,6233.6489099273285,27958.49723314888,0.0,0,0,0,0,0,0,{}
1776410502,normal,k3s-wk1,0.30722222222219797,0.6494514388793753,215.73333333333332,210.66666666666666,37193.3,19163.733333333334,0.0,0,33,3,0,28,0,"{""process_exit"": 33, ""process_exec"": 33, ""process_kprobe"": 28}"
1776410502,normal,sw-wk3,0.18205658154983417,0.41833753838704335,156.1437429161944,80.0053336889126,9482.732182145477,7980.865391026069,0.0,0,0,0,0,0,0,{}
1776410512,normal,sw-wk2,0.19550192235038288,0.2834110631140334,111.00740049336623,100.87339155943731,6233.6489099273285,27958.49723314888,0.0,0,0,0,0,0,0,{}
1776410512,normal,k3s-wk1,0.27278786868856164,0.6528379670445656,225.06248958506916,209.76503916014,12836.027328778537,9268.888518580237,0.0,0,15,2,0,10,0,"{""process_exit"": 15, ""process_exec"": 15, ""process_kprobe"": 10}"
1776410512,normal,sw-wk3,0.18205658154983417,0.41833753838704335,156.1437429161944,80.0053336889126,9482.732182145477,7980.865391026069,0.0,0,1,1,0,0,0,"{""process_exit"": 11, ""process_exec"": 1}"
1776410522,normal,sw-wk2,0.1178365886718502,0.2873931215515374,106.62622491833878,97.99346710219318,1372.0418638757417,3693.6204253049796,0.0,0,0,0,0,0,0,{}
1776410522,normal,k3s-wk1,0.27278786868856164,0.6528379670445656,225.06248958506916,209.76503916014,12836.027328778537,9268.888518580237,0.0,0,78,3,0,70,0,"{""process_exit"": 79, ""process_exec"": 78, ""process_kprobe"": 70}"
1776410522,normal,sw-wk3,0.18205658154983417,0.41833753838704335,156.1437429161944,80.0053336889126,9482.732182145477,7980.865391026069,0.0,0,0,0,0,0,0,{}
1776410532,normal,sw-wk2,0.1178365886718502,0.2873931215515374,106.62622491833878,97.99346710219318,1372.0418638757417,3693.6204253049796,0.0,0,106,7,0,0,0,"{""process_exec"": 106, ""process_exit"": 106}"
1776410532,normal,k3s-wk1,0.27278786868856164,0.6528379670445656,225.06248958506916,209.76503916014,12836.027328778537,9268.888518580237,0.0,0,60,3,0,52,0,"{""process_exit"": 60, ""process_exec"": 60, ""process_kprobe"": 52}"
1776410532,normal,sw-wk3,0.16075059160753657,0.41200606547141205,156.1177215611772,79.99200079992,4445.022164450222,7355.031163550312,0.0,0,0,0,0,0,0,{}
1776410542,normal,sw-wk2,0.1178365886718502,0.2873931215515374,106.62622491833878,97.99346710219318,1372.0418638757417,3693.6204253049796,0.0,0,0,0,0,0,0,{}
1776410542,normal,k3s-wk1,0.29977218425294894,0.6555279992504484,229.90498416402735,215.30255042507082,34009.43490581763,9801.066844474079,0.0,0,84,3,0,74,0,"{""process_exit"": 84, ""process_exec"": 84, ""process_kprobe"": 74}"
1776410542,normal,sw-wk3,0.16075059160753657,0.41200606547141205,156.1177215611772,79.99200079992,4445.022164450222,7355.031163550312,0.0,0,8,3,0,0,0,"{""process_exec"": 8, ""process_exit"": 6}"
1776410552,normal,sw-wk2,0.1891111111111362,0.2821447685309072,84.86666666666669,68.2,6122.5,28050.166666666668,0.0,0,0,0,0,0,0,{}
1776410552,normal,k3s-wk1,0.29977218425294894,0.6555279992504484,229.90498416402733,215.30255042507082,34009.43490581763,9801.066844474079,0.0,0,12,2,0,8,0,"{""process_exit"": 12, ""process_exec"": 12, ""process_kprobe"": 8}"
1776410552,normal,sw-wk3,0.16075059160753657,0.41200606547141205,156.1177215611772,79.99200079992,4445.022164450222,7355.031163550312,0.0,0,1,1,0,0,0,"{""process_exit"": 7, ""process_exec"": 1}"
1776410562,normal,sw-wk2,0.1891111111111362,0.2821447685309072,84.86666666666666,68.2,6122.5,28050.166666666668,0.0,0,0,0,0,0,0,{}
1776410562,normal,k3s-wk1,0.29977218425294894,0.6555279992504484,229.90498416402733,215.30255042507082,34009.43490581763,9801.066844474079,0.0,0,39,3,0,32,0,"{""process_exit"": 39, ""process_exec"": 39, ""process_kprobe"": 32}"
1776410562,normal,sw-wk3,0.17758442510915495,0.41430928807166434,161.48281494816146,87.008700870087,7747.141380804746,8567.556755675567,0.0,0,0,0,0,0,0,{}
1776410572,normal,sw-wk2,0.1891111111111362,0.2821447685309072,84.86666666666666,68.2,6122.5,28050.166666666668,0.0,0,0,0,0,0,0,{}
1776410572,normal,k3s-wk1,0.3261111111110949,0.6478688013835097,221.0,205.79999999999998,12867.533333333333,18474.5,0.0,0,15,2,0,10,0,"{""process_exit"": 15, ""process_exec"": 15, ""process_kprobe"": 10}"
1776410572,normal,sw-wk3,0.17758442510915495,0.41430928807166434,161.48281494816146,87.008700870087,7747.141380804746,8567.556755675567,0.0,0,1,1,0,0,0,"{""process_exit"": 19, ""process_exec"": 1}"
1776410582,normal,sw-wk2,0.1289759912897438,0.2836022019190336,113.18868113188681,97.99020097990201,3609.7390260973903,3833.683298336833,0.0,0,0,0,0,0,0,{}
1776410582,normal,k3s-wk1,0.3261111111110949,0.6478688013835097,221.0,205.79999999999998,12867.533333333333,18474.5,0.0,0,54,3,0,48,0,"{""process_exit"": 54, ""process_exec"": 54, ""process_kprobe"": 48}"
1776410582,normal,sw-wk3,0.17758442510915495,0.41430928807166434,161.48281494816146,87.008700870087,7747.141380804746,8567.556755675567,0.0,0,0,0,0,0,0,{}
1776410592,normal,sw-wk2,0.1289759912897438,0.2836022019190336,113.18868113188681,97.99020097990201,3609.7390260973903,3833.683298336833,0.0,0,106,7,0,0,0,"{""process_exec"": 106, ""process_exit"": 106}"
1776410592,normal,k3s-wk1,0.3261111111110949,0.6478688013835097,221.0,205.79999999999998,12867.533333333333,18474.5,0.0,0,15,2,0,10,0,"{""process_exit"": 15, ""process_exec"": 15, ""process_kprobe"": 10}"
1776410592,normal,sw-wk3,0.20900000000001462,0.40661913681715667,156.13333333333333,80.0,13133.699999999999,8565.533333333333,0.0,0,1,1,0,0,0,"{""process_exit"": 19, ""process_exec"": 1}"
1776410602,normal,sw-wk2,0.1289759912897438,0.2836022019190336,113.18868113188681,97.99020097990201,3609.7390260973903,3833.683298336833,0.0,0,0,0,0,0,0,{}
1776410602,normal,k3s-wk1,0.2992222222222255,0.653610095466229,208.66666666666666,208.66666666666666,38474.16666666667,12387.933333333332,0.0,0,15,2,0,10,0,"{""process_exit"": 15, ""process_exec"": 15, ""process_kprobe"": 10}"
1776410602,normal,sw-wk3,0.20900000000001462,0.40661913681715667,156.13333333333333,80.0,13133.699999999999,8565.533333333333,0.0,0,0,0,0,0,0,{}
1776410612,normal,sw-wk2,0.20397844085126182,0.2871111918141621,116.01933655609267,100.88348058009667,5782.83047174529,27874.345724287377,0.0,0,0,0,0,0,0,{}
1776410612,normal,k3s-wk1,0.2992222222222255,0.653610095466229,208.66666666666666,208.66666666666666,38474.166666666664,12387.933333333332,0.0,0,15,2,0,10,0,"{""process_exit"": 15, ""process_exec"": 15, ""process_kprobe"": 10}"
1776410612,normal,sw-wk3,0.20900000000001462,0.40661913681715667,156.13333333333333,80.0,13133.699999999999,8565.533333333333,0.0,0,0,0,0,0,0,{}
1776410622,normal,sw-wk2,0.20397844085126193,0.2871111918141621,116.01933655609267,100.88348058009667,5782.83047174529,27874.345724287377,0.0,0,0,0,0,0,0,{}
1776410622,normal,k3s-wk1,0.2992222222222255,0.653610095466229,208.66666666666666,208.66666666666666,38474.166666666664,12387.933333333332,0.0,0,36,3,0,30,0,"{""process_exit"": 36, ""process_exec"": 36, ""process_kprobe"": 30}"
1776410622,normal,sw-wk3,0.1529999999999644,0.407041235011532,104.8,54.0,2964.966666666667,7840.833333333333,0.0,0,0,0,0,0,0,{}
1776410632,normal,sw-wk2,0.20397844085126193,0.2871111918141621,116.01933655609267,100.88348058009667,5782.83047174529,27874.345724287377,0.0,0,0,0,0,0,0,{}
1776410632,normal,k3s-wk1,0.26044444444447024,0.6548789146854537,208.6666666666667,208.66666666666666,10255.0,3586.5666666666666,0.0,0,57,3,0,50,0,"{""process_exit"": 57, ""process_exec"": 57, ""process_kprobe"": 50}"
1776410632,normal,sw-wk3,0.1529999999999644,0.407041235011532,104.8,54.0,2964.9666666666667,7840.833333333333,0.0,0,1,1,0,0,0,"{""process_exit"": 9, ""process_exec"": 1}"
1776410642,normal,sw-wk2,0.1103704938065887,0.2858305618206608,113.18113647725377,97.98366938843525,863.2561239793367,3604.9991668055322,0.0,0,0,0,0,0,0,{}
1776410642,normal,k3s-wk1,0.26044444444447024,0.6548789146854537,208.66666666666666,208.66666666666666,10255.0,3586.5666666666666,0.0,0,15,2,0,10,0,"{""process_exit"": 15, ""process_exec"": 15, ""process_kprobe"": 10}"
1776410642,normal,sw-wk3,0.1529999999999644,0.407041235011532,104.8,54.0,2964.9666666666667,7840.833333333333,0.0,0,1,1,0,0,0,"{""process_exit"": 3, ""process_exec"": 1}"
1776410652,normal,sw-wk2,0.11037049380658859,0.2858305618206608,113.18113647725379,97.98366938843526,863.2561239793367,3604.9991668055322,0.0,0,106,7,0,0,0,"{""process_exec"": 106, ""process_exit"": 106}"
1776410652,normal,k3s-wk1,0.26044444444447024,0.6548789146854537,208.66666666666666,208.66666666666666,10255.0,3586.5666666666666,0.0,0,12,2,0,8,0,"{""process_exit"": 12, ""process_exec"": 12, ""process_kprobe"": 8}"
1776410652,normal,sw-wk3,0.1526666666666845,0.40598997158403094,156.13333333333333,80.0,3828.1666666666665,7181.266666666666,0.0,0,0,0,0,0,0,{}
1776410662,normal,sw-wk2,0.11037049380658859,0.2858305618206608,113.18113647725379,97.98366938843526,863.2561239793367,3604.9991668055322,0.0,0,0,0,0,0,0,{}
1776410662,normal,k3s-wk1,0.29418169294183005,0.6545210715426653,215.91174215911744,205.77942205779422,33777.288937772886,9760.957237609573,0.0,0,15,2,0,10,0,"{""process_exit"": 15, ""process_exec"": 15, ""process_kprobe"": 10}"
1776410662,normal,sw-wk3,0.1526666666666845,0.40598997158403094,156.13333333333333,80.0,3828.1666666666665,7181.266666666666,0.0,0,0,0,0,0,0,{}
1776410672,normal,sw-wk2,0.209868311385227,0.2850755635409101,116.05267544590764,100.88348058009669,5757.792965494248,28058.64310718453,0.0,0,0,0,0,0,0,{}
1776410672,normal,k3s-wk1,0.29418169294182983,0.6545210715426653,215.91174215911744,205.77942205779422,33777.28893777289,9760.957237609573,0.0,0,33,3,0,28,0,"{""process_exit"": 33, ""process_exec"": 33, ""process_kprobe"": 28}"
1776410672,normal,sw-wk3,0.1526666666666845,0.40598997158403094,156.13333333333333,80.0,3828.1666666666665,7181.266666666666,0.0,0,1,1,0,0,0,"{""process_exit"": 11, ""process_exec"": 1}"
1776410682,normal,sw-wk2,0.209868311385227,0.2850755635409101,116.05267544590764,100.88348058009667,5757.792965494248,28058.64310718453,0.0,0,0,0,0,0,0,{}
1776410682,normal,k3s-wk1,0.29418169294182983,0.6545210715426653,215.91174215911744,205.77942205779422,33777.28893777289,9760.957237609573,0.0,0,39,3,0,32,0,"{""process_exit"": 39, ""process_exec"": 39, ""process_kprobe"": 32}"
1776410682,normal,sw-wk3,0.15011111111109343,0.40673541292353177,154.0,78.0,3057.8,6811.466666666666,0.0,0,0,0,0,0,0,{}
1776410692,normal,sw-wk2,0.209868311385227,0.2850755635409101,116.05267544590764,100.88348058009667,5757.792965494248,28058.64310718453,0.0,0,10,6,0,3,2,"{""process_exec"": 10, ""process_exit"": 12, ""process_kprobe"": 3}"
1776410692,normal,k3s-wk1,0.30226355968929264,0.6526404195682628,223.88905557222387,208.6875354202087,11964.529786311963,5368.7035370203685,0.0,0,60,3,0,52,0,"{""process_exit"": 60, ""process_exec"": 60, ""process_kprobe"": 52}"
1776410692,normal,sw-wk3,0.15011111111109343,0.40673541292353177,154.0,78.0,3057.8,6811.466666666666,0.0,0,1,1,0,0,0,"{""process_exit"": 7, ""process_exec"": 1}"
1776410702,normal,sw-wk2,0.14927893695978167,0.28695828077016194,80.46130257982801,94.86034264382374,2474.0017332177854,7153.989734017732,0.0,0,3,3,0,2,1,"{""process_exit"": 3, ""process_exec"": 3, ""process_kprobe"": 2}"
1776410702,normal,k3s-wk1,0.30226355968929264,0.6526404195682628,223.88905557222387,208.6875354202087,11964.529786311963,5368.7035370203685,0.0,0,9,2,0,6,0,"{""process_exit"": 9, ""process_exec"": 9, ""process_kprobe"": 6}"
1776410702,normal,sw-wk3,0.15011111111109343,0.40673541292353177,154.0,78.0,3057.8,6811.466666666666,0.0,0,0,0,0,0,0,{}
1776410712,normal,sw-wk2,0.14927893695978167,0.28695828077016194,80.46130257982801,94.86034264382374,2474.0017332177854,7153.989734017732,0.0,0,110,10,0,2,2,"{""process_exec"": 110, ""process_exit"": 112, ""process_kprobe"": 2}"
1776410712,normal,k3s-wk1,0.30226355968929264,0.6526404195682628,223.88905557222387,208.6875354202087,11964.529786311963,5368.7035370203685,0.0,0,36,3,0,30,0,"{""process_exit"": 36, ""process_exec"": 36, ""process_kprobe"": 30}"
1776410712,normal,sw-wk3,0.16066666666669738,0.40736776380340733,156.13333333333333,80.0,3925.733333333333,6174.833333333333,0.0,0,0,0,0,0,0,{}
1776410722,normal,sw-wk2,0.14927893695978167,0.28695828077016194,80.46130257982801,94.86034264382374,2474.0017332177854,7153.989734017732,0.0,0,2,2,0,1,0,"{""process_exit"": 2, ""process_exec"": 2, ""process_kprobe"": 1}"
1776410722,normal,k3s-wk1,0.2946666666666311,0.6557007121868732,221.0,205.79999999999998,38555.700000000004,9563.133333333333,0.0,0,15,2,0,10,0,"{""process_exit"": 15, ""process_exec"": 15, ""process_kprobe"": 10}"
1776410722,normal,sw-wk3,0.16066666666669738,0.40736776380340733,156.13333333333333,80.0,3925.733333333333,6174.833333333333,0.0,0,1,1,0,0,0,"{""process_exit"": 15, ""process_exec"": 1}"
1776410732,normal,sw-wk2,0.19972442607282426,0.2862701810721613,125.20834722314822,117.74118274551638,5477.565171011401,30610.30735382359,0.0,0,5,4,0,3,2,"{""process_exit"": 7, ""process_exec"": 5, ""process_kprobe"": 3}"
1776410732,normal,k3s-wk1,0.2946666666666311,0.6557007121868732,221.0,205.79999999999998,38555.7,9563.133333333333,0.0,0,15,2,0,10,0,"{""process_exit"": 15, ""process_exec"": 15, ""process_kprobe"": 10}"
1776410732,normal,sw-wk3,0.16066666666669738,0.40736776380340733,156.13333333333333,80.0,3925.733333333333,6174.833333333333,0.0,0,0,0,0,0,0,{}
1776410742,normal,sw-wk2,0.19972442607282426,0.2862701810721613,125.20834722314822,117.74118274551638,5477.565171011401,30610.30735382359,0.0,0,1,1,0,0,0,"{""process_exit"": 1, ""process_exec"": 1}"
1776410742,normal,k3s-wk1,0.2946666666666311,0.6557007121868732,221.0,205.79999999999998,38555.7,9563.133333333333,0.0,0,36,3,0,30,0,"{""process_exit"": 36, ""process_exec"": 36, ""process_kprobe"": 30}"
1776410742,normal,sw-wk3,0.1844444444444283,0.40861494450603364,156.13333333333333,80.0,3018.3333333333335,7312.466666666666,0.0,0,0,0,0,0,0,{}
1776410752,normal,sw-wk2,0.19972442607282426,0.2862701810721613,125.20834722314822,117.74118274551638,5477.565171011401,30610.30735382359,0.0,0,6,5,0,3,2,"{""process_exit"": 8, ""process_exec"": 6, ""process_kprobe"": 3}"
1776410752,normal,k3s-wk1,0.26055555555556364,0.6569356661244459,218.79999999999998,208.66666666666666,13261.9,1847.7,0.0,0,57,3,0,50,0,"{""process_exit"": 57, ""process_exec"": 57, ""process_kprobe"": 50}"
1776410752,normal,sw-wk3,0.1844444444444283,0.40861494450603364,156.13333333333333,80.0,3018.3333333333335,7312.466666666666,0.0,0,1,1,0,0,0,"{""process_exit"": 13, ""process_exec"": 1}"
1776410762,normal,sw-wk2,0.11722222222223433,0.28979509920103974,153.20000000000002,142.5,697.7,7753.633333333333,0.0,0,0,0,0,0,0,{}
1776410762,normal,k3s-wk1,0.26055555555556364,0.6569356661244459,218.79999999999998,208.66666666666666,13261.9,1847.7,0.0,0,33,3,0,28,0,"{""process_exit"": 33, ""process_exec"": 33, ""process_kprobe"": 28}"
1776410762,normal,sw-wk3,0.1844444444444283,0.40861494450603364,156.13333333333333,80.0,3018.3333333333335,7312.466666666666,0.0,0,0,0,0,0,0,{}
1776410772,normal,sw-wk2,0.11722222222223433,0.28979509920103974,153.2,142.5,697.7,7753.633333333333,0.0,0,70,9,0,3,2,"{""process_exit"": 70, ""process_exec"": 70, ""process_kprobe"": 3}"
1776410772,normal,k3s-wk1,0.26055555555556364,0.6569356661244459,218.79999999999998,208.66666666666666,13261.9,1847.7,0.0,0,57,3,0,50,0,"{""process_exit"": 57, ""process_exec"": 57, ""process_kprobe"": 50}"
1776410772,normal,sw-wk3,0.17449947781259834,0.40555035233253056,156.12292513832412,79.99466702219851,2264.1823878408104,6969.002066528898,0.0,0,0,0,0,0,0,{}
1776410782,normal,sw-wk2,0.11722222222223433,0.28979509920103974,153.2,142.5,697.7,7753.633333333333,0.0,0,45,6,0,1,1,"{""process_exit"": 49, ""process_exec"": 45, ""process_kprobe"": 1}"
1776410782,normal,k3s-wk1,0.2904444444444785,0.6544127026413791,208.66666666666666,208.66666666666666,39123.8,7165.166666666667,0.0,0,33,3,0,28,0,"{""process_exit"": 33, ""process_exec"": 33, ""process_kprobe"": 28}"
1776410782,normal,sw-wk3,0.17449947781259834,0.40555035233253056,156.12292513832412,79.99466702219851,2264.1823878408104,6969.002066528898,0.0,0,0,0,0,0,0,{}
1776410792,normal,sw-wk2,0.2186666666666497,0.2854387272704104,146.66666666666666,140.63333333333333,5709.266666666666,32244.233333333334,0.0,0,6,5,0,3,2,"{""process_exit"": 8, ""process_exec"": 6, ""process_kprobe"": 3}"
1776410792,normal,k3s-wk1,0.2904444444444785,0.6544127026413791,208.66666666666666,208.66666666666666,39123.8,7165.166666666667,0.0,0,12,2,0,8,0,"{""process_exit"": 12, ""process_exec"": 12, ""process_kprobe"": 8}"
1776410792,normal,sw-wk3,0.17449947781259834,0.40555035233253056,156.12292513832412,79.99466702219851,2264.1823878408104,6969.002066528898,0.0,0,1,1,0,0,0,"{""process_exit"": 3, ""process_exec"": 1}"
1776410802,normal,sw-wk2,0.2186666666666497,0.2854387272704104,146.66666666666666,140.63333333333333,5709.266666666666,32244.233333333334,0.0,0,6,5,0,3,2,"{""process_exit"": 8, ""process_exec"": 6, ""process_kprobe"": 3}"
1776410802,normal,k3s-wk1,0.2904444444444785,0.6544127026413791,208.66666666666666,208.66666666666666,39123.8,7165.166666666667,0.0,0,18,2,0,12,0,"{""process_exit"": 18, ""process_exec"": 18, ""process_kprobe"": 12}"
1776410802,normal,sw-wk3,0.1550547814299037,0.40447519655440445,154.01026735115676,78.00520034668979,3017.467831188746,5748.249883325556,0.0,0,0,0,0,0,0,{}
1776410812,normal,sw-wk2,0.2186666666666497,0.2854387272704104,146.66666666666666,140.63333333333333,5709.266666666666,32244.233333333334,0.0,0,3,3,0,2,1,"{""process_exit"": 3, ""process_exec"": 3, ""process_kprobe"": 2}"
1776410812,normal,k3s-wk1,0.2721111111110883,0.6550730756335912,205.79999999999998,205.79999999999998,15595.766666666666,4666.833333333333,0.0,0,99,3,0,90,0,"{""process_exit"": 99, ""process_exec"": 99, ""process_kprobe"": 90}"
1776410812,normal,sw-wk3,0.1550547814299037,0.40447519655440445,154.01026735115676,78.00520034668979,3017.467831188746,5748.249883325556,0.0,0,1,1,0,0,0,"{""process_exit"": 9, ""process_exec"": 1}"
1776410822,normal,sw-wk2,0.11753269117534404,0.28342062005428337,168.98310168983102,163.38366163383662,1831.516848315168,9174.782521747826,0.0,0,6,5,0,3,2,"{""process_exit"": 8, ""process_exec"": 6, ""process_kprobe"": 3}"
1776410822,normal,k3s-wk1,0.27211111111108854,0.6550730756335912,205.79999999999998,205.79999999999998,15595.766666666666,4666.833333333333,0.0,0,33,3,0,28,0,"{""process_exit"": 34, ""process_exec"": 33, ""process_kprobe"": 28}"
1776410822,normal,sw-wk3,0.1550547814299037,0.40447519655440445,154.01026735115676,78.00520034668979,3017.467831188746,5748.249883325556,0.0,0,0,0,0,0,0,{}
1776410832,normal,sw-wk2,0.11753269117534382,0.28342062005428337,168.98310168983102,163.38366163383662,1831.5168483151685,9174.782521747826,0.0,0,111,11,0,3,2,"{""process_exec"": 111, ""process_exit"": 113, ""process_kprobe"": 3}"
1776410832,normal,k3s-wk1,0.27211111111108854,0.6550730756335912,205.79999999999998,205.79999999999998,15595.766666666666,4666.833333333333,0.0,0,57,3,0,50,0,"{""process_exit"": 57, ""process_exec"": 57, ""process_kprobe"": 50}"
1776410832,normal,sw-wk3,0.15011111111109343,0.409022707290034,104.8,54.0,3066.4666666666667,6513.2,0.0,0,1,1,0,0,0,"{""process_exit"": 21, ""process_exec"": 1}"
1776410842,normal,sw-wk2,0.11753269117534382,0.28342062005428337,168.98310168983102,163.38366163383662,1831.5168483151685,9174.782521747826,0.0,0,1,1,0,0,0,"{""process_exit"": 1, ""process_exec"": 1}"
1776410842,normal,k3s-wk1,0.31775763231565246,0.6518479719776082,223.83682175709907,208.63884815357952,41460.37195040661,11455.372616984403,0.0,0,12,2,0,8,0,"{""process_exit"": 12, ""process_exec"": 12, ""process_kprobe"": 8}"
1776410842,normal,sw-wk3,0.15011111111109343,0.409022707290034,104.8,54.0,3066.4666666666667,6513.2,0.0,0,0,0,0,0,0,{}
1776410852,normal,sw-wk2,0.2335900256692206,0.2784303044204034,144.21442144214421,127.7794446111278,7482.048204820481,31001.966863353002,0.0,0,0,0,0,0,0,"{""process_exit"": 2}"
1776410852,normal,k3s-wk1,0.31775763231565246,0.6518479719776082,223.83682175709907,208.63884815357952,41460.37195040661,11455.372616984403,0.0,0,12,2,0,8,0,"{""process_exit"": 12, ""process_exec"": 12, ""process_kprobe"": 8}"
1776410852,normal,sw-wk3,0.15011111111109343,0.409022707290034,104.8,54.0,3066.4666666666667,6513.2,0.0,0,0,0,0,0,0,{}
1776410862,normal,sw-wk2,0.2335900256692206,0.2784303044204034,144.21442144214421,127.77944461112777,7482.048204820481,31001.966863353002,0.0,0,0,0,0,0,0,{}
1776410862,normal,k3s-wk1,0.31775763231565246,0.6518479719776082,223.83682175709907,208.63884815357952,41460.37195040661,11455.372616984403,0.0,0,33,3,0,28,0,"{""process_exit"": 33, ""process_exec"": 33, ""process_kprobe"": 28}"
1776410862,normal,sw-wk3,0.18544444444438957,0.40512506849140517,156.13333333333333,80.00000000000001,3814.0,8083.766666666666,0.0,0,0,0,0,0,0,{}
1776410873,normal,sw-wk2,0.2335900256692206,0.2784303044204034,144.21442144214421,127.77944461112777,7482.048204820481,31001.966863353002,0.0,0,0,0,0,0,0,{}
1776410873,normal,k3s-wk1,0.26372869302399715,0.6551904752766511,225.48169877991867,211.8141209413961,11214.480965397694,4531.068737915862,0.0,0,36,3,0,30,0,"{""process_exit"": 36, ""process_exec"": 36, ""process_kprobe"": 30}"
1776410873,normal,sw-wk3,0.18544444444438957,0.40512506849140517,156.13333333333333,80.0,3814.0,8083.766666666666,0.0,0,1,1,0,0,0,"{""process_exit"": 15, ""process_exec"": 1}"
1776410882,normal,sw-wk2,0.11111111111113126,0.27906424812365405,252.79999999999998,123.5,609.9,3601.3000000000006,0.0,0,0,0,0,0,0,{}
1776410882,normal,k3s-wk1,0.26372869302399715,0.6551904752766511,225.48169877991867,211.8141209413961,11214.480965397694,4531.068737915862,0.0,0,57,3,0,50,0,"{""process_exit"": 57, ""process_exec"": 57, ""process_kprobe"": 50}"
1776410882,normal,sw-wk3,0.18544444444438957,0.40512506849140517,156.13333333333333,80.0,3814.0,8083.766666666666,0.0,0,0,0,0,0,0,{}
1776410892,normal,sw-wk2,0.11111111111113126,0.27906424812365405,252.79999999999998,123.5,609.9,3601.2999999999997,0.0,0,106,7,0,0,0,"{""process_exec"": 106, ""process_exit"": 106}"
1776410892,normal,k3s-wk1,0.26372869302399715,0.6551904752766511,225.48169877991867,211.8141209413961,11214.480965397694,4531.068737915862,0.0,0,33,3,0,28,0,"{""process_exit"": 33, ""process_exec"": 33, ""process_kprobe"": 28}"
1776410892,normal,sw-wk3,0.16066666666669738,0.4027262764886528,156.13333333333333,80.00000000000001,2772.5,7199.766666666666,0.0,0,1,1,0,0,0,"{""process_exit"": 7, ""process_exec"": 1}"
1776410902,normal,sw-wk2,0.11111111111113126,0.27906424812365405,252.79999999999998,123.5,609.9,3601.2999999999997,0.0,0,0,0,0,0,0,{}
1776410902,normal,k3s-wk1,0.3060648487677279,0.65496132020414,228.91526101740112,208.68057870524703,34479.59863990933,12562.270818054538,0.0,0,12,2,0,8,0,"{""process_exit"": 12, ""process_exec"": 12, ""process_kprobe"": 8}"
1776410902,normal,sw-wk3,0.16066666666669738,0.4027262764886528,156.13333333333333,80.0,2772.5,7199.766666666666,0.0,0,0,0,0,0,0,{}
1776410912,normal,sw-wk2,0.2358796604897052,0.2812065955630312,110.98520197307026,100.85321957072391,7187.841621117184,28173.110251966405,0.0,0,0,0,0,0,0,{}
1776410912,normal,k3s-wk1,0.3060648487677279,0.65496132020414,228.91526101740118,208.68057870524703,34479.59863990933,12562.270818054538,0.0,0,39,3,0,32,0,"{""process_exit"": 39, ""process_exec"": 39, ""process_kprobe"": 32}"
1776410912,normal,sw-wk3,0.16066666666669738,0.4027262764886528,156.13333333333333,80.0,2772.5,7199.766666666666,0.0,0,0,0,0,0,0,{}
1776410922,normal,sw-wk2,0.2358796604897052,0.2812065955630312,110.98520197307026,100.85321957072391,7187.841621117184,28173.110251966405,0.0,0,0,0,0,0,0,{}
1776410922,normal,k3s-wk1,0.3060648487677279,0.65496132020414,228.91526101740118,208.68057870524703,34479.59863990933,12562.270818054538,0.0,0,63,3,0,54,0,"{""process_exit"": 63, ""process_exec"": 63, ""process_kprobe"": 54}"
1776410922,normal,sw-wk3,0.15555555555555556,0.4078774672834079,156.13333333333333,80.0,3667.8333333333335,6244.1,0.0,0,1,1,0,0,0,"{""process_exit"": 13, ""process_exec"": 1}"
1776410932,normal,sw-wk2,0.2358796604897052,0.2812065955630312,110.98520197307026,100.85321957072391,7187.841621117184,28173.110251966405,0.0,0,0,0,0,0,0,{}
1776410932,normal,k3s-wk1,0.276333333333322,0.6561691819163911,208.66666666666666,208.66666666666666,10559.7,1785.0,0.0,0,12,2,0,8,0,"{""process_exit"": 12, ""process_exec"": 12, ""process_kprobe"": 8}"
1776410932,normal,sw-wk3,0.15555555555555556,0.4078774672834079,156.13333333333333,80.0,3667.8333333333335,6244.1,0.0,0,0,0,0,0,0,{}
1776410942,normal,sw-wk2,0.11738560348467364,0.2783219924309033,113.20754716981133,98.00653376891793,1314.6543102873525,3696.7464497633177,0.0,0,0,0,0,0,0,{}
1776410942,normal,k3s-wk1,0.276333333333322,0.6561691819163911,208.66666666666666,208.66666666666666,10559.7,1785.0,0.0,0,39,3,0,32,0,"{""process_exit"": 39, ""process_exec"": 39, ""process_kprobe"": 32}"
1776410942,normal,sw-wk3,0.15555555555555556,0.4078774672834079,156.13333333333333,80.0,3667.8333333333335,6244.1,0.0,0,1,1,0,0,0,"{""process_exec"": 1}"
1776410952,normal,sw-wk2,0.11738560348467342,0.2783219924309033,113.20754716981133,98.00653376891793,1314.6543102873525,3696.7464497633177,0.0,0,2,2,0,0,0,"{""process_exec"": 2}"
1776410952,normal,k3s-wk1,0.276333333333322,0.6561691819163911,208.66666666666666,208.66666666666666,10559.7,1785.0,0.0,0,36,3,0,30,0,"{""process_exit"": 36, ""process_exec"": 36, ""process_kprobe"": 30}"
1776410952,normal,sw-wk3,0.23744444444447355,0.41606935790104105,156.13333333333333,80.0,7225.033333333333,7704.433333333333,0.0,0,0,0,0,0,0,{}
1776410962,normal,sw-wk2,0.11738560348467342,0.2783219924309033,113.20754716981133,98.00653376891793,1314.6543102873525,3696.7464497633177,0.0,0,104,5,0,0,0,"{""process_exit"": 106, ""process_exec"": 104}"
1776410962,normal,k3s-wk1,0.3012222222222287,0.6546204097021775,205.79999999999998,205.79999999999998,10284.633333333333,10442.466666666667,0.0,0,12,2,0,8,0,"{""process_exit"": 12, ""process_exec"": 12, ""process_kprobe"": 8}"
1776410962,normal,sw-wk3,0.23744444444447355,0.41606935790104105,156.13333333333333,80.0,7225.033333333333,7704.433333333333,0.0,0,1,1,0,0,0,"{""process_exit"": 7, ""process_exec"": 1}"
1776410972,normal,sw-wk2,0.19794652976864802,0.2861395695554111,116.0744049603307,100.87339155943731,5538.369224614975,28113.640909393962,0.0,0,0,0,0,0,0,{}
1776410972,normal,k3s-wk1,0.3012222222222287,0.6546204097021775,205.79999999999998,205.79999999999998,10284.633333333333,10442.466666666667,0.0,0,51,3,0,46,0,"{""process_exit"": 51, ""process_exec"": 51, ""process_kprobe"": 46}"
1776410972,normal,sw-wk3,0.23744444444447355,0.41606935790104105,156.13333333333333,80.0,7225.033333333333,7704.433333333333,0.0,0,0,0,0,0,0,{}
1776410982,normal,sw-wk2,0.19794652976864802,0.2861395695554111,116.0744049603307,100.87339155943731,5538.369224614975,28113.640909393962,0.0,0,0,0,0,0,0,{}
1776410982,normal,k3s-wk1,0.3012222222222287,0.6546204097021775,205.79999999999998,205.79999999999998,10284.633333333333,10442.466666666667,0.0,0,60,3,0,52,0,"{""process_exit"": 60, ""process_exec"": 60, ""process_kprobe"": 52}"
1776410982,normal,sw-wk3,0.15999999999997572,0.43856639524956353,104.8,54.0,2947.4,6559.133333333333,0.0,0,0,0,0,0,0,{}
1776410992,normal,sw-wk2,0.19794652976864802,0.2861395695554111,116.0744049603307,100.87339155943731,5538.369224614975,28113.640909393962,0.0,0,0,0,0,0,0,{}
1776410992,normal,k3s-wk1,0.30011111111109334,0.6578974401233599,208.66666666666666,208.66666666666666,34093.0,6506.166666666667,0.0,0,33,3,0,28,0,"{""process_exit"": 33, ""process_exec"": 33, ""process_kprobe"": 28}"
1776410992,normal,sw-wk3,0.15999999999997572,0.43856639524956353,104.8,54.0,2947.4,6559.133333333333,0.0,0,1,1,0,0,0,"{""process_exit"": 19, ""process_exec"": 1}"
1776411002,normal,sw-wk2,0.11544444444443791,0.27935095633115437,113.2,98.0,631.9333333333333,3644.366666666667,0.0,0,0,0,0,0,0,{}
1776411002,normal,k3s-wk1,0.30011111111109334,0.6578974401233599,208.66666666666666,208.66666666666666,34093.0,6506.166666666667,0.0,0,12,2,0,8,0,"{""process_exit"": 12, ""process_exec"": 12, ""process_kprobe"": 8}"
1776411002,normal,sw-wk3,0.15999999999997572,0.43856639524956353,104.8,54.0,2947.4,6559.133333333333,0.0,0,0,0,0,0,0,{}
1776411012,normal,sw-wk2,0.11544444444443791,0.27935095633115437,113.2,98.0,631.9333333333333,3644.366666666667,0.0,0,106,7,0,0,0,"{""process_exec"": 106, ""process_exit"": 106}"
1776411012,normal,k3s-wk1,0.30011111111109334,0.6578974401233599,208.66666666666666,208.66666666666666,34093.0,6506.166666666667,0.0,0,39,3,0,32,0,"{""process_exit"": 39, ""process_exec"": 39, ""process_kprobe"": 32}"
1776411012,normal,sw-wk3,0.16522222222225136,0.46364380646558867,156.13333333333333,80.0,2279.6,8066.666666666667,0.0,0,0,0,0,0,0,{}
1776411022,normal,sw-wk2,0.11544444444443791,0.27935095633115437,113.2,98.0,631.9333333333333,3644.366666666667,0.0,0,0,0,0,0,0,{}
1776411022,normal,k3s-wk1,0.3024444444444574,0.6432349020108075,226.06666666666666,205.79999999999998,35982.566666666666,9579.2,0.0,0,18,2,0,12,0,"{""process_exit"": 18, ""process_exec"": 18, ""process_kprobe"": 12}"
1776411022,normal,sw-wk3,0.16522222222225136,0.46364380646558867,156.13333333333333,80.0,2279.6,8066.666666666667,0.0,0,0,0,0,0,0,{}
1776411032,normal,sw-wk2,0.20033333333332048,0.28131809319928136,111.00000000000003,100.86666666666669,5492.966666666666,27857.766666666666,0.0,0,0,0,0,0,0,{}
1776411032,normal,k3s-wk1,0.3024444444444574,0.6432349020108075,226.06666666666666,205.79999999999998,35982.566666666666,9579.2,0.0,0,12,2,0,8,0,"{""process_exit"": 12, ""process_exec"": 12, ""process_kprobe"": 8}"
1776411032,normal,sw-wk3,0.16522222222225136,0.46364380646558867,156.13333333333333,80.0,2279.6,8066.666666666667,0.0,0,1,1,0,0,0,"{""process_exit"": 33, ""process_exec"": 1}"
1776411042,normal,sw-wk2,0.20033333333332048,0.28131809319928136,111.0,100.86666666666666,5492.966666666666,27857.766666666666,0.0,0,0,0,0,0,0,{}
1776411042,normal,k3s-wk1,0.3024444444444574,0.6432349020108075,226.06666666666666,205.79999999999998,35982.566666666666,9579.2,0.0,0,54,3,0,48,0,"{""process_exit"": 54, ""process_exec"": 54, ""process_kprobe"": 48}"
1776411042,normal,sw-wk3,0.14777777777776946,0.48620933521923626,156.13333333333333,80.0,3075.866666666667,9999.300000000001,0.0,0,0,0,0,0,0,{}
1776411052,normal,sw-wk2,0.20033333333332048,0.28131809319928136,111.0,100.86666666666666,5492.966666666666,27857.766666666666,0.0,0,0,0,0,0,0,{}
1776411052,normal,k3s-wk1,0.25255555555555065,0.6424514851619268,417.86666666666673,301.1,13672.533333333333,2086.1666666666665,0.0,0,15,2,0,10,0,"{""process_exit"": 15, ""process_exec"": 15, ""process_kprobe"": 10}"
1776411052,normal,sw-wk3,0.14777777777776968,0.48620933521923626,156.13333333333333,80.0,3075.866666666667,9999.3,0.0,0,0,0,0,0,0,"{""process_exit"": 1}"
1776411062,normal,sw-wk2,0.11277777777777376,0.276958535621902,78.33333333333333,68.2,1427.5,3720.7666666666664,0.0,0,0,0,0,0,0,{}
1776411062,normal,k3s-wk1,0.25255555555555065,0.6424514851619268,417.8666666666667,301.1,13672.533333333333,2086.1666666666665,0.0,0,12,2,0,8,0,"{""process_exit"": 12, ""process_exec"": 12, ""process_kprobe"": 8}"
1776411062,normal,sw-wk3,0.14777777777776968,0.48620933521923626,156.13333333333333,80.0,3075.866666666667,9999.3,0.0,0,1,1,0,0,0,"{""process_exit"": 5, ""process_exec"": 1}"
1776411072,normal,sw-wk2,0.11277777777777376,0.276958535621902,78.33333333333333,68.2,1427.5,3720.7666666666664,0.0,0,2,2,0,0,0,"{""process_exec"": 2}"
1776411072,normal,k3s-wk1,0.25255555555555065,0.6424514851619268,417.8666666666667,301.1,13672.533333333333,2086.1666666666665,0.0,0,12,2,0,8,0,"{""process_exit"": 12, ""process_exec"": 12, ""process_kprobe"": 8}"
1776411072,normal,sw-wk3,0.19499999999995155,0.41127336671891124,156.13333333333333,80.0,6578.633333333333,6574.666666666667,0.0,0,0,0,0,0,0,{}
1776411082,normal,sw-wk2,0.11277777777777376,0.276958535621902,78.33333333333333,68.2,1427.5,3720.7666666666664,0.0,0,104,5,0,0,0,"{""process_exit"": 106, ""process_exec"": 104}"
1776411082,normal,k3s-wk1,0.30160211541456194,0.646391146260765,227.98480101326578,212.65248983401105,34250.48330111326,10703.319778681422,0.0,0,36,3,0,30,0,"{""process_exit"": 36, ""process_exec"": 36, ""process_kprobe"": 30}"
1776411082,normal,sw-wk3,0.19499999999995155,0.41127336671891124,156.13333333333333,80.0,6578.633333333333,6574.666666666667,0.0,0,1,1,0,0,0,"{""process_exit"": 7, ""process_exec"": 1}"
1776411092,normal,sw-wk2,0.1934139919341561,0.28443047007403444,113.18868113188681,97.99020097990201,5328.833783288338,27910.142319101426,0.0,0,0,0,0,0,0,{}
1776411092,normal,k3s-wk1,0.30160211541456194,0.646391146260765,227.98480101326578,212.65248983401105,34250.48330111326,10703.319778681422,0.0,0,39,3,0,32,0,"{""process_exit"": 39, ""process_exec"": 39, ""process_kprobe"": 32}"
1776411092,normal,sw-wk3,0.19499999999995155,0.41127336671891124,156.13333333333333,80.0,6578.633333333333,6574.666666666667,0.0,0,0,0,0,0,0,{}
1776411102,normal,sw-wk2,0.1934139919341561,0.28443047007403444,113.18868113188681,97.99020097990201,5328.833783288338,27910.142319101426,0.0,0,0,0,0,0,0,{}
1776411102,normal,k3s-wk1,0.30160211541456194,0.646391146260765,227.98480101326578,212.65248983401105,34250.48330111326,10703.319778681422,0.0,0,15,2,0,10,0,"{""process_exit"": 15, ""process_exec"": 15, ""process_kprobe"": 10}"
1776411102,normal,sw-wk3,0.14966666666672002,0.4049307440396549,154.0,78.0,2855.866666666667,7175.066666666667,0.0,0,1,1,0,0,0,"{""process_exit"": 7, ""process_exec"": 1}"
1776411112,normal,sw-wk2,0.1934139919341561,0.28443047007403444,113.18868113188681,97.99020097990201,5328.833783288338,27910.142319101426,0.0,0,0,0,0,0,0,{}
1776411112,normal,k3s-wk1,0.27295153010196305,0.6397016242917923,215.01433428895263,209.8139875991733,11001.100073338223,5474.631642109474,0.0,0,12,2,0,8,0,"{""process_exit"": 12, ""process_exec"": 12, ""process_kprobe"": 8}"
1776411112,normal,sw-wk3,0.14966666666672002,0.4049307440396549,154.0,78.0,2855.866666666667,7175.066666666667,0.0,0,0,0,0,0,0,{}
1776411122,normal,sw-wk2,0.10585908419170253,0.2781627100934032,116.07053568452282,100.87002900096671,689.8229940998034,3672.7224240808023,0.0,0,0,0,0,0,0,{}
1776411122,normal,k3s-wk1,0.27295153010196305,0.6397016242917923,215.01433428895263,209.8139875991733,11001.100073338223,5474.631642109474,0.0,0,39,3,0,32,0,"{""process_exit"": 39, ""process_exec"": 39, ""process_kprobe"": 32}"
1776411122,normal,sw-wk3,0.14966666666672002,0.4049307440396549,154.0,78.0,2855.866666666667,7175.066666666667,0.0,0,0,0,0,0,0,{}
1776411132,normal,sw-wk2,0.10585908419170253,0.2781627100934032,116.07053568452282,100.87002900096671,689.8229940998034,3672.722424080803,0.0,0,106,7,0,0,0,"{""process_exec"": 106, ""process_exit"": 106}"
1776411132,normal,k3s-wk1,0.27295153010196305,0.6397016242917923,215.01433428895263,209.8139875991733,11001.100073338223,5474.631642109474,0.0,0,36,3,0,30,0,"{""process_exit"": 37, ""process_exec"": 36, ""process_kprobe"": 30}"
1776411132,normal,sw-wk3,0.15811111111110632,0.40631809319928136,160.6,86.0,2241.4666666666667,5213.6,0.0,0,0,0,0,0,0,{}
1776411142,normal,sw-wk2,0.10585908419170253,0.2781627100934032,116.07053568452282,100.87002900096671,689.8229940998034,3672.722424080803,0.0,0,0,0,0,0,0,{}
1776411142,normal,k3s-wk1,0.2990000000000389,0.6408553015534004,216.79999999999998,217.26666666666665,33142.6,9340.566666666666,0.0,0,36,3,0,30,0,"{""process_exit"": 36, ""process_exec"": 36, ""process_kprobe"": 30}"
1776411142,normal,sw-wk3,0.15811111111110632,0.40631809319928136,160.6,86.0,2241.4666666666667,5213.6,0.0,0,1,1,0,0,0,"{""process_exit"": 15, ""process_exec"": 1}"
1776411152,normal,sw-wk2,0.19350178900815695,0.2824171413280324,116.0744049603307,100.87339155943731,5368.857923861591,27921.761450763388,0.0,0,0,0,0,0,0,{}
1776411152,normal,k3s-wk1,0.2990000000000389,0.6408553015534004,216.79999999999998,217.26666666666665,33142.6,9340.566666666666,0.0,0,9,2,0,6,0,"{""process_exit"": 9, ""process_exec"": 9, ""process_kprobe"": 6}"
1776411152,normal,sw-wk3,0.15811111111110632,0.40631809319928136,160.6,86.0,2241.4666666666667,5213.6,0.0,0,0,0,0,0,0,{}
1776411162,normal,sw-wk2,0.19350178900815695,0.2824171413280324,116.0744049603307,100.87339155943731,5368.857923861591,27921.761450763388,0.0,0,0,0,0,0,0,{}
1776411162,normal,k3s-wk1,0.2990000000000389,0.6408553015534004,216.79999999999998,217.26666666666665,33142.6,9340.566666666666,0.0,0,18,2,0,12,0,"{""process_exit"": 18, ""process_exec"": 18, ""process_kprobe"": 12}"
1776411162,normal,sw-wk3,0.15155555555554912,0.407012564190782,156.13333333333333,80.0,2980.0,7278.333333333333,0.0,0,0,0,0,0,0,{}
1776411172,normal,sw-wk2,0.19350178900815695,0.2824171413280324,116.0744049603307,100.87339155943731,5368.857923861591,27921.761450763388,0.0,0,0,0,0,0,0,{}
1776411172,normal,k3s-wk1,0.25777777777774546,0.6425598540632129,208.66666666666666,208.66666666666666,11451.3,1909.5,0.0,0,36,3,0,30,0,"{""process_exit"": 36, ""process_exec"": 36, ""process_kprobe"": 30}"
1776411172,normal,sw-wk3,0.15155555555554912,0.407012564190782,156.13333333333333,80.0,2980.0,7278.333333333333,0.0,0,1,1,0,0,0,"{""process_exit"": 3, ""process_exec"": 1}"
1776411183,normal,sw-wk2,0.14044444444445814,0.28566331536628564,55628.1,1217.9333333333334,2643.9666666666667,4031.1,0.0,0,6,6,0,0,0,"{""process_exec"": 6, ""process_exit"": 4}"
1776411183,normal,k3s-wk1,0.25777777777774546,0.6425598540632129,208.66666666666666,208.66666666666666,11451.3,1909.5,0.0,0,21,2,0,14,0,"{""process_exit"": 21, ""process_exec"": 21, ""process_kprobe"": 14}"
1776411183,normal,sw-wk3,0.15155555555554912,0.407012564190782,156.13333333333333,80.0,2980.0,7278.333333333333,0.0,0,0,0,0,0,0,{}
1776411192,normal,sw-wk2,0.14044444444445814,0.28566331536628564,55628.1,1217.9333333333334,2643.9666666666667,4031.1,0.0,0,0,0,0,0,0,{}
1776411192,normal,k3s-wk1,0.25777777777774546,0.6425598540632129,208.66666666666666,208.66666666666666,11451.3,1909.5,0.0,0,30,3,0,26,0,"{""process_exit"": 30, ""process_exec"": 30, ""process_kprobe"": 26}"
1776411192,normal,sw-wk3,0.14766666666667627,0.40825655924665827,104.8,54.0,4414.3,5865.7,0.0,0,0,0,0,0,0,{}
1776411202,normal,sw-wk2,0.14044444444445814,0.28566331536628564,55628.1,1217.9333333333334,2643.9666666666667,4031.1,0.0,0,9,3,0,0,0,"{""process_exit"": 10, ""process_exec"": 9}"
1776411202,normal,k3s-wk1,0.30677777777778426,0.6409173879030956,213.73333333333338,208.66666666666666,11213.066666666666,11802.833333333334,0.0,0,30,3,0,26,0,"{""process_exit"": 30, ""process_exec"": 30, ""process_kprobe"": 26}"
1776411202,normal,sw-wk3,0.14766666666667627,0.40825655924665827,104.8,54.0,4414.3,5865.7,0.0,0,0,0,0,0,0,{}
1776411212,normal,sw-wk2,0.19983112236959477,0.2827659696471577,87649.9233384441,494.5670288647423,7498.0667955469635,9684.321045263649,0.0,0,15,1,0,0,0,"{""process_exec"": 15, ""process_exit"": 15}"
1776411212,normal,k3s-wk1,0.30677777777778426,0.6409173879030956,213.73333333333332,208.66666666666666,11213.066666666666,11802.833333333334,0.0,0,37,3,0,31,0,"{""process_exit"": 37, ""process_exec"": 37, ""process_kprobe"": 31}"
1776411212,normal,sw-wk3,0.14766666666667627,0.40825655924665827,104.8,54.0,4414.3,5865.7,0.0,0,1,1,0,0,0,"{""process_exit"": 7, ""process_exec"": 1}"
1776411222,normal,sw-wk2,0.19983112236959477,0.2827659696471577,87649.9233384441,494.5670288647423,7498.0667955469635,9684.321045263649,0.0,0,25,1,0,0,0,"{""process_exec"": 25, ""process_exit"": 25}"
1776411222,normal,k3s-wk1,0.30677777777778426,0.6409173879030956,213.73333333333332,208.66666666666666,11213.066666666666,11802.833333333334,0.0,0,56,3,0,49,0,"{""process_exit"": 56, ""process_exec"": 56, ""process_kprobe"": 49}"
1776411222,normal,sw-wk3,0.149697272676807,0.4037472762720288,156.10731544742544,79.98666888851858,3958.7402099650058,6047.492084652558,0.0,0,0,0,0,0,0,{}
1776411232,normal,sw-wk2,0.19983112236959477,0.2827659696471577,87649.9233384441,494.5670288647423,7498.0667955469635,9684.321045263649,0.0,0,16,1,0,0,0,"{""process_exec"": 16, ""process_exit"": 16}"
1776411232,normal,k3s-wk1,0.296333333333314,0.6507349330539824,228.0,211.79999999999998,23996.2,7038.2,0.0,0,36,3,0,30,0,"{""process_exit"": 36, ""process_exec"": 36, ""process_kprobe"": 30}"
1776411232,normal,sw-wk3,0.14969727267680677,0.4037472762720288,156.10731544742544,79.98666888851858,3958.7402099650058,6047.492084652558,0.0,0,1,1,0,0,0,"{""process_exit"": 11, ""process_exec"": 1}"
1776411242,normal,sw-wk2,0.10244444444445744,0.28144233342253144,75.76666666666667,68.2,1193.3,15409.933333333332,0.0,0,16,1,0,0,0,"{""process_exec"": 16, ""process_exit"": 16}"
1776411242,normal,k3s-wk1,0.296333333333314,0.6507349330539824,228.0,211.79999999999998,23996.2,7038.2,0.0,0,36,3,0,30,0,"{""process_exit"": 36, ""process_exec"": 36, ""process_kprobe"": 30}"
1776411242,normal,sw-wk3,0.14969727267680677,0.4037472762720288,156.10731544742544,79.98666888851858,3958.7402099650058,6047.492084652558,0.0,0,0,0,0,0,0,{}
1776411252,normal,sw-wk2,0.10244444444445744,0.28144233342253144,75.76666666666667,68.2,1193.3,15409.933333333332,0.0,0,17,1,0,0,0,"{""process_exec"": 17, ""process_exit"": 17}"
1776411252,normal,k3s-wk1,0.296333333333314,0.6507349330539824,228.0,211.79999999999998,23996.2,7038.2,0.0,0,33,3,0,28,0,"{""process_exit"": 33, ""process_exec"": 33, ""process_kprobe"": 28}"
1776411252,normal,sw-wk3,0.1554147913540742,0.40351631688265355,156.15935989331558,80.01333555592598,3945.7909651608597,7081.38023003834,0.0,0,0,0,0,0,0,"{""process_exit"": 7}"
1776411262,normal,sw-wk2,0.10244444444445744,0.28144233342253144,75.76666666666667,68.2,1193.3,15409.933333333332,0.0,0,0,0,0,0,0,{}
1776411262,normal,k3s-wk1,0.30322222222227246,0.642045101782104,236.53333333333333,208.66666666666666,23655.4,9895.766666666666,0.0,0,39,3,0,32,0,"{""process_exit"": 39, ""process_exec"": 39, ""process_kprobe"": 32}"
1776411262,normal,sw-wk3,0.1554147913540742,0.40351631688265355,156.15935989331552,80.01333555592598,3945.7909651608597,7081.380230038339,0.0,0,1,1,0,0,0,"{""process_exit"": 4, ""process_exec"": 1}"
1776411272,normal,sw-wk2,0.19572415938841248,0.28970590109203975,108.54056937129143,105.87372491499434,8182.512167477832,15140.409360624042,0.0,0,0,0,0,0,0,{}
1776411272,normal,k3s-wk1,0.30322222222227246,0.642045101782104,236.53333333333333,208.66666666666666,23655.4,9895.766666666666,0.0,0,96,3,0,88,0,"{""process_exit"": 96, ""process_exec"": 96, ""process_kprobe"": 88}"
1776411272,normal,sw-wk3,0.1554147913540742,0.40351631688265355,156.15935989331552,80.01333555592598,3945.7909651608597,7081.380230038339,0.0,0,1,1,0,0,0,"{""process_exit"": 15, ""process_exec"": 1}"
1776411283,normal,sw-wk2,0.19572415938841248,0.28970590109203975,108.54056937129143,105.87372491499434,8182.512167477832,15140.409360624042,0.0,0,0,0,0,0,0,{}
1776411283,normal,k3s-wk1,0.30322222222227246,0.642045101782104,236.53333333333333,208.66666666666666,23655.4,9895.766666666666,0.0,0,36,3,0,30,0,"{""process_exit"": 36, ""process_exec"": 36, ""process_kprobe"": 30}"
1776411283,normal,sw-wk3,0.15439134395340226,0.4086388368566587,153.96920615876826,77.98440311937614,3907.951742984737,8869.226154769047,0.0,0,0,0,0,0,0,{}
1776411292,normal,sw-wk2,0.19572415938841248,0.28970590109203975,108.54056937129143,105.87372491499434,8182.512167477832,15140.409360624042,0.0,0,0,0,0,0,0,{}
1776411292,normal,k3s-wk1,0.322666666666636,0.6444405060376153,234.0,208.66666666666666,13150.366666666669,9494.0,0.0,0,33,3,0,28,0,"{""process_exit"": 33, ""process_exec"": 33, ""process_kprobe"": 28}"
1776411292,normal,sw-wk3,0.15439134395340226,0.4086388368566587,153.96920615876826,77.98440311937614,3907.951742984737,8869.226154769047,0.0,0,0,0,0,0,0,{}
1776411303,normal,sw-wk2,0.12900000000000655,0.2827197777692827,108.13333333333333,98.0,4061.9666666666676,4162.9,0.0,0,0,0,0,0,0,{}
1776411303,normal,k3s-wk1,0.322666666666636,0.6444405060376153,234.0,208.66666666666666,13150.366666666667,9494.0,0.0,0,15,2,0,10,0,"{""process_exit"": 15, ""process_exec"": 15, ""process_kprobe"": 10}"
1776411303,normal,sw-wk3,0.15439134395340226,0.4086388368566587,153.96920615876826,77.98440311937614,3907.951742984737,8869.226154769047,0.0,0,1,1,0,0,0,"{""process_exit"": 3, ""process_exec"": 1}"
1776411312,normal,sw-wk2,0.12900000000000655,0.2827197777692827,108.13333333333333,98.0,4061.9666666666667,4162.9,0.0,0,0,0,0,0,0,{}
1776411312,normal,k3s-wk1,0.322666666666636,0.6444405060376153,234.0,208.66666666666666,13150.366666666667,9494.0,0.0,0,12,2,0,8,0,"{""process_exit"": 12, ""process_exec"": 12, ""process_kprobe"": 8}"
1776411312,normal,sw-wk3,0.17572403369564737,0.40660480140678157,156.16456624658264,80.01600320064013,3271.4542908581716,5792.791891711675,0.0,0,0,0,0,0,0,{}
1776411323,normal,sw-wk2,0.12900000000000655,0.2827197777692827,108.13333333333333,98.0,4061.9666666666667,4162.9,0.0,0,0,0,0,0,0,{}
1776411323,normal,k3s-wk1,0.3055555555555556,0.6464791959930598,223.86666666666667,208.66666666666666,10020.866666666667,11148.633333333333,0.0,0,36,3,0,30,0,"{""process_exit"": 36, ""process_exec"": 36, ""process_kprobe"": 30}"
1776411323,normal,sw-wk3,0.17572403369564737,0.40660480140678157,156.16456624658264,80.01600320064013,3271.4542908581716,5792.791891711675,0.0,0,0,0,0,0,0,{}
1776411332,normal,sw-wk2,0.1938888888888768,0.28357353109828354,116.06666666666666,100.86666666666666,5314.566666666667,4152.333333333333,0.0,0,0,0,0,0,0,{}
1776411332,normal,k3s-wk1,0.3055555555555556,0.6464791959930598,223.86666666666667,208.66666666666666,10020.866666666667,11148.633333333333,0.0,0,42,3,0,34,0,"{""process_exit"": 42, ""process_exec"": 42, ""process_kprobe"": 34}"
1776411332,normal,sw-wk3,0.17572403369564737,0.40660480140678157,156.16456624658264,80.01600320064013,3271.4542908581716,5792.791891711675,0.0,0,0,0,0,0,0,{}
1776411343,normal,sw-wk2,0.1938888888888768,0.28357353109828354,116.06666666666666,100.86666666666666,5314.566666666667,4152.333333333333,0.0,0,0,0,0,0,0,{}
1776411343,normal,k3s-wk1,0.3055555555555556,0.6464791959930598,223.86666666666667,208.66666666666666,10020.866666666667,11148.633333333333,0.0,0,15,2,0,10,0,"{""process_exit"": 15, ""process_exec"": 15, ""process_kprobe"": 10}"
1776411343,normal,sw-wk3,0.16544444444443807,0.39985123029677483,156.13333333333333,80.0,2996.733333333333,5201.633333333333,0.0,0,1,1,0,0,0,"{""process_exit"": 3, ""process_exec"": 1}"
1776411353,normal,sw-wk2,0.1938888888888768,0.28357353109828354,116.06666666666666,100.86666666666666,5314.566666666667,4152.333333333333,0.0,0,0,0,0,0,0,{}
1776411353,normal,k3s-wk1,0.26054303870593576,0.6450624983772886,220.97053726169844,205.7725636581789,9229.469404079457,1732.768964138115,0.0,0,33,3,0,28,0,"{""process_exit"": 33, ""process_exec"": 33, ""process_kprobe"": 28}"
1776411353,normal,sw-wk3,0.16544444444443807,0.39985123029677483,156.13333333333333,80.0,2996.733333333333,5201.633333333333,0.0,0,0,0,0,0,0,{}
1776411363,normal,sw-wk2,0.09988888888888647,0.28079086866215575,113.2,98.0,466.0333333333333,3517.4666666666667,0.0,0,0,0,0,0,0,{}
1776411363,normal,k3s-wk1,0.26054303870593576,0.6450624983772886,220.97053726169844,205.7725636581789,9229.469404079457,1732.768964138115,0.0,0,33,3,0,28,0,"{""process_exit"": 33, ""process_exec"": 33, ""process_kprobe"": 28}"
1776411363,normal,sw-wk3,0.16544444444443807,0.39985123029677483,156.13333333333333,80.0,2996.733333333333,5201.633333333333,0.0,0,0,0,0,0,0,{}
1776411373,normal,sw-wk2,0.09988888888888647,0.28079086866215575,113.2,98.0,466.0333333333333,3517.4666666666667,0.0,0,0,0,0,0,0,{}
1776411373,normal,k3s-wk1,0.26054303870593576,0.6450624983772886,220.97053726169844,205.7725636581789,9229.469404079457,1732.768964138115,0.0,0,39,3,0,32,0,"{""process_exit"": 39, ""process_exec"": 39, ""process_kprobe"": 32}"
1776411373,normal,sw-wk3,0.15522222222223514,0.41083534029078583,102.66666666666667,52.0,2203.8333333333335,5650.766666666666,0.0,0,1,1,0,0,0,"{""process_exit"": 7, ""process_exec"": 1}"
1776411383,normal,sw-wk2,0.09988888888888647,0.28079086866215575,113.2,98.0,466.0333333333333,3517.4666666666667,0.0,0,0,0,0,0,0,{}
1776411383,normal,k3s-wk1,0.3007544695934681,0.6427325669996377,228.94096469882328,208.67362245408182,10268.342278075937,9145.038167938932,0.0,0,60,3,0,52,0,"{""process_exit"": 60, ""process_exec"": 60, ""process_kprobe"": 52}"
1776411383,normal,sw-wk3,0.15522222222223514,0.41083534029078583,102.66666666666667,52.0,2203.8333333333335,5650.766666666666,0.0,0,0,0,0,0,0,{}
1776411393,normal,sw-wk2,0.2104444444444299,0.2826433222472826,111.0,100.86666666666666,5173.733333333334,4076.5666666666666,0.0,0,0,0,0,0,0,{}
1776411393,normal,k3s-wk1,0.3007544695934681,0.6427325669996377,228.9409646988233,208.67362245408182,10268.342278075937,9145.038167938932,0.0,0,78,3,0,70,0,"{""process_exit"": 78, ""process_exec"": 78, ""process_kprobe"": 70}"
1776411393,normal,sw-wk3,0.15522222222223514,0.41083534029078583,102.66666666666667,52.0,2203.8333333333335,5650.766666666666,0.0,0,1,1,0,0,0,"{""process_exit"": 3, ""process_exec"": 1}"
1776411403,normal,sw-wk2,0.2104444444444299,0.2826433222472826,111.0,100.86666666666666,5173.733333333334,4076.5666666666666,0.0,0,0,0,0,0,0,{}
1776411403,normal,k3s-wk1,0.3007544695934681,0.6427325669996377,228.9409646988233,208.67362245408182,10268.342278075937,9145.038167938932,0.0,0,33,3,0,28,0,"{""process_exit"": 33, ""process_exec"": 33, ""process_kprobe"": 28}"
1776411403,normal,sw-wk3,0.15333333333332522,0.40443537597002943,156.13333333333333,80.0,4150.6,6718.4,0.0,0,0,0,0,0,0,{}
1776411413,normal,sw-wk2,0.2104444444444299,0.2826433222472826,111.0,100.86666666666666,5173.733333333334,4076.5666666666666,0.0,0,0,0,0,0,0,{}
1776411413,normal,k3s-wk1,0.29481837072593076,0.6450117004548107,239.09057572423907,208.6875354202087,9657.999133246658,5226.889355602227,0.0,0,12,2,0,8,0,"{""process_exit"": 12, ""process_exec"": 12, ""process_kprobe"": 8}"
1776411413,normal,sw-wk3,0.15333333333332522,0.40443537597002943,156.13333333333333,80.0,4150.6,6718.4,0.0,0,0,0,0,0,0,{}
1776411423,normal,sw-wk2,0.1561673666200153,0.2809230730022809,728.5180987934137,413.9724018398773,2375.0749950003333,4047.2635157656155,0.0,0,0,0,0,0,0,{}
1776411423,normal,k3s-wk1,0.29481837072593076,0.6450117004548107,239.09057572423907,208.6875354202087,9657.999133246658,5226.889355602227,0.0,0,12,2,0,8,0,"{""process_exit"": 12, ""process_exec"": 12, ""process_kprobe"": 8}"
1776411423,normal,sw-wk3,0.15333333333332522,0.40443537597002943,156.13333333333333,80.0,4150.6,6718.4,0.0,0,0,0,0,0,0,{}
1776411433,normal,sw-wk2,0.1561673666200153,0.2809230730022809,728.5180987934137,413.9724018398773,2375.0749950003333,4047.2635157656155,0.0,0,0,0,0,0,0,{}
1776411433,normal,k3s-wk1,0.29481837072593076,0.6450117004548107,239.09057572423907,208.6875354202087,9657.999133246658,5226.889355602227,0.0,0,33,3,0,28,0,"{""process_exit"": 34, ""process_exec"": 33, ""process_kprobe"": 28}"
1776411433,normal,sw-wk3,0.15355555555559275,0.40546911834040544,154.0,78.0,2818.1666666666665,5246.033333333333,0.0,0,1,1,0,0,0,"{""process_exit"": 3, ""process_exec"": 1}"
1776411443,normal,sw-wk2,0.1561673666200153,0.2809230730022809,728.5180987934137,413.9724018398773,2375.0749950003333,4047.2635157656155,0.0,0,0,0,0,0,0,{}
1776411443,normal,k3s-wk1,0.27344444444449134,0.6437823907308466,235.6,211.79999999999998,10246.533333333333,7071.333333333333,0.0,0,15,2,0,10,0,"{""process_exit"": 15, ""process_exec"": 15, ""process_kprobe"": 10}"
1776411443,normal,sw-wk3,0.15355555555559275,0.40546911834040544,154.0,78.0,2818.1666666666665,5246.033333333333,0.0,0,0,0,0,0,0,{}
1776411453,normal,sw-wk2,0.2005555555555475,0.28906717891866407,152.6,153.2,5348.166666666667,4485.566666666667,0.0,0,0,0,0,0,0,{}
1776411453,normal,k3s-wk1,0.27344444444449134,0.6437823907308466,235.6,211.79999999999998,10246.533333333333,7071.333333333333,0.0,0,54,3,0,48,0,"{""process_exit"": 54, ""process_exec"": 54, ""process_kprobe"": 48}"
1776411453,normal,sw-wk3,0.15355555555559275,0.40546911834040544,154.0,78.0,2818.1666666666665,5246.033333333333,0.0,0,0,0,0,0,0,{}
1776411463,normal,sw-wk2,0.2005555555555475,0.28906717891866407,152.6,153.2,5348.166666666667,4485.566666666667,0.0,0,0,0,0,0,0,{}
1776411463,normal,k3s-wk1,0.27344444444449134,0.6437823907308466,235.6,211.79999999999998,10246.533333333333,7071.333333333333,0.0,0,30,3,0,26,0,"{""process_exit"": 30, ""process_exec"": 30, ""process_kprobe"": 26}"
1776411463,normal,sw-wk3,0.14711111111112896,0.4051967455432802,156.13333333333333,80.0,3094.8333333333335,5898.233333333334,0.0,0,0,0,0,0,0,{}
1776411473,normal,sw-wk2,0.2005555555555475,0.28906717891866407,152.6,153.2,5348.166666666667,4485.566666666667,0.0,0,0,0,0,0,0,{}
1776411473,normal,k3s-wk1,0.27044444444440563,0.6407491903375578,228.83333333333337,208.66666666666666,9152.466666666667,4247.0,0.0,0,54,3,0,48,0,"{""process_exit"": 54, ""process_exec"": 54, ""process_kprobe"": 48}"
1776411473,normal,sw-wk3,0.14711111111112896,0.4051967455432802,156.13333333333333,80.0,3094.8333333333335,5898.233333333334,0.0,0,1,1,0,0,0,"{""process_exit"": 3, ""process_exec"": 1}"
1776411483,normal,sw-wk2,0.11460764050938421,0.28327885877390824,184.67897859857325,184.5456363757584,536.5691046069738,3837.2558170544708,0.0,0,0,0,0,0,0,{}
1776411483,normal,k3s-wk1,0.27044444444440563,0.6407491903375578,228.83333333333334,208.66666666666666,9152.466666666667,4247.0,0.0,0,31,3,0,27,0,"{""process_exit"": 31, ""process_exec"": 31, ""process_kprobe"": 27}"
1776411483,normal,sw-wk3,0.14711111111112896,0.4051967455432802,156.13333333333333,80.0,3094.8333333333335,5898.233333333334,0.0,0,0,0,0,0,0,{}
1776411493,normal,sw-wk2,0.11460764050938421,0.28327885877390824,184.67897859857325,184.5456363757584,536.5691046069738,3837.2558170544708,0.0,0,0,0,0,0,0,{}
1776411493,normal,k3s-wk1,0.27044444444440563,0.6407491903375578,228.83333333333334,208.66666666666666,9152.466666666667,4247.0,0.0,0,41,3,0,33,0,"{""process_exit"": 41, ""process_exec"": 41, ""process_kprobe"": 33}"
1776411493,normal,sw-wk3,0.1499999999999596,0.4037998394434038,154.0,78.0,1851.8,5570.6,0.0,0,1,1,0,0,0,"{""process_exit"": 5, ""process_exec"": 1}"
1776411503,normal,sw-wk2,0.11460764050938421,0.28327885877390824,184.67897859857325,184.5456363757584,536.5691046069738,3837.2558170544708,0.0,0,107,7,0,0,0,"{""process_exit"": 109, ""process_exec"": 107}"
1776411503,normal,k3s-wk1,0.30860164877901564,0.6462726177749832,220.9852676488234,205.7862809146057,10844.377041530564,6619.02539830678,0.0,0,84,3,0,74,0,"{""process_exit"": 84, ""process_exec"": 84, ""process_kprobe"": 74}"
1776411503,normal,sw-wk3,0.1499999999999596,0.4037998394434038,154.0,78.0,1851.8,5570.6,0.0,0,0,0,0,0,0,{}
1776411513,normal,sw-wk2,0.20477777777778094,0.2875237330682875,197.0,181.66666666666666,8468.6,29159.666666666668,0.0,0,3,2,0,0,0,"{""process_exit"": 3, ""process_exec"": 3}"
1776411513,normal,k3s-wk1,0.30860164877901564,0.6462726177749832,220.9852676488234,205.7862809146057,10844.377041530564,6619.02539830678,0.0,0,15,2,0,10,0,"{""process_exit"": 15, ""process_exec"": 15, ""process_kprobe"": 10}"
1776411513,normal,sw-wk3,0.1499999999999596,0.4037998394434038,154.0,78.0,1851.8,5570.6,0.0,0,1,1,0,0,0,"{""process_exit"": 9, ""process_exec"": 1}"
1776411523,normal,sw-wk2,0.20477777777778094,0.2875237330682875,197.0,181.66666666666666,8468.6,29159.666666666668,0.0,0,4,2,0,0,0,"{""process_exit"": 4, ""process_exec"": 4}"
1776411523,normal,k3s-wk1,0.30860164877901564,0.6462726177749832,220.9852676488234,205.7862809146057,10844.377041530564,6619.02539830678,0.0,0,36,3,0,30,0,"{""process_exit"": 36, ""process_exec"": 36, ""process_kprobe"": 30}"
1776411523,normal,sw-wk3,0.16488888888889053,0.40510595461090515,156.13333333333333,80.0,5216.833333333333,7275.4,0.0,0,0,0,0,0,0,{}
1776411533,normal,sw-wk2,0.20477777777778094,0.2875237330682875,197.0,181.66666666666666,8468.6,29159.666666666668,0.0,0,2,2,0,0,0,"{""process_exit"": 4, ""process_exec"": 2}"
1776411533,normal,k3s-wk1,0.2919527968531105,0.6547942514813239,223.814920994733,208.68057870524703,36335.189012600844,9531.835455697048,0.0,0,75,3,0,68,0,"{""process_exit"": 75, ""process_exec"": 75, ""process_kprobe"": 68}"
1776411533,normal,sw-wk3,0.16488888888889053,0.40510595461090515,156.13333333333333,80.0,5216.833333333333,7275.4,0.0,0,0,0,0,0,0,{}
1776411543,normal,sw-wk2,0.1383333333333212,0.28883621952928884,184.66666666666666,169.46666666666667,2611.0,5912.966666666666,0.0,0,2,2,0,0,0,"{""process_exec"": 2}"
1776411543,normal,k3s-wk1,0.2919527968531105,0.6547942514813239,223.814920994733,208.68057870524703,36335.189012600844,9531.835455697048,0.0,0,36,3,0,30,0,"{""process_exit"": 36, ""process_exec"": 36, ""process_kprobe"": 30}"
1776411543,normal,sw-wk3,0.16488888888889053,0.40510595461090515,156.13333333333333,80.0,5216.833333333333,7275.4,0.0,0,0,0,0,0,0,{}
1776411553,normal,sw-wk2,0.1383333333333212,0.28883621952928884,184.66666666666666,169.46666666666667,2611.0,5912.966666666666,0.0,0,0,0,0,0,0,{}
1776411553,normal,k3s-wk1,0.2919527968531105,0.6547942514813239,223.814920994733,208.68057870524703,36335.189012600844,9531.835455697048,0.0,0,63,3,0,54,0,"{""process_exit"": 63, ""process_exec"": 63, ""process_kprobe"": 54}"
1776411553,normal,sw-wk3,0.16166666666665863,0.40893510200440897,160.6,83.0,4696.733333333334,5386.766666666666,0.0,0,1,1,0,0,0,"{""process_exit"": 9, ""process_exec"": 1}"
1776411563,normal,sw-wk2,0.1383333333333212,0.28883621952928884,184.66666666666666,169.46666666666667,2611.0,5912.966666666666,0.0,0,104,5,0,0,0,"{""process_exit"": 106, ""process_exec"": 104}"
1776411563,normal,k3s-wk1,0.3029353598648802,0.65261897155655,223.85174321711887,208.65275648290114,11819.612025864943,9626.124925004999,0.0,0,60,3,0,52,0,"{""process_exit"": 60, ""process_exec"": 60, ""process_kprobe"": 52}"
1776411563,normal,sw-wk3,0.16166666666665863,0.40893510200440897,160.6,83.0,4696.733333333334,5386.766666666666,0.0,0,0,0,0,0,0,{}
1776411573,normal,sw-wk2,0.20422222222223352,0.28418995374440914,113.16666666666667,98.0,6137.233333333334,28094.266666666666,0.0,0,0,0,0,0,0,{}
1776411573,normal,k3s-wk1,0.3029353598648802,0.65261897155655,223.85174321711887,208.65275648290114,11819.612025864943,9626.124925004999,0.0,0,57,3,0,50,0,"{""process_exit"": 57, ""process_exec"": 57, ""process_kprobe"": 50}"
1776411573,normal,sw-wk3,0.16166666666665863,0.40893510200440897,160.6,83.0,4696.733333333334,5386.766666666666,0.0,0,0,0,0,0,0,{}
1776411583,normal,sw-wk2,0.20422222222223352,0.28418995374440914,113.16666666666667,98.0,6137.233333333334,28094.266666666666,0.0,0,0,0,0,0,0,{}
1776411583,normal,k3s-wk1,0.3029353598648802,0.65261897155655,223.85174321711887,208.65275648290114,11819.612025864943,9626.124925004999,0.0,0,42,3,0,34,0,"{""process_exit"": 42, ""process_exec"": 42, ""process_kprobe"": 34}"
1776411583,normal,sw-wk3,0.15066666666668127,0.4033904838360284,102.66666666666667,55.0,3059.7,6581.366666666667,0.0,0,1,1,0,0,0,"{""process_exit"": 15, ""process_exec"": 1}"
1776411593,normal,sw-wk2,0.20422222222223352,0.28418995374440914,113.16666666666667,98.0,6137.233333333334,28094.266666666666,0.0,0,0,0,0,0,0,{}
1776411593,normal,k3s-wk1,0.29317510056225327,0.6506412391080788,220.98139875991734,205.81372091472767,34777.58517234483,6823.3548903260225,0.0,0,123,3,0,112,0,"{""process_exit"": 123, ""process_exec"": 123, ""process_kprobe"": 112}"
1776411593,normal,sw-wk3,0.15066666666668127,0.4033904838360284,102.66666666666667,55.0,3059.7,6581.366666666667,0.0,0,0,0,0,0,0,{}
1776411603,normal,sw-wk2,0.11111111111111116,0.2872784382685373,100.86666666666666,100.86666666666666,537.6333333333333,3589.0666666666666,0.0,0,0,0,0,0,0,{}
1776411603,normal,k3s-wk1,0.29317510056225327,0.6506412391080788,220.98139875991734,205.81372091472767,34777.58517234483,6823.3548903260225,0.0,0,99,3,0,90,0,"{""process_exit"": 99, ""process_exec"": 99, ""process_kprobe"": 90}"
1776411603,normal,sw-wk3,0.15066666666668127,0.4033904838360284,102.66666666666667,55.0,3059.7,6581.366666666667,0.0,0,1,1,0,0,0,"{""process_exit"": 3, ""process_exec"": 1}"
1776411613,normal,sw-wk2,0.11111111111111116,0.2872784382685373,100.86666666666666,100.86666666666666,537.6333333333333,3589.0666666666666,0.0,0,106,7,0,0,0,"{""process_exec"": 106, ""process_exit"": 106}"
1776411613,normal,k3s-wk1,0.29317510056225327,0.6506412391080788,220.98139875991734,205.81372091472767,34777.58517234483,6823.3548903260225,0.0,0,9,2,0,6,0,"{""process_exit"": 9, ""process_exec"": 9, ""process_kprobe"": 6}"
1776411613,normal,sw-wk3,0.15011111111109332,0.4039113370796539,156.13333333333333,80.0,2549.733333333333,7771.7,0.0,0,0,0,0,0,0,{}
1776411623,normal,sw-wk2,0.11111111111111116,0.2872784382685373,100.86666666666666,100.86666666666666,537.6333333333333,3589.0666666666666,0.0,0,0,0,0,0,0,{}
1776411623,normal,k3s-wk1,0.3176666666666278,0.6414411709259784,223.8666666666667,208.66666666666666,33614.13333333333,9435.366666666667,0.0,0,36,3,0,30,0,"{""process_exit"": 36, ""process_exec"": 36, ""process_kprobe"": 30}"
1776411623,normal,sw-wk3,0.15011111111109332,0.4039113370796539,156.13333333333333,80.0,2549.733333333333,7771.7,0.0,0,0,0,0,0,0,{}
1776411633,normal,sw-wk2,0.2119999999999992,0.2906663735871656,65.33333333333333,65.33333333333333,5903.066666666667,27950.533333333333,0.0,0,0,0,0,0,0,{}
1776411633,normal,k3s-wk1,0.3176666666666278,0.6414411709259784,223.86666666666667,208.66666666666666,33614.13333333333,9435.366666666667,0.0,0,12,2,0,8,0,"{""process_exit"": 12, ""process_exec"": 12, ""process_kprobe"": 8}"
1776411633,normal,sw-wk3,0.15011111111109332,0.4039113370796539,156.13333333333333,80.0,2549.733333333333,7771.7,0.0,0,12,10,2,2,0,"{""process_exec"": 12, ""process_exit"": 12, ""process_kprobe"": 2}"
1776411643,normal,sw-wk2,0.2119999999999992,0.2906663735871656,65.33333333333333,65.33333333333333,5903.066666666667,27950.533333333333,0.0,0,0,0,0,0,0,{}
1776411643,normal,k3s-wk1,0.3176666666666278,0.6414411709259784,223.86666666666667,208.66666666666666,33614.13333333333,9435.366666666667,0.0,0,33,3,0,28,0,"{""process_exit"": 33, ""process_exec"": 33, ""process_kprobe"": 28}"
1776411643,normal,sw-wk3,0.19555555555557957,0.4079332161015329,154.0,90.33333333333333,5456.566666666667,7990.833333333333,0.0,0,0,0,0,2,0,"{""process_kprobe"": 2}"
1776411653,normal,sw-wk2,0.2119999999999992,0.2906663735871656,65.33333333333333,65.33333333333333,5903.066666666667,27950.533333333333,0.0,0,0,0,0,0,0,{}
1776411653,normal,k3s-wk1,0.28311111111118714,0.6404963295678903,420.56666666666666,298.23333333333335,14044.4,5037.0666666666675,0.0,0,36,3,0,30,0,"{""process_exit"": 36, ""process_exec"": 36, ""process_kprobe"": 30}"
1776411653,normal,sw-wk3,0.1955555555555798,0.4079332161015329,154.0,90.33333333333333,5456.566666666667,7990.833333333333,0.0,0,1,1,0,2,0,"{""process_exit"": 15, ""process_kprobe"": 2, ""process_exec"": 1}"
1776411663,normal,sw-wk2,0.10742259107422425,0.28501344342928503,100.85658100856581,100.85658100856581,550.9782355097824,3614.671866146718,0.0,0,6,5,0,0,0,"{""process_exec"": 6, ""process_exit"": 5}"
1776411663,normal,k3s-wk1,0.28311111111118714,0.6404963295678903,420.56666666666666,298.23333333333335,14044.4,5037.066666666667,0.0,0,25,3,0,18,0,"{""process_exit"": 25, ""process_exec"": 25, ""process_kprobe"": 18}"
1776411663,normal,sw-wk3,0.1955555555555798,0.4079332161015329,154.0,90.33333333333333,5456.566666666667,7990.833333333333,0.0,0,0,0,0,1,0,"{""process_kprobe"": 1}"
1776411673,normal,sw-wk2,0.10742259107422425,0.28501344342928503,100.85658100856581,100.85658100856581,550.9782355097824,3614.671866146719,0.0,0,100,3,0,0,0,"{""process_exec"": 100, ""process_exit"": 101}"
1776411673,normal,k3s-wk1,0.28311111111118714,0.6404963295678903,420.56666666666666,298.23333333333335,14044.4,5037.066666666667,0.0,0,23,2,0,20,0,"{""process_kprobe"": 20, ""process_exit"": 23, ""process_exec"": 23}"
1776411673,normal,sw-wk3,0.17744444444441698,0.41127177389553626,164.13333333333333,102.20000000000002,2432.5,8348.533333333333,0.0,0,1,1,0,1,0,"{""process_exit"": 3, ""process_exec"": 1, ""process_kprobe"": 1}"
1776411683,normal,sw-wk2,0.10742259107422425,0.28501344342928503,100.85658100856581,100.85658100856581,550.9782355097824,3614.671866146719,0.0,0,0,0,0,0,0,{}
1776411683,normal,k3s-wk1,0.3031111111110577,0.6393381369353952,228.0,212.66666666666666,34211.333333333336,9494.466666666667,0.0,0,60,3,0,52,0,"{""process_exit"": 60, ""process_exec"": 60, ""process_kprobe"": 52}"
1776411683,normal,sw-wk3,0.17744444444441698,0.41127177389553626,164.13333333333333,102.2,2432.5,8348.533333333333,0.0,0,0,0,0,1,0,"{""process_kprobe"": 1}"
1776411693,normal,sw-wk2,0.20003111422251563,0.275051926042025,111.011101110111,100.87675434210087,5553.655365536553,27936.760342700934,0.0,0,0,0,0,0,0,{}
1776411693,normal,k3s-wk1,0.3031111111110577,0.6393381369353952,228.0,212.66666666666666,34211.333333333336,9494.466666666667,0.0,0,57,3,0,50,0,"{""process_exit"": 57, ""process_exec"": 57, ""process_kprobe"": 50}"
1776411693,normal,sw-wk3,0.17744444444441698,0.41127177389553626,164.13333333333333,102.2,2432.5,8348.533333333333,0.0,0,0,0,0,1,0,"{""process_kprobe"": 1}"
1776411703,normal,sw-wk2,0.20003111422251563,0.275051926042025,111.011101110111,100.87675434210087,5553.655365536553,27936.760342700934,0.0,0,0,0,0,0,0,{}
1776411703,normal,k3s-wk1,0.3031111111110577,0.6393381369353952,228.0,212.66666666666666,34211.333333333336,9494.466666666667,0.0,0,12,2,0,8,0,"{""process_exit"": 12, ""process_exec"": 12, ""process_kprobe"": 8}"
1776411703,normal,sw-wk3,0.1481111111111305,0.40790295245740793,162.0,92.8,2766.1666666666665,5933.2,0.0,0,1,1,0,1,0,"{""process_exit"": 5, ""process_exec"": 1, ""process_kprobe"": 1}"
1776411713,normal,sw-wk2,0.20003111422251563,0.275051926042025,111.011101110111,100.87675434210087,5553.655365536553,27936.760342700934,0.0,0,0,0,0,0,0,{}
1776411713,normal,k3s-wk1,0.263222222222248,0.6427088613024813,225.83333333333334,210.66666666666666,10356.0,1969.5333333333333,0.0,0,57,3,0,50,0,"{""process_exit"": 57, ""process_exec"": 57, ""process_kprobe"": 50}"
1776411713,normal,sw-wk3,0.1481111111111305,0.40790295245740793,162.0,92.8,2766.1666666666665,5933.2,0.0,0,0,0,0,0,0,{}
1776411723,normal,sw-wk2,0.11411111111111605,0.2834381411114084,117.66666666666667,104.00000000000001,559.8666666666667,3585.4666666666667,0.0,0,0,0,0,0,0,{}
1776411723,normal,k3s-wk1,0.2632222222222481,0.6427088613024813,225.83333333333334,210.66666666666666,10356.0,1969.5333333333333,0.0,0,75,3,0,68,0,"{""process_exit"": 75, ""process_exec"": 75, ""process_kprobe"": 68}"
1776411723,normal,sw-wk3,0.1481111111111305,0.40790295245740793,162.0,92.8,2766.1666666666665,5933.2,0.0,0,0,0,0,1,0,"{""process_kprobe"": 1}"
1776411733,normal,sw-wk2,0.11411111111111605,0.2834381411114084,117.66666666666667,104.0,559.8666666666667,3585.4666666666667,0.0,0,106,7,0,0,0,"{""process_exec"": 106, ""process_exit"": 106}"
1776411733,normal,k3s-wk1,0.2632222222222481,0.6427088613024813,225.83333333333334,210.66666666666666,10356.0,1969.5333333333333,0.0,0,33,3,0,28,0,"{""process_exit"": 34, ""process_exec"": 33, ""process_kprobe"": 28}"
1776411733,normal,sw-wk3,0.18594315934488737,0.41204110758566204,162.12252516498899,89.86067595493634,2369.9086727551494,6510.132657822812,0.0,0,0,0,0,1,0,"{""process_kprobe"": 1}"
1776411743,normal,sw-wk2,0.11411111111111605,0.2834381411114084,117.66666666666667,104.0,559.8666666666667,3585.4666666666667,0.0,0,0,0,0,0,0,{}
1776411743,normal,k3s-wk1,0.29655555555554103,0.6407345153821753,229.06666666666666,214.4,33603.566666666666,9513.833333333334,0.0,0,21,2,0,14,0,"{""process_exit"": 21, ""process_exec"": 21, ""process_kprobe"": 14}"
1776411743,normal,sw-wk3,0.18594315934488737,0.41204110758566204,162.12252516498899,89.86067595493634,2369.9086727551494,6510.132657822812,0.0,0,1,1,0,1,0,"{""process_exit"": 19, ""process_kprobe"": 1, ""process_exec"": 1}"
1776411753,normal,sw-wk2,0.19755555555556292,0.2794640467907795,116.06666666666666,100.86666666666666,5440.366666666667,27885.766666666666,0.0,0,0,0,0,0,0,{}
1776411753,normal,k3s-wk1,0.29655555555554103,0.6407345153821753,229.06666666666666,214.4,33603.566666666666,9513.833333333334,0.0,0,51,3,0,46,0,"{""process_exit"": 51, ""process_exec"": 51, ""process_kprobe"": 46}"
1776411753,normal,sw-wk3,0.18594315934488737,0.41204110758566204,162.12252516498899,89.86067595493634,2369.9086727551494,6510.132657822812,0.0,0,0,0,0,1,0,"{""process_kprobe"": 1}"
1776411763,normal,sw-wk2,0.19755555555556292,0.2794640467907795,116.06666666666666,100.86666666666666,5440.366666666667,27885.766666666666,0.0,0,0,0,0,0,0,{}
1776411763,normal,k3s-wk1,0.29655555555554103,0.6407345153821753,229.06666666666666,214.4,33603.566666666666,9513.833333333334,0.0,0,54,3,0,48,0,"{""process_exit"": 54, ""process_exec"": 54, ""process_kprobe"": 48}"
1776411763,normal,sw-wk3,0.14660977398498076,0.40712724747378215,108.80725381692113,68.80458697246483,3013.0342022801524,8417.22781518768,0.0,0,0,0,0,1,0,"{""process_kprobe"": 1}"
1776411773,normal,sw-wk2,0.19755555555556292,0.2794640467907795,116.06666666666666,100.86666666666666,5440.366666666667,27885.766666666666,0.0,0,0,0,0,0,0,{}
1776411773,normal,k3s-wk1,0.2767777777777761,0.6411725063582066,223.26666666666665,214.66666666666666,12752.566666666666,3399.733333333333,0.0,0,15,2,0,10,0,"{""process_exit"": 15, ""process_exec"": 15, ""process_kprobe"": 10}"
1776411773,normal,sw-wk3,0.14660977398498076,0.40712724747378215,108.80725381692113,68.80458697246483,3013.0342022801524,8417.22781518768,0.0,0,1,1,0,0,0,"{""process_exit"": 5, ""process_exec"": 1}"
1776411783,normal,sw-wk2,0.11044444444445012,0.2849529161410349,113.2,98.0,819.5333333333333,3623.366666666667,0.0,0,0,0,0,0,0,{}
1776411783,normal,k3s-wk1,0.2767777777777761,0.6411725063582066,223.26666666666665,214.66666666666666,12752.566666666666,3399.733333333333,0.0,0,33,3,0,28,0,"{""process_exit"": 33, ""process_exec"": 33, ""process_kprobe"": 28}"
1776411783,normal,sw-wk3,0.14660977398498076,0.40712724747378215,108.80725381692113,68.80458697246483,3013.0342022801524,8417.22781518768,0.0,0,0,0,0,1,0,"{""process_kprobe"": 1}"
1776411793,normal,sw-wk2,0.11044444444445012,0.2849529161410349,113.2,98.0,819.5333333333333,3623.366666666667,0.0,0,106,7,0,0,0,"{""process_exec"": 106, ""process_exit"": 106}"
1776411793,normal,k3s-wk1,0.2767777777777761,0.6411725063582066,223.26666666666665,214.66666666666666,12752.566666666666,3399.733333333333,0.0,0,81,3,0,72,0,"{""process_exit"": 81, ""process_exec"": 81, ""process_kprobe"": 72}"
1776411793,normal,sw-wk3,0.15822222222224003,0.4105645603170356,160.0,87.86666666666666,3476.9,6339.466666666666,0.0,0,0,0,0,1,0,"{""process_kprobe"": 1, ""process_exit"": 2}"
1776411803,normal,sw-wk2,0.11044444444445012,0.2849529161410349,113.2,98.0,819.5333333333333,3623.366666666667,0.0,0,0,0,0,0,0,{}
1776411803,normal,k3s-wk1,0.3336666666666538,0.6443953523287461,223.86666666666667,208.66666666666666,33934.9,12040.966666666667,0.0,0,36,3,0,30,0,"{""process_exit"": 36, ""process_exec"": 36, ""process_kprobe"": 30}"
1776411803,normal,sw-wk3,0.15822222222224003,0.4105645603170356,160.0,87.86666666666666,3476.9,6339.466666666666,0.0,0,1,1,0,0,0,"{""process_exit"": 7, ""process_exec"": 1}"
1776411813,normal,sw-wk2,0.20738617425504813,0.28689616065853685,68.19545363642423,68.19545363642423,7235.1843210452635,28154.92300513299,0.0,0,0,0,0,0,0,{}
1776411813,normal,k3s-wk1,0.3336666666666538,0.6443953523287461,223.86666666666667,208.66666666666666,33934.9,12040.966666666667,0.0,0,12,2,0,8,0,"{""process_exit"": 12, ""process_exec"": 12, ""process_kprobe"": 8}"
1776411813,normal,sw-wk3,0.15822222222224003,0.4105645603170356,160.0,87.86666666666666,3476.9,6339.466666666666,0.0,0,0,0,0,0,0,{}
1776411823,normal,sw-wk2,0.20738617425504813,0.28689616065853685,68.19545363642423,68.19545363642423,7235.1843210452635,28154.92300513299,0.0,0,0,0,0,0,0,{}
1776411823,normal,k3s-wk1,0.3336666666666538,0.6443953523287461,223.86666666666667,208.66666666666666,33934.9,12040.966666666667,0.0,0,15,2,0,10,0,"{""process_exit"": 15, ""process_exec"": 15, ""process_kprobe"": 10}"
1776411823,normal,sw-wk3,0.17722222222218986,0.40931260114428436,160.13333333333333,84.93333333333334,6391.4,6892.5,0.0,0,0,0,0,0,0,{}
1776411833,normal,sw-wk2,0.20738617425504813,0.28689616065853685,68.19545363642423,68.19545363642423,7235.1843210452635,28154.92300513299,0.0,0,0,0,0,0,0,{}
1776411833,normal,k3s-wk1,0.2695555555555782,0.6328890584661511,223.86666666666667,208.66666666666666,10204.4,4832.633333333334,0.0,0,36,3,0,30,0,"{""process_exit"": 36, ""process_exec"": 36, ""process_kprobe"": 30}"
1776411833,normal,sw-wk3,0.17722222222218986,0.40931260114428436,160.13333333333333,84.93333333333334,6391.4,6892.5,0.0,0,0,0,0,0,0,{}
1776411843,normal,sw-wk2,0.10249572193701306,0.28510742000841016,98.00653376891793,98.00653376891793,971.6647776518436,3641.642776185079,0.0,0,2,2,0,0,0,"{""process_exec"": 2}"
1776411843,normal,k3s-wk1,0.2695555555555782,0.6328890584661511,223.86666666666667,208.66666666666666,10204.4,4832.633333333333,0.0,0,36,3,0,30,0,"{""process_exit"": 36, ""process_exec"": 36, ""process_kprobe"": 30}"
1776411843,normal,sw-wk3,0.17722222222218986,0.40931260114428436,160.13333333333333,84.93333333333334,6391.4,6892.5,0.0,0,0,0,0,0,0,{}
1776411853,normal,sw-wk2,0.10249572193701306,0.28510742000841016,98.00653376891793,98.00653376891793,971.6647776518436,3641.642776185079,0.0,0,0,0,0,0,0,{}
1776411853,normal,k3s-wk1,0.2695555555555782,0.6328890584661511,223.86666666666667,208.66666666666666,10204.4,4832.633333333333,0.0,0,18,2,0,12,0,"{""process_exit"": 18, ""process_exec"": 18, ""process_kprobe"": 12}"
1776411853,normal,sw-wk3,0.15711111111110476,0.4031340392726531,158.46666666666667,84.0,2372.066666666667,5210.833333333333,0.0,0,1,1,0,0,0,"{""process_exit"": 3, ""process_exec"": 1}"
1776411863,normal,sw-wk2,0.10249572193701306,0.28510742000841016,98.00653376891793,98.00653376891793,971.6647776518436,3641.642776185079,0.0,0,104,5,0,0,0,"{""process_exit"": 106, ""process_exec"": 104}"
1776411863,normal,k3s-wk1,0.28444444444442807,0.6372520355856379,221.0,205.79999999999998,33567.066666666666,6708.566666666667,0.0,0,27,3,0,21,0,"{""process_exit"": 27, ""process_exec"": 27, ""process_kprobe"": 21}"
1776411863,normal,sw-wk3,0.15711111111110476,0.4031340392726531,158.46666666666667,84.0,2372.0666666666666,5210.833333333333,0.0,0,0,0,0,0,0,{}
1776411873,normal,sw-wk2,0.20366666666666589,0.28299692903653295,100.86666666666666,100.86666666666666,5610.5,27860.233333333334,0.0,0,0,0,0,0,0,{}
1776411873,normal,k3s-wk1,0.2844444444444283,0.6372520355856379,221.0,205.79999999999998,33567.066666666666,6708.566666666667,0.0,0,45,3,0,39,0,"{""process_exit"": 45, ""process_exec"": 45, ""process_kprobe"": 39}"
1776411873,normal,sw-wk3,0.15711111111110476,0.4031340392726531,158.46666666666667,84.0,2372.0666666666666,5210.833333333333,0.0,0,1,1,0,0,0,"{""process_exit"": 15, ""process_exec"": 1}"
1776411883,normal,sw-wk2,0.20366666666666589,0.28299692903653295,100.86666666666666,100.86666666666666,5610.5,27860.233333333334,0.0,0,0,0,0,0,0,{}
1776411883,normal,k3s-wk1,0.2844444444444283,0.6372520355856379,221.0,205.79999999999998,33567.066666666666,6708.566666666667,0.0,0,18,2,0,12,0,"{""process_exit"": 18, ""process_exec"": 18, ""process_kprobe"": 12}"
1776411883,normal,sw-wk3,0.14611111111108688,0.40735342839303235,156.13333333333333,80.0,4476.566666666667,7945.333333333333,0.0,0,0,0,0,0,0,{}
1776411893,normal,sw-wk2,0.20366666666666589,0.28299692903653295,100.86666666666666,100.86666666666666,5610.5,27860.233333333334,0.0,0,0,0,0,0,0,{}
1776411893,normal,k3s-wk1,0.2977777777777697,0.6478552552708489,223.86666666666667,208.6666666666667,11218.4,8274.233333333334,0.0,0,12,2,0,8,0,"{""process_exit"": 12, ""process_exec"": 12, ""process_kprobe"": 8}"
1776411893,normal,sw-wk3,0.14611111111108688,0.40735342839303235,156.13333333333333,80.0,4476.566666666667,7945.333333333333,0.0,0,1,1,0,0,0,"{""process_exec"": 1}"
1776411903,normal,sw-wk2,0.16888888888887676,0.2835225607502835,113.13333333333333,98.0,903.3333333333334,3597.0,0.0,0,2,2,0,0,0,"{""process_exec"": 2}"
1776411903,normal,k3s-wk1,0.2977777777777697,0.6478552552708489,223.86666666666667,208.66666666666666,11218.4,8274.233333333334,0.0,0,36,3,0,30,0,"{""process_exit"": 36, ""process_exec"": 36, ""process_kprobe"": 30}"
1776411903,normal,sw-wk3,0.14611111111108688,0.40735342839303235,156.13333333333333,80.0,4476.566666666667,7945.333333333333,0.0,0,0,0,0,0,0,{}
1776411913,normal,sw-wk2,0.16888888888887676,0.2835225607502835,113.13333333333333,98.0,903.3333333333334,3597.0,0.0,0,104,5,0,0,0,"{""process_exit"": 106, ""process_exec"": 104}"
1776411913,normal,k3s-wk1,0.2977777777777697,0.6478552552708489,223.86666666666667,208.66666666666666,11218.4,8274.233333333334,0.0,0,15,2,0,10,0,"{""process_exit"": 15, ""process_exec"": 15, ""process_kprobe"": 10}"
1776411913,normal,sw-wk3,0.3694444444444849,0.40503427755903,764.2333333333333,372.9,5048.700000000001,6704.099999999999,0.0,0,1,1,0,0,0,"{""process_exit"": 7, ""process_exec"": 1}"
1776411923,normal,sw-wk2,0.16888888888887676,0.2835225607502835,113.13333333333333,98.0,903.3333333333334,3597.0,0.0,0,0,0,0,0,0,{}
1776411923,normal,k3s-wk1,0.2996666666666391,0.6486623778168858,218.76666666666665,208.66666666666666,34530.46666666667,10613.633333333333,0.0,0,12,2,0,8,0,"{""process_exit"": 12, ""process_exec"": 12, ""process_kprobe"": 8}"
1776411923,normal,sw-wk3,0.3694444444444849,0.40503427755903,764.2333333333333,372.9,5048.7,6704.099999999999,0.0,0,0,0,0,0,0,{}
1776411933,normal,sw-wk2,0.20027553718641466,0.28172107751315667,105.92627158189454,100.85994267048864,5579.961335910939,27941.103926404907,0.0,0,0,0,0,0,0,{}
1776411933,normal,k3s-wk1,0.2996666666666391,0.6486623778168858,218.76666666666665,208.66666666666666,34530.46666666667,10613.633333333333,0.0,0,12,2,0,8,0,"{""process_exit"": 12, ""process_exec"": 12, ""process_kprobe"": 8}"
1776411933,normal,sw-wk3,0.3694444444444849,0.40503427755903,764.2333333333333,372.9,5048.7,6704.099999999999,0.0,0,1,1,0,0,0,"{""process_exit"": 3, ""process_exec"": 1}"
1776411943,normal,sw-wk2,0.20027553718641466,0.28172107751315667,105.92627158189454,100.85994267048864,5579.961335910939,27941.103926404907,0.0,0,0,0,0,0,0,{}
1776411943,normal,k3s-wk1,0.2996666666666391,0.6486623778168858,218.76666666666665,208.66666666666666,34530.46666666667,10613.633333333333,0.0,0,18,2,0,12,0,"{""process_exit"": 18, ""process_exec"": 18, ""process_kprobe"": 12}"
1776411943,normal,sw-wk3,0.37211111111112893,0.4110774494437861,110.8,60.6,3025.933333333334,6054.9,0.0,0,0,0,0,0,0,{}
1776411953,normal,sw-wk2,0.20027553718641466,0.28172107751315667,105.92627158189454,100.85994267048864,5579.961335910939,27941.103926404907,0.0,0,0,0,0,0,0,{}
1776411953,normal,k3s-wk1,0.271000000000034,0.6500677870054399,223.86666666666667,208.66666666666666,9709.966666666667,2069.066666666667,0.0,0,57,3,0,50,0,"{""process_exit"": 57, ""process_exec"": 57, ""process_kprobe"": 50}"
1776411953,normal,sw-wk3,0.37211111111112893,0.4110774494437861,110.8,60.6,3025.9333333333334,6054.9,0.0,0,0,0,0,0,0,{}
1776411963,normal,sw-wk2,0.09938440340465926,0.2793828127986544,68.20454696979799,68.20454696979799,643.4095606373759,3626.8417894526306,0.0,0,0,0,0,0,0,{}
1776411963,normal,k3s-wk1,0.271000000000034,0.6500677870054399,223.86666666666667,208.66666666666666,9709.966666666667,2069.0666666666666,0.0,0,15,2,0,10,0,"{""process_exit"": 15, ""process_exec"": 15, ""process_kprobe"": 10}"
1776411963,normal,sw-wk3,0.37211111111112893,0.4110774494437861,110.8,60.6,3025.9333333333334,6054.9,0.0,0,0,0,0,0,0,{}
1776411973,normal,sw-wk2,0.09938440340465926,0.2793828127986544,68.20454696979799,68.20454696979799,643.4095606373759,3626.8417894526306,0.0,0,2,2,0,0,0,"{""process_exec"": 2}"
1776411973,normal,k3s-wk1,0.271000000000034,0.6500677870054399,223.86666666666667,208.66666666666666,9709.966666666667,2069.0666666666666,0.0,0,78,3,0,70,0,"{""process_exit"": 78, ""process_exec"": 78, ""process_kprobe"": 70}"
1776411973,normal,sw-wk3,0.3977871092447466,0.41092294557641096,156.1021129107512,79.98400319936012,1908.7849096847299,5419.349463440646,0.0,0,0,0,0,0,0,{}
1776411983,normal,sw-wk2,0.09938440340465926,0.2793828127986544,68.20454696979799,68.20454696979799,643.4095606373759,3626.8417894526306,0.0,0,104,5,0,0,0,"{""process_exit"": 106, ""process_exec"": 104}"
1776411983,normal,k3s-wk1,0.309069093090665,0.6478902493952226,220.97790220977902,205.77942205779422,10693.497316934974,4771.9894677198945,0.0,0,15,2,0,10,0,"{""process_exit"": 15, ""process_exec"": 15, ""process_kprobe"": 10}"
1776411983,normal,sw-wk3,0.3977871092447466,0.41092294557641096,156.1021129107512,79.98400319936013,1908.7849096847299,5419.349463440646,0.0,0,1,1,0,0,0,"{""process_exit"": 7, ""process_exec"": 1}"
1776411993,normal,sw-wk2,0.20212352425062108,0.28263376530703266,97.95755172758471,97.95755172758471,5586.879019091727,27928.7975210742,0.0,0,0,0,0,0,0,{}
1776411993,normal,k3s-wk1,0.309069093090665,0.6478902493952226,220.97790220977902,205.77942205779422,10693.497316934974,4771.9894677198945,0.0,0,39,3,0,32,0,"{""process_exit"": 39, ""process_exec"": 39, ""process_kprobe"": 32}"
1776411993,normal,sw-wk3,0.3977871092447466,0.41092294557641096,156.1021129107512,79.98400319936013,1908.7849096847299,5419.349463440646,0.0,0,0,0,0,0,0,{}
1776412003,normal,sw-wk2,0.20212352425062108,0.28263376530703266,97.95755172758473,97.95755172758471,5586.879019091727,27928.7975210742,0.0,0,0,0,0,0,0,{}
1776412003,normal,k3s-wk1,0.309069093090665,0.6478902493952226,220.97790220977902,205.77942205779422,10693.497316934974,4771.9894677198945,0.0,0,36,3,0,30,0,"{""process_exit"": 36, ""process_exec"": 36, ""process_kprobe"": 30}"
1776412003,normal,sw-wk3,0.40621457624862023,0.4088156402512838,156.16456624658264,80.01600320064013,3340.768153630726,6599.919983996799,0.0,0,0,0,0,0,0,"{""process_exit"": 2}"
1776412013,normal,sw-wk2,0.20212352425062108,0.28263376530703266,97.95755172758471,97.95755172758471,5586.879019091727,27928.7975210742,0.0,0,0,0,0,0,0,{}
1776412013,normal,k3s-wk1,0.30404151526266654,0.649594801905035,223.8223822382238,208.6875354202087,33360.13601360137,10942.494249424943,0.0,0,33,3,0,28,0,"{""process_exit"": 33, ""process_exec"": 33, ""process_kprobe"": 28}"
1776412013,normal,sw-wk3,0.40621457624862023,0.4088156402512838,156.16456624658264,80.01600320064013,3340.768153630726,6599.919983996799,0.0,0,1,1,0,0,0,"{""process_exit"": 5, ""process_exec"": 1}"
1776412023,normal,sw-wk2,0.11884038638965277,0.2814056984849064,116.11698402641146,100.91039450428518,1195.1178844165806,3646.980358155201,0.0,0,0,0,0,0,0,{}
1776412023,normal,k3s-wk1,0.30404151526266654,0.649594801905035,223.8223822382238,208.6875354202087,33360.13601360136,10942.494249424943,0.0,0,55,3,0,48,0,"{""process_exit"": 55, ""process_exec"": 55, ""process_kprobe"": 48}"
1776412023,normal,sw-wk3,0.40621457624862023,0.4088156402512838,156.16456624658264,80.01600320064013,3340.768153630726,6599.919983996799,0.0,0,0,0,0,0,0,{}
1776412033,normal,sw-wk2,0.11884038638965277,0.2814056984849064,116.11698402641146,100.91039450428521,1195.1178844165806,3646.980358155201,0.0,0,2,2,0,0,0,"{""process_exec"": 2}"
1776412033,normal,k3s-wk1,0.30404151526266654,0.649594801905035,223.8223822382238,208.6875354202087,33360.13601360136,10942.494249424943,0.0,0,17,2,0,12,0,"{""process_kprobe"": 12, ""process_exit"": 18, ""process_exec"": 17}"
1776412033,normal,sw-wk3,0.21485629214858237,0.40592944429578093,156.1177215611772,79.99200079992,5945.772089457721,6441.655834416559,0.0,0,1,1,0,0,0,"{""process_exit"": 13, ""process_exec"": 1}"
1776412043,normal,sw-wk2,0.11884038638965277,0.2814056984849064,116.11698402641146,100.91039450428521,1195.1178844165806,3646.980358155201,0.0,0,104,5,0,0,0,"{""process_exit"": 106, ""process_exec"": 104}"
1776412043,normal,k3s-wk1,0.30144444444445584,0.6505339990495145,223.8666666666667,208.66666666666666,23033.4,4687.433333333333,0.0,0,78,3,0,70,0,"{""process_exit"": 78, ""process_exec"": 78, ""process_kprobe"": 70}"
1776412043,normal,sw-wk3,0.21485629214858237,0.40592944429578093,156.1177215611772,79.99200079992,5945.772089457721,6441.655834416559,0.0,0,0,0,0,0,0,{}
1776412053,normal,sw-wk2,0.20932764520288127,0.2858990532257859,113.18490867884283,97.98693507532329,5452.606319157446,27976.26983068924,0.0,0,0,0,0,0,0,{}
1776412053,normal,k3s-wk1,0.30144444444445584,0.6505339990495145,223.86666666666667,208.66666666666666,23033.4,4687.433333333333,0.0,0,54,3,0,48,0,"{""process_exit"": 54, ""process_exec"": 54, ""process_kprobe"": 48}"
1776412053,normal,sw-wk3,0.21485629214858237,0.40592944429578093,156.1177215611772,79.99200079992,5945.772089457721,6441.655834416559,0.0,0,0,0,0,0,0,{}
1776412063,normal,sw-wk2,0.20932764520288127,0.2858990532257859,113.18490867884283,97.98693507532329,5452.606319157446,27976.26983068924,0.0,0,0,0,0,0,0,{}
1776412063,normal,k3s-wk1,0.30144444444445584,0.6505339990495145,223.86666666666667,208.66666666666666,23033.4,4687.433333333333,0.0,0,57,3,0,50,0,"{""process_exit"": 57, ""process_exec"": 57, ""process_kprobe"": 50}"
1776412063,normal,sw-wk3,0.15380426931580438,0.4032742077296533,156.14894822815614,80.00800080008003,3168.8168816881685,7027.836116945027,0.0,0,0,0,0,0,0,{}
1776412073,normal,sw-wk2,0.20932764520288127,0.2858990532257859,113.18490867884283,97.98693507532329,5452.606319157446,27976.26983068924,0.0,0,0,0,0,0,0,{}
1776412073,normal,k3s-wk1,0.28133333333333,0.6508557192252076,223.86666666666667,208.66666666666666,21549.566666666666,6852.466666666666,0.0,0,15,2,0,10,0,"{""process_exit"": 15, ""process_exec"": 15, ""process_kprobe"": 10}"
1776412073,normal,sw-wk3,0.15380426931580438,0.4032742077296533,156.14894822815614,80.00800080008,3168.8168816881685,7027.836116945027,0.0,0,1,1,0,0,0,"{""process_exit"": 5, ""process_exec"": 1}"
1776412083,normal,sw-wk2,0.10610303596034465,0.2797268626476547,116.08214428590479,100.88011734897987,687.0249366582211,3681.4908654487263,0.0,0,0,0,0,0,0,{}
1776412083,normal,k3s-wk1,0.28133333333333,0.6508557192252076,223.86666666666667,208.66666666666666,21549.566666666666,6852.466666666666,0.0,0,39,3,0,32,0,"{""process_exit"": 39, ""process_exec"": 39, ""process_kprobe"": 32}"
1776412083,normal,sw-wk3,0.15380426931580438,0.4032742077296533,156.14894822815614,80.00800080008,3168.8168816881685,7027.836116945027,0.0,0,0,0,0,0,0,{}
1776412093,normal,sw-wk2,0.10610303596034465,0.2797268626476547,116.08214428590479,100.88011734897987,687.0249366582211,3681.4908654487263,0.0,0,106,7,0,0,0,"{""process_exec"": 106, ""process_exit"": 106}"
1776412093,normal,k3s-wk1,0.28133333333333,0.6508557192252076,223.86666666666667,208.66666666666666,21549.566666666666,6852.466666666666,0.0,0,12,2,0,8,0,"{""process_exit"": 12, ""process_exec"": 12, ""process_kprobe"": 8}"
1776412093,normal,sw-wk3,0.14942298934837117,0.40202224855690205,156.07610542800975,79.97067741827998,2263.3700976308687,5893.738962380461,0.0,0,0,0,0,0,0,{}
1776412103,normal,sw-wk2,0.10610303596034465,0.2797268626476547,116.08214428590479,100.88011734897987,687.0249366582211,3681.4908654487263,0.0,0,0,0,0,0,0,{}
1776412103,normal,k3s-wk1,0.3002044171888014,0.6521538883551972,220.97053726169844,205.7725636581789,33851.55312624983,9450.77323023597,0.0,0,36,3,0,30,0,"{""process_exit"": 36, ""process_exec"": 36, ""process_kprobe"": 30}"
1776412103,normal,sw-wk3,0.14942298934837095,0.40202224855690205,156.07610542800975,79.97067741827998,2263.3700976308687,5893.738962380461,0.0,0,1,1,0,0,0,"{""process_exit"": 5, ""process_exec"": 1}"
1776412114,normal,sw-wk2,0.20022222222220687,0.28183894644290686,103.06666666666666,98.0,5440.9,27872.7,0.0,0,0,0,0,0,0,{}
1776412114,normal,k3s-wk1,0.3002044171888014,0.6521538883551972,220.97053726169844,205.7725636581789,33851.55312624983,9450.77323023597,0.0,0,15,2,0,10,0,"{""process_exit"": 15, ""process_exec"": 15, ""process_kprobe"": 10}"
1776412114,normal,sw-wk3,0.14942298934837095,0.40202224855690205,156.07610542800975,79.97067741827998,2263.3700976308687,5893.738962380461,0.0,0,1,1,0,0,0,"{""process_exit"": 15, ""process_exec"": 1}"
