timestamp,label,node,avg_cpu,avg_mem,net_bytes_in,net_bytes_out,net_internal_bytes_in,net_internal_bytes_out,net_drop_rate,last_successful_scrape_age_sec,exec_count,unique_process_count,tmp_exec_count,outbound_connect_count,mining_port_count,syscall_feature_vector
1776397018,normal,sw-wk3,0.18000000000000815,0.40840150617378335,209.16666666666666,149.53333333333333,5071.966666666666,5098.733333333334,0.0,0,0,0,0,0,0,{}
1776397018,normal,sw-wk2,0.266284418961264,0.2646635319902647,121.14140942729516,65.2710180678712,3846.156410427362,3921.6614440962726,0.0,0,0,0,0,0,0,{}
1776397018,normal,k3s-wk1,0.24266666666670877,0.6988710443939977,4.466666666666667,6.0,10507.933333333332,36044.63333333333,0.0,0,57,3,0,50,0,"{""process_exit"": 57, ""process_exec"": 57, ""process_kprobe"": 50}"
1776397028,normal,sw-wk3,0.16577777777775837,0.4050900263771551,199.16666666666666,134.8,4270.8,5383.766666666666,0.0,0,0,0,0,0,0,{}
1776397028,normal,sw-wk2,0.266284418961264,0.2646635319902647,121.14140942729516,65.2710180678712,3846.156410427362,3921.6614440962735,0.0,0,106,7,0,0,0,"{""process_exec"": 106, ""process_exit"": 104}"
1776397028,normal,k3s-wk1,0.24266666666670877,0.6988710443939977,4.466666666666667,6.0,10507.933333333332,36044.63333333333,0.0,0,57,3,0,50,0,"{""process_exit"": 57, ""process_exec"": 57, ""process_kprobe"": 50}"
1776397039,normal,sw-wk3,0.16577777777775837,0.4050900263771551,199.16666666666666,134.8,4270.8,5383.766666666666,0.0,0,1,1,0,0,0,"{""process_exit"": 5, ""process_exec"": 1}"
1776397039,normal,sw-wk2,0.266284418961264,0.2646635319902647,121.14140942729516,65.2710180678712,3846.156410427362,3921.6614440962735,0.0,0,0,0,0,0,0,"{""process_exit"": 2}"
1776397039,normal,k3s-wk1,0.301111111111095,0.6570429061830103,292.43333333333334,277.26666666666665,33728.3,9896.800000000001,0.0,0,81,3,0,72,0,"{""process_exit"": 81, ""process_exec"": 81, ""process_kprobe"": 72}"
1776397049,normal,sw-wk3,0.16577777777775837,0.4050900263771551,199.16666666666666,134.8,4270.8,5383.766666666666,0.0,0,1,1,0,0,0,"{""process_exit"": 5, ""process_exec"": 1}"
1776397049,normal,sw-wk2,0.20163539201635383,0.2583782509525083,156.984301569843,80.99190080991902,5423.8909442389095,22226.081926807317,0.0,0,0,0,0,0,0,{}
1776397049,normal,k3s-wk1,0.301111111111095,0.6570429061830103,292.43333333333334,277.26666666666665,33728.3,9896.8,0.0,0,15,2,0,10,0,"{""process_exit"": 15, ""process_exec"": 15, ""process_kprobe"": 10}"
1776397058,normal,sw-wk3,0.1620285507970861,0.40818806784153316,244.9591734710881,167.7720379936677,3075.154140976504,6774.570904849191,0.0,0,0,0,0,0,0,{}
1776397058,normal,sw-wk2,0.20163539201635383,0.2583782509525083,156.984301569843,80.99190080991902,5423.8909442389095,26725.216041729163,0.0,0,0,0,0,0,0,{}
1776397058,normal,k3s-wk1,0.301111111111095,0.6570429061830103,292.43333333333334,277.26666666666665,33728.3,9896.8,0.0,0,36,3,0,30,0,"{""process_exit"": 36, ""process_exec"": 36, ""process_kprobe"": 30}"
1776397069,normal,sw-wk3,0.1620285507970861,0.40818806784153316,244.95917347108815,167.7720379936677,3075.154140976504,6774.570904849192,0.0,0,0,0,0,0,0,{}
1776397069,normal,sw-wk2,0.20163539201635383,0.2583782509525083,156.984301569843,80.99190080991902,5423.8909442389095,27430.95690430957,0.0,0,0,0,0,0,0,{}
1776397069,normal,k3s-wk1,0.2776666666666845,0.6557797311773943,223.79999999999998,208.66666666666666,9368.2,1710.3666666666666,0.0,0,42,3,0,34,0,"{""process_exit"": 42, ""process_exec"": 42, ""process_kprobe"": 34}"
1776397079,normal,sw-wk3,0.1620285507970861,0.40818806784153316,244.95917347108815,167.7720379936677,3075.154140976504,6774.570904849192,0.0,0,1,1,0,0,0,"{""process_exit"": 3, ""process_exec"": 1}"
1776397079,normal,sw-wk2,0.10985921752947347,0.2593610229748844,156.13853795126505,80.00266675555852,510.55035167838935,3495.383179439315,0.0,0,0,0,0,0,0,{}
1776397079,normal,k3s-wk1,0.2776666666666845,0.6557797311773943,223.79999999999998,208.66666666666666,9368.2,1710.3666666666666,0.0,0,30,3,0,26,0,"{""process_exit"": 30, ""process_exec"": 30, ""process_kprobe"": 26}"
1776397088,normal,sw-wk3,0.1560815691504286,0.40479694687615475,245.0408401400233,169.82830471745294,2296.649441573595,5637.83963993999,0.0,0,0,0,0,0,0,{}
1776397088,normal,sw-wk2,0.10985921752947325,0.2593610229748844,156.13853795126505,80.00266675555852,510.55035167838935,3495.383179439315,0.0,0,106,7,0,0,0,"{""process_exec"": 106, ""process_exit"": 104}"
1776397088,normal,k3s-wk1,0.2776666666666845,0.6557797311773943,223.79999999999998,208.66666666666666,9368.2,1710.3666666666666,0.0,0,15,2,0,10,0,"{""process_exit"": 15, ""process_exec"": 15, ""process_kprobe"": 10}"
1776397098,normal,sw-wk3,0.1560815691504286,0.40479694687615475,245.04084014002336,169.82830471745288,2296.649441573595,5637.839639939991,0.0,0,0,0,0,0,0,{}
1776397098,normal,sw-wk2,0.10985921752947325,0.2593610229748844,156.13853795126505,80.00266675555852,510.55035167838935,3495.383179439315,0.0,0,0,0,0,0,0,"{""process_exit"": 2}"
1776397098,normal,k3s-wk1,0.3202222222222191,0.6560788744986528,223.86666666666667,208.66666666666666,33253.066666666666,9696.266666666666,0.0,0,36,3,0,30,0,"{""process_exit"": 36, ""process_exec"": 36, ""process_kprobe"": 30}"
1776397109,normal,sw-wk3,0.1560815691504286,0.40479694687615475,245.0408401400233,169.82830471745288,2296.649441573595,5637.83963993999,0.0,0,0,0,0,0,0,{}
1776397109,normal,sw-wk2,0.20750272240371592,0.26351510633688846,154.01026735115676,78.00520034668979,5594.33962264151,27527.035135675713,0.0,0,0,0,0,0,0,{}
1776397109,normal,k3s-wk1,0.3202222222222191,0.6560788744986528,223.86666666666667,208.66666666666666,33253.066666666666,9696.266666666666,0.0,0,57,3,0,50,0,"{""process_exit"": 57, ""process_exec"": 57, ""process_kprobe"": 50}"
1776397118,normal,sw-wk3,0.15933333333333488,0.4125778890630376,209.16666666666666,147.53333333333333,5119.666666666667,5411.766666666666,0.0,0,0,0,0,0,0,{}
1776397118,normal,sw-wk2,0.2075027224037158,0.26351510633688846,154.01026735115676,78.00520034668979,5594.33962264151,27527.035135675713,0.0,0,0,0,0,0,0,{}
1776397118,normal,k3s-wk1,0.3202222222222191,0.6560788744986528,223.86666666666667,208.66666666666666,33253.066666666666,9696.266666666666,0.0,0,54,3,0,48,0,"{""process_exit"": 54, ""process_exec"": 54, ""process_kprobe"": 48}"
1776397129,normal,sw-wk3,0.15933333333333488,0.4125778890630376,209.16666666666666,147.53333333333333,5119.666666666667,5411.766666666666,0.0,0,1,1,0,0,0,"{""process_exit"": 5, ""process_exec"": 1}"
1776397129,normal,sw-wk2,0.2075027224037158,0.26351510633688846,154.01026735115676,78.00520034668979,5594.33962264151,27527.035135675713,0.0,0,0,0,0,0,0,{}
1776397129,normal,k3s-wk1,0.2826666666666521,0.6592960762555835,223.86666666666667,208.66666666666666,9667.0,4610.633333333333,0.0,0,57,3,0,50,0,"{""process_exit"": 57, ""process_exec"": 57, ""process_kprobe"": 50}"
1776397138,normal,sw-wk3,0.15933333333333488,0.4125778890630376,209.16666666666666,147.53333333333333,5119.666666666667,5411.766666666666,0.0,0,0,0,0,0,0,{}
1776397138,normal,sw-wk2,0.10022222222222221,0.2605524548593856,104.8,54.0,1269.6333333333332,3551.9333333333334,0.0,0,0,0,0,0,0,{}
1776397138,normal,k3s-wk1,0.2826666666666521,0.6592960762555835,223.86666666666667,208.66666666666666,9667.0,4610.633333333333,0.0,0,36,3,0,30,0,"{""process_exit"": 36, ""process_exec"": 36, ""process_kprobe"": 30}"
1776397148,normal,sw-wk3,0.15077777777777457,0.40268008461077764,203.63333333333333,146.8,2431.233333333333,6002.033333333335,0.0,0,0,0,0,0,0,{}
1776397148,normal,sw-wk2,0.10022222222222221,0.2605524548593856,104.8,54.0,1269.6333333333332,3551.9333333333334,0.0,0,2,2,0,0,0,"{""process_exec"": 2}"
1776397148,normal,k3s-wk1,0.2826666666666521,0.6592960762555835,223.86666666666667,208.66666666666666,9667.0,4610.633333333333,0.0,0,12,2,0,8,0,"{""process_exit"": 12, ""process_exec"": 12, ""process_kprobe"": 8}"
1776397159,normal,sw-wk3,0.15077777777777457,0.40268008461077764,203.63333333333333,146.8,2431.233333333333,6002.033333333333,0.0,0,0,0,0,0,0,{}
1776397159,normal,sw-wk2,0.10022222222222221,0.2605524548593856,104.8,54.0,1269.6333333333332,3551.9333333333334,0.0,0,104,5,0,0,0,"{""process_exit"": 106, ""process_exec"": 104}"
1776397159,normal,k3s-wk1,0.2990700929906993,0.6569672737206543,223.84428223844282,208.64580208645802,32567.37659567376,5974.969169749692,0.0,0,39,3,0,32,0,"{""process_exit"": 39, ""process_exec"": 39, ""process_kprobe"": 32}"
1776397169,normal,sw-wk3,0.15077777777777457,0.40268008461077764,203.63333333333333,146.8,2431.233333333333,6002.033333333333,0.0,0,1,1,0,0,0,"{""process_exit"": 3, ""process_exec"": 1}"
1776397169,normal,sw-wk2,0.24765934761603314,0.2611640990353862,158.39802752140739,83.96361576650118,5310.098957118583,27450.471462366306,0.0,0,0,0,0,0,0,{}
1776397169,normal,k3s-wk1,0.2990700929906993,0.6569672737206543,223.84428223844282,208.64580208645802,32567.376595673766,5974.969169749692,0.0,0,15,2,0,10,0,"{""process_exit"": 15, ""process_exec"": 15, ""process_kprobe"": 10}"
1776397179,normal,sw-wk3,0.14958618008108548,0.39980822406564975,244.95917347108815,173.77103816030657,2872.554574237627,5654.257623729379,0.0,0,0,0,0,0,0,{}
1776397179,normal,sw-wk2,0.24765934761603337,0.2611640990353862,158.39802752140739,83.96361576650118,5310.098957118582,27450.471462366306,0.0,0,0,0,0,0,0,{}
1776397179,normal,k3s-wk1,0.2990700929906993,0.6569672737206543,223.84428223844282,208.64580208645802,32567.376595673766,5974.969169749692,0.0,0,39,3,0,32,0,"{""process_exit"": 39, ""process_exec"": 39, ""process_kprobe"": 32}"
1776397189,normal,sw-wk3,0.14958618008108548,0.39980822406564975,244.95917347108815,173.7710381603066,2872.554574237627,5654.257623729379,0.0,0,1,1,0,0,0,"{""process_exit"": 23, ""process_exec"": 1}"
1776397189,normal,sw-wk2,0.24765934761603337,0.2611640990353862,158.39802752140739,83.96361576650118,5310.098957118582,27450.471462366306,0.0,0,0,0,0,0,0,{}
1776397189,normal,k3s-wk1,0.3219321932193172,0.6566737746130045,223.8223822382238,208.6875354202087,9252.325232523252,5122.178884555122,0.0,0,36,3,0,30,0,"{""process_exit"": 36, ""process_exec"": 36, ""process_kprobe"": 30}"
1776397199,normal,sw-wk3,0.14958618008108548,0.39980822406564975,244.95917347108815,173.7710381603066,2872.554574237627,5654.257623729379,0.0,0,1,1,0,0,0,"{""process_exec"": 1}"
1776397199,normal,sw-wk2,0.12356753031667145,0.2591603272296341,159.19170362466235,83.03044449631531,968.3550635232917,3515.088865917503,0.0,0,0,0,0,0,0,{}
1776397199,normal,k3s-wk1,0.3219321932193172,0.6566737746130045,223.8223822382238,208.6875354202087,9252.325232523252,5122.178884555122,0.0,0,36,3,0,30,0,"{""process_exit"": 36, ""process_exec"": 36, ""process_kprobe"": 30}"
1776397209,normal,sw-wk3,0.21464688559204215,0.42145628655529643,245.0408401400233,167.82797132855478,5607.467911318553,8697.916319386564,0.0,0,1,1,0,0,0,"{""process_exit"": 5, ""process_exec"": 1}"
1776397209,normal,sw-wk2,0.12356753031667145,0.2591603272296341,159.19170362466235,83.03044449631531,968.355063523292,3515.088865917503,0.0,0,2,2,0,0,0,"{""process_exec"": 2}"
1776397209,normal,k3s-wk1,0.3219321932193172,0.6566737746130045,223.8223822382238,208.6875354202087,9252.325232523252,5122.178884555122,0.0,0,36,3,0,30,0,"{""process_exit"": 36, ""process_exec"": 36, ""process_kprobe"": 30}"
1776397219,normal,sw-wk3,0.21464688559204237,0.42145628655529643,245.0408401400233,167.82797132855475,5607.467911318553,8697.916319386564,0.0,0,0,0,0,0,0,{}
1776397219,normal,sw-wk2,0.12356753031667145,0.2591603272296341,159.19170362466235,83.03044449631531,968.3550635232917,3515.088865917503,0.0,0,0,0,0,0,0,{}
1776397219,normal,k3s-wk1,0.3209999999999935,0.6474443565201391,220.93333333333334,205.79999999999998,13707.766666666666,8561.033333333333,0.0,0,18,2,0,12,0,"{""process_exit"": 18, ""process_exec"": 18, ""process_kprobe"": 12}"
1776397229,normal,sw-wk3,0.21464688559204237,0.42145628655529643,245.0408401400233,167.82797132855475,5607.467911318553,8697.916319386564,0.0,0,0,0,0,0,0,{}
1776397229,normal,sw-wk2,0.21917016690001567,0.254982351517005,154.01026735115676,78.00520034668979,5534.435629041936,27609.473964930996,0.0,0,104,5,0,0,0,"{""process_exit"": 106, ""process_exec"": 104}"
1776397229,normal,k3s-wk1,0.3209999999999935,0.6474443565201391,220.93333333333334,205.79999999999998,13707.766666666666,8561.033333333333,0.0,0,27,3,0,21,0,"{""process_exit"": 27, ""process_exec"": 27, ""process_kprobe"": 21}"
1776397239,normal,sw-wk3,0.1776666666666844,0.45284446398307787,245.0,173.8,3052.9,6296.4,0.0,0,1,1,0,0,0,"{""process_exit"": 9, ""process_exec"": 1}"
1776397239,normal,sw-wk2,0.21917016690001567,0.254982351517005,154.01026735115676,78.00520034668979,5534.435629041936,27609.473964930996,0.0,0,0,0,0,0,0,{}
1776397239,normal,k3s-wk1,0.3209999999999935,0.6474443565201391,220.93333333333334,205.79999999999998,13707.766666666666,8561.033333333333,0.0,0,45,3,0,39,0,"{""process_kprobe"": 39, ""process_exit"": 45, ""process_exec"": 45}"
1776397249,normal,sw-wk3,0.1776666666666844,0.45284446398307787,245.0,173.8,3052.9,6296.4,0.0,0,0,0,0,0,0,{}
1776397249,normal,sw-wk2,0.21917016690001567,0.254982351517005,154.01026735115676,78.00520034668979,5534.435629041936,27609.473964930996,0.0,0,0,0,0,0,0,{}
1776397249,normal,k3s-wk1,0.30511111111110134,0.6404274701618647,431.96666666666664,301.1,33885.0,6750.700000000002,0.0,0,9,2,0,6,0,"{""process_exit"": 9, ""process_exec"": 9, ""process_kprobe"": 6}"
1776397259,normal,sw-wk3,0.1776666666666844,0.45284446398307787,245.0,173.8,3052.9,6296.4,0.0,0,1,1,0,0,0,"{""process_exit"": 5, ""process_exec"": 1}"
1776397259,normal,sw-wk2,0.1349999999999998,0.25061960829287566,104.8,54.00000000000001,626.2333333333333,3540.233333333333,0.0,0,0,0,0,0,0,{}
1776397259,normal,k3s-wk1,0.30511111111110134,0.6404274701618647,431.96666666666664,301.1,33885.0,6750.7,0.0,0,33,3,0,28,0,"{""process_exit"": 33, ""process_exec"": 33, ""process_kprobe"": 28}"
1776397269,normal,sw-wk3,0.15866666666667395,0.47970105890897974,163.33333333333334,114.53333333333333,2262.6666666666665,7431.666666666668,0.0,0,0,0,0,0,0,{}
1776397269,normal,sw-wk2,0.1349999999999998,0.25061960829287566,104.8,54.0,626.2333333333333,3540.233333333333,0.0,0,2,2,0,0,0,"{""process_exec"": 2}"
1776397269,normal,k3s-wk1,0.30511111111110134,0.6404274701618647,431.96666666666664,301.1,33885.0,6750.7,0.0,0,33,3,0,28,0,"{""process_exit"": 33, ""process_exec"": 33, ""process_kprobe"": 28}"
1776397279,normal,sw-wk3,0.15866666666667395,0.47970105890897974,163.33333333333334,114.53333333333333,2262.6666666666665,7431.666666666667,0.0,0,0,0,0,0,0,{}
1776397279,normal,sw-wk2,0.1349999999999998,0.25061960829287566,104.8,54.0,626.2333333333333,3540.233333333333,0.0,0,104,5,0,0,0,"{""process_exit"": 106, ""process_exec"": 104}"
1776397279,normal,k3s-wk1,0.3105555555556041,0.6389069190156943,225.13333333333333,209.79999999999998,33820.433333333334,9556.233333333334,0.0,0,39,3,0,32,0,"{""process_exit"": 40, ""process_exec"": 39, ""process_kprobe"": 32}"
1776397289,normal,sw-wk3,0.15866666666667395,0.47970105890897974,163.33333333333334,114.53333333333333,2262.6666666666665,7431.666666666667,0.0,0,0,0,0,0,0,{}
1776397289,normal,sw-wk2,0.21333333333333382,0.24900129974387397,156.13333333333333,80.0,5401.533333333333,27532.933333333334,0.0,0,0,0,0,0,0,{}
1776397289,normal,k3s-wk1,0.3105555555556041,0.6389069190156943,225.13333333333333,209.79999999999998,33820.433333333334,9556.233333333334,0.0,0,30,3,0,26,0,"{""process_exit"": 30, ""process_exec"": 30, ""process_kprobe"": 26}"
1776397299,normal,sw-wk3,0.17422222222218486,0.5107005874332606,245.0,169.8,2950.2666666666664,6758.366666666667,0.0,0,1,1,0,0,0,"{""process_exit"": 9, ""process_exec"": 1}"
1776397299,normal,sw-wk2,0.21333333333333382,0.24900129974387397,156.13333333333333,80.0,5401.533333333333,27532.933333333334,0.0,0,0,0,0,0,0,{}
1776397299,normal,k3s-wk1,0.3105555555556041,0.6389069190156943,225.13333333333333,209.79999999999998,33820.433333333334,9556.233333333334,0.0,0,9,2,0,6,0,"{""process_exit"": 9, ""process_exec"": 9, ""process_kprobe"": 6}"
1776397309,normal,sw-wk3,0.17422222222218497,0.5107005874332606,245.0,169.8,2950.2666666666664,6758.366666666667,0.0,0,0,0,0,0,0,{}
1776397309,normal,sw-wk2,0.21333333333333382,0.24900129974387397,156.13333333333333,80.0,5401.533333333333,27532.933333333334,0.0,0,0,0,0,0,0,{}
1776397309,normal,k3s-wk1,0.2865555555555249,0.6326689341354137,225.86666666666667,210.66666666666666,10140.733333333335,1655.0,0.0,0,54,3,0,48,0,"{""process_exit"": 54, ""process_exec"": 54, ""process_kprobe"": 48}"
1776397319,normal,sw-wk3,0.17422222222218497,0.5107005874332606,245.0,169.8,2950.2666666666664,6758.366666666667,0.0,0,0,0,0,0,0,"{""process_exit"": 1}"
1776397319,normal,sw-wk2,0.1124444444444439,0.25267435044662767,154.0,78.0,883.9,3535.0,0.0,0,0,0,0,0,0,{}
1776397319,normal,k3s-wk1,0.2865555555555249,0.6326689341354137,225.86666666666667,210.66666666666666,10140.733333333334,1655.0,0.0,0,57,3,0,50,0,"{""process_exit"": 57, ""process_exec"": 57, ""process_kprobe"": 50}"
1776397329,normal,sw-wk3,0.1938888888889172,0.4014583890821515,245.0,165.8,6582.8,5706.9,0.0,0,1,1,0,0,0,"{""process_exit"": 5, ""process_exec"": 1}"
1776397329,normal,sw-wk2,0.1124444444444439,0.25267435044662767,154.0,78.0,883.9,3535.0,0.0,0,106,7,0,0,0,"{""process_exec"": 106, ""process_exit"": 106}"
1776397329,normal,k3s-wk1,0.2865555555555249,0.6326689341354137,225.86666666666667,210.66666666666666,10140.733333333334,1655.0,0.0,0,57,3,0,50,0,"{""process_exit"": 57, ""process_exec"": 57, ""process_kprobe"": 50}"
1776397339,normal,sw-wk3,0.1938888888889172,0.4014583890821515,245.0,165.8,6582.8,5706.9,0.0,0,0,0,0,0,0,{}
1776397339,normal,sw-wk2,0.1124444444444439,0.25267435044662767,154.0,78.0,883.9,3535.0,0.0,0,0,0,0,0,0,{}
1776397339,normal,k3s-wk1,0.34766427817584666,0.640112523042502,231.96133977670388,217.230461589735,33919.81336443926,14477.387102149638,0.0,0,36,3,0,30,0,"{""process_exit"": 36, ""process_exec"": 36, ""process_kprobe"": 30}"
1776397349,normal,sw-wk3,0.1938888888889172,0.4014583890821515,245.0,165.8,6582.8,5706.9,0.0,0,0,0,0,0,0,{}
1776397349,normal,sw-wk2,0.24763079247630837,0.2554665698230054,156.1177215611772,79.99200079992,5914.375229143752,27587.20794587208,0.0,0,0,0,0,0,0,{}
1776397349,normal,k3s-wk1,0.34766427817584666,0.640112523042502,231.96133977670382,217.23046158973506,33919.81336443926,14477.387102149642,0.0,0,60,3,0,52,0,"{""process_exit"": 60, ""process_exec"": 60, ""process_kprobe"": 52}"
1776397359,normal,sw-wk3,0.1661111111111192,0.4053400996470303,245.0,171.8,3045.1666666666665,5984.4,0.0,0,0,0,0,0,0,{}
1776397359,normal,sw-wk2,0.24763079247630826,0.2554665698230054,156.1177215611772,79.99200079992,5914.375229143752,27587.20794587208,0.0,0,0,0,0,0,0,{}
1776397359,normal,k3s-wk1,0.34766427817584666,0.640112523042502,231.96133977670388,217.23046158973506,33919.81336443926,14477.387102149642,0.0,0,33,3,0,28,0,"{""process_exit"": 33, ""process_exec"": 33, ""process_kprobe"": 28}"
1776397369,normal,sw-wk3,0.1661111111111192,0.4053400996470303,245.0,171.8,3045.1666666666665,5984.4,0.0,0,1,1,0,0,0,"{""process_exit"": 9, ""process_exec"": 1}"
1776397369,normal,sw-wk2,0.24763079247630826,0.2554665698230054,156.1177215611772,79.99200079992,5914.375229143752,27587.20794587208,0.0,0,0,0,0,0,0,{}
1776397369,normal,k3s-wk1,0.2664332944379394,0.6405629312884724,221.00350058343054,205.83430571761957,8782.597099516584,1920.5867644607433,0.0,0,42,3,0,34,0,"{""process_exit"": 42, ""process_exec"": 42, ""process_kprobe"": 34}"
1776397379,normal,sw-wk3,0.1661111111111192,0.4053400996470303,245.0,171.8,3045.1666666666665,5984.4,0.0,0,0,0,0,0,0,{}
1776397379,normal,sw-wk2,0.13591359135913605,0.2533799712017534,154.01540154015404,78.007800780078,637.8637863786379,3549.6883021635495,0.0,0,0,0,0,0,0,{}
1776397379,normal,k3s-wk1,0.2664332944379394,0.6405629312884724,221.0035005834306,205.83430571761957,8782.597099516584,1920.5867644607433,0.0,0,33,3,0,28,0,"{""process_exit"": 33, ""process_exec"": 33, ""process_kprobe"": 28}"
1776397389,normal,sw-wk3,0.14611111111110708,0.40588165959453093,163.33333333333334,116.53333333333333,2810.866666666667,6384.4,0.0,0,1,1,0,0,0,"{""process_exit"": 13, ""process_exec"": 1}"
1776397389,normal,sw-wk2,0.13591359135913605,0.2533799712017534,154.01540154015402,78.007800780078,637.8637863786379,3549.6883021635495,0.0,0,106,7,0,0,0,"{""process_exec"": 106, ""process_exit"": 106}"
1776397389,normal,k3s-wk1,0.2664332944379394,0.6405629312884724,221.00350058343054,205.83430571761957,8782.597099516584,1920.5867644607433,0.0,0,57,3,0,50,0,"{""process_exit"": 57, ""process_exec"": 57, ""process_kprobe"": 50}"
1776397399,normal,sw-wk3,0.14611111111110708,0.40588165959453093,163.33333333333334,116.53333333333333,2810.866666666667,6384.4,0.0,0,0,0,0,0,0,{}
1776397399,normal,sw-wk2,0.13591359135913605,0.2533799712017534,154.01540154015402,78.007800780078,637.8637863786379,3549.6883021635495,0.0,0,0,0,0,0,0,{}
1776397399,normal,k3s-wk1,0.3267777777778166,0.6379361142750064,223.83333333333337,208.66666666666666,36141.13333333333,11749.933333333332,0.0,0,9,2,0,6,0,"{""process_exit"": 9, ""process_exec"": 9, ""process_kprobe"": 6}"
1776397409,normal,sw-wk3,0.14611111111110708,0.40588165959453093,163.33333333333334,116.53333333333333,2810.866666666667,6384.4,0.0,0,0,0,0,0,0,{}
1776397409,normal,sw-wk2,0.21955555555555484,0.2577427144258827,104.8,54.0,6960.466666666666,27775.366666666665,0.0,0,0,0,0,0,0,{}
1776397409,normal,k3s-wk1,0.3267777777778166,0.6379361142750064,223.83333333333334,208.66666666666666,36141.13333333333,11749.933333333332,0.0,0,36,3,0,30,0,"{""process_exit"": 36, ""process_exec"": 36, ""process_kprobe"": 30}"
1776397419,normal,sw-wk3,0.16399999999998227,0.4055630949195306,245.0,169.80000000000004,3620.8333333333335,8354.266666666666,0.0,0,1,1,0,0,0,"{""process_exit"": 9, ""process_exec"": 1}"
1776397419,normal,sw-wk2,0.21955555555555484,0.2577427144258827,104.8,54.0,6960.466666666666,27775.366666666665,0.0,0,0,0,0,0,0,{}
1776397419,normal,k3s-wk1,0.3267777777778166,0.6379361142750064,223.83333333333334,208.66666666666666,36141.13333333333,11749.933333333332,0.0,0,39,3,0,32,0,"{""process_exit"": 39, ""process_exec"": 39, ""process_kprobe"": 32}"
1776397429,normal,sw-wk3,0.16399999999998227,0.4055630949195306,245.0,169.8,3620.8333333333335,8354.266666666666,0.0,0,0,0,0,0,0,{}
1776397429,normal,sw-wk2,0.21955555555555484,0.2577427144258827,104.8,54.0,6960.466666666666,27775.366666666665,0.0,0,0,0,0,0,0,{}
1776397429,normal,k3s-wk1,0.2713333333333138,0.6408293381708007,221.0,205.79999999999998,10153.866666666667,4551.766666666666,0.0,0,36,3,0,30,0,"{""process_exit"": 36, ""process_exec"": 36, ""process_kprobe"": 30}"
1776397439,normal,sw-wk3,0.16399999999998227,0.4055630949195306,245.0,169.8,3620.8333333333335,8354.266666666666,0.0,0,1,1,0,0,0,"{""process_exit"": 5, ""process_exec"": 1}"
1776397439,normal,sw-wk2,0.11217029975779436,0.25218853931725216,156.98953403106458,80.994600359976,1289.247383507766,3572.6284914339044,0.0,0,0,0,0,0,0,{}
1776397439,normal,k3s-wk1,0.271333333333314,0.6408293381708007,221.0,205.79999999999998,10153.866666666667,4551.766666666666,0.0,0,15,2,0,10,0,"{""process_exit"": 15, ""process_exec"": 15, ""process_kprobe"": 10}"
1776397449,normal,sw-wk3,0.19455555555553783,0.4092472953859092,912.7333333333333,459.7,7145.3,18542.3,0.0,0,136,4,0,0,0,"{""process_exec"": 136, ""process_exit"": 74}"
1776397449,normal,sw-wk2,0.11217029975779436,0.25218853931725216,156.98953403106458,80.994600359976,1289.247383507766,3572.6284914339044,0.0,0,2,2,0,0,0,"{""process_exec"": 2}"
1776397449,normal,k3s-wk1,0.271333333333314,0.6408293381708007,221.0,205.79999999999998,10153.866666666667,4551.766666666666,0.0,0,39,3,0,32,0,"{""process_exit"": 39, ""process_exec"": 39, ""process_kprobe"": 32}"
1776397459,normal,sw-wk3,0.19455555555553783,0.4092472953859092,912.7333333333333,459.7,7145.3,18542.3,0.0,0,136,4,0,0,0,"{""process_exit"": 86, ""process_exec"": 136}"
1776397459,normal,sw-wk2,0.11217029975779436,0.25218853931725216,156.98953403106458,80.994600359976,1289.247383507766,3572.6284914339044,0.0,0,0,0,0,0,0,{}
1776397459,normal,k3s-wk1,0.30777777777782633,0.6388324153960601,223.86666666666667,208.66666666666666,44239.36666666667,8576.433333333332,0.0,0,36,3,0,30,0,"{""process_exit"": 36, ""process_exec"": 36, ""process_kprobe"": 30}"
1776397469,normal,sw-wk3,0.19455555555553783,0.4092472953859092,912.7333333333333,459.7,7145.3,18542.3,0.0,0,135,4,0,0,0,"{""process_exit"": 75, ""process_exec"": 135}"
1776397469,normal,sw-wk2,0.21805898170989169,0.2568125055748818,156.1437429161944,80.0053336889126,5789.252616841123,27649.943329555306,0.0,0,104,5,0,0,0,"{""process_exit"": 106, ""process_exec"": 104}"
1776397469,normal,k3s-wk1,0.30777777777782633,0.6388324153960601,223.86666666666667,208.66666666666666,44239.36666666667,8576.433333333332,0.0,0,60,3,0,52,0,"{""process_exit"": 60, ""process_exec"": 60, ""process_kprobe"": 52}"
1776397479,normal,sw-wk3,0.18611111111113132,0.4129410527925379,251.0,172.4,3739.7666666666664,63654.76666666668,0.0,0,135,4,0,0,0,"{""process_exit"": 75, ""process_exec"": 135}"
1776397479,normal,sw-wk2,0.21805898170989169,0.2568125055748818,156.1437429161944,80.0053336889126,5789.252616841123,27649.943329555306,0.0,0,0,0,0,0,0,{}
1776397479,normal,k3s-wk1,0.30777777777782633,0.6388324153960601,223.86666666666667,208.66666666666666,44239.36666666667,8576.433333333332,0.0,0,39,3,0,32,0,"{""process_exit"": 39, ""process_exec"": 39, ""process_kprobe"": 32}"
1776397489,normal,sw-wk3,0.18611111111113132,0.4129410527925379,251.0,172.4,3739.7666666666664,63654.76666666666,0.0,0,108,4,0,0,0,"{""process_exit"": 60, ""process_exec"": 108}"
1776397489,normal,sw-wk2,0.21805898170989169,0.2568125055748818,156.1437429161944,80.0053336889126,5789.252616841123,27649.943329555306,0.0,0,0,0,0,0,0,{}
1776397489,normal,k3s-wk1,0.30573609305730276,0.6439031769020718,223.84428223844282,208.64580208645802,89193.34733193347,7298.636802986368,0.0,0,36,3,0,30,0,"{""process_exit"": 36, ""process_exec"": 36, ""process_kprobe"": 30}"
1776397499,normal,sw-wk3,0.18611111111113132,0.4129410527925379,251.0,172.4,3739.7666666666664,63654.76666666666,0.0,0,109,4,0,0,0,"{""process_exit"": 83, ""process_exec"": 109}"
1776397499,normal,sw-wk2,0.11255555555555474,0.25466378684200464,154.0,78.0,569.7666666666667,3501.2999999999997,0.0,0,0,0,0,0,0,{}
1776397499,normal,k3s-wk1,0.30573609305730276,0.6439031769020718,223.84428223844282,208.64580208645802,89193.34733193347,7298.636802986368,0.0,0,39,3,0,32,0,"{""process_exit"": 39, ""process_exec"": 39, ""process_kprobe"": 32}"
1776397509,normal,sw-wk3,0.18944444444447672,0.4185047848414185,167.33333333333334,116.53333333333333,2776.7666666666664,65056.1,0.0,0,135,4,0,0,0,"{""process_exit"": 75, ""process_exec"": 135}"
1776397509,normal,sw-wk2,0.11255555555555485,0.25466378684200464,154.0,78.0,569.7666666666667,3501.2999999999997,0.0,0,2,2,0,0,0,"{""process_exec"": 2}"
1776397509,normal,k3s-wk1,0.30573609305730276,0.6439031769020718,223.84428223844282,208.64580208645802,89193.34733193347,7298.636802986368,0.0,0,12,2,0,8,0,"{""process_exit"": 12, ""process_exec"": 12, ""process_kprobe"": 8}"
1776397519,normal,sw-wk3,0.18944444444447672,0.4185047848414185,167.33333333333334,116.53333333333333,2776.7666666666664,65056.1,0.0,0,135,4,0,0,0,"{""process_exit"": 75, ""process_exec"": 135}"
1776397519,normal,sw-wk2,0.11255555555555485,0.25466378684200464,154.0,78.0,569.7666666666667,3501.2999999999997,0.0,0,104,5,0,0,0,"{""process_exit"": 106, ""process_exec"": 104}"
1776397519,normal,k3s-wk1,0.28892889288931156,0.6457398040103266,221.02210221022102,205.82058205820582,71278.72787278728,5377.337733773377,0.0,0,57,3,0,50,0,"{""process_exit"": 57, ""process_exec"": 57, ""process_kprobe"": 50}"
1776397529,normal,sw-wk3,0.18944444444447672,0.4185047848414185,167.33333333333334,116.53333333333333,2776.7666666666664,65056.1,0.0,0,136,4,0,0,0,"{""process_exit"": 90, ""process_exec"": 136}"
1776397529,normal,sw-wk2,0.20800000000000074,0.2562980236247563,156.13333333333333,80.0,5491.500000000001,27590.666666666668,0.0,0,0,0,0,0,0,{}
1776397529,normal,k3s-wk1,0.2889288928893117,0.6457398040103266,221.02210221022102,205.82058205820582,71278.72787278728,5377.337733773377,0.0,0,39,3,0,32,0,"{""process_exit"": 39, ""process_exec"": 39, ""process_kprobe"": 32}"
1776397540,normal,sw-wk3,0.17911111111105937,0.41664436713941666,241.0,167.8,3709.233333333333,60168.86666666667,0.0,0,135,4,0,0,0,"{""process_exit"": 75, ""process_exec"": 135}"
1776397540,normal,sw-wk2,0.20800000000000096,0.2562980236247563,156.13333333333333,80.0,5491.5,27590.666666666668,0.0,0,0,0,0,0,0,{}
1776397540,normal,k3s-wk1,0.2889288928893117,0.6457398040103266,221.02210221022102,205.82058205820582,71278.72787278728,5377.337733773377,0.0,0,24,2,0,16,0,"{""process_exit"": 24, ""process_exec"": 24, ""process_kprobe"": 16}"
1776397549,normal,sw-wk3,0.17911111111105937,0.41664436713941666,241.0,167.8,3709.233333333333,60168.86666666667,0.0,0,109,4,0,0,0,"{""process_exit"": 63, ""process_exec"": 109}"
1776397549,normal,sw-wk2,0.20800000000000096,0.2562980236247563,156.13333333333333,80.0,5491.5,27590.666666666668,0.0,0,0,0,0,0,0,{}
1776397549,normal,k3s-wk1,0.3038888888889536,0.643676279515004,223.83333333333334,208.66666666666666,85072.43333333333,7168.633333333333,0.0,0,18,2,0,12,0,"{""process_exit"": 18, ""process_exec"": 18, ""process_kprobe"": 12}"
1776397559,normal,sw-wk3,0.17911111111105937,0.41664436713941666,241.0,167.8,3709.233333333333,60168.86666666667,0.0,0,108,4,0,0,0,"{""process_exit"": 60, ""process_exec"": 108}"
1776397559,normal,sw-wk2,0.11097779110977812,0.25111179071575107,160.5839416058394,85.99140085991401,874.8791787487918,3526.6473352664734,0.0,0,0,0,0,0,0,{}
1776397559,normal,k3s-wk1,0.3038888888889536,0.643676279515004,223.83333333333334,208.66666666666666,85072.43333333333,7168.633333333333,0.0,0,15,2,0,10,0,"{""process_exit"": 15, ""process_exec"": 15, ""process_kprobe"": 10}"
1776397569,normal,sw-wk3,0.20444444444448084,0.40957223135440957,245.0,171.8,4381.533333333333,62578.933333333334,0.0,0,135,4,0,0,0,"{""process_exit"": 75, ""process_exec"": 135}"
1776397569,normal,sw-wk2,0.11097779110977812,0.25111179071575107,160.5839416058394,85.99140085991401,874.8791787487918,3526.6473352664734,0.0,0,106,7,0,0,0,"{""process_exec"": 106, ""process_exit"": 106}"
1776397569,normal,k3s-wk1,0.3038888888889536,0.643676279515004,223.83333333333334,208.66666666666666,85072.43333333333,7168.633333333333,0.0,0,33,3,0,28,0,"{""process_exit"": 33, ""process_exec"": 33, ""process_kprobe"": 28}"
1776397579,normal,sw-wk3,0.20444444444448084,0.40957223135440957,245.0,171.8,4381.533333333333,62578.933333333334,0.0,0,82,4,0,0,0,"{""process_exit"": 76, ""process_exec"": 82}"
1776397579,normal,sw-wk2,0.11097779110977812,0.25111179071575107,160.5839416058394,85.99140085991401,874.8791787487918,3526.6473352664734,0.0,0,0,0,0,0,0,{}
1776397579,normal,k3s-wk1,0.31511111111107715,0.652229520817553,225.46666666666667,211.79999999999998,86128.33333333333,11968.6,0.0,0,12,2,0,8,0,"{""process_exit"": 13, ""process_exec"": 12, ""process_kprobe"": 8}"
1776397589,normal,sw-wk3,0.20444444444448084,0.40957223135440957,245.0,171.8,4381.533333333333,62578.933333333334,0.0,0,0,0,0,0,0,"{""process_exit"": 2}"
1776397589,normal,sw-wk2,0.2131635668733184,0.2568172840450068,153.98973401773216,77.99480034664356,6019.298713419105,27580.7279514699,0.0,0,0,0,0,0,0,{}
1776397589,normal,k3s-wk1,0.31511111111107715,0.652229520817553,225.46666666666667,211.79999999999998,86128.33333333333,11968.6,0.0,0,12,2,0,8,0,"{""process_exit"": 12, ""process_exec"": 12, ""process_kprobe"": 8}"
1776397599,normal,sw-wk3,0.19455555555553783,0.40596130076328096,245.0,167.8,5651.133333333333,34175.36666666667,0.0,0,0,0,0,0,0,{}
1776397599,normal,sw-wk2,0.2131635668733184,0.2568172840450068,153.98973401773216,77.99480034664356,6019.298713419105,27580.7279514699,0.0,0,0,0,0,0,0,{}
1776397599,normal,k3s-wk1,0.31511111111107715,0.652229520817553,225.46666666666667,211.79999999999998,86128.33333333333,11968.6,0.0,0,63,3,0,54,0,"{""process_exit"": 63, ""process_exec"": 63, ""process_kprobe"": 54}"
1776397609,normal,sw-wk3,0.19455555555553783,0.40596130076328096,245.0,167.8,5651.133333333333,34175.36666666667,0.0,0,0,0,0,0,0,{}
1776397609,normal,sw-wk2,0.2131635668733184,0.2568172840450068,153.98973401773216,77.99480034664356,6019.298713419105,27580.7279514699,0.0,0,0,0,0,0,0,{}
1776397609,normal,k3s-wk1,0.3093333333333348,0.6479805568129609,223.83333333333334,208.66666666666666,21454.566666666666,4796.133333333333,0.0,0,15,2,0,10,0,"{""process_exit"": 15, ""process_exec"": 15, ""process_kprobe"": 10}"
1776397619,normal,sw-wk3,0.19455555555553783,0.40596130076328096,245.0,167.8,5651.133333333333,34175.36666666667,0.0,0,1,1,0,0,0,"{""process_exit"": 11, ""process_exec"": 1}"
1776397619,normal,sw-wk2,0.10452570641243741,0.25217579673025214,104.80349344978166,54.001800060002004,616.387212907097,3528.8509616987235,0.0,0,0,0,0,0,0,{}
1776397619,normal,k3s-wk1,0.309333333333335,0.6479805568129609,223.83333333333334,208.66666666666666,21454.566666666666,4796.133333333333,0.0,0,54,3,0,48,0,"{""process_exit"": 54, ""process_exec"": 54, ""process_kprobe"": 48}"
1776397629,normal,sw-wk3,0.15111111111109488,0.4065697592925316,245.0,171.8,2177.366666666667,6617.8,0.0,0,0,0,0,0,0,{}
1776397629,normal,sw-wk2,0.10452570641243741,0.25217579673025214,104.80349344978167,54.001800060002,616.387212907097,3528.8509616987235,0.0,0,106,7,0,0,0,"{""process_exec"": 106, ""process_exit"": 106}"
1776397629,normal,k3s-wk1,0.309333333333335,0.6479805568129609,223.83333333333334,208.66666666666666,21454.566666666666,4796.133333333333,0.0,0,20,3,0,14,0,"{""process_exit"": 20, ""process_exec"": 20, ""process_kprobe"": 14}"
1776397639,normal,sw-wk3,0.15111111111109488,0.4065697592925316,245.0,171.8,2177.366666666667,6617.8,0.0,0,1,1,0,0,0,"{""process_exit"": 3, ""process_exec"": 1}"
1776397639,normal,sw-wk2,0.10452570641243741,0.25217579673025214,104.80349344978167,54.001800060002004,616.387212907097,3528.8509616987235,0.0,0,0,0,0,0,0,{}
1776397639,normal,k3s-wk1,0.31166666666665854,0.6527205674015056,223.86666666666667,208.66666666666666,34157.833333333336,9363.5,0.0,0,31,2,0,26,0,"{""process_exit"": 31, ""process_exec"": 31, ""process_kprobe"": 26}"
1776397649,normal,sw-wk3,0.15111111111109488,0.4065697592925316,245.0,171.8,2177.366666666667,6617.8,0.0,0,0,0,0,0,0,{}
1776397649,normal,sw-wk2,0.2934613504022755,0.25569752921238065,156.15415388718495,80.01066808907854,5313.775170022669,27444.792639018535,0.0,0,0,0,0,0,0,{}
1776397649,normal,k3s-wk1,0.31166666666665854,0.6527205674015056,223.86666666666667,208.66666666666666,34157.833333333336,9363.5,0.0,0,15,2,0,10,0,"{""process_exit"": 15, ""process_exec"": 15, ""process_kprobe"": 10}"
1776397659,normal,sw-wk3,0.152555555555571,0.4006364922206507,167.8,120.53333333333336,3067.9333333333334,5769.1,0.0,0,0,0,0,0,0,{}
1776397659,normal,sw-wk2,0.2934613504022755,0.25569752921238065,156.15415388718495,80.01066808907854,5313.775170022669,27444.792639018535,0.0,0,0,0,0,0,0,{}
1776397659,normal,k3s-wk1,0.31166666666665854,0.6527205674015056,223.86666666666667,208.66666666666666,34157.833333333336,9363.5,0.0,0,36,3,0,30,0,"{""process_exit"": 36, ""process_exec"": 36, ""process_kprobe"": 30}"
1776397669,normal,sw-wk3,0.152555555555571,0.4006364922206507,167.8,120.53333333333333,3067.9333333333334,5769.1,0.0,0,0,0,0,0,0,{}
1776397669,normal,sw-wk2,0.2934613504022755,0.25569752921238065,156.15415388718495,80.01066808907854,5313.775170022669,27444.792639018535,0.0,0,0,0,0,0,0,{}
1776397669,normal,k3s-wk1,0.2612222222222448,0.6537929679871493,220.96666666666667,205.79999999999998,9198.133333333333,1795.6666666666667,0.0,0,12,2,0,8,0,"{""process_exit"": 12, ""process_exec"": 12, ""process_kprobe"": 8}"
1776397679,normal,sw-wk3,0.152555555555571,0.4006364922206507,167.8,120.53333333333333,3067.9333333333334,5769.1,0.0,0,2,2,0,0,0,"{""process_exec"": 2}"
1776397679,normal,sw-wk2,0.12533333333333285,0.2547290926003797,156.13333333333333,80.0,1098.2,3587.6,0.0,0,0,0,0,0,0,{}
1776397679,normal,k3s-wk1,0.2612222222222448,0.6537929679871493,220.96666666666667,205.79999999999998,9198.133333333333,1795.6666666666667,0.0,0,15,2,0,10,0,"{""process_exit"": 15, ""process_exec"": 15, ""process_kprobe"": 10}"
1776397689,normal,sw-wk3,0.19455555555555792,0.41375339271378875,143432.43333333332,1288.3333333333333,5746.666666666667,7961.233333333334,0.0,0,7,6,0,0,0,"{""process_exit"": 13, ""process_exec"": 7}"
1776397689,normal,sw-wk2,0.12533333333333307,0.2547290926003797,156.13333333333333,80.0,1098.2,3587.6,0.0,0,2,2,0,0,0,"{""process_exec"": 2}"
1776397689,normal,k3s-wk1,0.2612222222222448,0.6537929679871493,220.96666666666667,205.79999999999998,9198.133333333333,1795.6666666666667,0.0,0,36,3,0,30,0,"{""process_exit"": 36, ""process_exec"": 36, ""process_kprobe"": 30}"
1776397699,normal,sw-wk3,0.19455555555555792,0.41375339271378875,143432.43333333332,1288.3333333333333,5746.666666666667,7961.233333333334,0.0,0,0,0,0,0,0,{}
1776397699,normal,sw-wk2,0.12533333333333307,0.2547290926003797,156.13333333333333,80.0,1098.2,3587.6,0.0,0,104,5,0,0,0,"{""process_exit"": 106, ""process_exec"": 104}"
1776397699,normal,k3s-wk1,0.30699999999997096,0.6527860402793659,223.86666666666667,208.66666666666666,36112.666666666664,12079.533333333333,0.0,0,12,2,0,8,0,"{""process_exit"": 12, ""process_exec"": 12, ""process_kprobe"": 8}"
1776397709,normal,sw-wk3,0.19455555555555792,0.41375339271378875,143432.43333333332,1288.3333333333333,5746.666666666667,7961.233333333334,0.0,0,0,0,0,0,0,{}
1776397709,normal,sw-wk2,0.25933333333333364,0.2498088611949998,156.13333333333333,80.0,6826.266666666666,27896.733333333334,0.0,0,0,0,0,0,0,{}
1776397709,normal,k3s-wk1,0.30699999999997096,0.6527860402793659,223.86666666666667,208.66666666666666,36112.666666666664,12079.533333333333,0.0,0,15,2,0,10,0,"{""process_exit"": 15, ""process_exec"": 15, ""process_kprobe"": 10}"
1776397719,normal,sw-wk3,0.18288888888887922,0.4096502796997846,245.0,171.8,3999.9,5817.0,0.0,0,0,0,0,0,0,{}
1776397719,normal,sw-wk2,0.25933333333333364,0.2498088611949998,156.13333333333333,80.0,6826.266666666666,27896.733333333334,0.0,0,0,0,0,0,0,{}
1776397719,normal,k3s-wk1,0.30699999999997096,0.6527860402793659,223.86666666666667,208.66666666666666,36112.666666666664,12079.533333333333,0.0,0,39,3,0,32,0,"{""process_exit"": 39, ""process_exec"": 39, ""process_kprobe"": 32}"
1776397729,normal,sw-wk3,0.18288888888887922,0.4096502796997846,245.0,171.8,3999.9,5817.0,0.0,0,1,1,0,0,0,"{""process_exit"": 7, ""process_exec"": 1}"
1776397729,normal,sw-wk2,0.25933333333333364,0.2498088611949998,156.13333333333333,80.0,6826.266666666666,27896.733333333334,0.0,0,0,0,0,0,0,{}
1776397729,normal,k3s-wk1,0.28422222222220117,0.6517237992782179,220.96666666666667,205.79999999999998,10398.566666666666,6782.533333333335,0.0,0,39,3,0,32,0,"{""process_exit"": 39, ""process_exec"": 39, ""process_kprobe"": 32}"
1776397739,normal,sw-wk3,0.18288888888887922,0.4096502796997846,245.0,171.8,3999.9,5817.0,0.0,0,0,0,0,0,0,{}
1776397739,normal,sw-wk2,0.11344444444444368,0.25419868241650423,156.13333333333333,80.0,1373.7666666666667,3616.9666666666667,0.0,0,0,0,0,0,0,{}
1776397739,normal,k3s-wk1,0.28422222222220117,0.6517237992782179,220.96666666666667,205.79999999999998,10398.566666666666,6782.533333333333,0.0,0,96,3,0,88,0,"{""process_exit"": 96, ""process_exec"": 96, ""process_kprobe"": 88}"
1776397749,normal,sw-wk3,0.1577777777778061,0.4066716999885317,245.0,169.8,4757.1,6764.733333333334,0.0,0,0,0,0,0,0,"{""process_exit"": 4}"
1776397749,normal,sw-wk2,0.11344444444444368,0.25419868241650423,156.13333333333333,80.0,1373.7666666666667,3616.9666666666667,0.0,0,106,7,0,0,0,"{""process_exec"": 106, ""process_exit"": 106}"
1776397749,normal,k3s-wk1,0.28422222222220117,0.6517237992782179,220.96666666666667,205.79999999999998,10398.566666666666,6782.533333333333,0.0,0,33,3,0,28,0,"{""process_exit"": 33, ""process_exec"": 33, ""process_kprobe"": 28}"
1776397759,normal,sw-wk3,0.1577777777778061,0.4066716999885317,245.0,169.8,4757.1,6764.733333333334,0.0,0,1,1,0,0,0,"{""process_exit"": 23, ""process_exec"": 1}"
1776397759,normal,sw-wk2,0.11344444444444368,0.25419868241650423,156.13333333333333,80.0,1373.7666666666667,3616.9666666666667,0.0,0,0,0,0,0,0,{}
1776397759,normal,k3s-wk1,0.31633333333338676,0.6526607387372539,223.86666666666667,208.66666666666666,36033.933333333334,11663.1,0.0,0,36,3,0,30,0,"{""process_exit"": 36, ""process_exec"": 36, ""process_kprobe"": 30}"
1776397769,normal,sw-wk3,0.1577777777778061,0.4066716999885317,245.0,169.8,4757.1,6764.733333333334,0.0,0,0,0,0,0,0,{}
1776397769,normal,sw-wk2,0.21738550763282394,0.25618493316513113,104.79301379908006,53.996400239984,5272.0485300979935,27552.929804679687,0.0,0,0,0,0,0,0,{}
1776397769,normal,k3s-wk1,0.31633333333338676,0.6526607387372539,223.86666666666667,208.66666666666666,36033.933333333334,11663.1,0.0,0,57,3,0,50,0,"{""process_exit"": 57, ""process_exec"": 57, ""process_kprobe"": 50}"
1776397779,normal,sw-wk3,0.1548888888888943,0.40631968602265633,163.33333333333334,112.53333333333333,3405.5333333333333,10726.433333333332,0.0,0,1,1,0,0,0,"{""process_exit"": 9, ""process_exec"": 1}"
1776397779,normal,sw-wk2,0.21738550763282394,0.25618493316513113,104.79301379908006,53.996400239984,5272.0485300979935,27552.929804679687,0.0,0,0,0,0,0,0,{}
1776397779,normal,k3s-wk1,0.31633333333338676,0.6526607387372539,223.86666666666667,208.66666666666666,36033.933333333334,11663.1,0.0,0,57,3,0,50,0,"{""process_exit"": 57, ""process_exec"": 57, ""process_kprobe"": 50}"
1776397789,normal,sw-wk3,0.15488888888889452,0.40631968602265633,163.33333333333334,112.53333333333333,3405.5333333333333,10726.433333333332,0.0,0,0,0,0,0,0,{}
1776397789,normal,sw-wk2,0.21738550763282394,0.25618493316513113,104.79301379908006,53.996400239984,5272.0485300979935,27552.929804679687,0.0,0,0,0,0,0,0,{}
1776397789,normal,k3s-wk1,0.29399999999994997,0.6520240714421981,223.86666666666667,208.66666666666666,11833.266666666668,2156.733333333333,0.0,0,15,2,0,10,0,"{""process_exit"": 15, ""process_exec"": 15, ""process_kprobe"": 10}"
1776397799,normal,sw-wk3,0.15488888888889452,0.40631968602265633,163.33333333333334,112.53333333333333,3405.5333333333333,10726.433333333332,0.0,0,0,0,0,0,0,{}
1776397799,normal,sw-wk2,0.12383047758739574,0.2553598506568804,156.1437429161944,80.0053336889126,664.0442696179746,3585.105673711581,0.0,0,0,0,0,0,0,{}
1776397799,normal,k3s-wk1,0.29399999999994997,0.6520240714421981,223.86666666666667,208.66666666666666,11833.266666666666,2156.733333333333,0.0,0,54,3,0,48,0,"{""process_exit"": 54, ""process_exec"": 54, ""process_kprobe"": 48}"
1776397809,normal,sw-wk3,0.15867093105896812,0.4055009748079055,244.86940298507463,169.7094882729211,2557.6692430703624,5748.134328358209,0.0,0,0,0,0,0,0,{}
1776397809,normal,sw-wk2,0.12383047758739574,0.2553598506568804,156.1437429161944,80.0053336889126,664.0442696179746,3585.105673711581,0.0,0,2,2,0,0,0,"{""process_exec"": 2}"
1776397809,normal,k3s-wk1,0.29399999999994997,0.6520240714421981,223.86666666666667,208.66666666666666,11833.266666666666,2156.733333333333,0.0,0,81,3,0,72,0,"{""process_exit"": 81, ""process_exec"": 81, ""process_kprobe"": 72}"
1776397819,normal,sw-wk3,0.15867093105896812,0.4055009748079055,244.86940298507463,169.7094882729211,2557.6692430703624,5748.134328358209,0.0,0,2,2,0,0,0,"{""process_exit"": 6, ""process_exec"": 2}"
1776397819,normal,sw-wk2,0.12383047758739574,0.2553598506568804,156.1437429161944,80.0053336889126,664.0442696179746,3585.105673711581,0.0,0,104,5,0,0,0,"{""process_exit"": 106, ""process_exec"": 104}"
1776397819,normal,k3s-wk1,0.3227777777777697,0.6434708301396491,220.96666666666667,205.79999999999998,33792.0,11721.4,0.0,0,33,3,0,28,0,"{""process_exit"": 33, ""process_exec"": 33, ""process_kprobe"": 28}"
1776397829,normal,sw-wk3,0.15867093105896812,0.4055009748079055,244.86940298507463,169.7094882729211,2557.6692430703624,5748.134328358209,0.0,0,0,0,0,0,0,{}
1776397829,normal,sw-wk2,0.2719859574278988,0.2576200670260076,156.11251833088923,79.98933475536596,6046.460471937075,27677.909612051728,0.0,0,0,0,0,0,0,{}
1776397829,normal,k3s-wk1,0.3227777777777697,0.6434708301396491,220.96666666666667,205.79999999999998,33792.0,11721.4,0.0,0,12,2,0,8,0,"{""process_exit"": 12, ""process_exec"": 12, ""process_kprobe"": 8}"
1776397839,normal,sw-wk3,0.1772827319415703,0.4044736037310295,245.11438671379977,173.88114453411592,7579.303675048355,6692.156339625159,0.0,0,0,0,0,0,0,{}
1776397839,normal,sw-wk2,0.2719859574278988,0.2576200670260076,156.11251833088923,79.98933475536596,6046.460471937075,27677.909612051728,0.0,0,0,0,0,0,0,{}
1776397839,normal,k3s-wk1,0.3227777777777697,0.6434708301396491,220.96666666666667,205.79999999999998,33792.0,11721.4,0.0,0,39,3,0,32,0,"{""process_exit"": 39, ""process_exec"": 39, ""process_kprobe"": 32}"
1776397850,normal,sw-wk3,0.1772827319415703,0.4044736037310295,245.11438671379977,173.88114453411592,7579.303675048355,6692.156339625159,0.0,0,1,1,0,0,0,"{""process_exit"": 13, ""process_exec"": 1}"
1776397850,normal,sw-wk2,0.2719859574278988,0.2576200670260076,156.11251833088923,79.98933475536596,6046.460471937075,27677.909612051728,0.0,0,0,0,0,0,0,{}
1776397850,normal,k3s-wk1,0.2684444444444428,0.6421478264697815,414.2000000000001,301.1,9552.366666666667,5075.166666666667,0.0,0,62,3,0,52,0,"{""process_exit"": 62, ""process_exec"": 62, ""process_kprobe"": 52}"
1776397859,normal,sw-wk3,0.1772827319415703,0.4044736037310295,245.11438671379977,173.88114453411592,7579.303675048355,6692.156339625159,0.0,0,0,0,0,0,0,{}
1776397859,normal,sw-wk2,0.1248833177757035,0.2576423665532577,154.0205360714762,78.01040138685158,758.234431257501,3611.348179757301,0.0,0,0,0,0,0,0,{}
1776397859,normal,k3s-wk1,0.2684444444444428,0.6421478264697815,414.2,301.1,9552.366666666667,5075.166666666667,0.0,0,55,3,0,50,0,"{""process_kprobe"": 50, ""process_exit"": 55, ""process_exec"": 55}"
1776397869,normal,sw-wk3,0.15408626875953602,0.402044548084152,244.9428466691105,165.76132235811642,2353.317559236178,6908.987902822675,0.0,0,0,0,0,0,0,{}
1776397869,normal,sw-wk2,0.1248833177757035,0.2576423665532577,154.0205360714762,78.01040138685158,758.234431257501,3611.348179757301,0.0,0,2,2,0,0,0,"{""process_exec"": 2}"
1776397869,normal,k3s-wk1,0.2684444444444428,0.6421478264697815,414.2,301.1,9552.366666666667,5075.166666666667,0.0,0,33,3,0,28,0,"{""process_exit"": 33, ""process_exec"": 33, ""process_kprobe"": 28}"
1776397879,normal,sw-wk3,0.1540862687595359,0.402044548084152,244.9428466691105,165.76132235811644,2353.317559236178,6908.987902822674,0.0,0,0,0,0,0,0,{}
1776397879,normal,sw-wk2,0.1248833177757035,0.2576423665532577,154.0205360714762,78.01040138685158,758.234431257501,3611.348179757301,0.0,0,0,0,0,0,0,{}
1776397879,normal,k3s-wk1,0.300181093001874,0.6417109643364719,225.81075225810753,210.64560210645604,10926.740659267407,4669.533046695331,0.0,0,15,2,0,10,0,"{""process_exit"": 16, ""process_exec"": 15, ""process_kprobe"": 10}"
1776397889,normal,sw-wk3,0.15408626875953602,0.402044548084152,244.9428466691105,165.76132235811642,2353.317559236178,6908.987902822674,0.0,0,1,1,0,0,0,"{""process_exit"": 7, ""process_exec"": 1}"
1776397889,normal,sw-wk2,0.23422222222222266,0.261017559284886,160.6,86.0,5409.533333333333,27773.13333333334,0.0,0,104,5,0,0,0,"{""process_exit"": 106, ""process_exec"": 104}"
1776397889,normal,k3s-wk1,0.300181093001874,0.6417109643364719,225.81075225810753,210.64560210645604,10926.740659267407,4669.533046695331,0.0,0,21,2,0,14,0,"{""process_exit"": 21, ""process_exec"": 21, ""process_kprobe"": 14}"
1776397899,normal,sw-wk3,0.16641659164416,0.4095483390037845,167.38354839785268,118.56890400453469,3000.033343336334,6204.494681737855,0.0,0,0,0,0,0,0,{}
1776397899,normal,sw-wk2,0.23422222222222266,0.261017559284886,160.6,86.0,5409.533333333333,27773.13333333333,0.0,0,0,0,0,0,0,{}
1776397899,normal,k3s-wk1,0.300181093001874,0.6417109643364719,225.81075225810753,210.64560210645604,10926.740659267407,4669.533046695331,0.0,0,30,3,0,26,0,"{""process_exit"": 30, ""process_exec"": 30, ""process_kprobe"": 26}"
1776397909,normal,sw-wk3,0.16641659164416,0.4095483390037845,167.38354839785268,118.56890400453469,3000.033343336334,6204.494681737854,0.0,0,0,0,0,0,0,{}
1776397909,normal,sw-wk2,0.23422222222222266,0.261017559284886,160.6,86.0,5409.533333333333,27773.13333333333,0.0,0,0,0,0,0,0,{}
1776397909,normal,k3s-wk1,0.27835738808701527,0.645228438257383,227.9924002533249,212.6595780140662,33500.316656111456,6661.944601846605,0.0,0,33,3,0,28,0,"{""process_exit"": 33, ""process_exec"": 33, ""process_kprobe"": 28}"
1776397921,normal,sw-wk3,0.16641659164416,0.4095483390037845,167.38354839785268,118.56890400453469,3000.033343336334,6204.494681737854,0.0,0,1,1,0,0,0,"{""process_exit"": 7, ""process_exec"": 1}"
1776397921,normal,sw-wk2,0.11999999999999955,0.26007620067026005,156.13333333333333,80.0,623.0666666666666,3546.0333333333333,0.0,0,0,0,0,0,0,{}
1776397921,normal,k3s-wk1,0.2783573880870154,0.645228438257383,227.99240025332486,212.65957801406617,33500.316656111456,6661.944601846604,0.0,0,12,2,0,8,0,"{""process_exit"": 12, ""process_exec"": 12, ""process_kprobe"": 8}"
1776397930,normal,sw-wk3,0.15577777777776236,0.3982504428048983,241.0,167.8,2372.9,6222.333333333333,0.0,0,4,4,0,0,0,"{""process_exec"": 4, ""process_exit"": 4}"
1776397930,normal,sw-wk2,0.11999999999999955,0.26007620067026005,156.13333333333333,80.0,623.0666666666666,3546.0333333333333,0.0,0,106,7,0,0,0,"{""process_exec"": 106, ""process_exit"": 104}"
1776397930,normal,k3s-wk1,0.2783573880870154,0.645228438257383,227.99240025332486,212.65957801406617,33500.316656111456,6661.944601846604,0.0,0,39,3,0,32,0,"{""process_exit"": 39, ""process_exec"": 39, ""process_kprobe"": 32}"
1776397940,normal,sw-wk3,0.15577777777776236,0.3982504428048983,241.0,167.8,2372.9,6222.333333333333,0.0,0,9,5,0,5,3,"{""process_exit"": 25, ""process_exec"": 9, ""process_kprobe"": 5}"
1776397940,normal,sw-wk2,0.11999999999999955,0.26007620067026005,156.13333333333333,80.0,623.0666666666666,3546.0333333333333,0.0,0,0,0,0,0,0,"{""process_exit"": 2}"
1776397940,normal,k3s-wk1,0.343134640174239,0.6465514419272507,226.9969329243899,212.42832377650353,37168.52246966262,13513.701826910254,0.0,0,39,3,0,32,0,"{""process_exit"": 39, ""process_exec"": 39, ""process_kprobe"": 32}"
1776397950,normal,sw-wk3,0.15577777777776236,0.3982504428048983,241.0,167.8,2372.9,6222.333333333333,0.0,0,10,5,0,4,3,"{""process_exit"": 14, ""process_exec"": 10, ""process_kprobe"": 4}"
1776397950,normal,sw-wk2,0.2084972112970246,0.25596353071600597,107.7928138124125,56.996200253316445,6035.997600159989,27755.416305579627,0.0,0,0,0,0,0,0,{}
1776397950,normal,k3s-wk1,0.343134640174239,0.6465514419272507,226.9969329243899,212.42832377650353,37168.52246966262,13513.701826910254,0.0,0,57,3,0,50,0,"{""process_exit"": 57, ""process_exec"": 57, ""process_kprobe"": 50}"
1776397960,normal,sw-wk3,0.20277777777777783,0.4104116492730354,295.0,239.06666666666666,6423.0,15374.633333333333,0.0,0,7,5,0,4,3,"{""process_exit"": 9, ""process_exec"": 7, ""process_kprobe"": 4}"
1776397960,normal,sw-wk2,0.2084972112970246,0.25596353071600597,107.7928138124125,56.996200253316445,6035.997600159989,27755.416305579627,0.0,0,0,0,0,0,0,{}
1776397960,normal,k3s-wk1,0.343134640174239,0.6465514419272507,226.9969329243899,212.42832377650353,37168.52246966262,13513.701826910254,0.0,0,33,3,0,28,0,"{""process_exit"": 33, ""process_exec"": 33, ""process_kprobe"": 28}"
1776397970,normal,sw-wk3,0.20277777777777783,0.4104116492730354,295.0,239.06666666666666,6423.0,15374.633333333333,0.0,0,9,5,0,4,2,"{""process_exit"": 17, ""process_exec"": 9, ""process_kprobe"": 4}"
1776397970,normal,sw-wk2,0.2084972112970246,0.25596353071600597,107.7928138124125,56.996200253316445,6035.997600159989,27755.416305579627,0.0,0,0,0,0,0,0,{}
1776397970,normal,k3s-wk1,0.30655555555559755,0.6489694230371965,223.86666666666667,208.6666666666667,18822.533333333333,2036.6666666666667,0.0,0,15,2,0,10,0,"{""process_exit"": 15, ""process_exec"": 15, ""process_kprobe"": 10}"
1776397980,normal,sw-wk3,0.20277777777777783,0.4104116492730354,295.0,239.06666666666666,6423.0,15374.633333333333,0.0,0,6,5,0,3,2,"{""process_exit"": 8, ""process_exec"": 6, ""process_kprobe"": 3}"
1776397980,normal,sw-wk2,0.12039197386840927,0.2551527836181302,156.12292513832412,79.99466702219851,691.3539097393507,3582.1611892540495,0.0,0,0,0,0,0,0,{}
1776397980,normal,k3s-wk1,0.30655555555559755,0.6489694230371965,223.86666666666667,208.66666666666666,18822.533333333333,2036.6666666666667,0.0,0,60,3,0,52,0,"{""process_exit"": 60, ""process_exec"": 60, ""process_kprobe"": 52}"
1776397990,normal,sw-wk3,0.17155555555556123,0.4092409240924092,288.0,231.63333333333333,2527.3,13704.199999999999,0.0,0,10,5,0,4,3,"{""process_exit"": 18, ""process_exec"": 10, ""process_kprobe"": 4}"
1776397990,normal,sw-wk2,0.12039197386840927,0.2551527836181302,156.12292513832412,79.99466702219851,691.3539097393507,3582.1611892540495,0.0,0,106,7,0,0,0,"{""process_exec"": 106, ""process_exit"": 106}"
1776397990,normal,k3s-wk1,0.30655555555559755,0.6489694230371965,223.86666666666667,208.66666666666666,18822.533333333333,2036.6666666666667,0.0,0,33,3,0,28,0,"{""process_exit"": 33, ""process_exec"": 33, ""process_kprobe"": 28}"
1776398000,normal,sw-wk3,0.17155555555556123,0.4092409240924092,288.0,231.63333333333333,2527.3,13704.199999999999,0.0,0,6,5,0,3,2,"{""process_exit"": 8, ""process_exec"": 6, ""process_kprobe"": 3}"
1776398000,normal,sw-wk2,0.12039197386840927,0.2551527836181302,156.12292513832412,79.99466702219851,691.3539097393507,3582.1611892540495,0.0,0,0,0,0,0,0,{}
1776398000,normal,k3s-wk1,0.3029999999999644,0.6483282403712538,223.79999999999998,208.66666666666666,41439.03333333333,9730.6,0.0,0,9,2,0,6,0,"{""process_exit"": 9, ""process_exec"": 9, ""process_kprobe"": 6}"
1776398010,normal,sw-wk3,0.17155555555556123,0.4092409240924092,288.0,231.63333333333333,2527.3,13704.199999999999,0.0,0,7,5,0,4,3,"{""process_exit"": 9, ""process_exec"": 7, ""process_kprobe"": 4}"
1776398010,normal,sw-wk2,0.19363978799293247,0.2601000930208851,156.13853795126505,80.00266675555852,6660.122004066803,27757.92526417547,0.0,0,0,0,0,0,0,{}
1776398010,normal,k3s-wk1,0.3029999999999644,0.6483282403712538,223.79999999999998,208.66666666666666,41439.03333333333,9730.6,0.0,0,15,2,0,10,0,"{""process_exit"": 15, ""process_exec"": 15, ""process_kprobe"": 10}"
1776398020,normal,sw-wk3,0.16944444444446471,0.40777711941078276,313.0,250.13333333333333,3613.9333333333334,12588.933333333332,0.0,0,9,5,0,4,2,"{""process_exit"": 17, ""process_exec"": 9, ""process_kprobe"": 4}"
1776398020,normal,sw-wk2,0.19363978799293247,0.2601000930208851,156.13853795126505,80.00266675555852,6660.122004066803,27757.925264175476,0.0,0,0,0,0,0,0,{}
1776398020,normal,k3s-wk1,0.3029999999999644,0.6483282403712538,223.79999999999998,208.66666666666666,41439.03333333333,9730.6,0.0,0,9,2,0,6,0,"{""process_exit"": 9, ""process_exec"": 9, ""process_kprobe"": 6}"
1776398030,normal,sw-wk3,0.16944444444446471,0.40777711941078276,313.0,250.13333333333333,3613.9333333333334,12588.933333333332,0.0,0,6,5,0,3,2,"{""process_exit"": 8, ""process_exec"": 6, ""process_kprobe"": 3}"
1776398030,normal,sw-wk2,0.19363978799293247,0.2601000930208851,156.13853795126505,80.00266675555852,6660.122004066803,27757.925264175476,0.0,0,0,0,0,0,0,{}
1776398030,normal,k3s-wk1,0.2551111111111014,0.6446166055022051,221.0,205.79999999999998,17148.366666666665,3763.9,0.0,0,63,3,0,54,0,"{""process_exit"": 63, ""process_exec"": 63, ""process_kprobe"": 54}"
1776398040,normal,sw-wk3,0.16944444444446471,0.40777711941078276,313.0,250.13333333333333,3613.9333333333334,12588.933333333332,0.0,0,10,5,0,5,4,"{""process_exit"": 14, ""process_exec"": 10, ""process_kprobe"": 5}"
1776398040,normal,sw-wk2,0.1130224133524469,0.2573126521146323,156.14894822815614,80.00800080008,1330.5663899723304,3580.7580758075806,0.0,0,0,0,0,0,0,{}
1776398040,normal,k3s-wk1,0.2551111111111014,0.6446166055022051,221.0,205.79999999999998,17148.366666666665,3763.9,0.0,0,54,3,0,48,0,"{""process_exit"": 54, ""process_exec"": 54, ""process_kprobe"": 48}"
1776398050,normal,sw-wk3,0.15555555555553535,0.407047606305032,202.33333333333334,175.3,6233.6,14535.4,0.0,0,8,5,0,4,2,"{""process_exit"": 62, ""process_exec"": 8, ""process_kprobe"": 4}"
1776398050,normal,sw-wk2,0.11302241335244712,0.2573126521146323,156.14894822815614,80.00800080008,1330.5663899723304,3580.7580758075806,0.0,0,106,7,0,0,0,"{""process_exec"": 106, ""process_exit"": 106}"
1776398050,normal,k3s-wk1,0.2551111111111014,0.6446166055022051,221.0,205.79999999999998,17148.366666666665,3763.9,0.0,0,12,2,0,8,0,"{""process_exit"": 12, ""process_exec"": 12, ""process_kprobe"": 8}"
1776398060,normal,sw-wk3,0.15555555555553535,0.407047606305032,202.33333333333334,175.3,6233.6,14535.4,0.0,0,7,5,0,3,2,"{""process_exit"": 9, ""process_exec"": 7, ""process_kprobe"": 3}"
1776398060,normal,sw-wk2,0.11302241335244712,0.2573126521146323,156.14894822815614,80.00800080008,1330.5663899723304,3580.7580758075806,0.0,0,0,0,0,0,0,{}
1776398060,normal,k3s-wk1,0.3220000000000356,0.6470278135558207,226.86666666666667,211.66666666666666,47361.46666666667,14557.733333333334,0.0,0,15,2,0,10,0,"{""process_exit"": 15, ""process_exec"": 15, ""process_kprobe"": 10}"
1776398070,normal,sw-wk3,0.15555555555553535,0.407047606305032,202.33333333333334,175.3,6233.6,14535.4,0.0,0,6,5,0,3,2,"{""process_exit"": 8, ""process_exec"": 6, ""process_kprobe"": 3}"
1776398070,normal,sw-wk2,0.20088888888888812,0.25541082100488044,156.13333333333333,80.0,5623.133333333333,27629.066666666666,0.0,0,0,0,0,0,0,{}
1776398070,normal,k3s-wk1,0.3220000000000356,0.6470278135558207,226.86666666666667,211.66666666666666,47361.46666666667,14557.733333333334,0.0,0,78,3,0,70,0,"{""process_exit"": 78, ""process_exec"": 78, ""process_kprobe"": 70}"
1776398080,normal,sw-wk3,0.1691111111111241,0.4062814582616563,290.0,235.63333333333333,3283.1666666666665,19946.233333333334,0.0,0,5,4,0,2,2,"{""process_exit"": 15, ""process_exec"": 5, ""process_kprobe"": 2}"
1776398080,normal,sw-wk2,0.20088888888888812,0.25541082100488044,156.13333333333333,80.0,5623.133333333333,27629.066666666666,0.0,0,0,0,0,0,0,{}
1776398080,normal,k3s-wk1,0.3220000000000356,0.6470278135558207,226.86666666666667,211.66666666666666,47361.46666666667,14557.733333333334,0.0,0,36,3,0,30,0,"{""process_exit"": 36, ""process_exec"": 36, ""process_kprobe"": 30}"
1776398091,normal,sw-wk3,0.1691111111111241,0.4062814582616563,290.0,235.63333333333333,3283.1666666666665,19946.233333333334,0.0,0,0,0,0,0,0,{}
1776398091,normal,sw-wk2,0.20088888888888812,0.25541082100488044,156.13333333333333,80.0,5623.133333333333,27629.066666666666,0.0,0,0,0,0,0,0,{}
1776398091,normal,k3s-wk1,0.2931111111110821,0.6525027007562118,226.0,210.66666666666666,15437.199999999999,4670.3,0.0,0,57,3,0,50,0,"{""process_exit"": 57, ""process_exec"": 57, ""process_kprobe"": 50}"
1776398100,normal,sw-wk3,0.1691111111111241,0.4062814582616563,290.0,235.63333333333333,3283.1666666666665,19946.233333333334,0.0,0,0,0,0,0,0,{}
1776398100,normal,sw-wk2,0.1163333333333324,0.2604839634542605,156.13333333333335,80.0,1284.0666666666666,3643.1666666666665,0.0,0,0,0,0,0,0,{}
1776398100,normal,k3s-wk1,0.2931111111110821,0.6525027007562118,226.0,210.66666666666666,15437.199999999999,4670.3,0.0,0,57,3,0,50,0,"{""process_exit"": 57, ""process_exec"": 57, ""process_kprobe"": 50}"
1776398111,normal,sw-wk3,0.17088888888885978,0.40992424532028493,259.0,163.8,4933.966666666666,6382.166666666667,0.0,0,0,0,0,0,0,{}
1776398111,normal,sw-wk2,0.1163333333333324,0.2604839634542605,156.13333333333333,80.0,1284.0666666666666,3643.1666666666665,0.0,0,2,2,0,0,0,"{""process_exec"": 2}"
1776398111,normal,k3s-wk1,0.2931111111110821,0.6525027007562118,226.0,210.66666666666666,15437.199999999999,4670.3,0.0,0,54,3,0,48,0,"{""process_exit"": 54, ""process_exec"": 54, ""process_kprobe"": 48}"
1776398121,normal,sw-wk3,0.17088888888885978,0.40992424532028493,259.0,163.8,4933.966666666666,6382.166666666667,0.0,0,1,1,0,0,0,"{""process_exit"": 5, ""process_exec"": 1}"
1776398121,normal,sw-wk2,0.1163333333333324,0.2604839634542605,156.13333333333333,80.0,1284.0666666666666,3643.1666666666665,0.0,0,104,5,0,0,0,"{""process_exit"": 106, ""process_exec"": 104}"
1776398121,normal,k3s-wk1,0.29177777777780045,0.6528560285281133,221.0,205.79999999999998,33758.9,7411.8,0.0,0,39,3,0,32,0,"{""process_exit"": 39, ""process_exec"": 39, ""process_kprobe"": 32}"
1776398130,normal,sw-wk3,0.17088888888885978,0.40992424532028493,259.0,163.8,4933.966666666666,6382.166666666667,0.0,0,0,0,0,0,0,{}
1776398130,normal,sw-wk2,0.1866640003555089,0.26346732163563846,104.7860285295294,53.99280095987202,5370.983868817491,27699.240101319825,0.0,0,0,0,0,0,0,{}
1776398130,normal,k3s-wk1,0.29177777777780045,0.6528560285281133,221.0,205.79999999999998,33758.9,7411.8,0.0,0,39,3,0,32,0,"{""process_exit"": 39, ""process_exec"": 39, ""process_kprobe"": 32}"
1776398141,normal,sw-wk3,0.16388888888888875,0.4050629483797801,245.0,167.8,2875.566666666667,5908.3,0.0,0,0,0,0,0,0,{}
1776398141,normal,sw-wk2,0.1866640003555089,0.26346732163563846,104.7860285295294,53.99280095987202,5370.983868817491,27699.240101319825,0.0,0,0,0,0,0,0,{}
1776398141,normal,k3s-wk1,0.29177777777780045,0.6528560285281133,221.0,205.79999999999998,33758.9,7411.8,0.0,0,15,2,0,10,0,"{""process_exit"": 15, ""process_exec"": 15, ""process_kprobe"": 10}"
1776398151,normal,sw-wk3,0.16388888888888886,0.4050629483797801,245.0,167.8,2875.5666666666666,5908.3,0.0,0,1,1,0,0,0,"{""process_exit"": 13, ""process_exec"": 1}"
1776398151,normal,sw-wk2,0.1866640003555089,0.26346732163563846,104.7860285295294,53.99280095987202,5370.983868817491,27699.240101319825,0.0,0,0,0,0,0,0,{}
1776398151,normal,k3s-wk1,0.2711111111110869,0.6553473844149715,228.33333333333334,214.66666666666666,8865.7,4504.233333333334,0.0,0,36,3,0,30,0,"{""process_exit"": 36, ""process_exec"": 36, ""process_kprobe"": 30}"
1776398161,normal,sw-wk3,0.16388888888888886,0.4050629483797801,245.0,167.8,2875.5666666666666,5908.3,0.0,0,0,0,0,0,0,{}
1776398161,normal,sw-wk2,0.1022734848989949,0.2587015940976337,156.14374291619438,80.0053336889126,802.2201480098673,3628.875258350557,0.0,0,0,0,0,0,0,{}
1776398161,normal,k3s-wk1,0.2711111111110869,0.6553473844149715,228.33333333333334,214.66666666666666,8865.7,4504.233333333334,0.0,0,36,3,0,30,0,"{""process_exit"": 36, ""process_exec"": 36, ""process_kprobe"": 30}"
1776398171,normal,sw-wk3,0.15155555555554912,0.408986072352409,167.33333333333334,118.53333333333336,2459.366666666667,7049.3,0.0,0,0,0,0,0,0,{}
1776398171,normal,sw-wk2,0.1022734848989949,0.2587015940976337,156.1437429161944,80.0053336889126,802.2201480098673,3628.875258350557,0.0,0,2,2,0,0,0,"{""process_exec"": 2}"
1776398171,normal,k3s-wk1,0.2711111111110869,0.6553473844149715,228.33333333333334,214.66666666666666,8865.7,4504.233333333334,0.0,0,75,3,0,68,0,"{""process_exit"": 75, ""process_exec"": 75, ""process_kprobe"": 68}"
1776398181,normal,sw-wk3,0.15155555555554912,0.408986072352409,167.33333333333334,118.53333333333333,2459.366666666667,7049.3,0.0,0,6,6,0,0,0,"{""process_exec"": 6, ""process_exit"": 11}"
1776398181,normal,sw-wk2,0.1022734848989949,0.2587015940976337,156.1437429161944,80.0053336889126,802.2201480098673,3628.875258350557,0.0,0,104,5,0,0,0,"{""process_exit"": 106, ""process_exec"": 104}"
1776398181,normal,k3s-wk1,0.31644444444447994,0.6490348959150569,221.0,205.79999999999998,11645.866666666667,8186.033333333333,0.0,0,57,3,0,50,0,"{""process_exit"": 58, ""process_exec"": 57, ""process_kprobe"": 50}"
1776398191,normal,sw-wk3,0.15155555555554912,0.408986072352409,167.33333333333334,118.53333333333333,2459.366666666667,7049.3,0.0,0,4,2,0,0,0,"{""process_exit"": 4, ""process_exec"": 4}"
1776398191,normal,sw-wk2,0.20816943351779005,0.2615033704142615,156.1437429161944,80.0053336889126,5751.050070004668,27687.34582305487,0.0,0,0,0,0,0,0,{}
1776398191,normal,k3s-wk1,0.31644444444447994,0.6490348959150569,221.0,205.79999999999998,11645.866666666667,8186.033333333333,0.0,0,31,3,0,25,0,"{""process_exit"": 31, ""process_exec"": 31, ""process_kprobe"": 25}"
1776398201,normal,sw-wk3,0.2021111111111572,0.40749837532015754,956.1,501.26666666666665,6043.566666666667,8588.766666666666,0.0,0,2,2,0,0,0,"{""process_exit"": 2, ""process_exec"": 2}"
1776398201,normal,sw-wk2,0.20816943351779005,0.2615033704142615,156.1437429161944,80.0053336889126,5751.050070004668,27687.34582305487,0.0,0,0,0,0,0,0,{}
1776398201,normal,k3s-wk1,0.31644444444447994,0.6490348959150569,221.0,205.79999999999998,11645.866666666667,8186.033333333333,0.0,0,59,3,0,53,0,"{""process_kprobe"": 53, ""process_exit"": 59, ""process_exec"": 59}"
1776398211,normal,sw-wk3,0.2021111111111572,0.40749837532015754,956.1,501.26666666666665,6043.566666666667,8588.766666666666,0.0,0,5,2,0,0,0,"{""process_exit"": 21, ""process_exec"": 5}"
1776398211,normal,sw-wk2,0.20816943351779005,0.2615033704142615,156.1437429161944,80.0053336889126,5751.050070004668,27687.34582305487,0.0,0,0,0,0,0,0,{}
1776398211,normal,k3s-wk1,0.28604759682685554,0.6492313145486379,223.8184121058596,208.65275648290114,38438.337444170385,6588.79408039464,0.0,0,39,3,0,32,0,"{""process_exit"": 39, ""process_exec"": 39, ""process_kprobe"": 32}"
1776398221,normal,sw-wk3,0.2021111111111572,0.40749837532015754,956.1,501.26666666666665,6043.566666666667,8588.766666666666,0.0,0,3,2,0,0,0,"{""process_exit"": 3, ""process_exec"": 3}"
1776398221,normal,sw-wk2,0.10955555555555574,0.2572138970653822,154.0,78.0,666.5333333333333,3598.9666666666667,0.0,0,0,0,0,0,0,{}
1776398221,normal,k3s-wk1,0.28604759682685554,0.6492313145486379,223.8184121058596,208.65275648290114,38438.337444170385,6588.79408039464,0.0,0,33,3,0,28,0,"{""process_exit"": 33, ""process_exec"": 33, ""process_kprobe"": 28}"
1776398231,normal,sw-wk3,0.15766666666665208,0.4131879404156632,339.1333333333333,264.06666666666666,2372.2,9958.466666666667,0.0,0,3,2,0,0,0,"{""process_exit"": 3, ""process_exec"": 3}"
1776398231,normal,sw-wk2,0.10955555555555574,0.2572138970653822,154.0,78.0,666.5333333333333,3598.9666666666667,0.0,0,2,2,0,0,0,"{""process_exec"": 2}"
1776398231,normal,k3s-wk1,0.28604759682685554,0.6492313145486379,223.8184121058596,208.65275648290114,38438.337444170385,6588.79408039464,0.0,0,15,2,0,10,0,"{""process_exit"": 15, ""process_exec"": 15, ""process_kprobe"": 10}"
1776398241,normal,sw-wk3,0.15766666666665208,0.4131879404156632,339.1333333333333,264.06666666666666,2372.2,9958.466666666667,0.0,0,5,2,0,0,0,"{""process_exit"": 9, ""process_exec"": 5}"
1776398241,normal,sw-wk2,0.10955555555555574,0.2572138970653822,154.0,78.0,666.5333333333333,3598.9666666666667,0.0,0,104,5,0,0,0,"{""process_exit"": 106, ""process_exec"": 104}"
1776398241,normal,k3s-wk1,0.28684134497855085,0.6553304517741456,223.88159210614043,208.68057870524703,11769.11794119608,4814.98766584439,0.0,0,9,2,0,6,0,"{""process_exit"": 9, ""process_exec"": 9, ""process_kprobe"": 6}"
1776398251,normal,sw-wk3,0.15766666666665208,0.4131879404156632,339.1333333333333,264.06666666666666,2372.2,9958.466666666667,0.0,0,3,2,0,0,0,"{""process_exit"": 3, ""process_exec"": 3}"
1776398251,normal,sw-wk2,0.1888888888888861,0.26035175911413533,156.13333333333333,80.0,5297.333333333334,27721.8,0.0,0,0,0,0,0,0,{}
1776398251,normal,k3s-wk1,0.28684134497855085,0.6553304517741456,223.88159210614043,208.68057870524703,11769.11794119608,4814.98766584439,0.0,0,36,3,0,30,0,"{""process_exit"": 36, ""process_exec"": 36, ""process_kprobe"": 30}"
1776398261,normal,sw-wk3,0.1548888888888541,0.4079587012755329,329.6666666666667,254.46666666666667,3011.6,8424.366666666667,0.0,0,3,2,0,0,0,"{""process_exit"": 3, ""process_exec"": 3}"
1776398261,normal,sw-wk2,0.18888888888888633,0.26035175911413533,156.13333333333333,80.0,5297.333333333333,27721.8,0.0,0,0,0,0,0,0,{}
1776398261,normal,k3s-wk1,0.28684134497855085,0.6553304517741456,223.88159210614043,208.68057870524703,11769.11794119608,4814.98766584439,0.0,0,15,2,0,10,0,"{""process_exit"": 15, ""process_exec"": 15, ""process_kprobe"": 10}"
1776398271,normal,sw-wk3,0.1548888888888541,0.4079587012755329,329.6666666666667,254.46666666666667,3011.6,8424.366666666667,0.0,0,5,2,0,0,0,"{""process_exit"": 7, ""process_exec"": 5}"
1776398271,normal,sw-wk2,0.18888888888888633,0.26035175911413533,156.13333333333333,80.0,5297.333333333333,27721.8,0.0,0,0,0,0,0,0,{}
1776398271,normal,k3s-wk1,0.2794444444444606,0.6534622170696823,221.0,205.79999999999998,36033.9,6463.2,0.0,0,42,3,0,34,0,"{""process_exit"": 42, ""process_exec"": 42, ""process_kprobe"": 34}"
1776398281,normal,sw-wk3,0.1548888888888541,0.4079587012755329,329.6666666666667,254.46666666666667,3011.6,8424.366666666667,0.0,0,2,2,0,0,0,"{""process_exit"": 2, ""process_exec"": 2}"
1776398281,normal,sw-wk2,0.11388888888889126,0.2573269875250074,156.13333333333333,80.0,608.8333333333334,3539.366666666667,0.0,0,0,0,0,0,0,{}
1776398281,normal,k3s-wk1,0.2794444444444606,0.6534622170696823,221.0,205.79999999999998,36033.9,6463.2,0.0,0,39,3,0,32,0,"{""process_exit"": 39, ""process_exec"": 39, ""process_kprobe"": 32}"
1776398291,normal,sw-wk3,0.15344444444447924,0.41017591141353515,323.4,252.2,3998.3333333333335,8224.966666666667,0.0,0,5,2,0,0,0,"{""process_exit"": 9, ""process_exec"": 5}"
1776398291,normal,sw-wk2,0.11388888888889137,0.2573269875250074,156.13333333333333,80.0,608.8333333333334,3539.366666666667,0.0,0,58,5,0,0,0,"{""process_exec"": 58, ""process_exit"": 57}"
1776398291,normal,k3s-wk1,0.2794444444444606,0.6534622170696823,221.0,205.79999999999998,36033.9,6463.2,0.0,0,78,3,0,70,0,"{""process_exit"": 78, ""process_exec"": 78, ""process_kprobe"": 70}"
1776398301,normal,sw-wk3,0.15344444444447924,0.41017591141353515,323.4,252.2,3998.3333333333335,8224.966666666667,0.0,0,3,2,0,0,0,"{""process_exit"": 3, ""process_exec"": 3}"
1776398301,normal,sw-wk2,0.11388888888889137,0.2573269875250074,156.13333333333333,80.0,608.8333333333334,3539.366666666667,0.0,0,48,3,0,0,0,"{""process_exec"": 48, ""process_exit"": 49}"
1776398301,normal,k3s-wk1,0.3240450636624207,0.6475335350951559,223.85174321711887,208.65275648290114,36089.49403373108,11529.76468235451,0.0,0,60,3,0,52,0,"{""process_exit"": 60, ""process_exec"": 60, ""process_kprobe"": 52}"
1776398311,normal,sw-wk3,0.15344444444447924,0.41017591141353515,323.4,252.2,3998.3333333333335,8224.966666666667,0.0,0,3,2,0,0,0,"{""process_exit"": 5, ""process_exec"": 3}"
1776398311,normal,sw-wk2,0.2748888888888865,0.2602179619506352,102.66666666666667,52.00000000000001,5586.7,27648.933333333334,0.0,0,0,0,0,0,0,{}
1776398311,normal,k3s-wk1,0.3240450636624209,0.6475335350951559,223.85174321711887,208.65275648290114,36089.49403373108,11529.76468235451,0.0,0,63,3,0,54,0,"{""process_exit"": 63, ""process_exec"": 63, ""process_kprobe"": 54}"
1776398321,normal,sw-wk3,0.18155555555555714,0.40837442817640834,222.13333333333333,175.33333333333334,5886.133333333333,8310.966666666667,0.0,0,1,1,0,0,0,"{""process_exit"": 3, ""process_exec"": 1}"
1776398321,normal,sw-wk2,0.2748888888888865,0.2602179619506352,102.66666666666667,52.0,5586.7,27648.933333333334,0.0,0,0,0,0,0,0,{}
1776398321,normal,k3s-wk1,0.3240450636624209,0.6475335350951559,223.85174321711887,208.65275648290114,36089.49403373108,11529.76468235451,0.0,0,46,3,0,40,0,"{""process_exit"": 46, ""process_exec"": 46, ""process_kprobe"": 40}"
1776398331,normal,sw-wk3,0.18155555555555714,0.40837442817640834,222.13333333333333,175.33333333333334,5886.133333333333,8310.966666666667,0.0,0,0,0,0,0,0,{}
1776398331,normal,sw-wk2,0.2748888888888865,0.2602179619506352,102.66666666666667,52.0,5586.7,27648.933333333334,0.0,0,0,0,0,0,0,{}
1776398331,normal,k3s-wk1,0.28928595239679566,0.6508297558426077,221.01473431562107,205.81372091472767,10905.893726248418,6296.85312354157,0.0,0,22,2,0,18,0,"{""process_exit"": 22, ""process_exec"": 22, ""process_kprobe"": 18}"
1776398341,normal,sw-wk3,0.18155555555555714,0.40837442817640834,222.13333333333333,175.33333333333334,5886.133333333333,8310.966666666667,0.0,0,0,0,0,0,0,{}
1776398341,normal,sw-wk2,0.12200000000000022,0.2561116632898811,156.13333333333333,80.0,2767.633333333333,3773.7999999999997,0.0,0,0,0,0,0,0,{}
1776398341,normal,k3s-wk1,0.28928595239679566,0.6508297558426077,221.01473431562107,205.81372091472767,10905.893726248418,6296.85312354157,0.0,0,52,3,0,46,0,"{""process_exit"": 52, ""process_exec"": 52, ""process_kprobe"": 46}"
1776398351,normal,sw-wk3,0.1485555555555239,0.408039935267658,245.0,165.8,4597.666666666667,5929.4000000000015,0.0,0,0,0,0,0,0,{}
1776398351,normal,sw-wk2,0.12200000000000022,0.2561116632898811,156.13333333333333,80.0,2767.633333333333,3773.7999999999997,0.0,0,2,2,0,0,0,"{""process_exec"": 2}"
1776398351,normal,k3s-wk1,0.28928595239679566,0.6508297558426077,221.01473431562107,205.81372091472767,10905.893726248418,6296.85312354157,0.0,0,66,3,0,56,0,"{""process_exit"": 66, ""process_exec"": 66, ""process_kprobe"": 56}"
1776398361,normal,sw-wk3,0.14855555555552402,0.408039935267658,245.0,165.8,4597.666666666667,5929.4,0.0,0,1,1,0,0,0,"{""process_exit"": 7, ""process_exec"": 1}"
1776398361,normal,sw-wk2,0.12200000000000022,0.2561116632898811,156.13333333333333,80.0,2767.633333333333,3773.7999999999997,0.0,0,104,5,0,0,0,"{""process_exit"": 106, ""process_exec"": 104}"
1776398361,normal,k3s-wk1,0.29500000000003235,0.650623177624531,223.86666666666667,208.66666666666666,9589.233333333334,7754.033333333333,0.0,0,54,3,0,48,0,"{""process_exit"": 54, ""process_exec"": 54, ""process_kprobe"": 48}"
1776398371,normal,sw-wk3,0.14855555555552402,0.408039935267658,245.0,165.8,4597.666666666667,5929.4,0.0,0,0,0,0,0,0,{}
1776398371,normal,sw-wk2,0.19777777777777983,0.26022114759738524,156.13333333333333,80.0,5881.633333333333,27769.966666666667,0.0,0,0,0,0,0,0,{}
1776398371,normal,k3s-wk1,0.29500000000003235,0.650623177624531,223.86666666666667,208.66666666666666,9589.233333333334,7754.033333333333,0.0,0,15,2,0,10,0,"{""process_exit"": 15, ""process_exec"": 15, ""process_kprobe"": 10}"
1776398381,normal,sw-wk3,0.1592222222222417,0.4055200886884055,245.0,171.8,2853.0666666666666,6139.0,0.0,0,1,1,0,0,0,"{""process_exit"": 11, ""process_exec"": 1}"
1776398381,normal,sw-wk2,0.19777777777777983,0.26022114759738524,156.13333333333333,80.0,5881.633333333333,27769.966666666667,0.0,0,0,0,0,0,0,{}
1776398381,normal,k3s-wk1,0.29500000000003235,0.650623177624531,223.86666666666667,208.66666666666666,9589.233333333334,7754.033333333333,0.0,0,60,3,0,52,0,"{""process_exit"": 60, ""process_exec"": 60, ""process_kprobe"": 52}"
1776398391,normal,sw-wk3,0.1592222222222417,0.4055200886884055,245.0,171.8,2853.0666666666666,6139.0,0.0,0,0,0,0,0,0,{}
1776398391,normal,sw-wk2,0.19777777777777983,0.26022114759738524,156.13333333333333,80.0,5881.633333333333,27769.966666666667,0.0,0,0,0,0,0,0,{}
1776398391,normal,k3s-wk1,0.31455555555557013,0.6530750240161289,223.86666666666667,208.66666666666666,34848.0,6532.1,0.0,0,30,3,0,26,0,"{""process_exit"": 30, ""process_exec"": 30, ""process_kprobe"": 26}"
1776398401,normal,sw-wk3,0.1592222222222417,0.4055200886884055,245.0,171.8,2853.0666666666666,6139.0,0.0,0,1,1,0,0,0,"{""process_exit"": 7, ""process_exec"": 1}"
1776398401,normal,sw-wk2,0.15266666666666406,0.251040113663876,158.46666666666667,84.0,600.4666666666667,3527.6666666666665,0.0,0,0,0,0,0,0,{}
1776398401,normal,k3s-wk1,0.31455555555557013,0.6530750240161289,223.86666666666667,208.66666666666666,34848.0,6532.1,0.0,0,12,2,0,8,0,"{""process_exit"": 12, ""process_exec"": 12, ""process_kprobe"": 8}"
1776398411,normal,sw-wk3,0.2521111111110764,0.41081304076353586,245.0,171.8,10090.2,10184.533333333333,0.0,0,16,3,0,0,0,"{""process_exec"": 16, ""process_exit"": 16}"
1776398411,normal,sw-wk2,0.15266666666666417,0.251040113663876,158.46666666666667,84.0,600.4666666666667,3527.6666666666665,0.0,0,2,2,0,0,0,"{""process_exec"": 2}"
1776398411,normal,k3s-wk1,0.31455555555557013,0.6530750240161289,223.86666666666667,208.66666666666666,34848.0,6532.1,0.0,0,60,3,0,52,0,"{""process_exit"": 60, ""process_exec"": 60, ""process_kprobe"": 52}"
1776398421,normal,sw-wk3,0.2521111111110764,0.41081304076353586,245.0,171.8,10090.2,10184.533333333333,0.0,0,1,1,0,0,0,"{""process_exit"": 3, ""process_exec"": 1}"
1776398421,normal,sw-wk2,0.15266666666666417,0.251040113663876,158.46666666666667,84.0,600.4666666666667,3527.6666666666665,0.0,0,104,5,0,0,0,"{""process_exit"": 106, ""process_exec"": 104}"
1776398421,normal,k3s-wk1,0.32280561478319114,0.6562809373458425,225.34648187633263,211.68710021321962,15158.115671641792,18710.32116204691,0.0,0,33,3,0,28,0,"{""process_exit"": 33, ""process_exec"": 33, ""process_kprobe"": 28}"
1776398431,normal,sw-wk3,0.2521111111110764,0.41081304076353586,245.0,171.8,10090.2,10184.533333333333,0.0,0,8,3,0,0,0,"{""process_exec"": 8, ""process_exit"": 8}"
1776398431,normal,sw-wk2,0.22566666666666857,0.26017973418963514,156.13333333333333,80.0,8153.866666666667,27927.2,0.0,0,0,0,0,0,0,{}
1776398431,normal,k3s-wk1,0.32280561478319114,0.6562809373458425,225.34648187633263,211.68710021321962,15158.115671641792,18710.32116204691,0.0,0,57,3,0,50,0,"{""process_exit"": 57, ""process_exec"": 57, ""process_kprobe"": 50}"
1776398441,normal,sw-wk3,0.195333333333373,0.41602794449329106,163.33333333333334,112.53333333333333,13745.533333333333,10425.166666666666,0.0,0,0,0,0,0,0,{}
1776398441,normal,sw-wk2,0.22566666666666857,0.26017973418963514,156.13333333333333,80.0,8153.866666666667,27927.2,0.0,0,0,0,0,0,0,{}
1776398441,normal,k3s-wk1,0.32280561478319114,0.6562809373458425,225.34648187633263,211.68710021321962,15158.115671641792,18710.32116204691,0.0,0,15,2,0,10,0,"{""process_exit"": 15, ""process_exec"": 15, ""process_kprobe"": 10}"
1776398451,normal,sw-wk3,0.195333333333373,0.41602794449329106,163.33333333333334,112.53333333333333,13745.533333333333,10425.166666666666,0.0,0,0,0,0,0,0,{}
1776398451,normal,sw-wk2,0.22566666666666857,0.26017973418963514,156.13333333333333,80.0,8153.866666666667,27927.2,0.0,0,0,0,0,0,0,{}
1776398451,normal,k3s-wk1,0.29784774101743317,0.6566376516459091,425.59364994663827,301.26067235859125,35754.56910352188,16039.721184631802,0.0,0,33,3,0,28,0,"{""process_exit"": 33, ""process_exec"": 33, ""process_kprobe"": 28}"
1776398461,normal,sw-wk3,0.195333333333373,0.41602794449329106,163.33333333333334,112.53333333333333,13745.533333333333,10425.166666666666,0.0,0,9,3,0,0,0,"{""process_exec"": 9, ""process_exit"": 23}"
1776398461,normal,sw-wk2,0.11045193974136847,0.2608343845967608,104.7860285295294,53.99280095987202,1119.2174376749767,3506.3991467804294,0.0,0,0,0,0,0,0,{}
1776398461,normal,k3s-wk1,0.29784774101743317,0.6566376516459091,425.59364994663815,301.26067235859125,35754.56910352188,16039.721184631802,0.0,0,39,3,0,32,0,"{""process_exit"": 39, ""process_exec"": 39, ""process_kprobe"": 32}"
1776398471,normal,sw-wk3,0.1957777777777867,0.4167909068899168,245.0,173.8,8806.1,9949.233333333334,0.0,0,0,0,0,0,0,{}
1776398471,normal,sw-wk2,0.11045193974136847,0.2608343845967608,104.7860285295294,53.99280095987202,1119.2174376749767,3506.3991467804294,0.0,0,2,2,0,0,0,"{""process_exec"": 2}"
1776398471,normal,k3s-wk1,0.29784774101743317,0.6566376516459091,425.59364994663815,301.26067235859125,35754.56910352188,16039.721184631802,0.0,0,39,3,0,32,0,"{""process_exit"": 39, ""process_exec"": 39, ""process_kprobe"": 32}"
1776398481,normal,sw-wk3,0.1957777777777867,0.4167909068899168,245.0,173.8,8806.1,9949.233333333334,0.0,0,0,0,0,0,0,{}
1776398481,normal,sw-wk2,0.11045193974136847,0.2608343845967608,104.7860285295294,53.99280095987202,1119.2174376749767,3506.3991467804294,0.0,0,104,5,0,0,0,"{""process_exit"": 106, ""process_exec"": 104}"
1776398481,normal,k3s-wk1,0.3307558992134204,0.6491534244008386,227.93627516331156,212.63831489134782,37828.88948140248,17127.81629116118,0.0,0,57,3,0,50,0,"{""process_exit"": 58, ""process_exec"": 57, ""process_kprobe"": 50}"
1776398491,normal,sw-wk3,0.1957777777777867,0.4167909068899168,245.0,173.8,8806.1,9949.233333333334,0.0,0,1,1,0,0,0,"{""process_exit"": 17, ""process_exec"": 1}"
1776398491,normal,sw-wk2,0.2030048450904537,0.26226951845763724,154.0205360714762,78.01040138685158,6186.691558874516,27830.677423656485,0.0,0,0,0,0,0,0,{}
1776398491,normal,k3s-wk1,0.3307558992134204,0.6491534244008386,227.93627516331156,212.63831489134782,37828.88948140248,17127.81629116118,0.0,0,15,2,0,10,0,"{""process_exit"": 15, ""process_exec"": 15, ""process_kprobe"": 10}"
1776398501,normal,sw-wk3,0.1791111111110797,0.41273876422391276,249.46666666666667,169.8,5005.4,8178.633333333333,0.0,0,4,3,0,0,0,"{""process_exec"": 4, ""process_exit"": 4}"
1776398501,normal,sw-wk2,0.2030048450904537,0.26226951845763724,154.0205360714762,78.01040138685158,6186.691558874516,27830.677423656485,0.0,0,0,0,0,0,0,{}
1776398501,normal,k3s-wk1,0.3307558992134204,0.6491534244008386,227.93627516331156,212.63831489134782,37828.88948140248,17127.81629116118,0.0,0,54,3,0,48,0,"{""process_exit"": 54, ""process_exec"": 54, ""process_kprobe"": 48}"
1776398511,normal,sw-wk3,0.1791111111110797,0.41273876422391276,249.46666666666667,169.8,5005.4,8178.633333333333,0.0,0,4,3,0,0,0,"{""process_exec"": 4, ""process_exit"": 4}"
1776398511,normal,sw-wk2,0.2030048450904537,0.26226951845763724,154.0205360714762,78.01040138685158,6186.691558874516,27830.677423656485,0.0,0,0,0,0,0,0,{}
1776398511,normal,k3s-wk1,0.27957060941460965,0.6512214642670481,225.89678623816508,210.69475930124017,12460.128017068942,4329.6106147486325,0.0,0,12,2,0,8,0,"{""process_exit"": 12, ""process_exec"": 12, ""process_kprobe"": 8}"
1776398521,normal,sw-wk3,0.1791111111110797,0.41273876422391276,249.46666666666667,169.8,5005.4,8178.633333333333,0.0,0,0,0,0,0,0,{}
1776398521,normal,sw-wk2,0.1117777777777772,0.26448195012551445,156.13333333333333,80.0,1283.9,3574.366666666667,0.0,0,0,0,0,0,0,{}
1776398521,normal,k3s-wk1,0.27957060941460965,0.6512214642670481,225.89678623816508,210.69475930124017,12460.128017068942,4329.6106147486325,0.0,0,18,2,0,12,0,"{""process_exit"": 18, ""process_exec"": 18, ""process_kprobe"": 12}"
1776398531,normal,sw-wk3,0.20633333333333015,0.41375976400728876,245.00000000000006,175.8,8664.4,7739.7,0.0,0,0,0,0,0,0,{}
1776398531,normal,sw-wk2,0.1117777777777772,0.26448195012551445,156.13333333333333,80.0,1283.9,3574.366666666667,0.0,0,21,5,0,0,0,"{""process_exec"": 21, ""process_exit"": 20}"
1776398531,normal,k3s-wk1,0.27957060941460965,0.6512214642670481,225.89678623816508,210.69475930124017,12460.128017068942,4329.6106147486325,0.0,0,54,3,0,48,0,"{""process_exit"": 54, ""process_exec"": 54, ""process_kprobe"": 48}"
1776398541,normal,sw-wk3,0.20633333333333015,0.41375976400728876,245.0,175.8,8664.4,7739.7,0.0,0,1,1,0,0,0,"{""process_exit"": 5, ""process_exec"": 1}"
1776398541,normal,sw-wk2,0.1117777777777772,0.26448195012551445,156.13333333333333,80.0,1283.9,3574.366666666667,0.0,0,85,3,0,0,0,"{""process_exec"": 85, ""process_exit"": 86}"
1776398541,normal,k3s-wk1,0.3088888888889212,0.652045519453911,229.1,214.4,35302.8,14391.0,0.0,0,30,3,0,26,0,"{""process_exit"": 30, ""process_exec"": 30, ""process_kprobe"": 26}"
1776398551,normal,sw-wk3,0.20633333333333015,0.41375976400728876,245.0,175.8,8664.4,7739.7,0.0,0,0,0,0,0,0,{}
1776398551,normal,sw-wk2,0.23432431231391548,0.2605110414516355,156.11251833088923,79.98933475536596,6959.005465937875,27761.265164644716,0.0,0,0,0,0,0,0,{}
1776398551,normal,k3s-wk1,0.3088888888889212,0.652045519453911,229.1,214.4,35302.8,14391.0,0.0,0,15,2,0,10,0,"{""process_exit"": 15, ""process_exec"": 15, ""process_kprobe"": 10}"
1776398561,normal,sw-wk3,0.20833333333337378,0.4130445863119131,163.33333333333334,110.53333333333333,11091.066666666666,6689.133333333333,0.0,0,0,0,0,0,0,{}
1776398561,normal,sw-wk2,0.23432431231391548,0.2605110414516355,156.11251833088923,79.98933475536596,6959.005465937875,27761.265164644716,0.0,0,0,0,0,0,0,{}
1776398561,normal,k3s-wk1,0.3088888888889212,0.652045519453911,229.1,214.4,35302.8,14391.0,0.0,0,33,3,0,28,0,"{""process_exit"": 33, ""process_exec"": 33, ""process_kprobe"": 28}"
1776398571,normal,sw-wk3,0.20833333333337378,0.4130445863119131,163.33333333333334,110.53333333333333,11091.066666666666,6689.133333333333,0.0,0,1,1,0,0,0,"{""process_exit"": 25, ""process_exec"": 1}"
1776398571,normal,sw-wk2,0.23432431231391548,0.2605110414516355,156.11251833088923,79.98933475536596,6959.005465937875,27761.265164644716,0.0,0,0,0,0,0,0,{}
1776398571,normal,k3s-wk1,0.305666666666649,0.646783983527927,223.86666666666667,208.6666666666667,9360.366666666667,11212.833333333334,0.0,0,78,3,0,70,0,"{""process_exit"": 78, ""process_exec"": 78, ""process_kprobe"": 70}"
1776398581,normal,sw-wk3,0.20833333333337378,0.4130445863119131,163.33333333333334,110.53333333333333,11091.066666666666,6689.133333333333,0.0,0,0,0,0,0,0,{}
1776398581,normal,sw-wk2,0.10977777777777897,0.26128833925863626,154.0,78.0,643.8,3581.7666666666664,0.0,0,0,0,0,0,0,{}
1776398581,normal,k3s-wk1,0.305666666666649,0.646783983527927,223.86666666666667,208.66666666666666,9360.366666666667,11212.833333333334,0.0,0,36,3,0,30,0,"{""process_exit"": 36, ""process_exec"": 36, ""process_kprobe"": 30}"
1776398591,normal,sw-wk3,0.16999999999999194,0.40864042968003367,245.0,167.8,2359.5,8572.166666666666,0.0,0,0,0,0,0,0,{}
1776398591,normal,sw-wk2,0.10977777777777897,0.26128833925863626,154.0,78.0,643.8,3581.7666666666664,0.0,0,106,7,0,0,0,"{""process_exec"": 106, ""process_exit"": 106}"
1776398591,normal,k3s-wk1,0.305666666666649,0.646783983527927,223.86666666666667,208.66666666666666,9360.366666666667,11212.833333333334,0.0,0,33,3,0,28,0,"{""process_exit"": 33, ""process_exec"": 33, ""process_kprobe"": 28}"
1776398601,normal,sw-wk3,0.16999999999999194,0.40864042968003367,245.0,167.8,2359.5,8572.166666666666,0.0,0,1,1,0,0,0,"{""process_exit"": 3, ""process_exec"": 1}"
1776398601,normal,sw-wk2,0.10977777777777897,0.26128833925863626,154.0,78.0,643.8,3581.7666666666664,0.0,0,0,0,0,0,0,{}
1776398601,normal,k3s-wk1,0.3065555555555167,0.6486623778168858,223.83333333333334,208.66666666666666,36805.76666666666,9626.666666666666,0.0,0,57,3,0,50,0,"{""process_exit"": 57, ""process_exec"": 57, ""process_kprobe"": 50}"
1776398611,normal,sw-wk3,0.16999999999999194,0.40864042968003367,245.0,167.8,2359.5,8572.166666666666,0.0,0,0,0,0,0,0,{}
1776398611,normal,sw-wk2,0.210339156331956,0.26106215833938606,160.62141618882518,86.01146819575943,5440.325376716895,27678.723829843977,0.0,0,0,0,0,0,0,{}
1776398611,normal,k3s-wk1,0.3065555555555167,0.6486623778168858,223.83333333333334,208.66666666666666,36805.76666666666,9626.666666666666,0.0,0,36,3,0,30,0,"{""process_exit"": 36, ""process_exec"": 36, ""process_kprobe"": 30}"
1776398621,normal,sw-wk3,0.17011111111110522,0.402957235878028,245.0,173.8,3555.233333333333,5686.133333333333,0.0,0,1,1,0,0,0,"{""process_exit"": 3, ""process_exec"": 1}"
1776398621,normal,sw-wk2,0.210339156331956,0.26106215833938606,160.62141618882518,86.01146819575943,5440.325376716895,27678.723829843977,0.0,0,0,0,0,0,0,{}
1776398621,normal,k3s-wk1,0.3065555555555167,0.6486623778168858,223.83333333333334,208.66666666666666,36805.76666666666,9626.666666666666,0.0,0,36,3,0,30,0,"{""process_exit"": 36, ""process_exec"": 36, ""process_kprobe"": 30}"
1776398631,normal,sw-wk3,0.17011111111110544,0.402957235878028,245.0,173.8,3555.233333333333,5686.133333333333,0.0,0,0,0,0,0,0,{}
1776398631,normal,sw-wk2,0.210339156331956,0.26106215833938606,160.62141618882518,86.01146819575943,5440.325376716895,27678.723829843977,0.0,0,0,0,0,0,0,{}
1776398631,normal,k3s-wk1,0.2661111111111596,0.6497663859987379,223.86666666666667,208.66666666666666,9291.8,3587.5666666666666,0.0,0,33,3,0,28,0,"{""process_exit"": 33, ""process_exec"": 33, ""process_kprobe"": 28}"
1776398641,normal,sw-wk3,0.17011111111110544,0.402957235878028,245.0,173.8,3555.233333333333,5686.133333333333,0.0,0,0,0,0,0,0,{}
1776398641,normal,sw-wk2,0.1062818034353259,0.25739547893013237,153.98973401773216,77.99480034664356,1887.2075194987,3685.8209452703154,0.0,0,0,0,0,0,0,{}
1776398641,normal,k3s-wk1,0.2661111111111596,0.6497663859987379,223.86666666666667,208.66666666666666,9291.8,3587.5666666666666,0.0,0,39,3,0,32,0,"{""process_exit"": 39, ""process_exec"": 39, ""process_kprobe"": 32}"
1776398651,normal,sw-wk3,0.16322222222222793,0.40783286822890785,245.0,167.8,2813.1000000000004,5604.9,0.0,0,0,0,0,0,0,{}
1776398651,normal,sw-wk2,0.1062818034353259,0.25739547893013237,153.98973401773216,77.99480034664356,1887.2075194987,3685.8209452703154,0.0,0,2,2,0,0,0,"{""process_exec"": 2}"
1776398651,normal,k3s-wk1,0.2661111111111596,0.6497663859987379,223.86666666666667,208.66666666666666,9291.8,3587.5666666666666,0.0,0,60,3,0,52,0,"{""process_exit"": 60, ""process_exec"": 60, ""process_kprobe"": 52}"
1776398661,normal,sw-wk3,0.16322222222222793,0.40783286822890785,245.0,167.8,2813.1,5604.9,0.0,0,1,1,0,0,0,"{""process_exit"": 19, ""process_exec"": 1}"
1776398661,normal,sw-wk2,0.1062818034353259,0.25739547893013237,153.98973401773216,77.99480034664356,1887.2075194987,3685.8209452703154,0.0,0,104,5,0,0,0,"{""process_exit"": 106, ""process_exec"": 104}"
1776398661,normal,k3s-wk1,0.294222222222177,0.6535288187902644,225.46666666666667,211.79999999999998,35611.833333333336,9869.833333333334,0.0,0,36,3,0,30,0,"{""process_exit"": 36, ""process_exec"": 36, ""process_kprobe"": 30}"
1776398671,normal,sw-wk3,0.16322222222222793,0.40783286822890785,245.0,167.8,2813.1,5604.9,0.0,0,1,1,0,0,0,"{""process_exec"": 1}"
1776398671,normal,sw-wk2,0.1952796853123533,0.2642255055621392,104.80698713247551,54.003600240016006,6356.090406027069,27771.25141676112,0.0,0,0,0,0,0,0,{}
1776398671,normal,k3s-wk1,0.294222222222177,0.6535288187902644,225.46666666666667,211.79999999999998,35611.833333333336,9869.833333333334,0.0,0,18,2,0,12,0,"{""process_exit"": 18, ""process_exec"": 18, ""process_kprobe"": 12}"
1776398681,normal,sw-wk3,0.3095555555555216,0.40730564369178235,829.4333333333333,404.7,7414.533333333333,8498.066666666666,0.0,0,0,0,0,0,0,{}
1776398681,normal,sw-wk2,0.1952796853123533,0.2642255055621392,104.80698713247551,54.003600240016006,6356.090406027069,27771.25141676112,0.0,0,0,0,0,0,0,{}
1776398681,normal,k3s-wk1,0.294222222222177,0.6535288187902644,225.46666666666667,211.79999999999998,35611.833333333336,9869.833333333334,0.0,0,36,3,0,30,0,"{""process_exit"": 36, ""process_exec"": 36, ""process_kprobe"": 30}"
1776398691,normal,sw-wk3,0.3095555555555216,0.40730564369178235,829.4333333333333,404.7,7414.533333333333,8498.066666666666,0.0,0,0,0,0,0,0,"{""process_exit"": 2}"
1776398691,normal,sw-wk2,0.1952796853123533,0.2642255055621392,104.80698713247551,54.003600240016006,6356.090406027069,27771.25141676112,0.0,0,0,0,0,0,0,{}
1776398691,normal,k3s-wk1,0.3190000000000711,0.6582406083107659,223.86666666666667,208.66666666666666,9487.533333333333,7494.9,0.0,0,33,3,0,28,0,"{""process_exit"": 33, ""process_exec"": 33, ""process_kprobe"": 28}"
1776398701,normal,sw-wk3,0.3095555555555216,0.40730564369178235,829.4333333333333,404.7,7414.533333333333,8498.066666666666,0.0,0,1,1,0,0,0,"{""process_exit"": 1, ""process_exec"": 1}"
1776398701,normal,sw-wk2,0.12266666666666637,0.2611816200925112,156.13333333333333,80.0,807.1,3658.5,0.0,0,0,0,0,0,0,{}
1776398701,normal,k3s-wk1,0.3190000000000711,0.6582406083107659,223.86666666666667,208.66666666666666,9487.533333333333,7494.9,0.0,0,33,3,0,28,0,"{""process_exit"": 33, ""process_exec"": 33, ""process_kprobe"": 28}"
1776398711,normal,sw-wk3,0.33255555555557903,0.4144621991156645,251.0,172.4,2306.3333333333335,6034.266666666666,0.0,0,0,0,0,0,0,{}
1776398711,normal,sw-wk2,0.12266666666666637,0.2611816200925112,156.13333333333333,80.0,807.1,3658.5,0.0,0,106,7,0,0,0,"{""process_exec"": 106, ""process_exit"": 106}"
1776398711,normal,k3s-wk1,0.3190000000000711,0.6582406083107659,223.86666666666667,208.66666666666666,9487.533333333333,7494.9,0.0,0,36,3,0,30,0,"{""process_exit"": 36, ""process_exec"": 36, ""process_kprobe"": 30}"
1776398721,normal,sw-wk3,0.33255555555557903,0.4144621991156645,251.0,172.4,2306.3333333333335,6034.266666666666,0.0,0,1,1,0,0,0,"{""process_exit"": 3, ""process_exec"": 1}"
1776398721,normal,sw-wk2,0.12266666666666637,0.2611816200925112,156.13333333333333,80.0,807.1,3658.5,0.0,0,0,0,0,0,0,{}
1776398721,normal,k3s-wk1,0.3048472930484357,0.6592418918049405,223.81095223810954,208.64580208645802,34368.196513681956,9789.32106789321,0.0,0,33,3,0,28,0,"{""process_exit"": 33, ""process_exec"": 33, ""process_kprobe"": 28}"
1776398731,normal,sw-wk3,0.33255555555557903,0.4144621991156645,251.0,172.4,2306.3333333333335,6034.266666666666,0.0,0,0,0,0,0,0,{}
1776398731,normal,sw-wk2,0.20305312979134704,0.2603883940517604,153.98973401773216,77.99480034664356,5547.663489100726,27670.788614092395,0.0,0,0,0,0,0,0,{}
1776398731,normal,k3s-wk1,0.3048472930484357,0.6592418918049405,223.81095223810954,208.64580208645802,34368.19651368196,9789.32106789321,0.0,0,36,3,0,30,0,"{""process_exit"": 36, ""process_exec"": 36, ""process_kprobe"": 30}"
1776398741,normal,sw-wk3,0.36122222222222466,0.4093794997260344,249.46666666666667,171.8,3055.2,6073.2,0.0,0,0,0,0,0,0,{}
1776398741,normal,sw-wk2,0.20305312979134704,0.2603883940517604,153.98973401773216,77.99480034664356,5547.663489100726,27670.788614092395,0.0,0,0,0,0,0,0,{}
1776398741,normal,k3s-wk1,0.3048472930484357,0.6592418918049405,223.81095223810954,208.64580208645802,34368.19651368196,9789.32106789321,0.0,0,18,2,0,12,0,"{""process_exit"": 18, ""process_exec"": 18, ""process_kprobe"": 12}"
1776398751,normal,sw-wk3,0.36122222222222466,0.4093794997260344,249.46666666666667,171.8,3055.2,6073.2,0.0,0,0,0,0,0,0,{}
1776398751,normal,sw-wk2,0.20305312979134704,0.2603883940517604,153.98973401773216,77.99480034664356,5547.663489100726,27670.788614092395,0.0,0,0,0,0,0,0,{}
1776398751,normal,k3s-wk1,0.2685311732613519,0.6559219653603323,223.87412913763794,208.67362245408182,8967.465582186074,1695.3898463282108,0.0,0,36,3,0,30,0,"{""process_exit"": 36, ""process_exec"": 36, ""process_kprobe"": 30}"
1776398761,normal,sw-wk3,0.36122222222222466,0.4093794997260344,249.46666666666667,171.8,3055.2,6073.2,0.0,0,1,1,0,0,0,"{""process_exit"": 3, ""process_exec"": 1}"
1776398761,normal,sw-wk2,0.13749805542591842,0.26290664780763795,156.1437429161944,80.0053336889126,557.4371624774985,3537.502500166678,0.0,0,0,0,0,0,0,{}
1776398761,normal,k3s-wk1,0.2685311732613519,0.6559219653603323,223.87412913763794,208.67362245408182,8967.465582186074,1695.3898463282112,0.0,0,57,3,0,50,0,"{""process_exit"": 57, ""process_exec"": 57, ""process_kprobe"": 50}"
1776398772,normal,sw-wk3,0.3637777777777754,0.4108990532257859,245.0,167.8,2307.2,5888.4,0.0,0,0,0,0,0,0,{}
1776398772,normal,sw-wk2,0.13749805542591842,0.26290664780763795,156.1437429161944,80.0053336889126,557.4371624774985,3537.502500166678,0.0,0,106,7,0,0,0,"{""process_exec"": 106, ""process_exit"": 106}"
1776398772,normal,k3s-wk1,0.2685311732613519,0.6559219653603323,223.87412913763794,208.67362245408182,8967.465582186074,1695.3898463282112,0.0,0,57,3,0,50,0,"{""process_exit"": 57, ""process_exec"": 57, ""process_kprobe"": 50}"
1776398781,normal,sw-wk3,0.3637777777777754,0.4108990532257859,245.0,167.8,2307.2,5888.4,0.0,0,0,0,0,0,0,{}
1776398781,normal,sw-wk2,0.13749805542591842,0.26290664780763795,156.1437429161944,80.0053336889126,557.4371624774985,3537.502500166678,0.0,0,0,0,0,0,0,{}
1776398781,normal,k3s-wk1,0.3356223748249786,0.6522622572564832,223.88159210614043,208.68057870524703,33750.750050003335,9808.320554703647,0.0,0,33,3,0,28,0,"{""process_exit"": 33, ""process_exec"": 33, ""process_kprobe"": 28}"
1776398792,normal,sw-wk3,0.3637777777777754,0.4108990532257859,245.0,167.8,2307.2,5888.4,0.0,0,1,1,0,0,0,"{""process_exit"": 35, ""process_exec"": 1}"
1776398792,normal,sw-wk2,0.2476666666666637,0.2601000930208851,154.0,78.0,5927.166666666667,27827.5,0.0,0,0,0,0,0,0,{}
1776398792,normal,k3s-wk1,0.3356223748249786,0.6522622572564832,223.88159210614043,208.68057870524703,33750.750050003335,9808.320554703647,0.0,0,78,3,0,70,0,"{""process_exit"": 79, ""process_exec"": 78, ""process_kprobe"": 70}"
1776398801,normal,sw-wk3,0.3233784414372214,0.41558354677166554,163.32244517032197,112.52583161122591,6863.875741617226,10254.91633891074,0.0,0,1,1,0,0,0,"{""process_exit"": 7, ""process_exec"": 1}"
1776398801,normal,sw-wk2,0.2476666666666637,0.2601000930208851,154.0,78.0,5927.166666666667,27827.5,0.0,0,0,0,0,0,0,{}
1776398801,normal,k3s-wk1,0.3356223748249786,0.6522622572564832,223.88159210614043,208.68057870524703,33750.750050003335,9808.320554703647,0.0,0,36,3,0,30,0,"{""process_exit"": 36, ""process_exec"": 36, ""process_kprobe"": 30}"
1776398811,normal,sw-wk3,0.3233784414372214,0.41558354677166554,163.32244517032197,112.52583161122591,6863.875741617226,10254.91633891074,0.0,0,0,0,0,0,0,{}
1776398811,normal,sw-wk2,0.2476666666666637,0.2601000930208851,154.0,78.0,5927.166666666667,27827.5,0.0,0,0,0,0,0,0,{}
1776398811,normal,k3s-wk1,0.3075555555555184,0.6534114191472045,226.73333333333332,211.53333333333333,14734.866666666667,6324.433333333334,0.0,0,18,2,0,12,0,"{""process_exit"": 18, ""process_exec"": 18, ""process_kprobe"": 12}"
1776398821,normal,sw-wk3,0.3233784414372214,0.41558354677166554,163.32244517032197,112.52583161122591,6863.875741617226,10254.91633891074,0.0,0,0,0,0,0,0,{}
1776398821,normal,sw-wk2,0.11842149118421608,0.26592186245651595,137.98620137986202,77.72556077725561,908.8757790887578,3506.1160550611608,0.0,0,0,0,0,0,0,{}
1776398821,normal,k3s-wk1,0.3075555555555184,0.6534114191472045,226.73333333333332,211.53333333333333,14734.866666666667,6324.433333333333,0.0,0,33,3,0,28,0,"{""process_exit"": 33, ""process_exec"": 33, ""process_kprobe"": 28}"
1776398831,normal,sw-wk3,0.15866666666667395,0.41021095352778525,245.0,175.8,2661.9333333333334,7513.033333333333,0.0,0,1,1,0,0,0,"{""process_exit"": 9, ""process_exec"": 1}"
1776398831,normal,sw-wk2,0.11842149118421597,0.26592186245651595,137.98620137986202,77.72556077725561,908.8757790887578,3506.1160550611608,0.0,0,106,7,0,0,0,"{""process_exec"": 106, ""process_exit"": 106}"
1776398831,normal,k3s-wk1,0.3075555555555184,0.6534114191472045,226.73333333333332,211.53333333333333,14734.866666666667,6324.433333333333,0.0,0,33,3,0,28,0,"{""process_exit"": 33, ""process_exec"": 33, ""process_kprobe"": 28}"
1776398841,normal,sw-wk3,0.15866666666667395,0.41021095352778525,245.0,175.8,2661.9333333333334,7513.033333333333,0.0,0,0,0,0,0,0,{}
1776398841,normal,sw-wk2,0.11842149118421597,0.26592186245651595,137.98620137986202,77.72556077725561,908.8757790887578,3506.1160550611608,0.0,0,0,0,0,0,0,{}
1776398841,normal,k3s-wk1,0.29333333333334943,0.6546034770613515,223.86666666666667,208.66666666666666,34176.0,9498.266666666666,0.0,0,54,3,0,48,0,"{""process_exit"": 54, ""process_exec"": 54, ""process_kprobe"": 48}"
1776398851,normal,sw-wk3,0.15866666666667395,0.41021095352778525,245.0,175.8,2661.9333333333334,7513.033333333333,0.0,0,1,1,0,0,0,"{""process_exit"": 5, ""process_exec"": 1}"
1776398851,normal,sw-wk2,0.2093653809825442,0.26541534462326544,319.16524985831916,169.01690169016902,5558.089142247558,27761.50948428176,0.0,0,0,0,0,0,0,{}
1776398851,normal,k3s-wk1,0.29333333333334954,0.6546034770613515,223.86666666666667,208.66666666666666,34176.0,9498.266666666666,0.0,0,15,2,0,10,0,"{""process_exit"": 15, ""process_exec"": 15, ""process_kprobe"": 10}"
1776398861,normal,sw-wk3,0.16238860368469898,0.407033270894657,245.01633442229485,167.81118741249418,2785.852390159344,5989.632642176145,0.0,0,0,0,0,0,0,{}
1776398861,normal,sw-wk2,0.2093653809825442,0.26541534462326544,319.16524985831916,169.01690169016902,5558.089142247558,27761.50948428176,0.0,0,0,0,0,0,0,{}
1776398861,normal,k3s-wk1,0.29333333333334954,0.6546034770613515,223.86666666666667,208.66666666666666,34176.0,9498.266666666666,0.0,0,36,3,0,30,0,"{""process_exit"": 36, ""process_exec"": 36, ""process_kprobe"": 30}"
1776398871,normal,sw-wk3,0.16238860368469898,0.407033270894657,245.01633442229485,167.81118741249418,2785.852390159344,5989.632642176145,0.0,0,1,1,0,0,0,"{""process_exit"": 9, ""process_exec"": 1}"
1776398871,normal,sw-wk2,0.2093653809825442,0.26541534462326544,319.16524985831916,169.01690169016902,5558.089142247558,27761.50948428176,0.0,0,0,0,0,0,0,{}
1776398871,normal,k3s-wk1,0.26422222222220926,0.6593502607062266,223.86666666666667,208.66666666666666,9522.866666666667,2009.3333333333337,0.0,0,15,2,0,10,0,"{""process_exit"": 15, ""process_exec"": 15, ""process_kprobe"": 10}"
1776398881,normal,sw-wk3,0.16238860368469898,0.407033270894657,245.01633442229485,167.81118741249418,2785.852390159344,5989.632642176145,0.0,0,0,0,0,0,0,{}
1776398881,normal,sw-wk2,0.11233333333333473,0.2611147215107611,319.1333333333334,169.0,516.6,3496.1,0.0,0,0,0,0,0,0,{}
1776398881,normal,k3s-wk1,0.26422222222220926,0.6593502607062266,223.86666666666667,208.66666666666666,9522.866666666667,2009.3333333333333,0.0,0,39,3,0,32,0,"{""process_exit"": 39, ""process_exec"": 39, ""process_kprobe"": 32}"
1776398891,normal,sw-wk3,0.22488888888886605,0.4094400270142844,245.0,173.8,2343.3333333333335,6413.633333333333,0.0,0,1,1,0,0,0,"{""process_exit"": 11, ""process_exec"": 1}"
1776398891,normal,sw-wk2,0.11233333333333473,0.2611147215107611,319.1333333333333,169.0,516.6,3496.1,0.0,0,106,7,0,0,0,"{""process_exec"": 106, ""process_exit"": 106}"
1776398891,normal,k3s-wk1,0.26422222222220926,0.6593502607062266,223.86666666666667,208.66666666666666,9522.866666666667,2009.3333333333333,0.0,0,42,3,0,34,0,"{""process_exit"": 42, ""process_exec"": 42, ""process_kprobe"": 34}"
1776398901,normal,sw-wk3,0.22488888888886627,0.4094400270142844,245.0,173.8,2343.3333333333335,6413.633333333333,0.0,0,0,0,0,0,0,{}
1776398901,normal,sw-wk2,0.11233333333333473,0.2611147215107611,319.1333333333333,169.0,516.6,3496.1,0.0,0,0,0,0,0,0,{}
1776398901,normal,k3s-wk1,0.29844444444445095,0.6584336404161817,223.86666666666667,208.6666666666667,35684.9,9423.133333333333,0.0,0,60,3,0,52,0,"{""process_exit"": 60, ""process_exec"": 60, ""process_kprobe"": 52}"
1776398911,normal,sw-wk3,0.22488888888886627,0.4094400270142844,245.0,173.8,2343.3333333333335,6413.633333333333,0.0,0,1,1,0,0,0,"{""process_exit"": 9, ""process_exec"": 1}"
1776398911,normal,sw-wk2,0.1916666666666642,0.25754838997413254,319.1333333333333,169.0,5332.6,27655.066666666666,0.0,0,6,6,1,0,0,"{""process_exec"": 6, ""process_exit"": 4}"
1776398911,normal,k3s-wk1,0.29844444444445095,0.6584336404161817,223.86666666666667,208.66666666666666,35684.9,9423.133333333333,0.0,0,36,3,0,30,0,"{""process_exit"": 36, ""process_exec"": 36, ""process_kprobe"": 30}"
1776398921,normal,sw-wk3,0.16377777777777547,0.40419326681702916,163.33333333333334,108.53333333333336,4511.466666666666,8059.533333333333,0.0,0,0,0,0,0,0,{}
1776398921,normal,sw-wk2,0.1916666666666642,0.25754838997413254,319.1333333333333,169.0,5332.6,27655.066666666666,0.0,0,11,8,2,2,0,"{""process_exit"": 13, ""process_exec"": 11, ""process_kprobe"": 2}"
1776398921,normal,k3s-wk1,0.29844444444445095,0.6584336404161817,223.86666666666667,208.66666666666666,35684.9,9423.133333333333,0.0,0,60,3,0,52,0,"{""process_exit"": 60, ""process_exec"": 60, ""process_kprobe"": 52}"
1776398931,normal,sw-wk3,0.16377777777777547,0.40419326681702916,163.33333333333334,108.53333333333333,4511.466666666666,8059.533333333333,0.0,0,0,0,0,0,0,{}
1776398931,normal,sw-wk2,0.1916666666666642,0.25754838997413254,319.1333333333333,169.0,5332.6,27655.066666666666,0.0,0,14,9,3,2,0,"{""process_exit"": 16, ""process_exec"": 14, ""process_kprobe"": 2}"
1776398931,normal,k3s-wk1,0.2925555555555346,0.6536326723206636,228.29999999999998,211.66666666666666,13651.733333333334,6795.9,0.0,0,33,3,0,28,0,"{""process_exit"": 33, ""process_exec"": 33, ""process_kprobe"": 28}"
1776398942,normal,sw-wk3,0.16377777777777547,0.40419326681702916,163.33333333333334,108.53333333333333,4511.466666666666,8059.533333333333,0.0,0,1,1,0,0,0,"{""process_exit"": 9, ""process_exec"": 1}"
1776398942,normal,sw-wk2,0.14899999999999836,0.2656080762516406,595.2666666666667,314.5333333333333,3592.133333333333,10297.5,0.0,0,9,5,2,0,0,"{""process_exit"": 9, ""process_exec"": 9}"
1776398942,normal,k3s-wk1,0.2925555555555346,0.6536326723206636,228.29999999999998,211.66666666666666,13651.733333333334,6795.9,0.0,0,36,3,0,30,0,"{""process_exit"": 36, ""process_exec"": 36, ""process_kprobe"": 30}"
1776398951,normal,sw-wk3,0.14566666666665296,0.4007909960880258,245.0,161.80000000000004,2932.366666666667,6454.766666666666,0.0,0,0,0,0,0,0,{}
1776398951,normal,sw-wk2,0.14899999999999836,0.2656080762516406,595.2666666666667,314.5333333333333,3592.133333333333,10297.5,0.0,0,16,10,3,2,0,"{""process_exit"": 16, ""process_exec"": 16, ""process_kprobe"": 2}"
1776398951,normal,k3s-wk1,0.2925555555555346,0.6536326723206636,228.29999999999998,211.66666666666666,13651.733333333334,6795.9,0.0,0,33,3,0,28,0,"{""process_exit"": 33, ""process_exec"": 33, ""process_kprobe"": 28}"
1776398961,normal,sw-wk3,0.14566666666665296,0.4007909960880258,245.0,161.8,2932.366666666667,6454.766666666666,0.0,0,1,1,0,0,0,"{""process_exit"": 21, ""process_exec"": 1}"
1776398961,normal,sw-wk2,0.14899999999999836,0.2656080762516406,595.2666666666667,314.5333333333333,3592.133333333333,10297.5,0.0,0,99,3,0,2,0,"{""process_kprobe"": 2, ""process_exit"": 100, ""process_exec"": 99}"
1776398961,normal,k3s-wk1,0.2814444444444638,0.6557210313558643,223.86666666666667,211.66666666666666,18289.566666666666,5966.3,0.0,0,36,3,0,30,0,"{""process_exit"": 36, ""process_exec"": 36, ""process_kprobe"": 30}"
1776398971,normal,sw-wk3,0.14566666666665296,0.4007909960880258,245.0,161.8,2932.366666666667,6454.766666666666,0.0,0,0,0,0,0,0,{}
1776398971,normal,sw-wk2,0.21411111111111092,0.2681104017737681,323.6,199.66666666666666,6347.966666666666,32781.3,0.0,0,5,3,0,2,0,"{""process_exec"": 5, ""process_exit"": 6, ""process_kprobe"": 2}"
1776398971,normal,k3s-wk1,0.2814444444444638,0.6557210313558643,223.86666666666667,211.66666666666666,18289.566666666666,5966.3,0.0,0,12,2,0,8,0,"{""process_exit"": 12, ""process_exec"": 12, ""process_kprobe"": 8}"
1776398981,normal,sw-wk3,0.1611111111111111,0.4046440358321547,245.00000000000006,161.8,5293.7,8360.166666666666,0.0,0,0,0,0,0,0,{}
1776398981,normal,sw-wk2,0.21411111111111092,0.2681104017737681,323.6,199.66666666666666,6347.966666666666,32781.3,0.0,0,0,0,0,1,0,"{""process_kprobe"": 1}"
1776398981,normal,k3s-wk1,0.2814444444444638,0.6557210313558643,223.86666666666667,211.66666666666666,18289.566666666666,5966.3,0.0,0,62,3,0,53,0,"{""process_exit"": 62, ""process_exec"": 62, ""process_kprobe"": 53}"
1776398991,normal,sw-wk3,0.1611111111111111,0.4046440358321547,245.0,161.8,5293.7,8360.166666666666,0.0,0,1,1,0,0,0,"{""process_exit"": 11, ""process_exec"": 1}"
1776398991,normal,sw-wk2,0.21411111111111092,0.2681104017737681,323.6,199.66666666666666,6347.966666666666,32781.3,0.0,0,0,0,0,1,0,"{""process_kprobe"": 1}"
1776398991,normal,k3s-wk1,0.29199999999998705,0.655906161562228,223.86666666666667,208.66666666666666,36245.13333333333,8581.033333333333,0.0,0,58,3,0,51,0,"{""process_kprobe"": 51, ""process_exit"": 58, ""process_exec"": 58}"
1776399001,normal,sw-wk3,0.1611111111111111,0.4046440358321547,245.0,161.8,5293.7,8360.166666666666,0.0,0,0,0,0,0,0,{}
1776399001,normal,sw-wk2,0.10894829233606851,0.2643608955490143,334.1110592627158,186.78754749683353,515.3989734017732,4071.095260315979,0.0,0,0,0,0,1,0,"{""process_kprobe"": 1}"
1776399001,normal,k3s-wk1,0.29199999999998705,0.655906161562228,223.86666666666667,208.66666666666666,36245.13333333333,8581.033333333333,0.0,0,99,3,0,90,0,"{""process_exit"": 99, ""process_exec"": 99, ""process_kprobe"": 90}"
1776399011,normal,sw-wk3,0.152777777777798,0.4102635166991603,249.46666666666667,175.8,2245.4333333333334,6657.000000000001,0.0,0,0,0,0,0,0,{}
1776399011,normal,sw-wk2,0.10894829233606851,0.2643608955490143,334.1110592627158,186.78754749683353,515.3989734017732,4071.095260315979,0.0,0,106,7,0,1,0,"{""process_exec"": 106, ""process_exit"": 106, ""process_kprobe"": 1}"
1776399011,normal,k3s-wk1,0.29199999999998705,0.655906161562228,223.86666666666667,208.66666666666666,36245.13333333333,8581.033333333333,0.0,0,33,3,0,28,0,"{""process_exit"": 33, ""process_exec"": 33, ""process_kprobe"": 28}"
1776399021,normal,sw-wk3,0.152777777777798,0.4102635166991603,249.46666666666667,175.8,2245.4333333333334,6657.0,0.0,0,0,0,0,0,0,{}
1776399021,normal,sw-wk2,0.10894829233606851,0.2643608955490143,334.1110592627158,186.78754749683353,515.3989734017732,4071.095260315979,0.0,0,0,0,0,0,0,{}
1776399021,normal,k3s-wk1,0.32655555555558946,0.6382702517206384,223.86666666666667,208.66666666666666,35202.86666666667,11339.933333333332,0.0,0,63,3,0,54,0,"{""process_exit"": 63, ""process_exec"": 63, ""process_kprobe"": 54}"
1776399031,normal,sw-wk3,0.152777777777798,0.4102635166991603,249.46666666666667,175.8,2245.4333333333334,6657.0,0.0,0,1,1,0,0,0,"{""process_exit"": 11, ""process_exec"": 1}"
1776399031,normal,sw-wk2,0.21228081872124693,0.26556507002051555,325.1550103340223,183.8122541502767,6575.338355890393,28355.02366824455,0.0,0,0,0,0,1,0,"{""process_kprobe"": 1}"
1776399031,normal,k3s-wk1,0.32655555555558946,0.6382702517206384,223.86666666666667,208.66666666666666,35202.86666666667,11339.933333333332,0.0,0,33,3,0,28,0,"{""process_exit"": 33, ""process_exec"": 33, ""process_kprobe"": 28}"
1776399041,normal,sw-wk3,0.1576666666666724,0.411996508531162,199.6,137.4,3657.2999999999997,6786.733333333334,0.0,0,0,0,0,0,0,{}
1776399041,normal,sw-wk2,0.21228081872124693,0.26556507002051555,325.1550103340223,183.8122541502767,6575.338355890393,28355.02366824455,0.0,0,0,0,0,1,0,"{""process_kprobe"": 1}"
1776399041,normal,k3s-wk1,0.32655555555558946,0.6382702517206384,223.86666666666667,208.66666666666666,35202.86666666667,11339.933333333332,0.0,0,36,3,0,30,0,"{""process_exit"": 36, ""process_exec"": 36, ""process_kprobe"": 30}"
1776399051,normal,sw-wk3,0.1576666666666724,0.411996508531162,199.6,137.4,3657.2999999999997,6786.733333333334,0.0,0,1,1,0,0,0,"{""process_exit"": 5, ""process_exec"": 1}"
1776399051,normal,sw-wk2,0.21228081872124693,0.26556507002051555,325.1550103340223,183.8122541502767,6575.338355890393,28355.02366824455,0.0,0,0,0,0,0,0,"{""process_exit"": 2}"
1776399051,normal,k3s-wk1,0.27018805923753186,0.6433184363722155,420.0026643575568,300.8392726303871,10596.483048025046,1662.1594617997735,0.0,0,15,2,0,10,0,"{""process_exit"": 15, ""process_exec"": 15, ""process_kprobe"": 10}"
1776399061,normal,sw-wk3,0.1576666666666724,0.411996508531162,199.6,137.4,3657.2999999999997,6786.733333333334,0.0,0,0,0,0,0,0,{}
1776399061,normal,sw-wk2,0.13144444444444625,0.2624431362055124,325.1333333333333,173.93333333333334,2328.1666666666665,4110.166666666667,0.0,0,0,0,0,0,0,{}
1776399061,normal,k3s-wk1,0.27018805923753186,0.6433184363722155,420.0026643575568,300.839272630387,10596.483048025046,1662.1594617997735,0.0,0,30,3,0,26,0,"{""process_exit"": 30, ""process_exec"": 30, ""process_kprobe"": 26}"
1776399071,normal,sw-wk3,0.16377777777779545,0.4064741898900315,208.73333333333332,144.93333333333334,3035.2666666666664,5937.4,0.0,0,0,0,0,0,0,{}
1776399071,normal,sw-wk2,0.13144444444444625,0.2624431362055124,325.1333333333333,173.93333333333334,2328.1666666666665,4110.166666666667,0.0,0,2,2,0,0,0,"{""process_exec"": 2}"
1776399071,normal,k3s-wk1,0.27018805923753186,0.6433184363722155,420.0026643575568,300.839272630387,10596.483048025046,1662.1594617997735,0.0,0,42,3,0,34,0,"{""process_exit"": 42, ""process_exec"": 42, ""process_kprobe"": 34}"
1776399082,normal,sw-wk3,0.16377777777779556,0.4064741898900315,208.73333333333332,144.93333333333334,3035.2666666666664,5937.4,0.0,0,0,0,0,0,0,{}
1776399082,normal,sw-wk2,0.13144444444444625,0.2624431362055124,325.1333333333333,173.93333333333334,2328.1666666666665,4110.166666666667,0.0,0,104,5,0,0,0,"{""process_exit"": 106, ""process_exec"": 104}"
1776399082,normal,k3s-wk1,0.28671515313268114,0.6429267279477753,228.19777140188162,212.85113765263227,10408.320544471875,7302.328684860212,0.0,0,36,3,0,30,0,"{""process_exit"": 36, ""process_exec"": 36, ""process_kprobe"": 30}"
1776399091,normal,sw-wk3,0.16377777777779556,0.4064741898900315,208.73333333333332,144.93333333333334,3035.2666666666664,5937.4,0.0,0,1,1,0,0,0,"{""process_exit"": 5, ""process_exec"": 1}"
1776399091,normal,sw-wk2,0.20666666666666567,0.2634513934018885,319.1333333333334,169.0,5500.8,27781.5,0.0,0,0,0,0,0,0,{}
1776399091,normal,k3s-wk1,0.28671515313268114,0.6429267279477753,228.19777140188162,212.85113765263227,10408.320544471875,7302.328684860212,0.0,0,57,3,0,50,0,"{""process_exit"": 58, ""process_exec"": 57, ""process_kprobe"": 50}"
1776399101,normal,sw-wk3,0.15466666666666729,0.40490685168902996,245.0,171.8,3034.7000000000007,6031.0,0.0,0,0,0,0,0,0,{}
1776399101,normal,sw-wk2,0.20666666666666567,0.2634513934018885,319.1333333333333,169.0,5500.8,27781.5,0.0,0,0,0,0,0,0,{}
1776399101,normal,k3s-wk1,0.28671515313268114,0.6429267279477753,228.19777140188162,212.85113765263227,10408.320544471875,7302.328684860212,0.0,0,36,3,0,30,0,"{""process_exit"": 36, ""process_exec"": 36, ""process_kprobe"": 30}"
1776399111,normal,sw-wk3,0.1546666666666675,0.40490685168902996,245.0,171.8,3034.7,6031.0,0.0,0,1,1,0,0,0,"{""process_exit"": 23, ""process_exec"": 1}"
1776399111,normal,sw-wk2,0.20666666666666567,0.2634513934018885,319.1333333333333,169.0,5500.8,27781.5,0.0,0,0,0,0,0,0,{}
1776399111,normal,k3s-wk1,0.30033333333336076,0.6410133395344426,225.86666666666667,210.66666666666666,36379.7,6806.166666666667,0.0,0,51,3,0,46,0,"{""process_exit"": 51, ""process_exec"": 51, ""process_kprobe"": 46}"
1776399122,normal,sw-wk3,0.1546666666666675,0.40490685168902996,245.0,171.8,3034.7,6031.0,0.0,0,0,0,0,0,0,"{""process_exit"": 3}"
1776399122,normal,sw-wk2,0.09944444444444489,0.26097933152388597,213.46666666666667,113.33333333333333,677.8666666666667,3630.733333333333,0.0,0,0,0,0,0,0,{}
1776399122,normal,k3s-wk1,0.30033333333336076,0.6410133395344426,225.86666666666667,210.66666666666666,36379.7,6806.166666666667,0.0,0,18,2,0,12,0,"{""process_exit"": 18, ""process_exec"": 18, ""process_kprobe"": 12}"
1776399131,normal,sw-wk3,0.17277696307155965,0.40657931623278154,244.96733768830822,165.77789628049595,2252.732968937475,10271.230502599654,0.0,0,1,1,0,0,0,"{""process_exit"": 12, ""process_exec"": 1}"
1776399131,normal,sw-wk2,0.09944444444444489,0.26097933152388597,213.46666666666667,113.33333333333333,677.8666666666667,3630.733333333333,0.0,0,2,2,0,0,0,"{""process_exec"": 2}"
1776399131,normal,k3s-wk1,0.30033333333336076,0.6410133395344426,225.86666666666667,210.66666666666666,36379.7,6806.166666666667,0.0,0,60,3,0,52,0,"{""process_exit"": 60, ""process_exec"": 60, ""process_kprobe"": 52}"
