timestamp,label,node,avg_cpu,avg_mem,net_bytes_in,net_bytes_out,net_internal_bytes_in,net_internal_bytes_out,net_drop_rate,last_successful_scrape_age_sec,exec_count,unique_process_count,tmp_exec_count,outbound_connect_count,mining_port_count,syscall_feature_vector
1776143676,normal,k3s-wk1,0.3258888888888678,0.6052617616945284,0.0,0.0,9098.066666666666,6052.2,0.0,0,0,0,0,0,0,{}
1776143676,normal,sw-wk2,0.24906104851432598,0.2928405774940428,68.20454696979799,68.20454696979799,5348.656577105141,4256.317087805854,0.0,0,0,0,0,0,0,{}
1776143676,normal,sw-wk3,0.1844444444444283,0.33953578755558955,78.3,68.2,2618.333333333334,4971.966666666666,0.0,0,0,0,0,0,0,{}
1776143686,normal,k3s-wk1,0.3797777777777811,0.6251587435077433,217.73333333333332,111.2,9158.06666666667,6457.433333333333,0.0,0,50,3,0,44,0,"{""process_exit"": 50, ""process_exec"": 50, ""process_kprobe"": 44}"
1776143686,normal,sw-wk2,0.24906104851432598,0.2928405774940428,68.20454696979799,68.20454696979799,5348.656577105141,4256.317087805854,0.0,0,0,0,0,0,0,{}
1776143686,normal,sw-wk3,0.1844444444444283,0.33953578755558955,78.3,68.2,2618.3333333333335,4971.966666666666,0.0,0,0,0,0,0,0,{}
1776143696,normal,k3s-wk1,0.3797777777777811,0.6251587435077433,217.73333333333332,111.2,9158.066666666666,6457.433333333333,0.0,0,13,2,0,10,0,"{""process_kprobe"": 10, ""process_exit"": 13, ""process_exec"": 13}"
1776143696,normal,sw-wk2,0.15194542586047888,0.29059628935866555,100.85994267048864,100.85994267048864,574.4617025531631,3634.9576694887005,0.0,0,0,0,0,0,0,{}
1776143696,normal,sw-wk3,0.1844444444444283,0.33953578755558955,78.3,68.2,2618.3333333333335,4971.966666666666,0.0,0,1,1,0,0,0,"{""process_exit"": 11, ""process_exec"": 1}"
1776143707,normal,k3s-wk1,0.3797777777777811,0.6251587435077433,217.73333333333332,111.2,9158.066666666666,6457.433333333333,0.0,0,60,3,0,52,0,"{""process_exit"": 60, ""process_exec"": 60, ""process_kprobe"": 52}"
1776143707,normal,sw-wk2,0.15194542586047888,0.29059628935866555,100.85994267048864,100.85994267048864,574.4617025531631,3634.9576694887005,0.0,0,2,2,0,0,0,"{""process_exec"": 2}"
1776143707,normal,sw-wk3,0.1904444444444784,0.34105693387871605,113.16666666666667,98.00000000000001,2398.2,6755.133333333333,0.0,0,1,1,0,0,0,"{""process_exit"": 5, ""process_exec"": 1}"
1776143716,normal,k3s-wk1,0.35455555555559437,0.6259816698518845,323.4,163.8,22686.566666666666,4819.166666666667,0.0,0,33,3,0,28,0,"{""process_exit"": 33, ""process_exec"": 33, ""process_kprobe"": 28}"
1776143716,normal,sw-wk2,0.15194542586047888,0.29059628935866555,100.85994267048864,100.85994267048864,574.4617025531631,3634.9576694887005,0.0,0,104,5,0,0,0,"{""process_exit"": 106, ""process_exec"": 104}"
1776143716,normal,sw-wk3,0.1904444444444784,0.34105693387871605,113.16666666666669,98.0,2398.2,6755.133333333333,0.0,0,0,0,0,0,0,{}
1776143726,normal,k3s-wk1,0.35455555555559437,0.6259816698518845,323.4,163.8,22686.566666666666,4819.166666666667,0.0,0,15,2,0,10,0,"{""process_exit"": 15, ""process_exec"": 15, ""process_kprobe"": 10}"
1776143726,normal,sw-wk2,0.24697489916334092,0.2908320272181658,105.87019567318912,100.87002900096671,5547.051568385614,27997.63325444182,0.0,0,0,0,0,0,0,{}
1776143726,normal,sw-wk3,0.1904444444444784,0.34105693387871605,113.16666666666667,98.0,2398.2,6755.133333333333,0.0,0,0,0,0,0,0,{}
1776143738,normal,k3s-wk1,0.35455555555559437,0.6259816698518845,323.4,163.8,22686.566666666666,4819.166666666667,0.0,0,33,3,0,28,0,"{""process_exit"": 33, ""process_exec"": 33, ""process_kprobe"": 28}"
1776143738,normal,sw-wk2,0.24697489916334092,0.2908320272181658,105.87019567318912,100.87002900096671,5547.051568385614,27997.63325444181,0.0,0,0,0,0,0,0,{}
1776143738,normal,sw-wk3,0.19188888888885325,0.3357623889802107,116.06666666666666,100.86666666666666,2841.3333333333335,5937.833333333333,0.0,0,0,0,0,0,0,{}
1776143746,normal,k3s-wk1,0.3416666666666667,0.6171360582844074,325.5333333333333,165.8,21606.333333333332,6487.000000000001,0.0,0,15,2,0,10,0,"{""process_exit"": 15, ""process_exec"": 15, ""process_kprobe"": 10}"
1776143746,normal,sw-wk2,0.24697489916334092,0.2908320272181658,105.87019567318912,100.87002900096671,5547.051568385614,27997.63325444182,0.0,0,0,0,0,0,0,{}
1776143746,normal,sw-wk3,0.19188888888885325,0.3357623889802107,116.06666666666666,100.86666666666666,2841.3333333333335,5937.833333333333,0.0,0,1,1,0,0,0,"{""process_exit"": 5, ""process_exec"": 1}"
1776143756,normal,k3s-wk1,0.3416666666666667,0.6171360582844074,325.5333333333333,165.8,21606.333333333332,6487.0,0.0,0,44,3,0,38,0,"{""process_exit"": 44, ""process_exec"": 44, ""process_kprobe"": 38}"
1776143756,normal,sw-wk2,0.1428031692057351,0.28833607298953834,79.94132746607994,71.34046738007133,640.4307097376404,3655.5655565556553,0.0,0,0,0,0,0,0,{}
1776143756,normal,sw-wk3,0.19188888888885325,0.3357623889802107,116.06666666666666,100.86666666666666,2841.3333333333335,5937.833333333333,0.0,0,0,0,0,0,0,{}
1776143767,normal,k3s-wk1,0.3416666666666667,0.6171360582844074,325.5333333333333,165.8,21606.333333333332,6487.0,0.0,0,25,2,0,20,0,"{""process_exit"": 25, ""process_exec"": 25, ""process_kprobe"": 20}"
1776143767,normal,sw-wk2,0.1428031692057351,0.28833607298953834,79.94132746607994,71.34046738007133,640.4307097376404,3655.5655565556563,0.0,0,2,2,0,0,0,"{""process_exec"": 2}"
1776143767,normal,sw-wk3,0.18444444444446872,0.3445292888362196,113.20000000000002,98.0,2385.2666666666673,5976.233333333334,0.0,0,0,0,0,0,0,{}
1776143777,normal,k3s-wk1,0.3653333333333042,0.616020761675338,323.4,163.80000000000004,34383.30000000001,9547.066666666666,0.0,0,54,3,0,48,0,"{""process_exit"": 54, ""process_exec"": 54, ""process_kprobe"": 48}"
1776143777,normal,sw-wk2,0.1428031692057351,0.28833607298953834,79.94132746607994,71.34046738007133,640.4307097376404,3655.5655565556553,0.0,0,104,5,0,0,0,"{""process_exit"": 106, ""process_exec"": 104}"
1776143777,normal,sw-wk3,0.18444444444446872,0.3445292888362196,113.2,98.0,2385.2666666666664,5976.233333333334,0.0,0,1,1,0,0,0,"{""process_exit"": 3, ""process_exec"": 1}"
1776143786,normal,k3s-wk1,0.3653333333333042,0.616020761675338,323.4,163.8,34383.3,9547.066666666666,0.0,0,30,3,0,26,0,"{""process_exit"": 30, ""process_exec"": 30, ""process_kprobe"": 26}"
1776143786,normal,sw-wk2,0.24040929240410425,0.2811381041579062,110.98890110988901,100.85658100856581,5287.737892877379,27815.018498150184,0.0,0,0,0,0,0,0,{}
1776143786,normal,sw-wk3,0.18444444444446872,0.3445292888362196,113.2,98.0,2385.2666666666664,5976.233333333334,0.0,0,0,0,0,0,0,{}
1776143796,normal,k3s-wk1,0.3653333333333042,0.616020761675338,323.4,163.8,34383.3,9547.066666666666,0.0,0,12,2,0,8,0,"{""process_exit"": 13, ""process_exec"": 12, ""process_kprobe"": 8}"
1776143796,normal,sw-wk2,0.24040929240410425,0.2811381041579062,110.98890110988901,100.85658100856581,5287.737892877379,27815.018498150184,0.0,0,0,0,0,0,0,{}
1776143796,normal,sw-wk3,0.19555555555553938,0.3446630859997196,120.53333333333333,106.86666666666666,2842.133333333333,5621.033333333333,0.0,0,0,0,0,0,0,{}
1776143807,normal,k3s-wk1,0.3435555555555765,0.615556807316707,325.5333333333333,165.8,8650.233333333335,1586.7,0.0,0,36,3,0,30,0,"{""process_exit"": 36, ""process_exec"": 36, ""process_kprobe"": 30}"
1776143807,normal,sw-wk2,0.24040929240410425,0.2811381041579062,110.98890110988901,100.85658100856581,5287.737892877379,27815.018498150184,0.0,0,0,0,0,0,0,{}
1776143807,normal,sw-wk3,0.19555555555553938,0.3446630859997196,120.53333333333333,106.86666666666666,2842.133333333333,5621.033333333333,0.0,0,0,0,0,0,0,{}
1776143817,normal,k3s-wk1,0.3435555555555765,0.615556807316707,325.5333333333333,165.80000000000004,8650.233333333334,1586.7,0.0,0,18,2,0,12,0,"{""process_exit"": 18, ""process_exec"": 18, ""process_kprobe"": 12}"
1776143817,normal,sw-wk2,0.1432161634866621,0.2845371892401596,112.29787374756125,97.21900730795939,604.2128236500115,3601.1705962104425,0.0,0,0,0,0,0,0,{}
1776143817,normal,sw-wk3,0.19555555555553938,0.3446630859997196,120.53333333333333,106.86666666666666,2842.133333333333,5621.033333333333,0.0,0,1,1,0,0,0,"{""process_exit"": 41, ""process_exec"": 1}"
1776143827,normal,k3s-wk1,0.3435555555555765,0.615556807316707,325.5333333333333,165.8,8650.233333333334,1586.7,0.0,0,36,3,0,30,0,"{""process_exit"": 36, ""process_exec"": 36, ""process_kprobe"": 30}"
1776143827,normal,sw-wk2,0.1432161634866621,0.2845371892401596,112.29787374756125,97.21900730795939,604.2128236500115,3601.1705962104425,0.0,0,55,5,0,0,0,"{""process_exec"": 55, ""process_exit"": 54}"
1776143827,normal,sw-wk3,0.18285949182860295,0.3464581979433464,78.32550078325501,68.1931806819318,2927.107289271073,10816.251708162517,0.0,0,0,0,0,0,0,{}
1776143837,normal,k3s-wk1,0.384374375041706,0.6172929674227279,325.51163255782944,165.78894740350643,39017.932137857475,12445.503633091126,0.0,0,33,3,0,28,0,"{""process_exit"": 33, ""process_exec"": 33, ""process_kprobe"": 28}"
1776143837,normal,sw-wk2,0.1432161634866621,0.2845371892401596,112.29787374756125,97.21900730795939,604.2128236500115,3601.1705962104425,0.0,0,51,3,0,0,0,"{""process_exec"": 51, ""process_exit"": 52}"
1776143837,normal,sw-wk3,0.18285949182860295,0.3464581979433464,78.32550078325501,68.1931806819318,2927.107289271073,10816.251708162517,0.0,0,0,0,0,0,0,{}
1776143846,normal,k3s-wk1,0.384374375041706,0.6172929674227279,325.51163255782944,165.78894740350643,39017.932137857475,12445.503633091126,0.0,0,54,3,0,48,0,"{""process_exit"": 54, ""process_exec"": 54, ""process_kprobe"": 48}"
1776143846,normal,sw-wk2,0.24575435766458187,0.28798565184703795,111.91020298427208,101.69377604516735,7160.236590939642,28342.485549132947,0.0,0,0,0,0,0,0,{}
1776143846,normal,sw-wk3,0.18285949182860295,0.3464581979433464,78.32550078325501,68.1931806819318,2927.107289271073,10816.251708162517,0.0,0,1,1,0,0,0,"{""process_exit"": 7, ""process_exec"": 1}"
1776143857,normal,k3s-wk1,0.384374375041706,0.6172929674227279,325.51163255782944,165.78894740350643,39017.932137857475,12445.503633091126,0.0,0,30,3,0,26,0,"{""process_exit"": 30, ""process_exec"": 30, ""process_kprobe"": 26}"
1776143857,normal,sw-wk2,0.24575435766458187,0.28798565184703795,111.91020298427208,101.69377604516735,7160.236590939642,28342.485549132947,0.0,0,0,0,0,0,0,{}
1776143857,normal,sw-wk3,0.20936538098248614,0.3408769448373409,113.21132113211323,98.009800980098,3495.0161682834946,6181.818181818181,0.0,0,0,0,0,0,0,{}
1776143867,normal,k3s-wk1,0.3748472120363353,0.6214403355823643,327.8885259017268,169.811320754717,11966.664444296288,5431.5621041402765,0.0,0,39,3,0,32,0,"{""process_exit"": 39, ""process_exec"": 39, ""process_kprobe"": 32}"
1776143867,normal,sw-wk2,0.24575435766458187,0.28798565184703795,111.91020298427208,101.69377604516735,7160.236590939642,28342.485549132947,0.0,0,0,0,0,0,0,{}
1776143867,normal,sw-wk3,0.20936538098248614,0.3408769448373409,113.2113211321132,98.009800980098,3495.0161682834946,6181.818181818181,0.0,0,11,6,0,4,3,"{""process_exec"": 11, ""process_exit"": 13, ""process_kprobe"": 4}"
1776143877,normal,k3s-wk1,0.3748472120363353,0.6214403355823643,327.8885259017268,169.811320754717,11966.664444296288,5431.5621041402765,0.0,0,40,3,0,33,0,"{""process_exit"": 40, ""process_exec"": 40, ""process_kprobe"": 33}"
1776143877,normal,sw-wk2,0.18008199180082796,0.280978821820406,75.45912075459121,65.32680065326801,1107.1892810718928,3704.4295570442955,0.0,0,0,0,0,0,0,{}
1776143877,normal,sw-wk3,0.20936538098248614,0.3408769448373409,113.2113211321132,98.009800980098,3495.0161682834946,6181.818181818181,0.0,0,8,5,0,4,2,"{""process_exit"": 14, ""process_exec"": 8, ""process_kprobe"": 4}"
1776143887,normal,k3s-wk1,0.3748472120363353,0.6214403355823643,327.8885259017268,169.811320754717,11966.664444296288,5431.5621041402765,0.0,0,29,2,0,25,0,"{""process_kprobe"": 25, ""process_exit"": 29, ""process_exec"": 29}"
1776143887,normal,sw-wk2,0.18008199180082796,0.280978821820406,75.45912075459121,65.32680065326801,1107.1892810718928,3704.4295570442955,0.0,0,106,7,0,0,0,"{""process_exec"": 106, ""process_exit"": 106}"
1776143887,normal,sw-wk3,0.24711111111108852,0.3489318526447239,147.2,157.3,5764.666666666667,12227.933333333332,0.0,0,4,4,0,1,1,"{""process_exit"": 6, ""process_exec"": 4, ""process_kprobe"": 1}"
1776143897,normal,k3s-wk1,0.3864444444444719,0.6157283914104099,325.5333333333333,165.8,41831.13333333333,9814.533333333333,0.0,0,18,2,0,12,0,"{""process_exit"": 18, ""process_exec"": 18, ""process_kprobe"": 12}"
1776143897,normal,sw-wk2,0.18008199180082796,0.280978821820406,75.45912075459121,65.32680065326801,1107.1892810718928,3704.4295570442955,0.0,0,0,0,0,0,0,{}
1776143897,normal,sw-wk3,0.24711111111108852,0.3489318526447239,147.2,157.3,5764.666666666667,12227.933333333332,0.0,0,8,5,0,4,3,"{""process_exit"": 16, ""process_exec"": 8, ""process_kprobe"": 4}"
1776143907,normal,k3s-wk1,0.3864444444444719,0.6157283914104099,325.5333333333334,165.8,41831.13333333333,9814.533333333333,0.0,0,54,3,0,48,0,"{""process_exit"": 54, ""process_exec"": 54, ""process_kprobe"": 48}"
1776143907,normal,sw-wk2,0.24959162582922223,0.28260031601615765,116.011601160116,100.87675434210087,5442.9776310964435,27803.080308030803,0.0,0,0,0,0,0,0,{}
1776143907,normal,sw-wk3,0.24711111111108852,0.3489318526447239,147.2,157.3,5764.666666666667,12227.933333333332,0.0,0,7,5,0,4,2,"{""process_exit"": 9, ""process_exec"": 7, ""process_kprobe"": 4}"
1776143919,normal,k3s-wk1,0.3864444444444719,0.6157283914104099,325.5333333333333,165.8,41831.13333333333,9814.533333333333,0.0,0,39,3,0,32,0,"{""process_exit"": 39, ""process_exec"": 39, ""process_kprobe"": 32}"
1776143919,normal,sw-wk2,0.24959162582922223,0.28260031601615765,116.011601160116,100.87675434210087,5442.977631096443,27803.080308030803,0.0,0,0,0,0,0,0,{}
1776143919,normal,sw-wk3,0.21744444444448163,0.34726416657109727,129.2,142.4,3031.9666666666667,12352.733333333334,0.0,0,1,1,0,0,0,"{""process_exit"": 1, ""process_exec"": 1}"
1776143928,normal,k3s-wk1,0.3557777777777422,0.6131941395001259,325.5333333333333,165.8,14824.666666666666,1820.0333333333333,0.0,0,12,2,0,8,0,"{""process_exit"": 12, ""process_exec"": 12, ""process_kprobe"": 8}"
1776143928,normal,sw-wk2,0.24959162582922223,0.28260031601615765,116.011601160116,100.87675434210087,5442.977631096443,27803.080308030803,0.0,0,0,0,0,0,0,{}
1776143928,normal,sw-wk3,0.21744444444448163,0.34726416657109727,129.2,142.4,3031.9666666666667,12352.733333333334,0.0,0,7,5,0,3,2,"{""process_exit"": 13, ""process_exec"": 7, ""process_kprobe"": 3}"
1776143938,normal,k3s-wk1,0.3557777777777422,0.6131941395001259,325.5333333333333,165.8,14824.666666666666,1820.0333333333333,0.0,0,12,2,0,8,0,"{""process_exit"": 12, ""process_exec"": 12, ""process_kprobe"": 8}"
1776143938,normal,sw-wk2,0.14922454783812755,0.286015329332161,116.05119317424344,100.85321957072391,716.3378216237835,3686.641781095854,0.0,0,0,0,0,0,0,{}
1776143938,normal,sw-wk3,0.21744444444448163,0.34726416657109727,129.2,142.4,3031.9666666666667,12352.733333333334,0.0,0,6,5,0,3,2,"{""process_exit"": 8, ""process_exec"": 6, ""process_kprobe"": 3}"
1776143948,normal,k3s-wk1,0.3557777777777422,0.6131941395001259,325.5333333333333,165.8,14824.666666666666,1820.0333333333333,0.0,0,15,2,0,10,0,"{""process_exit"": 15, ""process_exec"": 15, ""process_kprobe"": 10}"
1776143948,normal,sw-wk2,0.14922454783812755,0.286015329332161,116.05119317424344,100.85321957072391,716.3378216237835,3686.641781095854,0.0,0,2,2,0,0,0,"{""process_exec"": 2}"
1776143948,normal,sw-wk3,0.21411111111115633,0.3478662538068479,163.33333333333334,142.7,4063.5333333333333,12340.366666666667,0.0,0,6,5,0,3,2,"{""process_exit"": 8, ""process_exec"": 6, ""process_kprobe"": 3}"
1776143958,normal,k3s-wk1,0.3738888888888646,0.6206557898907619,328.5333333333333,168.8,40309.46666666667,9087.933333333332,0.0,0,36,3,0,30,0,"{""process_exit"": 36, ""process_exec"": 36, ""process_kprobe"": 30}"
1776143958,normal,sw-wk2,0.14922454783812755,0.286015329332161,116.05119317424344,100.85321957072391,716.3378216237835,3686.641781095854,0.0,0,104,5,0,0,0,"{""process_exit"": 106, ""process_exec"": 104}"
1776143958,normal,sw-wk3,0.21411111111115633,0.3478662538068479,163.33333333333334,142.7,4063.5333333333333,12340.366666666667,0.0,0,10,5,0,4,3,"{""process_exit"": 18, ""process_exec"": 10, ""process_kprobe"": 4}"
1776143968,normal,k3s-wk1,0.3738888888888646,0.6206557898907619,328.5333333333333,168.80000000000004,40309.46666666667,9087.933333333332,0.0,0,12,2,0,8,0,"{""process_exit"": 12, ""process_exec"": 12, ""process_kprobe"": 8}"
1776143968,normal,sw-wk2,0.25834555718538477,0.28753966130203756,108.14775303373783,98.01306840912122,5686.924923323109,27947.793039071876,0.0,0,0,0,0,0,0,{}
1776143968,normal,sw-wk3,0.21411111111115633,0.3478662538068479,163.33333333333334,142.7,4063.5333333333333,12340.366666666667,0.0,0,7,5,0,4,3,"{""process_exit"": 9, ""process_exec"": 7, ""process_kprobe"": 4}"
1776143979,normal,k3s-wk1,0.3738888888888646,0.6206557898907619,328.5333333333333,168.8,40309.46666666667,9087.933333333332,0.0,0,30,3,0,26,0,"{""process_exit"": 30, ""process_exec"": 30, ""process_kprobe"": 26}"
1776143979,normal,sw-wk2,0.25834555718538477,0.28753966130203756,108.14775303373783,98.01306840912122,5686.924923323109,27947.793039071876,0.0,0,0,0,0,0,0,{}
1776143979,normal,sw-wk3,0.2157450921574493,0.3447459128152197,174.04926174049262,165.31680165316803,4689.031096890311,12269.273072692731,0.0,0,6,5,0,3,2,"{""process_exit"": 8, ""process_exec"": 6, ""process_kprobe"": 3}"
1776143988,normal,k3s-wk1,0.3875555555556073,0.619660150610196,323.4,163.8,15195.866666666667,6365.666666666667,0.0,0,15,2,0,10,0,"{""process_exit"": 15, ""process_exec"": 15, ""process_kprobe"": 10}"
1776143988,normal,sw-wk2,0.25834555718538477,0.28753966130203756,108.14775303373783,98.01306840912122,5686.924923323109,27947.793039071876,0.0,0,0,0,0,0,0,{}
1776143988,normal,sw-wk3,0.2157450921574493,0.3447459128152197,174.04926174049262,165.31680165316803,4689.031096890311,12269.273072692731,0.0,0,6,5,0,3,2,"{""process_exit"": 8, ""process_exec"": 6, ""process_kprobe"": 3}"
1776143998,normal,k3s-wk1,0.3875555555556073,0.619660150610196,323.4,163.8,15195.866666666667,6365.666666666668,0.0,0,15,2,0,10,0,"{""process_exit"": 15, ""process_exec"": 15, ""process_kprobe"": 10}"
1776143998,normal,sw-wk2,0.15836249513959544,0.29090370427004086,78.32027995334111,68.18863522746209,933.7443759373438,3686.7855357440426,0.0,0,0,0,0,0,0,{}
1776143998,normal,sw-wk3,0.2157450921574493,0.3447459128152197,174.04926174049262,165.31680165316803,4689.031096890311,12269.273072692731,0.0,0,6,5,0,2,1,"{""process_exit"": 10, ""process_exec"": 6, ""process_kprobe"": 2}"
1776144008,normal,k3s-wk1,0.3875555555556073,0.619660150610196,323.4,163.8,15195.866666666667,6365.666666666667,0.0,0,57,3,0,50,0,"{""process_exit"": 57, ""process_exec"": 57, ""process_kprobe"": 50}"
1776144008,normal,sw-wk2,0.15836249513959544,0.29090370427004086,78.32027995334111,68.18863522746209,933.7443759373438,3686.7855357440417,0.0,0,2,2,0,0,0,"{""process_exec"": 2}"
1776144008,normal,sw-wk3,0.21513727320197062,0.3492631599067243,132.06226459118028,145.26182460584644,3270.8909703009895,12116.129462351253,0.0,0,3,3,0,2,1,"{""process_exit"": 5, ""process_exec"": 3, ""process_kprobe"": 2}"
1776144018,normal,k3s-wk1,0.37411111111109163,0.6224596805600866,530.0333333333333,258.23333333333335,16765.766666666666,7743.366666666667,0.0,0,39,3,0,32,0,"{""process_exit"": 39, ""process_exec"": 39, ""process_kprobe"": 32}"
1776144018,normal,sw-wk2,0.15836249513959544,0.29090370427004086,78.32027995334111,68.18863522746209,933.7443759373438,3686.7855357440426,0.0,0,104,5,0,0,0,"{""process_exit"": 106, ""process_exec"": 104}"
1776144018,normal,sw-wk3,0.21513727320197062,0.3492631599067243,132.06226459118028,145.26182460584644,3270.8909703009895,12116.129462351253,0.0,0,1,1,0,0,0,"{""process_exit"": 17, ""process_exec"": 1}"
1776144028,normal,k3s-wk1,0.37411111111109163,0.6224596805600866,530.0333333333333,258.23333333333335,16765.766666666666,7743.366666666669,0.0,0,12,2,0,8,0,"{""process_exit"": 12, ""process_exec"": 12, ""process_kprobe"": 8}"
1776144028,normal,sw-wk2,0.26822222222229664,0.29263988174879263,113.16666666666667,98.0,5827.9,27949.500000000004,0.0,0,0,0,0,0,0,{}
1776144028,normal,sw-wk3,0.21513727320197062,0.3492631599067243,132.06226459118028,145.26182460584644,3270.8909703009895,12116.129462351253,0.0,0,0,0,0,0,0,{}
1776144038,normal,k3s-wk1,0.37411111111109163,0.6224596805600866,530.0333333333333,258.23333333333335,16765.766666666666,7743.366666666667,0.0,0,15,2,0,10,0,"{""process_exit"": 15, ""process_exec"": 15, ""process_kprobe"": 10}"
1776144038,normal,sw-wk2,0.26822222222229664,0.29263988174879263,113.16666666666667,98.0,5827.9,27949.5,0.0,0,0,0,0,0,0,{}
1776144038,normal,sw-wk3,0.2196737342756684,0.34269435630821765,128.08374449926657,100.88011734897987,4516.802240298706,7604.1138818509135,0.0,0,1,1,0,0,0,"{""process_exit"": 5, ""process_exec"": 1}"
1776144048,normal,k3s-wk1,0.363000000000021,0.6251689030922389,327.5333333333333,167.8,33223.833333333336,6356.366666666667,0.0,0,57,3,0,50,0,"{""process_exit"": 57, ""process_exec"": 57, ""process_kprobe"": 50}"
1776144048,normal,sw-wk2,0.26822222222229664,0.29263988174879263,113.16666666666667,98.0,5827.9,27949.5,0.0,0,0,0,0,0,0,{}
1776144048,normal,sw-wk3,0.2196737342756684,0.34269435630821765,128.08374449926657,100.88011734897987,4516.802240298706,7604.1138818509135,0.0,0,0,0,0,0,0,{}
1776144058,normal,k3s-wk1,0.363000000000021,0.6251689030922389,327.5333333333333,167.8,33223.833333333336,6356.366666666667,0.0,0,57,3,0,50,0,"{""process_exit"": 57, ""process_exec"": 57, ""process_kprobe"": 50}"
1776144058,normal,sw-wk2,0.1458319443518974,0.2932865680390433,120.54136942462831,106.87379158610575,648.6432428828589,3661.84412294153,0.0,0,0,0,0,0,0,{}
1776144058,normal,sw-wk3,0.2196737342756684,0.34269435630821765,128.08374449926657,100.88011734897987,4516.802240298706,7604.1138818509135,0.0,0,0,0,0,0,0,{}
1776144068,normal,k3s-wk1,0.363000000000021,0.6251689030922389,327.5333333333333,167.8,33223.833333333336,6356.366666666667,0.0,0,12,2,0,8,0,"{""process_exit"": 12, ""process_exec"": 12, ""process_kprobe"": 8}"
1776144068,normal,sw-wk2,0.1458319443518974,0.2932865680390433,120.54136942462831,106.87379158610575,648.6432428828589,3661.84412294153,0.0,0,2,2,0,0,0,"{""process_exec"": 2}"
1776144068,normal,sw-wk3,0.18416462431836156,0.34770219299922267,77.83003245677949,67.7618069815195,2312.081870570312,6951.679141551301,0.0,0,1,1,0,0,0,"{""process_exit"": 7, ""process_exec"": 1}"
1776144078,normal,k3s-wk1,0.35422222222219313,0.627644455180993,325.4,165.8,34072.9,5048.433333333333,0.0,0,39,3,0,32,0,"{""process_exit"": 39, ""process_exec"": 39, ""process_kprobe"": 32}"
1776144078,normal,sw-wk2,0.1458319443518974,0.2932865680390433,120.54136942462831,106.87379158610575,648.6432428828589,3661.84412294153,0.0,0,104,5,0,0,0,"{""process_exit"": 106, ""process_exec"": 104}"
1776144078,normal,sw-wk3,0.18416462431836156,0.34770219299922267,77.83003245677949,67.7618069815195,2312.081870570312,6951.679141551301,0.0,0,0,0,0,0,0,{}
1776144088,normal,k3s-wk1,0.35422222222219313,0.627644455180993,325.4,165.8,34072.9,5048.433333333333,0.0,0,54,3,0,48,0,"{""process_exit"": 54, ""process_exec"": 54, ""process_kprobe"": 48}"
1776144088,normal,sw-wk2,0.2647042482025367,0.2918052423002918,113.21132113211323,98.009800980098,5393.939393939395,27905.457212387904,0.0,0,0,0,0,0,0,{}
1776144088,normal,sw-wk3,0.18416462431836156,0.34770219299922267,77.83003245677949,67.7618069815195,2312.081870570312,6951.679141551301,0.0,0,0,0,0,0,0,{}
1776144098,normal,k3s-wk1,0.35422222222219313,0.627644455180993,325.4,165.8,34072.9,5048.433333333333,0.0,0,12,2,0,8,0,"{""process_exit"": 13, ""process_exec"": 12, ""process_kprobe"": 8}"
1776144098,normal,sw-wk2,0.2647042482025367,0.2918052423002918,113.2113211321132,98.009800980098,5393.939393939394,27905.457212387904,0.0,0,0,0,0,0,0,{}
1776144098,normal,sw-wk3,0.1925528346191837,0.3459389375230959,116.80644079168064,101.50956055015095,2998.3562562898355,5254.880912445488,0.0,0,0,0,0,0,0,{}
1776144109,normal,k3s-wk1,0.3962222222222206,0.6250142516393619,331.5333333333333,172.4,11417.433333333332,9890.9,0.0,0,39,3,0,32,0,"{""process_exit"": 39, ""process_exec"": 39, ""process_kprobe"": 32}"
1776144109,normal,sw-wk2,0.2647042482025367,0.2918052423002918,113.2113211321132,98.009800980098,5393.939393939394,27905.457212387904,0.0,0,0,0,0,0,0,{}
1776144109,normal,sw-wk3,0.1925528346191837,0.3459389375230959,116.80644079168064,101.50956055015095,2998.3562562898355,5254.880912445488,0.0,0,3,3,0,0,0,"{""process_exit"": 13, ""process_exec"": 3}"
1776144118,normal,k3s-wk1,0.3962222222222206,0.6250142516393619,331.5333333333333,172.4,11417.433333333336,9890.9,0.0,0,51,3,0,46,0,"{""process_exit"": 51, ""process_exec"": 51, ""process_kprobe"": 46}"
1776144118,normal,sw-wk2,0.15697577554907038,0.2897250149725398,116.02412448768786,100.82969577821467,1068.8081036953117,3669.6544600313223,0.0,0,0,0,0,0,0,{}
1776144118,normal,sw-wk3,0.1925528346191837,0.3459389375230959,116.80644079168064,101.50956055015095,2998.3562562898355,5254.880912445488,0.0,0,5,4,0,0,0,"{""process_exit"": 6, ""process_exec"": 5}"
1776144128,normal,k3s-wk1,0.3962222222222206,0.6250142516393619,331.5333333333333,172.4,11417.433333333332,9890.9,0.0,0,33,3,0,28,0,"{""process_exit"": 33, ""process_exec"": 33, ""process_kprobe"": 28}"
1776144128,normal,sw-wk2,0.15697577554907038,0.2897250149725398,116.02412448768786,100.82969577821467,1068.8081036953117,3669.6544600313223,0.0,0,2,2,0,0,0,"{""process_exec"": 2}"
1776144128,normal,sw-wk3,0.23989865315377823,0.34682773296634684,782.8043739165222,464.5952793705827,5526.503533804507,9446.192825710094,0.0,0,4,2,0,0,0,"{""process_exit"": 4, ""process_exec"": 4}"
1776144138,normal,k3s-wk1,0.3847777777777891,0.6325662094477362,330.0,171.8,35870.4,6983.866666666667,0.0,0,42,3,0,34,0,"{""process_exit"": 42, ""process_exec"": 42, ""process_kprobe"": 34}"
1776144138,normal,sw-wk2,0.15697577554907038,0.2897250149725398,116.02412448768786,100.82969577821467,1068.8081036953117,3669.6544600313223,0.0,0,104,5,0,0,0,"{""process_exit"": 106, ""process_exec"": 104}"
1776144138,normal,sw-wk3,0.23989865315377823,0.34682773296634684,782.8043739165222,464.5952793705827,5526.503533804507,9446.192825710094,0.0,0,3,2,0,0,0,"{""process_exit"": 3, ""process_exec"": 3}"
1776144148,normal,k3s-wk1,0.3847777777777891,0.6325662094477362,330.0,171.8,35870.4,6983.866666666667,0.0,0,39,3,0,32,0,"{""process_exit"": 39, ""process_exec"": 39, ""process_kprobe"": 32}"
1776144148,normal,sw-wk2,0.24042896038214023,0.28745842730991245,75.47924654109018,65.34422403733954,7173.4289048174705,28074.979163193864,0.0,0,0,0,0,0,0,{}
1776144148,normal,sw-wk3,0.23989865315377823,0.34682773296634684,782.8043739165222,464.5952793705827,5526.503533804507,9446.192825710094,0.0,0,4,2,0,0,0,"{""process_exit"": 6, ""process_exec"": 4}"
1776144158,normal,k3s-wk1,0.3847777777777891,0.6325662094477362,330.0,171.8,35870.4,6983.866666666667,0.0,0,38,3,0,32,0,"{""process_exit"": 38, ""process_exec"": 38, ""process_kprobe"": 32}"
1776144158,normal,sw-wk2,0.24042896038214023,0.28745842730991245,75.47924654109018,65.34422403733956,7173.428904817469,28074.979163193864,0.0,0,0,0,0,0,0,{}
1776144158,normal,sw-wk3,0.20633333333337056,0.3464804974705965,204.60000000000005,189.86666666666667,4170.833333333333,8158.5,0.0,0,4,2,0,0,0,"{""process_exit"": 4, ""process_exec"": 4}"
1776144168,normal,k3s-wk1,0.35755555555551843,0.6216536868567712,325.5333333333333,165.8,11974.7,7363.766666666666,0.0,0,55,3,0,48,0,"{""process_exit"": 55, ""process_exec"": 55, ""process_kprobe"": 48}"
1776144168,normal,sw-wk2,0.24042896038214046,0.28745842730991245,75.47924654109018,65.34422403733954,7173.428904817469,28074.979163193864,0.0,0,0,0,0,0,0,{}
1776144168,normal,sw-wk3,0.20633333333337056,0.3464804974705965,204.6,189.86666666666667,4170.833333333333,8158.5,0.0,0,4,2,0,0,0,"{""process_exit"": 10, ""process_exec"": 4}"
1776144178,normal,k3s-wk1,0.35755555555551843,0.6216536868567712,325.5333333333333,165.8,11974.7,7363.766666666666,0.0,0,33,3,0,28,0,"{""process_exit"": 33, ""process_exec"": 33, ""process_kprobe"": 28}"
1776144178,normal,sw-wk2,0.14171723233540112,0.2961982491685462,116.08988464359538,100.88684403547376,560.0786824031472,3614.822964592918,0.0,0,0,0,0,0,0,{}
1776144178,normal,sw-wk3,0.20633333333337056,0.3464804974705965,204.6,189.86666666666667,4170.833333333333,8158.5,0.0,0,3,2,0,0,0,"{""process_exit"": 3, ""process_exec"": 3}"
1776144188,normal,k3s-wk1,0.35755555555551843,0.6216536868567712,325.5333333333333,165.8,11974.7,7363.766666666666,0.0,0,57,3,0,50,0,"{""process_exit"": 57, ""process_exec"": 57, ""process_kprobe"": 50}"
1776144188,normal,sw-wk2,0.14171723233540134,0.2961982491685462,116.08988464359538,100.88684403547377,560.0786824031472,3614.822964592918,0.0,0,2,2,0,0,0,"{""process_exec"": 2}"
1776144188,normal,sw-wk3,0.19333333333330904,0.346987015303847,197.73333333333338,182.53333333333333,2268.7666666666664,9108.266666666666,0.0,0,4,2,0,0,0,"{""process_exit"": 12, ""process_exec"": 4}"
1776144198,normal,k3s-wk1,0.3604444444444703,0.6207709318483783,325.5333333333333,165.8,13926.3,4790.833333333333,0.0,0,33,3,0,28,0,"{""process_exit"": 33, ""process_exec"": 33, ""process_kprobe"": 28}"
1776144198,normal,sw-wk2,0.14171723233540134,0.2961982491685462,116.08988464359538,100.88684403547376,560.0786824031472,3614.822964592918,0.0,0,36,3,0,0,0,"{""process_exit"": 37, ""process_exec"": 36}"
1776144198,normal,sw-wk3,0.19333333333330904,0.346987015303847,197.73333333333332,182.53333333333333,2268.7666666666664,9108.266666666666,0.0,0,3,2,0,0,0,"{""process_exit"": 3, ""process_exec"": 3}"
1776144208,normal,k3s-wk1,0.3604444444444703,0.6207709318483783,325.5333333333333,165.8,13926.3,4790.833333333334,0.0,0,12,2,0,8,0,"{""process_exit"": 12, ""process_exec"": 12, ""process_kprobe"": 8}"
1776144208,normal,sw-wk2,0.24703948099266282,0.2931846273430432,116.04345797507165,100.84649736719324,5452.076251416384,27968.239685396253,0.0,0,68,3,0,0,0,"{""process_exec"": 68, ""process_exit"": 69}"
1776144208,normal,sw-wk3,0.19333333333330904,0.346987015303847,197.73333333333332,182.53333333333333,2268.7666666666664,9108.266666666666,0.0,0,4,2,0,0,0,"{""process_exit"": 4, ""process_exec"": 4}"
1776144218,normal,k3s-wk1,0.3604444444444703,0.6207709318483783,325.5333333333333,165.8,13926.3,4790.833333333333,0.0,0,54,3,0,48,0,"{""process_exit"": 54, ""process_exec"": 54, ""process_kprobe"": 48}"
1776144218,normal,sw-wk2,0.24703948099266282,0.2931846273430432,116.04345797507166,100.84649736719324,5452.076251416384,27968.239685396253,0.0,0,0,0,0,0,0,{}
1776144218,normal,sw-wk3,0.185666666666657,0.3452890655860953,158.86666666666667,148.6,3126.6,8537.166666666666,0.0,0,3,2,0,0,0,"{""process_exit"": 3, ""process_exec"": 3}"
1776144228,normal,k3s-wk1,0.3534444444444186,0.6217936633542658,325.5333333333333,165.8,35876.2,6669.433333333333,0.0,0,18,2,0,12,0,"{""process_exit"": 18, ""process_exec"": 18, ""process_kprobe"": 12}"
1776144228,normal,sw-wk2,0.24703948099266282,0.2931846273430432,116.04345797507166,100.84649736719324,5452.076251416384,27968.239685396256,0.0,0,0,0,0,0,0,{}
1776144228,normal,sw-wk3,0.185666666666657,0.3452890655860953,158.86666666666667,148.6,3126.6,8537.166666666666,0.0,0,4,2,0,0,0,"{""process_exit"": 8, ""process_exec"": 4}"
1776144238,normal,k3s-wk1,0.3534444444444186,0.6217936633542658,325.5333333333334,165.8,35876.2,6669.433333333333,0.0,0,12,2,0,8,0,"{""process_exit"": 12, ""process_exec"": 12, ""process_kprobe"": 8}"
1776144238,normal,sw-wk2,0.14811111111117092,0.28660945245103664,113.2,98.0,983.3666666666667,3733.133333333334,0.0,0,0,0,0,0,0,{}
1776144238,normal,sw-wk3,0.185666666666657,0.3452890655860953,158.86666666666667,148.6,3126.6,8537.166666666666,0.0,0,4,2,0,0,0,"{""process_exit"": 4, ""process_exec"": 4}"
1776144248,normal,k3s-wk1,0.3534444444444186,0.6217936633542658,325.5333333333333,165.8,35876.2,6669.433333333333,0.0,0,39,3,0,32,0,"{""process_exit"": 39, ""process_exec"": 39, ""process_kprobe"": 32}"
1776144248,normal,sw-wk2,0.14811111111117092,0.28660945245103664,113.2,98.0,983.3666666666667,3733.133333333333,0.0,0,54,5,0,0,0,"{""process_exec"": 54, ""process_exit"": 53}"
1776144248,normal,sw-wk3,0.21766666666670875,0.34681817602609677,958.0333333333333,385.8333333333333,3965.0666666666666,8501.533333333333,0.0,0,2,2,0,0,0,"{""process_exit"": 2, ""process_exec"": 2}"
1776144258,normal,k3s-wk1,0.4014444444444558,0.6285249525039425,325.5333333333333,165.8,38410.433333333334,13524.066666666666,0.0,0,9,2,0,6,0,"{""process_exit"": 9, ""process_exec"": 9, ""process_kprobe"": 6}"
1776144258,normal,sw-wk2,0.14811111111117092,0.28660945245103664,113.2,98.0,983.3666666666667,3733.133333333333,0.0,0,52,3,0,0,0,"{""process_exec"": 52, ""process_exit"": 53}"
1776144258,normal,sw-wk3,0.21766666666670875,0.34681817602609677,958.0333333333333,385.8333333333333,3965.0666666666666,8501.533333333333,0.0,0,5,2,0,0,0,"{""process_exit"": 21, ""process_exec"": 5}"
1776144268,normal,k3s-wk1,0.4014444444444558,0.6285249525039425,325.5333333333333,165.8,38410.433333333334,13524.066666666666,0.0,0,33,3,0,28,0,"{""process_exit"": 33, ""process_exec"": 33, ""process_kprobe"": 28}"
1776144268,normal,sw-wk2,0.2510861473160054,0.2907714999299158,115.47051568385614,106.8702290076336,5691.75639187973,27889.696323210777,0.0,0,0,0,0,0,0,{}
1776144268,normal,sw-wk3,0.21766666666670875,0.34681817602609677,958.0333333333333,385.8333333333333,3965.0666666666666,8501.533333333333,0.0,0,2,2,0,0,0,"{""process_exit"": 4, ""process_exec"": 2}"
1776144281,normal,k3s-wk1,0.4014444444444558,0.6285249525039425,325.5333333333333,165.8,38410.433333333334,13524.066666666666,0.0,0,36,3,0,30,0,"{""process_exit"": 36, ""process_exec"": 36, ""process_kprobe"": 30}"
1776144281,normal,sw-wk2,0.2510861473160054,0.2907714999299158,115.47051568385614,106.87022900763358,5691.75639187973,27889.696323210777,0.0,0,0,0,0,0,0,{}
1776144281,normal,sw-wk3,0.2453333333332719,0.3505724607209756,176.93333333333334,157.73333333333332,6929.833333333333,10662.366666666667,0.0,0,1,1,0,0,0,"{""process_exit"": 7, ""process_exec"": 1}"
1776144288,normal,k3s-wk1,0.39244444444444115,0.6235546580001647,325.5333333333333,165.8,10930.0,4504.0,0.0,0,6,2,0,4,0,"{""process_exit"": 6, ""process_exec"": 6, ""process_kprobe"": 4}"
1776144288,normal,sw-wk2,0.2510861473160054,0.2907714999299158,115.47051568385614,106.8702290076336,5691.75639187973,27889.696323210777,0.0,0,0,0,0,0,0,{}
1776144288,normal,sw-wk3,0.2453333333332719,0.3505724607209756,176.93333333333334,157.73333333333332,6929.833333333333,10662.366666666667,0.0,0,0,0,0,0,0,{}
1776144300,normal,k3s-wk1,0.39244444444444115,0.6235546580001647,325.5333333333333,165.8,10930.0,4504.0,0.0,0,30,3,0,26,0,"{""process_exit"": 30, ""process_exec"": 30, ""process_kprobe"": 26}"
1776144300,normal,sw-wk2,0.16911111111112398,0.2870904851102871,75.46666666666667,65.33333333333333,1034.8666666666666,3654.133333333333,0.0,0,0,0,0,0,0,{}
1776144300,normal,sw-wk3,0.2453333333332719,0.3505724607209756,176.93333333333334,157.73333333333332,6929.833333333333,10662.366666666667,0.0,0,0,0,0,0,0,{}
1776144308,normal,k3s-wk1,0.39244444444444115,0.6235546580001647,325.5333333333333,165.8,10930.0,4504.0,0.0,0,18,2,0,12,0,"{""process_exit"": 18, ""process_exec"": 18, ""process_kprobe"": 12}"
1776144308,normal,sw-wk2,0.16911111111112398,0.2870904851102871,75.46666666666667,65.33333333333333,1034.8666666666666,3654.133333333333,0.0,0,2,2,0,0,0,"{""process_exec"": 2}"
1776144308,normal,sw-wk3,0.19744444444448972,0.34306389133121806,117.66666666666667,104.0,2275.0,5141.9,0.0,0,1,1,0,0,0,"{""process_exit"": 19, ""process_exec"": 1}"
1776144318,normal,k3s-wk1,0.34922222222222554,0.63367134647231,325.5333333333333,165.8,11986.1,4694.366666666667,0.0,0,54,3,0,48,0,"{""process_exit"": 54, ""process_exec"": 54, ""process_kprobe"": 48}"
1776144318,normal,sw-wk2,0.16911111111112398,0.2870904851102871,75.46666666666667,65.33333333333333,1034.8666666666666,3654.133333333333,0.0,0,0,0,0,0,0,{}
1776144318,normal,sw-wk3,0.19744444444448972,0.34306389133121806,117.66666666666667,104.0,2275.0,5141.9,0.0,0,0,0,0,0,0,{}
1776144328,normal,k3s-wk1,0.34922222222222554,0.63367134647231,325.5333333333333,165.8,11986.1,4694.366666666667,0.0,0,57,3,0,50,0,"{""process_exit"": 57, ""process_exec"": 57, ""process_kprobe"": 50}"
1776144328,normal,sw-wk2,0.24099009021015705,0.2963973520904214,115.98453539528063,100.85321957072388,4100.453272896947,28018.564191441143,0.0,0,104,5,0,0,0,"{""process_exit"": 106, ""process_exec"": 104}"
1776144328,normal,sw-wk3,0.19744444444448972,0.34306389133121806,117.66666666666667,104.0,2275.0,5141.9,0.0,0,0,0,0,0,0,"{""process_exit"": 15}"
1776144338,normal,k3s-wk1,0.34922222222222554,0.63367134647231,325.5333333333333,165.8,11986.1,4694.366666666667,0.0,0,39,3,0,32,0,"{""process_exit"": 39, ""process_exec"": 39, ""process_kprobe"": 32}"
1776144338,normal,sw-wk2,0.24099009021015705,0.2963973520904214,115.98453539528063,100.85321957072391,4100.453272896947,28018.564191441143,0.0,0,0,0,0,0,0,{}
1776144338,normal,sw-wk3,0.1924444444444412,0.3455678096767205,116.03333333333333,100.86666666666666,2966.6666666666665,10195.8,0.0,0,1,1,0,0,0,"{""process_exit"": 2, ""process_exec"": 1}"
1776144348,normal,k3s-wk1,0.3797777777777406,0.626477231806724,325.5333333333333,165.8,35030.23333333333,6528.5,0.0,0,33,3,0,28,0,"{""process_exit"": 33, ""process_exec"": 33, ""process_kprobe"": 28}"
1776144348,normal,sw-wk2,0.24099009021015705,0.2963973520904214,115.98453539528063,100.85321957072391,4100.453272896947,28018.564191441143,0.0,0,0,0,0,0,0,{}
1776144348,normal,sw-wk3,0.1924444444444412,0.3455678096767205,116.03333333333333,100.86666666666666,2966.6666666666665,10195.8,0.0,0,0,0,0,0,0,{}
1776144358,normal,k3s-wk1,0.3797777777777406,0.626477231806724,325.5333333333333,165.8,35030.23333333333,6528.500000000001,0.0,0,12,2,0,8,0,"{""process_exit"": 12, ""process_exec"": 12, ""process_kprobe"": 8}"
1776144358,normal,sw-wk2,0.15402482801547768,0.292037794513042,113.22641949788284,98.02287200346746,2091.688060547461,3743.373453805888,0.0,0,0,0,0,0,0,{}
1776144358,normal,sw-wk3,0.1924444444444412,0.3455678096767205,116.03333333333333,100.86666666666666,2966.6666666666665,10195.8,0.0,0,0,0,0,0,0,{}
1776144368,normal,k3s-wk1,0.3797777777777406,0.626477231806724,325.5333333333333,165.8,35030.23333333333,6528.5,0.0,0,18,2,0,12,0,"{""process_exit"": 18, ""process_exec"": 18, ""process_kprobe"": 12}"
1776144368,normal,sw-wk2,0.15402482801547757,0.292037794513042,113.22641949788284,98.02287200346746,2091.688060547461,3743.373453805888,0.0,0,2,2,0,0,0,"{""process_exec"": 2}"
1776144368,normal,sw-wk3,0.24388888888885651,0.34751264701759754,75.46666666666667,65.33333333333333,5672.666666666667,5689.1,0.0,0,1,1,0,0,0,"{""process_exec"": 1}"
1776144383,normal,k3s-wk1,0.3814444444445043,0.6362631693614024,325.5333333333333,165.8,11906.933333333332,8713.033333333333,0.0,0,99,3,0,90,0,"{""process_exit"": 99, ""process_exec"": 99, ""process_kprobe"": 90}"
1776144383,normal,sw-wk2,0.15402482801547757,0.292037794513042,113.22641949788284,98.02287200346748,2091.688060547461,3743.373453805888,0.0,0,0,0,0,0,0,{}
1776144383,normal,sw-wk3,0.24388888888885651,0.34751264701759754,75.46666666666667,65.33333333333333,5672.666666666667,5689.1,0.0,0,1,1,0,0,0,"{""process_exit"": 13, ""process_exec"": 1}"
1776144388,normal,k3s-wk1,0.3814444444445043,0.6362631693614024,325.5333333333333,165.8,11906.933333333332,8713.033333333333,0.0,0,33,3,0,28,0,"{""process_exit"": 33, ""process_exec"": 33, ""process_kprobe"": 28}"
1776144388,normal,sw-wk2,0.2631602337621969,0.29797743287842293,116.05892940470635,100.85994267048864,3741.2172521831876,27886.974201719884,0.0,0,104,5,0,0,0,"{""process_exit"": 106, ""process_exec"": 104}"
1776144388,normal,sw-wk3,0.24388888888885651,0.34751264701759754,75.46666666666667,65.33333333333333,5672.666666666667,5689.1,0.0,0,1,1,0,0,0,"{""process_exit"": 7, ""process_exec"": 1}"
1776144398,normal,k3s-wk1,0.3814444444445043,0.6362631693614024,325.5333333333333,165.8,11906.933333333332,8713.033333333333,0.0,0,60,3,0,52,0,"{""process_exit"": 61, ""process_exec"": 60, ""process_kprobe"": 52}"
1776144398,normal,sw-wk2,0.2631602337621969,0.29797743287842293,116.05892940470635,100.85994267048864,3741.2172521831876,27886.974201719884,0.0,0,0,0,0,0,0,{}
1776144398,normal,sw-wk3,0.21988888888889857,0.371017941562496,116.06666666666666,100.86666666666666,3094.866666666667,8429.133333333333,0.0,0,0,0,0,0,0,{}
1776144408,normal,k3s-wk1,0.3571111111110642,0.6298107043639931,640.3666666666667,340.1,33951.933333333334,6615.366666666667,0.0,0,15,2,0,10,0,"{""process_exit"": 15, ""process_exec"": 15, ""process_kprobe"": 10}"
1776144408,normal,sw-wk2,0.2631602337621969,0.29797743287842293,116.05892940470635,100.85994267048864,3741.2172521831876,27886.974201719884,0.0,0,0,0,0,0,0,{}
1776144408,normal,sw-wk3,0.21988888888889857,0.371017941562496,116.06666666666666,100.86666666666666,3094.866666666667,8429.133333333333,0.0,0,0,0,0,0,0,{}
1776144418,normal,k3s-wk1,0.3571111111110642,0.6298107043639931,640.3666666666667,340.1,33951.933333333334,6615.366666666667,0.0,0,57,3,0,50,0,"{""process_exit"": 57, ""process_exec"": 57, ""process_kprobe"": 50}"
1776144418,normal,sw-wk2,0.16255555555548606,0.2930603871197931,75.46666666666667,65.33333333333333,2636.1,3656.7,0.0,0,0,0,0,0,0,{}
1776144418,normal,sw-wk3,0.21988888888889857,0.371017941562496,116.06666666666666,100.86666666666666,3094.866666666667,8429.133333333333,0.0,0,0,0,0,0,0,{}
1776144428,normal,k3s-wk1,0.3571111111110642,0.6298107043639931,640.3666666666667,340.1,33951.933333333334,6615.366666666667,0.0,0,33,3,0,28,0,"{""process_exit"": 33, ""process_exec"": 33, ""process_kprobe"": 28}"
1776144428,normal,sw-wk2,0.16255555555548606,0.2930603871197931,75.46666666666667,65.33333333333333,2636.1000000000004,3656.7,0.0,0,2,2,0,0,0,"{""process_exec"": 2}"
1776144428,normal,sw-wk3,0.1922222222222545,0.3894262013073895,113.2,98.0,2257.6,5457.533333333335,0.0,0,0,0,0,0,0,{}
1776144438,normal,k3s-wk1,0.3610000000000583,0.6242206752059856,672.3,358.7,11455.233333333335,5627.733333333334,0.0,0,12,2,0,8,0,"{""process_exit"": 12, ""process_exec"": 12, ""process_kprobe"": 8}"
1776144438,normal,sw-wk2,0.16255555555548606,0.2930603871197931,75.46666666666667,65.33333333333333,2636.1,3656.7,0.0,0,104,5,0,0,0,"{""process_exit"": 106, ""process_exec"": 104}"
1776144438,normal,sw-wk3,0.1922222222222545,0.3894262013073895,113.2,98.0,2257.6,5457.533333333333,0.0,0,1,1,0,0,0,"{""process_exit"": 13, ""process_exec"": 1}"
1776144449,normal,k3s-wk1,0.3610000000000583,0.6242206752059856,672.3,358.7,11455.233333333334,5627.733333333334,0.0,0,76,3,0,68,0,"{""process_exit"": 76, ""process_exec"": 76, ""process_kprobe"": 68}"
1776144449,normal,sw-wk2,0.2415555555556136,0.29303649476916804,116.06666666666666,100.86666666666666,5691.466666666666,27883.166666666668,0.0,0,0,0,0,0,0,{}
1776144449,normal,sw-wk3,0.1922222222222545,0.3894262013073895,113.2,98.0,2257.6,5457.533333333333,0.0,0,0,0,0,0,0,{}
1776144458,normal,k3s-wk1,0.3610000000000583,0.6242206752059856,672.3,358.7,11455.233333333334,5627.733333333334,0.0,0,32,3,0,28,0,"{""process_kprobe"": 28, ""process_exit"": 32, ""process_exec"": 32}"
1776144458,normal,sw-wk2,0.2415555555556138,0.29303649476916804,116.06666666666666,100.86666666666666,5691.466666666668,27883.166666666668,0.0,0,0,0,0,0,0,{}
1776144458,normal,sw-wk3,0.20055555555550697,0.4058020184257808,116.0,100.86666666666666,4102.466666666666,7355.566666666667,0.0,0,0,0,0,0,0,{}
1776144468,normal,k3s-wk1,0.3605555555555232,0.6244216092104535,667.8333333333334,352.7,33136.6,8455.066666666666,0.0,0,60,3,0,52,0,"{""process_exit"": 60, ""process_exec"": 60, ""process_kprobe"": 52}"
1776144468,normal,sw-wk2,0.2415555555556138,0.29303649476916804,116.06666666666666,100.86666666666666,5691.466666666666,27883.166666666668,0.0,0,0,0,0,0,0,{}
1776144468,normal,sw-wk3,0.20055555555550697,0.4058020184257808,116.0,100.86666666666666,4102.466666666666,7355.566666666667,0.0,0,0,0,0,0,0,{}
1776144478,normal,k3s-wk1,0.360555555555523,0.6244216092104535,667.8333333333334,352.7,33136.6,8455.066666666666,0.0,0,102,3,0,92,0,"{""process_exit"": 102, ""process_exec"": 102, ""process_kprobe"": 92}"
1776144478,normal,sw-wk2,0.144003021819321,0.2857604775921607,116.05119317424344,100.85321957072391,1965.871217171044,3815.324623383549,0.0,0,0,0,0,0,0,{}
1776144478,normal,sw-wk3,0.20055555555550697,0.4058020184257808,116.0,100.86666666666666,4102.466666666666,7355.566666666667,0.0,0,1,1,0,0,0,"{""process_exit"": 3, ""process_exec"": 1}"
1776144489,normal,k3s-wk1,0.3605555555555232,0.6244216092104535,667.8333333333334,352.7,33136.6,8455.066666666666,0.0,0,36,3,0,30,0,"{""process_exit"": 36, ""process_exec"": 36, ""process_kprobe"": 30}"
1776144489,normal,sw-wk2,0.144003021819321,0.2857604775921607,116.05119317424344,100.85321957072391,1965.871217171044,3815.324623383549,0.0,0,2,2,0,0,0,"{""process_exec"": 2}"
1776144489,normal,sw-wk3,0.19888888888886458,0.4254192311123004,78.33333333333333,68.2,2344.9333333333334,6028.2,0.0,0,0,0,0,0,0,"{""process_exit"": 1}"
1776144498,normal,k3s-wk1,0.4025555555555508,0.6241687484407861,667.8333333333334,352.7,10623.566666666666,9754.6,0.0,0,36,3,0,30,0,"{""process_exit"": 36, ""process_exec"": 36, ""process_kprobe"": 30}"
1776144498,normal,sw-wk2,0.144003021819321,0.2857604775921607,116.05119317424344,100.85321957072391,1965.871217171044,3815.324623383549,0.0,0,0,0,0,0,0,{}
1776144498,normal,sw-wk3,0.19888888888886458,0.4254192311123004,78.33333333333333,68.2,2344.9333333333334,6028.2,0.0,0,0,0,0,0,0,{}
1776144508,normal,k3s-wk1,0.4025555555555508,0.6241687484407861,667.8333333333334,352.7,10623.566666666666,9754.6,0.0,0,60,3,0,52,0,"{""process_exit"": 60, ""process_exec"": 60, ""process_kprobe"": 52}"
1776144508,normal,sw-wk2,0.25159182584922746,0.29382334951641886,113.2113211321132,98.009800980098,4102.343567690102,27969.430276360967,0.0,0,104,5,0,0,0,"{""process_exit"": 106, ""process_exec"": 104}"
1776144508,normal,sw-wk3,0.19888888888886458,0.4254192311123004,78.33333333333333,68.2,2344.9333333333334,6028.2,0.0,0,0,0,0,0,0,{}
1776144518,normal,k3s-wk1,0.4025555555555508,0.6241687484407861,667.8333333333334,352.7,10623.566666666666,9754.6,0.0,0,12,2,0,8,0,"{""process_exit"": 12, ""process_exec"": 12, ""process_kprobe"": 8}"
1776144518,normal,sw-wk2,0.25159182584922746,0.29382334951641886,113.2113211321132,98.00980098009802,4102.343567690102,27969.430276360967,0.0,0,0,0,0,0,0,{}
1776144518,normal,sw-wk3,0.23233333333333173,0.3452763229990953,113.20000000000002,98.0,7256.566666666667,6229.1,0.0,0,1,1,0,0,0,"{""process_exit"": 3, ""process_exec"": 1}"
1776144528,normal,k3s-wk1,0.3537777777778198,0.6250864975735526,667.8333333333334,352.7,33065.26666666666,6558.066666666667,0.0,0,36,3,0,30,0,"{""process_exit"": 36, ""process_exec"": 36, ""process_kprobe"": 30}"
1776144528,normal,sw-wk2,0.25159182584922746,0.29382334951641886,113.2113211321132,98.009800980098,4102.343567690102,27969.430276360967,0.0,0,0,0,0,0,0,{}
1776144528,normal,sw-wk3,0.23233333333333173,0.3452763229990953,113.2,98.0,7256.566666666667,6229.1,0.0,0,0,0,0,0,0,{}
1776144538,normal,k3s-wk1,0.3537777777778198,0.6250864975735526,667.8333333333334,352.70000000000005,33065.26666666666,6558.066666666667,0.0,0,15,2,0,10,0,"{""process_exit"": 15, ""process_exec"": 15, ""process_kprobe"": 10}"
1776144538,normal,sw-wk2,0.16091685832693992,0.2871255272245371,116.06279790673642,100.86330455651476,2662.0779307356415,3674.577514082863,0.0,0,0,0,0,0,0,{}
1776144538,normal,sw-wk3,0.23233333333333173,0.3452763229990953,113.2,98.0,7256.566666666667,6229.1,0.0,0,0,0,0,0,0,{}
1776144548,normal,k3s-wk1,0.3537777777778198,0.6250864975735526,667.8333333333334,352.7,33065.26666666666,6558.066666666667,0.0,0,18,2,0,12,0,"{""process_exit"": 18, ""process_exec"": 18, ""process_kprobe"": 12}"
1776144548,normal,sw-wk2,0.16091685832693992,0.2871255272245371,116.06279790673642,100.86330455651476,2662.0779307356415,3674.577514082863,0.0,0,2,2,0,0,0,"{""process_exec"": 2}"
1776144548,normal,sw-wk3,0.19577777777784733,0.34455158836346955,116.03333333333333,100.86666666666666,2228.5333333333333,5088.333333333333,0.0,0,0,0,0,0,0,{}
1776144558,normal,k3s-wk1,0.38244444444442516,0.6353205856887578,667.8333333333334,352.7,34255.1,8958.466666666667,0.0,0,54,3,0,48,0,"{""process_exit"": 54, ""process_exec"": 54, ""process_kprobe"": 48}"
1776144558,normal,sw-wk2,0.16091685832693992,0.2871255272245371,116.06279790673642,100.86330455651476,2662.0779307356415,3674.577514082863,0.0,0,104,5,0,0,0,"{""process_exit"": 106, ""process_exec"": 104}"
1776144558,normal,sw-wk3,0.19577777777784733,0.34455158836346955,116.03333333333333,100.86666666666666,2228.5333333333333,5088.333333333333,0.0,0,1,1,0,0,0,"{""process_exit"": 7, ""process_exec"": 1}"
1776144568,normal,k3s-wk1,0.38244444444442516,0.6353205856887578,667.8333333333334,352.7,34255.1,8958.466666666667,0.0,0,39,3,0,32,0,"{""process_exit"": 39, ""process_exec"": 39, ""process_kprobe"": 32}"
1776144568,normal,sw-wk2,0.262086513994953,0.29652318513704656,79.93599786659556,77.86926230874363,5875.795859861996,27984.83282776093,0.0,0,0,0,0,0,0,{}
1776144568,normal,sw-wk3,0.19577777777784733,0.34455158836346955,116.03333333333333,100.86666666666666,2228.5333333333333,5088.333333333333,0.0,0,0,0,0,0,0,{}
1776144579,normal,k3s-wk1,0.38244444444442516,0.6353205856887578,667.8333333333334,352.7,34255.1,8958.466666666667,0.0,0,33,3,0,28,0,"{""process_exit"": 33, ""process_exec"": 33, ""process_kprobe"": 28}"
1776144579,normal,sw-wk2,0.262086513994953,0.29652318513704656,79.93599786659556,77.86926230874363,5875.795859861996,27984.83282776093,0.0,0,0,0,0,0,0,{}
1776144579,normal,sw-wk3,0.197333333333356,0.348960523465474,116.06666666666666,100.86666666666666,4507.466666666666,6343.6,0.0,0,0,0,0,0,0,{}
1776144589,normal,k3s-wk1,0.34955555555554596,0.6294855976601348,667.8333333333334,352.7,8796.2,4238.3,0.0,0,63,3,0,54,0,"{""process_exit"": 63, ""process_exec"": 63, ""process_kprobe"": 54}"
1776144589,normal,sw-wk2,0.262086513994953,0.29652318513704656,79.93599786659556,77.86926230874363,5875.795859861996,27984.83282776093,0.0,0,0,0,0,0,0,{}
1776144589,normal,sw-wk3,0.197333333333356,0.348960523465474,116.06666666666666,100.86666666666666,4507.466666666666,6343.6,0.0,0,0,0,0,0,0,{}
1776144599,normal,k3s-wk1,0.34955555555554596,0.6294855976601348,667.8333333333334,352.7,8796.200000000003,4238.3,0.0,0,12,2,0,8,0,"{""process_exit"": 12, ""process_exec"": 12, ""process_kprobe"": 8}"
1776144599,normal,sw-wk2,0.1434158916407905,0.2840370427004091,116.03720124004134,94.3364778825961,699.3566452215075,3707.95693189773,0.0,0,0,0,0,0,0,{}
1776144599,normal,sw-wk3,0.197333333333356,0.348960523465474,116.06666666666666,100.86666666666666,4507.466666666666,6343.6,0.0,0,1,1,0,0,0,"{""process_exit"": 3, ""process_exec"": 1}"
1776144609,normal,k3s-wk1,0.34955555555554596,0.6294855976601348,667.8333333333334,352.7,8796.2,4238.3,0.0,0,60,3,0,52,0,"{""process_exit"": 60, ""process_exec"": 60, ""process_kprobe"": 52}"
1776144609,normal,sw-wk2,0.14341589164079038,0.2840370427004091,116.03720124004134,94.3364778825961,699.3566452215075,3707.95693189773,0.0,0,105,6,0,0,0,"{""process_exec"": 105, ""process_exit"": 103}"
1776144609,normal,sw-wk3,0.1948888888887773,0.34327573684009327,116.0,100.86666666666666,2351.133333333333,5693.966666666668,0.0,0,0,0,0,0,0,{}
1776144619,normal,k3s-wk1,0.41211111111111276,0.6263711205908815,853.0333333333333,443.1333333333333,33963.26666666666,11714.766666666666,0.0,0,15,2,0,10,0,"{""process_exit"": 15, ""process_exec"": 15, ""process_kprobe"": 10}"
1776144619,normal,sw-wk2,0.14341589164079038,0.2840370427004091,116.03720124004134,94.3364778825961,699.3566452215075,3707.95693189773,0.0,0,1,1,0,0,0,"{""process_exit"": 3, ""process_exec"": 1}"
1776144619,normal,sw-wk3,0.1948888888887773,0.34327573684009327,116.0,100.86666666666666,2351.133333333333,5693.966666666666,0.0,0,1,1,0,0,0,"{""process_exec"": 1}"
1776144629,normal,k3s-wk1,0.41211111111111276,0.6263711205908815,853.0333333333335,443.1333333333333,33963.26666666666,11714.766666666666,0.0,0,12,2,0,8,0,"{""process_exit"": 12, ""process_exec"": 12, ""process_kprobe"": 8}"
1776144629,normal,sw-wk2,0.2555803695431972,0.2847060285179097,113.19622679244026,97.99673344221858,5780.807306423119,27907.603079897333,0.0,0,0,0,0,0,0,{}
1776144629,normal,sw-wk3,0.1948888888887773,0.34327573684009327,116.0,100.86666666666666,2351.133333333333,5693.966666666666,0.0,0,1,1,0,0,0,"{""process_exit"": 11, ""process_exec"": 1}"
1776144639,normal,k3s-wk1,0.41211111111111276,0.6263711205908815,853.0333333333333,443.1333333333333,33963.26666666666,11714.766666666666,0.0,0,12,2,0,8,0,"{""process_exit"": 12, ""process_exec"": 12, ""process_kprobe"": 8}"
1776144639,normal,sw-wk2,0.2555803695431972,0.2847060285179097,113.19622679244023,97.99673344221858,5780.8073064231185,27907.603079897333,0.0,0,0,0,0,0,0,{}
1776144639,normal,sw-wk3,0.4155555555555718,0.3503733577991004,705.1333333333333,386.56666666666666,5887.033333333335,7429.9,0.0,0,0,0,0,0,0,{}
1776144649,normal,k3s-wk1,0.3273333333333236,0.6236427077324598,674.3000000000002,360.7,10919.400000000001,3013.3,0.0,0,15,2,0,10,0,"{""process_exit"": 15, ""process_exec"": 15, ""process_kprobe"": 10}"
1776144649,normal,sw-wk2,0.2555803695431972,0.2847060285179097,113.19622679244023,97.99673344221858,5780.8073064231185,27907.603079897333,0.0,0,0,0,0,0,0,{}
1776144649,normal,sw-wk3,0.4155555555555718,0.3503733577991004,705.1333333333333,386.56666666666666,5887.033333333333,7429.9,0.0,0,0,0,0,0,0,{}
1776144659,normal,k3s-wk1,0.3273333333333236,0.6236427077324598,674.3,360.7,10919.4,3013.3,0.0,0,12,2,0,8,0,"{""process_exit"": 12, ""process_exec"": 12, ""process_kprobe"": 8}"
1776144659,normal,sw-wk2,0.1418602842317418,0.2872609172114122,105.93686456215208,100.87002900096668,581.7527250908364,3614.687156238542,0.0,0,0,0,0,0,0,{}
1776144659,normal,sw-wk3,0.4155555555555718,0.3503733577991004,705.1333333333333,386.56666666666666,5887.033333333333,7429.9,0.0,0,1,1,0,0,0,"{""process_exit"": 7, ""process_exec"": 1}"
1776144669,normal,k3s-wk1,0.3273333333333236,0.6236427077324598,674.3,360.7,10919.4,3013.3,0.0,0,12,2,0,8,0,"{""process_exit"": 12, ""process_exec"": 12, ""process_kprobe"": 8}"
1776144669,normal,sw-wk2,0.1418602842317418,0.2872609172114122,105.93686456215208,100.87002900096671,581.7527250908364,3614.687156238541,0.0,0,2,2,0,0,0,"{""process_exec"": 2}"
1776144669,normal,sw-wk3,0.44477777777780525,0.3574231940568574,121.33333333333333,106.6,2299.3666666666672,6545.533333333333,0.0,0,0,0,0,0,0,{}
1776144679,normal,k3s-wk1,0.35555555555559604,0.6167093557355934,669.8333333333334,354.7,10656.9,4624.633333333333,0.0,0,45,3,0,36,0,"{""process_exit"": 45, ""process_exec"": 45, ""process_kprobe"": 36}"
1776144679,normal,sw-wk2,0.1418602842317418,0.2872609172114122,105.93686456215208,100.87002900096671,581.7527250908364,3614.687156238542,0.0,0,104,5,0,0,0,"{""process_exit"": 104, ""process_exec"": 104}"
1776144679,normal,sw-wk3,0.44477777777780525,0.3574231940568574,121.33333333333333,106.6,2299.366666666667,6545.533333333333,0.0,0,0,0,0,0,0,{}
1776144689,normal,k3s-wk1,0.35555555555559604,0.6167093557355934,669.8333333333334,354.7,10656.9,4624.633333333333,0.0,0,57,3,0,50,0,"{""process_exit"": 57, ""process_exec"": 57, ""process_kprobe"": 50}"
1776144689,normal,sw-wk2,0.23794919661312852,0.28728799520878734,108.14054270284686,98.00653376891793,5355.457030468699,27956.8971264751,0.0,0,0,0,0,0,0,"{""process_exit"": 2}"
1776144689,normal,sw-wk3,0.44477777777780525,0.3574231940568574,121.33333333333333,106.6,2299.366666666667,6545.533333333333,0.0,0,1,1,0,0,0,"{""process_exit"": 19, ""process_exec"": 1}"
1776144699,normal,k3s-wk1,0.35555555555559604,0.6167093557355934,669.8333333333334,354.7,10656.9,4624.633333333333,0.0,0,42,3,0,34,0,"{""process_exit"": 43, ""process_exec"": 42, ""process_kprobe"": 34}"
1776144699,normal,sw-wk2,0.23794919661312852,0.28728799520878734,108.14054270284686,98.00653376891793,5355.457030468699,27956.8971264751,0.0,0,0,0,0,0,0,{}
1776144699,normal,sw-wk3,0.4310000000000097,0.35548791365623045,116.06666666666666,100.86666666666666,2916.3,8112.266666666666,0.0,0,0,0,0,0,0,{}
1776144709,normal,k3s-wk1,0.3571111111110642,0.6166246925314637,673.8333333333334,359.3,35618.833333333336,6593.600000000001,0.0,0,12,2,0,8,0,"{""process_exit"": 12, ""process_exec"": 12, ""process_kprobe"": 8}"
1776144709,normal,sw-wk2,0.23794919661312852,0.28728799520878734,108.14054270284686,98.00653376891793,5355.457030468699,27956.8971264751,0.0,0,0,0,0,0,0,{}
1776144709,normal,sw-wk3,0.4310000000000097,0.35548791365623045,116.06666666666666,100.86666666666666,2916.3,8112.266666666666,0.0,0,0,0,0,0,0,{}
1776144719,normal,k3s-wk1,0.3571111111110642,0.6166246925314637,673.8333333333334,359.3,35618.833333333336,6593.599999999999,0.0,0,36,3,0,30,0,"{""process_exit"": 36, ""process_exec"": 36, ""process_kprobe"": 30}"
1776144719,normal,sw-wk2,0.13364219133642674,0.29011525669941507,73.25934073259342,68.19318068193179,674.8325167483251,3664.4335566443356,0.0,0,0,0,0,0,0,{}
1776144719,normal,sw-wk3,0.4310000000000097,0.35548791365623045,116.06666666666666,100.86666666666666,2916.3,8112.266666666666,0.0,0,1,1,0,0,0,"{""process_exit"": 7, ""process_exec"": 1}"
1776144729,normal,k3s-wk1,0.3571111111110642,0.6166246925314637,673.8333333333334,359.3,35618.833333333336,6593.599999999999,0.0,0,12,2,0,8,0,"{""process_exit"": 12, ""process_exec"": 12, ""process_kprobe"": 8}"
1776144729,normal,sw-wk2,0.13364219133642674,0.29011525669941507,73.25934073259342,68.1931806819318,674.8325167483251,3664.4335566443356,0.0,0,106,7,0,0,0,"{""process_exec"": 106, ""process_exit"": 106}"
1776144729,normal,sw-wk3,0.4378527307469873,0.348974858875849,78.32289028129583,68.19090787894947,2389.181442474337,6701.773096920411,0.0,0,0,0,0,0,0,{}
1776144739,normal,k3s-wk1,0.3587777777777874,0.6171123525872511,667.8333333333334,352.7,34008.46666666667,9741.366666666667,0.0,0,18,2,0,12,0,"{""process_exit"": 18, ""process_exec"": 18, ""process_kprobe"": 12}"
1776144739,normal,sw-wk2,0.13364219133642674,0.29011525669941507,73.25934073259342,68.1931806819318,674.8325167483251,3664.4335566443356,0.0,0,0,0,0,0,0,{}
1776144739,normal,sw-wk3,0.4378527307469873,0.348974858875849,78.32289028129583,68.19090787894947,2389.181442474337,6701.773096920411,0.0,0,1,1,0,0,0,"{""process_exit"": 14, ""process_exec"": 1}"
1776144749,normal,k3s-wk1,0.3587777777777874,0.6171123525872511,667.8333333333334,352.7,34008.46666666667,9741.366666666667,0.0,0,78,3,0,70,0,"{""process_exit"": 78, ""process_exec"": 78, ""process_kprobe"": 70}"
1776144749,normal,sw-wk2,0.2848412116362843,0.2885176548542885,111.00740049336623,100.87339155943731,6535.835722381491,27372.69151276752,0.0,0,0,0,0,0,0,{}
1776144749,normal,sw-wk3,0.4378527307469873,0.348974858875849,78.32289028129583,68.19090787894947,2389.181442474337,6701.773096920411,0.0,0,0,0,0,0,0,"{""process_exit"": 2}"
1776144760,normal,k3s-wk1,0.3587777777777874,0.6171123525872511,667.8333333333334,352.7,34008.46666666667,9741.366666666667,0.0,0,54,3,0,48,0,"{""process_exit"": 54, ""process_exec"": 54, ""process_kprobe"": 48}"
1776144760,normal,sw-wk2,0.2848412116362843,0.2885176548542885,111.00740049336623,100.87339155943731,6535.835722381493,27372.69151276752,0.0,0,0,0,0,0,0,{}
1776144760,normal,sw-wk3,0.36113704049435114,0.3487088573722237,105.94745966128816,100.88011734897987,7372.883051073476,7814.408587811708,0.0,0,0,0,0,0,0,{}
1776144770,normal,k3s-wk1,0.4012222222222287,0.6204650154707896,847.9666666666667,409.4,11646.766666666666,9097.066666666666,0.0,0,57,3,0,50,0,"{""process_exit"": 57, ""process_exec"": 57, ""process_kprobe"": 50}"
1776144770,normal,sw-wk2,0.2848412116362843,0.2885176548542885,111.00740049336623,100.87339155943731,6535.835722381493,27372.69151276752,0.0,0,0,0,0,0,0,{}
1776144770,normal,sw-wk3,0.36113704049435114,0.3487088573722237,105.94745966128816,100.88011734897987,7372.883051073476,7814.408587811708,0.0,0,0,0,0,0,0,{}
1776144780,normal,k3s-wk1,0.4012222222222287,0.6204650154707896,847.9666666666667,409.4,11646.766666666666,9097.066666666666,0.0,0,12,2,0,8,0,"{""process_exit"": 12, ""process_exec"": 12, ""process_kprobe"": 8}"
1776144780,normal,sw-wk2,0.13680655089280291,0.28925991054703926,121.12929569014365,100.86330455651476,1936.6354454851505,3877.6707443085224,0.0,0,0,0,0,0,0,{}
1776144780,normal,sw-wk3,0.36113704049435114,0.3487088573722237,105.94745966128816,100.88011734897987,7372.883051073476,7814.408587811708,0.0,0,1,1,0,0,0,"{""process_exit"": 7, ""process_exec"": 1}"
1776144790,normal,k3s-wk1,0.4012222222222287,0.6204650154707896,847.9666666666667,409.4,11646.766666666666,9097.066666666666,0.0,0,33,3,0,28,0,"{""process_exit"": 33, ""process_exec"": 33, ""process_kprobe"": 28}"
1776144790,normal,sw-wk2,0.13680655089280314,0.28925991054703926,121.12929569014365,100.86330455651476,1936.6354454851503,3877.6707443085224,0.0,0,2,2,0,0,0,"{""process_exec"": 2}"
1776144790,normal,sw-wk3,0.20663489206639085,0.34028919301196525,100.85658100856581,100.85658100856581,2812.552078125521,6204.012932040129,0.0,0,0,0,0,0,0,{}
1776144800,normal,k3s-wk1,0.3322222222222384,0.6201670009922527,667.8333333333334,352.7,10322.633333333333,4598.433333333333,0.0,0,36,3,0,30,0,"{""process_exit"": 36, ""process_exec"": 36, ""process_kprobe"": 30}"
1776144800,normal,sw-wk2,0.13680655089280314,0.28925991054703926,121.12929569014365,100.86330455651476,1936.6354454851503,3877.6707443085224,0.0,0,0,0,0,0,0,{}
1776144800,normal,sw-wk3,0.20663489206639085,0.34028919301196525,100.85658100856581,100.85658100856581,2812.552078125521,6204.012932040129,0.0,0,0,0,0,0,0,{}
1776144810,normal,k3s-wk1,0.3322222222222384,0.6201670009922527,667.8333333333334,352.7,10322.633333333333,4598.433333333333,0.0,0,57,3,0,50,0,"{""process_exit"": 57, ""process_exec"": 57, ""process_kprobe"": 50}"
1776144810,normal,sw-wk2,0.21818929218178296,0.29029524574079024,113.1886811318868,97.99020097990201,4034.1632503416317,27966.303369663034,0.0,0,104,5,0,0,0,"{""process_exit"": 106, ""process_exec"": 104}"
1776144810,normal,sw-wk3,0.20663489206639085,0.34028919301196525,100.85658100856581,100.85658100856581,2812.552078125521,6204.012932040129,0.0,0,1,1,0,0,0,"{""process_exit"": 9, ""process_exec"": 1}"
1776144820,normal,k3s-wk1,0.3322222222222384,0.6201670009922527,667.8333333333334,352.7,10322.633333333333,4598.433333333333,0.0,0,36,3,0,30,0,"{""process_exit"": 36, ""process_exec"": 36, ""process_kprobe"": 30}"
1776144820,normal,sw-wk2,0.21818929218178296,0.29029524574079024,113.18868113188681,97.99020097990201,4034.1632503416326,27966.303369663034,0.0,0,0,0,0,0,0,{}
1776144820,normal,sw-wk3,0.18047360291580672,0.3394083616855894,105.94392772610594,100.87675434210087,2983.031636496983,6479.014568123479,0.0,0,0,0,0,0,0,{}
1776144830,normal,k3s-wk1,0.3533333333333252,0.6200868531590099,665.7,350.7,34072.5,6580.766666666666,0.0,0,36,3,0,30,0,"{""process_exit"": 36, ""process_exec"": 36, ""process_kprobe"": 30}"
1776144830,normal,sw-wk2,0.21818929218178296,0.29029524574079024,113.18868113188681,97.99020097990201,4034.1632503416326,27966.303369663034,0.0,0,0,0,0,0,0,{}
1776144830,normal,sw-wk3,0.18047360291580672,0.3394083616855894,105.94392772610594,100.87675434210087,2983.031636496983,6479.014568123479,0.0,0,0,0,0,0,0,{}
1776144840,normal,k3s-wk1,0.3533333333333252,0.6200868531590099,665.7,350.7,34072.5,6580.766666666666,0.0,0,12,2,0,8,0,"{""process_exit"": 12, ""process_exec"": 12, ""process_kprobe"": 8}"
1776144840,normal,sw-wk2,0.14244444444448168,0.28703951476228706,116.06666666666666,100.86666666666666,1934.2333333333333,3742.4333333333334,0.0,0,0,0,0,0,0,{}
1776144840,normal,sw-wk3,0.18047360291580672,0.3394083616855894,105.94392772610594,100.87675434210087,2983.031636496983,6479.014568123479,0.0,0,1,1,0,0,0,"{""process_exit"": 5, ""process_exec"": 1}"
1776144850,normal,k3s-wk1,0.3533333333333252,0.6200868531590099,665.7,350.7,34072.5,6580.766666666666,0.0,0,36,3,0,30,0,"{""process_exit"": 36, ""process_exec"": 36, ""process_kprobe"": 30}"
1776144850,normal,sw-wk2,0.14244444444448168,0.28703951476228706,116.06666666666666,100.86666666666666,1934.2333333333333,3742.4333333333334,0.0,0,2,2,0,0,0,"{""process_exec"": 2}"
1776144850,normal,sw-wk3,0.17155555555554092,0.35170017967047673,76.93333333333334,71.86666666666666,2244.5666666666666,5921.7,0.0,0,0,0,0,0,0,{}
1776144860,normal,k3s-wk1,0.337222222222206,0.6321970778777306,667.8333333333334,352.7,34326.3,4701.966666666667,0.0,0,81,3,0,72,0,"{""process_exit"": 81, ""process_exec"": 81, ""process_kprobe"": 72}"
1776144860,normal,sw-wk2,0.14244444444448168,0.28703951476228706,116.06666666666666,100.86666666666666,1934.2333333333333,3742.4333333333334,0.0,0,104,5,0,0,0,"{""process_exit"": 106, ""process_exec"": 104}"
1776144860,normal,sw-wk3,0.17155555555554092,0.35170017967047673,76.93333333333334,71.86666666666666,2244.5666666666666,5921.7,0.0,0,1,1,0,0,0,"{""process_exit"": 5, ""process_exec"": 1}"
1776144871,normal,k3s-wk1,0.337222222222206,0.6321970778777306,667.8333333333334,352.7,34326.3,4701.966666666666,0.0,0,9,2,0,6,0,"{""process_exit"": 9, ""process_exec"": 9, ""process_kprobe"": 6}"
1776144871,normal,sw-wk2,0.2690623819365864,0.29732596811804735,90624.7083138876,1538.202546836456,7726.548436562438,28340.12267484499,0.0,0,2,2,0,0,0,"{""process_exec"": 2}"
1776144871,normal,sw-wk3,0.17155555555554092,0.35170017967047673,76.93333333333334,71.86666666666666,2244.5666666666666,5921.7,0.0,0,1,1,0,0,0,"{""process_exit"": 7, ""process_exec"": 1}"
1776144881,normal,k3s-wk1,0.337222222222206,0.6321970778777306,667.8333333333334,352.7,34326.3,4701.966666666666,0.0,0,84,3,0,74,0,"{""process_exit"": 84, ""process_exec"": 84, ""process_kprobe"": 74}"
1776144881,normal,sw-wk2,0.2690623819365864,0.29732596811804735,90624.7083138876,1538.202546836456,7726.548436562438,28340.12267484499,0.0,0,6,5,0,0,0,"{""process_exec"": 6, ""process_exit"": 6}"
1776144881,normal,sw-wk3,0.18499999999993533,0.34773086381997276,98.8,100.33333333333336,6558.833333333333,7229.566666666667,0.0,0,0,0,0,0,0,{}
1776144891,normal,k3s-wk1,0.36988888888885807,0.6153479714131869,667.8333333333334,352.7,12438.566666666666,12586.6,0.0,0,63,3,0,54,0,"{""process_exit"": 63, ""process_exec"": 63, ""process_kprobe"": 54}"
1776144891,normal,sw-wk2,0.2690623819365864,0.29732596811804735,90624.7083138876,1538.202546836456,7726.548436562438,28340.12267484499,0.0,0,0,0,0,0,0,{}
1776144891,normal,sw-wk3,0.18499999999993533,0.34773086381997276,98.8,100.33333333333333,6558.833333333333,7229.566666666667,0.0,0,0,0,0,0,0,{}
1776144900,normal,k3s-wk1,0.3698888888888582,0.6153479714131869,667.8333333333334,352.7,12438.566666666666,12586.6,0.0,0,57,3,0,50,0,"{""process_exit"": 57, ""process_exec"": 57, ""process_kprobe"": 50}"
1776144900,normal,sw-wk2,0.15263842128076754,0.2968433426354219,52682.65608853629,499.0833027767593,849.8616620554019,5464.015467182239,0.0,0,0,0,0,0,0,{}
1776144900,normal,sw-wk3,0.18499999999993533,0.34773086381997276,98.8,100.33333333333333,6558.833333333333,7229.566666666667,0.0,0,0,0,0,0,0,{}
1776144910,normal,k3s-wk1,0.3698888888888582,0.6153479714131869,667.8333333333334,352.7,12438.566666666666,12586.6,0.0,0,15,2,0,10,0,"{""process_exit"": 15, ""process_exec"": 15, ""process_kprobe"": 10}"
1776144910,normal,sw-wk2,0.15263842128076766,0.2968433426354219,52682.65608853629,499.0833027767593,849.8616620554019,5464.01546718224,0.0,0,2,2,0,0,0,"{""process_exec"": 2}"
1776144910,normal,sw-wk3,0.16655555555557333,0.3420938618958421,105.93333333333334,100.86666666666666,2220.2666666666664,5165.133333333333,0.0,0,1,1,0,0,0,"{""process_exit"": 19, ""process_exec"": 1}"
1776144920,normal,k3s-wk1,0.33466666666669576,0.6134458714270716,667.8333333333334,352.7,12537.133333333333,5052.133333333333,0.0,0,33,3,0,28,0,"{""process_exit"": 33, ""process_exec"": 33, ""process_kprobe"": 28}"
1776144920,normal,sw-wk2,0.15263842128076754,0.2968433426354219,52682.65608853629,499.0833027767593,849.8616620554019,5464.01546718224,0.0,0,1,1,0,0,0,"{""process_exit"": 2, ""process_exec"": 1}"
1776144920,normal,sw-wk3,0.16655555555557333,0.3420938618958421,105.93333333333334,100.86666666666666,2220.2666666666664,5165.133333333333,0.0,0,0,0,0,0,0,{}
1776144930,transition,k3s-wk1,0.33466666666669576,0.6134458714270716,667.8333333333334,352.7,12537.133333333333,5052.133333333333,0.0,10,12,2,0,8,0,"{""process_exit"": 12, ""process_exec"": 12, ""process_kprobe"": 8}"
1776144930,transition,sw-wk2,0.0,0.2968433426354219,0.0,0.0,0.0,0.0,0.0,10,5,2,0,0,0,"{""process_exec"": 5, ""process_exit"": 5}"
1776144930,transition,sw-wk3,0.16655555555557333,0.3420938618958421,105.93333333333334,100.86666666666666,2220.2666666666664,5165.133333333333,0.0,10,0,0,0,0,0,{}
1776144940,transition,k3s-wk1,0.33466666666669576,0.6134458714270716,667.8333333333334,352.7,12537.133333333333,5052.133333333333,0.0,20,41,3,0,33,0,"{""process_exit"": 41, ""process_exec"": 41, ""process_kprobe"": 33}"
1776144940,transition,sw-wk3,0.17322222222222383,0.33850204518521354,103.06666666666666,98.0,3004.5666666666666,7791.966666666666,0.0,20,0,0,0,0,0,{}
1776144950,transition,k3s-wk1,0.3191111111111241,0.6184172947735711,667.8333333333335,352.7,7573.633333333333,6442.666666666667,0.0,30,34,3,0,29,0,"{""process_kprobe"": 29, ""process_exit"": 34, ""process_exec"": 34}"
1776144950,transition,sw-wk3,0.17322222222222383,0.33850204518521354,103.06666666666666,98.0,3004.5666666666666,7791.966666666666,0.0,30,1,1,0,0,0,"{""process_exit"": 9, ""process_exec"": 1}"
1776144960,transition,k3s-wk1,0.3191111111111241,0.6184172947735711,667.8333333333334,352.7,7573.633333333333,6442.666666666667,0.0,40,18,2,0,12,0,"{""process_exit"": 18, ""process_exec"": 18, ""process_kprobe"": 12}"
1776144960,transition,sw-wk3,0.17322222222222383,0.33850204518521354,103.06666666666666,98.0,3004.5666666666666,7791.966666666666,0.0,40,0,0,0,0,0,{}
1776144970,transition,k3s-wk1,0.3191111111111241,0.6184172947735711,667.8333333333334,352.7,7573.633333333333,6442.666666666667,0.0,50,57,3,0,50,0,"{""process_exit"": 57, ""process_exec"": 57, ""process_kprobe"": 50}"
1776144970,transition,sw-wk3,0.15030719150303629,0.3456506364922206,116.05506116055061,100.85658100856581,1677.4322567743227,6460.820584608205,0.0,50,0,0,0,0,0,{}
1776144985,transition,k3s-wk1,0.31355555555556847,0.603736695177471,667.8333333333334,352.7,6666.733333333334,7304.5,0.0,65,39,3,0,32,0,"{""process_exit"": 39, ""process_exec"": 39, ""process_kprobe"": 32}"
1776144985,transition,sw-wk3,0.15030719150303629,0.3456506364922206,116.05506116055061,100.85658100856581,1677.4322567743227,6460.820584608206,0.0,65,1,1,0,0,0,"{""process_exit"": 15, ""process_exec"": 1}"
1776144990,transition,k3s-wk1,0.31355555555556847,0.603736695177471,667.8333333333334,352.7,6666.733333333334,7304.5,0.0,69,18,2,0,12,0,"{""process_exit"": 18, ""process_exec"": 18, ""process_kprobe"": 12}"
1776144990,transition,sw-wk3,0.15030719150303629,0.3456506364922206,116.05506116055061,100.85658100856581,1677.4322567743227,6460.820584608206,0.0,69,0,0,0,0,0,{}
1776145000,transition,k3s-wk1,0.31355555555556847,0.603736695177471,667.8333333333334,352.7,6666.733333333334,7304.5,0.0,79,54,3,0,48,0,"{""process_exit"": 55, ""process_exec"": 54, ""process_kprobe"": 48}"
1776145000,transition,sw-wk3,0.15880476936585763,0.3466095161639716,113.2113211321132,98.009800980098,7337.7337733773375,7513.584691802514,0.0,79,0,0,0,0,0,{}
1776145010,transition,k3s-wk1,0.30677777777774384,0.6057291025813247,338.76666666666665,251.76666666666665,7346.9,1849.8333333333333,0.0,89,12,2,0,8,0,"{""process_exit"": 12, ""process_exec"": 12, ""process_kprobe"": 8}"
1776145010,transition,sw-wk3,0.15880476936585786,0.3466095161639716,113.2113211321132,98.009800980098,7337.7337733773375,7513.584691802514,0.0,89,0,0,0,0,0,{}
1776145021,transition,k3s-wk1,0.30677777777774384,0.6057291025813247,338.76666666666665,251.76666666666665,7346.9,1849.8333333333333,0.0,100,36,3,0,30,0,"{""process_exit"": 36, ""process_exec"": 36, ""process_kprobe"": 30}"
1776145021,transition,sw-wk3,0.15880476936585786,0.3466095161639716,113.2113211321132,98.009800980098,7337.7337733773375,7513.584691802514,0.0,100,1,1,0,0,0,"{""process_exit"": 5, ""process_exec"": 1}"
1776145030,transition,k3s-wk1,0.30677777777774384,0.6057291025813247,338.76666666666665,251.76666666666665,7346.9,1849.8333333333333,0.0,110,33,3,0,28,0,"{""process_exit"": 33, ""process_exec"": 33, ""process_kprobe"": 28}"
1776145030,transition,sw-wk3,0.20288888888891154,0.35018540464085024,78.26666666666667,68.2,7715.133333333333,6490.233333333334,0.0,110,107,7,0,0,0,"{""process_exec"": 107, ""process_exit"": 113}"
1776145040,transition,k3s-wk1,0.4039683597742766,0.6086178111062319,220.97053726169844,205.7725636581789,37791.52779629383,52233.96880415945,0.0,120,15,2,0,10,0,"{""process_exit"": 15, ""process_exec"": 15, ""process_kprobe"": 10}"
1776145040,transition,sw-wk3,0.20288888888891154,0.35018540464085024,78.26666666666667,68.2,7715.133333333333,6490.233333333334,0.0,120,0,0,0,0,0,{}
1776145050,transition,k3s-wk1,0.4039683597742766,0.6086178111062319,220.97053726169844,205.7725636581789,37791.52779629383,52233.96880415945,0.0,130,54,3,0,48,0,"{""process_exit"": 54, ""process_exec"": 54, ""process_kprobe"": 48}"
1776145050,transition,sw-wk2,0.0,0.28911496361991407,0.0,0.0,0.0,0.0,0.0,130,0,0,0,0,0,{}
1776145050,transition,sw-wk3,0.20288888888891154,0.35018540464085024,78.26666666666667,68.2,7715.133333333333,6490.233333333334,0.0,130,1,1,0,0,0,"{""process_exit"": 9, ""process_exec"": 1}"
1776145060,transition,k3s-wk1,0.4039683597742766,0.6086178111062319,220.97053726169844,205.7725636581789,37791.52779629383,52233.96880415945,0.0,140,33,3,0,28,0,"{""process_exit"": 33, ""process_exec"": 33, ""process_kprobe"": 28}"
1776145060,transition,sw-wk2,0.0,0.28911496361991407,0.0,0.0,0.0,0.0,0.0,140,0,0,0,0,0,{}
1776145060,transition,sw-wk3,0.21755555555553452,0.34487333868521985,113.16666666666667,98.0,12051.033333333336,31573.566666666666,0.0,140,0,0,0,0,0,{}
1776145070,transition,k3s-wk1,0.33202204738408925,0.6112909106712889,228.33044405920788,214.69529270569407,10159.687958394452,2839.611948259768,0.0,150,12,2,0,8,0,"{""process_exit"": 12, ""process_exec"": 12, ""process_kprobe"": 8}"
1776145070,transition,sw-wk2,0.0,0.28911496361991407,0.0,0.0,0.0,0.0,0.0,150,0,0,0,0,0,{}
1776145070,transition,sw-wk3,0.21755555555553452,0.34487333868521985,113.16666666666667,98.0,12051.033333333333,31573.566666666666,0.0,150,0,0,0,0,0,{}
1776145080,normal,k3s-wk1,0.33202204738408925,0.6112909106712889,228.33044405920788,214.69529270569407,10159.687958394452,2839.611948259768,0.0,0,54,3,0,48,0,"{""process_exit"": 54, ""process_exec"": 54, ""process_kprobe"": 48}"
1776145080,normal,sw-wk2,0.11954927323639597,0.2909068899167909,108.14775303373783,98.01306840912122,501.6002133617815,3575.310041338845,0.0,0,0,0,0,0,0,{}
1776145080,normal,sw-wk3,0.21755555555553452,0.34487333868521985,113.16666666666667,98.0,12051.033333333333,31573.566666666666,0.0,0,0,0,0,0,0,{}
1776145090,normal,k3s-wk1,0.33202204738408925,0.6112909106712889,228.33044405920788,214.69529270569407,10159.687958394452,2839.611948259768,0.0,0,57,3,0,50,0,"{""process_exit"": 57, ""process_exec"": 57, ""process_kprobe"": 50}"
1776145090,normal,sw-wk2,0.11954927323639597,0.2909068899167909,108.14775303373783,98.01306840912122,501.6002133617815,3575.310041338845,0.0,0,0,0,0,0,0,{}
1776145090,normal,sw-wk3,0.18277777777782633,0.34572390636747075,105.93333333333334,100.86666666666666,2390.3333333333335,5155.366666666667,0.0,0,1,1,0,0,0,"{""process_exit"": 5, ""process_exec"": 1}"
1776145100,normal,k3s-wk1,0.3238888888888646,0.6191521713854173,215.93333333333334,205.80000000000004,9832.833333333334,4703.566666666667,0.0,0,33,3,0,28,0,"{""process_exit"": 33, ""process_exec"": 33, ""process_kprobe"": 28}"
1776145100,normal,sw-wk2,0.11954927323639597,0.2909068899167909,108.14775303373783,98.01306840912122,501.6002133617815,3575.310041338845,0.0,0,0,0,0,0,0,{}
1776145100,normal,sw-wk3,0.18277777777782633,0.34572390636747075,105.93333333333334,100.86666666666666,2390.3333333333335,5155.366666666667,0.0,0,0,0,0,0,0,{}
1776145110,normal,k3s-wk1,0.3238888888888646,0.6191521713854173,215.93333333333334,205.79999999999998,9832.833333333334,4703.566666666667,0.0,0,15,2,0,10,0,"{""process_exit"": 15, ""process_exec"": 15, ""process_kprobe"": 10}"
1776145110,normal,sw-wk2,0.21946342276293118,0.295025931164545,78.32027995334111,68.18863522746209,5151.37477087152,4158.673554407599,0.0,0,0,0,0,0,0,{}
1776145110,normal,sw-wk3,0.18277777777782633,0.34572390636747075,105.93333333333334,100.86666666666666,2390.3333333333335,5155.366666666667,0.0,0,0,0,0,0,0,{}
1776145120,normal,k3s-wk1,0.3238888888888646,0.6191521713854173,215.93333333333334,205.79999999999998,9832.833333333334,4703.566666666667,0.0,0,9,2,0,6,0,"{""process_exit"": 9, ""process_exec"": 9, ""process_kprobe"": 6}"
1776145120,normal,sw-wk2,0.21946342276293107,0.295025931164545,78.32027995334111,68.18863522746209,5151.37477087152,4158.673554407599,0.0,0,0,0,0,0,0,{}
1776145120,normal,sw-wk3,0.17955555555555391,0.3492743096703492,113.2,98.0,2864.4666666666667,5889.533333333333,0.0,0,0,0,0,0,0,{}
1776145130,normal,k3s-wk1,0.32844444444445897,0.6178099773892802,213.73333333333332,208.66666666666666,8937.0,6165.1,0.0,0,57,3,0,50,0,"{""process_exit"": 57, ""process_exec"": 57, ""process_kprobe"": 50}"
1776145130,normal,sw-wk2,0.21946342276293107,0.295025931164545,78.32027995334111,68.18863522746209,5151.374770871522,4158.673554407599,0.0,0,0,0,0,0,0,{}
1776145130,normal,sw-wk3,0.17955555555555391,0.3492743096703492,113.2,98.0,2864.4666666666667,5889.533333333333,0.0,0,0,0,0,0,0,"{""process_exit"": 15}"
1776145140,normal,k3s-wk1,0.32844444444445897,0.6178099773892802,213.73333333333332,208.66666666666666,8937.0,6165.1,0.0,0,18,2,0,12,0,"{""process_exit"": 18, ""process_exec"": 18, ""process_kprobe"": 12}"
1776145140,normal,sw-wk2,0.11027401826788763,0.29120634071129126,116.0744049603307,100.87339155943731,511.10074004933665,3544.236282418828,0.0,0,0,0,0,0,0,{}
1776145140,normal,sw-wk3,0.17955555555555391,0.3492743096703492,113.2,98.0,2864.4666666666667,5889.533333333333,0.0,0,1,1,0,0,0,"{""process_exit"": 4, ""process_exec"": 1}"
1776145150,normal,k3s-wk1,0.32844444444445897,0.6178099773892802,213.73333333333332,208.66666666666666,8937.0,6165.1,0.0,0,15,2,0,10,0,"{""process_exit"": 15, ""process_exec"": 15, ""process_kprobe"": 10}"
1776145150,normal,sw-wk2,0.11027401826788763,0.29120634071129126,116.0744049603307,100.87339155943731,511.10074004933665,3544.236282418828,0.0,0,0,0,0,0,0,{}
1776145150,normal,sw-wk3,0.17000000000003235,0.3461651184423462,100.86666666666666,100.86666666666666,2513.2,7946.866666666667,0.0,0,0,0,0,0,0,{}
1776145160,normal,k3s-wk1,0.3515555555555895,0.6320796782346706,218.79999999999998,208.66666666666666,12393.433333333332,10114.033333333333,0.0,0,14,2,0,9,0,"{""process_exit"": 14, ""process_exec"": 14, ""process_kprobe"": 9}"
1776145160,normal,sw-wk2,0.11027401826788763,0.29120634071129126,116.0744049603307,100.87339155943731,511.10074004933665,3544.236282418828,0.0,0,0,0,0,0,0,{}
1776145160,normal,sw-wk3,0.17000000000003235,0.3461651184423462,100.86666666666666,100.86666666666666,2513.2,7946.866666666667,0.0,0,0,0,0,0,0,{}
1776145170,normal,k3s-wk1,0.3515555555555895,0.6320796782346706,218.79999999999998,208.66666666666666,12393.433333333332,10114.033333333333,0.0,0,13,2,0,9,0,"{""process_kprobe"": 9, ""process_exit"": 13, ""process_exec"": 13}"
1776145170,normal,sw-wk2,0.2648022843682375,0.2904768276055405,113.19622679244023,97.99673344221858,6359.621345955134,4301.723275890804,0.0,0,0,0,0,0,0,{}
1776145170,normal,sw-wk3,0.17000000000003235,0.3461651184423462,100.86666666666666,100.86666666666666,2513.2,7946.866666666667,0.0,0,9,3,0,0,0,"{""process_exit"": 19, ""process_exec"": 9}"
1776145180,normal,k3s-wk1,0.3515555555555895,0.6320796782346706,218.79999999999998,208.66666666666666,12393.433333333332,10114.033333333333,0.0,0,36,3,0,30,0,"{""process_exit"": 36, ""process_exec"": 36, ""process_kprobe"": 30}"
1776145180,normal,sw-wk2,0.2648022843682375,0.2904768276055405,113.19622679244023,97.99673344221858,6359.621345955135,4301.723275890803,0.0,0,0,0,0,0,0,{}
1776145180,normal,sw-wk3,0.2946666666666311,0.34852568268409856,111.00000000000003,100.86666666666666,15220.766666666666,11176.566666666666,0.0,0,8,3,0,0,0,"{""process_exec"": 8, ""process_exit"": 8}"
1776145190,normal,k3s-wk1,0.36899999999999034,0.6194896953592146,205.79999999999998,205.79999999999998,15475.0,17947.533333333333,0.0,0,33,3,0,28,0,"{""process_exit"": 33, ""process_exec"": 33, ""process_kprobe"": 28}"
1776145190,normal,sw-wk2,0.2648022843682375,0.2904768276055405,113.19622679244023,97.99673344221858,6359.621345955134,4301.723275890803,0.0,0,0,0,0,0,0,{}
1776145190,normal,sw-wk3,0.2946666666666311,0.34852568268409856,111.0,100.86666666666666,15220.766666666666,11176.566666666666,0.0,0,1,1,0,0,0,"{""process_exit"": 9, ""process_exec"": 1}"
1776145201,normal,k3s-wk1,0.36899999999999034,0.6194896953592146,205.79999999999998,205.79999999999998,15475.0,17947.533333333333,0.0,0,54,3,0,48,0,"{""process_exit"": 54, ""process_exec"": 54, ""process_kprobe"": 48}"
1776145201,normal,sw-wk2,0.12791795829030195,0.2921126572116671,110.9963001233292,100.86330455651476,2303.889870337655,3654.111529615679,0.0,0,0,0,0,0,0,{}
1776145201,normal,sw-wk3,0.2946666666666311,0.34852568268409856,111.0,100.86666666666666,15220.766666666666,11176.566666666666,0.0,0,8,3,0,0,0,"{""process_exec"": 8, ""process_exit"": 8}"
1776145210,normal,k3s-wk1,0.36899999999999034,0.6194896953592146,205.79999999999998,205.79999999999998,15475.0,17947.533333333333,0.0,0,15,2,0,10,0,"{""process_exit"": 15, ""process_exec"": 15, ""process_kprobe"": 10}"
1776145210,normal,sw-wk2,0.12791795829030184,0.2921126572116671,110.9963001233292,100.86330455651476,2303.889870337655,3654.111529615679,0.0,0,89,5,0,0,0,"{""process_exec"": 89, ""process_exit"": 87}"
1776145210,normal,sw-wk3,0.21299999999998065,0.35619512723473123,78.33333333333333,68.2,11041.16666666667,9926.033333333333,0.0,0,0,0,0,0,0,{}
1776145220,normal,k3s-wk1,0.3707777777777663,0.6299314905352182,413.4,301.1,37431.3,18154.533333333336,0.0,0,57,3,0,50,0,"{""process_exit"": 57, ""process_exec"": 57, ""process_kprobe"": 50}"
1776145220,normal,sw-wk2,0.12791795829030195,0.2921126572116671,110.9963001233292,100.86330455651476,2303.889870337655,3654.111529615679,0.0,0,17,3,0,0,0,"{""process_exit"": 19, ""process_exec"": 17}"
1776145220,normal,sw-wk3,0.21299999999998065,0.35619512723473123,78.33333333333333,68.2,11041.166666666666,9926.033333333333,0.0,0,0,0,0,0,0,{}
1776145230,normal,k3s-wk1,0.37077777777776644,0.6299314905352182,413.4,301.1,37431.3,18154.533333333333,0.0,0,36,3,0,30,0,"{""process_exit"": 36, ""process_exec"": 36, ""process_kprobe"": 30}"
1776145230,normal,sw-wk2,0.24811111111104966,0.29237706589191736,103.06666666666669,98.0,5782.5,28057.766666666666,0.0,0,0,0,0,0,0,{}
1776145230,normal,sw-wk3,0.21299999999998065,0.35619512723473123,78.33333333333333,68.2,11041.166666666666,9926.033333333333,0.0,0,5,3,0,0,0,"{""process_exit"": 13, ""process_exec"": 5}"
1776145240,normal,k3s-wk1,0.37077777777776644,0.6299314905352182,413.4,301.1,37431.3,18154.533333333333,0.0,0,9,2,0,6,0,"{""process_exit"": 9, ""process_exec"": 9, ""process_kprobe"": 6}"
1776145240,normal,sw-wk2,0.24811111111104966,0.29237706589191736,103.06666666666666,98.0,5782.5,28057.766666666666,0.0,0,0,0,0,0,0,{}
1776145240,normal,sw-wk3,0.22411111111113213,0.34973304280234974,111.0,100.86666666666666,8998.533333333333,9253.033333333333,0.0,0,4,3,0,0,0,"{""process_exec"": 4, ""process_exit"": 6}"
1776145250,normal,k3s-wk1,0.32255555555558313,0.6289132744002177,217.93333333333334,207.80000000000004,13086.333333333334,8178.866666666667,0.0,0,57,3,0,50,0,"{""process_exit"": 57, ""process_exec"": 57, ""process_kprobe"": 50}"
1776145250,normal,sw-wk2,0.24811111111104966,0.29237706589191736,103.06666666666666,98.0,5782.5,28057.766666666666,0.0,0,0,0,0,0,0,{}
1776145250,normal,sw-wk3,0.22411111111113213,0.34973304280234974,111.0,100.86666666666666,8998.533333333333,9253.033333333333,0.0,0,0,0,0,0,0,{}
1776145260,normal,k3s-wk1,0.32255555555558313,0.6289132744002177,217.93333333333334,207.79999999999998,13086.333333333334,8178.866666666667,0.0,0,33,3,0,28,0,"{""process_exit"": 33, ""process_exec"": 33, ""process_kprobe"": 28}"
1776145260,normal,sw-wk2,0.12841029060406717,0.29312410005479317,116.01933655609267,100.88348058009667,1352.5920986831138,3604.567427904651,0.0,0,0,0,0,0,0,{}
1776145260,normal,sw-wk3,0.22411111111113213,0.34973304280234974,111.0,100.86666666666666,8998.533333333333,9253.033333333333,0.0,0,1,1,0,0,0,"{""process_exit"": 5, ""process_exec"": 1}"
1776145270,normal,k3s-wk1,0.32255555555558313,0.6289132744002177,217.93333333333334,207.79999999999998,13086.333333333334,8178.866666666667,0.0,0,36,3,0,30,0,"{""process_exit"": 36, ""process_exec"": 36, ""process_kprobe"": 30}"
1776145270,normal,sw-wk2,0.12841029060406717,0.29312410005479317,116.0193365560927,100.88348058009667,1352.5920986831138,3604.5674279046502,0.0,0,2,2,0,0,0,"{""process_exec"": 2}"
1776145270,normal,sw-wk3,0.20288888888887113,0.35800935305885806,116.0,100.86666666666666,5367.266666666666,6875.966666666666,0.0,0,0,0,0,0,0,{}
1776145280,normal,k3s-wk1,0.34144444444439925,0.628610744550794,212.79999999999998,212.66666666666666,35477.9,8374.233333333335,0.0,0,15,2,0,10,0,"{""process_exit"": 15, ""process_exec"": 15, ""process_kprobe"": 10}"
1776145280,normal,sw-wk2,0.12841029060406717,0.29312410005479317,116.01933655609267,100.88348058009667,1352.5920986831138,3604.5674279046502,0.0,0,104,5,0,0,0,"{""process_exit"": 106, ""process_exec"": 104}"
1776145280,normal,sw-wk3,0.20288888888887113,0.35800935305885806,116.0,100.86666666666666,5367.266666666666,6875.966666666666,0.0,0,1,1,0,0,0,"{""process_exit"": 7, ""process_exec"": 1}"
1776145290,normal,k3s-wk1,0.34144444444439925,0.628610744550794,212.79999999999998,212.66666666666666,35477.9,8374.233333333334,0.0,0,9,2,0,6,0,"{""process_exit"": 9, ""process_exec"": 9, ""process_kprobe"": 6}"
1776145290,normal,sw-wk2,0.2174376749766439,0.2959099481376709,80.5892547660312,70.32395680575924,5830.622583655513,27970.20397280363,0.0,0,0,0,0,0,0,{}
1776145290,normal,sw-wk3,0.20288888888887113,0.35800935305885806,116.0,100.86666666666666,5367.266666666666,6875.966666666666,0.0,0,8,3,0,0,0,"{""process_exec"": 8, ""process_exit"": 6}"
1776145300,normal,k3s-wk1,0.34144444444439925,0.628610744550794,212.79999999999998,212.66666666666666,35477.9,8374.233333333334,0.0,0,36,3,0,30,0,"{""process_exit"": 37, ""process_exec"": 36, ""process_kprobe"": 30}"
1776145300,normal,sw-wk2,0.2174376749766439,0.2959099481376709,80.5892547660312,70.32395680575924,5830.622583655513,27970.20397280363,0.0,0,0,0,0,0,0,{}
1776145300,normal,sw-wk3,0.21640506104138357,0.353992252507104,115.50638184423633,111.84057053354216,7762.288799280167,9304.395641017096,0.0,0,1,1,0,0,0,"{""process_exit"": 5, ""process_exec"": 1}"
1776145310,normal,k3s-wk1,0.3648888888889309,0.629079214280312,221.93333333333334,212.4,12541.100000000002,19857.833333333332,0.0,0,60,3,0,52,0,"{""process_exit"": 60, ""process_exec"": 60, ""process_kprobe"": 52}"
1776145310,normal,sw-wk2,0.2174376749766439,0.2959099481376709,80.5892547660312,70.32395680575924,5830.622583655513,27970.20397280363,0.0,0,0,0,0,0,0,{}
1776145310,normal,sw-wk3,0.2164050610413838,0.353992252507104,115.50638184423633,111.84057053354216,7762.288799280167,9304.395641017096,0.0,0,0,0,0,0,0,{}
1776145320,normal,k3s-wk1,0.3648888888889309,0.629079214280312,221.93333333333334,212.4,12541.1,19857.833333333332,0.0,0,36,3,0,30,0,"{""process_exit"": 36, ""process_exec"": 36, ""process_kprobe"": 30}"
1776145320,normal,sw-wk2,0.1576385879529575,0.2889333817551639,116.07053568452282,100.87002900096671,2421.780726024201,3679.289309643655,0.0,0,0,0,0,0,0,{}
1776145320,normal,sw-wk3,0.2164050610413838,0.353992252507104,115.50638184423633,111.84057053354216,7762.288799280167,9304.395641017096,0.0,0,0,0,0,0,0,{}
1776145330,normal,k3s-wk1,0.3648888888889309,0.629079214280312,221.93333333333334,212.4,12541.1,19857.833333333332,0.0,0,39,3,0,32,0,"{""process_exit"": 39, ""process_exec"": 39, ""process_kprobe"": 32}"
1776145330,normal,sw-wk2,0.1576385879529575,0.2889333817551639,116.07053568452282,100.87002900096671,2421.7807260242007,3679.289309643655,0.0,0,2,2,0,0,0,"{""process_exec"": 2}"
1776145330,normal,sw-wk3,0.23526600651257568,0.34454362424659457,111.02590604474378,100.89020771513353,10024.83912913013,5814.32334211316,0.0,0,0,0,0,0,0,{}
1776145340,normal,k3s-wk1,0.33333333333329296,0.6229586290430913,208.66666666666666,208.66666666666666,9824.933333333332,4803.633333333333,0.0,0,60,3,0,52,0,"{""process_exit"": 60, ""process_exec"": 60, ""process_kprobe"": 52}"
1776145340,normal,sw-wk2,0.1576385879529575,0.2889333817551639,116.07053568452282,100.87002900096671,2421.780726024201,3679.289309643655,0.0,0,104,5,0,0,0,"{""process_exit"": 106, ""process_exec"": 104}"
1776145340,normal,sw-wk3,0.23526600651257568,0.34454362424659457,111.02590604474378,100.89020771513353,10024.83912913013,5814.32334211316,0.0,0,1,1,0,0,0,"{""process_exit"": 3, ""process_exec"": 1}"
1776145350,normal,k3s-wk1,0.33333333333329296,0.6229586290430913,208.66666666666666,208.66666666666666,9824.933333333332,4803.633333333333,0.0,0,39,3,0,32,0,"{""process_exit"": 39, ""process_exec"": 39, ""process_kprobe"": 32}"
1776145350,normal,sw-wk2,0.22863269228632388,0.28836952228041335,113.18868113188681,97.99020097990201,5549.678365496784,27939.739359397394,0.0,0,0,0,0,0,0,{}
1776145350,normal,sw-wk3,0.23526600651257568,0.34454362424659457,111.02590604474378,100.89020771513353,10024.83912913013,5814.32334211316,0.0,0,1,1,0,0,0,"{""process_exit"": 5, ""process_exec"": 1}"
1776145360,normal,k3s-wk1,0.33333333333329296,0.6229586290430913,208.66666666666666,208.66666666666666,9824.933333333332,4803.633333333333,0.0,0,24,2,0,16,0,"{""process_exit"": 24, ""process_exec"": 24, ""process_kprobe"": 16}"
1776145360,normal,sw-wk2,0.22863269228632366,0.28836952228041335,113.18868113188681,97.99020097990201,5549.678365496784,27939.739359397394,0.0,0,0,0,0,0,0,{}
1776145360,normal,sw-wk3,0.17655555555554914,0.34588000305822086,78.33333333333333,68.2,3675.366666666667,6496.0,0.0,0,0,0,0,0,0,{}
1776145370,normal,k3s-wk1,0.33633333333329773,0.6239204030420054,218.79999999999998,208.66666666666666,33563.5,9556.733333333334,0.0,0,12,2,0,8,0,"{""process_exit"": 12, ""process_exec"": 12, ""process_kprobe"": 8}"
1776145370,normal,sw-wk2,0.22863269228632366,0.28836952228041335,113.18868113188681,97.99020097990201,5549.678365496784,27939.739359397394,0.0,0,0,0,0,0,0,{}
1776145370,normal,sw-wk3,0.17655555555554914,0.34588000305822086,78.33333333333333,68.2,3675.366666666667,6496.0,0.0,0,0,0,0,0,0,{}
1776145380,normal,k3s-wk1,0.33633333333329773,0.6239204030420054,218.79999999999998,208.66666666666666,33563.5,9556.733333333334,0.0,0,12,2,0,8,0,"{""process_exit"": 12, ""process_exec"": 12, ""process_kprobe"": 8}"
1776145380,normal,sw-wk2,0.12983087761400813,0.29016463422404015,100.87339155943731,100.87339155943731,2259.0506033735583,3809.6539769317956,0.0,0,0,0,0,0,0,{}
1776145380,normal,sw-wk3,0.17655555555554914,0.34588000305822086,78.33333333333333,68.2,3675.366666666667,6496.0,0.0,0,1,1,0,0,0,"{""process_exit"": 7, ""process_exec"": 1}"
1776145390,normal,k3s-wk1,0.33633333333329773,0.6239204030420054,218.79999999999998,208.66666666666666,33563.5,9556.733333333334,0.0,0,21,2,0,14,0,"{""process_exit"": 21, ""process_exec"": 21, ""process_kprobe"": 14}"
1776145390,normal,sw-wk2,0.12983087761400813,0.29016463422404015,100.87339155943731,100.87339155943731,2259.0506033735583,3809.6539769317956,0.0,0,2,2,0,0,0,"{""process_exec"": 2}"
1776145390,normal,sw-wk3,0.19499999999999196,0.34851134727372346,116.06666666666666,100.86666666666666,2837.133333333333,6189.666666666667,0.0,0,0,0,0,0,0,{}
1776145400,normal,k3s-wk1,0.3264444444444963,0.6186170999353173,215.93333333333334,205.79999999999998,34051.23333333333,6984.099999999999,0.0,0,9,2,0,6,0,"{""process_exit"": 9, ""process_exec"": 9, ""process_kprobe"": 6}"
1776145400,normal,sw-wk2,0.12983087761400813,0.29016463422404015,100.87339155943731,100.87339155943731,2259.0506033735583,3809.6539769317956,0.0,0,104,5,0,0,0,"{""process_exit"": 106, ""process_exec"": 104}"
1776145400,normal,sw-wk3,0.19499999999999196,0.34851134727372346,116.06666666666666,100.86666666666666,2837.133333333333,6189.666666666667,0.0,0,0,0,0,0,0,{}
1776145410,normal,k3s-wk1,0.3264444444444963,0.6186170999353173,215.93333333333334,205.79999999999998,34051.23333333333,6984.099999999999,0.0,0,18,2,0,12,0,"{""process_exit"": 18, ""process_exec"": 18, ""process_kprobe"": 12}"
1776145410,normal,sw-wk2,0.23164105470180718,0.29035099455891533,116.07053568452282,100.87002900096671,5569.352311743725,27988.066268875627,0.0,0,0,0,0,0,0,{}
1776145410,normal,sw-wk3,0.19499999999999196,0.34851134727372346,116.06666666666666,100.86666666666666,2837.133333333333,6189.666666666667,0.0,0,0,0,0,0,0,{}
1776145420,normal,k3s-wk1,0.3264444444444963,0.6186170999353173,215.93333333333334,205.79999999999998,34051.23333333333,6984.099999999999,0.0,0,15,2,0,10,0,"{""process_exit"": 15, ""process_exec"": 15, ""process_kprobe"": 10}"
1776145420,normal,sw-wk2,0.23164105470180718,0.29035099455891533,116.07053568452281,100.87002900096671,5569.352311743724,27988.06626887563,0.0,0,0,0,0,0,0,{}
1776145420,normal,sw-wk3,0.17399999999995808,0.34310530473896805,116.03333333333333,100.86666666666669,2948.866666666667,8088.066666666668,0.0,0,1,1,0,0,0,"{""process_exit"": 21, ""process_exec"": 1}"
1776145430,normal,k3s-wk1,0.34988888888886616,0.6258597548379377,208.6666666666667,208.66666666666666,19659.433333333334,7943.266666666666,0.0,0,54,3,0,48,0,"{""process_exit"": 54, ""process_exec"": 54, ""process_kprobe"": 48}"
1776145430,normal,sw-wk2,0.23164105470180718,0.29035099455891533,116.07053568452282,100.87002900096671,5569.352311743725,27988.06626887563,0.0,0,0,0,0,0,0,{}
1776145430,normal,sw-wk3,0.17399999999995808,0.34310530473896805,116.03333333333333,100.86666666666666,2948.866666666667,8088.066666666667,0.0,0,152,4,0,0,0,"{""process_exec"": 152, ""process_exit"": 77}"
1776145440,normal,k3s-wk1,0.34988888888886616,0.6258597548379377,208.66666666666666,208.66666666666666,19659.433333333334,7943.266666666666,0.0,0,39,3,0,32,0,"{""process_exit"": 39, ""process_exec"": 39, ""process_kprobe"": 32}"
1776145440,normal,sw-wk2,0.12850254427488117,0.28848101991666353,78.32811145923606,68.19545363642423,947.4368375441637,3646.623558429438,0.0,0,0,0,0,0,0,{}
1776145440,normal,sw-wk3,0.17399999999995808,0.34310530473896805,116.03333333333333,100.86666666666666,2948.866666666667,8088.066666666667,0.0,0,155,4,0,0,0,"{""process_exit"": 84, ""process_exec"": 155}"
1776145450,normal,k3s-wk1,0.34988888888886616,0.6258597548379377,208.66666666666666,208.66666666666666,19659.433333333334,7943.266666666666,0.0,0,39,3,0,32,0,"{""process_exit"": 39, ""process_exec"": 39, ""process_kprobe"": 32}"
1776145450,normal,sw-wk2,0.12850254427488117,0.28848101991666353,78.32811145923606,68.19545363642423,947.4368375441637,3646.623558429438,0.0,0,106,7,0,0,0,"{""process_exec"": 106, ""process_exit"": 106}"
1776145450,normal,sw-wk3,0.2601111111111497,0.34961517387259966,719.8,403.56666666666666,5922.433333333333,57788.26666666666,0.0,0,204,4,0,0,0,"{""process_exit"": 108, ""process_exec"": 204}"
1776145461,normal,k3s-wk1,0.3650000000000241,0.6399759330731727,215.93333333333337,205.80000000000004,108963.63333333333,10302.333333333334,0.0,0,21,2,0,14,0,"{""process_exit"": 21, ""process_exec"": 21, ""process_kprobe"": 14}"
1776145461,normal,sw-wk2,0.12850254427488117,0.28848101991666353,78.32811145923606,68.19545363642423,947.4368375441637,3646.623558429438,0.0,0,0,0,0,0,0,{}
1776145461,normal,sw-wk3,0.26011111111114993,0.34961517387259966,719.8,403.56666666666666,5922.433333333333,57788.26666666666,0.0,0,205,4,0,0,0,"{""process_exit"": 115, ""process_exec"": 205}"
1776145470,normal,k3s-wk1,0.3650000000000243,0.6399759330731727,215.93333333333334,205.79999999999998,108963.63333333333,10302.333333333334,0.0,0,18,2,0,12,0,"{""process_exit"": 18, ""process_exec"": 18, ""process_kprobe"": 12}"
1776145470,normal,sw-wk2,0.2415302732313881,0.29024746103954024,116.07053568452281,100.87002900096671,5469.115637187907,27920.230674355807,0.0,0,0,0,0,0,0,{}
1776145470,normal,sw-wk3,0.26011111111114993,0.34961517387259966,719.8,403.56666666666666,5922.433333333333,57788.26666666666,0.0,0,198,4,0,0,0,"{""process_exit"": 92, ""process_exec"": 198}"
1776145480,normal,k3s-wk1,0.3650000000000243,0.6399759330731727,215.93333333333334,205.79999999999998,108963.63333333333,10302.333333333334,0.0,0,12,2,0,8,0,"{""process_exit"": 12, ""process_exec"": 12, ""process_kprobe"": 8}"
1776145480,normal,sw-wk2,0.2415302732313881,0.29024746103954024,116.07053568452282,100.87002900096671,5469.115637187907,27920.230674355815,0.0,0,0,0,0,0,0,{}
1776145480,normal,sw-wk3,0.24966666666667947,0.3489207028810989,113.93333333333334,109.46666666666667,3823.633333333333,96027.96666666666,0.0,0,210,4,0,0,0,"{""process_exec"": 210, ""process_exit"": 124}"
1776145490,normal,k3s-wk1,0.32504499700015954,0.6422753856973369,208.65275648290114,208.65275648290114,107142.92380507966,4599.360042663822,0.0,0,54,3,0,48,0,"{""process_exit"": 54, ""process_exec"": 54, ""process_kprobe"": 48}"
1776145490,normal,sw-wk2,0.2415302732313881,0.29024746103954024,116.07053568452282,100.87002900096671,5469.115637187907,27920.230674355815,0.0,0,0,0,0,0,0,{}
1776145490,normal,sw-wk3,0.24966666666667958,0.3489207028810989,113.93333333333334,109.46666666666667,3823.633333333333,96027.96666666666,0.0,0,154,4,0,0,0,"{""process_exit"": 88, ""process_exec"": 154}"
1776145501,normal,k3s-wk1,0.32504499700015954,0.6422753856973369,208.65275648290114,208.65275648290114,107142.92380507966,4599.360042663822,0.0,0,15,2,0,10,0,"{""process_exit"": 15, ""process_exec"": 15, ""process_kprobe"": 10}"
1776145501,normal,sw-wk2,0.12521669555939507,0.29250927023204254,116.01546872916389,100.88011734897987,954.2605680757434,3658.5211361514866,0.0,0,0,0,0,0,0,{}
1776145501,normal,sw-wk3,0.24966666666667958,0.3489207028810989,113.93333333333334,109.46666666666667,3823.633333333333,96027.96666666666,0.0,0,153,4,0,0,0,"{""process_exit"": 81, ""process_exec"": 153}"
1776145511,normal,k3s-wk1,0.32504499700015954,0.6422753856973369,208.65275648290114,208.65275648290114,107142.92380507966,4599.360042663822,0.0,0,57,3,0,50,0,"{""process_exit"": 57, ""process_exec"": 57, ""process_kprobe"": 50}"
1776145511,normal,sw-wk2,0.12521669555939507,0.29250927023204254,116.01546872916389,100.88011734897987,954.2605680757434,3658.5211361514866,0.0,0,2,2,0,0,0,"{""process_exec"": 2}"
1776145511,normal,sw-wk3,0.21477777777775675,0.3554289791913554,75.46666666666667,65.33333333333333,4757.4,81219.10000000002,0.0,0,204,4,0,0,0,"{""process_exit"": 108, ""process_exec"": 204}"
1776145521,normal,k3s-wk1,0.3566237749183926,0.6228807388952919,210.28068537902527,211.8141209413961,93941.19607973866,5715.781052070139,0.0,0,12,2,0,8,0,"{""process_exit"": 12, ""process_exec"": 12, ""process_kprobe"": 8}"
1776145521,normal,sw-wk2,0.12521669555939507,0.29250927023204254,116.01546872916389,100.88011734897987,954.2605680757434,3658.5211361514866,0.0,0,104,5,0,0,0,"{""process_exit"": 106, ""process_exec"": 104}"
1776145521,normal,sw-wk3,0.21477777777775675,0.3554289791913554,75.46666666666667,65.33333333333333,4757.4,81219.1,0.0,0,152,4,0,0,0,"{""process_exit"": 78, ""process_exec"": 152}"
1776145531,normal,k3s-wk1,0.3566237749183926,0.6228807388952919,210.28068537902527,211.8141209413961,93941.19607973866,5715.781052070139,0.0,0,15,2,0,10,0,"{""process_exit"": 15, ""process_exec"": 15, ""process_kprobe"": 10}"
1776145531,normal,sw-wk2,0.2366573345775408,0.28858773908278856,112.58498866817759,103.98613518197574,5629.882682309026,27975.06999066791,0.0,0,0,0,0,0,0,{}
1776145531,normal,sw-wk3,0.21477777777775675,0.3554289791913554,75.46666666666667,65.33333333333333,4757.4,81219.1,0.0,0,206,4,0,0,0,"{""process_exit"": 114, ""process_exec"": 206}"
1776145541,normal,k3s-wk1,0.3566237749183926,0.6228807388952919,210.28068537902527,211.8141209413961,93941.19607973866,5715.781052070139,0.0,0,9,2,0,6,0,"{""process_exit"": 9, ""process_exec"": 9, ""process_kprobe"": 6}"
1776145541,normal,sw-wk2,0.2366573345775408,0.28858773908278856,112.58498866817759,103.98613518197574,5629.882682309026,27975.06999066791,0.0,0,0,0,0,0,0,{}
1776145541,normal,sw-wk3,0.22355555555562512,0.353950839099354,116.06666666666666,100.86666666666666,4164.166666666667,93481.66666666669,0.0,0,153,4,0,0,0,"{""process_exit"": 81, ""process_exec"": 153}"
1776145551,normal,k3s-wk1,0.3555303737278843,0.6292564425876236,223.77016397813625,208.63884815357952,99238.5348620184,9699.84002133049,0.0,0,57,3,0,50,0,"{""process_exit"": 57, ""process_exec"": 57, ""process_kprobe"": 50}"
1776145551,normal,sw-wk2,0.2366573345775408,0.28858773908278856,112.58498866817759,103.98613518197574,5629.882682309026,27975.06999066791,0.0,0,0,0,0,0,0,{}
1776145551,normal,sw-wk3,0.22355555555562512,0.353950839099354,116.06666666666666,100.86666666666666,4164.166666666667,93481.66666666667,0.0,0,205,4,0,0,0,"{""process_exit"": 113, ""process_exec"": 205}"
1776145561,normal,k3s-wk1,0.3555303737278843,0.6292564425876236,223.77016397813625,208.63884815357952,99238.5348620184,9699.84002133049,0.0,0,15,2,0,10,0,"{""process_exit"": 15, ""process_exec"": 15, ""process_kprobe"": 10}"
1776145561,normal,sw-wk2,0.12583605537408304,0.2976493112631726,110.99260049330044,100.85994267048864,922.9384707686154,3656.2895806946203,0.0,0,0,0,0,0,0,{}
1776145561,normal,sw-wk3,0.22355555555562512,0.353950839099354,116.06666666666666,100.86666666666666,4164.166666666667,93481.66666666667,0.0,0,204,4,0,0,0,"{""process_exit"": 108, ""process_exec"": 204}"
1776145571,normal,k3s-wk1,0.3555303737278843,0.6292564425876236,223.77016397813625,208.63884815357952,99238.5348620184,9699.84002133049,0.0,0,15,2,0,10,0,"{""process_exit"": 15, ""process_exec"": 15, ""process_kprobe"": 10}"
1776145571,normal,sw-wk2,0.12583605537408304,0.2976493112631726,110.99260049330044,100.85994267048864,922.9384707686154,3656.2895806946203,0.0,0,2,2,0,0,0,"{""process_exec"": 2}"
1776145571,normal,sw-wk3,0.2713333333332736,0.35188972565210186,116.06666666666666,100.86666666666666,4827.0,82928.5,0.0,0,102,4,0,0,0,"{""process_exit"": 56, ""process_exec"": 102}"
1776145581,normal,k3s-wk1,0.3406898697604336,0.6274040116812645,208.6944925990132,208.6944925990132,69724.46326176824,8206.92759034538,0.0,0,9,2,0,6,0,"{""process_exit"": 9, ""process_exec"": 9, ""process_kprobe"": 6}"
1776145581,normal,sw-wk2,0.12583605537408304,0.2976493112631726,110.99260049330044,100.85994267048864,922.9384707686154,3656.2895806946203,0.0,0,104,5,0,0,0,"{""process_exit"": 104, ""process_exec"": 104}"
1776145581,normal,sw-wk3,0.2713333333332736,0.35188972565210186,116.06666666666666,100.86666666666666,4827.0,82928.5,0.0,0,0,0,0,0,0,{}
1776145591,normal,k3s-wk1,0.3406898697604336,0.6274040116812645,208.6944925990132,208.6944925990132,69724.46326176824,8206.92759034538,0.0,0,15,2,0,10,0,"{""process_exit"": 15, ""process_exec"": 15, ""process_kprobe"": 10}"
1776145591,normal,sw-wk2,0.24173723633620137,0.29969131082992473,78.34900313396014,68.21364272854571,5853.8707741548305,28012.8025605121,0.0,0,0,0,0,0,0,"{""process_exit"": 2}"
1776145591,normal,sw-wk3,0.2713333333332736,0.35188972565210186,116.06666666666666,100.86666666666666,4827.0,82928.5,0.0,0,1,1,0,0,0,"{""process_exit"": 21, ""process_exec"": 1}"
1776145601,normal,k3s-wk1,0.3406898697604336,0.6274040116812645,208.6944925990132,208.6944925990132,69724.46326176824,8206.92759034538,0.0,0,57,3,0,50,0,"{""process_exit"": 58, ""process_exec"": 57, ""process_kprobe"": 50}"
1776145601,normal,sw-wk2,0.24173723633620137,0.29969131082992473,78.34900313396012,68.21364272854571,5853.8707741548305,28012.8025605121,0.0,0,0,0,0,0,0,{}
1776145601,normal,sw-wk3,0.20677777777778428,0.3492551957898492,113.2,98.0,5367.833333333334,15985.9,0.0,0,0,0,0,0,0,{}
1776145611,normal,k3s-wk1,0.3424444444444412,0.6322580353847039,210.8666666666667,205.79999999999998,35426.73333333333,6504.6,0.0,0,33,3,0,28,0,"{""process_exit"": 33, ""process_exec"": 33, ""process_kprobe"": 28}"
1776145611,normal,sw-wk2,0.24173723633620137,0.29969131082992473,78.34900313396012,68.21364272854571,5853.8707741548305,28012.8025605121,0.0,0,0,0,0,0,0,{}
1776145611,normal,sw-wk3,0.20677777777778428,0.3492551957898492,113.2,98.0,5367.833333333333,15985.9,0.0,0,0,0,0,0,0,{}
1776145621,normal,k3s-wk1,0.3424444444444412,0.6322580353847039,210.86666666666667,205.79999999999998,35426.73333333333,6504.6,0.0,0,36,3,0,30,0,"{""process_exit"": 36, ""process_exec"": 36, ""process_kprobe"": 30}"
1776145621,normal,sw-wk2,0.12061418127678758,0.29457038367929456,116.05892940470635,100.85994267048864,572.6951536564229,3591.3939070728616,0.0,0,0,0,0,0,0,{}
1776145621,normal,sw-wk3,0.20677777777778428,0.3492551957898492,113.2,98.0,5367.833333333333,15985.9,0.0,0,0,0,0,0,0,{}
1776145631,normal,k3s-wk1,0.3424444444444412,0.6322580353847039,210.86666666666667,205.79999999999998,35426.73333333333,6504.6,0.0,0,39,3,0,32,0,"{""process_exit"": 39, ""process_exec"": 39, ""process_kprobe"": 32}"
1776145631,normal,sw-wk2,0.12061418127678758,0.29457038367929456,116.05892940470635,100.85994267048864,572.6951536564229,3591.3939070728616,0.0,0,106,7,0,0,0,"{""process_exec"": 106, ""process_exit"": 106}"
1776145631,normal,sw-wk3,0.1793333333332865,0.3503176089809753,105.93333333333334,100.86666666666666,2321.633333333333,5205.000000000001,0.0,0,1,1,0,0,0,"{""process_exit"": 23, ""process_exec"": 1}"
1776145641,normal,k3s-wk1,0.3470000000000356,0.6334963758504419,218.79999999999998,208.66666666666666,36339.36666666667,9645.7,0.0,0,33,3,0,28,0,"{""process_exit"": 33, ""process_exec"": 33, ""process_kprobe"": 28}"
1776145641,normal,sw-wk2,0.12061418127678758,0.29457038367929456,116.05892940470635,100.85994267048864,572.6951536564229,3591.3939070728616,0.0,0,0,0,0,0,0,{}
1776145641,normal,sw-wk3,0.1793333333332865,0.3503176089809753,105.93333333333334,100.86666666666666,2321.633333333333,5205.0,0.0,0,0,0,0,0,0,{}
1776145651,normal,k3s-wk1,0.3470000000000356,0.6334963758504419,218.79999999999998,208.66666666666666,36339.36666666667,9645.7,0.0,0,12,2,0,8,0,"{""process_exit"": 12, ""process_exec"": 12, ""process_kprobe"": 8}"
1776145651,normal,sw-wk2,0.22894029286942896,0.2903685156160404,116.05892940470635,100.85994267048864,5472.501833211119,27911.472568495432,0.0,0,0,0,0,0,0,{}
1776145651,normal,sw-wk3,0.1793333333332865,0.3503176089809753,105.93333333333334,100.86666666666666,2321.633333333333,5205.0,0.0,0,0,0,0,0,0,{}
1776145666,normal,k3s-wk1,0.3470000000000356,0.6334963758504419,218.79999999999998,208.66666666666666,36339.36666666667,9645.7,0.0,0,36,3,0,30,0,"{""process_exit"": 36, ""process_exec"": 36, ""process_kprobe"": 30}"
1776145666,normal,sw-wk2,0.22894029286942896,0.2903685156160404,116.05892940470635,100.85994267048864,5472.501833211119,27911.472568495432,0.0,0,0,0,0,0,0,{}
1776145666,normal,sw-wk3,0.17033333333339318,0.34773086381997276,75.46666666666667,65.33333333333333,2970.366666666667,8885.266666666666,0.0,0,1,1,0,0,0,"{""process_exit"": 3, ""process_exec"": 1}"
1776145671,normal,k3s-wk1,0.3368888888888857,0.6308853626350801,202.13333333333333,205.4,10663.133333333333,7732.566666666667,0.0,0,36,3,0,30,0,"{""process_exit"": 36, ""process_exec"": 36, ""process_kprobe"": 30}"
1776145671,normal,sw-wk2,0.22894029286942896,0.2903685156160404,116.05892940470635,100.85994267048864,5472.501833211119,27911.472568495432,0.0,0,0,0,0,0,0,{}
1776145671,normal,sw-wk3,0.17033333333339318,0.34773086381997276,75.46666666666667,65.33333333333333,2970.366666666667,8885.266666666666,0.0,0,18,9,4,0,0,"{""process_exec"": 18, ""process_exit"": 16}"
1776145681,normal,k3s-wk1,0.3368888888888857,0.6308853626350801,202.13333333333333,205.4,10663.133333333333,7732.566666666667,0.0,0,39,3,0,32,0,"{""process_exit"": 39, ""process_exec"": 39, ""process_kprobe"": 32}"
1776145681,normal,sw-wk2,0.14044444444443804,0.28516954012003515,116.0,100.86666666666666,2574.633333333333,3775.5666666666666,0.0,0,0,0,0,0,0,{}
1776145681,normal,sw-wk3,0.17033333333339318,0.34773086381997276,75.46666666666667,65.33333333333333,2970.366666666667,8885.266666666666,0.0,0,14,8,2,3,0,"{""process_exit"": 24, ""process_exec"": 14, ""process_kprobe"": 3}"
1776145691,normal,k3s-wk1,0.3368888888888857,0.6308853626350801,202.13333333333333,205.4,10663.133333333333,7732.566666666667,0.0,0,81,3,0,72,0,"{""process_exit"": 81, ""process_exec"": 81, ""process_kprobe"": 72}"
1776145691,normal,sw-wk2,0.14044444444443804,0.28516954012003515,116.0,100.86666666666666,2574.633333333333,3775.5666666666666,0.0,0,2,2,0,0,0,"{""process_exec"": 2}"
1776145691,normal,sw-wk3,0.21663389216635665,0.35280082062260276,310.16898310168983,214.31190214311903,6321.867813218678,12752.02479752025,0.0,0,0,0,0,2,0,"{""process_kprobe"": 2}"
1776145701,normal,k3s-wk1,0.34133333333330584,0.6285080198631166,344.2,177.23333333333332,15989.133333333337,4694.166666666667,0.0,0,30,3,0,26,0,"{""process_exit"": 30, ""process_exec"": 30, ""process_kprobe"": 26}"
1776145701,normal,sw-wk2,0.14044444444443804,0.28516954012003515,116.0,100.86666666666666,2574.633333333333,3775.5666666666666,0.0,0,0,0,0,0,0,{}
1776145701,normal,sw-wk3,0.21663389216635665,0.35280082062260276,310.16898310168983,214.31190214311903,6321.867813218678,12752.02479752025,0.0,0,0,0,0,2,0,"{""process_kprobe"": 2}"
1776145711,normal,k3s-wk1,0.34133333333330584,0.6285080198631166,344.2,177.23333333333332,15989.133333333333,4694.166666666667,0.0,0,33,3,0,28,0,"{""process_exit"": 33, ""process_exec"": 33, ""process_kprobe"": 28}"
1776145711,normal,sw-wk2,0.23282892251624432,0.2918657695885418,116.05892940470635,100.85994267048864,5291.813879074728,27933.23778414772,0.0,0,104,5,0,0,0,"{""process_exit"": 106, ""process_exec"": 104}"
1776145711,normal,sw-wk3,0.21663389216635665,0.35280082062260276,310.16898310168983,214.31190214311903,6321.867813218678,12752.02479752025,0.0,0,0,0,0,1,0,"{""process_kprobe"": 1}"
1776145721,normal,k3s-wk1,0.34133333333330584,0.6285080198631166,344.2,177.23333333333332,15989.133333333333,4694.166666666667,0.0,0,33,3,0,28,0,"{""process_exit"": 33, ""process_exec"": 33, ""process_kprobe"": 28}"
1776145721,normal,sw-wk2,0.23282892251624432,0.2918657695885418,116.05892940470635,100.85994267048864,5291.813879074728,27933.23778414772,0.0,0,0,0,0,0,0,{}
1776145721,normal,sw-wk3,0.20058672533917477,0.35058998177810063,121.2121212121212,122.67893456012267,2914.991499149915,6760.94276094276,0.0,0,1,1,0,1,0,"{""process_kprobe"": 1, ""process_exit"": 5, ""process_exec"": 1}"
1776145736,normal,k3s-wk1,0.32622222222222863,0.6306697536752297,325.5333333333333,165.8,34067.866666666676,6423.4,0.0,0,33,3,0,28,0,"{""process_exit"": 33, ""process_exec"": 33, ""process_kprobe"": 28}"
1776145736,normal,sw-wk2,0.23282892251624432,0.2918657695885418,116.05892940470635,100.85994267048864,5291.813879074728,3621.9955328866217,0.0,0,0,0,0,0,0,{}
1776145736,normal,sw-wk3,0.20058672533917477,0.35058998177810063,121.2121212121212,122.67893456012267,2914.991499149915,6760.94276094276,0.0,0,0,0,0,1,0,"{""process_kprobe"": 1}"
1776145741,normal,k3s-wk1,0.32622222222222863,0.6306697536752297,325.5333333333333,165.8,34067.86666666667,6423.4,0.0,0,39,3,0,32,0,"{""process_exit"": 39, ""process_exec"": 39, ""process_kprobe"": 32}"
1776145741,normal,sw-wk2,0.13435788023253237,0.28682926207678683,116.07827449411607,100.87675434210087,592.5925925925926,3621.9955328866217,0.0,0,0,0,0,0,0,{}
1776145741,normal,sw-wk3,0.20058672533917477,0.35058998177810063,121.2121212121212,122.67893456012267,2914.991499149915,6760.94276094276,0.0,0,1,1,0,1,0,"{""process_kprobe"": 1, ""process_exit"": 3, ""process_exec"": 1}"
1776145751,normal,k3s-wk1,0.32622222222222863,0.6306697536752297,325.5333333333333,165.8,34067.86666666667,6423.4,0.0,0,96,3,0,88,0,"{""process_exit"": 96, ""process_exec"": 96, ""process_kprobe"": 88}"
1776145751,normal,sw-wk2,0.13435788023253237,0.28682926207678683,116.07827449411607,100.87675434210087,592.5925925925926,3621.9955328866217,0.0,0,106,7,0,0,0,"{""process_exec"": 106, ""process_exit"": 106}"
1776145751,normal,sw-wk3,0.2044444444443797,0.34204926284134207,126.2,117.66666666666667,2315.2,6261.5,0.0,0,0,0,0,1,0,"{""process_kprobe"": 1}"
1776145761,normal,k3s-wk1,0.3733333333333576,0.6308785895787498,584.2,308.8,34198.5,9509.833333333334,0.0,0,57,3,0,50,0,"{""process_exit"": 57, ""process_exec"": 57, ""process_kprobe"": 50}"
1776145761,normal,sw-wk2,0.13435788023253237,0.28682926207678683,116.07827449411607,100.87675434210087,592.5925925925926,3621.9955328866217,0.0,0,0,0,0,0,0,{}
1776145761,normal,sw-wk3,0.2044444444443797,0.34204926284134207,126.2,117.66666666666667,2315.2,6261.5,0.0,0,0,0,0,1,0,"{""process_kprobe"": 1}"
1776145771,normal,k3s-wk1,0.3733333333333576,0.6308785895787498,584.2,308.8,34198.5,9509.833333333334,0.0,0,12,2,0,8,0,"{""process_exit"": 12, ""process_exec"": 12, ""process_kprobe"": 8}"
1776145771,normal,sw-wk2,0.2723716816125701,0.29262395351504267,846.9180251358468,284.961829516285,5524.752475247525,27953.828716204953,0.0,0,0,0,0,0,0,{}
1776145771,normal,sw-wk3,0.2044444444443797,0.34204926284134207,126.2,117.66666666666667,2315.2,6261.5,0.0,0,1,1,0,1,0,"{""process_kprobe"": 1, ""process_exit"": 3, ""process_exec"": 1}"
1776145781,normal,k3s-wk1,0.3733333333333576,0.6308785895787498,584.2,308.8,34198.5,9509.833333333334,0.0,0,12,2,0,8,0,"{""process_exit"": 12, ""process_exec"": 12, ""process_kprobe"": 8}"
1776145781,normal,sw-wk2,0.2723716816125701,0.29262395351504267,846.9180251358468,284.9618295162849,5524.752475247525,27953.828716204953,0.0,0,0,0,0,0,0,{}
1776145781,normal,sw-wk3,0.18266666666673304,0.34711444117384715,120.06666666666666,110.73333333333333,2987.5333333333333,6197.433333333333,0.0,0,0,0,0,1,0,"{""process_kprobe"": 1}"
1776145791,normal,k3s-wk1,0.3227777777777697,0.6279616599857991,667.8333333333334,352.7,10243.5,5667.2,0.0,0,15,2,0,10,0,"{""process_exit"": 15, ""process_exec"": 15, ""process_kprobe"": 10}"
1776145791,normal,sw-wk2,0.2723716816125701,0.29262395351504267,846.9180251358468,284.9618295162849,5524.752475247525,27953.828716204953,0.0,0,0,0,0,0,0,{}
1776145791,normal,sw-wk3,0.18266666666673304,0.34711444117384715,120.06666666666666,110.73333333333333,2987.5333333333333,6197.433333333333,0.0,0,0,0,0,0,0,{}
1776145801,normal,k3s-wk1,0.3227777777777697,0.6279616599857991,667.8333333333334,352.7,10243.5,5667.2,0.0,0,12,2,0,8,0,"{""process_exit"": 12, ""process_exec"": 12, ""process_kprobe"": 8}"
1776145801,normal,sw-wk2,0.1457520914574465,0.28745046319303746,116.05506116055061,100.85658100856581,1239.742692397427,3689.7310268973106,0.0,0,0,0,0,0,0,{}
1776145801,normal,sw-wk3,0.18266666666673304,0.34711444117384715,120.06666666666666,110.73333333333333,2987.5333333333333,6197.433333333333,0.0,0,0,0,0,1,0,"{""process_kprobe"": 1}"
1776145811,normal,k3s-wk1,0.3227777777777697,0.6279616599857991,667.8333333333334,352.7,10243.5,5667.2,0.0,0,37,3,0,31,0,"{""process_exit"": 38, ""process_exec"": 37, ""process_kprobe"": 31}"
1776145811,normal,sw-wk2,0.1457520914574465,0.28745046319303746,116.05506116055061,100.85658100856581,1239.742692397427,3689.7310268973106,0.0,0,106,7,0,0,0,"{""process_exec"": 106, ""process_exit"": 104}"
1776145811,normal,sw-wk3,0.19211111111116097,0.351004115855601,121.30000000000003,114.8,5371.966666666668,6077.933333333333,0.0,0,1,1,0,1,0,"{""process_kprobe"": 1, ""process_exit"": 5, ""process_exec"": 1}"
1776145821,normal,k3s-wk1,0.36122222222220446,0.6340845029084633,853.4,443.1333333333333,34427.4,12037.266666666668,0.0,0,38,3,0,31,0,"{""process_exec"": 38, ""process_kprobe"": 31, ""process_exit"": 37}"
1776145821,normal,sw-wk2,0.1457520914574465,0.28745046319303746,116.05506116055061,100.85658100856581,1239.742692397427,3689.7310268973106,0.0,0,0,0,0,0,0,"{""process_exit"": 2}"
1776145821,normal,sw-wk3,0.1921111111111613,0.351004115855601,121.3,114.8,5371.966666666666,6077.933333333333,0.0,0,0,0,0,0,0,{}
1776145831,normal,k3s-wk1,0.36122222222220446,0.6340845029084633,853.4,443.1333333333333,34427.4,12037.266666666666,0.0,0,60,3,0,52,0,"{""process_exit"": 60, ""process_exec"": 60, ""process_kprobe"": 52}"
1776145831,normal,sw-wk2,0.26138257449507896,0.29124138282554124,113.1924538364109,97.99346710219318,5770.948603426438,27926.638224118393,0.0,0,0,0,0,0,0,{}
1776145831,normal,sw-wk3,0.1921111111111613,0.351004115855601,121.3,114.8,5371.966666666666,6077.933333333333,0.0,0,0,0,0,0,0,{}
1776145841,normal,k3s-wk1,0.36122222222220446,0.6340845029084633,853.4,443.1333333333333,34427.4,12037.266666666666,0.0,0,36,3,0,30,0,"{""process_exit"": 36, ""process_exec"": 36, ""process_kprobe"": 30}"
1776145841,normal,sw-wk2,0.26138257449507896,0.29124138282554124,113.1924538364109,97.99346710219318,5770.948603426438,27926.638224118393,0.0,0,0,0,0,0,0,{}
1776145841,normal,sw-wk3,0.1928888888888548,0.3446630859997196,82.33333333333333,68.2,5086.8,6067.6,0.0,0,0,0,0,0,0,{}
1776145851,normal,k3s-wk1,0.327111111111137,0.630099688100756,667.7,352.7,8725.9,1642.5000000000002,0.0,0,33,3,0,28,0,"{""process_exit"": 33, ""process_exec"": 33, ""process_kprobe"": 28}"
1776145851,normal,sw-wk2,0.26138257449507896,0.29124138282554124,113.1924538364109,97.99346710219318,5770.948603426438,27926.638224118393,0.0,0,0,0,0,0,0,{}
1776145851,normal,sw-wk3,0.19288888888885491,0.3446630859997196,82.33333333333333,68.2,5086.8,6067.6,0.0,0,0,0,0,0,0,{}
1776145861,normal,k3s-wk1,0.327111111111137,0.630099688100756,667.7,352.7,8725.9,1642.5,0.0,0,36,3,0,30,0,"{""process_exit"": 36, ""process_exec"": 36, ""process_kprobe"": 30}"
1776145861,normal,sw-wk2,0.1406093739582217,0.29036214432254037,116.0744049603307,100.87339155943731,648.0765384358958,3643.3428895259685,0.0,0,0,0,0,0,0,{}
1776145861,normal,sw-wk3,0.19288888888885491,0.3446630859997196,82.33333333333333,68.2,5086.8,6067.6,0.0,0,1,1,0,0,0,"{""process_exit"": 9, ""process_exec"": 1}"
1776145871,normal,k3s-wk1,0.327111111111137,0.630099688100756,667.7,352.7,8725.9,1642.5,0.0,0,21,2,0,14,0,"{""process_exit"": 21, ""process_exec"": 21, ""process_kprobe"": 14}"
1776145871,normal,sw-wk2,0.1406093739582217,0.29036214432254037,116.0744049603307,100.87339155943731,648.0765384358958,3643.3428895259685,0.0,0,2,2,0,0,0,"{""process_exec"": 2}"
1776145871,normal,sw-wk3,0.18211111111106426,0.3472227531633473,115.46666666666667,106.86666666666666,2385.8333333333335,6550.0,0.0,0,0,0,0,0,0,{}
1776145881,normal,k3s-wk1,0.33988888888885005,0.6181655628466253,669.8333333333334,354.7,34490.03333333334,6180.666666666667,0.0,0,39,3,0,32,0,"{""process_exit"": 39, ""process_exec"": 39, ""process_kprobe"": 32}"
1776145881,normal,sw-wk2,0.1406093739582217,0.29036214432254037,116.0744049603307,100.87339155943731,648.0765384358958,3643.3428895259685,0.0,0,104,5,0,0,0,"{""process_exit"": 106, ""process_exec"": 104}"
1776145881,normal,sw-wk3,0.18211111111106426,0.3472227531633473,115.46666666666667,106.86666666666666,2385.8333333333335,6550.0,0.0,0,0,0,0,0,0,{}
1776145891,normal,k3s-wk1,0.33988888888885005,0.6181655628466253,669.8333333333334,354.7,34490.03333333333,6180.666666666667,0.0,0,30,3,0,26,0,"{""process_exit"": 30, ""process_exec"": 30, ""process_kprobe"": 26}"
1776145891,normal,sw-wk2,0.23247002877679923,0.28750621201116255,116.06279790673642,100.86330455651476,5676.077464084529,28011.666277790737,0.0,0,0,0,0,0,0,{}
1776145891,normal,sw-wk3,0.18211111111106426,0.3472227531633473,115.46666666666667,106.86666666666666,2385.8333333333335,6550.0,0.0,0,1,1,0,0,0,"{""process_exit"": 3, ""process_exec"": 1}"
