timestamp,label,node,avg_cpu,avg_mem,net_bytes_in,net_bytes_out,net_internal_bytes_in,net_internal_bytes_out,net_drop_rate,last_successful_scrape_age_sec,exec_count,unique_process_count,tmp_exec_count,outbound_connect_count,mining_port_count,syscall_feature_vector
1776056792,normal,k3s-wk1,0.3107777777777775,0.557034214094053,0.0,0.0,8714.166666666666,8782.6,0.0,0,0,0,0,0,0,{}
1776056792,normal,sw-wk3,0.1788888888888892,0.32821930027157686,156.13333333333333,80.0,1898.2333333333333,4753.566666666667,0.0,0,0,0,0,0,0,{}
1776056792,normal,sw-wk2,0.2443333333333334,0.2523514092527257,154.0,78.0,4931.5,3810.9333333333334,0.0,0,0,0,0,0,0,{}
1776056802,normal,k3s-wk1,0.3107777777777775,0.557034214094053,0.0,0.0,8714.166666666666,8782.6,0.0,0,54,3,0,48,0,"{""process_exit"": 54, ""process_exec"": 54, ""process_kprobe"": 48}"
1776056802,normal,sw-wk3,0.1914444444444453,0.3263923289504074,156.13333333333333,80.0,3083.1,5145.6,0.0,0,0,0,0,0,0,{}
1776056802,normal,sw-wk2,0.2443333333333334,0.2523514092527257,154.0,78.0,4931.5,3810.9333333333334,0.0,0,0,0,0,0,0,{}
1776056814,normal,k3s-wk1,0.3169999999999997,0.5853467183977659,340.26666666666665,177.73333333333332,8650.033333333333,1892.3333333333333,0.0,0,15,2,0,10,0,"{""process_exit"": 15, ""process_exec"": 15, ""process_kprobe"": 10}"
1776056814,normal,sw-wk3,0.1914444444444453,0.3263923289504074,156.13333333333333,80.0,3083.1,5145.6,0.0,0,0,0,0,0,0,{}
1776056814,normal,sw-wk2,0.2443333333333334,0.2523514092527257,154.0,78.0,4931.5,3810.9333333333334,0.0,0,0,0,0,0,0,{}
1776056822,normal,k3s-wk1,0.3169999999999997,0.5853467183977659,340.26666666666665,177.73333333333332,8650.033333333333,1892.3333333333333,0.0,0,33,3,0,28,0,"{""process_exit"": 33, ""process_exec"": 33, ""process_kprobe"": 28}"
1776056822,normal,sw-wk3,0.1914444444444453,0.3263923289504074,156.13333333333333,80.0,3083.1,5145.6,0.0,0,0,0,0,0,0,{}
1776056822,normal,sw-wk2,0.17388888888888865,0.25391078582066373,104.8,54.0,807.9,3697.9333333333334,0.0,0,0,0,0,0,0,{}
1776056832,normal,k3s-wk1,0.3169999999999997,0.5853467183977659,340.26666666666665,177.73333333333332,8650.033333333333,1892.3333333333333,0.0,0,36,3,0,30,0,"{""process_exit"": 36, ""process_exec"": 36, ""process_kprobe"": 30}"
1776056832,normal,sw-wk3,0.16577777777777725,0.3242834274427976,104.8,54.0,2340.1666666666665,5059.833333333333,0.0,0,1,1,0,0,0,"{""process_exit"": 5, ""process_exec"": 1}"
1776056832,normal,sw-wk2,0.17388888888888865,0.25391078582066373,104.8,54.0,807.9,3697.9333333333334,0.0,0,2,2,0,0,0,"{""process_exec"": 2}"
1776056842,normal,k3s-wk1,0.2896666666666672,0.5872420453275506,506.26666666666665,256.2333333333334,10048.266666666666,5110.666666666667,0.0,0,36,3,0,30,0,"{""process_exit"": 36, ""process_exec"": 36, ""process_kprobe"": 30}"
1776056842,normal,sw-wk3,0.16577777777777725,0.3242834274427976,104.8,54.0,2340.1666666666665,5059.833333333333,0.0,0,0,0,0,0,0,{}
1776056842,normal,sw-wk2,0.17388888888888865,0.25391078582066373,104.8,54.0,807.9,3697.9333333333334,0.0,0,104,5,0,0,0,"{""process_exit"": 106, ""process_exec"": 104}"
1776056852,normal,k3s-wk1,0.2896666666666672,0.5872420453275506,506.26666666666665,256.23333333333335,10048.266666666666,5110.666666666667,0.0,0,33,3,0,28,0,"{""process_exit"": 33, ""process_exec"": 33, ""process_kprobe"": 28}"
1776056852,normal,sw-wk3,0.16577777777777725,0.3242834274427976,104.8,54.0,2340.1666666666665,5059.833333333333,0.0,0,1,1,0,0,0,"{""process_exit"": 7, ""process_exec"": 1}"
1776056852,normal,sw-wk2,0.19755555555555526,0.25764596258451933,154.0,78.0,3771.1,27664.333333333332,0.0,0,0,0,0,0,0,{}
1776056862,normal,k3s-wk1,0.2896666666666672,0.5872420453275506,506.26666666666665,256.23333333333335,10048.266666666666,5110.666666666667,0.0,0,36,3,0,30,0,"{""process_exit"": 36, ""process_exec"": 36, ""process_kprobe"": 30}"
1776056862,normal,sw-wk3,0.16511111111111065,0.3284088465551157,156.13333333333333,80.0,3010.0,6867.7,0.0,0,0,0,0,0,0,{}
1776056862,normal,sw-wk2,0.19755555555555526,0.25764596258451933,154.0,78.0,3771.1,27664.333333333332,0.0,0,0,0,0,0,0,{}
1776056872,normal,k3s-wk1,0.24577777777777787,0.5943797178570501,325.4000000000001,165.8,33176.76666666666,6723.333333333333,0.0,0,36,3,0,30,0,"{""process_exit"": 36, ""process_exec"": 36, ""process_kprobe"": 30}"
1776056872,normal,sw-wk3,0.16511111111111065,0.3284088465551157,156.13333333333333,80.0,3010.0,6867.7,0.0,0,0,0,0,0,0,{}
1776056872,normal,sw-wk2,0.19755555555555526,0.25764596258451933,154.0,78.0,3771.1,27664.333333333332,0.0,0,0,0,0,0,0,{}
1776056882,normal,k3s-wk1,0.24577777777777787,0.5943797178570501,325.4,165.8,33176.76666666666,6723.333333333333,0.0,0,33,3,0,28,0,"{""process_exit"": 33, ""process_exec"": 33, ""process_kprobe"": 28}"
1776056882,normal,sw-wk3,0.16511111111111065,0.3284088465551157,156.13333333333333,80.0,3010.0,6867.7,0.0,0,0,0,0,0,0,{}
1776056882,normal,sw-wk2,0.13064249130642513,0.2503890477290285,156.1177215611772,79.99200079992,2637.2362763723627,3578.708795787088,0.0,0,0,0,0,0,0,{}
1776056892,normal,k3s-wk1,0.24577777777777787,0.5943797178570501,325.4,165.8,33176.76666666666,6723.333333333333,0.0,0,15,2,0,10,0,"{""process_exit"": 15, ""process_exec"": 15, ""process_kprobe"": 10}"
1776056892,normal,sw-wk3,0.155919890699456,0.3263015378734181,156.086507381119,79.97600719784064,2098.903662234663,4925.222433270019,0.0,0,1,1,0,0,0,"{""process_exit"": 3, ""process_exec"": 1}"
1776056892,normal,sw-wk2,0.1306424913064249,0.2503890477290285,156.1177215611772,79.99200079992,2637.2362763723627,3578.708795787088,0.0,0,2,2,0,0,0,"{""process_exec"": 2}"
1776056902,normal,k3s-wk1,0.2474444444444449,0.593355857508441,327.5333333333333,167.8,9466.5,4497.8,0.0,0,39,3,0,32,0,"{""process_exit"": 39, ""process_exec"": 39, ""process_kprobe"": 32}"
1776056902,normal,sw-wk3,0.155919890699456,0.3263015378734181,156.086507381119,79.97600719784064,2098.903662234663,4925.222433270019,0.0,0,0,0,0,0,0,{}
1776056902,normal,sw-wk2,0.1306424913064249,0.2503890477290285,156.1177215611772,79.99200079992,2637.2362763723627,3578.708795787088,0.0,0,104,5,0,0,0,"{""process_exit"": 106, ""process_exec"": 104}"
1776056912,normal,k3s-wk1,0.2474444444444449,0.593355857508441,327.5333333333333,167.8,9466.5,4497.8,0.0,0,54,3,0,48,0,"{""process_exit"": 54, ""process_exec"": 54, ""process_kprobe"": 48}"
1776056912,normal,sw-wk3,0.155919890699456,0.3263015378734181,156.086507381119,79.97600719784064,2098.903662234663,4925.222433270019,0.0,0,0,0,0,0,0,{}
1776056912,normal,sw-wk2,0.22455555555555595,0.25451605966725865,160.6,86.0,7117.766666666666,27913.7,0.0,0,0,0,0,0,0,{}
1776056922,normal,k3s-wk1,0.2474444444444449,0.593355857508441,327.5333333333333,167.8,9466.5,4497.8,0.0,0,54,3,0,48,0,"{""process_exit"": 55, ""process_exec"": 54, ""process_kprobe"": 48}"
1776056922,normal,sw-wk3,0.16527749994443441,0.33112620756114464,154.03080616123225,78.01560312062412,5044.908981796359,6946.822697872907,0.0,0,1,1,0,0,0,"{""process_exit"": 9, ""process_exec"": 1}"
1776056922,normal,sw-wk2,0.22455555555555595,0.25451605966725865,160.6,86.0,7117.766666666666,27913.7,0.0,0,0,0,0,0,0,{}
1776056932,normal,k3s-wk1,0.2515555555555542,0.5957140099541351,331.5333333333333,172.4,33867.5,11335.3,0.0,0,18,2,0,12,0,"{""process_exec"": 18, ""process_kprobe"": 12, ""process_exit"": 17}"
1776056932,normal,sw-wk3,0.16527749994443441,0.33112620756114464,154.03080616123225,78.01560312062412,5044.908981796359,6946.822697872907,0.0,0,0,0,0,0,0,{}
1776056932,normal,sw-wk2,0.22455555555555595,0.25451605966725865,160.6,86.0,7117.766666666666,27913.7,0.0,0,0,0,0,0,0,{}
1776056943,normal,k3s-wk1,0.2515555555555542,0.5957140099541351,331.5333333333333,172.4,33867.5,11335.3,0.0,0,60,3,0,52,0,"{""process_exit"": 60, ""process_exec"": 60, ""process_kprobe"": 52}"
1776056943,normal,sw-wk3,0.16527749994443441,0.33112620756114464,154.03080616123225,78.01560312062412,5044.908981796359,6946.822697872907,0.0,0,0,0,0,0,0,"{""process_exit"": 7}"
1776056943,normal,sw-wk2,0.11491149114911403,0.26029323925041614,104.8104810481048,54.005400540054005,974.9641630829749,3541.8208487515417,0.0,0,0,0,0,0,0,{}
1776056952,normal,k3s-wk1,0.2515555555555542,0.5957140099541351,331.5333333333333,172.4,33867.5,11335.3,0.0,0,12,2,0,8,0,"{""process_exit"": 12, ""process_exec"": 12, ""process_kprobe"": 8}"
1776056952,normal,sw-wk3,0.15911211838421602,0.32959231620780005,160.57858952139716,85.9885348620184,2866.9844020797227,7854.086121850421,0.0,0,1,1,0,0,0,"{""process_exit"": 14, ""process_exec"": 1}"
1776056952,normal,sw-wk2,0.11491149114911403,0.26029323925041614,104.8104810481048,54.005400540054005,974.9641630829749,3541.8208487515417,0.0,0,106,7,0,0,0,"{""process_exec"": 106, ""process_exit"": 106}"
1776056962,normal,k3s-wk1,0.27088888888888996,0.5980089472074124,325.5333333333333,165.8,35520.566666666666,9383.5,0.0,0,57,3,0,50,0,"{""process_exit"": 57, ""process_exec"": 57, ""process_kprobe"": 50}"
1776056962,normal,sw-wk3,0.15911211838421602,0.32959231620780005,160.57858952139716,85.9885348620184,2866.9844020797227,7854.086121850421,0.0,0,0,0,0,0,0,{}
1776056962,normal,sw-wk2,0.11491149114911403,0.26029323925041614,104.8104810481048,54.005400540054005,974.9641630829749,3541.8208487515417,0.0,0,0,0,0,0,0,{}
1776056972,normal,k3s-wk1,0.2708888888888902,0.5980089472074124,325.5333333333333,165.8,35520.566666666666,9383.5,0.0,0,54,3,0,48,0,"{""process_exit"": 54, ""process_exec"": 54, ""process_kprobe"": 48}"
1776056972,normal,sw-wk3,0.15911211838421602,0.32959231620780005,160.57858952139716,85.9885348620184,2866.9844020797227,7854.086121850421,0.0,0,0,0,0,0,0,{}
1776056972,normal,sw-wk2,0.213353330000556,0.26497455460605435,153.97433761039827,77.9870021663056,5433.394434260957,27696.483919346774,0.0,0,0,0,0,0,0,{}
1776056982,normal,k3s-wk1,0.2708888888888902,0.5980089472074124,325.5333333333333,165.8,35520.566666666666,9383.5,0.0,0,78,3,0,70,0,"{""process_exit"": 78, ""process_exec"": 78, ""process_kprobe"": 70}"
1776056982,normal,sw-wk3,0.18122416322176227,0.33430867373350426,156.15415388718495,80.01066808907854,4619.049206560874,5173.123083077743,0.0,0,1,1,0,0,0,"{""process_exit"": 5, ""process_exec"": 1}"
1776056982,normal,sw-wk2,0.213353330000556,0.26497455460605435,153.97433761039827,77.98700216630561,5433.394434260957,27696.483919346774,0.0,0,18,9,4,0,0,"{""process_exec"": 18, ""process_exit"": 16}"
1776056993,normal,k3s-wk1,0.26144444444444415,0.6037637874027926,323.4,163.8,13473.433333333332,5212.0,0.0,0,60,3,0,52,0,"{""process_exit"": 60, ""process_exec"": 60, ""process_kprobe"": 52}"
1776056993,normal,sw-wk3,0.18122416322176227,0.33430867373350426,156.15415388718495,80.01066808907854,4619.049206560874,5173.123083077743,0.0,0,0,0,0,0,0,{}
1776056993,normal,sw-wk2,0.213353330000556,0.26497455460605435,153.97433761039827,77.98700216630561,5433.394434260957,27696.483919346774,0.0,0,15,9,3,2,0,"{""process_exit"": 17, ""process_exec"": 15, ""process_kprobe"": 2}"
1776057002,normal,k3s-wk1,0.26144444444444415,0.6037637874027926,323.4,163.8,13473.433333333332,5212.0,0.0,0,33,3,0,28,0,"{""process_exit"": 33, ""process_exec"": 33, ""process_kprobe"": 28}"
1776057002,normal,sw-wk3,0.18122416322176227,0.33430867373350426,156.15415388718495,80.01066808907854,4619.049206560874,5173.123083077743,0.0,0,0,0,0,0,0,{}
1776057002,normal,sw-wk2,0.175862643773964,0.2597277860516235,348.1580263377229,181.63027171195196,2310.451741956993,9931.155192532087,0.0,0,6,6,1,2,0,"{""process_exit"": 8, ""process_exec"": 6, ""process_kprobe"": 2}"
1776057012,normal,k3s-wk1,0.26144444444444415,0.6037637874027926,323.4,163.8,13473.433333333332,5212.0,0.0,0,33,3,0,28,0,"{""process_exit"": 33, ""process_exec"": 33, ""process_kprobe"": 28}"
1776057012,normal,sw-wk3,0.1445811247791432,0.3283069056967419,104.8104810481048,54.005400540054005,2248.424842484248,5740.57405740574,0.0,0,0,0,0,0,0,{}
1776057012,normal,sw-wk2,0.175862643773964,0.2597277860516235,348.1580263377229,181.63027171195196,2310.4517419569925,9931.155192532087,0.0,0,106,7,0,2,0,"{""process_kprobe"": 2, ""process_exec"": 106, ""process_exit"": 106}"
1776057022,normal,k3s-wk1,0.2802222222222226,0.6143195956936908,325.5333333333333,165.80000000000004,36991.03333333333,9469.066666666666,0.0,0,36,3,0,30,0,"{""process_exit"": 36, ""process_exec"": 36, ""process_kprobe"": 30}"
1776057022,normal,sw-wk3,0.1445811247791432,0.3283069056967419,104.8104810481048,54.005400540054005,2248.424842484248,5740.57405740574,0.0,0,1,1,0,0,0,"{""process_exit"": 5, ""process_exec"": 1}"
1776057022,normal,sw-wk2,0.175862643773964,0.2597277860516235,348.1580263377229,181.63027171195196,2310.4517419569925,9931.155192532087,0.0,0,0,0,0,2,0,"{""process_kprobe"": 2}"
1776057032,normal,k3s-wk1,0.2802222222222226,0.6143195956936908,325.5333333333333,165.8,36991.03333333333,9469.066666666666,0.0,0,78,3,0,70,0,"{""process_exit"": 78, ""process_exec"": 78, ""process_kprobe"": 70}"
1776057032,normal,sw-wk3,0.1445811247791432,0.3283069056967419,104.8104810481048,54.005400540054005,2248.424842484248,5740.57405740574,0.0,0,0,0,0,0,0,{}
1776057032,normal,sw-wk2,0.22322222222222132,0.26140025325932004,160.0,107.6,5355.2,29715.0,0.0,0,0,0,0,1,0,"{""process_kprobe"": 1}"
1776057043,normal,k3s-wk1,0.2802222222222226,0.6143195956936908,325.5333333333333,165.8,36991.03333333333,9469.066666666666,0.0,0,12,2,0,8,0,"{""process_exit"": 12, ""process_exec"": 12, ""process_kprobe"": 8}"
1776057043,normal,sw-wk3,0.16488888888889053,0.3307088871721765,154.0,78.0,2889.366666666667,5767.1,0.0,0,0,0,0,0,0,{}
1776057043,normal,sw-wk2,0.22322222222222132,0.26140025325932004,160.0,107.6,5355.2,29715.0,0.0,0,0,0,0,1,0,"{""process_kprobe"": 1}"
1776057052,normal,k3s-wk1,0.26455555555555366,0.6060496939142961,325.5333333333333,165.8,9803.133333333333,1668.3000000000004,0.0,0,60,3,0,52,0,"{""process_exit"": 60, ""process_exec"": 60, ""process_kprobe"": 52}"
1776057052,normal,sw-wk3,0.16488888888889053,0.3307088871721765,154.0,78.0,2889.366666666667,5767.1,0.0,0,1,1,0,0,0,"{""process_exit"": 11, ""process_exec"": 1}"
1776057052,normal,sw-wk2,0.22322222222222132,0.26140025325932004,160.0,107.6,5355.2,29715.0,0.0,0,0,0,0,1,0,"{""process_kprobe"": 1}"
1776057063,normal,k3s-wk1,0.26455555555555366,0.6060496939142961,325.5333333333333,165.8,9803.133333333333,1668.3,0.0,0,15,2,0,10,0,"{""process_exit"": 16, ""process_exec"": 15, ""process_kprobe"": 10}"
1776057063,normal,sw-wk3,0.16488888888889053,0.3307088871721765,154.0,78.0,2889.366666666667,5767.1,0.0,0,0,0,0,0,0,{}
1776057063,normal,sw-wk2,0.12011111111111061,0.2595318684644362,164.13333333333333,94.8,651.7,4096.566666666667,0.0,0,0,0,0,1,0,"{""process_kprobe"": 1}"
1776057072,normal,k3s-wk1,0.26455555555555366,0.6060496939142961,325.5333333333333,165.8,9803.133333333333,1668.3,0.0,0,18,2,0,12,0,"{""process_exit"": 18, ""process_exec"": 18, ""process_kprobe"": 12}"
1776057072,normal,sw-wk3,0.16055555555555612,0.32831009134856604,156.13333333333333,80.00000000000001,2211.0666666666666,6589.3,0.0,0,0,0,0,0,0,{}
1776057072,normal,sw-wk2,0.12011111111111061,0.2595318684644362,164.13333333333333,94.8,651.7,4096.566666666667,0.0,0,106,7,0,1,0,"{""process_exec"": 106, ""process_exit"": 106, ""process_kprobe"": 1}"
1776057082,normal,k3s-wk1,0.2781111111111121,0.6096811809501017,325.5333333333333,165.8,35084.566666666666,11423.733333333334,0.0,0,36,3,0,30,0,"{""process_exit"": 36, ""process_exec"": 36, ""process_kprobe"": 30}"
1776057082,normal,sw-wk3,0.16055555555555612,0.32831009134856604,156.13333333333333,80.0,2211.0666666666666,6589.3,0.0,0,1,1,0,0,0,"{""process_exit"": 3, ""process_exec"": 1}"
1776057082,normal,sw-wk2,0.12011111111111061,0.2595318684644362,164.13333333333333,94.8,651.7,4096.566666666667,0.0,0,0,0,0,0,0,{}
1776057093,normal,k3s-wk1,0.2781111111111121,0.6096811809501017,325.5333333333333,165.8,35084.566666666666,11423.733333333334,0.0,0,36,3,0,30,0,"{""process_exit"": 36, ""process_exec"": 36, ""process_kprobe"": 30}"
1776057093,normal,sw-wk3,0.16055555555555612,0.32831009134856604,156.13333333333333,80.0,2211.0666666666666,6589.3,0.0,0,0,0,0,0,0,{}
1776057093,normal,sw-wk2,0.22566666666666613,0.2602789038172073,162.13333333333333,94.8,6756.233333333334,28473.2,0.0,0,0,0,0,1,0,"{""process_kprobe"": 1}"
1776057103,normal,k3s-wk1,0.2781111111111121,0.6096811809501017,325.5333333333333,165.8,35084.566666666666,11423.733333333334,0.0,0,36,3,0,30,0,"{""process_exit"": 36, ""process_exec"": 36, ""process_kprobe"": 30}"
1776057103,normal,sw-wk3,0.1702222222222215,0.3271775921250687,156.13333333333333,80.0,3774.2,5662.533333333333,0.0,0,0,0,0,0,0,{}
1776057103,normal,sw-wk2,0.22566666666666613,0.2602789038172073,162.13333333333333,94.8,6756.233333333334,28473.2,0.0,0,0,0,0,1,0,"{""process_kprobe"": 1}"
1776057113,normal,k3s-wk1,0.2581236460589905,0.6124174957075755,327.81203132811197,169.77170471588067,10031.094817530411,4646.525579070155,0.0,0,39,3,0,32,0,"{""process_exit"": 39, ""process_exec"": 39, ""process_kprobe"": 32}"
1776057113,normal,sw-wk3,0.1702222222222215,0.3271775921250687,156.13333333333333,80.0,3774.2,5662.533333333333,0.0,0,0,0,0,0,0,{}
1776057113,normal,sw-wk2,0.22566666666666613,0.2602789038172073,162.13333333333333,94.8,6756.233333333334,28473.2,0.0,0,0,0,0,0,0,"{""process_exit"": 2}"
1776057123,normal,k3s-wk1,0.2581236460589905,0.6124174957075755,327.81203132811197,169.77170471588067,10031.094817530411,4646.525579070155,0.0,0,36,3,0,30,0,"{""process_exit"": 36, ""process_exec"": 36, ""process_kprobe"": 30}"
1776057123,normal,sw-wk3,0.1702222222222215,0.3271775921250687,156.13333333333333,80.0,3774.2,5662.533333333333,0.0,0,1,1,0,0,0,"{""process_exit"": 17, ""process_exec"": 1}"
1776057123,normal,sw-wk2,0.14208906810633193,0.2603330598982184,106.64178358383043,56.92005198786949,2580.2646049255172,4242.510080981104,0.0,0,0,0,0,0,0,{}
1776057133,normal,k3s-wk1,0.2581236460589905,0.6124174957075755,327.81203132811197,169.77170471588067,10031.094817530411,4646.525579070155,0.0,0,18,2,0,12,0,"{""process_exit"": 18, ""process_exec"": 18, ""process_kprobe"": 12}"
1776057133,normal,sw-wk3,0.17877777777777826,0.3275917268622126,154.0,78.0,3194.4333333333334,7546.333333333333,0.0,0,0,0,0,0,0,{}
1776057133,normal,sw-wk2,0.14208906810633193,0.2603330598982184,106.64178358383043,56.92005198786949,2580.2646049255177,4242.510080981104,0.0,0,106,7,0,0,0,"{""process_exec"": 106, ""process_exit"": 106}"
1776057143,normal,k3s-wk1,0.2736567205645397,0.6111396457465771,328.588098016336,168.82813802300382,35442.50708451408,9851.80863477246,0.0,0,30,3,0,26,0,"{""process_exit"": 30, ""process_exec"": 30, ""process_kprobe"": 26}"
1776057143,normal,sw-wk3,0.17877777777777826,0.3275917268622126,154.0,78.0,3194.4333333333334,7546.333333333333,0.0,0,0,0,0,0,0,{}
1776057143,normal,sw-wk2,0.14208906810633193,0.2603330598982184,106.64178358383043,56.92005198786949,2580.2646049255172,4242.510080981104,0.0,0,0,0,0,0,0,{}
1776057153,normal,k3s-wk1,0.2736567205645397,0.6111396457465771,328.588098016336,168.82813802300382,35442.50708451408,9851.80863477246,0.0,0,39,3,0,32,0,"{""process_exit"": 39, ""process_exec"": 39, ""process_kprobe"": 32}"
1776057153,normal,sw-wk3,0.17877777777777826,0.3275917268622126,154.0,78.0,3194.4333333333334,7546.333333333333,0.0,0,1,1,0,0,0,"{""process_exit"": 3, ""process_exec"": 1}"
1776057153,normal,sw-wk2,0.2261527689794286,0.260619768562395,161.1709398859734,83.01937118661021,5479.7452738972415,27780.68215917047,0.0,0,0,0,0,0,0,{}
1776057162,normal,k3s-wk1,0.2736567205645397,0.6111396457465771,328.588098016336,168.82813802300382,35442.50708451408,9851.80863477246,0.0,0,57,3,0,50,0,"{""process_exit"": 57, ""process_exec"": 57, ""process_kprobe"": 50}"
1776057162,normal,sw-wk3,0.15600142203261758,0.32912243256373297,107.78562858285562,56.99240101319824,3027.4630049326756,5559.225436608453,0.0,0,0,0,0,0,0,{}
1776057162,normal,sw-wk2,0.2261527689794286,0.260619768562395,161.1709398859734,83.01937118661021,5479.745273897242,27780.682159170472,0.0,0,0,0,0,0,0,{}
1776057172,normal,k3s-wk1,0.24466666666666648,0.6127008352307298,325.5333333333333,165.80000000000004,9001.266666666666,1718.2666666666667,0.0,0,54,3,0,48,0,"{""process_exit"": 54, ""process_exec"": 54, ""process_kprobe"": 48}"
1776057172,normal,sw-wk3,0.15600142203261758,0.32912243256373297,107.78562858285562,56.99240101319824,3027.4630049326756,5559.225436608453,0.0,0,0,0,0,0,0,{}
1776057172,normal,sw-wk2,0.2261527689794286,0.260619768562395,161.1709398859734,83.01937118661021,5479.745273897242,27780.682159170472,0.0,0,0,0,0,0,0,{}
1776057183,normal,k3s-wk1,0.24466666666666648,0.6127008352307298,325.5333333333333,165.8,9001.266666666666,1718.2666666666667,0.0,0,15,2,0,10,0,"{""process_exit"": 15, ""process_exec"": 15, ""process_kprobe"": 10}"
1776057183,normal,sw-wk3,0.15600142203261758,0.32912243256373297,107.78562858285562,56.99240101319824,3027.4630049326756,5559.225436608453,0.0,0,1,1,0,0,0,"{""process_exit"": 9, ""process_exec"": 1}"
1776057183,normal,sw-wk2,0.11544444444444302,0.25322268502664,160.6,86.0,623.5333333333333,3594.6,0.0,0,0,0,0,0,0,{}
1776057193,normal,k3s-wk1,0.24466666666666648,0.6127008352307298,325.5333333333333,165.8,9001.266666666666,1718.2666666666667,0.0,0,33,3,0,28,0,"{""process_exit"": 33, ""process_exec"": 33, ""process_kprobe"": 28}"
1776057193,normal,sw-wk3,0.15552740646910435,0.3255943231684493,156.13853795126505,80.00266675555852,2334.544484816161,6248.708290276343,0.0,0,0,0,0,0,0,{}
1776057193,normal,sw-wk2,0.11544444444444302,0.25322268502664,160.6,86.0,623.5333333333333,3594.6,0.0,0,106,7,0,0,0,"{""process_exec"": 106, ""process_exit"": 106}"
1776057203,normal,k3s-wk1,0.27111111111110964,0.6095141122272857,325.5333333333333,165.8,33610.2,11690.033333333333,0.0,0,31,3,0,26,0,"{""process_exit"": 31, ""process_exec"": 31, ""process_kprobe"": 26}"
1776057203,normal,sw-wk3,0.15552740646910435,0.3255943231684493,156.13853795126505,80.00266675555852,2334.544484816161,6248.708290276343,0.0,0,0,0,0,0,0,{}
1776057203,normal,sw-wk2,0.11544444444444302,0.25322268502664,160.6,86.0,623.5333333333333,3594.6,0.0,0,0,0,0,0,0,{}
1776057213,normal,k3s-wk1,0.27111111111110964,0.6095141122272857,325.5333333333333,165.8,33610.2,11690.033333333333,0.0,0,17,2,0,12,0,"{""process_exit"": 17, ""process_exec"": 17, ""process_kprobe"": 12}"
1776057213,normal,sw-wk3,0.15552740646910435,0.3255943231684493,156.13853795126505,80.00266675555852,2334.544484816161,6248.708290276343,0.0,0,1,1,0,0,0,"{""process_exec"": 1}"
1776057213,normal,sw-wk2,0.22033333333333383,0.2594108136951172,156.13333333333333,80.0,5725.966666666666,27135.366666666665,0.0,0,0,0,0,0,0,{}
1776057223,normal,k3s-wk1,0.27111111111110964,0.6095141122272857,325.5333333333333,165.8,33610.2,11690.033333333333,0.0,0,81,3,0,72,0,"{""process_exit"": 81, ""process_exec"": 81, ""process_kprobe"": 72}"
1776057223,normal,sw-wk3,0.43805491660277085,0.31863048828078333,156.14894822815614,80.00800080008,8169.116911691169,5800.4800480048,0.0,0,1,1,0,0,0,"{""process_exit"": 3, ""process_exec"": 1}"
1776057223,normal,sw-wk2,0.22033333333333383,0.2594108136951172,156.13333333333333,80.0,5725.966666666666,27135.366666666665,0.0,0,0,0,0,0,0,{}
1776057233,normal,k3s-wk1,0.24833333333333352,0.6116769748821206,323.4,163.8,9958.2,7902.733333333334,0.0,0,33,3,0,28,0,"{""process_exit"": 33, ""process_exec"": 33, ""process_kprobe"": 28}"
1776057233,normal,sw-wk3,0.43805491660277085,0.31863048828078333,156.14894822815614,80.00800080008,8169.116911691169,5800.4800480048,0.0,0,0,0,0,0,0,{}
1776057233,normal,sw-wk2,0.22033333333333383,0.2594108136951172,156.13333333333333,80.0,5725.966666666666,27135.366666666665,0.0,0,0,0,0,0,0,{}
1776057243,normal,k3s-wk1,0.24833333333333352,0.6116769748821206,323.4,163.8,9958.2,7902.733333333334,0.0,0,15,2,0,10,0,"{""process_exit"": 15, ""process_exec"": 15, ""process_kprobe"": 10}"
1776057243,normal,sw-wk3,0.43805491660277085,0.31863048828078333,156.14894822815614,80.00800080008,8169.116911691169,5800.4800480048,0.0,0,1,1,0,0,0,"{""process_exit"": 23, ""process_exec"": 1}"
1776057243,normal,sw-wk2,0.12278362884948757,0.25755835715935427,153.97946940407945,77.98960138648181,2790.561258498867,3782.6623116917744,0.0,0,0,0,0,0,0,{}
1776057258,transition,k3s-wk1,0.24833333333333352,0.0,243.4,126.8,36328.166666666664,9729.866666666667,0.0,15,39,3,0,32,0,"{""process_exit"": 39, ""process_exec"": 39, ""process_kprobe"": 32}"
1776057258,transition,sw-wk3,0.16430579164305759,0.0,153.984601539846,77.99220077992202,2999.766689997667,8996.733659967336,0.0,15,0,0,0,0,0,{}
1776057258,transition,sw-wk2,0.12278362884948757,0.0,153.97946940407945,77.98960138648181,2790.561258498867,3782.6623116917744,0.0,15,106,7,0,0,0,"{""process_exec"": 106, ""process_exit"": 106}"
1776057263,normal,k3s-wk1,0.2643333333333342,0.6144821490456199,243.4,126.8,36328.166666666664,9729.866666666667,0.0,0,54,3,0,48,0,"{""process_exit"": 54, ""process_exec"": 54, ""process_kprobe"": 48}"
1776057263,normal,sw-wk3,0.16430579164305759,0.33088728367433085,153.984601539846,77.99220077992202,2999.766689997667,8996.733659967336,0.0,0,0,0,0,0,0,{}
1776057263,normal,sw-wk2,0.12278362884948757,0.25755835715935427,153.97946940407945,77.98960138648181,2790.561258498867,3782.6623116917744,0.0,0,0,0,0,0,0,{}
1776057273,normal,k3s-wk1,0.2643333333333342,0.6144821490456199,243.4,126.8,36328.166666666664,9729.866666666667,0.0,0,9,2,0,6,0,"{""process_exit"": 9, ""process_exec"": 9, ""process_kprobe"": 6}"
1776057273,normal,sw-wk3,0.16430579164305759,0.33088728367433085,153.984601539846,77.99220077992202,2999.766689997667,8996.733659967336,0.0,0,1,1,0,0,0,"{""process_exit"": 5, ""process_exec"": 1}"
1776057273,normal,sw-wk2,0.21022803040405336,0.25603402276148224,156.15415388718495,80.01066808907854,5491.398853180423,27707.92772369649,0.0,0,0,0,0,0,0,{}
1776057283,normal,k3s-wk1,0.2643333333333342,0.6144821490456199,243.4,126.8,36328.166666666664,9729.866666666667,0.0,0,36,3,0,30,0,"{""process_exit"": 36, ""process_exec"": 36, ""process_kprobe"": 30}"
1776057283,normal,sw-wk3,0.16980586947583742,0.34810732460995675,156.14894822815614,80.00800080008,2905.6572323899063,6097.343067640097,0.0,0,0,0,0,0,0,{}
1776057283,normal,sw-wk2,0.21022803040405336,0.25603402276148224,156.15415388718495,80.01066808907854,5491.398853180423,27707.92772369649,0.0,0,0,0,0,0,0,{}
1776057293,normal,k3s-wk1,0.26822222222222214,0.6163944086162307,831.4666666666668,438.8,9515.533333333333,1628.1,0.0,0,15,2,0,10,0,"{""process_exit"": 15, ""process_exec"": 15, ""process_kprobe"": 10}"
1776057293,normal,sw-wk3,0.16980586947583742,0.34810732460995675,156.14894822815614,80.00800080008,2905.6572323899054,6097.343067640097,0.0,0,0,0,0,0,0,{}
1776057293,normal,sw-wk2,0.21022803040405336,0.25603402276148224,156.15415388718495,80.01066808907854,5491.398853180423,27707.92772369649,0.0,0,0,0,0,0,0,{}
1776057303,normal,k3s-wk1,0.26822222222222214,0.6163944086162307,831.4666666666667,438.8,9515.533333333333,1628.1,0.0,0,12,2,0,8,0,"{""process_exit"": 12, ""process_exec"": 12, ""process_kprobe"": 8}"
1776057303,normal,sw-wk3,0.16980586947583742,0.34810732460995675,156.14894822815614,80.00800080008,2905.6572323899054,6097.343067640097,0.0,0,1,1,0,0,0,"{""process_exit"": 4, ""process_exec"": 1}"
1776057303,normal,sw-wk2,0.11386639113866392,0.2586876707310275,104.7895210478952,53.994600539946006,549.3450654934506,3511.348865113489,0.0,0,0,0,0,0,0,{}
1776057313,normal,k3s-wk1,0.26822222222222214,0.6163944086162307,831.4666666666667,438.8,9515.533333333333,1628.1,0.0,0,30,3,0,26,0,"{""process_exit"": 30, ""process_exec"": 30, ""process_kprobe"": 26}"
1776057313,normal,sw-wk3,0.19866666666666644,0.3139316518401122,156.13333333333333,80.0,6429.166666666667,6133.1,0.0,0,0,0,0,0,0,{}
1776057313,normal,sw-wk2,0.11386639113866392,0.2586876707310275,104.7895210478952,53.994600539946006,549.3450654934506,3511.348865113489,0.0,0,2,2,0,0,0,"{""process_exec"": 2}"
1776057323,normal,k3s-wk1,0.26277777777777755,0.6178065908611151,667.8333333333334,352.7,10174.533333333333,9589.233333333334,0.0,0,15,2,0,10,0,"{""process_exit"": 15, ""process_exec"": 15, ""process_kprobe"": 10}"
1776057323,normal,sw-wk3,0.19866666666666655,0.3139316518401122,156.13333333333333,80.0,6429.166666666667,6133.1,0.0,0,0,0,0,0,0,{}
1776057323,normal,sw-wk2,0.11386639113866392,0.2586876707310275,104.7895210478952,53.994600539946006,549.3450654934506,3511.348865113489,0.0,0,104,5,0,0,0,"{""process_exit"": 106, ""process_exec"": 104}"
1776057333,normal,k3s-wk1,0.26277777777777755,0.6178065908611151,667.8333333333334,352.7,10174.533333333333,9589.233333333334,0.0,0,33,3,0,28,0,"{""process_exit"": 33, ""process_exec"": 33, ""process_kprobe"": 28}"
1776057333,normal,sw-wk3,0.19866666666666655,0.3139316518401122,156.13333333333333,80.0,6429.166666666667,6133.1,0.0,0,1,1,0,0,0,"{""process_exit"": 9, ""process_exec"": 1}"
1776057333,normal,sw-wk2,0.21624834727731235,0.2613540613078693,153.99486683777204,77.99740008666376,6227.392420252659,27833.438885370484,0.0,0,0,0,0,0,0,{}
1776057343,normal,k3s-wk1,0.26277777777777755,0.6178065908611151,667.8333333333334,352.7,10174.533333333333,9589.233333333334,0.0,0,33,3,0,28,0,"{""process_exit"": 33, ""process_exec"": 33, ""process_kprobe"": 28}"
1776057343,normal,sw-wk3,0.1677777777777768,0.3124646591750755,104.8,54.0,2942.6,6312.1,0.0,0,0,0,0,0,0,{}
1776057343,normal,sw-wk2,0.21624834727731235,0.2613540613078693,153.99486683777204,77.99740008666376,6227.392420252657,27833.438885370484,0.0,0,0,0,0,0,0,{}
1776057353,normal,k3s-wk1,0.25771615225651556,0.6215024219320595,667.7888140790614,352.6764882341177,33631.524565028994,6773.215118992067,0.0,0,54,3,0,48,0,"{""process_exit"": 54, ""process_exec"": 54, ""process_kprobe"": 48}"
1776057353,normal,sw-wk3,0.1677777777777768,0.3124646591750755,104.8,54.0,2942.6,6312.1,0.0,0,1,1,0,0,0,"{""process_exit"": 15, ""process_exec"": 1}"
1776057353,normal,sw-wk2,0.21624834727731235,0.2613540613078693,153.99486683777204,77.99740008666376,6227.392420252657,27833.438885370484,0.0,0,0,0,0,0,0,{}
1776057363,normal,k3s-wk1,0.25771615225651556,0.6215024219320595,667.7888140790614,352.6764882341177,33631.524565028994,6773.215118992067,0.0,0,12,2,0,8,0,"{""process_exit"": 13, ""process_exec"": 12, ""process_kprobe"": 8}"
1776057363,normal,sw-wk3,0.1677777777777768,0.3124646591750755,104.8,54.0,2942.6,6312.1,0.0,0,0,0,0,0,0,{}
1776057363,normal,sw-wk2,0.11343734720185072,0.2543886335942913,156.15415388718495,80.01066808907854,638.9185224696625,3555.7741032137615,0.0,0,0,0,0,0,0,{}
1776057373,normal,k3s-wk1,0.25771615225651556,0.6215024219320595,667.7888140790614,352.6764882341177,33631.524565028994,6773.215118992067,0.0,0,57,3,0,50,0,"{""process_exit"": 57, ""process_exec"": 57, ""process_kprobe"": 50}"
1776057373,normal,sw-wk3,0.1586666666666664,0.310325493975136,158.46666666666667,84.0,2232.0333333333333,7119.3,0.0,0,0,0,0,0,0,{}
1776057373,normal,sw-wk2,0.11343734720185072,0.2543886335942913,156.15415388718495,80.01066808907854,638.9185224696625,3555.7741032137615,0.0,0,2,2,0,0,0,"{""process_exec"": 2}"
1776057383,normal,k3s-wk1,0.25513593991311456,0.6138511259641728,665.6778107396419,350.6883103896536,11254.391520282657,4699.910002999899,0.0,0,36,3,0,30,0,"{""process_exit"": 36, ""process_exec"": 36, ""process_kprobe"": 30}"
1776057383,normal,sw-wk3,0.1586666666666664,0.310325493975136,158.46666666666667,84.0,2232.0333333333333,7119.3,0.0,0,1,1,0,0,0,"{""process_exit"": 11, ""process_exec"": 1}"
1776057383,normal,sw-wk2,0.11343734720185072,0.2543886335942913,156.15415388718495,80.01066808907854,638.9185224696625,3555.7741032137615,0.0,0,104,5,0,0,0,"{""process_exit"": 106, ""process_exec"": 104}"
1776057393,normal,k3s-wk1,0.25513593991311456,0.6138511259641728,665.6778107396419,350.6883103896536,11254.391520282656,4699.910002999899,0.0,0,36,3,0,30,0,"{""process_exit"": 36, ""process_exec"": 36, ""process_kprobe"": 30}"
1776057393,normal,sw-wk3,0.1586666666666664,0.310325493975136,158.46666666666667,84.0,2232.0333333333333,7119.3,0.0,0,0,0,0,0,0,{}
1776057393,normal,sw-wk2,0.22577777777777708,0.25663133247851677,156.13333333333333,80.0,5491.566666666667,27771.933333333334,0.0,0,0,0,0,0,0,{}
1776057403,normal,k3s-wk1,0.25513593991311456,0.6138511259641728,665.6778107396419,350.6883103896536,11254.391520282656,4699.910002999899,0.0,0,39,3,0,32,0,"{""process_exit"": 39, ""process_exec"": 39, ""process_kprobe"": 32}"
1776057403,normal,sw-wk3,0.16688888888888997,0.3177432842477481,156.13333333333333,80.0,3002.9,6611.9,0.0,0,0,0,0,0,0,{}
1776057403,normal,sw-wk2,0.22577777777777708,0.25663133247851677,156.13333333333333,80.0,5491.566666666667,27771.933333333334,0.0,0,0,0,0,0,0,{}
1776057413,normal,k3s-wk1,0.26419769547873795,0.611863233931206,672.3224107470248,358.71195706523554,33751.02503416781,6551.8850628354285,0.0,0,33,3,0,28,0,"{""process_exit"": 33, ""process_exec"": 33, ""process_kprobe"": 28}"
1776057413,normal,sw-wk3,0.16688888888888997,0.3177432842477481,156.13333333333333,80.0,3002.9,6611.9,0.0,0,0,0,0,0,0,{}
1776057413,normal,sw-wk2,0.22577777777777708,0.25663133247851677,156.13333333333333,80.0,5491.566666666667,27771.933333333334,0.0,0,0,0,0,0,0,{}
1776057423,normal,k3s-wk1,0.26419769547873784,0.611863233931206,672.322410747025,358.71195706523554,33751.02503416781,6551.8850628354285,0.0,0,12,2,0,8,0,"{""process_exit"": 12, ""process_exec"": 12, ""process_kprobe"": 8}"
1776057423,normal,sw-wk3,0.16688888888888997,0.3177432842477481,156.13333333333333,80.0,3002.9,6611.9,0.0,0,1,1,0,0,0,"{""process_exit"": 5, ""process_exec"": 1}"
1776057423,normal,sw-wk2,0.11499999999999899,0.26035217380916353,156.13333333333333,80.0,582.6666666666666,3554.7999999999997,0.0,0,5,4,0,1,1,"{""process_exec"": 5, ""process_exit"": 5, ""process_kprobe"": 1}"
1776057433,normal,k3s-wk1,0.26419769547873784,0.611863233931206,672.322410747025,358.71195706523554,33751.02503416781,6551.8850628354285,0.0,0,36,3,0,30,0,"{""process_exit"": 36, ""process_exec"": 36, ""process_kprobe"": 30}"
1776057433,normal,sw-wk3,0.17377777777778014,0.3145480754680917,156.13333333333333,80.0,4147.933333333334,5970.9,0.0,0,0,0,0,0,0,{}
1776057433,normal,sw-wk2,0.11499999999999899,0.26035217380916353,156.13333333333333,80.0,582.6666666666666,3554.7999999999997,0.0,0,10,6,0,4,2,"{""process_exit"": 10, ""process_exec"": 10, ""process_kprobe"": 4}"
1776057443,normal,k3s-wk1,0.2631731004289193,0.6164926179330212,861.1240749383293,445.16301086739116,15250.050003333557,8482.732182145477,0.0,0,33,3,0,28,0,"{""process_exit"": 33, ""process_exec"": 33, ""process_kprobe"": 28}"
1776057443,normal,sw-wk3,0.17377777777778014,0.3145480754680917,156.13333333333333,80.0,4147.933333333333,5970.9,0.0,0,0,0,0,0,0,{}
1776057443,normal,sw-wk2,0.11499999999999899,0.26035217380916353,156.13333333333333,80.0,582.6666666666666,3554.7999999999997,0.0,0,110,10,0,3,2,"{""process_exit"": 114, ""process_exec"": 110, ""process_kprobe"": 3}"
1776057453,normal,k3s-wk1,0.2631731004289193,0.6164926179330212,861.1240749383293,445.16301086739116,15250.050003333557,8482.732182145477,0.0,0,18,2,0,12,0,"{""process_exit"": 18, ""process_exec"": 18, ""process_kprobe"": 12}"
1776057453,normal,sw-wk3,0.17377777777778014,0.3145480754680917,156.13333333333333,80.0,4147.933333333333,5970.9,0.0,0,1,1,0,0,0,"{""process_exit"": 7, ""process_exec"": 1}"
1776057453,normal,sw-wk2,0.27033333333333376,0.2648789850513288,204.0,142.46666666666667,7454.3,33969.13333333333,0.0,0,6,5,0,3,2,"{""process_exit"": 8, ""process_exec"": 6, ""process_kprobe"": 3}"
1776057463,normal,k3s-wk1,0.2631731004289193,0.6164926179330212,861.1240749383293,445.16301086739116,15250.050003333557,8482.732182145477,0.0,0,12,2,0,8,0,"{""process_exit"": 12, ""process_exec"": 12, ""process_kprobe"": 8}"
1776057463,normal,sw-wk3,0.18722222222221985,0.3204494954723923,154.0,78.00000000000001,2961.9666666666667,6060.3,0.0,0,0,0,0,0,0,{}
1776057463,normal,sw-wk2,0.27033333333333376,0.2648789850513288,204.0,142.46666666666667,7454.3,33969.13333333333,0.0,0,9,5,0,4,3,"{""process_exit"": 13, ""process_exec"": 9, ""process_kprobe"": 4}"
1776057473,normal,k3s-wk1,0.2491111111111094,0.6055281685768568,667.7,352.7,39706.666666666664,6838.5,0.0,0,33,3,0,28,0,"{""process_exit"": 33, ""process_exec"": 33, ""process_kprobe"": 28}"
1776057473,normal,sw-wk3,0.18722222222221996,0.3204494954723923,154.0,78.0,2961.9666666666667,6060.3,0.0,0,0,0,0,0,0,{}
1776057473,normal,sw-wk2,0.27033333333333376,0.2648789850513288,204.0,142.46666666666667,7454.3,33969.13333333333,0.0,0,7,5,0,4,3,"{""process_exit"": 9, ""process_exec"": 7, ""process_kprobe"": 4}"
1776057483,normal,k3s-wk1,0.2491111111111094,0.6055281685768568,667.7,352.7,39706.666666666664,6838.5,0.0,0,39,3,0,32,0,"{""process_exit"": 39, ""process_exec"": 39, ""process_kprobe"": 32}"
1776057483,normal,sw-wk3,0.18722222222221996,0.3204494954723923,154.0,78.0,2961.9666666666667,6060.3,0.0,0,1,1,0,0,0,"{""process_exit"": 13, ""process_exec"": 1}"
1776057483,normal,sw-wk2,0.1255555555555551,0.26371940778732583,143.66666666666666,118.76666666666667,819.5,10971.1,0.0,0,8,5,0,4,2,"{""process_exit"": 10, ""process_exec"": 8, ""process_kprobe"": 4}"
1776057493,normal,k3s-wk1,0.2491111111111094,0.6055281685768568,667.7,352.7,39706.666666666664,6838.5,0.0,0,15,2,0,10,0,"{""process_exit"": 15, ""process_exec"": 15, ""process_kprobe"": 10}"
1776057493,normal,sw-wk3,0.1497777777777768,0.31594020531526,156.13333333333333,80.0,2345.1666666666665,6890.266666666666,0.0,0,0,0,0,0,0,{}
1776057493,normal,sw-wk2,0.1255555555555551,0.26371940778732583,143.66666666666666,118.76666666666667,819.5,10971.1,0.0,0,7,6,0,3,2,"{""process_exec"": 7, ""process_exit"": 7, ""process_kprobe"": 3}"
1776057503,normal,k3s-wk1,0.24222222222222423,0.6081843355010876,669.8333333333334,354.7,20145.466666666667,4865.133333333333,0.0,0,33,3,0,28,0,"{""process_exit"": 33, ""process_exec"": 33, ""process_kprobe"": 28}"
1776057503,normal,sw-wk3,0.1497777777777768,0.31594020531526,156.13333333333333,80.0,2345.1666666666665,6890.266666666666,0.0,0,0,0,0,0,0,{}
1776057503,normal,sw-wk2,0.1255555555555551,0.26371940778732583,143.66666666666666,118.76666666666667,819.5,10971.1,0.0,0,115,10,0,5,4,"{""process_exit"": 121, ""process_exec"": 115, ""process_kprobe"": 5}"
1776057513,normal,k3s-wk1,0.24222222222222423,0.6081843355010876,669.8333333333334,354.7,20145.466666666667,4865.133333333333,0.0,0,36,3,0,30,0,"{""process_exit"": 36, ""process_exec"": 36, ""process_kprobe"": 30}"
1776057513,normal,sw-wk3,0.1497777777777768,0.31594020531526,156.13333333333333,80.0,2345.1666666666665,6890.266666666666,0.0,0,0,0,0,0,0,{}
1776057513,normal,sw-wk2,0.22722222222222532,0.2672602597899063,218.0,154.8,5614.200000000001,35771.76666666666,0.0,0,2,2,0,1,0,"{""process_exit"": 2, ""process_exec"": 2, ""process_kprobe"": 1}"
1776057523,normal,k3s-wk1,0.24222222222222423,0.6081843355010876,669.8333333333334,354.7,20145.466666666667,4865.133333333333,0.0,0,60,3,0,52,0,"{""process_exit"": 60, ""process_exec"": 60, ""process_kprobe"": 52}"
1776057523,normal,sw-wk3,0.15850054440815298,0.3149128326019608,102.6598226784881,51.996533564429036,3012.4325044997,6149.290047330178,0.0,0,1,1,0,0,0,"{""process_exit"": 23, ""process_exec"": 1}"
1776057523,normal,sw-wk2,0.22722222222222532,0.2672602597899063,218.0,154.8,5614.2,35771.76666666666,0.0,0,6,5,0,3,2,"{""process_exit"": 8, ""process_exec"": 6, ""process_kprobe"": 3}"
1776057533,normal,k3s-wk1,0.2542222222222209,0.6048045803922277,671.7,357.3,40484.26666666666,10704.966666666669,0.0,0,36,3,0,30,0,"{""process_exit"": 36, ""process_exec"": 36, ""process_kprobe"": 30}"
1776057533,normal,sw-wk3,0.15850054440815298,0.3149128326019608,102.6598226784881,51.996533564429036,3012.4325044997,6149.290047330178,0.0,0,1,1,0,0,0,"{""process_exit"": 5, ""process_exec"": 1}"
1776057533,normal,sw-wk2,0.22722222222222532,0.2672602597899063,218.0,154.8,5614.2,35771.76666666666,0.0,0,9,5,0,4,3,"{""process_exit"": 13, ""process_exec"": 9, ""process_kprobe"": 4}"
1776057543,normal,k3s-wk1,0.2542222222222209,0.6048045803922277,671.7,357.3,40484.26666666666,10704.966666666667,0.0,0,58,3,0,51,0,"{""process_exit"": 59, ""process_exec"": 58, ""process_kprobe"": 51}"
1776057543,normal,sw-wk3,0.15850054440815298,0.3149128326019608,102.6598226784881,51.996533564429036,3012.4325044997,6149.290047330178,0.0,0,0,0,0,0,0,{}
1776057543,normal,sw-wk2,0.13477777777777644,0.2637958634311063,178.6,132.86666666666667,2735.4666666666667,9804.933333333332,0.0,0,6,5,0,3,2,"{""process_exit"": 8, ""process_exec"": 6, ""process_kprobe"": 3}"
1776057553,normal,k3s-wk1,0.2542222222222209,0.6048045803922277,671.7,357.3,40484.26666666666,10704.966666666667,0.0,0,29,2,0,25,0,"{""process_exec"": 29, ""process_kprobe"": 25, ""process_exit"": 28}"
1776057553,normal,sw-wk3,0.15527701846789677,0.31641168178523926,156.1437429161944,80.0053336889126,5143.676245083006,8227.715181012069,0.0,0,0,0,0,0,0,{}
1776057553,normal,sw-wk2,0.13477777777777644,0.2637958634311063,178.6,132.86666666666667,2735.4666666666667,9804.933333333332,0.0,0,114,11,0,5,3,"{""process_exit"": 114, ""process_exec"": 114, ""process_kprobe"": 5}"
1776057563,normal,k3s-wk1,0.28399999999999936,0.6018165337078081,665.7,350.7,40521.13333333333,8918.533333333333,0.0,0,63,3,0,54,0,"{""process_exit"": 63, ""process_exec"": 63, ""process_kprobe"": 54}"
1776057563,normal,sw-wk3,0.15527701846789677,0.31641168178523926,156.1437429161944,80.0053336889126,5143.676245083006,8227.715181012069,0.0,0,0,0,0,0,0,{}
1776057563,normal,sw-wk2,0.13477777777777644,0.2637958634311063,178.6,132.86666666666667,2735.4666666666667,9804.933333333332,0.0,0,7,5,0,3,2,"{""process_exit"": 11, ""process_exec"": 7, ""process_kprobe"": 3}"
1776057573,normal,k3s-wk1,0.28399999999999936,0.6018165337078081,665.7,350.7,40521.13333333333,8918.533333333333,0.0,0,12,2,0,8,0,"{""process_exit"": 12, ""process_exec"": 12, ""process_kprobe"": 8}"
1776057573,normal,sw-wk3,0.15527701846789677,0.31641168178523926,156.1437429161944,80.0053336889126,5143.676245083006,8227.715181012069,0.0,0,1,1,0,0,0,"{""process_exit"": 5, ""process_exec"": 1}"
1776057573,normal,sw-wk2,0.22899168999688824,0.26270637050723544,176.1098520197307,126.84975336621784,6673.310225303293,34388.648180242635,0.0,0,6,5,0,3,2,"{""process_exit"": 8, ""process_exec"": 6, ""process_kprobe"": 3}"
1776057583,normal,k3s-wk1,0.28399999999999936,0.6018165337078081,665.7,350.7,40521.13333333333,8918.533333333333,0.0,0,36,3,0,30,0,"{""process_exit"": 36, ""process_exec"": 36, ""process_kprobe"": 30}"
1776057583,normal,sw-wk3,0.16055555555555612,0.312803931094351,156.13333333333333,80.0,3618.5,5799.166666666667,0.0,0,0,0,0,0,0,{}
1776057583,normal,sw-wk2,0.22899168999688824,0.26270637050723544,176.1098520197307,126.84975336621784,6673.310225303293,34388.648180242635,0.0,0,9,5,0,4,3,"{""process_exit"": 15, ""process_exec"": 9, ""process_kprobe"": 4}"
1776057593,normal,k3s-wk1,0.25955555555555565,0.6044072277541788,667.8333333333334,352.7,16904.7,8229.9,0.0,0,36,3,0,30,0,"{""process_exit"": 36, ""process_exec"": 36, ""process_kprobe"": 30}"
1776057593,normal,sw-wk3,0.16055555555555612,0.312803931094351,156.13333333333333,80.0,3618.5,5799.166666666667,0.0,0,1,1,0,0,0,"{""process_exit"": 5, ""process_exec"": 1}"
1776057593,normal,sw-wk2,0.22899168999688824,0.26270637050723544,176.1098520197307,126.84975336621784,6673.310225303293,34388.648180242635,0.0,0,0,0,0,0,0,{}
1776057603,normal,k3s-wk1,0.25955555555555565,0.6044072277541788,667.8333333333334,352.7,16904.7,8229.9,0.0,0,33,3,0,28,0,"{""process_exit"": 33, ""process_exec"": 33, ""process_kprobe"": 28}"
1776057603,normal,sw-wk3,0.16055555555555612,0.312803931094351,156.13333333333333,80.0,3618.5,5799.166666666667,0.0,0,0,0,0,0,0,{}
1776057603,normal,sw-wk2,0.147108503356003,0.2615069725954302,218.02907054273902,130.15068675823443,2718.629150553407,8957.460994799307,0.0,0,0,0,0,0,0,{}
1776057613,normal,k3s-wk1,0.25955555555555565,0.6044072277541788,667.8333333333334,352.7,16904.7,8229.9,0.0,0,36,3,0,30,0,"{""process_exit"": 36, ""process_exec"": 36, ""process_kprobe"": 30}"
1776057613,normal,sw-wk3,0.17255555555555524,0.3185333259001457,154.0,78.0,3213.6,5934.666666666667,0.0,0,0,0,0,0,0,{}
1776057613,normal,sw-wk2,0.147108503356003,0.2615069725954302,218.02907054273902,130.15068675823443,2718.629150553407,8957.460994799307,0.0,0,106,7,0,0,0,"{""process_exec"": 106, ""process_exit"": 106}"
1776057623,normal,k3s-wk1,0.26999999999999946,0.6086234553198406,665.7,350.7,33613.1,9515.6,0.0,0,63,3,0,54,0,"{""process_exit"": 63, ""process_exec"": 63, ""process_kprobe"": 54}"
1776057623,normal,sw-wk3,0.17255555555555524,0.3185333259001457,154.0,78.0,3213.6,5934.666666666667,0.0,0,0,0,0,0,0,{}
1776057623,normal,sw-wk2,0.147108503356003,0.2615069725954302,218.02907054273902,130.15068675823443,2718.629150553407,8957.460994799307,0.0,0,0,0,0,0,0,{}
1776057633,normal,k3s-wk1,0.26999999999999946,0.6086234553198406,665.7,350.7,33613.1,9515.6,0.0,0,63,3,0,54,0,"{""process_exit"": 63, ""process_exec"": 63, ""process_kprobe"": 54}"
1776057633,normal,sw-wk3,0.17255555555555524,0.3185333259001457,154.0,78.0,3213.6,5934.666666666667,0.0,0,1,1,0,0,0,"{""process_exit"": 15, ""process_exec"": 1}"
1776057633,normal,sw-wk2,0.21544444444444555,0.26278601180284,162.13333333333333,80.00000000000001,5468.866666666667,27717.5,0.0,0,0,0,0,0,0,{}
1776057643,normal,k3s-wk1,0.26999999999999946,0.6086234553198406,665.7,350.7,33613.1,9515.6,0.0,0,18,2,0,12,0,"{""process_exit"": 18, ""process_exec"": 18, ""process_kprobe"": 12}"
1776057643,normal,sw-wk3,0.16388888888888886,0.30822296377117464,156.13333333333333,80.0,2991.9666666666667,7182.2,0.0,0,0,0,0,0,0,{}
1776057643,normal,sw-wk2,0.21544444444444555,0.26278601180284,162.13333333333333,80.0,5468.866666666667,27717.5,0.0,0,0,0,0,0,0,{}
1776057653,normal,k3s-wk1,0.2407777777777773,0.6147406540288961,667.8333333333334,352.7,10751.766666666666,2001.8333333333333,0.0,0,12,2,0,8,0,"{""process_exit"": 12, ""process_exec"": 12, ""process_kprobe"": 8}"
1776057653,normal,sw-wk3,0.16388888888888886,0.30822296377117464,156.13333333333333,80.0,2991.9666666666667,7182.2,0.0,0,0,0,0,0,0,{}
1776057653,normal,sw-wk2,0.21544444444444555,0.26278601180284,162.13333333333333,80.0,5468.866666666667,27717.5,0.0,0,0,0,0,0,0,{}
1776057663,normal,k3s-wk1,0.2407777777777773,0.6147406540288961,667.8333333333334,352.7,10751.766666666666,2001.8333333333333,0.0,0,15,2,0,10,0,"{""process_exit"": 16, ""process_exec"": 15, ""process_kprobe"": 10}"
1776057663,normal,sw-wk3,0.16388888888888886,0.30822296377117464,156.13333333333333,80.0,2991.9666666666667,7182.2,0.0,0,1,1,0,0,0,"{""process_exit"": 3, ""process_exec"": 1}"
1776057663,normal,sw-wk2,0.1077777777777783,0.26262035790798244,104.8,54.0,577.4333333333333,3541.866666666667,0.0,0,0,0,0,0,0,{}
1776057673,normal,k3s-wk1,0.2407777777777773,0.6147406540288961,667.8333333333334,352.7,10751.766666666666,2001.8333333333333,0.0,0,60,3,0,52,0,"{""process_exit"": 60, ""process_exec"": 60, ""process_kprobe"": 52}"
1776057673,normal,sw-wk3,0.1585555555555579,0.31698669193950446,154.0,78.0,2708.233333333333,5567.933333333333,0.0,0,0,0,0,0,0,{}
1776057673,normal,sw-wk2,0.1077777777777783,0.26262035790798244,104.8,54.0,577.4333333333333,3541.866666666667,0.0,0,106,7,0,0,0,"{""process_exec"": 106, ""process_exit"": 106}"
1776057683,normal,k3s-wk1,0.2770000000000007,0.6113078433121149,667.8333333333334,352.7,33350.7,11340.9,0.0,0,30,3,0,26,0,"{""process_exit"": 30, ""process_exec"": 30, ""process_kprobe"": 26}"
1776057683,normal,sw-wk3,0.1585555555555579,0.31698669193950446,154.0,78.0,2708.233333333333,5567.933333333333,0.0,0,1,1,0,0,0,"{""process_exit"": 17, ""process_exec"": 1}"
1776057683,normal,sw-wk2,0.1077777777777783,0.26262035790798244,104.8,54.0,577.4333333333333,3541.866666666667,0.0,0,0,0,0,0,0,{}
1776057693,normal,k3s-wk1,0.2770000000000007,0.6113078433121149,667.8333333333334,352.7,33350.7,11340.9,0.0,0,15,2,0,10,0,"{""process_exit"": 15, ""process_exec"": 15, ""process_kprobe"": 10}"
1776057693,normal,sw-wk3,0.1585555555555579,0.31698669193950446,154.0,78.0,2708.233333333333,5567.933333333333,0.0,0,0,0,0,0,0,{}
1776057693,normal,sw-wk2,0.23299999999999776,0.26319855371407186,154.0,78.0,5559.866666666667,27591.966666666667,0.0,0,0,0,0,0,0,{}
1776057703,normal,k3s-wk1,0.2770000000000007,0.6113078433121149,667.8333333333334,352.7,33350.7,11340.9,0.0,0,54,3,0,48,0,"{""process_exit"": 54, ""process_exec"": 54, ""process_kprobe"": 48}"
1776057703,normal,sw-wk3,0.5081111111111063,0.3085303791722084,706.5333333333333,342.9,4416.333333333333,7792.233333333334,0.0,0,2,2,0,0,0,"{""process_exec"": 2, ""process_exit"": 3}"
1776057703,normal,sw-wk2,0.23299999999999776,0.26319855371407186,154.0,78.0,5559.866666666667,27591.966666666667,0.0,0,0,0,0,0,0,{}
1776057713,normal,k3s-wk1,0.245000000000002,0.6070442043521402,665.7,350.7,11897.133333333333,2915.0333333333333,0.0,0,36,3,0,30,0,"{""process_exit"": 36, ""process_exec"": 36, ""process_kprobe"": 30}"
1776057713,normal,sw-wk3,0.5081111111111063,0.3085303791722084,706.5333333333333,342.9,4416.333333333333,7792.233333333334,0.0,0,1,1,0,0,0,"{""process_exit"": 17, ""process_exec"": 1}"
1776057713,normal,sw-wk2,0.23299999999999776,0.26319855371407186,154.0,78.0,5559.866666666667,27591.966666666667,0.0,0,0,0,0,0,0,{}
1776057729,normal,k3s-wk1,0.245000000000002,0.6070442043521402,665.7,350.7,11897.133333333333,2915.0333333333333,0.0,0,36,3,0,30,0,"{""process_exit"": 36, ""process_exec"": 36, ""process_kprobe"": 30}"
1776057729,normal,sw-wk3,0.5081111111111063,0.3085303791722084,706.5333333333333,342.9,3361.4,8464.366666666667,0.0,0,0,0,0,0,0,{}
1776057729,normal,sw-wk2,0.16119499161194994,0.2604190724974714,156.1177215611772,79.99200079992,785.5547778555479,3604.706196047062,0.0,0,0,0,0,0,0,{}
1776057733,normal,k3s-wk1,0.245000000000002,0.6070442043521402,665.7,350.7,11897.133333333333,2915.0333333333333,0.0,0,33,3,0,28,0,"{""process_exit"": 33, ""process_exec"": 33, ""process_kprobe"": 28}"
1776057733,normal,sw-wk3,0.4124444444444457,0.32028862005527103,160.0,84.6,3361.4,8464.366666666667,0.0,0,0,0,0,0,0,{}
1776057733,normal,sw-wk2,0.16119499161194994,0.2604190724974714,156.1177215611772,79.99200079992,785.5547778555479,3604.706196047062,0.0,0,106,7,0,0,0,"{""process_exec"": 106, ""process_exit"": 106}"
1776057743,normal,k3s-wk1,0.300555555555555,0.6111057804649251,511.56666666666666,319.5666666666667,35527.36666666667,9592.566666666666,0.0,0,15,2,0,10,0,"{""process_exit"": 15, ""process_exec"": 15, ""process_kprobe"": 10}"
1776057743,normal,sw-wk3,0.4124444444444457,0.32028862005527103,160.0,84.6,3361.4,8464.366666666667,0.0,0,0,0,0,0,0,{}
1776057743,normal,sw-wk2,0.16119499161194994,0.2604190724974714,156.1177215611772,79.99200079992,785.5547778555479,3604.706196047062,0.0,0,0,0,0,0,0,{}
1776057753,normal,k3s-wk1,0.300555555555555,0.6111057804649251,511.56666666666666,319.56666666666666,35527.36666666667,9592.566666666666,0.0,0,75,3,0,68,0,"{""process_exit"": 75, ""process_exec"": 75, ""process_kprobe"": 68}"
1776057753,normal,sw-wk3,0.4124444444444457,0.32028862005527103,160.0,84.6,3361.4,8464.366666666667,0.0,0,0,0,0,0,0,{}
1776057753,normal,sw-wk2,0.21781066995588594,0.2654970015052205,156.14894822815614,80.00800080008,5420.80874754142,27638.963896389636,0.0,0,0,0,0,0,0,{}
1776057763,normal,k3s-wk1,0.300555555555555,0.6111057804649251,511.56666666666666,319.56666666666666,35527.36666666667,9592.566666666666,0.0,0,12,2,0,8,0,"{""process_exit"": 12, ""process_exec"": 12, ""process_kprobe"": 8}"
1776057763,normal,sw-wk3,0.38511111111111207,0.3224564561216282,154.0,78.0,2987.2,5440.566666666667,0.0,0,1,1,0,0,0,"{""process_exit"": 9, ""process_exec"": 1}"
1776057763,normal,sw-wk2,0.21781066995588594,0.2654970015052205,156.14894822815614,80.00800080008,5420.80874754142,27638.963896389636,0.0,0,0,0,0,0,0,{}
1776057773,normal,k3s-wk1,0.2997777777777755,0.609755684569736,221.0,205.79999999999998,10301.133333333333,2039.0,0.0,0,15,2,0,10,0,"{""process_exit"": 15, ""process_exec"": 15, ""process_kprobe"": 10}"
1776057773,normal,sw-wk3,0.38511111111111207,0.3224564561216282,154.0,78.0,2987.2,5440.566666666667,0.0,0,0,0,0,0,0,{}
1776057773,normal,sw-wk2,0.21781066995588594,0.2654970015052205,156.14894822815614,80.00800080008,5420.80874754142,27638.963896389636,0.0,0,0,0,0,0,0,{}
1776057783,normal,k3s-wk1,0.2997777777777755,0.609755684569736,221.0,205.79999999999998,10301.133333333333,2039.0,0.0,0,42,3,0,34,0,"{""process_exit"": 42, ""process_exec"": 42, ""process_kprobe"": 34}"
1776057783,normal,sw-wk3,0.38511111111111207,0.3224564561216282,154.0,78.0,2987.2,5440.566666666667,0.0,0,1,1,0,0,0,"{""process_exit"": 3, ""process_exec"": 1}"
1776057783,normal,sw-wk2,0.17688888888888965,0.25773834648742067,154.0,78.0,668.5,3596.866666666667,0.0,0,0,0,0,0,0,{}
1776057793,normal,k3s-wk1,0.2997777777777755,0.609755684569736,221.0,205.79999999999998,10301.133333333333,2039.0,0.0,0,15,2,0,10,0,"{""process_exit"": 15, ""process_exec"": 15, ""process_kprobe"": 10}"
1776057793,normal,sw-wk3,0.3807492334355418,0.3230951793123771,156.11251833088923,79.98933475536596,2333.822157045727,7196.273830155979,0.0,0,0,0,0,0,0,{}
1776057793,normal,sw-wk2,0.17688888888888965,0.25773834648742067,154.0,78.0,668.5,3596.866666666667,0.0,0,106,7,0,0,0,"{""process_exec"": 106, ""process_exit"": 104}"
1776057803,normal,k3s-wk1,0.33311111111111125,0.6170604258220516,223.86666666666667,208.66666666666666,33483.9,5763.033333333333,0.0,0,39,3,0,32,0,"{""process_exit"": 39, ""process_exec"": 39, ""process_kprobe"": 32}"
1776057803,normal,sw-wk3,0.3807492334355418,0.3230951793123771,156.11251833088923,79.98933475536596,2333.822157045727,7196.273830155979,0.0,0,0,0,0,0,0,"{""process_exit"": 2}"
1776057803,normal,sw-wk2,0.17688888888888965,0.25773834648742067,154.0,78.0,668.5,3596.866666666667,0.0,0,0,0,0,0,0,"{""process_exit"": 2}"
1776057813,normal,k3s-wk1,0.33311111111111125,0.6170604258220516,223.86666666666667,208.66666666666666,33483.9,5763.033333333333,0.0,0,45,3,0,36,0,"{""process_exit"": 45, ""process_exec"": 45, ""process_kprobe"": 36}"
1776057813,normal,sw-wk3,0.3807492334355418,0.3230951793123771,156.11251833088923,79.98933475536596,2333.822157045727,7196.273830155979,0.0,0,1,1,0,0,0,"{""process_exit"": 7, ""process_exec"": 1}"
1776057813,normal,sw-wk2,0.24077777777777853,0.26815064947476563,104.8,54.0,6030.3,27714.3,0.0,0,0,0,0,0,0,{}
1776057823,normal,k3s-wk1,0.33311111111111125,0.6170604258220516,223.86666666666667,208.66666666666666,33483.9,5763.033333333333,0.0,0,9,2,0,6,0,"{""process_exit"": 9, ""process_exec"": 9, ""process_kprobe"": 6}"
1776057823,normal,sw-wk3,0.2854602835933685,0.3171268606197686,156.15415388718495,80.01066808907854,6527.003600480064,6686.95826110148,0.0,0,0,0,0,0,0,{}
1776057823,normal,sw-wk2,0.24077777777777853,0.26815064947476563,104.8,54.0,6030.3,27714.3,0.0,0,0,0,0,0,0,{}
1776057833,normal,k3s-wk1,0.32788888888889134,0.6115798944080518,221.0,205.79999999999998,10685.566666666666,13508.0,0.0,0,60,3,0,52,0,"{""process_exit"": 60, ""process_exec"": 60, ""process_kprobe"": 52}"
1776057833,normal,sw-wk3,0.2854602835933685,0.3171268606197686,156.15415388718495,80.01066808907854,6527.003600480064,6686.95826110148,0.0,0,0,0,0,0,0,{}
1776057833,normal,sw-wk2,0.24077777777777853,0.26815064947476563,104.8,54.0,6030.3,27714.3,0.0,0,0,0,0,0,0,{}
1776057843,normal,k3s-wk1,0.32788888888889134,0.6115798944080518,221.0,205.79999999999998,10685.566666666666,13508.0,0.0,0,30,3,0,26,0,"{""process_exit"": 30, ""process_exec"": 30, ""process_kprobe"": 26}"
1776057843,normal,sw-wk3,0.2854602835933685,0.3171268606197686,156.15415388718495,80.01066808907854,6527.003600480064,6686.95826110148,0.0,0,1,1,0,0,0,"{""process_exit"": 21, ""process_exec"": 1}"
1776057843,normal,sw-wk2,0.1216666666666647,0.25865422138687355,156.13333333333333,80.0,2300.9,3798.6,0.0,0,0,0,0,0,0,{}
1776057853,normal,k3s-wk1,0.32788888888889134,0.6115798944080518,221.0,205.79999999999998,10685.566666666666,13508.0,0.0,0,15,2,0,10,0,"{""process_exit"": 15, ""process_exec"": 15, ""process_kprobe"": 10}"
1776057853,normal,sw-wk3,0.16111111111110865,0.3161170089915023,102.66666666666667,52.0,5063.3,8171.3,0.0,0,0,0,0,0,0,{}
1776057853,normal,sw-wk2,0.1216666666666647,0.25865422138687355,156.13333333333333,80.0,2300.9,3798.6,0.0,0,106,7,0,0,0,"{""process_exec"": 106, ""process_exit"": 106}"
1776057863,normal,k3s-wk1,0.32122222222222296,0.6101846448039934,223.79999999999998,208.66666666666666,35725.3,10421.266666666666,0.0,0,15,2,0,10,0,"{""process_exit"": 15, ""process_exec"": 15, ""process_kprobe"": 10}"
1776057863,normal,sw-wk3,0.16111111111110865,0.3161170089915023,102.66666666666667,52.0,5063.3,8171.3,0.0,0,1,1,0,0,0,"{""process_exit"": 3, ""process_exec"": 1}"
1776057863,normal,sw-wk2,0.1216666666666647,0.25865422138687355,156.13333333333333,80.0,2300.9,3798.6,0.0,0,0,0,0,0,0,{}
1776057873,normal,k3s-wk1,0.3212222222222231,0.6101846448039934,223.79999999999998,208.66666666666666,35725.3,10421.266666666666,0.0,0,15,2,0,10,0,"{""process_exit"": 15, ""process_exec"": 15, ""process_kprobe"": 10}"
1776057873,normal,sw-wk3,0.16111111111110865,0.3161170089915023,102.66666666666667,52.0,5063.3,8171.3,0.0,0,0,0,0,0,0,{}
1776057873,normal,sw-wk2,0.21807819218078317,0.263219260450929,156.1177215611772,79.99200079992,5756.457687564577,27675.19914675199,0.0,0,0,0,0,0,0,{}
1776057883,normal,k3s-wk1,0.3212222222222231,0.6101846448039934,223.79999999999998,208.66666666666666,35725.3,10421.266666666666,0.0,0,15,2,0,10,0,"{""process_exit"": 15, ""process_exec"": 15, ""process_kprobe"": 10}"
1776057883,normal,sw-wk3,0.16022222222222304,0.31970883142326956,156.13333333333333,80.00000000000001,2862.9666666666667,5523.133333333333,0.0,0,0,0,0,0,0,{}
1776057883,normal,sw-wk2,0.21807819218078317,0.263219260450929,156.1177215611772,79.99200079992,5756.457687564577,27675.19914675199,0.0,0,0,0,0,0,0,{}
1776057893,normal,k3s-wk1,0.2789999999999989,0.6135926209808966,220.93333333333334,205.79999999999998,9034.466666666667,1739.9333333333334,0.0,0,36,3,0,30,0,"{""process_exit"": 36, ""process_exec"": 36, ""process_kprobe"": 30}"
1776057893,normal,sw-wk3,0.16022222222222304,0.31970883142326956,156.13333333333333,80.0,2862.9666666666667,5523.133333333333,0.0,0,0,0,0,0,0,{}
1776057893,normal,sw-wk2,0.21807819218078317,0.263219260450929,156.1177215611772,79.99200079992,5756.457687564577,27675.19914675199,0.0,0,0,0,0,0,0,{}
1776057903,normal,k3s-wk1,0.2789999999999989,0.6135926209808966,220.93333333333334,205.79999999999998,9034.466666666667,1739.9333333333334,0.0,0,36,3,0,30,0,"{""process_exit"": 36, ""process_exec"": 36, ""process_kprobe"": 30}"
1776057903,normal,sw-wk3,0.16022222222222304,0.31970883142326956,156.13333333333333,80.0,2862.9666666666667,5523.133333333333,0.0,0,0,0,0,0,0,{}
1776057903,normal,sw-wk2,0.12257892455911967,0.2587689048525441,154.01540154015402,78.007800780078,671.3671367136714,3619.8286495316197,0.0,0,0,0,0,0,0,{}
1776057913,normal,k3s-wk1,0.2789999999999989,0.6135926209808966,220.93333333333334,205.79999999999998,9034.466666666667,1739.9333333333334,0.0,0,39,3,0,32,0,"{""process_exit"": 39, ""process_exec"": 39, ""process_kprobe"": 32}"
1776057913,normal,sw-wk3,0.15991869105935008,0.3117717799033155,160.5518344496651,85.9742077376787,2285.4143756872936,5820.520510513513,0.0,0,1,1,0,0,0,"{""process_exit"": 5, ""process_exec"": 1}"
1776057913,normal,sw-wk2,0.12257892455911967,0.2587689048525441,154.01540154015402,78.007800780078,671.3671367136714,3619.8286495316197,0.0,0,2,2,0,0,0,"{""process_exec"": 2}"
1776057923,normal,k3s-wk1,0.32237696081666645,0.6118948415274146,221.6355356082107,206.5870239588146,33040.88839020527,4795.9540624381225,0.0,0,18,2,0,12,0,"{""process_exit"": 18, ""process_exec"": 18, ""process_kprobe"": 12}"
1776057923,normal,sw-wk3,0.15991869105935008,0.3117717799033155,160.5518344496651,85.9742077376787,2285.4143756872936,5820.520510513513,0.0,0,0,0,0,0,0,{}
1776057923,normal,sw-wk2,0.12257892455911967,0.2587689048525441,154.01540154015402,78.007800780078,671.3671367136714,3619.8286495316197,0.0,0,104,5,0,0,0,"{""process_exit"": 106, ""process_exec"": 104}"
1776057933,normal,k3s-wk1,0.32237696081666634,0.6118948415274146,221.6355356082107,206.5870239588146,33040.88839020527,4795.9540624381225,0.0,0,33,3,0,28,0,"{""process_exit"": 33, ""process_exec"": 33, ""process_kprobe"": 28}"
1776057933,normal,sw-wk3,0.15991869105935008,0.3117717799033155,160.5518344496651,85.9742077376787,2285.4143756872936,5820.520510513513,0.0,0,156,4,0,0,0,"{""process_exec"": 156, ""process_exit"": 84}"
1776057933,normal,sw-wk2,0.23355555555555785,0.2627812333251037,160.6,86.0,5784.966666666666,27737.0,0.0,0,0,0,0,0,0,{}
1776057943,normal,k3s-wk1,0.32237696081666634,0.6118948415274146,221.6355356082107,206.5870239588146,33040.88839020527,4795.9540624381225,0.0,0,15,2,0,10,0,"{""process_exit"": 15, ""process_exec"": 15, ""process_kprobe"": 10}"
1776057943,normal,sw-wk3,0.2293936667666312,0.32158677317362594,756.0561127586552,372.4967511912299,6334.010862683684,28363.66665555963,0.0,0,125,4,0,0,0,"{""process_exit"": 75, ""process_exec"": 125}"
1776057943,normal,sw-wk2,0.23355555555555785,0.2627812333251037,160.6,86.0,5784.966666666666,27737.0,0.0,0,0,0,0,0,0,{}
1776057953,normal,k3s-wk1,0.34282892226187867,0.6145713276206366,226.14317462455384,210.78860529328574,56768.36824028554,10629.907737894808,0.0,0,36,3,0,30,0,"{""process_exit"": 36, ""process_exec"": 36, ""process_kprobe"": 30}"
1776057953,normal,sw-wk3,0.2293936667666312,0.32158677317362594,756.0561127586552,372.4967511912299,6334.010862683684,28363.66665555963,0.0,0,155,4,0,0,0,"{""process_exit"": 85, ""process_exec"": 155}"
1776057953,normal,sw-wk2,0.23355555555555785,0.2627812333251037,160.6,86.0,5784.966666666666,27737.0,0.0,0,0,0,0,0,0,{}
1776057963,normal,k3s-wk1,0.34282892226187867,0.6145713276206366,226.14317462455384,210.78860529328574,56768.36824028554,10629.907737894808,0.0,0,12,2,0,8,0,"{""process_exit"": 13, ""process_exec"": 12, ""process_kprobe"": 8}"
1776057963,normal,sw-wk3,0.2293936667666312,0.32158677317362594,756.0561127586552,372.4967511912299,6334.010862683684,28363.66665555963,0.0,0,124,4,0,0,0,"{""process_exit"": 68, ""process_exec"": 124}"
1776057963,normal,sw-wk2,0.12942039129420502,0.2647643015856582,156.1177215611772,79.99200079992,604.4728860447289,3565.2101456521013,0.0,0,0,0,0,0,0,{}
1776057973,normal,k3s-wk1,0.34282892226187867,0.6145713276206366,226.14317462455384,210.78860529328574,56768.36824028554,10629.907737894808,0.0,0,30,3,0,26,0,"{""process_exit"": 30, ""process_exec"": 30, ""process_kprobe"": 26}"
1776057973,normal,sw-wk3,0.1997998665777181,0.321725349027978,160.1067378252168,84.65643762508338,2987.1247498332223,65917.87858572381,0.0,0,155,4,0,0,0,"{""process_exit"": 85, ""process_exec"": 155}"
1776057973,normal,sw-wk2,0.12942039129420502,0.2647643015856582,156.1177215611772,79.99200079992,604.4728860447289,3565.2101456521013,0.0,0,106,7,0,0,0,"{""process_exec"": 106, ""process_exit"": 106}"
1776057983,normal,k3s-wk1,0.3455555555555596,0.6127674369513119,223.86666666666667,208.66666666666666,92528.1,10022.3,0.0,0,18,2,0,12,0,"{""process_exit"": 18, ""process_exec"": 18, ""process_kprobe"": 12}"
1776057983,normal,sw-wk3,0.1997998665777181,0.321725349027978,160.1067378252168,84.65643762508338,2987.1247498332223,65917.87858572381,0.0,0,94,4,0,0,0,"{""process_exit"": 60, ""process_exec"": 94}"
1776057983,normal,sw-wk2,0.12942039129420502,0.2647643015856582,156.1177215611772,79.99200079992,604.4728860447289,3565.2101456521013,0.0,0,0,0,0,0,0,{}
1776057993,normal,k3s-wk1,0.3455555555555596,0.6127674369513119,223.86666666666667,208.66666666666666,92528.1,10022.3,0.0,0,36,3,0,30,0,"{""process_exit"": 36, ""process_exec"": 36, ""process_kprobe"": 30}"
1776057993,normal,sw-wk3,0.1997998665777181,0.321725349027978,160.1067378252168,84.65643762508338,2987.1247498332223,65917.87858572381,0.0,0,124,4,0,0,0,"{""process_exit"": 68, ""process_exec"": 124}"
1776057993,normal,sw-wk2,0.2233667811225556,0.266353941845926,104.8104810481048,54.005400540054005,5390.40570723739,27689.46894689469,0.0,0,0,0,0,0,0,{}
1776058003,normal,k3s-wk1,0.3455555555555596,0.6127674369513119,223.86666666666667,208.66666666666666,92528.1,10022.3,0.0,0,36,3,0,30,0,"{""process_exit"": 36, ""process_exec"": 36, ""process_kprobe"": 30}"
1776058003,normal,sw-wk3,0.21588888888888957,0.32353798491593866,156.13333333333333,80.0,3541.2666666666664,63183.6,0.0,0,124,4,0,0,0,"{""process_exit"": 68, ""process_exec"": 124}"
1776058003,normal,sw-wk2,0.2233667811225556,0.266353941845926,104.8104810481048,54.005400540054005,5390.40570723739,27689.46894689469,0.0,0,0,0,0,0,0,{}
1776058013,normal,k3s-wk1,0.3066666666666631,0.6155353593049941,223.86666666666667,208.66666666666666,60509.23333333333,2343.9333333333334,0.0,0,33,3,0,28,0,"{""process_exit"": 33, ""process_exec"": 33, ""process_kprobe"": 28}"
1776058013,normal,sw-wk3,0.21588888888888957,0.32353798491593866,156.13333333333333,80.0,3541.2666666666664,63183.6,0.0,0,124,4,0,0,0,"{""process_exit"": 68, ""process_exec"": 124}"
1776058013,normal,sw-wk2,0.2233667811225556,0.266353941845926,104.8104810481048,54.005400540054005,5390.40570723739,27689.46894689469,0.0,0,0,0,0,0,0,{}
1776058024,normal,k3s-wk1,0.3066666666666631,0.6155353593049941,223.86666666666667,208.66666666666666,60509.23333333333,2343.9333333333334,0.0,0,15,2,0,10,0,"{""process_exit"": 15, ""process_exec"": 15, ""process_kprobe"": 10}"
1776058024,normal,sw-wk3,0.19833333333333236,0.32699919562291435,104.8,54.0,4517.1,64028.333333333336,0.0,0,156,4,0,0,0,"{""process_exit"": 90, ""process_exec"": 156}"
1776058024,normal,sw-wk2,0.11866666666666481,0.2629978576491482,156.13333333333333,80.0,568.9,3574.2,0.0,0,0,0,0,0,0,{}
1776058033,normal,k3s-wk1,0.3066666666666631,0.6155353593049941,223.86666666666667,208.66666666666666,60509.23333333333,2343.9333333333334,0.0,0,18,2,0,12,0,"{""process_exit"": 18, ""process_exec"": 18, ""process_kprobe"": 12}"
1776058033,normal,sw-wk3,0.19833333333333236,0.32699919562291435,104.8,54.0,4517.1,64028.33333333334,0.0,0,124,4,0,0,0,"{""process_exit"": 68, ""process_exec"": 124}"
1776058033,normal,sw-wk2,0.11866666666666481,0.2629978576491482,156.13333333333333,80.0,568.9,3574.2,0.0,0,0,0,0,0,0,{}
1776058043,normal,k3s-wk1,0.37766666666666937,0.6174306862347789,424.76666666666665,301.1,74058.93333333333,7314.266666666668,0.0,0,57,3,0,50,0,"{""process_exit"": 57, ""process_exec"": 57, ""process_kprobe"": 50}"
1776058043,normal,sw-wk3,0.19833333333333236,0.32699919562291435,104.8,54.0,4517.1,64028.333333333336,0.0,0,124,4,0,0,0,"{""process_exit"": 68, ""process_exec"": 124}"
1776058043,normal,sw-wk2,0.11866666666666481,0.2629978576491482,156.13333333333333,80.0,568.9,3574.2,0.0,0,104,5,0,0,0,"{""process_exit"": 106, ""process_exec"": 104}"
1776058053,normal,k3s-wk1,0.37766666666666937,0.6174306862347789,424.76666666666665,301.1,74058.93333333333,7314.266666666666,0.0,0,33,3,0,28,0,"{""process_exit"": 33, ""process_exec"": 33, ""process_kprobe"": 28}"
1776058053,normal,sw-wk3,0.19833333333333236,0.32699919562291435,104.8,54.0,4517.1,64028.333333333336,0.0,0,31,4,0,0,0,"{""process_exit"": 19, ""process_exec"": 31}"
1776058053,normal,sw-wk2,0.22911111111111238,0.2707166920191457,156.13333333333333,80.0,5777.5,27672.233333333334,0.0,0,0,0,0,0,0,{}
1776058063,normal,k3s-wk1,0.37766666666666937,0.6174306862347789,424.76666666666665,301.1,74058.93333333333,7314.266666666666,0.0,0,12,2,0,8,0,"{""process_exit"": 12, ""process_exec"": 12, ""process_kprobe"": 8}"
1776058063,normal,sw-wk3,0.22911111111111238,0.3254143338403829,156.13333333333333,80.0,5973.4,47035.933333333334,0.0,0,1,1,0,0,0,"{""process_exit"": 3, ""process_exec"": 1}"
1776058063,normal,sw-wk2,0.22911111111111238,0.2707166920191457,156.13333333333333,80.0,5777.5,27672.233333333334,0.0,0,0,0,0,0,0,{}
1776058073,normal,k3s-wk1,0.3259999999999992,0.6164485930668737,225.83333333333334,210.66666666666666,51993.23333333333,9781.0,0.0,0,33,3,0,28,0,"{""process_exit"": 33, ""process_exec"": 33, ""process_kprobe"": 28}"
1776058073,normal,sw-wk3,0.22911111111111238,0.3254143338403829,156.13333333333333,80.0,5973.4,47035.933333333334,0.0,0,0,0,0,0,0,{}
1776058073,normal,sw-wk2,0.22911111111111238,0.2707166920191457,156.13333333333333,80.0,5777.5,27672.233333333334,0.0,0,0,0,0,0,0,{}
1776058084,normal,k3s-wk1,0.3259999999999992,0.6164485930668737,225.83333333333334,210.66666666666666,51993.23333333333,9781.0,0.0,0,15,2,0,10,0,"{""process_exit"": 15, ""process_exec"": 15, ""process_kprobe"": 10}"
1776058084,normal,sw-wk3,0.22911111111111238,0.3254143338403829,156.13333333333333,80.0,5973.4,47035.933333333334,0.0,0,0,0,0,0,0,{}
1776058084,normal,sw-wk2,0.15100000000000158,0.25734014000939764,154.0,78.0,1083.7666666666667,3611.6666666666665,0.0,0,0,0,0,0,0,{}
1776058093,normal,k3s-wk1,0.3259999999999992,0.6164485930668737,225.83333333333334,210.66666666666666,51993.23333333333,9781.0,0.0,0,54,3,0,48,0,"{""process_exit"": 54, ""process_exec"": 54, ""process_kprobe"": 48}"
1776058093,normal,sw-wk3,0.16222222222222127,0.3203061411403041,154.0,78.0,2163.2666666666664,5422.266666666666,0.0,0,1,1,0,0,0,"{""process_exit"": 5, ""process_exec"": 1}"
1776058093,normal,sw-wk2,0.15100000000000158,0.25734014000939764,154.0,78.0,1083.7666666666667,3611.6666666666665,0.0,0,106,7,0,0,0,"{""process_exec"": 106, ""process_exit"": 106}"
1776058103,normal,k3s-wk1,0.33577777777777806,0.6214685566504076,228.0,212.66666666666666,33594.76666666666,7070.733333333334,0.0,0,54,3,0,48,0,"{""process_exit"": 54, ""process_exec"": 54, ""process_kprobe"": 48}"
1776058103,normal,sw-wk3,0.16222222222222127,0.3203061411403041,154.0,78.0,2163.2666666666664,5422.266666666666,0.0,0,0,0,0,0,0,{}
1776058103,normal,sw-wk2,0.15100000000000158,0.25734014000939764,154.0,78.0,1083.7666666666667,3611.6666666666665,0.0,0,0,0,0,0,0,{}
1776058114,normal,k3s-wk1,0.33577777777777806,0.6214685566504076,228.0,212.66666666666666,33594.76666666666,7070.733333333334,0.0,0,15,2,0,10,0,"{""process_exit"": 15, ""process_exec"": 15, ""process_kprobe"": 10}"
1776058114,normal,sw-wk3,0.16222222222222127,0.3203061411403041,154.0,78.0,2163.2666666666664,5422.266666666666,0.0,0,0,0,0,0,0,{}
1776058114,normal,sw-wk2,0.2163333333333285,0.2622731218591464,156.13333333333333,80.0,5465.966666666666,27759.566666666666,0.0,0,0,0,0,0,0,{}
1776058123,normal,k3s-wk1,0.33577777777777806,0.6214685566504076,228.0,212.66666666666666,33594.76666666666,7070.733333333334,0.0,0,12,2,0,8,0,"{""process_exit"": 12, ""process_exec"": 12, ""process_kprobe"": 8}"
1776058123,normal,sw-wk3,0.16688888888888875,0.32109777561861375,156.13333333333333,80.0,3039.233333333334,5949.933333333333,0.0,0,1,1,0,0,0,"{""process_exit"": 13, ""process_exec"": 1}"
1776058123,normal,sw-wk2,0.2163333333333286,0.2622731218591464,156.13333333333333,80.0,5465.966666666666,27759.566666666666,0.0,0,0,0,0,0,0,{}
1776058133,normal,k3s-wk1,0.3010000000000016,0.6205858016420146,229.86666666666667,215.26666666666665,10468.4,4278.866666666667,0.0,0,57,3,0,50,0,"{""process_exit"": 57, ""process_exec"": 57, ""process_kprobe"": 50}"
1776058133,normal,sw-wk3,0.16688888888888875,0.32109777561861375,156.13333333333333,80.0,3039.233333333333,5949.933333333333,0.0,0,0,0,0,0,0,{}
1776058133,normal,sw-wk2,0.2163333333333286,0.2622731218591464,156.13333333333333,80.0,5465.966666666666,27759.566666666666,0.0,0,0,0,0,0,0,{}
1776058144,normal,k3s-wk1,0.3010000000000016,0.6205858016420146,229.86666666666667,215.26666666666665,10468.4,4278.866666666667,0.0,0,12,2,0,8,0,"{""process_exit"": 12, ""process_exec"": 12, ""process_kprobe"": 8}"
1776058144,normal,sw-wk3,0.16688888888888875,0.32109777561861375,156.13333333333333,80.0,0.0,8239.786915265522,0.0,0,4,3,0,0,0,"{""process_exec"": 4, ""process_exit"": 2}"
1776058144,normal,sw-wk2,0.12111111111111461,0.26399655949602985,104.8,54.0,2242.7,3757.4,0.0,0,0,0,0,0,0,{}
1776058153,normal,k3s-wk1,0.3010000000000016,0.6205858016420146,229.86666666666667,215.26666666666665,10468.4,4278.866666666667,0.0,0,18,2,0,12,0,"{""process_exit"": 18, ""process_exec"": 18, ""process_kprobe"": 12}"
1776058153,normal,sw-wk3,0.23833305587924825,0.32499382779959063,155.95139004494757,79.90677542866656,10571.533211253538,8239.786915265524,0.0,0,13,3,0,0,0,"{""process_exec"": 13, ""process_exit"": 23}"
1776058153,normal,sw-wk2,0.12111111111111461,0.26399655949602985,104.8,54.0,2242.7,3757.4,0.0,0,106,7,0,0,0,"{""process_exec"": 106, ""process_exit"": 106}"
1776058163,normal,k3s-wk1,0.3901111111111075,0.6216773925539276,236.4,217.66666666666666,39248.73333333333,28345.733333333334,0.0,0,15,2,0,10,0,"{""process_exit"": 15, ""process_exec"": 15, ""process_kprobe"": 10}"
1776058163,normal,sw-wk3,0.23833305587924825,0.32499382779959063,155.95139004494757,79.90677542866656,10571.533211253538,8239.786915265524,0.0,0,0,0,0,0,0,{}
1776058163,normal,sw-wk2,0.12111111111111461,0.26399655949602985,104.8,54.0,2242.7,3757.4,0.0,0,0,0,0,0,0,{}
1776058174,normal,k3s-wk1,0.3901111111111075,0.6216773925539276,236.4,217.66666666666666,39248.73333333333,28345.733333333334,0.0,0,12,2,0,8,0,"{""process_exit"": 12, ""process_exec"": 12, ""process_kprobe"": 8}"
1776058174,normal,sw-wk3,0.23833305587924825,0.32499382779959063,155.95139004494757,79.90677542866656,10571.533211253538,8239.786915265524,0.0,0,8,3,0,0,0,"{""process_exec"": 8, ""process_exit"": 8}"
1776058174,normal,sw-wk2,0.2716666666666673,0.26696080851843296,159.13333333333333,83.0,7406.966666666666,27777.3,0.0,0,0,0,0,0,0,{}
1776058183,normal,k3s-wk1,0.3901111111111075,0.6216773925539276,236.4,217.66666666666666,39248.73333333333,28345.733333333334,0.0,0,15,2,0,10,0,"{""process_exit"": 15, ""process_exec"": 15, ""process_kprobe"": 10}"
1776058183,normal,sw-wk3,0.24567551031759582,0.32662488153357283,159.31920574003004,83.09694643751043,16363.49073919573,12400.967795761722,0.0,0,1,1,0,0,0,"{""process_exit"": 7, ""process_exec"": 1}"
1776058183,normal,sw-wk2,0.2716666666666673,0.26696080851843296,159.13333333333333,83.0,7406.966666666666,27777.3,0.0,0,0,0,0,0,0,{}
1776058193,normal,k3s-wk1,0.2970000000000027,0.6262774266449778,223.86666666666667,208.66666666666666,12565.9,11311.333333333334,0.0,0,42,3,0,34,0,"{""process_exit"": 42, ""process_exec"": 42, ""process_kprobe"": 34}"
1776058193,normal,sw-wk3,0.24567551031759582,0.32662488153357283,159.31920574003004,83.09694643751043,16363.49073919573,12400.967795761722,0.0,0,0,0,0,0,0,{}
1776058193,normal,sw-wk2,0.2716666666666673,0.26696080851843296,159.13333333333333,83.0,7406.966666666666,27777.3,0.0,0,0,0,0,0,0,{}
1776058204,normal,k3s-wk1,0.2970000000000027,0.6262774266449778,223.86666666666667,208.66666666666666,12565.9,11311.333333333334,0.0,0,15,2,0,10,0,"{""process_exit"": 15, ""process_exec"": 15, ""process_kprobe"": 10}"
1776058204,normal,sw-wk3,0.24567551031759582,0.32662488153357283,159.31920574003004,83.09694643751043,16363.49073919573,12400.967795761722,0.0,0,8,3,0,0,0,"{""process_exec"": 8, ""process_exit"": 8}"
1776058204,normal,sw-wk2,0.1273333333333312,0.26544443825012143,156.13333333333333,80.0,1773.5333333333333,3610.233333333333,0.0,0,0,0,0,0,0,{}
1776058214,normal,k3s-wk1,0.2970000000000027,0.6262774266449778,223.86666666666667,208.66666666666666,12565.9,11311.333333333334,0.0,0,36,3,0,30,0,"{""process_exit"": 36, ""process_exec"": 36, ""process_kprobe"": 30}"
1776058214,normal,sw-wk3,0.19166666666666676,0.3272874971130031,102.66666666666667,52.0,8543.633333333333,8628.233333333334,0.0,0,1,1,0,0,0,"{""process_exit"": 11, ""process_exec"": 1}"
1776058214,normal,sw-wk2,0.1273333333333312,0.26544443825012143,156.13333333333333,80.0,1773.5333333333333,3610.233333333333,0.0,0,2,2,0,0,0,"{""process_exec"": 2}"
1776058224,normal,k3s-wk1,0.3156666666666651,0.6236167443498599,221.0,205.79999999999998,13363.3,11869.2,0.0,0,33,3,0,28,0,"{""process_exit"": 33, ""process_exec"": 33, ""process_kprobe"": 28}"
1776058224,normal,sw-wk3,0.19166666666666676,0.3272874971130031,102.66666666666667,52.0,8543.633333333333,8628.233333333334,0.0,0,0,0,0,0,0,{}
1776058224,normal,sw-wk2,0.1273333333333312,0.26544443825012143,156.13333333333333,80.0,1773.5333333333333,3610.233333333333,0.0,0,104,5,0,0,0,"{""process_exit"": 106, ""process_exec"": 104}"
1776058234,normal,k3s-wk1,0.3156666666666651,0.6236167443498599,221.0,205.79999999999998,13363.3,11869.2,0.0,0,15,2,0,10,0,"{""process_exit"": 15, ""process_exec"": 15, ""process_kprobe"": 10}"
1776058234,normal,sw-wk3,0.19166666666666676,0.3272874971130031,102.66666666666667,52.0,8543.633333333333,8628.233333333334,0.0,0,0,0,0,0,0,{}
1776058234,normal,sw-wk2,0.21333333333333637,0.2614241456480014,156.13333333333333,80.0,6314.733333333334,27817.266666666666,0.0,0,0,0,0,0,0,{}
1776058244,normal,k3s-wk1,0.3156666666666651,0.6236167443498599,221.0,205.79999999999998,13363.3,11869.2,0.0,0,39,3,0,32,0,"{""process_exit"": 39, ""process_exec"": 39, ""process_kprobe"": 32}"
1776058244,normal,sw-wk3,0.18266666666666476,0.3246115495806886,156.13333333333335,80.0,5068.966666666666,7317.966666666666,0.0,0,8,3,0,0,0,"{""process_exec"": 8, ""process_exit"": 6}"
1776058244,normal,sw-wk2,0.21333333333333637,0.2614241456480014,156.13333333333333,80.0,6314.733333333334,27817.266666666666,0.0,0,0,0,0,0,0,{}
1776058254,normal,k3s-wk1,0.32155555555555615,0.6237804265445108,223.86666666666667,208.66666666666666,34790.9,11912.066666666666,0.0,0,36,3,0,30,0,"{""process_exit"": 36, ""process_exec"": 36, ""process_kprobe"": 30}"
1776058254,normal,sw-wk3,0.18266666666666476,0.3246115495806886,156.13333333333333,80.0,5068.966666666666,7317.966666666666,0.0,0,1,1,0,0,0,"{""process_exit"": 17, ""process_exec"": 1}"
1776058254,normal,sw-wk2,0.21333333333333637,0.2614241456480014,156.13333333333333,80.0,6314.733333333334,27817.266666666666,0.0,0,0,0,0,0,0,{}
1776058264,normal,k3s-wk1,0.32155555555555615,0.6237804265445108,223.86666666666667,208.66666666666666,34790.9,11912.066666666666,0.0,0,60,3,0,52,0,"{""process_exit"": 61, ""process_exec"": 60, ""process_kprobe"": 52}"
1776058264,normal,sw-wk3,0.18266666666666476,0.3246115495806886,156.13333333333333,80.0,5068.966666666666,7317.966666666666,0.0,0,0,0,0,0,0,{}
1776058264,normal,sw-wk2,0.13322222222222235,0.2606579963842852,156.13333333333333,80.0,1191.6666666666667,3583.2,0.0,0,0,0,0,0,0,{}
1776058274,normal,k3s-wk1,0.32155555555555615,0.6237804265445108,223.86666666666667,208.66666666666666,34790.9,11912.066666666666,0.0,0,15,2,0,10,0,"{""process_exit"": 15, ""process_exec"": 15, ""process_kprobe"": 10}"
1776058274,normal,sw-wk3,0.20822222222222486,0.32488392281165634,156.13333333333333,80.0,8659.033333333333,9687.8,0.0,0,0,0,0,0,0,{}
1776058274,normal,sw-wk2,0.13322222222222235,0.2606579963842852,156.13333333333333,80.0,1191.6666666666667,3583.2,0.0,0,106,7,0,0,0,"{""process_exec"": 106, ""process_exit"": 106}"
1776058284,normal,k3s-wk1,0.37144444444444524,0.6201602279359224,220.96666666666667,205.79999999999998,36031.8,21072.96666666667,0.0,0,33,3,0,28,0,"{""process_exit"": 33, ""process_exec"": 33, ""process_kprobe"": 28}"
1776058284,normal,sw-wk3,0.20822222222222486,0.32488392281165634,156.13333333333333,80.0,8659.033333333333,9687.8,0.0,0,0,0,0,0,0,{}
1776058284,normal,sw-wk2,0.13322222222222235,0.2606579963842852,156.13333333333333,80.0,1191.6666666666667,3583.2,0.0,0,0,0,0,0,0,{}
1776058294,normal,k3s-wk1,0.37144444444444524,0.6201602279359224,220.96666666666667,205.79999999999998,36031.8,21072.966666666667,0.0,0,9,2,0,6,0,"{""process_exit"": 9, ""process_exec"": 9, ""process_kprobe"": 6}"
1776058294,normal,sw-wk3,0.20822222222222486,0.32488392281165634,156.13333333333333,80.0,8659.033333333333,9687.8,0.0,0,1,1,0,0,0,"{""process_exit"": 5, ""process_exec"": 1}"
1776058294,normal,sw-wk2,0.2345555555555544,0.263322794135215,102.66666666666667,52.00000000000001,7316.033333333333,27824.2,0.0,0,0,0,0,0,0,{}
1776058304,normal,k3s-wk1,0.37144444444444524,0.6201602279359224,220.96666666666667,205.79999999999998,36031.8,21072.966666666667,0.0,0,24,2,0,16,0,"{""process_exit"": 24, ""process_exec"": 24, ""process_kprobe"": 16}"
1776058304,normal,sw-wk3,0.22144444444444522,0.3192182410423453,154.0,78.0,10859.166666666666,6508.566666666667,0.0,0,0,0,0,0,0,{}
1776058304,normal,sw-wk2,0.2345555555555544,0.263322794135215,102.66666666666667,52.0,7316.033333333333,27824.2,0.0,0,0,0,0,0,0,{}
1776058314,normal,k3s-wk1,0.2773815078994738,0.6170073702141301,223.85174321711887,208.65275648290114,9311.77921471902,1748.7500833277782,0.0,0,36,3,0,30,0,"{""process_exit"": 36, ""process_exec"": 36, ""process_kprobe"": 30}"
1776058314,normal,sw-wk3,0.22144444444444522,0.3192182410423453,154.0,78.0,10859.166666666666,6508.566666666667,0.0,0,1,1,0,0,0,"{""process_exit"": 13, ""process_exec"": 1}"
1776058314,normal,sw-wk2,0.2345555555555544,0.263322794135215,102.66666666666667,52.0,7316.033333333333,27824.2,0.0,0,0,0,0,0,0,{}
1776058324,normal,k3s-wk1,0.2773815078994738,0.6170073702141301,223.85174321711887,208.65275648290114,9311.77921471902,1748.7500833277782,0.0,0,33,3,0,28,0,"{""process_exit"": 33, ""process_exec"": 33, ""process_kprobe"": 28}"
1776058324,normal,sw-wk3,0.22144444444444522,0.3192182410423453,154.0,78.0,10859.166666666666,0.0,0.0,0,0,0,0,0,0,{}
1776058324,normal,sw-wk2,0.1255555555555551,0.2605990618255378,156.13333333333333,80.0,610.2333333333333,3542.9333333333334,0.0,0,2,2,0,0,0,"{""process_exec"": 2}"
1776058334,normal,k3s-wk1,0.2773815078994738,0.6170073702141301,223.85174321711887,208.65275648290114,9311.77921471902,1748.7500833277782,0.0,0,36,3,0,30,0,"{""process_exit"": 36, ""process_exec"": 36, ""process_kprobe"": 30}"
1776058334,normal,sw-wk3,0.1823333333333318,0.3199143059659294,156.13333333333333,80.0,2294.633333333333,6857.8,0.0,0,1,1,0,0,0,"{""process_exit"": 3, ""process_exec"": 1}"
1776058334,normal,sw-wk2,0.1255555555555551,0.2605990618255378,156.13333333333333,80.0,610.2333333333333,3542.9333333333334,0.0,0,104,5,0,0,0,"{""process_exit"": 106, ""process_exec"": 104}"
1776058344,normal,k3s-wk1,0.3491788341444967,0.6144155473250379,228.94859657310488,208.68057870524703,35252.58350556704,9570.338022534836,0.0,0,33,3,0,28,0,"{""process_exit"": 33, ""process_exec"": 33, ""process_kprobe"": 28}"
1776058344,normal,sw-wk3,0.1823333333333318,0.3199143059659294,156.13333333333333,80.0,2294.633333333333,6857.8,0.0,0,0,0,0,0,0,{}
1776058344,normal,sw-wk2,0.1255555555555551,0.2605990618255378,156.13333333333333,80.0,610.2333333333333,3542.9333333333334,0.0,0,0,0,0,0,0,{}
1776058354,normal,k3s-wk1,0.3491788341444967,0.6144155473250379,228.94859657310488,208.68057870524703,35252.58350556704,9570.338022534836,0.0,0,78,3,0,70,0,"{""process_exit"": 78, ""process_exec"": 78, ""process_kprobe"": 70}"
1776058354,normal,sw-wk3,0.1823333333333318,0.3199143059659294,156.13333333333333,80.0,0.0,0.0,0.0,0,0,0,0,0,0,{}
1776058354,normal,sw-wk2,0.22455555555555595,0.26424344751240414,156.13333333333333,80.0,5601.333333333333,27905.666666666668,0.0,0,0,0,0,0,0,{}
1776058364,normal,k3s-wk1,0.3491788341444967,0.6144155473250379,228.94859657310488,208.68057870524703,35252.58350556704,9570.338022534836,0.0,0,57,3,0,50,0,"{""process_exit"": 57, ""process_exec"": 57, ""process_kprobe"": 50}"
1776058364,normal,sw-wk3,0.16297259162972422,0.31504344432675235,156.1177215611772,79.99200079991999,3169.316401693164,5707.762557077625,0.0,0,1,1,0,0,0,"{""process_exit"": 7, ""process_exec"": 1}"
1776058364,normal,sw-wk2,0.22455555555555595,0.26424344751240414,156.13333333333333,80.0,5601.333333333333,27905.666666666668,0.0,0,0,0,0,0,0,{}
1776058374,normal,k3s-wk1,0.31888888888888933,0.6231211823950205,221.0,205.80000000000004,9897.166666666666,2181.9666666666667,0.0,0,60,3,0,52,0,"{""process_exit"": 60, ""process_exec"": 60, ""process_kprobe"": 52}"
1776058374,normal,sw-wk3,0.16297259162972422,0.31504344432675235,156.1177215611772,79.99200079992,3169.316401693164,5707.762557077625,0.0,0,0,0,0,0,0,{}
1776058374,normal,sw-wk2,0.22455555555555595,0.26424344751240414,156.13333333333333,80.0,5601.333333333333,27905.666666666668,0.0,0,0,0,0,0,0,{}
1776058384,normal,k3s-wk1,0.31888888888888944,0.6231211823950205,221.0,205.79999999999998,9897.166666666666,2181.9666666666667,0.0,0,15,2,0,10,0,"{""process_exit"": 15, ""process_exec"": 15, ""process_kprobe"": 10}"
1776058384,normal,sw-wk3,0.16297259162972422,0.31504344432675235,156.1177215611772,0.0,0.0,6068.206820682068,0.0,0,0,0,0,0,0,{}
1776058384,normal,sw-wk2,0.14312022276211722,0.26728574500449975,158.2187905614537,83.8686058508337,670.7158784570838,3609.778014444037,0.0,0,0,0,0,0,0,{}
1776058394,normal,k3s-wk1,0.31888888888888944,0.6231211823950205,221.0,205.79999999999998,9897.166666666666,2181.9666666666667,0.0,0,39,3,0,32,0,"{""process_exit"": 39, ""process_exec"": 39, ""process_kprobe"": 32}"
1776058394,normal,sw-wk3,0.14991499149915244,0.3135191099288803,104.8104810481048,54.005400540054005,2173.5506884021734,6068.206820682068,0.0,0,0,0,0,0,0,{}
1776058394,normal,sw-wk2,0.14312022276211722,0.26728574500449975,158.2187905614537,83.86860585083369,670.7158784570838,3609.778014444037,0.0,0,106,7,0,0,0,"{""process_exec"": 106, ""process_exit"": 106}"
1776058404,normal,k3s-wk1,0.3481762934817646,0.6219584743916384,223.84428223844282,208.64580208645802,32990.13431990134,11948.305169483052,0.0,0,33,3,0,28,0,"{""process_exit"": 33, ""process_exec"": 33, ""process_kprobe"": 28}"
1776058404,normal,sw-wk3,0.14991499149915244,0.3135191099288803,104.8104810481048,54.005400540054005,2173.5506884021734,6068.206820682068,0.0,0,3,3,0,0,0,"{""process_exit"": 3, ""process_exec"": 3}"
1776058404,normal,sw-wk2,0.14312022276211722,0.26728574500449975,158.2187905614537,83.86860585083369,670.7158784570838,3609.778014444037,0.0,0,0,0,0,0,0,{}
1776058414,normal,k3s-wk1,0.3481762934817646,0.6219584743916384,223.84428223844282,208.64580208645802,32990.13431990134,11948.305169483052,0.0,0,30,3,0,26,0,"{""process_exit"": 30, ""process_exec"": 30, ""process_kprobe"": 26}"
1776058414,normal,sw-wk3,0.14991499149915244,0.3135191099288803,104.8104810481048,0.0,0.0,0.0,0.0,0,6,5,0,0,0,"{""process_exec"": 6, ""process_exit"": 6}"
1776058414,normal,sw-wk2,0.29634204698472033,0.2682302907703703,104.96444429606383,54.08473274797182,5834.40723800621,27695.79007111141,0.0,0,0,0,0,0,0,{}
1776058424,normal,k3s-wk1,0.3481762934817646,0.6219584743916384,223.84428223844282,208.64580208645802,32990.13431990134,11948.305169483052,0.0,0,62,3,0,54,0,"{""process_exit"": 63, ""process_exec"": 62, ""process_kprobe"": 54}"
1776058424,normal,sw-wk3,0.2138888888888889,0.3161568296393046,101624.40327777776,1242.9333333333334,6365.733333333334,7418.833333333333,0.0,0,1,1,0,0,0,"{""process_exit"": 7, ""process_exec"": 1}"
1776058424,normal,sw-wk2,0.29634204698472033,0.2682302907703703,104.96444429606383,54.08473274797182,5834.40723800621,27695.79007111141,0.0,0,0,0,0,0,0,{}
1776058434,normal,k3s-wk1,0.296707448522628,0.6260956829667793,225.42254225422542,211.82118211821182,12116.111611161115,3444.411107777444,0.0,0,37,3,0,30,0,"{""process_exec"": 37, ""process_exit"": 36, ""process_kprobe"": 30}"
1776058434,normal,sw-wk3,0.2138888888888889,0.3161568296393046,125573.03602777777,1242.9333333333334,6365.733333333334,7418.833333333333,0.0,0,0,0,0,0,0,{}
1776058434,normal,sw-wk2,0.29634204698472033,0.2682302907703703,104.96444429606383,54.08473274797182,5834.40723800621,27695.79007111141,0.0,0,0,0,0,0,0,{}
1776058444,normal,k3s-wk1,0.296707448522628,0.6260956829667793,225.42254225422542,211.82118211821182,12116.111611161115,3444.411107777444,0.0,0,18,2,0,12,0,"{""process_exit"": 18, ""process_exec"": 18, ""process_kprobe"": 12}"
1776058444,normal,sw-wk3,0.2138888888888889,0.3161568296393046,143319.16666666666,0.0,0.0,0.0,0.0,0,0,0,0,0,0,{}
1776058444,normal,sw-wk2,0.14877777777777634,0.2558253625669983,154.0,78.0,687.7666666666667,3629.3333333333335,0.0,0,2,2,0,0,0,"{""process_exec"": 2}"
1776058454,normal,k3s-wk1,0.296707448522628,0.6260956829667793,225.42254225422542,211.82118211821182,12116.111611161115,3444.411107777444,0.0,0,36,3,0,30,0,"{""process_exit"": 36, ""process_exec"": 36, ""process_kprobe"": 30}"
1776058454,normal,sw-wk3,0.1675276916752787,0.3207744319584591,156.1177215611772,79.99200079992,4778.155517781555,6840.382628403827,0.0,0,0,0,0,0,0,{}
1776058454,normal,sw-wk2,0.14877777777777634,0.2558253625669983,154.0,78.0,687.7666666666667,3629.3333333333335,0.0,0,104,5,0,0,0,"{""process_exit"": 106, ""process_exec"": 104}"
1776058464,normal,k3s-wk1,0.3408888888888896,0.6264219185133593,223.8666666666667,208.66666666666666,33711.13333333333,14519.233333333334,0.0,0,36,3,0,30,0,"{""process_exit"": 36, ""process_exec"": 36, ""process_kprobe"": 30}"
1776058464,normal,sw-wk3,0.1675276916752787,0.3207744319584591,156.1177215611772,79.99200079992,4778.155517781555,6840.382628403827,0.0,0,1,1,0,0,0,"{""process_exit"": 5, ""process_exec"": 1}"
1776058464,normal,sw-wk2,0.14877777777777634,0.2558253625669983,154.0,78.0,687.7666666666667,3629.3333333333335,0.0,0,0,0,0,0,0,{}
1776058474,normal,k3s-wk1,0.3408888888888896,0.6264219185133593,223.86666666666667,208.66666666666666,33711.13333333333,14519.233333333334,0.0,0,33,3,0,28,0,"{""process_exit"": 33, ""process_exec"": 33, ""process_kprobe"": 28}"
1776058474,normal,sw-wk3,0.1675276916752787,0.3207744319584591,156.1177215611772,0.0,0.0,0.0,0.0,0,0,0,0,0,0,{}
1776058474,normal,sw-wk2,0.21699999999999975,0.26251045292004815,156.13333333333333,80.0,7391.166666666667,27873.033333333333,0.0,0,0,0,0,0,0,{}
1776058484,normal,k3s-wk1,0.3408888888888896,0.6264219185133593,223.86666666666667,208.66666666666666,33711.13333333333,14519.233333333334,0.0,0,36,3,0,30,0,"{""process_exit"": 36, ""process_exec"": 36, ""process_kprobe"": 30}"
1776058484,normal,sw-wk3,0.1669999999999946,0.31894586781137757,156.13333333333333,80.0,3904.866666666667,6293.1,0.0,0,0,0,0,0,0,{}
1776058484,normal,sw-wk2,0.21699999999999975,0.26251045292004815,156.13333333333333,80.0,7391.166666666667,27873.033333333333,0.0,0,0,0,0,0,0,{}
1776058494,normal,k3s-wk1,0.29033333333333455,0.6282032323282494,221.0,205.79999999999998,9844.266666666666,2182.866666666667,0.0,0,12,2,0,8,0,"{""process_exit"": 12, ""process_exec"": 12, ""process_kprobe"": 8}"
1776058494,normal,sw-wk3,0.1669999999999946,0.31894586781137757,156.13333333333333,80.0,3904.866666666667,6293.1,0.0,0,1,1,0,0,0,"{""process_exit"": 11, ""process_exec"": 1}"
1776058494,normal,sw-wk2,0.21699999999999975,0.26251045292004815,156.13333333333333,80.0,7391.166666666667,27873.033333333333,0.0,0,0,0,0,0,0,{}
1776058504,normal,k3s-wk1,0.29033333333333455,0.6282032323282494,221.0,205.79999999999998,9844.266666666666,2182.866666666667,0.0,0,120,3,0,108,0,"{""process_exit"": 120, ""process_exec"": 120, ""process_kprobe"": 108}"
1776058504,normal,sw-wk3,0.1669999999999946,0.31894586781137757,0.0,0.0,0.0,0.0,0.0,0,0,0,0,0,0,{}
1776058504,normal,sw-wk2,0.15577777777777757,0.2582496436052022,102.66666666666667,52.0,719.5333333333333,3660.4,0.0,0,2,2,0,0,0,"{""process_exec"": 2}"
1776058514,normal,k3s-wk1,0.29033333333333455,0.6282032323282494,221.0,205.79999999999998,9844.266666666666,2182.866666666667,0.0,0,66,3,0,58,0,"{""process_kprobe"": 58, ""process_exit"": 66, ""process_exec"": 66}"
1776058514,normal,sw-wk3,0.17697256575219233,0.3214784610116037,156.13853795126505,80.00266675555852,2539.0513017100566,7058.2019400646695,0.0,0,0,0,0,0,0,{}
1776058514,normal,sw-wk2,0.15577777777777757,0.2582496436052022,102.66666666666667,52.0,719.5333333333333,3660.4,0.0,0,104,5,0,0,0,"{""process_exit"": 106, ""process_exec"": 104}"
1776058524,normal,k3s-wk1,0.40222222222222026,0.6305546117176133,223.86666666666667,208.66666666666666,34794.46666666667,9726.166666666666,0.0,0,56,3,0,48,0,"{""process_exit"": 56, ""process_exec"": 56, ""process_kprobe"": 48}"
1776058524,normal,sw-wk3,0.17697256575219233,0.3214784610116037,156.13853795126505,80.00266675555852,2539.0513017100575,7058.2019400646695,0.0,0,1,1,0,0,0,"{""process_exit"": 13, ""process_exec"": 1}"
1776058524,normal,sw-wk2,0.15577777777777757,0.2582496436052022,102.66666666666667,52.0,719.5333333333333,3660.4,0.0,0,0,0,0,0,0,{}
1776058534,normal,k3s-wk1,0.40222222222222026,0.6305546117176133,223.86666666666667,208.66666666666666,34794.46666666667,9726.166666666666,0.0,0,19,2,0,14,0,"{""process_kprobe"": 14, ""process_exit"": 19, ""process_exec"": 19}"
1776058534,normal,sw-wk3,0.17697256575219233,0.3214784610116037,0.0,0.0,0.0,0.0,0.0,0,0,0,0,0,0,{}
1776058534,normal,sw-wk2,0.21333333333333637,0.2687224739772066,156.13333333333333,80.00000000000001,5284.633333333333,27585.3,0.0,0,0,0,0,0,0,{}
1776058544,normal,k3s-wk1,0.40222222222222026,0.6305546117176133,223.86666666666667,208.66666666666666,34794.46666666667,9726.166666666666,0.0,0,15,2,0,10,0,"{""process_exit"": 15, ""process_exec"": 15, ""process_kprobe"": 10}"
1776058544,normal,sw-wk3,0.16927795186345762,0.3202233141928753,104.80698713247551,54.003600240016006,5092.0394692979535,7612.47416494433,0.0,0,2,2,0,0,0,"{""process_exit"": 6, ""process_exec"": 2}"
1776058544,normal,sw-wk2,0.21333333333333637,0.2687224739772066,156.13333333333333,80.0,5284.633333333333,27585.3,0.0,0,0,0,0,0,0,{}
1776058554,normal,k3s-wk1,0.33211111111111213,0.6268452345340081,221.0,205.79999999999998,12214.733333333334,7209.566666666667,0.0,0,36,3,0,30,0,"{""process_exit"": 36, ""process_exec"": 36, ""process_kprobe"": 30}"
1776058554,normal,sw-wk3,0.16927795186345762,0.3202233141928753,104.80698713247551,54.003600240016006,5092.0394692979535,7612.47416494433,0.0,0,0,0,0,0,0,{}
1776058554,normal,sw-wk2,0.21333333333333637,0.2687224739772066,156.13333333333333,80.0,5284.633333333333,27585.3,0.0,0,0,0,0,0,0,{}
1776058564,transition,k3s-wk1,0.33211111111111213,0.6268452345340081,221.0,205.79999999999998,12214.733333333334,7209.566666666667,0.0,10,36,3,0,30,0,"{""process_exit"": 37, ""process_exec"": 36, ""process_kprobe"": 30}"
1776058564,transition,sw-wk3,0.0,0.3202233141928753,156.13333333333333,80.0,4886.5,6281.233333333334,0.0,10,0,0,0,0,0,{}
1776058564,transition,sw-wk2,0.14022222222222114,0.2678464197255561,154.0,78.0,1440.5333333333333,3652.133333333333,0.0,10,2,2,0,0,0,"{""process_exec"": 2}"
1776058574,normal,k3s-wk1,0.33211111111111213,0.6268452345340081,221.0,205.79999999999998,12214.733333333334,7209.566666666667,0.0,0,51,3,0,46,0,"{""process_exit"": 51, ""process_exec"": 51, ""process_kprobe"": 46}"
1776058574,normal,sw-wk3,0.18966666666666854,0.3214211192787684,156.13333333333333,80.0,4886.5,6281.233333333334,0.0,0,0,0,0,0,0,{}
1776058574,normal,sw-wk2,0.14022222222222114,0.2678464197255561,154.0,78.0,1440.5333333333333,3652.133333333333,0.0,0,104,5,0,0,0,"{""process_exit"": 106, ""process_exec"": 104}"
1776058584,normal,k3s-wk1,0.3214444444444452,0.6286728309004892,228.93333333333334,208.66666666666666,32694.8,5821.966666666666,0.0,0,15,2,0,10,0,"{""process_exit"": 15, ""process_exec"": 15, ""process_kprobe"": 10}"
1776058584,normal,sw-wk3,0.18966666666666854,0.3214211192787684,156.13333333333333,80.0,4886.5,6281.233333333334,0.0,0,1,1,0,0,0,"{""process_exit"": 3, ""process_exec"": 1}"
1776058584,normal,sw-wk2,0.14022222222222114,0.2678464197255561,154.0,78.0,1440.5333333333333,3652.133333333333,0.0,0,0,0,0,0,0,{}
1776058594,transition,k3s-wk1,0.3214444444444452,0.6286728309004892,228.93333333333334,208.66666666666666,32694.8,5821.966666666666,0.0,10,60,3,0,52,0,"{""process_exit"": 60, ""process_exec"": 60, ""process_kprobe"": 52}"
1776058594,transition,sw-wk3,0.0,0.3214211192787684,156.13333333333333,80.0,3038.7,5644.266666666666,0.0,10,0,0,0,0,0,{}
1776058594,transition,sw-wk2,0.21666666666666667,0.2631300621998519,156.13333333333333,80.0,5353.833333333333,27703.899999999998,0.0,10,0,0,0,0,0,{}
1776058604,normal,k3s-wk1,0.3214444444444452,0.6286728309004892,228.93333333333334,208.66666666666666,32694.8,5821.966666666666,0.0,0,57,3,0,50,0,"{""process_exit"": 57, ""process_exec"": 57, ""process_kprobe"": 50}"
1776058604,normal,sw-wk3,0.1702222222222215,0.3163272620118984,156.13333333333333,80.00000000000001,3038.7,5644.266666666666,0.0,0,0,0,0,0,0,{}
1776058604,normal,sw-wk2,0.21666666666666667,0.2631300621998519,156.13333333333333,80.0,5353.833333333333,27703.899999999998,0.0,0,0,0,0,0,0,{}
1776058614,normal,k3s-wk1,0.32677777777777617,0.6277595971386094,228.93333333333334,208.66666666666666,9339.3,5552.433333333333,0.0,0,36,3,0,30,0,"{""process_exit"": 36, ""process_exec"": 36, ""process_kprobe"": 30}"
1776058614,normal,sw-wk3,0.1702222222222215,0.3163272620118984,156.13333333333333,80.0,3038.7,5644.266666666666,0.0,0,0,0,0,0,0,{}
1776058614,normal,sw-wk2,0.21666666666666667,0.2631300621998519,156.13333333333333,80.0,5353.833333333333,27703.899999999998,0.0,0,0,0,0,0,0,{}
1776058624,transition,k3s-wk1,0.32677777777777617,0.6277595971386094,228.93333333333334,208.66666666666666,9339.3,5552.433333333333,0.0,10,30,3,0,26,0,"{""process_exit"": 30, ""process_exec"": 30, ""process_kprobe"": 26}"
1776058624,transition,sw-wk3,0.0,0.3182721024505627,153.97433761039824,77.98700216630561,2304.9158473587736,5574.437593734377,0.0,10,1,1,0,0,0,"{""process_exit"": 3, ""process_exec"": 1}"
1776058624,transition,sw-wk2,0.1175555555555573,0.26901077546729535,111.39999999999999,62.0,644.3333333333334,3572.4333333333334,0.0,10,2,2,0,0,0,"{""process_exec"": 2}"
1776058634,normal,k3s-wk1,0.32677777777777617,0.6277595971386094,228.93333333333334,208.66666666666666,9339.3,5552.433333333333,0.0,0,57,3,0,50,0,"{""process_exit"": 57, ""process_exec"": 57, ""process_kprobe"": 50}"
1776058634,normal,sw-wk3,0.16036216186191277,0.3182721024505627,153.97433761039827,77.9870021663056,2304.9158473587736,5574.4375937343775,0.0,0,0,0,0,0,0,{}
1776058634,normal,sw-wk2,0.1175555555555573,0.26901077546729535,111.39999999999999,62.0,644.3333333333334,3572.4333333333334,0.0,0,104,5,0,0,0,"{""process_exit"": 106, ""process_exec"": 104}"
1776058645,normal,k3s-wk1,0.3275555555555557,0.6331317596513231,420.0333333333333,298.23333333333335,33481.96666666667,9699.633333333333,0.0,0,60,3,0,52,0,"{""process_exit"": 60, ""process_exec"": 60, ""process_kprobe"": 52}"
1776058645,normal,sw-wk3,0.16036216186191277,0.3182721024505627,153.97433761039827,77.98700216630561,2304.9158473587736,5574.4375937343775,0.0,0,0,0,0,0,0,{}
1776058645,normal,sw-wk2,0.20999999999999852,0.26891361308665773,156.13333333333333,80.0,5593.033333333333,27780.733333333334,0.0,0,0,0,0,0,0,{}
1776058654,normal,k3s-wk1,0.3275555555555557,0.6331317596513231,420.0333333333333,298.23333333333335,33481.96666666667,9699.633333333333,0.0,0,33,3,0,28,0,"{""process_exit"": 33, ""process_exec"": 33, ""process_kprobe"": 28}"
1776058654,normal,sw-wk3,0.22594839655977217,0.3239855689972364,754.7169811320755,370.4913660910728,6165.3776918461235,8061.2374158277225,0.0,0,3,3,0,0,0,"{""process_exec"": 3, ""process_exit"": 17}"
1776058654,normal,sw-wk2,0.20999999999999852,0.26891361308665773,156.13333333333333,80.0,5593.033333333333,27780.733333333337,0.0,0,0,0,0,0,0,{}
1776058664,normal,k3s-wk1,0.3275555555555557,0.6331317596513231,420.0333333333333,298.23333333333335,33481.96666666667,9699.633333333333,0.0,0,39,3,0,32,0,"{""process_exit"": 39, ""process_exec"": 39, ""process_kprobe"": 32}"
1776058664,normal,sw-wk3,0.22594839655977217,0.3239855689972364,754.7169811320755,370.4913660910728,6165.3776918461235,8061.2374158277225,0.0,0,4,4,0,0,0,"{""process_exit"": 5, ""process_exec"": 4}"
1776058664,normal,sw-wk2,0.20999999999999852,0.26891361308665773,156.13333333333333,80.0,5593.033333333333,27780.733333333334,0.0,0,0,0,0,0,0,{}
1776058674,normal,k3s-wk1,0.3345555555555568,0.6307284534967597,233.0,212.66666666666666,12648.366666666667,5546.1,0.0,0,30,3,0,26,0,"{""process_exit"": 30, ""process_exec"": 30, ""process_kprobe"": 26}"
1776058674,normal,sw-wk3,0.22594839655977217,0.3239855689972364,754.7169811320755,370.4913660910728,6165.3776918461235,8061.2374158277225,0.0,0,4,2,0,0,0,"{""process_exit"": 6, ""process_exec"": 4}"
1776058674,normal,sw-wk2,0.20999999999999852,0.26891361308665773,156.13333333333333,80.0,5593.033333333333,27780.733333333334,0.0,0,0,0,0,0,0,{}
1776058684,normal,k3s-wk1,0.33455555555555694,0.6307284534967597,233.0,212.66666666666666,12648.366666666667,5546.1,0.0,0,36,3,0,30,0,"{""process_exit"": 36, ""process_exec"": 36, ""process_kprobe"": 30}"
1776058684,normal,sw-wk3,0.16738874447332697,0.3263588796062534,177.23122042258217,127.17456508698262,2417.816436712658,8317.403186029462,0.0,0,4,2,0,0,0,"{""process_exit"": 4, ""process_exec"": 4}"
1776058684,normal,sw-wk2,0.14211111111111074,0.26500481829838407,158.26666666666665,82.0,1111.6333333333332,3622.4,0.0,0,0,0,0,0,0,{}
1776058694,normal,k3s-wk1,0.33455555555555694,0.6307284534967597,233.0,212.66666666666666,12648.366666666667,5546.1,0.0,0,42,3,0,34,0,"{""process_exit"": 42, ""process_exec"": 42, ""process_kprobe"": 34}"
1776058694,normal,sw-wk3,0.16738874447332697,0.3263588796062534,177.23122042258217,127.17456508698262,2417.816436712658,8317.403186029462,0.0,0,3,2,0,0,0,"{""process_exit"": 3, ""process_exec"": 3}"
1776058694,normal,sw-wk2,0.14211111111111074,0.26500481829838407,158.26666666666665,82.0,1111.6333333333332,3622.4,0.0,0,2,2,0,0,0,"{""process_exec"": 2}"
1776058704,normal,k3s-wk1,0.3069999999999986,0.6318640692748201,230.2,209.79999999999998,12178.5,4817.033333333333,0.0,0,15,2,0,10,0,"{""process_exit"": 15, ""process_exec"": 15, ""process_kprobe"": 10}"
1776058704,normal,sw-wk3,0.16738874447332697,0.3263588796062534,177.23122042258217,127.17456508698262,2417.816436712658,8317.403186029462,0.0,0,3,2,0,0,0,"{""process_exit"": 3, ""process_exec"": 3}"
1776058704,normal,sw-wk2,0.14211111111111074,0.26500481829838407,158.26666666666665,82.0,1111.6333333333332,3622.4,0.0,0,104,5,0,0,0,"{""process_exit"": 106, ""process_exec"": 104}"
1776058714,normal,k3s-wk1,0.3069999999999986,0.6318640692748201,230.2,209.79999999999998,12178.5,4817.033333333333,0.0,0,9,2,0,6,0,"{""process_exit"": 9, ""process_exec"": 9, ""process_kprobe"": 6}"
1776058714,normal,sw-wk3,0.1652220296039434,0.31948583579557677,237.83171089478597,161.68822509667956,3044.439258567809,7367.148953193759,0.0,0,3,2,0,0,0,"{""process_exit"": 3, ""process_exec"": 3}"
1776058714,normal,sw-wk2,0.219666666666669,0.26818887729665586,156.13333333333333,80.0,5509.333333333333,27792.8,0.0,0,0,0,0,0,0,{}
1776058724,normal,k3s-wk1,0.3069999999999986,0.6318640692748201,230.2,209.79999999999998,12178.5,4817.033333333333,0.0,0,36,3,0,30,0,"{""process_exit"": 36, ""process_exec"": 36, ""process_kprobe"": 30}"
1776058724,normal,sw-wk3,0.1652220296039434,0.31948583579557677,237.83171089478597,161.68822509667956,3044.439258567809,7367.148953193759,0.0,0,4,2,0,0,0,"{""process_exit"": 10, ""process_exec"": 4}"
1776058724,normal,sw-wk2,0.219666666666669,0.26818887729665586,156.13333333333333,80.0,5509.333333333333,27792.8,0.0,0,0,0,0,0,0,{}
1776058734,normal,k3s-wk1,0.30660178210341693,0.6310038911208617,237.0508632757816,217.25218318778747,35779.914672355175,6753.249783347776,0.0,0,23,3,0,17,0,"{""process_exit"": 23, ""process_exec"": 23, ""process_kprobe"": 17}"
1776058734,normal,sw-wk3,0.1652220296039434,0.31948583579557677,237.83171089478597,161.68822509667956,3044.439258567809,7367.148953193759,0.0,0,4,2,0,0,0,"{""process_exit"": 4, ""process_exec"": 4}"
1776058734,normal,sw-wk2,0.219666666666669,0.26818887729665586,156.13333333333333,80.0,5509.333333333333,27792.8,0.0,0,0,0,0,0,0,{}
1776058744,normal,k3s-wk1,0.30660178210341693,0.6310038911208617,237.0508632757816,217.25218318778747,35779.914672355175,6753.249783347776,0.0,0,49,3,0,43,0,"{""process_kprobe"": 43, ""process_exit"": 49, ""process_exec"": 49}"
1776058744,normal,sw-wk3,0.18341945879869115,0.3219706442184401,237.83963993998998,161.69361560260043,4026.804467411235,10064.41073512252,0.0,0,4,2,0,0,0,"{""process_exit"": 12, ""process_exec"": 4}"
1776058744,normal,sw-wk2,0.1289999999999989,0.2664080979269371,156.13333333333333,80.0,728.3,3623.9,0.0,0,2,2,0,0,0,"{""process_exec"": 2}"
1776058754,normal,k3s-wk1,0.30660178210341693,0.6310038911208617,237.0508632757816,217.25218318778747,35779.914672355175,6753.249783347776,0.0,0,18,2,0,12,0,"{""process_exit"": 18, ""process_exec"": 18, ""process_kprobe"": 12}"
1776058754,normal,sw-wk3,0.18341945879869115,0.3219706442184401,237.83963993998998,161.69361560260046,4026.804467411235,10064.41073512252,0.0,0,3,2,0,0,0,"{""process_exit"": 3, ""process_exec"": 3}"
1776058754,normal,sw-wk2,0.1289999999999989,0.2664080979269371,156.13333333333333,80.0,728.3,3623.9,0.0,0,104,5,0,0,0,"{""process_exit"": 106, ""process_exec"": 104}"
1776058764,normal,k3s-wk1,0.3355112563059739,0.6331791710456357,234.01560104006936,208.68057870524703,36875.758383892266,14528.635242349492,0.0,0,15,2,0,10,0,"{""process_exit"": 15, ""process_exec"": 15, ""process_kprobe"": 10}"
1776058764,normal,sw-wk3,0.18341945879869115,0.3219706442184401,237.83963993998998,161.69361560260043,4026.804467411235,10064.41073512252,0.0,0,4,2,0,0,0,"{""process_exit"": 4, ""process_exec"": 4}"
1776058764,normal,sw-wk2,0.1289999999999989,0.2664080979269371,156.13333333333333,80.0,728.3,3623.9,0.0,0,0,0,0,0,0,{}
1776058774,normal,k3s-wk1,0.3355112563059739,0.6331791710456357,234.01560104006936,208.68057870524703,36875.758383892266,14528.635242349492,0.0,0,39,3,0,32,0,"{""process_exit"": 39, ""process_exec"": 39, ""process_kprobe"": 32}"
1776058774,normal,sw-wk3,0.18400000000000194,0.32034277613628215,234.53333333333333,158.4,5731.4,9216.766666666666,0.0,0,4,2,0,0,0,"{""process_exit"": 14, ""process_exec"": 4}"
1776058774,normal,sw-wk2,0.21644444444444455,0.2686173474670086,158.26666666666665,82.0,7707.566666666667,27878.2,0.0,0,0,0,0,0,0,{}
1776058784,normal,k3s-wk1,0.3355112563059739,0.6331791710456357,234.01560104006936,208.68057870524703,36875.758383892266,14528.635242349492,0.0,0,12,2,0,8,0,"{""process_exit"": 12, ""process_exec"": 12, ""process_kprobe"": 8}"
1776058784,normal,sw-wk3,0.18400000000000194,0.32034277613628215,234.53333333333333,158.4,5731.4,9216.766666666666,0.0,0,3,2,0,0,0,"{""process_exit"": 3, ""process_exec"": 3}"
1776058784,normal,sw-wk2,0.21644444444444455,0.2686173474670086,158.26666666666665,82.0,7707.566666666667,27878.2,0.0,0,0,0,0,0,0,{}
1776058794,normal,k3s-wk1,0.37355555555555686,0.6304281813327794,236.2,205.79999999999998,12643.9,3552.366666666667,0.0,0,33,3,0,28,0,"{""process_exit"": 33, ""process_exec"": 33, ""process_kprobe"": 28}"
1776058794,normal,sw-wk3,0.18400000000000194,0.32034277613628215,234.53333333333333,158.4,5731.4,9216.766666666666,0.0,0,4,2,0,0,0,"{""process_exit"": 4, ""process_exec"": 4}"
1776058794,normal,sw-wk2,0.21644444444444455,0.2686173474670086,158.26666666666665,82.0,7707.566666666667,0.0,0.0,0,0,0,0,0,0,{}
1776058804,normal,k3s-wk1,0.37355555555555686,0.6304281813327794,236.2,205.79999999999998,12643.9,3552.366666666667,0.0,0,15,2,0,10,0,"{""process_exit"": 15, ""process_exec"": 15, ""process_kprobe"": 10}"
1776058804,normal,sw-wk3,0.19754732071447367,0.311763815773755,208.34444148227138,132.23140495867767,4665.655825113303,8182.184750733137,0.0,0,1,1,0,0,0,"{""process_exit"": 9, ""process_exec"": 1}"
1776058804,normal,sw-wk2,0.12855555555555742,0.2662902288094423,104.8,54.0,761.2,3586.8333333333335,0.0,0,2,2,0,0,0,"{""process_exec"": 2}"
1776058814,normal,k3s-wk1,0.37355555555555686,0.6304281813327794,236.2,205.79999999999998,12643.9,3552.366666666667,0.0,0,60,3,0,52,0,"{""process_exit"": 60, ""process_exec"": 60, ""process_kprobe"": 52}"
1776058814,normal,sw-wk3,0.19754732071447367,0.311763815773755,208.34444148227138,132.23140495867767,4665.655825113303,8182.184750733137,0.0,0,0,0,0,0,0,{}
1776058814,normal,sw-wk2,0.12855555555555742,0.2662902288094423,104.8,54.0,761.2,3586.8333333333335,0.0,0,104,5,0,0,0,"{""process_exit"": 106, ""process_exec"": 104}"
1776058824,normal,k3s-wk1,0.3535555555555523,0.6303739968821365,239.06666666666666,208.66666666666666,35279.4,12315.566666666666,0.0,0,12,2,0,8,0,"{""process_exit"": 12, ""process_exec"": 12, ""process_kprobe"": 8}"
1776058824,normal,sw-wk3,0.19754732071447367,0.311763815773755,208.34444148227138,132.23140495867767,4665.655825113303,8182.184750733137,0.0,0,0,0,0,0,0,{}
1776058824,normal,sw-wk2,0.12855555555555742,0.2662902288094423,104.8,54.0,761.2,3586.8333333333335,0.0,0,0,0,0,0,0,{}
1776058834,normal,k3s-wk1,0.3535555555555524,0.6303739968821365,239.06666666666666,208.66666666666666,35279.4,12315.566666666666,0.0,0,33,3,0,28,0,"{""process_exit"": 33, ""process_exec"": 33, ""process_kprobe"": 28}"
1776058834,normal,sw-wk3,0.1694448148642015,0.31677006761546,156.15415388718495,80.01066808907854,2957.2609681290837,5210.394719295907,0.0,0,0,0,0,0,0,{}
1776058834,normal,sw-wk2,0.22466666666665935,0.2707246561487062,158.26666666666665,82.0,5648.233333333334,27723.63333333333,0.0,0,0,0,0,0,0,{}
1776058844,normal,k3s-wk1,0.3535555555555524,0.6303739968821365,239.06666666666666,208.66666666666666,35279.4,12315.566666666666,0.0,0,15,2,0,10,0,"{""process_exit"": 15, ""process_exec"": 15, ""process_kprobe"": 10}"
1776058844,normal,sw-wk3,0.1694448148642015,0.31677006761546,156.15415388718495,80.01066808907854,2957.2609681290837,5210.394719295906,0.0,0,1,1,0,0,0,"{""process_exit"": 3, ""process_exec"": 1}"
1776058844,normal,sw-wk2,0.22466666666665935,0.2707246561487062,158.26666666666665,82.0,5648.233333333334,27723.63333333333,0.0,0,0,0,0,0,0,{}
1776058854,normal,k3s-wk1,0.29366666666666985,0.6348453429029094,239.06666666666666,208.66666666666666,9209.433333333332,1799.3999999999999,0.0,0,36,3,0,30,0,"{""process_exit"": 36, ""process_exec"": 36, ""process_kprobe"": 30}"
1776058854,normal,sw-wk3,0.1694448148642015,0.31677006761546,156.15415388718495,80.01066808907854,2957.2609681290837,5210.394719295906,0.0,0,0,0,0,0,0,{}
1776058854,normal,sw-wk2,0.22466666666665935,0.2707246561487062,158.26666666666665,82.0,0.0,0.0,0.0,0,0,0,0,0,0,{}
1776058864,normal,k3s-wk1,0.29366666666666985,0.6348453429029094,239.06666666666666,208.66666666666666,9209.433333333332,1799.3999999999999,0.0,0,36,3,0,30,0,"{""process_exit"": 37, ""process_exec"": 36, ""process_kprobe"": 30}"
1776058864,normal,sw-wk3,0.15055340712095389,0.32062789197454666,109.28123749833311,60.00800106680891,2298.5064675290037,5589.011868249099,0.0,0,0,0,0,0,0,{}
1776058864,normal,sw-wk2,0.12497639124976656,0.2682509975072275,156.1177215611772,79.99200079992,713.1953471319534,3624.4042262440425,0.0,0,2,2,0,0,0,"{""process_exec"": 2}"
1776058874,normal,k3s-wk1,0.29366666666666985,0.6348453429029094,239.06666666666666,208.66666666666666,9209.433333333332,1799.3999999999999,0.0,0,60,3,0,52,0,"{""process_exit"": 60, ""process_exec"": 60, ""process_kprobe"": 52}"
1776058874,normal,sw-wk3,0.15055340712095389,0.32062789197454666,109.28123749833311,60.00800106680891,2298.5064675290037,5589.011868249099,0.0,0,0,0,0,0,0,{}
1776058874,normal,sw-wk2,0.12497639124976656,0.2682509975072275,156.1177215611772,79.99200079992,713.1953471319534,3624.4042262440425,0.0,0,104,5,0,0,0,"{""process_exit"": 106, ""process_exec"": 104}"
