timestamp,label,node,avg_cpu,avg_mem,net_bytes_in,net_bytes_out,net_internal_bytes_in,net_internal_bytes_out,net_drop_rate,last_successful_scrape_age_sec,exec_count,unique_process_count,tmp_exec_count,outbound_connect_count,mining_port_count,syscall_feature_vector
1776412185,normal,sw-wk3,0.13911111111115637,0.4095626744141596,156.13333333333333,80.0,4258.4,5229.066666666667,0.0,0,0,0,0,0,0,{}
1776412185,normal,sw-wk2,0.17452699174527797,0.2839000598901589,116.05506116055061,100.85658100856581,5306.63600306636,4297.2702729727025,0.0,0,0,0,0,0,0,{}
1776412185,normal,k3s-wk1,0.24399999999994992,0.6254533714581149,26.266666666666666,19.1,0.0,0.0,0.0,0,0,0,0,0,0,{}
1776412194,normal,k3s-wk1,0.2855555555556041,0.6425259887815611,112.86666666666666,107.8,8998.566666666666,7873.933333333333,0.0,0,9,2,0,6,0,"{""process_exit"": 9, ""process_exec"": 9, ""process_kprobe"": 6}"
1776412194,normal,sw-wk2,0.17452699174527797,0.2839000598901589,116.05506116055061,100.85658100856581,5306.63600306636,4297.2702729727025,0.0,0,0,0,0,0,0,{}
1776412194,normal,sw-wk3,0.13911111111115637,0.4095626744141596,156.13333333333333,80.0,4258.4,5229.066666666667,0.0,0,0,0,0,0,0,{}
1776412204,normal,k3s-wk1,0.2855555555556041,0.6425259887815611,112.86666666666666,107.8,8998.566666666666,7873.933333333333,0.0,0,39,3,0,32,0,"{""process_exit"": 39, ""process_exec"": 39, ""process_kprobe"": 32}"
1776412204,normal,sw-wk2,0.11114073975311933,0.27723409406577726,117.66274457518081,103.99653344888502,572.147595080164,3616.2127929069034,0.0,0,2,2,0,0,0,"{""process_exec"": 2}"
1776412204,normal,sw-wk3,0.17566666666668118,0.40527797953540523,154.0,78.0,2463.6,6059.866666666667,0.0,0,1,1,0,0,0,"{""process_exit"": 5, ""process_exec"": 1}"
1776412215,normal,k3s-wk1,0.2855555555556041,0.6425259887815611,0.0,189.06666666666666,34339.9,10066.366666666667,0.0,0,36,3,0,30,0,"{""process_exit"": 36, ""process_exec"": 36, ""process_kprobe"": 30}"
1776412215,normal,sw-wk2,0.11114073975311944,0.27723409406577726,117.66274457518081,103.99653344888502,572.1475950801639,3616.2127929069025,0.0,0,104,5,0,0,0,"{""process_exit"": 106, ""process_exec"": 104}"
1776412215,normal,sw-wk3,0.17566666666668118,0.40527797953540523,154.0,78.0,2463.6,6059.866666666667,0.0,0,0,0,0,0,0,{}
1776412224,normal,k3s-wk1,0.3253333333333205,0.6681416878230606,204.26666666666665,189.06666666666666,34339.9,10066.366666666667,0.0,0,36,3,0,30,0,"{""process_exit"": 36, ""process_exec"": 36, ""process_kprobe"": 30}"
1776412224,normal,sw-wk2,0.11114073975311944,0.27723409406577726,117.66274457518081,103.99653344888502,572.1475950801639,3616.2127929069025,0.0,0,0,0,0,0,0,{}
1776412224,normal,sw-wk3,0.17566666666668118,0.40527797953540523,154.0,78.0,2463.6,6059.866666666667,0.0,0,0,0,0,0,0,{}
1776412234,normal,k3s-wk1,0.3253333333333205,0.6681416878230606,204.26666666666665,189.06666666666666,34339.9,10066.366666666667,0.0,0,57,3,0,50,0,"{""process_exit"": 57, ""process_exec"": 57, ""process_kprobe"": 50}"
1776412234,normal,sw-wk2,0.21811797128505372,0.28647087681741146,116.08214428590479,100.88011734897987,5471.462861714895,27975.996799573277,0.0,0,0,0,0,0,0,{}
1776412234,normal,sw-wk3,0.15577777777774215,0.4036373714591537,156.13333333333333,80.0,2934.9333333333334,5227.6,0.0,0,0,0,0,0,0,{}
1776412245,normal,sw-wk3,0.15577777777774215,0.4036373714591537,156.13333333333333,80.0,2934.9333333333334,5227.6,0.0,0,1,1,0,0,0,"{""process_exit"": 33, ""process_exec"": 1}"
1776412245,normal,sw-wk2,0.21811797128505372,0.28647087681741146,116.08214428590479,100.88011734897987,5471.462861714895,27975.996799573277,0.0,0,0,0,0,0,0,{}
1776412245,normal,k3s-wk1,0.3253333333333205,0.6681416878230606,204.26666666666665,189.06666666666666,0.0,0.0,0.0,0,39,3,0,32,0,"{""process_exit"": 39, ""process_exec"": 39, ""process_kprobe"": 32}"
1776412254,normal,k3s-wk1,0.27722222222223036,0.655596858656474,464.6333333333333,333.76666666666665,12956.966666666667,1396.6666666666667,0.0,0,33,3,0,28,0,"{""process_exit"": 33, ""process_exec"": 33, ""process_kprobe"": 28}"
1776412254,normal,sw-wk2,0.21811797128505372,0.28647087681741146,116.08214428590479,100.88011734897987,5471.462861714895,27975.996799573277,0.0,0,0,0,0,0,0,{}
1776412254,normal,sw-wk3,0.15577777777774215,0.4036373714591537,156.13333333333333,80.0,2934.9333333333334,5227.6,0.0,0,0,0,0,0,0,{}
1776412264,normal,k3s-wk1,0.27722222222223036,0.655596858656474,464.6333333333333,333.76666666666665,12956.966666666667,1396.6666666666667,0.0,0,15,2,0,10,0,"{""process_exit"": 15, ""process_exec"": 15, ""process_kprobe"": 10}"
1776412264,normal,sw-wk2,0.1101111111111095,0.2792856505727793,116.03333333333333,100.86666666666666,530.7333333333333,3587.6666666666665,0.0,0,2,2,0,0,0,"{""process_exec"": 2}"
1776412264,normal,sw-wk3,0.16200000000001946,0.39991175758502495,154.0,78.00000000000001,2389.1,10385.733333333334,0.0,0,1,1,0,0,0,"{""process_exit"": 5, ""process_exec"": 1}"
1776412275,transition,k3s-wk1,0.0,0.6574447741919461,172.13333333333335,170.2,10047.9,4590.366666666667,0.0,10,57,3,0,50,0,"{""process_exit"": 57, ""process_exec"": 57, ""process_kprobe"": 50}"
1776412275,transition,sw-wk2,0.1101111111111095,0.2792856505727793,116.03333333333333,100.86666666666666,530.7333333333333,3587.6666666666665,0.0,10,0,0,0,0,0,{}
1776412275,transition,sw-wk3,0.16200000000001946,0.39991175758502495,154.0,78.0,2389.1,10385.733333333334,0.0,10,0,0,0,0,0,{}
1776412284,normal,k3s-wk1,0.27744444444441696,0.6574447741919461,172.13333333333333,170.2,10047.9,4590.366666666667,0.0,0,12,2,0,8,0,"{""process_exit"": 12, ""process_exec"": 12, ""process_kprobe"": 8}"
1776412284,normal,sw-wk2,0.1101111111111095,0.2792856505727793,116.03333333333333,100.86666666666666,530.7333333333333,3587.6666666666665,0.0,0,104,5,0,0,0,"{""process_exit"": 106, ""process_exec"": 104}"
1776412284,normal,sw-wk3,0.16200000000001946,0.39991175758502495,154.0,78.0,2389.1,10385.733333333334,0.0,0,0,0,0,0,0,{}
1776412294,normal,k3s-wk1,0.27744444444441696,0.6574447741919461,172.13333333333333,170.2,10047.9,4590.366666666667,0.0,0,36,3,0,30,0,"{""process_exit"": 36, ""process_exec"": 36, ""process_kprobe"": 30}"
1776412294,normal,sw-wk2,0.2043863742417108,0.283989257999159,116.05892940470635,100.85994267048864,5354.409706019598,27919.472035197654,0.0,0,0,0,0,0,0,{}
1776412294,normal,sw-wk3,0.14411111111104324,0.40587847394778087,104.8,54.0,2918.866666666667,5205.1,0.0,0,0,0,0,0,0,{}
1776412305,normal,k3s-wk1,0.27744444444441696,0.6574447741919461,172.13333333333333,0.0,0.0,0.0,0.0,0,12,2,0,8,0,"{""process_exit"": 12, ""process_exec"": 12, ""process_kprobe"": 8}"
1776412305,normal,sw-wk2,0.2043863742417108,0.283989257999159,116.05892940470635,100.85994267048864,5354.409706019598,27919.472035197654,0.0,0,0,0,0,0,0,{}
1776412305,normal,sw-wk3,0.14411111111104324,0.40587847394778087,104.8,54.0,2918.866666666667,5205.1,0.0,0,1,1,0,0,0,"{""process_exit"": 3, ""process_exec"": 1}"
1776412314,normal,k3s-wk1,0.2680000000000695,0.6543619047189012,247.66666666666666,239.2,33083.666666666664,6557.666666666667,0.0,0,60,3,0,52,0,"{""process_exit"": 60, ""process_exec"": 60, ""process_kprobe"": 52}"
1776412314,normal,sw-wk2,0.2043863742417108,0.283989257999159,116.05892940470635,100.85994267048864,5354.409706019598,27919.472035197654,0.0,0,0,0,0,0,0,{}
1776412314,normal,sw-wk3,0.14411111111104324,0.40587847394778087,104.8,54.0,2918.866666666667,5205.1,0.0,0,0,0,0,0,0,{}
1776412324,normal,k3s-wk1,0.2680000000000695,0.6543619047189012,247.66666666666666,239.2,33083.666666666664,6557.666666666667,0.0,0,36,3,0,30,0,"{""process_exit"": 36, ""process_exec"": 36, ""process_kprobe"": 30}"
1776412324,normal,sw-wk2,0.10582927750739657,0.28162072964053164,73.27155143676245,68.20454696979799,619.1079405293686,3636.209080605374,0.0,0,2,2,0,0,0,"{""process_exec"": 2}"
1776412324,normal,sw-wk3,0.14888888888890506,0.40488773780852994,156.13333333333333,80.0,2400.633333333333,5727.6,0.0,0,0,0,0,0,0,{}
1776412335,normal,k3s-wk1,0.2680000000000695,0.6543619047189012,0.0,204.2,9494.9,4833.333333333333,0.0,0,36,3,0,30,0,"{""process_exit"": 37, ""process_exec"": 36, ""process_kprobe"": 30}"
1776412335,normal,sw-wk2,0.10582927750739657,0.28162072964053164,73.27155143676245,68.20454696979799,619.1079405293686,3636.209080605374,0.0,0,0,0,0,0,0,{}
1776412335,normal,sw-wk3,0.14888888888890495,0.40488773780852994,156.13333333333333,80.0,2400.633333333333,5727.6,0.0,0,0,0,0,0,0,{}
1776412345,normal,k3s-wk1,0.2867777777777115,0.6543686777752316,218.93333333333334,204.2,9494.9,4833.333333333333,0.0,0,57,3,0,50,0,"{""process_exit"": 57, ""process_exec"": 57, ""process_kprobe"": 50}"
1776412345,normal,sw-wk2,0.10582927750739657,0.28162072964053164,73.27155143676245,68.20454696979799,619.1079405293686,3636.209080605374,0.0,0,104,5,0,0,0,"{""process_exit"": 106, ""process_exec"": 104}"
1776412345,normal,sw-wk3,0.14888888888890506,0.40488773780852994,156.13333333333333,80.0,2400.633333333333,5727.6,0.0,0,1,1,0,0,0,"{""process_exit"": 19, ""process_exec"": 1}"
1776412355,normal,k3s-wk1,0.2867777777777115,0.6543686777752316,218.93333333333334,204.2,9494.9,4833.333333333333,0.0,0,12,2,0,8,0,"{""process_exit"": 12, ""process_exec"": 12, ""process_kprobe"": 8}"
1776412355,normal,sw-wk2,0.20677777777778428,0.285973915924411,100.86666666666666,100.86666666666666,5472.966666666666,28025.0,0.0,0,0,0,0,0,0,{}
1776412355,normal,sw-wk3,0.14833333333335752,0.40552327433515556,158.46666666666667,84.0,2831.9,7801.8,0.0,0,0,0,0,0,0,{}
1776412365,normal,k3s-wk1,0.2867777777777115,0.6543686777752316,0.0,0.0,0.0,0.0,0.0,0,36,3,0,30,0,"{""process_exit"": 36, ""process_exec"": 36, ""process_kprobe"": 30}"
1776412365,normal,sw-wk2,0.20677777777778428,0.285973915924411,100.86666666666666,100.86666666666666,5472.966666666666,28025.0,0.0,0,0,0,0,0,0,{}
1776412365,normal,sw-wk3,0.14833333333335752,0.40552327433515556,158.46666666666667,84.0,2831.9,7801.8,0.0,0,0,0,0,0,0,{}
1776412375,normal,k3s-wk1,0.2895154928951872,0.6541113016346771,217.31160217311603,202.11312202113123,35418.891444188914,8894.877178948773,0.0,0,81,3,0,72,0,"{""process_exit"": 81, ""process_exec"": 81, ""process_kprobe"": 72}"
1776412375,normal,sw-wk2,0.20677777777778428,0.285973915924411,100.86666666666666,100.86666666666666,5472.966666666666,28025.0,0.0,0,7,6,0,2,1,"{""process_exec"": 7, ""process_exit"": 7, ""process_kprobe"": 2}"
1776412375,normal,sw-wk3,0.14833333333335752,0.40552327433515556,158.46666666666667,84.0,2831.9,7801.8,0.0,0,0,0,0,0,0,{}
1776412385,normal,k3s-wk1,0.2895154928951872,0.6541113016346771,217.31160217311603,202.11312202113123,35418.891444188914,8894.877178948773,0.0,0,33,3,0,28,0,"{""process_exit"": 33, ""process_exec"": 33, ""process_kprobe"": 28}"
1776412385,normal,sw-wk2,0.14699999999999525,0.28433330784815936,134.0,125.7,2440.4666666666667,5730.033333333333,0.0,0,7,6,0,3,2,"{""process_exit"": 7, ""process_exec"": 7, ""process_kprobe"": 3}"
1776412385,normal,sw-wk3,0.16166666666665863,0.4071097264166571,156.13333333333333,80.0,4280.8,7632.333333333333,0.0,0,1,1,0,0,0,"{""process_exit"": 17, ""process_exec"": 1}"
1776412395,normal,k3s-wk1,0.2895154928951872,0.6541113016346771,0.0,0.0,40615.4,10954.533333333333,0.0,0,12,2,0,8,0,"{""process_exit"": 12, ""process_exec"": 12, ""process_kprobe"": 8}"
1776412395,normal,sw-wk2,0.14699999999999525,0.28433330784815936,134.0,125.7,2440.4666666666667,5730.033333333333,0.0,0,108,9,0,1,1,"{""process_exit"": 112, ""process_exec"": 108, ""process_kprobe"": 1}"
1776412395,normal,sw-wk3,0.16166666666665863,0.4071097264166571,156.13333333333335,80.0,4280.8,7632.333333333333,0.0,0,0,0,0,0,0,{}
1776412405,normal,sw-wk3,0.16166666666665863,0.4071097264166571,156.13333333333333,80.0,4280.8,7632.333333333333,0.0,0,1,1,0,0,0,"{""process_exit"": 5, ""process_exec"": 1}"
1776412405,normal,sw-wk2,0.14699999999999525,0.28433330784815936,134.0,125.7,2440.4666666666667,5730.033333333333,0.0,0,3,3,0,2,1,"{""process_exit"": 3, ""process_exec"": 3, ""process_kprobe"": 2}"
1776412405,normal,k3s-wk1,0.31344444444443476,0.65511145628613,226.86666666666667,211.66666666666666,40615.4,10954.533333333333,0.0,0,102,3,0,92,0,"{""process_exit"": 102, ""process_exec"": 102, ""process_kprobe"": 92}"
1776412415,normal,k3s-wk1,0.31344444444443476,0.65511145628613,226.86666666666667,211.66666666666666,40615.4,10954.533333333333,0.0,0,75,3,0,68,0,"{""process_exit"": 75, ""process_exec"": 75, ""process_kprobe"": 68}"
1776412415,normal,sw-wk2,0.32420121761542975,0.28786937574066285,125.31662445007333,129.58272230369283,5580.08932142381,32079.82269030796,0.0,0,9,5,0,4,3,"{""process_exit"": 13, ""process_exec"": 9, ""process_kprobe"": 4}"
1776412415,normal,sw-wk3,0.14844444444445093,0.40613491851115613,154.0,78.00000000000001,3425.1666666666665,7461.833333333333,0.0,0,1,1,0,0,0,"{""process_exit"": 11, ""process_exec"": 1}"
1776412425,normal,k3s-wk1,0.31344444444443476,0.65511145628613,0.0,0.0,17442.044204420443,4813.247991465814,0.0,0,33,3,0,28,0,"{""process_exit"": 33, ""process_exec"": 33, ""process_kprobe"": 28}"
1776412425,normal,sw-wk2,0.32420121761542975,0.28786937574066285,125.31662445007333,129.58272230369283,5580.08932142381,32079.82269030796,0.0,0,6,5,0,3,2,"{""process_exit"": 8, ""process_exec"": 6, ""process_kprobe"": 3}"
1776412425,normal,sw-wk3,0.14844444444445093,0.40613491851115613,154.0,78.00000000000001,3425.1666666666665,7461.833333333333,0.0,0,0,0,0,0,0,{}
1776412435,normal,k3s-wk1,0.27603871498263344,0.6536845990858632,229.68963563022967,214.35476881021435,17442.044204420443,4813.247991465813,0.0,0,75,3,0,68,0,"{""process_exit"": 75, ""process_exec"": 75, ""process_kprobe"": 68}"
1776412435,normal,sw-wk2,0.32420121761542975,0.28786937574066285,125.31662445007333,129.58272230369283,5580.08932142381,0.0,0.0,0,3,3,0,2,1,"{""process_exit"": 3, ""process_exec"": 3, ""process_kprobe"": 2}"
1776412435,normal,sw-wk3,0.14844444444445093,0.40613491851115613,154.0,78.0,3425.1666666666665,7461.833333333333,0.0,0,0,0,0,0,0,{}
1776412445,normal,k3s-wk1,0.27603871498263366,0.6536845990858632,229.68963563022967,214.35476881021435,17442.044204420443,4813.247991465813,0.0,0,36,3,0,30,0,"{""process_exit"": 36, ""process_exec"": 36, ""process_kprobe"": 30}"
1776412445,normal,sw-wk2,0.14766413299550252,0.28812263465728816,176.05680757434322,165.35538071742897,2485.831444192559,9949.059874649953,0.0,0,8,6,0,3,2,"{""process_exit"": 8, ""process_exec"": 8, ""process_kprobe"": 3}"
1776412445,normal,sw-wk3,0.16355555555556844,0.3998416733565249,156.13333333333335,80.0,2961.6666666666665,5258.8,0.0,0,0,0,0,0,0,{}
1776412455,transition,k3s-wk1,0.0,0.6536845990858632,189.03516080653222,189.03516080653225,38629.79503416097,6091.184802532911,0.0,10,15,2,0,10,0,"{""process_exit"": 15, ""process_exec"": 15, ""process_kprobe"": 10}"
1776412455,transition,sw-wk2,0.14766413299550252,0.28812263465728816,176.05680757434322,165.35538071742897,2485.831444192559,9949.059874649953,0.0,10,109,9,0,3,2,"{""process_exit"": 113, ""process_exec"": 109, ""process_kprobe"": 3}"
1776412455,transition,sw-wk3,0.16355555555556844,0.3998416733565249,156.13333333333333,80.00000000000001,2961.6666666666665,5258.8,0.0,10,1,1,0,0,0,"{""process_exit"": 5, ""process_exec"": 1}"
1776412465,normal,k3s-wk1,0.2865633505526728,0.6534610882269606,189.03516080653225,189.03516080653225,38629.795034160976,6091.184802532911,0.0,0,84,3,0,74,0,"{""process_exit"": 84, ""process_exec"": 84, ""process_kprobe"": 74}"
1776412465,normal,sw-wk2,0.14766413299550252,0.28812263465728816,0.0,0.0,7097.660155989601,34184.32104526365,0.0,0,7,5,0,3,2,"{""process_exit"": 9, ""process_exec"": 7, ""process_kprobe"": 3}"
1776412465,normal,sw-wk3,0.16355555555556844,0.3998416733565249,156.13333333333333,80.0,2961.6666666666665,5258.8,0.0,0,0,0,0,0,0,{}
1776412475,normal,k3s-wk1,0.2865633505526728,0.6534610882269606,189.03516080653225,189.03516080653225,38629.795034160976,6091.184802532911,0.0,0,75,3,0,68,0,"{""process_exit"": 75, ""process_exec"": 75, ""process_kprobe"": 68}"
1776412475,normal,sw-wk2,0.20471968535433083,0.2957793366209208,119.92533831077928,128.15812279181387,7097.660155989601,34184.32104526365,0.0,0,6,5,0,3,2,"{""process_exit"": 8, ""process_exec"": 6, ""process_kprobe"": 3}"
1776412475,normal,sw-wk3,0.14622222222218018,0.4046902277100297,102.66666666666667,52.0,5279.9,6171.666666666668,0.0,0,0,0,0,0,0,{}
1776412485,transition,sw-wk3,0.14622222222218018,0.4046902277100297,102.66666666666667,52.00000000000001,5279.9,6171.666666666667,0.0,10,1,1,0,0,0,"{""process_exit"": 3, ""process_exec"": 1}"
1776412485,transition,sw-wk2,0.20471968535433083,0.2957793366209208,119.92533831077928,128.15812279181387,7097.660155989601,34184.32104526365,0.0,10,5,4,0,3,2,"{""process_exit"": 7, ""process_exec"": 5, ""process_kprobe"": 3}"
1776412485,transition,k3s-wk1,0.0,0.6526765425353582,216.76946157692947,214.70245040840138,15923.387231205199,9439.639939989996,0.0,10,39,3,0,32,0,"{""process_exit"": 39, ""process_exec"": 39, ""process_kprobe"": 32}"
1776412495,normal,k3s-wk1,0.3102183697282509,0.6526765425353582,216.76946157692947,214.70245040840138,15923.387231205199,9439.639939989996,0.0,0,9,2,0,6,0,"{""process_exit"": 9, ""process_exec"": 9, ""process_kprobe"": 6}"
1776412495,normal,sw-wk2,0.20471968535433083,0.2957793366209208,119.92533831077928,0.0,0.0,8774.284952330156,0.0,0,4,4,0,1,1,"{""process_exit"": 6, ""process_exec"": 4, ""process_kprobe"": 1}"
1776412495,normal,sw-wk3,0.14622222222218018,0.4046902277100297,102.66666666666667,52.0,5279.9,6171.666666666667,0.0,0,0,0,0,0,0,{}
1776412505,normal,k3s-wk1,0.3102183697282509,0.6526765425353582,216.76946157692947,214.70245040840138,15923.387231205199,9439.639939989996,0.0,0,36,3,0,30,0,"{""process_exit"": 36, ""process_exec"": 36, ""process_kprobe"": 30}"
1776412505,normal,sw-wk2,0.2110585150120916,0.2873851574346624,142.94286285752383,147.90986065737718,719.2146143076205,8774.284952330156,0.0,0,107,8,0,1,1,"{""process_exit"": 109, ""process_exec"": 107, ""process_kprobe"": 1}"
1776412505,normal,sw-wk3,0.1661944916619933,0.4079188806911579,156.1177215611772,79.99200079992,3105.5227810552274,6146.15205146152,0.0,0,1,1,0,0,0,"{""process_exit"": 3, ""process_exec"": 1}"
1776412515,transition,k3s-wk1,0.0,0.6526765425353582,245.26666666666665,218.46666666666667,35586.566666666666,12288.366666666667,0.0,10,33,3,0,28,0,"{""process_exit"": 33, ""process_exec"": 33, ""process_kprobe"": 28}"
1776412515,transition,sw-wk2,0.2110585150120916,0.2873851574346624,142.94286285752383,147.90986065737718,719.2146143076205,8774.284952330156,0.0,10,0,0,0,0,0,{}
1776412515,transition,sw-wk3,0.1661944916619933,0.4079188806911579,156.11772156117718,79.99200079992,3105.522781055228,6146.1520514615195,0.0,10,0,0,0,0,0,{}
1776412525,normal,k3s-wk1,0.2996666666666796,0.6533831980791612,245.26666666666665,218.46666666666667,35586.566666666666,12288.366666666667,0.0,0,60,3,0,52,0,"{""process_exit"": 60, ""process_exec"": 60, ""process_kprobe"": 52}"
1776412525,normal,sw-wk2,0.2110585150120916,0.2873851574346624,0.0,0.0,7477.066666666667,28575.533333333333,0.0,0,0,0,0,0,0,{}
1776412525,normal,sw-wk3,0.1661944916619933,0.4079188806911579,156.1177215611772,79.99200079992,3105.522781055228,6146.15205146152,0.0,0,1,1,0,0,0,"{""process_exit"": 5, ""process_exec"": 1}"
1776412535,normal,k3s-wk1,0.2996666666666796,0.6533831980791612,245.26666666666665,218.46666666666667,35586.566666666666,12288.366666666667,0.0,0,39,3,0,32,0,"{""process_exit"": 40, ""process_exec"": 39, ""process_kprobe"": 32}"
1776412535,normal,sw-wk2,0.2284444444444591,0.2875922244734126,126.06666666666666,100.86666666666666,7477.066666666667,28575.533333333333,0.0,0,0,0,0,0,0,{}
1776412535,normal,sw-wk3,0.14091409140912647,0.40635950660703135,156.14894822815614,80.00800080008,2930.7930793079313,5993.065973263992,0.0,0,0,0,0,0,0,{}
1776412545,transition,k3s-wk1,0.0,0.6534215787317,199.6,189.46666666666667,9707.133333333333,1899.3666666666666,0.0,10,39,2,0,32,0,"{""process_exec"": 39, ""process_kprobe"": 32, ""process_exit"": 38}"
1776412545,transition,sw-wk2,0.2284444444444591,0.2875922244734126,126.06666666666666,100.86666666666666,7477.066666666667,28575.533333333333,0.0,10,0,0,0,0,0,{}
1776412545,transition,sw-wk3,0.14091409140912647,0.40635950660703135,156.14894822815617,80.00800080008,2930.793079307931,5993.065973263992,0.0,10,0,0,0,0,0,{}
1776412555,normal,k3s-wk1,0.26400000000002266,0.6534215787317,199.6,189.46666666666667,9707.133333333333,1899.3666666666666,0.0,0,15,2,0,10,0,"{""process_exit"": 15, ""process_exec"": 15, ""process_kprobe"": 10}"
1776412555,normal,sw-wk2,0.1134444444444348,0.28502777883966,113.2,98.0,718.0666666666666,3720.1666666666665,0.0,0,0,0,0,0,0,{}
1776412555,normal,sw-wk3,0.14091409140912647,0.40635950660703135,156.14894822815614,80.00800080008,2930.793079307931,5993.065973263992,0.0,0,0,0,0,0,0,{}
1776412565,normal,k3s-wk1,0.26400000000002266,0.6534215787317,199.6,189.46666666666667,9707.133333333333,1899.3666666666666,0.0,0,33,3,0,28,0,"{""process_exit"": 33, ""process_exec"": 33, ""process_kprobe"": 28}"
1776412565,normal,sw-wk2,0.1134444444444348,0.28502777883966,113.2,98.0,718.0666666666666,3720.1666666666665,0.0,0,0,0,0,0,0,{}
1776412565,normal,sw-wk3,0.17323052721369914,0.40681823973903186,155.67150786001528,79.76336867293696,2324.0054504968593,7105.752932965536,0.0,0,1,1,0,0,0,"{""process_exit"": 13, ""process_exec"": 1}"
1776412575,normal,k3s-wk1,0.33511111111106906,0.6537918391444275,223.83333333333334,208.66666666666666,34996.4,9524.066666666666,0.0,0,81,3,0,72,0,"{""process_exit"": 81, ""process_exec"": 81, ""process_kprobe"": 72}"
1776412575,normal,sw-wk2,0.1134444444444348,0.28502777883966,113.2,98.0,718.0666666666666,3720.1666666666665,0.0,0,106,7,0,0,0,"{""process_exec"": 106, ""process_exit"": 106}"
1776412575,normal,sw-wk3,0.17323052721369914,0.40681823973903186,155.67150786001528,79.76336867293696,2324.0054504968593,7105.7529329655345,0.0,0,0,0,0,0,0,{}
1776412585,normal,k3s-wk1,0.33511111111106906,0.6537918391444275,223.83333333333334,208.66666666666666,34996.4,9524.066666666666,0.0,0,33,3,0,28,0,"{""process_exit"": 33, ""process_exec"": 33, ""process_kprobe"": 28}"
1776412585,normal,sw-wk2,0.196609114947898,0.28436675713903437,116.0255982934471,100.85994267048864,5328.711419238717,27791.78054796347,0.0,0,0,0,0,0,0,{}
1776412585,normal,sw-wk3,0.17323052721369914,0.40681823973903186,155.67150786001528,79.76336867293696,2324.005450496859,7105.752932965536,0.0,0,1,1,0,0,0,"{""process_exit"": 11, ""process_exec"": 1}"
1776412595,normal,k3s-wk1,0.33511111111106906,0.6537918391444275,223.83333333333334,208.66666666666666,34996.4,9524.066666666666,0.0,0,15,2,0,10,0,"{""process_exit"": 15, ""process_exec"": 15, ""process_kprobe"": 10}"
1776412595,normal,sw-wk2,0.196609114947898,0.28436675713903437,116.0255982934471,100.85994267048864,5328.711419238717,27791.78054796347,0.0,0,0,0,0,0,0,{}
1776412595,normal,sw-wk3,0.25813245963023945,0.4126877938759127,159.60683360636554,83.24696599913075,6422.553575607636,7206.412356658084,0.0,0,1,1,0,0,0,"{""process_exec"": 1}"
1776412605,normal,k3s-wk1,0.28055555555559597,0.6526562233663671,218.79999999999998,208.66666666666666,10848.466666666667,5628.433333333334,0.0,0,81,3,0,72,0,"{""process_exit"": 81, ""process_exec"": 81, ""process_kprobe"": 72}"
1776412605,normal,sw-wk2,0.196609114947898,0.28436675713903437,116.0255982934471,100.85994267048864,5328.711419238717,27791.78054796347,0.0,0,0,0,0,0,0,{}
1776412605,normal,sw-wk3,0.2581324596302397,0.4126877938759127,159.60683360636554,83.24696599913075,6422.553575607636,7206.412356658086,0.0,0,0,0,0,0,0,{}
1776412615,normal,k3s-wk1,0.28055555555559597,0.6526562233663671,218.79999999999998,208.66666666666666,10848.466666666667,5628.433333333333,0.0,0,12,2,0,8,0,"{""process_exit"": 12, ""process_exec"": 12, ""process_kprobe"": 8}"
1776412615,normal,sw-wk2,0.11888888888887683,0.276018769830651,113.2,98.0,1107.6333333333332,3673.1,0.0,0,0,0,0,0,0,{}
1776412615,normal,sw-wk3,0.2581324596302397,0.4126877938759127,159.60683360636554,83.24696599913075,6422.553575607636,7206.412356658086,0.0,0,1,1,0,0,0,"{""process_exit"": 13, ""process_exec"": 1}"
1776412625,normal,k3s-wk1,0.28055555555559597,0.6526562233663671,218.79999999999998,208.66666666666666,10848.466666666667,5628.433333333333,0.0,0,36,3,0,30,0,"{""process_exit"": 36, ""process_exec"": 36, ""process_kprobe"": 30}"
1776412625,normal,sw-wk2,0.11888888888887683,0.276018769830651,113.20000000000002,98.0,1107.6333333333332,3673.1,0.0,0,2,2,0,0,0,"{""process_exec"": 2}"
1776412625,normal,sw-wk3,0.20788888888887913,0.43125533595830623,104.8,54.0,2274.5000000000005,7246.066666666667,0.0,0,0,0,0,0,0,{}
1776412635,normal,k3s-wk1,0.30671732151387066,0.6504369185754457,205.75199120205284,205.75199120205284,35219.54877195321,9451.89455793648,0.0,0,41,3,0,35,0,"{""process_exit"": 42, ""process_exec"": 41, ""process_kprobe"": 35}"
1776412635,normal,sw-wk2,0.11888888888887683,0.276018769830651,113.2,98.0,1107.6333333333332,3673.1,0.0,0,104,5,0,0,0,"{""process_exit"": 106, ""process_exec"": 104}"
1776412635,normal,sw-wk3,0.20788888888887913,0.43125533595830623,104.8,54.0,2274.5,7246.066666666667,0.0,0,0,0,0,0,0,{}
1776412645,normal,k3s-wk1,0.30671732151387066,0.6504369185754457,205.75199120205284,205.75199120205284,35219.54877195322,9451.89455793648,0.0,0,25,2,0,21,0,"{""process_exit"": 25, ""process_exec"": 25, ""process_kprobe"": 21}"
1776412645,normal,sw-wk2,0.19450185567926992,0.2885654395555386,73.27155143676245,68.20454696979799,5425.795053003534,27913.960930728717,0.0,0,0,0,0,0,0,{}
1776412645,normal,sw-wk3,0.20788888888887913,0.43125533595830623,104.8,54.0,2274.5,7246.066666666667,0.0,0,0,0,0,0,0,{}
1776412655,normal,k3s-wk1,0.30671732151387066,0.6504369185754457,205.75199120205284,205.75199120205284,35219.54877195321,9451.89455793648,0.0,0,12,2,0,8,0,"{""process_exit"": 12, ""process_exec"": 12, ""process_kprobe"": 8}"
1776412655,normal,sw-wk2,0.19450185567926992,0.2885654395555386,73.27155143676245,68.20454696979799,5425.795053003534,27913.960930728717,0.0,0,0,0,0,0,0,{}
1776412655,normal,sw-wk3,0.14980836527246744,0.44517183378569514,156.10731544742544,79.98666888851858,3001.1331444759207,6328.478586902182,0.0,0,1,1,0,0,0,"{""process_exit"": 5, ""process_exec"": 1}"
1776412665,normal,k3s-wk1,0.2661621044910206,0.6485336897466087,223.91891441336313,208.71536691894775,9898.209582235855,1894.9421531690728,0.0,0,15,2,0,10,0,"{""process_exit"": 15, ""process_exec"": 15, ""process_kprobe"": 10}"
1776412665,normal,sw-wk2,0.19450185567926992,0.2885654395555386,73.27155143676245,68.20454696979799,5425.795053003534,27913.960930728717,0.0,0,0,0,0,0,0,{}
1776412665,normal,sw-wk3,0.14980836527246744,0.44517183378569514,156.10731544742544,79.98666888851858,3001.1331444759207,6328.478586902183,0.0,0,0,0,0,0,0,{}
1776412675,normal,k3s-wk1,0.2661621044910204,0.6485336897466087,223.91891441336307,208.71536691894775,9898.209582235855,1894.9421531690728,0.0,0,12,2,0,8,0,"{""process_exit"": 12, ""process_exec"": 12, ""process_kprobe"": 8}"
1776412675,normal,sw-wk2,0.11177777777779208,0.27889222319915385,98.0,98.0,735.1333333333333,3715.366666666667,0.0,0,0,0,0,0,0,{}
1776412675,normal,sw-wk3,0.14980836527246744,0.44517183378569514,156.10731544742544,79.98666888851858,3001.1331444759207,6328.478586902183,0.0,0,0,0,0,0,0,{}
1776412685,normal,k3s-wk1,0.2661621044910204,0.6485336897466087,223.91891441336313,208.71536691894775,9898.209582235855,1894.9421531690728,0.0,0,30,3,0,26,0,"{""process_exit"": 30, ""process_exec"": 30, ""process_kprobe"": 26}"
1776412685,normal,sw-wk2,0.1117777777777923,0.27889222319915385,98.0,98.0,735.1333333333333,3715.366666666667,0.0,0,106,7,0,0,0,"{""process_exec"": 106, ""process_exit"": 106}"
1776412685,normal,sw-wk3,0.16186031005169477,0.46661760770671656,156.15935989331558,80.01333555592599,2396.632772128688,5561.82697116186,0.0,0,0,0,0,0,0,{}
1776412695,normal,sw-wk3,0.16186031005169477,0.46661760770671656,156.15935989331552,80.01333555592599,2396.632772128688,5561.82697116186,0.0,0,1,1,0,0,0,"{""process_exit"": 16, ""process_exec"": 1}"
1776412695,normal,sw-wk2,0.1117777777777923,0.27889222319915385,98.0,98.0,735.1333333333333,3715.366666666667,0.0,0,0,0,0,0,0,{}
1776412695,normal,k3s-wk1,0.31155555555556513,0.653978098193513,223.8666666666667,208.66666666666666,36072.46666666667,14566.56666666667,0.0,0,15,2,0,10,0,"{""process_exit"": 15, ""process_exec"": 15, ""process_kprobe"": 10}"
1776412705,normal,k3s-wk1,0.31155555555556524,0.653978098193513,223.86666666666667,208.66666666666666,36072.46666666667,14566.566666666666,0.0,0,75,3,0,68,0,"{""process_exit"": 75, ""process_exec"": 75, ""process_kprobe"": 68}"
1776412705,normal,sw-wk2,0.22455555555554585,0.28409438434190915,111.0,100.86666666666666,6022.266666666666,27862.866666666665,0.0,0,0,0,0,0,0,{}
1776412705,normal,sw-wk3,0.16186031005169477,0.46661760770671656,156.15935989331552,80.01333555592598,2396.632772128688,5561.82697116186,0.0,0,0,0,0,0,0,{}
1776412715,normal,k3s-wk1,0.31155555555556524,0.653978098193513,223.86666666666667,208.66666666666666,36072.46666666667,14566.566666666666,0.0,0,12,2,0,8,0,"{""process_exit"": 12, ""process_exec"": 12, ""process_kprobe"": 8}"
1776412715,normal,sw-wk2,0.22455555555554585,0.28409438434190915,111.0,100.86666666666666,6022.266666666666,27862.866666666665,0.0,0,0,0,0,0,0,{}
1776412715,normal,sw-wk3,0.18437596847745708,0.4041916739936542,155.5319431531412,79.6918581484925,7136.538716961085,10946.47363527693,0.0,0,1,1,0,0,0,"{""process_exit"": 23, ""process_exec"": 1}"
1776412725,normal,k3s-wk1,0.2790000000000469,0.6473788836422787,221.00000000000006,205.79999999999998,12403.433333333332,4920.2,0.0,0,57,3,0,50,0,"{""process_exit"": 57, ""process_exec"": 57, ""process_kprobe"": 50}"
1776412725,normal,sw-wk2,0.22455555555554585,0.28409438434190915,111.0,100.86666666666666,6022.266666666666,27862.866666666665,0.0,0,0,0,0,0,0,{}
1776412725,normal,sw-wk3,0.18437596847745708,0.4041916739936542,155.5319431531412,79.6918581484925,7136.538716961085,10946.47363527693,0.0,0,0,0,0,0,0,{}
1776412735,normal,k3s-wk1,0.2790000000000469,0.6473788836422787,221.0,205.79999999999998,12403.433333333332,4920.2,0.0,0,36,3,0,30,0,"{""process_exit"": 36, ""process_exec"": 36, ""process_kprobe"": 30}"
1776412735,normal,sw-wk2,0.11411111111109573,0.2813849917810314,113.2,98.00000000000001,2447.5666666666666,3916.7999999999997,0.0,0,0,0,0,0,0,{}
1776412735,normal,sw-wk3,0.18437596847745708,0.4041916739936542,155.5319431531412,79.6918581484925,7136.538716961085,10946.47363527693,0.0,0,0,0,0,0,0,{}
1776412745,normal,k3s-wk1,0.2790000000000469,0.6473788836422787,221.0,205.79999999999998,12403.433333333332,4920.2,0.0,0,9,2,0,6,0,"{""process_exit"": 9, ""process_exec"": 9, ""process_kprobe"": 6}"
1776412745,normal,sw-wk2,0.11411111111109573,0.2813849917810314,113.2,98.0,2447.5666666666666,3916.7999999999997,0.0,0,106,7,0,0,0,"{""process_exec"": 106, ""process_exit"": 106}"
1776412745,normal,sw-wk3,0.15835917269581568,0.40401009212890404,156.169772947021,80.01867102323875,3588.6706898276266,5330.71049911646,0.0,0,0,0,0,0,0,{}
1776412756,normal,k3s-wk1,0.29366666666662944,0.6502619479535774,223.86666666666667,208.66666666666666,33122.1,9484.233333333334,0.0,0,39,3,0,32,0,"{""process_exit"": 39, ""process_exec"": 39, ""process_kprobe"": 32}"
1776412756,normal,sw-wk2,0.11411111111109573,0.2813849917810314,113.2,98.0,2447.5666666666666,3916.7999999999997,0.0,0,0,0,0,0,0,{}
1776412756,normal,sw-wk3,0.15835917269581568,0.40401009212890404,156.169772947021,80.01867102323875,3588.6706898276266,5330.710499116461,0.0,0,0,0,0,0,0,"{""process_exit"": 2}"
1776412765,normal,sw-wk3,0.15835917269581568,0.40401009212890404,156.169772947021,80.01867102323875,3588.6706898276266,5330.710499116461,0.0,0,1,1,0,0,0,"{""process_exit"": 3, ""process_exec"": 1}"
1776412765,normal,sw-wk2,0.20122222222222874,0.28456745288428453,116.06666666666666,100.86666666666666,5577.5,27915.13333333333,0.0,0,0,0,0,0,0,{}
1776412765,normal,k3s-wk1,0.29366666666662944,0.6502619479535774,223.86666666666667,208.66666666666666,33122.1,9484.233333333334,0.0,0,15,2,0,10,0,"{""process_exit"": 15, ""process_exec"": 15, ""process_kprobe"": 10}"
1776412775,normal,k3s-wk1,0.29366666666662944,0.6502619479535774,223.86666666666667,208.66666666666666,33122.1,9484.233333333334,0.0,0,33,3,0,28,0,"{""process_exit"": 33, ""process_exec"": 33, ""process_kprobe"": 28}"
1776412775,normal,sw-wk2,0.20122222222222874,0.28456745288428453,116.06666666666666,100.86666666666666,5577.5,27915.13333333333,0.0,0,0,0,0,0,0,{}
1776412775,normal,sw-wk3,0.14851860524759886,0.3989353568561489,154.55123273007058,78.27919579834744,4721.305991369217,6252.2329642391205,0.0,0,0,0,0,0,0,{}
1776412785,normal,k3s-wk1,0.27033333333331233,0.6481814908174288,213.73333333333332,208.66666666666666,10271.533333333333,3871.7,0.0,0,15,2,0,10,0,"{""process_exit"": 15, ""process_exec"": 15, ""process_kprobe"": 10}"
1776412785,normal,sw-wk2,0.20122222222222874,0.28456745288428453,116.06666666666666,100.86666666666666,5577.5,27915.13333333333,0.0,0,0,0,0,0,0,{}
1776412785,normal,sw-wk3,0.14851860524759886,0.3989353568561489,154.55123273007058,78.27919579834744,4721.305991369217,6252.2329642391205,0.0,0,1,1,0,0,0,"{""process_exit"": 3, ""process_exec"": 1}"
1776412795,normal,k3s-wk1,0.27033333333331233,0.6481814908174288,213.73333333333332,208.66666666666666,10271.533333333333,3871.7,0.0,0,12,2,0,8,0,"{""process_exit"": 12, ""process_exec"": 12, ""process_kprobe"": 8}"
1776412795,normal,sw-wk2,0.11122222222222466,0.27959784395427956,116.06666666666666,100.86666666666666,893.9333333333333,3604.533333333334,0.0,0,0,0,0,0,0,{}
1776412795,normal,sw-wk3,0.14851860524759886,0.3989353568561489,154.55123273007058,78.27919579834744,4721.305991369217,6252.23296423912,0.0,0,0,0,0,0,0,{}
1776412805,normal,k3s-wk1,0.27033333333331233,0.6481814908174288,213.73333333333332,208.66666666666666,10271.533333333333,3871.7,0.0,0,15,2,0,10,0,"{""process_exit"": 15, ""process_exec"": 15, ""process_kprobe"": 10}"
1776412805,normal,sw-wk2,0.11122222222222466,0.27959784395427956,116.06666666666666,100.86666666666666,893.9333333333333,3604.5333333333333,0.0,0,2,2,0,0,0,"{""process_exec"": 2}"
1776412805,normal,sw-wk3,0.1409427295152864,0.40940179925328435,104.80698713247551,54.003600240016006,2293.6195746383096,5658.61057403827,0.0,0,0,0,0,0,0,{}
1776412815,normal,k3s-wk1,0.2941111111111643,0.6522430669302138,215.33333333333334,211.79999999999998,10510.566666666666,6585.4,0.0,0,36,3,0,30,0,"{""process_exit"": 36, ""process_exec"": 36, ""process_kprobe"": 30}"
1776412815,normal,sw-wk2,0.11122222222222466,0.27959784395427956,116.06666666666666,100.86666666666666,893.9333333333333,3604.5333333333333,0.0,0,0,0,0,0,0,{}
1776412815,normal,sw-wk3,0.1409427295152864,0.40940179925328435,104.80698713247551,54.003600240016006,2293.6195746383096,5658.61057403827,0.0,0,1,1,0,0,0,"{""process_exit"": 7, ""process_exec"": 1}"
1776412825,normal,k3s-wk1,0.2941111111111643,0.6522430669302138,215.33333333333334,211.79999999999998,10510.566666666666,6585.4,0.0,0,30,3,0,26,0,"{""process_exit"": 30, ""process_exec"": 30, ""process_kprobe"": 26}"
1776412825,normal,sw-wk2,0.24422222222223744,0.28944627088191444,65.33333333333333,72.73333333333333,7215.033333333333,30551.766666666666,0.0,0,116,13,2,1,0,"{""process_exit"": 118, ""process_exec"": 116, ""process_kprobe"": 1}"
1776412825,normal,sw-wk3,0.1409427295152864,0.40940179925328435,104.80698713247551,54.003600240016006,2293.6195746383096,5658.61057403827,0.0,0,0,0,0,0,0,{}
1776412835,normal,k3s-wk1,0.2941111111111644,0.6522430669302138,215.33333333333334,211.79999999999998,10510.566666666666,6585.4,0.0,0,78,3,0,70,0,"{""process_exit"": 78, ""process_exec"": 78, ""process_kprobe"": 70}"
1776412835,normal,sw-wk2,0.24422222222223755,0.28944627088191444,65.33333333333333,72.73333333333333,7215.033333333333,30551.766666666666,0.0,0,0,0,0,3,0,"{""process_kprobe"": 3}"
1776412835,normal,sw-wk3,0.17877777777781978,0.40618907450590613,156.13333333333335,80.0,4502.166666666667,6337.866666666667,0.0,0,0,0,0,0,0,{}
1776412846,normal,k3s-wk1,0.2964444444444073,0.6512767775604129,422.3,301.1000000000001,35782.166666666664,8102.266666666666,0.0,0,15,2,0,10,0,"{""process_exit"": 15, ""process_exec"": 15, ""process_kprobe"": 10}"
1776412846,normal,sw-wk2,0.24422222222223755,0.28944627088191444,65.33333333333333,72.73333333333333,7215.033333333333,30551.766666666666,0.0,0,0,0,0,1,0,"{""process_kprobe"": 1}"
1776412846,normal,sw-wk3,0.17877777777781978,0.40618907450590613,156.13333333333333,80.0,4502.166666666667,6337.866666666667,0.0,0,0,0,0,0,0,{}
1776412855,normal,k3s-wk1,0.2964444444444073,0.6512767775604129,422.3,301.1,35782.166666666664,8102.266666666666,0.0,0,60,3,0,52,0,"{""process_exit"": 60, ""process_exec"": 60, ""process_kprobe"": 52}"
1776412855,normal,sw-wk2,0.11766666666664805,0.28556774596378554,111.13333333333333,127.06666666666666,708.6333333333333,4438.366666666667,0.0,0,0,0,0,1,0,"{""process_kprobe"": 1}"
1776412855,normal,sw-wk3,0.17877777777781978,0.40618907450590613,156.13333333333333,80.0,4502.166666666667,6337.866666666667,0.0,0,1,1,0,0,0,"{""process_exit"": 5, ""process_exec"": 1}"
1776412865,normal,k3s-wk1,0.2964444444444073,0.6512767775604129,422.3,301.1,35782.166666666664,8102.266666666666,0.0,0,57,3,0,50,0,"{""process_exit"": 57, ""process_exec"": 57, ""process_kprobe"": 50}"
1776412865,normal,sw-wk2,0.11766666666664805,0.28556774596378554,111.13333333333333,127.06666666666666,708.6333333333333,4438.366666666667,0.0,0,2,2,0,2,0,"{""process_kprobe"": 2, ""process_exec"": 2}"
1776412865,normal,sw-wk3,0.15533333333332844,0.412002879824662,156.13333333333333,80.0,2356.6666666666665,5950.466666666666,0.0,0,0,0,0,0,0,{}
1776412875,normal,k3s-wk1,0.2935150929351492,0.6501705116931173,225.81075225810753,210.64560210645604,10800.386628003864,4712.828717128286,0.0,0,15,2,0,10,0,"{""process_exit"": 15, ""process_exec"": 15, ""process_kprobe"": 10}"
1776412875,normal,sw-wk2,0.11766666666664805,0.28556774596378554,111.13333333333333,127.06666666666666,708.6333333333333,4438.366666666667,0.0,0,0,0,0,1,0,"{""process_kprobe"": 1}"
1776412875,normal,sw-wk3,0.15533333333332844,0.412002879824662,156.13333333333333,80.0,2356.6666666666665,5950.466666666666,0.0,0,0,0,0,0,0,{}
1776412885,normal,k3s-wk1,0.2935150929351492,0.6501705116931173,225.81075225810753,210.64560210645604,10800.386628003867,4712.828717128287,0.0,0,33,3,0,28,0,"{""process_exit"": 33, ""process_exec"": 33, ""process_kprobe"": 28}"
1776412885,normal,sw-wk2,0.21916316689999737,0.29266536692279266,127.79148056796213,120.79194720351977,5473.035130991267,28564.89567362176,0.0,0,104,5,0,0,0,"{""process_exit"": 106, ""process_exec"": 104}"
1776412885,normal,sw-wk3,0.15533333333332844,0.412002879824662,156.13333333333333,80.0,2356.6666666666665,5950.466666666666,0.0,0,0,0,0,0,0,{}
1776412895,normal,k3s-wk1,0.2935150929351492,0.6501705116931173,225.81075225810753,210.64560210645604,10800.386628003867,4712.828717128287,0.0,0,38,3,0,32,0,"{""process_exit"": 38, ""process_exec"": 38, ""process_kprobe"": 32}"
1776412895,normal,sw-wk2,0.21916316689999737,0.29266536692279266,127.79148056796213,120.79194720351977,5473.035130991267,28564.89567362176,0.0,0,0,0,0,1,0,"{""process_kprobe"": 1}"
1776412895,normal,sw-wk3,0.1565006777325747,0.4065219745912815,153.98973401773216,77.99480034664356,2983.434437704153,5258.782747816812,0.0,0,0,0,0,0,0,"{""process_exit"": 12}"
1776412905,normal,sw-wk3,0.1565006777325747,0.4065219745912815,153.98973401773216,77.99480034664356,2983.434437704153,5258.782747816812,0.0,0,1,1,0,0,0,"{""process_exit"": 3, ""process_exec"": 1}"
1776412905,normal,sw-wk2,0.21916316689999737,0.29266536692279266,127.79148056796213,120.79194720351977,5473.035130991267,28564.89567362176,0.0,0,0,0,0,1,0,"{""process_kprobe"": 1}"
1776412905,normal,k3s-wk1,0.2773721816626237,0.6536687952877589,225.15584891822513,209.8209820982098,35299.996666333296,6840.017335066839,0.0,0,28,2,0,24,0,"{""process_exit"": 28, ""process_exec"": 28, ""process_kprobe"": 24}"
1776412915,normal,k3s-wk1,0.2773721816626237,0.6536687952877589,225.15584891822513,209.8209820982098,35299.996666333296,6840.017335066841,0.0,0,60,3,0,52,0,"{""process_exit"": 60, ""process_exec"": 60, ""process_kprobe"": 52}"
1776412915,normal,sw-wk2,0.11760784052270301,0.2834461052282834,124.20828055203681,117.67451163410895,653.9769317954531,4201.513434228949,0.0,0,0,0,0,1,0,"{""process_kprobe"": 1}"
1776412915,normal,sw-wk3,0.1565006777325747,0.4065219745912815,153.98973401773216,77.99480034664356,2983.434437704153,5258.782747816812,0.0,0,0,0,0,0,0,{}
1776412925,normal,k3s-wk1,0.2773721816626237,0.6536687952877589,225.15584891822513,209.8209820982098,35299.996666333296,6840.017335066839,0.0,0,33,3,0,28,0,"{""process_exit"": 33, ""process_exec"": 33, ""process_kprobe"": 28}"
1776412925,normal,sw-wk2,0.11760784052270301,0.2834461052282834,124.20828055203681,117.67451163410895,653.9769317954531,4201.513434228949,0.0,0,106,7,0,1,0,"{""process_kprobe"": 1, ""process_exec"": 106, ""process_exit"": 104}"
1776412925,normal,sw-wk3,0.16738893704024393,0.40751111790715755,160.61070738049204,86.00573371558104,3000.5333688912597,7299.986665777719,0.0,0,0,0,0,0,0,{}
1776412935,normal,k3s-wk1,0.32477777777777295,0.6478868628670573,229.86666666666667,215.26666666666665,34282.36666666667,11278.7,0.0,0,60,3,0,52,0,"{""process_exit"": 61, ""process_exec"": 60, ""process_kprobe"": 52}"
1776412935,normal,sw-wk2,0.11760784052270301,0.2834461052282834,124.20828055203681,117.67451163410895,653.9769317954531,4201.513434228949,0.0,0,0,0,0,1,0,"{""process_exit"": 2, ""process_kprobe"": 1}"
1776412935,normal,sw-wk3,0.16738893704024393,0.40751111790715755,160.61070738049204,86.00573371558104,3000.5333688912597,7299.986665777719,0.0,0,1,1,0,0,0,"{""process_exit"": 3, ""process_exec"": 1}"
1776412945,normal,k3s-wk1,0.32477777777777295,0.6478868628670573,229.86666666666667,215.26666666666665,34282.36666666667,11278.7,0.0,0,12,2,0,8,0,"{""process_exit"": 12, ""process_exec"": 12, ""process_kprobe"": 8}"
1776412945,normal,sw-wk2,0.20944444444444843,0.2911840411840412,121.33333333333333,109.86666666666666,6601.266666666666,28438.399999999998,0.0,0,0,0,0,0,0,{}
1776412945,normal,sw-wk3,0.16738893704024393,0.40751111790715755,160.61070738049204,86.00573371558104,3000.5333688912597,7299.986665777719,0.0,0,0,0,0,0,0,{}
1776412955,normal,k3s-wk1,0.32477777777777295,0.6478868628670573,229.86666666666667,215.26666666666665,34282.36666666667,11278.7,0.0,0,15,2,0,10,0,"{""process_exit"": 15, ""process_exec"": 15, ""process_kprobe"": 10}"
1776412955,normal,sw-wk2,0.20944444444444832,0.2911840411840412,121.33333333333333,109.86666666666666,6601.266666666666,28438.399999999998,0.0,0,0,0,0,1,0,"{""process_kprobe"": 1, ""process_exit"": 2}"
1776412955,normal,sw-wk3,0.17088888888894072,0.40853211769053355,156.13333333333335,80.0,3621.9333333333334,5709.566666666667,0.0,0,0,0,0,0,0,"{""process_exit"": 2}"
1776412965,normal,sw-wk3,0.17088888888894072,0.40853211769053355,156.13333333333333,80.0,3621.9333333333334,5709.5666666666675,0.0,0,1,1,0,0,0,"{""process_exit"": 17, ""process_exec"": 1}"
1776412965,normal,sw-wk2,0.20944444444444843,0.2911840411840412,121.33333333333333,109.86666666666666,6601.266666666666,28438.399999999998,0.0,0,0,0,0,0,0,{}
1776412965,normal,k3s-wk1,0.26544444444443804,0.650799277089121,218.76666666666665,208.66666666666666,11871.16666666667,4264.0,0.0,0,36,3,0,30,0,"{""process_exit"": 36, ""process_exec"": 36, ""process_kprobe"": 30}"
1776412975,normal,k3s-wk1,0.26544444444443804,0.650799277089121,218.76666666666665,208.66666666666666,11871.166666666666,4264.0,0.0,0,12,2,0,8,0,"{""process_exit"": 12, ""process_exec"": 12, ""process_kprobe"": 8}"
1776412975,normal,sw-wk2,0.14055555555555133,0.28314028314028317,122.2,108.06666666666666,2399.166666666667,4011.5333333333333,0.0,0,0,0,0,0,0,{}
1776412975,normal,sw-wk3,0.17088888888894072,0.40853211769053355,156.13333333333333,80.0,3621.9333333333334,5709.566666666667,0.0,0,0,0,0,0,0,"{""process_exit"": 3}"
1776412985,normal,sw-wk3,0.15705875819167991,0.4065219745912815,153.94868377207598,77.97400866377875,1885.2715761412865,8225.92469176941,0.0,0,1,1,0,0,0,"{""process_exec"": 1}"
1776412985,normal,sw-wk2,0.14055555555555155,0.28314028314028317,122.2,108.06666666666666,2399.166666666667,4011.5333333333333,0.0,0,0,0,0,0,0,{}
1776412985,normal,k3s-wk1,0.26544444444443804,0.650799277089121,218.76666666666665,208.66666666666666,11871.166666666666,4264.0,0.0,0,18,2,0,12,0,"{""process_exit"": 18, ""process_exec"": 18, ""process_kprobe"": 12}"
1776412995,normal,k3s-wk1,0.2744444444444526,0.6574628356754939,208.66666666666666,208.66666666666666,33593.833333333336,6019.766666666666,0.0,0,9,2,0,6,0,"{""process_exit"": 9, ""process_exec"": 9, ""process_kprobe"": 6}"
1776412995,normal,sw-wk2,0.14055555555555155,0.28314028314028317,122.2,108.06666666666666,2399.1666666666665,4011.5333333333333,0.0,0,106,7,0,0,0,"{""process_exec"": 106, ""process_exit"": 106}"
1776412995,normal,sw-wk3,0.15705875819167991,0.4065219745912815,153.94868377207598,77.97400866377875,1885.2715761412865,8225.92469176941,0.0,0,0,0,0,0,0,{}
1776413005,normal,k3s-wk1,0.2744444444444526,0.6574628356754939,208.66666666666666,208.66666666666666,33593.833333333336,6019.766666666666,0.0,0,57,3,0,50,0,"{""process_exit"": 57, ""process_exec"": 57, ""process_kprobe"": 50}"
1776413005,normal,sw-wk2,0.21988888888889857,0.2828551677561578,73.26666666666667,68.2,5556.333333333333,28063.3,0.0,0,0,0,0,0,0,{}
1776413005,normal,sw-wk3,0.15705875819167991,0.4065219745912815,153.94868377207598,77.97400866377875,1885.2715761412865,8225.92469176941,0.0,0,0,0,0,0,0,{}
1776413016,normal,k3s-wk1,0.2744444444444526,0.6574628356754939,208.66666666666666,208.66666666666666,33593.833333333336,6019.766666666666,0.0,0,33,3,0,28,0,"{""process_exit"": 33, ""process_exec"": 33, ""process_kprobe"": 28}"
1776413016,normal,sw-wk2,0.21988888888889857,0.2828551677561578,73.26666666666667,68.2,5556.333333333333,28063.3,0.0,0,0,0,0,0,0,{}
1776413016,normal,sw-wk3,0.15516283205514736,0.40709220535953206,104.83494498166056,54.01800600200067,3414.504834944981,6604.768256085361,0.0,0,1,1,0,0,0,"{""process_exit"": 9, ""process_exec"": 1}"
1776413025,normal,k3s-wk1,0.2907777777777988,0.6482785712914977,223.83333333333334,208.66666666666666,10530.2,7367.266666666666,0.0,0,57,3,0,50,0,"{""process_exit"": 57, ""process_exec"": 57, ""process_kprobe"": 50}"
1776413025,normal,sw-wk2,0.21988888888889857,0.2828551677561578,73.26666666666667,68.2,5556.333333333333,28063.3,0.0,0,0,0,0,0,0,{}
1776413025,normal,sw-wk3,0.15516283205514725,0.40709220535953206,104.83494498166056,54.01800600200066,3414.5048349449817,6604.768256085362,0.0,0,0,0,0,0,0,{}
1776413035,normal,k3s-wk1,0.2907777777777988,0.6482785712914977,223.83333333333334,208.66666666666666,10530.2,7367.266666666666,0.0,0,33,3,0,28,0,"{""process_exit"": 33, ""process_exec"": 33, ""process_kprobe"": 28}"
1776413035,normal,sw-wk2,0.11277777777777376,0.2808338748932808,98.0,98.0,2336.2,3861.0,0.0,0,0,0,0,0,0,{}
1776413035,normal,sw-wk3,0.15516283205514725,0.40709220535953206,104.83494498166056,54.01800600200067,3414.5048349449817,6604.768256085362,0.0,0,1,1,0,0,0,"{""process_exit"": 3, ""process_exec"": 1}"
1776413045,normal,k3s-wk1,0.2907777777777988,0.6482785712914977,223.83333333333334,208.66666666666666,10530.2,7367.266666666666,0.0,0,60,3,0,52,0,"{""process_exit"": 60, ""process_exec"": 60, ""process_kprobe"": 52}"
1776413045,normal,sw-wk2,0.11277777777777376,0.2808338748932808,98.0,98.0,2336.2,3861.0,0.0,0,2,2,0,0,0,"{""process_exec"": 2}"
1776413045,normal,sw-wk3,0.24122222222225298,0.4068580603234069,757.2,370.9,6218.233333333334,6002.1,0.0,0,1,1,0,0,0,"{""process_exec"": 1}"
1776413055,normal,k3s-wk1,0.32788888888887113,0.6534418979006912,223.86666666666667,208.66666666666666,10383.833333333334,8772.866666666667,0.0,0,63,3,0,54,0,"{""process_exit"": 63, ""process_exec"": 63, ""process_kprobe"": 54}"
1776413055,normal,sw-wk2,0.11277777777777376,0.2808338748932808,98.0,98.0,2336.2,3861.0,0.0,0,0,0,0,0,0,{}
1776413055,normal,sw-wk3,0.24122222222225298,0.4068580603234069,757.2,370.9,6218.233333333334,6002.100000000001,0.0,0,0,0,0,0,0,{}
1776413065,normal,k3s-wk1,0.32788888888887113,0.6534418979006912,223.86666666666667,208.66666666666666,10383.833333333334,8772.866666666667,0.0,0,33,3,0,28,0,"{""process_exit"": 33, ""process_exec"": 33, ""process_kprobe"": 28}"
1776413065,normal,sw-wk2,0.24627247072417235,0.28956254698828954,116.0255982934471,100.85994267048864,5871.008599426705,28068.09546030265,0.0,0,104,5,0,0,0,"{""process_exit"": 106, ""process_exec"": 104}"
1776413065,normal,sw-wk3,0.24122222222225298,0.4068580603234069,757.2,370.9,6218.233333333334,6002.1,0.0,0,1,1,0,0,0,"{""process_exit"": 5, ""process_exec"": 1}"
1776413075,normal,k3s-wk1,0.32788888888887113,0.6534418979006912,223.86666666666667,208.66666666666666,10383.833333333334,8772.866666666667,0.0,0,18,2,0,12,0,"{""process_exit"": 18, ""process_exec"": 18, ""process_kprobe"": 12}"
1776413075,normal,sw-wk2,0.24627247072417235,0.28956254698828954,116.0255982934471,100.85994267048864,5871.008599426705,28068.095460302644,0.0,0,0,0,0,0,0,{}
1776413075,normal,sw-wk3,0.3601111111110691,0.41479509920103974,162.13333333333333,86.6,2988.1666666666665,6408.8,0.0,0,0,0,0,0,0,{}
1776413085,normal,k3s-wk1,0.2892222222222093,0.6529271456195822,223.86666666666667,208.66666666666666,34042.56666666667,8607.366666666667,0.0,0,15,2,0,10,0,"{""process_exit"": 15, ""process_exec"": 15, ""process_kprobe"": 10}"
1776413085,normal,sw-wk2,0.24627247072417235,0.28956254698828954,116.0255982934471,100.85994267048864,5871.008599426705,28068.095460302644,0.0,0,0,0,0,0,0,{}
1776413085,normal,sw-wk3,0.3601111111110691,0.41479509920103974,162.13333333333335,86.6,2988.1666666666665,6408.8,0.0,0,0,0,0,0,0,{}
1776413095,normal,k3s-wk1,0.2892222222222093,0.6529271456195822,223.86666666666667,208.66666666666666,34042.566666666666,8607.366666666667,0.0,0,36,3,0,30,0,"{""process_exit"": 36, ""process_exec"": 36, ""process_kprobe"": 30}"
1776413095,normal,sw-wk2,0.10994822567383755,0.28204601348165703,113.1924538364109,97.99346710219318,935.970935270982,3619.292047196854,0.0,0,0,0,0,0,0,{}
1776413095,normal,sw-wk3,0.3601111111110691,0.41479509920103974,162.13333333333333,86.6,2988.1666666666665,6408.8,0.0,0,0,0,0,0,0,{}
1776413105,normal,k3s-wk1,0.2892222222222093,0.6529271456195822,223.86666666666667,208.66666666666666,34042.566666666666,8607.366666666667,0.0,0,15,2,0,10,0,"{""process_exit"": 15, ""process_exec"": 15, ""process_kprobe"": 10}"
1776413105,normal,sw-wk2,0.10994822567383755,0.28204601348165703,113.1924538364109,97.99346710219318,935.970935270982,3619.292047196853,0.0,0,106,7,0,0,0,"{""process_exec"": 106, ""process_exit"": 104}"
1776413105,normal,sw-wk3,0.3937272939372761,0.413968423869414,153.984601539846,77.99220077992199,3921.007899210079,7293.837282938373,0.0,0,1,1,0,0,0,"{""process_exit"": 11, ""process_exec"": 1}"
1776413115,normal,k3s-wk1,0.30333333333332524,0.6554817166988576,223.86666666666667,208.66666666666666,35031.8,9563.066666666666,0.0,0,36,3,0,30,0,"{""process_exit"": 36, ""process_exec"": 36, ""process_kprobe"": 30}"
1776413115,normal,sw-wk2,0.10994822567383755,0.28204601348165703,113.1924538364109,97.99346710219318,935.970935270982,3619.292047196853,0.0,0,0,0,0,0,0,"{""process_exit"": 2}"
1776413115,normal,sw-wk3,0.3937272939372761,0.413968423869414,153.984601539846,77.99220077992202,3921.007899210079,7293.837282938373,0.0,0,0,0,0,0,0,{}
1776413125,normal,k3s-wk1,0.30333333333332524,0.6554817166988576,223.86666666666667,208.66666666666666,35031.8,9563.066666666666,0.0,0,54,3,0,48,0,"{""process_exit"": 54, ""process_exec"": 54, ""process_kprobe"": 48}"
1776413125,normal,sw-wk2,0.1868915855447385,0.28581463358691084,116.04880650753434,100.88011734897987,5543.3057741032135,27982.497666355514,0.0,0,0,0,0,0,0,{}
1776413125,normal,sw-wk3,0.3937272939372761,0.413968423869414,153.984601539846,77.99220077992202,3921.007899210079,7293.837282938373,0.0,0,0,0,0,0,0,{}
1776413135,normal,k3s-wk1,0.30333333333332524,0.6554817166988576,223.86666666666667,208.66666666666666,35031.8,9563.066666666666,0.0,0,15,2,0,10,0,"{""process_exit"": 15, ""process_exec"": 15, ""process_kprobe"": 10}"
1776413135,normal,sw-wk2,0.1868915855447385,0.28581463358691084,116.04880650753434,100.88011734897987,5543.3057741032135,27982.497666355514,0.0,0,0,0,0,0,0,{}
1776413135,normal,sw-wk3,0.4168305719460884,0.40844929087503345,156.14894822815614,80.00800080008,3094.3761042770943,7456.045604560456,0.0,0,1,1,0,0,0,"{""process_exit"": 13, ""process_exec"": 1}"
1776413145,normal,k3s-wk1,0.2667777777777599,0.6488147715843195,218.79999999999998,208.66666666666666,11470.466666666667,3704.7,0.0,0,15,2,0,10,0,"{""process_exit"": 15, ""process_exec"": 15, ""process_kprobe"": 10}"
1776413145,normal,sw-wk2,0.1868915855447385,0.28581463358691084,116.04880650753434,100.88011734897987,5543.3057741032135,27982.497666355514,0.0,0,0,0,0,0,0,{}
1776413145,normal,sw-wk3,0.4168305719460884,0.40844929087503345,156.14894822815614,80.00800080008,3094.3761042770943,7456.045604560456,0.0,0,0,0,0,0,0,"{""process_exit"": 3}"
1776413155,normal,k3s-wk1,0.2667777777777599,0.6488147715843195,218.79999999999998,208.66666666666666,11470.466666666667,3704.7,0.0,0,12,2,0,8,0,"{""process_exit"": 12, ""process_exec"": 12, ""process_kprobe"": 8}"
1776413155,normal,sw-wk2,0.13199999999999112,0.28100430699440604,116.06666666666666,100.86666666666666,1258.2333333333333,3652.0333333333333,0.0,0,0,0,0,0,0,{}
1776413155,normal,sw-wk3,0.4168305719460884,0.40844929087503345,156.14894822815614,80.00800080008,3094.3761042770943,7456.045604560456,0.0,0,0,0,0,0,0,{}
1776413165,normal,k3s-wk1,0.2667777777777599,0.6488147715843195,218.79999999999998,208.66666666666666,11470.466666666667,3704.7,0.0,0,39,3,0,32,0,"{""process_exit"": 39, ""process_exec"": 39, ""process_kprobe"": 32}"
1776413165,normal,sw-wk2,0.13199999999999112,0.28100430699440604,116.06666666666666,100.86666666666666,1258.2333333333333,3652.0333333333333,0.0,0,2,2,0,0,0,"{""process_exec"": 2}"
1776413165,normal,sw-wk3,0.2694444444444041,0.4077420772965328,104.8,54.0,5992.366666666667,5876.066666666667,0.0,0,0,0,0,0,0,{}
1776413175,normal,sw-wk3,0.2694444444444041,0.4077420772965328,104.8,54.00000000000001,5992.366666666667,5876.066666666667,0.0,0,1,1,0,0,0,"{""process_exit"": 7, ""process_exec"": 1}"
1776413175,normal,sw-wk2,0.13199999999999112,0.28100430699440604,116.06666666666666,100.86666666666666,1258.2333333333333,3652.0333333333333,0.0,0,0,0,0,0,0,{}
1776413175,normal,k3s-wk1,0.30002888311228415,0.6499199086088933,208.62494167833103,208.62494167833103,10637.905752182898,7323.135372925416,0.0,0,39,3,0,32,0,"{""process_exit"": 39, ""process_exec"": 39, ""process_kprobe"": 32}"
1776413185,normal,k3s-wk1,0.30002888311228415,0.6499199086088933,208.62494167833103,208.62494167833103,10637.905752182898,7323.135372925416,0.0,0,30,3,0,26,0,"{""process_exit"": 30, ""process_exec"": 30, ""process_kprobe"": 26}"
1776413185,normal,sw-wk2,0.18250296757303908,0.2863163729500363,75.34862049455852,65.23113788398176,5421.106932472459,27910.839684494287,0.0,0,104,5,0,0,0,"{""process_exit"": 106, ""process_exec"": 104}"
1776413185,normal,sw-wk3,0.2694444444444041,0.4077420772965328,104.8,54.0,5992.366666666667,5876.066666666667,0.0,0,0,0,0,0,0,{}
1776413195,normal,k3s-wk1,0.30002888311228415,0.6499199086088933,208.62494167833103,208.62494167833103,10637.905752182898,7323.135372925416,0.0,0,36,3,0,30,0,"{""process_exit"": 36, ""process_exec"": 36, ""process_kprobe"": 30}"
1776413195,normal,sw-wk2,0.18250296757303908,0.2863163729500363,75.34862049455852,65.23113788398176,5421.106932472459,27910.839684494287,0.0,0,0,0,0,0,0,{}
1776413195,normal,sw-wk3,0.18488888888892285,0.40897810823553393,154.0,78.0,2937.8,6285.3,0.0,0,0,0,0,0,0,{}
1776413205,normal,k3s-wk1,0.26718677068752583,0.6515488286563498,223.31132893245314,214.70960858838433,32707.974928318996,6607.388144295525,0.0,0,18,2,0,12,0,"{""process_exit"": 19, ""process_exec"": 18, ""process_kprobe"": 12}"
1776413205,normal,sw-wk2,0.18250296757303908,0.2863163729500363,75.34862049455852,65.23113788398176,5421.106932472459,27910.839684494287,0.0,0,0,0,0,0,0,{}
1776413205,normal,sw-wk3,0.18488888888892285,0.40897810823553393,154.0,78.0,2937.8,6285.300000000001,0.0,0,0,0,0,0,0,{}
1776413215,normal,k3s-wk1,0.26718677068752583,0.6515488286563498,223.31132893245314,214.70960858838433,32707.974928318996,6607.388144295525,0.0,0,15,2,0,10,0,"{""process_exec"": 15, ""process_kprobe"": 10, ""process_exit"": 14}"
1776413215,normal,sw-wk2,0.1135000389498918,0.2824537762656575,106.09955597102126,101.02493907121156,591.2930257403264,3608.019230127199,0.0,0,0,0,0,0,0,{}
1776413215,normal,sw-wk3,0.18488888888892285,0.40897810823553393,154.0,78.0,2937.8,6285.3,0.0,0,1,1,0,0,0,"{""process_exit"": 5, ""process_exec"": 1}"
1776413225,normal,k3s-wk1,0.26718677068752583,0.6515488286563498,223.31132893245314,214.70960858838433,32707.974928318996,6607.388144295525,0.0,0,12,2,0,8,0,"{""process_exit"": 12, ""process_exec"": 12, ""process_kprobe"": 8}"
1776413225,normal,sw-wk2,0.1135000389498918,0.2824537762656575,106.09955597102126,101.02493907121156,591.2930257403265,3608.019230127199,0.0,0,2,2,0,0,0,"{""process_exec"": 2}"
1776413225,normal,sw-wk3,0.15377777777773904,0.40845725499190844,156.13333333333333,80.0,2287.366666666667,6009.3,0.0,0,0,0,0,0,0,{}
1776413235,normal,k3s-wk1,0.2699999999999515,0.6536778260295328,223.83333333333334,208.66666666666666,10150.100000000002,4648.166666666667,0.0,0,30,3,0,26,0,"{""process_exit"": 31, ""process_exec"": 30, ""process_kprobe"": 26}"
1776413235,normal,sw-wk2,0.1135000389498918,0.2824537762656575,106.09955597102126,101.02493907121156,591.2930257403265,3608.019230127199,0.0,0,0,0,0,0,0,{}
1776413235,normal,sw-wk3,0.15377777777773904,0.40845725499190844,156.13333333333333,80.0,2287.366666666667,6009.3,0.0,0,0,0,0,0,0,{}
1776413245,normal,k3s-wk1,0.2699999999999515,0.6536778260295328,223.83333333333334,208.66666666666666,10150.1,4648.166666666668,0.0,0,57,3,0,50,0,"{""process_exit"": 57, ""process_exec"": 57, ""process_kprobe"": 50}"
1776413245,normal,sw-wk2,0.18211111111110445,0.28863074531391364,116.06666666666666,100.86666666666666,5467.233333333334,28012.53333333334,0.0,0,104,5,0,0,0,"{""process_exit"": 106, ""process_exec"": 104}"
1776413245,normal,sw-wk3,0.15377777777773904,0.40845725499190844,156.13333333333333,80.0,2287.366666666667,6009.3,0.0,0,0,0,0,0,0,{}
1776413255,normal,sw-wk3,0.17700000000004368,0.41081941205703587,160.6,86.00000000000001,2893.133333333333,6519.466666666666,0.0,0,1,1,0,0,0,"{""process_exit"": 9, ""process_exec"": 1}"
1776413255,normal,sw-wk2,0.18211111111110467,0.28863074531391364,116.06666666666666,100.86666666666666,5467.233333333334,28012.533333333333,0.0,0,0,0,0,0,0,{}
1776413255,normal,k3s-wk1,0.2699999999999515,0.6536778260295328,223.83333333333334,208.66666666666666,10150.1,4648.166666666667,0.0,0,12,2,0,8,0,"{""process_exit"": 12, ""process_exec"": 12, ""process_kprobe"": 8}"
1776413265,normal,k3s-wk1,0.2974035929740585,0.650050854364614,220.97790220977902,205.7794220577942,34448.75512448755,10642.469086424691,0.0,0,36,3,0,30,0,"{""process_exit"": 36, ""process_exec"": 36, ""process_kprobe"": 30}"
1776413265,normal,sw-wk2,0.18211111111110467,0.28863074531391364,116.06666666666666,100.86666666666666,5467.233333333334,28012.533333333333,0.0,0,0,0,0,0,0,{}
1776413265,normal,sw-wk3,0.17700000000004368,0.41081941205703587,160.6,86.0,2893.133333333333,6519.466666666666,0.0,0,0,0,0,0,0,{}
1776413275,normal,k3s-wk1,0.2974035929740585,0.650050854364614,220.97790220977902,205.77942205779422,34448.75512448755,10642.469086424691,0.0,0,57,3,0,50,0,"{""process_exit"": 57, ""process_exec"": 57, ""process_kprobe"": 50}"
1776413275,normal,sw-wk2,0.1400000000000241,0.2823693566267824,113.2,98.0,2417.2666666666673,3782.0,0.0,0,0,0,0,0,0,{}
1776413275,normal,sw-wk3,0.17700000000004368,0.41081941205703587,160.6,86.0,2893.133333333333,6519.466666666666,0.0,0,16,3,0,0,0,"{""process_exec"": 16, ""process_exit"": 16}"
1776413285,normal,k3s-wk1,0.2974035929740585,0.650050854364614,220.97790220977902,205.77942205779422,34448.75512448755,10642.469086424691,0.0,0,12,2,0,8,0,"{""process_exit"": 12, ""process_exec"": 12, ""process_kprobe"": 8}"
1776413285,normal,sw-wk2,0.14000000000002422,0.2823693566267824,113.2,98.0,2417.2666666666664,3782.0,0.0,0,2,2,0,0,0,"{""process_exec"": 2}"
1776413285,normal,sw-wk3,0.26222222222220604,0.4080701989117831,154.0,78.0,14535.8,9979.033333333333,0.0,0,0,0,0,0,0,{}
1776413295,normal,k3s-wk1,0.33082197108594424,0.6531450122648761,223.88905557222387,208.6875354202087,40911.82451578491,26933.293329332933,0.0,0,12,2,0,8,0,"{""process_exit"": 12, ""process_exec"": 12, ""process_kprobe"": 8}"
1776413295,normal,sw-wk2,0.14000000000002422,0.2823693566267824,113.2,98.0,2417.2666666666664,3782.0,0.0,0,104,5,0,0,0,"{""process_exit"": 106, ""process_exec"": 104}"
1776413295,normal,sw-wk3,0.26222222222220604,0.4080701989117831,154.0,78.0,14535.8,9979.033333333333,0.0,0,9,3,0,0,0,"{""process_exit"": 13, ""process_exec"": 9}"
1776413305,normal,k3s-wk1,0.33082197108594424,0.6531450122648761,223.88905557222387,208.6875354202087,40911.82451578491,26933.293329332933,0.0,0,39,3,0,32,0,"{""process_exit"": 39, ""process_exec"": 39, ""process_kprobe"": 32}"
1776413305,normal,sw-wk2,0.19777777777776973,0.28674484243791176,119.06666666666666,103.86666666666666,6190.166666666667,28015.666666666668,0.0,0,0,0,0,0,0,{}
1776413305,normal,sw-wk3,0.26222222222220604,0.4080701989117831,154.0,78.0,14535.8,9979.033333333333,0.0,0,0,0,0,0,0,{}
1776413315,normal,k3s-wk1,0.33082197108594424,0.6531450122648761,223.88905557222387,208.6875354202087,40911.82451578491,26933.293329332933,0.0,0,33,3,0,28,0,"{""process_exit"": 33, ""process_exec"": 33, ""process_kprobe"": 28}"
1776413315,normal,sw-wk2,0.19777777777776973,0.28674484243791176,119.06666666666666,103.86666666666666,6190.166666666667,28015.666666666668,0.0,0,0,0,0,0,0,{}
1776413315,normal,sw-wk3,0.1841111111111483,0.40879174790065875,156.13333333333333,80.0,11434.566666666666,8840.966666666667,0.0,0,0,0,0,0,0,{}
1776413326,normal,k3s-wk1,0.2830000000000533,0.6556657180624995,218.79999999999998,208.66666666666666,11954.133333333333,9062.06666666667,0.0,0,36,3,0,30,0,"{""process_exit"": 36, ""process_exec"": 36, ""process_kprobe"": 30}"
1776413326,normal,sw-wk2,0.19777777777776973,0.28674484243791176,119.06666666666666,103.86666666666666,6190.166666666667,28015.666666666668,0.0,0,0,0,0,0,0,{}
1776413326,normal,sw-wk3,0.18411111111114808,0.40879174790065875,156.13333333333333,80.0,11434.566666666666,8840.966666666667,0.0,0,9,3,0,0,0,"{""process_exec"": 9, ""process_exit"": 11}"
1776413336,normal,k3s-wk1,0.2830000000000533,0.6556657180624995,218.79999999999998,208.66666666666666,11954.133333333333,9062.066666666666,0.0,0,12,2,0,8,0,"{""process_exit"": 12, ""process_exec"": 12, ""process_kprobe"": 8}"
1776413336,normal,sw-wk2,0.12455555555556608,0.2828153471717828,122.66666666666667,108.86666666666666,3212.133333333333,3890.9,0.0,0,0,0,0,0,0,{}
1776413336,normal,sw-wk3,0.1841111111111483,0.40879174790065875,156.13333333333333,80.0,11434.566666666666,8840.966666666667,0.0,0,0,0,0,0,0,{}
1776413345,normal,k3s-wk1,0.2830000000000533,0.6556657180624995,218.79999999999998,208.66666666666666,11954.133333333333,9062.066666666666,0.0,0,24,2,0,16,0,"{""process_exit"": 24, ""process_exec"": 24, ""process_kprobe"": 16}"
1776413345,normal,sw-wk2,0.12455555555556608,0.2828153471717828,122.66666666666667,108.86666666666666,3212.133333333333,3890.9,0.0,0,2,2,0,0,0,"{""process_exec"": 2}"
1776413345,normal,sw-wk3,0.17655555555550873,0.4111443480255361,104.8,54.0,9975.266666666668,8366.766666666666,0.0,0,1,1,0,0,0,"{""process_exit"": 13, ""process_exec"": 1}"
1776413356,normal,k3s-wk1,0.3044444444444606,0.6561838568717736,208.66666666666666,208.66666666666666,35905.73333333333,14790.966666666667,0.0,0,33,3,0,28,0,"{""process_exit"": 33, ""process_exec"": 33, ""process_kprobe"": 28}"
1776413356,normal,sw-wk2,0.12455555555556608,0.2828153471717828,122.66666666666667,108.86666666666666,3212.133333333333,3890.9,0.0,0,104,5,0,0,0,"{""process_exit"": 106, ""process_exec"": 104}"
1776413356,normal,sw-wk3,0.17655555555550873,0.4111443480255361,104.8,54.0,9975.266666666666,8366.766666666666,0.0,0,0,0,0,0,0,{}
1776413365,normal,k3s-wk1,0.3044444444444606,0.6561838568717736,208.66666666666666,208.66666666666666,35905.73333333333,14790.966666666667,0.0,0,54,3,0,48,0,"{""process_exit"": 54, ""process_exec"": 54, ""process_kprobe"": 48}"
1776413365,normal,sw-wk2,0.18544444444442987,0.2836101660359086,78.33333333333333,68.2,5717.7,27930.266666666666,0.0,0,0,0,0,0,0,{}
1776413365,normal,sw-wk3,0.17655555555550873,0.4111443480255361,104.8,54.0,9975.266666666666,8366.766666666666,0.0,0,1,1,0,0,0,"{""process_exit"": 5, ""process_exec"": 1}"
1776413375,normal,k3s-wk1,0.3044444444444606,0.6561838568717736,208.66666666666666,208.66666666666666,35905.73333333333,14790.966666666667,0.0,0,36,3,0,30,0,"{""process_exit"": 36, ""process_exec"": 36, ""process_kprobe"": 30}"
1776413375,normal,sw-wk2,0.18544444444442987,0.2836101660359086,78.33333333333333,68.2,5717.7,27930.266666666674,0.0,0,0,0,0,0,0,{}
1776413375,normal,sw-wk3,0.20611111111114344,0.42174936605629676,156.13333333333333,80.0,7800.600000000001,10344.066666666666,0.0,0,8,3,0,0,0,"{""process_exec"": 8, ""process_exit"": 8}"
1776413386,normal,k3s-wk1,0.31644444444439923,0.6582078718718357,215.93333333333334,205.80000000000004,14735.233333333334,16438.033333333333,0.0,0,42,3,0,34,0,"{""process_exit"": 42, ""process_exec"": 42, ""process_kprobe"": 34}"
1776413386,normal,sw-wk2,0.18544444444442987,0.2836101660359086,78.33333333333333,68.2,5717.7,27930.266666666666,0.0,0,0,0,0,0,0,{}
1776413386,normal,sw-wk3,0.20611111111114344,0.42174936605629676,156.13333333333333,80.0,7800.599999999999,10344.066666666666,0.0,0,1,1,0,0,0,"{""process_exit"": 15, ""process_exec"": 1}"
1776413395,normal,k3s-wk1,0.31644444444439923,0.6582078718718357,215.93333333333334,205.79999999999998,14735.233333333334,16438.033333333333,0.0,0,36,3,0,30,0,"{""process_exit"": 36, ""process_exec"": 36, ""process_kprobe"": 30}"
1776413395,normal,sw-wk2,0.13839077394841148,0.2874536488397874,97.99346710219318,97.99346710219318,3038.497433504433,3796.0135990933936,0.0,0,0,0,0,0,0,{}
1776413395,normal,sw-wk3,0.20611111111114344,0.42174936605629676,156.13333333333333,80.0,7800.599999999999,10344.066666666666,0.0,0,0,0,0,0,0,{}
1776413405,normal,k3s-wk1,0.31644444444439923,0.6582078718718357,215.93333333333334,205.79999999999998,14735.233333333334,16438.033333333333,0.0,0,57,3,0,50,0,"{""process_exit"": 57, ""process_exec"": 57, ""process_kprobe"": 50}"
1776413405,normal,sw-wk2,0.13839077394841148,0.2874536488397874,97.99346710219318,97.99346710219318,3038.497433504433,3796.0135990933936,0.0,0,2,2,0,0,0,"{""process_exec"": 2}"
1776413405,normal,sw-wk3,0.19799999999995643,0.4120315506454121,154.0,78.0,11986.866666666667,8160.066666666667,0.0,0,1,1,0,0,0,"{""process_exit"": 15, ""process_exec"": 1}"
1776413416,normal,k3s-wk1,0.3011809930118746,0.6534159345180914,223.84428223844282,208.64580208645802,35543.44565543446,11657.00096657001,0.0,0,12,2,0,8,0,"{""process_exit"": 12, ""process_exec"": 12, ""process_kprobe"": 8}"
1776413416,normal,sw-wk2,0.13839077394841148,0.2874536488397874,97.99346710219318,97.99346710219318,3038.497433504433,3796.0135990933936,0.0,0,104,5,0,0,0,"{""process_exit"": 106, ""process_exec"": 104}"
1776413416,normal,sw-wk3,0.19799999999995643,0.4120315506454121,154.0,78.0,11986.866666666667,8160.066666666667,0.0,0,0,0,0,0,0,{}
1776413425,normal,k3s-wk1,0.3011809930118746,0.6534159345180914,223.84428223844282,208.64580208645802,35543.44565543446,11657.00096657001,0.0,0,63,3,0,54,0,"{""process_exit"": 63, ""process_exec"": 63, ""process_kprobe"": 54}"
1776413425,normal,sw-wk2,0.1945824028087978,0.28303037832740807,110.9963001233292,100.86330455651476,5397.953401553281,27896.10346321789,0.0,0,0,0,0,0,0,{}
1776413425,normal,sw-wk3,0.19799999999995643,0.4120315506454121,154.0,78.0,11986.866666666667,8160.066666666667,0.0,0,0,0,0,0,0,{}
1776413435,normal,k3s-wk1,0.3011809930118746,0.6534159345180914,223.84428223844282,208.64580208645802,35543.44565543446,11657.00096657001,0.0,0,39,3,0,32,0,"{""process_exit"": 39, ""process_exec"": 39, ""process_kprobe"": 32}"
1776413435,normal,sw-wk2,0.1945824028087978,0.28303037832740807,110.99630012332923,100.86330455651476,5397.953401553281,27896.10346321789,0.0,0,0,0,0,0,0,{}
1776413435,normal,sw-wk3,0.15522222222223514,0.4104387272704104,156.13333333333335,80.0,2957.0666666666666,8900.8,0.0,0,1,1,0,0,0,"{""process_exit"": 11, ""process_exec"": 1}"
1776413445,normal,k3s-wk1,0.2768165705458837,0.6497110727053732,433.2099876654332,301.1301130113011,10390.13901390139,1796.7463413007968,0.0,0,81,3,0,72,0,"{""process_exit"": 81, ""process_exec"": 81, ""process_kprobe"": 72}"
1776413445,normal,sw-wk2,0.1945824028087978,0.28303037832740807,110.9963001233292,100.86330455651476,5397.953401553281,27896.10346321789,0.0,0,0,0,0,0,0,{}
1776413445,normal,sw-wk3,0.15522222222223514,0.4104387272704104,156.13333333333333,80.0,2957.0666666666666,8900.8,0.0,0,1,1,0,0,0,"{""process_exit"": 3, ""process_exec"": 1}"
1776413455,normal,k3s-wk1,0.2768165705458837,0.6497110727053732,433.2099876654332,301.1301130113011,10390.13901390139,1796.7463413007968,0.0,0,30,3,0,26,0,"{""process_exit"": 30, ""process_exec"": 30, ""process_kprobe"": 26}"
1776413455,normal,sw-wk2,0.12046760231579123,0.28391598812390895,116.07827449411607,100.87675434210087,590.5257192385905,3618.7285395206186,0.0,0,0,0,0,0,0,{}
1776413455,normal,sw-wk3,0.15522222222223514,0.4104387272704104,156.13333333333333,80.0,2957.0666666666666,8900.8,0.0,0,0,0,0,0,0,{}
1776413465,normal,k3s-wk1,0.2768165705458837,0.6497110727053732,433.2099876654332,301.1301130113011,10390.13901390139,1796.7463413007968,0.0,0,60,3,0,52,0,"{""process_exit"": 60, ""process_exec"": 60, ""process_kprobe"": 52}"
1776413465,normal,sw-wk2,0.12046760231579123,0.28391598812390895,116.07827449411607,100.87675434210087,590.5257192385905,3618.7285395206186,0.0,0,106,7,0,0,0,"{""process_exec"": 106, ""process_exit"": 106}"
1776413465,normal,sw-wk3,0.15888888888888086,0.4042314945780292,156.13333333333333,80.0,2252.3333333333335,5715.9000000000015,0.0,0,0,0,0,0,0,{}
1776413476,normal,k3s-wk1,0.2990000000000388,0.6474274238793132,228.0,212.66666666666666,33581.433333333334,9291.866666666669,0.0,0,33,3,0,28,0,"{""process_exit"": 33, ""process_exec"": 33, ""process_kprobe"": 28}"
1776413476,normal,sw-wk2,0.12046760231579123,0.28391598812390895,116.07827449411607,100.87675434210087,590.5257192385905,3618.7285395206186,0.0,0,0,0,0,0,0,{}
1776413476,normal,sw-wk3,0.15888888888888086,0.4042314945780292,156.13333333333333,80.0,2252.3333333333335,5715.9,0.0,0,0,0,0,0,0,{}
1776413485,normal,k3s-wk1,0.2990000000000388,0.6474274238793132,228.0,212.66666666666666,33581.433333333334,9291.866666666667,0.0,0,33,3,0,28,0,"{""process_exit"": 33, ""process_exec"": 33, ""process_kprobe"": 28}"
1776413485,normal,sw-wk2,0.22549607803923133,0.28198389337003193,113.15912272515165,97.99346710219318,5307.979468035464,27823.011799213386,0.0,0,0,0,0,0,0,{}
1776413485,normal,sw-wk3,0.15888888888888086,0.4042314945780292,156.13333333333333,80.0,2252.3333333333335,5715.9,0.0,0,1,1,0,0,0,"{""process_exit"": 19, ""process_exec"": 1}"
1776413496,normal,k3s-wk1,0.2990000000000388,0.6474274238793132,228.0,212.66666666666666,33581.433333333334,9291.866666666667,0.0,0,15,2,0,10,0,"{""process_exit"": 15, ""process_exec"": 15, ""process_kprobe"": 10}"
1776413496,normal,sw-wk2,0.22549607803923133,0.28198389337003193,113.15912272515165,97.99346710219318,5307.979468035464,27823.011799213386,0.0,0,0,0,0,0,0,{}
1776413496,normal,sw-wk3,0.15222222222223036,0.4119073104221619,102.66666666666667,52.0,2852.9666666666667,7794.666666666667,0.0,0,0,0,0,0,0,{}
1776413506,normal,k3s-wk1,0.2829999999999321,0.6484772476105222,223.0,207.79999999999998,21495.5,5383.066666666667,0.0,0,12,2,0,8,0,"{""process_exit"": 12, ""process_exec"": 12, ""process_kprobe"": 8}"
1776413506,normal,sw-wk2,0.22549607803923133,0.28198389337003193,113.15912272515165,97.99346710219318,5307.979468035464,27823.011799213386,0.0,0,0,0,0,0,0,{}
1776413506,normal,sw-wk3,0.15222222222223014,0.4119073104221619,102.66666666666669,52.0,2852.9666666666667,7794.666666666667,0.0,0,87,4,0,0,0,"{""process_exec"": 87, ""process_exit"": 37}"
1776413516,normal,sw-wk3,0.15222222222223036,0.4119073104221619,102.66666666666667,52.0,2852.9666666666667,7794.666666666667,0.0,0,113,4,0,0,0,"{""process_exec"": 113, ""process_exit"": 89}"
1776413516,normal,sw-wk2,0.1349423294886285,0.2815809090561566,116.0744049603307,100.87339155943731,1094.172944862991,3734.082272151477,0.0,0,0,0,0,0,0,{}
1776413516,normal,k3s-wk1,0.2829999999999321,0.6484772476105222,223.0,207.79999999999998,21495.5,5383.0666666666675,0.0,0,84,3,0,74,0,"{""process_exit"": 84, ""process_exec"": 84, ""process_kprobe"": 74}"
1776413526,normal,sw-wk3,0.21355555555552808,0.410948430750411,746.2,365.70000000000005,6100.833333333333,57230.46666666667,0.0,0,165,4,0,0,0,"{""process_exit"": 90, ""process_exec"": 165}"
1776413526,normal,sw-wk2,0.1349423294886285,0.2815809090561566,116.0744049603307,100.87339155943731,1094.172944862991,3734.082272151477,0.0,0,2,2,0,0,0,"{""process_exec"": 2}"
1776413526,normal,k3s-wk1,0.2829999999999321,0.6484772476105222,223.0,207.79999999999998,21495.5,5383.066666666667,0.0,0,12,2,0,8,0,"{""process_exit"": 12, ""process_exec"": 12, ""process_kprobe"": 8}"
1776413536,normal,k3s-wk1,0.2894444444444768,0.6484896648804612,216.79999999999998,217.26666666666665,73537.13333333333,5653.4,0.0,0,15,2,0,10,0,"{""process_exit"": 16, ""process_exec"": 15, ""process_kprobe"": 10}"
1776413536,normal,sw-wk2,0.1349423294886285,0.2815809090561566,116.0744049603307,100.87339155943731,1094.172944862991,3734.082272151477,0.0,0,0,0,0,0,0,{}
1776413536,normal,sw-wk3,0.21355555555552808,0.410948430750411,746.2,365.7,6100.833333333333,57230.46666666667,0.0,0,100,4,0,0,0,"{""process_exit"": 71, ""process_exec"": 100}"
1776413546,normal,sw-wk3,0.21355555555552808,0.410948430750411,746.2,365.7,6100.833333333333,57230.46666666667,0.0,0,132,4,0,0,0,"{""process_exit"": 72, ""process_exec"": 132}"
1776413546,normal,sw-wk2,0.19144444444445963,0.28531448704716034,78.33333333333333,68.2,5615.3,28047.866666666665,0.0,0,104,5,0,0,0,"{""process_exit"": 106, ""process_exec"": 104}"
1776413546,normal,k3s-wk1,0.2894444444444768,0.6484896648804612,216.79999999999998,217.26666666666665,73537.13333333333,5653.4,0.0,0,33,3,0,28,0,"{""process_exit"": 33, ""process_exec"": 33, ""process_kprobe"": 28}"
1776413556,normal,sw-wk3,0.20738002464451089,0.41501809447354,161.9875445432444,86.52213008292537,3689.6126819196056,61629.79984680454,0.0,0,132,4,0,0,0,"{""process_exit"": 72, ""process_exec"": 132}"
1776413556,normal,sw-wk2,0.19144444444445974,0.28531448704716034,78.33333333333333,68.20000000000002,5615.3,28047.866666666665,0.0,0,0,0,0,0,0,{}
1776413556,normal,k3s-wk1,0.2894444444444768,0.6484896648804612,216.79999999999998,217.26666666666665,73537.13333333333,5653.4,0.0,0,12,2,0,8,0,"{""process_exit"": 12, ""process_exec"": 12, ""process_kprobe"": 8}"
1776413566,normal,sw-wk3,0.20738002464451089,0.41501809447354,161.9875445432444,86.52213008292536,3689.6126819196056,61629.79984680454,0.0,0,132,4,0,0,0,"{""process_exit"": 72, ""process_exec"": 132}"
1776413566,normal,sw-wk2,0.19144444444445974,0.28531448704716034,78.33333333333333,68.2,5615.3,28047.866666666665,0.0,0,0,0,0,0,0,{}
1776413566,normal,k3s-wk1,0.276333333333322,0.6535197880484906,208.66666666666666,208.66666666666666,91557.93333333335,7412.766666666666,0.0,0,39,3,0,32,0,"{""process_exit"": 39, ""process_exec"": 39, ""process_kprobe"": 32}"
1776413576,normal,sw-wk3,0.20738002464451089,0.41501809447354,161.9875445432444,86.52213008292536,3689.6126819196056,61629.79984680454,0.0,0,199,4,0,0,0,"{""process_exit"": 111, ""process_exec"": 199}"
1776413576,normal,sw-wk2,0.11111111111111094,0.2784573824177785,110.96666666666667,100.86666666666666,524.0333333333333,3569.233333333333,0.0,0,0,0,0,0,0,{}
1776413576,normal,k3s-wk1,0.276333333333322,0.6535197880484906,208.66666666666666,208.66666666666666,91557.93333333333,7412.766666666666,0.0,0,60,3,0,52,0,"{""process_exit"": 60, ""process_exec"": 60, ""process_kprobe"": 52}"
1776413586,normal,sw-wk3,0.1849331064624733,0.4123469296736624,156.27397991525706,80.07206485837253,2792.9136222600337,74420.97888099289,0.0,0,132,4,0,0,0,"{""process_exit"": 72, ""process_exec"": 132}"
1776413586,normal,sw-wk2,0.11111111111111116,0.2784573824177785,110.96666666666667,100.86666666666666,524.0333333333333,3569.233333333333,0.0,0,0,0,0,0,0,{}
1776413586,normal,k3s-wk1,0.276333333333322,0.6535197880484906,208.66666666666666,208.66666666666666,91557.93333333333,7412.766666666666,0.0,0,36,3,0,30,0,"{""process_exit"": 36, ""process_exec"": 36, ""process_kprobe"": 30}"
1776413596,normal,k3s-wk1,0.31444444444447683,0.6509877938236499,223.86666666666667,208.66666666666666,102350.93333333333,10471.866666666667,0.0,0,57,3,0,50,0,"{""process_exit"": 58, ""process_exec"": 57, ""process_kprobe"": 50}"
1776413596,normal,sw-wk2,0.11111111111111116,0.2784573824177785,110.96666666666667,100.86666666666666,524.0333333333333,3569.233333333333,0.0,0,106,7,0,0,0,"{""process_exec"": 106, ""process_exit"": 106}"
1776413596,normal,sw-wk3,0.1849331064624733,0.4123469296736624,156.27397991525706,80.07206485837253,2792.9136222600337,74420.97888099289,0.0,0,163,4,0,0,0,"{""process_exit"": 80, ""process_exec"": 163}"
1776413606,normal,k3s-wk1,0.31444444444447683,0.6509877938236499,223.86666666666667,208.66666666666666,102350.93333333333,10471.866666666667,0.0,0,24,2,0,16,0,"{""process_exec"": 24, ""process_kprobe"": 16, ""process_exit"": 23}"
1776413606,normal,sw-wk2,0.22499999999999998,0.2819504440791569,103.06666666666666,98.0,5720.2,28036.8,0.0,0,0,0,0,0,0,{}
1776413606,normal,sw-wk3,0.1849331064624733,0.4123469296736624,156.27397991525706,80.07206485837253,2792.9136222600337,74420.97888099289,0.0,0,134,4,0,0,0,"{""process_exit"": 89, ""process_exec"": 134}"
1776413616,normal,k3s-wk1,0.31444444444447683,0.6509877938236499,223.86666666666667,208.66666666666666,102350.93333333333,10471.866666666667,0.0,0,33,3,0,28,0,"{""process_exit"": 33, ""process_exec"": 33, ""process_kprobe"": 28}"
1776413616,normal,sw-wk2,0.22499999999999998,0.2819504440791569,103.06666666666666,98.0,5720.2,28036.8,0.0,0,0,0,0,0,0,{}
1776413616,normal,sw-wk3,0.20633333333333015,0.41015679753303513,154.0,78.0,3988.733333333333,75487.2,0.0,0,133,4,0,0,0,"{""process_exit"": 76, ""process_exec"": 133}"
1776413626,normal,sw-wk3,0.20633333333333015,0.41015679753303513,154.0,78.0,3988.733333333334,75487.2,0.0,0,132,4,0,0,0,"{""process_exit"": 72, ""process_exec"": 132}"
1776413626,normal,sw-wk2,0.22499999999999998,0.2819504440791569,103.06666666666666,98.0,5720.2,28036.8,0.0,0,0,0,0,0,0,{}
1776413626,normal,k3s-wk1,0.28722222222220606,0.6447114282908305,221.0,205.80000000000004,69482.53333333333,4291.166666666667,0.0,0,60,3,0,52,0,"{""process_exit"": 60, ""process_exec"": 60, ""process_kprobe"": 52}"
1776413636,normal,k3s-wk1,0.28722222222220606,0.6447114282908305,221.0,205.79999999999998,69482.53333333333,4291.166666666668,0.0,0,12,2,0,8,0,"{""process_exit"": 12, ""process_exec"": 12, ""process_kprobe"": 8}"
1776413636,normal,sw-wk2,0.11811111111110228,0.279991271327905,116.06666666666666,100.86666666666666,935.1666666666666,3686.600000000001,0.0,0,0,0,0,0,0,{}
1776413636,normal,sw-wk3,0.20633333333333015,0.41015679753303513,154.0,78.0,3988.733333333333,75487.2,0.0,0,99,4,0,0,0,"{""process_exit"": 65, ""process_exec"": 99}"
1776413646,normal,k3s-wk1,0.28722222222220606,0.6447114282908305,221.0,205.79999999999998,69482.53333333333,4291.166666666667,0.0,0,57,3,0,50,0,"{""process_exit"": 57, ""process_exec"": 57, ""process_kprobe"": 50}"
1776413646,normal,sw-wk2,0.11811111111110228,0.279991271327905,116.06666666666666,100.86666666666666,935.1666666666666,3686.6,0.0,0,2,2,0,0,0,"{""process_exec"": 2}"
1776413646,normal,sw-wk3,0.19822222222226427,0.41342527109853844,156.13333333333333,80.0,5659.466666666666,56178.1,0.0,0,133,4,0,0,0,"{""process_exec"": 133, ""process_exit"": 74}"
1776413656,normal,k3s-wk1,0.3157777777777584,0.6523898164840387,223.86666666666667,208.66666666666666,51644.63333333333,11045.166666666666,0.0,0,33,3,0,28,0,"{""process_exit"": 33, ""process_exec"": 33, ""process_kprobe"": 28}"
1776413656,normal,sw-wk2,0.11811111111110228,0.279991271327905,116.06666666666666,100.86666666666666,935.1666666666666,3686.6,0.0,0,104,5,0,0,0,"{""process_exit"": 104, ""process_exec"": 104}"
1776413656,normal,sw-wk3,0.19822222222226427,0.41342527109853844,156.13333333333333,80.0,5659.466666666666,56178.1,0.0,0,1,1,0,0,0,"{""process_exit"": 3, ""process_exec"": 1}"
1776413666,normal,k3s-wk1,0.3157777777777584,0.6523898164840387,223.86666666666667,208.66666666666666,51644.63333333333,11045.166666666666,0.0,0,15,2,0,10,0,"{""process_exit"": 15, ""process_exec"": 15, ""process_kprobe"": 10}"
1776413666,normal,sw-wk2,0.2235555555555645,0.28316736113765817,116.06666666666666,100.86666666666666,7687.0,28281.8,0.0,0,0,0,0,0,0,"{""process_exit"": 2}"
1776413666,normal,sw-wk3,0.19822222222226427,0.41342527109853844,156.13333333333333,80.0,5659.466666666666,56178.1,0.0,0,0,0,0,0,0,{}
1776413676,normal,k3s-wk1,0.3157777777777584,0.6523898164840387,223.86666666666667,208.66666666666666,51644.63333333333,11045.166666666666,0.0,0,12,2,0,8,0,"{""process_exit"": 12, ""process_exec"": 12, ""process_kprobe"": 8}"
1776413676,normal,sw-wk2,0.2235555555555645,0.28316736113765817,116.06666666666666,100.86666666666666,7687.0,28281.800000000007,0.0,0,0,0,0,0,0,{}
1776413676,normal,sw-wk3,0.18466666666665532,0.41006759942403503,156.13333333333333,80.0,5460.833333333333,11141.366666666667,0.0,0,0,0,0,0,0,{}
1776413686,normal,sw-wk3,0.18466666666665532,0.41006759942403503,156.13333333333333,80.00000000000001,5460.833333333333,11141.366666666667,0.0,0,1,1,0,0,0,"{""process_exit"": 17, ""process_exec"": 1}"
1776413686,normal,sw-wk2,0.2235555555555645,0.28316736113765817,116.06666666666666,100.86666666666666,7687.0,28281.8,0.0,0,0,0,0,0,0,{}
1776413686,normal,k3s-wk1,0.2858888888888841,0.6496772074237213,223.86666666666667,208.66666666666666,35065.36666666667,6686.433333333333,0.0,0,36,3,0,30,0,"{""process_exit"": 36, ""process_exec"": 36, ""process_kprobe"": 30}"
1776413696,normal,k3s-wk1,0.2858888888888841,0.6496772074237213,223.86666666666667,208.66666666666666,35065.36666666667,6686.433333333333,0.0,0,12,2,0,8,0,"{""process_exit"": 12, ""process_exec"": 12, ""process_kprobe"": 8}"
1776413696,normal,sw-wk2,0.1178365886718501,0.2783140283140283,113.1924538364109,97.99346710219318,900.0733284447704,3590.460635957603,0.0,0,0,0,0,0,0,{}
1776413696,normal,sw-wk3,0.18466666666665532,0.41006759942403503,156.13333333333333,80.0,5460.833333333333,11141.366666666667,0.0,0,0,0,0,0,0,{}
1776413706,normal,k3s-wk1,0.2858888888888841,0.6496772074237213,223.86666666666667,208.66666666666666,35065.36666666667,6686.433333333333,0.0,0,15,2,0,10,0,"{""process_exit"": 15, ""process_exec"": 15, ""process_kprobe"": 10}"
1776413706,normal,sw-wk2,0.1178365886718501,0.2783140283140283,113.1924538364109,97.99346710219318,900.0733284447704,3590.460635957603,0.0,0,2,2,0,0,0,"{""process_exec"": 2}"
1776413706,normal,sw-wk3,0.17711111111113698,0.40904659964065904,102.66666666666667,52.0,3908.2999999999997,7739.866666666667,0.0,0,0,0,0,0,0,{}
1776413716,normal,sw-wk3,0.17711111111113698,0.40904659964065904,102.66666666666667,52.00000000000001,3908.2999999999997,7739.866666666667,0.0,0,1,1,0,0,0,"{""process_exit"": 3, ""process_exec"": 1}"
1776413716,normal,sw-wk2,0.1178365886718501,0.2783140283140283,113.1924538364109,97.99346710219318,900.0733284447704,3590.460635957603,0.0,0,0,0,0,0,0,{}
1776413716,normal,k3s-wk1,0.2715555555555814,0.6528018440774702,213.73333333333332,208.66666666666666,10062.233333333334,6565.266666666668,0.0,0,12,2,0,8,0,"{""process_exit"": 12, ""process_exec"": 12, ""process_kprobe"": 8}"
1776413726,normal,k3s-wk1,0.2715555555555814,0.6528018440774702,213.73333333333332,208.66666666666666,10062.233333333334,6565.266666666666,0.0,0,18,2,0,12,0,"{""process_exit"": 18, ""process_exec"": 18, ""process_kprobe"": 12}"
1776413726,normal,sw-wk2,0.215614374291638,0.28408801304840914,78.33855590372693,68.20454696979799,5368.191212747516,28041.20274684979,0.0,0,104,5,0,0,0,"{""process_exit"": 106, ""process_exec"": 104}"
1776413726,normal,sw-wk3,0.17711111111113698,0.40904659964065904,102.66666666666667,52.0,3908.2999999999997,7739.866666666667,0.0,0,1,1,0,0,0,"{""process_exit"": 9, ""process_exec"": 1}"
1776413736,normal,k3s-wk1,0.2715555555555814,0.6528018440774702,213.73333333333332,208.66666666666666,10062.233333333334,6565.266666666666,0.0,0,39,3,0,32,0,"{""process_exit"": 39, ""process_exec"": 39, ""process_kprobe"": 32}"
1776413736,normal,sw-wk2,0.215614374291638,0.28408801304840914,78.33855590372693,68.20454696979799,5368.191212747517,28041.20274684979,0.0,0,0,0,0,0,0,{}
1776413736,normal,sw-wk3,0.1795555555555136,0.4077548198835328,156.13333333333333,80.0,2921.9,7008.100000000001,0.0,0,0,0,0,0,0,{}
1776413746,normal,k3s-wk1,0.31533333333334446,0.651995850374155,215.33333333333334,211.79999999999998,34559.7,10348.3,0.0,0,33,3,0,28,0,"{""process_exit"": 33, ""process_exec"": 33, ""process_kprobe"": 28}"
1776413746,normal,sw-wk2,0.215614374291638,0.28408801304840914,78.33855590372693,68.20454696979799,5368.191212747517,28041.20274684979,0.0,0,2,2,0,0,0,"{""process_exec"": 2}"
1776413746,normal,sw-wk3,0.1795555555555136,0.4077548198835328,156.13333333333333,80.0,2921.9,7008.099999999999,0.0,0,0,0,0,0,0,{}
1776413756,normal,k3s-wk1,0.3153333333333447,0.651995850374155,215.33333333333334,211.79999999999998,34559.700000000004,10348.3,0.0,0,15,2,0,10,0,"{""process_exit"": 15, ""process_exec"": 15, ""process_kprobe"": 10}"
1776413756,normal,sw-wk2,0.2011111111110947,0.28977439249716475,143253.0,2234.5333333333333,2672.833333333334,5640.4,0.0,0,6,6,0,0,0,"{""process_exec"": 6, ""process_exit"": 6}"
1776413756,normal,sw-wk3,0.1795555555555136,0.4077548198835328,156.13333333333333,80.0,2921.9,7008.099999999999,0.0,0,0,0,0,0,0,{}
1776413766,normal,k3s-wk1,0.3153333333333447,0.651995850374155,215.33333333333334,211.79999999999998,34559.7,10348.3,0.0,0,15,2,0,10,0,"{""process_exit"": 15, ""process_exec"": 15, ""process_kprobe"": 10}"
1776413766,normal,sw-wk2,0.20111111111109503,0.28977439249716475,143253.0,2234.5333333333333,2672.8333333333335,5640.4,0.0,0,2,2,0,0,0,"{""process_exec"": 2}"
1776413766,normal,sw-wk3,0.17755555555559122,0.410962766160786,160.6,86.0,4311.466666666666,6093.266666666666,0.0,0,1,1,0,0,0,"{""process_exit"": 5, ""process_exec"": 1}"
1776413776,normal,k3s-wk1,0.28131804648266534,0.6555641222175438,223.83682175709907,208.63884815357952,13311.891747766966,6378.982802293028,0.0,0,36,3,0,30,0,"{""process_exit"": 36, ""process_exec"": 36, ""process_kprobe"": 30}"
1776413776,normal,sw-wk2,0.20111111111109503,0.28977439249716475,143253.0,2234.5333333333333,2672.8333333333335,5640.4,0.0,0,6,3,0,0,0,"{""process_exit"": 6, ""process_exec"": 6}"
1776413776,normal,sw-wk3,0.17755555555559122,0.410962766160786,160.6,86.0,4311.466666666666,6093.266666666666,0.0,0,0,0,0,0,0,{}
1776413786,transition,k3s-wk1,0.28131804648266534,0.6555641222175438,223.83682175709907,208.63884815357952,13311.891747766966,6378.982802293028,0.0,9,30,3,0,26,0,"{""process_exit"": 30, ""process_exec"": 30, ""process_kprobe"": 26}"
1776413786,transition,sw-wk2,0.0,0.28977439249716475,0.0,0.0,5656.5,9552.466666666667,0.0,9,14,1,0,0,0,"{""process_exit"": 15, ""process_exec"": 14}"
1776413786,transition,sw-wk3,0.17755555555559122,0.410962766160786,160.6,86.0,4311.466666666666,6093.266666666666,0.0,9,1,1,0,0,0,"{""process_exit"": 11, ""process_exec"": 1}"
1776413796,normal,k3s-wk1,0.28131804648266534,0.6555641222175438,223.83682175709907,208.63884815357952,13311.891747766966,6378.982802293028,0.0,0,36,3,0,30,0,"{""process_exit"": 36, ""process_exec"": 36, ""process_kprobe"": 30}"
1776413796,normal,sw-wk2,0.20411111111112,0.28057743032990556,110.96666666666667,100.86666666666666,5656.5,9552.466666666667,0.0,0,18,1,0,0,0,"{""process_exec"": 18, ""process_exit"": 18}"
1776413796,normal,sw-wk3,0.15100000000000158,0.4097888553334098,154.0,78.0,2985.2,6779.100000000001,0.0,0,0,0,0,0,0,{}
1776413806,normal,k3s-wk1,0.2819042539005314,0.6601686716794809,223.89651953593813,208.6944925990132,21082.077610348046,5924.6232831044135,0.0,0,36,3,0,30,0,"{""process_exit"": 36, ""process_exec"": 36, ""process_kprobe"": 30}"
1776413806,normal,sw-wk2,0.20411111111112,0.28057743032990556,110.96666666666667,100.86666666666666,5656.5,9552.466666666667,0.0,0,14,1,0,0,0,"{""process_exec"": 14, ""process_exit"": 13}"
1776413806,normal,sw-wk3,0.15100000000000147,0.4097888553334098,154.0,78.00000000000001,2985.2,6779.099999999999,0.0,0,0,0,0,0,0,{}
1776413816,normal,k3s-wk1,0.2819042539005314,0.6601686716794809,223.89651953593813,208.6944925990132,21082.077610348046,5924.6232831044135,0.0,0,15,2,0,10,0,"{""process_exit"": 15, ""process_exec"": 15, ""process_kprobe"": 10}"
1776413816,normal,sw-wk2,0.12116969979778724,0.2864262777629114,116.05892940470635,100.85994267048864,1174.8883407772814,15028.964735684287,0.0,0,19,1,0,0,0,"{""process_exit"": 19, ""process_exec"": 19}"
1776413816,normal,sw-wk3,0.15100000000000158,0.4097888553334098,154.0,78.0,2985.2,6779.099999999999,0.0,0,1,1,0,0,0,"{""process_exit"": 17, ""process_exec"": 1}"
1776413826,normal,k3s-wk1,0.2819042539005314,0.6601686716794809,223.89651953593813,208.6944925990132,21082.077610348046,5924.6232831044135,0.0,0,54,3,0,48,0,"{""process_exit"": 54, ""process_exec"": 54, ""process_kprobe"": 48}"
1776413826,normal,sw-wk2,0.12116969979778724,0.2864262777629114,116.05892940470635,100.85994267048864,1174.8883407772814,15028.964735684287,0.0,0,18,1,0,0,0,"{""process_exit"": 18, ""process_exec"": 18}"
1776413826,normal,sw-wk3,0.1726666666666764,0.4017705824636517,156.13333333333333,80.0,2390.633333333333,7618.099999999999,0.0,0,0,0,0,0,0,{}
1776413836,normal,k3s-wk1,0.3023333333333236,0.6525072161270986,223.86666666666667,208.66666666666666,25018.13333333333,5459.433333333333,0.0,0,81,3,0,72,0,"{""process_exit"": 82, ""process_exec"": 81, ""process_kprobe"": 72}"
1776413836,normal,sw-wk2,0.12116969979778724,0.2864262777629114,116.05892940470635,100.85994267048864,1174.8883407772814,15028.964735684287,0.0,0,17,5,0,0,0,"{""process_exit"": 17, ""process_exec"": 17}"
1776413836,normal,sw-wk3,0.1726666666666764,0.4017705824636517,156.13333333333333,80.0,2390.633333333333,7618.099999999999,0.0,0,1,1,0,0,0,"{""process_exit"": 5, ""process_exec"": 1}"
1776413846,normal,k3s-wk1,0.3023333333333236,0.6525072161270986,223.86666666666667,208.66666666666666,25018.13333333333,5459.433333333333,0.0,0,78,3,0,70,0,"{""process_exit"": 78, ""process_exec"": 78, ""process_kprobe"": 70}"
1776413846,normal,sw-wk2,0.19855555555556448,0.28876135683066373,116.06666666666666,100.86666666666666,6024.833333333333,14562.666666666666,0.0,0,10,3,0,0,0,"{""process_exit"": 11, ""process_exec"": 10}"
1776413846,normal,sw-wk3,0.1726666666666764,0.4017705824636517,156.13333333333333,80.0,2390.633333333333,7618.099999999999,0.0,0,0,0,0,0,0,{}
1776413856,normal,k3s-wk1,0.3023333333333236,0.6525072161270986,223.86666666666667,208.66666666666666,25018.13333333333,5459.433333333333,0.0,0,66,3,0,56,0,"{""process_exit"": 66, ""process_exec"": 66, ""process_kprobe"": 56}"
1776413856,normal,sw-wk2,0.19855555555556448,0.28876135683066373,116.06666666666666,100.86666666666666,6024.833333333333,14562.666666666666,0.0,0,15,1,0,0,0,"{""process_exec"": 15, ""process_exit"": 15}"
1776413856,normal,sw-wk3,0.15014164305944966,0.40428883621952927,104.78253624395934,53.991001499750034,2837.6603899350107,5926.178970171638,0.0,0,0,0,0,0,0,{}
1776413866,normal,k3s-wk1,0.2970000000000357,0.6491737435698297,223.86666666666667,208.66666666666666,20351.566666666666,7096.133333333333,0.0,0,39,3,0,32,0,"{""process_exit"": 39, ""process_exec"": 39, ""process_kprobe"": 32}"
1776413866,normal,sw-wk2,0.19855555555556448,0.28876135683066373,116.06666666666666,100.86666666666666,6024.833333333333,14562.666666666666,0.0,0,21,1,0,0,0,"{""process_exec"": 21, ""process_exit"": 20}"
1776413866,normal,sw-wk3,0.15014164305944966,0.40428883621952927,104.78253624395934,53.99100149975004,2837.6603899350107,5926.178970171638,0.0,0,1,1,0,0,0,"{""process_exit"": 3, ""process_exec"": 1}"
1776413876,transition,k3s-wk1,0.29700000000003535,0.6491737435698297,223.86666666666667,208.66666666666666,20351.566666666666,7096.133333333333,0.0,10,12,2,0,8,0,"{""process_exit"": 12, ""process_exec"": 12, ""process_kprobe"": 8}"
1776413876,transition,sw-wk2,0.0,0.28876135683066373,0.0,0.0,0.0,0.0,0.0,10,17,1,0,0,0,"{""process_exit"": 17, ""process_exec"": 17}"
1776413876,transition,sw-wk3,0.15014164305944966,0.40428883621952927,104.78253624395934,53.99100149975004,2837.6603899350107,5926.178970171638,0.0,10,0,0,0,0,0,{}
1776413886,normal,k3s-wk1,0.2970000000000357,0.6491737435698297,223.86666666666667,208.66666666666666,20351.566666666666,7096.133333333333,0.0,0,15,2,0,10,0,"{""process_exit"": 15, ""process_exec"": 15, ""process_kprobe"": 10}"
1776413886,normal,sw-wk2,0.1135555555555483,0.2815347171782815,120.46666666666667,106.86666666666666,2319.8333333333335,16391.3,0.0,0,44,6,0,0,0,"{""process_exit"": 46, ""process_exec"": 44}"
1776413886,normal,sw-wk3,0.16474968050230765,0.4097538132191597,156.15935989331558,80.01333555592598,4117.1195199199865,6298.049674945823,0.0,0,1,1,0,0,0,"{""process_exit"": 3, ""process_exec"": 1}"
1776413896,normal,k3s-wk1,0.30044444444441354,0.6501185849279177,213.73333333333332,208.66666666666666,26971.433333333334,10262.9,0.0,0,33,3,0,28,0,"{""process_exit"": 33, ""process_exec"": 33, ""process_kprobe"": 28}"
1776413896,normal,sw-wk2,0.1135555555555483,0.2815347171782815,120.46666666666667,106.86666666666666,2319.8333333333335,16391.3,0.0,0,0,0,0,0,0,{}
1776413896,normal,sw-wk3,0.16474968050230765,0.4097538132191597,156.15935989331552,80.01333555592598,4117.1195199199865,6298.049674945823,0.0,0,1,1,0,0,0,"{""process_exit"": 19, ""process_exec"": 1}"
1776413906,normal,k3s-wk1,0.30044444444441376,0.6501185849279177,213.73333333333332,208.66666666666666,26971.433333333334,10262.9,0.0,0,39,3,0,32,0,"{""process_exit"": 39, ""process_exec"": 39, ""process_kprobe"": 32}"
1776413906,normal,sw-wk2,0.25995066337755446,0.2845276322999095,78.2718847923195,68.20454696979799,8126.108407227149,38275.151676778456,0.0,0,104,5,0,0,0,"{""process_exit"": 106, ""process_exec"": 104}"
1776413906,normal,sw-wk3,0.16474968050230765,0.4097538132191597,156.15935989331552,80.01333555592598,4117.1195199199865,6298.049674945823,0.0,0,0,0,0,0,0,{}
1776413916,normal,k3s-wk1,0.30044444444441376,0.6501185849279177,213.73333333333332,208.66666666666666,26971.433333333334,10262.9,0.0,0,36,3,0,30,0,"{""process_exit"": 36, ""process_exec"": 36, ""process_kprobe"": 30}"
1776413916,normal,sw-wk2,0.25995066337755446,0.2845276322999095,78.2718847923195,68.20454696979799,8126.108407227149,38275.151676778456,0.0,0,0,0,0,0,0,{}
1776413916,normal,sw-wk3,0.15255555555555078,0.40124017227977626,154.00000000000003,78.0,2838.7666666666664,7808.933333333333,0.0,0,0,0,0,0,0,{}
1776413926,normal,k3s-wk1,0.2808496928085017,0.6524541605191774,218.77812218778124,208.645802086458,33157.28427157284,6559.110755591108,0.0,0,75,3,0,68,0,"{""process_exit"": 75, ""process_exec"": 75, ""process_kprobe"": 68}"
1776413926,normal,sw-wk2,0.25995066337755446,0.2845276322999095,78.2718847923195,68.20454696979799,8126.108407227149,38275.151676778456,0.0,0,0,0,0,0,0,{}
1776413926,normal,sw-wk3,0.15255555555555078,0.40124017227977626,154.0,78.0,2838.7666666666664,7808.933333333333,0.0,0,1,1,0,0,0,"{""process_exit"": 3, ""process_exec"": 1}"
1776413936,normal,k3s-wk1,0.2808496928085017,0.6524541605191774,218.77812218778124,208.64580208645802,33157.28427157284,6559.110755591108,0.0,0,36,3,0,30,0,"{""process_exit"": 36, ""process_exec"": 36, ""process_kprobe"": 30}"
1776413936,normal,sw-wk2,0.1201697664600081,0.28181823973903186,100.85994267048864,100.85994267048864,683.8544097060196,3642.5904939670686,0.0,0,0,0,0,0,0,{}
1776413936,normal,sw-wk3,0.15255555555555078,0.40124017227977626,154.0,78.0,2838.7666666666664,7808.933333333333,0.0,0,0,0,0,0,0,{}
1776413947,normal,k3s-wk1,0.2808496928085017,0.6524541605191774,218.77812218778124,208.64580208645802,33157.28427157284,6559.110755591108,0.0,0,36,3,0,30,0,"{""process_exit"": 36, ""process_exec"": 36, ""process_kprobe"": 30}"
1776413947,normal,sw-wk2,0.1201697664600081,0.28181823973903186,100.85994267048864,100.85994267048864,683.8544097060196,3642.5904939670686,0.0,0,2,2,0,0,0,"{""process_exec"": 2}"
1776413947,normal,sw-wk3,0.1498888888888663,0.40411044000152907,156.13333333333333,80.00000000000001,2959.8,5798.133333333333,0.0,0,0,0,0,0,0,{}
1776413956,normal,k3s-wk1,0.3160883140549209,0.6493554872480283,223.80746024867494,208.67362245408182,33733.25777525918,12765.192173072437,0.0,0,57,3,0,50,0,"{""process_exit"": 57, ""process_exec"": 57, ""process_kprobe"": 50}"
1776413956,normal,sw-wk2,0.1201697664600081,0.28181823973903186,100.85994267048864,100.85994267048864,683.8544097060196,3642.5904939670686,0.0,0,104,5,0,0,0,"{""process_exit"": 106, ""process_exec"": 104}"
1776413956,normal,sw-wk3,0.1498888888888663,0.40411044000152907,156.13333333333333,80.00000000000001,2959.8,5798.133333333333,0.0,0,0,0,0,0,0,{}
1776413966,normal,sw-wk3,0.1498888888888663,0.40411044000152907,156.13333333333333,80.0,2959.8,5798.133333333333,0.0,0,1,1,0,0,0,"{""process_exit"": 15, ""process_exec"": 1}"
1776413966,normal,sw-wk2,0.22339267062249235,0.2803146144730303,110.9407293819588,100.87339155943731,7306.55377025135,28273.25155010334,0.0,0,0,0,0,0,0,{}
1776413966,normal,k3s-wk1,0.3160883140549209,0.6493554872480283,223.80746024867494,208.67362245408182,33733.25777525918,12765.192173072437,0.0,0,12,2,0,8,0,"{""process_exit"": 12, ""process_exec"": 12, ""process_kprobe"": 8}"
1776413976,normal,k3s-wk1,0.3160883140549209,0.6493554872480283,223.80746024867497,208.67362245408182,33733.25777525918,12765.192173072437,0.0,0,36,3,0,30,0,"{""process_exit"": 36, ""process_exec"": 36, ""process_kprobe"": 30}"
1776413976,normal,sw-wk2,0.22339267062249235,0.2803146144730303,110.9407293819588,100.87339155943731,7306.55377025135,28273.25155010334,0.0,0,0,0,0,0,0,{}
1776413976,normal,sw-wk3,0.15566666666668938,0.4001363456809002,156.13333333333333,80.0,3541.233333333333,7343.733333333334,0.0,0,0,0,0,0,0,{}
1776413986,normal,k3s-wk1,0.2679511967464383,0.6551137139715735,223.88159210614043,208.68057870524703,10856.923794919661,1754.0169344622975,0.0,0,15,2,0,10,0,"{""process_exit"": 15, ""process_exec"": 15, ""process_kprobe"": 10}"
1776413986,normal,sw-wk2,0.22339267062249235,0.2803146144730303,110.9407293819588,100.87339155943731,7306.55377025135,28273.25155010334,0.0,0,0,0,0,0,0,{}
1776413986,normal,sw-wk3,0.15566666666668938,0.4001363456809002,156.13333333333333,80.0,3541.233333333333,7343.733333333334,0.0,0,0,0,0,0,0,{}
1776413996,normal,k3s-wk1,0.2679511967464383,0.6551137139715735,223.88159210614043,208.68057870524703,10856.923794919661,1754.0169344622975,0.0,0,36,3,0,30,0,"{""process_exit"": 36, ""process_exec"": 36, ""process_kprobe"": 30}"
1776413996,normal,sw-wk2,0.1512222222222085,0.2836245014462836,722.4666666666667,394.0,2432.3333333333335,4240.066666666667,0.0,0,2,2,0,0,0,"{""process_exec"": 2}"
1776413996,normal,sw-wk3,0.15566666666668938,0.4001363456809002,156.13333333333333,80.0,3541.233333333333,7343.733333333334,0.0,0,1,1,0,0,0,"{""process_exit"": 3, ""process_exec"": 1}"
1776414006,normal,k3s-wk1,0.2679511967464383,0.6551137139715735,223.88159210614043,208.68057870524703,10856.923794919661,1754.0169344622975,0.0,0,57,3,0,50,0,"{""process_exit"": 57, ""process_exec"": 57, ""process_kprobe"": 50}"
1776414006,normal,sw-wk2,0.15122222222220838,0.2836245014462836,722.4666666666667,394.0,2432.3333333333335,4240.066666666667,0.0,0,111,10,0,0,0,"{""process_exit"": 112, ""process_exec"": 111}"
1776414006,normal,sw-wk3,0.15877777777778757,0.39978114606827475,156.13333333333333,80.00000000000001,5653.166666666667,5949.600000000001,0.0,0,0,0,0,0,0,{}
1776414016,normal,k3s-wk1,0.33600000000001773,0.6615142522037831,223.86666666666667,208.66666666666666,38500.4,15208.86666666667,0.0,0,9,2,0,6,0,"{""process_exit"": 9, ""process_exec"": 9, ""process_kprobe"": 6}"
1776414016,normal,sw-wk2,0.1512222222222085,0.2836245014462836,722.4666666666667,394.0,2432.3333333333335,4240.066666666667,0.0,0,3,2,0,0,0,"{""process_exit"": 3, ""process_exec"": 3}"
1776414016,normal,sw-wk3,0.15877777777778757,0.39978114606827475,156.13333333333335,80.0,5653.166666666667,5949.6,0.0,0,1,1,0,0,0,"{""process_exit"": 15, ""process_exec"": 1}"
1776414026,normal,k3s-wk1,0.3360000000000176,0.6615142522037831,223.86666666666667,208.66666666666666,38500.4,15208.866666666667,0.0,0,39,3,0,32,0,"{""process_exit"": 39, ""process_exec"": 39, ""process_kprobe"": 32}"
1776414026,normal,sw-wk2,0.18677777777781246,0.2863179657734113,191.06666666666666,176.46666666666667,5961.433333333334,30697.533333333333,0.0,0,3,2,0,0,0,"{""process_exit"": 3, ""process_exec"": 3}"
1776414026,normal,sw-wk3,0.15877777777778757,0.39978114606827475,156.13333333333333,80.0,5653.166666666667,5949.6,0.0,0,0,0,0,0,0,{}
1776414036,normal,k3s-wk1,0.33600000000001773,0.6615142522037831,223.86666666666667,208.66666666666666,38500.4,15208.866666666667,0.0,0,60,3,0,52,0,"{""process_exit"": 60, ""process_exec"": 60, ""process_kprobe"": 52}"
1776414036,normal,sw-wk2,0.18677777777781257,0.2863179657734113,191.06666666666666,176.46666666666667,5961.433333333333,30697.533333333333,0.0,0,4,2,0,0,0,"{""process_exit"": 4, ""process_exec"": 4}"
1776414036,normal,sw-wk3,0.15822222222224003,0.3996553130216497,104.8,54.0,2993.133333333333,7345.366666666667,0.0,0,0,0,0,0,0,{}
1776414046,normal,k3s-wk1,0.26399999999998214,0.6572494844010868,406.7,301.1,11238.8,1918.7333333333333,0.0,0,36,3,0,30,0,"{""process_exit"": 36, ""process_exec"": 36, ""process_kprobe"": 30}"
1776414046,normal,sw-wk2,0.18677777777781257,0.2863179657734113,191.06666666666666,176.46666666666667,5961.433333333333,30697.533333333333,0.0,0,3,2,0,0,0,"{""process_exit"": 3, ""process_exec"": 3}"
1776414046,normal,sw-wk3,0.15822222222224003,0.3996553130216497,104.8,54.0,2993.133333333333,7345.366666666667,0.0,0,0,0,0,0,0,{}
1776414056,normal,sw-wk3,0.15822222222224003,0.3996553130216497,104.8,54.0,2993.133333333333,7345.366666666667,0.0,0,1,1,0,0,0,"{""process_exit"": 7, ""process_exec"": 1}"
1776414056,normal,sw-wk2,0.11588888888887194,0.28818316194553817,196.6,181.26666666666665,760.1666666666669,6065.433333333333,0.0,0,3,2,0,0,0,"{""process_exit"": 3, ""process_exec"": 3}"
1776414056,normal,k3s-wk1,0.26399999999998214,0.6572494844010868,406.7,301.1,11238.8,1918.7333333333333,0.0,0,15,2,0,10,0,"{""process_exit"": 15, ""process_exec"": 15, ""process_kprobe"": 10}"
1776414066,normal,k3s-wk1,0.26399999999998214,0.6572494844010868,406.7,301.1,11238.8,1918.7333333333333,0.0,0,12,2,0,8,0,"{""process_exit"": 12, ""process_exec"": 12, ""process_kprobe"": 8}"
1776414066,normal,sw-wk2,0.11588888888887194,0.28818316194553817,196.6,181.2666666666667,760.1666666666666,6065.433333333333,0.0,0,6,3,0,0,0,"{""process_exit"": 4, ""process_exec"": 6}"
1776414066,normal,sw-wk3,0.16225073598840756,0.4083218650050333,156.10731544742544,79.98666888851858,2309.2151308115313,6208.93184469255,0.0,0,0,0,0,0,0,{}
1776414076,normal,k3s-wk1,0.2763333333333624,0.6430102623091832,212.79999999999998,212.66666666666666,12819.366666666667,4833.7,0.0,0,36,3,0,30,0,"{""process_exit"": 36, ""process_exec"": 36, ""process_kprobe"": 30}"
1776414076,normal,sw-wk2,0.11588888888887194,0.28818316194553817,196.6,181.26666666666665,760.1666666666666,6065.433333333333,0.0,0,2,2,0,0,0,"{""process_exit"": 2, ""process_exec"": 2}"
1776414076,normal,sw-wk3,0.16225073598840756,0.4083218650050333,156.1073154474254,79.98666888851858,2309.2151308115313,6208.931844692551,0.0,0,0,0,0,0,0,{}
1776414086,normal,k3s-wk1,0.2763333333333624,0.6430102623091832,212.79999999999998,212.66666666666666,12819.366666666667,4833.7,0.0,0,15,2,0,10,0,"{""process_exit"": 15, ""process_exec"": 15, ""process_kprobe"": 10}"
1776414086,normal,sw-wk2,0.18977777777779714,0.28830103087528836,169.43333333333334,160.73333333333332,5445.666666666667,30442.333333333332,0.0,0,108,7,0,0,0,"{""process_exit"": 110, ""process_exec"": 108}"
1776414086,normal,sw-wk3,0.16225073598840756,0.4083218650050333,156.10731544742544,79.98666888851858,2309.2151308115313,6208.931844692551,0.0,0,0,0,0,0,0,{}
1776414096,normal,k3s-wk1,0.2763333333333624,0.6430102623091832,212.79999999999998,212.66666666666666,12819.366666666667,4833.7,0.0,0,33,3,0,28,0,"{""process_exit"": 33, ""process_exec"": 33, ""process_kprobe"": 28}"
1776414096,normal,sw-wk2,0.18977777777779714,0.28830103087528836,169.43333333333334,160.73333333333332,5445.666666666667,30442.333333333332,0.0,0,3,2,0,0,0,"{""process_exit"": 3, ""process_exec"": 3}"
1776414096,normal,sw-wk3,0.16541645829862162,0.40974425627890976,156.15935989331552,80.01333555592598,3027.637939656609,6059.0765127521245,0.0,0,1,1,0,0,0,"{""process_exit"": 5, ""process_exec"": 1}"
1776414106,normal,k3s-wk1,0.2947777777777244,0.640359739598561,210.6666666666667,210.66666666666666,36017.36666666667,8403.133333333333,0.0,0,75,3,0,68,0,"{""process_exit"": 75, ""process_exec"": 75, ""process_kprobe"": 68}"
1776414106,normal,sw-wk2,0.18977777777779714,0.28830103087528836,169.43333333333334,160.73333333333332,5445.666666666667,30442.333333333332,0.0,0,3,2,0,0,0,"{""process_exit"": 3, ""process_exec"": 3}"
1776414106,normal,sw-wk3,0.16541645829862162,0.40974425627890976,156.15935989331552,80.01333555592599,3027.63793965661,6059.0765127521245,0.0,0,0,0,0,0,0,{}
1776414116,normal,k3s-wk1,0.2947777777777244,0.640359739598561,210.66666666666666,210.66666666666666,36017.36666666667,8403.133333333333,0.0,0,36,3,0,30,0,"{""process_exit"": 36, ""process_exec"": 36, ""process_kprobe"": 30}"
1776414116,normal,sw-wk2,0.11966666666663117,0.2870777425232871,192.66666666666666,182.53333333333333,1747.0333333333333,5888.2,0.0,0,4,2,0,0,0,"{""process_exit"": 4, ""process_exec"": 4}"
1776414116,normal,sw-wk3,0.16541645829862162,0.40974425627890976,156.15935989331552,80.01333555592598,3027.637939656609,6059.0765127521245,0.0,0,1,1,0,0,0,"{""process_exit"": 7, ""process_exec"": 1}"
1776414126,normal,k3s-wk1,0.2947777777777244,0.640359739598561,210.66666666666666,210.66666666666666,36017.36666666667,8403.133333333333,0.0,0,15,2,0,10,0,"{""process_exit"": 15, ""process_exec"": 15, ""process_kprobe"": 10}"
1776414126,normal,sw-wk2,0.11966666666663117,0.2870777425232871,192.66666666666666,182.53333333333333,1747.0333333333333,5888.2,0.0,0,5,3,0,0,0,"{""process_exit"": 3, ""process_exec"": 5}"
1776414126,normal,sw-wk3,0.15066666666668116,0.4031165182155281,158.46666666666667,84.0,3062.4000000000005,6313.1,0.0,0,0,0,0,0,0,{}
1776414136,normal,k3s-wk1,0.2976666666666764,0.6421308938289555,229.1,214.4,36450.166666666664,9878.166666666666,0.0,0,18,2,0,12,0,"{""process_exit"": 19, ""process_exec"": 18, ""process_kprobe"": 12}"
1776414136,normal,sw-wk2,0.11966666666663117,0.2870777425232871,192.66666666666666,182.53333333333333,1747.0333333333333,5888.2,0.0,0,105,6,0,0,0,"{""process_exit"": 109, ""process_exec"": 105}"
1776414136,normal,sw-wk3,0.15066666666668116,0.4031165182155281,158.46666666666667,84.0,3062.4000000000005,6313.1,0.0,0,0,0,0,0,0,{}
1776414146,normal,k3s-wk1,0.2976666666666764,0.6421308938289555,229.1,214.4,36450.166666666664,9878.166666666668,0.0,0,51,3,0,46,0,"{""process_exit"": 51, ""process_exec"": 51, ""process_kprobe"": 46}"
1776414146,normal,sw-wk2,0.21888888888891722,0.2875651464760376,149.06666666666666,138.8,7460.8,29466.066666666673,0.0,0,0,0,0,0,0,{}
1776414146,normal,sw-wk3,0.15066666666668116,0.4031165182155281,158.46666666666667,84.0,3062.4,6313.1,0.0,0,1,1,0,0,0,"{""process_exit"": 3, ""process_exec"": 1}"
1776414156,normal,k3s-wk1,0.2976666666666764,0.6421308938289555,229.1,214.4,36450.166666666664,9878.166666666666,0.0,0,84,3,0,74,0,"{""process_exit"": 84, ""process_exec"": 84, ""process_kprobe"": 74}"
1776414156,normal,sw-wk2,0.21888888888891722,0.2875651464760376,149.06666666666666,138.8,7460.8,29466.066666666666,0.0,0,0,0,0,0,0,{}
1776414156,normal,sw-wk3,0.16533333333334466,0.4106744651299107,156.13333333333333,80.0,3842.133333333333,6570.233333333334,0.0,0,1,1,0,0,0,"{""process_exit"": 5, ""process_exec"": 1}"
1776414166,normal,k3s-wk1,0.28177777777782476,0.6372181703039861,228.33333333333334,214.66666666666666,10159.233333333334,4352.533333333333,0.0,0,57,3,0,50,0,"{""process_exit"": 57, ""process_exec"": 57, ""process_kprobe"": 50}"
1776414166,normal,sw-wk2,0.21888888888891722,0.2875651464760376,149.06666666666666,138.8,7460.8,29466.066666666666,0.0,0,0,0,0,0,0,{}
1776414166,normal,sw-wk3,0.16533333333334466,0.4106744651299107,156.13333333333333,80.0,3842.133333333333,6570.233333333334,0.0,0,0,0,0,0,0,{}
1776414176,normal,k3s-wk1,0.28177777777782476,0.6372181703039861,228.33333333333334,214.66666666666666,10159.233333333334,4352.533333333333,0.0,0,51,3,0,46,0,"{""process_exit"": 51, ""process_exec"": 51, ""process_kprobe"": 46}"
1776414176,normal,sw-wk2,0.12144444444442748,0.2831785109012832,116.0,100.86666666666666,582.9,3605.0333333333333,0.0,0,0,0,0,0,0,{}
1776414176,normal,sw-wk3,0.16533333333334466,0.4106744651299107,156.13333333333333,80.0,3842.133333333333,6570.233333333334,0.0,0,1,1,0,0,0,"{""process_exit"": 3, ""process_exec"": 1}"
1776414186,normal,k3s-wk1,0.28177777777782476,0.6372181703039861,228.33333333333334,214.66666666666666,10159.233333333334,4352.533333333333,0.0,0,12,2,0,8,0,"{""process_exit"": 12, ""process_exec"": 12, ""process_kprobe"": 8}"
1776414186,normal,sw-wk2,0.12144444444442748,0.2831785109012832,116.0,100.86666666666666,582.9,3605.0333333333333,0.0,0,2,2,0,0,0,"{""process_exec"": 2}"
1776414186,normal,sw-wk3,0.1862222222222446,0.40200950596990204,156.13333333333333,80.0,2289.0333333333333,5662.8,0.0,0,0,0,0,0,0,{}
1776414196,normal,k3s-wk1,0.2811111111110626,0.6425835597603693,223.86666666666667,208.66666666666666,9892.666666666666,4706.033333333333,0.0,0,39,3,0,32,0,"{""process_exit"": 39, ""process_exec"": 39, ""process_kprobe"": 32}"
1776414196,normal,sw-wk2,0.12144444444442748,0.2831785109012832,116.0,100.86666666666666,582.9,3605.0333333333333,0.0,0,0,0,0,0,0,{}
1776414196,normal,sw-wk3,0.18622222222224494,0.40200950596990204,156.13333333333335,80.0,2289.0333333333333,5662.8,0.0,0,0,0,0,0,0,{}
1776414206,normal,k3s-wk1,0.2811111111110626,0.6425835597603693,223.86666666666667,208.66666666666666,9892.666666666668,4706.033333333333,0.0,0,36,3,0,30,0,"{""process_exit"": 36, ""process_exec"": 36, ""process_kprobe"": 30}"
1776414206,normal,sw-wk2,0.1972222222222223,0.28763682352791264,118.93333333333334,103.73333333333333,5489.833333333335,28034.166666666668,0.0,0,104,5,0,0,0,"{""process_exit"": 106, ""process_exec"": 104}"
1776414206,normal,sw-wk3,0.18622222222224494,0.40200950596990204,156.13333333333333,80.0,2289.0333333333333,5662.8,0.0,0,0,0,0,0,0,{}
1776414216,normal,k3s-wk1,0.2811111111110626,0.6425835597603693,223.86666666666667,208.66666666666666,9892.666666666666,4706.033333333333,0.0,0,39,3,0,32,0,"{""process_exit"": 39, ""process_exec"": 39, ""process_kprobe"": 32}"
1776414216,normal,sw-wk2,0.1972222222222223,0.28763682352791264,118.93333333333334,103.73333333333333,5489.833333333333,28034.166666666668,0.0,0,0,0,0,0,0,{}
1776414216,normal,sw-wk3,0.1729999999999564,0.4028616664755279,104.8,54.0,2932.3,5246.233333333334,0.0,0,0,0,0,0,0,"{""process_exit"": 13}"
