timestamp,label,node,avg_cpu,avg_mem,net_bytes_in,net_bytes_out,net_internal_bytes_in,net_internal_bytes_out,last_successful_scrape_age_sec,exec_count,unique_process_count,tmp_exec_count,outbound_connect_count,mining_port_count,syscall_feature_vector
1774218395,normal,sw-wk2,0.13932493061726914,0.40248810757792497,0.0,0.0,4890.47948135716,4461.578964688847,0,0,0,0,0,0,{}
1774218395,normal,k3s-wk1,0.2680000000000291,0.707485866784575,0.0,0.0,9486.8,8726.8,0,0,0,0,0,0,{}
1774218395,normal,sw-wk3,0.11157782444906295,0.3971295102580019,0.0,0.0,2700.2700270027003,4948.428176150948,0,0,0,0,0,0,{}
1774218405,normal,sw-wk2,0.13932493061726914,0.40248810757792497,0.0,0.0,4890.47948135716,4461.578964688847,0,1,1,0,0,0,"{""process_exit"": 1, ""process_exec"": 1}"
1774218405,normal,k3s-wk1,0.28511111111110954,0.7303437766478225,94.53333333333333,48.8,9385.966666666667,1630.2333333333333,0,12,2,0,8,0,"{""process_exit"": 12, ""process_exec"": 12, ""process_kprobe"": 8}"
1774218405,normal,sw-wk3,0.11157782444906306,0.3971295102580019,0.0,0.0,2700.2700270027003,4948.428176150948,0,0,0,0,0,0,{}
1774218415,normal,sw-wk2,0.13932493061726914,0.40248810757792497,0.0,6.076975016880486,606.9885212694126,4460.567184334909,0,0,0,0,0,0,{}
1774218415,normal,k3s-wk1,0.28511111111110954,0.7303437766478225,94.53333333333333,48.8,9385.966666666667,1630.2333333333333,0,33,3,0,29,0,"{""process_exit"": 33, ""process_exec"": 33, ""process_kprobe"": 29}"
1774218415,normal,sw-wk3,0.11157782444906306,0.3971295102580019,0.0,0.0,2700.2700270027003,4948.428176150948,0,0,0,0,0,0,{}
1774218425,normal,sw-wk2,0.07708755345489082,0.40327198282636767,4.523970290344362,6.076975016880486,606.9885212694126,4460.567184334909,0,2,2,0,0,0,"{""process_exec"": 2}"
1774218425,normal,k3s-wk1,0.28511111111110954,0.7303437766478225,94.53333333333333,48.8,9385.966666666667,1630.2333333333333,0,57,3,0,53,0,"{""process_exit"": 58, ""process_exec"": 57, ""process_kprobe"": 53}"
1774218425,normal,sw-wk3,0.11388888888890913,0.39723495519584906,0.0,0.0,2293.8333333333335,5126.833333333333,0,0,0,0,0,0,{}
1774218435,normal,sw-wk2,0.07708755345489082,0.40327198282636767,4.523970290344362,6.076975016880486,606.9885212694126,4460.567184334909,0,1,1,0,0,0,"{""process_exit"": 1, ""process_exec"": 1}"
1774218435,normal,k3s-wk1,0.27222222222222214,0.7347600774826559,277.20000000000005,140.4,10005.433333333332,4219.7,0,12,2,0,13,0,"{""process_exit"": 12, ""process_exec"": 12, ""process_kprobe"": 13}"
1774218435,normal,sw-wk3,0.11388888888890913,0.39723495519584906,0.0,0.0,2293.8333333333335,5126.833333333333,0,1,1,0,0,0,"{""process_exit"": 1, ""process_exec"": 1}"
1774218445,normal,sw-wk2,0.07708755345489082,0.40327198282636767,2.24771873322598,3.0193236714975846,2917.153113258186,16245.605206655933,0,104,5,0,0,0,"{""process_exit"": 106, ""process_exec"": 104}"
1774218445,normal,k3s-wk1,0.27222222222222214,0.7347600774826559,277.2,140.4,10005.433333333332,4219.7,0,54,3,0,49,0,"{""process_exit"": 54, ""process_exec"": 54, ""process_kprobe"": 49}"
1774218445,normal,sw-wk3,0.11388888888890913,0.39723495519584906,0.0,0.0,2293.8333333333335,5126.833333333333,0,0,0,0,0,0,{}
1774218455,normal,sw-wk2,0.14555274036538857,0.4069327200272168,0.0,0.0,5198.359781304173,27882.91772236298,0,1,1,0,0,0,"{""process_exit"": 1, ""process_exec"": 1}"
1774218455,normal,k3s-wk1,0.27222222222222214,0.7347600774826559,277.2,140.4,10005.433333333332,4219.7,0,60,3,0,55,0,"{""process_kprobe"": 55, ""process_exit"": 60, ""process_exec"": 60}"
1774218455,normal,sw-wk3,0.10639290713952088,0.3972289866144615,0.0,0.0,2626.9915338977403,5170.95526964869,0,0,0,0,0,0,{}
1774218465,normal,sw-wk2,0.14555274036538857,0.4069327200272168,0.0,0.0,5198.359781304173,27882.91772236298,0,1,1,0,0,0,"{""process_exit"": 1, ""process_exec"": 1}"
1774218465,normal,k3s-wk1,0.2796666666666877,0.741025276610976,279.3333333333333,142.4,32514.366666666665,6157.633333333333,0,54,3,0,49,0,"{""process_exit"": 54, ""process_exec"": 54, ""process_kprobe"": 49}"
1774218465,normal,sw-wk3,0.10639290713952088,0.3972289866144615,0.0,0.0,2626.9915338977403,5170.95526964869,0,0,0,0,0,0,{}
1774218475,transition,sw-wk2,0.0,0.40960068121544435,0.0,0.0,485.48188152148543,4510.68440177351,10,0,0,0,0,0,{}
1774218475,transition,k3s-wk1,0.2796666666666877,0.741025276610976,279.3333333333333,142.4,32514.366666666665,6157.633333333333,10,78,3,0,71,0,"{""process_exit"": 78, ""process_exec"": 78, ""process_kprobe"": 71}"
1774218475,transition,sw-wk3,0.10639290713952088,0.3972289866144615,0.0,0.0,2626.9915338977403,5170.95526964869,10,0,0,0,0,0,{}
1774218485,normal,sw-wk2,0.10335477992243103,0.40960068121544435,0.0,0.0,485.48188152148543,4510.68440177351,0,107,7,0,0,0,"{""process_exit"": 107, ""process_exec"": 107}"
1774218485,normal,k3s-wk1,0.2796666666666877,0.741025276610976,279.3333333333333,142.4,32514.366666666665,6157.633333333333,0,63,3,0,60,0,"{""process_kprobe"": 60, ""process_exit"": 63, ""process_exec"": 63}"
1774218485,normal,sw-wk3,0.11549658866146228,0.3972190389788155,0.0,0.0,2034.6689779318622,5153.643576238416,0,1,1,0,0,0,"{""process_exit"": 1, ""process_exec"": 1}"
1774218495,normal,sw-wk2,0.10335477992243103,0.40960068121544435,0.0,0.0,485.48188152148543,4510.68440177351,0,0,0,0,0,0,{}
1774218495,normal,k3s-wk1,0.297888888888863,0.7506461274463359,279.3333333333333,142.4,33235.63333333333,8946.766666666666,0,57,3,0,54,0,"{""process_exit"": 57, ""process_exec"": 57, ""process_kprobe"": 54}"
1774218495,normal,sw-wk3,0.11549658866146228,0.3972190389788155,0.0,0.0,2034.6689779318622,5153.643576238416,0,1,1,0,0,0,"{""process_exit"": 1, ""process_exec"": 1}"
1774218505,transition,sw-wk2,0.0,0.40960068121544435,0.0,0.0,5146.333333333333,27783.466666666667,9,0,0,0,0,0,{}
1774218505,transition,k3s-wk1,0.297888888888863,0.7506461274463359,279.3333333333333,142.4,33235.63333333333,8946.766666666666,9,18,2,0,12,0,"{""process_exit"": 18, ""process_exec"": 18, ""process_kprobe"": 12}"
1774218505,transition,sw-wk3,0.11549658866146228,0.3972190389788155,0.0,0.0,2034.6689779318622,5153.643576238416,9,1,1,0,0,0,"{""process_exit"": 1, ""process_exec"": 1}"
1774218515,normal,sw-wk2,0.14533333333331233,0.4069068561230803,0.0,0.0,5146.333333333333,27783.466666666667,0,1,1,0,0,0,"{""process_exit"": 1, ""process_exec"": 1}"
1774218515,normal,k3s-wk1,0.297888888888863,0.7506461274463359,279.3333333333333,142.4,33235.63333333333,8946.766666666666,0,15,2,0,14,0,"{""process_kprobe"": 14, ""process_exit"": 15, ""process_exec"": 15}"
1774218515,normal,sw-wk3,0.10977777777778908,0.3974438555444142,0.0,0.0,3198.6,5446.8,0,0,0,0,0,0,{}
1774218525,normal,sw-wk2,0.14533333333331233,0.4069068561230803,0.0,0.0,5146.333333333333,27783.466666666667,0,0,0,0,0,0,{}
1774218525,normal,k3s-wk1,0.27055555555557964,0.7547084399246229,283.8,148.4,9658.4,3201.0666666666666,0,33,3,0,29,0,"{""process_exit"": 33, ""process_exec"": 33, ""process_kprobe"": 29}"
1774218525,normal,sw-wk3,0.10977777777778908,0.3974438555444142,0.0,0.0,3198.6,5446.8,0,0,0,0,0,0,{}
1774218535,transition,sw-wk2,0.0,0.4104342947410725,0.0,0.0,1679.7666666666667,4463.6,9,0,0,0,0,0,{}
1774218535,transition,k3s-wk1,0.27055555555557975,0.7547084399246229,283.8,148.4,9658.4,3201.0666666666666,9,60,3,0,52,0,"{""process_exit"": 60, ""process_exec"": 60, ""process_kprobe"": 52}"
1774218535,transition,sw-wk3,0.10977777777778908,0.3974438555444142,0.0,0.0,3198.6,5446.8,9,1,1,0,0,0,"{""process_exit"": 1, ""process_exec"": 1}"
1774218545,normal,sw-wk2,0.07633333333330183,0.4104342947410725,0.0,0.0,1679.7666666666667,4463.6,0,106,7,0,0,0,"{""process_exec"": 106, ""process_exit"": 106}"
1774218545,normal,k3s-wk1,0.27055555555557975,0.7547084399246229,283.8,148.4,9658.4,3201.0666666666666,0,51,3,0,50,0,"{""process_kprobe"": 50, ""process_exit"": 51, ""process_exec"": 51}"
1774218545,normal,sw-wk3,0.1252222222222069,0.3976686721100129,0.0,0.0,2398.0666666666666,5223.733333333334,0,0,0,0,0,0,{}
1774218555,normal,sw-wk2,0.07633333333330183,0.4104342947410725,0.0,0.0,1679.7666666666667,4463.6,0,0,0,0,0,0,{}
1774218555,normal,k3s-wk1,0.2945555555555378,0.7553321963595785,279.3333333333333,142.4,32963.13333333333,10808.866666666667,0,60,3,0,57,0,"{""process_exit"": 60, ""process_exec"": 60, ""process_kprobe"": 57}"
1774218555,normal,sw-wk3,0.1252222222222069,0.3976686721100129,0.0,0.0,2398.0666666666666,5223.733333333334,0,0,0,0,0,0,{}
1774218565,normal,sw-wk2,0.14522222222223924,0.40144161422594304,0.0,0.0,5460.433333333333,27537.7,0,0,0,0,0,0,{}
1774218565,normal,k3s-wk1,0.2945555555555378,0.7553321963595785,279.33333333333337,142.4,32963.13333333333,10808.866666666669,0,33,3,0,29,0,"{""process_exit"": 33, ""process_exec"": 33, ""process_kprobe"": 29}"
1774218565,normal,sw-wk3,0.1252222222222069,0.3976686721100129,0.0,0.0,2398.0666666666666,5223.733333333334,0,0,0,0,0,0,{}
1774218575,normal,sw-wk2,0.14522222222223924,0.40144161422594304,0.0,0.0,5460.433333333333,27537.7,0,1,1,0,0,0,"{""process_exit"": 1, ""process_exec"": 1}"
1774218575,normal,k3s-wk1,0.2945555555555378,0.7553321963595785,279.3333333333333,142.4,32963.13333333333,10808.866666666667,0,33,3,0,34,0,"{""process_kprobe"": 34, ""process_exit"": 33, ""process_exec"": 33}"
1774218575,normal,sw-wk3,0.10388888888891312,0.3975055308854192,0.0,0.0,3958.5333333333333,5379.866666666667,0,1,1,0,0,0,"{""process_exit"": 1, ""process_exec"": 1}"
1774218585,normal,sw-wk2,0.14522222222223924,0.40144161422594304,0.0,0.0,5460.433333333333,27537.7,0,2,2,0,0,0,"{""process_exec"": 2}"
1774218585,normal,k3s-wk1,0.27555555555554756,0.7547334428196949,279.3333333333333,142.4,10060.8,4944.266666666666,0,57,3,0,50,0,"{""process_exit"": 57, ""process_exec"": 57, ""process_kprobe"": 50}"
1774218585,normal,sw-wk3,0.10388888888891312,0.3975055308854192,0.0,0.0,3958.5333333333333,5379.866666666667,0,0,0,0,0,0,{}
1774218595,normal,sw-wk2,0.11888888888891724,0.4065805730247438,641.1666666666666,321.4,2280.6666666666665,6107.533333333333,0,5,4,0,0,0,"{""process_exit"": 6, ""process_exec"": 5}"
1774218595,normal,k3s-wk1,0.27555555555554756,0.7547334428196949,279.3333333333333,142.4,10060.8,4944.266666666666,0,15,2,0,10,0,"{""process_exit"": 15, ""process_exec"": 15, ""process_kprobe"": 10}"
1774218595,normal,sw-wk3,0.10388888888891312,0.3975055308854192,0.0,0.0,3958.5333333333333,5379.866666666667,0,1,1,0,0,0,"{""process_exit"": 1, ""process_exec"": 1}"
1774218605,normal,sw-wk2,0.11888888888891724,0.4065805730247438,641.1666666666666,321.4,2280.6666666666665,6107.533333333333,0,6,3,0,0,0,"{""process_exit"": 4, ""process_exec"": 6}"
1774218605,normal,k3s-wk1,0.27555555555554756,0.7547334428196949,279.3333333333333,142.4,10060.8,4944.266666666666,0,36,3,0,34,0,"{""process_kprobe"": 34, ""process_exit"": 36, ""process_exec"": 36}"
1774218605,normal,sw-wk3,0.12477777777779286,0.3974637508157062,0.0,0.0,3808.6,5253.433333333333,0,0,0,0,0,0,{}
1774218615,normal,sw-wk2,0.11888888888891724,0.4065805730247438,641.1666666666666,321.4,2280.6666666666665,6107.533333333333,0,107,7,0,0,0,"{""process_exit"": 109, ""process_exec"": 107}"
1774218615,normal,k3s-wk1,0.2911111111111192,0.7562757266630873,279.3333333333333,142.4,36047.73333333333,10070.5,0,57,3,0,55,0,"{""process_exit"": 57, ""process_exec"": 57, ""process_kprobe"": 55}"
1774218615,normal,sw-wk3,0.1247777777777932,0.3974637508157062,0.0,0.0,3808.6,5253.433333333333,0,1,1,0,0,0,"{""process_exit"": 1, ""process_exec"": 1}"
1774218625,normal,sw-wk2,0.15766666666663187,0.4094076966999648,87.66666666666667,88.26666666666667,5641.833333333333,30445.166666666668,0,5,2,0,0,0,"{""process_exit"": 5, ""process_exec"": 5}"
1774218625,normal,k3s-wk1,0.2911111111111192,0.7562757266630873,279.3333333333333,142.4,36047.73333333334,10070.5,0,33,3,0,29,0,"{""process_exit"": 33, ""process_exec"": 33, ""process_kprobe"": 29}"
1774218625,normal,sw-wk3,0.1247777777777932,0.3974637508157062,0.0,0.0,3808.6,5253.433333333333,0,0,0,0,0,0,{}
1774218635,normal,sw-wk2,0.15766666666663187,0.4094076966999648,87.66666666666667,88.26666666666668,5641.833333333333,30445.166666666668,0,3,2,0,0,0,"{""process_exit"": 3, ""process_exec"": 3}"
1774218635,normal,k3s-wk1,0.2911111111111192,0.7562757266630873,279.3333333333333,142.4,36047.73333333333,10070.5,0,54,3,0,51,0,"{""process_exit"": 54, ""process_exec"": 54, ""process_kprobe"": 51}"
1774218635,normal,sw-wk3,0.11150367753257573,0.39742197074599306,4.466368908739417,5.999600026664889,3227.35150989934,5401.473235117659,0,1,1,0,0,0,"{""process_exit"": 1, ""process_exec"": 1}"
1774218645,normal,sw-wk2,0.15766666666663187,0.4094076966999648,87.66666666666667,88.26666666666667,5641.833333333333,30445.166666666668,0,3,2,0,0,0,"{""process_exit"": 3, ""process_exec"": 3}"
1774218645,normal,k3s-wk1,0.28855555555560886,0.7560112223520619,279.3333333333333,142.4,11757.366666666667,1420.0333333333333,0,30,3,0,27,0,"{""process_exit"": 30, ""process_exec"": 30, ""process_kprobe"": 27}"
1774218645,normal,sw-wk3,0.11150367753257573,0.39742197074599306,4.466368908739417,5.999600026664889,3227.35150989934,5401.473235117659,0,0,0,0,0,0,{}
1774218655,normal,sw-wk2,0.09697919096982499,0.41179712353595377,80.5252808052528,80.39196080391962,567.0099656700996,6450.821584508216,0,4,2,0,0,0,"{""process_exit"": 4, ""process_exec"": 4}"
1774218655,normal,k3s-wk1,0.28855555555560886,0.7560112223520619,279.3333333333333,142.4,11757.366666666667,1420.0333333333333,0,18,2,0,14,0,"{""process_exit"": 18, ""process_exec"": 18, ""process_kprobe"": 14}"
1774218655,normal,sw-wk3,0.11150367753257573,0.39742197074599306,4.466368908739417,5.999600026664889,3227.35150989934,5401.473235117659,0,0,0,0,0,0,{}
1774218665,transition,sw-wk2,0.09697919096982499,0.41179712353595377,80.5252808052528,80.39196080391962,567.0099656700996,6450.821584508216,9,5,3,0,0,0,"{""process_exit"": 3, ""process_exec"": 5}"
1774218665,transition,k3s-wk1,0.28855555555560886,0.7560112223520619,279.3333333333333,142.4,11757.366666666667,1420.0333333333333,9,12,2,0,13,0,"{""process_exit"": 12, ""process_exec"": 12, ""process_kprobe"": 13}"
1774218665,transition,sw-wk3,0.0,0.39742197074599306,0.0,0.0,0.0,0.0,9,0,0,0,0,0,{}
1774218675,transition,sw-wk2,0.09697919096982499,0.41179712353595377,80.5252808052528,80.39196080391962,567.0099656700996,6450.821584508216,20,103,5,0,0,0,"{""process_exit"": 103, ""process_exec"": 103}"
1774218675,transition,k3s-wk1,0.2668888888888129,0.7570481845266294,279.3333333333333,142.4,8776.266666666666,3133.9666666666667,20,84,3,0,78,0,"{""process_exit"": 84, ""process_exec"": 84, ""process_kprobe"": 78}"
1774218675,transition,sw-wk3,0.0,0.0,0.0,0.0,0.0,0.0,20,0,0,0,0,0,{}
1774218685,transition,sw-wk2,0.17825115844919048,0.4053788962479433,80.54138747208054,80.40804080408041,5196.252958629196,30057.972463913055,30,8,5,0,0,0,"{""process_exit"": 10, ""process_exec"": 8}"
1774218685,transition,k3s-wk1,0.2668888888888129,0.7570481845266294,279.3333333333333,142.4,8776.266666666666,3133.9666666666667,30,33,3,0,29,0,"{""process_exit"": 33, ""process_exec"": 33, ""process_kprobe"": 29}"
1774218685,transition,sw-wk3,0.0,0.0,0.0,0.0,0.0,0.0,30,0,0,0,0,0,{}
1774218695,transition,sw-wk2,0.17825115844919048,0.4053788962479433,80.54138747208054,80.4080408040804,5196.252958629196,30057.972463913055,40,3,2,0,0,0,"{""process_exit"": 3, ""process_exec"": 3}"
1774218695,transition,k3s-wk1,0.2668888888888129,0.7570481845266294,279.3333333333333,142.4,8776.266666666666,3133.9666666666667,40,18,2,0,16,0,"{""process_exit"": 18, ""process_exec"": 18, ""process_kprobe"": 16}"
1774218695,transition,sw-wk3,0.0,0.0,0.0,0.0,0.0,0.0,40,0,0,0,0,0,{}
1774218705,transition,sw-wk2,0.17825115844919048,0.4053788962479433,80.54138747208054,80.4080408040804,5196.252958629196,30057.972463913055,50,4,2,0,0,0,"{""process_exit"": 4, ""process_exec"": 4}"
1774218705,transition,k3s-wk1,0.2890000000000227,0.752564770657655,279.3333333333333,142.40000000000003,29575.833333333332,6760.433333333333,50,63,3,0,55,0,"{""process_exit"": 63, ""process_exec"": 63, ""process_kprobe"": 55}"
1774218705,transition,sw-wk3,0.0,0.0,0.0,0.0,0.0,0.0,50,0,0,0,0,0,{}
1774218715,transition,sw-wk2,0.09599999999997333,0.4028641289534469,88.26666666666667,89.66666666666667,4664.466666666666,6575.3,60,3,2,0,0,0,"{""process_exit"": 3, ""process_exec"": 3}"
1774218715,transition,k3s-wk1,0.2890000000000227,0.752564770657655,279.3333333333333,142.4,29575.833333333332,6760.433333333333,60,15,2,0,11,0,"{""process_exit"": 15, ""process_exec"": 15, ""process_kprobe"": 11}"
1774218715,transition,sw-wk3,0.0,0.0,0.0,0.0,0.0,0.0,60,0,0,0,0,0,{}
1774218725,transition,sw-wk2,0.09599999999997333,0.4028641289534469,88.26666666666667,89.66666666666667,4664.466666666666,6575.3,70,6,3,0,0,0,"{""process_exit"": 4, ""process_exec"": 6}"
1774218725,transition,k3s-wk1,0.2890000000000227,0.752564770657655,279.3333333333333,142.4,29575.833333333332,6760.433333333333,70,15,2,0,14,0,"{""process_kprobe"": 14, ""process_exit"": 16, ""process_exec"": 15}"
1774218725,transition,sw-wk3,0.0,0.0,0.0,0.0,0.0,0.0,70,0,0,0,0,0,{}
1774218735,transition,sw-wk2,0.09599999999997333,0.4028641289534469,88.26666666666667,89.66666666666667,4664.466666666666,6575.3,80,107,7,0,0,0,"{""process_exit"": 110, ""process_exec"": 107}"
1774218735,transition,k3s-wk1,0.27255555555554256,0.7533214372190464,279.3333333333333,142.4,30133.433333333334,4487.133333333334,80,12,2,0,14,0,"{""process_kprobe"": 14, ""process_exit"": 12, ""process_exec"": 12}"
1774218735,transition,sw-wk3,0.0,0.0,0.0,0.0,0.0,0.0,80,0,0,0,0,0,{}
1774218745,transition,sw-wk2,0.19211111111110057,0.41133157326149805,64.2,64.06666666666666,7256.933333333333,29944.233333333334,90,1,1,0,0,0,"{""process_exec"": 1, ""process_exit"": 2}"
1774218745,transition,k3s-wk1,0.27255555555554256,0.7533214372190464,279.3333333333333,142.4,30133.433333333334,4487.133333333333,90,36,3,0,35,0,"{""process_kprobe"": 35, ""process_exit"": 36, ""process_exec"": 36}"
1774218745,transition,sw-wk3,0.0,0.0,0.0,0.0,0.0,0.0,90,0,0,0,0,0,{}
1774218755,transition,sw-wk2,0.19211111111110057,0.41133157326149805,64.2,64.06666666666666,7256.933333333333,29944.233333333334,100,0,0,0,0,0,{}
1774218755,transition,k3s-wk1,0.27255555555554256,0.7533214372190464,279.3333333333333,142.4,30133.433333333334,4487.133333333333,100,36,3,0,37,0,"{""process_kprobe"": 37, ""process_exit"": 36, ""process_exec"": 36}"
1774218755,transition,sw-wk3,0.0,0.0,0.0,0.0,0.0,0.0,100,0,0,0,0,0,{}
1774218765,transition,sw-wk2,0.19211111111110057,0.41133157326149805,64.2,64.06666666666666,7256.933333333333,29944.233333333334,110,0,0,0,0,0,{}
1774218765,transition,k3s-wk1,0.2723333333333964,0.7540952110244344,279.3333333333333,142.40000000000003,4598.666666666667,4431.366666666667,110,57,3,0,51,0,"{""process_kprobe"": 51, ""process_exit"": 57, ""process_exec"": 57}"
1774218765,transition,sw-wk3,0.0,0.0,0.0,0.0,0.0,0.0,110,0,0,0,0,0,{}
1774218775,transition,sw-wk2,0.10497839104976936,0.4107008919067865,0.0,0.0,528.8471152884711,4039.8293503982927,120,0,0,0,0,0,{}
1774218775,transition,k3s-wk1,0.2723333333333964,0.7540952110244344,279.3333333333333,142.4,4598.666666666667,4431.366666666667,120,36,3,0,34,0,"{""process_exit"": 36, ""process_exec"": 36, ""process_kprobe"": 34}"
1774218775,transition,sw-wk3,0.0,0.0,0.0,0.0,0.0,0.0,120,0,0,0,0,0,{}
1774218785,transition,sw-wk2,0.10497839104976936,0.4107008919067865,0.0,0.0,528.8471152884712,4039.8293503982936,130,3,2,0,0,0,"{""process_exit"": 1, ""process_exec"": 3}"
1774218785,transition,k3s-wk1,0.2723333333333964,0.7540952110244344,279.3333333333333,142.4,4598.666666666667,4431.366666666667,130,54,3,0,53,0,"{""process_kprobe"": 53, ""process_exit"": 54, ""process_exec"": 54}"
1774218785,transition,sw-wk3,0.0,0.0,0.0,0.0,0.0,0.0,130,0,0,0,0,0,{}
1774218795,transition,sw-wk2,0.10497839104976936,0.4107008919067865,0.0,0.0,528.8471152884712,4039.8293503982936,140,0,0,0,0,0,{}
1774218795,transition,k3s-wk1,0.2966666666665939,0.753443819810715,277.2,140.4,11629.4,52982.73333333333,140,36,3,0,36,0,"{""process_exit"": 36, ""process_exec"": 36, ""process_kprobe"": 36}"
1774218795,transition,sw-wk3,0.0,0.4074093969345366,0.0,0.0,0.0,0.0,140,0,0,0,0,0,{}
1774218805,transition,sw-wk2,0.1789726324211275,0.4086954445706691,0.0,0.0,9882.229407646922,28358.845294843166,150,105,6,0,0,0,"{""process_exit"": 107, ""process_exec"": 105}"
1774218805,transition,k3s-wk1,0.2966666666665939,0.753443819810715,277.2,140.4,11629.4,52982.73333333333,150,57,3,0,54,0,"{""process_exit"": 57, ""process_exec"": 57, ""process_kprobe"": 54}"
1774218805,transition,sw-wk3,0.0,0.4074093969345366,0.0,0.0,0.0,0.0,150,0,0,0,0,0,{}
1774218815,normal,sw-wk2,0.1789726324211277,0.4086954445706691,0.0,0.0,9882.229407646922,28358.845294843166,0,0,0,0,0,0,{}
1774218815,normal,k3s-wk1,0.2966666666665939,0.753443819810715,277.2,140.4,11629.4,52982.73333333333,0,39,3,0,35,0,"{""process_kprobe"": 35, ""process_exit"": 39, ""process_exec"": 39}"
1774218815,normal,sw-wk3,0.3275555555555911,0.39402186888220403,43.8,39.733333333333334,37764.63333333333,9378.4,0,0,0,0,0,0,{}
1774218825,normal,sw-wk2,0.1789726324211277,0.4086954445706691,0.0,0.0,9882.229407646922,28358.845294843166,0,0,0,0,0,0,{}
1774218825,normal,k3s-wk1,0.2913333333333865,0.7525555590647338,471.56666666666666,234.83333333333337,33108.666666666664,13210.9,0,51,3,0,47,0,"{""process_exit"": 51, ""process_exec"": 51, ""process_kprobe"": 47}"
1774218825,normal,sw-wk3,0.3275555555555911,0.39402186888220403,43.8,39.733333333333334,37764.63333333333,9378.4,0,0,0,0,0,0,{}
1774218835,normal,sw-wk2,0.1042736182411893,0.40960664980870654,0.0,0.0,1647.4431628775253,4427.228481898794,0,1,1,0,0,0,"{""process_exit"": 1, ""process_exec"": 1}"
1774218835,normal,k3s-wk1,0.29133333333338673,0.7525555590647338,471.56666666666666,234.83333333333334,33108.666666666664,13210.9,0,33,3,0,30,0,"{""process_exit"": 33, ""process_exec"": 33, ""process_kprobe"": 30}"
1774218835,normal,sw-wk3,0.3275555555555911,0.39402186888220403,43.8,39.733333333333334,37764.63333333333,9378.4,0,0,0,0,0,0,{}
1774218845,normal,sw-wk2,0.1042736182411893,0.40960664980870654,0.0,0.0,1647.4431628775253,4427.228481898794,0,0,0,0,0,0,{}
1774218845,normal,k3s-wk1,0.29133333333338673,0.7525555590647338,471.56666666666666,234.83333333333334,33108.666666666664,13210.9,0,15,2,0,15,0,"{""process_exit"": 15, ""process_exec"": 15, ""process_kprobe"": 15}"
1774218845,normal,sw-wk3,0.08611111111109093,0.39411537665727614,0.0,0.0,2080.0333333333333,4914.666666666667,0,0,0,0,0,0,{}
1774218855,normal,sw-wk2,0.1042736182411893,0.40960664980870654,0.0,0.0,1647.4431628775253,4427.228481898794,0,2,2,0,0,0,"{""process_exec"": 2}"
1774218855,normal,k3s-wk1,0.26888888888885654,0.7474970786091021,281.3333333333333,144.4,9784.7,4298.766666666666,0,18,2,0,16,0,"{""process_exit"": 18, ""process_exec"": 18, ""process_kprobe"": 16}"
1774218855,normal,sw-wk3,0.08611111111109093,0.39411537665727614,0.0,0.0,2080.0333333333333,4914.666666666667,0,0,0,0,0,0,{}
1774218865,normal,sw-wk2,0.18266453361776325,0.40568727356649315,0.0,0.0,5362.651646447141,27794.6273830156,0,104,5,0,0,0,"{""process_exit"": 106, ""process_exec"": 104}"
1774218865,normal,k3s-wk1,0.26888888888885654,0.7474970786091021,281.3333333333333,144.4,9784.7,4298.766666666666,0,12,2,0,9,0,"{""process_exit"": 12, ""process_exec"": 12, ""process_kprobe"": 9}"
1774218865,normal,sw-wk3,0.08611111111109093,0.39411537665727614,0.0,0.0,2080.0333333333333,4914.666666666667,0,0,0,0,0,0,{}
1774218876,normal,sw-wk2,0.18266453361776325,0.40568727356649315,0.0,0.0,5362.651646447141,27794.6273830156,0,0,0,0,0,0,{}
1774218876,normal,k3s-wk1,0.26888888888885654,0.7474970786091021,281.3333333333333,144.4,9784.7,4298.766666666666,0,60,3,0,55,0,"{""process_kprobe"": 55, ""process_exit"": 60, ""process_exec"": 60}"
1774218876,normal,sw-wk3,0.09188888888887359,0.39408155469607986,0.0,0.0,3178.9,5035.933333333333,0,0,0,0,0,0,{}
1774218885,normal,sw-wk2,0.18266453361776325,0.40568727356649315,0.0,0.0,5362.651646447141,27794.6273830156,0,1,1,0,0,0,"{""process_exit"": 1, ""process_exec"": 1}"
1774218885,normal,k3s-wk1,0.27744444444441696,0.7460021686721621,285.8,150.4,32390.033333333333,6235.966666666666,0,15,2,0,11,0,"{""process_exit"": 15, ""process_exec"": 15, ""process_kprobe"": 11}"
1774218885,normal,sw-wk3,0.09188888888887325,0.39408155469607986,0.0,0.0,3178.9,5035.933333333333,0,0,0,0,0,0,{}
1774218895,normal,sw-wk2,0.1663333333333057,0.40952905809629725,602.2333333333333,292.6333333333333,2318.933333333334,22214.6,0,188,4,0,0,0,"{""process_exec"": 188, ""process_exit"": 68}"
1774218895,normal,k3s-wk1,0.27744444444441696,0.7460021686721621,285.8,150.4,32390.03333333334,6235.966666666666,0,57,3,0,51,0,"{""process_exit"": 57, ""process_exec"": 57, ""process_kprobe"": 51}"
1774218895,normal,sw-wk3,0.09188888888887359,0.39408155469607986,0.0,0.0,3178.9,5035.933333333333,0,0,0,0,0,0,{}
1774218905,normal,sw-wk2,0.1663333333333058,0.40952905809629725,602.2333333333333,292.6333333333333,2318.9333333333334,22214.6,0,319,4,0,0,0,"{""process_exit"": 195, ""process_exec"": 319}"
1774218905,normal,k3s-wk1,0.27744444444441696,0.7460021686721621,285.8,150.4,32390.033333333333,6235.966666666666,0,18,2,0,15,0,"{""process_exit"": 18, ""process_exec"": 18, ""process_kprobe"": 15}"
1774218905,normal,sw-wk3,0.10222222222225053,0.3941213452386637,0.0,0.0,3520.133333333333,4902.8,0,0,0,0,0,0,{}
1774218915,normal,sw-wk2,0.1663333333333058,0.40952905809629725,602.2333333333333,292.6333333333333,2318.9333333333334,22214.6,0,252,4,0,0,0,"{""process_exit"": 132, ""process_exec"": 252}"
1774218915,normal,k3s-wk1,0.3185555555555766,0.7471641453220899,283.2,147.0,106983.06666666667,8571.033333333333,0,78,3,0,75,0,"{""process_exit"": 78, ""process_exec"": 78, ""process_kprobe"": 75}"
1774218915,normal,sw-wk3,0.10222222222225053,0.3941213452386637,0.0,0.0,3520.133333333333,4902.8,0,0,0,0,0,0,{}
1774218925,normal,sw-wk2,0.21778459350136226,0.41069691284461163,6.000800106680891,6.6008801173489795,6627.216962261635,151223.86318175757,0,356,7,0,0,0,"{""process_exit"": 238, ""process_exec"": 356}"
1774218925,normal,k3s-wk1,0.3185555555555766,0.7471641453220899,283.20000000000005,147.0,106983.06666666667,8571.033333333333,0,36,3,0,32,0,"{""process_exit"": 36, ""process_exec"": 36, ""process_kprobe"": 32}"
1774218925,normal,sw-wk3,0.10222222222225053,0.3941213452386637,0.0,0.0,3520.133333333333,4902.8,0,0,0,0,0,0,{}
1774218935,normal,sw-wk2,0.21778459350136226,0.41069691284461163,6.000800106680891,6.6008801173489795,6627.216962261635,151223.86318175757,0,189,4,0,0,0,"{""process_exit"": 99, ""process_exec"": 189}"
1774218935,normal,k3s-wk1,0.3185555555555766,0.7471641453220899,283.2,147.0,106983.06666666667,8571.033333333333,0,42,3,0,39,0,"{""process_exit"": 42, ""process_exec"": 42, ""process_kprobe"": 39}"
1774218935,normal,sw-wk3,0.08711111111107228,0.3940755861146923,4.466666666666667,6.0,3474.0333333333333,5059.333333333334,0,0,0,0,0,0,{}
1774218946,normal,sw-wk2,0.21778459350136226,0.41069691284461163,6.000800106680891,6.6008801173489795,6627.216962261635,151223.86318175757,0,379,4,0,0,0,"{""process_exit"": 199, ""process_exec"": 379}"
1774218946,normal,k3s-wk1,0.2812222222222368,0.7502605564854878,279.3333333333333,142.4,147052.5,8001.066666666667,0,15,2,0,10,0,"{""process_exit"": 15, ""process_exec"": 15, ""process_kprobe"": 10}"
1774218946,normal,sw-wk3,0.08711111111107228,0.3940755861146923,4.466666666666667,6.0,3474.0333333333333,5059.333333333333,0,0,0,0,0,0,{}
1774218955,normal,sw-wk2,0.17311111111113053,0.41300476890601656,9.6,11.0,1459.7333333333333,119024.59999999999,0,252,4,0,0,0,"{""process_exit"": 132, ""process_exec"": 252}"
1774218955,normal,k3s-wk1,0.2812222222222368,0.7502605564854878,279.3333333333333,142.40000000000003,147052.5,8001.066666666667,0,60,3,0,53,0,"{""process_exit"": 60, ""process_exec"": 60, ""process_kprobe"": 53}"
1774218955,normal,sw-wk3,0.08711111111107228,0.3940755861146923,4.466666666666667,6.0,3474.0333333333333,5059.333333333333,0,0,0,0,0,0,{}
1774218965,normal,sw-wk2,0.17311111111113053,0.41300476890601656,9.6,11.0,1459.7333333333333,119024.60000000002,0,255,4,0,0,0,"{""process_exit"": 133, ""process_exec"": 255}"
1774218965,normal,k3s-wk1,0.2812222222222368,0.7502605564854878,279.3333333333333,142.4,147052.5,8001.066666666667,0,18,2,0,15,0,"{""process_exit"": 18, ""process_exec"": 18, ""process_kprobe"": 15}"
1774218965,normal,sw-wk3,0.08477777777778917,0.39404375368062516,0.0,0.0,1854.7,4839.366666666667,0,0,0,0,0,0,{}
1774218976,normal,sw-wk2,0.17311111111113053,0.41300476890601656,9.6,11.0,1459.7333333333333,119024.59999999999,0,356,7,0,0,0,"{""process_exit"": 238, ""process_exec"": 356}"
1774218976,normal,k3s-wk1,0.2989999999999985,0.7520541852214466,279.3333333333333,142.4,141259.23333333334,5567.633333333333,0,102,3,0,97,0,"{""process_exit"": 102, ""process_exec"": 102, ""process_kprobe"": 97}"
1774218976,normal,sw-wk3,0.08477777777778917,0.39404375368062516,0.0,0.0,1854.7,4839.366666666667,0,0,0,0,0,0,{}
1774218985,normal,sw-wk2,0.2303333333333083,0.4151355567006412,0.0,0.0,6308.366666666667,134033.33333333334,0,252,4,0,0,0,"{""process_exit"": 132, ""process_exec"": 252}"
1774218985,normal,k3s-wk1,0.2989999999999985,0.7520541852214466,279.3333333333333,142.4,141259.23333333334,5567.633333333333,0,12,2,0,9,0,"{""process_exit"": 12, ""process_exec"": 12, ""process_kprobe"": 9}"
1774218985,normal,sw-wk3,0.08477777777778917,0.39404375368062516,0.0,0.0,1854.7,4839.366666666667,0,0,0,0,0,0,{}
1774218996,normal,sw-wk2,0.2303333333333083,0.4151355567006412,0.0,0.0,6308.366666666667,134033.33333333334,0,252,4,0,0,0,"{""process_exit"": 132, ""process_exec"": 252}"
1774218996,normal,k3s-wk1,0.2989999999999985,0.7520541852214466,279.3333333333333,142.4,141259.23333333334,5567.633333333333,0,36,3,0,33,0,"{""process_exit"": 36, ""process_exec"": 36, ""process_kprobe"": 33}"
1774218996,normal,sw-wk3,0.08766666666666012,0.3938786229289023,0.0,0.0,2757.2666666666664,4978.2,0,0,0,0,0,0,{}
1774219006,normal,sw-wk2,0.2303333333333083,0.4151355567006412,0.0,0.0,6308.366666666667,134033.33333333334,0,252,4,0,0,0,"{""process_exit"": 132, ""process_exec"": 252}"
1774219006,normal,k3s-wk1,0.27744444444445737,0.7522844750444788,279.3333333333333,142.4,121592.13333333333,7107.9,0,63,3,0,55,0,"{""process_exit"": 63, ""process_exec"": 63, ""process_kprobe"": 55}"
1774219006,normal,sw-wk3,0.08766666666666012,0.3938786229289023,0.0,0.0,2757.2666666666664,4978.2,0,0,0,0,0,0,{}
1774219016,normal,sw-wk2,0.1731662333622398,0.4199124208415319,0.0,0.0,2020.1653223118462,127906.20625291647,0,378,4,0,0,0,"{""process_exit"": 198, ""process_exec"": 378}"
1774219016,normal,k3s-wk1,0.27744444444445737,0.7522844750444788,279.3333333333333,142.4,121592.13333333333,7107.9,0,39,3,0,34,0,"{""process_exit"": 39, ""process_exec"": 39, ""process_kprobe"": 34}"
1774219016,normal,sw-wk3,0.08766666666666012,0.3938786229289023,0.0,0.0,2757.2666666666664,4978.2,0,0,0,0,0,0,{}
1774219026,normal,sw-wk2,0.1731662333622398,0.4199124208415319,0.0,0.0,2020.1653223118458,127906.20625291647,0,192,4,0,0,0,"{""process_exit"": 100, ""process_exec"": 192}"
1774219026,normal,k3s-wk1,0.27744444444445737,0.7522844750444788,279.3333333333333,142.4,121592.13333333333,7107.9,0,18,2,0,18,0,"{""process_kprobe"": 18, ""process_exit"": 19, ""process_exec"": 18}"
1774219026,normal,sw-wk3,0.08188888888887758,0.39395024590555316,0.0,0.0,2550.8,4898.066666666667,0,0,0,0,0,0,{}
1774219036,normal,sw-wk2,0.1731662333622398,0.4199124208415319,0.0,0.0,2020.1653223118458,127906.20625291647,0,356,7,0,0,0,"{""process_exit"": 238, ""process_exec"": 356}"
1774219036,normal,k3s-wk1,0.3123333333332994,0.7467917337797008,277.2,140.4,139202.83333333337,12077.1,0,15,2,0,14,0,"{""process_exit"": 15, ""process_exec"": 15, ""process_kprobe"": 14}"
1774219036,normal,sw-wk3,0.08188888888887758,0.39395024590555316,0.0,0.0,2550.8,4898.066666666667,0,0,0,0,0,0,{}
1774219046,normal,sw-wk2,0.23561570771381768,0.4134922040224339,0.0,0.0,7506.900460030669,125276.88512567505,0,283,4,0,0,0,"{""process_exit"": 134, ""process_exec"": 283}"
1774219046,normal,k3s-wk1,0.3123333333332994,0.7467917337797008,277.2,140.4,139202.83333333337,12077.1,0,78,3,0,71,0,"{""process_exit"": 78, ""process_exec"": 78, ""process_kprobe"": 71}"
1774219046,normal,sw-wk3,0.08188888888887758,0.39395024590555316,0.0,0.0,2550.8,4898.066666666667,0,0,0,0,0,0,{}
1774219056,normal,sw-wk2,0.23561570771381768,0.4134922040224339,0.0,0.0,7506.900460030669,125276.88512567505,0,222,4,0,0,0,"{""process_exec"": 222, ""process_exit"": 133}"
1774219056,normal,k3s-wk1,0.3123333333332994,0.7467917337797008,277.2,140.4,139202.83333333334,12077.1,0,12,2,0,11,0,"{""process_kprobe"": 11, ""process_exit"": 12, ""process_exec"": 12}"
1774219056,normal,sw-wk3,0.09100000000004604,0.3940616594247879,0.0,0.0,4551.666666666667,5168.766666666666,0,0,0,0,0,0,{}
1774219066,normal,sw-wk2,0.23561570771381768,0.4134922040224339,0.0,0.0,7506.900460030669,125276.88512567505,0,0,0,0,0,0,{}
1774219066,normal,k3s-wk1,0.2843333333333754,0.7478879133373337,279.3333333333333,142.4,89261.33333333333,6483.833333333333,0,36,3,0,30,0,"{""process_exit"": 36, ""process_exec"": 36, ""process_kprobe"": 30}"
1774219066,normal,sw-wk3,0.09100000000004604,0.3940616594247879,0.0,0.0,4551.666666666667,5168.766666666666,0,0,0,0,0,0,{}
1774219076,normal,sw-wk2,0.15475119154755312,0.4150141953043087,0.0,0.0,2659.3340665933406,40205.61277205613,0,1,1,0,0,0,"{""process_exit"": 1, ""process_exec"": 1}"
1774219076,normal,k3s-wk1,0.2843333333333752,0.7478879133373337,279.3333333333333,142.4,89261.33333333333,6483.833333333333,0,57,3,0,51,0,"{""process_exit"": 57, ""process_exec"": 57, ""process_kprobe"": 51}"
1774219076,normal,sw-wk3,0.09100000000004604,0.3940616594247879,0.0,0.0,4551.666666666667,5168.766666666666,0,0,0,0,0,0,{}
1774219086,normal,sw-wk2,0.15475119154755335,0.4150141953043087,0.0,0.0,2659.3340665933406,40205.61277205613,0,2,2,0,0,0,"{""process_exec"": 2}"
1774219086,normal,k3s-wk1,0.2843333333333754,0.7478879133373337,279.3333333333333,142.4,89261.33333333333,6483.833333333333,0,12,2,0,11,0,"{""process_kprobe"": 11, ""process_exit"": 12, ""process_exec"": 12}"
1774219086,normal,sw-wk3,0.08755555555552652,0.3942844864632574,0.0,0.0,2404.4,4886.066666666667,0,0,0,0,0,0,{}
1774219096,normal,sw-wk2,0.15475119154755312,0.4150141953043087,0.0,0.0,2659.3340665933406,40205.61277205613,0,0,0,0,0,0,{}
1774219096,normal,k3s-wk1,0.2672222222222139,0.7542531240459421,279.3333333333333,142.40000000000003,9614.666666666668,4052.133333333333,0,33,3,0,33,0,"{""process_exit"": 33, ""process_exec"": 33, ""process_kprobe"": 33}"
1774219096,normal,sw-wk3,0.08755555555552652,0.3942844864632574,0.0,0.0,2404.4,4886.066666666667,0,0,0,0,0,0,{}
1774219106,normal,sw-wk2,0.16113907314196618,0.4121592181938639,0.0,0.0,5190.226992433585,27683.5438818706,0,104,5,0,0,0,"{""process_exit"": 106, ""process_exec"": 104}"
1774219106,normal,k3s-wk1,0.26722222222221415,0.7542531240459421,279.3333333333333,142.4,9614.666666666666,4052.133333333333,0,45,3,0,38,0,"{""process_exit"": 45, ""process_exec"": 45, ""process_kprobe"": 38}"
1774219106,normal,sw-wk3,0.08755555555552652,0.3942844864632574,0.0,0.0,2404.4,4886.066666666667,0,0,0,0,0,0,{}
1774219116,normal,sw-wk2,0.16113907314196618,0.4121592181938639,0.0,0.0,5190.226992433585,27683.5438818706,0,0,0,0,0,0,{}
1774219116,normal,k3s-wk1,0.26722222222221415,0.7542531240459421,279.3333333333333,142.4,9614.666666666666,4052.133333333333,0,12,2,0,13,0,"{""process_kprobe"": 13, ""process_exit"": 12, ""process_exec"": 12}"
1774219116,normal,sw-wk3,0.08499999999999597,0.3941412405099556,0.0,0.0,2633.1,4914.566666666667,0,0,0,0,0,0,{}
1774219126,normal,sw-wk2,0.16113907314196618,0.4121592181938639,0.0,0.0,5190.226992433585,27683.5438818706,0,1,1,0,0,0,"{""process_exit"": 1, ""process_exec"": 1}"
1774219126,normal,k3s-wk1,0.26911111111108366,0.7540373095832149,279.3333333333333,142.40000000000003,32359.63333333333,6068.566666666667,0,33,3,0,28,0,"{""process_exit"": 33, ""process_exec"": 33, ""process_kprobe"": 28}"
1774219126,normal,sw-wk3,0.08499999999999597,0.3941412405099556,0.0,0.0,2633.1,4914.566666666667,0,0,0,0,0,0,{}
1774219136,normal,sw-wk2,0.10154687291640507,0.4129231981314324,0.0,0.0,1681.090812108281,4462.461661554874,0,0,0,0,0,0,{}
1774219136,normal,k3s-wk1,0.26911111111108366,0.7540373095832149,279.3333333333333,142.4,32359.63333333333,6068.566666666667,0,45,3,0,40,0,"{""process_exit"": 46, ""process_exec"": 45, ""process_kprobe"": 40}"
1774219136,normal,sw-wk3,0.08499999999999597,0.3941412405099556,0.0,0.0,2633.1,4914.566666666667,0,0,0,0,0,0,{}
1774219146,normal,sw-wk2,0.10154687291640507,0.4129231981314324,0.0,0.0,1681.090812108281,4462.461661554874,0,2,2,0,0,0,"{""process_exec"": 2}"
1774219146,normal,k3s-wk1,0.26911111111108366,0.7540373095832149,279.3333333333333,142.4,32359.63333333333,6068.566666666667,0,30,2,0,26,0,"{""process_exec"": 30, ""process_kprobe"": 26, ""process_exit"": 29}"
1774219146,normal,sw-wk3,0.08411111111112801,0.39422679017651086,0.0,0.0,2475.633333333333,4983.766666666667,0,0,0,0,0,0,{}
1774219156,normal,sw-wk2,0.10154687291640507,0.4129231981314324,0.0,0.0,1681.090812108281,4462.461661554874,0,105,6,0,0,0,"{""process_exit"": 107, ""process_exec"": 105}"
1774219156,normal,k3s-wk1,0.28833333333338185,0.7538793965617071,277.2,140.4,33174.066666666666,10882.700000000003,0,12,2,0,13,0,"{""process_exit"": 12, ""process_exec"": 12, ""process_kprobe"": 13}"
1774219156,normal,sw-wk3,0.08411111111112801,0.39422679017651086,0.0,0.0,2475.633333333333,4983.766666666666,0,0,0,0,0,0,{}
1774219166,normal,sw-wk2,0.18854415274463954,0.410289058971691,0.0,0.0,5228.5611534311965,27456.01072350999,0,0,0,0,0,0,{}
1774219166,normal,k3s-wk1,0.28833333333338185,0.7538793965617071,277.2,140.4,33174.066666666666,10882.7,0,60,3,0,53,0,"{""process_exit"": 60, ""process_exec"": 60, ""process_kprobe"": 53}"
1774219166,normal,sw-wk3,0.08411111111112801,0.39422679017651086,0.0,0.0,2475.633333333333,4983.766666666666,0,0,0,0,0,0,{}
1774219176,normal,sw-wk2,0.18854415274463976,0.410289058971691,0.0,0.0,5228.5611534311965,27456.01072350999,0,0,0,0,0,0,{}
1774219176,normal,k3s-wk1,0.28833333333338185,0.7538793965617071,277.2,140.4,33174.066666666666,10882.7,0,12,2,0,11,0,"{""process_kprobe"": 11, ""process_exit"": 12, ""process_exec"": 12}"
1774219176,normal,sw-wk3,0.08699999999997898,0.39368364927024146,0.0,0.0,2852.5333333333338,5030.6,0,0,0,0,0,0,{}
1774219186,normal,sw-wk2,0.18854415274463954,0.410289058971691,0.0,0.0,5228.5611534311965,27456.01072350999,0,0,0,0,0,0,{}
1774219186,normal,k3s-wk1,0.2701111111110448,0.7543636631609976,279.3333333333333,142.4,9004.6,1423.8333333333333,0,99,3,0,91,0,"{""process_exit"": 99, ""process_exec"": 99, ""process_kprobe"": 91}"
1774219186,normal,sw-wk3,0.08699999999997898,0.39368364927024146,0.0,0.0,2852.5333333333333,5030.6,0,0,0,0,0,0,{}
1774219196,normal,sw-wk2,0.10753748342571667,0.41297094687753044,0.0,0.0,405.5689661034237,4335.429911943698,0,1,1,0,0,0,"{""process_exit"": 1, ""process_exec"": 1}"
1774219196,normal,k3s-wk1,0.2701111111110448,0.7543636631609976,279.3333333333333,142.4,9004.6,1423.8333333333333,0,15,2,0,12,0,"{""process_kprobe"": 12, ""process_exit"": 15, ""process_exec"": 15}"
1774219196,normal,sw-wk3,0.08699999999997898,0.39368364927024146,0.0,0.0,2852.5333333333333,5030.6,0,0,0,0,0,0,{}
1774219206,normal,sw-wk2,0.10753748342571667,0.41297094687753044,0.0,0.0,405.5689661034237,4335.429911943698,0,2,2,0,0,0,"{""process_exec"": 2}"
1774219206,normal,k3s-wk1,0.2701111111110448,0.7543636631609976,279.3333333333333,142.4,9004.6,1423.8333333333333,0,36,3,0,36,0,"{""process_kprobe"": 36, ""process_exit"": 36, ""process_exec"": 36}"
1774219206,normal,sw-wk3,0.1021111111111167,0.3946545385092871,0.0,0.0,3882.8333333333335,5173.3,0,0,0,0,0,0,{}
1774219216,normal,sw-wk2,0.10753748342571667,0.41297094687753044,0.0,0.0,405.5689661034237,4335.429911943698,0,0,0,0,0,0,{}
1774219216,normal,k3s-wk1,0.29144444444448003,0.7540623124782869,279.3333333333333,142.4,10236.800000000001,7436.033333333333,0,36,3,0,34,0,"{""process_exit"": 36, ""process_exec"": 36, ""process_kprobe"": 34}"
1774219216,normal,sw-wk3,0.1021111111111167,0.3946545385092871,0.0,0.0,3882.8333333333335,5173.3,0,0,0,0,0,0,{}
1774219226,normal,sw-wk2,0.17822222222219153,0.4079115693222265,0.0,0.0,5734.533333333333,27675.399999999998,0,104,5,0,0,0,"{""process_exit"": 106, ""process_exec"": 104}"
1774219226,normal,k3s-wk1,0.2914444444444798,0.7540623124782869,279.3333333333333,142.4,10236.8,7436.033333333333,0,15,2,0,12,0,"{""process_exit"": 15, ""process_exec"": 15, ""process_kprobe"": 12}"
1774219226,normal,sw-wk3,0.1021111111111167,0.3946545385092871,0.0,0.0,3882.8333333333335,5173.3,0,0,0,0,0,0,{}
1774219236,normal,sw-wk2,0.17822222222219153,0.4079115693222265,0.0,0.0,5734.533333333333,27675.399999999998,0,0,0,0,0,0,{}
1774219236,normal,k3s-wk1,0.29144444444448003,0.7540623124782869,279.3333333333333,142.4,10236.8,7436.033333333333,0,33,3,0,30,0,"{""process_exit"": 33, ""process_exec"": 33, ""process_kprobe"": 30}"
1774219236,normal,sw-wk3,0.10555555555555562,0.39519568988842735,2.1333333333333337,21.733333333333334,4285.266666666666,5336.5,0,0,0,0,0,0,{}
1774219246,normal,sw-wk2,0.17822222222219153,0.4079115693222265,0.0,0.0,5734.533333333333,27675.399999999998,0,1,1,0,0,0,"{""process_exit"": 1, ""process_exec"": 1}"
1774219246,normal,k3s-wk1,0.2907777777777584,0.7526555706450221,279.3333333333333,142.4,32542.966666666667,6863.4,0,30,3,0,26,0,"{""process_exit"": 30, ""process_exec"": 30, ""process_kprobe"": 26}"
1774219246,normal,sw-wk3,0.10555555555555562,0.39519568988842735,2.1333333333333333,21.733333333333334,4285.266666666666,5336.5,0,0,0,0,0,0,{}
1774219256,normal,sw-wk2,0.1004444444444137,0.4086715701976201,0.0,0.0,431.56666666666666,4255.233333333334,0,0,0,0,0,0,{}
1774219256,normal,k3s-wk1,0.2907777777777584,0.7526555706450221,279.3333333333333,142.4,32542.966666666667,6863.4,0,81,3,0,73,0,"{""process_exit"": 81, ""process_exec"": 81, ""process_kprobe"": 73}"
1774219256,normal,sw-wk3,0.10555555555555562,0.39519568988842735,2.1333333333333333,21.733333333333334,4285.266666666666,5336.5,0,0,0,0,0,0,{}
1774219266,normal,sw-wk2,0.1004444444444137,0.4086715701976201,0.0,0.0,431.56666666666666,4255.233333333334,0,3,2,0,0,0,"{""process_exit"": 1, ""process_exec"": 3}"
1774219266,normal,k3s-wk1,0.2907777777777584,0.7526555706450221,279.3333333333333,142.4,32542.966666666667,6863.4,0,57,3,0,53,0,"{""process_kprobe"": 53, ""process_exit"": 57, ""process_exec"": 57}"
1774219266,normal,sw-wk3,0.0853333333333568,0.3939721307039743,14.133333333333336,21.733333333333334,1971.5333333333333,5192.033333333333,0,0,0,0,0,0,{}
1774219276,normal,sw-wk2,0.1004444444444137,0.4086715701976201,0.0,0.0,431.56666666666666,4255.233333333334,0,104,5,0,0,0,"{""process_exit"": 106, ""process_exec"": 104}"
1774219276,normal,k3s-wk1,0.27900000000000647,0.7551005905947005,277.2,140.4,21951.8,4380.533333333333,0,12,2,0,13,0,"{""process_exit"": 12, ""process_exec"": 12, ""process_kprobe"": 13}"
1774219276,normal,sw-wk3,0.0853333333333568,0.3939721307039743,14.133333333333333,21.733333333333334,1971.5333333333333,5192.033333333333,0,0,0,0,0,0,{}
1774219286,normal,sw-wk2,0.16905539630692334,0.40879094206286515,0.0,0.0,5265.348976734884,27992.200519965336,0,0,0,0,0,0,{}
1774219286,normal,k3s-wk1,0.27900000000000647,0.7551005905947005,277.2,140.4,21951.8,4380.533333333333,0,36,3,0,32,0,"{""process_exit"": 36, ""process_exec"": 36, ""process_kprobe"": 32}"
1774219286,normal,sw-wk3,0.0853333333333568,0.3939721307039743,14.133333333333333,21.733333333333334,1971.5333333333333,5192.033333333333,0,0,0,0,0,0,{}
1774219296,normal,sw-wk2,0.16905539630692334,0.40879094206286515,0.0,0.0,5265.348976734884,27992.200519965336,0,0,0,0,0,0,{}
1774219296,normal,k3s-wk1,0.27900000000000647,0.7551005905947005,277.2,140.4,21951.8,4380.533333333333,0,15,2,0,15,0,"{""process_kprobe"": 15, ""process_exit"": 15, ""process_exec"": 15}"
1774219296,normal,sw-wk3,0.09033333333330429,0.39406364895191714,8.133333333333333,16.8,2835.7666666666664,5312.566666666667,0,0,0,0,0,0,{}
1774219306,normal,sw-wk2,0.16905539630692334,0.40879094206286515,0.0,0.0,5265.348976734884,27992.200519965336,0,0,0,0,0,0,{}
1774219306,normal,k3s-wk1,0.27033333333335285,0.755621703565676,279.3333333333333,142.4,20517.166666666668,6076.866666666667,0,33,3,0,28,0,"{""process_exit"": 33, ""process_exec"": 33, ""process_kprobe"": 28}"
1774219306,normal,sw-wk3,0.09033333333330429,0.39406364895191714,8.133333333333333,16.8,2835.7666666666673,5312.566666666667,0,0,0,0,0,0,{}
1774219316,normal,sw-wk2,0.10960730715381917,0.4113474895101974,0.0,0.0,644.9763317554504,4313.587572504834,0,1,1,0,0,0,"{""process_exit"": 1, ""process_exec"": 1}"
1774219316,normal,k3s-wk1,0.27033333333335285,0.755621703565676,279.3333333333333,142.4,20517.166666666668,6076.866666666667,0,15,2,0,11,0,"{""process_exit"": 15, ""process_exec"": 15, ""process_kprobe"": 11}"
1774219316,normal,sw-wk3,0.09033333333330429,0.39406364895191714,8.133333333333333,16.8,2835.7666666666664,5312.566666666667,0,0,0,0,0,0,{}
1774219326,normal,sw-wk2,0.10960730715381917,0.4113474895101974,0.0,0.0,644.9763317554504,4313.587572504834,0,2,2,0,0,0,"{""process_exec"": 2}"
1774219326,normal,k3s-wk1,0.27033333333335285,0.755621703565676,279.3333333333333,142.4,20517.166666666668,6076.866666666667,0,36,3,0,33,0,"{""process_kprobe"": 33, ""process_exit"": 37, ""process_exec"": 36}"
1774219326,normal,sw-wk3,0.08677777777779216,0.3942944340989034,6.133333333333333,11.866666666666667,2207.066666666667,5250.7,0,0,0,0,0,0,{}
1774219336,normal,sw-wk2,0.10960730715381917,0.4113474895101974,0.0,0.0,644.9763317554504,4313.587572504834,0,0,0,0,0,0,{}
1774219336,normal,k3s-wk1,0.2783333333333252,0.7556927644253545,279.3333333333333,142.4,10229.333333333334,4716.166666666668,0,33,3,0,32,0,"{""process_exit"": 33, ""process_exec"": 33, ""process_kprobe"": 32}"
1774219336,normal,sw-wk3,0.08677777777779239,0.3942944340989034,6.133333333333333,11.866666666666667,2207.0666666666666,5250.7,0,0,0,0,0,0,{}
1774219346,normal,sw-wk2,0.17222222222224237,0.4063259130455543,0.0,0.0,5544.0,27743.8,0,104,5,0,0,0,"{""process_exit"": 106, ""process_exec"": 104}"
1774219346,normal,k3s-wk1,0.2783333333333252,0.7556927644253545,279.3333333333333,142.4,10229.333333333334,4716.166666666667,0,12,2,0,9,0,"{""process_exit"": 12, ""process_exec"": 12, ""process_kprobe"": 9}"
1774219346,normal,sw-wk3,0.08677777777779239,0.3942944340989034,6.133333333333333,11.866666666666667,2207.0666666666666,5250.7,0,0,0,0,0,0,{}
1774219361,normal,sw-wk2,0.17222222222224248,0.4063259130455543,0.0,0.0,5544.0,27743.8,0,0,0,0,0,0,{}
1774219361,normal,k3s-wk1,0.2783333333333252,0.7556927644253545,279.3333333333333,142.4,10229.333333333334,4716.166666666667,0,39,3,0,35,0,"{""process_kprobe"": 35, ""process_exit"": 39, ""process_exec"": 39}"
1774219361,normal,sw-wk3,0.09422222222223764,0.3946306641837368,12.6,22.8,5785.3,5681.133333333333,0,0,0,0,0,0,{}
1774219366,normal,sw-wk2,0.17222222222224248,0.4063259130455543,0.0,0.0,5544.0,27743.8,0,1,1,0,0,0,"{""process_exit"": 1, ""process_exec"": 1}"
1774219366,normal,k3s-wk1,0.2877777777777939,0.75541510069587,342.4,181.2,32986.0,9780.1,0,36,3,0,31,0,"{""process_exit"": 36, ""process_exec"": 36, ""process_kprobe"": 31}"
1774219366,normal,sw-wk3,0.0942222222222373,0.3946306641837368,12.6,22.8,5785.3,5681.133333333333,0,0,0,0,0,0,{}
1774219376,normal,sw-wk2,0.10922222222224154,0.4076031920036767,0.0,0.0,1089.5333333333333,4226.3,0,0,0,0,0,0,{}
1774219376,normal,k3s-wk1,0.2877777777777939,0.75541510069587,342.4,181.2,32986.0,9780.1,0,12,2,0,10,0,"{""process_exit"": 12, ""process_exec"": 12, ""process_kprobe"": 10}"
1774219376,normal,sw-wk3,0.09422222222223764,0.3946306641837368,12.6,22.8,5785.3,5681.133333333333,0,0,0,0,0,0,{}
1774219386,normal,sw-wk2,0.10922222222224154,0.4076031920036767,0.0,0.0,1089.5333333333333,4226.3,0,2,2,0,0,0,"{""process_exec"": 2}"
1774219386,normal,k3s-wk1,0.2877777777777939,0.75541510069587,342.4,181.2,32986.0,9780.1,0,39,3,0,37,0,"{""process_kprobe"": 37, ""process_exit"": 39, ""process_exec"": 39}"
1774219386,normal,sw-wk3,0.11194809234937553,0.39403579557210844,6.1329244717018865,6.932871141923871,4204.68635424305,5276.714885674288,0,0,0,0,0,0,{}
1774219396,normal,sw-wk2,0.10922222222224154,0.4076031920036767,0.0,0.0,1089.5333333333333,4226.3,0,104,5,0,0,0,"{""process_exit"": 106, ""process_exec"": 104}"
1774219396,normal,k3s-wk1,0.2767777777777761,0.7556440745770563,572.7333333333333,302.6,9772.8,6787.966666666666,0,36,3,0,34,0,"{""process_exit"": 36, ""process_exec"": 36, ""process_kprobe"": 34}"
1774219396,normal,sw-wk3,0.11194809234937553,0.39403579557210844,6.1329244717018865,6.932871141923871,4204.68635424305,5276.714885674288,0,0,0,0,0,0,{}
1774219406,normal,sw-wk2,0.18783192231626578,0.4046606755253854,0.0,0.0,5276.948203453103,27780.647956802884,0,0,0,0,0,0,{}
1774219406,normal,k3s-wk1,0.2767777777777761,0.7556440745770563,572.7333333333333,302.6,9772.8,6787.966666666666,0,18,2,0,14,0,"{""process_exit"": 18, ""process_exec"": 18, ""process_kprobe"": 14}"
1774219406,normal,sw-wk3,0.11194809234937553,0.39403579557210844,6.1329244717018865,6.932871141923871,4204.68635424305,5276.714885674288,0,0,0,0,0,0,{}
1774219416,normal,sw-wk2,0.18783192231626578,0.4046606755253854,0.0,0.0,5276.948203453103,27780.64795680288,0,0,0,0,0,0,{}
1774219416,normal,k3s-wk1,0.2767777777777761,0.7556440745770563,572.7333333333333,302.6,9772.8,6787.966666666666,0,15,2,0,13,0,"{""process_kprobe"": 13, ""process_exit"": 15, ""process_exec"": 15}"
1774219416,normal,sw-wk3,0.0917172255928399,0.39419495774244373,4.133608907260484,4.733648909927329,2638.50923394893,4919.827988532569,0,0,0,0,0,0,{}
1774219426,normal,sw-wk2,0.18783192231626578,0.4046606755253854,0.0,0.0,5276.948203453103,27780.64795680288,0,1,1,0,0,0,"{""process_exit"": 1, ""process_exec"": 1}"
1774219426,normal,k3s-wk1,0.2765555555555491,0.75317273579046,778.6333333333333,393.0333333333334,32319.433333333334,6071.866666666668,0,51,3,0,46,0,"{""process_exit"": 51, ""process_exec"": 51, ""process_kprobe"": 46}"
1774219426,normal,sw-wk3,0.0917172255928399,0.39419495774244373,4.133608907260484,4.733648909927329,2638.50923394893,4919.827988532569,0,0,0,0,0,0,{}
1774219436,normal,sw-wk2,0.08538347000913749,0.40692277237177965,0.0,0.0,1643.8429228615241,4439.995999733316,0,0,0,0,0,0,{}
1774219436,normal,k3s-wk1,0.2765555555555491,0.75317273579046,778.6333333333333,393.0333333333333,32319.433333333334,6071.866666666667,0,57,3,0,52,0,"{""process_exit"": 57, ""process_exec"": 57, ""process_kprobe"": 52}"
1774219436,normal,sw-wk3,0.0917172255928399,0.39419495774244373,4.133608907260484,4.733648909927329,2638.50923394893,4919.827988532569,0,0,0,0,0,0,{}
1774219446,normal,sw-wk2,0.08538347000913749,0.40692277237177965,0.0,0.0,1643.8429228615241,4439.995999733316,0,2,2,0,0,0,"{""process_exec"": 2}"
1774219446,normal,k3s-wk1,0.2765555555555491,0.75317273579046,778.6333333333333,393.0333333333333,32319.433333333334,6071.866666666667,0,84,3,0,76,0,"{""process_exit"": 84, ""process_exec"": 84, ""process_kprobe"": 76}"
1774219446,normal,sw-wk3,0.0856666666666368,0.3946784128348374,0.0,0.0,2547.2666666666664,5005.733333333334,0,0,0,0,0,0,{}
1774219456,normal,sw-wk2,0.08538347000913749,0.40692277237177965,0.0,0.0,1643.8429228615241,4439.995999733316,0,104,5,0,0,0,"{""process_exit"": 106, ""process_exec"": 104}"
1774219456,normal,k3s-wk1,0.288404492884053,0.7514672751581762,579.1420857914209,310.5689431056894,32923.107689231074,8292.770722927708,0,60,3,0,57,0,"{""process_exit"": 60, ""process_exec"": 60, ""process_kprobe"": 57}"
1774219456,normal,sw-wk3,0.0856666666666368,0.3946784128348374,0.0,0.0,2547.2666666666664,5005.7333333333345,0,0,0,0,0,0,{}
1774219466,normal,sw-wk2,0.17311111111106992,0.4046646545875603,0.0,0.0,5224.566666666667,27741.166666666668,0,0,0,0,0,0,{}
1774219466,normal,k3s-wk1,0.288404492884053,0.7514672751581762,579.1420857914209,310.5689431056894,32923.10768923108,8292.770722927708,0,54,3,0,51,0,"{""process_kprobe"": 51, ""process_exit"": 54, ""process_exec"": 54}"
1774219466,normal,sw-wk3,0.0856666666666368,0.3946784128348374,0.0,0.0,2547.2666666666664,5005.733333333334,0,0,0,0,0,0,{}
1774219476,normal,sw-wk2,0.17311111111106992,0.4046646545875603,0.0,0.0,5224.566666666667,27741.166666666668,0,1,1,0,0,0,"{""process_exit"": 1, ""process_exec"": 1}"
1774219476,normal,k3s-wk1,0.288404492884053,0.7514672751581762,579.1420857914209,310.5689431056894,32923.10768923108,8292.770722927708,0,54,3,0,52,0,"{""process_exit"": 54, ""process_exec"": 54, ""process_kprobe"": 52}"
1774219476,normal,sw-wk3,0.08766666666670042,0.39464260134651197,0.0,0.0,2719.366666666667,4958.533333333333,0,0,0,0,0,0,{}
1774219486,normal,sw-wk2,0.17311111111106992,0.4046646545875603,0.0,0.0,5224.566666666667,27741.166666666668,0,0,0,0,0,0,{}
1774219486,normal,k3s-wk1,0.2657043482125797,0.7530240343618735,572.6572657265726,302.6302630263026,9205.753908724206,3857.019035236857,0,30,3,0,26,0,"{""process_exit"": 30, ""process_exec"": 30, ""process_kprobe"": 26}"
1774219486,normal,sw-wk3,0.08766666666670042,0.39464260134651197,0.0,0.0,2719.366666666667,4958.533333333333,0,0,0,0,0,0,{}
1774219496,normal,sw-wk2,0.10300000000000487,0.4068153376930591,0.0,0.0,378.1,4203.633333333333,0,0,0,0,0,0,{}
1774219496,normal,k3s-wk1,0.2657043482125797,0.7530240343618735,572.6572657265726,302.6302630263026,9205.753908724206,3857.019035236857,0,36,3,0,32,0,"{""process_exit"": 36, ""process_exec"": 36, ""process_kprobe"": 32}"
1774219496,normal,sw-wk3,0.08766666666670064,0.39464260134651197,0.0,0.0,2719.366666666667,4958.533333333333,0,0,0,0,0,0,{}
1774219506,normal,sw-wk2,0.10300000000000464,0.4068153376930591,0.0,0.0,378.1,4203.633333333333,0,107,7,0,0,0,"{""process_exit"": 107, ""process_exec"": 107}"
1774219506,normal,k3s-wk1,0.2657043482125797,0.7530240343618735,572.6572657265726,302.6302630263026,9205.753908724206,3857.019035236857,0,15,2,0,12,0,"{""process_exit"": 15, ""process_exec"": 15, ""process_kprobe"": 12}"
1774219506,normal,sw-wk3,0.09166666666666679,0.39462469560234925,0.0,0.0,2000.3999999999999,4894.866666666667,0,0,0,0,0,0,{}
1774219516,normal,sw-wk2,0.10300000000000487,0.4068153376930591,0.0,0.0,378.1,4203.633333333333,0,0,0,0,0,0,{}
1774219516,normal,k3s-wk1,0.28355555555556045,0.7534227647411805,578.7333333333333,309.2,32853.90000000001,8971.233333333334,0,36,3,0,34,0,"{""process_exit"": 36, ""process_exec"": 36, ""process_kprobe"": 34}"
1774219516,normal,sw-wk3,0.09166666666666679,0.39462469560234925,0.0,0.0,2000.3999999999999,4894.866666666667,0,0,0,0,0,0,{}
1774219527,normal,sw-wk2,0.2159411594782804,0.4080289516563841,3502.5331644557027,212.08586094260383,6995.500299980001,28078.594760349315,0,2,2,0,1,0,"{""process_exec"": 2, ""process_kprobe"": 1}"
1774219527,normal,k3s-wk1,0.28355555555556033,0.7534227647411805,578.7333333333333,309.2,32853.9,8971.233333333334,0,36,3,0,32,0,"{""process_exit"": 36, ""process_exec"": 36, ""process_kprobe"": 32}"
1774219527,normal,sw-wk3,0.09166666666666679,0.39462469560234925,0.0,0.0,2000.3999999999999,4894.866666666667,0,0,0,0,0,0,{}
1774219537,normal,sw-wk2,0.2159411594782804,0.4080289516563841,3502.5331644557027,212.08586094260383,6995.500299980001,28078.594760349308,0,6,5,0,0,0,"{""process_exec"": 6, ""process_exit"": 6}"
1774219537,normal,k3s-wk1,0.28355555555556045,0.7534227647411805,578.7333333333333,309.2,32853.9,8971.233333333334,0,15,2,0,12,0,"{""process_exit"": 15, ""process_exec"": 15, ""process_kprobe"": 12}"
1774219537,normal,sw-wk3,0.1004444444444137,0.39446155437775554,0.0,0.0,5267.466666666666,5027.1,0,0,0,0,0,0,{}
1774219546,normal,sw-wk2,0.2159411594782804,0.4080289516563841,3502.5331644557027,212.08586094260383,6995.500299980001,28078.594760349308,0,0,0,0,0,0,{}
1774219546,normal,k3s-wk1,0.2701111111110852,0.753403025613492,570.6,300.6,10925.566666666666,6172.4,0,15,2,0,11,0,"{""process_exit"": 15, ""process_exec"": 15, ""process_kprobe"": 11}"
1774219546,normal,sw-wk3,0.1004444444444137,0.39446155437775554,0.0,0.0,5267.466666666666,5027.1,0,0,0,0,0,0,{}
1774219556,normal,sw-wk2,0.14242232368004237,0.40733261577578783,139632.4857533242,1112.1738261072417,1065.318092445096,5983.003965741328,0,0,0,0,0,0,{}
1774219556,normal,k3s-wk1,0.2701111111110852,0.753403025613492,570.6,300.6,10925.566666666666,6172.4,0,57,3,0,53,0,"{""process_kprobe"": 53, ""process_exit"": 57, ""process_exec"": 57}"
1774219556,normal,sw-wk3,0.1004444444444137,0.39446155437775554,0.0,0.0,5267.466666666666,5027.1,0,0,0,0,0,0,{}
1774219566,normal,sw-wk2,0.14242232368004237,0.40733261577578783,139632.4857533242,1112.1738261072414,1065.318092445096,5983.003965741326,0,3,2,0,0,0,"{""process_exit"": 1, ""process_exec"": 3}"
1774219566,normal,k3s-wk1,0.2701111111110852,0.753403025613492,570.6,300.6,10925.566666666666,6172.4,0,39,3,0,36,0,"{""process_exit"": 39, ""process_exec"": 39, ""process_kprobe"": 36}"
1774219566,normal,sw-wk3,0.08433333333337545,0.3948037530439765,0.0,0.0,2051.333333333334,4994.533333333333,0,0,0,0,0,0,{}
1774219576,normal,sw-wk2,0.14242232368004237,0.40733261577578783,139632.4857533242,1112.1738261072414,1065.318092445096,5983.003965741326,0,1,1,0,0,0,"{""process_exit"": 1, ""process_exec"": 1}"
1774219576,normal,k3s-wk1,0.27566666666672157,0.7532174778132205,572.7333333333333,302.6,10484.2,4798.266666666666,0,9,2,0,11,0,"{""process_exit"": 9, ""process_exec"": 9, ""process_kprobe"": 11}"
1774219576,normal,sw-wk3,0.08433333333337545,0.3948037530439765,0.0,0.0,2051.3333333333335,4994.533333333333,0,0,0,0,0,0,{}
1774219586,normal,sw-wk2,0.17619730363554653,0.40941764435540184,0.0,0.0,5651.995598679603,9826.047814344302,0,21,3,0,0,0,"{""process_exit"": 21, ""process_exec"": 21}"
1774219586,normal,k3s-wk1,0.27566666666672157,0.7532174778132205,572.7333333333333,302.6,10484.2,4798.266666666666,0,12,2,0,10,0,"{""process_exit"": 12, ""process_exec"": 12, ""process_kprobe"": 10}"
1774219586,normal,sw-wk3,0.08433333333337545,0.3948037530439765,0.0,0.0,2051.3333333333335,4994.533333333333,0,0,0,0,0,0,{}
1774219596,normal,sw-wk2,0.17619730363554653,0.40941764435540184,0.0,0.0,5651.995598679603,9826.047814344302,0,10,1,0,0,0,"{""process_exit"": 11, ""process_exec"": 10}"
1774219596,normal,k3s-wk1,0.27566666666672157,0.7532174778132205,572.7333333333333,302.6,10484.2,4798.266666666666,0,57,3,0,52,0,"{""process_exit"": 57, ""process_exec"": 57, ""process_kprobe"": 52}"
1774219596,normal,sw-wk3,0.08322222222219955,0.39465851756354553,0.0,0.0,2621.866666666667,4909.733333333334,0,0,0,0,0,0,{}
1774219606,normal,sw-wk2,0.17619730363554653,0.40941764435540184,0.0,0.0,5651.995598679603,9826.047814344302,0,11,1,0,0,0,"{""process_exec"": 11, ""process_exit"": 11}"
1774219606,normal,k3s-wk1,0.27255555555550215,0.753842550190022,572.7333333333333,302.6,19481.0,6570.433333333333,0,57,3,0,50,0,"{""process_exit"": 57, ""process_exec"": 57, ""process_kprobe"": 50}"
1774219606,normal,sw-wk3,0.08322222222219955,0.39465851756354553,0.0,0.0,2621.866666666667,4909.733333333334,0,0,0,0,0,0,{}
1774219616,normal,sw-wk2,0.10366666666660518,0.4111962851475536,0.0,0.0,1225.3000000000002,13468.633333333333,0,16,1,0,0,0,"{""process_exec"": 16, ""process_exit"": 15}"
1774219616,normal,k3s-wk1,0.27255555555550215,0.753842550190022,572.7333333333333,302.6,19481.0,6570.433333333333,0,54,3,0,50,0,"{""process_exit"": 54, ""process_exec"": 54, ""process_kprobe"": 50}"
1774219616,normal,sw-wk3,0.08322222222219955,0.39465851756354553,0.0,0.0,2621.866666666667,4909.733333333334,0,0,0,0,0,0,{}
1774219626,normal,sw-wk2,0.10366666666660518,0.4111962851475536,0.0,0.0,1225.3,13468.633333333333,0,11,1,0,0,0,"{""process_exit"": 11, ""process_exec"": 11}"
1774219626,normal,k3s-wk1,0.27255555555550215,0.753842550190022,572.7333333333333,302.6,19481.0,6570.433333333333,0,75,3,0,70,0,"{""process_exit"": 76, ""process_exec"": 75, ""process_kprobe"": 70}"
1774219626,normal,sw-wk3,0.0823333333333317,0.394590873641153,0.0,0.0,2165.9333333333334,5082.433333333333,0,0,0,0,0,0,{}
1774219636,normal,sw-wk2,0.10366666666660518,0.4111962851475536,0.0,0.0,1225.3,13468.633333333333,0,8,1,0,0,0,"{""process_exit"": 9, ""process_exec"": 8}"
1774219636,normal,k3s-wk1,0.31011111111115,0.7405028476981546,570.6,300.6,19402.033333333333,9340.766666666666,0,15,2,0,15,0,"{""process_exit"": 15, ""process_exec"": 15, ""process_kprobe"": 15}"
1774219636,normal,sw-wk3,0.08233333333333148,0.394590873641153,0.0,0.0,2165.9333333333334,5082.433333333333,0,0,0,0,0,0,{}
1774219646,normal,sw-wk2,0.22755555555555074,0.4053908334344678,0.0,0.0,8642.766666666666,11042.566666666666,0,0,0,0,0,0,{}
1774219646,normal,k3s-wk1,0.31011111111115,0.7405028476981546,570.6,300.6,19402.033333333333,9340.766666666666,0,33,3,0,30,0,"{""process_kprobe"": 30, ""process_exit"": 33, ""process_exec"": 33}"
1774219646,normal,sw-wk3,0.0823333333333317,0.394590873641153,0.0,0.0,2165.9333333333334,5082.433333333333,0,0,0,0,0,0,{}
1774219656,normal,sw-wk2,0.22755555555555074,0.4053908334344678,0.0,0.0,8642.766666666666,11042.566666666666,0,0,0,0,0,0,{}
1774219656,normal,k3s-wk1,0.31011111111115,0.7405028476981546,570.6,300.6,19402.033333333333,9340.766666666666,0,36,3,0,35,0,"{""process_kprobe"": 35, ""process_exit"": 36, ""process_exec"": 36}"
1774219656,normal,sw-wk3,0.10022222222218646,0.3946306641837368,0.0,0.0,4557.666666666668,5044.433333333333,0,0,0,0,0,0,{}
1774219666,normal,sw-wk2,0.22755555555555074,0.4053908334344678,0.0,0.0,8642.766666666666,11042.566666666666,0,0,0,0,0,0,{}
1774219666,normal,k3s-wk1,0.2876666666667007,0.7423938561307099,572.7333333333333,302.6,9574.133333333333,10687.366666666667,0,18,2,0,13,0,"{""process_exit"": 18, ""process_exec"": 18, ""process_kprobe"": 13}"
1774219666,normal,sw-wk3,0.10022222222218669,0.3946306641837368,0.0,0.0,4557.666666666667,5044.433333333333,0,0,0,0,0,0,{}
1774219676,normal,sw-wk2,0.11686609116872393,0.4096742938656788,0.0,0.0,2799.353397993534,4149.6517014965175,0,0,0,0,0,0,{}
1774219676,normal,k3s-wk1,0.2876666666667007,0.7423938561307099,572.7333333333333,302.6,9574.133333333333,10687.366666666667,0,33,3,0,29,0,"{""process_exit"": 33, ""process_exec"": 33, ""process_kprobe"": 29}"
1774219676,normal,sw-wk3,0.10022222222218669,0.3946306641837368,0.0,0.0,4557.666666666667,5044.433333333333,0,0,0,0,0,0,{}
1774219686,normal,sw-wk2,0.11686609116872415,0.4096742938656788,0.0,0.0,2799.353397993534,4149.6517014965175,0,0,0,0,0,0,{}
1774219686,normal,k3s-wk1,0.2876666666667007,0.7423938561307099,572.7333333333333,302.6,9574.133333333333,10687.366666666667,0,33,3,0,31,0,"{""process_kprobe"": 31, ""process_exit"": 33, ""process_exec"": 33}"
1774219686,normal,sw-wk3,0.08222222222223852,0.39458689458689455,0.0,0.0,3200.733333333333,5118.266666666666,0,0,0,0,0,0,{}
1774219697,normal,sw-wk2,0.11686609116872393,0.4096742938656788,0.0,0.0,2799.353397993534,4149.6517014965175,0,0,0,0,0,0,{}
1774219697,normal,k3s-wk1,0.2782222222221915,0.738755276926802,570.6,300.6,9383.866666666667,4417.733333333334,0,15,2,0,14,0,"{""process_exit"": 15, ""process_exec"": 15, ""process_kprobe"": 14}"
1774219697,normal,sw-wk3,0.08222222222223852,0.39458689458689455,0.0,0.0,3200.733333333333,5118.266666666666,0,0,0,0,0,0,{}
1774219706,normal,sw-wk2,0.18183232228961144,0.4077165952756595,0.0,0.0,2297.3135124325045,4506.099593360443,0,0,0,0,0,0,{}
1774219706,normal,k3s-wk1,0.2782222222221915,0.738755276926802,570.6,300.6,9383.866666666667,4417.733333333334,0,36,3,0,31,0,"{""process_exit"": 36, ""process_exec"": 36, ""process_kprobe"": 31}"
1774219706,normal,sw-wk3,0.08222222222223852,0.39458689458689455,0.0,0.0,3200.733333333333,5118.266666666666,0,0,0,0,0,0,{}
1774219716,normal,sw-wk2,0.18183232228961144,0.4077165952756595,0.0,0.0,2297.3135124325045,4506.099593360443,0,0,0,0,0,0,{}
1774219716,normal,k3s-wk1,0.2782222222221915,0.738755276926802,570.6,300.6,9383.866666666667,4417.733333333334,0,36,3,0,33,0,"{""process_kprobe"": 33, ""process_exit"": 36, ""process_exec"": 36}"
1774219716,normal,sw-wk3,0.09311111111112247,0.3948137006796225,0.0,0.0,3010.7666666666664,4947.733333333334,0,0,0,0,0,0,{}
1774219727,normal,sw-wk2,0.18183232228961144,0.4077165952756595,0.0,0.0,2297.3135124325045,4506.099593360443,0,0,0,0,0,0,{}
1774219727,normal,k3s-wk1,0.2697777777777648,0.7377485814146901,572.7333333333333,302.6,9212.733333333334,5765.566666666667,0,33,3,0,29,0,"{""process_exit"": 33, ""process_exec"": 33, ""process_kprobe"": 29}"
1774219727,normal,sw-wk3,0.09311111111112247,0.3948137006796225,0.0,0.0,3010.7666666666664,4947.733333333334,0,0,0,0,0,0,{}
1774219736,normal,sw-wk2,0.21042395954878146,0.40707397673442347,0.0,0.0,3090.481746957826,4174.129021503583,0,0,0,0,0,0,{}
1774219736,normal,k3s-wk1,0.2697777777777648,0.7377485814146901,572.7333333333333,302.6,9212.733333333334,5765.566666666667,0,15,2,0,13,0,"{""process_kprobe"": 13, ""process_exit"": 15, ""process_exec"": 15}"
1774219736,normal,sw-wk3,0.09311111111112247,0.3948137006796225,0.0,0.0,3010.7666666666664,4947.733333333334,0,0,0,0,0,0,{}
1774219747,normal,sw-wk2,0.21042395954878146,0.40707397673442347,0.0,0.0,3090.481746957826,4174.129021503583,0,0,0,0,0,0,{}
1774219747,normal,k3s-wk1,0.2697777777777648,0.7377485814146901,572.7333333333333,302.6,9212.733333333334,5765.566666666667,0,33,3,0,32,0,"{""process_exit"": 33, ""process_exec"": 33, ""process_kprobe"": 32}"
1774219747,normal,sw-wk3,0.08488888888888235,0.3952911871906285,4.466666666666667,6.0,2515.7,4949.266666666666,0,0,0,0,0,0,{}
1774219757,normal,sw-wk2,0.21042395954878146,0.40707397673442347,0.0,0.0,3090.481746957826,4174.129021503583,0,0,0,0,0,0,{}
1774219757,normal,k3s-wk1,0.33299999999997254,0.7392645464211646,577.2,308.6000000000001,9711.600000000002,8048.466666666666,0,63,3,0,59,0,"{""process_exit"": 63, ""process_exec"": 63, ""process_kprobe"": 59}"
1774219757,normal,sw-wk3,0.08488888888888235,0.3952911871906285,4.466666666666667,6.0,2515.7,4949.266666666666,0,0,0,0,0,0,{}
1774219766,normal,sw-wk2,0.24100000000002586,0.40530130453553403,0.0,0.0,6192.3,4714.166666666667,0,0,0,0,0,0,{}
1774219766,normal,k3s-wk1,0.33299999999997254,0.7392645464211646,577.2,308.6,9711.6,8048.466666666666,0,36,3,0,32,0,"{""process_exit"": 36, ""process_exec"": 36, ""process_kprobe"": 32}"
1774219766,normal,sw-wk3,0.08488888888888235,0.3952911871906285,4.466666666666667,6.0,2515.7,4949.266666666666,0,0,0,0,0,0,{}
1774219777,normal,sw-wk2,0.24100000000002586,0.40530130453553403,0.0,0.0,6192.3,4714.166666666667,0,0,0,0,0,0,{}
1774219777,normal,k3s-wk1,0.33299999999997254,0.7392645464211646,577.2,308.6,9711.6,8048.466666666666,0,36,3,0,32,0,"{""process_exit"": 36, ""process_exec"": 36, ""process_kprobe"": 32}"
1774219777,normal,sw-wk3,0.08811111111111425,0.39492511419885723,0.0,0.0,2791.1000000000004,5017.766666666666,0,0,0,0,0,0,{}
1774219787,normal,sw-wk2,0.24100000000002586,0.40530130453553403,0.0,0.0,6192.3,4714.166666666667,0,0,0,0,0,0,{}
1774219787,normal,k3s-wk1,0.2962222222222206,0.7389974102264473,570.6,300.6000000000001,8930.933333333332,3717.6,0,39,3,0,32,0,"{""process_exit"": 39, ""process_exec"": 39, ""process_kprobe"": 32}"
1774219787,normal,sw-wk3,0.08811111111111425,0.39492511419885723,0.0,0.0,2791.1,5017.766666666666,0,0,0,0,0,0,{}
1774219796,normal,sw-wk2,0.11055555555554342,0.4081025643066186,0.0,0.0,342.6666666666667,4013.0,0,0,0,0,0,0,{}
1774219796,normal,k3s-wk1,0.2962222222222206,0.7389974102264473,570.6,300.6,8930.933333333332,3717.6,0,12,2,0,10,0,"{""process_exit"": 12, ""process_exec"": 12, ""process_kprobe"": 10}"
1774219796,normal,sw-wk3,0.08811111111111425,0.39492511419885723,0.0,0.0,2791.1,5017.766666666666,0,0,0,0,0,0,{}
1774219806,normal,sw-wk2,0.11055555555554342,0.4081025643066186,0.0,0.0,342.6666666666667,4013.0,0,0,0,0,0,0,{}
1774219806,normal,k3s-wk1,0.2962222222222206,0.7389974102264473,570.6,300.6,8930.933333333332,3717.6,0,39,3,0,34,0,"{""process_exit"": 39, ""process_exec"": 39, ""process_kprobe"": 34}"
1774219806,normal,sw-wk3,0.09011111111111747,0.39504647535373794,0.0,0.0,1923.0,4880.2,0,0,0,0,0,0,{}
1774219817,normal,sw-wk2,0.11055555555554342,0.4081025643066186,0.0,0.0,342.6666666666667,4013.0,0,0,0,0,0,0,{}
1774219817,normal,k3s-wk1,0.2906666666666651,0.7301134868247903,572.7333333333333,302.6,9584.0,6320.666666666667,0,33,3,0,33,0,"{""process_exit"": 33, ""process_exec"": 33, ""process_kprobe"": 33}"
1774219817,normal,sw-wk3,0.09011111111111747,0.39504647535373794,0.0,0.0,1923.0,4880.2,0,0,0,0,0,0,{}
1774219826,normal,sw-wk2,0.17222222222224248,0.40517994313920147,0.0,0.0,5398.166666666667,4658.733333333334,0,0,0,0,0,0,{}
1774219826,normal,k3s-wk1,0.2906666666666651,0.7301134868247903,572.7333333333333,302.6,9584.0,6320.666666666667,0,12,2,0,11,0,"{""process_kprobe"": 11, ""process_exit"": 12, ""process_exec"": 12}"
1774219826,normal,sw-wk3,0.09011111111111758,0.39504647535373794,0.0,0.0,1923.0,4880.2,0,0,0,0,0,0,{}
1774219836,normal,sw-wk2,0.17222222222224248,0.40517994313920147,0.0,0.0,5398.166666666667,4658.733333333334,0,0,0,0,0,0,{}
1774219836,normal,k3s-wk1,0.2906666666666651,0.7301134868247903,572.7333333333333,302.6,9584.0,6320.666666666667,0,36,3,0,34,0,"{""process_exit"": 36, ""process_exec"": 36, ""process_kprobe"": 34}"
1774219836,normal,sw-wk3,0.26544444444443804,0.39815809578379413,613.4666666666668,296.96666666666664,5556.933333333333,5488.633333333333,0,0,0,0,0,0,{}
1774219847,normal,sw-wk2,0.17222222222224248,0.40517994313920147,0.0,0.0,5398.166666666667,4658.733333333334,0,0,0,0,0,0,{}
1774219847,normal,k3s-wk1,0.28711111111115306,0.7322624198591416,570.6,300.6,9541.233333333334,7823.8,0,36,3,0,31,0,"{""process_exit"": 36, ""process_exec"": 36, ""process_kprobe"": 31}"
1774219847,normal,sw-wk3,0.26544444444443804,0.39815809578379413,613.4666666666667,296.96666666666664,5556.933333333333,5488.633333333333,0,0,0,0,0,0,{}
1774219856,normal,sw-wk2,0.10583738861852121,0.40797523431702387,0.0,0.0,635.1909872675154,3953.5364309046063,0,0,0,0,0,0,{}
1774219856,normal,k3s-wk1,0.28711111111115306,0.7322624198591416,570.6,300.6,9541.233333333334,7823.8,0,12,2,0,10,0,"{""process_exit"": 12, ""process_exec"": 12, ""process_kprobe"": 10}"
1774219856,normal,sw-wk3,0.26544444444443804,0.39815809578379413,613.4666666666667,296.96666666666664,5556.933333333333,5488.633333333333,0,0,0,0,0,0,{}
1774219866,normal,sw-wk2,0.10583738861852121,0.40797523431702387,0.0,0.0,635.1909872675154,3953.5364309046063,0,0,0,0,0,0,{}
1774219866,normal,k3s-wk1,0.28711111111115306,0.7322624198591416,570.6,300.6,9541.233333333334,7823.8,0,15,2,0,12,0,"{""process_exit"": 15, ""process_exec"": 15, ""process_kprobe"": 12}"
1774219866,normal,sw-wk3,0.3195555555555377,0.3983968390392971,8.133333333333333,8.6,2539.5666666666666,5211.133333333333,0,0,0,0,0,0,{}
1774219877,normal,sw-wk2,0.10583738861852121,0.40797523431702387,0.0,0.0,635.1909872675154,3953.5364309046063,0,0,0,0,0,0,{}
1774219877,normal,k3s-wk1,0.26388888888888873,0.7331585762561981,572.7333333333333,302.6,9583.4,4128.066666666667,0,78,3,0,74,0,"{""process_exit"": 78, ""process_exec"": 78, ""process_kprobe"": 74}"
1774219877,normal,sw-wk3,0.3195555555555377,0.3983968390392971,8.133333333333333,8.6,2539.5666666666666,5211.133333333334,0,0,0,0,0,0,{}
1774219887,normal,sw-wk2,0.1980576482876627,0.40725701359446587,0.0,0.0,5029.901993466231,4601.040069337956,0,0,0,0,0,0,{}
1774219887,normal,k3s-wk1,0.26388888888888884,0.7331585762561981,572.7333333333333,302.6,9583.4,4128.066666666667,0,15,2,0,12,0,"{""process_exit"": 15, ""process_exec"": 15, ""process_kprobe"": 12}"
1774219887,normal,sw-wk3,0.3195555555555377,0.3983968390392971,8.133333333333333,8.6,2539.5666666666666,5211.133333333333,0,0,0,0,0,0,{}
1774219896,normal,sw-wk2,0.1980576482876627,0.40725701359446587,0.0,0.0,5029.901993466231,4601.040069337956,0,0,0,0,0,0,{}
1774219896,normal,k3s-wk1,0.26388888888888884,0.7331585762561981,572.7333333333333,302.6,9583.4,4128.066666666667,0,33,3,0,30,0,"{""process_exit"": 33, ""process_exec"": 33, ""process_kprobe"": 30}"
1774219896,normal,sw-wk3,0.32444444444449294,0.3984923363414984,0.0,0.0,2769.9,5291.433333333333,0,0,0,0,0,0,{}
1774219907,normal,sw-wk2,0.1980576482876627,0.40725701359446587,0.0,0.0,5029.901993466231,4601.040069337956,0,0,0,0,0,0,{}
1774219907,normal,k3s-wk1,0.2694444444444444,0.730747770794513,572.7333333333335,302.6,9438.6,5879.4000000000015,0,36,3,0,31,0,"{""process_exit"": 36, ""process_exec"": 36, ""process_kprobe"": 31}"
1774219907,normal,sw-wk3,0.32444444444449294,0.3984923363414984,0.0,0.0,2769.9,5291.433333333333,0,0,0,0,0,0,{}
1774219917,normal,sw-wk2,0.1694444444444445,0.4086636120732704,0.0,0.0,361.8,3988.133333333333,0,0,0,0,0,0,{}
1774219917,normal,k3s-wk1,0.2694444444444444,0.730747770794513,572.7333333333335,302.6,9438.6,5879.4000000000015,0,36,3,0,33,0,"{""process_kprobe"": 33, ""process_exit"": 36, ""process_exec"": 36}"
1774219917,normal,sw-wk3,0.32444444444449294,0.3984923363414984,0.0,0.0,2769.9,5291.433333333333,0,0,0,0,0,0,{}
1774219927,normal,sw-wk2,0.1694444444444445,0.4086636120732704,0.0,0.0,361.8,3988.133333333333,0,0,0,0,0,0,{}
1774219927,normal,k3s-wk1,0.2694444444444444,0.730747770794513,572.7333333333333,302.6,9438.6,5879.4,0,36,3,0,34,0,"{""process_exit"": 37, ""process_exec"": 36, ""process_kprobe"": 34}"
1774219927,normal,sw-wk3,0.3228454932284469,0.39848437823298155,0.0,0.0,2377.3289337732895,5231.4101923141025,0,0,0,0,0,0,{}
1774219937,normal,sw-wk2,0.1694444444444445,0.4086636120732704,0.0,0.0,361.8,3988.133333333333,0,0,0,0,0,0,{}
1774219937,normal,k3s-wk1,0.2995378393991993,0.732915127014707,570.5239301426477,300.55992534328755,10059.125449940006,11574.12345020664,0,57,3,0,55,0,"{""process_exit"": 57, ""process_exec"": 57, ""process_kprobe"": 55}"
1774219937,normal,sw-wk3,0.3228454932284469,0.39848437823298155,0.0,0.0,2377.3289337732895,5231.4101923141025,0,0,0,0,0,0,{}
1774219947,normal,sw-wk2,0.16033333333333655,0.40601952525809193,0.0,0.0,5705.733333333334,4563.366666666667,0,0,0,0,0,0,{}
1774219947,normal,k3s-wk1,0.2995378393991993,0.732915127014707,570.5239301426477,300.55992534328755,10059.125449940007,11574.12345020664,0,18,2,0,14,0,"{""process_exit"": 18, ""process_exec"": 18, ""process_kprobe"": 14}"
1774219947,normal,sw-wk3,0.3228454932284469,0.39848437823298155,0.0,0.0,2377.3289337732895,5231.4101923141025,0,0,0,0,0,0,{}
1774219957,normal,sw-wk2,0.16033333333333655,0.40601952525809193,0.0,0.0,5705.733333333334,4563.366666666667,0,0,0,0,0,0,{}
1774219957,normal,k3s-wk1,0.2995378393991993,0.732915127014707,570.5239301426477,300.55992534328755,10059.125449940007,11574.12345020664,0,21,3,0,18,0,"{""process_exit"": 21, ""process_exec"": 21, ""process_kprobe"": 18}"
1774219957,normal,sw-wk3,0.18780766965585294,0.39545233888809306,0.0,0.0,6031.569823649032,5300.9300930093,0,0,0,0,0,0,{}
1774219968,normal,sw-wk2,0.16033333333333655,0.40601952525809193,0.0,0.0,5705.733333333334,4563.366666666667,0,0,0,0,0,0,{}
1774219968,normal,k3s-wk1,0.2639018535804597,0.7348219267494132,572.8097079610615,302.6403520469396,9183.457794372584,4780.804107214295,0,42,3,0,38,0,"{""process_kprobe"": 38, ""process_exit"": 42, ""process_exec"": 42}"
1774219968,normal,sw-wk3,0.18780766965585294,0.39545233888809306,0.0,0.0,6031.569823649032,5300.9300930093,0,0,0,0,0,0,{}
1774219977,normal,sw-wk2,0.08017243294890486,0.4071595265711825,0.0,0.0,639.0907272848478,3984.267715485634,0,0,0,0,0,0,{}
1774219977,normal,k3s-wk1,0.2639018535804597,0.7348219267494132,572.8097079610615,302.6403520469396,9183.457794372584,4780.804107214295,0,18,2,0,14,0,"{""process_exit"": 18, ""process_exec"": 18, ""process_kprobe"": 14}"
1774219977,normal,sw-wk3,0.18780766965585294,0.39545233888809306,0.0,0.0,6031.569823649032,5300.9300930093,0,0,0,0,0,0,{}
1774219987,normal,sw-wk2,0.08017243294890486,0.4071595265711825,0.0,0.0,639.0907272848476,3984.267715485634,0,0,0,0,0,0,{}
1774219987,normal,k3s-wk1,0.2639018535804597,0.7348219267494132,572.8097079610615,302.6403520469396,9183.457794372584,4780.804107214295,0,33,3,0,30,0,"{""process_exit"": 33, ""process_exec"": 33, ""process_kprobe"": 30}"
1774219987,normal,sw-wk3,0.08966666666666345,0.3949350618345032,0.0,0.0,3440.5,5072.366666666667,0,0,0,0,0,0,{}
1774219997,normal,sw-wk2,0.08017243294890486,0.4071595265711825,0.0,0.0,639.0907272848476,3984.267715485634,0,0,0,0,0,0,{}
1774219997,normal,k3s-wk1,0.2743333333333188,0.735866784575056,572.7333333333333,302.6,9576.5,8926.666666666668,0,36,3,0,35,0,"{""process_exit"": 36, ""process_exec"": 36, ""process_kprobe"": 35}"
1774219997,normal,sw-wk3,0.08966666666666345,0.3949350618345032,0.0,0.0,3440.5,5072.366666666667,0,0,0,0,0,0,{}
1774220007,normal,sw-wk2,0.19583527790738697,0.40541470780751687,0.0,0.0,5207.880525368359,4656.643776251751,0,0,0,0,0,0,{}
1774220007,normal,k3s-wk1,0.2743333333333188,0.735866784575056,572.7333333333333,302.6,9576.5,8926.666666666666,0,33,3,0,32,0,"{""process_exit"": 33, ""process_exec"": 33, ""process_kprobe"": 32}"
1774220007,normal,sw-wk3,0.08966666666666345,0.3949350618345032,0.0,0.0,3440.5,5072.366666666667,0,0,0,0,0,0,{}
1774220017,normal,sw-wk2,0.19583527790738697,0.40541470780751687,0.0,0.0,5207.880525368359,4656.643776251751,0,0,0,0,0,0,{}
1774220017,normal,k3s-wk1,0.2743333333333188,0.735866784575056,572.7333333333333,302.6,9576.5,8926.666666666666,0,18,2,0,16,0,"{""process_exit"": 18, ""process_exec"": 18, ""process_kprobe"": 16}"
1774220017,normal,sw-wk3,0.08877777777775508,0.3950325486638335,0.0,0.0,2658.2,4934.966666666666,0,0,0,0,0,0,{}
1774220027,normal,sw-wk2,0.19583527790738697,0.40541470780751687,0.0,0.0,5207.880525368359,4656.643776251751,0,0,0,0,0,0,{}
1774220027,normal,k3s-wk1,0.25711111111110463,0.7347416542968133,754.8,393.0333333333333,8894.8,1283.6333333333332,0,15,2,0,11,0,"{""process_exit"": 15, ""process_exec"": 15, ""process_kprobe"": 11}"
1774220027,normal,sw-wk3,0.08877777777775508,0.3950325486638335,0.0,0.0,2658.2,4934.966666666666,0,0,0,0,0,0,{}
1774220037,normal,sw-wk2,0.0738888888889454,0.40719732766184336,0.0,0.0,327.33333333333337,3973.233333333333,0,0,0,0,0,0,{}
1774220037,normal,k3s-wk1,0.25711111111110463,0.7347416542968133,754.8,393.0333333333333,8894.8,1283.6333333333332,0,15,2,0,12,0,"{""process_exit"": 15, ""process_exec"": 15, ""process_kprobe"": 12}"
1774220037,normal,sw-wk3,0.08877777777775508,0.3950325486638335,0.0,0.0,2658.2,4934.966666666666,0,0,0,0,0,0,{}
1774220047,normal,sw-wk2,0.0738888888889454,0.40719732766184336,0.0,0.0,327.33333333333337,3973.233333333333,0,0,0,0,0,0,{}
1774220047,normal,k3s-wk1,0.25711111111110463,0.7347416542968133,754.8,393.0333333333333,8894.8,1283.6333333333332,0,33,3,0,30,0,"{""process_exit"": 33, ""process_exec"": 33, ""process_kprobe"": 30}"
1774220047,normal,sw-wk3,0.08317223296224219,0.3953846949657005,0.0,0.0,2524.6316912205853,4935.337644157056,0,0,0,0,0,0,{}
1774220057,normal,sw-wk2,0.0738888888889454,0.40719732766184336,0.0,0.0,327.3333333333333,3973.233333333333,0,0,0,0,0,0,{}
1774220057,normal,k3s-wk1,0.2814444444444638,0.7352153933613366,574.7333333333333,304.6,9642.933333333332,10458.966666666669,0,15,2,0,14,0,"{""process_exit"": 15, ""process_exec"": 15, ""process_kprobe"": 14}"
1774220057,normal,sw-wk3,0.08317223296224219,0.3953846949657005,0.0,0.0,2524.6316912205853,4935.337644157056,0,0,0,0,0,0,{}
1774220067,normal,sw-wk2,0.16877777777776315,0.40583051980478724,0.0,0.0,6182.966666666666,4659.5,0,0,0,0,0,0,{}
1774220067,normal,k3s-wk1,0.2814444444444638,0.7352153933613366,574.7333333333335,304.6,9642.933333333332,10458.966666666667,0,24,3,0,21,0,"{""process_exit"": 25, ""process_exec"": 24, ""process_kprobe"": 21}"
1774220067,normal,sw-wk3,0.08317223296224219,0.3953846949657005,0.0,0.0,2524.6316912205853,4935.337644157056,0,0,0,0,0,0,{}
1774220077,normal,sw-wk2,0.16877777777776315,0.40583051980478724,0.0,0.0,6182.966666666666,4659.5,0,0,0,0,0,0,{}
1774220077,normal,k3s-wk1,0.2814444444444638,0.7352153933613366,574.7333333333333,304.6,9642.933333333332,10458.966666666667,0,90,3,0,83,0,"{""process_exec"": 90, ""process_kprobe"": 83, ""process_exit"": 89}"
1774220077,normal,sw-wk3,0.08649465519924515,0.39550406659345205,0.0,0.0,2814.7876525101674,5035.002333488899,0,0,0,0,0,0,{}
1774220087,normal,sw-wk2,0.16877777777776315,0.40583051980478724,0.0,0.0,6182.966666666666,4659.5,0,0,0,0,0,0,{}
1774220087,normal,k3s-wk1,0.2629999999999806,0.7350074745496846,574.7333333333333,304.6,8972.033333333333,1328.2,0,39,3,0,33,0,"{""process_exit"": 39, ""process_exec"": 39, ""process_kprobe"": 33}"
1774220087,normal,sw-wk3,0.08649465519924515,0.39550406659345205,0.0,0.0,2814.7876525101674,5035.002333488899,0,0,0,0,0,0,{}
1774220097,normal,sw-wk2,0.08517209963780037,0.40844476365365445,0.0,0.0,353.8764082394507,3986.0675954936337,0,0,0,0,0,0,{}
1774220097,normal,k3s-wk1,0.2629999999999806,0.7350074745496846,574.7333333333333,304.6,8972.033333333333,1328.2,0,54,3,0,51,0,"{""process_kprobe"": 51, ""process_exit"": 54, ""process_exec"": 54}"
1774220097,normal,sw-wk3,0.08649465519924515,0.39550406659345205,0.0,0.0,2814.7876525101674,5035.002333488899,0,0,0,0,0,0,{}
1774220107,normal,sw-wk2,0.08517209963780037,0.40844476365365445,0.0,0.0,353.8764082394507,3986.0675954936337,0,0,0,0,0,0,{}
1774220107,normal,k3s-wk1,0.2629999999999806,0.7350074745496846,574.7333333333333,304.6,8972.033333333333,1328.2,0,36,3,0,34,0,"{""process_exit"": 36, ""process_exec"": 36, ""process_kprobe"": 34}"
1774220107,normal,sw-wk3,0.09022222222221099,0.39562144869407434,0.0,0.0,2005.3999999999999,4989.333333333333,0,0,0,0,0,0,{}
1774220117,normal,sw-wk2,0.08517209963780037,0.40844476365365445,0.0,0.0,353.8764082394507,3986.0675954936337,0,0,0,0,0,0,{}
1774220117,normal,k3s-wk1,0.2921317119218395,0.7405541694301445,578.4441112776946,309.04547726136934,9550.024987506247,6506.180243211728,0,30,3,0,31,0,"{""process_exit"": 30, ""process_exec"": 30, ""process_kprobe"": 31}"
1774220117,normal,sw-wk3,0.09022222222221099,0.39562144869407434,0.0,0.0,2005.3999999999999,4989.333333333333,0,0,0,0,0,0,{}
1774220127,normal,sw-wk2,0.20228015201010408,0.40794937041288737,4.46696446429762,6.000400026668445,5542.469497966532,4702.980198679912,0,0,0,0,0,0,{}
1774220127,normal,k3s-wk1,0.2921317119218395,0.7405541694301445,578.4441112776946,309.04547726136934,9550.024987506247,6506.180243211728,0,12,2,0,10,0,"{""process_exit"": 12, ""process_exec"": 12, ""process_kprobe"": 10}"
1774220127,normal,sw-wk3,0.09022222222221099,0.39562144869407434,0.0,0.0,2005.3999999999999,4989.333333333333,0,0,0,0,0,0,{}
1774220137,normal,sw-wk2,0.20228015201010408,0.40794937041288737,4.46696446429762,6.000400026668445,5542.469497966532,4702.980198679912,0,0,0,0,0,0,{}
1774220137,normal,k3s-wk1,0.2921317119218395,0.7405541694301445,578.4441112776946,309.04547726136934,9550.024987506247,6506.180243211728,0,30,3,0,28,0,"{""process_exit"": 30, ""process_exec"": 30, ""process_kprobe"": 28}"
1774220137,normal,sw-wk3,0.12222222222222223,0.39776416941221415,2.1333333333333333,29.133333333333333,5894.333333333333,5405.8,0,0,0,0,0,0,{}
1774220147,normal,sw-wk2,0.20228015201010408,0.40794937041288737,4.46696446429762,6.000400026668445,5542.469497966532,4702.980198679912,0,0,0,0,0,0,{}
1774220147,normal,k3s-wk1,0.270635317658823,0.7411897693417133,573.0198432549608,302.75137568784396,9666.666666666668,8300.55027513757,0,33,3,0,28,0,"{""process_exit"": 33, ""process_exec"": 33, ""process_kprobe"": 28}"
1774220147,normal,sw-wk3,0.12222222222222223,0.39776416941221415,2.1333333333333333,29.133333333333333,5894.333333333333,5405.8,0,0,0,0,0,0,{}
1774220157,normal,sw-wk2,0.0889496255805371,0.4106093734767653,0.0,0.0,764.3490433971068,4026.7648823411773,0,0,0,0,0,0,{}
1774220157,normal,k3s-wk1,0.27063531765882276,0.7411897693417133,573.0198432549608,302.75137568784396,9666.666666666668,8300.55027513757,0,75,3,0,70,0,"{""process_exit"": 75, ""process_exec"": 75, ""process_kprobe"": 70}"
1774220157,normal,sw-wk3,0.12222222222222223,0.39776416941221415,2.1333333333333333,29.133333333333333,5894.333333333333,5405.8,0,0,0,0,0,0,{}
1774220167,normal,sw-wk2,0.0889496255805371,0.4106093734767653,0.0,0.0,764.3490433971068,4026.7648823411773,0,0,0,0,0,0,{}
1774220167,normal,k3s-wk1,0.27063531765882276,0.7411897693417133,573.0198432549608,302.75137568784396,9666.666666666668,8300.55027513757,0,57,3,0,52,0,"{""process_exit"": 57, ""process_exec"": 57, ""process_kprobe"": 52}"
1774220167,normal,sw-wk3,0.08933333333334303,0.39770249407120917,18.6,25.266666666666666,3032.5333333333333,5283.333333333333,0,0,0,0,0,0,{}
1774220177,normal,sw-wk2,0.0889496255805371,0.4106093734767653,0.0,0.0,764.3490433971068,4026.7648823411773,0,0,0,0,0,0,{}
1774220177,normal,k3s-wk1,0.29849121169700454,0.7412397751318573,572.6951536564229,302.5798280114659,9724.918338777414,8776.61489234051,0,33,3,0,33,0,"{""process_exit"": 33, ""process_exec"": 33, ""process_kprobe"": 33}"
1774220177,normal,sw-wk3,0.08933333333334303,0.39770249407120917,18.6,25.266666666666666,3032.5333333333333,5283.333333333333,0,0,0,0,0,0,{}
1774220187,normal,sw-wk2,0.16077777777777058,0.4076688465295615,0.0,0.0,4975.566666666667,4465.633333333333,0,0,0,0,0,0,{}
1774220187,normal,k3s-wk1,0.29849121169700454,0.7412397751318573,572.6951536564229,302.5798280114659,9724.918338777414,8776.61489234051,0,18,2,0,15,0,"{""process_kprobe"": 15, ""process_exit"": 18, ""process_exec"": 18}"
1774220187,normal,sw-wk3,0.08933333333334303,0.39770249407120917,18.6,25.266666666666666,3032.5333333333333,5283.333333333333,0,0,0,0,0,0,{}
1774220197,normal,sw-wk2,0.16077777777777058,0.4076688465295615,0.0,0.0,4975.566666666667,4465.633333333333,0,0,0,0,0,0,{}
1774220197,normal,k3s-wk1,0.29849121169700454,0.7412397751318573,572.6951536564229,302.5798280114659,9724.918338777414,8776.61489234051,0,36,3,0,34,0,"{""process_kprobe"": 34, ""process_exit"": 36, ""process_exec"": 36}"
1774220197,normal,sw-wk3,0.0905555555555313,0.3974478345986726,14.133333333333333,31.599999999999998,2360.0333333333333,5254.266666666666,0,0,0,0,0,0,{}
1774220207,normal,sw-wk2,0.16077777777777058,0.4076688465295615,0.0,0.0,4975.566666666667,4465.633333333333,0,0,0,0,0,0,{}
1774220207,normal,k3s-wk1,0.2553948040980688,0.7433136994809926,572.7715181012068,302.6201746783119,9280.985399026602,1335.1556770451361,0,36,3,0,31,0,"{""process_exit"": 36, ""process_exec"": 36, ""process_kprobe"": 31}"
1774220207,normal,sw-wk3,0.0905555555555313,0.3974478345986726,14.133333333333336,31.599999999999998,2360.0333333333333,5254.266666666666,0,0,0,0,0,0,{}
1774220217,normal,sw-wk2,0.18727915194346922,0.4102174358525439,0.0,0.0,382.25881725448363,4030.7687179145278,0,0,0,0,0,0,{}
1774220217,normal,k3s-wk1,0.2553948040980688,0.7433136994809926,572.7715181012068,302.6201746783119,9280.985399026602,1335.1556770451364,0,60,3,0,54,0,"{""process_exit"": 60, ""process_exec"": 60, ""process_kprobe"": 54}"
1774220217,normal,sw-wk3,0.0905555555555313,0.3974478345986726,14.133333333333333,31.599999999999998,2360.0333333333333,5254.266666666666,0,0,0,0,0,0,{}
1774220227,normal,sw-wk2,0.18727915194346922,0.4102174358525439,0.0,0.0,382.25881725448363,4030.7687179145278,0,0,0,0,0,0,{}
1774220227,normal,k3s-wk1,0.2553948040980688,0.7433136994809926,572.7715181012068,302.6201746783119,9280.985399026602,1335.1556770451364,0,9,2,0,8,0,"{""process_exit"": 10, ""process_exec"": 9, ""process_kprobe"": 8}"
1774220227,normal,sw-wk3,0.08511111111114988,0.39775024272230974,35.0,39.63333333333333,1979.8333333333337,5173.0,0,0,0,0,0,0,{}
1774220237,normal,sw-wk2,0.18727915194346922,0.4102174358525439,0.0,0.0,382.25881725448363,4030.7687179145278,0,0,0,0,0,0,{}
1774220237,normal,k3s-wk1,0.29499999999999194,0.7461916642979713,575.7333333333333,305.6,9769.1,6219.966666666666,0,30,3,0,30,0,"{""process_exit"": 30, ""process_exec"": 30, ""process_kprobe"": 30}"
1774220237,normal,sw-wk3,0.08511111111114988,0.39775024272230974,35.0,39.63333333333333,1979.8333333333333,5173.0,0,0,0,0,0,0,{}
1774220247,normal,sw-wk2,0.1778311004465749,0.4090157590757434,0.0,0.0,5317.336532693462,4708.325001666334,0,0,0,0,0,0,{}
1774220247,normal,k3s-wk1,0.29499999999999194,0.7461916642979713,575.7333333333333,305.6,9769.1,6219.966666666666,0,18,2,0,14,0,"{""process_exit"": 18, ""process_exec"": 18, ""process_kprobe"": 14}"
1774220247,normal,sw-wk3,0.08511111111114988,0.39775024272230974,35.0,39.63333333333333,1979.8333333333333,5173.0,0,0,0,0,0,0,{}
1774220257,normal,sw-wk2,0.1778311004465749,0.4090157590757434,0.0,0.0,5317.336532693462,4708.325001666334,0,0,0,0,0,0,{}
1774220257,normal,k3s-wk1,0.29499999999999194,0.7461916642979713,575.7333333333333,305.6,9769.1,6219.966666666666,0,75,3,0,70,0,"{""process_exit"": 75, ""process_exec"": 75, ""process_kprobe"": 70}"
1774220257,normal,sw-wk3,0.09466666666663104,0.3979352687453246,15.133333333333333,34.6,4361.5,5385.866666666668,0,0,0,0,0,0,{}
1774220268,normal,sw-wk2,0.1778311004465749,0.4090157590757434,0.0,0.0,5317.336532693462,4708.325001666334,0,0,0,0,0,0,{}
1774220268,normal,k3s-wk1,0.2862222222222044,0.7460613860552274,572.7333333333333,302.6,9545.233333333334,6791.8,0,36,3,0,31,0,"{""process_exit"": 36, ""process_exec"": 36, ""process_kprobe"": 31}"
1774220268,normal,sw-wk3,0.09466666666663104,0.3979352687453246,15.133333333333333,34.60000000000001,4361.5,5385.866666666667,0,0,0,0,0,0,{}
1774220279,normal,sw-wk2,0.12077165844335935,0.4105894781658911,0.0,0.0,1183.7911721562875,4079.4772636351513,0,0,0,0,0,0,{}
1774220279,normal,k3s-wk1,0.2862222222222044,0.7460613860552274,572.7333333333333,302.6,9545.233333333334,6791.8,0,15,2,0,12,0,"{""process_kprobe"": 12, ""process_exit"": 15, ""process_exec"": 15}"
1774220279,normal,sw-wk3,0.09466666666663104,0.3979352687453246,15.133333333333333,34.6,4361.5,5385.866666666667,0,0,0,0,0,0,{}
1774220288,normal,sw-wk2,0.12077165844335935,0.4105894781658911,0.0,0.0,1183.7911721562875,4079.4772636351513,0,0,0,0,0,0,{}
1774220288,normal,k3s-wk1,0.2862222222222044,0.7460613860552274,572.7333333333333,302.6,9545.233333333334,6791.8,0,21,2,0,20,0,"{""process_exit"": 21, ""process_exec"": 21, ""process_kprobe"": 20}"
1774220288,normal,sw-wk3,0.11400000000006305,0.3938368428591892,12.0,14.799999999999999,5934.233333333334,5354.033333333333,0,0,0,0,0,0,{}
1774220298,normal,sw-wk2,0.12077165844335935,0.4105894781658911,0.0,0.0,1183.7911721562875,4079.4772636351513,0,0,0,0,0,0,{}
1774220298,normal,k3s-wk1,0.3227777777777697,0.7409397403909926,572.7333333333333,302.6,9899.8,12613.766666666668,0,15,2,0,15,0,"{""process_exit"": 15, ""process_exec"": 15, ""process_kprobe"": 15}"
1774220298,normal,sw-wk3,0.11400000000006305,0.3938368428591892,12.0,14.799999999999999,5934.233333333334,5354.033333333333,0,0,0,0,0,0,{}
1774220308,normal,sw-wk2,0.16511111111107724,0.40324412939114385,0.0,0.0,4869.966666666666,4456.133333333333,0,0,0,0,0,0,{}
1774220308,normal,k3s-wk1,0.3227777777777697,0.7409397403909926,572.7333333333333,302.6,9899.8,12613.766666666666,0,33,3,0,30,0,"{""process_exit"": 33, ""process_exec"": 33, ""process_kprobe"": 30}"
1774220308,normal,sw-wk3,0.11400000000006305,0.3938368428591892,12.0,14.799999999999999,5934.233333333334,5354.033333333333,0,0,0,0,0,0,{}
1774220318,normal,sw-wk2,0.16511111111107724,0.40324412939114385,0.0,0.0,4869.966666666666,4456.133333333333,0,0,0,0,0,0,{}
1774220318,normal,k3s-wk1,0.3227777777777697,0.7409397403909926,572.7333333333333,302.6,9899.8,12613.766666666666,0,12,2,0,10,0,"{""process_exit"": 12, ""process_exec"": 12, ""process_kprobe"": 10}"
1774220318,normal,sw-wk3,0.09911111111109172,0.3947400881758424,0.0,0.0,2802.0666666666666,5039.033333333335,0,0,0,0,0,0,{}
1774220328,normal,sw-wk2,0.16511111111107724,0.40324412939114385,0.0,0.0,4869.966666666666,4456.133333333333,0,0,0,0,0,0,{}
1774220328,normal,k3s-wk1,0.25733333333329134,0.743538725536641,577.2,308.6,8886.7,1233.6,0,58,3,0,50,0,"{""process_exit"": 58, ""process_exec"": 58, ""process_kprobe"": 50}"
1774220328,normal,sw-wk3,0.09911111111109172,0.3947400881758424,0.0,0.0,2802.0666666666666,5039.033333333333,0,0,0,0,0,0,{}
1774220339,normal,sw-wk2,0.12077777777782706,0.40538884390338037,0.0,0.0,434.23333333333335,4046.7999999999997,0,0,0,0,0,0,{}
1774220339,normal,k3s-wk1,0.25733333333329134,0.743538725536641,577.2,308.6,8886.7,1233.6,0,50,3,0,47,0,"{""process_kprobe"": 47, ""process_exit"": 50, ""process_exec"": 50}"
1774220339,normal,sw-wk3,0.09911111111109172,0.3947400881758424,0.0,0.0,2802.0666666666666,5039.033333333333,0,0,0,0,0,0,{}
1774220349,normal,sw-wk2,0.12077777777782706,0.40538884390338037,0.0,0.0,434.23333333333335,4046.7999999999997,0,0,0,0,0,0,{}
1774220349,normal,k3s-wk1,0.25733333333329134,0.743538725536641,577.2,308.6,8886.7,1233.6,0,15,2,0,13,0,"{""process_kprobe"": 13, ""process_exit"": 15, ""process_exec"": 15}"
1774220349,normal,sw-wk3,0.08777777777775364,0.3949549571057951,0.0,0.0,2024.6666666666667,4915.333333333333,0,0,0,0,0,0,{}
1774220359,normal,sw-wk2,0.12077777777782706,0.40538884390338037,0.0,0.0,434.23333333333335,4046.7999999999997,0,0,0,0,0,0,{}
1774220359,normal,k3s-wk1,0.33944444444447686,0.7422346271673562,572.7333333333335,302.6,9639.533333333333,6938.633333333333,0,12,2,0,14,0,"{""process_exit"": 12, ""process_exec"": 12, ""process_kprobe"": 14}"
1774220359,normal,sw-wk3,0.08777777777775364,0.3949549571057951,0.0,0.0,2024.6666666666667,4915.333333333333,0,0,0,0,0,0,{}
1774220369,normal,sw-wk2,0.1617218925705899,0.40491135644240006,4.46696446429762,6.000400026668445,6112.807520501367,4688.545903060204,0,0,0,0,0,0,{}
1774220369,normal,k3s-wk1,0.33944444444447686,0.7422346271673562,572.7333333333333,302.6,9639.533333333333,6938.633333333333,0,39,3,0,34,0,"{""process_exit"": 39, ""process_exec"": 39, ""process_kprobe"": 34}"
1774220369,normal,sw-wk3,0.08777777777775364,0.3949549571057951,0.0,0.0,2024.6666666666667,4915.333333333333,0,0,0,0,0,0,{}
1774220379,normal,sw-wk2,0.1617218925705899,0.40491135644240006,4.46696446429762,6.000400026668445,6112.807520501367,4688.545903060204,0,0,0,0,0,0,{}
1774220379,normal,k3s-wk1,0.33944444444447686,0.7422346271673562,572.7333333333333,302.6,9639.533333333333,6938.633333333333,0,60,3,0,56,0,"{""process_kprobe"": 56, ""process_exit"": 60, ""process_exec"": 60}"
1774220379,normal,sw-wk3,0.09433333333335103,0.3951877317799105,0.0,0.0,3134.2666666666664,4957.833333333333,0,0,0,0,0,0,{}
1774220389,normal,sw-wk2,0.1617218925705899,0.40491135644240006,4.46696446429762,6.000400026668445,6112.807520501367,4688.545903060204,0,0,0,0,0,0,{}
1774220389,normal,k3s-wk1,0.27377777777777135,0.7416845634757709,574.8666666666667,304.6,8918.433333333332,4689.0,0,54,3,0,49,0,"{""process_exit"": 54, ""process_exec"": 54, ""process_kprobe"": 49}"
1774220389,normal,sw-wk3,0.09433333333335103,0.3951877317799105,0.0,0.0,3134.2666666666664,4957.833333333333,0,0,0,0,0,0,{}
1774220399,normal,sw-wk2,0.09672688487432957,0.40617072962073564,0.0,0.0,449.5366975534964,4034.6976868208785,0,0,0,0,0,0,{}
1774220399,normal,k3s-wk1,0.27377777777777135,0.7416845634757709,574.8666666666667,304.6,8918.433333333332,4689.0,0,12,2,0,10,0,"{""process_exit"": 12, ""process_exec"": 12, ""process_kprobe"": 10}"
1774220399,normal,sw-wk3,0.09433333333335103,0.3951877317799105,0.0,0.0,3134.2666666666664,4957.833333333333,0,0,0,0,0,0,{}
1774220409,normal,sw-wk2,0.09672688487432957,0.40617072962073564,0.0,0.0,449.5366975534964,4034.6976868208785,0,0,0,0,0,0,{}
1774220409,normal,k3s-wk1,0.27377777777777135,0.7416845634757709,574.8666666666667,304.6,8918.433333333332,4689.0,0,18,2,0,14,0,"{""process_exit"": 18, ""process_exec"": 18, ""process_kprobe"": 14}"
1774220409,normal,sw-wk3,0.0872222222222061,0.3936955864330166,0.0,0.0,1909.6666666666667,4891.333333333333,0,0,0,0,0,0,{}
1774220419,normal,sw-wk2,0.09672688487432957,0.40617072962073564,0.0,0.0,449.5366975534964,4034.6976868208785,0,0,0,0,0,0,{}
1774220419,normal,k3s-wk1,0.3256666666667217,0.7509014201644401,572.7333333333333,302.6,9439.733333333334,4358.833333333333,0,15,2,0,14,0,"{""process_exit"": 15, ""process_exec"": 15, ""process_kprobe"": 14}"
1774220419,normal,sw-wk3,0.0872222222222061,0.3936955864330166,0.0,0.0,1909.6666666666667,4891.333333333333,0,0,0,0,0,0,{}
1774220429,transition,sw-wk2,0.0,0.40617072962073564,0.0,0.0,0.0,0.0,10,0,0,0,0,0,{}
1774220429,transition,k3s-wk1,0.3256666666667217,0.7509014201644401,572.7333333333333,302.6,9439.733333333334,4358.833333333333,10,12,2,0,10,0,"{""process_exit"": 12, ""process_exec"": 12, ""process_kprobe"": 10}"
1774220429,transition,sw-wk3,0.0872222222222061,0.3936955864330166,0.0,0.0,1909.6666666666667,4891.333333333333,10,0,0,0,0,0,{}
1774220439,transition,sw-wk2,0.0,0.0,0.0,0.0,0.0,0.0,20,0,0,0,0,0,{}
1774220439,transition,k3s-wk1,0.3256666666667217,0.7509014201644401,572.7333333333333,302.6,9439.733333333334,4358.833333333333,20,51,3,0,48,0,"{""process_kprobe"": 48, ""process_exit"": 51, ""process_exec"": 51}"
1774220439,transition,sw-wk3,0.1482222222221834,0.4011682503302615,0.0,0.0,10127.8,6074.833333333333,20,0,0,0,0,0,{}
1774220449,transition,sw-wk2,0.0,0.0,0.0,0.0,0.0,0.0,30,0,0,0,0,0,{}
1774220449,transition,k3s-wk1,0.280111111111061,0.7475457684574003,572.7333333333333,302.6,7533.133333333333,13890.966666666667,30,12,2,0,10,0,"{""process_exit"": 12, ""process_exec"": 12, ""process_kprobe"": 10}"
1774220449,transition,sw-wk3,0.1482222222221834,0.4011682503302615,0.0,0.0,10127.8,6074.833333333333,30,0,0,0,0,0,{}
1774220459,transition,sw-wk2,0.0,0.0,0.0,0.0,0.0,0.0,40,0,0,0,0,0,{}
1774220459,transition,k3s-wk1,0.280111111111061,0.7475457684574003,572.7333333333333,302.6,7533.133333333333,13890.966666666667,40,54,3,0,52,0,"{""process_exit"": 54, ""process_exec"": 54, ""process_kprobe"": 52}"
1774220459,transition,sw-wk3,0.1482222222221834,0.4011682503302615,0.0,0.0,10127.8,6074.833333333333,40,0,0,0,0,0,{}
1774220469,transition,sw-wk2,0.0,0.0,0.0,0.0,0.0,0.0,50,0,0,0,0,0,{}
1774220469,transition,k3s-wk1,0.280111111111061,0.7475457684574003,572.7333333333333,302.6,7533.133333333333,13890.966666666667,50,36,3,0,33,0,"{""process_exit"": 36, ""process_exec"": 36, ""process_kprobe"": 33}"
1774220469,transition,sw-wk3,0.10955555555560237,0.39907924684460994,0.0,0.0,10195.266666666668,6264.2,50,0,0,0,0,0,{}
1774220479,transition,sw-wk2,0.0,0.0,0.0,0.0,0.0,0.0,60,0,0,0,0,0,{}
1774220479,transition,k3s-wk1,0.3471111111111288,0.7467825221867795,572.7333333333333,302.6,6315.733333333334,15109.233333333334,60,36,3,0,35,0,"{""process_exit"": 36, ""process_exec"": 36, ""process_kprobe"": 35}"
1774220479,transition,sw-wk3,0.10955555555560237,0.39907924684460994,0.0,0.0,10195.266666666666,6264.2,60,0,0,0,0,0,{}
1774220489,transition,sw-wk2,0.0,0.0,0.0,0.0,0.0,0.0,70,0,0,0,0,0,{}
1774220489,transition,k3s-wk1,0.3471111111111289,0.7467825221867795,572.7333333333333,302.6,6315.733333333334,15109.233333333334,70,57,3,0,54,0,"{""process_exit"": 57, ""process_exec"": 57, ""process_kprobe"": 54}"
1774220489,transition,sw-wk3,0.10955555555560237,0.39907924684460994,0.0,0.0,10195.266666666666,6264.2,70,0,0,0,0,0,{}
1774220499,transition,sw-wk2,0.0,0.0,0.0,0.0,0.0,0.0,80,0,0,0,0,0,{}
1774220499,transition,k3s-wk1,0.3471111111111289,0.7467825221867795,572.7333333333333,302.6,6315.733333333334,15109.233333333334,80,12,2,0,11,0,"{""process_kprobe"": 11, ""process_exit"": 12, ""process_exec"": 12}"
1774220499,transition,sw-wk3,0.12700000000000322,0.40017348676566555,0.0,0.0,11711.133333333333,6005.233333333334,80,0,0,0,0,0,{}
1774220509,transition,sw-wk2,0.0,0.0,0.0,0.0,0.0,0.0,90,0,0,0,0,0,{}
1774220509,transition,k3s-wk1,0.2859999999999774,0.7278645422101506,572.7333333333333,302.6,5787.133333333333,5903.366666666667,90,36,3,0,32,0,"{""process_exit"": 36, ""process_exec"": 36, ""process_kprobe"": 32}"
1774220509,transition,sw-wk3,0.12700000000000322,0.40017348676566555,0.0,0.0,11711.133333333333,6005.233333333334,90,0,0,0,0,0,{}
1774220519,transition,sw-wk2,0.0,0.40954298481390916,0.0,0.0,0.0,0.0,100,0,0,0,0,0,{}
1774220519,transition,k3s-wk1,0.2859999999999774,0.7278645422101506,572.7333333333333,302.6,5787.133333333333,5903.366666666667,100,36,3,0,35,0,"{""process_kprobe"": 35, ""process_exit"": 36, ""process_exec"": 36}"
1774220519,transition,sw-wk3,0.12700000000000322,0.40017348676566555,0.0,0.0,11711.133333333333,6005.233333333334,100,0,0,0,0,0,{}
1774220529,transition,sw-wk2,0.0,0.40954298481390916,0.0,0.0,0.0,0.0,110,0,0,0,0,0,{}
1774220529,transition,k3s-wk1,0.2859999999999774,0.7278645422101506,572.7333333333333,302.6,5787.133333333333,5903.366666666667,110,15,2,0,12,0,"{""process_kprobe"": 12, ""process_exit"": 16, ""process_exec"": 15}"
1774220529,transition,sw-wk3,0.15333333333336574,0.3999884607426507,0.0,0.0,13819.866666666667,5909.7,110,0,0,0,0,0,{}
1774220539,transition,sw-wk2,0.0,0.40954298481390916,0.0,0.0,0.0,0.0,120,0,0,0,0,0,{}
1774220539,transition,k3s-wk1,0.3903942939039542,0.7332191095811094,572.6760657267607,302.56974302569745,15432.456754324568,59028.86378028864,120,78,3,0,76,0,"{""process_exit"": 78, ""process_exec"": 78, ""process_kprobe"": 76}"
1774220539,transition,sw-wk3,0.15333333333336574,0.3999884607426507,0.0,0.0,13819.866666666667,5909.7,120,0,0,0,0,0,{}
1774220549,normal,sw-wk2,0.20003085705467238,0.40173606482688096,0.0,0.0,12487.486362283864,5101.266241280127,0,0,0,0,0,0,{}
1774220549,normal,k3s-wk1,0.3903942939039542,0.7332191095811094,572.6760657267607,302.56974302569745,15432.456754324568,59028.86378028864,0,6,2,0,8,0,"{""process_exit"": 6, ""process_exec"": 6, ""process_kprobe"": 8}"
1774220549,normal,sw-wk3,0.15333333333336574,0.3999884607426507,0.0,0.0,13819.866666666667,5909.7,0,0,0,0,0,0,{}
1774220559,normal,sw-wk2,0.20003085705467238,0.40173606482688096,0.0,0.0,12487.486362283864,5101.266241280127,0,0,0,0,0,0,{}
1774220559,normal,k3s-wk1,0.3903942939039542,0.7332191095811094,572.6760657267607,302.56974302569745,15432.456754324568,59028.86378028864,0,21,2,0,17,0,"{""process_exit"": 21, ""process_exec"": 21, ""process_kprobe"": 17}"
1774220559,normal,sw-wk3,0.16522222222221072,0.39759108055197445,0.0,0.0,10851.3,5688.033333333333,0,0,0,0,0,0,{}
1774220569,normal,sw-wk2,0.20003085705467238,0.40173606482688096,0.0,0.0,12487.486362283864,5101.266241280127,0,0,0,0,0,0,{}
1774220569,normal,k3s-wk1,0.29137358180261996,0.738664476939435,570.6570657065706,300.6300630063006,8979.53128646198,1342.2675600893422,0,57,3,0,51,0,"{""process_exit"": 57, ""process_exec"": 57, ""process_kprobe"": 51}"
1774220569,normal,sw-wk3,0.16522222222221095,0.39759108055197445,0.0,0.0,10851.3,5688.033333333333,0,0,0,0,0,0,{}
1774220579,normal,sw-wk2,0.08694318530383194,0.4000748063688869,4.566988173545551,6.134760233120889,519.6823557479296,4145.22340751849,0,0,0,0,0,0,{}
1774220579,normal,k3s-wk1,0.29137358180261996,0.738664476939435,570.6570657065706,300.6300630063006,8979.53128646198,1342.2675600893422,0,33,3,0,30,0,"{""process_exit"": 33, ""process_exec"": 33, ""process_kprobe"": 30}"
1774220579,normal,sw-wk3,0.16522222222221095,0.39759108055197445,0.0,0.0,10851.3,5688.033333333333,0,0,0,0,0,0,{}
1774220589,normal,sw-wk2,0.08694318530383194,0.4000748063688869,4.566988173545551,6.134760233120889,519.6823557479296,4145.22340751849,0,0,0,0,0,0,{}
1774220589,normal,k3s-wk1,0.29137358180261996,0.738664476939435,570.6570657065706,300.6300630063006,8979.53128646198,1342.2675600893422,0,9,2,0,8,0,"{""process_kprobe"": 8, ""process_exit"": 9, ""process_exec"": 9}"
1774220589,normal,sw-wk3,0.1269999999999626,0.3976825987999172,0.0,0.0,3612.7666666666664,5168.066666666667,0,0,0,0,0,0,{}
1774220600,normal,sw-wk2,0.08694318530383194,0.4000748063688869,4.566988173545551,6.134760233120889,519.6823557479296,4145.22340751849,0,0,0,0,0,0,{}
1774220600,normal,k3s-wk1,0.2644444444444768,0.7385144595690027,572.7333333333333,302.6,9557.666666666666,6147.666666666667,0,39,3,0,36,0,"{""process_exit"": 39, ""process_exec"": 39, ""process_kprobe"": 36}"
1774220600,normal,sw-wk3,0.1269999999999628,0.3976825987999172,0.0,0.0,3612.7666666666664,5168.066666666667,0,0,0,0,0,0,{}
1774220610,normal,sw-wk2,0.1403227957849994,0.4057230851260666,0.0,0.0,5120.614912631719,4489.028944911297,0,0,0,0,0,0,{}
1774220610,normal,k3s-wk1,0.2644444444444768,0.7385144595690027,572.7333333333333,302.6,9557.666666666666,6147.666666666667,0,63,3,0,57,0,"{""process_exit"": 63, ""process_exec"": 63, ""process_kprobe"": 57}"
1774220610,normal,sw-wk3,0.1269999999999628,0.3976825987999172,0.0,0.0,3612.7666666666664,5168.066666666667,0,0,0,0,0,0,{}
1774220620,normal,sw-wk2,0.1403227957849994,0.4057230851260666,0.0,0.0,5120.614912631719,4489.028944911297,0,0,0,0,0,0,{}
1774220620,normal,k3s-wk1,0.2644444444444768,0.7385144595690027,572.7333333333333,302.6,9557.666666666666,6147.666666666667,0,39,3,0,34,0,"{""process_kprobe"": 34, ""process_exit"": 39, ""process_exec"": 39}"
1774220620,normal,sw-wk3,0.12783592204964112,0.3976408187302042,0.0,0.0,2668.5220985267647,4941.80387974135,0,0,0,0,0,0,{}
1774220629,normal,sw-wk2,0.1403227957849994,0.4057230851260666,0.0,0.0,5120.614912631719,4489.028944911297,0,0,0,0,0,0,{}
1774220629,normal,k3s-wk1,0.2766666666666424,0.7401133289117687,764.0,393.0333333333333,9046.766666666666,5705.6,0,18,2,0,14,0,"{""process_exit"": 18, ""process_exec"": 18, ""process_kprobe"": 14}"
1774220629,normal,sw-wk3,0.12783592204964112,0.3976408187302042,0.0,0.0,2668.5220985267647,4941.80387974135,0,0,0,0,0,0,{}
1774220640,normal,sw-wk2,0.07955555555559435,0.40826769538687424,0.0,0.0,506.9,4049.8333333333335,0,0,0,0,0,0,{}
1774220640,normal,k3s-wk1,0.2766666666666424,0.7401133289117687,764.0,393.0333333333333,9046.766666666666,5705.6,0,12,2,0,12,0,"{""process_exit"": 12, ""process_exec"": 12, ""process_kprobe"": 12}"
1774220640,normal,sw-wk3,0.12783592204964112,0.3976408187302042,0.0,0.0,2668.5220985267647,4941.80387974135,0,0,0,0,0,0,{}
1774220650,normal,sw-wk2,0.07955555555559435,0.40826769538687424,0.0,0.0,506.9,4049.8333333333335,0,0,0,0,0,0,{}
1774220650,normal,k3s-wk1,0.2766666666666424,0.7401133289117687,764.0,393.0333333333333,9046.766666666666,5705.6,0,15,2,0,13,0,"{""process_kprobe"": 13, ""process_exit"": 15, ""process_exec"": 15}"
1774220650,normal,sw-wk3,0.10271795897504266,0.39745579270718934,0.0,0.0,2010.5007000466699,4907.893859590639,0,0,0,0,0,0,{}
1774220660,normal,sw-wk2,0.07955555555559435,0.40826769538687424,0.0,0.0,506.9,4049.8333333333335,0,0,0,0,0,0,{}
1774220660,normal,k3s-wk1,0.28055555555555545,0.7395777405804882,574.7333333333333,304.6,9497.3,8877.833333333334,0,60,3,0,57,0,"{""process_kprobe"": 57, ""process_exit"": 60, ""process_exec"": 60}"
1774220660,normal,sw-wk3,0.10271795897504266,0.39745579270718934,0.0,0.0,2010.5007000466699,4907.893859590639,0,0,0,0,0,0,{}
1774220670,normal,sw-wk2,0.14716536657997403,0.41139125919412056,0.0,0.0,4877.058470564704,4448.396559770652,0,0,0,0,0,0,{}
1774220670,normal,k3s-wk1,0.28055555555555556,0.7395777405804882,574.7333333333333,304.6,9497.3,8877.833333333334,0,54,3,0,50,0,"{""process_exit"": 54, ""process_exec"": 54, ""process_kprobe"": 50}"
1774220670,normal,sw-wk3,0.10271795897504266,0.39745579270718934,0.0,0.0,2010.5007000466699,4907.893859590639,0,0,0,0,0,0,{}
1774220680,normal,sw-wk2,0.14716536657997403,0.41139125919412056,0.0,0.0,4877.058470564704,4448.396559770652,0,0,0,0,0,0,{}
1774220680,normal,k3s-wk1,0.28055555555555556,0.7395777405804882,574.7333333333333,304.6,9497.3,8877.833333333334,0,9,2,0,8,0,"{""process_kprobe"": 8, ""process_exit"": 9, ""process_exec"": 9}"
1774220680,normal,sw-wk3,0.10388888888891312,0.39744584507154335,0.0,0.0,2731.1,4991.5,0,0,0,0,0,0,{}
1774220690,normal,sw-wk2,0.14716536657997403,0.41139125919412056,0.0,0.0,4877.058470564704,4448.396559770652,0,0,0,0,0,0,{}
1774220690,normal,k3s-wk1,0.2693333333333512,0.741179241806946,572.6,302.6,9110.433333333332,2998.4333333333334,0,36,3,0,30,0,"{""process_exit"": 36, ""process_exec"": 36, ""process_kprobe"": 30}"
1774220690,normal,sw-wk3,0.10388888888891312,0.39744584507154335,0.0,0.0,2731.1,4991.5,0,0,0,0,0,0,{}
1774220700,normal,sw-wk2,0.0758888888888477,0.41014979179557165,0.0,0.0,1611.7666666666667,4155.866666666667,0,0,0,0,0,0,{}
1774220700,normal,k3s-wk1,0.2693333333333512,0.741179241806946,572.6,302.6,9110.433333333332,2998.4333333333334,0,42,3,0,36,0,"{""process_exit"": 42, ""process_exec"": 42, ""process_kprobe"": 36}"
1774220700,normal,sw-wk3,0.10388888888891312,0.39744584507154335,0.0,0.0,2731.1,4991.5,0,0,0,0,0,0,{}
1774220710,normal,sw-wk2,0.0758888888888477,0.41014979179557165,0.0,0.0,1611.7666666666667,4155.866666666667,0,0,0,0,0,0,{}
1774220710,normal,k3s-wk1,0.2693333333333512,0.741179241806946,572.6,302.6,9110.433333333332,2998.4333333333334,0,36,3,0,32,0,"{""process_kprobe"": 32, ""process_exit"": 36, ""process_exec"": 36}"
1774220710,normal,sw-wk3,0.1148888888888906,0.39754532142800303,0.0,0.0,2615.9333333333334,5001.066666666667,0,0,0,0,0,0,{}
1774220720,normal,sw-wk2,0.0758888888888477,0.41014979179557165,0.0,0.0,1611.7666666666667,4155.866666666667,0,0,0,0,0,0,{}
1774220720,normal,k3s-wk1,0.30366666666664566,0.7371853583046458,576.6,307.2,9868.166666666666,12154.866666666667,0,78,3,0,76,0,"{""process_exit"": 78, ""process_exec"": 78, ""process_kprobe"": 76}"
1774220720,normal,sw-wk3,0.1148888888888906,0.39754532142800303,0.0,0.0,2615.9333333333334,5001.066666666667,0,0,0,0,0,0,{}
1774220730,normal,sw-wk2,0.17811111111115885,0.42722593711888046,0.0,0.0,6502.600000000001,4830.633333333333,0,0,0,0,0,0,{}
1774220730,normal,k3s-wk1,0.30366666666664566,0.7371853583046458,576.6,307.2,9868.166666666666,12154.866666666667,0,33,3,0,31,0,"{""process_exit"": 33, ""process_exec"": 33, ""process_kprobe"": 31}"
1774220730,normal,sw-wk3,0.1148888888888906,0.39754532142800303,0.0,0.0,2615.9333333333334,5001.066666666667,0,0,0,0,0,0,{}
1774220740,normal,sw-wk2,0.17811111111115885,0.42722593711888046,0.0,0.0,6502.6,4830.633333333333,0,0,0,0,0,0,{}
1774220740,normal,k3s-wk1,0.30366666666664566,0.7371853583046458,576.6,307.2,9868.166666666666,12154.866666666667,0,33,3,0,31,0,"{""process_exit"": 33, ""process_exec"": 33, ""process_kprobe"": 31}"
1774220740,normal,sw-wk3,0.12288888888890348,0.397887520094224,0.0,0.0,4283.9,4968.033333333333,0,0,0,0,0,0,{}
1774220750,normal,sw-wk2,0.17811111111115885,0.42722593711888046,0.0,0.0,6502.6,4830.633333333333,0,0,0,0,0,0,{}
1774220750,normal,k3s-wk1,0.2634444444444347,0.7372327322110981,572.7333333333333,302.6,9040.933333333332,1061.1666666666667,0,57,3,0,51,0,"{""process_exit"": 57, ""process_exec"": 57, ""process_kprobe"": 51}"
1774220750,normal,sw-wk3,0.12288888888890348,0.397887520094224,0.0,0.0,4283.9,4968.033333333333,0,0,0,0,0,0,{}
1774220760,normal,sw-wk2,0.11522222222217049,0.46438241970749916,0.0,0.0,493.93333333333334,4313.100000000001,0,0,0,0,0,0,{}
1774220760,normal,k3s-wk1,0.2634444444444347,0.7372327322110981,572.7333333333333,302.6,9040.933333333332,1061.1666666666667,0,54,3,0,50,0,"{""process_exit"": 54, ""process_exec"": 54, ""process_kprobe"": 50}"
1774220760,normal,sw-wk3,0.12288888888890348,0.397887520094224,0.0,0.0,4283.9,4968.033333333333,0,0,0,0,0,0,{}
1774220770,normal,sw-wk2,0.11522222222217049,0.46438241970749916,0.0,0.0,493.93333333333334,4313.1,0,0,0,0,0,0,{}
1774220770,normal,k3s-wk1,0.2634444444444347,0.7372327322110981,572.7333333333333,302.6,9040.933333333332,1061.1666666666667,0,54,3,0,50,0,"{""process_exit"": 54, ""process_exec"": 54, ""process_kprobe"": 50}"
1774220770,normal,sw-wk3,0.11066666666661662,0.39799296503207116,4.466666666666667,6.0,2576.0,4925.4,0,0,0,0,0,0,{}
1774220780,normal,sw-wk2,0.11522222222217049,0.46438241970749916,0.0,0.0,493.93333333333334,4313.1,0,0,0,0,0,0,{}
1774220780,normal,k3s-wk1,0.29533333333335277,0.7346732253208266,570.6,300.6000000000001,9798.933333333332,9818.833333333334,0,63,3,0,58,0,"{""process_exit"": 63, ""process_exec"": 63, ""process_kprobe"": 58}"
1774220780,normal,sw-wk3,0.11066666666661662,0.39799296503207116,4.466666666666667,6.0,2576.0,4925.4,0,0,0,0,0,0,{}
1774220790,normal,sw-wk2,0.23444444444448898,0.5104838340651492,0.0,0.0,5215.0,4731.866666666667,0,0,0,0,0,0,{}
1774220790,normal,k3s-wk1,0.29533333333335277,0.7346732253208266,570.6,300.6,9798.933333333332,9818.833333333334,0,15,2,0,12,0,"{""process_exit"": 15, ""process_exec"": 15, ""process_kprobe"": 12}"
1774220790,normal,sw-wk3,0.11066666666661662,0.39799296503207116,4.466666666666667,6.0,2576.0,4925.4,0,0,0,0,0,0,{}
1774220800,normal,sw-wk2,0.23444444444448898,0.5104838340651492,0.0,0.0,5215.0,4731.866666666667,0,0,0,0,0,0,{}
1774220800,normal,k3s-wk1,0.29533333333335277,0.7346732253208266,570.6,300.6,9798.933333333332,9818.833333333334,0,36,3,0,32,0,"{""process_exit"": 36, ""process_kprobe"": 32, ""process_exec"": 36}"
1774220800,normal,sw-wk3,0.1102222222222432,0.39810039949704756,0.0,0.0,2641.5666666666666,4909.9,0,0,0,0,0,0,{}
1774220810,normal,sw-wk2,0.23444444444448898,0.5104838340651492,0.0,0.0,5215.0,4731.866666666667,0,0,0,0,0,0,{}
1774220810,normal,k3s-wk1,0.24599999999999356,0.7346232195306825,572.7333333333333,302.6,9181.8,1264.9666666666667,0,12,2,0,10,0,"{""process_exit"": 12, ""process_exec"": 12, ""process_kprobe"": 10}"
1774220810,normal,sw-wk3,0.1102222222222432,0.39810039949704756,0.0,0.0,2641.5666666666666,4909.9,0,0,0,0,0,0,{}
1774220820,normal,sw-wk2,0.08511111111110958,0.5512592737017812,0.0,0.0,496.8,4334.366666666667,0,0,0,0,0,0,{}
1774220820,normal,k3s-wk1,0.24599999999999356,0.7346232195306825,572.7333333333333,302.6,9181.8,1264.9666666666667,0,51,3,0,49,0,"{""process_exit"": 51, ""process_exec"": 51, ""process_kprobe"": 49}"
1774220820,normal,sw-wk3,0.1102222222222432,0.39810039949704756,0.0,0.0,2641.5666666666666,4909.9,0,0,0,0,0,0,{}
1774220830,transition,sw-wk2,0.08511111111110958,0.5512592737017812,0.0,0.0,496.8,4334.366666666667,9,0,0,0,0,0,{}
1774220830,transition,k3s-wk1,0.24599999999999356,0.7346232195306825,572.7333333333333,302.6,9181.8,1264.9666666666667,9,15,2,0,13,0,"{""process_exit"": 16, ""process_exec"": 15, ""process_kprobe"": 13}"
1774220830,transition,sw-wk3,0.0,0.39810039949704756,0.0,0.0,0.0,0.0,9,0,0,0,0,0,{}
1774220840,transition,sw-wk2,0.08511111111110958,0.5512592737017812,0.0,0.0,496.8,4334.366666666667,19,0,0,0,0,0,{}
1774220840,transition,k3s-wk1,0.2697777777778052,0.7355680657760373,570.6,300.6,5742.033333333333,3982.2999999999997,19,15,2,0,14,0,"{""process_exit"": 15, ""process_exec"": 15, ""process_kprobe"": 14}"
1774220840,transition,sw-wk3,0.0,0.0,0.0,0.0,0.0,0.0,19,0,0,0,0,0,{}
1774220850,transition,sw-wk2,0.13654419612892588,0.6026269768478267,0.0,0.0,5924.504010827583,4888.819199154921,30,0,0,0,0,0,{}
1774220850,transition,k3s-wk1,0.2697777777778052,0.7355680657760373,570.6,300.6,5742.033333333333,3982.2999999999997,30,33,3,0,30,0,"{""process_exit"": 33, ""process_exec"": 33, ""process_kprobe"": 30}"
1774220850,transition,sw-wk3,0.0,0.0,0.0,0.0,0.0,0.0,30,0,0,0,0,0,{}
1774220860,transition,sw-wk2,0.13654419612892588,0.6026269768478267,0.0,0.0,5924.504010827583,4888.81919915492,40,0,0,0,0,0,{}
1774220860,transition,k3s-wk1,0.2697777777778052,0.7355680657760373,570.6,300.6,5742.033333333333,3982.2999999999997,40,33,3,0,31,0,"{""process_exit"": 33, ""process_exec"": 33, ""process_kprobe"": 31}"
1774220860,transition,sw-wk3,0.0,0.0,0.0,0.0,0.0,0.0,40,0,0,0,0,0,{}
1774220875,transition,sw-wk2,0.13654419612892588,0.6026269768478267,0.0,0.0,5525.734675329048,4465.513178712088,55,0,0,0,0,0,{}
1774220875,transition,k3s-wk1,0.2907777777777584,0.7374472307319795,572.7333333333333,302.6000000000001,4691.233333333334,8401.9,55,39,3,0,32,0,"{""process_exit"": 39, ""process_exec"": 39, ""process_kprobe"": 32}"
1774220875,transition,sw-wk3,0.0,0.0,0.0,0.0,0.0,0.0,55,0,0,0,0,0,{}
1774220880,transition,sw-wk2,0.10604683520155855,0.4029417206658563,0.0,0.0,5525.734675329048,4465.513178712088,59,0,0,0,0,0,{}
1774220880,transition,k3s-wk1,0.2907777777777584,0.7374472307319795,572.7333333333333,302.6,4691.233333333334,8401.9,59,54,3,0,51,0,"{""process_exit"": 54, ""process_exec"": 54, ""process_kprobe"": 51}"
1774220880,transition,sw-wk3,0.0,0.0,0.0,0.0,0.0,0.0,59,0,0,0,0,0,{}
1774220890,transition,sw-wk2,0.10604683520155855,0.4029417206658563,0.0,0.0,5525.734675329048,4465.513178712088,70,0,0,0,0,0,{}
1774220890,transition,k3s-wk1,0.2907777777777584,0.7374472307319795,572.7333333333333,302.6,4691.233333333334,8401.9,70,81,3,0,76,0,"{""process_kprobe"": 76, ""process_exit"": 81, ""process_exec"": 81}"
1774220890,transition,sw-wk3,0.0,0.0,0.0,0.0,0.0,0.0,70,0,0,0,0,0,{}
1774220900,transition,sw-wk2,0.10604683520155855,0.4029417206658563,0.0,0.0,5525.734675329048,4465.513178712088,79,0,0,0,0,0,{}
1774220900,transition,k3s-wk1,0.2682222222222158,0.7423583257008706,315.1666666666667,236.9,4455.533333333333,2370.4666666666667,79,39,3,0,40,0,"{""process_exit"": 39, ""process_exec"": 39, ""process_kprobe"": 40}"
1774220900,transition,sw-wk3,0.0,0.0,0.0,0.0,0.0,0.0,79,0,0,0,0,0,{}
1774220910,transition,sw-wk2,0.13472435170991515,0.4056832945043183,0.0,0.0,4981.33457769482,4626.391573895074,90,0,0,0,0,0,{}
1774220910,transition,k3s-wk1,0.2682222222222158,0.7423583257008706,315.1666666666667,236.9,4455.533333333333,2370.4666666666667,90,39,3,0,37,0,"{""process_exit"": 39, ""process_exec"": 39, ""process_kprobe"": 37}"
1774220910,transition,sw-wk3,0.0,0.0,0.0,0.0,0.0,0.0,90,0,0,0,0,0,{}
1774220920,transition,sw-wk2,0.13472435170991515,0.4056832945043183,0.0,0.0,4981.33457769482,4626.391573895074,100,0,0,0,0,0,{}
1774220920,transition,k3s-wk1,0.2682222222222158,0.7423583257008706,315.1666666666667,236.9,4455.533333333333,2370.4666666666667,100,15,2,0,15,0,"{""process_kprobe"": 15, ""process_exit"": 15, ""process_exec"": 15}"
1774220920,transition,sw-wk3,0.0,0.0,0.0,0.0,0.0,0.0,100,0,0,0,0,0,{}
1774220930,transition,sw-wk2,0.13472435170991515,0.4056832945043183,0.0,0.0,4981.33457769482,4626.391573895074,110,0,0,0,0,0,{}
1774220930,transition,k3s-wk1,0.2596666666666958,0.7422820010738085,191.6,176.4,4195.1,3146.0333333333333,110,57,3,0,52,0,"{""process_exit"": 57, ""process_exec"": 57, ""process_kprobe"": 52}"
1774220930,transition,sw-wk3,0.0,0.0,0.0,0.0,0.0,0.0,110,0,0,0,0,0,{}
1774220940,transition,sw-wk2,0.07216036624663857,0.40758727575497733,0.0,0.0,534.2689512634176,4062.3374891659446,120,0,0,0,0,0,{}
1774220940,transition,k3s-wk1,0.2596666666666958,0.7422820010738085,191.6,176.4,4195.1,3146.0333333333333,120,33,3,0,32,0,"{""process_exit"": 33, ""process_exec"": 33, ""process_kprobe"": 32}"
1774220940,transition,sw-wk3,0.0,0.0,0.0,0.0,0.0,0.0,120,0,0,0,0,0,{}
1774220950,transition,sw-wk2,0.07216036624663857,0.40758727575497733,0.0,0.0,534.2689512634176,4062.3374891659446,130,0,0,0,0,0,{}
1774220950,transition,k3s-wk1,0.2596666666666958,0.7422820010738085,191.6,176.4,4195.1,3146.0333333333333,130,39,3,0,36,0,"{""process_kprobe"": 36, ""process_exit"": 39, ""process_exec"": 39}"
1774220950,transition,sw-wk3,0.0,0.0,0.0,0.0,0.0,0.0,130,0,0,0,0,0,{}
1774220960,transition,sw-wk2,0.07216036624663857,0.40758727575497733,0.0,0.0,534.2689512634176,4062.3374891659446,140,0,0,0,0,0,{}
1774220960,transition,k3s-wk1,0.29566666666663277,0.7443401341207929,194.43333333333334,179.26666666666665,4487.833333333333,2337.1666666666665,140,78,3,0,76,0,"{""process_exit"": 78, ""process_exec"": 78, ""process_kprobe"": 76}"
1774220960,transition,sw-wk3,0.0,0.0,0.0,0.0,0.0,0.0,140,0,0,0,0,0,{}
1774220970,transition,sw-wk2,0.13388888888888062,0.40634182929425366,0.0,0.0,4917.8,4555.9,150,0,0,0,0,0,{}
1774220970,transition,k3s-wk1,0.29566666666663277,0.7443401341207929,194.43333333333334,179.26666666666665,4487.833333333333,2337.1666666666665,150,15,2,0,14,0,"{""process_exit"": 15, ""process_exec"": 15, ""process_kprobe"": 14}"
1774220970,transition,sw-wk3,0.0,0.0,0.0,0.0,0.0,0.0,150,0,0,0,0,0,{}
1774220980,transition,sw-wk2,0.13388888888888084,0.40634182929425366,0.0,0.0,4917.8,4555.9,160,0,0,0,0,0,{}
1774220980,transition,k3s-wk1,0.29566666666663277,0.7443401341207929,194.43333333333334,179.26666666666665,4487.833333333333,2337.1666666666665,160,33,3,0,32,0,"{""process_kprobe"": 32, ""process_exit"": 33, ""process_exec"": 33}"
1774220980,transition,sw-wk3,0.0,0.0,0.0,0.0,0.0,0.0,160,0,0,0,0,0,{}
1774220990,transition,sw-wk2,0.13388888888888084,0.40634182929425366,0.0,0.0,4917.8,4555.9,170,0,0,0,0,0,{}
1774220990,transition,k3s-wk1,0.25933333333333497,0.7460298034509258,191.6,176.4,7839.7,33332.63333333333,170,12,2,0,12,0,"{""process_exit"": 12, ""process_exec"": 12, ""process_kprobe"": 12}"
1774220990,transition,sw-wk3,0.0,0.0,0.0,0.0,0.0,0.0,170,0,0,0,0,0,{}
1774221001,transition,sw-wk2,0.07977777777778106,0.4080488469672583,5.133333333333333,5.0,4754.633333333333,4269.466666666666,181,0,0,0,0,0,{}
1774221001,transition,k3s-wk1,0.25933333333333497,0.7460298034509258,191.6,176.4,7839.7,33332.63333333333,181,36,3,0,33,0,"{""process_exit"": 36, ""process_exec"": 36, ""process_kprobe"": 33}"
1774221001,transition,sw-wk3,0.0,0.0,0.0,0.0,0.0,0.0,181,0,0,0,0,0,{}
