timestamp,label,node,avg_cpu,avg_mem,net_bytes_in,net_bytes_out,net_internal_bytes_in,net_internal_bytes_out,net_drop_rate,last_successful_scrape_age_sec,exec_count,unique_process_count,tmp_exec_count,outbound_connect_count,mining_port_count,syscall_feature_vector
1776104495,normal,sw-wk3,0.14353009143530082,0.323945232361074,156.1177215611772,79.99200079991999,2543.7789554377896,4690.13098690131,0.0,0,0,0,0,0,0,{}
1776104495,normal,sw-wk2,0.18914113633585583,0.261031894695261,156.14894822815614,80.00800080008,5080.40804080408,3805.6138947228055,0.0,0,0,0,0,0,0,{}
1776104495,normal,k3s-wk1,0.1985555555555557,0.4935368109967343,10.133333333333333,10.0,8308.066666666666,4077.0666666666666,0.0,0,0,0,0,0,0,{}
1776104504,normal,sw-wk3,0.14353009143530082,0.323945232361074,156.1177215611772,79.99200079991999,2543.7789554377896,4690.13098690131,0.0,0,0,0,0,0,0,{}
1776104504,normal,sw-wk2,0.18914113633585583,0.261031894695261,156.14894822815614,80.00800080008,5080.40804080408,3805.6138947228055,0.0,0,0,0,0,0,0,{}
1776104504,normal,k3s-wk1,0.1985555555555557,0.4935368109967343,10.133333333333333,10.0,8308.066666666666,0.0,0.0,0,15,2,0,10,0,"{""process_exit"": 15, ""process_exec"": 15, ""process_kprobe"": 10}"
1776104514,normal,sw-wk3,0.14353009143530082,0.323945232361074,156.1177215611772,79.99200079992,2543.7789554377896,4690.13098690131,0.0,0,0,0,0,0,0,{}
1776104514,normal,sw-wk2,0.18914113633585583,0.261031894695261,156.14894822815614,80.00800080008,5080.40804080408,3805.6138947228055,0.0,0,0,0,0,0,0,{}
1776104514,normal,k3s-wk1,0.25077777777777754,0.5317357198573595,328.0,187.6,8846.1,6683.099999999999,0.0,0,15,2,0,10,0,"{""process_exit"": 15, ""process_exec"": 15, ""process_kprobe"": 10}"
1776104525,normal,sw-wk3,0.1555822248891553,0.3244772353683245,156.14894822815617,80.00800080008,3198.019801980198,6249.45827916125,0.0,0,1,1,0,0,0,"{""process_exit"": 7, ""process_exec"": 1}"
1776104525,normal,sw-wk2,0.1458631914586318,0.25952189813575954,156.1177215611772,79.99200079992,822.5844082258441,3669.7330266973304,0.0,0,0,0,0,0,0,{}
1776104525,normal,k3s-wk1,0.25077777777777754,0.5317357198573595,328.0,187.6,8846.1,6683.099999999999,0.0,0,57,3,0,50,0,"{""process_exit"": 57, ""process_exec"": 57, ""process_kprobe"": 50}"
1776104534,normal,sw-wk3,0.1555822248891553,0.3244772353683245,156.14894822815614,80.00800080008,3198.019801980198,6249.458279161249,0.0,0,0,0,0,0,0,{}
1776104534,normal,sw-wk2,0.1458631914586318,0.25952189813575954,156.1177215611772,79.99200079992,822.5844082258441,3669.7330266973304,0.0,0,2,2,0,0,0,"{""process_exec"": 2}"
1776104534,normal,k3s-wk1,0.25077777777777754,0.5317357198573595,328.0,187.6,0.0,0.0,0.0,0,36,3,0,30,0,"{""process_exit"": 36, ""process_exec"": 36, ""process_kprobe"": 30}"
1776104544,normal,sw-wk3,0.1555822248891553,0.3244772353683245,156.14894822815614,80.00800080008,3198.019801980198,6249.458279161249,0.0,0,1,1,0,0,0,"{""process_exit"": 19, ""process_exec"": 1}"
1776104544,normal,sw-wk2,0.1458631914586318,0.25952189813575954,156.1177215611772,79.99200079992,822.5844082258441,0.0,0.0,0,104,5,0,0,0,"{""process_exit"": 106, ""process_exec"": 104}"
1776104544,normal,k3s-wk1,0.221222222222222,0.535844707364457,324.8666666666667,164.0,17964.9,6827.2,0.0,0,12,2,0,8,0,"{""process_exit"": 12, ""process_exec"": 12, ""process_kprobe"": 8}"
1776104555,normal,sw-wk3,0.15400000000000025,0.31504612816494004,156.13333333333333,80.0,2843.2666666666664,7531.766666666668,0.0,0,0,0,0,0,0,{}
1776104555,normal,sw-wk2,0.19003011412252357,0.2643816022528894,154.01540154015402,78.007800780078,6730.47304730473,27681.76817681768,0.0,0,0,0,0,0,0,{}
1776104555,normal,k3s-wk1,0.2212222222222222,0.535844707364457,324.8666666666667,164.0,17964.9,6827.2,0.0,0,54,3,0,48,0,"{""process_exit"": 54, ""process_exec"": 54, ""process_kprobe"": 48}"
1776104564,normal,sw-wk3,0.15400000000000025,0.31504612816494004,156.13333333333333,80.0,2843.2666666666664,7531.766666666666,0.0,0,0,0,0,0,0,{}
1776104564,normal,sw-wk2,0.19003011412252357,0.2643816022528894,154.01540154015402,78.007800780078,6730.47304730473,27681.76817681768,0.0,0,0,0,0,0,0,{}
1776104564,normal,k3s-wk1,0.2212222222222222,0.535844707364457,324.8666666666667,0.0,0.0,6384.8,0.0,0,33,3,0,28,0,"{""process_exit"": 33, ""process_exec"": 33, ""process_kprobe"": 28}"
1776104575,normal,sw-wk3,0.15400000000000025,0.31504612816494004,156.13333333333333,80.0,2843.2666666666664,7531.766666666666,0.0,0,1,1,0,0,0,"{""process_exit"": 5, ""process_exec"": 1}"
1776104575,normal,sw-wk2,0.19003011412252357,0.2643816022528894,154.01540154015402,0.0,0.0,3473.3193347331935,0.0,0,0,0,0,0,0,{}
1776104575,normal,k3s-wk1,0.23599999999999977,0.5480531413999682,311.0,161.60000000000002,26859.899999999998,6384.8,0.0,0,18,2,0,12,0,"{""process_exit"": 18, ""process_exec"": 18, ""process_kprobe"": 12}"
1776104585,normal,sw-wk3,0.16177777777777747,0.3126791926296877,159.13333333333333,83.0,2253.366666666667,5699.6,0.0,0,0,0,0,0,0,{}
1776104585,normal,sw-wk2,0.1083113910831136,0.2659043413993909,159.1174215911742,82.99170082991701,551.1115555111156,3473.3193347331926,0.0,0,2,2,0,0,0,"{""process_exec"": 2}"
1776104585,normal,k3s-wk1,0.23599999999999977,0.5480531413999682,311.0,161.6,26859.899999999998,6384.8,0.0,0,36,3,0,30,0,"{""process_exit"": 36, ""process_exec"": 36, ""process_kprobe"": 30}"
1776104594,normal,sw-wk3,0.16177777777777747,0.3126791926296877,159.13333333333333,83.0,2253.366666666667,5699.600000000001,0.0,0,0,0,0,0,0,{}
1776104594,normal,sw-wk2,0.1083113910831136,0.2659043413993909,159.1174215911742,82.99170082991701,551.1115555111156,3473.3193347331935,0.0,0,0,0,0,0,0,{}
1776104594,normal,k3s-wk1,0.23599999999999977,0.5480531413999682,311.0,0.0,0.0,0.0,0.0,0,12,2,0,8,0,"{""process_exit"": 12, ""process_exec"": 12, ""process_kprobe"": 8}"
1776104605,normal,sw-wk3,0.16177777777777747,0.3126791926296877,159.13333333333333,83.0,2253.366666666667,5699.6,0.0,0,1,1,0,0,0,"{""process_exit"": 3, ""process_exec"": 1}"
1776104605,normal,sw-wk2,0.1083113910831136,0.2659043413993909,159.1174215911742,0.0,5446.011267793446,27512.15121512151,0.0,0,104,5,0,0,0,"{""process_exit"": 106, ""process_exec"": 104}"
1776104605,normal,k3s-wk1,0.215444444444445,0.553620593703541,315.26666666666665,158.0,9710.1,4569.033333333333,0.0,0,57,3,0,50,0,"{""process_exit"": 57, ""process_exec"": 57, ""process_kprobe"": 50}"
1776104615,normal,sw-wk3,0.15577777777777824,0.3108538170419358,156.13333333333333,80.0,2769.733333333333,5365.966666666666,0.0,0,0,0,0,0,0,{}
1776104615,normal,sw-wk2,0.18514073629585193,0.2572489391796322,104.8104810481048,54.005400540054005,5446.011267793446,27512.15121512151,0.0,0,0,0,0,0,0,{}
1776104615,normal,k3s-wk1,0.215444444444445,0.553620593703541,315.26666666666665,158.0,9710.1,4569.033333333333,0.0,0,33,3,0,28,0,"{""process_exit"": 33, ""process_exec"": 33, ""process_kprobe"": 28}"
1776104625,normal,sw-wk3,0.15577777777777824,0.3108538170419358,156.13333333333333,80.0,2769.733333333333,5365.966666666666,0.0,0,1,1,0,0,0,"{""process_exit"": 7, ""process_exec"": 1}"
1776104625,normal,sw-wk2,0.18514073629585193,0.2572489391796322,104.8104810481048,54.005400540054005,5446.011267793446,27512.15121512151,0.0,0,0,0,0,0,0,{}
1776104625,normal,k3s-wk1,0.215444444444445,0.553620593703541,305.0,158.0,33378.4,7391.466666666666,0.0,0,15,2,0,10,0,"{""process_exit"": 15, ""process_exec"": 15, ""process_kprobe"": 10}"
1776104635,normal,sw-wk3,0.15577777777777824,0.3108538170419358,156.13333333333333,80.0,2769.733333333333,5365.966666666666,0.0,0,0,0,0,0,0,{}
1776104635,normal,sw-wk2,0.18514073629585193,0.2572489391796322,0.0,0.0,1332.8333333333333,3562.133333333333,0.0,0,0,0,0,0,0,{}
1776104635,normal,k3s-wk1,0.22733333333333272,0.5595108950255288,305.0,158.0,33378.4,7391.466666666666,0.0,0,33,3,0,28,0,"{""process_exit"": 33, ""process_exec"": 33, ""process_kprobe"": 28}"
1776104645,normal,sw-wk3,0.15355555555555556,0.3157358206863158,104.80000000000003,54.0,4614.966666666666,6281.4,0.0,0,0,0,0,0,0,{}
1776104645,normal,sw-wk2,0.11255555555555519,0.253008843355378,156.13333333333333,80.0,1332.8333333333333,3562.133333333333,0.0,0,0,0,0,0,0,{}
1776104645,normal,k3s-wk1,0.22733333333333272,0.5595108950255288,305.0,158.0,33378.4,7391.466666666666,0.0,0,12,2,0,8,0,"{""process_exit"": 12, ""process_exec"": 12, ""process_kprobe"": 8}"
1776104655,normal,sw-wk3,0.15355555555555556,0.3157358206863158,104.8,54.00000000000001,4614.966666666666,6281.4,0.0,0,1,1,0,0,0,"{""process_exit"": 19, ""process_exec"": 1}"
1776104655,normal,sw-wk2,0.11255555555555519,0.253008843355378,156.13333333333333,80.0,1332.8333333333333,3562.133333333333,0.0,0,0,0,0,0,0,{}
1776104655,normal,k3s-wk1,0.22733333333333272,0.5595108950255288,0.0,0.0,11763.049130057996,6848.210119325378,0.0,0,36,3,0,30,0,"{""process_exit"": 36, ""process_exec"": 36, ""process_kprobe"": 30}"
1776104665,normal,sw-wk3,0.15355555555555556,0.3157358206863158,104.8,54.0,4614.966666666666,6281.4,0.0,0,0,0,0,0,0,{}
1776104665,normal,sw-wk2,0.11255555555555519,0.253008843355378,0.0,78.0,5346.233333333334,27303.866666666665,0.0,0,104,5,0,0,0,"{""process_exit"": 106, ""process_exec"": 104}"
1776104665,normal,k3s-wk1,0.23782858920516448,0.5557902294147063,340.91060595960266,170.98860075994932,11763.049130057996,6848.210119325378,0.0,0,57,3,0,50,0,"{""process_exit"": 58, ""process_exec"": 57, ""process_kprobe"": 50}"
1776104675,normal,sw-wk3,0.16266666666666652,0.30672681167730675,156.13333333333333,80.0,2857.1,7541.3,0.0,0,0,0,0,0,0,{}
1776104675,normal,sw-wk2,0.2023333333333337,0.25595238095238093,154.0,78.0,5346.233333333334,27303.866666666665,0.0,0,0,0,0,0,0,{}
1776104675,normal,k3s-wk1,0.23782858920516448,0.5557902294147063,340.91060595960266,170.98860075994932,11763.049130057996,6848.210119325378,0.0,0,36,3,0,30,0,"{""process_exit"": 36, ""process_exec"": 36, ""process_kprobe"": 30}"
1776104685,normal,sw-wk3,0.1626666666666664,0.30672681167730675,156.13333333333333,80.0,2857.1,7541.3,0.0,0,0,0,0,0,0,{}
1776104685,normal,sw-wk2,0.2023333333333337,0.25595238095238093,154.0,78.0,5346.233333333334,27303.866666666665,0.0,0,0,0,0,0,0,{}
1776104685,normal,k3s-wk1,0.24828321888125793,0.5585321883857888,266.95113007533837,140.40936062404162,32215.381025401697,8416.394426295086,0.0,0,99,3,0,90,0,"{""process_exit"": 99, ""process_exec"": 99, ""process_kprobe"": 90}"
1776104695,normal,sw-wk3,0.16266666666666652,0.30672681167730675,156.13333333333333,80.0,2857.1,7541.3,0.0,0,1,1,0,0,0,"{""process_exit"": 5, ""process_exec"": 1}"
1776104695,normal,sw-wk2,0.1459458258338333,0.25293557348012796,156.12292513832412,79.99466702219851,980.3679754683021,3545.596960202653,0.0,0,0,0,0,0,0,{}
1776104695,normal,k3s-wk1,0.24828321888125793,0.5585321883857888,266.95113007533837,140.40936062404162,32215.381025401697,8416.394426295086,0.0,0,36,3,0,30,0,"{""process_exit"": 36, ""process_exec"": 36, ""process_kprobe"": 30}"
1776104705,normal,sw-wk3,0.5323333333333335,0.3128352893204378,752.2,368.9000000000001,5161.433333333333,6446.3,0.0,0,1,1,0,0,0,"{""process_exec"": 1}"
1776104705,normal,sw-wk2,0.1459458258338333,0.25293557348012796,156.12292513832412,79.99466702219851,980.3679754683021,3545.596960202653,0.0,0,2,2,0,0,0,"{""process_exec"": 2}"
1776104705,normal,k3s-wk1,0.24828321888125793,0.5585321883857888,266.95113007533837,140.40936062404162,32215.381025401697,8416.394426295086,0.0,0,33,3,0,28,0,"{""process_exit"": 33, ""process_exec"": 33, ""process_kprobe"": 28}"
1776104715,normal,sw-wk3,0.5323333333333335,0.3128352893204378,752.2,368.9,5161.433333333333,6446.3,0.0,0,1,1,0,0,0,"{""process_exit"": 5, ""process_exec"": 1}"
1776104715,normal,sw-wk2,0.1459458258338333,0.25293557348012796,156.12292513832412,79.99466702219851,980.3679754683021,3545.596960202653,0.0,0,104,5,0,0,0,"{""process_exit"": 106, ""process_exec"": 104}"
1776104715,normal,k3s-wk1,0.25311111111111184,0.5637056745794778,325.5333333333334,160.6,34563.066666666666,10731.633333333333,0.0,0,39,3,0,32,0,"{""process_exit"": 39, ""process_exec"": 39, ""process_kprobe"": 32}"
1776104725,transition,sw-wk3,0.5323333333333335,0.3128352893204378,752.2,368.9,5161.433333333333,6446.3,0.0,10,0,0,0,0,0,{}
1776104725,transition,sw-wk2,0.0,0.25293557348012796,0.0,0.0,5418.194546303087,27453.430228681907,0.0,10,0,0,0,0,0,{}
1776104725,transition,k3s-wk1,0.25311111111111184,0.5637056745794778,325.5333333333333,160.6,34563.066666666666,10731.633333333333,0.0,10,18,2,0,12,0,"{""process_exit"": 18, ""process_exec"": 18, ""process_kprobe"": 12}"
1776104735,normal,sw-wk3,0.35622222222222166,0.31638887827006634,164.13333333333333,88.6,2831.5333333333333,6023.833333333335,0.0,0,0,0,0,0,0,{}
1776104735,normal,sw-wk2,0.21516990021556992,0.2601144284312601,156.1437429161944,80.0053336889126,5418.194546303087,27453.430228681915,0.0,0,0,0,0,0,0,{}
1776104735,normal,k3s-wk1,0.25311111111111184,0.5637056745794778,325.5333333333333,160.6,34563.066666666666,10731.633333333333,0.0,0,18,2,0,12,0,"{""process_exit"": 18, ""process_exec"": 18, ""process_kprobe"": 12}"
1776104745,normal,sw-wk3,0.35622222222222166,0.31638887827006634,164.13333333333333,88.60000000000002,2831.5333333333333,6023.833333333333,0.0,0,1,1,0,0,0,"{""process_exit"": 3, ""process_exec"": 1}"
1776104745,normal,sw-wk2,0.21516990021556992,0.2601144284312601,156.1437429161944,80.0053336889126,5418.194546303087,27453.430228681915,0.0,0,0,0,0,0,0,{}
1776104745,normal,k3s-wk1,0.21577777777777796,0.5690417141250961,325.5333333333334,165.8,9286.300000000001,1691.7666666666667,0.0,0,36,3,0,30,0,"{""process_exit"": 36, ""process_exec"": 36, ""process_kprobe"": 30}"
1776104755,normal,sw-wk3,0.35622222222222166,0.31638887827006634,164.13333333333333,88.6,2831.5333333333333,6023.833333333333,0.0,0,0,0,0,0,0,{}
1776104755,normal,sw-wk2,0.1168888888888886,0.24827019381474824,154.0,78.0,637.0666666666666,3521.0,0.0,0,0,0,0,0,0,{}
1776104755,normal,k3s-wk1,0.21577777777777796,0.5690417141250961,325.5333333333333,165.8,9286.3,1691.766666666667,0.0,0,15,2,0,10,0,"{""process_exit"": 15, ""process_exec"": 15, ""process_kprobe"": 10}"
1776104765,normal,sw-wk3,0.3522222222222221,0.316068720771691,156.13333333333333,80.0,2529.1666666666665,6042.666666666668,0.0,0,0,0,0,0,0,{}
1776104765,normal,sw-wk2,0.1168888888888886,0.24827019381474824,154.0,78.0,637.0666666666666,3521.0,0.0,0,2,2,0,0,0,"{""process_exec"": 2}"
1776104765,normal,k3s-wk1,0.21577777777777796,0.5690417141250961,325.5333333333333,165.8,9286.3,1691.7666666666667,0.0,0,33,3,0,28,0,"{""process_exit"": 33, ""process_exec"": 33, ""process_kprobe"": 28}"
1776104775,normal,sw-wk3,0.3522222222222221,0.316068720771691,156.13333333333335,80.0,2529.1666666666665,6042.666666666667,0.0,0,1,1,0,0,0,"{""process_exit"": 9, ""process_exec"": 1}"
1776104775,normal,sw-wk2,0.1168888888888886,0.24827019381474824,154.0,78.0,637.0666666666666,3521.0,0.0,0,104,5,0,0,0,"{""process_exit"": 106, ""process_exec"": 104}"
1776104775,normal,k3s-wk1,0.2497777777777772,0.5699199537626021,323.4,163.8,34383.26666666666,9920.333333333334,0.0,0,54,3,0,48,0,"{""process_exit"": 54, ""process_exec"": 54, ""process_kprobe"": 48}"
1776104785,normal,sw-wk3,0.3522222222222221,0.316068720771691,156.13333333333333,80.0,2529.1666666666665,6042.666666666667,0.0,0,0,0,0,0,0,"{""process_exit"": 2}"
1776104785,normal,sw-wk2,0.2016666666666671,0.24931986441887433,109.26666666666667,60.0,6232.033333333333,27554.6,0.0,0,0,0,0,0,0,{}
1776104785,normal,k3s-wk1,0.24977777777777732,0.5699199537626021,323.4,163.8,34383.26666666666,9920.333333333334,0.0,0,60,3,0,52,0,"{""process_exit"": 60, ""process_exec"": 60, ""process_kprobe"": 52}"
1776104795,normal,sw-wk3,0.2821111111111123,0.31341507702893845,156.13333333333333,80.0,6493.8,6911.366666666667,0.0,0,0,0,0,0,0,{}
1776104795,normal,sw-wk2,0.2016666666666671,0.24931986441887433,109.26666666666667,60.0,6232.033333333333,27554.6,0.0,0,0,0,0,0,0,{}
1776104795,normal,k3s-wk1,0.24977777777777732,0.5699199537626021,323.4,163.8,34383.26666666666,9920.333333333334,0.0,0,18,2,0,12,0,"{""process_exit"": 18, ""process_exec"": 18, ""process_kprobe"": 12}"
1776104805,normal,sw-wk3,0.2821111111111123,0.31341507702893845,156.13333333333333,80.0,6493.8,6911.366666666667,0.0,0,0,0,0,0,0,{}
1776104805,normal,sw-wk2,0.2016666666666671,0.24931986441887433,109.26666666666667,60.0,6232.033333333333,27554.6,0.0,0,0,0,0,0,0,{}
1776104805,normal,k3s-wk1,0.24655555555555597,0.5699199537626021,328.5333333333333,168.8,9034.500000000002,6009.166666666668,0.0,0,39,3,0,32,0,"{""process_exit"": 39, ""process_exec"": 39, ""process_kprobe"": 32}"
1776104815,normal,sw-wk3,0.2821111111111123,0.31341507702893845,156.13333333333333,80.0,6493.8,6911.366666666667,0.0,0,1,1,0,0,0,"{""process_exit"": 13, ""process_exec"": 1}"
1776104815,normal,sw-wk2,0.11139257382841128,0.2509509155548759,159.12272515165654,82.99446703553096,618.692087194187,3516.465568962069,0.0,0,0,0,0,0,0,{}
1776104815,normal,k3s-wk1,0.24655555555555608,0.5699199537626021,328.5333333333333,168.8,9034.5,6009.166666666667,0.0,0,18,2,0,12,0,"{""process_exit"": 18, ""process_exec"": 18, ""process_kprobe"": 12}"
1776104825,normal,sw-wk3,0.14766666666666628,0.31223001643793724,107.8,57.0,2328.3666666666672,6856.166666666667,0.0,0,0,0,0,0,0,{}
1776104825,normal,sw-wk2,0.11139257382841128,0.2509509155548759,159.12272515165654,82.99446703553096,618.692087194187,3516.465568962069,0.0,0,2,2,0,0,0,"{""process_exec"": 2}"
1776104825,normal,k3s-wk1,0.24655555555555608,0.5699199537626021,328.5333333333333,168.8,9034.5,6009.166666666667,0.0,0,15,2,0,10,0,"{""process_exit"": 15, ""process_exec"": 15, ""process_kprobe"": 10}"
1776104835,normal,sw-wk3,0.14766666666666628,0.31223001643793724,107.8,57.0,2328.366666666667,6856.166666666668,0.0,0,1,1,0,0,0,"{""process_exit"": 9, ""process_exec"": 1}"
1776104835,normal,sw-wk2,0.11139257382841128,0.2509509155548759,159.12272515165654,82.99446703553096,618.692087194187,3516.465568962069,0.0,0,104,5,0,0,0,"{""process_exit"": 106, ""process_exec"": 104}"
1776104835,normal,k3s-wk1,0.22327400395529107,0.5740639353940733,329.9780014665689,171.78854743017132,35742.05052996467,7910.7726151589895,0.0,0,33,3,0,28,0,"{""process_exit"": 33, ""process_exec"": 33, ""process_kprobe"": 28}"
1776104845,normal,sw-wk3,0.14766666666666628,0.31223001643793724,107.8,57.0,2328.366666666667,6856.166666666667,0.0,0,0,0,0,0,0,{}
1776104845,normal,sw-wk2,0.2340000000000001,0.25359500235737864,156.13333333333333,80.0,6864.833333333333,27720.866666666672,0.0,0,0,0,0,0,0,{}
1776104845,normal,k3s-wk1,0.22327400395529107,0.5740639353940733,329.9780014665689,171.78854743017132,35742.05052996467,7910.7726151589895,0.0,0,15,2,0,10,0,"{""process_exit"": 15, ""process_exec"": 15, ""process_kprobe"": 10}"
1776104855,normal,sw-wk3,0.15488888888888885,0.3131777463460632,160.6,86.0,3462.3666666666672,6319.633333333333,0.0,0,0,0,0,0,0,{}
1776104855,normal,sw-wk2,0.2340000000000001,0.25359500235737864,156.13333333333333,80.0,6864.833333333333,27720.866666666665,0.0,0,0,0,0,0,0,{}
1776104855,normal,k3s-wk1,0.22327400395529107,0.5740639353940733,329.9780014665689,171.78854743017132,35742.05052996467,7910.7726151589895,0.0,0,12,2,0,8,0,"{""process_exit"": 12, ""process_exec"": 12, ""process_kprobe"": 8}"
1776104865,normal,sw-wk3,0.15488888888888885,0.3131777463460632,160.6,86.00000000000001,3462.366666666667,6319.633333333333,0.0,0,1,1,0,0,0,"{""process_exit"": 3, ""process_exec"": 1}"
1776104865,normal,sw-wk2,0.2340000000000001,0.25359500235737864,156.13333333333333,80.0,6864.833333333333,27720.866666666665,0.0,0,0,0,0,0,0,{}
1776104865,normal,k3s-wk1,0.23800000000000077,0.563462973394306,323.4,163.8,9105.433333333332,5301.2333333333345,0.0,0,54,3,0,48,0,"{""process_exit"": 54, ""process_exec"": 54, ""process_kprobe"": 48}"
1776104875,normal,sw-wk3,0.15488888888888885,0.3131777463460632,160.6,86.0,3462.366666666667,6319.633333333333,0.0,0,1,1,0,0,0,"{""process_exit"": 9, ""process_exec"": 1}"
1776104875,normal,sw-wk2,0.1295845694032417,0.25180466888387676,153.99486683777204,77.99740008666376,630.0789973667544,3550.414986167128,0.0,0,0,0,0,0,0,{}
1776104875,normal,k3s-wk1,0.23800000000000077,0.563462973394306,323.4,163.8,9105.433333333332,5301.233333333334,0.0,0,33,3,0,28,0,"{""process_exit"": 33, ""process_exec"": 33, ""process_kprobe"": 28}"
1776104885,normal,sw-wk3,0.15511111111111087,0.3139582297998139,156.13333333333333,80.00000000000001,2352.9666666666667,6819.5,0.0,0,0,0,0,0,0,{}
1776104885,normal,sw-wk2,0.1295845694032418,0.25180466888387676,153.99486683777204,77.99740008666376,630.0789973667545,3550.414986167127,0.0,0,2,2,0,0,0,"{""process_exec"": 2}"
1776104885,normal,k3s-wk1,0.23800000000000077,0.563462973394306,323.4,163.8,9105.433333333332,5301.233333333334,0.0,0,33,3,0,28,0,"{""process_exit"": 33, ""process_exec"": 33, ""process_kprobe"": 28}"
1776104895,normal,sw-wk3,0.15511111111111087,0.3139582297998139,156.13333333333333,80.00000000000001,2352.9666666666667,6819.5,0.0,0,0,0,0,0,0,{}
1776104895,normal,sw-wk2,0.1295845694032418,0.25180466888387676,153.99486683777204,77.99740008666376,630.0789973667544,3550.414986167127,0.0,0,104,5,0,0,0,"{""process_exit"": 106, ""process_exec"": 104}"
1776104895,normal,k3s-wk1,0.22872635953508058,0.5627574466932246,325.55503700246686,165.81105407027135,34038.602573504904,9718.047869857992,0.0,0,33,3,0,28,0,"{""process_exit"": 33, ""process_exec"": 33, ""process_kprobe"": 28}"
1776104905,normal,sw-wk3,0.15511111111111087,0.3139582297998139,156.13333333333333,80.0,2352.9666666666667,6819.5,0.0,0,29,4,0,0,0,"{""process_exit"": 23, ""process_exec"": 29}"
1776104905,normal,sw-wk2,0.2014757031258686,0.25663092371013163,156.14894822815614,80.00800080008,5921.9921992199215,27636.33029969664,0.0,0,0,0,0,0,0,{}
1776104905,normal,k3s-wk1,0.22872635953508036,0.5627574466932246,325.55503700246686,165.81105407027135,34038.602573504904,9718.047869857992,0.0,0,42,3,0,34,0,"{""process_exit"": 42, ""process_exec"": 42, ""process_kprobe"": 34}"
1776104915,normal,sw-wk3,0.208888888888889,0.31416211119181414,739.9666666666667,365.3,6547.9,34669.066666666666,0.0,0,162,4,0,0,0,"{""process_exit"": 90, ""process_exec"": 162}"
1776104915,normal,sw-wk2,0.2014757031258686,0.25663092371013163,156.14894822815614,80.00800080008,5921.9921992199215,27636.330299696634,0.0,0,0,0,0,0,0,{}
1776104915,normal,k3s-wk1,0.22872635953508036,0.5627574466932246,325.55503700246686,165.81105407027135,34038.602573504904,9718.047869857992,0.0,0,12,2,0,8,0,"{""process_exit"": 12, ""process_exec"": 12, ""process_kprobe"": 8}"
1776104925,normal,sw-wk3,0.208888888888889,0.31416211119181414,739.9666666666668,365.3,6547.9,34669.066666666666,0.0,0,108,4,0,0,0,"{""process_exit"": 60, ""process_exec"": 108}"
1776104925,normal,sw-wk2,0.2014757031258686,0.25663092371013163,156.14894822815614,80.00800080008,5921.9921992199215,27636.330299696634,0.0,0,0,0,0,0,0,{}
1776104925,normal,k3s-wk1,0.24155555555555508,0.560036935733855,325.5333333333333,165.8,54235.5,6037.866666666668,0.0,0,18,2,0,12,0,"{""process_exit"": 18, ""process_exec"": 18, ""process_kprobe"": 12}"
1776104935,normal,sw-wk3,0.208888888888889,0.31416211119181414,739.9666666666667,365.3,6547.9,34669.066666666666,0.0,0,135,4,0,0,0,"{""process_exit"": 75, ""process_exec"": 135}"
1776104935,normal,sw-wk2,0.11883652200964379,0.25234622883137736,156.12292513832412,79.99466702219851,922.8384774348376,3533.6644223718417,0.0,0,0,0,0,0,0,{}
1776104935,normal,k3s-wk1,0.24155555555555508,0.560036935733855,325.5333333333333,165.8,54235.5,6037.866666666667,0.0,0,60,3,0,52,0,"{""process_exit"": 60, ""process_exec"": 60, ""process_kprobe"": 52}"
1776104945,normal,sw-wk3,0.20133333333333403,0.3187478496884437,162.13333333333333,86.6,5271.966666666666,53451.13333333333,0.0,0,82,4,0,0,0,"{""process_exit"": 52, ""process_exec"": 82}"
1776104945,normal,sw-wk2,0.11883652200964379,0.25234622883137736,156.12292513832412,79.99466702219851,922.8384774348376,3533.6644223718417,0.0,0,2,2,0,0,0,"{""process_exec"": 2}"
1776104945,normal,k3s-wk1,0.24155555555555508,0.560036935733855,325.5333333333333,165.8,54235.5,6037.866666666667,0.0,0,36,3,0,30,0,"{""process_exit"": 36, ""process_exec"": 36, ""process_kprobe"": 30}"
1776104955,normal,sw-wk3,0.20133333333333403,0.3187478496884437,162.13333333333333,86.6,5271.966666666666,53451.13333333333,0.0,0,123,4,0,0,0,"{""process_exit"": 62, ""process_exec"": 123}"
1776104955,normal,sw-wk2,0.11883652200964379,0.25234622883137736,156.12292513832412,79.99466702219851,922.8384774348376,3533.6644223718417,0.0,0,104,5,0,0,0,"{""process_exit"": 106, ""process_exec"": 104}"
1776104955,normal,k3s-wk1,0.27285049272850437,0.5590142042279675,323.36766323367664,163.78362163783618,81873.8792787388,9482.485084824852,0.0,0,36,3,0,30,0,"{""process_exit"": 36, ""process_exec"": 36, ""process_kprobe"": 30}"
1776104965,normal,sw-wk3,0.20133333333333403,0.3187478496884437,162.13333333333333,86.6,5271.966666666666,53451.13333333333,0.0,0,120,4,0,0,0,"{""process_exec"": 120, ""process_exit"": 73}"
1776104965,normal,sw-wk2,0.1814717287201537,0.25821259732150825,102.6632445585147,51.99826672444251,5787.373754208192,27486.017132762237,0.0,0,0,0,0,0,0,{}
1776104965,normal,k3s-wk1,0.27285049272850437,0.5590142042279675,323.36766323367664,163.78362163783623,81873.8792787388,9482.485084824852,0.0,0,99,3,0,90,0,"{""process_exit"": 100, ""process_exec"": 99, ""process_kprobe"": 90}"
1776104975,normal,sw-wk3,0.19599999999999984,0.3223476305159474,104.8,54.0,3590.5333333333333,58141.73333333333,0.0,0,108,4,0,0,0,"{""process_exit"": 60, ""process_exec"": 108}"
1776104975,normal,sw-wk2,0.1814717287201537,0.25821259732150825,102.6632445585147,51.99826672444251,5787.3737542081935,27486.017132762237,0.0,0,0,0,0,0,0,{}
1776104975,normal,k3s-wk1,0.27285049272850437,0.5590142042279675,323.36766323367664,163.78362163783623,81873.8792787388,9482.485084824852,0.0,0,39,3,0,32,0,"{""process_exit"": 39, ""process_exec"": 39, ""process_kprobe"": 32}"
1776104985,normal,sw-wk3,0.19599999999999984,0.3223476305159474,104.8,54.0,3590.5333333333333,58141.73333333333,0.0,0,136,4,0,0,0,"{""process_exit"": 78, ""process_exec"": 136}"
1776104985,normal,sw-wk2,0.1814717287201537,0.25821259732150825,102.6632445585147,51.99826672444251,5787.373754208192,27486.017132762237,0.0,0,0,0,0,0,0,{}
1776104985,normal,k3s-wk1,0.2298118700758972,0.560831641009953,325.56588992232554,165.8165816581658,65172.71727172717,6092.809280928092,0.0,0,22,3,0,16,0,"{""process_exit"": 23, ""process_exec"": 22, ""process_kprobe"": 16}"
1776104995,normal,sw-wk3,0.19599999999999984,0.3223476305159474,104.8,54.0,3590.5333333333333,58141.73333333333,0.0,0,135,4,0,0,0,"{""process_exit"": 75, ""process_exec"": 135}"
1776104995,normal,sw-wk2,0.1121111111111115,0.25523242478688024,156.13333333333333,80.00000000000001,659.8333333333334,3528.5,0.0,0,0,0,0,0,0,{}
1776104995,normal,k3s-wk1,0.2298118700758972,0.560831641009953,325.5658899223256,165.8165816581658,65172.71727172717,6092.809280928092,0.0,0,29,2,0,24,0,"{""process_exec"": 29, ""process_kprobe"": 24, ""process_exit"": 28}"
1776105005,normal,sw-wk3,0.17400000000000027,0.3243752946723244,156.13333333333333,80.0,3006.4,53665.9,0.0,0,81,4,0,0,0,"{""process_exit"": 45, ""process_exec"": 81}"
1776105005,normal,sw-wk2,0.1121111111111115,0.25523242478688024,156.13333333333333,80.0,659.8333333333334,3528.5,0.0,0,2,2,0,0,0,"{""process_exec"": 2}"
1776105005,normal,k3s-wk1,0.2298118700758972,0.560831641009953,325.56588992232554,165.8165816581658,65172.71727172717,6092.809280928092,0.0,0,54,3,0,48,0,"{""process_exit"": 54, ""process_exec"": 54, ""process_kprobe"": 48}"
1776105015,normal,sw-wk3,0.17400000000000027,0.3243752946723244,156.13333333333333,80.0,3006.4,53665.9,0.0,0,108,4,0,0,0,"{""process_exit"": 60, ""process_exec"": 108}"
1776105015,normal,sw-wk2,0.1121111111111115,0.25523242478688024,156.13333333333333,80.0,659.8333333333334,3528.5,0.0,0,104,5,0,0,0,"{""process_exit"": 106, ""process_exec"": 104}"
1776105015,normal,k3s-wk1,0.24322222222222212,0.550433870700097,524.9666666666667,262.23333333333335,80804.86666666667,6704.166666666668,0.0,0,18,2,0,12,0,"{""process_exit"": 18, ""process_exec"": 18, ""process_kprobe"": 12}"
1776105025,normal,sw-wk3,0.17400000000000027,0.3243752946723244,156.13333333333333,80.0,3006.4,53665.9,0.0,0,109,4,0,0,0,"{""process_exit"": 65, ""process_exec"": 109}"
1776105025,normal,sw-wk2,0.1877777777777775,0.25670419358538166,156.13333333333333,80.0,5424.266666666666,27682.733333333334,0.0,0,0,0,0,0,0,{}
1776105025,normal,k3s-wk1,0.24322222222222212,0.550433870700097,524.9666666666667,262.23333333333335,80804.86666666667,6704.166666666668,0.0,0,60,3,0,52,0,"{""process_exit"": 60, ""process_exec"": 60, ""process_kprobe"": 52}"
1776105035,normal,sw-wk3,0.1814444444444424,0.32798303961670294,156.13333333333333,80.0,5190.833333333333,52832.7,0.0,0,81,4,0,0,0,"{""process_exit"": 45, ""process_exec"": 81}"
1776105035,normal,sw-wk2,0.1877777777777775,0.25670419358538166,156.13333333333333,80.0,5424.266666666666,27682.733333333334,0.0,0,0,0,0,0,0,{}
1776105035,normal,k3s-wk1,0.24322222222222212,0.550433870700097,524.9666666666667,262.23333333333335,80804.86666666667,6704.166666666667,0.0,0,54,3,0,48,0,"{""process_exit"": 54, ""process_exec"": 54, ""process_kprobe"": 48}"
1776105045,normal,sw-wk3,0.1814444444444424,0.32798303961670294,156.13333333333335,80.0,5190.833333333333,52832.7,0.0,0,108,4,0,0,0,"{""process_exit"": 60, ""process_exec"": 108}"
1776105045,normal,sw-wk2,0.1877777777777775,0.25670419358538166,156.13333333333333,80.0,5424.266666666666,27682.733333333334,0.0,0,0,0,0,0,0,{}
1776105045,normal,k3s-wk1,0.2417777777777783,0.556485596531292,327.5333333333333,167.8,53685.466666666674,7885.866666666667,0.0,0,54,3,0,48,0,"{""process_exit"": 54, ""process_exec"": 54, ""process_kprobe"": 48}"
1776105055,normal,sw-wk3,0.1814444444444424,0.32798303961670294,156.13333333333333,80.0,5190.833333333333,52832.7,0.0,0,108,4,0,0,0,"{""process_exit"": 60, ""process_exec"": 108}"
1776105055,normal,sw-wk2,0.12757942460912775,0.25710399225250713,154.01540154015402,78.007800780078,920.1920192019203,3560.22268893556,0.0,0,0,0,0,0,0,{}
1776105055,normal,k3s-wk1,0.2417777777777783,0.556485596531292,327.5333333333333,167.8,53685.46666666667,7885.866666666667,0.0,0,12,2,0,8,0,"{""process_exit"": 12, ""process_exec"": 12, ""process_kprobe"": 8}"
1776105065,normal,sw-wk3,0.20255555555555704,0.31920658282044423,154.0,78.0,5141.233333333334,47977.833333333336,0.0,0,55,4,0,0,0,"{""process_exit"": 41, ""process_exec"": 55}"
1776105065,normal,sw-wk2,0.12757942460912775,0.25710399225250713,154.01540154015402,78.007800780078,920.1920192019202,3560.22268893556,0.0,0,106,7,0,0,0,"{""process_exec"": 106, ""process_exit"": 104}"
1776105065,normal,k3s-wk1,0.2417777777777783,0.556485596531292,327.5333333333333,167.8,53685.46666666667,7885.866666666667,0.0,0,12,2,0,8,0,"{""process_exit"": 12, ""process_exec"": 12, ""process_kprobe"": 8}"
1776105075,normal,sw-wk3,0.20255555555555704,0.31920658282044423,154.0,78.0,5141.233333333334,47977.833333333336,0.0,0,0,0,0,0,0,{}
1776105075,normal,sw-wk2,0.12757942460912775,0.25710399225250713,154.01540154015402,78.007800780078,920.1920192019202,3560.22268893556,0.0,0,0,0,0,0,0,"{""process_exit"": 2}"
1776105075,normal,k3s-wk1,0.2532720040886166,0.562391701651384,325.37830811279247,165.78894740350643,58403.23978401441,12381.774548363443,0.0,0,15,2,0,10,0,"{""process_exit"": 15, ""process_exec"": 15, ""process_kprobe"": 10}"
1776105085,normal,sw-wk3,0.20255555555555704,0.31920658282044423,154.0,78.0,5141.233333333334,47977.833333333336,0.0,0,1,1,0,0,0,"{""process_exit"": 17, ""process_exec"": 1}"
1776105085,normal,sw-wk2,0.19352509193525058,0.2605874969736356,156.1177215611772,79.99200079992,5658.334166583341,27549.945005499452,0.0,0,0,0,0,0,0,{}
1776105085,normal,k3s-wk1,0.2532720040886166,0.562391701651384,325.37830811279247,165.78894740350643,58403.2397840144,12381.774548363443,0.0,0,33,3,0,28,0,"{""process_exit"": 33, ""process_exec"": 33, ""process_kprobe"": 28}"
1776105095,normal,sw-wk3,0.1739999999999996,0.3151305478038151,156.13333333333333,80.0,2837.233333333333,7399.9,0.0,0,0,0,0,0,0,{}
1776105095,normal,sw-wk2,0.19352509193525058,0.2605874969736356,156.11772156117718,79.99200079992,5658.334166583341,27549.945005499452,0.0,0,0,0,0,0,0,{}
1776105095,normal,k3s-wk1,0.2532720040886166,0.562391701651384,325.37830811279247,165.78894740350643,58403.2397840144,12381.774548363443,0.0,0,21,2,0,14,0,"{""process_exit"": 21, ""process_exec"": 21, ""process_kprobe"": 14}"
1776105105,normal,sw-wk3,0.1739999999999996,0.3151305478038151,156.13333333333333,80.0,2837.233333333333,7399.9,0.0,0,1,1,0,0,0,"{""process_exit"": 7, ""process_exec"": 1}"
1776105105,normal,sw-wk2,0.19352509193525058,0.2605874969736356,156.1177215611772,79.99200079992,5658.334166583341,27549.945005499452,0.0,0,0,0,0,0,0,{}
1776105105,normal,k3s-wk1,0.2178888888888877,0.5605753937121203,331.5333333333333,172.4,11787.066666666666,1601.9000000000003,0.0,0,18,2,0,12,0,"{""process_exit"": 18, ""process_exec"": 18, ""process_kprobe"": 12}"
1776105115,normal,sw-wk3,0.1739999999999996,0.3151305478038151,156.13333333333333,80.0,2837.233333333333,7399.9,0.0,0,0,0,0,0,0,{}
1776105115,normal,sw-wk2,0.11413363558578182,0.2528559323113778,160.6160616061606,86.008600860086,592.7592759275927,3502.050205020502,0.0,0,0,0,0,0,0,{}
1776105115,normal,k3s-wk1,0.2178888888888877,0.5605753937121203,331.5333333333333,172.4,11787.066666666666,1601.9,0.0,0,15,2,0,10,0,"{""process_exit"": 15, ""process_exec"": 15, ""process_kprobe"": 10}"
1776105125,normal,sw-wk3,0.15988888888888875,0.3200937854403201,156.13333333333333,80.0,2299.4666666666667,6044.366666666667,0.0,0,0,0,0,0,0,{}
1776105125,normal,sw-wk2,0.11413363558578182,0.2528559323113778,160.6160616061606,86.008600860086,592.7592759275927,3502.050205020502,0.0,0,2,2,0,0,0,"{""process_exec"": 2}"
1776105125,normal,k3s-wk1,0.2178888888888877,0.5605753937121203,331.5333333333333,172.4,11787.066666666666,1601.9,0.0,0,18,2,0,12,0,"{""process_exit"": 18, ""process_exec"": 18, ""process_kprobe"": 12}"
1776105135,normal,sw-wk3,0.15988888888888875,0.3200937854403201,156.13333333333333,80.00000000000001,2299.4666666666667,6044.366666666667,0.0,0,0,0,0,0,0,{}
1776105135,normal,sw-wk2,0.11413363558578182,0.2528559323113778,160.6160616061606,86.008600860086,592.7592759275927,3502.050205020502,0.0,0,104,5,0,0,0,"{""process_exit"": 106, ""process_exec"": 104}"
1776105135,normal,k3s-wk1,0.22883747805409282,0.5645850430597057,325.55503700246686,165.81105407027135,32937.96253083539,7988.5325688379235,0.0,0,36,3,0,30,0,"{""process_exit"": 36, ""process_exec"": 36, ""process_kprobe"": 30}"
1776105145,normal,sw-wk3,0.15988888888888875,0.3200937854403201,156.13333333333333,80.0,2299.4666666666667,6044.366666666667,0.0,0,0,0,0,0,0,{}
1776105145,normal,sw-wk2,0.1810545963602409,0.25817755520725816,104.79301379908006,53.996400239984,6794.313712419172,27873.641757216184,0.0,0,0,0,0,0,0,{}
1776105145,normal,k3s-wk1,0.2288374780540927,0.5645850430597057,325.55503700246686,165.81105407027135,32937.96253083539,7988.5325688379235,0.0,0,15,2,0,10,0,"{""process_exit"": 15, ""process_exec"": 15, ""process_kprobe"": 10}"
1776105155,normal,sw-wk3,0.20211111111111169,0.32463811052919966,104.8,54.0,7168.966666666666,6049.133333333334,0.0,0,1,1,0,0,0,"{""process_exit"": 3, ""process_exec"": 1}"
1776105155,normal,sw-wk2,0.1810545963602409,0.25817755520725816,104.79301379908006,53.996400239984,6794.313712419172,27873.641757216184,0.0,0,0,0,0,0,0,{}
1776105155,normal,k3s-wk1,0.2288374780540927,0.5645850430597057,325.55503700246686,165.81105407027135,32937.96253083539,7988.5325688379235,0.0,0,57,3,0,50,0,"{""process_exit"": 57, ""process_exec"": 57, ""process_kprobe"": 50}"
1776105165,normal,sw-wk3,0.20211111111111169,0.32463811052919966,104.8,54.0,7168.966666666666,6049.133333333333,0.0,0,16,3,0,0,0,"{""process_exec"": 16, ""process_exit"": 12}"
1776105165,normal,sw-wk2,0.1810545963602409,0.25817755520725816,104.79301379908006,53.996400239984,6794.313712419172,27873.641757216184,0.0,0,0,0,0,0,0,{}
1776105165,normal,k3s-wk1,0.25255555555555587,0.5674511747301784,323.4,163.8,13230.06666666667,16916.933333333334,0.0,0,18,2,0,12,0,"{""process_exit"": 18, ""process_exec"": 18, ""process_kprobe"": 12}"
1776105175,normal,sw-wk3,0.20211111111111169,0.32463811052919966,104.8,54.0,7168.966666666666,6049.133333333333,0.0,0,0,0,0,0,0,"{""process_exit"": 4}"
1776105175,normal,sw-wk2,0.14000000000000024,0.2573652152860074,154.0,78.0,2382.9666666666667,3644.366666666667,0.0,0,0,0,0,0,0,{}
1776105175,normal,k3s-wk1,0.25255555555555587,0.5674511747301784,323.4,163.8,13230.066666666666,16916.933333333334,0.0,0,12,2,0,8,0,"{""process_exit"": 12, ""process_exec"": 12, ""process_kprobe"": 8}"
1776105185,normal,sw-wk3,0.22233333333333327,0.3196669087758197,156.13333333333333,80.0,14164.433333333332,10914.533333333333,0.0,0,5,3,0,0,0,"{""process_exit"": 9, ""process_exec"": 5}"
1776105185,normal,sw-wk2,0.14000000000000024,0.2573652152860074,154.00000000000003,78.0,2382.9666666666667,3644.3666666666672,0.0,0,2,2,0,0,0,"{""process_exec"": 2}"
1776105185,normal,k3s-wk1,0.25255555555555587,0.5674511747301784,323.4,163.8,13230.066666666666,16916.933333333334,0.0,0,78,3,0,70,0,"{""process_exit"": 78, ""process_exec"": 78, ""process_kprobe"": 70}"
1776105195,normal,sw-wk3,0.22233333333333327,0.3196669087758197,156.13333333333333,80.0,14164.433333333332,10914.533333333333,0.0,0,4,3,0,0,0,"{""process_exec"": 4, ""process_exit"": 15}"
1776105195,normal,sw-wk2,0.14000000000000024,0.2573652152860074,154.0,78.0,2382.9666666666667,3644.366666666667,0.0,0,0,0,0,0,0,{}
1776105195,normal,k3s-wk1,0.23000000000000043,0.5629764421812402,325.5333333333333,165.8,14744.166666666666,14497.866666666667,0.0,0,12,2,0,8,0,"{""process_exit"": 12, ""process_exec"": 12, ""process_kprobe"": 8}"
1776105205,normal,sw-wk3,0.22233333333333327,0.3196669087758197,156.13333333333333,80.0,14164.433333333332,10914.533333333333,0.0,0,1,1,0,0,0,"{""process_exec"": 1}"
1776105205,normal,sw-wk2,0.19139053714692233,0.25915077028938416,156.1437429161944,80.0053336889126,6527.20181345423,27723.748249883327,0.0,0,104,5,0,0,0,"{""process_exit"": 106, ""process_exec"": 104}"
1776105205,normal,k3s-wk1,0.23000000000000043,0.5629764421812402,325.5333333333333,165.8,14744.166666666666,14497.866666666667,0.0,0,15,2,0,10,0,"{""process_exit"": 15, ""process_exec"": 15, ""process_kprobe"": 10}"
1776105215,normal,sw-wk3,0.1864444444444442,0.318048600226818,160.6,86.0,8125.633333333333,8861.1,0.0,0,0,0,0,0,0,{}
1776105215,normal,sw-wk2,0.19139053714692233,0.25915077028938416,156.1437429161944,80.0053336889126,6527.20181345423,27723.748249883327,0.0,0,0,0,0,0,0,{}
1776105215,normal,k3s-wk1,0.23000000000000043,0.5629764421812402,325.5333333333333,165.8,14744.166666666666,14497.866666666667,0.0,0,57,3,0,50,0,"{""process_exit"": 57, ""process_exec"": 57, ""process_kprobe"": 50}"
1776105225,normal,sw-wk3,0.1864444444444442,0.318048600226818,160.6,86.0,8125.633333333333,8861.100000000002,0.0,0,9,3,0,0,0,"{""process_exec"": 9, ""process_exit"": 23}"
1776105225,normal,sw-wk2,0.19139053714692233,0.25915077028938416,156.1437429161944,80.0053336889126,6527.20181345423,27723.748249883327,0.0,0,0,0,0,0,0,{}
1776105225,normal,k3s-wk1,0.2536666666666658,0.5731879534420108,325.5333333333333,165.8,37181.166666666664,13800.9,0.0,0,74,3,0,67,0,"{""process_exit"": 75, ""process_exec"": 74, ""process_kprobe"": 67}"
1776105235,normal,sw-wk3,0.1864444444444442,0.318048600226818,160.6,86.0,8125.633333333333,8861.1,0.0,0,0,0,0,0,0,{}
1776105235,normal,sw-wk2,0.11175549111755434,0.2555446181683806,156.1177215611772,79.99200079992,1467.8198846781988,3526.2473752624737,0.0,0,0,0,0,0,0,{}
1776105235,normal,k3s-wk1,0.2536666666666658,0.5731879534420108,325.5333333333333,165.8,37181.166666666664,13800.9,0.0,0,61,3,0,53,0,"{""process_exec"": 61, ""process_kprobe"": 53, ""process_exit"": 60}"
1776105245,normal,sw-wk3,0.1826666666666673,0.318956509550569,154.00000000000003,78.0,9376.466666666667,11173.2,0.0,0,1,1,0,0,0,"{""process_exit"": 9, ""process_exec"": 1}"
1776105245,normal,sw-wk2,0.11175549111755434,0.2555446181683806,156.1177215611772,79.99200079992,1467.8198846781986,3526.2473752624737,0.0,0,2,2,0,0,0,"{""process_exec"": 2}"
1776105245,normal,k3s-wk1,0.2536666666666658,0.5731879534420108,325.5333333333333,165.8,37181.166666666664,13800.9,0.0,0,36,3,0,30,0,"{""process_exit"": 36, ""process_exec"": 36, ""process_kprobe"": 30}"
1776105255,normal,sw-wk3,0.1826666666666673,0.318956509550569,154.0,78.0,9376.466666666667,11173.2,0.0,0,0,0,0,0,0,{}
1776105255,normal,sw-wk2,0.11175549111755434,0.2555446181683806,156.1177215611772,79.99200079992,1467.8198846781988,3526.2473752624737,0.0,0,104,5,0,0,0,"{""process_exit"": 104, ""process_exec"": 104}"
1776105255,normal,k3s-wk1,0.24505032997800225,0.5719338091781686,323.3784414372375,163.78908072795147,34392.673821745215,10023.365108992733,0.0,0,36,3,0,30,0,"{""process_exit"": 36, ""process_exec"": 36, ""process_kprobe"": 30}"
1776105265,normal,sw-wk3,0.1826666666666673,0.318956509550569,154.0,78.0,9376.466666666667,11173.2,0.0,0,4,3,0,0,0,"{""process_exec"": 4, ""process_exit"": 2}"
1776105265,normal,sw-wk2,0.19703081419253055,0.2564270423181314,154.01540154015402,78.007800780078,6856.518985231856,27754.375437543753,0.0,0,0,0,0,0,0,"{""process_exit"": 2}"
1776105265,normal,k3s-wk1,0.24505032997800225,0.5719338091781686,323.3784414372375,163.78908072795147,34392.673821745215,10023.365108992733,0.0,0,15,2,0,10,0,"{""process_exit"": 16, ""process_exec"": 15, ""process_kprobe"": 10}"
1776105275,normal,sw-wk3,0.22023392982105316,0.3201750194324452,156.086507381119,79.97600719784064,13662.46792628878,7086.040854410344,0.0,0,0,0,0,0,0,"{""process_exit"": 2}"
1776105275,normal,sw-wk2,0.19703081419253055,0.2564270423181314,154.01540154015402,78.007800780078,6856.518985231856,27754.375437543753,0.0,0,0,0,0,0,0,{}
1776105275,normal,k3s-wk1,0.24505032997800225,0.5719338091781686,323.3784414372375,163.78908072795147,34392.673821745215,10023.365108992733,0.0,0,36,3,0,30,0,"{""process_exit"": 36, ""process_exec"": 36, ""process_kprobe"": 30}"
1776105285,normal,sw-wk3,0.22023392982105316,0.3201750194324452,156.086507381119,79.97600719784063,13662.46792628878,7086.040854410344,0.0,0,1,1,0,0,0,"{""process_exit"": 9, ""process_exec"": 1}"
1776105285,normal,sw-wk2,0.19703081419253055,0.2564270423181314,154.01540154015402,78.007800780078,6856.518985231856,27754.375437543753,0.0,0,0,0,0,0,0,{}
1776105285,normal,k3s-wk1,0.2500611151854568,0.5624899109681745,325.55503700246686,165.81105407027135,12053.170211347424,17075.4050270018,0.0,0,12,2,0,8,0,"{""process_exit"": 12, ""process_exec"": 12, ""process_kprobe"": 8}"
1776105295,normal,sw-wk3,0.22023392982105316,0.3201750194324452,156.086507381119,79.97600719784064,13662.46792628878,7086.040854410344,0.0,0,0,0,0,0,0,{}
1776105295,normal,sw-wk2,0.14016843321556238,0.2599153255093849,156.12292513832412,79.99466702219851,1426.0382641157255,3571.828544763682,0.0,0,0,0,0,0,0,{}
1776105295,normal,k3s-wk1,0.2500611151854567,0.5624899109681745,325.55503700246686,165.81105407027135,12053.170211347424,17075.4050270018,0.0,0,81,3,0,72,0,"{""process_exit"": 81, ""process_exec"": 81, ""process_kprobe"": 72}"
1776105305,normal,sw-wk3,0.1646382803730012,0.31536628566331537,154.04621386415923,78.02340702210662,2520.6561968590577,6529.02537427895,0.0,0,0,0,0,0,0,{}
1776105305,normal,sw-wk2,0.14016843321556238,0.2599153255093849,156.12292513832412,79.99466702219851,1426.0382641157255,3571.828544763682,0.0,0,2,2,0,0,0,"{""process_exec"": 2}"
1776105305,normal,k3s-wk1,0.2500611151854567,0.5624899109681745,325.55503700246686,165.81105407027135,12053.170211347424,17075.4050270018,0.0,0,33,3,0,28,0,"{""process_exit"": 33, ""process_exec"": 33, ""process_kprobe"": 28}"
1776105315,normal,sw-wk3,0.1646382803730012,0.31536628566331537,154.04621386415923,78.02340702210662,2520.6561968590577,6529.02537427895,0.0,0,0,0,0,0,0,{}
1776105315,normal,sw-wk2,0.14016843321556238,0.2599153255093849,156.12292513832412,79.99466702219851,1426.0382641157255,3571.828544763682,0.0,0,104,5,0,0,0,"{""process_exit"": 104, ""process_exec"": 104}"
1776105315,normal,k3s-wk1,0.2337777777777772,0.5535054517459246,325.5333333333333,165.8,32643.3,5313.3,0.0,0,15,2,0,10,0,"{""process_exit"": 15, ""process_exec"": 15, ""process_kprobe"": 10}"
1776105325,normal,sw-wk3,0.1646382803730012,0.31536628566331537,154.04621386415923,78.02340702210662,2520.6561968590577,6529.02537427895,0.0,0,1,1,0,0,0,"{""process_exit"": 5, ""process_exec"": 1}"
1776105325,normal,sw-wk2,0.18524938057620377,0.26189998343463694,107.79640678644043,56.998100063331215,5639.812006266458,27785.773807539743,0.0,0,0,0,0,0,0,"{""process_exit"": 2}"
1776105325,normal,k3s-wk1,0.2337777777777773,0.5535054517459246,325.5333333333333,165.8,32643.3,5313.3,0.0,0,60,3,0,52,0,"{""process_exit"": 60, ""process_exec"": 60, ""process_kprobe"": 52}"
1776105335,normal,sw-wk3,0.1597777777777778,0.31873829274819376,159.13333333333333,83.0,2961.5,5855.2,0.0,0,0,0,0,0,0,{}
1776105335,normal,sw-wk2,0.185249380576204,0.26189998343463694,107.79640678644043,56.998100063331215,5639.812006266457,27785.773807539743,0.0,0,0,0,0,0,0,{}
1776105335,normal,k3s-wk1,0.2337777777777773,0.5535054517459246,325.5333333333333,165.8,32643.3,5313.3,0.0,0,75,3,0,68,0,"{""process_exit"": 75, ""process_exec"": 75, ""process_kprobe"": 68}"
1776105345,normal,sw-wk3,0.1597777777777778,0.31873829274819376,159.13333333333333,83.0,2961.5,5855.2,0.0,0,1,1,0,0,0,"{""process_exit"": 5, ""process_exec"": 1}"
1776105345,normal,sw-wk2,0.185249380576204,0.26189998343463694,107.79640678644043,56.998100063331215,5639.812006266457,27785.773807539743,0.0,0,0,0,0,0,0,{}
1776105345,normal,k3s-wk1,0.23844444444444612,0.5567610341553942,326.4,166.8,10574.5,6427.833333333333,0.0,0,57,3,0,50,0,"{""process_exit"": 57, ""process_exec"": 57, ""process_kprobe"": 50}"
1776105355,normal,sw-wk3,0.1597777777777778,0.31873829274819376,159.13333333333333,83.0,2961.5,5855.2,0.0,0,0,0,0,0,0,{}
1776105355,normal,sw-wk2,0.1274683023857932,0.25505243574550507,156.14894822815614,80.00800080008003,614.6281294796146,3516.7183385005164,0.0,0,0,0,0,0,0,{}
1776105355,normal,k3s-wk1,0.23844444444444612,0.5567610341553942,326.4,166.8,10574.5,6427.833333333333,0.0,0,36,3,0,30,0,"{""process_exit"": 36, ""process_exec"": 36, ""process_kprobe"": 30}"
1776105365,normal,sw-wk3,0.14422222222222247,0.32272035118569775,102.66666666666667,52.0,2581.4333333333334,7155.233333333334,0.0,0,1,1,0,0,0,"{""process_exit"": 9, ""process_exec"": 1}"
1776105365,normal,sw-wk2,0.1274683023857932,0.25505243574550507,156.14894822815614,80.00800080008,614.6281294796146,3516.7183385005164,0.0,0,106,7,0,0,0,"{""process_exec"": 106, ""process_exit"": 106}"
1776105365,normal,k3s-wk1,0.23844444444444612,0.5567610341553942,326.4,166.8,10574.5,6427.833333333333,0.0,0,12,2,0,8,0,"{""process_exit"": 12, ""process_exec"": 12, ""process_kprobe"": 8}"
1776105375,normal,sw-wk3,0.14422222222222247,0.32272035118569775,102.66666666666667,52.0,2581.4333333333334,7155.233333333334,0.0,0,0,0,0,0,0,{}
1776105375,normal,sw-wk2,0.1274683023857932,0.25505243574550507,156.14894822815614,80.00800080008,614.6281294796146,3516.7183385005164,0.0,0,0,0,0,0,0,{}
1776105375,normal,k3s-wk1,0.23544444444444246,0.5614028354271484,325.5333333333333,165.8,33962.9,9346.433333333332,0.0,0,33,3,0,28,0,"{""process_exit"": 33, ""process_exec"": 33, ""process_kprobe"": 28}"
1776105385,normal,sw-wk3,0.14422222222222247,0.32272035118569775,102.66666666666667,52.0,2581.4333333333334,7155.233333333334,0.0,0,1,1,0,0,0,"{""process_exit"": 29, ""process_exec"": 1}"
1776105385,normal,sw-wk2,0.18860964824567406,0.2518699746422519,156.12292513832415,79.99466702219851,5422.038530764616,27644.690353976403,0.0,0,0,0,0,0,0,{}
1776105385,normal,k3s-wk1,0.23544444444444246,0.5614028354271484,325.5333333333333,165.8,33962.9,9346.433333333334,0.0,0,18,2,0,12,0,"{""process_exit"": 18, ""process_exec"": 18, ""process_kprobe"": 12}"
1776105395,normal,sw-wk3,0.300333333333333,0.31148935356856144,156.13333333333333,80.0,4963.566666666667,9344.333333333334,0.0,0,0,0,0,0,0,{}
1776105395,normal,sw-wk2,0.18860964824567406,0.2518699746422519,156.12292513832412,79.99466702219851,5422.038530764616,27644.690353976403,0.0,0,0,0,0,0,0,{}
1776105395,normal,k3s-wk1,0.23544444444444246,0.5614028354271484,325.5333333333333,165.8,33962.9,9346.433333333332,0.0,0,15,2,0,10,0,"{""process_exit"": 15, ""process_exec"": 15, ""process_kprobe"": 10}"
1776105405,normal,sw-wk3,0.300333333333333,0.31148935356856144,156.13333333333333,80.0,4963.566666666667,9344.333333333334,0.0,0,1,1,0,0,0,"{""process_exec"": 1}"
1776105405,normal,sw-wk2,0.18860964824567406,0.2518699746422519,156.12292513832412,79.99466702219851,5422.038530764616,27644.690353976403,0.0,0,0,0,0,0,0,{}
1776105405,normal,k3s-wk1,0.2257777777777783,0.5552449983801107,325.5333333333333,165.8,13192.5,5727.266666666666,0.0,0,36,3,0,30,0,"{""process_exit"": 36, ""process_exec"": 36, ""process_kprobe"": 30}"
1776105416,normal,sw-wk3,0.300333333333333,0.31148935356856144,156.13333333333333,80.0,4963.566666666667,9344.333333333334,0.0,0,1,1,0,0,0,"{""process_exit"": 11, ""process_exec"": 1}"
1776105416,normal,sw-wk2,0.14127947025753884,0.25691126062413194,156.12292513832412,79.99466702219851,1032.6978201453237,3527.398173455103,0.0,0,0,0,0,0,0,{}
1776105416,normal,k3s-wk1,0.2257777777777783,0.5552449983801107,325.5333333333333,165.8,13192.5,5727.266666666666,0.0,0,60,3,0,52,0,"{""process_exit"": 60, ""process_exec"": 60, ""process_kprobe"": 52}"
1776105425,normal,sw-wk3,0.21379770038326962,0.34277877594709283,153.97433761039827,77.98700216630561,3389.9683386102315,7071.088151974671,0.0,0,0,0,0,0,0,{}
1776105425,normal,sw-wk2,0.14127947025753884,0.25691126062413194,156.12292513832412,79.99466702219851,1032.6978201453237,3527.398173455103,0.0,0,2,2,0,0,0,"{""process_exec"": 2}"
1776105425,normal,k3s-wk1,0.2257777777777783,0.5552449983801107,325.5333333333333,165.8,13192.5,5727.266666666666,0.0,0,9,2,0,6,0,"{""process_exit"": 9, ""process_exec"": 9, ""process_kprobe"": 6}"
1776105435,normal,sw-wk3,0.21379770038326962,0.34277877594709283,153.97433761039827,77.98700216630561,3389.9683386102315,7071.088151974671,0.0,0,0,0,0,0,0,{}
1776105435,normal,sw-wk2,0.14127947025753884,0.25691126062413194,156.12292513832412,79.99466702219851,1032.6978201453237,3527.398173455103,0.0,0,104,5,0,0,0,"{""process_exit"": 106, ""process_exec"": 104}"
1776105435,normal,k3s-wk1,0.24144444444444346,0.5626276297802256,323.4,163.8,34477.5,5925.666666666667,0.0,0,36,3,0,30,0,"{""process_exit"": 36, ""process_exec"": 36, ""process_kprobe"": 30}"
1776105445,normal,sw-wk3,0.21379770038326962,0.34277877594709283,153.97433761039827,77.98700216630561,3389.9683386102315,7071.088151974671,0.0,0,1,1,0,0,0,"{""process_exit"": 3, ""process_exec"": 1}"
1776105445,normal,sw-wk2,0.18666933368893568,0.26078182142538575,156.15415388718495,80.01066808907854,6821.042805707428,27970.39605280704,0.0,0,0,0,0,0,0,{}
1776105445,normal,k3s-wk1,0.24144444444444346,0.5626276297802256,323.4,163.8,34477.5,5925.666666666667,0.0,0,36,3,0,30,0,"{""process_exit"": 36, ""process_exec"": 36, ""process_kprobe"": 30}"
1776105455,normal,sw-wk3,0.16019336556092634,0.3653028912929903,156.15935989331552,80.01333555592598,3571.761960326721,5891.2152025337555,0.0,0,0,0,0,0,0,{}
1776105455,normal,sw-wk2,0.18666933368893568,0.26078182142538575,156.15415388718495,80.01066808907854,6821.042805707428,27970.39605280704,0.0,0,0,0,0,0,0,{}
1776105455,normal,k3s-wk1,0.24144444444444346,0.5626276297802256,323.4,163.8,34477.5,5925.666666666667,0.0,0,36,3,0,30,0,"{""process_exit"": 36, ""process_exec"": 36, ""process_kprobe"": 30}"
1776105465,normal,sw-wk3,0.16019336556092634,0.3653028912929903,156.15935989331558,80.01333555592598,3571.761960326721,5891.215202533756,0.0,0,0,0,0,0,0,{}
1776105465,normal,sw-wk2,0.18666933368893568,0.26078182142538575,156.15415388718495,80.01066808907854,6821.042805707428,27970.39605280704,0.0,0,0,0,0,0,0,{}
1776105465,normal,k3s-wk1,0.22888888888888903,0.5665639043508985,325.5333333333333,165.8,9736.1,7301.666666666667,0.0,0,57,3,0,50,0,"{""process_exit"": 57, ""process_exec"": 57, ""process_kprobe"": 50}"
1776105475,normal,sw-wk3,0.16019336556092634,0.3653028912929903,156.15935989331552,80.01333555592598,3571.761960326721,5891.2152025337555,0.0,0,1,1,0,0,0,"{""process_exit"": 3, ""process_exec"": 1}"
1776105475,normal,sw-wk2,0.10875579108755762,0.26078182142538575,109.25574109255741,59.99400059994001,596.5736759657367,3507.9825350798255,0.0,0,0,0,0,0,0,{}
1776105475,normal,k3s-wk1,0.22888888888888914,0.5665639043508985,325.5333333333333,165.8,9736.1,7301.666666666667,0.0,0,15,2,0,10,0,"{""process_exit"": 15, ""process_exec"": 15, ""process_kprobe"": 10}"
1776105486,normal,sw-wk3,0.157555555555555,0.39024331969876525,156.13333333333333,80.00000000000001,2206.2,5778.0,0.0,0,0,0,0,0,0,{}
1776105486,normal,sw-wk2,0.10875579108755762,0.26078182142538575,109.25574109255741,59.99400059994001,596.5736759657368,3507.9825350798255,0.0,0,2,2,0,0,0,"{""process_exec"": 2}"
1776105486,normal,k3s-wk1,0.22888888888888914,0.5665639043508985,325.5333333333333,165.8,9736.1,7301.666666666667,0.0,0,36,3,0,30,0,"{""process_exit"": 36, ""process_exec"": 36, ""process_kprobe"": 30}"
1776105495,normal,sw-wk3,0.157555555555555,0.39024331969876525,156.13333333333333,80.0,2206.2,5778.0,0.0,0,0,0,0,0,0,{}
1776105495,normal,sw-wk2,0.10875579108755762,0.26078182142538575,109.25574109255741,59.99400059994001,596.5736759657368,3507.9825350798255,0.0,0,0,0,0,0,0,{}
1776105495,normal,k3s-wk1,0.21366666666666678,0.5663302339075004,325.5333333333333,165.80000000000004,9867.033333333333,4623.166666666667,0.0,0,12,2,0,8,0,"{""process_exit"": 12, ""process_exec"": 12, ""process_kprobe"": 8}"
1776105505,normal,sw-wk3,0.157555555555555,0.39024331969876525,156.13333333333333,80.0,2206.2,5778.0,0.0,0,0,0,0,0,0,{}
1776105505,normal,sw-wk2,0.18880776966585555,0.26290505498426286,156.14894822815614,80.00800080008,5373.8707204053735,27678.934560122678,0.0,0,104,5,0,0,0,"{""process_exit"": 106, ""process_exec"": 104}"
1776105505,normal,k3s-wk1,0.21366666666666678,0.5663302339075004,325.5333333333333,165.8,9867.033333333333,4623.166666666668,0.0,0,15,2,0,10,0,"{""process_exit"": 15, ""process_exec"": 15, ""process_kprobe"": 10}"
1776105515,normal,sw-wk3,0.1870000000000016,0.32646189329357644,102.66666666666667,52.0,7225.633333333333,6797.966666666666,0.0,0,1,1,0,0,0,"{""process_exit"": 8, ""process_exec"": 1}"
1776105515,normal,sw-wk2,0.18880776966585555,0.26290505498426286,156.14894822815614,80.00800080008,5373.870720405374,27678.934560122678,0.0,0,0,0,0,0,0,{}
1776105515,normal,k3s-wk1,0.21366666666666678,0.5663302339075004,325.5333333333333,165.8,9867.033333333333,4623.166666666667,0.0,0,36,3,0,30,0,"{""process_exit"": 36, ""process_exec"": 36, ""process_kprobe"": 30}"
1776105525,normal,sw-wk3,0.18700000000000172,0.32646189329357644,102.66666666666667,52.0,7225.633333333333,6797.966666666666,0.0,0,0,0,0,0,0,{}
1776105525,normal,sw-wk2,0.18880776966585555,0.26290505498426286,156.14894822815614,80.00800080008,5373.8707204053735,27678.934560122678,0.0,0,0,0,0,0,0,{}
1776105525,normal,k3s-wk1,0.24466666666666648,0.5672175042867802,330.00000000000006,171.8,33876.0,11610.033333333333,0.0,0,99,3,0,90,0,"{""process_exit"": 99, ""process_exec"": 99, ""process_kprobe"": 90}"
1776105535,normal,sw-wk3,0.18700000000000172,0.32646189329357644,102.66666666666667,52.0,7225.633333333333,6797.966666666666,0.0,0,0,0,0,0,0,{}
1776105535,normal,sw-wk2,0.12666666666666648,0.2604505141633855,156.13333333333333,80.0,1288.1666666666667,3494.733333333333,0.0,0,0,0,0,0,0,{}
1776105535,normal,k3s-wk1,0.24466666666666648,0.5672175042867802,330.0,171.8,33876.0,11610.033333333333,0.0,0,12,2,0,8,0,"{""process_exit"": 12, ""process_exec"": 12, ""process_kprobe"": 8}"
1776105546,normal,sw-wk3,0.15855555555555534,0.3164000280336914,156.13333333333335,80.0,2974.4000000000005,6946.166666666667,0.0,0,1,1,0,0,0,"{""process_exit"": 13, ""process_exec"": 1}"
1776105546,normal,sw-wk2,0.12666666666666648,0.2604505141633855,156.13333333333333,80.0,1288.1666666666667,3494.733333333333,0.0,0,2,2,0,0,0,"{""process_exec"": 2}"
1776105546,normal,k3s-wk1,0.24466666666666648,0.5672175042867802,330.0,171.8,33876.0,11610.033333333333,0.0,0,33,3,0,28,0,"{""process_exit"": 33, ""process_exec"": 33, ""process_kprobe"": 28}"
1776105556,normal,sw-wk3,0.15855555555555534,0.3164000280336914,156.13333333333333,80.0,2974.4,6946.166666666667,0.0,0,0,0,0,0,0,{}
1776105556,normal,sw-wk2,0.12666666666666648,0.2604505141633855,156.13333333333333,80.0,1288.1666666666667,3494.733333333333,0.0,0,104,5,0,0,0,"{""process_exit"": 106, ""process_exec"": 104}"
1776105556,normal,k3s-wk1,0.2454444444444448,0.5712282824770873,325.5333333333333,165.8,34564.166666666664,10338.6,0.0,0,39,3,0,32,0,"{""process_exit"": 39, ""process_exec"": 39, ""process_kprobe"": 32}"
1776105565,normal,sw-wk3,0.15855555555555534,0.3164000280336914,156.13333333333333,80.0,2974.4,6946.166666666667,0.0,0,0,0,0,0,0,{}
1776105565,normal,sw-wk2,0.19663589196635956,0.26061138932426064,156.1177215611772,79.99200079992,6003.999600039996,27626.570676265703,0.0,0,0,0,0,0,0,{}
1776105565,normal,k3s-wk1,0.2454444444444448,0.5712282824770873,325.5333333333333,165.8,34564.166666666664,10338.600000000002,0.0,0,15,2,0,10,0,"{""process_exit"": 16, ""process_exec"": 15, ""process_kprobe"": 10}"
1776105575,normal,sw-wk3,0.15899999999999936,0.31583935420569087,156.13333333333333,80.0,4571.166666666667,5302.133333333333,0.0,0,1,1,0,0,0,"{""process_exit"": 9, ""process_exec"": 1}"
1776105575,normal,sw-wk2,0.19663589196635956,0.26061138932426064,156.1177215611772,79.99200079992,6003.999600039996,27626.570676265706,0.0,0,0,0,0,0,0,{}
1776105575,normal,k3s-wk1,0.2454444444444448,0.5712282824770873,325.5333333333333,165.8,34564.166666666664,10338.6,0.0,0,60,3,0,52,0,"{""process_exit"": 60, ""process_exec"": 60, ""process_kprobe"": 52}"
1776105585,normal,sw-wk3,0.15899999999999936,0.31583935420569087,156.13333333333333,80.0,4571.166666666667,5302.133333333333,0.0,0,0,0,0,0,0,{}
1776105585,normal,sw-wk2,0.19663589196635956,0.26061138932426064,156.1177215611772,79.99200079992,6003.999600039996,27626.570676265706,0.0,0,0,0,0,0,0,{}
1776105585,normal,k3s-wk1,0.2154444444444441,0.5667964459515749,325.5333333333333,165.8,10107.466666666667,3839.5333333333333,0.0,0,33,3,0,28,0,"{""process_exit"": 33, ""process_exec"": 33, ""process_kprobe"": 28}"
1776105595,normal,sw-wk3,0.15899999999999936,0.31583935420569087,156.13333333333333,80.0,4571.166666666667,5302.133333333333,0.0,0,0,0,0,0,0,{}
1776105595,normal,sw-wk2,0.11535598004244862,0.25962543165513463,154.01540154015402,78.007800780078,735.9735973597359,3591.225789245591,0.0,0,0,0,0,0,0,{}
1776105595,normal,k3s-wk1,0.2154444444444441,0.5667964459515749,325.5333333333333,165.8,10107.466666666667,3839.5333333333333,0.0,0,15,2,0,10,0,"{""process_exit"": 15, ""process_exec"": 15, ""process_kprobe"": 10}"
1776105605,normal,sw-wk3,0.15333333333333288,0.3196621303056947,156.13333333333335,80.0,2261.1666666666665,7624.966666666666,0.0,0,1,1,0,0,0,"{""process_exit"": 9, ""process_exec"": 1}"
1776105605,normal,sw-wk2,0.11535598004244862,0.25962543165513463,154.01540154015402,78.007800780078,735.9735973597359,3591.225789245591,0.0,0,4,4,0,0,0,"{""process_exec"": 4, ""process_exit"": 2}"
1776105605,normal,k3s-wk1,0.21544444444444422,0.5667964459515749,325.5333333333333,165.8,10107.466666666667,3839.5333333333333,0.0,0,28,3,0,22,0,"{""process_exit"": 28, ""process_exec"": 28, ""process_kprobe"": 22}"
1776105615,normal,sw-wk3,0.15333333333333288,0.3196621303056947,156.13333333333333,80.0,2261.1666666666665,7624.966666666666,0.0,0,0,0,0,0,0,{}
1776105615,normal,sw-wk2,0.11535598004244862,0.25962543165513463,154.01540154015402,78.007800780078,735.9735973597359,3591.225789245591,0.0,0,102,3,0,0,0,"{""process_exit"": 104, ""process_exec"": 102}"
1776105615,normal,k3s-wk1,0.2327777777777782,0.5578153732574902,520.9666666666667,258.23333333333335,34027.4,9489.466666666667,0.0,0,41,3,0,36,0,"{""process_kprobe"": 36, ""process_exit"": 41, ""process_exec"": 41}"
1776105625,normal,sw-wk3,0.15333333333333288,0.3196621303056947,156.13333333333333,80.0,2261.1666666666665,7624.966666666666,0.0,0,0,0,0,0,0,{}
1776105625,normal,sw-wk2,0.19055555555555537,0.26181715661913685,156.13333333333333,80.0,5466.866666666667,27649.3,0.0,0,0,0,0,0,0,{}
1776105625,normal,k3s-wk1,0.2327777777777782,0.5578153732574902,520.9666666666668,258.23333333333335,34027.4,9489.466666666667,0.0,0,15,2,0,10,0,"{""process_exit"": 15, ""process_exec"": 15, ""process_kprobe"": 10}"
1776105636,normal,sw-wk3,0.2592222222222239,0.3165784242516916,156.13333333333333,80.00000000000001,4551.0,5152.9,0.0,0,0,0,0,0,0,{}
1776105636,normal,sw-wk2,0.19055555555555537,0.26181715661913685,156.13333333333333,80.0,5466.866666666667,27649.3,0.0,0,0,0,0,0,0,{}
1776105636,normal,k3s-wk1,0.2327777777777782,0.5578153732574902,520.9666666666667,258.23333333333335,34027.4,9489.466666666667,0.0,0,36,3,0,30,0,"{""process_exit"": 36, ""process_exec"": 36, ""process_kprobe"": 30}"
1776105645,normal,sw-wk3,0.2592222222222239,0.3165784242516916,156.13333333333333,80.0,4551.0,5152.9,0.0,0,1,1,0,0,0,"{""process_exit"": 25, ""process_exec"": 1}"
1776105645,normal,sw-wk2,0.19055555555555537,0.26181715661913685,156.13333333333333,80.0,5466.866666666667,27649.3,0.0,0,10,7,2,0,0,"{""process_exec"": 10, ""process_exit"": 8}"
1776105645,normal,k3s-wk1,0.23011111111111027,0.5591022539602625,327.5333333333333,167.8,14003.966666666667,5101.6,0.0,0,12,2,0,8,0,"{""process_exit"": 12, ""process_exec"": 12, ""process_kprobe"": 8}"
1776105655,normal,sw-wk3,0.2592222222222239,0.3165784242516916,156.13333333333333,80.0,4551.0,5152.9,0.0,0,0,0,0,0,0,{}
1776105655,normal,sw-wk2,0.16505566295580454,0.2601701772493852,104.79301379908006,58.929404706352905,2303.179788014132,7533.397773481768,0.0,0,10,8,2,1,0,"{""process_exit"": 12, ""process_exec"": 10, ""process_kprobe"": 1}"
1776105655,normal,k3s-wk1,0.23011111111111027,0.5591022539602625,327.5333333333333,167.8,14003.966666666667,5101.6,0.0,0,12,2,0,8,0,"{""process_exit"": 12, ""process_exec"": 12, ""process_kprobe"": 8}"
1776105666,normal,sw-wk3,0.16319479163194606,0.3208790473641959,156.1177215611772,79.99200079992,2342.632403426324,9822.051128220512,0.0,0,1,1,0,0,0,"{""process_exit"": 9, ""process_exec"": 1}"
1776105666,normal,sw-wk2,0.16505566295580454,0.2601701772493852,104.79301379908006,58.929404706352905,2303.179788014132,7533.397773481768,0.0,0,2,2,0,2,0,"{""process_kprobe"": 2, ""process_exec"": 2}"
1776105666,normal,k3s-wk1,0.23011111111111027,0.5591022539602625,327.5333333333333,167.8,14003.966666666667,5101.6,0.0,0,12,2,0,8,0,"{""process_exit"": 12, ""process_exec"": 12, ""process_kprobe"": 8}"
1776105676,normal,sw-wk3,0.16319479163194628,0.3208790473641959,156.1177215611772,79.99200079992,2342.632403426324,9822.051128220512,0.0,0,0,0,0,0,0,{}
1776105676,normal,sw-wk2,0.16505566295580454,0.2601701772493852,104.79301379908006,58.929404706352905,2303.179788014132,7533.397773481768,0.0,0,104,5,0,2,0,"{""process_exit"": 106, ""process_exec"": 104, ""process_kprobe"": 2}"
1776105676,normal,k3s-wk1,0.23077777777777886,0.5596745772201797,327.5333333333333,167.8,36811.8,9556.966666666667,0.0,0,12,2,0,8,0,"{""process_exit"": 12, ""process_exec"": 12, ""process_kprobe"": 8}"
1776105686,normal,sw-wk3,0.16319479163194606,0.3208790473641959,156.1177215611772,79.99200079992,2342.632403426324,9822.051128220512,0.0,0,0,0,0,0,0,{}
1776105686,normal,sw-wk2,0.20991522504805016,0.26393561170788893,164.46118462717908,108.66304456518114,5488.317056098129,28457.45141828605,0.0,0,0,0,0,1,0,"{""process_kprobe"": 1}"
1776105686,normal,k3s-wk1,0.23077777777777886,0.5596745772201797,327.5333333333334,167.8,36811.8,9556.966666666667,0.0,0,36,3,0,30,0,"{""process_exit"": 36, ""process_exec"": 36, ""process_kprobe"": 30}"
1776105696,normal,sw-wk3,0.1443588803324789,0.3182907093798183,104.8104810481048,54.005400540054005,2987.7321065439874,5126.879354602127,0.0,0,0,0,0,0,0,{}
1776105696,normal,sw-wk2,0.20991522504805016,0.26393561170788893,164.46118462717908,108.66304456518114,5488.317056098131,28457.45141828605,0.0,0,0,0,0,2,0,"{""process_kprobe"": 2}"
1776105696,normal,k3s-wk1,0.23077777777777886,0.5596745772201797,327.5333333333333,167.8,36811.8,9556.966666666667,0.0,0,30,3,0,26,0,"{""process_exit"": 30, ""process_exec"": 30, ""process_kprobe"": 26}"
1776105706,normal,sw-wk3,0.1443588803324789,0.3182907093798183,104.8104810481048,54.005400540054005,2987.7321065439874,5126.879354602127,0.0,0,1,1,0,0,0,"{""process_exit"": 11, ""process_exec"": 1}"
1776105706,normal,sw-wk2,0.20991522504805016,0.26393561170788893,164.46118462717908,108.66304456518114,5488.317056098129,28457.45141828605,0.0,0,0,0,0,0,0,{}
1776105706,normal,k3s-wk1,0.2173333333333315,0.5599782359123251,331.5333333333333,172.4,10732.3,1901.1333333333332,0.0,0,36,3,0,30,0,"{""process_exit"": 36, ""process_exec"": 36, ""process_kprobe"": 30}"
1776105716,normal,sw-wk3,0.1443588803324789,0.3182907093798183,104.8104810481048,54.005400540054005,2987.7321065439874,5126.879354602127,0.0,0,0,0,0,0,0,{}
1776105716,normal,sw-wk2,0.11413363558578304,0.2613823158377614,164.14974830816413,94.8094809480948,645.5312197886454,4105.410541054105,0.0,0,0,0,0,1,0,"{""process_kprobe"": 1}"
1776105716,normal,k3s-wk1,0.2173333333333315,0.5599782359123251,331.5333333333333,172.4,10732.300000000003,1901.1333333333332,0.0,0,33,3,0,28,0,"{""process_exit"": 33, ""process_exec"": 33, ""process_kprobe"": 28}"
1776105726,normal,sw-wk3,0.1564444444444436,0.32023236107394526,156.13333333333333,80.00000000000001,2190.7,6550.066666666667,0.0,0,0,0,0,0,0,{}
1776105726,normal,sw-wk2,0.11413363558578304,0.2613823158377614,164.14974830816413,94.8094809480948,645.5312197886454,4105.410541054105,0.0,0,2,2,0,1,0,"{""process_kprobe"": 1, ""process_exec"": 2}"
1776105726,normal,k3s-wk1,0.2173333333333315,0.5599782359123251,331.5333333333333,172.4,10732.3,1901.1333333333332,0.0,0,102,3,0,92,0,"{""process_exit"": 102, ""process_exec"": 102, ""process_kprobe"": 92}"
1776105736,normal,sw-wk3,0.1564444444444436,0.32023236107394526,156.13333333333333,80.00000000000001,2190.7,6550.066666666667,0.0,0,1,1,0,0,0,"{""process_exit"": 9, ""process_exec"": 1}"
1776105736,normal,sw-wk2,0.11413363558578304,0.2613823158377614,164.14974830816413,94.8094809480948,645.5312197886454,4105.410541054105,0.0,0,104,5,0,1,0,"{""process_exit"": 106, ""process_exec"": 104, ""process_kprobe"": 1}"
1776105736,normal,k3s-wk1,0.2528888888888887,0.5561029188486255,325.5333333333333,165.8,34657.26666666666,9525.233333333335,0.0,0,12,2,0,8,0,"{""process_exit"": 12, ""process_exec"": 12, ""process_kprobe"": 8}"
1776105746,normal,sw-wk3,0.1564444444444436,0.32023236107394526,156.13333333333333,80.0,2190.7,6550.066666666667,0.0,0,0,0,0,0,0,{}
1776105746,normal,sw-wk2,0.19716463346888002,0.2617916714451368,162.12252516498899,94.79368042130524,6530.8312779148055,28393.240450636622,0.0,0,0,0,0,1,0,"{""process_kprobe"": 1}"
1776105746,normal,k3s-wk1,0.2528888888888887,0.5561029188486255,325.5333333333333,165.8,34657.26666666667,9525.233333333334,0.0,0,36,3,0,30,0,"{""process_exit"": 36, ""process_exec"": 36, ""process_kprobe"": 30}"
1776105756,normal,sw-wk3,0.15744444444444516,0.31430387247218927,160.6,86.0,4239.266666666666,6414.566666666667,0.0,0,0,0,0,0,0,{}
1776105756,normal,sw-wk2,0.19716463346888002,0.2617916714451368,162.12252516498899,94.79368042130524,6530.8312779148055,28393.240450636622,0.0,0,0,0,0,1,0,"{""process_kprobe"": 1}"
1776105756,normal,k3s-wk1,0.2528888888888887,0.5561029188486255,325.5333333333333,165.8,34657.26666666666,9525.233333333334,0.0,0,54,3,0,48,0,"{""process_exit"": 54, ""process_exec"": 54, ""process_kprobe"": 48}"
1776105766,normal,sw-wk3,0.15744444444444516,0.31430387247218927,160.6,86.0,4239.266666666666,6414.566666666667,0.0,0,0,0,0,0,0,{}
1776105766,normal,sw-wk2,0.19716463346888002,0.2617916714451368,162.12252516498899,94.79368042130524,6530.8312779148055,28393.240450636622,0.0,0,0,0,0,1,0,"{""process_kprobe"": 1}"
1776105766,normal,k3s-wk1,0.22644444444444323,0.5593697896853125,323.4,163.8,9306.633333333333,5439.766666666666,0.0,0,33,3,0,28,0,"{""process_exit"": 33, ""process_exec"": 33, ""process_kprobe"": 28}"
1776105776,normal,sw-wk3,0.15744444444444516,0.31430387247218927,160.6,86.0,4239.266666666666,6414.566666666667,0.0,0,1,1,0,0,0,"{""process_exit"": 3, ""process_exec"": 1}"
1776105776,normal,sw-wk2,0.1308067508860815,0.2659170839863909,159.99466684443848,87.86373787540414,2619.3126895770138,4259.19136028799,0.0,0,0,0,0,0,0,"{""process_exit"": 2}"
1776105776,normal,k3s-wk1,0.22644444444444323,0.5593697896853125,323.4,163.8,9306.633333333333,5439.766666666666,0.0,0,15,2,0,10,0,"{""process_exit"": 15, ""process_exec"": 15, ""process_kprobe"": 10}"
1776105786,normal,sw-wk3,0.1598888888888873,0.31481357595218984,154.0,78.0,3157.5666666666666,5624.766666666666,0.0,0,0,0,0,0,0,{}
1776105786,normal,sw-wk2,0.1308067508860815,0.2659170839863909,159.99466684443854,87.86373787540414,2619.312689577014,4259.1913602879895,0.0,0,2,2,0,0,0,"{""process_exec"": 2}"
1776105786,normal,k3s-wk1,0.22644444444444323,0.5593697896853125,323.4,163.8,9306.633333333333,5439.766666666666,0.0,0,12,2,0,8,0,"{""process_exit"": 12, ""process_exec"": 12, ""process_kprobe"": 8}"
1776105796,normal,sw-wk3,0.15988888888888753,0.31481357595218984,154.0,78.0,3157.5666666666666,5624.766666666666,0.0,0,0,0,0,0,0,{}
1776105796,normal,sw-wk2,0.1308067508860815,0.2659170839863909,159.99466684443848,87.86373787540414,2619.3126895770138,4259.1913602879895,0.0,0,104,5,0,0,0,"{""process_exit"": 106, ""process_exec"": 104}"
1776105796,normal,k3s-wk1,0.23566666666667213,0.5581133877360269,330.0,171.8,33676.23333333333,8505.066666666666,0.0,0,84,3,0,74,0,"{""process_exit"": 84, ""process_exec"": 84, ""process_kprobe"": 74}"
1776105806,normal,sw-wk3,0.15988888888888753,0.31481357595218984,154.0,78.0,3157.5666666666666,5624.766666666666,0.0,0,0,0,0,0,0,{}
1776105806,normal,sw-wk2,0.20764025467515634,0.2625673764287626,158.138604620154,82.7360912030401,6705.223507450249,27905.996866562222,0.0,0,0,0,0,0,0,{}
1776105806,normal,k3s-wk1,0.23566666666667213,0.5581133877360269,330.0,171.8,33676.23333333333,8505.066666666666,0.0,0,39,3,0,32,0,"{""process_exit"": 39, ""process_exec"": 39, ""process_kprobe"": 32}"
1776105816,normal,sw-wk3,0.15399999999999892,0.3153455789594404,156.13333333333333,80.0,2956.7666666666664,7723.3,0.0,0,1,1,0,0,0,"{""process_exit"": 19, ""process_exec"": 1}"
1776105816,normal,sw-wk2,0.20764025467515634,0.2625673764287626,158.138604620154,82.7360912030401,6705.223507450249,27905.996866562215,0.0,0,0,0,0,0,0,{}
1776105816,normal,k3s-wk1,0.23566666666667213,0.5581133877360269,330.0,171.8,33676.23333333333,8505.066666666666,0.0,0,57,3,0,50,0,"{""process_exit"": 57, ""process_exec"": 57, ""process_kprobe"": 50}"
1776105826,normal,sw-wk3,0.15399999999999892,0.3153455789594404,156.13333333333333,80.0,2956.7666666666673,7723.3,0.0,0,0,0,0,0,0,{}
1776105826,normal,sw-wk2,0.20764025467515634,0.2625673764287626,158.138604620154,82.7360912030401,6705.223507450249,27905.996866562222,0.0,0,0,0,0,0,0,{}
1776105826,normal,k3s-wk1,0.22921388259343067,0.569205396319747,325.4899346753766,165.77789628049595,11365.384615384615,5513.398213571524,0.0,0,60,3,0,52,0,"{""process_exit"": 60, ""process_exec"": 60, ""process_kprobe"": 52}"
1776105836,normal,sw-wk3,0.15399999999999892,0.3153455789594404,156.13333333333333,80.0,2956.7666666666664,7723.3,0.0,0,0,0,0,0,0,{}
1776105836,normal,sw-wk2,0.11058520271546557,0.2628684200466379,104.79650678310722,53.99820005999799,635.578814039532,3552.7149095030168,0.0,0,0,0,0,0,0,{}
1776105836,normal,k3s-wk1,0.22921388259343067,0.569205396319747,325.4899346753766,165.77789628049595,11365.384615384615,5513.398213571524,0.0,0,36,3,0,30,0,"{""process_exit"": 36, ""process_exec"": 36, ""process_kprobe"": 30}"
1776105846,normal,sw-wk3,0.1481111111111154,0.32000777297807004,156.13333333333335,80.0,2329.4666666666667,6619.9,0.0,0,1,1,0,0,0,"{""process_exit"": 11, ""process_exec"": 1}"
1776105846,normal,sw-wk2,0.11058520271546568,0.2628684200466379,104.79650678310722,53.99820005999799,635.578814039532,3552.714909503016,0.0,0,2,2,0,0,0,"{""process_exec"": 2}"
1776105846,normal,k3s-wk1,0.22921388259343067,0.569205396319747,325.4899346753766,165.77789628049595,11365.384615384615,5513.398213571524,0.0,0,15,2,0,10,0,"{""process_exit"": 15, ""process_exec"": 15, ""process_kprobe"": 10}"
1776105856,normal,sw-wk3,0.1481111111111154,0.32000777297807004,156.13333333333333,80.0,2329.4666666666667,6619.9,0.0,0,1,1,0,0,0,"{""process_exit"": 11, ""process_exec"": 1}"
1776105856,normal,sw-wk2,0.11058520271546568,0.2628684200466379,104.79650678310722,53.99820005999799,635.578814039532,3552.714909503016,0.0,0,104,5,0,0,0,"{""process_exit"": 106, ""process_exec"": 104}"
1776105856,normal,k3s-wk1,0.23756500866782104,0.5694797051011273,323.4431257501,163.82184291238832,35806.67422322976,6823.243099079877,0.0,0,36,3,0,30,0,"{""process_exit"": 36, ""process_exec"": 36, ""process_kprobe"": 30}"
1776105866,normal,sw-wk3,0.1481111111111154,0.32000777297807004,156.13333333333333,80.0,2329.4666666666667,6619.9,0.0,0,0,0,0,0,0,{}
1776105866,normal,sw-wk2,0.209920992099211,0.26081527071626076,156.14894822815614,80.00800080008,6115.711571157115,27668.73354002067,0.0,0,0,0,0,0,0,{}
1776105866,normal,k3s-wk1,0.23756500866782104,0.5694797051011273,323.4431257501,163.82184291238832,35806.67422322976,6823.243099079877,0.0,0,54,3,0,48,0,"{""process_exit"": 55, ""process_exec"": 54, ""process_kprobe"": 48}"
1776105876,normal,sw-wk3,0.19699999999999773,0.33015565070020514,64570.99266666667,675.6666666666666,8617.066666666666,7924.9,0.0,0,3,3,0,0,0,"{""process_exec"": 3, ""process_exit"": 3}"
1776105876,normal,sw-wk2,0.209920992099211,0.26081527071626076,156.14894822815614,80.00800080008,6115.711571157115,27668.73354002067,0.0,0,0,0,0,0,0,{}
1776105876,normal,k3s-wk1,0.23756500866782104,0.5694797051011273,323.4431257501,163.82184291238832,35806.67422322976,6823.243099079877,0.0,0,15,2,0,10,0,"{""process_exit"": 15, ""process_exec"": 15, ""process_kprobe"": 10}"
1776105886,normal,sw-wk3,0.19699999999999773,0.33015565070020514,81233.588,675.6666666666666,8617.066666666666,7924.9,0.0,0,6,5,0,0,0,"{""process_exec"": 6, ""process_exit"": 6}"
1776105886,normal,sw-wk2,0.209920992099211,0.26081527071626076,156.14894822815614,80.00800080008,6115.711571157115,27668.73354002067,0.0,0,0,0,0,0,0,{}
1776105886,normal,k3s-wk1,0.23788888888888982,0.5731315113059243,325.5333333333333,165.8,11548.933333333332,11447.866666666667,0.0,0,15,2,0,10,0,"{""process_exit"": 15, ""process_exec"": 15, ""process_kprobe"": 10}"
1776105896,normal,sw-wk3,0.19699999999999773,0.33015565070020514,98101.64488888888,675.6666666666666,8617.066666666666,7924.9,0.0,0,0,0,0,0,0,"{""process_exit"": 5}"
1776105896,normal,sw-wk2,0.15744444444444283,0.259018565949259,154.0,78.0,1073.466666666667,3581.3333333333335,0.0,0,0,0,0,0,0,{}
1776105896,normal,k3s-wk1,0.23788888888888982,0.5731315113059243,325.5333333333333,165.8,11548.933333333332,11447.866666666667,0.0,0,18,2,0,12,0,"{""process_exit"": 18, ""process_exec"": 18, ""process_kprobe"": 12}"
1776105906,normal,sw-wk3,0.1578888888888893,0.32444697172419945,42278.96666666667,403.73333333333335,2769.3,9860.3,0.0,0,1,1,0,0,0,"{""process_exit"": 18, ""process_exec"": 1}"
1776105906,normal,sw-wk2,0.15744444444444283,0.259018565949259,154.0,78.00000000000001,1073.4666666666667,3581.3333333333335,0.0,0,2,2,0,0,0,"{""process_exec"": 2}"
1776105906,normal,k3s-wk1,0.23788888888888982,0.5731315113059243,325.5333333333333,165.8,11548.933333333332,11447.866666666667,0.0,0,15,2,0,10,0,"{""process_exit"": 15, ""process_exec"": 15, ""process_kprobe"": 10}"
1776105916,normal,sw-wk3,0.1578888888888893,0.32444697172419945,42278.96666666667,403.73333333333335,2769.3,9860.3,0.0,0,1,1,0,0,0,"{""process_exit"": 3, ""process_exec"": 1}"
1776105916,normal,sw-wk2,0.15744444444444283,0.259018565949259,154.0,78.0,1073.4666666666667,3581.3333333333335,0.0,0,0,0,0,0,0,{}
1776105916,normal,k3s-wk1,0.24266666666666825,0.5736169136762682,323.4,163.8,13380.199999999999,5055.766666666666,0.0,0,45,3,0,36,0,"{""process_exit"": 45, ""process_exec"": 45, ""process_kprobe"": 36}"
1776105926,normal,sw-wk3,0.1578888888888893,0.32444697172419945,42278.96666666667,403.73333333333335,2769.3,9860.3,0.0,0,0,0,0,0,0,{}
1776105926,normal,sw-wk2,0.19749794458147196,0.26495820431464,156.12292513832412,79.99466702219851,5472.7684821011935,27722.151856542896,0.0,0,104,5,0,0,0,"{""process_exit"": 106, ""process_exec"": 104}"
1776105926,normal,k3s-wk1,0.24266666666666825,0.5736169136762682,323.4,163.8,13380.199999999999,5055.766666666666,0.0,0,54,3,0,48,0,"{""process_exit"": 54, ""process_exec"": 54, ""process_kprobe"": 48}"
1776105936,normal,sw-wk3,0.1620000000000016,0.3166373587165666,156.13333333333333,80.0,3290.0,6426.133333333333,0.0,0,0,0,0,0,0,{}
1776105936,normal,sw-wk2,0.19749794458147218,0.26495820431464,156.12292513832412,79.99466702219851,5472.7684821011935,27722.151856542896,0.0,0,0,0,0,0,0,{}
1776105936,normal,k3s-wk1,0.24266666666666825,0.5736169136762682,323.4,163.8,13380.199999999999,5055.766666666666,0.0,0,63,3,0,54,0,"{""process_exit"": 63, ""process_exec"": 63, ""process_kprobe"": 54}"
1776105946,normal,sw-wk3,0.1620000000000017,0.3166373587165666,156.13333333333333,80.0,3290.0000000000005,6426.133333333333,0.0,0,1,1,0,0,0,"{""process_exit"": 11, ""process_exec"": 1}"
1776105946,normal,sw-wk2,0.19749794458147218,0.26495820431464,156.12292513832412,79.99466702219851,5472.7684821011935,27722.151856542896,0.0,0,0,0,0,0,0,{}
1776105946,normal,k3s-wk1,0.2867777777777746,0.5738957378285356,325.5333333333334,165.8,34281.23333333333,7033.5,0.0,0,36,3,0,30,0,"{""process_exit"": 36, ""process_exec"": 36, ""process_kprobe"": 30}"
1776105956,normal,sw-wk3,0.1620000000000017,0.3166373587165666,156.13333333333333,80.0,3290.0,6426.133333333333,0.0,0,0,0,0,0,0,{}
1776105956,normal,sw-wk2,0.10827388492565904,0.26130267466901125,102.67351156743784,52.00346689779319,605.5403693579573,3532.5688379225285,0.0,0,0,0,0,0,0,{}
1776105956,normal,k3s-wk1,0.2867777777777746,0.5738957378285356,325.5333333333333,165.8,34281.23333333333,7033.500000000002,0.0,0,12,2,0,8,0,"{""process_exit"": 12, ""process_exec"": 12, ""process_kprobe"": 8}"
1776105966,normal,sw-wk3,0.1587777777777748,0.3248149139238248,154.0,78.0,2572.933333333334,7136.266666666666,0.0,0,0,0,0,0,0,{}
1776105966,normal,sw-wk2,0.10827388492565904,0.26130267466901125,102.67351156743784,52.00346689779319,605.5403693579573,3532.5688379225285,0.0,0,106,7,0,0,0,"{""process_exec"": 106, ""process_exit"": 104}"
1776105966,normal,k3s-wk1,0.2867777777777746,0.5738957378285356,325.5333333333333,165.8,34281.23333333333,7033.5,0.0,0,57,3,0,50,0,"{""process_exit"": 57, ""process_exec"": 57, ""process_kprobe"": 50}"
1776105976,normal,sw-wk3,0.1587777777777748,0.3248149139238248,154.0,78.0,2572.9333333333334,7136.266666666666,0.0,0,0,0,0,0,0,{}
1776105976,normal,sw-wk2,0.10827388492565904,0.26130267466901125,102.67351156743784,52.00346689779319,605.5403693579573,3532.5688379225285,0.0,0,0,0,0,0,0,"{""process_exit"": 2}"
1776105976,normal,k3s-wk1,0.2977777777777798,0.5711323308457403,325.5333333333333,165.8,33356.36666666667,9801.833333333334,0.0,0,33,3,0,28,0,"{""process_exit"": 33, ""process_exec"": 33, ""process_kprobe"": 28}"
1776105986,normal,sw-wk3,0.1587777777777748,0.3248149139238248,154.0,78.0,2572.9333333333334,7136.266666666666,0.0,0,1,1,0,0,0,"{""process_exit"": 5, ""process_exec"": 1}"
1776105986,normal,sw-wk2,0.18957951452535893,0.2610478229290111,156.10731544742544,79.98666888851858,5630.961506415598,27648.35860689885,0.0,0,0,0,0,0,0,{}
1776105986,normal,k3s-wk1,0.2977777777777798,0.5711323308457403,325.5333333333333,165.8,33356.366666666676,9801.833333333334,0.0,0,57,3,0,50,0,"{""process_exit"": 57, ""process_exec"": 57, ""process_kprobe"": 50}"
1776105996,normal,sw-wk3,0.1883333333333339,0.32209118595257213,156.13333333333333,80.0,7606.066666666667,7021.733333333334,0.0,0,1,1,0,0,0,"{""process_exit"": 3, ""process_exec"": 1}"
1776105996,normal,sw-wk2,0.18957951452535893,0.2610478229290111,156.10731544742544,79.98666888851858,5630.961506415598,27648.35860689885,0.0,0,0,0,0,0,0,{}
1776105996,normal,k3s-wk1,0.2977777777777798,0.5711323308457403,325.5333333333333,165.8,33356.36666666667,9801.833333333334,0.0,0,33,3,0,28,0,"{""process_exit"": 33, ""process_exec"": 33, ""process_kprobe"": 28}"
1776106006,normal,sw-wk3,0.1883333333333339,0.32209118595257213,156.13333333333333,80.0,7606.066666666667,7021.733333333334,0.0,0,0,0,0,0,0,{}
1776106006,normal,sw-wk2,0.18957951452535893,0.2610478229290111,156.10731544742544,79.98666888851858,5630.961506415598,27648.35860689885,0.0,0,0,0,0,0,0,{}
1776106006,normal,k3s-wk1,0.29511111111111044,0.5726280474520327,323.4,163.8,10348.2,6994.066666666668,0.0,0,54,3,0,48,0,"{""process_exit"": 54, ""process_exec"": 54, ""process_kprobe"": 48}"
1776106016,normal,sw-wk3,0.1883333333333339,0.32209118595257213,156.13333333333333,80.0,7606.066666666667,7021.733333333334,0.0,0,0,0,0,0,0,{}
1776106016,normal,sw-wk2,0.13096627215647016,0.25585521872650585,154.02567094515751,78.01300216702785,1106.3177196199365,3576.4627437906315,0.0,0,0,0,0,0,0,{}
1776106016,normal,k3s-wk1,0.29511111111111044,0.5726280474520327,323.4,163.8,10348.2,6994.066666666667,0.0,0,39,3,0,32,0,"{""process_exit"": 39, ""process_exec"": 39, ""process_kprobe"": 32}"
1776106026,normal,sw-wk3,0.1473333333333332,0.3152261172063152,104.8,54.0,2308.6,5526.600000000001,0.0,0,1,1,0,0,0,"{""process_exit"": 3, ""process_exec"": 1}"
1776106026,normal,sw-wk2,0.13096627215647016,0.25585521872650585,154.02567094515751,78.01300216702784,1106.3177196199365,3576.4627437906315,0.0,0,2,2,0,0,0,"{""process_exec"": 2}"
1776106026,normal,k3s-wk1,0.29511111111111044,0.5726280474520327,323.4,163.8,10348.2,6994.066666666667,0.0,0,33,3,0,28,0,"{""process_exit"": 33, ""process_exec"": 33, ""process_kprobe"": 28}"
1776106037,normal,sw-wk3,0.1473333333333332,0.3152261172063152,104.8,54.0,2308.6,5526.6,0.0,0,0,0,0,0,0,{}
1776106037,normal,sw-wk2,0.13096627215647016,0.25585521872650585,154.02567094515751,78.01300216702784,1106.3177196199365,3576.4627437906315,0.0,0,104,5,0,0,0,"{""process_exit"": 106, ""process_exec"": 104}"
1776106037,normal,k3s-wk1,0.29799999999999915,0.5784054645018474,325.5333333333333,165.80000000000004,33319.86666666667,9534.066666666666,0.0,0,36,3,0,30,0,"{""process_exit"": 36, ""process_exec"": 36, ""process_kprobe"": 30}"
1776106046,normal,sw-wk3,0.1473333333333332,0.3152261172063152,104.8,54.0,2308.6,5526.6,0.0,0,1,1,0,0,0,"{""process_exit"": 13, ""process_exec"": 1}"
1776106046,normal,sw-wk2,0.21244444444444566,0.26506014501064,156.13333333333333,80.00000000000001,5459.333333333333,27742.5,0.0,0,0,0,0,0,0,{}
1776106046,normal,k3s-wk1,0.29799999999999927,0.5784054645018474,325.5333333333333,165.8,33319.86666666667,9534.066666666666,0.0,0,60,3,0,52,0,"{""process_exit"": 60, ""process_exec"": 60, ""process_kprobe"": 52}"
1776106056,normal,sw-wk3,0.15899999999999936,0.31641436344406637,160.6,86.00000000000001,2959.9,6881.333333333333,0.0,0,0,0,0,0,0,{}
1776106056,normal,sw-wk2,0.21244444444444577,0.26506014501064,156.13333333333333,80.0,5459.333333333333,27742.5,0.0,0,0,0,0,0,0,{}
1776106056,normal,k3s-wk1,0.29799999999999927,0.5784054645018474,325.5333333333333,165.8,33319.86666666667,9534.066666666666,0.0,0,57,3,0,50,0,"{""process_exit"": 57, ""process_exec"": 57, ""process_kprobe"": 50}"
1776106066,normal,sw-wk3,0.15899999999999936,0.31641436344406637,160.6,86.0,2959.9,6881.333333333333,0.0,0,0,0,0,0,0,{}
1776106066,normal,sw-wk2,0.21244444444444577,0.26506014501064,156.13333333333333,80.0,5459.333333333333,27742.5,0.0,0,0,0,0,0,0,{}
1776106066,normal,k3s-wk1,0.2785555555555548,0.5729238042451259,323.4,163.8,10601.633333333333,3804.1666666666665,0.0,0,15,2,0,10,0,"{""process_exit"": 15, ""process_exec"": 15, ""process_kprobe"": 10}"
1776106076,normal,sw-wk3,0.15899999999999936,0.31641436344406637,160.6,86.0,2959.9,6881.333333333333,0.0,0,1,1,0,0,0,"{""process_exit"": 23, ""process_exec"": 1}"
1776106076,normal,sw-wk2,0.11677777777778031,0.2538848962116289,154.0,78.0,1917.2333333333333,3691.366666666667,0.0,0,0,0,0,0,0,{}
1776106076,normal,k3s-wk1,0.2785555555555548,0.5729238042451259,323.4,163.8,10601.633333333333,3804.1666666666665,0.0,0,57,3,0,50,0,"{""process_exit"": 57, ""process_exec"": 57, ""process_kprobe"": 50}"
1776106086,normal,sw-wk3,0.15011111111111097,0.32118009098207123,154.0,78.00000000000001,2841.4666666666667,8194.3,0.0,0,0,0,0,0,0,{}
1776106086,normal,sw-wk2,0.11677777777778031,0.2538848962116289,154.0,78.0,1917.2333333333338,3691.366666666667,0.0,0,2,2,0,0,0,"{""process_exec"": 2}"
1776106086,normal,k3s-wk1,0.2785555555555548,0.5729238042451259,323.4,163.8,10601.633333333333,3804.1666666666665,0.0,0,15,2,0,10,0,"{""process_exit"": 15, ""process_exec"": 15, ""process_kprobe"": 10}"
1776106096,normal,sw-wk3,0.15011111111111097,0.32118009098207123,154.0,78.0,2841.4666666666667,8194.3,0.0,0,0,0,0,0,0,{}
1776106096,normal,sw-wk2,0.11677777777778031,0.2538848962116289,154.0,78.0,1917.2333333333333,3691.366666666667,0.0,0,104,5,0,0,0,"{""process_exit"": 106, ""process_exec"": 104}"
1776106096,normal,k3s-wk1,0.28222222222222326,0.574140696699151,325.5333333333334,165.8,31352.233333333334,4769.5,0.0,0,81,3,0,72,0,"{""process_exit"": 81, ""process_exec"": 81, ""process_kprobe"": 72}"
1776106106,normal,sw-wk3,0.15011111111111097,0.32118009098207123,154.0,78.0,2841.4666666666667,8194.3,0.0,0,1,1,0,0,0,"{""process_exit"": 5, ""process_exec"": 1}"
1776106106,normal,sw-wk2,0.24866666666666548,0.2687905373548938,156.13333333333333,87.4,7400.166666666667,29263.6,0.0,0,5,4,0,1,1,"{""process_exec"": 5, ""process_exit"": 5, ""process_kprobe"": 1}"
1776106106,normal,k3s-wk1,0.28222222222222326,0.574140696699151,325.5333333333333,165.8,31352.233333333334,4769.500000000001,0.0,0,78,3,0,70,0,"{""process_exit"": 78, ""process_exec"": 78, ""process_kprobe"": 70}"
1776106116,normal,sw-wk3,0.1703333333333351,0.31563547281369064,156.13333333333333,80.0,4915.766666666666,5995.433333333333,0.0,0,0,0,0,0,0,{}
1776106116,normal,sw-wk2,0.24866666666666548,0.2687905373548938,156.13333333333333,87.4,7400.166666666667,29263.6,0.0,0,2,2,0,1,0,"{""process_exit"": 2, ""process_exec"": 2, ""process_kprobe"": 1}"
1776106116,normal,k3s-wk1,0.28222222222222326,0.574140696699151,325.5333333333333,165.8,31352.233333333334,4769.5,0.0,0,39,3,0,32,0,"{""process_exit"": 39, ""process_exec"": 39, ""process_kprobe"": 32}"
1776106126,normal,sw-wk3,0.1703333333333351,0.31563547281369064,156.13333333333333,80.0,4915.766666666666,5995.433333333333,0.0,0,0,0,0,0,0,{}
1776106126,normal,sw-wk2,0.24866666666666548,0.2687905373548938,156.13333333333333,87.4,7400.166666666667,29263.6,0.0,0,6,5,0,3,2,"{""process_exit"": 8, ""process_exec"": 6, ""process_kprobe"": 3}"
1776106126,normal,k3s-wk1,0.31444444444444397,0.5707394935785781,325.5333333333334,165.8,17987.433333333334,10393.433333333332,0.0,0,54,3,0,48,0,"{""process_exit"": 54, ""process_exec"": 54, ""process_kprobe"": 48}"
1776106136,normal,sw-wk3,0.1703333333333351,0.31563547281369064,156.13333333333333,80.0,4915.766666666666,5995.433333333333,0.0,0,0,0,0,0,0,{}
1776106136,normal,sw-wk2,0.11455555555555497,0.2645615912942646,129.66666666666666,84.23333333333333,721.7,6250.533333333333,0.0,0,0,0,0,0,0,{}
1776106136,normal,k3s-wk1,0.31444444444444397,0.5707394935785781,325.5333333333333,165.8,17987.433333333334,10393.433333333336,0.0,0,36,3,0,30,0,"{""process_exit"": 36, ""process_exec"": 36, ""process_kprobe"": 30}"
1776106146,normal,sw-wk3,0.15299999999999958,0.3156322871669406,154.0,78.0,2224.0,6066.9,0.0,0,1,1,0,0,0,"{""process_exit"": 7, ""process_exec"": 1}"
1776106146,normal,sw-wk2,0.11455555555555497,0.2645615912942646,129.66666666666666,84.23333333333333,721.7,6250.533333333333,0.0,0,8,6,0,3,2,"{""process_exit"": 8, ""process_exec"": 8, ""process_kprobe"": 3}"
1776106146,normal,k3s-wk1,0.31444444444444397,0.5707394935785781,325.5333333333333,165.8,17987.433333333334,10393.433333333332,0.0,0,36,3,0,30,0,"{""process_exit"": 36, ""process_exec"": 36, ""process_kprobe"": 30}"
1776106156,normal,sw-wk3,0.1529999999999998,0.3156322871669406,154.0,78.0,2224.0,6066.9,0.0,0,0,0,0,0,0,{}
1776106156,normal,sw-wk2,0.11455555555555497,0.2645615912942646,129.66666666666666,84.23333333333333,721.7,6250.533333333333,0.0,0,110,10,0,3,2,"{""process_exit"": 114, ""process_exec"": 110, ""process_kprobe"": 3}"
1776106156,normal,k3s-wk1,0.3077777777777757,0.5776107592257493,323.4,163.8,38141.1,10465.06666666667,0.0,0,39,3,0,32,0,"{""process_exit"": 39, ""process_exec"": 39, ""process_kprobe"": 32}"
1776106166,normal,sw-wk3,0.1529999999999998,0.3156322871669406,154.0,78.0,2224.0,6066.9,0.0,0,0,0,0,0,0,{}
1776106166,normal,sw-wk2,0.20662423777948014,0.26798297590376796,209.92302822298493,132.55139782079905,5780.780380527141,32713.90490153611,0.0,0,3,3,0,1,1,"{""process_exit"": 5, ""process_exec"": 3, ""process_kprobe"": 1}"
1776106166,normal,k3s-wk1,0.3077777777777757,0.5776107592257493,323.4,163.80000000000004,38141.1,10465.066666666666,0.0,0,12,2,0,8,0,"{""process_exit"": 12, ""process_exec"": 12, ""process_kprobe"": 8}"
1776106176,normal,sw-wk3,0.1604444444444425,0.31964938771869467,156.13333333333333,80.0,5170.6,5335.8,0.0,0,0,0,0,0,0,{}
1776106176,normal,sw-wk2,0.20662423777948014,0.26798297590376796,209.92302822298493,132.55139782079905,5780.780380527141,32713.90490153611,0.0,0,3,3,0,2,1,"{""process_exit"": 3, ""process_exec"": 3, ""process_kprobe"": 2}"
1776106176,normal,k3s-wk1,0.3077777777777757,0.5776107592257493,323.4,163.8,38141.1,10465.066666666666,0.0,0,54,3,0,48,0,"{""process_exit"": 55, ""process_exec"": 54, ""process_kprobe"": 48}"
1776106186,normal,sw-wk3,0.1604444444444425,0.31964938771869467,156.13333333333333,80.0,5170.6,5335.8,0.0,0,1,1,0,0,0,"{""process_exit"": 19, ""process_exec"": 1}"
1776106186,normal,sw-wk2,0.20662423777948014,0.26798297590376796,209.92302822298493,132.55139782079905,5780.780380527141,32713.90490153611,0.0,0,5,4,0,3,2,"{""process_exit"": 7, ""process_exec"": 5, ""process_kprobe"": 3}"
1776106186,normal,k3s-wk1,0.28077777777778,0.5771693817215529,325.5333333333333,165.8,14960.6,3869.4333333333334,0.0,0,12,2,0,8,0,"{""process_exit"": 12, ""process_exec"": 12, ""process_kprobe"": 8}"
1776106196,normal,sw-wk3,0.1604444444444425,0.31964938771869467,156.13333333333333,80.0,5170.6,5335.8,0.0,0,0,0,0,0,0,{}
1776106196,normal,sw-wk2,0.12287721170089716,0.2630818583788881,166.17764737263272,104.69458522272606,981.3283542277941,6629.501200320085,0.0,0,1,1,0,0,0,"{""process_exit"": 1, ""process_exec"": 1}"
1776106196,normal,k3s-wk1,0.28077777777778,0.5771693817215529,325.5333333333333,165.8,14960.6,3869.4333333333334,0.0,0,57,3,0,50,0,"{""process_exit"": 57, ""process_exec"": 57, ""process_kprobe"": 50}"
1776106206,normal,sw-wk3,0.14566666666666805,0.31541407036456537,104.8,54.0,2369.5666666666666,7765.5,0.0,0,0,0,0,0,0,{}
1776106206,normal,sw-wk2,0.12287721170089716,0.2630818583788881,166.17764737263272,104.69458522272606,981.3283542277941,6629.501200320085,0.0,0,112,11,0,3,2,"{""process_exit"": 114, ""process_exec"": 112, ""process_kprobe"": 3}"
1776106206,normal,k3s-wk1,0.28077777777778,0.5771693817215529,325.5333333333333,165.8,14960.6,3869.4333333333334,0.0,0,33,3,0,28,0,"{""process_exit"": 33, ""process_exec"": 33, ""process_kprobe"": 28}"
1776106216,normal,sw-wk3,0.14566666666666805,0.31541407036456537,104.8,54.0,2369.5666666666666,7765.5,0.0,0,1,1,0,0,0,"{""process_exit"": 17, ""process_exec"": 1}"
1776106216,normal,sw-wk2,0.12287721170089716,0.2630818583788881,166.17764737263272,104.69458522272606,981.3283542277941,6629.501200320085,0.0,0,10,5,0,5,4,"{""process_exit"": 14, ""process_exec"": 10, ""process_kprobe"": 5}"
1776106216,normal,k3s-wk1,0.314888888888888,0.5756623766880432,507.06666666666666,256.2333333333334,40927.13333333333,11460.733333333334,0.0,0,15,2,0,10,0,"{""process_exit"": 15, ""process_exec"": 15, ""process_kprobe"": 10}"
1776106226,normal,sw-wk3,0.14566666666666805,0.31541407036456537,104.8,54.0,2369.5666666666666,7765.5,0.0,0,0,0,0,0,0,{}
1776106226,normal,sw-wk2,0.20025335866920235,0.26320928424888823,189.018901890189,137.38040470713736,6785.911924525785,34806.18061806181,0.0,0,6,5,0,3,2,"{""process_exit"": 8, ""process_exec"": 6, ""process_kprobe"": 3}"
1776106226,normal,k3s-wk1,0.314888888888888,0.5756623766880432,507.06666666666666,256.23333333333335,40927.13333333333,11460.733333333334,0.0,0,81,3,0,72,0,"{""process_exit"": 81, ""process_exec"": 81, ""process_kprobe"": 72}"
1776106236,normal,sw-wk3,0.15752869157528515,0.319929724632695,153.984601539846,77.99220077992202,3839.749358397494,8558.110855581108,0.0,0,1,1,0,0,0,"{""process_exit"": 7, ""process_exec"": 1}"
1776106236,normal,sw-wk2,0.20025335866920246,0.26320928424888823,189.018901890189,137.38040470713736,6785.911924525785,34806.18061806181,0.0,0,2,2,0,1,0,"{""process_exit"": 4, ""process_exec"": 2, ""process_kprobe"": 1}"
1776106236,normal,k3s-wk1,0.314888888888888,0.5756623766880432,507.06666666666666,256.23333333333335,40927.13333333333,11460.733333333334,0.0,0,39,3,0,32,0,"{""process_exit"": 39, ""process_exec"": 39, ""process_kprobe"": 32}"
1776106246,normal,sw-wk3,0.15752869157528515,0.319929724632695,153.984601539846,77.99220077992202,3839.749358397494,8558.110855581108,0.0,0,0,0,0,0,0,{}
1776106246,normal,sw-wk2,0.20025335866920246,0.26320928424888823,189.018901890189,137.38040470713736,6785.911924525785,34806.18061806181,0.0,0,0,0,0,0,0,{}
1776106246,normal,k3s-wk1,0.27611111111111264,0.5755675538994178,325.4,165.8,13150.133333333333,4980.966666666666,0.0,0,12,2,0,8,0,"{""process_exit"": 12, ""process_exec"": 12, ""process_kprobe"": 8}"
1776106256,normal,sw-wk3,0.15752869157528515,0.319929724632695,153.984601539846,77.99220077992202,3839.749358397494,8558.110855581108,0.0,0,0,0,0,0,0,{}
1776106256,normal,sw-wk2,0.1415555555555531,0.2621229787071371,195.46666666666667,100.9,2713.233333333333,4918.866666666668,0.0,0,0,0,0,0,0,{}
1776106256,normal,k3s-wk1,0.27611111111111264,0.5755675538994178,325.4000000000001,165.8,13150.133333333333,4980.966666666666,0.0,0,18,2,0,12,0,"{""process_exit"": 18, ""process_exec"": 18, ""process_kprobe"": 12}"
1776106266,normal,sw-wk3,0.1686946472425025,0.3206735731488207,156.14894822815614,80.00800080008,3195.586225289195,5670.700403373671,0.0,0,1,1,0,0,0,"{""process_exit"": 3, ""process_exec"": 1}"
1776106266,normal,sw-wk2,0.1415555555555531,0.2621229787071371,195.46666666666667,100.9,2713.233333333333,4918.866666666667,0.0,0,2,2,0,0,0,"{""process_exec"": 2}"
1776106266,normal,k3s-wk1,0.27611111111111264,0.5755675538994178,325.4,165.8,13150.133333333333,4980.966666666666,0.0,0,33,3,0,28,0,"{""process_exit"": 33, ""process_exec"": 33, ""process_kprobe"": 28}"
1776106276,normal,sw-wk3,0.1686946472425025,0.3206735731488207,156.14894822815614,80.00800080008,3195.586225289195,5670.70040337367,0.0,0,0,0,0,0,0,{}
1776106276,normal,sw-wk2,0.1415555555555531,0.2621229787071371,195.46666666666667,100.9,2713.233333333333,4918.866666666667,0.0,0,0,0,0,0,0,{}
1776106276,normal,k3s-wk1,0.28155555555555223,0.5783919183891866,327.5333333333333,167.8,9666.833333333334,4686.066666666667,0.0,0,15,2,0,10,0,"{""process_exit"": 15, ""process_exec"": 15, ""process_kprobe"": 10}"
1776106286,normal,sw-wk3,0.16869464724250272,0.3206735731488207,156.14894822815614,80.00800080008,3195.586225289195,5670.70040337367,0.0,0,0,0,0,0,0,{}
1776106286,normal,sw-wk2,0.19046825529078604,0.2638703059495139,156.10731544742544,82.98616897183803,5325.512414597567,27617.430428261956,0.0,0,104,5,0,0,0,"{""process_exit"": 106, ""process_exec"": 104}"
1776106286,normal,k3s-wk1,0.28155555555555223,0.5783919183891866,327.5333333333333,167.8,9666.833333333334,4686.066666666667,0.0,0,36,3,0,30,0,"{""process_exit"": 36, ""process_exec"": 36, ""process_kprobe"": 30}"
1776106296,normal,sw-wk3,0.16455555555555756,0.3163777285064414,154.0,78.0,3023.333333333334,5145.4,0.0,0,0,0,0,0,0,{}
1776106296,normal,sw-wk2,0.19046825529078604,0.2638703059495139,156.10731544742544,82.98616897183803,5325.512414597567,27617.430428261956,0.0,0,0,0,0,0,0,{}
1776106296,normal,k3s-wk1,0.28155555555555223,0.5783919183891866,327.5333333333333,167.8,9666.833333333334,4686.066666666667,0.0,0,33,3,0,28,0,"{""process_exit"": 33, ""process_exec"": 33, ""process_kprobe"": 28}"
1776106306,normal,sw-wk3,0.16455555555555756,0.3163777285064414,154.0,78.0,3023.3333333333335,5145.4,0.0,0,1,1,0,0,0,"{""process_exit"": 3, ""process_exec"": 1}"
1776106306,normal,sw-wk2,0.19046825529078604,0.2638703059495139,156.10731544742544,82.98616897183803,5325.512414597567,27617.430428261956,0.0,0,0,0,0,0,0,{}
1776106306,normal,k3s-wk1,0.27955555555555645,0.5838295537797605,331.5333333333333,172.4,32736.166666666668,6603.0,0.0,0,39,3,0,32,0,"{""process_exit"": 39, ""process_exec"": 39, ""process_kprobe"": 32}"
1776106316,normal,sw-wk3,0.16455555555555756,0.3163777285064414,154.0,78.0,3023.3333333333335,5145.4,0.0,0,0,0,0,0,0,{}
1776106316,normal,sw-wk2,0.12129799411012776,0.26164513169463666,154.02567094515751,78.01300216702785,587.0978496416069,3528.154692448741,0.0,0,0,0,0,0,0,{}
1776106316,normal,k3s-wk1,0.27955555555555645,0.5838295537797605,331.5333333333333,172.4,32736.166666666668,6603.0,0.0,0,54,3,0,48,0,"{""process_exit"": 54, ""process_exec"": 54, ""process_kprobe"": 48}"
1776106326,normal,sw-wk3,0.15333333333333288,0.31668514341781673,160.60000000000002,86.0,2176.4666666666667,5981.633333333333,0.0,0,1,1,0,0,0,"{""process_exit"": 3, ""process_exec"": 1}"
1776106326,normal,sw-wk2,0.12129799411012765,0.26164513169463666,154.02567094515751,78.01300216702784,587.0978496416069,3528.154692448742,0.0,0,2,2,0,0,0,"{""process_exec"": 2}"
1776106326,normal,k3s-wk1,0.27955555555555645,0.5838295537797605,331.5333333333333,172.4,32736.166666666668,6603.0,0.0,0,39,3,0,32,0,"{""process_exit"": 39, ""process_exec"": 39, ""process_kprobe"": 32}"
1776106336,normal,sw-wk3,0.15333333333333288,0.31668514341781673,160.6,86.0,2176.4666666666667,5981.633333333333,0.0,0,2,2,0,0,0,"{""process_exec"": 2}"
1776106336,normal,sw-wk2,0.12129799411012776,0.26164513169463666,154.02567094515751,78.01300216702784,587.0978496416069,3528.154692448741,0.0,0,104,5,0,0,0,"{""process_exit"": 106, ""process_exec"": 104}"
1776106336,normal,k3s-wk1,0.30742567657645736,0.5755573943149224,323.35688574856687,163.7781629116118,33506.83242234369,8429.009465404613,0.0,0,15,2,0,10,0,"{""process_exit"": 15, ""process_exec"": 15, ""process_kprobe"": 10}"
1776106347,normal,sw-wk3,0.15333333333333288,0.31668514341781673,160.6,86.0,2176.4666666666667,5981.633333333333,0.0,0,5,4,0,0,0,"{""process_exit"": 6, ""process_exec"": 5}"
1776106347,normal,sw-wk2,0.19583138901851116,0.26992303477451995,107.7928138124125,56.996200253316445,5930.171321911872,27813.412439170723,0.0,0,0,0,0,0,0,{}
1776106347,normal,k3s-wk1,0.30742567657645736,0.5755573943149224,323.35688574856687,163.7781629116118,33506.83242234369,8429.009465404613,0.0,0,78,3,0,70,0,"{""process_exit"": 78, ""process_exec"": 78, ""process_kprobe"": 70}"
1776106356,normal,sw-wk3,0.19711111111111124,0.32193349643844693,745.8,387.93333333333334,6192.733333333334,7549.433333333333,0.0,0,2,2,0,0,0,"{""process_exit"": 2, ""process_exec"": 2}"
1776106356,normal,sw-wk2,0.19583138901851116,0.26992303477451995,107.7928138124125,56.996200253316445,5930.171321911872,27813.412439170723,0.0,0,0,0,0,0,0,{}
1776106356,normal,k3s-wk1,0.30742567657645736,0.5755573943149224,323.35688574856687,163.7781629116118,33506.83242234369,8429.009465404613,0.0,0,39,3,0,32,0,"{""process_exit"": 39, ""process_exec"": 39, ""process_kprobe"": 32}"
1776106366,normal,sw-wk3,0.19711111111111124,0.32193349643844693,745.8,387.93333333333334,6192.733333333334,7549.433333333333,0.0,0,5,2,0,0,0,"{""process_exit"": 9, ""process_exec"": 5}"
1776106366,normal,sw-wk2,0.19583138901851116,0.26992303477451995,107.7928138124125,56.996200253316445,5930.171321911872,27813.412439170723,0.0,0,0,0,0,0,0,{}
1776106366,normal,k3s-wk1,0.29535049117660295,0.5782654880043527,328.5771436191492,168.82250966795573,12677.557007601014,8503.10041338845,0.0,0,39,3,0,32,0,"{""process_exit"": 39, ""process_exec"": 39, ""process_kprobe"": 32}"
1776106376,normal,sw-wk3,0.19711111111111124,0.32193349643844693,745.8,387.93333333333334,6192.733333333334,7549.433333333333,0.0,0,3,2,0,0,0,"{""process_exit"": 3, ""process_exec"": 3}"
1776106376,normal,sw-wk2,0.12047376198571058,0.26686003542439185,156.12812906236456,79.99733342221924,1997.066764441185,3763.2745575147487,0.0,0,0,0,0,0,0,{}
1776106376,normal,k3s-wk1,0.29535049117660295,0.5782654880043527,328.5771436191492,168.82250966795573,12677.557007601014,8503.10041338845,0.0,0,12,2,0,8,0,"{""process_exit"": 12, ""process_exec"": 12, ""process_kprobe"": 8}"
1776106386,normal,sw-wk3,0.18533333333333157,0.32302139480357306,235.13333333333333,159.73333333333332,2827.6666666666674,8041.933333333333,0.0,0,3,2,0,0,0,"{""process_exit"": 3, ""process_exec"": 3}"
1776106386,normal,sw-wk2,0.12047376198571091,0.26686003542439185,156.12812906236456,79.99733342221924,1997.066764441185,3763.2745575147487,0.0,0,2,2,0,0,0,"{""process_exec"": 2}"
1776106386,normal,k3s-wk1,0.29535049117660295,0.5782654880043527,328.5771436191492,168.82250966795573,12677.557007601014,8503.10041338845,0.0,0,36,3,0,30,0,"{""process_exit"": 36, ""process_exec"": 36, ""process_kprobe"": 30}"
1776106396,normal,sw-wk3,0.18533333333333157,0.32302139480357306,235.13333333333333,159.73333333333332,2827.6666666666665,8041.933333333333,0.0,0,5,2,0,0,0,"{""process_exit"": 13, ""process_exec"": 5}"
1776106396,normal,sw-wk2,0.12047376198571091,0.26686003542439185,156.12812906236456,79.99733342221924,1997.066764441185,3763.2745575147487,0.0,0,104,5,0,0,0,"{""process_exit"": 106, ""process_exec"": 104}"
1776106396,normal,k3s-wk1,0.28366666666666374,0.5768871710411203,327.8666666666667,169.8,22482.7,4802.866666666667,0.0,0,39,3,0,32,0,"{""process_exit"": 39, ""process_exec"": 39, ""process_kprobe"": 32}"
1776106406,normal,sw-wk3,0.18533333333333157,0.32302139480357306,235.13333333333333,159.73333333333332,2827.6666666666665,8041.933333333333,0.0,0,2,2,0,0,0,"{""process_exit"": 2, ""process_exec"": 2}"
1776106406,normal,sw-wk2,0.1940000000000004,0.2700440893510201,154.0,78.0,5579.5,27815.833333333332,0.0,0,0,0,0,0,0,{}
1776106406,normal,k3s-wk1,0.28366666666666385,0.5768871710411203,327.8666666666667,169.8,22482.7,4802.866666666667,0.0,0,54,3,0,48,0,"{""process_exit"": 54, ""process_exec"": 54, ""process_kprobe"": 48}"
1776106416,normal,sw-wk3,0.1491111111111144,0.32187615479694687,234.5333333333334,158.4,3051.4666666666667,9325.800000000001,0.0,0,5,2,0,0,0,"{""process_exit"": 7, ""process_exec"": 5}"
1776106416,normal,sw-wk2,0.1940000000000004,0.2700440893510201,154.0,78.0,5579.5,27815.833333333332,0.0,0,0,0,0,0,0,{}
1776106416,normal,k3s-wk1,0.28366666666666385,0.5768871710411203,327.8666666666667,169.8,22482.7,4802.866666666667,0.0,0,40,3,0,33,0,"{""process_exit"": 40, ""process_exec"": 40, ""process_kprobe"": 33}"
1776106426,normal,sw-wk3,0.1491111111111144,0.32187615479694687,234.53333333333333,158.4,3051.4666666666667,9325.8,0.0,0,4,2,0,0,0,"{""process_exit"": 6, ""process_exec"": 4}"
1776106426,normal,sw-wk2,0.1940000000000004,0.2700440893510201,154.0,78.0,5579.5,27815.833333333332,0.0,0,0,0,0,0,0,{}
1776106426,normal,k3s-wk1,0.2845555555555569,0.5753688775803933,325.5333333333333,165.8,25858.566666666666,6609.7,0.0,0,77,3,0,69,0,"{""process_kprobe"": 69, ""process_exit"": 77, ""process_exec"": 77}"
1776106436,normal,sw-wk3,0.1491111111111144,0.32187615479694687,234.53333333333333,158.4,3051.4666666666667,9325.8,0.0,0,3,2,0,0,0,"{""process_exit"": 3, ""process_exec"": 3}"
1776106436,normal,sw-wk2,0.11144444444444412,0.26723594174089227,156.13333333333335,80.0,562.2333333333333,3501.233333333333,0.0,0,0,0,0,0,0,{}
1776106436,normal,k3s-wk1,0.2845555555555569,0.5753688775803933,325.5333333333333,165.8,25858.566666666666,6609.7,0.0,0,33,3,0,28,0,"{""process_exit"": 33, ""process_exec"": 33, ""process_kprobe"": 28}"
1776106446,normal,sw-wk3,0.15500000000000058,0.3222568395835722,235.66666666666666,159.66666666666666,2246.1666666666665,7923.5,0.0,0,3,2,0,0,0,"{""process_exit"": 3, ""process_exec"": 3}"
1776106446,normal,sw-wk2,0.11144444444444412,0.26723594174089227,156.13333333333333,80.0,562.2333333333333,3501.233333333333,0.0,0,2,2,0,0,0,"{""process_exec"": 2}"
1776106446,normal,k3s-wk1,0.2845555555555569,0.5753688775803933,325.5333333333333,165.8,25858.566666666666,6609.7,0.0,0,57,3,0,50,0,"{""process_exit"": 57, ""process_exec"": 57, ""process_kprobe"": 50}"
1776106456,normal,sw-wk3,0.15500000000000025,0.3222568395835722,235.66666666666666,159.66666666666666,2246.1666666666665,7923.5,0.0,0,3,2,0,0,0,"{""process_exit"": 3, ""process_exec"": 3}"
1776106456,normal,sw-wk2,0.11144444444444412,0.26723594174089227,156.13333333333333,80.0,562.2333333333333,3501.233333333333,0.0,0,104,5,0,0,0,"{""process_exit"": 106, ""process_exec"": 104}"
1776106456,normal,k3s-wk1,0.3106666666666671,0.5746170683277211,325.5333333333333,165.8,34894.86666666667,6673.366666666667,0.0,0,15,2,0,10,0,"{""process_exit"": 15, ""process_exec"": 15, ""process_kprobe"": 10}"
1776106466,normal,sw-wk3,0.15500000000000058,0.3222568395835722,235.66666666666666,159.66666666666666,2246.1666666666665,7923.5,0.0,0,5,2,0,0,0,"{""process_exit"": 13, ""process_exec"": 5}"
1776106466,normal,sw-wk2,0.19858226947990765,0.2648626349121399,153.9948668377721,77.99740008666376,6127.729075697476,27709.909669677672,0.0,0,0,0,0,0,0,{}
1776106466,normal,k3s-wk1,0.3106666666666671,0.5746170683277211,325.5333333333333,165.8,34894.86666666667,6673.366666666667,0.0,0,36,3,0,30,0,"{""process_exit"": 36, ""process_exec"": 36, ""process_kprobe"": 30}"
1776106476,normal,sw-wk3,0.18444444444444352,0.31770295755444267,237.79999999999998,161.66666666666666,5173.533333333333,8703.666666666666,0.0,0,3,2,0,0,0,"{""process_exit"": 3, ""process_exec"": 3}"
1776106476,normal,sw-wk2,0.19858226947990765,0.2648626349121399,153.99486683777204,77.99740008666376,6127.729075697476,27709.909669677672,0.0,0,0,0,0,0,0,{}
1776106476,normal,k3s-wk1,0.3106666666666671,0.5746170683277211,325.5333333333333,165.8,34894.86666666667,6673.366666666667,0.0,0,12,2,0,8,0,"{""process_exit"": 13, ""process_exec"": 12, ""process_kprobe"": 8}"
1776106486,normal,sw-wk3,0.18444444444444352,0.31770295755444267,237.79999999999998,161.66666666666666,5173.533333333333,8703.666666666666,0.0,0,1,1,0,0,0,"{""process_exit"": 3, ""process_exec"": 1}"
1776106486,normal,sw-wk2,0.19858226947990765,0.2648626349121399,153.99486683777204,77.99740008666376,6127.729075697476,27709.909669677672,0.0,0,0,0,0,0,0,{}
1776106486,normal,k3s-wk1,0.28853930587032617,0.5619424222481355,323.35688574856687,163.7781629116118,12926.976403146247,12171.443807492335,0.0,0,21,2,0,14,0,"{""process_exit"": 21, ""process_exec"": 21, ""process_kprobe"": 14}"
1776106496,normal,sw-wk3,0.18444444444444352,0.31770295755444267,237.79999999999998,161.66666666666666,5173.533333333333,8703.666666666666,0.0,0,0,0,0,0,0,{}
1776106496,normal,sw-wk2,0.14019356200762123,0.26503625266001507,156.13853795126505,80.00266675555852,1425.0141671389047,3625.620854028468,0.0,0,0,0,0,0,0,{}
1776106496,normal,k3s-wk1,0.28853930587032617,0.5619424222481355,323.35688574856687,163.7781629116118,12926.976403146247,12171.443807492335,0.0,0,75,3,0,68,0,"{""process_exit"": 75, ""process_exec"": 75, ""process_kprobe"": 68}"
1776106506,normal,sw-wk3,0.19211111111111068,0.3148087974820648,169.2,93.06666666666666,6564.9,7793.7333333333345,0.0,0,1,1,0,0,0,"{""process_exit"": 11, ""process_exec"": 1}"
1776106506,normal,sw-wk2,0.14019356200762123,0.26503625266001507,156.13853795126505,80.00266675555852,1425.0141671389047,3625.620854028468,0.0,0,106,7,0,0,0,"{""process_exec"": 106, ""process_exit"": 106}"
1776106506,normal,k3s-wk1,0.28853930587032617,0.5619424222481355,323.35688574856687,163.7781629116118,12926.976403146247,12171.443807492335,0.0,0,15,2,0,10,0,"{""process_exit"": 15, ""process_exec"": 15, ""process_kprobe"": 10}"
1776106516,normal,sw-wk3,0.19211111111111068,0.3148087974820648,169.2,93.06666666666666,6564.9,7793.733333333334,0.0,0,0,0,0,0,0,{}
1776106516,normal,sw-wk2,0.14019356200762123,0.26503625266001507,156.13853795126505,80.00266675555852,1425.0141671389047,3625.620854028468,0.0,0,0,0,0,0,0,{}
1776106516,normal,k3s-wk1,0.3076854691736707,0.5626942315008077,325.5767435658088,165.82210961461527,34414.68862515002,9509.63461794906,0.0,0,11,2,0,8,0,"{""process_exit"": 12, ""process_exec"": 11, ""process_kprobe"": 8}"
1776106526,normal,sw-wk3,0.19211111111111068,0.3148087974820648,169.2,93.06666666666666,6564.9,7793.733333333334,0.0,0,1,1,0,0,0,"{""process_exit"": 7, ""process_exec"": 1}"
1776106526,normal,sw-wk2,0.19177777777778016,0.267014539291767,156.13333333333333,80.0,5409.5,27700.366666666665,0.0,0,0,0,0,0,0,{}
1776106526,normal,k3s-wk1,0.3076854691736707,0.5626942315008077,325.5767435658088,165.82210961461527,34414.68862515002,9509.63461794906,0.0,0,34,3,0,28,0,"{""process_exec"": 34, ""process_exit"": 33, ""process_kprobe"": 28}"
1776106536,normal,sw-wk3,0.1523333333333312,0.31502542146106505,102.66666666666667,52.0,2733.733333333333,6106.466666666666,0.0,0,0,0,0,0,0,{}
1776106536,normal,sw-wk2,0.19177777777778016,0.267014539291767,156.13333333333333,80.0,5409.5,27700.366666666665,0.0,0,0,0,0,0,0,{}
1776106536,normal,k3s-wk1,0.3076854691736707,0.5626942315008077,325.5767435658088,165.82210961461527,34414.68862515002,9509.63461794906,0.0,0,39,3,0,32,0,"{""process_exit"": 39, ""process_exec"": 39, ""process_kprobe"": 32}"
1776106546,normal,sw-wk3,0.1523333333333312,0.31502542146106505,102.66666666666667,52.0,2733.733333333333,6106.466666666666,0.0,0,0,0,0,0,0,{}
1776106546,normal,sw-wk2,0.19177777777778016,0.267014539291767,156.13333333333333,80.0,5409.5,27700.366666666665,0.0,0,0,0,0,0,0,{}
1776106546,normal,k3s-wk1,0.26244444444444304,0.5651641393759532,323.4,163.8,9642.366666666667,1882.6333333333332,0.0,0,57,3,0,50,0,"{""process_exit"": 57, ""process_exec"": 57, ""process_kprobe"": 50}"
1776106556,normal,sw-wk3,0.1523333333333312,0.31502542146106505,102.66666666666667,52.0,2733.733333333333,6106.466666666666,0.0,0,1,1,0,0,0,"{""process_exit"": 19, ""process_exec"": 1}"
1776106556,normal,sw-wk2,0.10479936882576935,0.2668441071906419,102.67693436010268,52.005200520052014,648.5315198186485,3556.555655565556,0.0,0,0,0,0,0,0,{}
1776106556,normal,k3s-wk1,0.26244444444444326,0.5651641393759532,323.4,163.8,9642.366666666667,1882.6333333333332,0.0,0,57,3,0,50,0,"{""process_exit"": 57, ""process_exec"": 57, ""process_kprobe"": 50}"
1776106566,normal,sw-wk3,0.1474470070657269,0.32290511869719796,156.11251833088923,79.98933475536596,2317.72430342621,7704.472736968404,0.0,0,0,0,0,0,0,{}
1776106566,normal,sw-wk2,0.10479936882576957,0.2668441071906419,102.67693436010268,52.005200520052,648.5315198186485,3556.555655565556,0.0,0,2,2,0,0,0,"{""process_exec"": 2}"
1776106566,normal,k3s-wk1,0.26244444444444326,0.5651641393759532,323.4,163.8,9642.366666666667,1882.6333333333332,0.0,0,33,3,0,28,0,"{""process_exit"": 33, ""process_exec"": 33, ""process_kprobe"": 28}"
