timestamp,label,node,avg_cpu,avg_mem,net_bytes_in,net_bytes_out,net_internal_bytes_in,net_internal_bytes_out,net_drop_rate,last_successful_scrape_age_sec,exec_count,unique_process_count,tmp_exec_count,outbound_connect_count,mining_port_count,syscall_feature_vector
1776108794,normal,k3s-wk1,0.23894926328421617,0.5856740827870675,0.0,0.0,9016.667777851857,5084.772318154544,0.0,0,0,0,0,0,0,{}
1776108794,normal,sw-wk3,0.15166666666666273,0.3196876154796947,160.6,86.0,2123.1000000000004,4969.233333333334,0.0,0,0,0,0,0,0,{}
1776108794,normal,sw-wk2,0.11514060642423185,0.28669227926653673,160.59464684510513,85.99713342888569,486.4171194293523,3451.5182827239087,0.0,0,0,0,0,0,0,{}
1776108804,normal,k3s-wk1,0.2927777777777768,0.6213782492326692,215.6,109.2,8870.866666666667,5388.1,0.0,0,12,2,0,8,0,"{""process_exit"": 12, ""process_exec"": 12, ""process_kprobe"": 8}"
1776108804,normal,sw-wk3,0.15166666666666273,0.3196876154796947,160.6,86.0,2123.1,4969.233333333334,0.0,0,0,0,0,0,0,{}
1776108804,normal,sw-wk2,0.11514060642423185,0.28669227926653673,160.59464684510513,85.99713342888569,486.4171194293523,3451.5182827239087,0.0,0,0,0,0,0,0,{}
1776108814,normal,k3s-wk1,0.2927777777777768,0.6213782492326692,215.6,109.2,8870.866666666667,5388.1,0.0,0,36,3,0,30,0,"{""process_exit"": 36, ""process_exec"": 36, ""process_kprobe"": 30}"
1776108814,normal,sw-wk3,0.15166666666666273,0.3196876154796947,160.6,86.0,0.0,0.0,0.0,0,0,0,0,0,0,{}
1776108814,normal,sw-wk2,0.18358502516918584,0.2831450616104082,154.01540154015402,78.007800780078,5328.766209954329,4105.277194386105,0.0,0,0,0,0,0,0,{}
1776108824,normal,k3s-wk1,0.2927777777777768,0.6213782492326692,215.6,109.2,8870.866666666667,5388.1,0.0,0,39,3,0,32,0,"{""process_exit"": 39, ""process_exec"": 39, ""process_kprobe"": 32}"
1776108824,normal,sw-wk3,0.13766666666667027,0.32844973686557843,156.13333333333333,80.0,2988.633333333333,5082.400000000001,0.0,0,1,1,0,0,0,"{""process_exit"": 3, ""process_exec"": 1}"
1776108824,normal,sw-wk2,0.18358502516918584,0.2831450616104082,154.01540154015402,78.007800780078,5328.766209954329,4105.277194386105,0.0,0,0,0,0,0,0,{}
1776108834,normal,k3s-wk1,0.2795555555555539,0.6100277356656729,325.5333333333333,165.8,9857.1,7935.066666666667,0.0,0,33,3,0,28,0,"{""process_exit"": 33, ""process_exec"": 33, ""process_kprobe"": 28}"
1776108834,normal,sw-wk3,0.13766666666667027,0.32844973686557843,156.13333333333333,80.0,2988.633333333333,5082.4,0.0,0,0,0,0,0,0,{}
1776108834,normal,sw-wk2,0.18358502516918584,0.2831450616104082,154.01540154015402,78.007800780078,5328.766209954329,4105.277194386105,0.0,0,0,0,0,0,0,{}
1776108844,normal,k3s-wk1,0.2795555555555539,0.6100277356656729,325.5333333333333,165.8,9857.1,7935.066666666667,0.0,0,36,3,0,30,0,"{""process_exit"": 36, ""process_exec"": 36, ""process_kprobe"": 30}"
1776108844,normal,sw-wk3,0.17522222222222705,0.32054136880869555,154.0,78.0,2769.066666666667,5572.733333333334,0.0,0,0,0,0,0,0,{}
1776108844,normal,sw-wk2,0.11773200915372384,0.2867607706716617,156.1021129107512,79.98400319936013,1962.5408251683,3774.678397653803,0.0,0,0,0,0,0,0,{}
1776108854,normal,k3s-wk1,0.2795555555555539,0.6100277356656729,325.5333333333333,165.8,9857.1,7935.066666666667,0.0,0,13,2,0,8,0,"{""process_exit"": 13, ""process_exec"": 13, ""process_kprobe"": 8}"
1776108854,normal,sw-wk3,0.17522222222222705,0.32054136880869555,154.0,78.0,2769.0666666666666,5572.7333333333345,0.0,0,0,0,0,0,0,"{""process_exit"": 5}"
1776108854,normal,sw-wk2,0.11773200915372384,0.2867607706716617,156.1021129107512,79.98400319936013,1962.5408251683,3774.678397653803,0.0,0,104,5,0,0,0,"{""process_exit"": 106, ""process_exec"": 104}"
1776108864,normal,sw-wk3,0.17522222222222705,0.32054136880869555,154.0,78.0,2769.0666666666666,5572.733333333334,0.0,0,1,1,0,0,0,"{""process_exec"": 1}"
1776108864,normal,k3s-wk1,0.3162222222222226,0.61169616520839,325.5333333333333,165.8,33399.433333333334,6983.966666666666,0.0,0,83,3,0,74,0,"{""process_kprobe"": 74, ""process_exit"": 83, ""process_exec"": 83}"
1776108864,normal,sw-wk2,0.11773200915372384,0.2867607706716617,156.1021129107512,79.98400319936013,1962.5408251683,3774.678397653803,0.0,0,0,0,0,0,0,{}
1776108874,normal,k3s-wk1,0.3162222222222226,0.61169616520839,325.5333333333333,165.8,33399.433333333334,6983.966666666666,0.0,0,18,2,0,12,0,"{""process_exit"": 18, ""process_exec"": 18, ""process_kprobe"": 12}"
1776108874,normal,sw-wk3,0.17522222222222705,0.32054136880869555,154.0,0.0,0.0,7053.866666666667,0.0,0,1,1,0,0,0,"{""process_exit"": 7, ""process_exec"": 1}"
1776108874,normal,sw-wk2,0.19672422605951534,0.2753800476572754,154.01026735115676,78.00520034668979,5461.7641176078405,27563.604240282686,0.0,0,0,0,0,0,0,{}
1776108884,normal,k3s-wk1,0.3162222222222226,0.61169616520839,325.5333333333333,165.8,33399.433333333334,6983.966666666666,0.0,0,57,3,0,50,0,"{""process_exit"": 58, ""process_exec"": 57, ""process_kprobe"": 50}"
1776108884,normal,sw-wk3,0.16366666666665675,0.31971150783031976,156.13333333333333,80.0,3094.233333333333,7053.866666666667,0.0,0,0,0,0,0,0,{}
1776108884,normal,sw-wk2,0.19672422605951534,0.2753800476572754,154.01026735115676,78.00520034668979,5461.7641176078405,27563.604240282686,0.0,0,0,0,0,0,0,{}
1776108895,normal,k3s-wk1,0.2794444444444455,0.613682928398635,323.4,163.8,9958.033333333333,4466.6,0.0,0,12,2,0,8,0,"{""process_exit"": 12, ""process_exec"": 12, ""process_kprobe"": 8}"
1776108895,normal,sw-wk3,0.16366666666665675,0.31971150783031976,156.13333333333333,80.0,3094.233333333333,7053.866666666667,0.0,0,0,0,0,0,0,{}
1776108895,normal,sw-wk2,0.19672422605951534,0.2753800476572754,154.01026735115676,78.00520034668979,0.0,0.0,0.0,0,0,0,0,0,0,{}
1776108904,normal,k3s-wk1,0.2794444444444455,0.613682928398635,323.4,163.8,9958.033333333333,4466.6,0.0,0,39,3,0,32,0,"{""process_exit"": 39, ""process_exec"": 39, ""process_kprobe"": 32}"
1776108904,normal,sw-wk3,0.16366666666665675,0.31971150783031976,0.0,0.0,2263.4333333333334,5171.266666666666,0.0,0,0,0,0,0,0,{}
1776108904,normal,sw-wk2,0.10967426565346983,0.2884411993322884,104.7860285295294,53.99280095987202,715.5045993867485,3634.6820423943477,0.0,0,2,2,0,0,0,"{""process_exec"": 2}"
1776108914,normal,k3s-wk1,0.2794444444444455,0.613682928398635,323.4,163.8,9958.033333333333,4466.6,0.0,0,15,2,0,10,0,"{""process_exit"": 15, ""process_exec"": 15, ""process_kprobe"": 10}"
1776108914,normal,sw-wk3,0.15222222222223036,0.31893739567006896,104.8,54.0,2263.4333333333334,5171.266666666666,0.0,0,1,1,0,0,0,"{""process_exit"": 15, ""process_exec"": 1}"
1776108914,normal,sw-wk2,0.10967426565346983,0.2884411993322884,104.7860285295294,53.99280095987202,715.5045993867485,3634.6820423943477,0.0,0,104,5,0,0,0,"{""process_exit"": 106, ""process_exec"": 104}"
1776108924,normal,k3s-wk1,0.3107777777777755,0.6094125163823301,325.5333333333333,165.8,35010.53333333333,10548.333333333334,0.0,0,15,2,0,10,0,"{""process_exit"": 15, ""process_exec"": 15, ""process_kprobe"": 10}"
1776108924,normal,sw-wk3,0.15222222222223036,0.31893739567006896,104.8,54.0,2263.4333333333334,5171.266666666666,0.0,0,0,0,0,0,0,{}
1776108924,normal,sw-wk2,0.10967426565346983,0.2884411993322884,104.7860285295294,53.99280095987202,715.5045993867485,3634.6820423943477,0.0,0,0,0,0,0,0,{}
1776108934,normal,k3s-wk1,0.3107777777777755,0.6094125163823301,325.5333333333333,165.8,35010.53333333333,10548.333333333334,0.0,0,18,2,0,12,0,"{""process_exit"": 18, ""process_exec"": 18, ""process_kprobe"": 12}"
1776108934,normal,sw-wk3,0.15222222222223036,0.31893739567006896,0.0,79.99200079992,3567.476585674766,8231.410192314102,0.0,0,1,1,0,0,0,"{""process_exit"": 7, ""process_exec"": 1}"
1776108934,normal,sw-wk2,0.19453242207034493,0.2816255081106567,156.15935989331552,80.01333555592598,5843.440573428904,27710.08501416903,0.0,0,0,0,0,0,0,{}
1776108945,normal,k3s-wk1,0.3107777777777755,0.6094125163823301,0.0,0.0,0.0,3593.6666666666665,0.0,0,60,3,0,52,0,"{""process_exit"": 60, ""process_exec"": 60, ""process_kprobe"": 52}"
1776108945,normal,sw-wk3,0.16519459165193717,0.3248356206276999,156.1177215611772,79.99200079992,3567.476585674766,8231.410192314102,0.0,0,0,0,0,0,0,{}
1776108945,normal,sw-wk2,0.19453242207034493,0.2816255081106567,156.15935989331552,80.01333555592598,5843.440573428904,27710.085014169024,0.0,0,0,0,0,0,0,{}
1776108954,normal,k3s-wk1,0.27844444444444383,0.6006380219063219,271.4,143.8,9819.933333333332,3593.6666666666665,0.0,0,36,3,0,30,0,"{""process_exit"": 36, ""process_exec"": 36, ""process_kprobe"": 30}"
1776108954,normal,sw-wk3,0.16519459165193717,0.3248356206276999,156.1177215611772,79.99200079992,3567.476585674766,8231.410192314102,0.0,0,0,0,0,0,0,{}
1776108954,normal,sw-wk2,0.19453242207034493,0.2816255081106567,156.15935989331552,80.01333555592598,5843.440573428904,27710.085014169024,0.0,0,0,0,0,0,0,{}
1776108964,normal,k3s-wk1,0.27844444444444383,0.6006380219063219,271.4,143.8,9819.933333333332,3593.6666666666665,0.0,0,12,2,0,8,0,"{""process_exit"": 12, ""process_exec"": 12, ""process_kprobe"": 8}"
1776108964,normal,sw-wk3,0.16519459165193717,0.3248356206276999,156.14894822815614,80.00800080008,3800.8134146748007,5295.696236290295,0.0,0,0,0,0,0,0,{}
1776108964,normal,sw-wk2,0.11702943235225727,0.28547695503141046,153.99486683777204,77.99740008666376,932.3022565914468,3560.847971734275,0.0,0,2,2,0,0,0,"{""process_exec"": 2}"
1776108974,normal,k3s-wk1,0.27844444444444383,0.6006380219063219,271.4,143.8,9819.933333333332,3593.6666666666665,0.0,0,15,2,0,10,0,"{""process_exit"": 15, ""process_exec"": 15, ""process_kprobe"": 10}"
1776108974,normal,sw-wk3,0.15113733595582435,0.32432432432432434,156.14894822815614,80.00800080008,3800.8134146748007,5295.696236290295,0.0,0,1,1,0,0,0,"{""process_exit"": 3, ""process_exec"": 1}"
1776108974,normal,sw-wk2,0.11702943235225727,0.28547695503141046,153.99486683777204,77.99740008666376,932.3022565914468,3560.847971734275,0.0,0,0,0,0,0,0,{}
1776108984,normal,sw-wk2,0.11702943235225727,0.28547695503141046,153.99486683777204,77.99740008666376,932.3022565914468,3560.847971734275,0.0,0,111,11,0,2,1,"{""process_exec"": 111, ""process_exit"": 113, ""process_kprobe"": 2}"
1776108984,normal,sw-wk3,0.15113733595582435,0.32432432432432434,156.14894822815614,80.00800080008,3800.8134146748007,5295.696236290295,0.0,0,0,0,0,0,0,{}
1776108984,normal,k3s-wk1,0.2958888888888901,0.6084394539561986,382.0,191.8,9836.7,7051.733333333334,0.0,0,12,2,0,8,0,"{""process_exit"": 12, ""process_exec"": 12, ""process_kprobe"": 8}"
1776108994,normal,sw-wk2,0.23664122137404264,0.2884284567452884,156.13853795126505,97.26990899696658,7140.071335711191,29801.960065335516,0.0,0,6,5,0,3,2,"{""process_exit"": 8, ""process_exec"": 6, ""process_kprobe"": 3}"
1776108994,normal,sw-wk3,0.17366666666666775,0.3228414057621979,156.13333333333333,80.0,4712.0,5660.433333333333,0.0,0,0,0,0,0,0,{}
1776108994,normal,k3s-wk1,0.2958888888888901,0.6084394539561986,382.0,191.8,9836.7,7051.733333333334,0.0,0,36,3,0,30,0,"{""process_exit"": 36, ""process_exec"": 36, ""process_kprobe"": 30}"
1776109004,normal,k3s-wk1,0.2958888888888901,0.6084394539561986,382.0,191.8,9836.7,7051.733333333334,0.0,0,57,3,0,50,0,"{""process_exit"": 57, ""process_exec"": 57, ""process_kprobe"": 50}"
1776109004,normal,sw-wk3,0.17366666666666797,0.3228414057621979,156.13333333333333,80.0,4712.0,5660.433333333333,0.0,0,0,0,0,0,0,{}
1776109004,normal,sw-wk2,0.23664122137404264,0.2884284567452884,156.13853795126505,97.26990899696658,7140.071335711191,29801.960065335516,0.0,0,9,5,0,4,3,"{""process_exit"": 13, ""process_exec"": 9, ""process_kprobe"": 4}"
1776109014,normal,sw-wk2,0.23664122137404264,0.2884284567452884,156.13853795126505,97.26990899696658,7140.071335711191,29801.960065335516,0.0,0,7,5,0,4,3,"{""process_exit"": 9, ""process_exec"": 7, ""process_kprobe"": 4}"
1776109014,normal,sw-wk3,0.17366666666666797,0.3228414057621979,156.13333333333333,80.0,4712.0,5660.433333333333,0.0,0,0,0,0,0,0,{}
1776109014,normal,k3s-wk1,0.31055555555555836,0.6184771234378228,325.5333333333333,165.8,39419.4,7947.666666666667,0.0,0,54,3,0,48,0,"{""process_exit"": 54, ""process_exec"": 54, ""process_kprobe"": 48}"
1776109024,transition,sw-wk2,0.1302512138484303,0.28971864367903977,188.99370020999297,144.76184127195762,843.705209826339,11287.823739208692,0.0,10,7,5,0,4,2,"{""process_exit"": 9, ""process_exec"": 7, ""process_kprobe"": 4}"
1776109024,transition,sw-wk3,0.0,0.3193371943371943,156.13333333333333,80.00000000000001,2361.8,5655.533333333333,0.0,10,1,1,0,0,0,"{""process_exit"": 3, ""process_exec"": 1}"
1776109024,transition,k3s-wk1,0.3105555555555587,0.6184771234378228,325.5333333333333,165.8,39419.4,7947.666666666667,0.0,10,33,3,0,28,0,"{""process_exit"": 33, ""process_exec"": 33, ""process_kprobe"": 28}"
1776109034,normal,sw-wk2,0.1302512138484303,0.28971864367903977,188.99370020999297,144.76184127195756,843.705209826339,11287.823739208692,0.0,0,113,11,0,3,2,"{""process_exec"": 113, ""process_exit"": 115, ""process_kprobe"": 3}"
1776109034,normal,sw-wk3,0.15666666666666573,0.3193371943371943,156.13333333333333,80.0,2361.8,5655.533333333333,0.0,0,0,0,0,0,0,{}
1776109034,normal,k3s-wk1,0.3105555555555587,0.6184771234378228,325.5333333333333,165.8,39419.4,7947.666666666667,0.0,0,15,2,0,10,0,"{""process_exit"": 15, ""process_exec"": 15, ""process_kprobe"": 10}"
1776109044,normal,sw-wk2,0.1302512138484303,0.28971864367903977,188.99370020999297,144.76184127195756,843.705209826339,0.0,0.0,0,6,5,0,3,2,"{""process_exit"": 9, ""process_exec"": 6, ""process_kprobe"": 3}"
1776109044,normal,sw-wk3,0.15666666666666573,0.3193371943371943,156.13333333333333,80.0,2361.8,5655.533333333333,0.0,0,1,1,0,0,0,"{""process_exit"": 25, ""process_exec"": 1}"
1776109044,normal,k3s-wk1,0.3012222222222236,0.6045991310168728,323.4,163.8,40168.333333333336,9545.2,0.0,0,57,3,0,50,0,"{""process_exit"": 57, ""process_exec"": 57, ""process_kprobe"": 50}"
1776109054,normal,k3s-wk1,0.3012222222222236,0.6045991310168728,323.4,163.8,40168.333333333336,9545.2,0.0,0,12,2,0,8,0,"{""process_exit"": 12, ""process_exec"": 12, ""process_kprobe"": 8}"
1776109054,normal,sw-wk3,0.1561111111111132,0.3253676236349504,156.13333333333333,80.0,2988.133333333333,8560.433333333332,0.0,0,0,0,0,0,0,{}
1776109054,normal,sw-wk2,0.19613397767038177,0.2835368961606586,175.97067155474087,124.84585902349609,5541.743042826196,34009.79836693884,0.0,0,6,5,0,3,2,"{""process_exit"": 8, ""process_exec"": 6, ""process_kprobe"": 3}"
1776109064,normal,sw-wk2,0.19613397767038177,0.2835368961606586,175.97067155474087,124.84585902349609,5541.743042826196,34009.79836693884,0.0,0,9,5,0,5,3,"{""process_exit"": 11, ""process_exec"": 9, ""process_kprobe"": 5}"
1776109064,normal,sw-wk3,0.1561111111111132,0.3253676236349504,156.13333333333333,80.0,2988.133333333333,8560.433333333332,0.0,0,0,0,0,0,0,{}
1776109064,normal,k3s-wk1,0.3012222222222236,0.6045991310168728,323.4,163.8,40168.333333333336,9545.2,0.0,0,18,2,0,12,0,"{""process_exit"": 18, ""process_exec"": 18, ""process_kprobe"": 12}"
1776109074,normal,k3s-wk1,0.2832222222222248,0.609257864929453,325.5333333333333,165.8,19156.033333333333,2066.1,0.0,0,54,3,0,48,0,"{""process_exit"": 54, ""process_exec"": 54, ""process_kprobe"": 48}"
1776109074,normal,sw-wk3,0.1561111111111132,0.3253676236349504,156.13333333333333,80.0,2988.133333333333,8560.433333333332,0.0,0,0,0,0,0,0,{}
1776109074,normal,sw-wk2,0.19613397767038177,0.2835368961606586,175.97067155474087,124.84585902349609,5541.743042826196,34009.79836693884,0.0,0,6,5,0,3,2,"{""process_exit"": 8, ""process_exec"": 6, ""process_kprobe"": 3}"
1776109084,normal,sw-wk2,0.13816096552644674,0.29525689055392024,222.04440888177638,157.29812629192503,860.0720144028805,11543.875441755017,0.0,0,11,6,0,4,3,"{""process_exit"": 13, ""process_exec"": 11, ""process_kprobe"": 4}"
1776109084,normal,sw-wk3,0.15688888888888775,0.3261003223874511,156.13333333333333,80.0,2361.3333333333335,5663.1,0.0,0,1,1,0,0,0,"{""process_exit"": 3, ""process_exec"": 1}"
1776109084,normal,k3s-wk1,0.2832222222222248,0.609257864929453,325.5333333333333,165.8,19156.033333333333,2066.1,0.0,0,60,3,0,52,0,"{""process_exit"": 60, ""process_exec"": 60, ""process_kprobe"": 52}"
1776109094,normal,sw-wk2,0.13816096552644674,0.29525689055392024,222.04440888177635,157.29812629192503,860.0720144028805,11543.875441755017,0.0,0,79,8,0,4,3,"{""process_exit"": 81, ""process_exec"": 79, ""process_kprobe"": 4}"
1776109094,normal,sw-wk3,0.15688888888888775,0.3261003223874511,156.13333333333333,80.0,2361.3333333333335,5663.1,0.0,0,0,0,0,0,0,{}
1776109094,normal,k3s-wk1,0.2832222222222248,0.609257864929453,325.5333333333333,165.8,19156.033333333333,2066.1,0.0,0,12,2,0,8,0,"{""process_exit"": 12, ""process_exec"": 12, ""process_kprobe"": 8}"
1776109104,normal,sw-wk2,0.13816096552644674,0.29525689055392024,222.04440888177635,157.29812629192503,860.0720144028805,11543.875441755017,0.0,0,43,8,0,5,3,"{""process_exit"": 49, ""process_exec"": 43, ""process_kprobe"": 5}"
1776109104,normal,sw-wk3,0.15688888888888775,0.3261003223874511,156.13333333333333,80.0,2361.3333333333335,5663.1,0.0,0,1,1,0,0,0,"{""process_exit"": 7, ""process_exec"": 1}"
1776109104,normal,k3s-wk1,0.28131804648268544,0.6111430322747422,323.35688574856687,163.7781629116118,33187.24170110652,5025.763231569124,0.0,0,33,3,0,28,0,"{""process_exit"": 33, ""process_exec"": 33, ""process_kprobe"": 28}"
1776109114,normal,sw-wk2,0.19458240280878758,0.29161091784854165,210.6596446785107,151.3282890570314,5666.411119629345,35622.6792440252,0.0,0,6,5,0,3,2,"{""process_exit"": 8, ""process_exec"": 6, ""process_kprobe"": 3}"
1776109114,normal,sw-wk3,0.16055555555555345,0.3225642544949475,104.8,54.00000000000001,3624.133333333333,6130.166666666667,0.0,0,0,0,0,0,0,{}
1776109114,normal,k3s-wk1,0.28131804648268544,0.6111430322747422,323.35688574856687,163.7781629116118,33187.24170110652,5025.763231569124,0.0,0,33,3,0,28,0,"{""process_exit"": 33, ""process_exec"": 33, ""process_kprobe"": 28}"
1776109124,normal,sw-wk2,0.19458240280878758,0.29161091784854165,210.6596446785107,151.3282890570314,5666.411119629345,35622.679244025196,0.0,0,7,5,0,4,3,"{""process_exit"": 9, ""process_exec"": 7, ""process_kprobe"": 4}"
1776109124,normal,sw-wk3,0.16055555555555356,0.3225642544949475,104.8,54.0,3624.133333333333,6130.166666666667,0.0,0,0,0,0,0,0,{}
1776109124,normal,k3s-wk1,0.28131804648268544,0.6111430322747422,323.35688574856687,163.7781629116118,33187.24170110652,5025.763231569124,0.0,0,12,2,0,8,0,"{""process_exit"": 12, ""process_exec"": 12, ""process_kprobe"": 8}"
1776109135,normal,sw-wk2,0.1945824028087877,0.29161091784854165,0.0,0.0,3293.2999999999997,10219.966666666669,0.0,0,6,5,0,3,2,"{""process_exit"": 8, ""process_exec"": 6, ""process_kprobe"": 3}"
1776109135,normal,sw-wk3,0.16055555555555356,0.3225642544949475,104.8,54.0,3624.133333333333,6130.166666666667,0.0,0,1,1,0,0,0,"{""process_exit"": 3, ""process_exec"": 1}"
1776109135,normal,k3s-wk1,0.296204950451052,0.6106057031391987,325.4899346753766,165.77789628049595,25560.758565524597,8537.161711771763,0.0,0,15,2,0,10,0,"{""process_exit"": 15, ""process_exec"": 15, ""process_kprobe"": 10}"
1776109144,normal,k3s-wk1,0.296204950451052,0.6106057031391987,325.4899346753766,165.77789628049595,25560.758565524597,8537.161711771763,0.0,0,39,3,0,32,0,"{""process_exit"": 39, ""process_exec"": 39, ""process_kprobe"": 32}"
1776109144,normal,sw-wk3,0.16700000000000226,0.3216005963530716,156.13333333333335,80.0,3753.866666666667,5655.300000000001,0.0,0,0,0,0,0,0,{}
1776109144,normal,sw-wk2,0.12966666666667737,0.29132898811116636,176.46666666666667,138.26666666666665,3293.2999999999997,10219.966666666667,0.0,0,3,2,0,0,0,"{""process_exit"": 3, ""process_exec"": 3}"
1776109154,normal,k3s-wk1,0.296204950451052,0.6106057031391987,325.4899346753766,165.77789628049595,25560.758565524597,8537.161711771763,0.0,0,15,2,0,10,0,"{""process_exit"": 15, ""process_exec"": 15, ""process_kprobe"": 10}"
1776109154,normal,sw-wk3,0.16700000000000226,0.3216005963530716,156.13333333333333,80.0,3753.866666666667,5655.3,0.0,0,1,1,0,0,0,"{""process_exit"": 5, ""process_exec"": 1}"
1776109154,normal,sw-wk2,0.1296666666666776,0.29132898811116636,176.46666666666667,138.26666666666665,3293.2999999999997,10219.966666666667,0.0,0,104,5,0,0,0,"{""process_exit"": 106, ""process_exec"": 104}"
1776109164,normal,k3s-wk1,0.32748732995465724,0.6103155905597141,328.62096559082426,168.8450253400907,36735.52947452654,14384.135769538545,0.0,0,63,3,0,54,0,"{""process_exit"": 63, ""process_exec"": 63, ""process_kprobe"": 54}"
1776109164,normal,sw-wk3,0.16700000000000226,0.3216005963530716,156.13333333333333,80.0,3753.866666666667,5655.3,0.0,0,0,0,0,0,0,{}
1776109164,normal,sw-wk2,0.1296666666666776,0.29132898811116636,176.46666666666667,138.26666666666665,3293.2999999999997,10219.966666666667,0.0,0,0,0,0,0,0,{}
1776109174,normal,k3s-wk1,0.32748732995465724,0.6103155905597141,328.62096559082426,168.8450253400907,36735.52947452654,14384.135769538545,0.0,0,15,2,0,10,0,"{""process_exit"": 15, ""process_exec"": 15, ""process_kprobe"": 10}"
1776109174,normal,sw-wk3,0.15433333333333699,0.32624367649120123,154.00000000000003,78.0,3044.5666666666666,7559.233333333334,0.0,0,1,1,0,0,0,"{""process_exit"": 11, ""process_exec"": 1}"
1776109174,normal,sw-wk2,0.21872569282395649,0.28525236693553524,172.14480965397695,90.67271151410095,7438.029201946797,28392.55950396693,0.0,0,0,0,0,0,0,{}
1776109184,normal,k3s-wk1,0.32748732995465724,0.6103155905597141,328.62096559082426,168.8450253400907,36735.52947452654,14384.135769538545,0.0,0,33,3,0,28,0,"{""process_exit"": 34, ""process_exec"": 33, ""process_kprobe"": 28}"
1776109184,normal,sw-wk3,0.15433333333333699,0.32624367649120123,154.0,78.00000000000001,3044.5666666666666,7559.233333333334,0.0,0,0,0,0,0,0,{}
1776109184,normal,sw-wk2,0.21872569282395649,0.28525236693553524,172.14480965397695,90.67271151410095,7438.029201946797,28392.55950396693,0.0,0,0,0,0,0,0,{}
1776109194,normal,k3s-wk1,0.2732222222222188,0.6151052702280149,325.5333333333334,165.8,10336.1,1865.2333333333338,0.0,0,33,3,0,28,0,"{""process_exit"": 33, ""process_exec"": 33, ""process_kprobe"": 28}"
1776109194,normal,sw-wk3,0.15433333333333699,0.32624367649120123,154.0,78.0,3044.5666666666666,7559.233333333334,0.0,0,1,1,0,0,0,"{""process_exit"": 3, ""process_exec"": 1}"
1776109194,normal,sw-wk2,0.21872569282395649,0.28525236693553524,172.14480965397695,90.67271151410095,7438.029201946797,28392.55950396693,0.0,0,0,0,0,0,0,{}
1776109204,normal,k3s-wk1,0.2732222222222188,0.6151052702280149,325.5333333333333,165.8,10336.1,1865.2333333333333,0.0,0,33,3,0,28,0,"{""process_exit"": 33, ""process_exec"": 33, ""process_kprobe"": 28}"
1776109204,normal,sw-wk3,0.15211111111111164,0.32605094486282604,156.13333333333333,80.0,2248.866666666667,5556.933333333333,0.0,0,0,0,0,0,0,{}
1776109204,normal,sw-wk2,0.12494166277751839,0.2793573276246544,154.01026735115676,78.00520034668979,545.5030335355691,3554.1702780185346,0.0,0,2,2,0,0,0,"{""process_exec"": 2}"
1776109214,normal,k3s-wk1,0.2732222222222188,0.6151052702280149,325.5333333333333,165.8,10336.1,1865.2333333333333,0.0,0,57,3,0,50,0,"{""process_exit"": 57, ""process_exec"": 57, ""process_kprobe"": 50}"
1776109214,normal,sw-wk3,0.15211111111111164,0.32605094486282604,156.13333333333333,80.0,2248.866666666667,5556.933333333333,0.0,0,0,0,0,0,0,{}
1776109214,normal,sw-wk2,0.12494166277751839,0.2793573276246544,154.01026735115676,78.00520034668979,545.5030335355691,3554.1702780185346,0.0,0,88,3,0,0,0,"{""process_exit"": 88, ""process_exec"": 88}"
1776109224,normal,sw-wk2,0.12494166277751839,0.2793573276246544,154.01026735115676,78.00520034668979,545.5030335355691,3554.1702780185346,0.0,0,16,3,0,0,0,"{""process_exit"": 18, ""process_exec"": 16}"
1776109224,normal,sw-wk3,0.15211111111111164,0.32605094486282604,156.13333333333333,80.0,2248.866666666667,5556.933333333333,0.0,0,0,0,0,0,0,{}
1776109224,normal,k3s-wk1,0.27722222222222526,0.6122459116138725,517.5666666666666,256.23333333333335,33127.666666666664,4882.2,0.0,0,15,2,0,10,0,"{""process_exit"": 15, ""process_exec"": 15, ""process_kprobe"": 10}"
1776109234,normal,k3s-wk1,0.27722222222222526,0.6122459116138725,517.5666666666666,256.23333333333335,33127.666666666664,4882.2,0.0,0,18,2,0,12,0,"{""process_exit"": 18, ""process_exec"": 18, ""process_kprobe"": 12}"
1776109234,normal,sw-wk3,0.18511111111110956,0.3233734087694484,160.6,86.0,5075.166666666668,5949.500000000001,0.0,0,1,1,0,0,0,"{""process_exit"": 5, ""process_exec"": 1}"
1776109234,normal,sw-wk2,0.18822222222222795,0.2867543993781617,156.13333333333333,80.0,5867.366666666667,27745.866666666665,0.0,0,6,6,1,0,0,"{""process_exec"": 6, ""process_exit"": 4}"
1776109244,normal,k3s-wk1,0.27722222222222526,0.6122459116138725,517.5666666666666,256.23333333333335,33127.666666666664,4882.2,0.0,0,36,3,0,30,0,"{""process_exit"": 36, ""process_exec"": 36, ""process_kprobe"": 30}"
1776109244,normal,sw-wk3,0.18511111111110956,0.3233734087694484,160.6,86.0,5075.166666666667,5949.5,0.0,0,0,0,0,0,0,{}
1776109244,normal,sw-wk2,0.18822222222222795,0.2867543993781617,156.13333333333333,80.0,5867.366666666667,27745.866666666665,0.0,0,10,8,2,1,0,"{""process_exit"": 12, ""process_exec"": 10, ""process_kprobe"": 1}"
1776109254,normal,sw-wk2,0.18822222222222795,0.2867543993781617,156.13333333333333,80.0,5867.366666666667,27745.866666666665,0.0,0,0,0,0,3,0,"{""process_kprobe"": 3}"
1776109254,normal,sw-wk3,0.18511111111110956,0.3233734087694484,160.6,86.0,5075.166666666667,5949.5,0.0,0,0,0,0,0,0,{}
1776109254,normal,k3s-wk1,0.30022222222222206,0.6083705945501732,327.5333333333333,167.8,13228.066666666666,12447.200000000003,0.0,0,12,2,0,8,0,"{""process_exit"": 12, ""process_exec"": 12, ""process_kprobe"": 8}"
1776109264,normal,k3s-wk1,0.30022222222222206,0.6083705945501732,327.5333333333333,167.8,13228.066666666666,12447.2,0.0,0,75,3,0,68,0,"{""process_exit"": 75, ""process_exec"": 75, ""process_kprobe"": 68}"
1776109264,normal,sw-wk3,0.13955555555555998,0.32170731551919673,102.66666666666667,52.0,3910.7,5311.2,0.0,0,0,0,0,0,0,{}
1776109264,normal,sw-wk2,0.16286149162861596,0.28930291677816433,153.984601539846,97.7235609772356,2672.1994467219947,7209.645702096457,0.0,0,2,2,0,1,0,"{""process_kprobe"": 1, ""process_exec"": 2}"
1776109274,normal,k3s-wk1,0.30022222222222206,0.6083705945501732,327.5333333333333,167.8,13228.066666666666,12447.2,0.0,0,57,3,0,50,0,"{""process_exit"": 57, ""process_exec"": 57, ""process_kprobe"": 50}"
1776109274,normal,sw-wk3,0.13955555555555998,0.32170731551919673,102.66666666666667,52.0,3910.7,5311.2,0.0,0,1,1,0,0,0,"{""process_exit"": 23, ""process_exec"": 1}"
1776109274,normal,sw-wk2,0.16286149162861596,0.28930291677816433,153.984601539846,97.7235609772356,2672.1994467219947,7209.645702096457,0.0,0,0,0,0,1,0,"{""process_kprobe"": 1}"
1776109284,normal,sw-wk2,0.16286149162861596,0.28930291677816433,153.984601539846,97.7235609772356,2672.1994467219947,7209.645702096457,0.0,0,104,5,0,2,0,"{""process_kprobe"": 2, ""process_exit"": 106, ""process_exec"": 104}"
1776109284,normal,sw-wk3,0.13955555555555998,0.32170731551919673,102.66666666666667,52.0,3910.7,5311.2,0.0,0,0,0,0,0,0,{}
1776109284,normal,k3s-wk1,0.2816666666666605,0.6199660669877848,325.4,165.8,13025.033333333333,4911.533333333333,0.0,0,12,2,0,8,0,"{""process_exit"": 12, ""process_exec"": 12, ""process_kprobe"": 8}"
1776109294,normal,k3s-wk1,0.2816666666666605,0.6199660669877848,325.4,165.8,13025.033333333333,4911.533333333333,0.0,0,18,2,0,12,0,"{""process_exit"": 18, ""process_exec"": 18, ""process_kprobe"": 12}"
1776109294,normal,sw-wk3,0.15877777777776725,0.3212023905093212,156.13333333333333,80.00000000000001,2991.6666666666665,9345.233333333334,0.0,0,1,1,0,0,0,"{""process_exit"": 7, ""process_exec"": 1}"
1776109294,normal,sw-wk2,0.19147139539793157,0.29100883061279104,114.79617346088462,73.73087563747873,5433.01889937002,28416.286123795868,0.0,0,0,0,0,1,0,"{""process_kprobe"": 1}"
1776109305,normal,k3s-wk1,0.275,0.6203239101305733,228.2,123.8,33865.7,6498.466666666666,0.0,0,18,2,0,12,0,"{""process_exit"": 18, ""process_exec"": 18, ""process_kprobe"": 12}"
1776109305,normal,sw-wk3,0.15877777777776725,0.3212023905093212,156.13333333333333,80.0,2991.6666666666665,9345.233333333334,0.0,0,0,0,0,0,0,{}
1776109305,normal,sw-wk2,0.19147139539793157,0.29100883061279104,114.79617346088462,73.73087563747873,5433.01889937002,28416.286123795868,0.0,0,0,0,0,0,0,{}
1776109314,normal,k3s-wk1,0.275,0.6203239101305733,228.2,123.8,33865.7,6498.466666666666,0.0,0,30,3,0,26,0,"{""process_exit"": 30, ""process_exec"": 30, ""process_kprobe"": 26}"
1776109314,normal,sw-wk3,0.15877777777776725,0.3212023905093212,156.13333333333333,80.0,2991.6666666666665,9345.233333333334,0.0,0,0,0,0,0,0,{}
1776109314,normal,sw-wk2,0.19147139539793157,0.29100883061279104,114.79617346088462,73.73087563747873,5433.01889937002,28416.286123795868,0.0,0,0,0,0,0,0,{}
1776109324,normal,k3s-wk1,0.275,0.6203239101305733,228.2,123.8,33865.7,6498.466666666666,0.0,0,9,2,0,6,0,"{""process_exit"": 9, ""process_exec"": 9, ""process_kprobe"": 6}"
1776109324,normal,sw-wk3,0.15344444444444383,0.32219153382519716,156.13333333333333,80.0,2492.6,6069.433333333333,0.0,0,1,1,0,0,0,"{""process_exit"": 7, ""process_exec"": 1}"
1776109324,normal,sw-wk2,0.12058486939323154,0.2958764988467959,164.1278624045865,89.86367121095962,596.7134428852371,3874.2041931935596,0.0,0,0,0,0,1,0,"{""process_kprobe"": 1}"
1776109334,normal,sw-wk2,0.12058486939323154,0.2958764988467959,164.1278624045865,89.86367121095962,596.7134428852371,3874.2041931935596,0.0,0,106,7,0,1,0,"{""process_exec"": 106, ""process_exit"": 106, ""process_kprobe"": 1}"
1776109334,normal,sw-wk3,0.15344444444444383,0.32219153382519716,156.13333333333333,80.0,2492.6,6069.433333333333,0.0,0,0,0,0,0,0,{}
1776109334,normal,k3s-wk1,0.275,0.6203239101305733,228.2,123.8,33865.7,6498.466666666666,0.0,0,12,2,0,8,0,"{""process_exit"": 12, ""process_exec"": 12, ""process_kprobe"": 8}"
1776109344,normal,k3s-wk1,0.29688888888889675,0.6145769718342453,433.3333333333333,220.4,34319.933333333334,9441.366666666667,0.0,0,54,3,0,48,0,"{""process_exit"": 54, ""process_exec"": 54, ""process_kprobe"": 48}"
1776109344,normal,sw-wk3,0.15344444444444383,0.32219153382519716,156.13333333333333,80.0,2492.6,6069.433333333333,0.0,0,0,0,0,0,0,{}
1776109344,normal,sw-wk2,0.12058486939323154,0.2958764988467959,164.1278624045865,89.86367121095962,596.7134428852371,3874.2041931935596,0.0,0,0,0,0,1,0,"{""process_kprobe"": 1}"
1776109354,normal,k3s-wk1,0.29688888888889675,0.6145769718342453,433.3333333333333,220.4,34319.933333333334,9441.366666666667,0.0,0,36,3,0,30,0,"{""process_exit"": 36, ""process_exec"": 36, ""process_kprobe"": 30}"
1776109354,normal,sw-wk3,0.15100000000000158,0.3211354919275712,156.13333333333333,80.0,3305.2999999999997,5113.033333333333,0.0,0,0,0,0,0,0,{}
1776109354,normal,sw-wk2,0.19497694060122095,0.2882835098181633,160.16002667111184,94.81580263377228,6339.35655942657,28258.443073845643,0.0,0,0,0,0,1,0,"{""process_kprobe"": 1}"
1776109364,normal,k3s-wk1,0.29688888888889675,0.6145769718342453,433.3333333333333,220.4,34319.933333333334,9441.366666666667,0.0,0,39,3,0,32,0,"{""process_exit"": 39, ""process_exec"": 39, ""process_kprobe"": 32}"
1776109364,normal,sw-wk3,0.15100000000000158,0.3211354919275712,156.13333333333333,80.0,3305.2999999999997,5113.033333333333,0.0,0,1,1,0,0,0,"{""process_exit"": 3, ""process_exec"": 1}"
1776109364,normal,sw-wk2,0.19497694060122095,0.2882835098181633,160.16002667111184,94.81580263377228,6339.35655942657,28258.44307384564,0.0,0,0,0,0,0,0,{}
1776109374,normal,sw-wk2,0.19497694060122095,0.2882835098181633,160.16002667111184,94.81580263377228,6339.35655942657,28258.44307384564,0.0,0,0,0,0,1,0,"{""process_kprobe"": 1, ""process_exit"": 2}"
1776109374,normal,sw-wk3,0.15100000000000158,0.3211354919275712,156.13333333333333,80.0,3305.2999999999997,5113.033333333333,0.0,0,0,0,0,0,0,{}
1776109374,normal,k3s-wk1,0.28366666666666385,0.6108856561341878,323.4,163.8,9597.666666666666,3350.366666666667,0.0,0,9,2,0,6,0,"{""process_exit"": 9, ""process_exec"": 9, ""process_kprobe"": 6}"
1776109384,normal,k3s-wk1,0.28366666666666385,0.6108856561341878,323.4,163.8,9597.666666666666,3350.366666666667,0.0,0,12,2,0,8,0,"{""process_exit"": 12, ""process_exec"": 12, ""process_kprobe"": 8}"
1776109384,normal,sw-wk3,0.1662222222222327,0.3241889343374492,154.0,78.0,3071.9666666666667,5670.966666666666,0.0,0,0,0,0,0,0,{}
1776109384,normal,sw-wk2,0.14747542076319842,0.2889015252876639,164.2392934510915,91.85135810698218,2498.9501749708384,4299.316780536577,0.0,0,2,2,0,0,0,"{""process_exec"": 2}"
1776109395,normal,k3s-wk1,0.28366666666666385,0.6108856561341878,323.4,163.8,0.0,0.0,0.0,0,12,2,0,8,0,"{""process_exit"": 12, ""process_exec"": 12, ""process_kprobe"": 8}"
1776109395,normal,sw-wk3,0.1662222222222327,0.3241889343374492,154.0,78.00000000000001,3071.9666666666667,5670.966666666666,0.0,0,1,1,0,0,0,"{""process_exit"": 5, ""process_exec"": 1}"
1776109395,normal,sw-wk2,0.14747542076319842,0.2889015252876639,164.2392934510915,91.85135810698218,2498.9501749708384,4299.316780536577,0.0,0,0,0,0,0,0,{}
1776109404,normal,k3s-wk1,0.27877777777777435,0.6261871192272395,305.0,158.0,10518.866666666667,7442.133333333333,0.0,0,57,3,0,50,0,"{""process_exit"": 57, ""process_exec"": 57, ""process_kprobe"": 50}"
1776109404,normal,sw-wk3,0.1662222222222327,0.3241889343374492,154.0,78.0,3071.9666666666667,5670.966666666666,0.0,0,1,1,0,0,0,"{""process_exit"": 3, ""process_exec"": 1}"
1776109404,normal,sw-wk2,0.14747542076319842,0.2889015252876639,164.2392934510915,91.85135810698218,2498.9501749708384,4299.316780536577,0.0,0,104,5,0,0,0,"{""process_exit"": 106, ""process_exec"": 104}"
1776109414,normal,k3s-wk1,0.27877777777777435,0.6261871192272395,305.0,158.0,10518.866666666667,7442.133333333333,0.0,0,54,3,0,48,0,"{""process_exit"": 54, ""process_exec"": 54, ""process_kprobe"": 48}"
1776109414,normal,sw-wk3,0.15008499150083976,0.31919861870356925,156.1177215611772,79.99200079992,2984.434889844349,6374.262573742626,0.0,0,0,0,0,0,0,{}
1776109414,normal,sw-wk2,0.1978663110518487,0.28793149585228794,158.15969328221368,82.74712452075345,5361.96032672112,27704.81746957826,0.0,0,0,0,0,0,0,{}
1776109424,normal,k3s-wk1,0.27877777777777435,0.6261871192272395,305.0,158.0,10518.866666666667,0.0,0.0,0,12,2,0,8,0,"{""process_exit"": 12, ""process_exec"": 12, ""process_kprobe"": 8}"
1776109424,normal,sw-wk3,0.15008499150083976,0.31919861870356925,156.1177215611772,79.99200079992,2984.434889844349,6374.262573742626,0.0,0,0,0,0,0,0,{}
1776109424,normal,sw-wk2,0.19786631105184893,0.28793149585228794,158.15969328221368,82.74712452075345,5361.96032672112,27704.81746957826,0.0,0,0,0,0,0,0,{}
1776109434,normal,k3s-wk1,0.2845555555555569,0.615958675325643,346.06666666666666,173.6,32907.36666666667,6642.2,0.0,0,18,2,0,12,0,"{""process_exit"": 18, ""process_exec"": 18, ""process_kprobe"": 12}"
1776109434,normal,sw-wk3,0.15008499150083976,0.31919861870356925,156.1177215611772,79.99200079992,2984.434889844349,6374.262573742626,0.0,0,0,0,0,0,0,{}
1776109434,normal,sw-wk2,0.19786631105184893,0.28793149585228794,158.15969328221368,82.74712452075345,5361.96032672112,27704.81746957826,0.0,0,0,0,0,0,0,{}
1776109444,normal,sw-wk3,0.14458112477914942,0.31889757508569394,104.8104810481048,54.005400540054005,2984.3317665099844,8697.036370303696,0.0,0,1,1,0,0,0,"{""process_exit"": 25, ""process_exec"": 1}"
1776109444,normal,k3s-wk1,0.2845555555555569,0.615958675325643,346.06666666666666,173.6,32907.36666666667,6642.2,0.0,0,57,3,0,50,0,"{""process_exit"": 57, ""process_exec"": 57, ""process_kprobe"": 50}"
1776109444,normal,sw-wk2,0.12416949981113456,0.2894749417026645,156.12292513832412,79.99466702219851,2041.3639090727283,3831.877874808346,0.0,0,2,2,0,0,0,"{""process_exec"": 2}"
1776109455,normal,k3s-wk1,0.2845555555555569,0.615958675325643,346.06666666666666,0.0,0.0,7678.533333333333,0.0,0,12,2,0,8,0,"{""process_exit"": 12, ""process_exec"": 12, ""process_kprobe"": 8}"
1776109455,normal,sw-wk3,0.14458112477914942,0.31889757508569394,104.8104810481048,54.005400540054005,2984.3317665099844,8697.036370303696,0.0,0,0,0,0,0,0,{}
1776109455,normal,sw-wk2,0.12416949981113456,0.2894749417026645,156.12292513832412,79.99466702219851,2041.3639090727283,3831.877874808346,0.0,0,104,5,0,0,0,"{""process_exit"": 106, ""process_exec"": 104}"
1776109464,normal,k3s-wk1,0.284333333333335,0.6358646878806317,279.3333333333333,142.4,36225.6,7678.533333333333,0.0,0,18,2,0,12,0,"{""process_exit"": 18, ""process_exec"": 18, ""process_kprobe"": 12}"
1776109464,normal,sw-wk3,0.14458112477914942,0.31889757508569394,104.8104810481048,54.005400540054005,2984.3317665099844,8697.036370303696,0.0,0,1,1,0,0,0,"{""process_exit"": 7, ""process_exec"": 1}"
1776109464,normal,sw-wk2,0.12416949981113456,0.2894749417026645,156.12292513832412,79.99466702219851,2041.3639090727283,3831.877874808346,0.0,0,0,0,0,0,0,{}
1776109474,normal,k3s-wk1,0.284333333333335,0.6358646878806317,279.3333333333333,142.4,36225.6,7678.533333333333,0.0,0,36,3,0,30,0,"{""process_exit"": 36, ""process_exec"": 36, ""process_kprobe"": 30}"
1776109474,normal,sw-wk3,0.2826666666666572,0.3248738483886999,760.2666666666667,372.9,6104.5,6668.4,0.0,0,1,1,0,0,0,"{""process_exec"": 1}"
1776109474,normal,sw-wk2,0.20039113718691304,0.28987633319316486,156.1437429161944,80.0053336889126,6401.526768451231,27776.785119007935,0.0,0,0,0,0,0,0,{}
1776109484,normal,k3s-wk1,0.284333333333335,0.6358646878806317,279.3333333333333,142.4,36225.6,7678.533333333333,0.0,0,58,3,0,50,0,"{""process_exit"": 60, ""process_exec"": 58, ""process_kprobe"": 50}"
1776109484,normal,sw-wk3,0.2826666666666572,0.3248738483886999,760.2666666666667,372.9,6104.5,6668.4,0.0,0,0,0,0,0,0,{}
1776109484,normal,sw-wk2,0.20039113718691304,0.28987633319316486,156.1437429161944,80.0053336889126,6401.526768451231,27776.785119007935,0.0,0,0,0,0,0,0,{}
1776109494,normal,k3s-wk1,0.308582727898862,0.6338418017232913,369.5260947810438,187.16256748650272,10612.310871159103,9669.566086782645,0.0,0,38,3,0,32,0,"{""process_exec"": 38, ""process_kprobe"": 32, ""process_exit"": 37}"
1776109494,normal,sw-wk3,0.2826666666666572,0.3248738483886999,760.2666666666667,372.9,6104.5,6668.4,0.0,0,0,0,0,0,0,{}
1776109494,normal,sw-wk2,0.20039113718691304,0.28987633319316486,156.1437429161944,80.0053336889126,6401.526768451231,27776.785119007935,0.0,0,0,0,0,0,0,{}
1776109504,normal,k3s-wk1,0.308582727898862,0.6338418017232913,369.5260947810438,187.16256748650272,10612.310871159103,9669.566086782645,0.0,0,15,2,0,10,0,"{""process_exit"": 15, ""process_exec"": 15, ""process_kprobe"": 10}"
1776109504,normal,sw-wk3,0.3666666666666717,0.32933375383870434,168.6,94.6,2435.2,7587.2,0.0,0,1,1,0,0,0,"{""process_exit"": 15, ""process_exec"": 1}"
1776109504,normal,sw-wk2,0.11833977691861641,0.29185621264829187,104.7860285295294,53.99280095987202,776.1965071323824,3602.3863484868684,0.0,0,2,2,0,0,0,"{""process_exec"": 2}"
1776109515,normal,k3s-wk1,0.308582727898862,0.6338418017232913,369.5260947810438,0.0,35226.71200906848,9545.242381809694,0.0,0,21,2,0,14,0,"{""process_exit"": 21, ""process_exec"": 21, ""process_kprobe"": 14}"
1776109515,normal,sw-wk3,0.3666666666666717,0.32933375383870434,168.6,94.6,2435.2,7587.2,0.0,0,0,0,0,0,0,{}
1776109515,normal,sw-wk2,0.11833977691861641,0.29185621264829187,104.7860285295294,53.99280095987202,776.1965071323824,3602.3863484868684,0.0,0,104,5,0,0,0,"{""process_exit"": 106, ""process_exec"": 104}"
1776109525,normal,k3s-wk1,0.2959703051721466,0.6348656620719004,274.254850970194,139.82796559311862,35226.71200906848,9545.242381809694,0.0,0,15,2,0,10,0,"{""process_exit"": 15, ""process_exec"": 15, ""process_kprobe"": 10}"
1776109525,normal,sw-wk3,0.3666666666666717,0.32933375383870434,168.6,94.6,2435.2,7587.2,0.0,0,0,0,0,0,0,{}
1776109525,normal,sw-wk2,0.11833977691861641,0.29185621264829187,104.7860285295294,53.99280095987202,5648.1789179848465,27552.705037883825,0.0,0,0,0,0,0,0,{}
1776109534,normal,k3s-wk1,0.2959703051721466,0.6348656620719004,274.254850970194,139.82796559311862,35226.71200906848,9545.242381809694,0.0,0,33,3,0,28,0,"{""process_exit"": 33, ""process_exec"": 33, ""process_kprobe"": 28}"
1776109534,normal,sw-wk3,0.3551111111111013,0.33110019496158105,156.13333333333333,80.00000000000001,3518.9000000000005,5421.433333333333,0.0,0,0,0,0,0,0,{}
1776109534,normal,sw-wk2,0.19723957641012735,0.2862367317812863,155.65598830253887,79.75541672205237,5648.1789179848465,27552.705037883825,0.0,0,0,0,0,0,0,{}
1776109545,normal,k3s-wk1,0.2959703051721466,0.6348656620719004,274.254850970194,139.82796559311862,0.0,2793.8000000000006,0.0,0,33,3,0,28,0,"{""process_exit"": 33, ""process_exec"": 33, ""process_kprobe"": 28}"
1776109545,normal,sw-wk3,0.3551111111111015,0.33110019496158105,156.13333333333333,80.0,3518.9,5421.433333333333,0.0,0,1,1,0,0,0,"{""process_exit"": 7, ""process_exec"": 1}"
1776109545,normal,sw-wk2,0.19723957641012735,0.2862367317812863,155.65598830253887,79.75541672205237,5648.1789179848465,27552.705037883825,0.0,0,0,0,0,0,0,{}
1776109554,normal,k3s-wk1,0.2613333333333382,0.6363467037228104,340.93333333333334,173.6,10111.433333333332,2793.8,0.0,0,54,3,0,48,0,"{""process_exit"": 54, ""process_exec"": 54, ""process_kprobe"": 48}"
1776109554,normal,sw-wk3,0.3551111111111015,0.33110019496158105,156.13333333333333,80.0,3518.9,5421.433333333333,0.0,0,0,0,0,0,0,{}
1776109554,normal,sw-wk2,0.19723957641012735,0.2862367317812863,155.65598830253887,79.75541672205237,5648.1789179848465,0.0,0.0,0,0,0,0,0,0,{}
1776109564,normal,k3s-wk1,0.2613333333333382,0.6363467037228104,340.93333333333334,173.6,10111.433333333332,2793.8,0.0,0,12,2,0,8,0,"{""process_exit"": 12, ""process_exec"": 12, ""process_kprobe"": 8}"
1776109564,normal,sw-wk3,0.36400000000001753,0.33008078800158,156.13333333333333,80.0,4039.7999999999997,7482.066666666667,0.0,0,1,1,0,0,0,"{""process_exit"": 5, ""process_exec"": 1}"
1776109564,normal,sw-wk2,0.1399179706656164,0.2892774316041643,154.47371940617893,78.23993580312958,938.8123578975524,3598.067406713922,0.0,0,0,0,0,0,0,{}
1776109575,normal,sw-wk2,0.1399179706656164,0.2892774316041643,154.47371940617893,78.23993580312958,938.8123578975524,3598.067406713922,0.0,0,106,7,0,0,0,"{""process_exec"": 106, ""process_exit"": 106}"
1776109575,normal,sw-wk3,0.36400000000001753,0.33008078800158,156.13333333333333,80.0,4039.7999999999997,7482.066666666667,0.0,0,0,0,0,0,0,{}
1776109575,normal,k3s-wk1,0.2613333333333382,0.6363467037228104,340.93333333333334,0.0,0.0,11114.233333333334,0.0,0,87,3,0,76,0,"{""process_exit"": 87, ""process_exec"": 87, ""process_kprobe"": 76}"
1776109584,normal,k3s-wk1,0.2993333333333288,0.630057920920052,315.26666666666665,160.6,33927.0,11114.233333333334,0.0,0,12,2,0,8,0,"{""process_exit"": 12, ""process_exec"": 12, ""process_kprobe"": 8}"
1776109584,normal,sw-wk3,0.36400000000001753,0.33008078800158,156.13333333333333,80.0,4039.7999999999997,7482.066666666667,0.0,0,0,0,0,0,0,"{""process_exit"": 2}"
1776109584,normal,sw-wk2,0.1399179706656164,0.2892774316041643,154.47371940617893,78.23993580312958,938.8123578975524,3598.067406713922,0.0,0,0,0,0,0,0,{}
1776109594,normal,k3s-wk1,0.2993333333333289,0.630057920920052,315.26666666666665,160.6,33927.0,11114.233333333334,0.0,0,78,3,0,70,0,"{""process_exit"": 78, ""process_exec"": 78, ""process_kprobe"": 70}"
1776109594,normal,sw-wk3,0.276555555555544,0.32671355938682667,156.13333333333333,80.00000000000001,6545.5,7023.8,0.0,0,1,1,0,0,0,"{""process_exit"": 9, ""process_exec"": 1}"
1776109594,normal,sw-wk2,0.2085611414855184,0.29105661531404103,104.8139751966929,54.00720096012802,6005.000666755567,27733.431124149887,0.0,0,0,0,0,0,0,{}
1776109605,normal,k3s-wk1,0.2993333333333289,0.630057920920052,0.0,0.0,0.0,6072.104491536718,0.0,0,36,3,0,30,0,"{""process_exit"": 36, ""process_exec"": 36, ""process_kprobe"": 30}"
1776109605,normal,sw-wk3,0.276555555555544,0.32671355938682667,156.13333333333333,80.0,6545.5,7023.8,0.0,0,0,0,0,0,0,{}
1776109605,normal,sw-wk2,0.2085611414855184,0.29105661531404103,104.8139751966929,54.00720096012802,6005.000666755567,27733.431124149887,0.0,0,0,0,0,0,0,{}
1776109615,normal,k3s-wk1,0.2965036207739111,0.6380602869743968,302.74556843929093,155.93762495002,10491.603358656537,6072.104491536718,0.0,0,72,3,0,66,0,"{""process_exit"": 72, ""process_exec"": 72, ""process_kprobe"": 66}"
1776109615,normal,sw-wk3,0.276555555555544,0.32671355938682667,156.13333333333333,80.0,6545.5,7023.8,0.0,0,1,1,0,0,0,"{""process_exit"": 27, ""process_exec"": 1}"
1776109615,normal,sw-wk2,0.14780869855025136,0.28534634351466037,160.57323779370103,85.98566905515747,615.9640059990002,3579.0701549741702,0.0,0,0,0,0,0,0,{}
1776109625,normal,k3s-wk1,0.2965036207739111,0.6380602869743968,302.74556843929093,155.93762495002,10491.603358656537,6072.104491536718,0.0,0,18,2,0,12,0,"{""process_exit"": 18, ""process_exec"": 18, ""process_kprobe"": 12}"
1776109625,normal,sw-wk3,0.16397249163972483,0.32540585139595035,104.7895210478952,53.994600539946006,2316.868313168683,8789.387727893878,0.0,0,0,0,0,0,0,{}
1776109625,normal,sw-wk2,0.14780869855025136,0.28534634351466037,160.57323779370105,85.98566905515747,615.964005999,3579.070154974171,0.0,0,46,5,0,0,0,"{""process_exec"": 46, ""process_exit"": 44}"
1776109635,normal,sw-wk2,0.14780869855025136,0.28534634351466037,160.57323779370105,85.98566905515747,615.9640059990002,3579.070154974171,0.0,0,60,3,0,0,0,"{""process_exit"": 62, ""process_exec"": 60}"
1776109635,normal,sw-wk3,0.16397249163972483,0.32540585139595035,104.7895210478952,53.994600539946006,2316.868313168683,8789.387727893878,0.0,0,0,0,0,0,0,{}
1776109635,normal,k3s-wk1,0.2965036207739111,0.6380602869743968,302.74556843929093,0.0,0.0,9667.266906762703,0.0,0,36,3,0,30,0,"{""process_exit"": 36, ""process_exec"": 36, ""process_kprobe"": 30}"
1776109645,normal,k3s-wk1,0.32139522475656734,0.6375523077496181,356.4759237028144,178.87154861944776,36667.00013338668,9667.266906762703,0.0,0,12,2,0,8,0,"{""process_exit"": 12, ""process_exec"": 12, ""process_kprobe"": 8}"
1776109645,normal,sw-wk3,0.16397249163972483,0.32540585139595035,104.7895210478952,53.994600539946006,2316.868313168683,8789.387727893878,0.0,0,0,0,0,0,0,{}
1776109645,normal,sw-wk2,0.14780869855025136,0.28534634351466037,160.57323779370105,0.0,0.0,27700.1466764451,0.0,0,0,0,0,0,0,{}
1776109654,normal,k3s-wk1,0.32139522475656734,0.6375523077496181,356.4759237028144,178.87154861944776,36667.00013338668,9667.266906762703,0.0,0,57,3,0,50,0,"{""process_exit"": 57, ""process_exec"": 57, ""process_kprobe"": 50}"
1776109654,normal,sw-wk3,0.152026313742481,0.3221469347706971,156.14894822815614,80.00800080008,3008.7342067540085,5990.53238657199,0.0,0,1,1,0,0,0,"{""process_exit"": 5, ""process_exec"": 1}"
1776109654,normal,sw-wk2,0.18661244082938044,0.2868181123131618,156.1437429161944,80.0053336889126,5456.397093139543,27700.1466764451,0.0,0,0,0,0,0,0,{}
1776109665,normal,k3s-wk1,0.32139522475656734,0.6375523077496181,0.0,0.0,0.0,0.0,0.0,0,57,3,0,50,0,"{""process_exit"": 57, ""process_exec"": 57, ""process_kprobe"": 50}"
1776109665,normal,sw-wk3,0.152026313742481,0.3221469347706971,156.14894822815614,80.00800080008,3008.7342067540085,5990.53238657199,0.0,0,0,0,0,0,0,{}
1776109665,normal,sw-wk2,0.18661244082938044,0.2868181123131618,156.1437429161944,80.0053336889126,5456.397093139543,27700.1466764451,0.0,0,0,0,0,0,0,{}
1776109675,normal,k3s-wk1,0.28833333333334144,0.6391146260764926,310.1333333333333,158.0,9393.1,1709.6333333333332,0.0,0,57,3,0,50,0,"{""process_exit"": 57, ""process_exec"": 57, ""process_kprobe"": 50}"
1776109675,normal,sw-wk3,0.152026313742481,0.3221469347706971,156.14894822815614,80.00800080008,3008.7342067540085,5990.53238657199,0.0,0,0,0,0,0,0,{}
1776109675,normal,sw-wk2,0.18661244082938044,0.2868181123131618,156.12292513832412,79.99466702219851,766.515565628958,3695.0536630891274,0.0,0,0,0,0,0,0,{}
1776109685,normal,k3s-wk1,0.28833333333334144,0.6391146260764926,310.1333333333333,158.0,9393.1,1709.6333333333332,0.0,0,12,2,0,8,0,"{""process_exit"": 12, ""process_exec"": 12, ""process_kprobe"": 8}"
1776109685,normal,sw-wk3,0.1564444444444436,0.31663576589319165,156.13333333333333,80.0,2231.3,6862.9,0.0,0,1,1,0,0,0,"{""process_exit"": 13, ""process_exec"": 1}"
1776109685,normal,sw-wk2,0.12816923316223083,0.2864326490564114,156.12292513832412,79.99466702219851,766.515565628958,3695.0536630891274,0.0,0,2,2,0,0,0,"{""process_exec"": 2}"
1776109695,transition,k3s-wk1,0.0,0.6391146260764926,0.0,145.0,33691.166666666664,4905.266666666666,0.0,10,18,2,0,12,0,"{""process_exit"": 18, ""process_exec"": 18, ""process_kprobe"": 12}"
1776109695,transition,sw-wk3,0.1564444444444436,0.31663576589319165,156.13333333333333,80.0,2231.3,6862.9000000000015,0.0,10,0,0,0,0,0,{}
1776109695,transition,sw-wk2,0.12816923316223083,0.2864326490564114,156.12292513832412,79.99466702219851,766.515565628958,3695.0536630891274,0.0,10,101,3,0,0,0,"{""process_exit"": 102, ""process_exec"": 101}"
1776109705,normal,sw-wk2,0.12816923316223083,0.2864326490564114,0.0,78.01300216702784,6288.648108018004,27733.355559259875,0.0,0,3,3,0,0,0,"{""process_exec"": 3, ""process_exit"": 4}"
1776109705,normal,sw-wk3,0.1564444444444436,0.31663576589319165,156.13333333333333,80.0,2231.3,6862.9,0.0,0,9,3,0,0,0,"{""process_exit"": 19, ""process_exec"": 9}"
1776109705,normal,k3s-wk1,0.28022222222222004,0.6391812277970748,284.46666666666664,145.0,33691.166666666664,4905.266666666666,0.0,0,33,3,0,28,0,"{""process_exit"": 33, ""process_exec"": 33, ""process_kprobe"": 28}"
1776109715,normal,k3s-wk1,0.28022222222222004,0.6391812277970748,284.46666666666664,145.0,33691.166666666664,4905.266666666666,0.0,0,12,2,0,8,0,"{""process_exit"": 12, ""process_exec"": 12, ""process_kprobe"": 8}"
1776109715,normal,sw-wk3,0.2511111111111253,0.32643322247282647,154.00000000000003,78.0,12877.866666666667,11228.633333333333,0.0,0,8,3,0,0,0,"{""process_exit"": 8, ""process_exec"": 8}"
1776109715,normal,sw-wk2,0.22198144135133402,0.28965015227391466,154.02567094515751,78.01300216702784,6288.648108018002,27733.355559259875,0.0,0,0,0,0,0,0,{}
1776109725,transition,k3s-wk1,0.0,0.6391812277970748,0.0,171.00000000000003,21208.9,20410.96666666667,0.0,10,15,2,0,10,0,"{""process_exit"": 15, ""process_exec"": 15, ""process_kprobe"": 10}"
1776109725,transition,sw-wk3,0.2511111111111253,0.32643322247282647,154.0,78.0,12877.866666666667,11228.633333333333,0.0,10,1,1,0,0,0,"{""process_exit"": 37, ""process_exec"": 1}"
1776109725,transition,sw-wk2,0.22198144135133402,0.28965015227391466,154.02567094515751,78.01300216702784,6288.648108018002,27733.355559259875,0.0,10,0,0,0,0,0,{}
1776109735,transition,k3s-wk1,0.3105555555555536,0.6331249865949926,335.8,171.00000000000003,21208.9,20410.966666666667,0.0,20,33,3,0,28,0,"{""process_exit"": 33, ""process_exec"": 33, ""process_kprobe"": 28}"
1776109735,transition,sw-wk3,0.2511111111111253,0.32643322247282647,154.0,78.0,12877.866666666667,11228.633333333333,0.0,20,8,3,0,0,0,"{""process_exec"": 8, ""process_exit"": 4}"
1776109735,transition,sw-wk2,0.0,0.28965015227391466,104.78253624395934,53.99100149975004,2075.320779870022,3664.055990668222,0.0,20,0,0,0,0,0,{}
1776109745,normal,k3s-wk1,0.3105555555555536,0.6331249865949926,335.8,171.0,21208.9,20410.966666666667,0.0,0,33,3,0,28,0,"{""process_exit"": 33, ""process_exec"": 33, ""process_kprobe"": 28}"
1776109745,normal,sw-wk3,0.19455555555554793,0.3302894478637053,156.13333333333335,80.0,11712.533333333333,13127.033333333333,0.0,0,0,0,0,0,0,"{""process_exit"": 4}"
1776109745,normal,sw-wk2,0.11936899405654122,0.292018680632542,104.78253624395934,53.99100149975004,2075.320779870022,3664.055990668222,0.0,0,2,2,0,0,0,"{""process_exec"": 2}"
1776109755,transition,k3s-wk1,0.0,0.6331249865949926,0.0,168.4,36064.666666666664,18485.766666666666,0.0,10,12,2,0,8,0,"{""process_exit"": 12, ""process_exec"": 12, ""process_kprobe"": 8}"
1776109755,transition,sw-wk3,0.19455555555554793,0.3302894478637053,156.13333333333333,80.0,11712.533333333333,13127.033333333333,0.0,10,0,0,0,0,0,{}
1776109755,transition,sw-wk2,0.11936899405654122,0.292018680632542,104.78253624395934,53.99100149975004,2075.320779870022,3664.055990668222,0.0,10,104,5,0,0,0,"{""process_exit"": 106, ""process_exec"": 104}"
1776109765,transition,k3s-wk1,0.30844444444444186,0.627941340816808,330.6666666666667,168.4,36064.666666666664,18485.766666666666,0.0,20,54,3,0,48,0,"{""process_exit"": 54, ""process_exec"": 54, ""process_kprobe"": 48}"
1776109765,transition,sw-wk3,0.19455555555554793,0.3302894478637053,156.13333333333333,80.0,11712.533333333333,13127.033333333333,0.0,20,1,1,0,0,0,"{""process_exit"": 21, ""process_exec"": 1}"
1776109765,transition,sw-wk2,0.0,0.29221300508429227,156.15935989331552,80.01333555592599,7394.165694282379,27964.227371228535,0.0,20,0,0,0,0,0,{}
1776109775,normal,k3s-wk1,0.30844444444444186,0.627941340816808,330.6666666666667,168.4,36064.666666666664,18485.766666666666,0.0,0,36,3,0,30,0,"{""process_exit"": 36, ""process_exec"": 36, ""process_kprobe"": 30}"
1776109775,normal,sw-wk3,0.18855555555556858,0.3268346139633268,160.6,86.0,8354.233333333334,10448.366666666667,0.0,0,8,3,0,0,0,"{""process_exec"": 8, ""process_exit"": 6}"
1776109775,normal,sw-wk2,0.22231483024949095,0.29221300508429227,156.15935989331552,80.01333555592598,7394.165694282379,27964.227371228535,0.0,0,0,0,0,0,0,{}
1776109785,transition,k3s-wk1,0.0,0.627941340816808,294.73333333333335,150.2,14234.666666666666,9660.533333333335,0.0,10,36,3,0,30,0,"{""process_exit"": 37, ""process_exec"": 36, ""process_kprobe"": 30}"
1776109785,transition,sw-wk3,0.18855555555556858,0.3268346139633268,160.60000000000002,86.0,8354.233333333334,10448.366666666667,0.0,10,0,0,0,0,0,"{""process_exit"": 2}"
1776109785,transition,sw-wk2,0.22231483024949095,0.29221300508429227,156.15935989331552,80.01333555592598,7394.165694282379,27964.227371228535,0.0,10,0,0,0,0,0,{}
1776109795,normal,sw-wk3,0.18855555555556858,0.3268346139633268,160.6,86.0,8354.233333333334,10448.366666666667,0.0,0,1,1,0,0,0,"{""process_exit"": 5, ""process_exec"": 1}"
1776109795,normal,k3s-wk1,0.2974444444444493,0.6316924851811172,294.73333333333335,150.2,14234.666666666666,9660.533333333333,0.0,0,30,3,0,26,0,"{""process_exit"": 30, ""process_exec"": 30, ""process_kprobe"": 26}"
1776109795,normal,sw-wk2,0.11733333333333773,0.2909148540336659,156.13333333333333,80.0,1496.6333333333332,3627.1666666666665,0.0,0,0,0,0,0,0,{}
1776109805,normal,k3s-wk1,0.2974444444444493,0.6316924851811172,294.73333333333335,150.2,14234.666666666666,9660.533333333333,0.0,0,39,3,0,32,0,"{""process_exit"": 39, ""process_exec"": 39, ""process_kprobe"": 32}"
1776109805,normal,sw-wk3,0.16166666666665852,0.3307481809957058,104.8,54.00000000000001,5457.3,7595.099999999999,0.0,0,1,1,0,0,0,"{""process_exit"": 5, ""process_exec"": 1}"
1776109805,normal,sw-wk2,0.11733333333333773,0.2909148540336659,156.13333333333333,80.0,1496.6333333333332,3627.1666666666665,0.0,0,2,2,0,0,0,"{""process_exec"": 2}"
1776109815,transition,k3s-wk1,0.0,0.6241292389455254,524.1666666666666,262.2333333333334,34499.23333333333,13166.699999999999,0.0,10,39,3,0,32,0,"{""process_exit"": 39, ""process_exec"": 39, ""process_kprobe"": 32}"
1776109815,transition,sw-wk3,0.16166666666665852,0.3307481809957058,104.8,54.0,5457.3,7595.099999999999,0.0,10,0,0,0,0,0,{}
1776109815,transition,sw-wk2,0.11733333333333773,0.2909148540336659,156.13333333333333,80.0,1496.6333333333332,3627.1666666666665,0.0,10,101,3,0,0,0,"{""process_exit"": 102, ""process_exec"": 101}"
1776109825,normal,sw-wk2,0.2133271119406257,0.2874902837774125,160.57858952139716,85.9885348620184,6948.9401413144915,27805.792560991868,0.0,0,3,3,0,0,0,"{""process_exec"": 3, ""process_exit"": 4}"
1776109825,normal,sw-wk3,0.16166666666665852,0.3307481809957058,104.8,54.0,5457.3,7595.099999999999,0.0,0,0,0,0,0,0,{}
1776109825,normal,k3s-wk1,0.29855555555554936,0.6241292389455254,524.1666666666666,262.23333333333335,34499.23333333333,13166.699999999999,0.0,0,15,2,0,10,0,"{""process_exit"": 15, ""process_exec"": 15, ""process_kprobe"": 10}"
1776109835,normal,k3s-wk1,0.29855555555554936,0.6241292389455254,524.1666666666666,262.23333333333335,34499.23333333333,13166.699999999999,0.0,0,15,2,0,10,0,"{""process_exit"": 15, ""process_exec"": 15, ""process_kprobe"": 10}"
1776109835,normal,sw-wk3,0.19444444444443443,0.3244660856046995,156.13333333333333,80.0,11424.333333333334,6298.966666666666,0.0,0,1,1,0,0,0,"{""process_exit"": 3, ""process_exec"": 1}"
1776109835,normal,sw-wk2,0.2133271119406257,0.2874902837774125,160.57858952139716,85.9885348620184,6948.9401413144915,27805.792560991868,0.0,0,0,0,0,0,0,{}
1776109845,normal,k3s-wk1,0.28911111111111587,0.6193248843218421,327.5333333333333,167.8,10360.033333333333,10830.0,0.0,0,33,3,0,28,0,"{""process_exit"": 34, ""process_exec"": 33, ""process_kprobe"": 28}"
1776109845,normal,sw-wk3,0.19444444444443443,0.3244660856046995,156.13333333333333,80.0,11424.333333333334,6298.966666666666,0.0,0,0,0,0,0,0,{}
1776109845,normal,sw-wk2,0.2133271119406257,0.2874902837774125,160.57858952139716,85.9885348620184,6948.9401413144915,27805.792560991868,0.0,0,0,0,0,0,0,{}
1776109855,normal,k3s-wk1,0.289111111111116,0.6193248843218421,327.5333333333333,167.8,10360.033333333333,10830.0,0.0,0,15,2,0,10,0,"{""process_exec"": 15, ""process_kprobe"": 10, ""process_exit"": 14}"
1776109855,normal,sw-wk3,0.19444444444443443,0.3244660856046995,156.13333333333333,80.0,11424.333333333334,6298.966666666666,0.0,0,0,0,0,0,0,{}
1776109855,normal,sw-wk2,0.12643908076632815,0.2828790601067829,154.0205360714762,78.01040138685158,953.8938525136687,3546.1061474863313,0.0,0,0,0,0,0,0,{}
1776109865,normal,k3s-wk1,0.289111111111116,0.6193248843218421,327.5333333333333,167.8,10360.033333333333,10830.0,0.0,0,12,2,0,8,0,"{""process_exit"": 12, ""process_exec"": 12, ""process_kprobe"": 8}"
1776109865,normal,sw-wk3,0.17866666666667597,0.317989665761943,156.13333333333333,80.0,3893.2999999999997,5791.666666666667,0.0,0,1,1,0,0,0,"{""process_exit"": 3, ""process_exec"": 1}"
1776109865,normal,sw-wk2,0.12643908076632815,0.2828790601067829,154.0205360714762,78.01040138685158,953.8938525136684,3546.1061474863313,0.0,0,2,2,0,0,0,"{""process_exec"": 2}"
1776109875,transition,k3s-wk1,0.0,0.6140452869123103,326.9448326345911,167.49850269514872,9774.372795634525,6375.72369734478,0.0,10,15,2,0,10,0,"{""process_exit"": 15, ""process_exec"": 15, ""process_kprobe"": 10}"
1776109875,transition,sw-wk3,0.17866666666667597,0.317989665761943,156.13333333333333,80.0,3893.2999999999997,5791.666666666667,0.0,10,0,0,0,0,0,{}
1776109875,transition,sw-wk2,0.12643908076632815,0.2828790601067829,154.0205360714762,78.01040138685158,953.8938525136684,3546.1061474863313,0.0,10,0,0,0,0,0,{}
1776109885,normal,k3s-wk1,0.2737516913999243,0.6140452869123103,326.9448326345911,167.49850269514874,9774.372795634525,6375.72369734478,0.0,0,91,3,0,78,0,"{""process_exit"": 91, ""process_exec"": 91, ""process_kprobe"": 78}"
1776109885,normal,sw-wk3,0.17866666666667597,0.317989665761943,156.13333333333333,80.0,3893.2999999999997,5791.666666666667,0.0,0,0,0,0,0,0,{}
1776109885,normal,sw-wk2,0.20641269206413382,0.2854658052677854,156.1177215611772,79.99200079992,5623.504316235042,27726.827317268275,0.0,0,104,5,0,0,0,"{""process_exit"": 106, ""process_exec"": 104}"
1776109895,normal,k3s-wk1,0.2737516913999243,0.6140452869123103,326.9448326345911,167.49850269514874,9774.372795634525,6375.72369734478,0.0,0,77,3,0,70,0,"{""process_kprobe"": 70, ""process_exit"": 77, ""process_exec"": 77}"
1776109895,normal,sw-wk3,0.14777777777777978,0.3292732265504543,156.13333333333333,80.0,2914.9666666666667,5893.133333333334,0.0,0,1,1,0,0,0,"{""process_exit"": 5, ""process_exec"": 1}"
1776109895,normal,sw-wk2,0.20641269206413382,0.2854658052677854,156.1177215611772,79.99200079992,5623.504316235043,27726.827317268275,0.0,0,0,0,0,0,0,{}
1776109905,normal,k3s-wk1,0.30352412119593375,0.6155963168119676,329.993989180525,170.70727309156482,33704.10071461965,6642.823749415615,0.0,0,54,3,0,48,0,"{""process_exit"": 54, ""process_exec"": 54, ""process_kprobe"": 48}"
1776109905,normal,sw-wk3,0.14777777777777978,0.3292732265504543,156.13333333333333,80.0,2914.9666666666667,5893.133333333333,0.0,0,1,1,0,0,0,"{""process_exit"": 3, ""process_exec"": 1}"
1776109905,normal,sw-wk2,0.20641269206413382,0.2854658052677854,156.1177215611772,79.99200079992,5623.504316235043,27726.827317268275,0.0,0,0,0,0,0,0,{}
1776109915,normal,k3s-wk1,0.30352412119593375,0.6155963168119676,329.993989180525,170.70727309156482,33704.10071461965,6642.823749415615,0.0,0,15,2,0,10,0,"{""process_exit"": 15, ""process_exec"": 15, ""process_kprobe"": 10}"
1776109915,normal,sw-wk3,0.14777777777777978,0.3292732265504543,156.13333333333333,80.0,2914.9666666666667,5893.133333333333,0.0,0,0,0,0,0,0,{}
1776109915,normal,sw-wk2,0.11391139113910631,0.28935547994953936,104.8104810481048,54.005400540054005,563.6563656365636,3515.4848818215155,0.0,0,0,0,0,0,0,{}
1776109925,normal,k3s-wk1,0.30352412119593375,0.6155963168119676,329.993989180525,170.70727309156482,33704.10071461965,6642.823749415615,0.0,0,36,3,0,30,0,"{""process_exit"": 36, ""process_exec"": 36, ""process_kprobe"": 30}"
1776109925,normal,sw-wk3,0.15744444444443517,0.3238942620130739,156.13333333333333,80.0,2006.6,5650.7,0.0,0,0,0,0,0,0,{}
1776109925,normal,sw-wk2,0.11391139113910631,0.28935547994953936,104.8104810481048,54.005400540054005,563.6563656365636,3515.4848818215155,0.0,0,0,0,0,0,0,{}
1776109935,normal,sw-wk2,0.11391139113910631,0.28935547994953936,104.8104810481048,54.005400540054005,563.6563656365636,3515.4848818215155,0.0,0,2,2,0,0,0,"{""process_exec"": 2}"
1776109935,normal,sw-wk3,0.15744444444443517,0.3238942620130739,156.13333333333333,80.0,2006.6,5650.7,0.0,0,0,0,0,0,0,{}
1776109935,normal,k3s-wk1,0.31155555555555015,0.6122752615246376,325.5333333333333,165.8,9236.866666666667,5106.833333333333,0.0,0,33,3,0,28,0,"{""process_exit"": 33, ""process_exec"": 33, ""process_kprobe"": 28}"
1776109945,normal,k3s-wk1,0.31155555555555015,0.6122752615246376,325.5333333333333,165.8,9236.866666666667,5106.833333333333,0.0,0,36,3,0,30,0,"{""process_exit"": 36, ""process_exec"": 36, ""process_kprobe"": 30}"
1776109945,normal,sw-wk3,0.15744444444443517,0.3238942620130739,156.13333333333333,80.0,2006.6,5650.7,0.0,0,2,2,0,0,0,"{""process_exit"": 9, ""process_exec"": 2}"
1776109945,normal,sw-wk2,0.23882852254292908,0.28874702142028874,156.12292513832412,79.99466702219851,5843.543763749083,27750.483301113258,0.0,0,104,5,0,0,0,"{""process_exit"": 106, ""process_exec"": 104}"
1776109955,normal,k3s-wk1,0.31155555555555015,0.6122752615246376,325.5333333333333,165.8,9236.866666666667,5106.833333333333,0.0,0,12,2,0,8,0,"{""process_exit"": 12, ""process_exec"": 12, ""process_kprobe"": 8}"
1776109955,normal,sw-wk3,0.21800000000000885,0.335971048842336,156.13333333333333,80.0,6594.566666666667,7150.9,0.0,0,1,1,0,0,0,"{""process_exit"": 5, ""process_exec"": 1}"
1776109955,normal,sw-wk2,0.23882852254292908,0.28874702142028874,156.12292513832412,79.99466702219851,5843.543763749083,27750.483301113258,0.0,0,0,0,0,0,0,{}
1776109965,normal,k3s-wk1,0.28699999999999914,0.6146142236440624,325.5333333333333,165.8,35057.36666666667,9840.2,0.0,0,15,2,0,10,0,"{""process_exit"": 15, ""process_exec"": 15, ""process_kprobe"": 10}"
1776109965,normal,sw-wk3,0.21800000000000885,0.335971048842336,156.13333333333333,80.0,6594.566666666667,7150.9,0.0,0,0,0,0,0,0,{}
1776109965,normal,sw-wk2,0.23882852254292908,0.28874702142028874,156.12292513832412,79.99466702219851,5843.543763749083,27750.483301113258,0.0,0,0,0,0,0,0,{}
1776109975,normal,k3s-wk1,0.28699999999999914,0.6146142236440624,325.5333333333333,165.8,35057.36666666667,9840.2,0.0,0,29,3,0,23,0,"{""process_exit"": 29, ""process_exec"": 29, ""process_kprobe"": 23}"
1776109975,normal,sw-wk3,0.21800000000000885,0.335971048842336,156.13333333333333,80.0,6594.566666666667,7150.9,0.0,0,0,0,0,0,0,{}
1776109975,normal,sw-wk2,0.11516323310443799,0.2902761318602902,156.1437429161944,80.0053336889126,626.3084205613708,3550.336689112608,0.0,0,0,0,0,0,0,{}
1776109985,normal,k3s-wk1,0.28699999999999914,0.6146142236440624,325.5333333333333,165.8,35057.36666666667,9840.2,0.0,0,43,3,0,37,0,"{""process_kprobe"": 37, ""process_exit"": 43, ""process_exec"": 43}"
1776109985,normal,sw-wk3,0.15666666666666063,0.34906087133809904,104.8,54.0,2368.6,6122.933333333333,0.0,0,0,0,0,0,0,{}
1776109985,normal,sw-wk2,0.11516323310443799,0.2902761318602902,156.1437429161944,80.0053336889126,626.3084205613708,3550.336689112608,0.0,0,2,2,0,0,0,"{""process_exec"": 2}"
1776109995,normal,k3s-wk1,0.28149234495478515,0.618475994595101,325.51163255782956,165.78894740350643,11670.221985200986,4728.3181121258585,0.0,0,39,3,0,32,0,"{""process_exit"": 39, ""process_exec"": 39, ""process_kprobe"": 32}"
1776109995,normal,sw-wk3,0.15666666666666063,0.34906087133809904,104.8,54.0,2368.6,6122.933333333333,0.0,0,1,1,0,0,0,"{""process_exit"": 15, ""process_exec"": 1}"
1776109995,normal,sw-wk2,0.11516323310443799,0.2902761318602902,156.1437429161944,80.0053336889126,626.3084205613708,3550.336689112608,0.0,0,0,0,0,0,0,{}
1776110005,normal,sw-wk2,0.195996089410302,0.28660308115753663,156.11251833088923,79.98933475536596,5346.220503932809,27747.900279962672,0.0,0,104,5,0,0,0,"{""process_exit"": 106, ""process_exec"": 104}"
1776110005,normal,sw-wk3,0.15666666666666063,0.34906087133809904,104.8,54.0,2368.6,6122.933333333333,0.0,0,0,0,0,0,0,{}
1776110005,normal,k3s-wk1,0.28149234495478515,0.618475994595101,325.51163255782944,165.78894740350643,11670.221985200986,4728.3181121258585,0.0,0,33,3,0,28,0,"{""process_exit"": 33, ""process_exec"": 33, ""process_kprobe"": 28}"
1776110015,normal,k3s-wk1,0.28149234495478515,0.618475994595101,325.51163255782944,165.78894740350643,11670.221985200986,4728.3181121258585,0.0,0,60,3,0,52,0,"{""process_exit"": 60, ""process_exec"": 60, ""process_kprobe"": 52}"
1776110015,normal,sw-wk3,0.1561111111111132,0.3553127030849803,156.13333333333333,80.0,3005.5,7562.966666666668,0.0,0,0,0,0,0,0,{}
1776110015,normal,sw-wk2,0.195996089410302,0.28660308115753663,156.11251833088923,79.98933475536596,5346.220503932809,27747.900279962672,0.0,0,0,0,0,0,0,{}
1776110025,normal,k3s-wk1,0.2842856190412709,0.6204243771328073,325.55503700246686,165.81105407027135,32725.881725448366,6663.27755183679,0.0,0,15,2,0,10,0,"{""process_exit"": 15, ""process_exec"": 15, ""process_kprobe"": 10}"
1776110025,normal,sw-wk3,0.1561111111111132,0.3553127030849803,156.13333333333333,80.0,3005.5,7562.966666666666,0.0,0,0,0,0,0,0,{}
1776110025,normal,sw-wk2,0.195996089410302,0.28660308115753663,156.11251833088923,79.98933475536596,5346.220503932809,27747.900279962672,0.0,0,0,0,0,0,0,{}
1776110035,normal,k3s-wk1,0.2842856190412709,0.6204243771328073,325.55503700246686,165.81105407027135,32725.881725448366,6663.27755183679,0.0,0,36,3,0,30,0,"{""process_exit"": 36, ""process_exec"": 36, ""process_kprobe"": 30}"
1776110035,normal,sw-wk3,0.1561111111111132,0.3553127030849803,156.13333333333333,80.0,3005.5,7562.966666666666,0.0,0,1,1,0,0,0,"{""process_exit"": 9, ""process_exec"": 1}"
1776110035,normal,sw-wk2,0.11869604346522111,0.2862972590695363,156.1281290623646,79.99733342221924,575.1808273057563,3538.115396153461,0.0,0,0,0,0,0,0,{}
1776110045,normal,k3s-wk1,0.2842856190412709,0.6204243771328073,325.55503700246686,165.81105407027135,32725.881725448366,6663.27755183679,0.0,0,39,3,0,32,0,"{""process_exit"": 39, ""process_exec"": 39, ""process_kprobe"": 32}"
1776110045,normal,sw-wk3,0.18822222222222784,0.3336933114160837,154.0,78.0,6577.333333333333,7098.8,0.0,0,0,0,0,0,0,"{""process_exit"": 1}"
1776110045,normal,sw-wk2,0.11869604346522111,0.2862972590695363,156.1281290623646,79.99733342221924,575.1808273057563,3538.115396153461,0.0,0,2,2,0,0,0,"{""process_exec"": 2}"
1776110055,normal,k3s-wk1,0.31533333333332947,0.6168222400077664,325.5333333333333,165.8,11727.366666666667,11412.233333333334,0.0,0,15,2,0,10,0,"{""process_exit"": 15, ""process_exec"": 15, ""process_kprobe"": 10}"
1776110055,normal,sw-wk3,0.18822222222222784,0.3336933114160837,154.0,78.0,6577.333333333333,7098.8,0.0,0,1,1,0,0,0,"{""process_exit"": 3, ""process_exec"": 1}"
1776110055,normal,sw-wk2,0.11869604346522111,0.2862972590695363,156.12812906236456,79.99733342221924,575.1808273057563,3538.115396153461,0.0,0,43,3,0,0,0,"{""process_exit"": 44, ""process_exec"": 43}"
1776110065,normal,sw-wk2,0.2046982476025313,0.28697102335716196,156.14894822815614,80.00800080008,7427.942794279427,27989.23225655899,0.0,0,61,3,0,0,0,"{""process_exec"": 61, ""process_exit"": 62}"
1776110065,normal,sw-wk3,0.18822222222222784,0.3336933114160837,154.0,78.0,6577.333333333333,7098.8,0.0,0,0,0,0,0,0,{}
1776110065,normal,k3s-wk1,0.31533333333332947,0.6168222400077664,325.5333333333333,165.8,11727.366666666667,11412.233333333334,0.0,0,54,3,0,48,0,"{""process_exit"": 54, ""process_exec"": 54, ""process_kprobe"": 48}"
1776110075,normal,k3s-wk1,0.31533333333332947,0.6168222400077664,325.5333333333333,165.8,11727.366666666667,11412.233333333334,0.0,0,12,2,0,8,0,"{""process_exit"": 12, ""process_exec"": 12, ""process_kprobe"": 8}"
1776110075,normal,sw-wk3,0.16144444444444161,0.316020936070441,156.13333333333333,80.0,3284.233333333333,5507.333333333335,0.0,0,0,0,0,0,0,{}
1776110075,normal,sw-wk2,0.2046982476025313,0.28697102335716196,156.14894822815614,80.00800080008,7427.942794279427,27989.23225655899,0.0,0,0,0,0,0,0,{}
1776110085,normal,k3s-wk1,0.2831111111111113,0.6155218131923333,325.5333333333333,165.8,33149.566666666666,6647.833333333333,0.0,0,36,3,0,30,0,"{""process_exit"": 37, ""process_exec"": 36, ""process_kprobe"": 30}"
1776110085,normal,sw-wk3,0.16144444444444161,0.316020936070441,156.13333333333333,80.0,3284.233333333333,5507.333333333333,0.0,0,1,1,0,0,0,"{""process_exit"": 5, ""process_exec"": 1}"
1776110085,normal,sw-wk2,0.2046982476025313,0.28697102335716196,156.14894822815614,80.00800080008,7427.942794279427,27989.23225655899,0.0,0,0,0,0,0,0,{}
1776110095,normal,k3s-wk1,0.2831111111111113,0.6155218131923333,325.5333333333333,165.8,33149.566666666666,6647.833333333333,0.0,0,12,2,0,8,0,"{""process_exit"": 12, ""process_exec"": 12, ""process_kprobe"": 8}"
1776110095,normal,sw-wk3,0.16144444444444161,0.316020936070441,156.13333333333333,80.0,3284.233333333333,5507.333333333333,0.0,0,0,0,0,0,0,{}
1776110095,normal,sw-wk2,0.12230999122310993,0.28965811639078964,104.7895210478952,53.994600539946006,723.8276172382762,3631.470186314701,0.0,0,0,0,0,0,0,{}
1776110105,normal,k3s-wk1,0.2831111111111113,0.6155218131923333,325.5333333333333,165.8,33149.566666666666,6647.833333333333,0.0,0,42,3,0,36,0,"{""process_exit"": 42, ""process_exec"": 42, ""process_kprobe"": 36}"
1776110105,normal,sw-wk3,0.16377777777777514,0.3258534347643258,154.0,78.0,2380.9,5880.733333333334,0.0,0,0,0,0,0,0,{}
1776110105,normal,sw-wk2,0.12230999122310993,0.28965811639078964,104.7895210478952,53.994600539946006,723.8276172382762,3631.470186314702,0.0,0,2,2,0,0,0,"{""process_exec"": 2}"
1776110115,normal,k3s-wk1,0.27922222222222326,0.6174193978075617,325.5333333333334,165.8,34325.333333333336,6829.266666666668,0.0,0,24,2,0,20,0,"{""process_exit"": 24, ""process_exec"": 24, ""process_kprobe"": 20}"
1776110115,normal,sw-wk3,0.16377777777777536,0.3258534347643258,154.0,78.0,2380.9,5880.733333333334,0.0,0,1,1,0,0,0,"{""process_exit"": 11, ""process_exec"": 1}"
1776110115,normal,sw-wk2,0.12230999122310993,0.28965811639078964,104.7895210478952,53.994600539946006,723.8276172382762,3631.470186314702,0.0,0,104,5,0,0,0,"{""process_exit"": 106, ""process_exec"": 104}"
1776110125,normal,k3s-wk1,0.2792222222222235,0.6174193978075617,325.5333333333333,165.8,34325.33333333334,6829.266666666666,0.0,0,60,3,0,52,0,"{""process_exit"": 60, ""process_exec"": 60, ""process_kprobe"": 52}"
1776110125,normal,sw-wk3,0.16377777777777536,0.3258534347643258,154.0,78.0,2380.9,5880.733333333334,0.0,0,0,0,0,0,0,{}
1776110125,normal,sw-wk2,0.19853308884814247,0.2846247945257846,156.15935989331552,80.01333555592598,5417.136189364894,27786.46441073512,0.0,0,0,0,0,0,0,{}
1776110135,normal,sw-wk3,0.181111111111103,0.3167695630566918,156.13333333333335,80.0,3085.4666666666667,7248.833333333333,0.0,0,1,1,0,0,0,"{""process_exit"": 3, ""process_exec"": 1}"
1776110135,normal,k3s-wk1,0.2792222222222235,0.6174193978075617,325.5333333333333,165.8,34325.333333333336,6829.266666666666,0.0,0,33,3,0,28,0,"{""process_exit"": 33, ""process_exec"": 33, ""process_kprobe"": 28}"
1776110135,normal,sw-wk2,0.1985330888481427,0.2846247945257846,156.15935989331552,80.01333555592598,5417.136189364894,27786.46441073512,0.0,0,0,0,0,0,0,{}
1776110145,normal,k3s-wk1,0.2860000000000025,0.613616326678053,325.5333333333333,165.8,9369.566666666666,5482.866666666667,0.0,0,57,3,0,50,0,"{""process_exit"": 57, ""process_exec"": 57, ""process_kprobe"": 50}"
1776110145,normal,sw-wk3,0.181111111111103,0.3167695630566918,156.13333333333333,80.00000000000001,3085.4666666666667,7248.833333333333,0.0,0,0,0,0,0,0,{}
1776110145,normal,sw-wk2,0.1985330888481427,0.2846247945257846,156.15935989331552,80.01333555592598,5417.136189364894,27786.46441073512,0.0,0,0,0,0,0,0,{}
1776110155,normal,sw-wk3,0.181111111111103,0.3167695630566918,156.13333333333333,80.0,3085.4666666666667,7248.833333333333,0.0,0,1,1,0,0,0,"{""process_exit"": 11, ""process_exec"": 1}"
1776110155,normal,k3s-wk1,0.2860000000000027,0.613616326678053,325.5333333333333,165.8,9369.566666666666,5482.866666666667,0.0,0,39,3,0,32,0,"{""process_exit"": 39, ""process_exec"": 39, ""process_kprobe"": 32}"
1776110155,normal,sw-wk2,0.11646188400052848,0.29142615033704145,154.71000132117848,79.27070947284979,918.582375478927,3520.874620161184,0.0,0,0,0,0,0,0,{}
1776110165,normal,k3s-wk1,0.2860000000000027,0.613616326678053,325.5333333333333,165.8,9369.566666666666,5482.866666666667,0.0,0,36,3,0,30,0,"{""process_exit"": 36, ""process_exec"": 36, ""process_kprobe"": 30}"
1776110165,normal,sw-wk3,0.16488888888890063,0.3208949755979459,104.80000000000003,54.0,5938.233333333334,8344.900000000001,0.0,0,1,1,0,0,0,"{""process_exit"": 13, ""process_exec"": 1}"
1776110165,normal,sw-wk2,0.11646188400052848,0.29142615033704145,154.71000132117848,79.27070947284979,918.5823754789272,3520.874620161184,0.0,0,2,2,0,0,0,"{""process_exec"": 2}"
1776110175,normal,sw-wk2,0.11646188400052848,0.29142615033704145,154.71000132117848,79.27070947284979,918.5823754789272,3520.874620161184,0.0,0,5,5,0,0,0,"{""process_exec"": 5, ""process_exit"": 4}"
1776110175,normal,sw-wk3,0.16488888888890063,0.3208949755979459,104.8,54.0,5938.233333333334,8344.9,0.0,0,0,0,0,0,0,{}
1776110175,normal,k3s-wk1,0.3075555555555537,0.6162239533652495,325.5333333333333,165.8,13531.933333333336,10273.633333333333,0.0,0,60,3,0,52,0,"{""process_exit"": 60, ""process_exec"": 60, ""process_kprobe"": 52}"
1776110185,normal,k3s-wk1,0.3075555555555537,0.6162239533652495,325.5333333333333,165.8,13531.933333333332,10273.633333333333,0.0,0,15,2,0,10,0,"{""process_exit"": 15, ""process_exec"": 15, ""process_kprobe"": 10}"
1776110185,normal,sw-wk3,0.16488888888890063,0.3208949755979459,104.8,54.0,5938.233333333334,8344.9,0.0,0,0,0,0,0,0,{}
1776110185,normal,sw-wk2,0.2325977753857137,0.2922225620245422,799.7174381054899,408.84015069967705,7674.448331539289,29940.022874058126,0.0,0,107,7,0,0,0,"{""process_exit"": 109, ""process_exec"": 107}"
1776110195,normal,sw-wk2,0.2325977753857137,0.2922225620245422,799.7174381054898,408.84015069967705,7674.448331539289,29940.022874058126,0.0,0,3,2,0,0,0,"{""process_exit"": 3, ""process_exec"": 3}"
1776110195,normal,sw-wk3,0.15633333333331978,0.32638703059495133,154.0,78.0,3712.5666666666666,8147.266666666666,0.0,0,1,1,0,0,0,"{""process_exit"": 17, ""process_exec"": 1}"
1776110195,normal,k3s-wk1,0.3075555555555537,0.6162239533652495,325.5333333333333,165.8,13531.933333333332,10273.633333333333,0.0,0,35,3,0,30,0,"{""process_exit"": 35, ""process_exec"": 35, ""process_kprobe"": 30}"
1776110205,normal,k3s-wk1,0.2856666666666672,0.6218738111875086,325.5333333333333,165.8,38013.46666666667,7415.433333333333,0.0,0,34,3,0,28,0,"{""process_exit"": 34, ""process_exec"": 34, ""process_kprobe"": 28}"
1776110205,normal,sw-wk3,0.15633333333332,0.32638703059495133,154.0,78.0,3712.5666666666666,8147.266666666666,0.0,0,0,0,0,0,0,{}
1776110205,normal,sw-wk2,0.2325977753857137,0.2922225620245422,799.7174381054898,408.84015069967705,7674.448331539289,29940.022874058126,0.0,0,3,2,0,0,0,"{""process_exit"": 3, ""process_exec"": 3}"
1776110215,normal,sw-wk2,0.148219762635022,0.2976286045592976,240.56540872116287,165.02200293372448,1036.9715962128284,6067.475663421789,0.0,0,3,2,0,0,0,"{""process_exit"": 3, ""process_exec"": 3}"
1776110215,normal,sw-wk3,0.15633333333332,0.32638703059495133,154.0,78.0,3712.5666666666666,8147.266666666666,0.0,0,0,0,0,0,0,{}
1776110215,normal,k3s-wk1,0.2856666666666672,0.6218738111875086,325.5333333333333,165.8,38013.46666666667,7415.433333333335,0.0,0,51,3,0,46,0,"{""process_exit"": 51, ""process_exec"": 51, ""process_kprobe"": 46}"
1776110225,normal,k3s-wk1,0.2856666666666672,0.6218738111875086,325.5333333333333,165.8,38013.46666666667,7415.433333333333,0.0,0,18,2,0,12,0,"{""process_exit"": 18, ""process_exec"": 18, ""process_kprobe"": 12}"
1776110225,normal,sw-wk3,0.16233333333334998,0.3257403443047008,156.13333333333333,80.0,2583.8,5210.333333333333,0.0,0,0,0,0,0,0,{}
1776110225,normal,sw-wk2,0.148219762635022,0.2976286045592976,240.5654087211628,165.02200293372448,1036.9715962128284,6067.475663421789,0.0,0,6,3,0,0,0,"{""process_exit"": 4, ""process_exec"": 6}"
1776110236,normal,k3s-wk1,0.27999999999999803,0.6172286233875892,330.0,171.8,35653.0,6113.233333333334,0.0,0,39,3,0,32,0,"{""process_exit"": 39, ""process_exec"": 39, ""process_kprobe"": 32}"
1776110236,normal,sw-wk3,0.16233333333334998,0.3257403443047008,156.13333333333333,80.0,2583.8,5210.333333333333,0.0,0,1,1,0,0,0,"{""process_exit"": 3, ""process_exec"": 1}"
1776110236,normal,sw-wk2,0.148219762635022,0.2976286045592976,240.5654087211628,165.02200293372448,1036.9715962128284,6067.475663421789,0.0,0,107,7,0,0,0,"{""process_exit"": 109, ""process_exec"": 107}"
1776110245,normal,k3s-wk1,0.27999999999999803,0.6172286233875892,330.0,171.8,35653.0,6113.233333333334,0.0,0,9,2,0,6,0,"{""process_exit"": 9, ""process_exec"": 9, ""process_kprobe"": 6}"
1776110245,normal,sw-wk3,0.16233333333334998,0.3257403443047008,156.13333333333333,80.0,2583.8,5210.333333333333,0.0,0,0,0,0,0,0,{}
1776110245,normal,sw-wk2,0.20077323023596294,0.2912318258852913,244.36741767764298,166.6444474070124,5661.145180642581,29971.003866151183,0.0,0,2,2,0,0,0,"{""process_exit"": 2, ""process_exec"": 2}"
1776110255,normal,k3s-wk1,0.27999999999999803,0.6172286233875892,330.0,171.8,35653.0,6113.233333333334,0.0,0,15,2,0,10,0,"{""process_exit"": 15, ""process_exec"": 15, ""process_kprobe"": 10}"
1776110255,normal,sw-wk3,0.1496666666666594,0.3235645475744485,158.46666666666667,84.0,2985.6666666666665,6386.633333333333,0.0,0,1,1,0,0,0,"{""process_exit"": 5, ""process_exec"": 1}"
1776110255,normal,sw-wk2,0.20077323023596294,0.2912318258852913,244.36741767764298,166.6444474070124,5661.145180642581,29971.003866151183,0.0,0,4,2,0,0,0,"{""process_exit"": 4, ""process_exec"": 4}"
1776110265,normal,k3s-wk1,0.2814444444444436,0.6181836243301729,325.5333333333333,165.8,11802.7,5751.633333333333,0.0,0,33,3,0,28,0,"{""process_exit"": 33, ""process_exec"": 33, ""process_kprobe"": 28}"
1776110265,normal,sw-wk3,0.1496666666666594,0.3235645475744485,158.46666666666667,84.0,2985.6666666666674,6386.633333333333,0.0,0,0,0,0,0,0,{}
1776110265,normal,sw-wk2,0.20077323023596294,0.2912318258852913,244.36741767764298,166.6444474070124,5661.145180642581,29971.003866151183,0.0,0,3,2,0,0,0,"{""process_exit"": 3, ""process_exec"": 3}"
1776110275,normal,k3s-wk1,0.2814444444444435,0.6181836243301729,325.5333333333333,165.8,11802.700000000003,5751.633333333333,0.0,0,33,3,0,28,0,"{""process_exit"": 33, ""process_exec"": 33, ""process_kprobe"": 28}"
1776110275,normal,sw-wk3,0.1496666666666594,0.3235645475744485,158.46666666666667,84.0,2985.6666666666665,6386.633333333333,0.0,0,0,0,0,0,0,{}
1776110275,normal,sw-wk2,0.12574863606565367,0.29745657963479744,183.20610687022904,135.4045134837828,705.5568518950631,5968.432281076037,0.0,0,3,2,0,0,0,"{""process_exit"": 3, ""process_exec"": 3}"
1776110285,normal,k3s-wk1,0.2814444444444436,0.6181836243301729,325.5333333333333,165.8,11802.7,5751.633333333333,0.0,0,12,2,0,8,0,"{""process_exit"": 12, ""process_exec"": 12, ""process_kprobe"": 8}"
1776110285,normal,sw-wk3,0.15822222222221982,0.32589166252532586,156.13333333333335,80.0,2990.233333333333,5101.8,0.0,0,0,0,0,0,0,{}
1776110285,normal,sw-wk2,0.12574863606565367,0.29745657963479744,183.20610687022904,135.4045134837828,705.5568518950631,5968.432281076037,0.0,0,5,3,0,0,0,"{""process_exit"": 3, ""process_exec"": 5}"
1776110295,normal,sw-wk2,0.12574863606565334,0.29745657963479744,183.20610687022904,135.4045134837828,705.5568518950632,5968.432281076037,0.0,0,3,2,0,0,0,"{""process_exit"": 3, ""process_exec"": 3}"
1776110295,normal,sw-wk3,0.15822222222221982,0.32589166252532586,156.13333333333333,80.0,2990.233333333333,5101.8,0.0,0,1,1,0,0,0,"{""process_exit"": 3, ""process_exec"": 1}"
1776110295,normal,k3s-wk1,0.28700000000000425,0.6182852201751287,325.5333333333333,165.8,11979.966666666667,6512.066666666667,0.0,0,53,3,0,44,0,"{""process_exit"": 53, ""process_exec"": 53, ""process_kprobe"": 44}"
1776110305,normal,k3s-wk1,0.28700000000000425,0.6182852201751287,325.5333333333333,165.8,11979.966666666667,6512.066666666667,0.0,0,22,2,0,18,0,"{""process_kprobe"": 18, ""process_exit"": 22, ""process_exec"": 22}"
1776110305,normal,sw-wk3,0.15822222222221982,0.32589166252532586,156.13333333333333,80.0,2990.233333333333,5101.8,0.0,0,0,0,0,0,0,{}
1776110305,normal,sw-wk2,0.19477777777777494,0.2952871541980453,234.53333333333333,158.4,6623.766666666666,30389.466666666667,0.0,0,108,7,0,0,0,"{""process_exit"": 110, ""process_exec"": 108}"
1776110315,normal,k3s-wk1,0.28700000000000425,0.6182852201751287,325.5333333333333,165.8,11979.966666666667,6512.066666666667,0.0,0,39,3,0,32,0,"{""process_exit"": 39, ""process_exec"": 39, ""process_kprobe"": 32}"
1776110315,normal,sw-wk3,0.16188888888889574,0.32251487697032255,154.0,78.0,3715.233333333334,6136.6,0.0,0,1,1,0,0,0,"{""process_exit"": 3, ""process_exec"": 1}"
1776110315,normal,sw-wk2,0.19477777777777494,0.2952871541980453,234.53333333333333,158.4,6623.766666666666,30389.466666666667,0.0,0,2,2,0,0,0,"{""process_exit"": 4, ""process_exec"": 2}"
1776110325,normal,k3s-wk1,0.31188888888889077,0.6195585547652402,325.5333333333333,165.8,34864.2,9597.666666666666,0.0,0,33,3,0,28,0,"{""process_exit"": 33, ""process_exec"": 33, ""process_kprobe"": 28}"
1776110325,normal,sw-wk3,0.16188888888889574,0.32251487697032255,154.0,78.0,3715.233333333333,6136.6,0.0,0,0,0,0,0,0,{}
1776110325,normal,sw-wk2,0.19477777777777494,0.2952871541980453,234.53333333333333,158.4,6623.766666666666,30389.466666666667,0.0,0,0,0,0,0,0,{}
1776110335,normal,k3s-wk1,0.31188888888889077,0.6195585547652402,325.5333333333334,165.8,34864.2,9597.666666666666,0.0,0,57,3,0,50,0,"{""process_exit"": 57, ""process_exec"": 57, ""process_kprobe"": 50}"
1776110335,normal,sw-wk3,0.16188888888889574,0.32251487697032255,154.0,78.0,3715.233333333333,6136.6,0.0,0,0,0,0,0,0,{}
1776110335,normal,sw-wk2,0.14891725831360791,0.2964180587942964,171.3276224125862,95.06349788340387,2711.876270790973,4458.718042731908,0.0,0,0,0,0,0,0,{}
1776110345,normal,k3s-wk1,0.31188888888889077,0.6195585547652402,325.5333333333333,165.8,34864.2,9597.666666666666,0.0,0,36,3,0,30,0,"{""process_exit"": 36, ""process_exec"": 36, ""process_kprobe"": 30}"
1776110345,normal,sw-wk3,0.146555555555551,0.322964053162073,104.8,54.00000000000001,2407.2,5163.1,0.0,0,0,0,0,0,0,{}
1776110345,normal,sw-wk2,0.14891725831360791,0.2964180587942964,171.3276224125862,95.06349788340387,2711.876270790973,4458.718042731908,0.0,0,2,2,0,0,0,"{""process_exec"": 2}"
1776110355,normal,k3s-wk1,0.28655555555555,0.626126161720266,323.4,163.80000000000004,10266.966666666667,4725.5,0.0,0,9,2,0,6,0,"{""process_exit"": 9, ""process_exec"": 9, ""process_kprobe"": 6}"
1776110355,normal,sw-wk3,0.1465555555555511,0.322964053162073,104.8,54.0,2407.2,5163.1,0.0,0,1,1,0,0,0,"{""process_exit"": 7, ""process_exec"": 1}"
1776110355,normal,sw-wk2,0.14891725831360791,0.2964180587942964,171.3276224125862,95.06349788340387,2711.876270790973,4458.718042731908,0.0,0,0,0,0,0,0,{}
1776110365,normal,k3s-wk1,0.28655555555555,0.626126161720266,323.4,163.8,10266.966666666667,4725.5,0.0,0,39,3,0,32,0,"{""process_exit"": 39, ""process_exec"": 39, ""process_kprobe"": 32}"
1776110365,normal,sw-wk3,0.1465555555555511,0.322964053162073,104.8,54.0,2407.2,5163.1,0.0,0,0,0,0,0,0,{}
1776110365,normal,sw-wk2,0.20169327689077654,0.29117129859704116,156.1281290623646,79.99733342221924,5317.822739242024,27919.669344355185,0.0,0,104,5,0,0,0,"{""process_exit"": 106, ""process_exec"": 104}"
1776110375,normal,k3s-wk1,0.28655555555555,0.626126161720266,323.4,163.8,10266.966666666667,4725.5,0.0,0,36,3,0,30,0,"{""process_exit"": 36, ""process_exec"": 36, ""process_kprobe"": 30}"
1776110375,normal,sw-wk3,0.14966666666665918,0.3234896848758235,156.13333333333333,80.00000000000001,3404.8000000000006,6115.633333333333,0.0,0,0,0,0,0,0,{}
1776110375,normal,sw-wk2,0.20169327689077654,0.29117129859704116,156.12812906236456,79.99733342221924,5317.822739242024,27919.66934435519,0.0,0,0,0,0,0,0,{}
1776110385,normal,k3s-wk1,0.2880000000000008,0.6184963137640922,325.5333333333334,165.8,32569.866666666665,8304.433333333332,0.0,0,60,3,0,52,0,"{""process_exit"": 61, ""process_exec"": 60, ""process_kprobe"": 52}"
1776110385,normal,sw-wk3,0.1496666666666594,0.3234896848758235,156.13333333333333,80.0,3404.7999999999997,6115.633333333333,0.0,0,0,0,0,0,0,{}
1776110385,normal,sw-wk2,0.20169327689077654,0.29117129859704116,156.12812906236456,79.99733342221924,5317.822739242024,27919.669344355185,0.0,0,0,0,0,0,0,{}
1776110395,normal,k3s-wk1,0.2880000000000008,0.6184963137640922,325.5333333333333,165.8,32569.866666666665,8304.433333333332,0.0,0,33,3,0,28,0,"{""process_exit"": 33, ""process_exec"": 33, ""process_kprobe"": 28}"
1776110395,normal,sw-wk3,0.1496666666666594,0.3234896848758235,156.13333333333333,80.0,3404.7999999999997,6115.633333333333,0.0,0,1,1,0,0,0,"{""process_exit"": 3, ""process_exec"": 1}"
1776110395,normal,sw-wk2,0.13216436651330887,0.29500841010741996,154.01026735115676,78.00520034668979,1966.2310820721382,3660.2773518234553,0.0,0,0,0,0,0,0,{}
1776110405,normal,k3s-wk1,0.2880000000000008,0.6184963137640922,325.5333333333333,165.8,32569.866666666665,8304.433333333332,0.0,0,57,3,0,50,0,"{""process_exit"": 57, ""process_exec"": 57, ""process_kprobe"": 50}"
1776110405,normal,sw-wk3,0.1628888888888973,0.32139193649094644,154.0,78.0,4312.666666666667,5684.566666666667,0.0,0,0,0,0,0,0,{}
1776110405,normal,sw-wk2,0.13216436651330887,0.29500841010741996,154.01026735115676,78.00520034668979,1966.2310820721382,3660.2773518234553,0.0,0,2,2,0,0,0,"{""process_exec"": 2}"
1776110416,normal,sw-wk2,0.13216436651330887,0.29500841010741996,154.01026735115676,78.00520034668979,1966.2310820721382,3660.2773518234553,0.0,0,8,7,0,0,0,"{""process_exec"": 8, ""process_exit"": 6}"
1776110416,normal,sw-wk3,0.1628888888888973,0.32139193649094644,154.0,78.0,4312.666666666667,5684.566666666667,0.0,0,0,0,0,0,0,{}
1776110416,normal,k3s-wk1,0.30833333333333335,0.6153468425704651,525.0000000000001,256.23333333333335,11494.5,8591.6,0.0,0,57,3,0,50,0,"{""process_exit"": 57, ""process_exec"": 57, ""process_kprobe"": 50}"
1776110425,normal,k3s-wk1,0.30833333333333335,0.6153468425704651,525.0,256.23333333333335,11494.5,8591.6,0.0,0,15,2,0,10,0,"{""process_exit"": 15, ""process_exec"": 15, ""process_kprobe"": 10}"
1776110425,normal,sw-wk3,0.1628888888888973,0.32139193649094644,154.0,78.0,4312.666666666667,5684.566666666667,0.0,0,0,0,0,0,0,{}
1776110425,normal,sw-wk2,0.2446059151612241,0.2962189558724212,143255.04966335578,1578.8280781281248,7349.0100659956,7801.1799213385775,0.0,0,4,3,0,0,0,"{""process_exit"": 4, ""process_exec"": 4}"
1776110435,normal,k3s-wk1,0.30833333333333335,0.6153468425704651,525.0,256.23333333333335,11494.5,8591.6,0.0,0,15,2,0,10,0,"{""process_exit"": 15, ""process_exec"": 15, ""process_kprobe"": 10}"
1776110435,normal,sw-wk3,0.1528888888888812,0.3244310434904494,156.13333333333333,80.0,2896.0333333333333,6772.7333333333345,0.0,0,1,1,0,0,0,"{""process_exit"": 11, ""process_exec"": 1}"
1776110435,normal,sw-wk2,0.2446059151612241,0.2962189558724212,143255.04966335578,1578.8280781281248,7349.0100659956,7801.1799213385775,0.0,0,21,1,0,0,0,"{""process_exit"": 22, ""process_exec"": 21}"
1776110445,normal,sw-wk2,0.2446059151612241,0.2962189558724212,143255.04966335578,1578.8280781281248,7349.0100659956,7801.1799213385775,0.0,0,17,1,0,0,0,"{""process_exec"": 17, ""process_exit"": 16}"
1776110445,normal,sw-wk3,0.1528888888888812,0.3244310434904494,156.13333333333333,80.0,2896.0333333333333,6772.733333333334,0.0,0,0,0,0,0,0,{}
1776110445,normal,k3s-wk1,0.2844444444444384,0.6155759976429764,327.5333333333333,167.8,21174.366666666665,8048.2,0.0,0,36,3,0,30,0,"{""process_exit"": 36, ""process_exec"": 36, ""process_kprobe"": 30}"
1776110455,normal,k3s-wk1,0.2844444444444384,0.6155759976429764,327.5333333333334,167.8,21174.366666666665,8048.2,0.0,0,36,3,0,30,0,"{""process_exit"": 36, ""process_exec"": 36, ""process_kprobe"": 30}"
1776110455,normal,sw-wk3,0.1528888888888812,0.3244310434904494,156.13333333333333,80.0,2896.0333333333333,6772.733333333334,0.0,0,0,0,0,0,0,{}
1776110455,normal,sw-wk2,0.1247194257394888,0.2943553525236694,157.01046736449095,81.00540036002401,1710.6473764917662,16819.5546369758,0.0,0,22,1,0,0,0,"{""process_exit"": 22, ""process_exec"": 22}"
1776110465,normal,k3s-wk1,0.2844444444444384,0.6155759976429764,327.5333333333333,167.8,21174.366666666665,8048.2,0.0,0,60,3,0,52,0,"{""process_exit"": 60, ""process_exec"": 60, ""process_kprobe"": 52}"
1776110465,normal,sw-wk3,0.15066666666667106,0.32293856798807297,157.0,81.0,2921.133333333333,5124.5,0.0,0,0,0,0,0,0,{}
1776110465,normal,sw-wk2,0.1247194257394888,0.2943553525236694,157.01046736449098,81.00540036002401,1710.6473764917662,16819.5546369758,0.0,0,15,1,0,0,0,"{""process_exit"": 15, ""process_exec"": 15}"
1776110476,normal,k3s-wk1,0.29522222222222905,0.6228841254234572,325.4,165.8,22318.56666666667,9560.633333333333,0.0,0,15,2,0,10,0,"{""process_exit"": 15, ""process_exec"": 15, ""process_kprobe"": 10}"
1776110476,normal,sw-wk3,0.15066666666667106,0.32293856798807297,157.0,81.0,2921.133333333333,5124.5,0.0,0,1,1,0,0,0,"{""process_exit"": 3, ""process_exec"": 1}"
1776110476,normal,sw-wk2,0.1247194257394888,0.2943553525236694,157.01046736449098,81.00540036002401,1710.6473764917662,16819.5546369758,0.0,0,15,1,0,0,0,"{""process_exit"": 16, ""process_exec"": 15}"
1776110485,normal,k3s-wk1,0.29522222222222905,0.6228841254234572,325.4,165.8,22318.566666666666,9560.633333333333,0.0,0,36,3,0,30,0,"{""process_exit"": 36, ""process_exec"": 36, ""process_kprobe"": 30}"
1776110485,normal,sw-wk3,0.15066666666667106,0.32293856798807297,157.0,81.0,2921.133333333333,5124.5,0.0,0,0,0,0,0,0,{}
1776110485,normal,sw-wk2,0.19291579169582884,0.2948061215387948,104.79650678310723,53.99820005999799,7995.5001499949985,17678.877370754308,0.0,0,3,1,0,0,0,"{""process_exec"": 3, ""process_exit"": 2}"
1776110495,normal,k3s-wk1,0.29522222222222905,0.6228841254234572,325.4,165.8,22318.566666666666,9560.633333333333,0.0,0,18,2,0,12,0,"{""process_exit"": 18, ""process_exec"": 18, ""process_kprobe"": 12}"
1776110495,normal,sw-wk3,0.15488888888889463,0.3237445366158237,156.13333333333333,80.0,4630.000000000001,9608.366666666667,0.0,0,1,1,0,0,0,"{""process_exit"": 27, ""process_exec"": 1}"
1776110495,normal,sw-wk2,0.19291579169582884,0.2948061215387948,104.79650678310722,53.99820005999799,7995.5001499949985,17678.877370754304,0.0,0,0,0,0,0,0,{}
1776110505,normal,k3s-wk1,0.2761111111111102,0.6077192522997348,331.5333333333333,172.4,19510.033333333333,6403.033333333333,0.0,0,33,3,0,28,0,"{""process_exit"": 33, ""process_exec"": 33, ""process_kprobe"": 28}"
1776110505,normal,sw-wk3,0.15488888888889463,0.3237445366158237,156.13333333333333,80.0,4630.0,9608.366666666667,0.0,0,0,0,0,0,0,{}
1776110505,normal,sw-wk2,0.19291579169582884,0.2948061215387948,104.79650678310722,53.99820005999799,7995.5001499949985,17678.877370754304,0.0,0,0,0,0,0,0,{}
1776110515,transition,k3s-wk1,0.2761111111111102,0.6077192522997348,331.5333333333333,172.4,19510.033333333333,6403.033333333333,0.0,9,36,3,0,30,0,"{""process_exit"": 36, ""process_exec"": 36, ""process_kprobe"": 30}"
1776110515,transition,sw-wk3,0.15488888888889463,0.3237445366158237,156.13333333333333,80.0,4630.0,9608.366666666667,0.0,9,0,0,0,0,0,{}
1776110515,transition,sw-wk2,0.0,0.2948061215387948,0.0,0.0,0.0,5242.932390985465,0.0,9,0,0,0,0,0,{}
1776110525,normal,k3s-wk1,0.2761111111111102,0.6077192522997348,331.5333333333333,172.4,19510.033333333333,6403.033333333333,0.0,0,57,3,0,50,0,"{""process_exit"": 57, ""process_exec"": 57, ""process_kprobe"": 50}"
1776110525,normal,sw-wk3,0.14466666666667138,0.3243482166749494,104.8,54.0,3101.6,7284.966666666668,0.0,0,1,1,0,0,0,"{""process_exit"": 15, ""process_exec"": 1}"
1776110525,normal,sw-wk2,0.11810463617372591,0.2962046204620462,156.15415388718495,80.01066808907854,2055.774103213762,5242.932390985465,0.0,0,0,0,0,0,0,{}
1776110535,normal,k3s-wk1,0.30344444444444385,0.6080251686773237,325.5333333333333,165.8,13796.400000000003,9940.933333333332,0.0,0,39,3,0,32,0,"{""process_exit"": 39, ""process_exec"": 39, ""process_kprobe"": 32}"
1776110535,normal,sw-wk3,0.1446666666666716,0.3243482166749494,104.8,54.0,3101.6,7284.966666666666,0.0,0,1,1,0,0,0,"{""process_exit"": 15, ""process_exec"": 1}"
1776110535,normal,sw-wk2,0.11810463617372591,0.2962046204620462,156.15415388718495,80.01066808907854,2055.774103213762,5242.932390985465,0.0,0,0,0,0,0,0,{}
1776110546,normal,k3s-wk1,0.30344444444444385,0.6080251686773237,325.5333333333333,165.8,13796.4,9940.933333333332,0.0,0,33,3,0,28,0,"{""process_exit"": 33, ""process_exec"": 33, ""process_kprobe"": 28}"
1776110546,normal,sw-wk3,0.1446666666666716,0.3243482166749494,104.8,54.0,3101.6,7284.966666666666,0.0,0,0,0,0,0,0,{}
1776110546,normal,sw-wk2,0.21583005577405023,0.29259050422416755,156.12292513832412,79.99466702219851,5302.013199120059,4259.916005599626,0.0,0,0,0,0,0,0,{}
1776110555,normal,k3s-wk1,0.30344444444444385,0.6080251686773237,325.5333333333333,165.8,13796.4,9940.933333333332,0.0,0,12,2,0,8,0,"{""process_exit"": 12, ""process_exec"": 12, ""process_kprobe"": 8}"
1776110555,normal,sw-wk3,0.16533333333333455,0.3249503039106999,160.6,86.0,3900.5333333333333,10155.033333333333,0.0,0,1,1,0,0,0,"{""process_exit"": 21, ""process_exec"": 1}"
1776110555,normal,sw-wk2,0.21583005577405023,0.29259050422416755,156.12292513832412,79.99466702219851,5302.013199120059,4259.916005599626,0.0,0,0,0,0,0,0,{}
1776110565,normal,k3s-wk1,0.29388888888888687,0.6122244636021597,323.4000000000001,163.8,11886.9,6502.0,0.0,0,60,3,0,52,0,"{""process_exit"": 60, ""process_exec"": 60, ""process_kprobe"": 52}"
1776110565,normal,sw-wk3,0.16533333333333455,0.3249503039106999,160.6,86.00000000000001,3900.5333333333333,10155.033333333333,0.0,0,0,0,0,0,0,{}
1776110565,normal,sw-wk2,0.21583005577405023,0.29259050422416755,156.12292513832412,79.99466702219851,5302.013199120059,4259.916005599626,0.0,0,0,0,0,0,0,{}
1776110575,normal,k3s-wk1,0.29388888888888687,0.6122244636021597,323.4,163.8,11886.9,6502.0,0.0,0,15,2,0,10,0,"{""process_exit"": 15, ""process_exec"": 15, ""process_kprobe"": 10}"
1776110575,normal,sw-wk3,0.16533333333333455,0.3249503039106999,160.6,86.0,3900.5333333333333,10155.033333333333,0.0,0,0,0,0,0,0,{}
1776110575,normal,sw-wk2,0.15313933979978167,0.2918689552352919,153.99486683777204,77.99740008666376,2929.135695476817,3774.107529749008,0.0,0,0,0,0,0,0,{}
1776110586,normal,k3s-wk1,0.29388888888888687,0.6122244636021597,323.4,163.8,11886.9,6502.0,0.0,0,36,3,0,30,0,"{""process_exit"": 36, ""process_exec"": 36, ""process_kprobe"": 30}"
1776110586,normal,sw-wk3,0.14511111111110553,0.3196525733654446,154.0,78.0,2043.4666666666667,5184.766666666666,0.0,0,0,0,0,0,0,{}
1776110586,normal,sw-wk2,0.15313933979978167,0.2918689552352919,153.99486683777204,77.99740008666379,2929.135695476817,3774.1075297490083,0.0,0,0,0,0,0,0,{}
1776110595,normal,sw-wk2,0.15313933979978167,0.2918689552352919,153.99486683777204,77.99740008666376,2929.135695476817,3774.107529749008,0.0,0,2,2,0,0,0,"{""process_exec"": 2}"
1776110595,normal,sw-wk3,0.14511111111110553,0.3196525733654446,154.0,78.0,2043.4666666666667,5184.766666666666,0.0,0,1,1,0,0,0,"{""process_exit"": 3, ""process_exec"": 1}"
1776110595,normal,k3s-wk1,0.27566666666666106,0.6151617123641014,325.5333333333333,165.8,9846.266666666666,4859.266666666666,0.0,0,54,3,0,48,0,"{""process_exit"": 54, ""process_exec"": 54, ""process_kprobe"": 48}"
1776110605,normal,k3s-wk1,0.27566666666666106,0.6151617123641014,325.5333333333333,165.8,9846.266666666666,4859.266666666666,0.0,0,45,3,0,36,0,"{""process_exit"": 45, ""process_exec"": 45, ""process_kprobe"": 36}"
1776110605,normal,sw-wk3,0.14511111111110553,0.3196525733654446,154.0,78.0,2043.4666666666667,5184.766666666666,0.0,0,0,0,0,0,0,{}
1776110605,normal,sw-wk2,0.2218888888888917,0.2940543089057941,104.8,54.00000000000001,5604.533333333333,27810.3,0.0,0,104,5,0,0,0,"{""process_exit"": 106, ""process_exec"": 104}"
1776110615,normal,k3s-wk1,0.27566666666666106,0.6151617123641014,325.5333333333333,165.8,9846.266666666666,4859.266666666666,0.0,0,36,3,0,30,0,"{""process_exit"": 36, ""process_exec"": 36, ""process_kprobe"": 30}"
1776110615,normal,sw-wk3,0.15966666666667562,0.3222026835888222,156.13333333333333,80.0,3233.3000000000006,5591.433333333333,0.0,0,1,1,0,0,0,"{""process_exit"": 9, ""process_exec"": 1}"
1776110615,normal,sw-wk2,0.2218888888888917,0.2940543089057941,104.8,54.0,5604.533333333333,27810.3,0.0,0,0,0,0,0,0,{}
1776110626,normal,k3s-wk1,0.2912222222222328,0.6139064392575375,323.4,163.8,33597.53333333333,6663.2,0.0,0,57,3,0,50,0,"{""process_exit"": 57, ""process_exec"": 57, ""process_kprobe"": 50}"
1776110626,normal,sw-wk3,0.1596666666666754,0.3222026835888222,156.13333333333333,80.0,3233.3,5591.433333333333,0.0,0,0,0,0,0,0,{}
1776110626,normal,sw-wk2,0.2218888888888917,0.2940543089057941,104.8,54.0,5604.533333333333,27810.3,0.0,0,0,0,0,0,0,{}
1776110635,normal,k3s-wk1,0.2912222222222328,0.6139064392575375,323.4000000000001,163.8,33597.53333333333,6663.2,0.0,0,18,2,0,12,0,"{""process_exit"": 18, ""process_exec"": 18, ""process_kprobe"": 12}"
1776110635,normal,sw-wk3,0.15966666666667562,0.3222026835888222,156.13333333333333,80.0,3233.3,5591.433333333333,0.0,0,0,0,0,0,0,{}
1776110635,normal,sw-wk2,0.12474860273120736,0.28989066860353985,156.13853795126505,80.00266675555851,844.9948331611055,3543.7514583819466,0.0,0,0,0,0,0,0,{}
1776110645,normal,k3s-wk1,0.2912222222222328,0.6139064392575375,323.4,163.8,33597.53333333333,6663.2,0.0,0,54,3,0,48,0,"{""process_exit"": 54, ""process_exec"": 54, ""process_kprobe"": 48}"
1776110645,normal,sw-wk3,0.20755555555554872,0.33105241026033105,753.5,368.6333333333333,5824.333333333333,36462.26666666666,0.0,0,256,4,0,0,0,"{""process_exec"": 256, ""process_exit"": 134}"
1776110645,normal,sw-wk2,0.12474860273120736,0.28989066860353985,156.13853795126505,80.00266675555851,844.9948331611055,3543.7514583819466,0.0,0,2,2,0,0,0,"{""process_exec"": 2}"
1776110655,normal,k3s-wk1,0.3238888888888849,0.6139357891683026,325.5333333333333,165.8,83686.46666666669,8969.7,0.0,0,15,2,0,10,0,"{""process_exit"": 15, ""process_exec"": 15, ""process_kprobe"": 10}"
1776110655,normal,sw-wk3,0.2075555555555485,0.33105241026033105,753.5,368.6333333333333,5824.333333333333,36462.26666666666,0.0,0,280,4,0,0,0,"{""process_exit"": 137, ""process_exec"": 280}"
1776110655,normal,sw-wk2,0.12474860273120736,0.28989066860353985,156.13853795126505,80.00266675555852,844.9948331611055,3543.7514583819466,0.0,0,0,0,0,0,0,{}
1776110665,normal,sw-wk3,0.20755555555554872,0.33105241026033105,753.5,368.6333333333333,5824.333333333333,36462.26666666666,0.0,0,180,4,0,0,0,"{""process_exec"": 180, ""process_exit"": 119}"
1776110665,normal,k3s-wk1,0.3238888888888849,0.6139357891683026,325.5333333333333,165.8,83686.46666666666,8969.700000000003,0.0,0,15,2,0,10,0,"{""process_exit"": 15, ""process_exec"": 15, ""process_kprobe"": 10}"
1776110665,normal,sw-wk2,0.20241309202412117,0.2853654573951604,153.984601539846,77.99220077992202,6818.418158184182,27847.14861847149,0.0,0,104,5,0,0,0,"{""process_exit"": 106, ""process_exec"": 104}"
1776110675,normal,sw-wk3,0.2205555555555495,0.3292748193738293,160.0,84.60000000000002,4577.466666666667,110833.73333333334,0.0,0,256,4,0,0,0,"{""process_exit"": 138, ""process_exec"": 256}"
1776110675,normal,k3s-wk1,0.3238888888888849,0.6139357891683026,325.5333333333333,165.8,83686.46666666666,8969.7,0.0,0,60,3,0,52,0,"{""process_exit"": 60, ""process_exec"": 60, ""process_kprobe"": 52}"
1776110675,normal,sw-wk2,0.20241309202412117,0.2853654573951604,153.984601539846,77.99220077992202,6818.418158184182,27847.14861847149,0.0,0,0,0,0,0,0,{}
1776110685,normal,k3s-wk1,0.30322222222223194,0.6177648236804111,323.4,163.8,137716.0,9511.233333333334,0.0,0,39,3,0,32,0,"{""process_exit"": 40, ""process_exec"": 39, ""process_kprobe"": 32}"
1776110685,normal,sw-wk3,0.2205555555555495,0.3292748193738293,160.00000000000003,84.6,4577.466666666666,110833.73333333334,0.0,0,255,4,0,0,0,"{""process_exit"": 135, ""process_exec"": 255}"
1776110685,normal,sw-wk2,0.20241309202412117,0.2853654573951604,153.984601539846,77.99220077992202,6818.418158184182,27847.14861847149,0.0,0,0,0,0,0,0,{}
1776110695,normal,k3s-wk1,0.30322222222223194,0.6177648236804111,323.4,163.8,137716.0,9511.233333333334,0.0,0,12,2,0,8,0,"{""process_exit"": 12, ""process_exec"": 12, ""process_kprobe"": 8}"
1776110695,normal,sw-wk3,0.2205555555555495,0.3292748193738293,160.0,84.6,4577.466666666666,110833.73333333334,0.0,0,202,4,0,0,0,"{""process_exit"": 91, ""process_exec"": 202}"
1776110695,normal,sw-wk2,0.130000000000008,0.28475062757240976,156.13333333333333,80.0,617.3,3581.9333333333334,0.0,0,0,0,0,0,0,{}
1776110705,normal,sw-wk3,0.20766666666667233,0.336988862978962,104.8,54.0,3425.7999999999997,102171.8,0.0,0,155,4,0,0,0,"{""process_exit"": 98, ""process_exec"": 155}"
1776110705,normal,k3s-wk1,0.30322222222223194,0.6177648236804111,323.4,163.8,137716.0,9511.233333333334,0.0,0,36,3,0,30,0,"{""process_exit"": 36, ""process_exec"": 36, ""process_kprobe"": 30}"
1776110705,normal,sw-wk2,0.130000000000008,0.28475062757240976,156.13333333333333,80.0,617.3,3581.9333333333334,0.0,0,2,2,0,0,0,"{""process_exec"": 2}"
1776110716,normal,sw-wk3,0.20766666666667233,0.336988862978962,104.8,54.0,3425.7999999999997,102171.8,0.0,0,307,4,0,0,0,"{""process_exit"": 179, ""process_exec"": 307}"
1776110716,normal,k3s-wk1,0.2928888888888852,0.6215859562934676,325.5333333333333,165.8,109140.13333333333,5784.966666666668,0.0,0,54,3,0,48,0,"{""process_exit"": 54, ""process_exec"": 54, ""process_kprobe"": 48}"
1776110716,normal,sw-wk2,0.130000000000008,0.28475062757240976,156.13333333333333,80.0,617.3,3581.9333333333334,0.0,0,0,0,0,0,0,{}
1776110726,normal,k3s-wk1,0.2928888888888851,0.6215859562934676,325.5333333333333,165.8,109140.13333333333,5784.966666666668,0.0,0,36,3,0,30,0,"{""process_exit"": 36, ""process_exec"": 36, ""process_kprobe"": 30}"
1776110726,normal,sw-wk3,0.20766666666667233,0.336988862978962,104.8,54.0,3425.7999999999997,102171.8,0.0,0,204,4,0,0,0,"{""process_exit"": 108, ""process_exec"": 204}"
1776110726,normal,sw-wk2,0.18808119188081274,0.28935707277291434,156.1177215611772,79.99200079992,5558.277505582775,27785.821417858217,0.0,0,104,5,0,0,0,"{""process_exit"": 106, ""process_exec"": 104}"
1776110736,normal,k3s-wk1,0.2928888888888852,0.6215859562934676,325.5333333333333,165.8,109140.13333333333,5784.966666666666,0.0,0,76,3,0,68,0,"{""process_exit"": 76, ""process_exec"": 76, ""process_kprobe"": 68}"
1776110736,normal,sw-wk3,0.2121111111111026,0.33972055506708976,156.13333333333335,80.0,3971.9000000000005,104036.63333333333,0.0,0,153,4,0,0,0,"{""process_exit"": 81, ""process_exec"": 153}"
1776110736,normal,sw-wk2,0.18808119188081274,0.28935707277291434,156.1177215611772,79.99200079992,5558.277505582775,27785.821417858217,0.0,0,0,0,0,0,0,{}
1776110746,normal,sw-wk3,0.2121111111111026,0.33972055506708976,156.13333333333333,80.0,3971.9,104036.63333333333,0.0,0,205,4,0,0,0,"{""process_exit"": 111, ""process_exec"": 205}"
1776110746,normal,k3s-wk1,0.3188888888888868,0.6109906385073087,330.00000000000006,171.8,114734.66666666669,9472.0,0.0,0,32,3,0,28,0,"{""process_kprobe"": 28, ""process_exit"": 32, ""process_exec"": 32}"
1776110746,normal,sw-wk2,0.18808119188081274,0.28935707277291434,156.1177215611772,79.99200079992,5558.277505582775,27785.821417858217,0.0,0,0,0,0,0,0,{}
1776110756,normal,k3s-wk1,0.3188888888888868,0.6109906385073087,330.0,171.8,114734.66666666667,9472.0,0.0,0,36,3,0,30,0,"{""process_exit"": 36, ""process_exec"": 36, ""process_kprobe"": 30}"
1776110756,normal,sw-wk3,0.2121111111111026,0.33972055506708976,156.13333333333333,80.0,3971.9,104036.63333333333,0.0,0,204,4,0,0,0,"{""process_exit"": 108, ""process_exec"": 204}"
1776110756,normal,sw-wk2,0.13332888829620948,0.2898811116632899,154.0205360714762,78.01040138685158,1137.7517002266968,3535.404720629417,0.0,0,0,0,0,0,0,{}
1776110766,normal,sw-wk3,0.213666666666672,0.3360459115409611,156.13333333333333,80.0,5256.733333333334,94727.03333333333,0.0,0,204,4,0,0,0,"{""process_exit"": 108, ""process_exec"": 204}"
1776110766,normal,k3s-wk1,0.3188888888888868,0.6109906385073087,330.0,171.8,114734.66666666667,9472.0,0.0,0,54,3,0,48,0,"{""process_exit"": 54, ""process_exec"": 54, ""process_kprobe"": 48}"
1776110766,normal,sw-wk2,0.1333288882962097,0.2898811116632899,154.0205360714762,78.01040138685158,1137.7517002266968,3535.404720629417,0.0,0,2,2,0,0,0,"{""process_exec"": 2}"
1776110776,normal,sw-wk3,0.213666666666672,0.3360459115409611,156.13333333333333,80.0,5256.733333333334,94727.03333333333,0.0,0,103,4,0,0,0,"{""process_exit"": 69, ""process_exec"": 103}"
1776110776,normal,k3s-wk1,0.3044444444444404,0.6145600391934193,323.4000000000001,163.8,108617.73333333334,9240.533333333333,0.0,0,15,2,0,10,0,"{""process_exit"": 15, ""process_exec"": 15, ""process_kprobe"": 10}"
1776110776,normal,sw-wk2,0.1333288882962097,0.2898811116632899,154.0205360714762,78.01040138685158,1137.7517002266968,3535.404720629417,0.0,0,104,5,0,0,0,"{""process_exit"": 106, ""process_exec"": 104}"
1776110786,normal,k3s-wk1,0.3044444444444404,0.6145600391934193,323.4,163.8,108617.73333333334,9240.533333333333,0.0,0,9,2,0,6,0,"{""process_exit"": 10, ""process_exec"": 9, ""process_kprobe"": 6}"
1776110786,normal,sw-wk3,0.213666666666672,0.3360459115409611,156.13333333333333,80.0,5256.733333333334,94727.03333333333,0.0,0,0,0,0,0,0,{}
1776110786,normal,sw-wk2,0.21791495839028252,0.29341399390904344,104.79650678310722,53.99820005999799,6393.753541548614,27732.07559748008,0.0,0,0,0,0,0,0,{}
1776110796,normal,k3s-wk1,0.3044444444444404,0.6145600391934193,323.4,163.8,108617.73333333334,9240.533333333333,0.0,0,81,3,0,72,0,"{""process_exec"": 81, ""process_kprobe"": 72, ""process_exit"": 80}"
1776110796,normal,sw-wk3,0.22266666666667634,0.3321928717968322,156.13333333333333,80.00000000000001,7015.133333333333,22437.2,0.0,0,0,0,0,0,0,{}
1776110796,normal,sw-wk2,0.21791495839028252,0.29341399390904344,104.79650678310722,53.99820005999799,6393.753541548614,27732.07559748008,0.0,0,0,0,0,0,0,{}
1776110806,normal,k3s-wk1,0.28833333333334144,0.6147688750969393,325.5333333333333,165.8,9566.733333333334,8519.166666666666,0.0,0,39,3,0,32,0,"{""process_exit"": 39, ""process_exec"": 39, ""process_kprobe"": 32}"
1776110806,normal,sw-wk3,0.22266666666667634,0.3321928717968322,156.13333333333333,80.00000000000001,7015.133333333333,22437.2,0.0,0,0,0,0,0,0,{}
1776110806,normal,sw-wk2,0.21791495839028252,0.29341399390904344,104.79650678310722,53.99820005999799,6393.753541548614,27732.07559748008,0.0,0,0,0,0,0,0,{}
1776110816,normal,k3s-wk1,0.28833333333334144,0.6147688750969393,325.5333333333333,165.8,9566.733333333334,8519.166666666666,0.0,0,36,3,0,30,0,"{""process_exit"": 36, ""process_exec"": 36, ""process_kprobe"": 30}"
1776110816,normal,sw-wk3,0.22266666666667634,0.3321928717968322,156.13333333333333,80.0,7015.133333333333,22437.2,0.0,0,1,1,0,0,0,"{""process_exit"": 3, ""process_exec"": 1}"
1776110816,normal,sw-wk2,0.12774870273453542,0.28971864367903977,156.13853795126502,80.00266675555852,776.392546418214,3694.789826327544,0.0,0,0,0,0,0,0,{}
1776110826,normal,k3s-wk1,0.28833333333334144,0.6147688750969393,325.5333333333333,165.8,9566.733333333334,8519.166666666666,0.0,0,30,3,0,26,0,"{""process_exit"": 30, ""process_exec"": 30, ""process_kprobe"": 26}"
1776110826,normal,sw-wk3,0.15377777777775925,0.330982326031831,154.0,78.00000000000001,2387.0333333333333,5660.433333333333,0.0,0,0,0,0,0,0,{}
1776110826,normal,sw-wk2,0.12774870273453542,0.28971864367903977,156.13853795126502,80.00266675555852,776.392546418214,3694.789826327544,0.0,0,2,2,0,0,0,"{""process_exec"": 2}"
1776110836,normal,k3s-wk1,0.2964444444444375,0.6119862777878746,323.4,163.8,33566.666666666664,9723.4,0.0,0,39,3,0,32,0,"{""process_exit"": 39, ""process_exec"": 39, ""process_kprobe"": 32}"
1776110836,normal,sw-wk3,0.15377777777775925,0.330982326031831,154.0,78.0,2387.0333333333333,5660.433333333333,0.0,0,0,0,0,0,0,{}
1776110836,normal,sw-wk2,0.12774870273453542,0.28971864367903977,156.13853795126505,80.00266675555852,776.392546418214,3694.7898263275447,0.0,0,104,5,0,0,0,"{""process_exit"": 106, ""process_exec"": 104}"
1776110846,normal,k3s-wk1,0.2964444444444375,0.6119862777878746,323.4,163.8,33566.666666666664,9723.4,0.0,0,30,3,0,26,0,"{""process_exit"": 30, ""process_exec"": 30, ""process_kprobe"": 26}"
1776110846,normal,sw-wk3,0.15377777777775925,0.330982326031831,154.0,78.0,2387.0333333333333,5660.433333333333,0.0,0,1,1,0,0,0,"{""process_exit"": 5, ""process_exec"": 1}"
1776110846,normal,sw-wk2,0.19236025465817252,0.28712234157778715,160.59464684510513,85.99713342888569,5381.787273757541,27724.475850804967,0.0,0,0,0,0,0,0,{}
1776110856,normal,k3s-wk1,0.2964444444444375,0.6119862777878746,323.4,163.8,33566.666666666664,9723.4,0.0,0,18,2,0,12,0,"{""process_exit"": 18, ""process_exec"": 18, ""process_kprobe"": 12}"
1776110856,normal,sw-wk3,0.15286249152863496,0.3360395402474611,156.1177215611772,79.99200079991999,3050.361630503616,5960.770589607706,0.0,0,0,0,0,0,0,{}
1776110856,normal,sw-wk2,0.19236025465817252,0.28712234157778715,160.59464684510513,85.99713342888569,5381.787273757542,27724.475850804967,0.0,0,0,0,0,0,0,{}
