timestamp,label,node,avg_cpu,avg_mem,net_bytes_in,net_bytes_out,net_internal_bytes_in,net_internal_bytes_out,last_successful_scrape_age_sec,exec_count,unique_process_count,tmp_exec_count,outbound_connect_count,mining_port_count,syscall_feature_vector
1774246729,normal,sw-wk3,0.13855555555555588,0.37380901695279445,5.133333333333333,5.0,4200.066666666667,5033.1,0,0,0,0,0,0,{}
1774246729,normal,k3s-wk1,0.29004011512262284,0.59737600505323,0.0,0.0,9117.645097843117,7536.687002033536,0,0,0,0,0,0,{}
1774246729,normal,sw-wk2,0.2103654809925437,0.35578315745913514,9.6009600960096,11.001100110011,5300.0633396673,4533.920058672534,0,0,0,0,0,0,{}
1774246739,normal,k3s-wk1,0.29004011512262284,0.59737600505323,0.0,0.0,9117.645097843117,7536.687002033536,0,54,3,0,49,0,"{""process_exit"": 54, ""process_exec"": 54, ""process_kprobe"": 49}"
1774246739,normal,sw-wk3,0.13855555555555588,0.37380901695279445,5.133333333333333,5.0,4200.066666666667,5033.1,0,0,0,0,0,0,{}
1774246739,normal,sw-wk2,0.1281111111111115,0.3554389692657849,0.0,0.0,494.56666666666666,4084.5666666666666,0,0,0,0,0,0,{}
1774246749,normal,k3s-wk1,0.29004011512262284,0.59737600505323,0.0,0.0,9117.645097843117,7536.687002033536,0,30,3,0,28,0,"{""process_exit"": 30, ""process_exec"": 30, ""process_kprobe"": 28}"
1774246749,normal,sw-wk3,0.13744444444444393,0.3739244097558646,0.0,0.0,2188.1666666666665,4970.066666666667,0,1,1,0,0,0,"{""process_exit"": 1, ""process_exec"": 1}"
1774246749,normal,sw-wk2,0.1281111111111115,0.3554389692657849,0.0,0.0,494.56666666666666,4084.5666666666666,0,3,2,0,0,0,"{""process_exit"": 1, ""process_exec"": 3}"
1774247234,transition,k3s-wk1,0.0,0.6361411219749707,0.0,0.0,0.0,0.0,485,30,3,0,27,0,"{""process_exit"": 30, ""process_exec"": 30, ""process_kprobe"": 27}"
1774247234,transition,sw-wk3,0.9754444444444428,0.358057899333706,0.0,0.0,397.8,917.1,485,0,0,0,0,0,{}
1774247234,transition,sw-wk2,0.0,0.35282473061802666,0.0,0.0,0.0,0.0,485,29,3,0,0,0,"{""process_exit"": 29, ""process_exec"": 29}"
1774247235,transition,k3s-wk1,0.0,0.6361411219749707,0.0,405.6619105920763,9058.803776605762,65131.47801845921,486,30,3,0,55,0,"{""process_kprobe"": 55, ""process_exit"": 31, ""process_exec"": 30}"
1774247235,transition,sw-wk3,0.9754444444444428,0.358057899333706,0.0,0.0,397.8,917.1,486,0,0,0,0,0,{}
1774247235,transition,sw-wk2,0.0,0.35282473061802666,0.0,0.0,0.0,0.0,486,1,1,0,0,0,"{""process_exit"": 1, ""process_exec"": 1}"
1774247244,transition,k3s-wk1,0.9990759402272879,0.6620757721309103,12762.827053117346,635.9660796132353,14098.299626420545,98644.34500219753,495,15,2,0,12,0,"{""process_kprobe"": 12, ""process_exit"": 15, ""process_exec"": 15}"
1774247244,transition,sw-wk3,0.9754444444444428,0.358057899333706,0.0,0.0,397.8,917.1,495,0,0,0,0,0,{}
1774247244,transition,sw-wk2,0.0,0.35282473061802666,0.0,0.0,0.0,0.0,495,0,0,0,0,0,{}
1774247254,normal,k3s-wk1,0.9992222222222229,0.6620757721309103,10476.175000000001,531.8333333333334,11755.133333333333,82094.73333333334,0,102,3,0,92,0,"{""process_exit"": 102, ""process_exec"": 102, ""process_kprobe"": 92}"
1774247254,normal,sw-wk3,0.9754444444444428,0.358057899333706,395.1222650348844,193.94721905091393,84279.10888989795,9239.371815718156,0,0,0,0,0,0,{}
1774247254,normal,sw-wk2,0.5405557230934186,0.35692912508554964,0.0,0.0,20133.072572376357,7755.52749296341,0,0,0,0,0,0,{}
1774247264,normal,k3s-wk1,0.9992222222222229,0.6620757721309103,10476.175000000001,531.8333333333334,11755.133333333333,82094.73333333334,0,16,3,0,14,0,"{""process_kprobe"": 14, ""process_exit"": 16, ""process_exec"": 16}"
1774247264,normal,sw-wk3,0.4268585956870208,0.37268692141949067,504.04404558034946,247.34020988294992,107462.43286844836,11781.540842991408,0,0,0,0,0,0,{}
1774247264,normal,sw-wk2,0.3013671089666258,0.35692912508554964,0.0,0.0,30460.042219541614,11721.200241254523,0,0,0,0,0,0,{}
1774247274,normal,k3s-wk1,0.6376811594202896,0.6665947283230909,9018.735535969276,525.407454822985,18535.550741050767,119447.63405386775,0,29,2,0,27,0,"{""process_exit"": 29, ""process_exec"": 29, ""process_kprobe"": 27}"
1774247274,normal,sw-wk3,0.4136997131407486,0.37268692141949067,512.8554991927579,251.07189182955662,108729.25581603528,11894.091400565068,0,0,0,0,0,0,{}
1774247274,normal,sw-wk2,0.5309262330786753,0.35692912508554964,0.0,0.0,20287.91112032569,7797.723813831924,0,0,0,0,0,0,{}
1774247284,normal,k3s-wk1,0.6376811594202896,0.6665947283230909,338.06666666666666,179.53333333333333,13340.766666666666,79629.4,0,60,3,0,52,0,"{""process_exit"": 60, ""process_exec"": 60, ""process_kprobe"": 52}"
1774247284,normal,sw-wk3,0.5376591203943957,0.37268692141949067,365.74930816115176,202.37347413456476,70392.04767321437,10244.0705590737,0,0,0,0,0,0,{}
1774247284,normal,sw-wk2,0.21177987560045153,0.3546531060497541,0.0,0.0,15995.249834646142,7246.58769767302,0,0,0,0,0,0,{}
1774247294,normal,k3s-wk1,0.5102222222222211,0.6665947283230909,338.06666666666666,179.53333333333333,13340.766666666666,79629.4,0,12,2,0,15,0,"{""process_exit"": 12, ""process_exec"": 12, ""process_kprobe"": 15}"
1774247294,normal,sw-wk3,0.11010356936480381,0.3731007438856736,87.6783571142819,88.27843712494999,4075.8434457927724,5426.123483131084,0,0,0,0,0,0,{}
1774247294,normal,sw-wk2,0.15235968041248604,0.3546531060497541,0.0,0.0,6401.240124012401,4278.727872787278,0,0,0,0,0,0,{}
1774247304,normal,k3s-wk1,0.3453333333333338,0.6387269545077707,284.3333333333333,147.4,9769.733333333334,6565.766666666666,0,15,2,0,12,0,"{""process_kprobe"": 12, ""process_exit"": 15, ""process_exec"": 15}"
1774247304,normal,sw-wk3,0.11010356936480381,0.3731007438856736,87.6783571142819,88.27843712494999,4075.8434457927724,5426.123483131084,0,0,0,0,0,0,{}
1774247304,normal,sw-wk2,0.15235968041248604,0.3546531060497541,0.0,0.0,6401.240124012401,4278.727872787278,0,0,0,0,0,0,{}
1774247314,transition,k3s-wk1,0.3453333333333338,0.6387269545077707,284.3333333333333,147.4,9769.733333333334,6565.766666666666,10,9,2,0,6,0,"{""process_exit"": 9, ""process_exec"": 9, ""process_kprobe"": 6}"
1774247314,transition,sw-wk3,0.0,0.37305299513957557,83.8,83.66666666666667,2704.433333333334,5157.966666666666,10,0,0,0,0,0,{}
1774247314,transition,sw-wk2,0.17955555555555514,0.3578482866192363,0.0,0.0,6578.766666666666,4614.066666666667,10,0,0,0,0,0,{}
1774247324,normal,k3s-wk1,0.3453333333333338,0.6387269545077707,284.3333333333333,147.4,9769.733333333334,6565.766666666666,0,36,3,0,32,0,"{""process_exit"": 36, ""process_exec"": 36, ""process_kprobe"": 32}"
1774247324,normal,sw-wk3,0.115222222222221,0.37305299513957557,83.8,83.66666666666667,2704.4333333333334,5157.966666666666,0,0,0,0,0,0,{}
1774247324,normal,sw-wk2,0.17955555555555514,0.3578482866192363,0.0,0.0,6578.766666666666,4614.066666666667,0,0,0,0,0,0,{}
1774247334,normal,k3s-wk1,0.3059999999999995,0.6427274282480819,283.2,147.0,9219.0,5582.033333333333,0,15,2,0,12,0,"{""process_kprobe"": 12, ""process_exit"": 15, ""process_exec"": 15}"
1774247334,normal,sw-wk3,0.115222222222221,0.37305299513957557,83.8,83.66666666666667,2704.4333333333334,5157.966666666666,0,0,0,0,0,0,{}
1774247334,normal,sw-wk2,0.17955555555555514,0.3578482866192363,0.0,0.0,6578.766666666666,4614.066666666667,0,0,0,0,0,0,{}
1774247344,transition,k3s-wk1,0.3059999999999996,0.6427274282480819,283.2,147.0,9219.0,5582.033333333333,9,57,3,0,50,0,"{""process_exit"": 57, ""process_exec"": 57, ""process_kprobe"": 50}"
1774247344,transition,sw-wk3,0.0,0.3722054548963355,81.66666666666667,81.66666666666667,3425.9,5214.9,9,0,0,0,0,0,{}
1774247344,transition,sw-wk2,0.09988888888888903,0.35478640436740994,0.0,0.0,288.5666666666667,3914.5333333333333,9,0,0,0,0,0,{}
1774247354,normal,k3s-wk1,0.3059999999999996,0.6427274282480819,283.2,147.0,9219.0,5582.033333333333,0,78,3,0,78,0,"{""process_kprobe"": 78, ""process_exit"": 78, ""process_exec"": 78}"
1774247354,normal,sw-wk3,0.11388888888889026,0.3722054548963355,81.66666666666667,81.66666666666667,3425.9,5214.9,0,0,0,0,0,0,{}
1774247354,normal,sw-wk2,0.09988888888888903,0.35478640436740994,0.0,0.0,288.56666666666666,3914.5333333333333,0,0,0,0,0,0,{}
1774247364,normal,k3s-wk1,0.349444444444445,0.6405034806753431,279.33333333333337,142.4,9935.933333333332,10735.766666666666,0,18,2,0,13,0,"{""process_exit"": 18, ""process_exec"": 18, ""process_kprobe"": 13}"
1774247364,normal,sw-wk3,0.11388888888889026,0.3722054548963355,81.66666666666667,81.66666666666667,3425.9,5214.9,0,0,0,0,0,0,{}
1774247364,normal,sw-wk2,0.09988888888888903,0.35478640436740994,0.0,0.0,288.56666666666666,3914.5333333333333,0,0,0,0,0,0,{}
1774247374,normal,k3s-wk1,0.349444444444445,0.6405034806753431,279.3333333333333,142.4,9935.933333333332,10735.766666666666,0,18,2,0,12,0,"{""process_exit"": 18, ""process_exec"": 18, ""process_kprobe"": 12}"
1774247374,normal,sw-wk3,0.13533333333333397,0.37373739383364735,77.26666666666667,77.13333333333333,5172.6,5407.7,0,0,0,0,0,0,{}
1774247374,normal,sw-wk2,0.1814151918141511,0.35797163730124626,0.0,0.0,5383.0616938306175,4651.101556511016,0,0,0,0,0,0,{}
1774247384,normal,k3s-wk1,0.349444444444445,0.6405034806753431,279.3333333333333,142.4,9935.933333333332,10735.766666666666,0,12,2,0,12,0,"{""process_kprobe"": 12, ""process_exit"": 12, ""process_exec"": 12}"
1774247384,normal,sw-wk3,0.13533333333333397,0.37373739383364735,77.26666666666667,77.13333333333335,5172.6,5407.7,0,0,0,0,0,0,{}
1774247384,normal,sw-wk2,0.1814151918141511,0.35797163730124626,0.0,0.0,5383.0616938306175,4651.101556511016,0,0,0,0,0,0,{}
1774247394,normal,k3s-wk1,0.3032222222222224,0.6398231369504284,277.2,140.4,9152.633333333333,3941.4,0,15,2,0,11,0,"{""process_exit"": 15, ""process_exec"": 15, ""process_kprobe"": 11}"
1774247394,normal,sw-wk3,0.13533333333333397,0.37373739383364735,77.26666666666667,77.13333333333333,5172.6,5407.7,0,0,0,0,0,0,{}
1774247394,normal,sw-wk2,0.1814151918141511,0.35797163730124626,0.0,0.0,5383.0616938306175,4651.101556511016,0,0,0,0,0,0,{}
1774247404,normal,k3s-wk1,0.3032222222222224,0.6398231369504284,277.2,140.4,9152.633333333333,3941.4,0,12,2,0,8,0,"{""process_exit"": 12, ""process_exec"": 12, ""process_kprobe"": 8}"
1774247404,normal,sw-wk3,0.15288888888888874,0.37331163418093993,0.0,0.0,1831.9666666666667,4773.033333333333,0,0,0,0,0,0,{}
1774247404,normal,sw-wk2,0.10824415774910956,0.36053613777077465,0.0,0.0,698.3031636496983,3926.592659265926,0,0,0,0,0,0,{}
1774247414,normal,k3s-wk1,0.3032222222222224,0.6398231369504284,277.2,140.4,9152.633333333333,3941.4,0,15,2,0,17,0,"{""process_kprobe"": 17, ""process_exit"": 15, ""process_exec"": 15}"
1774247414,normal,sw-wk3,0.15288888888888874,0.37331163418093993,0.0,0.0,1831.9666666666667,4773.033333333333,0,0,0,0,0,0,{}
1774247414,normal,sw-wk2,0.10824415774910956,0.36053613777077465,0.0,0.0,698.3031636496983,3926.592659265926,0,0,0,0,0,0,{}
1774247424,normal,k3s-wk1,0.32577777777777717,0.6397915542630048,279.3333333333333,142.4,9346.133333333333,8803.933333333332,0,30,3,0,27,0,"{""process_exit"": 30, ""process_exec"": 30, ""process_kprobe"": 27}"
1774247424,normal,sw-wk3,0.15288888888888874,0.37331163418093993,0.0,0.0,1831.9666666666667,4773.033333333333,0,0,0,0,0,0,{}
1774247424,normal,sw-wk2,0.10824415774910956,0.36053613777077465,0.0,0.0,698.3031636496983,3926.592659265926,0,0,0,0,0,0,{}
1774247434,normal,k3s-wk1,0.32577777777777717,0.6397915542630048,279.3333333333333,142.4,9346.133333333333,8803.933333333332,0,15,2,0,10,0,"{""process_exit"": 15, ""process_exec"": 15, ""process_kprobe"": 10}"
1774247434,normal,sw-wk3,0.11489579167221942,0.3729833615515159,0.0,0.0,2705.2393014264767,4880.615917877616,0,0,0,0,0,0,{}
1774247434,normal,sw-wk2,0.17955555555555647,0.3593822120358433,0.0,0.0,4943.533333333333,4444.033333333333,0,0,0,0,0,0,{}
1774247444,normal,k3s-wk1,0.32577777777777717,0.6397915542630048,279.3333333333333,142.4,9346.133333333333,8803.933333333332,0,36,3,0,33,0,"{""process_kprobe"": 33, ""process_exit"": 36, ""process_exec"": 36}"
1774247444,normal,sw-wk3,0.11489579167221942,0.3729833615515159,0.0,0.0,2705.2393014264767,4880.615917877616,0,0,0,0,0,0,{}
1774247444,normal,sw-wk2,0.17955555555555647,0.3593822120358433,0.0,0.0,4943.533333333333,4444.033333333333,0,0,0,0,0,0,{}
1774247454,normal,k3s-wk1,0.30344444444444507,0.6403982050505981,282.3333333333333,145.4,8671.733333333334,986.3333333333334,0,75,3,0,70,0,"{""process_kprobe"": 70, ""process_exit"": 75, ""process_exec"": 75}"
1774247454,normal,sw-wk3,0.11489579167221942,0.3729833615515159,0.0,0.0,2705.2393014264767,4880.615917877616,0,0,0,0,0,0,{}
1774247454,normal,sw-wk2,0.17955555555555647,0.3593822120358433,0.0,0.0,4943.533333333333,0.0,0,0,0,0,0,0,{}
1774247464,normal,k3s-wk1,0.30344444444444507,0.6403982050505981,282.3333333333333,145.4,8671.733333333334,986.3333333333334,0,12,2,0,8,0,"{""process_exit"": 12, ""process_exec"": 12, ""process_kprobe"": 8}"
1774247464,normal,sw-wk3,0.11277059163444358,0.3730888066991491,0.0,0.0,1867.148953193759,4802.907054273903,0,0,0,0,0,0,{}
1774247464,normal,sw-wk2,0.09499999999999953,0.3619407439239841,0.0,0.0,292.46666666666664,3917.0666666666675,0,0,0,0,0,0,{}
1774247474,normal,k3s-wk1,0.30344444444444507,0.6403982050505981,282.3333333333333,145.4,8671.733333333334,986.3333333333334,0,39,3,0,39,0,"{""process_exit"": 39, ""process_exec"": 39, ""process_kprobe"": 39}"
1774247474,normal,sw-wk3,0.11277059163444358,0.3730888066991491,0.0,0.0,1867.148953193759,4802.907054273903,0,0,0,0,0,0,{}
1774247474,normal,sw-wk2,0.09499999999999953,0.3619407439239841,0.0,0.0,292.46666666666664,3917.0666666666666,0,0,0,0,0,0,{}
1774247484,normal,k3s-wk1,0.33435043613810456,0.6411851403455673,275.8117475373951,139.696859142317,9360.85038638851,8756.459155583563,0,36,3,0,32,0,"{""process_kprobe"": 32, ""process_exit"": 36, ""process_exec"": 36}"
1774247484,normal,sw-wk3,0.11277059163444358,0.3730888066991491,0.0,0.0,1867.148953193759,4802.907054273903,0,0,0,0,0,0,{}
1774247484,normal,sw-wk2,0.09499999999999953,0.3619407439239841,0.0,0.0,292.46666666666664,0.0,0,0,0,0,0,0,{}
1774247494,normal,k3s-wk1,0.33435043613810456,0.6411851403455673,275.8117475373951,139.696859142317,9360.85038638851,8756.459155583563,0,12,2,0,8,0,"{""process_exit"": 12, ""process_exec"": 12, ""process_kprobe"": 8}"
1774247494,normal,sw-wk3,0.10759317891462239,0.3733096446498525,4.465922346275621,5.9990001666388935,2776.7372104649226,4947.275454090985,0,0,0,0,0,0,{}
1774247494,normal,sw-wk2,0.18699999999999672,0.3605321587165162,0.0,0.0,5015.0,4516.766666666666,0,0,0,0,0,0,{}
1774247505,normal,k3s-wk1,0.3094129339899726,0.6407206116513797,406.54628295755305,194.21086133538813,8929.009347046802,1321.920332339442,0,36,3,0,34,0,"{""process_kprobe"": 34, ""process_exit"": 36, ""process_exec"": 36}"
1774247505,normal,sw-wk3,0.10759317891462239,0.3733096446498525,4.465922346275621,5.9990001666388935,2776.7372104649226,4947.275454090985,0,0,0,0,0,0,{}
1774247505,normal,sw-wk2,0.18699999999999672,0.3605321587165162,0.0,0.0,5015.0,4516.766666666666,0,0,0,0,0,0,{}
1774247515,normal,k3s-wk1,0.3094129339899726,0.6407206116513797,406.54628295755305,194.21086133538813,8929.0093470468,1321.920332339442,0,36,3,0,31,0,"{""process_exit"": 36, ""process_exec"": 36, ""process_kprobe"": 31}"
1774247515,normal,sw-wk3,0.10759317891462239,0.3733096446498525,4.465922346275621,5.9990001666388935,2776.7372104649226,4947.275454090985,0,0,0,0,0,0,{}
1774247515,normal,sw-wk2,0.09200000000000097,0.3596866096866097,0.0,0.0,374.76666666666665,3968.8333333333335,0,0,0,0,0,0,{}
1774247525,normal,k3s-wk1,0.3094129339899726,0.6407206116513797,406.54628295755305,194.21086133538813,8929.009347046802,1321.920332339442,0,54,3,0,49,0,"{""process_exit"": 54, ""process_exec"": 54, ""process_kprobe"": 49}"
1774247525,normal,sw-wk3,0.10551758626437735,0.3733016865255028,0.0,0.0,3610.8351391898645,4995.665944324053,0,0,0,0,0,0,{}
1774247525,normal,sw-wk2,0.09200000000000097,0.3596866096866097,0.0,0.0,374.76666666666665,3968.8333333333335,0,0,0,0,0,0,{}
1774247535,normal,k3s-wk1,0.3094129339899726,0.6407206116513797,284.3333333333333,145.0,9637.266666666666,7377.333333333335,0,9,2,0,13,0,"{""process_kprobe"": 13, ""process_exit"": 10, ""process_exec"": 9}"
1774247535,normal,sw-wk3,0.10551758626437735,0.3733016865255028,0.0,0.0,3610.8351391898645,4995.665944324053,0,0,0,0,0,0,{}
1774247535,normal,sw-wk2,0.09200000000000097,0.3596866096866097,0.0,0.0,374.76666666666665,3968.8333333333335,0,0,0,0,0,0,{}
1774247545,normal,k3s-wk1,0.3795555555555552,0.6495190219894461,284.3333333333333,145.0,9637.266666666666,7377.333333333333,0,15,2,0,12,0,"{""process_exit"": 15, ""process_exec"": 15, ""process_kprobe"": 12}"
1774247545,normal,sw-wk3,0.10551758626437735,0.3733016865255028,0.0,0.0,3610.8351391898645,4995.665944324053,0,0,0,0,0,0,{}
1774247545,normal,sw-wk2,0.20707929207079534,0.3583635741456971,0.0,0.0,6631.2035463120355,4756.49101756491,0,0,0,0,0,0,{}
1774247555,normal,k3s-wk1,0.3795555555555552,0.6495190219894461,284.3333333333333,145.0,9637.266666666666,7377.333333333333,0,15,2,0,11,0,"{""process_exit"": 15, ""process_exec"": 15, ""process_kprobe"": 11}"
1774247555,normal,sw-wk3,0.15800000000000036,0.37384880757454275,4.133333333333333,26.666666666666668,6563.933333333333,5642.5,0,0,0,0,0,0,{}
1774247555,normal,sw-wk2,0.20707929207079556,0.3583635741456971,0.0,0.0,6631.2035463120355,4756.491017564909,0,0,0,0,0,0,{}
1774247565,transition,k3s-wk1,0.0,0.653551078417181,265.93333333333334,136.6,9798.466666666667,10347.866666666667,9,42,3,0,37,0,"{""process_kprobe"": 37, ""process_exit"": 42, ""process_exec"": 42}"
1774247565,transition,sw-wk3,0.15800000000000036,0.37384880757454275,4.133333333333333,26.666666666666668,6563.933333333333,5642.5,9,0,0,0,0,0,{}
1774247565,transition,sw-wk2,0.20707929207079534,0.3583635741456971,0.0,0.0,6631.2035463120355,4756.49101756491,9,0,0,0,0,0,{}
1774247575,normal,k3s-wk1,0.33155555555555594,0.653551078417181,265.93333333333334,136.6,9798.466666666667,10347.866666666667,0,33,2,0,29,0,"{""process_kprobe"": 29, ""process_exit"": 33, ""process_exec"": 33}"
1774247575,normal,sw-wk3,0.15800000000000036,0.37384880757454275,4.133333333333333,26.666666666666668,6563.933333333333,5642.5,0,0,0,0,0,0,{}
1774247575,normal,sw-wk2,0.09587762855333637,0.3605560330420665,0.0,0.0,998.3670476888725,3978.5050154963837,0,0,0,0,0,0,{}
1774247585,normal,k3s-wk1,0.33155555555555594,0.653551078417181,265.93333333333334,136.6,9798.466666666667,10347.866666666667,0,60,3,0,53,0,"{""process_exit"": 60, ""process_exec"": 60, ""process_kprobe"": 53}"
1774247585,normal,sw-wk3,0.10588888888889114,0.37406367693198395,12.133333333333333,16.8,1908.3999999999999,5191.366666666667,0,0,0,0,0,0,{}
1774247585,normal,sw-wk2,0.09587762855333659,0.3605560330420665,0.0,0.0,998.3670476888727,3978.5050154963837,0,0,0,0,0,0,{}
1774247595,transition,k3s-wk1,0.0,0.6545761998131358,285.3333333333333,149.0,9804.733333333334,8823.333333333334,10,15,2,0,16,0,"{""process_kprobe"": 16, ""process_exit"": 15, ""process_exec"": 15}"
1774247595,transition,sw-wk3,0.10588888888889114,0.37406367693198395,12.133333333333333,16.8,1908.3999999999999,5191.366666666667,10,0,0,0,0,0,{}
1774247595,transition,sw-wk2,0.09587762855333659,0.3605560330420665,0.0,0.0,998.3670476888725,3978.5050154963837,10,0,0,0,0,0,{}
1774247605,normal,k3s-wk1,0.36911111111111017,0.6545761998131358,285.3333333333333,149.0,9804.733333333334,8823.333333333334,0,9,2,0,7,0,"{""process_exit"": 9, ""process_exec"": 9, ""process_kprobe"": 7}"
1774247605,normal,sw-wk3,0.10588888888889114,0.37406367693198395,12.133333333333333,16.8,1908.3999999999999,5191.366666666667,0,0,0,0,0,0,{}
1774247605,normal,sw-wk2,0.1769478715127244,0.3566883923029175,0.0,0.0,5043.247749249749,4528.009336445482,0,0,0,0,0,0,{}
1774247615,normal,k3s-wk1,0.36911111111111017,0.6545761998131358,285.3333333333333,149.0,9804.733333333334,8823.333333333334,0,15,2,0,10,0,"{""process_exit"": 15, ""process_exec"": 15, ""process_kprobe"": 10}"
1774247615,normal,sw-wk3,0.10666666666666569,0.3740477606832846,6.0,14.799999999999999,2832.2666666666664,5300.266666666667,0,0,0,0,0,0,{}
1774247615,normal,sw-wk2,0.1769478715127244,0.3566883923029175,0.0,0.0,5043.24774924975,4528.009336445482,0,0,0,0,0,0,{}
1774247625,normal,k3s-wk1,0.29944444444444474,0.6565303785974654,279.3333333333333,142.4,9299.4,1435.5,0,60,3,0,56,0,"{""process_kprobe"": 56, ""process_exit"": 60, ""process_exec"": 60}"
1774247625,normal,sw-wk3,0.10666666666666569,0.3740477606832846,6.0,14.799999999999999,2832.2666666666664,5300.266666666666,0,0,0,0,0,0,{}
1774247625,normal,sw-wk2,0.1769478715127244,0.3566883923029175,0.0,0.0,5043.247749249749,4528.009336445482,0,0,0,0,0,0,{}
1774247635,normal,k3s-wk1,0.29944444444444496,0.6565303785974654,279.3333333333333,142.4,9299.4,1435.5,0,15,2,0,12,0,"{""process_exit"": 15, ""process_exec"": 15, ""process_kprobe"": 12}"
1774247635,normal,sw-wk3,0.10666666666666569,0.3740477606832846,6.0,14.799999999999999,2832.2666666666664,5300.266666666666,0,0,0,0,0,0,{}
1774247635,normal,sw-wk2,0.09622222222222565,0.35795771061134185,0.0,0.0,635.3666666666667,4027.5,0,0,0,0,0,0,{}
1774247645,normal,k3s-wk1,0.29944444444444496,0.6565303785974654,279.3333333333333,142.4,9299.4,1435.5,0,57,3,0,50,0,"{""process_exit"": 57, ""process_exec"": 57, ""process_kprobe"": 50}"
1774247645,normal,sw-wk3,0.11166666666666869,0.37413728958221837,8.133333333333333,14.333333333333334,3542.1,5371.266666666666,0,0,0,0,0,0,{}
1774247645,normal,sw-wk2,0.09622222222222565,0.35795771061134185,0.0,0.0,635.3666666666667,4027.5,0,0,0,0,0,0,{}
1774247655,normal,k3s-wk1,0.34766666666666624,0.6602597676040584,277.20000000000005,140.4,9919.333333333334,10557.966666666669,0,36,3,0,38,0,"{""process_kprobe"": 38, ""process_exit"": 36, ""process_exec"": 36}"
1774247655,normal,sw-wk3,0.11166666666666869,0.37413728958221837,8.133333333333333,14.333333333333334,3542.1,5371.266666666666,0,0,0,0,0,0,{}
1774247655,normal,sw-wk2,0.09622222222222565,0.35795771061134185,0.0,0.0,635.3666666666667,4027.5,0,0,0,0,0,0,{}
1774247665,normal,k3s-wk1,0.34766666666666624,0.6602597676040584,277.2,140.4,9919.333333333334,10557.966666666667,0,9,2,0,7,0,"{""process_exit"": 9, ""process_exec"": 9, ""process_kprobe"": 7}"
1774247665,normal,sw-wk3,0.11166666666666869,0.37413728958221837,8.133333333333333,14.333333333333334,3542.1,5371.266666666666,0,0,0,0,0,0,{}
1774247665,normal,sw-wk2,0.1957777777777765,0.35745833930191473,0.0,0.0,5336.066666666667,4491.933333333334,0,0,0,0,0,0,{}
1774247675,normal,k3s-wk1,0.34766666666666624,0.6602597676040584,277.2,140.4,9919.333333333334,10557.966666666667,0,36,3,0,30,0,"{""process_exit"": 36, ""process_exec"": 36, ""process_kprobe"": 30}"
1774247675,normal,sw-wk3,0.14544444444444082,0.37192095195083474,4.0,7.3999999999999995,4916.366666666667,5316.3,0,0,0,0,0,0,{}
1774247675,normal,sw-wk2,0.1957777777777765,0.35745833930191473,0.0,0.0,5336.066666666667,4491.933333333333,0,0,0,0,0,0,{}
1774247685,normal,k3s-wk1,0.3157777777777774,0.6604124172599386,282.3333333333333,145.4,9094.766666666666,3745.866666666667,0,33,3,0,31,0,"{""process_kprobe"": 31, ""process_exit"": 33, ""process_exec"": 33}"
1774247685,normal,sw-wk3,0.14544444444444105,0.37192095195083474,4.0,7.3999999999999995,4916.366666666667,5316.3,0,0,0,0,0,0,{}
1774247685,normal,sw-wk2,0.1957777777777765,0.35745833930191473,0.0,0.0,5336.066666666667,4491.933333333333,0,0,0,0,0,0,{}
1774247695,normal,k3s-wk1,0.3157777777777774,0.6604124172599386,282.3333333333333,145.4,9094.766666666666,3745.866666666667,0,54,3,0,49,0,"{""process_exit"": 54, ""process_exec"": 54, ""process_kprobe"": 49}"
1774247695,normal,sw-wk3,0.14544444444444105,0.37192095195083474,4.0,7.3999999999999995,4916.366666666667,5316.3,0,0,0,0,0,0,{}
1774247695,normal,sw-wk2,0.09488888888889102,0.36002482929857227,0.0,0.0,338.4,3949.7666666666664,0,0,0,0,0,0,{}
1774247705,normal,k3s-wk1,0.3157777777777774,0.6604124172599386,282.3333333333333,145.4,9094.766666666666,3745.866666666667,0,33,3,0,28,0,"{""process_exit"": 33, ""process_exec"": 33, ""process_kprobe"": 28}"
1774247705,normal,sw-wk3,0.10855555555555774,0.3719050357021354,4.133333333333333,4.733333333333333,1943.9333333333334,4889.7333333333345,0,0,0,0,0,0,{}
1774247705,normal,sw-wk2,0.09488888888889102,0.36002482929857227,0.0,0.0,338.4,3949.7666666666664,0,0,0,0,0,0,{}
1774247715,normal,k3s-wk1,0.3364444444444441,0.6624942427392717,283.8,148.40000000000003,9534.833333333334,8770.966666666667,0,12,2,0,16,0,"{""process_kprobe"": 16, ""process_exit"": 12, ""process_exec"": 12}"
1774247715,normal,sw-wk3,0.10855555555555785,0.3719050357021354,4.133333333333333,4.733333333333333,1943.9333333333334,4889.733333333334,0,0,0,0,0,0,{}
1774247715,normal,sw-wk2,0.09488888888889102,0.36002482929857227,0.0,0.0,338.4,3949.7666666666664,0,0,0,0,0,0,{}
1774247725,normal,k3s-wk1,0.336444444444444,0.6624942427392717,283.8,148.4,9534.833333333334,8770.966666666667,0,9,2,0,8,0,"{""process_kprobe"": 8, ""process_exit"": 9, ""process_exec"": 9}"
1774247725,normal,sw-wk3,0.10855555555555785,0.3719050357021354,4.133333333333333,4.733333333333333,1943.9333333333334,4889.733333333334,0,0,0,0,0,0,{}
1774247725,normal,sw-wk2,0.17722222222222017,0.3603849337089561,0.0,0.0,5045.833333333333,4612.6,0,0,0,0,0,0,{}
1774247735,normal,k3s-wk1,0.3364444444444441,0.6624942427392717,283.8,148.4,9534.833333333334,8770.966666666667,0,60,3,0,52,0,"{""process_exit"": 60, ""process_exec"": 60, ""process_kprobe"": 52}"
1774247735,normal,sw-wk3,0.1108888888888866,0.3720084913186811,0.0,0.0,2730.733333333333,4960.433333333333,0,0,0,0,0,0,{}
1774247735,normal,sw-wk2,0.17722222222222017,0.3603849337089561,0.0,0.0,5045.833333333333,4612.6,0,0,0,0,0,0,{}
1774247745,normal,k3s-wk1,0.29688888888889053,0.6615770288586806,279.3333333333333,142.4,8879.233333333334,1332.6666666666667,0,15,2,0,14,0,"{""process_kprobe"": 14, ""process_exit"": 15, ""process_exec"": 15}"
1774247745,normal,sw-wk3,0.1108888888888866,0.3720084913186811,0.0,0.0,2730.733333333333,4960.433333333333,0,0,0,0,0,0,{}
1774247745,normal,sw-wk2,0.17722222222222017,0.3603849337089561,0.0,0.0,5045.833333333333,4612.6,0,0,0,0,0,0,{}
1774247755,normal,k3s-wk1,0.29688888888889053,0.6615770288586806,279.3333333333333,142.4,8879.233333333334,1332.6666666666667,0,57,3,0,51,0,"{""process_exit"": 57, ""process_exec"": 57, ""process_kprobe"": 51}"
1774247755,normal,sw-wk3,0.1108888888888866,0.3720084913186811,0.0,0.0,2730.733333333333,4960.433333333333,0,0,0,0,0,0,{}
1774247755,normal,sw-wk2,0.09799999999999942,0.3617875503350364,4.466666666666667,6.0,472.43333333333334,4016.2,0,0,0,0,0,0,{}
1774247765,normal,k3s-wk1,0.29688888888889053,0.6615770288586806,279.3333333333333,142.4,8879.233333333334,1332.6666666666667,0,36,3,0,30,0,"{""process_exit"": 36, ""process_exec"": 36, ""process_kprobe"": 30}"
1774247765,normal,sw-wk3,0.12544444444444658,0.3720045122565062,0.0,0.0,2041.9333333333334,4937.733333333334,0,0,0,0,0,0,{}
1774247765,normal,sw-wk2,0.09799999999999942,0.3617875503350364,4.466666666666667,6.0,472.43333333333334,4016.2,0,0,0,0,0,0,{}
1774247775,normal,k3s-wk1,0.3388888888888889,0.6596241660196602,277.2,140.4,9493.0,9020.033333333333,0,57,3,0,57,0,"{""process_kprobe"": 57, ""process_exit"": 57, ""process_exec"": 57}"
1774247775,normal,sw-wk3,0.12544444444444658,0.3720045122565062,0.0,0.0,2041.9333333333334,4937.733333333334,0,0,0,0,0,0,{}
1774247775,normal,sw-wk2,0.09799999999999942,0.3617875503350364,4.466666666666667,6.0,472.43333333333334,4016.2,0,0,0,0,0,0,{}
1774247785,normal,k3s-wk1,0.3388888888888889,0.6596241660196602,277.20000000000005,140.4,9493.0,9020.033333333333,0,54,3,0,49,0,"{""process_exit"": 54, ""process_exec"": 54, ""process_kprobe"": 49}"
1774247785,normal,sw-wk3,0.12544444444444658,0.3720045122565062,0.0,0.0,2041.9333333333334,4937.733333333334,0,0,0,0,0,0,{}
1774247785,normal,sw-wk2,0.18500000000000105,0.35910367823775646,0.0,0.0,5047.333333333333,4431.366666666667,0,0,0,0,0,0,{}
1774247795,normal,k3s-wk1,0.3388888888888889,0.6596241660196602,277.2,140.4,9493.0,9020.033333333333,0,15,2,0,11,0,"{""process_exit"": 15, ""process_exec"": 15, ""process_kprobe"": 11}"
1774247795,normal,sw-wk3,0.13111111111110807,0.37199257506998173,0.0,0.0,2619.1666666666665,4896.133333333333,0,0,0,0,0,0,{}
1774247795,normal,sw-wk2,0.18500000000000105,0.35910367823775646,0.0,0.0,5047.333333333333,4431.366666666667,0,0,0,0,0,0,{}
1774247805,normal,k3s-wk1,0.2995555555555547,0.6611282915082048,279.3333333333333,142.4,8776.366666666667,1171.0,0,36,3,0,33,0,"{""process_kprobe"": 33, ""process_exit"": 36, ""process_exec"": 36}"
1774247805,normal,sw-wk3,0.13111111111110807,0.37199257506998173,0.0,0.0,2619.1666666666665,4896.133333333333,0,0,0,0,0,0,{}
1774247805,normal,sw-wk2,0.18500000000000105,0.35910367823775646,0.0,0.0,5047.333333333333,4431.366666666667,0,0,0,0,0,0,{}
1774247815,normal,k3s-wk1,0.2995555555555547,0.6611282915082048,279.3333333333333,142.4,8776.366666666667,1171.0,0,42,3,0,36,0,"{""process_exit"": 42, ""process_exec"": 42, ""process_kprobe"": 36}"
1774247815,normal,sw-wk3,0.13111111111110807,0.37199257506998173,0.0,0.0,2619.1666666666665,4896.133333333333,0,0,0,0,0,0,{}
1774247815,normal,sw-wk2,0.12277777777777465,0.35964681914402585,0.0,0.0,1177.7,4004.866666666667,0,0,0,0,0,0,{}
1774247825,normal,k3s-wk1,0.2995555555555547,0.6611282915082048,279.3333333333333,142.4,8776.366666666667,1171.0,0,36,3,0,31,0,"{""process_exit"": 36, ""process_exec"": 36, ""process_kprobe"": 31}"
1774247825,normal,sw-wk3,0.21144444444444666,0.37923645775927073,0.0,0.0,11148.9,6114.566666666667,0,0,0,0,0,0,{}
1774247825,normal,sw-wk2,0.12277777777777477,0.35964681914402585,0.0,0.0,1177.7,4004.866666666667,0,0,0,0,0,0,{}
1774247835,normal,k3s-wk1,0.39566666666666683,0.6588688134121146,279.3333333333333,142.4,11235.733333333334,21764.5,0,36,3,0,37,0,"{""process_kprobe"": 37, ""process_exit"": 37, ""process_exec"": 36}"
1774247835,normal,sw-wk3,0.21144444444444666,0.37923645775927073,0.0,0.0,11148.9,6114.566666666667,0,0,0,0,0,0,{}
1774247835,normal,sw-wk2,0.12277777777777477,0.35964681914402585,0.0,0.0,1177.7,4004.866666666667,0,0,0,0,0,0,{}
1774247845,normal,k3s-wk1,0.39566666666666683,0.6588688134121146,279.3333333333333,142.4,11235.733333333334,21764.5,0,33,3,0,29,0,"{""process_exit"": 33, ""process_exec"": 33, ""process_kprobe"": 29}"
1774247845,normal,sw-wk3,0.21144444444444666,0.37923645775927073,0.0,0.0,11148.9,6114.566666666667,0,0,0,0,0,0,{}
1774247845,normal,sw-wk2,0.19644444444444764,0.3642287001225548,0.0,0.0,6421.033333333333,4656.1,0,0,0,0,0,0,{}
1774247855,normal,k3s-wk1,0.39566666666666683,0.6588688134121146,279.3333333333333,142.4,11235.733333333334,21764.5,0,36,3,0,31,0,"{""process_exit"": 36, ""process_exec"": 36, ""process_kprobe"": 31}"
1774247855,normal,sw-wk3,0.18144444444444363,0.37934986103125357,0.0,0.0,11397.3,6372.2,0,0,0,0,0,0,{}
1774247855,normal,sw-wk2,0.19644444444444764,0.3642287001225548,0.0,0.0,6421.033333333333,4656.100000000001,0,0,0,0,0,0,{}
1774247865,normal,k3s-wk1,0.31722222222222163,0.6612388309141872,279.33333333333337,142.4,10638.9,14696.966666666667,0,66,3,0,58,0,"{""process_exit"": 66, ""process_exec"": 66, ""process_kprobe"": 58}"
1774247865,normal,sw-wk3,0.18144444444444363,0.37934986103125357,0.0,0.0,11397.3,6372.2,0,0,0,0,0,0,{}
1774247865,normal,sw-wk2,0.19644444444444764,0.3642287001225548,0.0,0.0,6421.033333333333,4656.1,0,0,0,0,0,0,{}
1774247875,normal,k3s-wk1,0.31722222222222174,0.6612388309141872,279.3333333333333,142.4,10638.9,14696.966666666667,0,33,3,0,29,0,"{""process_exit"": 33, ""process_exec"": 33, ""process_kprobe"": 29}"
1774247875,normal,sw-wk3,0.18144444444444363,0.37934986103125357,0.0,0.0,11397.3,6372.2,0,0,0,0,0,0,{}
1774247875,normal,sw-wk2,0.09622222222222065,0.36602325359308596,0.0,0.0,3004.366666666667,4156.333333333333,0,0,0,0,0,0,{}
1774247885,normal,k3s-wk1,0.31722222222222174,0.6612388309141872,279.3333333333333,142.4,10638.9,14696.966666666667,0,36,3,0,31,0,"{""process_exit"": 36, ""process_exec"": 36, ""process_kprobe"": 31}"
1774247885,normal,sw-wk3,0.1562222222222216,0.37835509548754453,0.0,0.0,10560.666666666666,6200.4,0,0,0,0,0,0,{}
1774247885,normal,sw-wk2,0.09622222222222065,0.36602325359308596,0.0,0.0,3004.3666666666672,4156.333333333333,0,0,0,0,0,0,{}
1774247895,normal,k3s-wk1,0.37333333333333363,0.6629048176757775,277.2,140.4,10647.266666666666,15837.733333333334,0,57,3,0,57,0,"{""process_kprobe"": 57, ""process_exit"": 57, ""process_exec"": 57}"
1774247895,normal,sw-wk3,0.1562222222222216,0.37835509548754453,0.0,0.0,10560.666666666666,6200.4,0,0,0,0,0,0,{}
1774247895,normal,sw-wk2,0.09622222222222065,0.36602325359308596,0.0,0.0,3004.366666666667,4156.333333333333,0,0,0,0,0,0,{}
1774247905,normal,k3s-wk1,0.37333333333333363,0.6629048176757775,277.2,140.4,10647.266666666666,15837.733333333334,0,15,2,0,12,0,"{""process_exit"": 15, ""process_exec"": 15, ""process_kprobe"": 12}"
1774247905,normal,sw-wk3,0.1562222222222216,0.37835509548754453,0.0,0.0,10560.666666666666,6200.4,0,0,0,0,0,0,{}
1774247905,normal,sw-wk2,0.1790000000000015,0.3628539368762832,0.0,0.0,5665.000000000001,4550.7,0,0,0,0,0,0,{}
1774247915,normal,k3s-wk1,0.37333333333333363,0.6629048176757775,277.2,140.4,10647.266666666666,15837.733333333334,0,33,3,0,29,0,"{""process_exit"": 33, ""process_exec"": 33, ""process_kprobe"": 29}"
1774247915,normal,sw-wk3,0.1333333333333333,0.3786415879641327,0.0,0.0,4184.300000000001,5476.966666666666,0,0,0,0,0,0,{}
1774247915,normal,sw-wk2,0.1790000000000015,0.3628539368762832,0.0,0.0,5665.0,4550.7,0,0,0,0,0,0,{}
1774247925,normal,k3s-wk1,0.3401111111111125,0.6638259793922965,279.33333333333337,142.4,9240.4,2453.0,0,99,3,0,93,0,"{""process_kprobe"": 93, ""process_exit"": 99, ""process_exec"": 99}"
1774247925,normal,sw-wk3,0.1333333333333333,0.3786415879641327,0.0,0.0,4184.3,5476.966666666666,0,0,0,0,0,0,{}
1774247925,normal,sw-wk2,0.1790000000000015,0.3628539368762832,0.0,0.0,5665.0,4550.7,0,0,0,0,0,0,{}
1774247935,normal,k3s-wk1,0.3401111111111125,0.6638259793922965,279.3333333333333,142.4,9240.4,2453.0,0,60,3,0,53,0,"{""process_exit"": 60, ""process_exec"": 60, ""process_kprobe"": 53}"
1774247935,normal,sw-wk3,0.1333333333333333,0.3786415879641327,0.0,0.0,4184.3,5476.966666666666,0,0,0,0,0,0,{}
1774247935,normal,sw-wk2,0.09366666666666479,0.36386660618504196,0.0,0.0,750.6333333333333,3970.1666666666665,0,0,0,0,0,0,{}
1774247945,normal,k3s-wk1,0.3401111111111125,0.6638259793922965,279.3333333333333,142.4,9240.4,2453.0,0,15,2,0,11,0,"{""process_exit"": 15, ""process_exec"": 15, ""process_kprobe"": 11}"
1774247945,normal,sw-wk3,0.16800000000000137,0.37896986059355675,4.466666666666667,6.0,7168.3,5820.133333333333,0,0,0,0,0,0,{}
1774247945,normal,sw-wk2,0.09366666666666479,0.36386660618504196,0.0,0.0,750.6333333333333,3970.1666666666674,0,0,0,0,0,0,{}
1774247955,normal,k3s-wk1,0.36033333333333284,0.6628192812306721,279.33333333333337,142.4,10783.066666666666,21993.166666666668,0,9,2,0,12,0,"{""process_kprobe"": 12, ""process_exit"": 9, ""process_exec"": 9}"
1774247955,normal,sw-wk3,0.16800000000000137,0.37896986059355675,4.466666666666667,6.0,7168.3,5820.133333333333,0,0,0,0,0,0,{}
1774247955,normal,sw-wk2,0.09366666666666479,0.36386660618504196,0.0,0.0,750.6333333333333,3970.1666666666665,0,0,0,0,0,0,{}
1774247965,normal,k3s-wk1,0.36033333333333284,0.6628192812306721,279.3333333333333,142.4,10783.066666666666,21993.166666666668,0,54,3,0,49,0,"{""process_exit"": 55, ""process_exec"": 54, ""process_kprobe"": 49}"
1774247965,normal,sw-wk3,0.16800000000000137,0.37896986059355675,4.466666666666667,6.0,7168.3,5820.133333333333,0,0,0,0,0,0,{}
1774247965,normal,sw-wk2,0.1930000000000014,0.3627087013958522,0.0,0.0,6512.166666666667,4568.0,0,0,0,0,0,0,{}
1774247975,normal,k3s-wk1,0.36033333333333284,0.6628192812306721,279.3333333333333,142.4,10783.066666666666,21993.166666666668,0,63,3,0,56,0,"{""process_exec"": 63, ""process_kprobe"": 56, ""process_exit"": 62}"
1774247975,normal,sw-wk3,0.17144444444444495,0.37580053757129983,0.0,0.0,9971.433333333332,5440.7,0,0,0,0,0,0,{}
1774247975,normal,sw-wk2,0.1930000000000014,0.3627087013958522,0.0,0.0,6512.166666666667,4568.0,0,0,0,0,0,0,{}
1774247985,normal,k3s-wk1,0.30966666666666676,0.6668223868616021,279.3333333333333,142.40000000000003,8804.066666666666,1190.9666666666667,0,15,2,0,12,0,"{""process_exit"": 15, ""process_exec"": 15, ""process_kprobe"": 12}"
1774247985,normal,sw-wk3,0.17144444444444518,0.37580053757129983,0.0,0.0,9971.433333333332,5440.7,0,0,0,0,0,0,{}
1774247985,normal,sw-wk2,0.1930000000000014,0.3627087013958522,0.0,0.0,6512.166666666667,4568.0,0,0,0,0,0,0,{}
1774247995,normal,k3s-wk1,0.30966666666666676,0.6668223868616021,279.3333333333333,142.4,8804.066666666666,1190.9666666666667,0,57,3,0,52,0,"{""process_exit"": 57, ""process_exec"": 57, ""process_kprobe"": 52}"
1774247995,normal,sw-wk3,0.17144444444444518,0.37580053757129983,0.0,0.0,9971.433333333332,5440.7,0,0,0,0,0,0,{}
1774247995,normal,sw-wk2,0.09633333333333416,0.36540053160164887,0.0,0.0,419.8333333333334,4006.0666666666666,0,0,0,0,0,0,{}
1774248005,normal,k3s-wk1,0.30966666666666676,0.6668223868616021,279.3333333333333,142.4,8804.066666666666,1190.9666666666667,0,12,2,0,10,0,"{""process_exit"": 12, ""process_exec"": 12, ""process_kprobe"": 10}"
1774248005,normal,sw-wk3,0.13155555555555465,0.3758960350634959,0.0,0.0,2026.2333333333333,4901.733333333334,0,0,0,0,0,0,{}
1774248005,normal,sw-wk2,0.09633333333333416,0.36540053160164887,0.0,0.0,419.8333333333333,4006.0666666666666,0,0,0,0,0,0,{}
1774248015,normal,k3s-wk1,0.3234444444444433,0.6664433946125199,277.2,140.4,9273.233333333334,4283.633333333333,0,33,3,0,34,0,"{""process_exit"": 33, ""process_exec"": 33, ""process_kprobe"": 34}"
1774248015,normal,sw-wk3,0.13155555555555465,0.3758960350634959,0.0,0.0,2026.2333333333333,4901.733333333334,0,0,0,0,0,0,{}
1774248015,normal,sw-wk2,0.09633333333333416,0.36540053160164887,0.0,0.0,419.8333333333333,4006.0666666666666,0,0,0,0,0,0,{}
1774248025,normal,k3s-wk1,0.3234444444444433,0.6664433946125199,277.2,140.4,9273.233333333334,4283.633333333334,0,18,2,0,13,0,"{""process_exit"": 18, ""process_exec"": 18, ""process_kprobe"": 13}"
1774248025,normal,sw-wk3,0.13155555555555465,0.3758960350634959,0.0,0.0,2026.2333333333333,4901.733333333334,0,0,0,0,0,0,{}
1774248025,normal,sw-wk2,0.1979999999999993,0.35986765665536613,0.0,0.0,5011.5,4554.566666666667,0,0,0,0,0,0,{}
1774248035,normal,k3s-wk1,0.3234444444444433,0.6664433946125199,277.2,140.4,9273.233333333334,4283.633333333333,0,36,3,0,31,0,"{""process_exit"": 36, ""process_exec"": 36, ""process_kprobe"": 31}"
1774248035,normal,sw-wk3,0.13077777777777755,0.37586619209718464,364.4333333333334,102.86666666666666,2795.833333333334,5026.433333333333,0,0,0,0,0,0,{}
1774248035,normal,sw-wk2,0.1979999999999993,0.35986765665536613,0.0,0.0,5011.5,4554.566666666667,0,0,0,0,0,0,{}
1774248045,normal,k3s-wk1,0.3165555555555568,0.6669223987051098,279.3333333333333,142.40000000000003,9173.566666666666,5888.233333333334,0,15,2,0,12,0,"{""process_kprobe"": 12, ""process_exit"": 15, ""process_exec"": 15}"
1774248045,normal,sw-wk3,0.13077777777777755,0.37586619209718464,364.43333333333334,102.86666666666666,2795.8333333333335,5026.433333333333,0,0,0,0,0,0,{}
1774248045,normal,sw-wk2,0.1979999999999993,0.35986765665536613,0.0,0.0,5011.5,4554.566666666667,0,0,0,0,0,0,{}
1774248055,normal,k3s-wk1,0.3165555555555569,0.6669223987051098,279.3333333333333,142.4,9173.566666666666,5888.233333333334,0,39,3,0,33,0,"{""process_exit"": 39, ""process_exec"": 39, ""process_kprobe"": 33}"
1774248055,normal,sw-wk3,0.13077777777777755,0.37586619209718464,364.43333333333334,102.86666666666666,2795.8333333333335,5026.433333333333,0,0,0,0,0,0,{}
1774248055,normal,sw-wk2,0.09722222222222221,0.3624421047605405,0.0,0.0,362.46666666666664,3969.4333333333343,0,0,0,0,0,0,{}
1774248065,normal,k3s-wk1,0.3165555555555569,0.6669223987051098,279.3333333333333,142.4,9173.566666666666,5888.233333333334,0,75,3,0,69,0,"{""process_exit"": 75, ""process_exec"": 75, ""process_kprobe"": 69}"
1774248065,normal,sw-wk3,0.13344444444444437,0.3759756163069926,0.0,0.0,1953.3666666666666,4888.866666666667,0,0,0,0,0,0,{}
1774248065,normal,sw-wk2,0.09722222222222221,0.3624421047605405,0.0,0.0,362.46666666666664,3969.4333333333334,0,0,0,0,0,0,{}
1774248076,normal,k3s-wk1,0.322444444444443,0.6677948704451844,279.3333333333333,142.4,9303.166666666666,4195.933333333333,0,18,2,0,19,0,"{""process_kprobe"": 19, ""process_exit"": 18, ""process_exec"": 18}"
1774248076,normal,sw-wk3,0.13344444444444437,0.3759756163069926,0.0,0.0,1953.3666666666666,4888.866666666667,0,0,0,0,0,0,{}
1774248076,normal,sw-wk2,0.09722222222222221,0.3624421047605405,0.0,0.0,362.46666666666664,3969.4333333333334,0,0,0,0,0,0,{}
1774248085,normal,k3s-wk1,0.322444444444443,0.6677948704451844,279.3333333333333,142.4,9303.166666666666,4195.933333333333,0,9,2,0,8,0,"{""process_exit"": 9, ""process_exec"": 9, ""process_kprobe"": 8}"
1774248085,normal,sw-wk3,0.13344444444444437,0.3759756163069926,0.0,0.0,1953.3666666666666,4888.866666666667,0,0,0,0,0,0,{}
1774248085,normal,sw-wk2,0.189888888888888,0.36255749733403364,0.0,0.0,4919.466666666666,4560.733333333334,0,0,0,0,0,0,{}
1774248095,normal,k3s-wk1,0.322444444444443,0.6677948704451844,279.3333333333333,142.4,9303.166666666666,4195.933333333333,0,39,3,0,33,0,"{""process_exit"": 39, ""process_exec"": 39, ""process_kprobe"": 33}"
1774248095,normal,sw-wk3,0.1373333333333322,0.3755976054003832,0.0,0.0,2661.0666666666666,4909.8,0,0,0,0,0,0,{}
1774248095,normal,sw-wk2,0.189888888888888,0.36255749733403364,0.0,0.0,4919.466666666666,4560.733333333334,0,0,0,0,0,0,{}
1774248105,normal,k3s-wk1,0.32055555555555715,0.6682778223737021,482.5,232.83333333333334,9112.6,5845.933333333333,0,45,3,0,40,0,"{""process_kprobe"": 40, ""process_exit"": 45, ""process_exec"": 45}"
1774248105,normal,sw-wk3,0.1373333333333322,0.3755976054003832,0.0,0.0,2661.0666666666666,4909.8,0,0,0,0,0,0,{}
1774248105,normal,sw-wk2,0.189888888888888,0.36255749733403364,0.0,0.0,4919.466666666666,4560.733333333334,0,0,0,0,0,0,{}
1774248115,normal,k3s-wk1,0.32055555555555715,0.6682778223737021,482.5,232.83333333333334,9112.6,5845.933333333333,0,72,3,0,67,0,"{""process_exit"": 72, ""process_exec"": 72, ""process_kprobe"": 67}"
1774248115,normal,sw-wk3,0.1373333333333322,0.3755976054003832,0.0,0.0,2661.0666666666666,4909.8,0,0,0,0,0,0,{}
1774248115,normal,sw-wk2,0.11055555555555596,0.3641928886342294,0.0,0.0,429.06666666666666,4003.9333333333334,0,0,0,0,0,0,{}
1774248125,normal,k3s-wk1,0.32055555555555715,0.6682778223737021,482.5,232.83333333333334,9112.6,5845.933333333333,0,15,2,0,12,0,"{""process_exit"": 15, ""process_exec"": 15, ""process_kprobe"": 12}"
1774248125,normal,sw-wk3,0.12877777777777666,0.37569708195475404,0.0,0.0,2064.0333333333333,4924.966666666668,0,0,0,0,0,0,{}
1774248125,normal,sw-wk2,0.11055555555555607,0.3641928886342294,0.0,0.0,429.06666666666666,4003.9333333333334,0,0,0,0,0,0,{}
1774248135,normal,k3s-wk1,0.3553333333333323,0.6701030385177191,279.2,142.4,9682.100000000002,7949.7,0,33,3,0,34,0,"{""process_kprobe"": 34, ""process_exit"": 34, ""process_exec"": 33}"
1774248135,normal,sw-wk3,0.12877777777777688,0.37569708195475404,0.0,0.0,2064.0333333333333,4924.966666666666,0,0,0,0,0,0,{}
1774248135,normal,sw-wk2,0.11055555555555607,0.3641928886342294,0.0,0.0,429.06666666666666,4003.9333333333334,0,0,0,0,0,0,{}
1774248145,normal,k3s-wk1,0.3553333333333323,0.6701030385177191,279.2,142.4,9682.1,7949.7,0,51,3,0,47,0,"{""process_exit"": 51, ""process_exec"": 51, ""process_kprobe"": 47}"
1774248145,normal,sw-wk3,0.12877777777777688,0.37569708195475404,0.0,0.0,2064.0333333333333,4924.966666666666,0,0,0,0,0,0,{}
1774248145,normal,sw-wk2,0.21705219652023167,0.3625634659154212,0.0,0.0,5404.439704019732,4671.121925204986,0,0,0,0,0,0,{}
1774248155,normal,k3s-wk1,0.3553333333333323,0.6701030385177191,279.2,142.4,9682.1,7949.7,0,57,3,0,53,0,"{""process_exit"": 57, ""process_exec"": 57, ""process_kprobe"": 53}"
1774248155,normal,sw-wk3,0.18011111111111155,0.37409153036720777,4.133333333333333,46.4,6621.866666666667,5582.8,0,0,0,0,0,0,{}
1774248155,normal,sw-wk2,0.21705219652023167,0.3625634659154212,0.0,0.0,5404.439704019732,4671.121925204986,0,0,0,0,0,0,{}
1774248165,normal,k3s-wk1,0.34744444444444544,0.661848113592399,281.3333333333333,144.4,10035.800000000001,10579.133333333333,0,54,3,0,51,0,"{""process_kprobe"": 51, ""process_exit"": 54, ""process_exec"": 54}"
1774248165,normal,sw-wk3,0.18011111111111155,0.37409153036720777,4.133333333333333,46.4,6621.866666666667,5582.8,0,0,0,0,0,0,{}
1774248165,normal,sw-wk2,0.21705219652023167,0.3625634659154212,0.0,0.0,5404.439704019732,4671.121925204986,0,0,0,0,0,0,{}
1774248175,normal,k3s-wk1,0.34744444444444544,0.661848113592399,281.3333333333333,144.40000000000003,10035.8,10579.133333333333,0,42,3,0,36,0,"{""process_exit"": 42, ""process_exec"": 42, ""process_kprobe"": 36}"
1774248175,normal,sw-wk3,0.18011111111111155,0.37409153036720777,4.133333333333333,46.4,6621.866666666667,5582.8,0,0,0,0,0,0,{}
1774248175,normal,sw-wk2,0.09549525523923708,0.363349329131452,0.0,0.0,2327.655177011801,4224.8149876658445,0,0,0,0,0,0,{}
1774248185,normal,k3s-wk1,0.34744444444444544,0.661848113592399,281.3333333333333,144.4,10035.8,10579.133333333333,0,36,3,0,31,0,"{""process_exit"": 36, ""process_exec"": 36, ""process_kprobe"": 31}"
1774248185,normal,sw-wk3,0.13044444444444458,0.37410943614699455,24.133333333333333,48.86666666666667,4171.7,5463.6,0,0,0,0,0,0,{}
1774248185,normal,sw-wk2,0.09549525523923708,0.363349329131452,0.0,0.0,2327.655177011801,4224.8149876658445,0,0,0,0,0,0,{}
1774248195,normal,k3s-wk1,0.34244444444444244,0.656952797041755,288.3333333333333,152.0,9811.1,8794.4,0,13,2,0,16,0,"{""process_kprobe"": 16, ""process_exit"": 14, ""process_exec"": 13}"
1774248195,normal,sw-wk3,0.13044444444444458,0.37410943614699455,24.133333333333333,48.86666666666667,4171.7,5463.6,0,0,0,0,0,0,{}
1774248195,normal,sw-wk2,0.09549525523923708,0.363349329131452,0.0,0.0,2327.655177011801,4224.8149876658445,0,0,0,0,0,0,{}
1774248205,normal,k3s-wk1,0.34244444444444244,0.656952797041755,288.3333333333333,152.0,9811.1,8794.4,0,41,3,0,34,0,"{""process_exec"": 41, ""process_kprobe"": 34, ""process_exit"": 40}"
1774248205,normal,sw-wk3,0.13044444444444458,0.37410943614699455,24.133333333333333,48.86666666666667,4171.7,5463.6,0,0,0,0,0,0,{}
1774248205,normal,sw-wk2,0.18066666666666908,0.36059184453039206,0.0,0.0,4895.833333333333,4486.866666666668,0,0,0,0,0,0,{}
1774248215,normal,k3s-wk1,0.34244444444444255,0.656952797041755,288.3333333333333,152.0,9811.1,8794.4,0,36,3,0,31,0,"{""process_exit"": 36, ""process_exec"": 36, ""process_kprobe"": 31}"
1774248215,normal,sw-wk3,0.13777777777778133,0.37446357268055497,64.0,76.8,2621.366666666667,5193.866666666667,0,0,0,0,0,0,{}
1774248215,normal,sw-wk2,0.18066666666666908,0.36059184453039206,0.0,0.0,4895.833333333334,4486.866666666667,0,0,0,0,0,0,{}
1774248225,normal,k3s-wk1,0.3038705950317764,0.6551815346554197,279.2960938541528,142.3810158645514,9146.613784828689,1221.1371817091056,0,39,3,0,36,0,"{""process_kprobe"": 36, ""process_exit"": 40, ""process_exec"": 39}"
1774248225,normal,sw-wk3,0.13777777777778133,0.37446357268055497,64.0,76.8,2621.366666666667,5193.866666666667,0,0,0,0,0,0,{}
1774248225,normal,sw-wk2,0.18066666666666908,0.36059184453039206,0.0,0.0,4895.833333333333,4486.866666666667,0,0,0,0,0,0,{}
1774248235,normal,k3s-wk1,0.3038705950317764,0.6551815346554197,279.2960938541528,142.3810158645514,9146.613784828689,1221.1371817091056,0,27,2,0,23,0,"{""process_exec"": 27, ""process_kprobe"": 23, ""process_exit"": 26}"
1774248235,normal,sw-wk3,0.13777777777778133,0.37446357268055497,64.0,76.8,2621.366666666667,5193.866666666667,0,0,0,0,0,0,{}
1774248235,normal,sw-wk2,0.09731249097312233,0.363172261216954,5.132820051328201,4.9995000499949995,469.75302469753024,4056.3610305636103,0,0,0,0,0,0,{}
1774248245,normal,k3s-wk1,0.3038705950317764,0.6551815346554197,279.2960938541528,142.3810158645514,9146.613784828689,1221.1371817091056,0,18,2,0,16,0,"{""process_exit"": 18, ""process_exec"": 18, ""process_kprobe"": 16}"
1774248245,normal,sw-wk3,0.14111111111110908,0.3743601170640092,25.133333333333333,49.4,3735.5,5372.833333333333,0,0,0,0,0,0,{}
1774248245,normal,sw-wk2,0.09731249097312233,0.363172261216954,5.132820051328201,4.999500049995,469.75302469753024,4056.3610305636103,0,0,0,0,0,0,{}
1774248255,normal,k3s-wk1,0.33957861048139437,0.6516626968983169,279.37058274436595,142.4189891985598,9808.341112148286,6150.186691558874,0,81,3,0,78,0,"{""process_exit"": 81, ""process_exec"": 81, ""process_kprobe"": 78}"
1774248255,normal,sw-wk3,0.14111111111110908,0.3743601170640092,25.133333333333333,49.4,3735.5,5372.833333333333,0,0,0,0,0,0,{}
1774248255,normal,sw-wk2,0.09731249097312233,0.363172261216954,5.132820051328201,4.999500049995,469.75302469753024,4056.3610305636103,0,0,0,0,0,0,{}
1774248266,normal,k3s-wk1,0.33957861048139437,0.6516626968983169,279.3705827443659,142.4189891985598,9808.341112148286,6150.186691558874,0,15,2,0,12,0,"{""process_exit"": 15, ""process_exec"": 15, ""process_kprobe"": 12}"
1774248266,normal,sw-wk3,0.14111111111110908,0.3743601170640092,25.133333333333333,49.4,3735.5,5372.833333333333,0,0,0,0,0,0,{}
1774248266,normal,sw-wk2,0.17947350290584707,0.36121456652182904,0.0,0.0,5180.01800180018,4539.95399539954,0,0,0,0,0,0,{}
1774248275,normal,k3s-wk1,0.33957861048139437,0.6516626968983169,279.3705827443659,142.4189891985598,9808.341112148286,6150.186691558874,0,12,2,0,10,0,"{""process_exit"": 12, ""process_exec"": 12, ""process_kprobe"": 10}"
1774248275,normal,sw-wk3,0.16022222222222038,0.3753290187035817,41.0,59.36666666666667,5074.733333333334,5403.266666666666,0,0,0,0,0,0,{}
1774248275,normal,sw-wk2,0.17947350290584707,0.36121456652182904,0.0,0.0,5180.01800180018,4539.95399539954,0,0,0,0,0,0,{}
1774248285,normal,k3s-wk1,0.3215555555555587,0.6526733428958693,281.6666666666667,146.4,9484.533333333333,8737.4,0,36,3,0,32,0,"{""process_exit"": 36, ""process_exec"": 36, ""process_kprobe"": 32}"
1774248285,normal,sw-wk3,0.1602222222222205,0.3753290187035817,41.0,59.36666666666667,5074.733333333334,5403.266666666666,0,0,0,0,0,0,{}
1774248285,normal,sw-wk2,0.17947350290584707,0.36121456652182904,0.0,0.0,5180.01800180018,4539.95399539954,0,0,0,0,0,0,{}
1774248295,normal,k3s-wk1,0.3215555555555587,0.6526733428958693,281.6666666666667,146.4,9484.533333333333,8737.4,0,36,3,0,31,0,"{""process_exit"": 36, ""process_exec"": 36, ""process_kprobe"": 31}"
1774248295,normal,sw-wk3,0.1602222222222205,0.3753290187035817,41.0,59.36666666666667,5074.733333333334,5403.266666666666,0,0,0,0,0,0,{}
1774248295,normal,sw-wk2,0.11144444444444668,0.3621237804198698,4.466666666666667,6.0,883.8666666666667,4052.866666666667,0,0,0,0,0,0,{}
1774248305,normal,k3s-wk1,0.3215555555555587,0.6526733428958693,281.6666666666667,146.4,9484.533333333333,8737.4,0,75,3,0,69,0,"{""process_exit"": 75, ""process_exec"": 75, ""process_kprobe"": 69}"
1774248305,normal,sw-wk3,0.13655555555555765,0.37531111292379504,12.0,5.466666666666667,2095.133333333333,4954.566666666667,0,0,0,0,0,0,{}
1774248305,normal,sw-wk2,0.11144444444444668,0.3621237804198698,4.466666666666667,6.0,883.8666666666667,4052.866666666667,0,0,0,0,0,0,{}
1774248315,normal,k3s-wk1,0.34322222222222076,0.6522890868655499,279.3333333333333,142.4,9523.5,9016.166666666666,0,33,3,0,34,0,"{""process_kprobe"": 34, ""process_exit"": 33, ""process_exec"": 33}"
1774248315,normal,sw-wk3,0.13655555555555765,0.37531111292379504,12.0,5.466666666666667,2095.133333333333,4954.566666666667,0,0,0,0,0,0,{}
1774248315,normal,sw-wk2,0.11144444444444668,0.3621237804198698,4.466666666666667,6.0,883.8666666666667,4052.866666666667,0,0,0,0,0,0,{}
1774248325,normal,k3s-wk1,0.34322222222222076,0.6522890868655499,279.3333333333333,142.4,9523.5,9016.166666666666,0,18,2,0,13,0,"{""process_exit"": 18, ""process_exec"": 18, ""process_kprobe"": 13}"
1774248325,normal,sw-wk3,0.13655555555555765,0.37531111292379504,12.0,5.466666666666667,2095.133333333333,4954.566666666667,0,0,0,0,0,0,{}
1774248325,normal,sw-wk2,0.2143333333333305,0.3597244107020643,0.0,0.0,5043.666666666667,4471.133333333333,0,0,0,0,0,0,{}
1774248335,normal,k3s-wk1,0.34322222222222076,0.6522890868655499,279.3333333333333,142.4,9523.5,9016.166666666666,0,33,3,0,32,0,"{""process_exit"": 33, ""process_exec"": 33, ""process_kprobe"": 32}"
1774248335,normal,sw-wk3,0.1338888888888884,0.37475006515714315,0.0,0.0,2677.6,4898.933333333333,0,0,0,0,0,0,{}
1774248335,normal,sw-wk2,0.2143333333333305,0.3597244107020643,0.0,0.0,5043.666666666667,4471.133333333333,0,0,0,0,0,0,{}
1774248345,normal,k3s-wk1,0.30144444444444307,0.6583174323275125,279.3333333333333,142.4,8731.166666666666,1110.3,0,57,3,0,52,0,"{""process_exit"": 57, ""process_exec"": 57, ""process_kprobe"": 52}"
1774248345,normal,sw-wk3,0.1338888888888884,0.37475006515714315,0.0,0.0,2677.6,4898.933333333333,0,0,0,0,0,0,{}
1774248345,normal,sw-wk2,0.2143333333333305,0.3597244107020643,0.0,0.0,5043.666666666667,4471.133333333333,0,0,0,0,0,0,{}
1774248355,normal,k3s-wk1,0.3014444444444432,0.6583174323275125,279.3333333333333,142.4,8731.166666666666,1110.3,0,33,3,0,30,0,"{""process_exit"": 33, ""process_exec"": 33, ""process_kprobe"": 30}"
1774248355,normal,sw-wk3,0.1338888888888884,0.37475006515714315,0.0,0.0,2677.6,4898.933333333333,0,0,0,0,0,0,{}
1774248355,normal,sw-wk2,0.09811111111111293,0.36187508952872083,0.0,0.0,464.6333333333333,4027.2999999999997,0,0,0,0,0,0,{}
1774248365,normal,k3s-wk1,0.3014444444444432,0.6583174323275125,279.3333333333333,142.4,8731.166666666666,1110.3,0,39,3,0,33,0,"{""process_exit"": 39, ""process_exec"": 39, ""process_kprobe"": 33}"
1774248365,normal,sw-wk3,0.15208479152084864,0.3747421070327934,0.0,0.0,2026.66400026664,4908.509149085092,0,0,0,0,0,0,{}
1774248365,normal,sw-wk2,0.09811111111111293,0.36187508952872083,0.0,0.0,464.6333333333333,4027.2999999999997,0,0,0,0,0,0,{}
1774248376,normal,k3s-wk1,0.34100000000000064,0.6635404192601755,279.3333333333333,142.4,9554.2,8879.366666666667,0,39,3,0,39,0,"{""process_kprobe"": 39, ""process_exit"": 39, ""process_exec"": 39}"
1774248376,normal,sw-wk3,0.15208479152084864,0.3747421070327934,0.0,0.0,2026.66400026664,4908.509149085092,0,0,0,0,0,0,{}
1774248376,normal,sw-wk2,0.09811111111111293,0.36187508952872083,0.0,0.0,464.6333333333333,4027.2999999999997,0,0,0,0,0,0,{}
1774248441,transition,k3s-wk1,0.0,0.6660683501993657,0.0,0.0,0.0,0.0,65,9,2,0,6,0,"{""process_exit"": 9, ""process_exec"": 9, ""process_kprobe"": 6}"
1774248441,transition,sw-wk3,0.0,0.3729196965567185,0.0,0.0,0.0,0.0,65,0,0,0,0,0,{}
1774248441,transition,sw-wk2,0.0,0.36532691909786885,0.0,0.0,0.0,0.0,65,0,0,0,0,0,{}
1774248446,transition,k3s-wk1,0.0,0.6660683501993657,0.0,0.0,0.0,0.0,70,33,3,0,40,0,"{""process_exit"": 34, ""process_exec"": 33, ""process_kprobe"": 40}"
1774248446,transition,sw-wk3,0.0,0.3729196965567185,0.0,0.0,0.0,0.0,70,0,0,0,0,0,{}
1774248446,transition,sw-wk2,0.8122691493196361,0.3672607394674434,0.0,0.0,13718.653395705402,5930.001791024601,70,0,0,0,0,0,{}
1774248456,transition,k3s-wk1,0.0,0.6660683501993657,0.0,0.0,0.0,0.0,80,39,3,0,34,0,"{""process_exit"": 39, ""process_exec"": 39, ""process_kprobe"": 34}"
1774248456,transition,sw-wk3,0.6526462259520998,0.3756274483666945,0.0,2.4147250441696118,58190.57033274441,5843.11292697291,80,0,0,0,0,0,{}
1774248456,transition,sw-wk2,0.774777777777778,0.3672607394674434,0.0,0.0,16110.166666666666,6905.966666666666,80,0,0,0,0,0,{}
1774248467,normal,k3s-wk1,0.5588166945528905,0.665299838138727,281.3720022308979,143.47462353597322,17637.932236475182,111690.74177356386,0,30,3,0,28,0,"{""process_exit"": 30, ""process_exec"": 30, ""process_kprobe"": 28}"
1774248467,normal,sw-wk3,0.5285895906949343,0.3756274483666945,0.0,3.276032464664312,78857.25415562426,7970.380565371025,0,0,0,0,0,0,{}
1774248467,normal,sw-wk2,0.774777777777778,0.3672607394674434,0.0,0.0,16110.166666666666,6905.966666666666,0,0,0,0,0,0,{}
1774248476,normal,k3s-wk1,0.5588166945528905,0.665299838138727,281.3720022308979,143.47462353597322,17637.932236475182,111690.74177356386,0,57,3,0,51,0,"{""process_exit"": 57, ""process_exec"": 57, ""process_kprobe"": 51}"
1774248476,normal,sw-wk3,0.5648888888888879,0.3756274483666945,0.0,3.0,72059.86666666667,9377.070656654889,0,0,0,0,0,0,{}
1774248476,normal,sw-wk2,0.18916586851664674,0.3627564500469529,75833.27409248185,907.7683725505424,28317.232274598122,9676.606870130207,0,0,0,0,0,0,{}
1774248486,normal,k3s-wk1,0.5588166945528905,0.665299838138727,281.3720022308979,143.47462353597322,17637.932236475182,111690.74177356386,0,49,3,0,44,0,"{""process_exit"": 49, ""process_exec"": 49, ""process_kprobe"": 44}"
1774248486,normal,sw-wk3,0.22313213612681604,0.3748455626493392,0.0,1.870635184569338,48180.433155969404,7770.452278017958,0,0,0,0,0,0,{}
1774248486,normal,sw-wk2,0.18916586851664674,0.3627564500469529,94411.544188605,907.7683725505424,28317.232274598122,9676.606870130207,0,0,0,0,0,0,{}
1774248496,normal,k3s-wk1,0.47343011632133614,0.6680027898040557,280.3298800436205,142.92529989094874,13757.122410032714,9230.833333333334,0,41,3,0,38,0,"{""process_kprobe"": 38, ""process_exit"": 41, ""process_exec"": 41}"
1774248496,normal,sw-wk3,0.22313213612681604,0.3748455626493392,0.0,0.0,5208.7,5245.2,0,0,0,0,0,0,{}
1774248496,normal,sw-wk2,0.181111111111108,0.3627564500469529,124317.29874999999,1168.9333333333334,20353.933333333334,5554.6,0,0,0,0,0,0,{}
1774248506,transition,k3s-wk1,0.3917777777777751,0.6680027898040557,279.3333333333333,142.4,10046.033333333333,9230.833333333334,9,33,3,0,33,0,"{""process_exit"": 33, ""process_exec"": 33, ""process_kprobe"": 33}"
1774248506,transition,sw-wk3,0.1892222222222245,0.3748455626493392,0.0,0.0,5208.7,5245.2,9,0,0,0,0,0,{}
1774248506,transition,sw-wk2,0.0,0.3627564500469529,0.0,0.0,0.0,0.0,9,0,0,0,0,0,{}
1774248516,normal,k3s-wk1,0.3917777777777751,0.6680027898040557,279.3333333333333,142.4,10046.033333333333,9230.833333333334,0,15,2,0,15,0,"{""process_exit"": 15, ""process_exec"": 15, ""process_kprobe"": 15}"
1774248516,normal,sw-wk3,0.13799999999999824,0.3749510077969723,0.0,0.0,2893.2000000000007,4997.433333333333,0,0,0,0,0,0,{}
1774248516,normal,sw-wk2,0.19988888888889145,0.36963026627831097,0.0,0.0,5246.333333333333,5105.133333333333,0,0,0,0,0,0,{}
1774248526,normal,k3s-wk1,0.3313333333333377,0.6674869392428051,277.2,140.4,9681.966666666667,6191.166666666667,0,36,3,0,32,0,"{""process_exit"": 36, ""process_exec"": 36, ""process_kprobe"": 32}"
1774248526,normal,sw-wk3,0.13799999999999824,0.3749510077969723,0.0,0.0,2893.2,4997.433333333333,0,0,0,0,0,0,{}
1774248526,normal,sw-wk2,0.19988888888889145,0.36963026627831097,0.0,0.0,5246.333333333333,5105.133333333333,0,0,0,0,0,0,{}
1774248536,transition,k3s-wk1,0.3313333333333377,0.6674869392428051,277.2,140.4,9681.966666666667,6191.166666666667,10,12,2,0,10,0,"{""process_kprobe"": 10, ""process_exit"": 12, ""process_exec"": 12}"
1774248536,transition,sw-wk3,0.13799999999999824,0.3749510077969723,0.0,0.0,2893.2,4997.433333333333,10,0,0,0,0,0,{}
1774248536,transition,sw-wk2,0.0,0.36963026627831097,0.0,0.0,0.0,0.0,10,0,0,0,0,0,{}
1774248546,normal,k3s-wk1,0.3313333333333377,0.6674869392428051,277.2,140.4,9681.966666666667,6191.166666666667,0,33,3,0,30,0,"{""process_exit"": 33, ""process_exec"": 33, ""process_kprobe"": 30}"
1774248546,normal,sw-wk3,0.1093333333333324,0.37505844247569287,0.0,0.0,1776.4666666666667,4901.233333333334,0,0,0,0,0,0,{}
1774248546,normal,sw-wk2,0.08933333333333293,0.3694890098521384,0.0,0.0,500.7,4364.733333333334,0,0,0,0,0,0,{}
1774248556,normal,k3s-wk1,0.32400000000000084,0.6679751549525601,283.8,148.4,9651.666666666666,8756.966666666667,0,12,2,0,10,0,"{""process_exit"": 12, ""process_exec"": 12, ""process_kprobe"": 10}"
1774248556,normal,sw-wk3,0.1093333333333324,0.37505844247569287,0.0,0.0,1776.4666666666667,4901.233333333334,0,0,0,0,0,0,{}
1774248556,normal,sw-wk2,0.08933333333333293,0.3694890098521384,0.0,0.0,500.7,4364.733333333334,0,0,0,0,0,0,{}
1774248566,normal,k3s-wk1,0.32400000000000084,0.6679751549525601,283.8,148.4,9651.666666666666,8756.966666666667,0,15,2,0,15,0,"{""process_exit"": 15, ""process_exec"": 15, ""process_kprobe"": 15}"
1774248566,normal,sw-wk3,0.1093333333333324,0.37505844247569287,0.0,0.0,1776.4666666666667,4901.233333333334,0,0,0,0,0,0,{}
1774248566,normal,sw-wk2,0.20011111111110846,0.3723419917553996,0.0,0.0,5182.366666666667,4771.366666666667,0,0,0,0,0,0,{}
1774248576,normal,k3s-wk1,0.32400000000000084,0.6679751549525601,283.8,148.4,9651.666666666666,8756.966666666667,0,18,2,0,14,0,"{""process_exit"": 18, ""process_exec"": 18, ""process_kprobe"": 14}"
1774248576,normal,sw-wk3,0.10544444444444456,0.37517383527876313,0.0,0.0,3809.4333333333334,5080.166666666667,0,0,0,0,0,0,{}
1774248576,normal,sw-wk2,0.20011111111110846,0.3723419917553996,0.0,0.0,5182.366666666668,4771.366666666667,0,0,0,0,0,0,{}
1774248586,normal,k3s-wk1,0.3121181828279429,0.6677001223829138,277.10763078973673,140.35321559480175,8775.441519493503,3746.3512162612465,0,54,3,0,50,0,"{""process_exit"": 54, ""process_exec"": 54, ""process_kprobe"": 50}"
1774248586,normal,sw-wk3,0.10544444444444456,0.37517383527876313,0.0,0.0,3809.4333333333334,5080.166666666667,0,0,0,0,0,0,{}
1774248586,normal,sw-wk2,0.20011111111110846,0.3723419917553996,0.0,0.0,5182.366666666667,4771.366666666667,0,0,0,0,0,0,{}
1774248596,normal,k3s-wk1,0.3121181828279429,0.6677001223829138,277.1076307897368,140.35321559480175,8775.441519493503,3746.3512162612465,0,18,2,0,13,0,"{""process_exit"": 18, ""process_exec"": 18, ""process_kprobe"": 13}"
1774248596,normal,sw-wk3,0.10544444444444456,0.37517383527876313,0.0,0.0,3809.4333333333334,5080.166666666667,0,0,0,0,0,0,{}
1774248596,normal,sw-wk2,0.09177777777777762,0.37243748905760077,0.0,0.0,1884.9666666666667,4534.633333333333,0,0,0,0,0,0,{}
1774248606,normal,k3s-wk1,0.3121181828279429,0.6677001223829138,277.1076307897368,140.35321559480175,8775.441519493503,3746.3512162612465,0,54,3,0,53,0,"{""process_exit"": 54, ""process_exec"": 54, ""process_kprobe"": 53}"
1774248606,normal,sw-wk3,0.11488888888888793,0.3752613746466096,0.0,0.0,2835.5,4901.833333333333,0,0,0,0,0,0,{}
1774248606,normal,sw-wk2,0.09177777777777762,0.37243748905760077,0.0,0.0,1884.9666666666667,4534.633333333333,0,0,0,0,0,0,{}
1774248616,normal,k3s-wk1,0.34444814938313006,0.668609440591649,279.4264754918306,142.4474824941647,10482.394131377127,12010.37012337446,0,18,2,0,14,0,"{""process_exit"": 18, ""process_exec"": 18, ""process_kprobe"": 14}"
1774248616,normal,sw-wk3,0.11488888888888793,0.3752613746466096,0.0,0.0,2835.5,4901.833333333333,0,0,0,0,0,0,{}
1774248616,normal,sw-wk2,0.09177777777777762,0.37243748905760077,0.0,0.0,1884.9666666666667,4534.633333333333,0,0,0,0,0,0,{}
1774248626,normal,k3s-wk1,0.34444814938313006,0.668609440591649,279.4264754918306,142.44748249416472,10482.394131377127,12010.370123374456,0,33,3,0,34,0,"{""process_kprobe"": 34, ""process_exit"": 33, ""process_exec"": 33}"
1774248626,normal,sw-wk3,0.11488888888888793,0.3752613746466096,0.0,0.0,2835.5,4901.833333333333,0,0,0,0,0,0,{}
1774248626,normal,sw-wk2,0.21299382304582204,0.36659424787916406,0.0,0.0,6677.176376483136,4589.321423810159,0,0,0,0,0,0,{}
1774248636,normal,k3s-wk1,0.34444814938313006,0.668609440591649,279.4264754918306,142.44748249416472,10482.394131377127,12010.37012337446,0,18,2,0,14,0,"{""process_exit"": 18, ""process_exec"": 18, ""process_kprobe"": 14}"
1774248636,normal,sw-wk3,0.11300000000000088,0.3779492311457112,0.0,0.0,3969.866666666667,5074.733333333334,0,0,0,0,0,0,{}
1774248636,normal,sw-wk2,0.21299382304582204,0.36659424787916406,0.0,0.0,6677.176376483136,4589.321423810159,0,0,0,0,0,0,{}
1774248646,normal,k3s-wk1,0.30249608424700947,0.6687673540287666,279.26817076015595,142.36678108441362,9109.341153730795,3205.352084513613,0,12,2,0,10,0,"{""process_exit"": 12, ""process_exec"": 12, ""process_kprobe"": 10}"
1774248646,normal,sw-wk3,0.11300000000000054,0.3779492311457112,0.0,0.0,3969.866666666667,5074.733333333334,0,0,0,0,0,0,{}
1774248646,normal,sw-wk2,0.21299382304582204,0.36659424787916406,0.0,0.0,6677.176376483136,4589.321423810159,0,0,0,0,0,0,{}
1774248656,normal,k3s-wk1,0.30249608424700947,0.6687673540287666,279.26817076015595,142.36678108441362,9109.341153730797,3205.352084513613,0,15,2,0,11,0,"{""process_exit"": 15, ""process_exec"": 15, ""process_kprobe"": 11}"
1774248656,normal,sw-wk3,0.11300000000000088,0.3779492311457112,0.0,0.0,3969.866666666667,5074.733333333334,0,0,0,0,0,0,{}
1774248656,normal,sw-wk2,0.08954527270302126,0.36657634213500134,0.0,0.0,1511.0014668622482,4093.179090545406,0,0,0,0,0,0,{}
1774248666,normal,k3s-wk1,0.30249608424700947,0.6687673540287666,279.26817076015595,142.36678108441362,9109.341153730795,3205.352084513613,0,33,3,0,30,0,"{""process_exit"": 33, ""process_exec"": 33, ""process_kprobe"": 30}"
1774248666,normal,sw-wk3,0.1255555555555551,0.3780705925420438,0.0,0.0,1946.7000000000003,4881.333333333333,0,0,0,0,0,0,{}
1774248666,normal,sw-wk2,0.08954527270302126,0.36657634213500134,0.0,0.0,1511.0014668622482,4093.179090545406,0,0,0,0,0,0,{}
1774248676,normal,k3s-wk1,0.32784316340479425,0.6686502348962378,277.2646950955223,140.432767645784,9394.19197812823,8613.443136731905,0,33,3,0,30,0,"{""process_exit"": 33, ""process_exec"": 33, ""process_kprobe"": 30}"
1774248676,normal,sw-wk3,0.1255555555555551,0.3780705925420438,0.0,0.0,1946.7,4881.333333333333,0,0,0,0,0,0,{}
1774248676,normal,sw-wk2,0.08954527270302126,0.36657634213500134,0.0,0.0,1511.0014668622482,4093.179090545406,0,0,0,0,0,0,{}
1774248686,normal,k3s-wk1,0.32784316340479425,0.6686502348962378,277.2646950955223,140.43276764578403,9394.19197812823,8613.443136731905,0,78,3,0,75,0,"{""process_exit"": 78, ""process_exec"": 78, ""process_kprobe"": 75}"
1774248686,normal,sw-wk3,0.1255555555555551,0.3780705925420438,0.0,0.0,1946.7,4881.333333333333,0,0,0,0,0,0,{}
1774248686,normal,sw-wk2,0.19788888888889333,0.3654920498495917,0.0,0.0,4964.933333333333,4478.500000000001,0,0,0,0,0,0,{}
1774248696,normal,k3s-wk1,0.32784316340479425,0.6686502348962378,277.2646950955223,140.43276764578403,9394.19197812823,8613.443136731905,0,18,2,0,17,0,"{""process_exit"": 18, ""process_exec"": 18, ""process_kprobe"": 17}"
1774248696,normal,sw-wk3,0.10822222222222488,0.37829143049274716,4.466666666666667,6.0,2645.5666666666666,4904.333333333333,0,0,0,0,0,0,{}
1774248696,normal,sw-wk2,0.19788888888889333,0.3654920498495917,0.0,0.0,4964.933333333333,4478.5,0,0,0,0,0,0,{}
1774248706,normal,k3s-wk1,0.31788888888888767,0.6682988774986511,483.3666666666667,234.83333333333334,8857.833333333334,1366.4333333333334,0,57,3,0,53,0,"{""process_exit"": 57, ""process_exec"": 57, ""process_kprobe"": 53}"
1774248706,normal,sw-wk3,0.10822222222222488,0.37829143049274716,4.466666666666667,6.0,2645.5666666666666,4904.333333333333,0,0,0,0,0,0,{}
1774248706,normal,sw-wk2,0.19788888888889333,0.3654920498495917,0.0,0.0,4964.933333333333,4478.5,0,0,0,0,0,0,{}
1774248716,normal,k3s-wk1,0.3178888888888878,0.6682988774986511,483.3666666666667,234.83333333333334,8857.833333333334,1366.4333333333334,0,30,3,0,28,0,"{""process_kprobe"": 28, ""process_exit"": 30, ""process_exec"": 30}"
1774248716,normal,sw-wk3,0.10822222222222488,0.37829143049274716,4.466666666666667,6.0,2645.5666666666666,4904.333333333333,0,0,0,0,0,0,{}
1774248716,normal,sw-wk2,0.0831111111111088,0.3658441961514587,0.0,0.0,410.8666666666667,3996.4666666666676,0,0,0,0,0,0,{}
1774248726,normal,k3s-wk1,0.3178888888888878,0.6682988774986511,483.3666666666667,234.83333333333334,8857.833333333334,1366.4333333333334,0,57,3,0,52,0,"{""process_exit"": 57, ""process_exec"": 57, ""process_kprobe"": 52}"
1774248726,normal,sw-wk3,0.09855555555555184,0.37840682329581743,0.0,0.0,1956.1333333333332,4908.333333333333,0,0,0,0,0,0,{}
1774248726,normal,sw-wk2,0.0831111111111088,0.3658441961514587,0.0,0.0,410.8666666666667,3996.4666666666667,0,0,0,0,0,0,{}
1774248737,normal,k3s-wk1,0.3326666666666648,0.6696556171125527,279.2,142.4,9317.6,4152.166666666667,0,33,3,0,30,0,"{""process_exit"": 33, ""process_exec"": 33, ""process_kprobe"": 30}"
1774248737,normal,sw-wk3,0.09855555555555184,0.37840682329581743,0.0,0.0,1956.1333333333332,4908.333333333333,0,0,0,0,0,0,{}
1774248737,normal,sw-wk2,0.0831111111111088,0.3658441961514587,0.0,0.0,410.8666666666667,3996.4666666666667,0,0,0,0,0,0,{}
1774248746,normal,k3s-wk1,0.3326666666666648,0.6696556171125527,279.2,142.4,9317.6,4152.166666666667,0,54,3,0,53,0,"{""process_exit"": 55, ""process_exec"": 54, ""process_kprobe"": 53}"
1774248746,normal,sw-wk3,0.09855555555555184,0.37840682329581743,0.0,0.0,1956.1333333333332,4908.333333333333,0,0,0,0,0,0,{}
1774248746,normal,sw-wk2,0.24066666666666758,0.36739403778509927,0.0,0.0,5116.466666666668,4675.833333333333,0,0,0,0,0,0,{}
1774248756,normal,k3s-wk1,0.3326666666666648,0.6696556171125527,279.2,142.4,9317.6,4152.166666666667,0,36,3,0,32,0,"{""process_exit"": 36, ""process_exec"": 36, ""process_kprobe"": 32}"
1774248756,normal,sw-wk3,0.11466648926734424,0.37849436266366376,0.0,0.0,3942.5226184140492,5077.5678552421505,0,0,0,0,0,0,{}
1774248756,normal,sw-wk2,0.24066666666666758,0.36739403778509927,0.0,0.0,5116.466666666666,4675.833333333333,0,0,0,0,0,0,{}
1774248766,normal,k3s-wk1,0.3971111111111113,0.6780342408969483,285.80000000000007,150.4,9675.366666666667,9233.833333333334,0,36,3,0,32,0,"{""process_exit"": 36, ""process_exec"": 36, ""process_kprobe"": 32}"
1774248766,normal,sw-wk3,0.11466648926734424,0.37849436266366376,0.0,0.0,3942.52261841405,5077.5678552421505,0,0,0,0,0,0,{}
1774248766,normal,sw-wk2,0.24066666666666758,0.36739403778509927,0.0,0.0,5116.466666666666,4675.833333333333,0,0,0,0,0,0,{}
1774248776,normal,k3s-wk1,0.3971111111111113,0.6780342408969483,285.8,150.4,9675.366666666667,9233.833333333334,0,57,3,0,51,0,"{""process_exit"": 57, ""process_exec"": 57, ""process_kprobe"": 51}"
1774248776,normal,sw-wk3,0.11466648926734424,0.37849436266366376,0.0,0.0,3942.52261841405,5077.5678552421505,0,0,0,0,0,0,{}
1774248776,normal,sw-wk2,0.30355555555555236,0.3664669181428958,642.7,324.9,1944.1666666666667,4396.6,0,0,0,0,0,0,{}
1774248786,normal,k3s-wk1,0.3971111111111113,0.6780342408969483,285.8,150.4,9675.366666666667,9233.833333333334,0,36,3,0,35,0,"{""process_exit"": 36, ""process_exec"": 36, ""process_kprobe"": 35}"
1774248786,normal,sw-wk3,0.12891947265277004,0.378719179676542,0.0,0.0,2341.5285943345807,4949.358631747728,0,0,0,0,0,0,{}
1774248786,normal,sw-wk2,0.30355555555555236,0.3664669181428958,642.7,324.9,1944.1666666666667,4396.6,0,0,0,0,0,0,{}
1774248796,normal,k3s-wk1,0.3384444444444473,0.6839888934215894,283.2,147.0,9594.9,4175.8,0,60,3,0,54,0,"{""process_exit"": 60, ""process_exec"": 60, ""process_kprobe"": 54}"
1774248796,normal,sw-wk3,0.12891947265277004,0.378719179676542,0.0,0.0,2341.5285943345807,4949.358631747729,0,0,0,0,0,0,{}
1774248796,normal,sw-wk2,0.30355555555555236,0.3664669181428958,642.7,324.9,1944.1666666666667,4396.6,0,0,0,0,0,0,{}
1774248806,normal,k3s-wk1,0.3384444444444473,0.6839888934215894,283.2,147.0,9594.9,4175.8,0,12,2,0,14,0,"{""process_exit"": 12, ""process_kprobe"": 14, ""process_exec"": 12}"
1774248806,normal,sw-wk3,0.12891947265277004,0.378719179676542,0.0,0.0,2341.5285943345807,4949.358631747729,0,0,0,0,0,0,{}
1774248806,normal,sw-wk2,0.4421111111111182,0.37374460838147994,8.000000000000002,8.6,5084.7,4916.5,0,0,0,0,0,0,{}
1774248816,normal,k3s-wk1,0.3384444444444473,0.6839888934215894,283.2,147.0,9594.9,4175.8,0,18,2,0,14,0,"{""process_exit"": 18, ""process_exec"": 18, ""process_kprobe"": 14}"
1774248816,normal,sw-wk3,0.11133333333332807,0.3786933157724056,0.0,0.0,3338.0666666666666,4949.866666666667,0,0,0,0,0,0,{}
1774248816,normal,sw-wk2,0.44211111111111834,0.37374460838147994,8.0,8.6,5084.700000000001,4916.5,0,0,0,0,0,0,{}
1774248826,normal,k3s-wk1,0.3369551933695486,0.6837388638128199,277.17228277172285,140.38596140385962,9458.954104589542,6870.179648701796,0,36,3,0,32,0,"{""process_exit"": 36, ""process_exec"": 36, ""process_kprobe"": 32}"
1774248826,normal,sw-wk3,0.11133333333332784,0.3786933157724056,0.0,0.0,3338.0666666666666,4949.866666666667,0,0,0,0,0,0,{}
1774248826,normal,sw-wk2,0.44211111111111834,0.37374460838147994,8.0,8.6,5084.7,4916.5,0,0,0,0,0,0,{}
1774248836,normal,k3s-wk1,0.3369551933695486,0.6837388638128199,277.17228277172285,140.38596140385962,9458.954104589542,6870.179648701796,0,22,3,0,18,0,"{""process_exit"": 23, ""process_exec"": 22, ""process_kprobe"": 18}"
1774248836,normal,sw-wk3,0.11133333333332807,0.3786933157724056,0.0,0.0,3338.0666666666666,4949.866666666667,0,0,0,0,0,0,{}
1774248836,normal,sw-wk2,0.33577777777777806,0.3732134046379857,4.466666666666667,6.0,700.6666666666666,4260.7333333333345,0,0,0,0,0,0,{}
1774248846,normal,k3s-wk1,0.3369551933695486,0.6837388638128199,277.17228277172285,140.38596140385962,9458.954104589542,6870.179648701796,0,26,2,0,23,0,"{""process_exec"": 26, ""process_kprobe"": 23, ""process_exit"": 25}"
1774248846,normal,sw-wk3,0.10245300626583664,0.378524205629975,0.0,0.0,2039.3947473670178,4912.178376216505,0,0,0,0,0,0,{}
1774248846,normal,sw-wk2,0.33577777777777806,0.3732134046379857,4.466666666666667,6.0,700.6666666666666,4260.7333333333345,0,0,0,0,0,0,{}
1774248856,normal,k3s-wk1,0.32748830438599696,0.683730968140964,279.36126946027935,142.4142414241424,9955.528886221955,8927.026035936926,0,21,2,0,15,0,"{""process_exit"": 21, ""process_exec"": 21, ""process_kprobe"": 15}"
1774248856,normal,sw-wk3,0.10245300626583664,0.378524205629975,0.0,0.0,2039.3947473670178,4912.178376216505,0,0,0,0,0,0,{}
1774248856,normal,sw-wk2,0.33577777777777806,0.3732134046379857,4.466666666666667,6.0,700.6666666666666,4260.733333333334,0,0,0,0,0,0,{}
1774248866,normal,k3s-wk1,0.32748830438599696,0.683730968140964,279.36126946027935,142.4142414241424,9955.528886221955,8927.026035936926,0,57,3,0,55,0,"{""process_exit"": 57, ""process_exec"": 57, ""process_kprobe"": 55}"
1774248866,normal,sw-wk3,0.10245300626583664,0.378524205629975,0.0,0.0,2039.3947473670178,4912.178376216505,0,0,0,0,0,0,{}
1774248866,normal,sw-wk2,0.44711111111110613,0.37339246207961296,0.0,0.0,5172.9000000000015,5026.766666666666,0,0,0,0,0,0,{}
1774248876,normal,k3s-wk1,0.32748830438599696,0.683730968140964,279.36126946027935,142.4142414241424,9955.528886221955,8927.026035936926,0,33,3,0,32,0,"{""process_kprobe"": 32, ""process_exit"": 34, ""process_exec"": 33}"
1774248876,normal,sw-wk3,0.12110503622705082,0.3771315338687825,177.62368315775436,59.70796106147486,2759.4012535004667,4984.697959727963,0,0,0,0,0,0,{}
1774248876,normal,sw-wk2,0.44711111111110613,0.37339246207961296,0.0,0.0,5172.9,5026.766666666666,0,0,0,0,0,0,{}
1774248886,normal,k3s-wk1,0.3266666666666652,0.6797383900725086,279.33333333333337,142.4,9494.4,5684.166666666667,0,36,3,0,32,0,"{""process_exec"": 36, ""process_kprobe"": 32, ""process_exit"": 35}"
1774248886,normal,sw-wk3,0.12110503622705082,0.3771315338687825,177.62368315775436,59.70796106147486,2759.4012535004667,4984.697959727963,0,0,0,0,0,0,{}
1774248886,normal,sw-wk2,0.44711111111110613,0.37339246207961296,0.0,0.0,5172.9,5026.766666666666,0,0,0,0,0,0,{}
1774248896,normal,k3s-wk1,0.3266666666666652,0.6797383900725086,279.33333333333337,142.4,9494.4,5684.166666666667,0,12,2,0,10,0,"{""process_kprobe"": 10, ""process_exit"": 12, ""process_exec"": 12}"
1774248896,normal,sw-wk3,0.12110503622705082,0.3771315338687825,177.62368315775436,59.70796106147486,2759.4012535004667,4984.697959727963,0,0,0,0,0,0,{}
1774248896,normal,sw-wk2,0.2846666666666705,0.3701753967117095,0.0,0.0,3441.4333333333334,4336.233333333334,0,0,0,0,0,0,{}
1774248906,normal,k3s-wk1,0.3266666666666652,0.6797383900725086,279.3333333333333,142.4,9494.4,5684.166666666667,0,58,3,0,52,0,"{""process_exit"": 58, ""process_exec"": 58, ""process_kprobe"": 52}"
1774248906,normal,sw-wk3,0.11922222222222245,0.3773543613505733,0.0,0.0,4899.766666666666,5104.333333333334,0,0,0,0,0,0,{}
1774248906,normal,sw-wk2,0.2846666666666705,0.3701753967117095,0.0,0.0,3441.4333333333334,4336.233333333334,0,0,0,0,0,0,{}
1774248916,normal,k3s-wk1,0.3275555555555557,0.6808727349291364,279.33333333333337,142.4,9426.066666666666,5867.933333333333,0,56,3,0,52,0,"{""process_kprobe"": 52, ""process_exit"": 56, ""process_exec"": 56}"
1774248916,normal,sw-wk3,0.11922222222222245,0.3773543613505733,0.0,0.0,4899.766666666666,5104.333333333333,0,0,0,0,0,0,{}
1774248916,normal,sw-wk2,0.2846666666666705,0.3701753967117095,0.0,0.0,3441.4333333333334,4336.233333333334,0,0,0,0,0,0,{}
1774248926,normal,k3s-wk1,0.3275555555555557,0.6808727349291364,279.3333333333333,142.4,9426.066666666666,5867.933333333333,0,33,3,0,33,0,"{""process_exit"": 33, ""process_exec"": 33, ""process_kprobe"": 33}"
1774248926,normal,sw-wk3,0.11922222222222245,0.3773543613505733,0.0,0.0,4899.766666666666,5104.333333333333,0,0,0,0,0,0,{}
1774248926,normal,sw-wk2,0.19977777777777295,0.3653667096404527,0.0,0.0,4943.366666666667,4575.933333333333,0,0,0,0,0,0,{}
1774248936,normal,k3s-wk1,0.3275555555555557,0.6808727349291364,279.3333333333333,142.4,9426.066666666666,5867.933333333333,0,12,2,0,10,0,"{""process_exit"": 12, ""process_exec"": 12, ""process_kprobe"": 10}"
1774248936,normal,sw-wk3,0.10811111111111127,0.37738221478579714,0.0,0.0,2697.1,4906.5,0,0,0,0,0,0,{}
1774248936,normal,sw-wk2,0.19977777777777295,0.3653667096404527,0.0,0.0,4943.366666666667,4575.933333333333,0,0,0,0,0,0,{}
1774248946,normal,k3s-wk1,0.33922222222222187,0.6850863918095564,277.2,140.4,9252.300000000001,7572.033333333333,0,18,2,0,13,0,"{""process_exit"": 18, ""process_exec"": 18, ""process_kprobe"": 13}"
1774248946,normal,sw-wk3,0.10811111111111127,0.37738221478579714,0.0,0.0,2697.1,4906.5,0,0,0,0,0,0,{}
1774248946,normal,sw-wk2,0.19977777777777295,0.3653667096404527,0.0,0.0,4943.366666666667,4575.933333333333,0,0,0,0,0,0,{}
1774248956,normal,k3s-wk1,0.33922222222222187,0.6850863918095564,277.2,140.4,9252.3,7572.033333333333,0,33,3,0,29,0,"{""process_exit"": 33, ""process_exec"": 33, ""process_kprobe"": 29}"
1774248956,normal,sw-wk3,0.10811111111111127,0.37738221478579714,0.0,0.0,2697.1,4906.5,0,0,0,0,0,0,{}
1774248956,normal,sw-wk2,0.0875555555555515,0.36594964108930594,0.0,0.0,1536.9,4130.1,0,0,0,0,0,0,{}
1774248966,normal,k3s-wk1,0.33922222222222187,0.6850863918095564,277.2,140.4,9252.3,7572.033333333333,0,39,3,0,36,0,"{""process_exit"": 39, ""process_exec"": 39, ""process_kprobe"": 36}"
1774248966,normal,sw-wk3,0.1135555555555533,0.377614989923025,0.0,0.0,2530.4,4912.566666666667,0,0,0,0,0,0,{}
1774248966,normal,sw-wk2,0.08755555555555172,0.36594964108930594,0.0,0.0,1536.9,4130.1,0,0,0,0,0,0,{}
1774248976,normal,k3s-wk1,0.3334444444444443,0.6820768248871577,279.3333333333333,142.4,9549.6,8913.5,0,33,3,0,30,0,"{""process_exit"": 33, ""process_exec"": 33, ""process_kprobe"": 30}"
1774248976,normal,sw-wk3,0.1135555555555533,0.377614989923025,0.0,0.0,2530.4,4912.566666666667,0,0,0,0,0,0,{}
1774248976,normal,sw-wk2,0.08755555555555172,0.36594964108930594,0.0,0.0,1536.9,4130.1,0,0,0,0,0,0,{}
1774248986,normal,k3s-wk1,0.3334444444444443,0.6820768248871577,279.3333333333333,142.4,9549.6,8913.5,0,18,2,0,18,0,"{""process_exit"": 18, ""process_exec"": 18, ""process_kprobe"": 18}"
1774248986,normal,sw-wk3,0.1135555555555533,0.377614989923025,0.0,0.0,2530.4,4912.566666666667,0,0,0,0,0,0,{}
1774248986,normal,sw-wk2,0.20300000000000484,0.3657606360120327,0.0,0.0,5115.6,4583.233333333334,0,0,0,0,0,0,{}
1774248996,normal,k3s-wk1,0.3334444444444443,0.6820768248871577,279.3333333333333,142.4,9549.6,8913.5,0,18,2,0,14,0,"{""process_exit"": 18, ""process_exec"": 18, ""process_kprobe"": 14}"
1774248996,normal,sw-wk3,0.13055555555555554,0.37783184881155363,0.0,0.0,2833.4333333333334,5067.433333333333,0,0,0,0,0,0,{}
1774248996,normal,sw-wk2,0.20300000000000484,0.3657606360120327,0.0,0.0,5115.600000000001,4583.233333333334,0,0,0,0,0,0,{}
1774249006,normal,k3s-wk1,0.2896666666666685,0.682363700964588,283.8,148.4,8900.433333333332,1333.1333333333332,0,30,3,0,28,0,"{""process_exit"": 30, ""process_exec"": 30, ""process_kprobe"": 28}"
1774249006,normal,sw-wk3,0.13055555555555554,0.37783184881155363,0.0,0.0,2833.4333333333334,5067.433333333333,0,0,0,0,0,0,{}
1774249006,normal,sw-wk2,0.20300000000000484,0.3657606360120327,0.0,0.0,5115.6,4583.233333333334,0,0,0,0,0,0,{}
1774249016,normal,k3s-wk1,0.2896666666666685,0.682363700964588,283.8,148.4,8900.433333333332,1333.1333333333332,0,12,2,0,9,0,"{""process_exit"": 12, ""process_exec"": 12, ""process_kprobe"": 9}"
1774249016,normal,sw-wk3,0.13055555555555554,0.37783184881155363,0.0,0.0,2833.4333333333334,5067.433333333333,0,0,0,0,0,0,{}
1774249016,normal,sw-wk2,0.08430523158946945,0.36611676136815796,0.0,0.0,351.4161946017994,3967.7107630789737,0,0,0,0,0,0,{}
1774249026,normal,k3s-wk1,0.2896666666666685,0.682363700964588,283.8,148.4,8900.433333333332,1333.1333333333332,0,42,3,0,36,0,"{""process_exit"": 42, ""process_exec"": 42, ""process_kprobe"": 36}"
1774249026,normal,sw-wk3,0.10366666666666591,0.3778179220939417,0.0,0.0,1962.4666666666667,4853.066666666667,0,0,0,0,0,0,{}
1774249026,normal,sw-wk2,0.08430523158946945,0.36611676136815796,0.0,0.0,351.4161946017994,3967.7107630789737,0,0,0,0,0,0,{}
1774249036,normal,k3s-wk1,0.3292222222222234,0.6817675777394692,279.3333333333333,142.4,9377.9,8618.2,0,36,3,0,31,0,"{""process_exit"": 36, ""process_exec"": 36, ""process_kprobe"": 31}"
1774249036,normal,sw-wk3,0.10366666666666591,0.3778179220939417,0.0,0.0,1962.4666666666667,4853.066666666667,0,0,0,0,0,0,{}
1774249036,normal,sw-wk2,0.08430523158946945,0.36611676136815796,0.0,0.0,351.4161946017994,3967.7107630789737,0,0,0,0,0,0,{}
1774249046,normal,k3s-wk1,0.3292222222222234,0.6817675777394692,279.3333333333333,142.4,9377.9,8618.2,0,39,3,0,37,0,"{""process_exit"": 40, ""process_exec"": 39, ""process_kprobe"": 37}"
1774249046,normal,sw-wk3,0.10366666666666591,0.3778179220939417,0.0,0.0,1962.4666666666667,4853.066666666667,0,0,0,0,0,0,{}
1774249046,normal,sw-wk2,0.1982883183283305,0.3702231453628102,0.0,0.0,4964.121373791264,4495.531843947983,0,0,0,0,0,0,{}
1774249056,normal,k3s-wk1,0.3292222222222234,0.6817675777394692,279.3333333333333,142.4,9377.9,8618.2,0,33,3,0,32,0,"{""process_exit"": 33, ""process_exec"": 33, ""process_kprobe"": 32}"
1774249056,normal,sw-wk3,0.10938175529615568,0.3779353044280993,0.0,0.0,2716.219362133759,4929.728291595996,0,0,0,0,0,0,{}
1774249056,normal,sw-wk2,0.1982883183283306,0.3702231453628102,0.0,0.0,4964.121373791264,4495.531843947983,0,0,0,0,0,0,{}
1774249070,normal,k3s-wk1,0.35027234093493853,0.680202918766696,248.87771592745554,130.72364876997665,8076.883940863111,1265.2780271742383,0,33,3,0,30,0,"{""process_exit"": 33, ""process_exec"": 33, ""process_kprobe"": 30}"
1774249070,normal,sw-wk3,0.10938175529615568,0.3779353044280993,0.0,0.0,2716.219362133759,4929.728291595996,0,0,0,0,0,0,{}
1774249070,normal,sw-wk2,0.1982883183283305,0.3702231453628102,0.0,0.0,4964.121373791264,4495.531843947983,0,0,0,0,0,0,{}
1774249078,normal,k3s-wk1,0.35027234093493875,0.680202918766696,248.87771592745554,130.72364876997668,8076.883940863111,1265.2780271742386,0,12,2,0,10,0,"{""process_exit"": 12, ""process_exec"": 12, ""process_kprobe"": 10}"
1774249078,normal,sw-wk3,0.10938175529615568,0.3779353044280993,0.0,0.0,2716.219362133759,4929.728291595996,0,0,0,0,0,0,{}
1774249078,normal,sw-wk2,0.1365555555555602,0.37277570866956344,593.2333333333333,287.96666666666664,2005.3,4300.333333333333,0,0,0,0,0,0,{}
1774249088,normal,k3s-wk1,0.35027234093493875,0.680202918766696,248.87771592745554,130.72364876997665,8076.883940863111,1265.2780271742383,0,36,3,0,32,0,"{""process_exit"": 36, ""process_exec"": 36, ""process_kprobe"": 32}"
1774249088,normal,sw-wk3,0.11741449778936008,0.37840483376473,0.0,0.0,3706.7254685777284,5053.623333667435,0,0,0,0,0,0,{}
1774249088,normal,sw-wk2,0.1365555555555602,0.37277570866956344,593.2333333333333,287.96666666666664,2005.3,4300.333333333333,0,0,0,0,0,0,{}
1774249099,normal,k3s-wk1,0.37373053486797214,0.6742574778592202,315.2034905589408,154.81832543443917,11499.849544873243,13821.597833446176,0,36,3,0,32,0,"{""process_exit"": 36, ""process_exec"": 36, ""process_kprobe"": 32}"
1774249099,normal,sw-wk3,0.11741449778936008,0.37840483376473,0.0,0.0,3706.7254685777284,5053.623333667435,0,0,0,0,0,0,{}
1774249099,normal,sw-wk2,0.1365555555555602,0.37277570866956344,593.2333333333333,287.96666666666664,2005.3,4300.333333333333,0,0,0,0,0,0,{}
1774249108,normal,k3s-wk1,0.37373053486797214,0.6742574778592202,315.20349055894076,154.81832543443917,11499.84954487324,13821.597833446176,0,12,2,0,13,0,"{""process_exit"": 12, ""process_kprobe"": 13, ""process_exec"": 12}"
1774249108,normal,sw-wk3,0.11741449778936008,0.37840483376473,0.0,0.0,3706.7254685777284,5053.623333667435,0,0,0,0,0,0,{}
1774249108,normal,sw-wk2,0.24299999999999367,0.370708589982333,6.0,6.6,5145.966666666666,4922.9,0,0,0,0,0,0,{}
1774249118,normal,k3s-wk1,0.37373053486797214,0.6742574778592202,315.2034905589408,154.81832543443917,11499.849544873243,13821.597833446176,0,54,3,0,50,0,"{""process_exit"": 54, ""process_exec"": 54, ""process_kprobe"": 50}"
1774249118,normal,sw-wk3,0.10811111111111138,0.37850629985018835,4.466666666666667,6.0,3354.7999999999997,5018.300000000001,0,0,0,0,0,0,{}
1774249118,normal,sw-wk2,0.24299999999999367,0.370708589982333,6.0,6.6,5145.966666666666,4922.9,0,0,0,0,0,0,{}
1774249128,normal,k3s-wk1,0.3415555555555556,0.6751444249976971,279.3333333333333,142.4,9250.5,2343.5666666666666,0,33,3,0,29,0,"{""process_exit"": 33, ""process_exec"": 33, ""process_kprobe"": 29}"
1774249128,normal,sw-wk3,0.10811111111111138,0.37850629985018835,4.466666666666667,6.0,3354.7999999999997,5018.3,0,0,0,0,0,0,{}
1774249128,normal,sw-wk2,0.24299999999999367,0.370708589982333,6.0,6.6,5145.966666666666,4922.9,0,0,0,0,0,0,{}
1774249139,normal,k3s-wk1,0.3415555555555556,0.6751444249976971,279.3333333333333,142.4,9250.5,2343.5666666666666,0,57,3,0,51,0,"{""process_exit"": 57, ""process_exec"": 57, ""process_kprobe"": 51}"
1774249139,normal,sw-wk3,0.10811111111111138,0.37850629985018835,4.466666666666667,6.0,3354.7999999999997,5018.3,0,0,0,0,0,0,{}
1774249139,normal,sw-wk2,0.1332222222222299,0.3721191647169301,0.0,0.0,691.2,4243.233333333334,0,0,0,0,0,0,{}
1774249149,normal,k3s-wk1,0.3415555555555556,0.6751444249976971,279.3333333333333,142.4,9250.5,2343.5666666666666,0,60,3,0,56,0,"{""process_exit"": 60, ""process_exec"": 60, ""process_kprobe"": 56}"
1774249149,normal,sw-wk3,0.11577777777777332,0.3785023207880135,0.0,0.0,2007.0,4942.466666666666,0,0,0,0,0,0,{}
1774249149,normal,sw-wk2,0.1332222222222299,0.3721191647169301,0.0,0.0,691.2,4243.233333333334,0,0,0,0,0,0,{}
1774249159,normal,k3s-wk1,0.3211111111111097,0.6777644721085392,279.3333333333333,142.4,9819.433333333332,4941.533333333333,0,30,3,0,29,0,"{""process_exit"": 30, ""process_exec"": 30, ""process_kprobe"": 29}"
1774249159,normal,sw-wk3,0.11577777777777354,0.3785023207880135,0.0,0.0,2007.0,4942.466666666666,0,0,0,0,0,0,{}
1774249159,normal,sw-wk2,0.1332222222222299,0.3721191647169301,0.0,0.0,691.2,4243.233333333334,0,0,0,0,0,0,{}
1774249168,normal,k3s-wk1,0.3211111111111097,0.6777644721085392,279.3333333333333,142.4,9819.433333333332,4941.533333333333,0,78,3,0,75,0,"{""process_exit"": 78, ""process_exec"": 78, ""process_kprobe"": 75}"
1774249168,normal,sw-wk3,0.11577777777777354,0.3785023207880135,0.0,0.0,2007.0,4942.466666666666,0,0,0,0,0,0,{}
1774249168,normal,sw-wk2,0.24700000000000033,0.378752248165656,0.0,0.0,5569.933333333333,5103.533333333333,0,0,0,0,0,0,{}
1774249179,normal,k3s-wk1,0.3211111111111097,0.6777644721085392,279.3333333333333,142.4,9819.433333333332,4941.533333333333,0,84,3,0,76,0,"{""process_exit"": 84, ""process_exec"": 84, ""process_kprobe"": 76}"
1774249179,normal,sw-wk3,0.13433333333333497,0.3780725820731312,0.0,0.0,3301.5000000000005,5122.666666666667,0,0,0,0,0,0,{}
1774249179,normal,sw-wk2,0.24700000000000033,0.378752248165656,0.0,0.0,5569.933333333333,5103.533333333333,0,0,0,0,0,0,{}
1774249189,normal,k3s-wk1,0.34769101036326966,0.678933031543209,278.94281339458087,142.20091871380066,9693.429199121229,7985.919712402637,0,12,2,0,10,0,"{""process_exit"": 12, ""process_exec"": 12, ""process_kprobe"": 10}"
1774249189,normal,sw-wk3,0.13433333333333497,0.3780725820731312,0.0,0.0,3301.5,5122.666666666667,0,0,0,0,0,0,{}
1774249189,normal,sw-wk2,0.24700000000000033,0.378752248165656,0.0,0.0,5569.933333333333,5103.533333333333,0,0,0,0,0,0,{}
1774249204,normal,k3s-wk1,0.34769101036326955,0.678933031543209,278.94281339458087,142.20091871380066,9693.429199121229,0.0,0,57,3,0,51,0,"{""process_exit"": 57, ""process_exec"": 57, ""process_kprobe"": 51}"
1774249204,normal,sw-wk3,0.13433333333333497,0.3780725820731312,0.0,0.0,3301.5,0.0,0,0,0,0,0,0,{}
1774249204,normal,sw-wk2,0.15744444444444017,0.3804353881169523,0.0,0.0,1747.8,0.0,0,0,0,0,0,0,{}
1774249209,normal,k3s-wk1,0.34769101036326966,0.678933031543209,278.94281339458087,142.20091871380066,9693.429199121229,7985.919712402635,0,12,2,0,10,0,"{""process_exit"": 12, ""process_exec"": 12, ""process_kprobe"": 10}"
1774249209,normal,sw-wk3,0.12577777777777455,0.37828546189948487,0.0,0.0,4376.066666666667,5203.533333333333,0,0,0,0,0,0,{}
1774249209,normal,sw-wk2,0.15744444444444017,0.3804353881169523,0.0,0.0,1747.8,4364.166666666667,0,0,0,0,0,0,{}
1774249219,normal,k3s-wk1,0.32672408037919765,0.6783763866773698,396.6886975098471,210.22765204619802,10041.59156151946,8864.209893851392,0,9,2,0,7,0,"{""process_exit"": 9, ""process_exec"": 9, ""process_kprobe"": 7}"
1774249219,normal,sw-wk3,0.12577777777777455,0.37828546189948487,0.0,0.0,4376.066666666667,5203.533333333333,0,0,0,0,0,0,{}
1774249219,normal,sw-wk2,0.15744444444444017,0.3804353881169523,0.0,0.0,1747.8,4364.166666666667,0,0,0,0,0,0,{}
1774249229,normal,k3s-wk1,0.32672408037919765,0.6783763866773698,396.6886975098471,210.22765204619802,10041.59156151946,8864.209893851392,0,12,2,0,13,0,"{""process_kprobe"": 13, ""process_exit"": 12, ""process_exec"": 12}"
1774249229,normal,sw-wk3,0.12577777777777455,0.37828546189948487,0.0,0.0,4376.066666666667,5203.533333333333,0,0,0,0,0,0,{}
1774249229,normal,sw-wk2,0.2858888888888891,0.3808909898295373,0.0,0.0,6833.066666666667,4896.700000000001,0,0,0,0,0,0,{}
1774249239,normal,k3s-wk1,0.32672408037919765,0.6783763866773698,396.6886975098471,210.22765204619802,10041.59156151946,8864.209893851392,0,15,2,0,14,0,"{""process_exit"": 15, ""process_exec"": 15, ""process_kprobe"": 14}"
1774249239,normal,sw-wk3,0.1380000000000059,0.37851226844345054,0.0,0.0,3551.9666666666667,5012.833333333333,0,0,0,0,0,0,{}
1774249239,normal,sw-wk2,0.2858888888888891,0.3808909898295373,0.0,0.0,6833.066666666667,4896.7,0,0,0,0,0,0,{}
1774249249,normal,k3s-wk1,0.31166666666666865,0.6778131620849838,572.7333333333333,302.6,9331.5,7541.433333333333,0,60,3,0,55,0,"{""process_exit"": 60, ""process_exec"": 60, ""process_kprobe"": 55}"
1774249249,normal,sw-wk3,0.1380000000000059,0.37851226844345054,0.0,0.0,3551.9666666666667,5012.833333333333,0,0,0,0,0,0,{}
1774249249,normal,sw-wk2,0.2858888888888891,0.3808909898295373,0.0,0.0,6833.066666666667,4896.7,0,0,0,0,0,0,{}
1774249259,normal,k3s-wk1,0.31166666666666865,0.6778131620849838,572.7333333333333,302.6,9331.5,7541.433333333333,0,9,2,0,7,0,"{""process_exit"": 9, ""process_exec"": 9, ""process_kprobe"": 7}"
1774249259,normal,sw-wk3,0.1380000000000059,0.37851226844345054,0.0,0.0,3551.9666666666667,5012.833333333333,0,0,0,0,0,0,{}
1774249259,normal,sw-wk2,0.09766666666666624,0.3809466965891547,0.0,0.0,1524.4,4121.1,0,0,0,0,0,0,{}
1774249269,normal,k3s-wk1,0.31166666666666865,0.6778131620849838,572.7333333333333,302.6,9331.5,7541.433333333333,0,39,3,0,34,0,"{""process_exit"": 39, ""process_exec"": 39, ""process_kprobe"": 34}"
1774249269,normal,sw-wk3,0.1431111111111124,0.37874703311176594,0.0,0.0,2548.4666666666667,4964.3,0,0,0,0,0,0,{}
1774249269,normal,sw-wk2,0.09766666666666624,0.3809466965891547,0.0,0.0,1524.4,4121.1,0,0,0,0,0,0,{}
1774249279,normal,k3s-wk1,0.3118888888888881,0.6752681238567726,577.2,308.6,9250.833333333334,4129.8,0,33,3,0,30,0,"{""process_exit"": 33, ""process_exec"": 33, ""process_kprobe"": 30}"
1774249279,normal,sw-wk3,0.1431111111111124,0.37874703311176594,0.0,0.0,2548.4666666666667,4964.3,0,0,0,0,0,0,{}
1774249279,normal,sw-wk2,0.09766666666666624,0.3809466965891547,0.0,0.0,1524.4,4121.1,0,0,0,0,0,0,{}
1774249290,normal,k3s-wk1,0.3118888888888881,0.6752681238567726,577.2,308.6,9250.833333333334,4129.8,0,54,3,0,53,0,"{""process_kprobe"": 53, ""process_exit"": 54, ""process_exec"": 54}"
1774249290,normal,sw-wk3,0.1431111111111124,0.37874703311176594,0.0,0.0,2548.4666666666667,4964.3,0,0,0,0,0,0,{}
1774249290,normal,sw-wk2,0.23977777777778198,0.37837622753823874,0.0,0.0,5139.5,4722.1,0,0,0,0,0,0,{}
1774249299,normal,k3s-wk1,0.3118888888888881,0.6752681238567726,577.2,308.6,9250.833333333334,4129.8,0,57,3,0,52,0,"{""process_exit"": 57, ""process_exec"": 57, ""process_kprobe"": 52}"
1774249299,normal,sw-wk3,0.13411111111111296,0.37894996528268254,0.0,0.0,2755.3333333333335,5012.166666666667,0,0,0,0,0,0,{}
1774249299,normal,sw-wk2,0.23977777777778198,0.37837622753823874,0.0,0.0,5139.5,4722.1,0,0,0,0,0,0,{}
1774249309,normal,k3s-wk1,0.340222222222221,0.6712860733507915,769.7333333333333,395.0333333333333,9319.7,6147.2,0,36,3,0,32,0,"{""process_kprobe"": 32, ""process_exit"": 36, ""process_exec"": 36}"
1774249309,normal,sw-wk3,0.13411111111111296,0.37894996528268254,0.0,0.0,2755.3333333333335,5012.166666666667,0,0,0,0,0,0,{}
1774249309,normal,sw-wk2,0.23977777777778198,0.37837622753823874,0.0,0.0,5139.5,4722.1,0,0,0,0,0,0,{}
1774249319,normal,k3s-wk1,0.340222222222221,0.6712860733507915,769.7333333333333,395.0333333333333,9319.7,6147.2,0,18,2,0,13,0,"{""process_exit"": 18, ""process_exec"": 18, ""process_kprobe"": 13}"
1774249319,normal,sw-wk3,0.13411111111111296,0.37894996528268254,0.0,0.0,2755.3333333333335,5012.166666666667,0,0,0,0,0,0,{}
1774249319,normal,sw-wk2,0.08877777777777518,0.3784856515303443,0.0,0.0,337.2,3981.5333333333333,0,0,0,0,0,0,{}
1774249329,normal,k3s-wk1,0.340222222222221,0.6712860733507915,769.7333333333333,395.0333333333333,9319.7,6147.2,0,15,2,0,15,0,"{""process_kprobe"": 15, ""process_exit"": 15, ""process_exec"": 15}"
1774249329,normal,sw-wk3,0.12399999999999334,0.3790394941816163,0.0,0.0,1981.5666666666666,4874.166666666667,0,0,0,0,0,0,{}
1774249329,normal,sw-wk2,0.0887777777777754,0.3784856515303443,0.0,0.0,337.2,3981.5333333333333,0,0,0,0,0,0,{}
1774249339,normal,k3s-wk1,0.31799999999999873,0.6712742298430077,574.7333333333333,304.6,9331.0,8593.633333333333,0,60,3,0,55,0,"{""process_exit"": 60, ""process_exec"": 60, ""process_kprobe"": 55}"
1774249339,normal,sw-wk3,0.12399999999999334,0.3790394941816163,0.0,0.0,1981.5666666666666,4874.166666666667,0,0,0,0,0,0,{}
1774249339,normal,sw-wk2,0.0887777777777754,0.3784856515303443,0.0,0.0,337.2,3981.5333333333333,0,0,0,0,0,0,{}
1774249349,normal,k3s-wk1,0.31799999999999873,0.6712742298430077,574.7333333333333,304.6,9331.0,8593.633333333333,0,60,3,0,57,0,"{""process_kprobe"": 57, ""process_exit"": 61, ""process_exec"": 60}"
1774249349,normal,sw-wk3,0.12399999999999334,0.3790394941816163,0.0,0.0,1981.5666666666666,4874.166666666667,0,0,0,0,0,0,{}
1774249349,normal,sw-wk2,0.24255555555555475,0.3741942415126772,0.0,0.0,4901.733333333334,4387.3,0,0,0,0,0,0,{}
1774249359,normal,k3s-wk1,0.31799999999999873,0.6712742298430077,574.7333333333333,304.6,9331.0,8593.633333333333,0,15,2,0,12,0,"{""process_exit"": 15, ""process_exec"": 15, ""process_kprobe"": 12}"
1774249359,normal,sw-wk3,0.13475319134753072,0.3790176093396548,0.0,0.0,2598.440155984402,4874.2125787421255,0,0,0,0,0,0,{}
1774249359,normal,sw-wk2,0.24255555555555475,0.3741942415126772,0.0,0.0,4901.733333333334,4387.3,0,0,0,0,0,0,{}
1774249369,normal,k3s-wk1,0.346888888888889,0.671061046702899,572.6,302.6,9189.000000000002,4576.433333333333,0,78,3,0,72,0,"{""process_exit"": 78, ""process_exec"": 78, ""process_kprobe"": 72}"
1774249369,normal,sw-wk3,0.13475319134753072,0.3790176093396548,0.0,0.0,2598.440155984402,4874.2125787421255,0,0,0,0,0,0,{}
1774249369,normal,sw-wk2,0.24255555555555475,0.3741942415126772,0.0,0.0,4901.733333333334,4387.3,0,0,0,0,0,0,{}
1774249379,normal,k3s-wk1,0.34688888888888914,0.671061046702899,572.6,302.6,9189.0,4576.433333333333,0,54,3,0,49,0,"{""process_exit"": 54, ""process_exec"": 54, ""process_kprobe"": 49}"
1774249379,normal,sw-wk3,0.13475319134753072,0.3790176093396548,0.0,0.0,2598.440155984402,4874.2125787421255,0,0,0,0,0,0,{}
1774249379,normal,sw-wk2,0.15422222222222348,0.392010456954591,0.0,0.0,2011.6,4358.7,0,0,0,0,0,0,{}
1774249389,normal,k3s-wk1,0.34688888888888914,0.671061046702899,572.6,302.6,9189.0,4576.433333333333,0,36,3,0,32,0,"{""process_exit"": 36, ""process_exec"": 36, ""process_kprobe"": 32}"
1774249389,normal,sw-wk3,0.14335878032248017,0.37911310683185084,4.467113378004467,6.0006000600060005,3624.129079574624,4951.861852851952,0,0,0,0,0,0,{}
1774249389,normal,sw-wk2,0.15422222222222348,0.392010456954591,0.0,0.0,2011.6,4358.7,0,0,0,0,0,0,{}
1774249399,normal,k3s-wk1,0.31755555555555726,0.6659328078325064,578.7333333333333,309.2,9549.066666666666,4076.2999999999997,0,33,3,0,29,0,"{""process_exit"": 33, ""process_exec"": 33, ""process_kprobe"": 29}"
1774249399,normal,sw-wk3,0.14335878032248017,0.37911310683185084,4.467113378004467,6.0006000600060005,3624.129079574624,4951.861852851952,0,0,0,0,0,0,{}
1774249399,normal,sw-wk2,0.15422222222222348,0.392010456954591,0.0,0.0,2011.6,4358.7,0,0,0,0,0,0,{}
1774249409,normal,k3s-wk1,0.31755555555555726,0.6659328078325064,578.7333333333333,309.2,9549.066666666666,4076.2999999999997,0,36,3,0,36,0,"{""process_kprobe"": 36, ""process_exit"": 36, ""process_exec"": 36}"
1774249409,normal,sw-wk3,0.14335878032248017,0.37911310683185084,4.467113378004467,6.0006000600060005,3624.129079574624,4951.861852851952,0,0,0,0,0,0,{}
1774249409,normal,sw-wk2,0.2350000000000011,0.44895868150058094,4.466666666666667,6.0,5028.0,4952.8,0,0,0,0,0,0,{}
1774249419,normal,k3s-wk1,0.31755555555555726,0.6659328078325064,578.7333333333333,309.2,9549.066666666666,4076.2999999999997,0,24,3,0,20,0,"{""process_exit"": 24, ""process_exec"": 24, ""process_kprobe"": 20}"
1774249419,normal,sw-wk3,0.13422222222222135,0.3809733183985866,0.0,0.0,2685.733333333333,4933.466666666666,0,0,0,0,0,0,{}
1774249419,normal,sw-wk2,0.2350000000000011,0.44895868150058094,4.466666666666667,6.0,5028.0,4952.8,0,0,0,0,0,0,{}
1774249429,normal,k3s-wk1,0.31133333333333313,0.6638628258609572,570.6,300.6000000000001,9582.233333333334,7066.3,0,54,3,0,50,0,"{""process_kprobe"": 50, ""process_exit"": 54, ""process_exec"": 54}"
1774249429,normal,sw-wk3,0.13422222222222135,0.3809733183985866,0.0,0.0,2685.733333333333,4933.466666666666,0,0,0,0,0,0,{}
1774249429,normal,sw-wk2,0.2350000000000011,0.44895868150058094,4.466666666666667,6.0,5028.0,4952.8,0,0,0,0,0,0,{}
1774249439,normal,k3s-wk1,0.31133333333333313,0.6638628258609572,570.6,300.6,9582.233333333334,7066.3,0,12,2,0,9,0,"{""process_exit"": 12, ""process_exec"": 12, ""process_kprobe"": 9}"
1774249439,normal,sw-wk3,0.13422222222222135,0.3809733183985866,0.0,0.0,2685.733333333333,4933.466666666666,0,0,0,0,0,0,{}
1774249439,normal,sw-wk2,0.1166666666666667,0.49946481720224734,0.0,0.0,751.8,4297.1,0,0,0,0,0,0,{}
1774249449,normal,k3s-wk1,0.31133333333333313,0.6638628258609572,570.6,300.6,9582.233333333334,7066.3,0,35,3,0,32,0,"{""process_exit"": 35, ""process_exec"": 35, ""process_kprobe"": 32}"
1774249449,normal,sw-wk3,0.12866666666666593,0.3812001249425523,0.0,0.0,2742.133333333333,4973.533333333333,0,0,0,0,0,0,{}
1774249449,normal,sw-wk2,0.1166666666666667,0.49946481720224734,0.0,0.0,751.8,4297.1,0,0,0,0,0,0,{}
1774249459,normal,k3s-wk1,0.3226666666666662,0.6658709584029687,572.7333333333333,302.6,9592.5,5096.033333333333,0,31,3,0,28,0,"{""process_exit"": 31, ""process_exec"": 31, ""process_kprobe"": 28}"
1774249459,normal,sw-wk3,0.12866666666666593,0.3812001249425523,0.0,0.0,2742.133333333333,4973.533333333333,0,0,0,0,0,0,{}
1774249459,normal,sw-wk2,0.1166666666666667,0.49946481720224734,0.0,0.0,751.8,4297.1,0,0,0,0,0,0,{}
1774249469,normal,k3s-wk1,0.3226666666666662,0.6658709584029687,572.7333333333333,302.6,9592.5,5096.033333333333,0,54,3,0,53,0,"{""process_kprobe"": 53, ""process_exit"": 54, ""process_exec"": 54}"
1774249469,normal,sw-wk3,0.12866666666666593,0.3812001249425523,0.0,0.0,2742.133333333333,4973.533333333333,0,0,0,0,0,0,{}
1774249469,normal,sw-wk2,0.23111111111111315,0.5640448678158175,0.0,0.0,5211.0,4900.033333333333,0,0,0,0,0,0,{}
1774249479,normal,k3s-wk1,0.3226666666666662,0.6658709584029687,572.7333333333333,302.6,9592.5,5096.033333333333,0,33,3,0,29,0,"{""process_exit"": 33, ""process_exec"": 33, ""process_kprobe"": 29}"
1774249479,normal,sw-wk3,0.13044444444444203,0.3813135282145351,0.0,0.0,2754.7666666666664,4997.066666666667,0,0,0,0,0,0,{}
1774249479,normal,sw-wk2,0.23111111111111315,0.5640448678158175,0.0,0.0,5211.0,4900.033333333333,0,0,0,0,0,0,{}
1774249489,normal,k3s-wk1,0.3171111111111081,0.6682080772723086,570.6,300.6,9401.066666666666,5207.966666666666,0,33,3,0,30,0,"{""process_kprobe"": 30, ""process_exit"": 33, ""process_exec"": 33}"
1774249489,normal,sw-wk3,0.13044444444444203,0.3813135282145351,0.0,0.0,2754.7666666666664,4997.066666666667,0,0,0,0,0,0,{}
1774249489,normal,sw-wk2,0.23111111111111315,0.5640448678158175,0.0,0.0,5211.0,4900.033333333333,0,0,0,0,0,0,{}
1774249499,normal,k3s-wk1,0.3171111111111081,0.6682080772723086,570.6,300.6,9401.066666666666,5207.966666666666,0,33,3,0,29,0,"{""process_exit"": 33, ""process_exec"": 33, ""process_kprobe"": 29}"
1774249499,normal,sw-wk3,0.13044444444444203,0.3813135282145351,0.0,0.0,2754.7666666666664,4997.066666666667,0,0,0,0,0,0,{}
1774249499,normal,sw-wk2,0.17555555555554747,0.6136736220535104,0.0,0.0,329.23333333333335,4223.866666666667,0,0,0,0,0,0,{}
1774249509,normal,k3s-wk1,0.3171111111111081,0.6682080772723086,570.6,300.6,9401.066666666666,5207.966666666666,0,12,2,0,13,0,"{""process_kprobe"": 13, ""process_exit"": 12, ""process_exec"": 12}"
1774249509,normal,sw-wk3,0.15286249152862996,0.38166766474809555,0.0,0.0,5051.828150518281,5162.083791620838,0,0,0,0,0,0,{}
1774249509,normal,sw-wk2,0.17555555555554747,0.6136736220535104,0.0,0.0,329.23333333333335,4223.866666666667,0,0,0,0,0,0,{}
1774249519,normal,k3s-wk1,0.3378888888888949,0.6652327249279519,572.7333333333333,302.6000000000001,9930.333333333334,10413.466666666667,0,37,3,0,33,0,"{""process_exit"": 37, ""process_exec"": 37, ""process_kprobe"": 33}"
1774249519,normal,sw-wk3,0.15286249152862996,0.38166766474809555,0.0,0.0,5051.828150518281,5162.083791620838,0,0,0,0,0,0,{}
1774249519,normal,sw-wk2,0.17555555555554747,0.6136736220535104,0.0,0.0,329.23333333333335,4223.866666666667,0,0,0,0,0,0,{}
1774249529,normal,k3s-wk1,0.3378888888888949,0.6652327249279519,572.7333333333333,302.6,9930.333333333334,10413.466666666667,0,17,2,0,17,0,"{""process_kprobe"": 17, ""process_exit"": 17, ""process_exec"": 17}"
1774249529,normal,sw-wk3,0.15286249152862996,0.38166766474809555,0.0,0.0,5051.828150518281,5162.083791620838,0,0,0,0,0,0,{}
1774249529,normal,sw-wk2,0.24233333333333273,0.37601664836301707,0.0,0.0,8270.9,4933.0666666666675,0,0,0,0,0,0,{}
1774249539,normal,k3s-wk1,0.3378888888888949,0.6652327249279519,572.7333333333333,302.6,9930.333333333334,10413.466666666667,0,57,3,0,52,0,"{""process_exit"": 57, ""process_exec"": 57, ""process_kprobe"": 52}"
1774249539,normal,sw-wk3,0.13358002466913088,0.38074054326135875,0.0,0.0,2705.303863719705,4971.697169716971,0,0,0,0,0,0,{}
1774249539,normal,sw-wk2,0.24233333333333273,0.37601664836301707,0.0,0.0,8270.9,4933.066666666667,0,0,0,0,0,0,{}
1774249550,normal,k3s-wk1,0.3314001933139986,0.6676119540471899,570.5429457054295,300.56994300569943,9234.943172349433,5974.635869746359,0,15,2,0,12,0,"{""process_exit"": 15, ""process_exec"": 15, ""process_kprobe"": 12}"
1774249550,normal,sw-wk3,0.13358002466913088,0.38074054326135875,0.0,0.0,2705.303863719705,4971.697169716971,0,0,0,0,0,0,{}
1774249550,normal,sw-wk2,0.24233333333333273,0.37601664836301707,0.0,0.0,8270.9,4933.066666666667,0,0,0,0,0,0,{}
1774249559,normal,k3s-wk1,0.3314001933139986,0.6676119540471899,570.5429457054295,300.56994300569943,9234.943172349433,5974.635869746359,0,12,2,0,9,0,"{""process_exit"": 12, ""process_exec"": 12, ""process_kprobe"": 9}"
1774249559,normal,sw-wk3,0.13358002466913088,0.38074054326135875,0.0,0.0,2705.303863719705,4971.697169716971,0,0,0,0,0,0,{}
1774249559,normal,sw-wk2,0.16377777777778046,0.3785851278868039,0.0,0.0,1656.0666666666666,4229.933333333333,0,0,0,0,0,0,{}
1774249569,normal,k3s-wk1,0.3314001933139986,0.6676119540471899,570.5429457054295,300.56994300569943,9234.943172349433,5974.635869746359,0,60,3,0,54,0,"{""process_exit"": 60, ""process_exec"": 60, ""process_kprobe"": 54}"
1774249569,normal,sw-wk3,0.14566666666666805,0.3809394963701005,0.0,0.0,2549.8,4947.633333333333,0,0,0,0,0,0,{}
1774249569,normal,sw-wk2,0.16377777777778046,0.3785851278868039,0.0,0.0,1656.0666666666666,4229.933333333333,0,0,0,0,0,0,{}
1774249579,normal,k3s-wk1,0.3100421153226418,0.6661802055506574,572.7906123945728,302.6302630263026,9532.419908657532,5954.762142880954,0,33,3,0,29,0,"{""process_exit"": 33, ""process_exec"": 33, ""process_kprobe"": 29}"
1774249579,normal,sw-wk3,0.14566666666666805,0.3809394963701005,0.0,0.0,2549.8,4947.633333333333,0,0,0,0,0,0,{}
1774249579,normal,sw-wk2,0.16377777777778046,0.3785851278868039,0.0,0.0,1656.0666666666666,4229.933333333333,0,0,0,0,0,0,{}
1774249589,normal,k3s-wk1,0.3100421153226418,0.6661802055506574,572.7906123945728,302.6302630263026,9532.419908657532,5954.762142880954,0,60,3,0,57,0,"{""process_exit"": 60, ""process_exec"": 60, ""process_kprobe"": 57}"
1774249589,normal,sw-wk3,0.14566666666666805,0.3809394963701005,0.0,0.0,2549.8,4947.633333333333,0,0,0,0,0,0,{}
1774249589,normal,sw-wk2,0.2297950341609739,0.3751691098059813,0.0,0.0,4878.553574404266,4561.273121146474,0,0,0,0,0,0,{}
1774249599,normal,k3s-wk1,0.3100421153226418,0.6661802055506574,572.7906123945728,302.6302630263026,9532.419908657532,5954.762142880954,0,42,3,0,38,0,"{""process_kprobe"": 38, ""process_exit"": 42, ""process_exec"": 42}"
1774249599,normal,sw-wk3,0.13099999999999967,0.3811623238518913,0.0,0.0,2626.133333333333,4915.233333333334,0,0,0,0,0,0,{}
1774249599,normal,sw-wk2,0.2297950341609739,0.3751691098059813,0.0,0.0,4878.553574404266,4561.273121146475,0,0,0,0,0,0,{}
1774249609,normal,k3s-wk1,0.3256666666666711,0.6660788777618403,570.6,300.6,9091.533333333333,5726.733333333334,0,33,3,0,31,0,"{""process_exit"": 33, ""process_exec"": 33, ""process_kprobe"": 31}"
1774249609,normal,sw-wk3,0.13099999999999967,0.3811623238518913,0.0,0.0,2626.133333333333,4915.233333333334,0,0,0,0,0,0,{}
1774249609,normal,sw-wk2,0.2297950341609739,0.3751691098059813,0.0,0.0,4878.553574404266,4561.273121146475,0,0,0,0,0,0,{}
1774249619,normal,k3s-wk1,0.3256666666666711,0.6660788777618403,570.6,300.6,9091.533333333333,5726.733333333334,0,57,3,0,51,0,"{""process_exit"": 57, ""process_exec"": 57, ""process_kprobe"": 51}"
1774249619,normal,sw-wk3,0.13099999999999967,0.3811623238518913,0.0,0.0,2626.133333333333,4915.233333333334,0,0,0,0,0,0,{}
1774249619,normal,sw-wk2,0.10785130855142311,0.3777176940584762,0.0,0.0,326.5210868478079,3956.7927987997996,0,0,0,0,0,0,{}
1774249629,normal,k3s-wk1,0.3256666666666711,0.6660788777618403,570.6,300.6,9091.533333333333,5726.733333333334,0,42,3,0,36,0,"{""process_exit"": 42, ""process_exec"": 42, ""process_kprobe"": 36}"
1774249629,normal,sw-wk3,0.129777777777776,0.3812717480616994,0.0,0.0,1936.6,4873.633333333333,0,0,0,0,0,0,{}
1774249629,normal,sw-wk2,0.10785130855142311,0.3777176940584762,0.0,0.0,326.5210868478079,3956.7927987997996,0,0,0,0,0,0,{}
1774249639,normal,k3s-wk1,0.34188888888888613,0.6685120606387598,577.2,308.6000000000001,9393.133333333333,8661.1,0,60,3,0,54,0,"{""process_exit"": 60, ""process_exec"": 60, ""process_kprobe"": 54}"
1774249639,normal,sw-wk3,0.129777777777776,0.3812717480616994,0.0,0.0,1936.6,4873.633333333333,0,0,0,0,0,0,{}
1774249639,normal,sw-wk2,0.10785130855142311,0.3777176940584762,0.0,0.0,326.5210868478079,3956.7927987997996,0,0,0,0,0,0,{}
1774249649,normal,k3s-wk1,0.34188888888888613,0.6685120606387598,577.2,308.6,9393.133333333333,8661.1,0,57,3,0,55,0,"{""process_exit"": 58, ""process_exec"": 57, ""process_kprobe"": 55}"
1774249649,normal,sw-wk3,0.129777777777776,0.3812717480616994,0.0,0.0,1936.6,4873.633333333333,0,0,0,0,0,0,{}
1774249649,normal,sw-wk2,0.2203333333333325,0.37693382036957457,0.0,0.0,4908.9,4444.8,0,0,0,0,0,0,{}
1774249659,normal,k3s-wk1,0.34188888888888613,0.6685120606387598,577.2,308.6,9393.133333333333,8661.1,0,33,3,0,30,0,"{""process_exit"": 33, ""process_exec"": 33, ""process_kprobe"": 30}"
1774249659,normal,sw-wk3,0.1461111111111122,0.381208083066902,0.0,0.0,2661.133333333333,4933.6,0,0,0,0,0,0,{}
1774249659,normal,sw-wk2,0.2203333333333325,0.37693382036957457,0.0,0.0,4908.9,4444.8,0,0,0,0,0,0,{}
1774249670,normal,k3s-wk1,0.32544444444444154,0.6757010698635364,570.6,300.6,8945.633333333333,1357.2666666666667,0,33,3,0,29,0,"{""process_exit"": 33, ""process_exec"": 33, ""process_kprobe"": 29}"
1774249670,normal,sw-wk3,0.1461111111111122,0.381208083066902,0.0,0.0,2661.133333333333,4933.6,0,0,0,0,0,0,{}
1774249670,normal,sw-wk2,0.2203333333333325,0.37693382036957457,0.0,0.0,4908.9,4444.8,0,0,0,0,0,0,{}
1774249679,normal,k3s-wk1,0.32544444444444154,0.6757010698635364,570.6,300.6,8945.633333333333,1357.2666666666667,0,57,3,0,51,0,"{""process_exit"": 57, ""process_exec"": 57, ""process_kprobe"": 51}"
1774249679,normal,sw-wk3,0.1461111111111122,0.381208083066902,0.0,0.0,2661.133333333333,4933.6,0,0,0,0,0,0,{}
1774249679,normal,sw-wk2,0.13522222222222302,0.3793690015757055,0.0,0.0,446.46666666666664,4037.5333333333333,0,0,0,0,0,0,{}
