timestamp,label,node,avg_cpu,avg_mem,net_bytes_in,net_bytes_out,net_internal_bytes_in,net_internal_bytes_out,net_drop_rate,last_successful_scrape_age_sec,exec_count,unique_process_count,tmp_exec_count,outbound_connect_count,mining_port_count,syscall_feature_vector
1776121817,normal,sw-wk2,0.11020009110199924,0.27887948061215384,319.10142319101425,168.98310168983102,1021.431190214312,3562.1771156217715,0.0,0,0,0,0,0,0,{}
1776121817,normal,k3s-wk1,0.2537164189054054,0.5993861353279232,198.25344977001532,92.42717152189854,8889.607359509366,4795.680287980801,0.0,0,0,0,0,0,0,{}
1776121817,normal,sw-wk3,0.15519559155196638,0.3452269454744702,116.05506116055061,100.85658100856581,2447.388594473886,5122.587741225878,0.0,0,0,0,0,0,0,{}
1776121826,normal,sw-wk2,0.19111111111111923,0.2856728723065357,211.33333333333334,111.33333333333333,5540.066666666667,27802.8,0.0,0,104,5,0,0,0,"{""process_exit"": 106, ""process_exec"": 104}"
1776121826,normal,k3s-wk1,0.2537164189054054,0.5993861353279232,198.25344977001532,92.42717152189854,8889.607359509366,4795.680287980801,0.0,0,15,2,0,10,0,"{""process_exit"": 16, ""process_exec"": 15, ""process_kprobe"": 10}"
1776121826,normal,sw-wk3,0.15519559155196638,0.3452269454744702,116.05506116055061,100.85658100856581,2447.388594473886,5122.587741225878,0.0,0,0,0,0,0,0,{}
1776121836,normal,sw-wk2,0.19111111111111923,0.2856728723065357,211.33333333333334,111.33333333333333,5540.066666666667,27802.8,0.0,0,0,0,0,0,0,{}
1776121836,normal,k3s-wk1,0.2537164189054054,0.5993861353279232,198.25344977001532,92.42717152189854,8889.607359509366,4795.680287980801,0.0,0,60,3,0,52,0,"{""process_exit"": 60, ""process_exec"": 60, ""process_kprobe"": 52}"
1776121836,normal,sw-wk3,0.1554711026658222,0.34474909846196977,113.2113211321132,98.009800980098,3077.5410874420772,5968.86355302197,0.0,0,1,1,0,0,0,"{""process_exit"": 5, ""process_exec"": 1}"
1776121847,normal,sw-wk2,0.19111111111111923,0.2856728723065357,211.33333333333334,111.33333333333333,5540.066666666667,27802.8,0.0,0,0,0,0,0,0,{}
1776121847,normal,k3s-wk1,0.3181767673400384,0.6223614712432961,294.4862990866058,279.2852856857124,33603.74024934996,8624.67497833189,0.0,0,30,3,0,26,0,"{""process_exit"": 30, ""process_exec"": 30, ""process_kprobe"": 26}"
1776121847,normal,sw-wk3,0.15547110266582198,0.34474909846196977,113.2113211321132,98.00980098009802,3077.5410874420772,5968.863553021969,0.0,0,0,0,0,0,0,{}
1776121856,normal,sw-wk2,0.11522222222223111,0.2802732010652803,319.1333333333333,169.00000000000003,866.5666666666666,3551.2666666666664,0.0,0,0,0,0,0,0,{}
1776121856,normal,k3s-wk1,0.3181767673400384,0.6223614712432961,294.4862990866058,279.2852856857124,33603.74024934996,8624.67497833189,0.0,0,33,3,0,28,0,"{""process_exit"": 33, ""process_exec"": 33, ""process_kprobe"": 28}"
1776121856,normal,sw-wk3,0.1554711026658222,0.34474909846196977,113.2113211321132,98.009800980098,3077.5410874420772,5968.863553021969,0.0,0,0,0,0,0,0,{}
1776121866,normal,sw-wk2,0.11522222222223111,0.2802732010652803,319.1333333333333,169.0,866.5666666666666,3551.2666666666664,0.0,0,106,7,0,0,0,"{""process_exec"": 106, ""process_exit"": 106}"
1776121866,normal,k3s-wk1,0.3181767673400384,0.6223614712432961,294.4862990866058,279.2852856857124,33603.74024934996,8624.67497833189,0.0,0,39,3,0,32,0,"{""process_exit"": 39, ""process_exec"": 39, ""process_kprobe"": 32}"
1776121866,normal,sw-wk3,0.162888888888867,0.345986722224346,107.46666666666667,93.8,4004.4666666666667,6963.166666666667,0.0,0,1,1,0,0,0,"{""process_exit"": 11, ""process_exec"": 1}"
1776121877,normal,sw-wk2,0.11522222222223111,0.2802732010652803,319.1333333333333,169.0,866.5666666666666,3551.2666666666664,0.0,0,0,0,0,0,0,{}
1776121877,normal,k3s-wk1,0.30011111111113375,0.6245615857079481,217.26666666666665,218.66666666666666,34663.7,9647.0,0.0,0,39,3,0,32,0,"{""process_exit"": 39, ""process_exec"": 39, ""process_kprobe"": 32}"
1776121877,normal,sw-wk3,0.162888888888867,0.345986722224346,107.46666666666667,93.8,4004.4666666666667,6963.166666666667,0.0,0,0,0,0,0,0,{}
1776121887,normal,sw-wk2,0.1939157583635981,0.2847219567516597,319.1226959101364,168.99436685443817,5360.854638178726,27810.372987567083,0.0,0,0,0,0,0,0,{}
1776121887,normal,k3s-wk1,0.30011111111113375,0.6245615857079481,217.26666666666665,218.66666666666666,34663.7,9647.0,0.0,0,33,3,0,28,0,"{""process_exit"": 33, ""process_exec"": 33, ""process_kprobe"": 28}"
1776121887,normal,sw-wk3,0.162888888888867,0.345986722224346,107.46666666666667,93.8,4004.4666666666667,6963.166666666667,0.0,0,0,0,0,0,0,"{""process_exit"": 17}"
1776121897,normal,sw-wk2,0.1939157583635981,0.2847219567516597,319.1226959101364,168.99436685443817,5360.854638178726,27810.372987567076,0.0,0,0,0,0,0,0,{}
1776121897,normal,k3s-wk1,0.30011111111113375,0.6245615857079481,217.26666666666665,218.66666666666666,34663.7,9647.0,0.0,0,54,3,0,48,0,"{""process_exit"": 54, ""process_exec"": 54, ""process_kprobe"": 48}"
1776121897,normal,sw-wk3,0.14986279149864323,0.34067943473884066,91.39086091390861,81.25854081258541,3118.3881611838815,7568.276505682766,0.0,0,1,1,0,0,0,"{""process_exec"": 1}"
1776121907,normal,sw-wk2,0.1939157583635981,0.2847219567516597,319.12269591013626,168.99436685443817,5360.854638178726,27810.372987567076,0.0,0,0,0,0,0,0,{}
1776121907,normal,k3s-wk1,0.261333333333318,0.6272753236109873,219.73333333333332,215.26666666666665,11133.400000000001,2015.1333333333332,0.0,0,15,2,0,10,0,"{""process_exit"": 15, ""process_exec"": 15, ""process_kprobe"": 10}"
1776121907,normal,sw-wk3,0.14986279149864323,0.34067943473884066,91.39086091390861,81.25854081258541,3118.3881611838815,7568.276505682764,0.0,0,0,0,0,0,0,{}
1776121917,normal,sw-wk2,0.11585941753614326,0.2758801941970259,317.01056701890064,167.0055668522284,859.2953098436616,3762.925430847695,0.0,0,0,0,0,0,0,{}
1776121917,normal,k3s-wk1,0.261333333333318,0.6272753236109873,219.73333333333332,215.26666666666665,11133.4,2015.1333333333332,0.0,0,18,2,0,12,0,"{""process_exit"": 18, ""process_exec"": 18, ""process_kprobe"": 12}"
1776121917,normal,sw-wk3,0.14986279149864323,0.34067943473884066,91.39086091390861,81.25854081258541,3118.3881611838815,7568.276505682766,0.0,0,1,1,0,0,0,"{""process_exit"": 3, ""process_exec"": 1}"
1776121927,normal,sw-wk2,0.11585941753614326,0.2758801941970259,317.0105670189006,167.0055668522284,859.2953098436616,3762.9254308476943,0.0,0,106,7,0,0,0,"{""process_exec"": 106, ""process_exit"": 104}"
1776121927,normal,k3s-wk1,0.261333333333318,0.6272753236109873,219.73333333333332,215.26666666666665,11133.4,2015.1333333333332,0.0,0,33,3,0,28,0,"{""process_exit"": 33, ""process_exec"": 33, ""process_kprobe"": 28}"
1776121927,normal,sw-wk3,0.1523596804124785,0.34259241561221754,113.2113211321132,98.009800980098,2382.6049271593824,5703.770377037704,0.0,0,0,0,0,0,0,{}
1776121937,normal,sw-wk2,0.11585941753614326,0.2758801941970259,317.01056701890064,167.0055668522284,859.2953098436616,3762.925430847695,0.0,0,0,0,0,0,0,"{""process_exit"": 2}"
1776121937,normal,k3s-wk1,0.3071573006244166,0.6245040147291399,218.78541430571295,208.65275648290114,33818.54543030464,9738.817412172522,0.0,0,36,3,0,30,0,"{""process_exit"": 36, ""process_exec"": 36, ""process_kprobe"": 30}"
1776121937,normal,sw-wk3,0.1523596804124785,0.34259241561221754,113.2113211321132,98.009800980098,2382.6049271593824,5703.770377037704,0.0,0,0,0,0,0,0,{}
1776121947,normal,sw-wk2,0.19933333333333902,0.28416287574703414,323.6,175.0,5550.0,28009.266666666666,0.0,0,0,0,0,0,0,{}
1776121947,normal,k3s-wk1,0.3071573006244166,0.6245040147291399,218.78541430571295,208.65275648290114,33818.54543030464,9738.817412172522,0.0,0,78,3,0,70,0,"{""process_exit"": 78, ""process_exec"": 78, ""process_kprobe"": 70}"
1776121947,normal,sw-wk3,0.1523596804124785,0.34259241561221754,113.2113211321132,98.009800980098,2382.6049271593824,5703.770377037704,0.0,0,1,1,0,0,0,"{""process_exit"": 7, ""process_exec"": 1}"
1776121957,normal,sw-wk2,0.19933333333333902,0.28416287574703414,323.6,175.0,5550.0,28009.266666666666,0.0,0,0,0,0,0,0,{}
1776121957,normal,k3s-wk1,0.3071573006244166,0.6245040147291399,218.78541430571295,208.65275648290114,33818.54543030464,9738.817412172522,0.0,0,18,2,0,12,0,"{""process_exit"": 18, ""process_exec"": 18, ""process_kprobe"": 12}"
1776121957,normal,sw-wk3,0.16211111111111276,0.3385052308319635,111.0,100.86666666666666,3090.7666666666664,6237.7,0.0,0,0,0,0,0,0,{}
1776121967,normal,sw-wk2,0.19933333333333902,0.28416287574703414,323.6,175.0,5550.0,28009.266666666666,0.0,0,0,0,0,0,0,{}
1776121967,normal,k3s-wk1,0.2683956708224976,0.6245356223253482,228.94859657310488,208.68057870524703,11623.374891659445,1938.7625841722784,0.0,0,36,3,0,30,0,"{""process_exit"": 36, ""process_exec"": 36, ""process_kprobe"": 30}"
1776121967,normal,sw-wk3,0.16211111111111276,0.3385052308319635,111.0,100.86666666666666,3090.7666666666664,6237.7,0.0,0,1,1,0,0,0,"{""process_exit"": 13, ""process_exec"": 1}"
1776121977,normal,sw-wk2,0.13080675088606641,0.28192814455190696,319.1226959101364,168.99436685443817,566.4144528515715,3558.948035065497,0.0,0,0,0,0,0,0,{}
1776121977,normal,k3s-wk1,0.2683956708224976,0.6245356223253482,228.94859657310488,208.68057870524703,11623.374891659445,1938.7625841722784,0.0,0,12,2,0,8,0,"{""process_exit"": 12, ""process_exec"": 12, ""process_kprobe"": 8}"
1776121977,normal,sw-wk3,0.16211111111111276,0.3385052308319635,111.0,100.86666666666666,3090.7666666666664,6237.7,0.0,0,0,0,0,0,0,{}
1776121987,normal,sw-wk2,0.13080675088606641,0.28192814455190696,319.1226959101364,168.99436685443817,566.4144528515715,3558.948035065498,0.0,0,106,7,0,0,0,"{""process_exec"": 106, ""process_exit"": 106}"
1776121987,normal,k3s-wk1,0.2683956708224976,0.6245356223253482,228.94859657310488,208.68057870524703,11623.374891659445,1938.7625841722784,0.0,0,12,2,0,8,0,"{""process_exit"": 12, ""process_exec"": 12, ""process_kprobe"": 8}"
1776121987,normal,sw-wk3,0.1727777777777697,0.3435528881073435,108.13333333333333,98.0,2490.0000000000005,6946.533333333333,0.0,0,1,1,0,0,0,"{""process_exit"": 3, ""process_exec"": 1}"
1776121997,normal,sw-wk2,0.13080675088606641,0.28192814455190696,319.12269591013626,168.99436685443817,566.4144528515715,3558.948035065497,0.0,0,0,0,0,0,0,{}
1776121997,normal,k3s-wk1,0.29999999999999993,0.6228547755126921,223.86666666666667,208.6666666666667,33508.86666666667,9567.466666666667,0.0,0,60,3,0,52,0,"{""process_exit"": 60, ""process_exec"": 60, ""process_kprobe"": 52}"
1776121997,normal,sw-wk3,0.1727777777777697,0.3435528881073435,108.13333333333333,98.0,2490.0,6946.533333333335,0.0,0,0,0,0,0,0,{}
1776122007,normal,sw-wk2,0.20633862292750071,0.2854801406781605,213.4951326843579,113.34844645952793,5866.815575410054,27844.94599279904,0.0,0,0,0,0,0,0,{}
1776122007,normal,k3s-wk1,0.29999999999999993,0.6228547755126921,223.86666666666667,208.66666666666666,33508.86666666667,9567.466666666667,0.0,0,78,3,0,70,0,"{""process_exit"": 78, ""process_exec"": 78, ""process_kprobe"": 70}"
1776122007,normal,sw-wk3,0.1727777777777697,0.3435528881073435,108.13333333333333,98.0,2490.0,6946.533333333333,0.0,0,14,8,3,0,0,"{""process_exec"": 14, ""process_exit"": 12}"
1776122017,normal,sw-wk2,0.20633862292750071,0.2854801406781605,213.4951326843579,113.34844645952793,5866.815575410054,27844.94599279904,0.0,0,0,0,0,0,0,{}
1776122017,normal,k3s-wk1,0.29999999999999993,0.6228547755126921,223.86666666666667,208.66666666666666,33508.86666666667,9567.466666666667,0.0,0,33,3,0,28,0,"{""process_exit"": 33, ""process_exec"": 33, ""process_kprobe"": 28}"
1776122017,normal,sw-wk3,0.193888888888897,0.34491634491634493,303.00000000000006,202.46666666666667,5497.5,10671.333333333334,0.0,0,19,10,4,2,0,"{""process_exit"": 21, ""process_exec"": 19, ""process_kprobe"": 2}"
1776122027,normal,sw-wk2,0.20633862292750071,0.2854801406781605,213.4951326843579,113.34844645952793,5866.815575410054,27844.94599279904,0.0,0,0,0,0,0,0,{}
1776122027,normal,k3s-wk1,0.31333333333332125,0.6181046053396518,228.93333333333334,208.66666666666666,16645.833333333332,4921.566666666667,0.0,0,33,3,0,28,0,"{""process_exit"": 33, ""process_exec"": 33, ""process_kprobe"": 28}"
1776122027,normal,sw-wk3,0.193888888888897,0.34491634491634493,303.0,202.46666666666667,5497.5,10671.333333333334,0.0,0,14,9,3,1,0,"{""process_exit"": 22, ""process_exec"": 14, ""process_kprobe"": 1}"
1776122037,normal,sw-wk2,0.11308869113090791,0.2805694662130306,316.96830316968305,166.98330166983303,1993.1673499316735,3810.0523281005235,0.0,0,0,0,0,0,0,{}
1776122037,normal,k3s-wk1,0.31333333333332125,0.6181046053396518,228.93333333333334,208.66666666666666,16645.833333333332,4921.566666666667,0.0,0,36,3,0,30,0,"{""process_exit"": 36, ""process_exec"": 36, ""process_kprobe"": 30}"
1776122037,normal,sw-wk3,0.193888888888897,0.34491634491634493,303.0,202.46666666666667,5497.5,10671.333333333334,0.0,0,1,1,0,3,0,"{""process_exit"": 9, ""process_exec"": 1, ""process_kprobe"": 3}"
1776122047,normal,sw-wk2,0.11308869113090791,0.2805694662130306,316.96830316968305,166.98330166983303,1993.1673499316735,3810.0523281005235,0.0,0,106,7,0,0,0,"{""process_exec"": 106, ""process_exit"": 106}"
1776122047,normal,k3s-wk1,0.31333333333332125,0.6181046053396518,228.93333333333334,208.66666666666666,16645.833333333332,4921.566666666667,0.0,0,33,3,0,28,0,"{""process_exit"": 33, ""process_exec"": 33, ""process_kprobe"": 28}"
1776122047,normal,sw-wk3,0.15888888888890096,0.34202218484396707,113.2,122.66666666666667,2975.4333333333334,12202.400000000003,0.0,0,0,0,0,1,0,"{""process_kprobe"": 1}"
1776122057,normal,sw-wk2,0.11308869113090791,0.2805694662130306,316.96830316968305,166.98330166983303,1993.1673499316735,3810.0523281005235,0.0,0,0,0,0,0,0,{}
1776122057,normal,k3s-wk1,0.3088888888889011,0.6227317316560236,213.73333333333332,208.66666666666666,37651.26666666666,11502.766666666668,0.0,0,12,2,0,8,0,"{""process_exit"": 12, ""process_exec"": 12, ""process_kprobe"": 8}"
1776122057,normal,sw-wk3,0.15888888888890096,0.34202218484396707,113.2,122.66666666666667,2975.433333333334,12202.4,0.0,0,0,0,0,1,0,"{""process_kprobe"": 1}"
1776122068,normal,sw-wk2,0.2240258658044515,0.2847219567516597,319.1226959101364,168.99436685443817,5426.819106029798,27919.569347688404,0.0,0,0,0,0,0,0,{}
1776122068,normal,k3s-wk1,0.3088888888889011,0.6227317316560236,213.73333333333332,208.66666666666666,37651.26666666666,11502.766666666666,0.0,0,57,3,0,50,0,"{""process_exit"": 57, ""process_exec"": 57, ""process_kprobe"": 50}"
1776122068,normal,sw-wk3,0.15888888888890096,0.34202218484396707,113.2,122.66666666666667,2975.4333333333334,12202.4,0.0,0,0,0,0,2,0,"{""process_kprobe"": 2}"
1776122077,normal,sw-wk2,0.2240258658044515,0.2847219567516597,319.12269591013626,168.99436685443817,5426.819106029798,27919.56934768841,0.0,0,0,0,0,0,0,{}
1776122077,normal,k3s-wk1,0.3088888888889011,0.6227317316560236,213.73333333333332,208.66666666666666,37651.26666666666,11502.766666666666,0.0,0,12,2,0,8,0,"{""process_exit"": 12, ""process_exec"": 12, ""process_kprobe"": 8}"
1776122077,normal,sw-wk3,0.17022222222221906,0.3451600468927202,92.46666666666667,85.0,3616.4333333333334,8220.500000000002,0.0,0,1,1,0,0,0,"{""process_exit"": 17, ""process_exec"": 1}"
1776122087,normal,sw-wk2,0.2240258658044515,0.2847219567516597,319.12269591013626,168.99436685443817,5426.819106029798,27919.569347688404,0.0,0,0,0,0,0,0,{}
1776122087,normal,k3s-wk1,0.2847777777777689,0.6189264028410714,218.76666666666665,208.66666666666666,12703.466666666667,2815.5333333333333,0.0,0,9,2,0,6,0,"{""process_exit"": 9, ""process_exec"": 9, ""process_kprobe"": 6}"
1776122087,normal,sw-wk3,0.17022222222221906,0.3451600468927202,92.46666666666667,85.0,3616.4333333333334,8220.5,0.0,0,1,1,0,1,0,"{""process_kprobe"": 1, ""process_exit"": 7, ""process_exec"": 1}"
1776122097,normal,sw-wk2,0.11541495827640069,0.2788492169680289,319.1439714657155,169.00563352111737,949.931664388813,3600.2866762225412,0.0,0,0,0,0,0,0,{}
1776122097,normal,k3s-wk1,0.2847777777777689,0.6189264028410714,218.76666666666665,208.66666666666666,12703.466666666667,2815.5333333333333,0.0,0,81,3,0,72,0,"{""process_exit"": 81, ""process_exec"": 81, ""process_kprobe"": 72}"
1776122097,normal,sw-wk3,0.17022222222221906,0.3451600468927202,92.46666666666667,85.0,3616.4333333333334,8220.5,0.0,0,0,0,0,1,0,"{""process_kprobe"": 1}"
1776122107,normal,sw-wk2,0.11541495827640069,0.2788492169680289,319.14397146571554,169.00563352111737,949.931664388813,3600.2866762225412,0.0,0,2,2,0,0,0,"{""process_exec"": 2}"
1776122107,normal,k3s-wk1,0.2847777777777689,0.6189264028410714,218.76666666666665,208.66666666666666,12703.466666666667,2815.5333333333333,0.0,0,78,3,0,70,0,"{""process_exit"": 78, ""process_exec"": 78, ""process_kprobe"": 70}"
1776122107,normal,sw-wk3,0.1644444444444364,0.33932234922333937,122.06666666666666,115.66666666666667,2258.133333333333,6764.666666666667,0.0,0,0,0,0,1,0,"{""process_kprobe"": 1}"
1776122118,normal,sw-wk2,0.11541495827640069,0.2788492169680289,319.14397146571554,169.00563352111737,949.931664388813,3600.2866762225412,0.0,0,104,5,0,0,0,"{""process_exit"": 106, ""process_exec"": 104}"
1776122118,normal,k3s-wk1,0.3012222222222287,0.6206377284072142,226.4,208.6666666666667,34188.566666666666,6685.233333333334,0.0,0,57,3,0,50,0,"{""process_exit"": 57, ""process_exec"": 57, ""process_kprobe"": 50}"
1776122118,normal,sw-wk3,0.1644444444444364,0.33932234922333937,122.06666666666666,115.66666666666667,2258.133333333333,6764.666666666667,0.0,0,1,1,0,1,0,"{""process_exit"": 3, ""process_exec"": 1, ""process_kprobe"": 1}"
1776122127,normal,sw-wk2,0.2005822028154336,0.28352574639703354,316.98943368554376,166.99443351888272,5733.208893036898,27890.336988767038,0.0,0,0,0,0,0,0,{}
1776122127,normal,k3s-wk1,0.3012222222222287,0.6206377284072142,226.4,208.66666666666666,34188.566666666666,6685.233333333334,0.0,0,57,3,0,50,0,"{""process_exit"": 58, ""process_exec"": 57, ""process_kprobe"": 50}"
1776122127,normal,sw-wk3,0.1644444444444364,0.33932234922333937,122.06666666666666,115.66666666666667,2258.133333333333,6764.666666666667,0.0,0,0,0,0,1,0,"{""process_kprobe"": 1}"
1776122137,normal,sw-wk2,0.2005822028154336,0.28352574639703354,316.98943368554376,166.9944335188827,5733.208893036898,27890.336988767038,0.0,0,0,0,0,0,0,{}
1776122137,normal,k3s-wk1,0.3012222222222287,0.6206377284072142,226.4,208.66666666666666,34188.566666666666,6685.233333333334,0.0,0,15,2,0,10,0,"{""process_exit"": 15, ""process_exec"": 15, ""process_kprobe"": 10}"
1776122137,normal,sw-wk3,0.1612222222222247,0.3482071180090982,111.20000000000002,109.86666666666666,4379.733333333334,7429.066666666667,0.0,0,1,1,0,1,0,"{""process_exit"": 17, ""process_exec"": 1, ""process_kprobe"": 1}"
1776122147,normal,sw-wk2,0.2005822028154336,0.28352574639703354,316.98943368554376,166.9944335188827,5733.208893036898,27890.336988767038,0.0,0,0,0,0,0,0,{}
1776122147,normal,k3s-wk1,0.3179999999999886,0.6177885293775673,228.93333333333334,208.66666666666666,12326.9,10806.7,0.0,0,60,3,0,52,0,"{""process_exit"": 60, ""process_exec"": 60, ""process_kprobe"": 52}"
1776122147,normal,sw-wk3,0.1612222222222247,0.3482071180090982,111.2,109.86666666666666,4379.733333333334,7429.066666666667,0.0,0,0,0,0,0,0,"{""process_exit"": 2}"
1776122157,normal,sw-wk2,0.12574863606568376,0.28418358245090913,319.14397146571554,169.00563352111737,1365.2455081836063,3674.022467415581,0.0,0,0,0,0,0,0,{}
1776122157,normal,k3s-wk1,0.3179999999999886,0.6177885293775673,228.93333333333334,208.66666666666666,12326.9,10806.7,0.0,0,36,3,0,30,0,"{""process_exit"": 36, ""process_exec"": 36, ""process_kprobe"": 30}"
1776122157,normal,sw-wk3,0.1612222222222247,0.3482071180090982,111.2,109.86666666666666,4379.733333333334,7429.066666666667,0.0,0,1,1,0,0,0,"{""process_exit"": 19, ""process_exec"": 1}"
1776122167,normal,sw-wk2,0.12574863606568387,0.28418358245090913,319.14397146571554,169.00563352111737,1365.2455081836063,3674.022467415581,0.0,0,2,2,0,0,0,"{""process_exec"": 2}"
1776122167,normal,k3s-wk1,0.3179999999999886,0.6177885293775673,228.93333333333334,208.66666666666666,12326.9,10806.7,0.0,0,15,2,0,10,0,"{""process_exit"": 15, ""process_exec"": 15, ""process_kprobe"": 10}"
1776122167,normal,sw-wk3,0.19011111111111756,0.33952304496858954,104.86666666666666,108.53333333333333,6173.733333333334,9735.0,0.0,0,0,0,0,0,0,{}
1776122177,normal,sw-wk2,0.12574863606568376,0.28418358245090913,319.14397146571554,169.00563352111737,1365.2455081836063,3674.022467415581,0.0,0,104,5,0,0,0,"{""process_exit"": 106, ""process_exec"": 104}"
1776122177,normal,k3s-wk1,0.282333333333352,0.6238154206688844,239.06666666666666,208.66666666666666,13551.433333333332,4810.5,0.0,0,9,2,0,6,0,"{""process_exit"": 9, ""process_exec"": 9, ""process_kprobe"": 6}"
1776122177,normal,sw-wk3,0.19011111111111756,0.33952304496858954,104.86666666666666,108.53333333333333,6173.733333333334,9735.0,0.0,0,1,1,0,0,0,"{""process_exit"": 17, ""process_exec"": 1}"
1776122187,normal,sw-wk2,0.2022535586891926,0.2841517259834091,213.4880154682135,113.34466780011334,5290.562389572291,27824.715804913823,0.0,0,0,0,0,0,0,{}
1776122187,normal,k3s-wk1,0.282333333333352,0.6238154206688844,239.06666666666666,208.66666666666666,13551.433333333332,4810.5,0.0,0,33,3,0,28,0,"{""process_exit"": 33, ""process_exec"": 33, ""process_kprobe"": 28}"
1776122187,normal,sw-wk3,0.19011111111111756,0.33952304496858954,104.86666666666666,108.53333333333333,6173.733333333334,9735.0,0.0,0,0,0,0,0,0,{}
1776122197,normal,sw-wk2,0.2022535586891926,0.2841517259834091,213.4880154682135,113.34466780011334,5290.56238957229,27824.715804913823,0.0,0,0,0,0,0,0,{}
1776122197,normal,k3s-wk1,0.282333333333352,0.6238154206688844,239.06666666666666,208.66666666666666,13551.433333333332,4810.5,0.0,0,36,3,0,30,0,"{""process_exit"": 36, ""process_exec"": 36, ""process_kprobe"": 30}"
1776122197,normal,sw-wk3,0.16855555555555635,0.3418708666233419,103.0,102.86666666666666,2919.5,7498.766666666668,0.0,0,0,0,0,0,0,{}
1776122208,normal,sw-wk2,0.2022535586891926,0.2841517259834091,213.4880154682135,113.34466780011334,5290.56238957229,27824.715804913823,0.0,0,0,0,0,0,0,{}
1776122208,normal,k3s-wk1,0.2799999999999879,0.6250943994726047,239.03333333333333,208.66666666666666,33233.96666666667,6471.0,0.0,0,42,3,0,34,0,"{""process_exit"": 42, ""process_exec"": 42, ""process_kprobe"": 34}"
1776122208,normal,sw-wk3,0.16855555555555635,0.3418708666233419,103.0,102.86666666666666,2919.5,7498.766666666666,0.0,0,1,1,0,0,0,"{""process_exit"": 9, ""process_exec"": 1}"
1776122217,normal,sw-wk2,0.1170360495472823,0.2827882691744078,319.08015330778204,168.9718380269955,654.4909181803033,3656.0239960006666,0.0,0,0,0,0,0,0,{}
1776122217,normal,k3s-wk1,0.2799999999999879,0.6250943994726047,239.0333333333334,208.66666666666666,33233.96666666667,6471.0,0.0,0,33,3,0,28,0,"{""process_exit"": 33, ""process_exec"": 33, ""process_kprobe"": 28}"
1776122217,normal,sw-wk3,0.16855555555555635,0.3418708666233419,103.0,102.86666666666666,2919.5,7498.766666666666,0.0,0,0,0,0,0,0,{}
1776122227,normal,sw-wk2,0.1170360495472823,0.2827882691744078,319.08015330778204,168.9718380269955,654.4909181803033,3656.0239960006666,0.0,0,2,2,0,0,0,"{""process_exec"": 2}"
1776122227,normal,k3s-wk1,0.2799999999999879,0.6250943994726047,239.03333333333333,208.66666666666666,33233.96666666667,6471.0,0.0,0,15,2,0,10,0,"{""process_exit"": 15, ""process_exec"": 15, ""process_kprobe"": 10}"
1776122227,normal,sw-wk3,0.1561111111111232,0.3448781171553449,116.06666666666666,100.86666666666666,2475.7666666666664,6577.8,0.0,0,0,0,0,0,0,{}
1776122237,normal,sw-wk2,0.1170360495472823,0.2827882691744078,319.08015330778204,168.9718380269955,654.4909181803033,3656.0239960006666,0.0,0,0,0,0,0,0,{}
1776122237,normal,k3s-wk1,0.32122222222222063,0.6138578990205033,223.86666666666667,208.66666666666666,12470.233333333334,8509.966666666667,0.0,0,15,2,0,10,0,"{""process_exit"": 15, ""process_exec"": 15, ""process_kprobe"": 10}"
1776122237,normal,sw-wk3,0.1561111111111232,0.3448781171553449,116.06666666666666,100.86666666666666,2475.7666666666664,6577.8,0.0,0,56,4,0,0,0,"{""process_exit"": 34, ""process_exec"": 56}"
1776122247,normal,sw-wk2,0.24241919175083282,0.2878661900939129,317.01056701890064,167.0055668522284,5858.828627620921,28001.633387779595,0.0,0,104,5,0,0,0,"{""process_exit"": 106, ""process_exec"": 104}"
1776122247,normal,k3s-wk1,0.32122222222222063,0.6138578990205033,223.86666666666667,208.66666666666666,12470.233333333334,8509.966666666667,0.0,0,18,2,0,12,0,"{""process_exit"": 18, ""process_exec"": 18, ""process_kprobe"": 12}"
1776122247,normal,sw-wk3,0.1561111111111232,0.3448781171553449,116.06666666666666,100.86666666666666,2475.7666666666664,6577.8,0.0,0,108,4,0,0,0,"{""process_exit"": 60, ""process_exec"": 108}"
1776122257,normal,sw-wk2,0.24241919175083282,0.2878661900939129,317.0105670189006,167.0055668522284,5858.828627620921,28001.633387779595,0.0,0,0,0,0,0,0,{}
1776122257,normal,k3s-wk1,0.32122222222222063,0.6138578990205033,223.86666666666667,208.66666666666666,12470.233333333334,8509.966666666667,0.0,0,39,3,0,32,0,"{""process_exit"": 39, ""process_exec"": 39, ""process_kprobe"": 32}"
1776122257,normal,sw-wk3,0.21011111111108927,0.34649801852772155,684.2333333333333,361.5,6575.866666666667,47624.03333333333,0.0,0,136,4,0,0,0,"{""process_exit"": 80, ""process_exec"": 136}"
1776122267,normal,sw-wk2,0.24241919175083282,0.2878661900939129,317.01056701890064,167.0055668522284,5858.828627620921,28001.633387779595,0.0,0,0,0,0,0,0,{}
1776122267,normal,k3s-wk1,0.28699999999999914,0.6116329500159732,223.86666666666667,208.66666666666666,89671.5,7248.3,0.0,0,33,3,0,28,0,"{""process_exit"": 33, ""process_exec"": 33, ""process_kprobe"": 28}"
1776122267,normal,sw-wk3,0.21011111111108927,0.34649801852772155,684.2333333333333,361.5,6575.866666666668,47624.03333333333,0.0,0,108,4,0,0,0,"{""process_exit"": 60, ""process_exec"": 108}"
1776122277,normal,sw-wk2,0.1148298775474138,0.2838522751889089,319.15461030735383,169.01126741782787,652.6435095673045,3673.3782252150145,0.0,0,0,0,0,0,0,{}
1776122277,normal,k3s-wk1,0.28699999999999914,0.6116329500159732,223.86666666666667,208.6666666666667,89671.5,7248.3,0.0,0,60,3,0,52,0,"{""process_exit"": 60, ""process_exec"": 60, ""process_kprobe"": 52}"
1776122277,normal,sw-wk3,0.21011111111108927,0.34649801852772155,684.2333333333333,361.5,6575.866666666667,47624.03333333333,0.0,0,81,4,0,0,0,"{""process_exit"": 45, ""process_exec"": 81}"
1776122287,normal,sw-wk2,0.1148298775474138,0.2838522751889089,319.15461030735383,169.01126741782787,652.6435095673045,3673.3782252150145,0.0,0,2,2,0,0,0,"{""process_exec"": 2}"
1776122287,normal,k3s-wk1,0.28699999999999914,0.6116329500159732,223.86666666666667,208.66666666666666,89671.5,7248.3,0.0,0,36,3,0,30,0,"{""process_exit"": 36, ""process_exec"": 36, ""process_kprobe"": 30}"
1776122287,normal,sw-wk3,0.1926666666666481,0.34845081998547345,124.2,109.46666666666667,2961.133333333333,54495.53333333333,0.0,0,163,4,0,0,0,"{""process_exit"": 93, ""process_exec"": 163}"
1776122297,normal,sw-wk2,0.1148298775474138,0.2838522751889089,319.15461030735383,169.01126741782787,652.6435095673045,3673.3782252150145,0.0,0,81,3,0,0,0,"{""process_exit"": 81, ""process_exec"": 81}"
1776122297,normal,k3s-wk1,0.29044444444445805,0.6121465734543603,228.9,208.66666666666666,58735.73333333333,5424.133333333333,0.0,0,36,3,0,30,0,"{""process_exit"": 36, ""process_exec"": 36, ""process_kprobe"": 30}"
1776122297,normal,sw-wk3,0.1926666666666481,0.34845081998547345,124.2,109.46666666666667,2961.133333333333,54495.53333333333,0.0,0,108,4,0,0,0,"{""process_exit"": 60, ""process_exec"": 108}"
1776122307,normal,sw-wk2,0.19761317421160352,0.28669068644316165,317.0211347423162,167.01113407560504,5462.864190946064,27963.930928728583,0.0,0,23,3,0,0,0,"{""process_exit"": 25, ""process_exec"": 23}"
1776122307,normal,k3s-wk1,0.29044444444445816,0.6121465734543603,228.9,208.66666666666666,58735.73333333333,5424.133333333333,0.0,0,42,3,0,34,0,"{""process_exit"": 42, ""process_exec"": 42, ""process_kprobe"": 34}"
1776122307,normal,sw-wk3,0.1926666666666481,0.34845081998547345,124.2,109.46666666666667,2961.133333333333,54495.53333333333,0.0,0,81,4,0,0,0,"{""process_exit"": 45, ""process_exec"": 81}"
1776122317,normal,sw-wk2,0.19761317421160352,0.28669068644316165,317.0211347423162,167.01113407560504,5462.864190946064,27963.930928728583,0.0,0,0,0,0,0,0,{}
1776122317,normal,k3s-wk1,0.29044444444445816,0.6121465734543603,228.9,208.66666666666666,58735.73333333333,5424.133333333333,0.0,0,60,3,0,52,0,"{""process_exit"": 60, ""process_exec"": 60, ""process_kprobe"": 52}"
1776122317,normal,sw-wk3,0.20266666666670474,0.3442314308650942,100.86666666666666,100.86666666666666,3478.4,57983.366666666676,0.0,0,135,4,0,0,0,"{""process_exit"": 75, ""process_exec"": 135}"
1776122327,normal,sw-wk2,0.19761317421160352,0.28669068644316165,317.0211347423162,167.01113407560504,5462.864190946064,27963.930928728583,0.0,0,0,0,0,0,0,{}
1776122327,normal,k3s-wk1,0.2998888888888662,0.6119038722691883,228.33333333333334,214.66666666666666,90502.9,7255.766666666666,0.0,0,42,3,0,34,0,"{""process_exit"": 42, ""process_exec"": 42, ""process_kprobe"": 34}"
1776122327,normal,sw-wk3,0.2026666666667044,0.3442314308650942,100.86666666666666,100.86666666666666,3478.4000000000005,57983.36666666667,0.0,0,136,4,0,0,0,"{""process_exit"": 82, ""process_exec"": 136}"
1776122337,normal,sw-wk2,0.12326302109366871,0.2882373179402883,213.4026458729048,113.29934353027426,2025.2590889399846,3858.1758805691625,0.0,0,0,0,0,0,0,{}
1776122337,normal,k3s-wk1,0.2998888888888662,0.6119038722691883,228.33333333333334,214.66666666666666,90502.9,7255.766666666666,0.0,0,63,3,0,54,0,"{""process_exit"": 63, ""process_exec"": 63, ""process_kprobe"": 54}"
1776122337,normal,sw-wk3,0.20266666666670474,0.3442314308650942,100.86666666666666,100.86666666666666,3478.4,57983.36666666667,0.0,0,108,4,0,0,0,"{""process_exit"": 60, ""process_exec"": 108}"
1776122347,normal,sw-wk2,0.12326302109366871,0.2882373179402883,213.4026458729048,113.29934353027426,2025.2590889399846,3858.1758805691625,0.0,0,2,2,0,0,0,"{""process_exec"": 2}"
1776122347,normal,k3s-wk1,0.2998888888888662,0.6119038722691883,228.33333333333334,214.66666666666666,90502.9,7255.766666666666,0.0,0,12,2,0,8,0,"{""process_exit"": 12, ""process_exec"": 12, ""process_kprobe"": 8}"
1776122347,normal,sw-wk3,0.18677509665377146,0.34707939905959706,97.98693507532329,97.98693507532329,3266.964404746034,59083.85548593521,0.0,0,136,4,0,0,0,"{""process_exit"": 78, ""process_exec"": 136}"
1776122357,normal,sw-wk2,0.12326302109366871,0.2882373179402883,213.4026458729048,113.29934353027426,2025.2590889399846,3858.1758805691625,0.0,0,104,5,0,0,0,"{""process_exit"": 106, ""process_exec"": 104}"
1776122357,normal,k3s-wk1,0.3238888888888849,0.6148095134349216,220.93333333333334,205.79999999999998,86691.2,10300.733333333334,0.0,0,31,3,0,25,0,"{""process_exit"": 31, ""process_exec"": 31, ""process_kprobe"": 25}"
1776122357,normal,sw-wk3,0.18677509665377146,0.34707939905959706,97.98693507532329,97.98693507532329,3266.964404746034,59083.85548593521,0.0,0,108,4,0,0,0,"{""process_exit"": 60, ""process_exec"": 108}"
1776122367,normal,sw-wk2,0.2351202382539701,0.28869286542553874,321.5095346046139,173.02306974263234,5803.907187625016,27924.189891985596,0.0,0,0,0,0,0,0,{}
1776122367,normal,k3s-wk1,0.3238888888888849,0.6148095134349216,220.93333333333334,205.79999999999998,86691.2,10300.733333333334,0.0,0,38,3,0,33,0,"{""process_exit"": 38, ""process_exec"": 38, ""process_kprobe"": 33}"
1776122367,normal,sw-wk3,0.18677509665377146,0.34707939905959706,97.98693507532329,97.98693507532329,3266.964404746034,59083.85548593521,0.0,0,108,4,0,0,0,"{""process_exit"": 60, ""process_exec"": 108}"
1776122378,normal,sw-wk2,0.2351202382539701,0.28869286542553874,321.5095346046139,173.02306974263234,5803.907187625016,27924.189891985596,0.0,0,0,0,0,0,0,{}
1776122378,normal,k3s-wk1,0.3238888888888849,0.6148095134349216,220.93333333333334,205.79999999999998,86691.2,10300.733333333334,0.0,0,54,3,0,48,0,"{""process_exit"": 54, ""process_exec"": 54, ""process_kprobe"": 48}"
1776122378,normal,sw-wk3,0.20600524514378893,0.34623679549422126,103.41378850513401,100.88011734897987,5393.885851446859,60107.24763301773,0.0,0,82,4,0,0,0,"{""process_exit"": 58, ""process_exec"": 82}"
1776122387,normal,sw-wk2,0.2351202382539701,0.28869286542553874,321.5095346046139,173.02306974263234,5803.907187625016,27924.189891985596,0.0,0,0,0,0,0,0,{}
1776122387,normal,k3s-wk1,0.32966666666666755,0.6174814841572569,223.83333333333334,208.66666666666666,43303.96666666667,9524.266666666666,0.0,0,15,2,0,10,0,"{""process_exit"": 15, ""process_exec"": 15, ""process_kprobe"": 10}"
1776122387,normal,sw-wk3,0.20600524514378893,0.34623679549422126,103.41378850513401,100.88011734897987,5393.885851446859,60107.24763301773,0.0,0,1,1,0,0,0,"{""process_exit"": 5, ""process_exec"": 1}"
1776122397,normal,sw-wk2,0.1281880313385685,0.28477929839315974,319.1865310885147,169.02817136189367,1414.7691281880311,3658.77646274379,0.0,0,0,0,0,0,0,{}
1776122397,normal,k3s-wk1,0.32966666666666755,0.6174814841572569,223.83333333333334,208.66666666666666,43303.96666666667,9524.266666666666,0.0,0,15,2,0,10,0,"{""process_exit"": 15, ""process_exec"": 15, ""process_kprobe"": 10}"
1776122397,normal,sw-wk3,0.20600524514378893,0.34623679549422126,103.41378850513401,100.88011734897987,5393.885851446859,60107.24763301773,0.0,0,0,0,0,0,0,{}
1776122407,normal,sw-wk2,0.1281880313385685,0.28477929839315974,319.1865310885147,169.02817136189367,1414.7691281880316,3658.77646274379,0.0,0,50,5,0,0,0,"{""process_exec"": 50, ""process_exit"": 49}"
1776122407,normal,k3s-wk1,0.32966666666666755,0.6174814841572569,223.83333333333334,208.66666666666666,43303.96666666667,9524.266666666666,0.0,0,33,3,0,28,0,"{""process_exit"": 33, ""process_exec"": 33, ""process_kprobe"": 28}"
1776122407,normal,sw-wk3,0.20366666666666589,0.34691693107534693,120.50000000000003,106.86666666666666,5255.366666666667,6335.033333333333,0.0,0,0,0,0,0,0,{}
1776122417,normal,sw-wk2,0.1281880313385687,0.28477929839315974,319.1865310885147,169.02817136189364,1414.7691281880311,3658.77646274379,0.0,0,56,3,0,0,0,"{""process_exec"": 56, ""process_exit"": 57}"
1776122417,normal,k3s-wk1,0.2980000000000169,0.6231369861931246,420.8666666666667,301.1,33955.5,9689.033333333333,0.0,0,12,2,0,8,0,"{""process_exit"": 12, ""process_exec"": 12, ""process_kprobe"": 8}"
1776122417,normal,sw-wk3,0.20366666666666589,0.34691693107534693,120.5,106.86666666666666,5255.366666666667,6335.033333333333,0.0,0,0,0,0,0,0,{}
1776122427,normal,sw-wk2,0.20527520387531017,0.2896804159180397,319.11205919605356,168.98873408439437,5402.9731351243245,27904.339710685952,0.0,0,0,0,0,0,0,{}
1776122427,normal,k3s-wk1,0.29800000000001703,0.6231369861931246,420.8666666666667,301.1,33955.5,9689.033333333335,0.0,0,15,2,0,10,0,"{""process_exit"": 16, ""process_exec"": 15, ""process_kprobe"": 10}"
1776122427,normal,sw-wk3,0.20366666666666589,0.34691693107534693,120.5,106.86666666666666,5255.366666666667,6335.033333333333,0.0,0,1,1,0,0,0,"{""process_exit"": 29, ""process_exec"": 1}"
1776122437,normal,sw-wk2,0.20527520387531017,0.2896804159180397,319.11205919605356,168.98873408439437,5402.9731351243245,27904.339710685952,0.0,0,0,0,0,0,0,{}
1776122437,normal,k3s-wk1,0.29800000000001703,0.6231369861931246,420.8666666666667,301.1,33955.5,9689.033333333333,0.0,0,36,3,0,30,0,"{""process_exit"": 36, ""process_exec"": 36, ""process_kprobe"": 30}"
1776122437,normal,sw-wk3,0.1563333333333301,0.340986849650216,78.33333333333333,68.2,3005.2666666666664,9163.433333333332,0.0,0,0,0,0,0,0,{}
1776122447,normal,sw-wk2,0.20527520387531017,0.2896804159180397,319.11205919605356,168.98873408439437,5402.9731351243245,27904.339710685952,0.0,0,0,0,0,0,0,{}
1776122447,normal,k3s-wk1,0.26533333333332443,0.6251451973950826,228.0,212.66666666666666,12632.066666666666,1643.9333333333334,0.0,0,33,3,0,28,0,"{""process_exit"": 33, ""process_exec"": 33, ""process_kprobe"": 28}"
1776122447,normal,sw-wk3,0.1563333333333301,0.340986849650216,78.33333333333333,68.2,3005.2666666666664,9163.433333333332,0.0,0,1,1,0,0,0,"{""process_exit"": 5, ""process_exec"": 1}"
1776122457,normal,sw-wk2,0.1114963219770102,0.28471717828153476,317.0211347423162,167.01113407560504,969.397959863991,3616.3410894059607,0.0,0,0,0,0,0,0,{}
1776122457,normal,k3s-wk1,0.26533333333332443,0.6251451973950826,228.0,212.66666666666666,12632.066666666666,1643.9333333333334,0.0,0,57,3,0,50,0,"{""process_exit"": 57, ""process_exec"": 57, ""process_kprobe"": 50}"
1776122457,normal,sw-wk3,0.1563333333333301,0.340986849650216,78.33333333333333,68.2,3005.2666666666664,9163.433333333332,0.0,0,0,0,0,0,0,{}
1776122467,normal,sw-wk2,0.1114963219770102,0.28471717828153476,317.0211347423162,167.01113407560504,969.397959863991,3616.3410894059607,0.0,0,2,2,0,0,0,"{""process_exec"": 2}"
1776122467,normal,k3s-wk1,0.26533333333332443,0.6251451973950826,228.0,212.66666666666666,12632.066666666666,1643.9333333333334,0.0,0,12,2,0,8,0,"{""process_exit"": 12, ""process_exec"": 12, ""process_kprobe"": 8}"
1776122467,normal,sw-wk3,0.15500000000000813,0.3480446500248481,116.06666666666666,100.86666666666666,3941.5666666666666,6113.5,0.0,0,0,0,0,0,0,{}
1776122477,normal,sw-wk2,0.1114963219770102,0.28471717828153476,317.0211347423162,167.01113407560504,969.397959863991,3616.3410894059607,0.0,0,106,7,0,0,0,"{""process_exec"": 106, ""process_exit"": 106}"
1776122477,normal,k3s-wk1,0.3056666666666691,0.6227859161066667,225.13333333333333,209.79999999999998,10935.9,10096.566666666666,0.0,0,36,3,0,30,0,"{""process_exit"": 36, ""process_exec"": 36, ""process_kprobe"": 30}"
1776122477,normal,sw-wk3,0.15500000000000813,0.3480446500248481,116.06666666666666,100.86666666666666,3941.5666666666666,6113.5,0.0,0,1,1,0,0,0,"{""process_exit"": 5, ""process_exec"": 1}"
1776122487,normal,sw-wk2,0.24090429372882383,0.2904433783146655,1004.2326278953508,480.4532577903682,7171.704715880686,29494.517580403266,0.0,0,5,4,0,0,0,"{""process_exit"": 6, ""process_exec"": 5}"
1776122487,normal,k3s-wk1,0.3056666666666691,0.6227859161066667,225.13333333333333,209.79999999999998,10935.9,10096.566666666666,0.0,0,57,3,0,50,0,"{""process_exit"": 57, ""process_exec"": 57, ""process_kprobe"": 50}"
1776122487,normal,sw-wk3,0.15500000000000813,0.3480446500248481,116.06666666666666,100.86666666666666,3941.5666666666666,6113.5,0.0,0,0,0,0,0,0,{}
1776122497,normal,sw-wk2,0.24090429372882383,0.2904433783146655,1004.2326278953506,480.4532577903683,7171.704715880686,29494.51758040326,0.0,0,3,2,0,0,0,"{""process_exit"": 3, ""process_exec"": 3}"
1776122497,normal,k3s-wk1,0.3056666666666691,0.6227859161066667,225.13333333333333,209.79999999999998,10935.9,10096.566666666666,0.0,0,15,2,0,10,0,"{""process_exit"": 15, ""process_exec"": 15, ""process_kprobe"": 10}"
1776122497,normal,sw-wk3,0.16822222222221572,0.344967315264345,111.0,100.86666666666666,4487.466666666666,5965.833333333333,0.0,0,0,0,0,0,0,{}
1776122507,normal,sw-wk2,0.24090429372882383,0.2904433783146655,1004.2326278953508,480.4532577903683,7171.704715880686,29494.517580403266,0.0,0,3,2,0,0,0,"{""process_exit"": 3, ""process_exec"": 3}"
1776122507,normal,k3s-wk1,0.28460324867231723,0.628179526631093,226.9182054529698,217.25218318778747,35969.068728751416,6576.394907006199,0.0,0,15,2,0,10,0,"{""process_exit"": 15, ""process_exec"": 15, ""process_kprobe"": 10}"
1776122507,normal,sw-wk3,0.16822222222221572,0.344967315264345,111.0,100.86666666666666,4487.466666666666,5965.833333333333,0.0,0,0,0,0,0,0,{}
1776122517,normal,sw-wk2,0.11927461830788477,0.28865782331128864,401.426761784119,252.0168011200747,691.579438629242,6000.166677778519,0.0,0,4,2,0,0,0,"{""process_exit"": 4, ""process_exec"": 4}"
1776122517,normal,k3s-wk1,0.28460324867231723,0.628179526631093,226.9182054529698,217.25218318778747,35969.068728751416,6576.394907006199,0.0,0,39,3,0,32,0,"{""process_exit"": 39, ""process_exec"": 39, ""process_kprobe"": 32}"
1776122517,normal,sw-wk3,0.16822222222221572,0.344967315264345,111.0,100.86666666666666,4487.466666666666,5965.833333333333,0.0,0,1,1,0,0,0,"{""process_exit"": 3, ""process_exec"": 1}"
1776122527,normal,sw-wk2,0.11927461830788477,0.28865782331128864,401.426761784119,252.0168011200747,691.579438629242,6000.166677778519,0.0,0,109,8,0,0,0,"{""process_exit"": 109, ""process_exec"": 109}"
1776122527,normal,k3s-wk1,0.28460324867231723,0.628179526631093,226.9182054529698,217.25218318778747,35969.068728751416,6576.394907006199,0.0,0,21,2,0,14,0,"{""process_exit"": 21, ""process_exec"": 21, ""process_kprobe"": 14}"
1776122527,normal,sw-wk3,0.1537512915375121,0.3464040419485964,100.85658100856581,100.85658100856581,2195.3804619538046,5580.0086658000855,0.0,0,0,0,0,0,0,{}
1776122538,normal,sw-wk2,0.11927461830788477,0.28865782331128864,401.426761784119,252.0168011200747,691.579438629242,6000.166677778519,0.0,0,3,2,0,0,0,"{""process_exit"": 3, ""process_exec"": 3}"
1776122538,normal,k3s-wk1,0.30706491543882075,0.6315965335497702,223.88159210614043,208.68057870524703,35890.79271951464,9540.602706847123,0.0,0,54,3,0,48,0,"{""process_exit"": 54, ""process_exec"": 54, ""process_kprobe"": 48}"
1776122538,normal,sw-wk3,0.1537512915375121,0.3464040419485964,100.85658100856581,100.85658100856581,2195.3804619538046,5580.0086658000855,0.0,0,0,0,0,0,0,{}
1776122547,normal,sw-wk2,0.1949194919491869,0.2896469666271646,295.1628496182951,195.019501950195,5536.3869720305365,30231.78984565123,0.0,0,4,2,0,0,0,"{""process_exit"": 4, ""process_exec"": 4}"
1776122547,normal,k3s-wk1,0.30706491543882075,0.6315965335497702,223.88159210614043,208.68057870524703,35890.79271951464,9540.602706847123,0.0,0,54,3,0,48,0,"{""process_exit"": 54, ""process_exec"": 54, ""process_kprobe"": 48}"
1776122547,normal,sw-wk3,0.1537512915375121,0.3464040419485964,100.85658100856581,100.85658100856581,2195.3804619538046,5580.008665800086,0.0,0,0,0,0,0,0,{}
1776122557,normal,sw-wk2,0.1949194919491869,0.2896469666271646,295.1628496182951,195.019501950195,5536.3869720305365,30231.78984565123,0.0,0,3,2,0,0,0,"{""process_exit"": 3, ""process_exec"": 3}"
1776122557,normal,k3s-wk1,0.30706491543882075,0.6315965335497702,223.88159210614043,208.68057870524703,35890.79271951464,9540.602706847123,0.0,0,27,3,0,22,0,"{""process_exit"": 28, ""process_exec"": 27, ""process_kprobe"": 22}"
1776122557,normal,sw-wk3,0.15435988043248372,0.3438889738394689,100.87675434210087,100.87675434210087,2942.194219421942,5213.054638797213,0.0,0,1,1,0,0,0,"{""process_exit"": 11, ""process_exec"": 1}"
1776122568,normal,sw-wk2,0.1949194919491869,0.2896469666271646,295.1628496182951,195.019501950195,5536.3869720305365,30231.78984565123,0.0,0,3,2,0,0,0,"{""process_exit"": 3, ""process_exec"": 3}"
1776122568,normal,k3s-wk1,0.27033333333331233,0.6316789390684564,223.86666666666667,208.66666666666666,12523.466666666667,1895.1333333333332,0.0,0,24,2,0,18,0,"{""process_exec"": 24, ""process_kprobe"": 18, ""process_exit"": 23}"
1776122568,normal,sw-wk3,0.15435988043248372,0.3438889738394689,100.87675434210087,100.87675434210087,2942.194219421942,5213.054638797213,0.0,0,0,0,0,0,0,{}
1776122578,normal,sw-wk2,0.12228665378037273,0.2938902480981689,400.7198560287943,250.61654335799508,742.5848163700595,5818.702926081451,0.0,0,4,2,0,0,0,"{""process_exit"": 4, ""process_exec"": 4}"
1776122578,normal,k3s-wk1,0.27033333333331233,0.6316789390684564,223.86666666666667,208.66666666666666,12523.466666666667,1895.1333333333332,0.0,0,39,3,0,32,0,"{""process_exit"": 39, ""process_exec"": 39, ""process_kprobe"": 32}"
1776122578,normal,sw-wk3,0.15435988043248372,0.3438889738394689,100.87675434210087,100.87675434210087,2942.194219421942,5213.054638797213,0.0,0,1,1,0,0,0,"{""process_exit"": 3, ""process_exec"": 1}"
1776122587,normal,sw-wk2,0.12228665378037273,0.2938902480981689,400.7198560287943,250.61654335799508,742.5848163700595,5818.702926081451,0.0,0,5,3,0,0,0,"{""process_exit"": 3, ""process_exec"": 5}"
1776122587,normal,k3s-wk1,0.27033333333331233,0.6316789390684564,223.86666666666667,208.66666666666666,12523.466666666667,1895.1333333333332,0.0,0,60,3,0,52,0,"{""process_exit"": 60, ""process_exec"": 60, ""process_kprobe"": 52}"
1776122587,normal,sw-wk3,0.17544444444445417,0.340031155625215,111.0,100.86666666666666,2328.6666666666665,7199.433333333333,0.0,0,1,1,0,0,0,"{""process_exit"": 17, ""process_exec"": 1}"
1776122598,normal,sw-wk2,0.12228665378037273,0.2938902480981689,400.7198560287943,250.61654335799508,742.5848163700595,5818.702926081451,0.0,0,3,2,0,0,0,"{""process_exit"": 3, ""process_exec"": 3}"
1776122598,normal,k3s-wk1,0.29722222222222217,0.6338790535331085,221.0,205.79999999999998,14638.833333333334,4914.0,0.0,0,36,3,0,30,0,"{""process_exit"": 36, ""process_exec"": 36, ""process_kprobe"": 30}"
1776122598,normal,sw-wk3,0.17544444444445395,0.340031155625215,111.0,100.86666666666666,2328.6666666666665,7199.433333333333,0.0,0,0,0,0,0,0,{}
1776122607,normal,sw-wk2,0.21833333333330918,0.2882484677039132,397.5333333333333,247.4,5585.766666666666,30443.8,0.0,0,107,7,0,0,0,"{""process_exit"": 109, ""process_exec"": 107}"
1776122607,normal,k3s-wk1,0.29722222222222217,0.6338790535331085,221.0,205.79999999999998,14638.833333333334,4914.0,0.0,0,36,3,0,30,0,"{""process_exit"": 36, ""process_exec"": 36, ""process_kprobe"": 30}"
1776122607,normal,sw-wk3,0.17544444444445417,0.340031155625215,111.0,100.86666666666666,2328.6666666666665,7199.433333333333,0.0,0,0,0,0,0,0,{}
1776122618,normal,sw-wk2,0.21833333333330918,0.2882484677039132,397.5333333333333,247.4,5585.766666666666,30443.8,0.0,0,3,2,0,0,0,"{""process_exit"": 3, ""process_exec"": 3}"
1776122618,normal,k3s-wk1,0.29722222222222217,0.6338790535331085,221.0,205.79999999999998,14638.833333333334,4914.0,0.0,0,36,3,0,30,0,"{""process_exit"": 36, ""process_exec"": 36, ""process_kprobe"": 30}"
1776122618,normal,sw-wk3,0.1516666666666625,0.3432932578972183,78.33333333333333,68.20000000000002,3733.0,9953.0,0.0,0,1,1,0,0,0,"{""process_exit"": 17, ""process_exec"": 1}"
1776122628,normal,sw-wk2,0.21833333333330918,0.2882484677039132,397.5333333333333,247.4,5585.766666666666,30443.8,0.0,0,4,2,0,0,0,"{""process_exit"": 4, ""process_exec"": 4}"
1776122628,normal,k3s-wk1,0.3135555555555888,0.6336160331789453,223.86666666666667,208.66666666666666,37442.16666666667,8376.966666666667,0.0,0,60,3,0,52,0,"{""process_exit"": 60, ""process_exec"": 60, ""process_kprobe"": 52}"
1776122628,normal,sw-wk3,0.15166666666666273,0.3432932578972183,78.33333333333333,68.2,3733.0,9953.0,0.0,0,0,0,0,0,0,{}
1776122637,normal,sw-wk2,0.15038780363136284,0.29235795201141734,383.3588905927062,233.0822054803654,3584.9723314887656,5897.359823988267,0.0,0,0,0,0,0,0,"{""process_exit"": 2}"
1776122637,normal,k3s-wk1,0.3135555555555888,0.6336160331789453,223.86666666666667,208.66666666666666,37442.166666666664,8376.966666666667,0.0,0,78,3,0,70,0,"{""process_exit"": 78, ""process_exec"": 78, ""process_kprobe"": 70}"
1776122637,normal,sw-wk3,0.15166666666666273,0.3432932578972183,78.33333333333333,68.2,3733.0,9953.0,0.0,0,1,1,0,0,0,"{""process_exit"": 3, ""process_exec"": 1}"
1776122647,normal,sw-wk2,0.15038780363136284,0.29235795201141734,383.3588905927062,233.0822054803654,3584.972331488766,5897.359823988267,0.0,0,2,2,0,0,0,"{""process_exec"": 2}"
1776122647,normal,k3s-wk1,0.3135555555555888,0.6336160331789453,223.86666666666667,208.66666666666666,37442.166666666664,8376.966666666667,0.0,0,15,2,0,10,0,"{""process_exit"": 15, ""process_exec"": 15, ""process_kprobe"": 10}"
1776122647,normal,sw-wk3,0.16699999999998705,0.3415682301820916,116.06666666666666,100.86666666666669,3675.5,5660.366666666667,0.0,0,0,0,0,0,0,{}
1776122658,normal,sw-wk2,0.15038780363136284,0.29235795201141734,383.3588905927062,233.0822054803654,3584.972331488766,5897.359823988267,0.0,0,104,5,0,0,0,"{""process_exit"": 106, ""process_exec"": 104}"
1776122658,normal,k3s-wk1,0.3208888888888598,0.6307250669685944,223.86666666666667,208.66666666666666,34217.03333333333,10463.733333333334,0.0,0,33,3,0,28,0,"{""process_exit"": 33, ""process_exec"": 33, ""process_kprobe"": 28}"
1776122658,normal,sw-wk3,0.16699999999998705,0.3415682301820916,116.06666666666666,100.86666666666666,3675.5,5660.366666666667,0.0,0,0,0,0,0,0,{}
1776122667,normal,sw-wk2,0.21011111111112968,0.28560278807803563,323.6,175.0,6825.666666666667,28145.166666666668,0.0,0,0,0,0,0,0,{}
1776122667,normal,k3s-wk1,0.3208888888888598,0.6307250669685944,223.86666666666667,208.66666666666666,34217.03333333333,10463.733333333334,0.0,0,36,3,0,30,0,"{""process_exit"": 36, ""process_exec"": 36, ""process_kprobe"": 30}"
1776122667,normal,sw-wk3,0.16699999999998705,0.3415682301820916,116.06666666666666,100.86666666666666,3675.5,5660.366666666667,0.0,0,0,0,0,0,0,{}
1776122678,normal,sw-wk2,0.21011111111112957,0.28560278807803563,323.6,175.0,6825.666666666667,28145.166666666668,0.0,0,0,0,0,0,0,{}
1776122678,normal,k3s-wk1,0.3208888888888598,0.6307250669685944,223.86666666666667,208.66666666666666,34217.03333333333,10463.733333333334,0.0,0,57,3,0,50,0,"{""process_exit"": 57, ""process_exec"": 57, ""process_kprobe"": 50}"
1776122678,normal,sw-wk3,0.16066666666667717,0.34095977165284097,111.0,100.86666666666666,2895.4333333333334,5121.433333333333,0.0,0,1,1,0,0,0,"{""process_exit"": 5, ""process_exec"": 1}"
1776122688,normal,sw-wk2,0.21011111111112968,0.28560278807803563,323.6,175.0,6825.666666666667,28145.166666666668,0.0,0,0,0,0,0,0,{}
1776122688,normal,k3s-wk1,0.2834444444444467,0.6209978292354461,223.83333333333334,208.66666666666666,9631.7,5498.633333333333,0.0,0,36,3,0,30,0,"{""process_exit"": 36, ""process_exec"": 36, ""process_kprobe"": 30}"
1776122688,normal,sw-wk3,0.16066666666667717,0.34095977165284097,111.0,100.86666666666666,2895.4333333333334,5121.433333333333,0.0,0,0,0,0,0,0,{}
1776122697,normal,sw-wk2,0.13263775459182536,0.28216069676465716,319.14397146571554,169.00563352111737,998.2999433314445,3639.421314043802,0.0,0,0,0,0,0,0,{}
1776122697,normal,k3s-wk1,0.28344444444444694,0.6209978292354461,223.83333333333334,208.66666666666666,9631.7,5498.633333333333,0.0,0,39,3,0,32,0,"{""process_exit"": 39, ""process_exec"": 39, ""process_kprobe"": 32}"
1776122697,normal,sw-wk3,0.16066666666667717,0.34095977165284097,111.0,100.86666666666666,2895.4333333333334,5121.433333333333,0.0,0,0,0,0,0,0,{}
1776122707,normal,sw-wk2,0.13263775459182536,0.28216069676465716,319.14397146571554,169.00563352111737,998.2999433314443,3639.421314043802,0.0,0,106,7,0,0,0,"{""process_exec"": 106, ""process_exit"": 106}"
1776122707,normal,k3s-wk1,0.28344444444444694,0.6209978292354461,223.83333333333334,208.66666666666666,9631.7,5498.633333333333,0.0,0,36,3,0,30,0,"{""process_exit"": 36, ""process_exec"": 36, ""process_kprobe"": 30}"
1776122707,normal,sw-wk3,0.1643333333333431,0.34074155485046576,100.86666666666666,100.86666666666666,2984.4666666666667,6418.133333333333,0.0,0,1,1,0,0,0,"{""process_exit"": 3, ""process_exec"": 1}"
1776122718,normal,sw-wk2,0.13263775459182536,0.28216069676465716,319.14397146571554,169.00563352111737,998.2999433314445,3639.421314043802,0.0,0,0,0,0,0,0,{}
1776122718,normal,k3s-wk1,0.30633333333335033,0.6128001733902421,221.0,205.79999999999998,33601.8,10605.06666666667,0.0,0,18,2,0,12,0,"{""process_exit"": 18, ""process_exec"": 18, ""process_kprobe"": 12}"
1776122718,normal,sw-wk3,0.1643333333333431,0.34074155485046576,100.86666666666666,100.86666666666666,2984.4666666666667,6418.133333333333,0.0,0,0,0,0,0,0,{}
1776122728,normal,sw-wk2,0.2248294558140318,0.28492902379040996,215.585627624825,125.19165388974068,7352.57649490034,29393.640423971734,0.0,0,7,6,0,2,1,"{""process_exec"": 7, ""process_exit"": 7, ""process_kprobe"": 2}"
1776122728,normal,k3s-wk1,0.30633333333335033,0.6128001733902421,221.0,205.79999999999998,33601.8,10605.066666666666,0.0,0,39,3,0,32,0,"{""process_exit"": 40, ""process_exec"": 39, ""process_kprobe"": 32}"
1776122728,normal,sw-wk3,0.1643333333333431,0.34074155485046576,100.86666666666666,100.86666666666666,2984.4666666666667,6418.133333333333,0.0,0,1,1,0,0,0,"{""process_exit"": 15, ""process_exec"": 1}"
1776122738,normal,sw-wk2,0.2248294558140318,0.28492902379040996,215.585627624825,125.19165388974068,7352.57649490034,29393.640423971734,0.0,0,10,5,0,5,4,"{""process_exit"": 14, ""process_exec"": 10, ""process_kprobe"": 5}"
1776122738,normal,k3s-wk1,0.30633333333335033,0.6128001733902421,221.0,205.79999999999998,33601.8,10605.066666666666,0.0,0,33,3,0,28,0,"{""process_exit"": 33, ""process_exec"": 33, ""process_kprobe"": 28}"
1776122738,normal,sw-wk3,0.1829999999999926,0.3383124992035883,108.93333333333334,103.86666666666666,4855.866666666667,7382.2,0.0,0,0,0,0,0,0,{}
1776122748,normal,sw-wk2,0.2248294558140318,0.28492902379040996,215.585627624825,125.19165388974068,7352.57649490034,29393.640423971734,0.0,0,6,5,0,3,2,"{""process_exit"": 8, ""process_exec"": 6, ""process_kprobe"": 3}"
1776122748,normal,k3s-wk1,0.2963333333333139,0.6147045310618007,228.33333333333334,214.66666666666666,18116.566666666666,5668.766666666666,0.0,0,18,2,0,12,0,"{""process_exit"": 18, ""process_exec"": 18, ""process_kprobe"": 12}"
1776122748,normal,sw-wk3,0.18299999999999272,0.3383124992035883,108.93333333333335,103.86666666666666,4855.866666666667,7382.2,0.0,0,0,0,0,0,0,{}
1776122758,normal,sw-wk2,0.1290530479810056,0.28558208137416063,355.1570104673645,238.7825855057004,744.7829855323689,11186.312420828055,0.0,0,7,5,0,4,2,"{""process_exit"": 9, ""process_exec"": 7, ""process_kprobe"": 4}"
1776122758,normal,k3s-wk1,0.2963333333333139,0.6147045310618007,228.33333333333334,214.66666666666666,18116.566666666666,5668.766666666666,0.0,0,54,3,0,48,0,"{""process_exit"": 54, ""process_exec"": 54, ""process_kprobe"": 48}"
1776122758,normal,sw-wk3,0.18299999999999272,0.3383124992035883,108.93333333333334,103.86666666666666,4855.866666666667,7382.2,0.0,0,1,1,0,0,0,"{""process_exit"": 5, ""process_exec"": 1}"
1776122768,normal,sw-wk2,0.1290530479810056,0.28558208137416063,355.1570104673645,238.7825855057004,744.7829855323689,11186.312420828055,0.0,0,113,11,0,3,2,"{""process_exit"": 115, ""process_exec"": 113, ""process_kprobe"": 3}"
1776122768,normal,k3s-wk1,0.2963333333333139,0.6147045310618007,228.33333333333334,214.66666666666666,18116.566666666666,5668.766666666666,0.0,0,57,3,0,50,0,"{""process_exit"": 57, ""process_exec"": 57, ""process_kprobe"": 50}"
1776122768,normal,sw-wk3,0.1513333333333423,0.33842558966321346,119.8,106.0,4207.066666666667,6170.066666666667,0.0,0,0,0,0,0,0,{}
1776122778,normal,sw-wk2,0.1290530479810056,0.28558208137416063,355.1570104673645,238.7825855057004,744.7829855323689,11186.312420828055,0.0,0,6,5,0,3,2,"{""process_exit"": 8, ""process_exec"": 6, ""process_kprobe"": 3}"
1776122778,normal,k3s-wk1,0.30222222222220996,0.6169938241014694,223.86666666666667,208.66666666666666,40914.53333333333,11467.633333333333,0.0,0,30,3,0,26,0,"{""process_exit"": 30, ""process_exec"": 30, ""process_kprobe"": 26}"
1776122778,normal,sw-wk3,0.1513333333333423,0.33842558966321346,119.8,106.0,4207.066666666667,6170.066666666667,0.0,0,1,1,0,0,0,"{""process_exit"": 3, ""process_exec"": 1}"
1776122788,normal,sw-wk2,0.20144444444443543,0.2807271557271557,362.0,228.83333333333334,5834.966666666666,34770.333333333336,0.0,0,6,5,0,3,2,"{""process_exit"": 8, ""process_exec"": 6, ""process_kprobe"": 3}"
1776122788,normal,k3s-wk1,0.30222222222221007,0.6169938241014694,223.86666666666667,208.66666666666666,40914.53333333333,11467.633333333333,0.0,0,60,3,0,52,0,"{""process_exit"": 60, ""process_exec"": 60, ""process_kprobe"": 52}"
1776122788,normal,sw-wk3,0.1513333333333423,0.33842558966321346,119.8,106.0,4207.066666666667,6170.066666666667,0.0,0,0,0,0,0,0,{}
1776122798,normal,sw-wk2,0.20144444444443554,0.2807271557271557,362.0,228.83333333333334,5834.966666666666,34770.333333333336,0.0,0,10,5,0,5,4,"{""process_exit"": 14, ""process_exec"": 10, ""process_kprobe"": 5}"
1776122798,normal,k3s-wk1,0.30222222222221007,0.6169938241014694,223.86666666666667,208.66666666666666,40914.53333333333,11467.633333333333,0.0,0,78,3,0,70,0,"{""process_exit"": 78, ""process_exec"": 78, ""process_kprobe"": 70}"
1776122798,normal,sw-wk3,0.14733333333331555,0.342025370490717,78.33333333333333,68.20000000000002,2695.1666666666665,5667.866666666667,0.0,0,0,0,0,0,0,{}
1776122808,normal,sw-wk2,0.20144444444443554,0.2807271557271557,362.0,228.83333333333334,5834.966666666666,34770.333333333336,0.0,0,6,5,0,3,2,"{""process_exit"": 8, ""process_exec"": 6, ""process_kprobe"": 3}"
1776122808,normal,k3s-wk1,0.2838888888889213,0.6158266007272004,223.86666666666667,208.66666666666666,17297.8,2012.5,0.0,0,78,3,0,70,0,"{""process_exit"": 78, ""process_exec"": 78, ""process_kprobe"": 70}"
1776122808,normal,sw-wk3,0.14733333333331555,0.342025370490717,78.33333333333333,68.2,2695.1666666666665,5667.866666666667,0.0,0,1,1,0,0,0,"{""process_exit"": 7, ""process_exec"": 1}"
1776122818,normal,sw-wk2,0.12291812495138499,0.2872577315646623,360.25465817806065,230.35898803373217,776.007466417786,10613.279557348087,0.0,0,6,5,0,3,2,"{""process_exit"": 8, ""process_exec"": 6, ""process_kprobe"": 3}"
1776122818,normal,k3s-wk1,0.2838888888889213,0.6158266007272004,223.86666666666667,208.66666666666666,17297.8,2012.5,0.0,0,15,2,0,10,0,"{""process_exit"": 15, ""process_exec"": 15, ""process_kprobe"": 10}"
1776122818,normal,sw-wk3,0.14733333333331555,0.342025370490717,78.33333333333333,68.2,2695.1666666666665,5667.866666666667,0.0,0,0,0,0,0,0,{}
1776122828,normal,sw-wk2,0.12291812495138499,0.2872577315646623,360.25465817806077,230.35898803373217,776.007466417786,10613.279557348089,0.0,0,112,11,0,3,2,"{""process_exit"": 114, ""process_exec"": 112, ""process_kprobe"": 3}"
1776122828,normal,k3s-wk1,0.2838888888889213,0.6158266007272004,223.86666666666667,208.66666666666666,17297.8,2012.5,0.0,0,18,2,0,12,0,"{""process_exit"": 18, ""process_exec"": 18, ""process_kprobe"": 12}"
1776122828,normal,sw-wk3,0.1528888888888913,0.3432263593154682,116.06666666666666,100.86666666666666,2294.6666666666665,6138.600000000001,0.0,0,1,1,0,0,0,"{""process_exit"": 7, ""process_exec"": 1}"
1776122838,normal,sw-wk2,0.12291812495138499,0.2872577315646623,360.25465817806065,230.35898803373217,776.007466417786,10613.279557348087,0.0,0,8,5,0,4,2,"{""process_exit"": 10, ""process_exec"": 8, ""process_kprobe"": 4}"
1776122838,normal,k3s-wk1,0.31211111111107226,0.6145645545643061,215.93333333333334,205.79999999999998,40136.73333333333,11433.6,0.0,0,78,3,0,70,0,"{""process_exit"": 78, ""process_exec"": 78, ""process_kprobe"": 70}"
1776122838,normal,sw-wk3,0.15288888888889118,0.3432263593154682,116.06666666666669,100.86666666666666,2294.6666666666665,6138.6,0.0,0,0,0,0,0,0,{}
1776122848,normal,sw-wk2,0.20913747319533482,0.28910381385628914,362.1212626245791,233.2922235925469,6537.615412819571,34570.580980633975,0.0,0,9,5,0,4,3,"{""process_exit"": 13, ""process_exec"": 9, ""process_kprobe"": 4}"
1776122848,normal,k3s-wk1,0.31211111111107226,0.6145645545643061,215.93333333333334,205.79999999999998,40136.73333333333,11433.6,0.0,0,33,3,0,28,0,"{""process_exit"": 33, ""process_exec"": 33, ""process_kprobe"": 28}"
1776122848,normal,sw-wk3,0.1528888888888913,0.3432263593154682,116.06666666666666,100.86666666666666,2294.6666666666665,6138.6,0.0,0,0,0,0,0,0,{}
1776122858,normal,sw-wk2,0.20913747319533482,0.28910381385628914,362.1212626245791,233.2922235925469,6537.615412819573,34570.58098063398,0.0,0,7,5,0,4,3,"{""process_exit"": 9, ""process_exec"": 7, ""process_kprobe"": 4}"
1776122858,normal,k3s-wk1,0.31211111111107226,0.6145645545643061,215.93333333333334,205.79999999999998,40136.73333333333,11433.6,0.0,0,33,3,0,28,0,"{""process_exit"": 33, ""process_exec"": 33, ""process_kprobe"": 28}"
1776122858,normal,sw-wk3,0.1613340443496446,0.34155070912496655,105.91921077189708,100.85321957072391,3698.8401546460473,6226.403146247168,0.0,0,0,0,0,0,0,{}
1776122868,normal,sw-wk2,0.20913747319533482,0.28910381385628914,362.1212626245791,233.2922235925469,6537.615412819571,34570.580980633975,0.0,0,2,2,0,1,0,"{""process_exit"": 4, ""process_exec"": 2, ""process_kprobe"": 1}"
1776122868,normal,k3s-wk1,0.2842222222222417,0.6140960848347883,223.86666666666667,208.6666666666667,16518.6,4752.0,0.0,0,57,3,0,50,0,"{""process_exit"": 57, ""process_exec"": 57, ""process_kprobe"": 50}"
1776122868,normal,sw-wk3,0.1613340443496446,0.34155070912496655,105.91921077189708,100.85321957072391,3698.8401546460473,6226.403146247168,0.0,0,1,1,0,0,0,"{""process_exit"": 3, ""process_exec"": 1}"
1776122878,normal,sw-wk2,0.1512222222222287,0.28018241013290524,337.0,196.6,2816.633333333333,8257.066666666666,0.0,0,0,0,0,0,0,{}
1776122878,normal,k3s-wk1,0.2842222222222417,0.6140960848347883,223.86666666666667,208.66666666666666,16518.6,4752.0,0.0,0,15,2,0,10,0,"{""process_exit"": 15, ""process_exec"": 15, ""process_kprobe"": 10}"
1776122878,normal,sw-wk3,0.1613340443496446,0.34155070912496655,105.91921077189708,100.85321957072391,3698.8401546460473,6226.403146247168,0.0,0,0,0,0,0,0,{}
1776122888,normal,sw-wk2,0.1512222222222287,0.28018241013290524,337.0,196.6,2816.633333333333,8257.066666666666,0.0,0,106,7,0,0,0,"{""process_exec"": 106, ""process_exit"": 106}"
1776122888,normal,k3s-wk1,0.2842222222222417,0.6140960848347883,223.86666666666667,208.66666666666666,16518.6,4752.0,0.0,0,33,3,0,28,0,"{""process_exit"": 33, ""process_exec"": 33, ""process_kprobe"": 28}"
1776122888,normal,sw-wk3,0.1688891852247072,0.3386629203460887,98.01306840912122,98.01306840912122,3490.1986931590877,5727.997066275503,0.0,0,0,0,0,0,0,"{""process_exit"": 4}"
1776122898,normal,sw-wk2,0.1512222222222287,0.28018241013290524,337.0,196.6,2816.633333333333,8257.066666666666,0.0,0,0,0,0,0,0,{}
1776122898,normal,k3s-wk1,0.2928888888888953,0.6115866674643822,223.86666666666667,208.66666666666666,34336.4,9591.333333333334,0.0,0,36,3,0,30,0,"{""process_exit"": 36, ""process_exec"": 36, ""process_kprobe"": 30}"
1776122898,normal,sw-wk3,0.1688891852247072,0.3386629203460887,98.01306840912122,98.01306840912122,3490.1986931590877,5727.997066275503,0.0,0,1,1,0,0,0,"{""process_exit"": 5, ""process_exec"": 1}"
1776122908,normal,sw-wk2,0.20020003333889702,0.28707455687653705,219.50325054175693,113.35222537089516,5476.112685447575,27836.339389898312,0.0,0,0,0,0,0,0,{}
1776122908,normal,k3s-wk1,0.2928888888888953,0.6115866674643822,223.86666666666667,208.66666666666666,34336.4,9591.333333333334,0.0,0,57,3,0,50,0,"{""process_exit"": 57, ""process_exec"": 57, ""process_kprobe"": 50}"
1776122908,normal,sw-wk3,0.1688891852247072,0.3386629203460887,98.01306840912122,98.01306840912122,3490.1986931590877,5727.997066275503,0.0,0,0,0,0,0,0,{}
1776122918,normal,sw-wk2,0.20020003333889713,0.28707455687653705,219.50325054175693,113.35222537089516,5476.112685447574,27836.339389898312,0.0,0,0,0,0,0,0,{}
1776122918,normal,k3s-wk1,0.2928888888888953,0.6115866674643822,223.86666666666667,208.66666666666666,34336.4,9591.333333333334,0.0,0,18,2,0,12,0,"{""process_exit"": 18, ""process_exec"": 18, ""process_kprobe"": 12}"
1776122918,normal,sw-wk3,0.15555555555553546,0.34070014144271565,100.86666666666666,100.86666666666666,2645.133333333333,6435.833333333333,0.0,0,1,1,0,0,0,"{""process_exit"": 15, ""process_exec"": 1}"
1776122928,normal,sw-wk2,0.20020003333889713,0.28707455687653705,219.50325054175693,113.35222537089514,5476.112685447574,27836.339389898312,0.0,0,0,0,0,0,0,{}
1776122928,normal,k3s-wk1,0.26877777777778344,0.6211141000357843,221.0,205.79999999999998,10855.466666666667,1864.0333333333333,0.0,0,15,2,0,10,0,"{""process_exit"": 15, ""process_exec"": 15, ""process_kprobe"": 10}"
1776122928,normal,sw-wk3,0.15555555555553546,0.34070014144271565,100.86666666666666,100.86666666666666,2645.133333333333,6435.833333333333,0.0,0,0,0,0,0,0,{}
1776122938,normal,sw-wk2,0.11186659111864006,0.28473151369190974,319.10142319101425,168.98310168983102,649.5017164950171,3619.271406192714,0.0,0,0,0,0,0,0,{}
1776122938,normal,k3s-wk1,0.26877777777778344,0.6211141000357843,221.0,205.79999999999998,10855.466666666667,1864.0333333333333,0.0,0,57,3,0,50,0,"{""process_exit"": 57, ""process_exec"": 57, ""process_kprobe"": 50}"
1776122938,normal,sw-wk3,0.15555555555553546,0.34070014144271565,100.86666666666666,100.86666666666666,2645.133333333333,6435.833333333333,0.0,0,0,0,0,0,0,{}
1776122948,normal,sw-wk2,0.11186659111864006,0.28473151369190974,319.10142319101425,168.98310168983102,649.5017164950171,3619.271406192714,0.0,0,2,2,0,0,0,"{""process_exec"": 2}"
1776122948,normal,k3s-wk1,0.26877777777778344,0.6211141000357843,221.0,205.79999999999998,10855.466666666667,1864.0333333333333,0.0,0,15,2,0,10,0,"{""process_exit"": 15, ""process_exec"": 15, ""process_kprobe"": 10}"
1776122948,normal,sw-wk3,0.15530669155307986,0.3394083616855894,110.95557110955572,100.85658100856581,2276.172382761724,7215.24514215245,0.0,0,1,1,0,0,0,"{""process_exit"": 3, ""process_exec"": 1}"
1776122958,normal,sw-wk2,0.11186659111864006,0.28473151369190974,319.10142319101425,168.98310168983102,649.5017164950171,3619.271406192714,0.0,0,104,5,0,0,0,"{""process_exit"": 106, ""process_exec"": 104}"
1776122958,normal,k3s-wk1,0.32488888888886625,0.6260934252813358,228.33333333333334,214.66666666666666,33733.36666666667,10564.633333333333,0.0,0,36,3,0,30,0,"{""process_exit"": 36, ""process_exec"": 36, ""process_kprobe"": 30}"
1776122958,normal,sw-wk3,0.15530669155307986,0.3394083616855894,110.95557110955572,100.85658100856581,2276.172382761724,7215.245142152452,0.0,0,0,0,0,0,0,{}
1776122968,normal,sw-wk2,0.22624801395509708,0.28799839443403796,323.58921369287685,174.9941668611046,7891.803606546448,28127.795740141995,0.0,0,0,0,0,0,0,{}
1776122968,normal,k3s-wk1,0.32488888888886625,0.6260934252813358,228.33333333333334,214.66666666666666,33733.36666666667,10564.633333333333,0.0,0,33,3,0,28,0,"{""process_exit"": 33, ""process_exec"": 33, ""process_kprobe"": 28}"
1776122968,normal,sw-wk3,0.15530669155307986,0.3394083616855894,110.95557110955572,100.85658100856581,2276.172382761724,7215.245142152452,0.0,0,16,3,0,0,0,"{""process_exec"": 16, ""process_exit"": 12}"
1776122978,normal,sw-wk2,0.22624801395509675,0.28799839443403796,323.58921369287685,174.9941668611046,7891.803606546448,28127.79574014199,0.0,0,0,0,0,0,0,{}
1776122978,normal,k3s-wk1,0.32488888888886625,0.6260934252813358,228.33333333333334,214.66666666666666,33733.36666666667,10564.633333333333,0.0,0,12,2,0,8,0,"{""process_exit"": 12, ""process_exec"": 12, ""process_kprobe"": 8}"
1776122978,normal,sw-wk3,0.256925692569248,0.34778661263809774,75.47421408807547,65.33986732006534,15603.126979364602,10528.686201953527,0.0,0,0,0,0,0,0,"{""process_exit"": 4}"
1776122988,normal,sw-wk2,0.22624801395509708,0.28799839443403796,323.58921369287685,174.9941668611046,7891.803606546448,28127.79574014199,0.0,0,0,0,0,0,0,{}
1776122988,normal,k3s-wk1,0.3010000000000016,0.6206659494752574,223.8666666666667,208.66666666666666,16181.133333333333,16435.9,0.0,0,18,2,0,12,0,"{""process_exit"": 18, ""process_exec"": 18, ""process_kprobe"": 12}"
1776122988,normal,sw-wk3,0.256925692569248,0.34778661263809774,75.47421408807547,65.33986732006534,15603.126979364602,10528.686201953527,0.0,0,1,1,0,0,0,"{""process_exit"": 17, ""process_exec"": 1}"
1776122998,normal,sw-wk2,0.12877777777777943,0.28508830612791014,317.0,167.0,2168.4666666666667,3683.0,0.0,0,0,0,0,0,0,{}
1776122998,normal,k3s-wk1,0.3010000000000016,0.6206659494752574,223.86666666666667,208.66666666666666,16181.133333333333,16435.9,0.0,0,81,3,0,72,0,"{""process_exit"": 81, ""process_exec"": 81, ""process_kprobe"": 72}"
1776122998,normal,sw-wk3,0.256925692569248,0.34778661263809774,75.47421408807547,65.33986732006534,15603.126979364602,10528.686201953527,0.0,0,8,3,0,0,0,"{""process_exec"": 8, ""process_exit"": 8}"
1776123008,normal,sw-wk2,0.12877777777777943,0.28508830612791014,317.0,167.0,2168.4666666666667,3683.0,0.0,0,58,5,0,0,0,"{""process_exec"": 58, ""process_exit"": 56}"
1776123008,normal,k3s-wk1,0.3010000000000016,0.6206659494752574,223.86666666666667,208.66666666666666,16181.133333333333,16435.9,0.0,0,12,2,0,8,0,"{""process_exit"": 12, ""process_exec"": 12, ""process_kprobe"": 8}"
1776123008,normal,sw-wk3,0.19800000000001694,0.3529346177861029,116.06666666666666,100.86666666666666,9337.833333333334,10190.966666666667,0.0,0,0,0,0,0,0,{}
1776123018,normal,sw-wk2,0.12877777777777943,0.28508830612791014,317.0,167.0,2168.4666666666667,3683.0,0.0,0,48,3,0,0,0,"{""process_exit"": 50, ""process_exec"": 48}"
1776123018,normal,k3s-wk1,0.3386666666666821,0.6085015403058938,417.63333333333344,298.23333333333335,37201.76666666666,20051.5,0.0,0,81,3,0,72,0,"{""process_exit"": 81, ""process_exec"": 81, ""process_kprobe"": 72}"
1776123018,normal,sw-wk3,0.19800000000001694,0.3529346177861029,116.06666666666666,100.86666666666666,9337.833333333334,10190.966666666667,0.0,0,1,1,0,0,0,"{""process_exit"": 7, ""process_exec"": 1}"
1776123028,normal,sw-wk2,0.20019556207429612,0.28330593677128335,319.1439714657155,169.00563352111737,6261.1420380679365,27968.365612187077,0.0,0,0,0,0,0,0,{}
1776123028,normal,k3s-wk1,0.3386666666666821,0.6085015403058938,417.63333333333344,298.23333333333335,37201.76666666666,20051.5,0.0,0,30,3,0,26,0,"{""process_exit"": 31, ""process_exec"": 30, ""process_kprobe"": 26}"
1776123028,normal,sw-wk3,0.19800000000001694,0.3529346177861029,116.06666666666666,100.86666666666666,9337.833333333334,10190.966666666667,0.0,0,8,3,0,0,0,"{""process_exec"": 8, ""process_exit"": 4}"
1776123038,normal,sw-wk2,0.20019556207429634,0.28330593677128335,319.14397146571554,169.00563352111737,6261.1420380679365,27968.365612187077,0.0,0,0,0,0,0,0,{}
1776123038,normal,k3s-wk1,0.3386666666666821,0.6085015403058938,417.6333333333333,298.23333333333335,37201.76666666666,20051.5,0.0,0,33,3,0,28,0,"{""process_exit"": 33, ""process_exec"": 33, ""process_kprobe"": 28}"
1776123038,normal,sw-wk3,0.20622222222221664,0.3521493558622272,111.0,100.86666666666666,9358.333333333334,8882.5,0.0,0,0,0,0,0,0,"{""process_exit"": 4}"
1776123048,normal,sw-wk2,0.20019556207429612,0.28330593677128335,319.14397146571554,169.00563352111737,6261.1420380679365,27968.365612187077,0.0,0,0,0,0,0,0,{}
1776123048,normal,k3s-wk1,0.2761111111111152,0.6102817252780621,222.93333333333334,212.66666666666666,11468.9,9108.533333333333,0.0,0,33,3,0,28,0,"{""process_exit"": 33, ""process_exec"": 33, ""process_kprobe"": 28}"
1776123048,normal,sw-wk3,0.20622222222221664,0.3521493558622272,111.0,100.86666666666666,9358.333333333334,8882.5,0.0,0,0,0,0,0,0,{}
1776123058,normal,sw-wk2,0.11547392864681649,0.2921556634427922,213.45955134828841,113.32955568147729,1276.6241125295821,3668.1110629645673,0.0,0,0,0,0,0,0,{}
1776123058,normal,k3s-wk1,0.2761111111111152,0.6102817252780621,222.93333333333334,212.66666666666666,11468.9,9108.533333333333,0.0,0,30,3,0,26,0,"{""process_exit"": 30, ""process_exec"": 30, ""process_kprobe"": 26}"
1776123058,normal,sw-wk3,0.20622222222221664,0.3521493558622272,111.0,100.86666666666666,9358.333333333334,8882.5,0.0,0,1,1,0,0,0,"{""process_exit"": 3, ""process_exec"": 1}"
1776123068,normal,sw-wk2,0.11547392864681649,0.2921556634427922,213.45955134828836,113.32955568147726,1276.6241125295821,3668.1110629645673,0.0,0,2,2,0,0,0,"{""process_exec"": 2}"
1776123068,normal,k3s-wk1,0.2761111111111152,0.6102817252780621,222.93333333333334,212.66666666666666,11468.9,9108.533333333333,0.0,0,54,3,0,48,0,"{""process_exit"": 54, ""process_exec"": 54, ""process_kprobe"": 48}"
1776123068,normal,sw-wk3,0.16855555555553614,0.3438921594862189,98.0,98.0,5950.966666666666,6537.1,0.0,0,0,0,0,0,0,{}
1776123078,normal,sw-wk2,0.11547392864681649,0.2921556634427922,213.45955134828836,113.32955568147726,1276.6241125295821,3668.1110629645673,0.0,0,104,5,0,0,0,"{""process_exit"": 106, ""process_exec"": 104}"
1776123078,normal,k3s-wk1,0.31677777777776006,0.6078479403700121,225.86666666666667,210.66666666666666,35094.7,13836.5,0.0,0,78,3,0,70,0,"{""process_exit"": 78, ""process_exec"": 78, ""process_kprobe"": 70}"
1776123078,normal,sw-wk3,0.16855555555553614,0.3438921594862189,98.0,98.0,5950.966666666666,6537.1,0.0,0,4,3,0,0,0,"{""process_exec"": 4, ""process_exit"": 2}"
1776123088,normal,sw-wk2,0.2138626843117194,0.2876718656421626,317.0105670189006,167.0055668522284,7147.438247941597,27876.695889863,0.0,0,0,0,0,0,0,{}
1776123088,normal,k3s-wk1,0.31677777777776006,0.6078479403700121,225.86666666666667,210.66666666666666,35094.700000000004,13836.5,0.0,0,60,3,0,52,0,"{""process_exit"": 60, ""process_exec"": 60, ""process_kprobe"": 52}"
1776123088,normal,sw-wk3,0.16855555555553614,0.3438921594862189,98.0,98.0,5950.966666666666,6537.1,0.0,0,0,0,0,0,0,"{""process_exit"": 2}"
1776123098,normal,sw-wk2,0.2138626843117194,0.2876718656421626,317.01056701890064,167.0055668522284,7147.438247941599,27876.695889862993,0.0,0,0,0,0,0,0,{}
1776123098,normal,k3s-wk1,0.31677777777776006,0.6078479403700121,225.86666666666667,210.66666666666666,35094.7,13836.5,0.0,0,60,3,0,52,0,"{""process_exit"": 60, ""process_exec"": 60, ""process_kprobe"": 52}"
1776123098,normal,sw-wk3,0.21311111111113457,0.34249047491621754,100.86666666666666,100.86666666666666,12032.333333333334,10238.8,0.0,0,1,1,0,0,0,"{""process_exit"": 25, ""process_exec"": 1}"
1776123108,normal,sw-wk2,0.2138626843117194,0.2876718656421626,317.01056701890064,167.0055668522284,7147.438247941599,27876.695889863,0.0,0,0,0,0,0,0,{}
1776123108,normal,k3s-wk1,0.3077777777777859,0.6145385911817065,229.13333333333333,214.4,12741.6,9911.1,0.0,0,9,2,0,6,0,"{""process_exit"": 9, ""process_exec"": 9, ""process_kprobe"": 6}"
1776123108,normal,sw-wk3,0.21311111111113457,0.34249047491621754,100.86666666666666,100.86666666666666,12032.333333333334,10238.8,0.0,0,0,0,0,0,0,{}
1776123118,normal,sw-wk2,0.11380731753383744,0.28424570256253423,319.1226959101364,168.99436685443817,614.6128462384586,3598.346721775941,0.0,0,0,0,0,0,0,{}
1776123118,normal,k3s-wk1,0.3077777777777859,0.6145385911817065,229.13333333333333,214.4,12741.6,9911.1,0.0,0,39,3,0,32,0,"{""process_exit"": 39, ""process_exec"": 39, ""process_kprobe"": 32}"
1776123118,normal,sw-wk3,0.21311111111113457,0.34249047491621754,100.86666666666666,100.86666666666666,12032.333333333334,10238.8,0.0,0,0,0,0,0,0,{}
1776123128,normal,sw-wk2,0.11380731753383744,0.28424570256253423,319.12269591013626,168.99436685443817,614.6128462384586,3598.3467217759403,0.0,0,2,2,0,0,0,"{""process_exec"": 2}"
1776123128,normal,k3s-wk1,0.3077777777777859,0.6145385911817065,229.13333333333333,214.4,12741.6,9911.1,0.0,0,12,2,0,8,0,"{""process_exit"": 12, ""process_exec"": 12, ""process_kprobe"": 8}"
1776123128,normal,sw-wk3,0.16108389161085668,0.33852912318258854,110.98890110988901,100.85658100856581,2205.179482051795,5145.085491450854,0.0,0,1,1,0,0,0,"{""process_exit"": 11, ""process_exec"": 1}"
1776123138,normal,sw-wk2,0.11380731753383744,0.28424570256253423,319.12269591013626,168.99436685443817,614.6128462384586,3598.3467217759403,0.0,0,0,0,0,0,0,{}
1776123138,normal,k3s-wk1,0.29511111111110544,0.6092781840984441,223.86666666666667,208.66666666666666,10950.400000000001,4733.8,0.0,0,39,3,0,32,0,"{""process_exit"": 39, ""process_exec"": 39, ""process_kprobe"": 32}"
1776123138,normal,sw-wk3,0.16108389161085668,0.33852912318258854,110.98890110988901,100.85658100856581,2205.179482051795,5145.085491450855,0.0,0,0,0,0,0,0,{}
1776123148,normal,sw-wk2,0.19622222222224084,0.2886323381372886,319.1333333333333,169.0,5421.066666666667,28008.5,0.0,0,104,5,0,0,0,"{""process_exit"": 106, ""process_exec"": 104}"
1776123148,normal,k3s-wk1,0.29511111111110544,0.6092781840984441,223.86666666666667,208.66666666666666,10950.4,4733.8,0.0,0,33,3,0,28,0,"{""process_exit"": 33, ""process_exec"": 33, ""process_kprobe"": 28}"
1776123148,normal,sw-wk3,0.16108389161085668,0.33852912318258854,110.98890110988901,100.85658100856581,2205.179482051795,5145.085491450855,0.0,0,0,0,0,0,0,{}
1776123158,normal,sw-wk2,0.19622222222224084,0.2886323381372886,319.1333333333334,169.0,5421.066666666667,28008.5,0.0,0,0,0,0,0,0,{}
1776123158,normal,k3s-wk1,0.29511111111110544,0.6092781840984441,223.86666666666667,208.66666666666666,10950.4,4733.8,0.0,0,33,3,0,28,0,"{""process_exit"": 33, ""process_exec"": 33, ""process_kprobe"": 28}"
1776123158,normal,sw-wk3,0.1606938471624666,0.34294124393134295,78.34116745007833,68.2068206820682,2991.699169916992,6758.3091642497575,0.0,0,0,0,0,0,0,{}
1776123168,normal,sw-wk2,0.19622222222224084,0.2886323381372886,319.1333333333333,169.0,5421.066666666667,28008.5,0.0,0,0,0,0,0,0,{}
1776123168,normal,k3s-wk1,0.27744444444445737,0.6099622627878125,223.83333333333334,208.66666666666666,32616.033333333333,6557.033333333333,0.0,0,12,2,0,8,0,"{""process_exit"": 12, ""process_exec"": 12, ""process_kprobe"": 8}"
1776123168,normal,sw-wk3,0.1606938471624666,0.34294124393134295,78.34116745007833,68.2068206820682,2991.6991699169917,6758.3091642497575,0.0,0,1,1,0,0,0,"{""process_exit"": 5, ""process_exec"": 1}"
1776123178,normal,sw-wk2,0.1314444444444436,0.28536067892503536,317.0,167.0,661.5,3631.9666666666667,0.0,0,0,0,0,0,0,{}
1776123178,normal,k3s-wk1,0.27744444444445737,0.6099622627878125,223.83333333333334,208.66666666666666,32616.033333333333,6557.033333333333,0.0,0,99,3,0,90,0,"{""process_exit"": 99, ""process_exec"": 99, ""process_kprobe"": 90}"
1776123178,normal,sw-wk3,0.1606938471624666,0.34294124393134295,78.34116745007833,68.2068206820682,2991.6991699169917,6758.3091642497575,0.0,0,0,0,0,0,0,{}
1776123188,normal,sw-wk2,0.1314444444444436,0.28536067892503536,317.0,167.0,661.5,3631.9666666666667,0.0,0,106,7,0,0,0,"{""process_exec"": 106, ""process_exit"": 106}"
1776123188,normal,k3s-wk1,0.27744444444445737,0.6099622627878125,223.83333333333334,208.66666666666666,32616.033333333333,6557.033333333333,0.0,0,36,3,0,30,0,"{""process_exit"": 36, ""process_exec"": 36, ""process_kprobe"": 30}"
1776123188,normal,sw-wk3,0.1447521914475267,0.3444177911999694,113.15535113155352,97.99020097990201,2380.861913808619,6000.499950005,0.0,0,0,0,0,0,0,{}
1776123198,normal,sw-wk2,0.1314444444444436,0.28536067892503536,317.0,167.0,661.5,3631.9666666666667,0.0,0,0,0,0,0,0,{}
1776123198,normal,k3s-wk1,0.3062222222221963,0.6160614000133203,221.0,205.80000000000004,34001.0,9928.5,0.0,0,12,2,0,8,0,"{""process_exit"": 12, ""process_exec"": 12, ""process_kprobe"": 8}"
1776123198,normal,sw-wk3,0.1447521914475267,0.3444177911999694,113.15535113155352,97.99020097990201,2380.861913808619,6000.499950005,0.0,0,1,1,0,0,0,"{""process_exit"": 3, ""process_exec"": 1}"
1776123208,normal,sw-wk2,0.2511223718717914,0.2856808364234107,213.4951326843579,113.34844645952793,6055.874116548873,27929.990665422054,0.0,0,0,0,0,0,0,{}
1776123208,normal,k3s-wk1,0.3062222222221963,0.6160614000133203,221.0,205.79999999999998,34001.0,9928.5,0.0,0,12,2,0,8,0,"{""process_exit"": 12, ""process_exec"": 12, ""process_kprobe"": 8}"
1776123208,normal,sw-wk3,0.1447521914475267,0.3444177911999694,113.15535113155352,97.99020097990201,2380.861913808619,6000.499950005,0.0,0,1,1,0,0,0,"{""process_exec"": 1}"
1776123218,normal,sw-wk2,0.2511223718717914,0.2856808364234107,213.4951326843579,113.34844645952793,6055.874116548873,27929.990665422054,0.0,0,0,0,0,0,0,{}
1776123218,normal,k3s-wk1,0.3062222222221963,0.6160614000133203,221.0,205.79999999999998,34001.0,9928.5,0.0,0,15,2,0,10,0,"{""process_exit"": 15, ""process_exec"": 15, ""process_kprobe"": 10}"
1776123218,normal,sw-wk3,0.22858952561922774,0.3556774596378557,111.011101110111,100.87675434210087,6309.2642597593085,6202.320232023202,0.0,0,0,0,0,0,0,{}
1776123228,normal,sw-wk2,0.2511223718717914,0.2856808364234107,213.4951326843579,113.34844645952793,6055.874116548873,27929.990665422054,0.0,0,0,0,0,0,0,{}
1776123228,normal,k3s-wk1,0.2864444444444718,0.6160049578772339,218.76666666666665,208.66666666666666,10595.4,5417.666666666667,0.0,0,30,3,0,26,0,"{""process_exit"": 30, ""process_exec"": 30, ""process_kprobe"": 26}"
1776123228,normal,sw-wk3,0.22858952561922774,0.3556774596378557,111.011101110111,100.87675434210087,6309.2642597593085,6202.320232023202,0.0,0,1,1,0,0,0,"{""process_exit"": 5, ""process_exec"": 1}"
1776123238,normal,sw-wk2,0.11542179115422924,0.2851058271850351,319.10142319101425,168.98310168983102,567.2766056727661,3566.476685664767,0.0,0,0,0,0,0,0,{}
1776123238,normal,k3s-wk1,0.2864444444444719,0.6160049578772339,218.76666666666665,208.66666666666666,10595.4,5417.666666666667,0.0,0,57,3,0,50,0,"{""process_exit"": 57, ""process_exec"": 57, ""process_kprobe"": 50}"
1776123238,normal,sw-wk3,0.22858952561922774,0.3556774596378557,111.011101110111,100.87675434210087,6309.2642597593085,6202.320232023202,0.0,0,0,0,0,0,0,{}
1776123248,normal,sw-wk2,0.11542179115422924,0.2851058271850351,319.10142319101425,168.98310168983102,567.2766056727661,3566.476685664767,0.0,0,2,2,0,0,0,"{""process_exec"": 2}"
1776123248,normal,k3s-wk1,0.2864444444444719,0.6160049578772339,218.76666666666665,208.66666666666666,10595.4,5417.666666666667,0.0,0,15,2,0,10,0,"{""process_exit"": 15, ""process_exec"": 15, ""process_kprobe"": 10}"
1776123248,normal,sw-wk3,0.17033333333333245,0.3625966843788626,100.86666666666666,100.86666666666666,2310.2666666666673,6179.866666666667,0.0,0,1,1,0,0,0,"{""process_exit"": 9, ""process_exec"": 1}"
1776123259,normal,sw-wk2,0.11542179115422924,0.2851058271850351,319.10142319101425,168.98310168983102,567.2766056727661,3566.476685664767,0.0,0,104,5,0,0,0,"{""process_exit"": 104, ""process_exec"": 104}"
1776123259,normal,k3s-wk1,0.30222222222221007,0.6222339120157405,221.0,205.79999999999998,10865.533333333335,4691.866666666667,0.0,0,54,3,0,48,0,"{""process_exit"": 54, ""process_exec"": 54, ""process_kprobe"": 48}"
1776123259,normal,sw-wk3,0.17033333333333245,0.3625966843788626,100.86666666666666,100.86666666666666,2310.2666666666664,6179.866666666667,0.0,0,0,0,0,0,0,{}
1776123268,normal,sw-wk2,0.22403351446253794,0.2888585190565388,319.16524985831916,169.01690169016902,5020.23535686902,28194.852818615193,0.0,0,0,0,0,0,0,"{""process_exit"": 2}"
1776123268,normal,k3s-wk1,0.30222222222221007,0.6222339120157405,221.0,205.79999999999998,10865.533333333333,4691.866666666667,0.0,0,18,2,0,12,0,"{""process_exit"": 18, ""process_exec"": 18, ""process_kprobe"": 12}"
1776123268,normal,sw-wk3,0.17033333333333245,0.3625966843788626,100.86666666666666,100.86666666666666,2310.2666666666664,6179.866666666667,0.0,0,1,1,0,0,0,"{""process_exit"": 3, ""process_exec"": 1}"
1776123279,normal,sw-wk2,0.22403351446253794,0.2888585190565388,319.16524985831916,169.01690169016902,5020.23535686902,28194.852818615193,0.0,0,0,0,0,0,0,{}
1776123279,normal,k3s-wk1,0.30222222222221007,0.6222339120157405,221.0,205.79999999999998,10865.533333333333,4691.866666666667,0.0,0,54,3,0,48,0,"{""process_exit"": 54, ""process_exec"": 54, ""process_kprobe"": 48}"
1776123279,normal,sw-wk3,0.17966666666666753,0.3741621749047491,113.20000000000002,98.0,3556.5666666666666,7375.566666666667,0.0,0,0,0,0,0,0,{}
1776123289,normal,sw-wk2,0.22403351446253794,0.2888585190565388,319.16524985831916,169.01690169016902,5020.23535686902,28194.852818615193,0.0,0,0,0,0,0,0,{}
1776123289,normal,k3s-wk1,0.299333333333339,0.6251090744279872,223.83333333333334,208.66666666666666,33732.5,8806.6,0.0,0,12,2,0,8,0,"{""process_exit"": 12, ""process_exec"": 12, ""process_kprobe"": 8}"
1776123289,normal,sw-wk3,0.17966666666666753,0.3741621749047491,113.2,98.0,3556.5666666666666,7375.566666666667,0.0,0,0,0,0,0,0,{}
1776123299,normal,sw-wk2,0.14541879145420733,0.28586241828816084,316.96830316968305,166.98330166983303,2695.897076958971,3658.0008665800087,0.0,0,0,0,0,0,0,{}
1776123299,normal,k3s-wk1,0.299333333333339,0.6251090744279872,223.83333333333334,208.66666666666666,33732.5,8806.6,0.0,0,15,2,0,10,0,"{""process_exit"": 15, ""process_exec"": 15, ""process_kprobe"": 10}"
1776123299,normal,sw-wk3,0.17966666666666753,0.3741621749047491,113.2,98.0,3556.5666666666666,7375.566666666667,0.0,0,0,0,0,0,0,{}
1776123309,normal,sw-wk2,0.14541879145420733,0.28586241828816084,316.96830316968305,166.98330166983303,2695.897076958971,3658.0008665800087,0.0,0,106,7,0,0,0,"{""process_exec"": 106, ""process_exit"": 106}"
1776123309,normal,k3s-wk1,0.299333333333339,0.6251090744279872,223.83333333333334,208.66666666666666,33732.5,8806.6,0.0,0,9,2,0,6,0,"{""process_exit"": 9, ""process_exec"": 9, ""process_kprobe"": 6}"
1776123309,normal,sw-wk3,0.14888888888888496,0.39105884526676604,78.33333333333333,68.2,3030.633333333333,7375.533333333333,0.0,0,1,1,0,0,0,"{""process_exit"": 13, ""process_exec"": 1}"
1776123319,normal,sw-wk2,0.14541879145420733,0.28586241828816084,316.96830316968305,166.98330166983303,2695.897076958971,3658.0008665800087,0.0,0,0,0,0,0,0,{}
1776123319,normal,k3s-wk1,0.3137777777777754,0.6149302996061468,223.86666666666667,208.66666666666666,35339.666666666664,10694.733333333334,0.0,0,36,3,0,30,0,"{""process_exit"": 36, ""process_exec"": 36, ""process_kprobe"": 30}"
1776123319,normal,sw-wk3,0.14888888888888496,0.39105884526676604,78.33333333333333,68.2,3030.633333333333,7375.533333333333,0.0,0,0,0,0,0,0,{}
1776123329,normal,sw-wk2,0.21099999999999763,0.29304923735616806,319.1333333333333,169.0,6506.666666666668,27928.63333333333,0.0,0,0,0,0,0,0,{}
1776123329,normal,k3s-wk1,0.3137777777777754,0.6149302996061468,223.86666666666667,208.66666666666666,35339.666666666664,10694.733333333334,0.0,0,57,3,0,50,0,"{""process_exit"": 58, ""process_exec"": 57, ""process_kprobe"": 50}"
1776123329,normal,sw-wk3,0.14888888888888496,0.39105884526676604,78.33333333333333,68.2,3030.633333333333,7375.533333333333,0.0,0,0,0,0,0,0,"{""process_exit"": 1}"
1776123339,normal,sw-wk2,0.21099999999999763,0.29304923735616806,319.1333333333333,169.0,6506.666666666667,27928.63333333333,0.0,0,0,0,0,0,0,{}
1776123339,normal,k3s-wk1,0.3137777777777754,0.6149302996061468,223.86666666666667,208.66666666666666,35339.666666666664,10694.733333333334,0.0,0,36,3,0,30,0,"{""process_exit"": 36, ""process_exec"": 36, ""process_kprobe"": 30}"
1776123339,normal,sw-wk3,0.20855555555556038,0.3417721115740918,120.53333333333333,106.86666666666666,7088.566666666667,5657.3,0.0,0,0,0,0,0,0,{}
1776123349,normal,sw-wk2,0.21099999999999763,0.29304923735616806,319.1333333333333,169.0,6506.666666666667,27928.63333333333,0.0,0,0,0,0,0,0,{}
1776123349,normal,k3s-wk1,0.294777777777785,0.6182299068817638,215.33333333333334,211.79999999999998,9917.966666666667,6630.099999999999,0.0,0,33,3,0,28,0,"{""process_exit"": 33, ""process_exec"": 33, ""process_kprobe"": 28}"
1776123349,normal,sw-wk3,0.20855555555556038,0.3417721115740918,120.53333333333333,106.86666666666666,7088.566666666667,5657.3,0.0,0,1,1,0,0,0,"{""process_exit"": 5, ""process_exec"": 1}"
1776123359,normal,sw-wk2,0.11385935086723087,0.28601214368541106,319.14397146571554,169.00563352111735,613.4871162372078,3599.6199873329115,0.0,0,0,0,0,0,0,{}
1776123359,normal,k3s-wk1,0.294777777777785,0.6182299068817638,215.33333333333334,211.79999999999998,9917.966666666667,6630.099999999999,0.0,0,12,2,0,8,0,"{""process_exit"": 12, ""process_exec"": 12, ""process_kprobe"": 8}"
1776123359,normal,sw-wk3,0.20855555555556038,0.3417721115740918,120.53333333333333,106.86666666666666,7088.566666666667,5657.3,0.0,0,0,0,0,0,0,{}
1776123369,normal,sw-wk2,0.11385935086723087,0.28601214368541106,319.14397146571554,169.00563352111737,613.4871162372079,3599.6199873329115,0.0,0,2,2,0,0,0,"{""process_exec"": 2}"
1776123369,normal,k3s-wk1,0.294777777777785,0.6182299068817638,215.33333333333334,211.79999999999998,9917.966666666667,6630.099999999999,0.0,0,33,3,0,28,0,"{""process_exit"": 33, ""process_exec"": 33, ""process_kprobe"": 28}"
1776123369,normal,sw-wk3,0.1546666666666877,0.3438093326707188,111.0,100.86666666666666,2288.5,5860.366666666667,0.0,0,0,0,0,0,0,{}
1776123379,normal,sw-wk2,0.11385935086723087,0.28601214368541106,319.14397146571554,169.00563352111737,613.4871162372079,3599.6199873329115,0.0,0,0,0,0,0,0,{}
1776123379,normal,k3s-wk1,0.28833333333332123,0.6158311160980874,218.79999999999998,208.66666666666666,9903.933333333332,6560.766666666666,0.0,0,33,3,0,28,0,"{""process_exit"": 33, ""process_exec"": 33, ""process_kprobe"": 28}"
1776123379,normal,sw-wk3,0.1546666666666877,0.3438093326707188,111.0,100.86666666666666,2288.5,5860.366666666667,0.0,0,1,1,0,0,0,"{""process_exit"": 3, ""process_exec"": 1}"
1776123389,normal,sw-wk2,0.1986089816234563,0.288955681282414,211.3192453836411,111.32591160589294,5599.89334044397,27945.036997533498,0.0,0,104,5,0,0,0,"{""process_exit"": 106, ""process_exec"": 104}"
1776123389,normal,k3s-wk1,0.28833333333332123,0.6158311160980874,218.79999999999998,208.66666666666666,9903.933333333332,6560.766666666666,0.0,0,39,3,0,32,0,"{""process_exit"": 39, ""process_exec"": 39, ""process_kprobe"": 32}"
1776123389,normal,sw-wk3,0.1546666666666877,0.3438093326707188,111.0,100.86666666666666,2288.5,5860.366666666667,0.0,0,0,0,0,0,0,{}
1776123399,normal,sw-wk2,0.1986089816234563,0.288955681282414,211.3192453836411,111.32591160589294,5599.89334044397,27945.036997533498,0.0,0,0,0,0,0,0,{}
1776123399,normal,k3s-wk1,0.28833333333332123,0.6158311160980874,218.79999999999998,208.66666666666666,9903.933333333332,6560.766666666666,0.0,0,36,3,0,30,0,"{""process_exit"": 36, ""process_exec"": 36, ""process_kprobe"": 30}"
1776123399,normal,sw-wk3,0.17044444444442586,0.340993220943716,100.86666666666666,100.86666666666666,4487.7,5825.533333333333,0.0,0,1,1,0,0,0,"{""process_exit"": 11, ""process_exec"": 1}"
1776123409,normal,sw-wk2,0.1986089816234563,0.288955681282414,211.3192453836411,111.32591160589294,5599.89334044397,27945.036997533498,0.0,0,0,0,0,0,0,{}
1776123409,normal,k3s-wk1,0.2813333333333503,0.6131410838922046,221.0,205.79999999999998,34155.26666666666,6492.5666666666675,0.0,0,52,3,0,47,0,"{""process_exit"": 53, ""process_exec"": 52, ""process_kprobe"": 47}"
1776123409,normal,sw-wk3,0.17044444444442586,0.340993220943716,100.86666666666666,100.86666666666666,4487.7,5825.533333333333,0.0,0,0,0,0,0,0,{}
1776123419,normal,sw-wk2,0.1381111111111144,0.2886180027269136,319.1333333333333,169.0,726.9,3669.9666666666667,0.0,0,0,0,0,0,0,{}
1776123419,normal,k3s-wk1,0.2813333333333503,0.6131410838922046,221.0,205.79999999999998,34155.26666666666,6492.566666666667,0.0,0,38,3,0,31,0,"{""process_exec"": 38, ""process_kprobe"": 31, ""process_exit"": 37}"
1776123419,normal,sw-wk3,0.17044444444442586,0.340993220943716,100.86666666666666,100.86666666666666,4487.7,5825.533333333333,0.0,0,1,1,0,0,0,"{""process_exit"": 5, ""process_exec"": 1}"
1776123429,normal,sw-wk2,0.1381111111111144,0.2886180027269136,319.1333333333333,169.0,726.9,3669.9666666666667,0.0,0,2,2,0,0,0,"{""process_exec"": 2}"
1776123429,normal,k3s-wk1,0.2813333333333503,0.6131410838922046,221.0,205.79999999999998,34155.26666666666,6492.566666666667,0.0,0,60,3,0,52,0,"{""process_exit"": 60, ""process_exec"": 60, ""process_kprobe"": 52}"
1776123429,normal,sw-wk3,0.16688888888889375,0.3388747658549639,116.03333333333333,100.86666666666666,2466.133333333333,7565.4,0.0,0,0,0,0,0,0,{}
1776123439,normal,sw-wk2,0.1381111111111144,0.2886180027269136,319.1333333333333,169.0,726.9,3669.9666666666667,0.0,0,0,0,0,0,0,{}
1776123439,normal,k3s-wk1,0.3041111111110796,0.615142522037832,223.86666666666667,208.66666666666666,10137.333333333334,4863.5,0.0,0,15,2,0,10,0,"{""process_exit"": 15, ""process_exec"": 15, ""process_kprobe"": 10}"
1776123439,normal,sw-wk3,0.16688888888889375,0.3388747658549639,116.03333333333333,100.86666666666666,2466.133333333333,7565.4,0.0,0,1,1,0,0,0,"{""process_exit"": 3, ""process_exec"": 1}"
1776123449,normal,sw-wk2,0.24928328555237567,0.2863657504746614,319.15461030735383,169.01126741782787,6609.24061604107,28194.046269751318,0.0,0,106,7,0,0,0,"{""process_exit"": 106, ""process_exec"": 106}"
1776123449,normal,k3s-wk1,0.3041111111110796,0.615142522037832,223.86666666666667,208.66666666666666,10137.333333333334,4863.5,0.0,0,57,3,0,50,0,"{""process_exit"": 57, ""process_exec"": 57, ""process_kprobe"": 50}"
1776123449,normal,sw-wk3,0.16688888888889375,0.3388747658549639,116.03333333333333,100.86666666666666,2466.133333333333,7565.4,0.0,0,0,0,0,0,0,{}
1776123459,normal,sw-wk2,0.24928328555237567,0.2863657504746614,319.15461030735383,169.01126741782787,6609.24061604107,28194.046269751318,0.0,0,6,5,0,0,0,"{""process_exec"": 6, ""process_exit"": 6}"
1776123459,normal,k3s-wk1,0.3041111111110796,0.615142522037832,223.86666666666667,208.66666666666666,10137.333333333334,4863.5,0.0,0,18,2,0,12,0,"{""process_exit"": 18, ""process_exec"": 18, ""process_kprobe"": 12}"
1776123459,normal,sw-wk3,0.15433333333332688,0.34031627100934037,78.33333333333333,68.2,4834.733333333334,5679.433333333333,0.0,0,0,0,0,0,0,{}
1776123469,normal,sw-wk2,0.24928328555237567,0.2863657504746614,319.15461030735383,169.01126741782787,6609.24061604107,28194.046269751318,0.0,0,0,0,0,0,0,{}
1776123469,normal,k3s-wk1,0.3276666666666844,0.6095931312178069,226.86666666666667,211.66666666666666,39853.76666666668,10638.466666666667,0.0,0,36,3,0,30,0,"{""process_exit"": 36, ""process_exec"": 36, ""process_kprobe"": 30}"
1776123469,normal,sw-wk3,0.15433333333332688,0.34031627100934037,78.33333333333333,68.2,4834.733333333334,5679.433333333333,0.0,0,1,1,0,0,0,"{""process_exit"": 35, ""process_exec"": 1}"
1776123479,normal,sw-wk2,0.1491678332555616,0.2883950074544134,143473.46843543762,1787.7141523898406,1578.728084794347,5544.597026864875,0.0,0,0,0,0,0,0,{}
1776123479,normal,k3s-wk1,0.3276666666666844,0.6095931312178069,226.86666666666667,211.66666666666666,39853.76666666666,10638.466666666667,0.0,0,36,3,0,30,0,"{""process_exit"": 36, ""process_exec"": 36, ""process_kprobe"": 30}"
1776123479,normal,sw-wk3,0.15433333333332688,0.34031627100934037,78.33333333333333,68.2,4834.733333333334,5679.433333333333,0.0,0,0,0,0,0,0,{}
1776123489,normal,sw-wk2,0.1491678332555616,0.2883950074544134,143473.46843543762,1787.7141523898406,1578.728084794347,5544.597026864875,0.0,0,4,4,0,0,0,"{""process_exec"": 4, ""process_exit"": 2}"
1776123489,normal,k3s-wk1,0.3276666666666844,0.6095931312178069,226.86666666666667,211.66666666666666,39853.76666666666,10638.466666666667,0.0,0,12,2,0,8,0,"{""process_exit"": 12, ""process_exec"": 12, ""process_kprobe"": 8}"
1776123489,normal,sw-wk3,0.1726666666666764,0.3421097901295921,116.06666666666666,100.86666666666666,2207.633333333333,9887.833333333336,0.0,0,1,1,0,0,0,"{""process_exit"": 17, ""process_exec"": 1}"
1776123499,normal,sw-wk2,0.1491678332555616,0.2883950074544134,143473.46843543762,1787.7141523898406,1578.728084794347,5544.597026864875,0.0,0,20,1,0,0,0,"{""process_exit"": 20, ""process_exec"": 20}"
1776123499,normal,k3s-wk1,0.29787139492511294,0.6109127483595094,220.90387948273565,210.63858152246368,15844.687375016665,9778.52952939608,0.0,0,12,2,0,8,0,"{""process_exit"": 12, ""process_exec"": 12, ""process_kprobe"": 8}"
1776123499,normal,sw-wk3,0.1726666666666764,0.3421097901295921,116.06666666666666,100.86666666666666,2207.633333333333,9887.833333333334,0.0,0,0,0,0,0,0,{}
1776123509,normal,sw-wk2,0.20050225570592783,0.28302400703390806,317.0211347423162,167.01113407560504,5712.914194279619,12342.022801520103,0.0,0,14,1,0,0,0,"{""process_exit"": 15, ""process_exec"": 14}"
1776123509,normal,k3s-wk1,0.29787139492511294,0.6109127483595094,220.90387948273565,210.63858152246368,15844.687375016665,9778.52952939608,0.0,0,39,3,0,32,0,"{""process_exit"": 39, ""process_exec"": 39, ""process_kprobe"": 32}"
1776123509,normal,sw-wk3,0.1726666666666764,0.3421097901295921,116.06666666666666,100.86666666666666,2207.633333333333,9887.833333333334,0.0,0,1,1,0,0,0,"{""process_exit"": 7, ""process_exec"": 1}"
1776123519,normal,sw-wk2,0.20050225570592783,0.28302400703390806,317.0211347423162,167.01113407560504,5712.914194279619,12342.022801520103,0.0,0,15,1,0,0,0,"{""process_exec"": 15, ""process_exit"": 15}"
1776123519,normal,k3s-wk1,0.29787139492511294,0.6109127483595094,220.90387948273565,210.63858152246368,15844.687375016665,9778.52952939608,0.0,0,54,3,0,48,0,"{""process_exit"": 54, ""process_exec"": 54, ""process_kprobe"": 48}"
1776123519,normal,sw-wk3,0.16722222222221417,0.347007722007722,116.06666666666666,100.86666666666666,3062.100000000001,8601.233333333334,0.0,0,0,0,0,0,0,{}
1776123529,normal,sw-wk2,0.20050225570592783,0.28302400703390806,317.0211347423162,167.01113407560504,5712.914194279619,12342.022801520103,0.0,0,16,1,0,0,0,"{""process_exec"": 16, ""process_exit"": 16}"
1776123529,normal,k3s-wk1,0.2859047873049918,0.6167974054678884,213.7618349113215,208.6944925990132,22741.96559541272,2219.229230564075,0.0,0,39,3,0,32,0,"{""process_exit"": 39, ""process_exec"": 39, ""process_kprobe"": 32}"
1776123529,normal,sw-wk3,0.16722222222221417,0.347007722007722,116.06666666666666,100.86666666666666,3062.1,8601.233333333334,0.0,0,1,1,0,0,0,"{""process_exit"": 29, ""process_exec"": 1}"
1776123539,normal,sw-wk2,0.11733333333332763,0.28172107751315667,319.1333333333333,169.0,1331.1666666666667,14834.866666666667,0.0,0,18,1,0,0,0,"{""process_exec"": 18, ""process_exit"": 17}"
1776123539,normal,k3s-wk1,0.2859047873049918,0.6167974054678884,213.7618349113215,208.6944925990132,22741.96559541272,2219.229230564075,0.0,0,15,2,0,10,0,"{""process_exit"": 15, ""process_exec"": 15, ""process_kprobe"": 10}"
1776123539,normal,sw-wk3,0.16722222222221417,0.347007722007722,116.06666666666666,100.86666666666666,3062.1,8601.233333333334,0.0,0,0,0,0,0,0,{}
1776123549,normal,sw-wk2,0.11733333333332763,0.28172107751315667,319.1333333333333,169.0,1331.1666666666667,14834.866666666667,0.0,0,9,1,0,0,0,"{""process_exit"": 10, ""process_exec"": 9}"
1776123549,normal,k3s-wk1,0.2859047873049918,0.6167974054678884,213.7618349113215,208.6944925990132,22741.96559541272,2219.229230564075,0.0,0,36,3,0,30,0,"{""process_exit"": 36, ""process_exec"": 36, ""process_kprobe"": 30}"
1776123549,normal,sw-wk3,0.15233333333332366,0.33653490831708655,98.0,98.0,2341.1666666666665,9180.066666666666,0.0,0,0,0,0,0,0,{}
1776123559,normal,sw-wk2,0.11733333333332763,0.28172107751315667,319.1333333333333,169.0,1331.1666666666667,14834.866666666667,0.0,0,0,0,0,0,0,{}
1776123559,normal,k3s-wk1,0.32622222222220854,0.6207822202755957,223.86666666666667,208.66666666666666,21704.0,11928.733333333334,0.0,0,15,2,0,10,0,"{""process_exit"": 15, ""process_exec"": 15, ""process_kprobe"": 10}"
1776123559,normal,sw-wk3,0.15233333333332366,0.33653490831708655,98.0,98.0,2341.1666666666665,9180.066666666666,0.0,0,0,0,0,0,0,{}
1776123569,normal,sw-wk2,0.20739160388474465,0.28897160951616396,213.48089872658178,113.34088939262618,8781.58543902927,10286.3524234949,0.0,0,0,0,0,0,0,{}
1776123569,normal,k3s-wk1,0.32622222222220854,0.6207822202755957,223.86666666666667,208.66666666666666,21704.0,11928.733333333334,0.0,0,57,3,0,50,0,"{""process_exit"": 57, ""process_exec"": 57, ""process_kprobe"": 50}"
1776123569,normal,sw-wk3,0.15233333333332366,0.33653490831708655,98.0,98.0,2341.1666666666665,9180.066666666666,0.0,0,1,1,0,0,0,"{""process_exit"": 3, ""process_exec"": 1}"
1776123579,normal,sw-wk2,0.20739160388474465,0.28897160951616396,213.48089872658178,113.34088939262618,8781.58543902927,10286.3524234949,0.0,0,0,0,0,0,0,{}
1776123579,normal,k3s-wk1,0.32622222222220854,0.6207822202755957,223.86666666666667,208.66666666666666,21704.0,11928.733333333334,0.0,0,54,3,0,48,0,"{""process_exit"": 54, ""process_exec"": 54, ""process_kprobe"": 48}"
1776123579,normal,sw-wk3,0.16911111111112387,0.34459937306471955,105.93333333333334,100.86666666666666,4329.333333333333,5691.766666666666,0.0,0,0,0,0,0,0,{}
1776123589,normal,sw-wk2,0.20739160388474465,0.28897160951616396,213.48089872658178,113.34088939262618,8781.58543902927,10286.3524234949,0.0,0,0,0,0,0,0,{}
1776123589,normal,k3s-wk1,0.3030000000000048,0.6165242255292297,223.86666666666667,208.66666666666666,10079.633333333333,8716.5,0.0,0,36,3,0,30,0,"{""process_exit"": 36, ""process_exec"": 36, ""process_kprobe"": 30}"
1776123589,normal,sw-wk3,0.16911111111112398,0.34459937306471955,105.93333333333334,100.86666666666666,4329.333333333333,5691.766666666666,0.0,0,0,0,0,0,0,{}
1776123599,normal,sw-wk2,0.15952849159526872,0.28563623736891064,316.96830316968305,166.98330166983303,3963.870279638703,4049.1617504916176,0.0,0,0,0,0,0,0,{}
1776123599,normal,k3s-wk1,0.3030000000000048,0.6165242255292297,223.86666666666667,208.66666666666666,10079.633333333333,8716.5,0.0,0,18,2,0,12,0,"{""process_exit"": 18, ""process_exec"": 18, ""process_kprobe"": 12}"
1776123599,normal,sw-wk3,0.16911111111112398,0.34459937306471955,105.93333333333334,100.86666666666666,4329.333333333333,5691.766666666666,0.0,0,0,0,0,0,0,{}
1776123609,normal,sw-wk2,0.15952849159526872,0.28563623736891064,316.96830316968305,166.98330166983303,3963.870279638703,4049.1617504916176,0.0,0,0,0,0,0,0,{}
1776123609,normal,k3s-wk1,0.3030000000000048,0.6165242255292297,223.86666666666667,208.66666666666666,10079.633333333333,8716.5,0.0,0,33,3,0,28,0,"{""process_exit"": 33, ""process_exec"": 33, ""process_kprobe"": 28}"
1776123609,normal,sw-wk3,0.15922222222220117,0.34102985588134105,78.33333333333333,68.2,3157.2,5131.933333333333,0.0,0,1,1,0,0,0,"{""process_exit"": 43, ""process_exec"": 1}"
1776123619,normal,sw-wk2,0.15952849159526872,0.28563623736891064,316.96830316968305,166.98330166983303,3963.870279638703,4049.1617504916176,0.0,0,104,5,0,0,0,"{""process_exit"": 106, ""process_exec"": 104}"
1776123619,normal,k3s-wk1,0.30388888888889287,0.6243030807246719,414.46666666666664,301.1,38794.6,8298.233333333334,0.0,0,33,3,0,28,0,"{""process_exit"": 33, ""process_exec"": 33, ""process_kprobe"": 28}"
1776123619,normal,sw-wk3,0.15922222222220117,0.34102985588134105,78.33333333333333,68.2,3157.2,5131.933333333333,0.0,0,0,0,0,0,0,{}
1776123629,normal,sw-wk2,0.2185816028354418,0.2827818978809078,319.12269591013626,168.99436685443817,6029.999000033331,27790.373654211522,0.0,0,0,0,0,0,0,{}
1776123629,normal,k3s-wk1,0.30388888888889287,0.6243030807246719,414.46666666666664,301.1,38794.6,8298.233333333334,0.0,0,54,3,0,48,0,"{""process_exit"": 55, ""process_exec"": 54, ""process_kprobe"": 48}"
1776123629,normal,sw-wk3,0.15922222222220117,0.34102985588134105,78.33333333333333,68.2,3157.2,5131.933333333333,0.0,0,1,1,0,0,0,"{""process_exit"": 11, ""process_exec"": 1}"
1776123639,normal,sw-wk2,0.2185816028354416,0.2827818978809078,319.12269591013626,168.99436685443817,6029.999000033331,27790.373654211522,0.0,0,0,0,0,0,0,{}
1776123639,normal,k3s-wk1,0.30388888888889287,0.6243030807246719,414.46666666666664,301.1,38794.6,8298.233333333334,0.0,0,12,2,0,8,0,"{""process_exit"": 12, ""process_exec"": 12, ""process_kprobe"": 8}"
1776123639,normal,sw-wk3,0.1595555555555621,0.34149018183671653,116.06666666666666,100.86666666666666,3793.2666666666664,12703.2,0.0,0,0,0,0,0,0,{}
1776123649,normal,sw-wk2,0.2185816028354418,0.2827818978809078,319.12269591013626,168.99436685443817,6029.999000033331,27790.373654211522,0.0,0,0,0,0,0,0,{}
1776123649,normal,k3s-wk1,0.2775555555555508,0.624867502085537,232.46666666666667,218.66666666666666,10410.366666666667,4297.533333333333,0.0,0,39,3,0,32,0,"{""process_exit"": 39, ""process_exec"": 39, ""process_kprobe"": 32}"
1776123649,normal,sw-wk3,0.1595555555555621,0.34149018183671653,116.06666666666666,100.86666666666666,3793.2666666666664,12703.2,0.0,0,0,0,0,0,0,{}
1776123659,normal,sw-wk2,0.12839144057062057,0.286967837710412,316.9788680754616,166.9888674088394,527.3648423438437,3536.197586827545,0.0,0,0,0,0,0,0,{}
1776123659,normal,k3s-wk1,0.2775555555555508,0.624867502085537,232.46666666666667,218.66666666666666,10410.366666666667,4297.533333333333,0.0,0,9,2,0,6,0,"{""process_exit"": 9, ""process_exec"": 9, ""process_kprobe"": 6}"
1776123659,normal,sw-wk3,0.1595555555555621,0.34149018183671653,116.06666666666666,100.86666666666666,3793.2666666666664,12703.2,0.0,0,0,0,0,0,0,{}
1776123670,normal,sw-wk2,0.12839144057062057,0.286967837710412,316.9788680754616,166.9888674088394,527.3648423438437,3536.197586827545,0.0,0,2,2,0,0,0,"{""process_exec"": 2}"
1776123670,normal,k3s-wk1,0.2775555555555508,0.624867502085537,232.46666666666667,218.66666666666666,10410.366666666667,4297.533333333333,0.0,0,12,2,0,8,0,"{""process_exit"": 12, ""process_exec"": 12, ""process_kprobe"": 8}"
1776123670,normal,sw-wk3,0.15233333333336407,0.34490678797609486,116.06666666666666,100.86666666666666,2251.9,5185.266666666666,0.0,0,0,0,0,0,0,"{""process_exit"": 5}"
1776123679,normal,sw-wk2,0.12839144057062057,0.286967837710412,316.9788680754616,166.9888674088394,527.3648423438437,3536.197586827545,0.0,0,103,4,0,0,0,"{""process_exit"": 103, ""process_exec"": 103}"
1776123679,normal,k3s-wk1,0.2862222222222246,0.6243629093889236,220.79999999999998,210.6666666666667,11526.366666666667,5001.8,0.0,0,15,2,0,10,0,"{""process_exit"": 15, ""process_exec"": 15, ""process_kprobe"": 10}"
1776123679,normal,sw-wk3,0.15233333333336407,0.34490678797609486,116.06666666666666,100.86666666666666,2251.9,5185.266666666666,0.0,0,1,1,0,0,0,"{""process_exit"": 10, ""process_exec"": 1}"
1776123689,normal,sw-wk2,0.19977777777779315,0.28688182524816186,319.1333333333333,169.0,5890.8,27980.433333333334,0.0,0,1,1,0,0,0,"{""process_exit"": 3, ""process_exec"": 1}"
1776123689,normal,k3s-wk1,0.2862222222222246,0.6243629093889236,220.79999999999998,210.66666666666666,11526.366666666667,5001.8,0.0,0,36,3,0,30,0,"{""process_exit"": 36, ""process_exec"": 36, ""process_kprobe"": 30}"
1776123689,normal,sw-wk3,0.15233333333336407,0.34490678797609486,116.06666666666666,100.86666666666666,2251.9,5185.266666666666,0.0,0,0,0,0,0,0,{}
1776123699,normal,sw-wk2,0.19977777777779315,0.28688182524816186,319.1333333333333,169.0,5890.8,27980.433333333334,0.0,0,0,0,0,0,0,{}
1776123699,normal,k3s-wk1,0.2862222222222246,0.6243629093889236,220.79999999999998,210.66666666666666,11526.366666666667,5001.8,0.0,0,36,3,0,30,0,"{""process_exit"": 36, ""process_exec"": 36, ""process_kprobe"": 30}"
1776123699,normal,sw-wk3,0.20499999999998775,0.3359471564917109,724.1,396.43333333333334,6474.100000000001,7750.433333333333,0.0,0,1,1,0,0,0,"{""process_exec"": 1}"
1776123709,normal,sw-wk2,0.19977777777779315,0.28688182524816186,319.1333333333333,169.0,5890.8,27980.433333333334,0.0,0,0,0,0,0,0,{}
1776123709,normal,k3s-wk1,0.30477777777778103,0.6216344965305018,221.8666666666667,217.26666666666665,33170.76666666666,11486.433333333332,0.0,0,36,3,0,30,0,"{""process_exit"": 36, ""process_exec"": 36, ""process_kprobe"": 30}"
1776123709,normal,sw-wk3,0.20499999999998786,0.3359471564917109,724.1,396.43333333333334,6474.1,7750.433333333333,0.0,0,0,0,0,0,0,{}
1776123719,normal,sw-wk2,0.13724705803914372,0.2891420416172892,232.4899156582325,122.47891455812247,869.4536120278694,3537.120378704538,0.0,0,0,0,0,0,0,{}
1776123719,normal,k3s-wk1,0.30477777777778103,0.6216344965305018,221.86666666666667,217.26666666666665,33170.76666666666,11486.433333333332,0.0,0,15,2,0,10,0,"{""process_exit"": 15, ""process_exec"": 15, ""process_kprobe"": 10}"
1776123719,normal,sw-wk3,0.20499999999998786,0.3359471564917109,724.1,396.43333333333334,6474.1,7750.433333333333,0.0,0,1,1,0,0,0,"{""process_exit"": 19, ""process_exec"": 1}"
1776123729,normal,sw-wk2,0.13724705803914372,0.2891420416172892,232.4899156582325,122.47891455812247,869.4536120278694,3537.120378704537,0.0,0,2,2,0,0,0,"{""process_exec"": 2}"
1776123729,normal,k3s-wk1,0.30477777777778103,0.6216344965305018,221.86666666666667,217.26666666666665,33170.76666666666,11486.433333333332,0.0,0,36,3,0,30,0,"{""process_exit"": 36, ""process_exec"": 36, ""process_kprobe"": 30}"
1776123729,normal,sw-wk3,0.45500000000000806,0.348974858875849,106.86666666666666,107.46666666666667,3267.8,8274.066666666666,0.0,0,0,0,0,0,0,{}
1776123739,normal,sw-wk2,0.13724705803914372,0.2891420416172892,232.4899156582325,122.47891455812247,869.4536120278694,3537.120378704537,0.0,0,104,5,0,0,0,"{""process_exit"": 106, ""process_exec"": 104}"
1776123739,normal,k3s-wk1,0.3012222222222287,0.6264738452785589,223.86666666666667,208.66666666666666,35978.6,9450.866666666667,0.0,0,15,2,0,10,0,"{""process_exit"": 16, ""process_exec"": 15, ""process_kprobe"": 10}"
1776123739,normal,sw-wk3,0.45500000000000806,0.348974858875849,106.86666666666666,107.46666666666667,3267.8,8274.066666666666,0.0,0,1,1,0,0,0,"{""process_exit"": 3, ""process_exec"": 1}"
1776123749,normal,sw-wk2,0.18877777777779559,0.2885909247295386,298.0,157.86666666666667,5340.233333333334,27822.666666666668,0.0,0,0,0,0,0,0,{}
1776123749,normal,k3s-wk1,0.3012222222222287,0.6264738452785589,223.86666666666667,208.66666666666666,35978.6,9450.866666666667,0.0,0,18,2,0,12,0,"{""process_exec"": 18, ""process_kprobe"": 12, ""process_exit"": 17}"
1776123749,normal,sw-wk3,0.45500000000000806,0.348974858875849,106.86666666666666,107.46666666666667,3267.8,8274.066666666666,0.0,0,0,0,0,0,0,{}
1776123759,normal,sw-wk2,0.18877777777779559,0.2885909247295386,298.0,157.86666666666667,5340.233333333334,27822.666666666668,0.0,0,0,0,0,0,0,{}
1776123759,normal,k3s-wk1,0.3012222222222287,0.6264738452785589,223.86666666666667,208.66666666666666,35978.6,9450.866666666667,0.0,0,30,3,0,26,0,"{""process_exit"": 30, ""process_exec"": 30, ""process_kprobe"": 26}"
1776123759,normal,sw-wk3,0.4344444444444283,0.34841099940109843,113.13333333333333,102.86666666666666,2832.1,5863.1,0.0,0,0,0,0,0,0,{}
1776123769,normal,sw-wk2,0.18877777777779559,0.2885909247295386,298.0,157.86666666666667,5340.233333333334,27822.666666666668,0.0,0,0,0,0,0,0,{}
1776123769,normal,k3s-wk1,0.2635555555555483,0.6295747762351516,221.0,205.79999999999998,9318.433333333334,1508.4333333333334,0.0,0,33,3,0,28,0,"{""process_exit"": 33, ""process_exec"": 33, ""process_kprobe"": 28}"
1776123769,normal,sw-wk3,0.4344444444444283,0.34841099940109843,113.13333333333333,102.86666666666666,2832.1,5863.1,0.0,0,0,0,0,0,0,{}
1776123779,normal,sw-wk2,0.11177777777773168,0.28415491163015916,319.1333333333333,169.0,553.3333333333334,3573.6,0.0,0,0,0,0,0,0,{}
1776123779,normal,k3s-wk1,0.2635555555555483,0.6295747762351516,221.0,205.79999999999998,9318.433333333332,1508.4333333333334,0.0,0,39,3,0,32,0,"{""process_exit"": 39, ""process_exec"": 39, ""process_kprobe"": 32}"
1776123779,normal,sw-wk3,0.4344444444444283,0.34841099940109843,113.13333333333333,102.86666666666666,2832.1,5863.1,0.0,0,1,1,0,0,0,"{""process_exit"": 5, ""process_exec"": 1}"
1776123790,normal,sw-wk2,0.11177777777773168,0.28415491163015916,319.1333333333333,169.0,553.3333333333334,3573.6,0.0,0,2,2,0,0,0,"{""process_exec"": 2}"
1776123790,normal,k3s-wk1,0.2635555555555483,0.6295747762351516,221.0,205.79999999999998,9318.433333333332,1508.4333333333334,0.0,0,36,3,0,30,0,"{""process_exit"": 36, ""process_exec"": 36, ""process_kprobe"": 30}"
1776123790,normal,sw-wk3,0.4313333333333301,0.3452349095913453,82.8,74.2,1989.5333333333333,6271.833333333333,0.0,0,0,0,0,0,0,{}
1776123800,normal,sw-wk2,0.11177777777773168,0.28415491163015916,319.1333333333333,169.0,553.3333333333334,3573.6,0.0,0,104,5,0,0,0,"{""process_exit"": 104, ""process_exec"": 104}"
1776123800,normal,k3s-wk1,0.31440189314400857,0.614779034681435,223.81095223810954,208.64580208645802,10558.610805586108,4987.36792987368,0.0,0,39,3,0,32,0,"{""process_exit"": 39, ""process_exec"": 39, ""process_kprobe"": 32}"
1776123800,normal,sw-wk3,0.4313333333333301,0.3452349095913453,82.8,74.2,1989.5333333333333,6271.833333333333,0.0,0,0,0,0,0,0,{}
1776123810,normal,sw-wk2,0.2784834038959825,0.2904831988990405,319.16524985831916,169.01690169016902,5550.0216688335495,28017.235056839017,0.0,0,0,0,0,0,0,"{""process_exit"": 2}"
1776123810,normal,k3s-wk1,0.31440189314400835,0.614779034681435,223.81095223810954,208.64580208645802,10558.610805586108,4987.36792987368,0.0,0,15,2,0,10,0,"{""process_exit"": 15, ""process_exec"": 15, ""process_kprobe"": 10}"
1776123810,normal,sw-wk3,0.4313333333333301,0.3452349095913453,82.8,74.2,1989.5333333333333,6271.833333333333,0.0,0,1,1,0,0,0,"{""process_exit"": 3, ""process_exec"": 1}"
1776123820,normal,sw-wk2,0.2784834038959825,0.2904831988990405,319.16524985831916,169.01690169016902,5550.0216688335495,28017.235056839017,0.0,0,0,0,0,0,0,{}
1776123820,normal,k3s-wk1,0.31440189314400835,0.614779034681435,223.81095223810954,208.64580208645802,10558.610805586108,4987.36792987368,0.0,0,60,3,0,52,0,"{""process_exit"": 60, ""process_exec"": 60, ""process_kprobe"": 52}"
1776123820,normal,sw-wk3,0.43477777777776894,0.34204289154784207,116.06666666666669,100.86666666666666,3382.133333333333,6030.733333333334,0.0,0,0,0,0,0,0,{}
1776123830,normal,sw-wk2,0.2784834038959825,0.2904831988990405,319.16524985831916,169.01690169016902,5550.0216688335495,28017.235056839017,0.0,0,0,0,0,0,0,{}
1776123830,normal,k3s-wk1,0.28797626587555014,0.6148117711203651,213.7404580152672,208.67362245408182,33322.010733691124,6524.884162805428,0.0,0,54,3,0,48,0,"{""process_exit"": 54, ""process_exec"": 54, ""process_kprobe"": 48}"
1776123830,normal,sw-wk3,0.43477777777776894,0.34204289154784207,116.06666666666666,100.86666666666666,3382.133333333333,6030.733333333334,0.0,0,0,0,0,0,0,"{""process_exit"": 3}"
1776123840,normal,sw-wk2,0.1688885926320587,0.2812416376772813,316.9577389681376,166.97773630182644,1162.7782962271697,3552.5596587121718,0.0,0,0,0,0,0,0,{}
1776123840,normal,k3s-wk1,0.28797626587555014,0.6148117711203651,213.7404580152672,208.6736224540818,33322.010733691124,6524.884162805428,0.0,0,18,2,0,12,0,"{""process_exit"": 18, ""process_exec"": 18, ""process_kprobe"": 12}"
1776123840,normal,sw-wk3,0.43477777777776894,0.34204289154784207,116.06666666666666,100.86666666666666,3382.133333333333,6030.733333333334,0.0,0,1,1,0,0,0,"{""process_exit"": 17, ""process_exec"": 1}"
1776123850,normal,sw-wk2,0.1688885926320587,0.2812416376772813,316.9577389681376,166.97773630182644,1162.7782962271697,3552.5596587121718,0.0,0,2,2,0,0,0,"{""process_exec"": 2}"
1776123850,normal,k3s-wk1,0.28797626587555014,0.6148117711203651,213.7404580152672,208.67362245408182,33322.010733691124,6524.884162805428,0.0,0,12,2,0,8,0,"{""process_exit"": 12, ""process_exec"": 12, ""process_kprobe"": 8}"
1776123850,normal,sw-wk3,0.30322222222223194,0.34160645794309163,116.06666666666666,100.86666666666666,5964.8,8162.7,0.0,0,0,0,0,0,0,{}
1776123860,normal,sw-wk2,0.1688885926320587,0.2812416376772813,316.9577389681376,166.97773630182644,1162.7782962271697,3552.5596587121718,0.0,0,104,5,0,0,0,"{""process_exit"": 106, ""process_exec"": 104}"
1776123860,normal,k3s-wk1,0.3249549969997797,0.6179172174478447,215.34768984598975,211.8141209413961,12181.245416361091,8973.864924328289,0.0,0,36,3,0,30,0,"{""process_exit"": 36, ""process_exec"": 36, ""process_kprobe"": 30}"
1776123860,normal,sw-wk3,0.30322222222223194,0.34160645794309163,116.06666666666666,100.86666666666666,5964.8,8162.7,0.0,0,0,0,0,0,0,{}
1776123870,normal,sw-wk2,0.2204184583930794,0.2854052779795354,319.14397146571554,169.00563352111735,5496.083202773426,27939.43131437715,0.0,0,0,0,0,0,0,{}
1776123870,normal,k3s-wk1,0.3249549969997797,0.6179172174478447,215.34768984598975,211.8141209413961,12181.245416361091,8973.864924328289,0.0,0,36,3,0,30,0,"{""process_exit"": 36, ""process_exec"": 36, ""process_kprobe"": 30}"
1776123870,normal,sw-wk3,0.30322222222223194,0.34160645794309163,116.06666666666666,100.86666666666666,5964.8,8162.7,0.0,0,1,1,0,0,0,"{""process_exit"": 5, ""process_exec"": 1}"
1776123880,normal,sw-wk2,0.2204184583930794,0.2854052779795354,319.14397146571554,169.00563352111737,5496.083202773426,27939.43131437715,0.0,0,0,0,0,0,0,{}
1776123880,normal,k3s-wk1,0.3249549969997797,0.6179172174478447,215.34768984598975,211.8141209413961,12181.245416361091,8973.864924328289,0.0,0,12,2,0,8,0,"{""process_exit"": 12, ""process_exec"": 12, ""process_kprobe"": 8}"
1776123880,normal,sw-wk3,0.1662222222222326,0.34388100972259383,100.86666666666666,100.86666666666666,3388.6666666666665,5864.833333333333,0.0,0,0,0,0,0,0,{}
1776123890,normal,sw-wk2,0.2204184583930794,0.2854052779795354,319.14397146571554,169.00563352111737,5496.083202773426,27939.43131437715,0.0,0,0,0,0,0,0,{}
1776123890,normal,k3s-wk1,0.28388888888888086,0.6223885634686176,223.86666666666667,208.6666666666667,33428.26666666666,8330.633333333333,0.0,0,54,3,0,48,0,"{""process_exit"": 54, ""process_exec"": 54, ""process_kprobe"": 48}"
1776123890,normal,sw-wk3,0.1662222222222327,0.34388100972259383,100.86666666666666,100.86666666666666,3388.6666666666665,5864.833333333333,0.0,0,1,1,0,0,0,"{""process_exit"": 17, ""process_exec"": 1}"
1776123900,normal,sw-wk2,0.12675931171614874,0.2918339131210418,213.41686939714066,113.30689505781983,1839.0042323457858,3718.7989469123877,0.0,0,0,0,0,0,0,{}
1776123900,normal,k3s-wk1,0.28388888888888086,0.6223885634686176,223.86666666666667,208.66666666666666,33428.26666666666,8330.633333333333,0.0,0,57,3,0,50,0,"{""process_exit"": 57, ""process_exec"": 57, ""process_kprobe"": 50}"
1776123900,normal,sw-wk3,0.1662222222222327,0.34388100972259383,100.86666666666666,100.86666666666666,3388.6666666666665,5864.833333333333,0.0,0,0,0,0,0,0,{}
1776123910,normal,sw-wk2,0.12675931171614874,0.2918339131210418,213.41686939714066,113.30689505781983,1839.0042323457858,3718.7989469123877,0.0,0,2,2,0,0,0,"{""process_exec"": 2}"
1776123910,normal,k3s-wk1,0.28388888888888086,0.6223885634686176,223.86666666666667,208.66666666666666,33428.26666666666,8330.633333333333,0.0,0,39,3,0,32,0,"{""process_exit"": 39, ""process_exec"": 39, ""process_kprobe"": 32}"
1776123910,normal,sw-wk3,0.15122222222220827,0.3390595333664641,105.93333333333334,100.86666666666669,1977.4333333333334,7525.233333333334,0.0,0,0,0,0,0,0,{}
1776123920,normal,sw-wk2,0.12675931171614874,0.2918339131210418,213.41686939714066,113.30689505781983,1839.0042323457858,3718.798946912387,0.0,0,11,3,0,0,0,"{""process_exit"": 11, ""process_exec"": 11}"
1776123920,normal,k3s-wk1,0.2982690042886046,0.6086990877821965,223.8184121058596,208.65275648290114,11711.185920938604,5714.085727618159,0.0,0,14,2,0,10,0,"{""process_exit"": 15, ""process_exec"": 14, ""process_kprobe"": 10}"
1776123920,normal,sw-wk3,0.1512222222222085,0.3390595333664641,105.93333333333334,100.86666666666666,1977.4333333333334,7525.233333333334,0.0,0,0,0,0,0,0,{}
1776123930,normal,sw-wk2,0.2848331277297995,0.2858799393452859,319.20781515686997,169.03944253659188,6010.86920281399,28105.391257960193,0.0,0,93,3,0,0,0,"{""process_exit"": 95, ""process_exec"": 93}"
1776123930,normal,k3s-wk1,0.2982690042886046,0.6086990877821965,223.8184121058596,208.65275648290114,11711.185920938604,5714.085727618159,0.0,0,76,3,0,68,0,"{""process_exec"": 76, ""process_exit"": 76, ""process_kprobe"": 68}"
1776123930,normal,sw-wk3,0.1512222222222085,0.3390595333664641,105.93333333333334,100.86666666666666,1977.4333333333334,7525.233333333334,0.0,0,1,1,0,0,0,"{""process_exit"": 7, ""process_exec"": 1}"
1776123940,normal,sw-wk2,0.2848331277297995,0.2858799393452859,319.20781515686997,169.03944253659188,6010.86920281399,28105.391257960193,0.0,0,0,0,0,0,0,{}
1776123940,normal,k3s-wk1,0.2982690042886046,0.6086990877821965,223.8184121058596,208.65275648290114,11711.185920938604,5714.085727618159,0.0,0,39,3,0,32,0,"{""process_exit"": 39, ""process_exec"": 39, ""process_kprobe"": 32}"
1776123940,normal,sw-wk3,0.16155555555556533,0.3481322553104731,78.33333333333333,68.20000000000002,4053.733333333334,6309.2,0.0,0,0,0,0,0,0,{}
