timestamp,label,node,avg_cpu,avg_mem,net_bytes_in,net_bytes_out,net_internal_bytes_in,net_internal_bytes_out,last_successful_scrape_age_sec,exec_count,unique_process_count,tmp_exec_count,outbound_connect_count,mining_port_count,syscall_feature_vector
1774265725,normal,sw-wk2,0.16230541018038613,0.40264845851438025,0.0,0.0,5086.569552318411,4672.455748524952,0,0,0,0,0,0,{}
1774265725,normal,sw-wk3,0.08900000000002262,0.4146222576800874,0.0,0.0,3499.7666666666664,5165.9,0,0,0,0,0,0,{}
1774265725,normal,k3s-wk1,0.24888888888890515,0.6836651708754984,0.0,0.0,9731.2,7149.166666666667,0,0,0,0,0,0,{}
1774265735,normal,sw-wk2,0.16230541018038636,0.40264845851438025,0.0,0.0,5086.569552318411,4672.455748524952,0,0,0,0,0,0,{}
1774265735,normal,sw-wk3,0.08866666666664136,0.4143278070791495,0.0,0.0,2995.4666666666667,5461.666666666667,0,1,1,0,0,0,"{""process_exit"": 1, ""process_exec"": 1}"
1774265735,normal,k3s-wk1,0.24888888888890515,0.6836651708754984,0.0,0.0,9731.2,7149.166666666667,0,99,3,0,91,0,"{""process_exit"": 99, ""process_exec"": 99, ""process_kprobe"": 91}"
1774265745,normal,sw-wk2,0.16230541018038613,0.40264845851438025,0.0,0.0,5086.569552318411,4672.455748524952,0,0,0,0,0,0,{}
1774265745,normal,sw-wk3,0.08866666666664169,0.4143278070791495,0.0,0.0,2995.4666666666667,5461.666666666667,0,0,0,0,0,0,{}
1774265745,normal,k3s-wk1,0.30055555555554747,0.707337711044729,186.93333333333334,95.6,9718.2,5280.366666666667,0,36,3,0,33,0,"{""process_kprobe"": 33, ""process_exit"": 36, ""process_exec"": 36}"
1774265755,normal,sw-wk2,0.07216036624659816,0.4026405004058635,0.0,0.0,1761.1174078271886,4339.355957063804,0,0,0,0,0,0,{}
1774265755,normal,sw-wk3,0.08866666666664169,0.4143278070791495,0.0,0.0,2995.4666666666667,5461.666666666667,0,1,1,0,0,0,"{""process_exit"": 1, ""process_exec"": 1}"
1774265755,normal,k3s-wk1,0.30055555555554747,0.707337711044729,186.93333333333334,95.6,9718.2,5280.366666666667,0,102,3,0,94,0,"{""process_exit"": 102, ""process_exec"": 102, ""process_kprobe"": 94}"
1774265765,normal,sw-wk2,0.07216036624659816,0.4026405004058635,0.0,0.0,1761.1174078271886,4339.355957063804,0,3,2,0,0,0,"{""process_exit"": 1, ""process_exec"": 3}"
1774265765,normal,sw-wk3,0.09244444444444122,0.4139478066414527,0.0,0.0,2544.1,5271.500000000001,0,0,0,0,0,0,{}
1774265765,normal,k3s-wk1,0.30055555555554747,0.707337711044729,186.93333333333334,95.6,9718.2,5280.366666666667,0,57,3,0,54,0,"{""process_exit"": 57, ""process_exec"": 57, ""process_kprobe"": 54}"
1774265775,normal,sw-wk2,0.07216036624659816,0.4026405004058635,0.0,0.0,1761.1174078271886,4339.355957063804,0,105,6,0,0,0,"{""process_exit"": 107, ""process_exec"": 105}"
1774265775,normal,sw-wk3,0.09244444444444122,0.4139478066414527,0.0,0.0,2544.1,5271.500000000001,0,0,0,0,0,0,{}
1774265775,normal,k3s-wk1,0.3207777777777867,0.7058335855561844,279.3333333333333,142.4,33637.66666666667,10719.666666666666,0,78,3,0,76,0,"{""process_kprobe"": 76, ""process_exit"": 78, ""process_exec"": 78}"
1774265785,normal,sw-wk2,0.16511111111109733,0.40196605070906744,0.0,0.0,5165.5,28113.899999999998,0,0,0,0,0,0,{}
1774265785,normal,sw-wk3,0.09244444444444122,0.4139478066414527,0.0,0.0,2544.1,5271.5,0,0,0,0,0,0,{}
1774265785,normal,k3s-wk1,0.3207777777777867,0.7058335855561844,279.3333333333333,142.4,33637.666666666664,10719.666666666666,0,36,3,0,31,0,"{""process_exit"": 36, ""process_exec"": 36, ""process_kprobe"": 31}"
1774265795,normal,sw-wk2,0.16511111111109733,0.40196605070906744,0.0,0.0,5165.5,28113.899999999998,0,0,0,0,0,0,{}
1774265795,normal,sw-wk3,0.09433333333337135,0.4144949276904927,0.0,0.0,2752.2,5057.466666666666,0,0,0,0,0,0,{}
1774265795,normal,k3s-wk1,0.3207777777777867,0.7058335855561844,279.3333333333333,142.4,33637.666666666664,10719.666666666666,0,33,3,0,29,0,"{""process_exit"": 33, ""process_exec"": 33, ""process_kprobe"": 29}"
1774265805,normal,sw-wk2,0.16511111111109733,0.40196605070906744,0.0,0.0,5165.5,28113.899999999998,0,0,0,0,0,0,{}
1774265805,normal,sw-wk3,0.09433333333337135,0.4144949276904927,0.0,0.0,2752.2,5057.466666666666,0,0,0,0,0,0,{}
1774265805,normal,k3s-wk1,0.2530000000000049,0.7076022160519009,281.6666666666667,146.4,9058.5,1344.3,0,36,3,0,32,0,"{""process_exit"": 36, ""process_exec"": 36, ""process_kprobe"": 32}"
1774265815,normal,sw-wk2,0.06988888888889866,0.4019580926005507,0.0,0.0,354.56666666666666,4006.233333333334,0,0,0,0,0,0,{}
1774265815,normal,sw-wk3,0.09433333333337135,0.4144949276904927,0.0,0.0,2752.2,5057.466666666666,0,1,1,0,0,0,"{""process_exit"": 1, ""process_exec"": 1}"
1774265815,normal,k3s-wk1,0.2530000000000049,0.7076022160519009,281.6666666666667,146.40000000000003,9058.5,1344.3,0,54,3,0,49,0,"{""process_exit"": 54, ""process_exec"": 54, ""process_kprobe"": 49}"
1774265825,normal,sw-wk2,0.06988888888889866,0.4019580926005507,0.0,0.0,354.56666666666666,4006.233333333333,0,3,2,0,0,0,"{""process_exec"": 3, ""process_exit"": 1}"
1774265825,normal,sw-wk3,0.0888888888888687,0.41380654993424604,0.0,0.0,1971.2,5244.3,0,0,0,0,0,0,{}
1774265825,normal,k3s-wk1,0.2530000000000049,0.7076022160519009,281.6666666666667,146.4,9058.5,1344.3,0,60,3,0,53,0,"{""process_exit"": 60, ""process_exec"": 60, ""process_kprobe"": 53}"
1774265835,normal,sw-wk2,0.06988888888889866,0.4019580926005507,0.0,0.0,354.56666666666666,4006.233333333333,0,104,5,0,0,0,"{""process_exit"": 106, ""process_exec"": 104}"
1774265835,normal,sw-wk3,0.0888888888888687,0.41380654993424604,0.0,0.0,1971.2,5244.3,0,1,1,0,0,0,"{""process_exit"": 1, ""process_exec"": 1}"
1774265835,normal,k3s-wk1,0.2831111111111063,0.7077509178718533,279.33333333333337,142.40000000000003,33526.5,9103.766666666666,0,36,3,0,37,0,"{""process_exit"": 36, ""process_exec"": 36, ""process_kprobe"": 37}"
1774265845,normal,sw-wk2,0.15522222222223514,0.39865348803896294,0.0,0.0,5236.633333333333,27981.166666666668,0,0,0,0,0,0,{}
1774265845,normal,sw-wk3,0.0888888888888687,0.41380654993424604,0.0,0.0,1971.2,5244.3,0,0,0,0,0,0,{}
1774265845,normal,k3s-wk1,0.2831111111111063,0.7077509178718533,279.3333333333333,142.4,33526.5,9103.766666666666,0,12,2,0,10,0,"{""process_exit"": 12, ""process_exec"": 12, ""process_kprobe"": 10}"
1774265855,normal,sw-wk2,0.15522222222223514,0.39865348803896294,0.0,0.0,5236.633333333333,27981.166666666668,0,0,0,0,0,0,{}
1774265855,normal,sw-wk3,0.09111111111111903,0.41438152441850984,0.0,0.0,2744.9666666666667,5261.833333333333,0,0,0,0,0,0,{}
1774265855,normal,k3s-wk1,0.2831111111111063,0.7077509178718533,279.3333333333333,142.4,33526.5,9103.766666666666,0,60,3,0,55,0,"{""process_exit"": 60, ""process_exec"": 60, ""process_kprobe"": 55}"
1774265865,normal,sw-wk2,0.15522222222223514,0.39865348803896294,0.0,0.0,5236.633333333333,27981.166666666668,0,1,1,0,0,0,"{""process_exit"": 1, ""process_exec"": 1}"
1774265865,normal,sw-wk3,0.09111111111111925,0.41438152441850984,0.0,0.0,2744.9666666666667,5261.833333333333,0,0,0,0,0,0,{}
1774265865,normal,k3s-wk1,0.2694444444444243,0.7095866615783448,282.33333333333337,145.4,9200.666666666666,1294.0666666666666,0,12,2,0,10,0,"{""process_kprobe"": 10, ""process_exit"": 12, ""process_exec"": 12}"
1774265875,normal,sw-wk2,0.07199999999999518,0.398374954240876,0.0,0.0,439.80000000000007,4279.5,0,0,0,0,0,0,{}
1774265875,normal,sw-wk3,0.09111111111111925,0.41438152441850984,0.0,0.0,2744.9666666666667,5261.833333333333,0,1,1,0,0,0,"{""process_exit"": 1, ""process_exec"": 1}"
1774265875,normal,k3s-wk1,0.2694444444444243,0.7095866615783448,282.33333333333337,145.4,9200.666666666666,1294.0666666666666,0,36,3,0,31,0,"{""process_exit"": 36, ""process_exec"": 36, ""process_kprobe"": 31}"
1774265885,normal,sw-wk2,0.07199999999999518,0.398374954240876,0.0,0.0,439.8,4279.5,0,2,2,0,0,0,"{""process_exec"": 2}"
1774265885,normal,sw-wk3,0.08711111111109238,0.41449890675266743,0.0,0.0,2000.8666666666666,5175.433333333333,0,0,0,0,0,0,{}
1774265885,normal,k3s-wk1,0.2694444444444243,0.7095866615783448,282.3333333333333,145.4,9200.666666666666,1294.0666666666666,0,57,3,0,51,0,"{""process_exit"": 57, ""process_exec"": 57, ""process_kprobe"": 51}"
1774265895,normal,sw-wk2,0.07199999999999518,0.398374954240876,0.0,0.0,439.8,4279.5,0,0,0,0,0,0,{}
1774265895,normal,sw-wk3,0.08711111111109249,0.41449890675266743,0.0,0.0,2000.8666666666666,5175.433333333333,0,0,0,0,0,0,{}
1774265895,normal,k3s-wk1,0.27177777777780854,0.70825492492532,279.3333333333333,142.4,9843.6,4166.933333333333,0,12,2,0,14,0,"{""process_kprobe"": 14, ""process_exit"": 12, ""process_exec"": 12}"
1774265905,normal,sw-wk2,0.1561111111111435,0.3979173630011619,0.0,0.0,5278.766666666666,28090.2,0,105,6,0,0,0,"{""process_exit"": 107, ""process_exec"": 105}"
1774265905,normal,sw-wk3,0.08711111111109249,0.41449890675266743,0.0,0.0,2000.8666666666666,5175.433333333333,0,0,0,0,0,0,{}
1774265905,normal,k3s-wk1,0.27177777777780854,0.70825492492532,279.3333333333333,142.4,9843.6,4166.933333333333,0,36,3,0,31,0,"{""process_exit"": 36, ""process_exec"": 36, ""process_kprobe"": 31}"
1774265915,normal,sw-wk2,0.1561111111111435,0.3979173630011619,0.0,0.0,5278.766666666666,28090.2,0,10,7,2,0,0,"{""process_exec"": 10, ""process_exit"": 8}"
1774265915,normal,sw-wk3,0.09955555555556606,0.41472969235880797,0.0,0.0,4318.866666666667,5374.233333333334,0,1,1,0,0,0,"{""process_exit"": 1, ""process_exec"": 1}"
1774265915,normal,k3s-wk1,0.27177777777780854,0.70825492492532,279.3333333333333,142.4,9843.6,4166.933333333333,0,33,3,0,29,0,"{""process_exit"": 33, ""process_exec"": 33, ""process_kprobe"": 29}"
1774265925,normal,sw-wk2,0.1561111111111435,0.3979173630011619,0.0,0.0,5278.766666666666,28090.2,0,14,9,3,1,0,"{""process_exit"": 16, ""process_exec"": 14, ""process_kprobe"": 1}"
1774265925,normal,sw-wk3,0.09955555555556606,0.41472969235880797,0.0,0.0,4318.866666666667,5374.233333333334,0,0,0,0,0,0,{}
1774265925,normal,k3s-wk1,0.2912222222222125,0.704818991722704,277.2,140.4,37367.433333333334,9472.033333333333,0,12,2,0,11,0,"{""process_kprobe"": 11, ""process_exit"": 12, ""process_exec"": 12}"
1774265935,normal,sw-wk2,0.12488888888884608,0.3999327539830333,2.1333333333333333,16.800000000000004,2038.8999999999999,8848.0,0,0,0,0,2,0,"{""process_kprobe"": 2}"
1774265935,normal,sw-wk3,0.09955555555556606,0.41472969235880797,0.0,0.0,4318.866666666667,5374.233333333334,0,0,0,0,0,0,{}
1774265935,normal,k3s-wk1,0.2912222222222125,0.704818991722704,277.2,140.4,37367.433333333334,9472.033333333333,0,15,2,0,12,0,"{""process_exit"": 15, ""process_exec"": 15, ""process_kprobe"": 12}"
1774265945,normal,sw-wk2,0.12488888888884608,0.3999327539830333,2.1333333333333337,16.8,2038.8999999999999,8848.0,0,2,2,0,2,0,"{""process_kprobe"": 2, ""process_exec"": 2}"
1774265945,normal,sw-wk3,0.09777777777776964,0.41560508603727186,0.0,0.0,1964.4666666666667,4925.266666666666,0,0,0,0,0,0,{}
1774265945,normal,k3s-wk1,0.2912222222222125,0.704818991722704,277.2,140.4,37367.433333333334,9472.033333333333,0,39,3,0,36,0,"{""process_exit"": 39, ""process_exec"": 39, ""process_kprobe"": 36}"
1774265955,normal,sw-wk2,0.12488888888884608,0.3999327539830333,2.1333333333333333,16.8,2038.8999999999999,8848.0,0,105,6,0,1,0,"{""process_exit"": 107, ""process_exec"": 105, ""process_kprobe"": 1}"
1774265955,normal,sw-wk3,0.09777777777776964,0.41560508603727186,0.0,0.0,1964.4666666666667,4925.266666666666,0,1,1,0,0,0,"{""process_exit"": 1, ""process_exec"": 1}"
1774265955,normal,k3s-wk1,0.27600000000000147,0.7082522930347015,279.3333333333333,142.4,33817.9,5450.833333333333,0,39,3,0,37,0,"{""process_exit"": 39, ""process_exec"": 39, ""process_kprobe"": 37}"
1774265965,normal,sw-wk2,0.1578888888888994,0.40175913988763146,12.133333333333333,21.733333333333334,5609.066666666667,28676.200000000004,0,0,0,0,1,0,"{""process_kprobe"": 1}"
1774265965,normal,sw-wk3,0.09777777777776964,0.41560508603727186,0.0,0.0,1964.4666666666667,4925.266666666666,0,0,0,0,0,0,{}
1774265965,normal,k3s-wk1,0.2760000000000016,0.7082522930347015,279.3333333333333,142.40000000000003,33817.9,5450.833333333333,0,36,3,0,31,0,"{""process_exit"": 36, ""process_exec"": 36, ""process_kprobe"": 31}"
1774265975,normal,sw-wk2,0.1578888888888994,0.40175913988763146,12.133333333333333,21.733333333333334,5609.066666666667,28676.2,0,0,0,0,1,0,"{""process_kprobe"": 1}"
1774265975,normal,sw-wk3,0.09533333333329219,0.4146859226748848,4.466666666666667,6.0,3354.6666666666665,5286.633333333333,0,0,0,0,0,0,{}
1774265975,normal,k3s-wk1,0.2760000000000016,0.7082522930347015,279.3333333333333,142.4,33817.9,5450.833333333333,0,33,3,0,30,0,"{""process_exit"": 34, ""process_exec"": 33, ""process_kprobe"": 30}"
1774265985,normal,sw-wk2,0.1578888888888994,0.40175913988763146,12.133333333333333,21.733333333333334,5609.066666666667,28676.2,0,0,0,0,1,0,"{""process_kprobe"": 1}"
1774265985,normal,sw-wk3,0.09533333333329219,0.4146859226748848,4.466666666666667,6.0,3354.6666666666674,5286.633333333333,0,1,1,0,0,0,"{""process_exit"": 1, ""process_exec"": 1}"
1774265985,normal,k3s-wk1,0.2912222222222328,0.7086839230961561,279.3333333333333,142.40000000000003,10008.2,5921.366666666667,0,30,3,0,27,0,"{""process_exit"": 30, ""process_exec"": 30, ""process_kprobe"": 27}"
1774265995,normal,sw-wk2,0.07233333333335601,0.4015940091359086,8.133333333333333,16.8,465.59999999999997,4623.700000000001,0,0,0,0,1,0,"{""process_kprobe"": 1}"
1774265995,normal,sw-wk3,0.09533333333329219,0.4146859226748848,4.466666666666667,6.0,3354.6666666666665,5286.633333333333,0,1,1,0,0,0,"{""process_exit"": 1, ""process_exec"": 1}"
1774265995,normal,k3s-wk1,0.2912222222222328,0.7086839230961561,279.3333333333333,142.4,10008.2,5921.366666666667,0,12,2,0,9,0,"{""process_exit"": 12, ""process_exec"": 12, ""process_kprobe"": 9}"
1774266005,normal,sw-wk2,0.07233333333335601,0.4015940091359086,8.133333333333333,16.8,465.59999999999997,4623.7,0,3,2,0,1,0,"{""process_exit"": 1, ""process_exec"": 3, ""process_kprobe"": 1}"
1774266005,normal,sw-wk3,0.09233333333336813,0.4149007920323259,0.0,0.0,3473.2,5602.766666666666,0,0,0,0,0,0,{}
1774266005,normal,k3s-wk1,0.2912222222222328,0.7086839230961561,279.3333333333333,142.4,10008.2,5921.366666666667,0,33,3,0,30,0,"{""process_exit"": 33, ""process_exec"": 33, ""process_kprobe"": 30}"
1774266015,normal,sw-wk2,0.07233333333335601,0.4015940091359086,8.133333333333333,16.8,465.59999999999997,4623.7,0,104,5,0,1,0,"{""process_exit"": 106, ""process_exec"": 104, ""process_kprobe"": 1}"
1774266015,normal,sw-wk3,0.09233333333336813,0.4149007920323259,0.0,0.0,3473.2000000000007,5602.766666666666,0,0,0,0,0,0,{}
1774266015,normal,k3s-wk1,0.37783999377837973,0.7104643970996565,156333.96660333968,2098.6901309869013,33927.57390927574,7282.071792820718,0,60,3,0,58,0,"{""process_exit"": 60, ""process_exec"": 60, ""process_kprobe"": 58}"
1774266026,normal,sw-wk2,0.15911111111110798,0.40239976762323126,6.0,14.799999999999999,5642.466666666668,28933.433333333334,0,1,1,0,1,0,"{""process_exit"": 1, ""process_exec"": 1, ""process_kprobe"": 1}"
1774266026,normal,sw-wk3,0.09233333333336813,0.4149007920323259,0.0,0.0,3473.2,5602.766666666666,0,0,0,0,0,0,{}
1774266026,normal,k3s-wk1,0.37783999377837985,0.7104643970996565,156333.96660333968,2098.6901309869013,33927.57390927574,7282.071792820718,0,36,3,0,32,0,"{""process_exit"": 36, ""process_exec"": 36, ""process_kprobe"": 32}"
1774266035,normal,sw-wk2,0.15911111111110798,0.40239976762323126,6.0,14.799999999999999,5642.466666666666,28933.433333333334,0,0,0,0,0,0,{}
1774266035,normal,sw-wk3,0.09111111111107872,0.4156985939983805,0.0,0.0,3433.833333333334,5068.6,0,0,0,0,0,0,{}
1774266035,normal,k3s-wk1,0.37783999377837973,0.7104643970996565,156333.96660333968,2098.6901309869013,33927.57390927574,7282.071792820718,0,15,2,0,14,0,"{""process_exit"": 15, ""process_exec"": 15, ""process_kprobe"": 14}"
1774266045,normal,sw-wk2,0.15911111111110798,0.40239976762323126,6.0,14.799999999999999,5642.466666666666,28933.433333333334,0,0,0,0,1,0,"{""process_kprobe"": 1}"
1774266045,normal,sw-wk3,0.09111111111107872,0.4156985939983805,0.0,0.0,3433.8333333333335,5068.6,0,1,1,0,0,0,"{""process_exit"": 1, ""process_exec"": 1}"
1774266045,normal,k3s-wk1,0.6439719620977207,0.7159597847113475,282.0008664644916,145.23277901822905,10291.831905888625,6640.4172359782715,0,6,2,0,5,0,"{""process_kprobe"": 5, ""process_exit"": 6, ""process_exec"": 6}"
1774266056,normal,sw-wk2,0.07511111111109336,0.4023838514061978,6.133333333333333,11.866666666666667,2610.6333333333337,5020.033333333333,0,1,1,0,1,0,"{""process_exit"": 1, ""process_exec"": 1, ""process_kprobe"": 1}"
1774266056,normal,sw-wk3,0.09111111111107872,0.4156985939983805,0.0,0.0,3433.8333333333335,5068.6,0,0,0,0,0,0,{}
1774266056,normal,k3s-wk1,0.6439719620977207,0.7159597847113475,282.0008664644916,145.23277901822905,10291.831905888625,6640.4172359782715,0,39,3,0,34,0,"{""process_exit"": 39, ""process_exec"": 39, ""process_kprobe"": 34}"
1774266066,normal,sw-wk2,0.07511111111109336,0.4023838514061978,6.133333333333333,11.866666666666667,2610.633333333333,5020.033333333333,0,106,7,0,0,0,"{""process_exit"": 108, ""process_exec"": 106}"
1774266066,normal,sw-wk3,0.10186759101871479,0.41703555888912547,0.0,0.0,3524.5475452454757,5264.973502649736,0,0,0,0,0,0,{}
1774266066,normal,k3s-wk1,0.6439719620977207,0.7159597847113475,282.0008664644916,145.23277901822905,10291.831905888625,6640.417235978272,0,33,3,0,29,0,"{""process_exit"": 33, ""process_exec"": 33, ""process_kprobe"": 29}"
1774266076,normal,sw-wk2,0.07511111111109336,0.4023838514061978,6.133333333333333,11.866666666666667,2610.633333333333,5020.033333333333,0,0,0,0,0,0,{}
1774266076,normal,sw-wk3,0.10186759101871479,0.41703555888912547,0.0,0.0,3524.5475452454757,5264.973502649736,0,0,0,0,0,0,{}
1774266076,normal,k3s-wk1,0.34244748249416634,0.6960442684002053,6764.588196065354,296.46548849616534,33690.93031010337,13204.301433811268,0,78,3,0,76,0,"{""process_kprobe"": 76, ""process_exit"": 78, ""process_exec"": 78}"
1774266085,normal,sw-wk2,0.18866666666666176,0.4028951598784001,4.0,0.0,6917.533333333333,27957.53333333334,0,0,0,0,0,0,{}
1774266085,normal,sw-wk3,0.10186759101871479,0.41703555888912547,0.0,0.0,3524.5475452454757,5264.973502649736,0,0,0,0,0,0,{}
1774266085,normal,k3s-wk1,0.34244748249416646,0.6960442684002053,6764.588196065355,296.46548849616534,33690.93031010337,13204.301433811272,0,12,2,0,9,0,"{""process_exit"": 12, ""process_exec"": 12, ""process_kprobe"": 9}"
1774266096,normal,sw-wk2,0.18866666666666176,0.4028951598784001,4.0,0.0,6917.533333333335,27957.533333333333,0,1,1,0,0,0,"{""process_exit"": 1, ""process_exec"": 1}"
1774266096,normal,sw-wk3,0.11102221333244422,0.41729618746157715,0.0,0.0,2404.107077374404,5234.523452345235,0,1,1,0,0,0,"{""process_exit"": 1, ""process_exec"": 1}"
1774266096,normal,k3s-wk1,0.34244748249416634,0.6960442684002053,6764.588196065355,296.46548849616534,33690.93031010337,13204.301433811272,0,33,3,0,30,0,"{""process_exit"": 33, ""process_exec"": 33, ""process_kprobe"": 30}"
1774266106,normal,sw-wk2,0.18866666666666176,0.4028951598784001,4.0,0.0,6917.533333333333,27957.533333333333,0,0,0,0,0,0,{}
1774266106,normal,sw-wk3,0.11102221333244422,0.41729618746157715,0.0,0.0,2404.107077374404,5234.523452345235,0,0,0,0,0,0,{}
1774266106,normal,k3s-wk1,0.2601111111111297,0.6963758866181522,470.36666666666673,234.83333333333334,9466.466666666667,1362.6,0,33,3,0,32,0,"{""process_exit"": 33, ""process_exec"": 33, ""process_kprobe"": 32}"
1774266116,normal,sw-wk2,0.07133333333335434,0.40311599738974035,4.466666666666667,6.0,474.2,4316.3,0,0,0,0,0,0,{}
1774266116,normal,sw-wk3,0.11102221333244444,0.41729618746157715,0.0,0.0,2404.107077374404,5234.523452345235,0,0,0,0,0,0,{}
1774266116,normal,k3s-wk1,0.2601111111111297,0.6963758866181522,470.3666666666667,234.83333333333334,9466.466666666667,1362.6,0,15,2,0,12,0,"{""process_exit"": 15, ""process_exec"": 15, ""process_kprobe"": 12}"
1774266126,normal,sw-wk2,0.07133333333335434,0.40311599738974035,4.466666666666667,6.0,474.2,4316.3,0,3,2,0,0,0,"{""process_exit"": 1, ""process_exec"": 3}"
1774266126,normal,sw-wk3,0.10755555555555862,0.4176642507127495,0.0,0.0,2059.3,5038.966666666666,0,0,0,0,0,0,{}
1774266126,normal,k3s-wk1,0.2601111111111297,0.6963758866181522,470.3666666666667,234.83333333333334,9466.466666666667,1362.6,0,33,3,0,32,0,"{""process_exit"": 33, ""process_exec"": 33, ""process_kprobe"": 32}"
1774266136,normal,sw-wk2,0.07133333333335434,0.40311599738974035,4.466666666666667,6.0,474.2,4316.3,0,0,0,0,0,0,{}
1774266136,normal,sw-wk3,0.10755555555555885,0.4176642507127495,0.0,0.0,2059.3,5038.966666666666,0,1,1,0,0,0,"{""process_exit"": 1, ""process_exec"": 1}"
1774266136,normal,k3s-wk1,0.27422222222220527,0.6962034977826321,279.2,142.4,10175.8,4164.333333333333,0,15,2,0,15,0,"{""process_exit"": 15, ""process_exec"": 15, ""process_kprobe"": 15}"
1774266146,normal,sw-wk2,0.15244444444443717,0.40116029222174476,0.0,0.0,5286.4,28134.766666666666,0,104,5,0,0,0,"{""process_exit"": 106, ""process_exec"": 104}"
1774266146,normal,sw-wk3,0.10755555555555885,0.4176642507127495,0.0,0.0,2059.3,5038.966666666666,0,0,0,0,0,0,{}
1774266146,normal,k3s-wk1,0.27422222222220527,0.6962034977826321,279.2,142.4,10175.8,4164.333333333333,0,21,2,0,15,0,"{""process_exit"": 21, ""process_exec"": 21, ""process_kprobe"": 15}"
1774266156,normal,sw-wk2,0.15244444444443717,0.40116029222174476,0.0,0.0,5286.4,28134.766666666666,0,0,0,0,0,0,{}
1774266156,normal,sw-wk3,0.12088888888890015,0.4177438319562462,0.0,0.0,2748.9666666666667,5483.066666666667,0,1,1,0,0,0,"{""process_exit"": 1, ""process_exec"": 1}"
1774266156,normal,k3s-wk1,0.27422222222220527,0.6962034977826321,279.2,142.4,10175.8,4164.333333333333,0,63,3,0,56,0,"{""process_exit"": 63, ""process_exec"": 63, ""process_kprobe"": 56}"
1774266166,normal,sw-wk2,0.15244444444443717,0.40116029222174476,0.0,0.0,5286.4,28134.766666666666,0,1,1,0,0,0,"{""process_exit"": 1, ""process_exec"": 1}"
1774266166,normal,sw-wk3,0.12088888888890015,0.4177438319562462,0.0,0.0,2748.9666666666667,5483.066666666667,0,0,0,0,0,0,{}
1774266166,normal,k3s-wk1,0.2808888888888962,0.7069087128738929,281.3333333333333,144.4,32716.899999999998,6295.233333333334,0,36,3,0,31,0,"{""process_exit"": 36, ""process_exec"": 36, ""process_kprobe"": 31}"
1774266176,normal,sw-wk2,0.07111111111110713,0.40005212561078485,0.0,0.0,369.3333333333333,4259.733333333334,0,0,0,0,0,0,{}
1774266176,normal,sw-wk3,0.12088888888890015,0.4177438319562462,0.0,0.0,2748.9666666666667,5483.066666666667,0,0,0,0,0,0,{}
1774266176,normal,k3s-wk1,0.2808888888888962,0.7069087128738929,281.3333333333333,144.4,32716.899999999998,6295.233333333334,0,15,2,0,11,0,"{""process_exit"": 15, ""process_exec"": 15, ""process_kprobe"": 11}"
1774266186,normal,sw-wk2,0.07111111111110713,0.40005212561078485,0.0,0.0,369.3333333333333,4259.733333333334,0,2,2,0,0,0,"{""process_exec"": 2}"
1774266186,normal,sw-wk3,0.10500000000000809,0.417652313526225,0.0,0.0,2000.0666666666666,4977.766666666666,0,0,0,0,0,0,{}
1774266186,normal,k3s-wk1,0.2808888888888962,0.7069087128738929,281.3333333333333,144.4,32716.899999999998,6295.233333333334,0,15,2,0,12,0,"{""process_exit"": 15, ""process_exec"": 15, ""process_kprobe"": 12}"
1774266196,normal,sw-wk2,0.07111111111110713,0.40005212561078485,0.0,0.0,369.3333333333333,4259.733333333334,0,0,0,0,0,0,{}
1774266196,normal,sw-wk3,0.10500000000000809,0.417652313526225,0.0,0.0,2000.0666666666666,4977.766666666666,0,0,0,0,0,0,{}
1774266196,normal,k3s-wk1,0.26400000000002255,0.707467989630351,285.3333333333333,149.00000000000003,9641.966666666667,4108.833333333333,0,33,3,0,34,0,"{""process_exit"": 33, ""process_exec"": 33, ""process_kprobe"": 34}"
1774266206,normal,sw-wk2,0.15166666666668283,0.4012339047255249,0.0,0.0,5061.966666666666,27746.000000000004,0,104,5,0,0,0,"{""process_exit"": 106, ""process_exec"": 104}"
1774266206,normal,sw-wk3,0.10500000000000809,0.417652313526225,0.0,0.0,2000.0666666666666,4977.766666666666,0,1,1,0,0,0,"{""process_exit"": 1, ""process_exec"": 1}"
1774266206,normal,k3s-wk1,0.26400000000002255,0.707467989630351,285.3333333333333,149.00000000000003,9641.966666666667,4108.833333333333,0,36,3,0,32,0,"{""process_exit"": 36, ""process_exec"": 36, ""process_kprobe"": 32}"
1774266216,normal,sw-wk2,0.15166666666668283,0.4012339047255249,0.0,0.0,5061.966666666666,27746.0,0,0,0,0,0,0,{}
1774266216,normal,sw-wk3,0.12777777777777777,0.417690114616886,0.0,0.0,4601.366666666667,5344.366666666667,0,0,0,0,0,0,{}
1774266216,normal,k3s-wk1,0.26400000000002255,0.707467989630351,285.3333333333333,149.0,9641.966666666667,4108.833333333333,0,22,7,0,17,2,"{""process_exit"": 22, ""process_exec"": 22, ""process_kprobe"": 17}"
1774266226,normal,sw-wk2,0.15166666666668283,0.4012339047255249,0.0,0.0,5061.966666666666,27746.0,0,1,1,0,0,0,"{""process_exit"": 1, ""process_exec"": 1}"
1774266226,normal,sw-wk3,0.12777777777777777,0.417690114616886,0.0,0.0,4601.366666666667,5344.366666666667,0,1,1,0,0,0,"{""process_exit"": 1, ""process_exec"": 1}"
1774266226,normal,k3s-wk1,0.32333333333331715,0.7117105973075759,302.3333333333333,182.03333333333333,32964.0,8380.3,0,39,7,0,32,2,"{""process_exit"": 41, ""process_exec"": 39, ""process_kprobe"": 32}"
1774266236,normal,sw-wk2,0.08255555555553862,0.40122594661700806,0.0,0.0,921.9000000000002,4369.133333333333,0,0,0,0,0,0,{}
1774266236,normal,sw-wk3,0.12777777777777777,0.417690114616886,0.0,0.0,4601.366666666667,5344.366666666667,0,0,0,0,0,0,{}
1774266236,normal,k3s-wk1,0.32333333333331715,0.7117105973075759,302.3333333333333,182.03333333333333,32964.0,8380.3,0,25,6,0,16,4,"{""process_exit"": 29, ""process_exec"": 25, ""process_kprobe"": 16}"
1774266246,normal,sw-wk2,0.08255555555553862,0.40122594661700806,0.0,0.0,921.9,4369.133333333333,0,2,2,0,0,0,"{""process_exec"": 2}"
1774266246,normal,sw-wk3,0.1166666666666667,0.4168485429669081,0.0,0.0,2034.9333333333334,5210.5,0,0,0,0,0,0,{}
1774266246,normal,k3s-wk1,0.32333333333331715,0.7117105973075759,302.3333333333333,182.03333333333333,32964.0,8380.3,0,44,7,0,36,2,"{""process_exit"": 46, ""process_exec"": 44, ""process_kprobe"": 36}"
1774266256,normal,sw-wk2,0.08255555555553862,0.40122594661700806,0.0,0.0,921.9,4369.133333333333,0,1,1,0,0,0,"{""process_exit"": 1, ""process_exec"": 1}"
1774266256,normal,sw-wk3,0.1166666666666667,0.4168485429669081,0.0,0.0,2034.9333333333334,5210.5,0,0,0,0,0,0,{}
1774266256,normal,k3s-wk1,0.28666666666665863,0.71398191891145,343.66666666666674,225.66666666666666,9952.433333333332,4271.933333333333,0,24,6,0,19,3,"{""process_exit"": 28, ""process_exec"": 24, ""process_kprobe"": 19}"
1774266266,normal,sw-wk2,0.153000000000025,0.40003819892088044,0.0,0.0,5138.633333333333,28039.13333333333,0,104,5,0,0,0,"{""process_exit"": 106, ""process_exec"": 104}"
1774266266,normal,sw-wk3,0.1166666666666667,0.4168485429669081,0.0,0.0,2034.9333333333334,5210.5,0,0,0,0,0,0,{}
1774266266,normal,k3s-wk1,0.28666666666665863,0.71398191891145,343.6666666666667,225.66666666666666,9952.433333333332,4271.933333333334,0,18,4,0,13,1,"{""process_exit"": 18, ""process_exec"": 18, ""process_kprobe"": 13}"
1774266276,transition,sw-wk2,0.1530000000000249,0.40003819892088044,0.0,0.0,5138.633333333333,28039.13333333333,10,0,0,0,0,0,{}
1774266276,transition,sw-wk3,0.0,0.4168485429669081,0.0,0.0,0.0,0.0,10,0,0,0,0,0,{}
1774266276,transition,k3s-wk1,0.28666666666665863,0.71398191891145,343.6666666666667,225.66666666666666,9952.433333333332,4271.933333333333,10,63,7,0,55,2,"{""process_exit"": 68, ""process_exec"": 63, ""process_kprobe"": 55}"
1774266286,transition,sw-wk2,0.153000000000025,0.40003819892088044,0.0,0.0,5138.633333333333,28039.13333333333,20,0,0,0,0,0,{}
1774266286,transition,sw-wk3,0.0,0.0,0.0,0.0,0.0,0.0,20,0,0,0,0,0,{}
1774266286,transition,k3s-wk1,0.27211111111112896,0.714566198628785,305.2,193.3,30060.933333333334,7099.433333333333,20,39,7,0,32,3,"{""process_exec"": 39, ""process_exit"": 41, ""process_kprobe"": 32}"
1774266296,transition,sw-wk2,0.0926666666666276,0.4001535914943736,0.0,0.0,864.2333333333333,4323.233333333334,30,1,1,0,0,0,"{""process_exit"": 1, ""process_exec"": 1}"
1774266296,transition,sw-wk3,0.0,0.0,0.0,0.0,0.0,0.0,30,0,0,0,0,0,{}
1774266296,transition,k3s-wk1,0.27211111111112896,0.714566198628785,305.2,193.3,30060.933333333334,7099.433333333333,30,42,7,0,35,2,"{""process_exit"": 44, ""process_exec"": 42, ""process_kprobe"": 35}"
1774266306,transition,sw-wk2,0.0926666666666276,0.4001535914943736,0.0,0.0,864.2333333333333,4323.233333333334,40,2,2,0,0,0,"{""process_exec"": 2}"
1774266306,transition,sw-wk3,0.0,0.0,0.0,0.0,0.0,0.0,40,0,0,0,0,0,{}
1774266306,transition,k3s-wk1,0.27211111111112896,0.714566198628785,305.2,193.3,30060.933333333334,7099.433333333333,40,18,6,0,18,2,"{""process_exit"": 20, ""process_exec"": 18, ""process_kprobe"": 18}"
1774266318,transition,sw-wk2,0.09266666666662793,0.4001535914943736,0.0,0.0,864.2333333333333,4323.233333333334,52,105,6,0,0,0,"{""process_exit"": 107, ""process_exec"": 105}"
1774266318,transition,sw-wk3,0.0,0.0,0.0,0.0,0.0,0.0,52,0,0,0,0,0,{}
1774266318,transition,k3s-wk1,0.3241071891359485,0.71342658999092,286.9849168092054,179.13232778728036,26320.634426994246,5127.227491836417,52,33,5,0,33,1,"{""process_exit"": 33, ""process_exec"": 33, ""process_kprobe"": 33}"
1774266327,transition,sw-wk2,0.14722222222222203,0.40083798882681565,0.0,0.0,8200.7,28105.333333333332,61,0,0,0,0,0,{}
1774266327,transition,sw-wk3,0.0,0.0,0.0,0.0,0.0,0.0,61,0,0,0,0,0,{}
1774266327,transition,k3s-wk1,0.3241071891359485,0.71342658999092,286.9849168092054,179.13232778728036,26320.634426994246,5127.227491836417,61,18,6,0,12,2,"{""process_exit"": 20, ""process_exec"": 18, ""process_kprobe"": 12}"
1774266337,transition,sw-wk2,0.14722222222222225,0.40083798882681565,0.0,0.0,8200.7,28105.333333333332,71,1,1,0,0,0,"{""process_exit"": 1, ""process_exec"": 1}"
1774266337,transition,sw-wk3,0.0,0.0,0.0,0.0,0.0,0.0,71,0,0,0,0,0,{}
1774266337,transition,k3s-wk1,0.3241071891359485,0.71342658999092,286.9849168092054,179.13232778728036,26320.634426994246,5127.227491836417,71,63,7,0,56,2,"{""process_exit"": 65, ""process_exec"": 63, ""process_kprobe"": 56}"
1774266347,transition,sw-wk2,0.14722222222222225,0.40083798882681565,0.0,0.0,8200.7,28105.333333333332,81,0,0,0,0,0,{}
1774266347,transition,sw-wk3,0.0,0.0,0.0,0.0,0.0,0.0,81,0,0,0,0,0,{}
1774266347,transition,k3s-wk1,0.29466690608726787,0.7127883565159032,352.23558987250857,212.4618423415335,4757.694379601365,4174.286227329862,81,49,7,0,38,3,"{""process_exit"": 53, ""process_exec"": 49, ""process_kprobe"": 38}"
1774266357,transition,sw-wk2,0.06833333333336966,0.40095139187317963,4.466666666666667,6.0,1160.0666666666666,4352.166666666668,91,0,0,0,0,0,{}
1774266357,transition,sw-wk3,0.0,0.0,0.0,0.0,0.0,0.0,91,0,0,0,0,0,{}
1774266357,transition,k3s-wk1,0.29466690608726787,0.7127883565159032,352.23558987250857,212.4618423415335,4757.694379601365,4174.286227329862,91,38,7,0,35,2,"{""process_kprobe"": 35, ""process_exit"": 40, ""process_exec"": 38}"
1774266367,transition,sw-wk2,0.06833333333336966,0.40095139187317963,4.466666666666667,6.0,1160.0666666666666,4352.166666666667,101,3,2,0,0,0,"{""process_exec"": 3, ""process_exit"": 1}"
1774266367,transition,sw-wk3,0.0,0.0,0.0,0.0,0.0,0.0,101,0,0,0,0,0,{}
1774266367,transition,k3s-wk1,0.29466690608726787,0.7127883565159032,352.23558987250857,212.4618423415335,4757.694379601365,4174.286227329862,101,66,7,0,59,2,"{""process_exit"": 68, ""process_exec"": 66, ""process_kprobe"": 59}"
1774266377,transition,sw-wk2,0.06833333333336966,0.40095139187317963,4.466666666666667,6.0,1160.0666666666666,4352.166666666667,111,104,5,0,0,0,"{""process_exit"": 106, ""process_exec"": 104}"
1774266377,transition,sw-wk3,0.0,0.0,0.0,0.0,0.0,0.0,111,0,0,0,0,0,{}
1774266377,transition,k3s-wk1,0.3044444444444404,0.7121738100564541,339.2,207.33333333333334,28178.899999999998,6764.266666666666,111,21,6,0,20,2,"{""process_exit"": 25, ""process_exec"": 21, ""process_kprobe"": 20}"
1774266387,transition,sw-wk2,0.16250027775920872,0.4035497143039043,0.0,0.0,6792.213852409839,28123.625091660557,121,0,0,0,0,0,{}
1774266387,transition,sw-wk3,0.0,0.0,0.0,0.0,0.0,0.0,121,0,0,0,0,0,{}
1774266387,transition,k3s-wk1,0.3044444444444402,0.7121738100564541,339.2,207.33333333333334,28178.899999999998,6764.266666666666,121,24,2,0,21,0,"{""process_exit"": 24, ""process_exec"": 24, ""process_kprobe"": 21}"
1774266397,transition,sw-wk2,0.16250027775920872,0.4035497143039043,0.0,0.0,6792.213852409839,28123.625091660557,131,0,0,0,0,0,{}
1774266397,transition,sw-wk3,0.0,0.0,0.0,0.0,0.0,0.0,131,0,0,0,0,0,{}
1774266397,transition,k3s-wk1,0.3044444444444404,0.7121738100564541,339.2,207.33333333333334,28178.899999999998,6764.266666666666,131,36,3,0,36,0,"{""process_exit"": 36, ""process_exec"": 36, ""process_kprobe"": 36}"
1774266407,transition,sw-wk2,0.16250027775920872,0.4035497143039043,0.0,0.0,6792.213852409839,28123.625091660557,141,0,0,0,0,0,{}
1774266407,transition,sw-wk3,0.0,0.0,0.0,0.0,0.0,0.0,141,0,0,0,0,0,{}
1774266407,transition,k3s-wk1,0.28000000000000813,0.7065652511481623,289.3333333333333,147.6,4054.7000000000007,860.8,141,63,3,0,56,0,"{""process_exit"": 63, ""process_exec"": 63, ""process_kprobe"": 56}"
1774266417,transition,sw-wk2,0.07082694401856204,0.40339652071495646,0.0,0.0,551.0700713380893,4103.173544902994,151,0,0,0,0,0,{}
1774266417,transition,sw-wk3,0.0,0.0,0.0,0.0,0.0,0.0,151,0,0,0,0,0,{}
1774266417,transition,k3s-wk1,0.28000000000000813,0.7065652511481623,289.3333333333333,147.6,4054.7,860.8,151,36,3,0,34,0,"{""process_exit"": 36, ""process_exec"": 36, ""process_kprobe"": 34}"
1774266427,transition,sw-wk2,0.07082694401856204,0.40339652071495646,0.0,0.0,551.0700713380893,4103.173544902994,161,107,7,0,0,0,"{""process_exit"": 107, ""process_exec"": 107}"
1774266427,transition,sw-wk3,0.0,0.0,0.0,0.0,0.0,0.0,161,0,0,0,0,0,{}
1774266427,transition,k3s-wk1,0.28000000000000813,0.7065652511481623,289.3333333333333,147.6,4054.7,860.8,161,78,3,0,74,0,"{""process_exit"": 78, ""process_exec"": 78, ""process_kprobe"": 74}"
1774266438,transition,sw-wk2,0.07082694401856204,0.40339652071495646,0.0,0.0,551.0700713380893,4103.173544902994,171,0,0,0,0,0,{}
1774266438,transition,sw-wk3,0.0,0.0,0.0,0.0,0.0,0.0,171,0,0,0,0,0,{}
1774266438,transition,k3s-wk1,0.2912222222222125,0.7017475753707676,279.3333333333333,142.4,27962.0,5306.433333333333,171,12,2,0,14,0,"{""process_exit"": 12, ""process_exec"": 12, ""process_kprobe"": 14}"
1774266447,transition,sw-wk2,0.1496666666666594,0.4072223813843926,0.0,0.0,5195.7,27884.833333333332,181,0,0,0,0,0,{}
1774266447,transition,sw-wk3,0.0,0.0,0.0,0.0,0.0,0.0,181,0,0,0,0,0,{}
1774266447,transition,k3s-wk1,0.2912222222222125,0.7017475753707676,279.3333333333333,142.4,27962.0,5306.433333333333,181,36,3,0,34,0,"{""process_exit"": 36, ""process_exec"": 36, ""process_kprobe"": 34}"
1774266457,transition,sw-wk2,0.1496666666666594,0.4072223813843926,0.0,0.0,5195.700000000001,27884.833333333332,191,0,0,0,0,0,{}
1774266457,transition,sw-wk3,0.0,0.41898927841696987,0.0,0.0,0.0,0.0,191,0,0,0,0,0,{}
1774266457,transition,k3s-wk1,0.2912222222222125,0.7017475753707676,279.3333333333333,142.4,27962.0,5306.433333333333,191,36,3,0,34,0,"{""process_exit"": 36, ""process_exec"": 36, ""process_kprobe"": 34}"
1774266467,transition,sw-wk2,0.1496666666666594,0.4072223813843926,0.0,0.0,5195.7,27884.833333333332,201,0,0,0,0,0,{}
1774266467,transition,sw-wk3,0.0,0.41898927841696987,0.0,0.0,0.0,0.0,201,0,0,0,0,0,{}
1774266467,transition,k3s-wk1,0.294111111111124,0.7060125541182509,279.3333333333333,142.4,11143.06666666667,57477.933333333334,201,36,3,0,32,0,"{""process_exit"": 36, ""process_exec"": 36, ""process_kprobe"": 32}"
1774266477,transition,sw-wk2,0.07322222222218333,0.40594311544032213,0.0,0.0,3682.8333333333335,4366.266666666666,211,1,1,0,0,0,"{""process_exit"": 1, ""process_exec"": 1}"
1774266477,transition,sw-wk3,0.0,0.41898927841696987,0.0,0.0,0.0,0.0,211,0,0,0,0,0,{}
1774266477,transition,k3s-wk1,0.294111111111124,0.7060125541182509,279.3333333333333,142.4,11143.066666666666,57477.933333333334,211,12,2,0,12,0,"{""process_kprobe"": 12, ""process_exit"": 12, ""process_exec"": 12}"
1774266487,normal,sw-wk2,0.07322222222218333,0.40594311544032213,0.0,0.0,3682.8333333333335,4366.266666666666,0,2,2,0,0,0,"{""process_exec"": 2}"
1774266487,normal,sw-wk3,0.10455555555559437,0.41821137176178946,30.0,22.53333333333333,17132.9,6067.766666666666,0,0,0,0,0,0,{}
1774266487,normal,k3s-wk1,0.294111111111124,0.7060125541182509,279.3333333333333,142.4,11143.066666666666,57477.933333333334,0,18,2,0,17,0,"{""process_exit"": 18, ""process_exec"": 18, ""process_kprobe"": 17}"
1774266497,normal,sw-wk2,0.07322222222218333,0.40594311544032213,0.0,0.0,3682.8333333333335,4366.266666666666,0,104,5,0,0,0,"{""process_exit"": 106, ""process_exec"": 104}"
1774266497,normal,sw-wk3,0.10455555555559437,0.41821137176178946,30.0,22.53333333333333,17132.9,6067.766666666666,0,0,0,0,0,0,{}
1774266497,normal,k3s-wk1,0.28077777777776236,0.704192601755471,279.3333333333333,142.4,33091.700000000004,9045.233333333334,0,57,3,0,55,0,"{""process_exit"": 57, ""process_exec"": 57, ""process_kprobe"": 55}"
1774266507,normal,sw-wk2,0.14530769145309386,0.40132940202772605,0.0,0.0,5143.252341432523,27716.028397160284,0,0,0,0,0,0,{}
1774266507,normal,sw-wk3,0.10455555555559437,0.41821137176178946,30.0,22.53333333333333,17132.9,6067.766666666666,0,0,0,0,0,0,{}
1774266507,normal,k3s-wk1,0.28077777777776236,0.704192601755471,279.3333333333333,142.4,33091.7,9045.233333333334,0,39,3,0,33,0,"{""process_exit"": 39, ""process_exec"": 39, ""process_kprobe"": 33}"
1774266517,normal,sw-wk2,0.14530769145309386,0.40132940202772605,0.0,0.0,5143.252341432523,27716.028397160284,0,1,1,0,0,0,"{""process_exit"": 1, ""process_exec"": 1}"
1774266517,normal,sw-wk3,0.08777777777771312,0.4186431000077592,0.0,0.0,2814.7,5035.0,0,0,0,0,0,0,{}
1774266517,normal,k3s-wk1,0.28077777777776236,0.704192601755471,279.3333333333333,142.4,33091.7,9045.233333333334,0,15,2,0,12,0,"{""process_exit"": 15, ""process_exec"": 15, ""process_kprobe"": 12}"
1774266527,normal,sw-wk2,0.14530769145309386,0.40132940202772605,0.0,0.0,5143.252341432523,27716.028397160284,0,0,0,0,0,0,{}
1774266527,normal,sw-wk3,0.08777777777771312,0.4186431000077592,0.0,0.0,2814.7,5035.0,0,0,0,0,0,0,{}
1774266527,normal,k3s-wk1,0.2552222222222148,0.7014804384729771,283.8,148.4,9179.266666666666,1361.9,0,36,3,0,31,0,"{""process_exit"": 36, ""process_exec"": 36, ""process_kprobe"": 31}"
1774266537,normal,sw-wk2,0.1027991688057921,0.41780666571169367,0.0,0.0,2074.5074507450745,4691.602493582693,0,1,1,0,0,0,"{""process_exec"": 1}"
1774266537,normal,sw-wk3,0.08777777777771312,0.4186431000077592,0.0,0.0,2814.7,5035.0,0,0,0,0,0,0,{}
1774266537,normal,k3s-wk1,0.255222222222215,0.7014804384729771,283.8,148.4,9179.266666666666,1361.9,0,36,3,0,31,0,"{""process_exit"": 36, ""process_exec"": 36, ""process_kprobe"": 31}"
1774266547,normal,sw-wk2,0.1027991688057921,0.41780666571169367,0.0,0.0,2074.5074507450745,4691.602493582692,0,23,5,0,0,0,"{""process_exec"": 23, ""process_exit"": 21}"
1774266547,normal,sw-wk3,0.09455555555561856,0.4185873931373114,5.133333333333333,5.0,3467.6666666666665,4934.966666666666,0,0,0,0,0,0,{}
1774266547,normal,k3s-wk1,0.255222222222215,0.7014804384729771,283.8,148.4,9179.266666666666,1361.9,0,15,2,0,12,0,"{""process_exit"": 15, ""process_exec"": 15, ""process_kprobe"": 12}"
1774266557,normal,sw-wk2,0.1027991688057921,0.41780666571169367,0.0,0.0,2074.5074507450745,4691.602493582692,0,84,4,0,0,0,"{""process_exit"": 86, ""process_exec"": 84}"
1774266557,normal,sw-wk3,0.09455555555561856,0.4185873931373114,5.133333333333333,5.000000000000001,3467.6666666666665,4934.966666666666,0,0,0,0,0,0,{}
1774266557,normal,k3s-wk1,0.30155555555556923,0.700340829835112,279.3333333333333,142.4,33599.13333333333,12133.766666666666,0,15,2,0,16,0,"{""process_exit"": 15, ""process_exec"": 15, ""process_kprobe"": 16}"
1774266567,normal,sw-wk2,0.15411111111105935,0.4991862834041605,0.0,0.0,5175.133333333333,28209.899999999998,0,0,0,0,0,0,{}
1774266567,normal,sw-wk3,0.09455555555561856,0.4185873931373114,5.133333333333333,5.0,3467.6666666666665,4934.966666666666,0,0,0,0,0,0,{}
1774266567,normal,k3s-wk1,0.30155555555556923,0.700340829835112,279.3333333333333,142.40000000000003,33599.13333333333,12133.766666666666,0,57,3,0,52,0,"{""process_kprobe"": 52, ""process_exit"": 57, ""process_exec"": 57}"
1774266577,normal,sw-wk2,0.15411111111105935,0.4991862834041605,0.0,0.0,5175.133333333333,28209.899999999998,0,1,1,0,0,0,"{""process_exit"": 1, ""process_exec"": 1}"
1774266577,normal,sw-wk3,0.08966666666666345,0.4185595397020876,0.0,0.0,2791.1,5013.2333333333345,0,0,0,0,0,0,{}
1774266577,normal,k3s-wk1,0.30155555555556923,0.700340829835112,279.3333333333333,142.4,33599.13333333333,12133.766666666666,0,57,3,0,54,0,"{""process_exit"": 58, ""process_exec"": 57, ""process_kprobe"": 54}"
1774266587,normal,sw-wk2,0.15411111111105935,0.4991862834041605,0.0,0.0,5175.133333333333,28209.899999999998,0,0,0,0,0,0,{}
1774266587,normal,sw-wk3,0.08966666666666345,0.4185595397020876,0.0,0.0,2791.1000000000004,5013.233333333334,0,0,0,0,0,0,{}
1774266587,normal,k3s-wk1,0.2696666666666716,0.70158966193365,279.3333333333333,142.4,9482.766666666666,2371.3333333333335,0,36,3,0,31,0,"{""process_exit"": 36, ""process_exec"": 36, ""process_kprobe"": 31}"
1774266597,normal,sw-wk2,0.07800000000004526,0.5642020404590238,0.0,0.0,743.6666666666666,4773.433333333333,0,1,1,0,0,0,"{""process_exit"": 1, ""process_exec"": 1}"
1774266597,normal,sw-wk3,0.08966666666666345,0.4185595397020876,0.0,0.0,2791.1,5013.233333333334,0,0,0,0,0,0,{}
1774266597,normal,k3s-wk1,0.2696666666666716,0.70158966193365,279.33333333333337,142.4,9482.766666666666,2371.3333333333335,0,54,3,0,49,0,"{""process_exit"": 54, ""process_exec"": 54, ""process_kprobe"": 49}"
1774266607,normal,sw-wk2,0.07800000000004526,0.5642020404590238,0.0,0.0,743.6666666666666,4773.433333333333,0,2,2,0,0,0,"{""process_exec"": 2}"
1774266607,normal,sw-wk3,0.0856666666666569,0.41878634624605326,0.0,0.0,2690.5000000000005,5090.2,0,0,0,0,0,0,{}
1774266607,normal,k3s-wk1,0.2696666666666716,0.70158966193365,279.3333333333333,142.4,9482.766666666666,2371.3333333333335,0,33,3,0,30,0,"{""process_exit"": 33, ""process_exec"": 33, ""process_kprobe"": 30}"
1774266617,normal,sw-wk2,0.07800000000004526,0.5642020404590238,0.0,0.0,743.6666666666666,4773.433333333333,0,105,6,0,0,0,"{""process_exit"": 107, ""process_exec"": 105}"
1774266617,normal,sw-wk3,0.0856666666666569,0.41878634624605326,0.0,0.0,2690.5,5090.2,0,0,0,0,0,0,{}
1774266617,normal,k3s-wk1,0.29977777777779313,0.7023687015567632,279.3333333333333,142.4,33562.36666666667,8958.200000000003,0,36,3,0,35,0,"{""process_exit"": 36, ""process_exec"": 36, ""process_kprobe"": 35}"
1774266627,normal,sw-wk2,0.18699999999993855,0.6370048066975441,0.0,0.0,5202.700000000001,28225.533333333333,0,1,1,0,0,0,"{""process_exit"": 1, ""process_exec"": 1}"
1774266627,normal,sw-wk3,0.0856666666666569,0.41878634624605326,0.0,0.0,2690.5,5090.2,0,0,0,0,0,0,{}
1774266627,normal,k3s-wk1,0.29977777777779313,0.7023687015567632,279.3333333333333,142.4,33562.36666666667,8958.2,0,15,2,0,11,0,"{""process_exit"": 15, ""process_exec"": 15, ""process_kprobe"": 11}"
1774266637,normal,sw-wk2,0.18699999999993855,0.6370048066975441,0.0,0.0,5202.700000000001,28225.533333333333,0,1,1,0,0,0,"{""process_exit"": 1, ""process_exec"": 1}"
1774266637,normal,sw-wk3,0.08999999999998387,0.41852372814251404,0.0,0.0,3657.633333333333,5008.866666666667,0,0,0,0,0,0,{}
1774266637,normal,k3s-wk1,0.29977777777779313,0.7023687015567632,279.3333333333333,142.4,33562.36666666667,8958.2,0,15,2,0,12,0,"{""process_exit"": 15, ""process_exec"": 15, ""process_kprobe"": 12}"
1774266647,normal,sw-wk2,0.18699999999993855,0.6370048066975441,0.0,0.0,5202.7,28225.533333333333,0,0,0,0,0,0,{}
1774266647,normal,sw-wk3,0.08999999999998387,0.41852372814251404,0.0,0.0,3657.633333333333,5008.866666666667,0,0,0,0,0,0,{}
1774266647,normal,k3s-wk1,0.25777777777776567,0.7060243976260346,279.33333333333337,142.4,9942.833333333334,3875.3333333333335,0,33,3,0,31,0,"{""process_exit"": 33, ""process_exec"": 33, ""process_kprobe"": 31}"
1774266657,normal,sw-wk2,0.11778429542731839,0.4621353196772191,0.0,0.0,3103.8861485135317,5103.919477403013,0,0,0,0,0,0,{}
1774266657,normal,sw-wk3,0.08999999999998387,0.41852372814251404,0.0,0.0,3657.633333333333,5008.866666666667,0,0,0,0,0,0,{}
1774266657,normal,k3s-wk1,0.25777777777776567,0.7060243976260346,279.3333333333333,142.4,9942.833333333334,3875.3333333333335,0,15,2,0,11,0,"{""process_exit"": 15, ""process_exec"": 15, ""process_kprobe"": 11}"
1774266667,normal,sw-wk2,0.11778429542731839,0.4621353196772191,0.0,0.0,3103.8861485135317,5103.919477403013,0,2,2,0,0,0,"{""process_exec"": 2}"
1774266667,normal,sw-wk3,0.0937777777777633,0.4192001687122362,5.133333333333333,5.0,3062.2,4938.066666666667,0,0,0,0,0,0,{}
1774266667,normal,k3s-wk1,0.25777777777776567,0.7060243976260346,279.3333333333333,142.4,9942.833333333334,3875.3333333333335,0,54,3,0,52,0,"{""process_kprobe"": 52, ""process_exit"": 54, ""process_exec"": 54}"
1774266677,normal,sw-wk2,0.11778429542731839,0.4621353196772191,0.0,0.0,3103.8861485135317,5103.919477403013,0,0,0,0,0,0,"{""process_exit"": 1}"
1774266677,normal,sw-wk3,0.0937777777777633,0.4192001687122362,5.133333333333333,5.0,3062.2,4938.066666666667,0,0,0,0,0,0,{}
1774266677,normal,k3s-wk1,0.2795555555555338,0.7073837691305549,279.3333333333333,142.4,10507.766666666666,9719.133333333333,0,9,2,0,11,0,"{""process_exit"": 9, ""process_exec"": 9, ""process_kprobe"": 11}"
1774266687,normal,sw-wk2,0.20900564519709386,0.4020993490267233,0.0,0.0,7601.046806240832,28817.5756767569,0,105,6,0,0,0,"{""process_exit"": 107, ""process_exec"": 105}"
1774266687,normal,sw-wk3,0.0937777777777633,0.4192001687122362,5.133333333333333,5.0,3062.2,4938.066666666667,0,0,0,0,0,0,{}
1774266687,normal,k3s-wk1,0.2795555555555338,0.7073837691305549,279.3333333333333,142.4,10507.766666666666,9719.133333333333,0,39,3,0,33,0,"{""process_exit"": 39, ""process_exec"": 39, ""process_kprobe"": 33}"
1774266697,normal,sw-wk2,0.20900564519709386,0.4020993490267233,0.0,0.0,7601.046806240832,28817.5756767569,0,1,1,0,0,0,"{""process_exit"": 1, ""process_exec"": 1}"
1774266697,normal,sw-wk3,0.10766666666669256,0.4186649848497208,0.0,0.0,5516.333333333333,5338.133333333333,0,0,0,0,0,0,{}
1774266697,normal,k3s-wk1,0.2795555555555338,0.7073837691305549,279.3333333333333,142.4,10507.766666666666,9719.133333333333,0,60,3,0,54,0,"{""process_exit"": 60, ""process_exec"": 60, ""process_kprobe"": 54}"
1774266707,normal,sw-wk2,0.20900564519709386,0.4020993490267233,0.0,0.0,7601.046806240832,28817.5756767569,0,0,0,0,0,0,{}
1774266707,normal,sw-wk3,0.10766666666669256,0.4186649848497208,0.0,0.0,5516.333333333335,5338.133333333333,0,0,0,0,0,0,{}
1774266707,normal,k3s-wk1,0.28888888888890896,0.7092839941572029,481.46666666666664,232.83333333333334,33082.166666666664,9362.466666666667,0,36,3,0,32,0,"{""process_exit"": 36, ""process_exec"": 36, ""process_kprobe"": 32}"
1774266717,normal,sw-wk2,0.10400000000004683,0.40206751659265627,0.0,0.0,1888.2,4315.466666666666,0,0,0,0,0,0,{}
1774266717,normal,sw-wk3,0.10766666666669256,0.4186649848497208,0.0,0.0,5516.333333333333,5338.133333333333,0,0,0,0,0,0,{}
1774266717,normal,k3s-wk1,0.28888888888890896,0.7092839941572029,481.46666666666664,232.83333333333337,33082.166666666664,9362.466666666667,0,12,2,0,9,0,"{""process_exit"": 12, ""process_exec"": 12, ""process_kprobe"": 9}"
1774266727,normal,sw-wk2,0.10400000000004683,0.40206751659265627,0.0,0.0,1888.2,4315.466666666666,0,106,7,0,0,0,"{""process_exec"": 106, ""process_exit"": 104}"
1774266727,normal,sw-wk3,0.0870000000000194,0.41873859749995523,0.0,0.0,1927.6333333333332,4951.5,0,0,0,0,0,0,{}
1774266727,normal,k3s-wk1,0.28888888888890907,0.7092839941572029,481.46666666666664,232.83333333333334,33082.166666666664,9362.466666666667,0,9,2,0,8,0,"{""process_exit"": 9, ""process_exec"": 9, ""process_kprobe"": 8}"
1774266737,normal,sw-wk2,0.10400000000004683,0.40206751659265627,0.0,0.0,1888.2,4315.466666666666,0,0,0,0,0,0,"{""process_exit"": 2}"
1774266737,normal,sw-wk3,0.0870000000000194,0.41873859749995523,0.0,0.0,1927.6333333333337,4951.5,0,0,0,0,0,0,{}
1774266737,normal,k3s-wk1,0.2893333333333228,0.7098195838980932,281.3333333333333,144.4,32732.366666666665,8955.633333333333,0,87,3,0,83,0,"{""process_exit"": 87, ""process_exec"": 87, ""process_kprobe"": 83}"
1774266747,normal,sw-wk2,0.18022222222219475,0.40594311544032213,0.0,0.0,5079.166666666668,27883.933333333334,0,1,1,0,0,0,"{""process_exit"": 1, ""process_exec"": 1}"
1774266747,normal,sw-wk3,0.0870000000000194,0.41873859749995523,0.0,0.0,1927.6333333333332,4951.5,0,0,0,0,0,0,{}
1774266747,normal,k3s-wk1,0.2893333333333228,0.7098195838980932,281.3333333333333,144.4,32732.366666666665,8955.633333333333,0,21,2,0,15,0,"{""process_exit"": 21, ""process_exec"": 21, ""process_kprobe"": 15}"
1774266757,normal,sw-wk2,0.18022222222219475,0.40594311544032213,0.0,0.0,5079.166666666667,27883.933333333334,0,0,0,0,0,0,{}
1774266757,normal,sw-wk3,0.09166666666666667,0.4175468683785919,0.0,0.0,2837.9333333333334,5077.566666666667,0,0,0,0,0,0,{}
1774266757,normal,k3s-wk1,0.2893333333333228,0.7098195838980932,281.3333333333333,144.4,32732.366666666665,8955.633333333333,0,15,2,0,14,0,"{""process_kprobe"": 14, ""process_exit"": 15, ""process_exec"": 15}"
1774266767,normal,sw-wk2,0.18022222222219475,0.40594311544032213,0.0,0.0,5079.166666666667,27883.933333333334,0,0,0,0,0,0,{}
1774266767,normal,sw-wk3,0.09166666666666667,0.4175468683785919,0.0,0.0,2837.9333333333334,5077.566666666667,0,0,0,0,0,0,{}
1774266767,normal,k3s-wk1,0.26077777777779076,0.7139727072942849,285.8,150.4,9261.633333333333,1409.7,0,36,3,0,31,0,"{""process_exit"": 36, ""process_exec"": 36, ""process_kprobe"": 31}"
1774266777,normal,sw-wk2,0.09666666666667478,0.4060624870680737,4.466666666666667,6.0,410.5333333333333,4061.6,0,0,0,0,0,0,{}
1774266777,normal,sw-wk3,0.09166666666666667,0.4175468683785919,0.0,0.0,2837.9333333333334,5077.566666666667,0,0,0,0,0,0,{}
1774266777,normal,k3s-wk1,0.26077777777779076,0.7139727072942849,285.8,150.4,9261.633333333333,1409.7,0,12,2,0,9,0,"{""process_exit"": 12, ""process_exec"": 12, ""process_kprobe"": 9}"
1774266787,normal,sw-wk2,0.09666666666667478,0.4060624870680737,4.466666666666667,6.0,410.5333333333333,4061.6,0,3,2,0,0,0,"{""process_exec"": 3, ""process_exit"": 1}"
1774266787,normal,sw-wk3,0.08499999999997554,0.4158995366382098,4.466666666666667,6.0,2046.4666666666667,4974.4,0,0,0,0,0,0,{}
1774266787,normal,k3s-wk1,0.26077777777779076,0.7139727072942849,285.8,150.4,9261.633333333333,1409.7,0,18,2,0,14,0,"{""process_exit"": 18, ""process_exec"": 18, ""process_kprobe"": 14}"
1774266797,normal,sw-wk2,0.09666666666667478,0.4060624870680737,4.466666666666667,6.0,410.5333333333333,4061.6,0,104,5,0,0,0,"{""process_exit"": 106, ""process_exec"": 104}"
1774266797,normal,sw-wk3,0.08499999999997576,0.4158995366382098,4.466666666666667,6.0,2046.4666666666667,4974.4,0,0,0,0,0,0,{}
1774266797,normal,k3s-wk1,0.2829999999999928,0.6946914766222316,285.3333333333333,149.0,33131.566666666666,9353.266666666668,0,42,3,0,39,0,"{""process_exit"": 42, ""process_exec"": 42, ""process_kprobe"": 39}"
1774266807,normal,sw-wk2,0.18644444444447195,0.403712855528498,0.0,0.0,5371.866666666667,28043.066666666666,0,1,1,0,0,0,"{""process_exit"": 1, ""process_exec"": 1}"
1774266807,normal,sw-wk3,0.08499999999997576,0.4158995366382098,4.466666666666667,6.0,2046.4666666666667,4974.4,0,0,0,0,0,0,{}
1774266807,normal,k3s-wk1,0.2829999999999928,0.6946914766222316,285.3333333333333,149.0,33131.566666666666,9353.266666666666,0,18,2,0,13,0,"{""process_exit"": 18, ""process_exec"": 18, ""process_kprobe"": 13}"
1774266817,normal,sw-wk2,0.18644444444447195,0.403712855528498,0.0,0.0,5371.866666666667,28043.066666666666,0,0,0,0,0,0,{}
1774266817,normal,sw-wk3,0.08911111111111591,0.4164963959644351,0.0,0.0,3048.9333333333334,5165.3,0,0,0,0,0,0,{}
1774266817,normal,k3s-wk1,0.2829999999999928,0.6946914766222316,285.3333333333333,149.0,33131.566666666666,9353.266666666666,0,36,3,0,32,0,"{""process_exit"": 36, ""process_exec"": 36, ""process_kprobe"": 32}"
1774266827,normal,sw-wk2,0.18644444444447195,0.403712855528498,0.0,0.0,5371.866666666667,28043.066666666666,0,0,0,0,0,0,{}
1774266827,normal,sw-wk3,0.08911111111111591,0.4164963959644351,0.0,0.0,3048.933333333334,5165.3,0,0,0,0,0,0,{}
1774266827,normal,k3s-wk1,0.25733333333335195,0.6938887499835507,279.3333333333333,142.4,9318.033333333333,1567.8,0,36,3,0,32,0,"{""process_exit"": 36, ""process_exec"": 36, ""process_kprobe"": 32}"
1774266837,normal,sw-wk2,0.09888888888886471,0.403702907892852,0.0,0.0,807.3666666666667,4264.3,0,0,0,0,0,0,{}
1774266837,normal,sw-wk3,0.08911111111111591,0.4164963959644351,0.0,0.0,3048.9333333333334,5165.3,0,0,0,0,0,0,{}
1774266837,normal,k3s-wk1,0.25733333333335173,0.6938887499835507,279.3333333333333,142.4,9318.033333333333,1567.8,0,36,3,0,32,0,"{""process_exit"": 36, ""process_exec"": 36, ""process_kprobe"": 32}"
1774266847,normal,sw-wk2,0.09888888888886471,0.403702907892852,0.0,0.0,807.3666666666667,4264.3,0,3,2,0,0,0,"{""process_exit"": 1, ""process_exec"": 3}"
1774266847,normal,sw-wk3,0.14888888888890506,0.4186112675103605,623.8,300.7,4817.033333333333,5353.333333333333,0,0,0,0,0,0,{}
1774266847,normal,k3s-wk1,0.25733333333335195,0.6938887499835507,279.3333333333333,142.4,9318.033333333333,1567.8,0,63,3,0,58,0,"{""process_exit"": 63, ""process_exec"": 63, ""process_kprobe"": 58}"
1774266857,normal,sw-wk2,0.09888888888886471,0.403702907892852,0.0,0.0,807.3666666666667,4264.3,0,104,5,0,0,0,"{""process_exit"": 106, ""process_exec"": 104}"
1774266857,normal,sw-wk3,0.14888888888890506,0.4186112675103605,623.8,300.7,4817.033333333333,5353.333333333334,0,0,0,0,0,0,{}
1774266857,normal,k3s-wk1,0.3074444444444251,0.6910173573186298,279.3333333333333,142.4,33284.333333333336,8598.633333333333,0,78,3,0,75,0,"{""process_exit"": 78, ""process_exec"": 78, ""process_kprobe"": 75}"
1774266867,normal,sw-wk2,0.1872222222222465,0.40096531856308393,0.0,0.0,5134.166666666667,27919.933333333334,0,0,0,0,0,0,{}
1774266867,normal,sw-wk3,0.14888888888890506,0.4186112675103605,623.8,300.7,4817.033333333333,5353.333333333333,0,0,0,0,0,0,{}
1774266867,normal,k3s-wk1,0.3074444444444251,0.6910173573186298,279.3333333333333,142.4,33284.333333333336,8598.633333333333,0,36,3,0,31,0,"{""process_exit"": 36, ""process_exec"": 36, ""process_kprobe"": 31}"
1774266877,normal,sw-wk2,0.1872222222222465,0.40096531856308393,0.0,0.0,5134.166666666667,27919.933333333334,0,0,0,0,0,0,{}
1774266877,normal,sw-wk3,0.13717256548692192,0.4214483388410185,8.131706991934946,8.598280343931215,2717.0565886822637,5280.710524561755,0,0,0,0,0,0,{}
1774266877,normal,k3s-wk1,0.3074444444444251,0.6910173573186298,279.3333333333333,142.4,33284.333333333336,8598.633333333333,0,36,3,0,32,0,"{""process_exit"": 37, ""process_exec"": 36, ""process_kprobe"": 32}"
1774266887,normal,sw-wk2,0.1872222222222465,0.40096531856308393,0.0,0.0,5134.166666666667,27919.933333333334,0,1,1,0,0,0,"{""process_exit"": 1, ""process_exec"": 1}"
1774266887,normal,sw-wk3,0.13717256548692192,0.4214483388410185,8.131706991934948,8.598280343931215,2717.0565886822637,5280.710524561755,0,0,0,0,0,0,{}
1774266887,normal,k3s-wk1,0.2699999999999919,0.6895171796660131,279.3333333333333,142.4,9707.866666666667,5861.666666666667,0,30,3,0,27,0,"{""process_exit"": 30, ""process_exec"": 30, ""process_kprobe"": 27}"
1774266897,normal,sw-wk2,0.10333333333332506,0.40078626112145666,5.133333333333333,5.0,684.5,4218.333333333333,0,0,0,0,0,0,{}
1774266897,normal,sw-wk3,0.13717256548692192,0.4214483388410185,8.131706991934948,8.598280343931215,2717.0565886822637,5280.710524561755,0,0,0,0,0,0,{}
1774266897,normal,k3s-wk1,0.2699999999999919,0.6895171796660131,279.3333333333333,142.4,9707.866666666667,5861.666666666667,0,60,3,0,53,0,"{""process_exit"": 60, ""process_exec"": 60, ""process_kprobe"": 53}"
1774266907,normal,sw-wk2,0.10333333333332517,0.40078626112145666,5.133333333333333,5.0,684.5,4218.333333333333,0,107,7,0,0,0,"{""process_exec"": 107, ""process_exit"": 107}"
1774266907,normal,sw-wk3,0.13604943210862608,0.4219556692683102,0.0,0.0,2830.099353203974,5274.654930986197,0,0,0,0,0,0,{}
1774266907,normal,k3s-wk1,0.2699999999999919,0.6895171796660131,279.3333333333333,142.4,9707.866666666667,5861.666666666667,0,15,2,0,12,0,"{""process_exit"": 15, ""process_exec"": 15, ""process_kprobe"": 12}"
1774266917,normal,sw-wk2,0.10333333333332517,0.40078626112145666,5.133333333333333,5.0,684.5,4218.333333333333,0,0,0,0,0,0,{}
1774266917,normal,sw-wk3,0.1360494321086262,0.4219556692683102,0.0,0.0,2830.099353203974,5274.654930986197,0,0,0,0,0,0,{}
1774266917,normal,k3s-wk1,0.28166666666667073,0.6910147254280112,279.3333333333333,142.40000000000003,33146.4,8770.466666666667,0,36,3,0,36,0,"{""process_exit"": 36, ""process_exec"": 36, ""process_kprobe"": 36}"
1774266927,normal,sw-wk2,0.17544444444445395,0.40172730745356444,0.0,0.0,5284.066666666667,28000.166666666668,0,0,0,0,0,0,{}
1774266927,normal,sw-wk3,0.1360494321086262,0.4219556692683102,0.0,0.0,2830.099353203974,5274.654930986197,0,0,0,0,0,0,{}
1774266927,normal,k3s-wk1,0.28166666666667073,0.6910147254280112,279.3333333333333,142.4,33146.4,8770.466666666667,0,33,3,0,30,0,"{""process_kprobe"": 30, ""process_exit"": 33, ""process_exec"": 33}"
1774266937,normal,sw-wk2,0.17544444444445417,0.40172730745356444,0.0,0.0,5284.066666666667,28000.166666666668,0,0,0,0,0,0,{}
1774266937,normal,sw-wk3,0.13077777777778243,0.4219875017657089,5.133333333333333,5.0,2612.3333333333335,5393.566666666667,0,0,0,0,0,0,{}
1774266937,normal,k3s-wk1,0.28166666666667073,0.6910147254280112,279.3333333333333,142.4,33146.4,8770.466666666667,0,33,3,0,32,0,"{""process_exit"": 33, ""process_exec"": 33, ""process_kprobe"": 32}"
1774266948,normal,sw-wk2,0.17544444444445417,0.40172730745356444,0.0,0.0,5284.066666666667,28000.166666666668,0,0,0,0,0,0,{}
1774266948,normal,sw-wk3,0.13077777777778266,0.4219875017657089,5.133333333333333,5.0,2612.3333333333335,5393.566666666667,0,0,0,0,0,0,{}
1774266948,normal,k3s-wk1,0.2551111111111014,0.6919069363477254,279.3333333333333,142.4,9439.2,1612.8,0,36,3,0,31,0,"{""process_exit"": 36, ""process_exec"": 36, ""process_kprobe"": 31}"
1774266958,normal,sw-wk2,0.0937777777777633,0.4018407104999284,0.0,0.0,637.6666666666666,4024.3333333333335,0,1,1,0,0,0,"{""process_exit"": 1, ""process_exec"": 1}"
1774266958,normal,sw-wk3,0.13077777777778266,0.4219875017657089,5.133333333333333,5.0,2612.3333333333335,5393.566666666667,0,0,0,0,0,0,{}
1774266958,normal,k3s-wk1,0.2551111111111014,0.6919069363477254,279.3333333333333,142.4,9439.2,1612.8,0,9,2,0,7,0,"{""process_exit"": 9, ""process_exec"": 9, ""process_kprobe"": 7}"
1774266968,normal,sw-wk2,0.0937777777777633,0.4018407104999284,0.0,0.0,637.6666666666666,4024.3333333333335,0,2,2,0,0,0,"{""process_exec"": 2}"
1774266968,normal,sw-wk3,0.14255555555549415,0.42239137657645465,0.0,0.0,3339.233333333333,5304.133333333333,0,0,0,0,0,0,{}
1774266968,normal,k3s-wk1,0.2551111111111014,0.6919069363477254,279.3333333333333,142.4,9439.2,1612.8,0,63,3,0,56,0,"{""process_exit"": 63, ""process_exec"": 63, ""process_kprobe"": 56}"
1774266978,normal,sw-wk2,0.0937777777777633,0.4018407104999284,0.0,0.0,637.6666666666666,4024.3333333333335,0,1,1,0,0,0,"{""process_exit"": 1, ""process_exec"": 1}"
1774266978,normal,sw-wk3,0.14255555555549393,0.42239137657645465,0.0,0.0,3339.233333333333,5304.133333333333,0,0,0,0,0,0,{}
1774266978,normal,k3s-wk1,0.277777777777798,0.694777013067337,279.3333333333333,142.4,10919.566666666666,9414.733333333334,0,51,3,0,51,0,"{""process_exit"": 51, ""process_exec"": 51, ""process_kprobe"": 51}"
1774266988,normal,sw-wk2,0.19111111111111923,0.39910113164303107,0.0,0.0,7075.166666666667,28514.13333333333,0,104,5,0,0,0,"{""process_exit"": 106, ""process_exec"": 104}"
1774266988,normal,sw-wk3,0.14255555555549415,0.42239137657645465,0.0,0.0,3339.233333333333,5304.133333333333,0,0,0,0,0,0,{}
1774266988,normal,k3s-wk1,0.277777777777798,0.694777013067337,279.3333333333333,142.4,10919.566666666666,9414.733333333334,0,57,3,0,51,0,"{""process_exit"": 57, ""process_exec"": 57, ""process_kprobe"": 51}"
1774266998,normal,sw-wk2,0.19111111111111923,0.39910113164303107,0.0,0.0,7075.166666666667,28514.13333333333,0,0,0,0,0,0,{}
1774266998,normal,sw-wk3,0.13877777777783606,0.42321504244664576,4.466666666666667,6.0,7045.933333333333,5642.2,0,0,0,0,0,0,{}
1774266998,normal,k3s-wk1,0.277777777777798,0.694777013067337,279.3333333333333,142.4,10919.566666666666,9414.733333333334,0,15,2,0,12,0,"{""process_exit"": 15, ""process_exec"": 15, ""process_kprobe"": 12}"
1774267008,normal,sw-wk2,0.19111111111111923,0.39910113164303107,0.0,0.0,7075.166666666667,28514.13333333333,0,0,0,0,0,0,{}
1774267008,normal,sw-wk3,0.13877777777783573,0.42321504244664576,4.466666666666667,6.000000000000001,7045.933333333333,5642.2,0,0,0,0,0,0,{}
1774267008,normal,k3s-wk1,0.28507149285069067,0.6965614349067653,279.30540279305404,142.38576142385762,32461.98713461987,8668.23317668233,0,30,3,0,29,0,"{""process_exit"": 30, ""process_exec"": 30, ""process_kprobe"": 29}"
1774267018,normal,sw-wk2,0.11766666666666836,0.3990911840073851,0.0,0.0,396.26666666666665,4257.2,0,1,1,0,0,0,"{""process_exit"": 1, ""process_exec"": 1}"
1774267018,normal,sw-wk3,0.13877777777783606,0.42321504244664576,4.466666666666667,6.0,7045.933333333333,5642.2,0,0,0,0,0,0,{}
1774267018,normal,k3s-wk1,0.28507149285069067,0.6965614349067653,279.30540279305404,142.38576142385762,32461.98713461987,8668.233176682332,0,63,3,0,55,0,"{""process_exit"": 63, ""process_exec"": 63, ""process_kprobe"": 55}"
1774267028,normal,sw-wk2,0.11766666666666803,0.3990911840073851,0.0,0.0,396.26666666666665,4257.2,0,2,2,0,0,0,"{""process_exec"": 2}"
1774267028,normal,sw-wk3,0.08611111111111114,0.4231792308870722,0.0,0.0,1970.2333333333333,4974.3,0,0,0,0,0,0,{}
1774267028,normal,k3s-wk1,0.28507149285069067,0.6965614349067653,279.30540279305404,142.38576142385762,32461.98713461987,8668.233176682332,0,42,3,0,38,0,"{""process_exit"": 42, ""process_exec"": 42, ""process_kprobe"": 38}"
1774267038,normal,sw-wk2,0.11766666666666836,0.3990911840073851,0.0,0.0,396.26666666666665,4257.2,0,104,5,0,0,0,"{""process_exit"": 106, ""process_exec"": 104}"
1774267038,normal,sw-wk3,0.08611111111111114,0.4231792308870722,0.0,0.0,1970.2333333333333,4974.3,0,0,0,0,0,0,{}
1774267038,normal,k3s-wk1,0.28615083730595525,0.6986472082220263,279.36126946027935,142.4142414241424,33011.33446678001,6483.648364836483,0,33,3,0,33,0,"{""process_exit"": 33, ""process_exec"": 33, ""process_kprobe"": 33}"
1774267048,normal,sw-wk2,0.17955555555555403,0.40168950643810974,0.0,0.0,5285.3,27823.366666666665,0,0,0,0,0,0,{}
1774267048,normal,sw-wk3,0.08611111111111114,0.4231792308870722,0.0,0.0,1970.2333333333333,4974.3,0,0,0,0,0,0,{}
1774267048,normal,k3s-wk1,0.28615083730595525,0.6986472082220263,279.36126946027935,142.4142414241424,33011.33446678002,6483.648364836483,0,15,2,0,11,0,"{""process_exit"": 15, ""process_exec"": 15, ""process_kprobe"": 11}"
1774267058,normal,sw-wk2,0.17955555555555403,0.40168950643810974,0.0,0.0,5285.3,27823.366666666665,0,1,1,0,0,0,"{""process_exit"": 1, ""process_exec"": 1}"
1774267058,normal,sw-wk3,0.090444444444438,0.42339807930668816,0.0,0.0,2787.5,5100.233333333334,0,0,0,0,0,0,{}
1774267058,normal,k3s-wk1,0.28615083730595525,0.6986472082220263,279.36126946027935,142.4142414241424,33011.33446678001,6483.648364836483,0,33,3,0,30,0,"{""process_exit"": 33, ""process_exec"": 33, ""process_kprobe"": 30}"
1774267068,normal,sw-wk2,0.17955555555555403,0.40168950643810974,0.0,0.0,5285.3,27823.366666666665,0,0,0,0,0,0,{}
1774267068,normal,sw-wk3,0.090444444444438,0.42339807930668816,0.0,0.0,2787.5,5100.233333333334,0,0,0,0,0,0,{}
1774267068,normal,k3s-wk1,0.27233333333335596,0.7125883328288876,279.3333333333333,142.4,9487.8,4078.366666666667,0,18,2,0,13,0,"{""process_exit"": 18, ""process_exec"": 18, ""process_kprobe"": 13}"
1774267078,normal,sw-wk2,0.09488888888889857,0.4016775692753346,4.466666666666667,6.000000000000001,470.5333333333333,4320.8,0,0,0,0,0,0,{}
1774267078,normal,sw-wk3,0.090444444444438,0.42339807930668816,0.0,0.0,2787.5,5100.233333333334,0,0,0,0,0,0,{}
1774267078,normal,k3s-wk1,0.27233333333335596,0.7125883328288876,279.3333333333333,142.4,9487.800000000001,4078.366666666667,0,36,3,0,31,0,"{""process_exit"": 36, ""process_exec"": 36, ""process_kprobe"": 31}"
1774267088,normal,sw-wk2,0.09488888888889857,0.4016775692753346,4.466666666666667,6.0,470.5333333333333,4320.8,0,3,2,0,0,0,"{""process_exit"": 1, ""process_exec"": 3}"
1774267088,normal,sw-wk3,0.08488888888888246,0.4235134721097584,0.0,0.0,1975.1666666666667,4952.033333333333,0,0,0,0,0,0,{}
1774267088,normal,k3s-wk1,0.27233333333335596,0.7125883328288876,279.3333333333333,142.4,9487.8,4078.366666666667,0,36,3,0,32,0,"{""process_exit"": 36, ""process_exec"": 36, ""process_kprobe"": 32}"
1774267098,normal,sw-wk2,0.09488888888889857,0.4016775692753346,4.466666666666667,6.0,470.5333333333333,4320.8,0,59,3,0,0,0,"{""process_exit"": 59, ""process_exec"": 59}"
1774267098,normal,sw-wk3,0.08488888888888246,0.4235134721097584,0.0,0.0,1975.1666666666667,4952.033333333333,0,0,0,0,0,0,{}
1774267098,normal,k3s-wk1,0.2782222222222117,0.7017054651208696,279.3333333333333,142.4,9811.9,4103.266666666666,0,9,2,0,13,0,"{""process_exit"": 9, ""process_exec"": 9, ""process_kprobe"": 13}"
1774267108,normal,sw-wk2,0.20199999999996276,0.3984485667446561,0.0,0.0,5143.633333333333,27992.899999999998,0,45,3,0,0,0,"{""process_exit"": 47, ""process_exec"": 45}"
1774267108,normal,sw-wk3,0.08488888888888246,0.4235134721097584,0.0,0.0,1975.1666666666667,4952.033333333333,0,0,0,0,0,0,{}
1774267108,normal,k3s-wk1,0.2782222222222117,0.7017054651208696,279.3333333333333,142.4,9811.9,4103.266666666666,0,66,3,0,57,0,"{""process_exit"": 66, ""process_exec"": 66, ""process_kprobe"": 57}"
1774267118,normal,sw-wk2,0.20199999999996276,0.3984485667446561,0.0,0.0,5143.633333333333,27992.899999999998,0,0,0,0,0,0,{}
1774267118,normal,sw-wk3,0.08922222222220932,0.4234577652393108,0.0,0.0,2692.366666666667,5013.833333333333,0,0,0,0,0,0,{}
1774267118,normal,k3s-wk1,0.2782222222222117,0.7017054651208696,279.3333333333333,142.4,9811.9,4103.266666666666,0,33,3,0,32,0,"{""process_kprobe"": 32, ""process_exit"": 33, ""process_exec"": 33}"
1774267128,normal,sw-wk2,0.20199999999996276,0.3984485667446561,0.0,0.0,5143.633333333333,27992.899999999998,0,0,0,0,0,0,{}
1774267128,normal,sw-wk3,0.08922222222220932,0.4234577652393108,0.0,0.0,2692.366666666667,5013.833333333333,0,0,0,0,0,0,{}
1774267128,normal,k3s-wk1,0.2826666666666925,0.6959258333223671,279.3333333333333,142.40000000000003,32120.7,6058.4,0,34,3,0,29,0,"{""process_exit"": 34, ""process_exec"": 34, ""process_kprobe"": 29}"
1774267138,normal,sw-wk2,0.09694909228274973,0.40271809196390207,623.7584161055929,300.5132991133924,1441.9372041863876,4223.518432104526,0,0,0,0,0,0,{}
1774267138,normal,sw-wk3,0.08922222222220932,0.4234577652393108,0.0,0.0,2692.366666666667,5013.833333333333,0,0,0,0,0,0,{}
1774267138,normal,k3s-wk1,0.2826666666666925,0.6959258333223671,279.3333333333333,142.4,32120.7,6058.4,0,38,3,0,33,0,"{""process_kprobe"": 33, ""process_exit"": 38, ""process_exec"": 38}"
1774267148,normal,sw-wk2,0.09694909228274973,0.40271809196390207,623.7584161055929,300.5132991133924,1441.9372041863876,4223.518432104526,0,112,11,0,0,0,"{""process_exec"": 112, ""process_exit"": 111}"
1774267148,normal,sw-wk3,0.09566666666667312,0.4235055139854088,0.0,0.0,3698.2666666666664,5001.7,0,0,0,0,0,0,{}
1774267148,normal,k3s-wk1,0.2826666666666925,0.6959258333223671,279.3333333333333,142.4,32120.7,6058.4,0,33,3,0,30,0,"{""process_exit"": 33, ""process_exec"": 33, ""process_kprobe"": 30}"
1774267158,normal,sw-wk2,0.09694909228274973,0.40271809196390207,623.7584161055929,300.5132991133924,1441.9372041863876,4223.518432104526,0,4,2,0,0,0,"{""process_exit"": 4, ""process_exec"": 4}"
1774267158,normal,sw-wk3,0.09566666666667312,0.4235055139854088,0.0,0.0,3698.2666666666664,5001.7,0,0,0,0,0,0,{}
1774267158,normal,k3s-wk1,0.3064444444444234,0.6884525799107789,283.8,148.4,34857.63333333333,12602.966666666669,0,33,3,0,33,0,"{""process_exit"": 33, ""process_exec"": 33, ""process_kprobe"": 33}"
1774267168,normal,sw-wk2,0.26372869302395674,0.4063091884320935,63.67091139409295,64.13760917394494,6030.835389025936,30506.567104473634,0,2,2,0,0,0,"{""process_exit"": 2, ""process_exec"": 2}"
1774267168,normal,sw-wk3,0.09566666666667312,0.4235055139854088,0.0,0.0,3698.2666666666664,5001.7,0,0,0,0,0,0,{}
1774267168,normal,k3s-wk1,0.3064444444444234,0.6884525799107789,283.80000000000007,148.4,34857.63333333333,12602.966666666667,0,33,3,0,29,0,"{""process_exit"": 33, ""process_exec"": 33, ""process_kprobe"": 29}"
1774267178,normal,sw-wk2,0.26372869302395674,0.4063091884320935,63.67091139409295,64.13760917394494,6030.835389025936,30506.567104473634,0,5,2,0,0,0,"{""process_exit"": 5, ""process_exec"": 5}"
1774267178,normal,sw-wk3,0.08977777777779694,0.4238576609878818,0.0,0.0,2610.866666666667,4947.033333333333,0,0,0,0,0,0,{}
1774267178,normal,k3s-wk1,0.3064444444444234,0.6884525799107789,283.8,148.4,34857.63333333333,12602.966666666667,0,33,3,0,30,0,"{""process_exit"": 34, ""process_exec"": 33, ""process_kprobe"": 30}"
1774267188,normal,sw-wk2,0.26372869302395674,0.4063091884320935,63.67091139409295,64.13760917394494,6030.835389025936,30506.567104473634,0,4,2,0,0,0,"{""process_exit"": 4, ""process_exec"": 4}"
1774267188,normal,sw-wk3,0.08977777777779716,0.4238576609878818,0.0,0.0,2610.866666666667,4947.033333333333,0,0,0,0,0,0,{}
1774267188,normal,k3s-wk1,0.2569999999999911,0.6897830006184943,279.3333333333333,142.4,11698.066666666666,1462.5333333333333,0,12,2,0,11,0,"{""process_exit"": 12, ""process_exec"": 12, ""process_kprobe"": 11}"
1774267198,normal,sw-wk2,0.10766666666669256,0.4063648951917108,80.53333333333333,80.40000000000002,950.5666666666666,6795.366666666667,0,3,2,0,0,0,"{""process_exit"": 3, ""process_exec"": 3}"
1774267198,normal,sw-wk3,0.08977777777779716,0.4238576609878818,0.0,0.0,2610.866666666667,4947.033333333333,0,0,0,0,0,0,{}
1774267198,normal,k3s-wk1,0.2569999999999911,0.6897830006184943,279.3333333333333,142.4,11698.066666666666,1462.5333333333333,0,54,3,0,49,0,"{""process_exit"": 54, ""process_exec"": 54, ""process_kprobe"": 49}"
1774267208,normal,sw-wk2,0.10766666666669256,0.4063648951917108,80.53333333333333,80.4,950.5666666666666,6795.366666666667,0,6,3,0,0,0,"{""process_exit"": 4, ""process_exec"": 6}"
1774267208,normal,sw-wk3,0.08955555555552974,0.42331849806319144,4.466666666666667,6.0,2726.9666666666667,5058.9,0,0,0,0,0,0,{}
1774267208,normal,k3s-wk1,0.2569999999999911,0.6897830006184943,279.3333333333333,142.4,11698.066666666666,1462.5333333333333,0,54,3,0,52,0,"{""process_exit"": 54, ""process_exec"": 54, ""process_kprobe"": 52}"
1774267218,normal,sw-wk2,0.10766666666669256,0.4063648951917108,80.53333333333333,80.4,950.5666666666666,6795.366666666667,0,2,2,0,0,0,"{""process_exit"": 2, ""process_exec"": 2}"
1774267218,normal,sw-wk3,0.08955555555552974,0.42331849806319144,4.466666666666667,6.0,2726.9666666666667,5058.9,0,0,0,0,0,0,{}
1774267218,normal,k3s-wk1,0.2679999999999887,0.6905317734994934,279.3333333333333,142.4,12321.733333333334,5301.8,0,18,2,0,17,0,"{""process_exit"": 18, ""process_exec"": 18, ""process_kprobe"": 17}"
1774267228,normal,sw-wk2,0.18855555555556858,0.4060008117270687,77.26666666666667,77.13333333333333,5248.933333333333,29993.3,0,108,7,0,0,0,"{""process_exit"": 110, ""process_exec"": 108}"
1774267228,normal,sw-wk3,0.08955555555552974,0.42331849806319144,4.466666666666667,6.0,2726.9666666666667,5058.9,0,0,0,0,0,0,{}
1774267228,normal,k3s-wk1,0.2679999999999887,0.6905317734994934,279.3333333333333,142.4,12321.733333333334,5301.8,0,30,3,0,27,0,"{""process_exit"": 30, ""process_exec"": 30, ""process_kprobe"": 27}"
1774267238,normal,sw-wk2,0.18855555555556858,0.4060008117270687,77.26666666666667,77.13333333333333,5248.933333333333,29993.3,0,4,2,0,0,0,"{""process_exit"": 4, ""process_exec"": 4}"
1774267238,normal,sw-wk3,0.08742459087425225,0.42249682172408787,0.0,0.0,2675.7657567576575,4975.735759757357,0,0,0,0,0,0,{}
1774267238,normal,k3s-wk1,0.2679999999999887,0.6905317734994934,279.3333333333333,142.4,12321.733333333334,5301.8,0,15,2,0,12,0,"{""process_exit"": 15, ""process_exec"": 15, ""process_kprobe"": 12}"
1774267248,normal,sw-wk2,0.18855555555556858,0.4060008117270687,77.26666666666667,77.13333333333333,5248.933333333333,29993.3,0,3,2,0,0,0,"{""process_exit"": 3, ""process_exec"": 3}"
1774267248,normal,sw-wk3,0.08742459087425225,0.42249682172408787,0.0,0.0,2675.7657567576575,4975.735759757357,0,0,0,0,0,0,{}
1774267248,normal,k3s-wk1,0.2905555555555718,0.6920885368004106,279.3333333333333,142.4,34539.63333333333,6092.7,0,96,3,0,89,0,"{""process_exit"": 96, ""process_exec"": 96, ""process_kprobe"": 89}"
1774267258,normal,sw-wk2,0.08440534115397025,0.4059550526030973,83.78324335132974,83.6499366793308,1558.0550556555354,6733.353329334134,0,3,2,0,0,0,"{""process_exit"": 3, ""process_exec"": 3}"
1774267258,normal,sw-wk3,0.08742459087425225,0.42249682172408787,0.0,0.0,2675.7657567576575,4975.735759757357,0,0,0,0,0,0,{}
1774267258,normal,k3s-wk1,0.2905555555555718,0.6920885368004106,279.3333333333333,142.4,34539.63333333333,6092.7,0,33,3,0,29,0,"{""process_exit"": 33, ""process_exec"": 33, ""process_kprobe"": 29}"
1774267268,normal,sw-wk2,0.08440534115397025,0.4059550526030973,83.78324335132974,83.6499366793308,1558.0550556555359,6733.353329334134,0,5,3,0,0,0,"{""process_exit"": 3, ""process_exec"": 5}"
1774267268,normal,sw-wk3,0.09702081319244815,0.42258635062302163,0.0,0.0,2617.6284295096175,4948.6281961529485,0,0,0,0,0,0,{}
1774267268,normal,k3s-wk1,0.2905555555555718,0.6920885368004106,279.3333333333333,142.4,34539.63333333333,6092.7,0,53,3,0,49,0,"{""process_exit"": 53, ""process_exec"": 53, ""process_kprobe"": 49}"
1774267278,normal,sw-wk2,0.08440534115397025,0.4059550526030973,83.78324335132974,83.6499366793308,1558.0550556555359,6733.353329334134,0,108,7,0,0,0,"{""process_exit"": 110, ""process_exec"": 108}"
1774267278,normal,sw-wk3,0.09702081319244815,0.42258635062302163,0.0,0.0,2617.6284295096175,4948.6281961529485,0,0,0,0,0,0,{}
1774267278,normal,k3s-wk1,0.2995555555555661,0.6978115829506126,279.3333333333333,142.4,35032.9,10849.600000000002,0,34,3,0,36,0,"{""process_kprobe"": 36, ""process_exit"": 34, ""process_exec"": 34}"
1774267288,normal,sw-wk2,0.26507523726966487,0.4036790335673017,70.74748282989931,70.61412282456492,8696.139227845568,30638.694405547776,0,2,1,0,0,0,"{""process_exit"": 4, ""process_exec"": 2}"
1774267288,normal,sw-wk3,0.09702081319244815,0.42258635062302163,0.0,0.0,2617.6284295096175,4948.6281961529485,0,0,0,0,0,0,{}
1774267288,normal,k3s-wk1,0.2995555555555661,0.6978115829506126,279.3333333333333,142.4,35032.9,10849.6,0,12,2,0,9,0,"{""process_exit"": 12, ""process_exec"": 12, ""process_kprobe"": 9}"
1774267298,normal,sw-wk2,0.26507523726966487,0.4036790335673017,70.74748282989931,70.61412282456492,8696.13922784557,30638.694405547776,0,0,0,0,0,0,{}
1774267298,normal,sw-wk3,0.09844444444441047,0.4214523179031934,0.0,0.0,5689.466666666666,5334.833333333333,0,0,0,0,0,0,{}
1774267298,normal,k3s-wk1,0.2995555555555661,0.6978115829506126,279.3333333333333,142.4,35032.9,10849.6,0,36,3,0,34,0,"{""process_exit"": 36, ""process_exec"": 36, ""process_kprobe"": 34}"
1774267308,normal,sw-wk2,0.26507523726966487,0.4036790335673017,70.74748282989931,70.61412282456492,8696.139227845568,30638.694405547776,0,1,1,0,0,0,"{""process_exit"": 1, ""process_exec"": 1}"
1774267308,normal,sw-wk3,0.09844444444441047,0.4214523179031934,0.0,0.0,5689.466666666666,5334.833333333333,0,0,0,0,0,0,{}
1774267308,normal,k3s-wk1,0.26777777777778156,0.6972101959442565,485.0333333333333,234.83333333333334,10787.466666666667,7701.333333333333,0,36,3,0,32,0,"{""process_exit"": 36, ""process_exec"": 36, ""process_kprobe"": 32}"
1774267318,normal,sw-wk2,0.09188888888885327,0.40366311735026816,0.0,0.0,569.3666666666667,4395.266666666666,0,0,0,0,0,0,{}
1774267318,normal,sw-wk3,0.09844444444441047,0.4214523179031934,0.0,0.0,5689.466666666666,5334.833333333333,0,0,0,0,0,0,{}
1774267318,normal,k3s-wk1,0.2677777777777819,0.6972101959442565,485.0333333333333,234.83333333333334,10787.466666666667,7701.333333333333,0,42,3,0,35,0,"{""process_exit"": 42, ""process_exec"": 42, ""process_kprobe"": 35}"
1774267328,normal,sw-wk2,0.09188888888885327,0.40366311735026816,0.0,0.0,569.3666666666667,4395.266666666666,0,3,2,0,0,0,"{""process_exec"": 3, ""process_exit"": 1}"
1774267328,normal,sw-wk3,0.08555555555560401,0.4213309565068609,0.0,0.0,2047.7,5070.0,0,0,0,0,0,0,{}
1774267328,normal,k3s-wk1,0.2677777777777819,0.6972101959442565,485.0333333333333,234.83333333333334,10787.466666666667,7701.333333333333,0,54,3,0,50,0,"{""process_exit"": 54, ""process_exec"": 54, ""process_kprobe"": 50}"
1774267338,normal,sw-wk2,0.09188888888885327,0.40366311735026816,0.0,0.0,569.3666666666667,4395.266666666666,0,104,5,0,0,0,"{""process_exit"": 106, ""process_exec"": 104}"
1774267338,normal,sw-wk3,0.08555555555560401,0.4213309565068609,0.0,0.0,2047.7,5070.0,0,0,0,0,0,0,{}
1774267338,normal,k3s-wk1,0.291333333333326,0.6995052045636984,281.3333333333333,144.40000000000003,33429.433333333334,9173.7,0,30,3,0,31,0,"{""process_exit"": 30, ""process_exec"": 30, ""process_kprobe"": 31}"
1774267348,normal,sw-wk2,0.1872222222222465,0.40058133982714983,0.0,0.0,5096.900000000001,27939.733333333334,0,0,0,0,0,0,{}
1774267348,normal,sw-wk3,0.08555555555560401,0.4213309565068609,0.0,0.0,2047.7,5070.0,0,0,0,0,0,0,{}
1774267348,normal,k3s-wk1,0.2913333333333261,0.6995052045636984,281.3333333333333,144.4,33429.433333333334,9173.7,0,36,3,0,31,0,"{""process_exit"": 36, ""process_exec"": 36, ""process_kprobe"": 31}"
1774267358,normal,sw-wk2,0.1872222222222465,0.40058133982714983,0.0,0.0,5096.900000000001,27939.733333333334,0,1,1,0,0,0,"{""process_exit"": 1, ""process_exec"": 1}"
1774267358,normal,sw-wk3,0.10522222222219468,0.4111923060853787,166.33333333333334,53.96666666666667,2678.8333333333335,4995.966666666666,0,0,0,0,0,0,{}
1774267358,normal,k3s-wk1,0.2913333333333261,0.6995052045636984,281.3333333333333,144.4,33429.433333333334,9173.7,0,57,3,0,52,0,"{""process_exit"": 57, ""process_exec"": 57, ""process_kprobe"": 52}"
1774267368,normal,sw-wk2,0.1872222222222465,0.40058133982714983,0.0,0.0,5096.9,27939.733333333334,0,0,0,0,0,0,{}
1774267368,normal,sw-wk3,0.10522222222219468,0.4111923060853787,166.33333333333334,53.96666666666667,2678.8333333333335,4995.966666666666,0,0,0,0,0,0,{}
1774267368,normal,k3s-wk1,0.27507249275070467,0.7067297443118263,281.30520281305206,144.3855614438556,9109.789021097891,1128.753791287538,0,36,3,0,33,0,"{""process_exit"": 36, ""process_exec"": 36, ""process_kprobe"": 33}"
1774267378,normal,sw-wk2,0.08922222222229015,0.4006808161836095,0.0,0.0,366.8333333333333,4251.533333333334,0,0,0,0,0,0,{}
1774267378,normal,sw-wk3,0.10522222222219468,0.4111923060853787,166.33333333333334,53.96666666666667,2678.8333333333335,4995.966666666666,0,0,0,0,0,0,{}
1774267378,normal,k3s-wk1,0.27507249275070467,0.7067297443118263,281.30520281305206,144.3855614438556,9109.789021097891,1128.753791287538,0,36,3,0,31,0,"{""process_exit"": 36, ""process_exec"": 36, ""process_kprobe"": 31}"
1774267388,normal,sw-wk2,0.08922222222229015,0.4006808161836095,0.0,0.0,366.8333333333334,4251.533333333333,0,2,2,0,0,0,"{""process_exec"": 2}"
1774267388,normal,sw-wk3,0.08733333333329929,0.4112042432719032,0.0,0.0,1936.8333333333333,4926.533333333333,0,0,0,0,0,0,{}
1774267388,normal,k3s-wk1,0.27507249275070467,0.7067297443118263,281.30520281305206,144.3855614438556,9109.789021097891,1128.753791287538,0,30,3,0,30,0,"{""process_kprobe"": 30, ""process_exit"": 31, ""process_exec"": 30}"
1774267398,normal,sw-wk2,0.08922222222229015,0.4006808161836095,0.0,0.0,366.8333333333333,4251.533333333333,0,1,1,0,0,0,"{""process_exit"": 1, ""process_exec"": 1}"
1774267398,normal,sw-wk3,0.08733333333329929,0.4112042432719032,0.0,0.0,1936.8333333333333,4926.533333333333,0,0,0,0,0,0,{}
1774267398,normal,k3s-wk1,0.2709270927092847,0.7064626074140359,285.3618695202853,149.01490149014901,9876.087608760876,4170.38370503717,0,36,3,0,35,0,"{""process_exec"": 36, ""process_kprobe"": 35, ""process_exit"": 35}"
1774267408,normal,sw-wk2,0.16733333333330747,0.4051353674258702,0.0,0.0,4407.833333333333,28112.466666666667,0,104,5,0,0,0,"{""process_exit"": 106, ""process_exec"": 104}"
1774267408,normal,sw-wk3,0.08733333333329929,0.4112042432719032,0.0,0.0,1936.8333333333333,4926.533333333333,0,0,0,0,0,0,{}
1774267408,normal,k3s-wk1,0.2709270927092847,0.7064626074140359,285.3618695202853,149.01490149014901,9876.087608760876,4170.38370503717,0,18,2,0,13,0,"{""process_exit"": 18, ""process_exec"": 18, ""process_kprobe"": 13}"
1774267418,normal,sw-wk2,0.16733333333330747,0.4051353674258702,0.0,0.0,4407.833333333333,28112.466666666667,0,0,0,0,0,0,{}
1774267418,normal,sw-wk3,0.08677777777779239,0.4114330393469563,0.0,0.0,2655.966666666667,4988.566666666667,0,0,0,0,0,0,{}
1774267418,normal,k3s-wk1,0.2709270927092847,0.7064626074140359,285.3618695202853,149.01490149014901,9876.087608760876,4170.38370503717,0,12,2,0,10,0,"{""process_exit"": 12, ""process_exec"": 12, ""process_kprobe"": 10}"
1774267428,normal,sw-wk2,0.16733333333330747,0.4051353674258702,0.0,0.0,4407.833333333333,28112.466666666667,0,1,1,0,0,0,"{""process_exit"": 1, ""process_exec"": 1}"
1774267428,normal,sw-wk3,0.08677777777779239,0.4114330393469563,0.0,0.0,2655.9666666666667,4988.566666666667,0,0,0,0,0,0,{}
1774267428,normal,k3s-wk1,0.2644444444444364,0.7057704201813373,279.3333333333333,142.40000000000003,32515.966666666667,6098.7333333333345,0,57,3,0,51,0,"{""process_exit"": 57, ""process_exec"": 57, ""process_kprobe"": 51}"
1774267439,normal,sw-wk2,0.10677777777774378,0.4051254197902242,0.0,0.0,1571.8666666666666,4382.0,0,0,0,0,0,0,{}
1774267439,normal,sw-wk3,0.08677777777779239,0.4114330393469563,0.0,0.0,2655.9666666666667,4988.566666666667,0,0,0,0,0,0,{}
1774267439,normal,k3s-wk1,0.2644444444444364,0.7057704201813373,279.3333333333333,142.4,32515.966666666667,6098.733333333334,0,34,4,0,29,0,"{""process_exit"": 33, ""process_exec"": 34, ""process_kprobe"": 29}"
1774267449,normal,sw-wk2,0.10677777777774378,0.4051254197902242,0.0,0.0,1571.8666666666666,4382.0,0,2,2,0,0,0,"{""process_exec"": 2}"
1774267449,normal,sw-wk3,0.10244444444449785,0.4117354480722438,5.133333333333333,5.0,3657.4666666666667,5167.066666666667,0,0,0,0,0,0,{}
1774267449,normal,k3s-wk1,0.2644444444444364,0.7057704201813373,279.3333333333333,142.4,32515.966666666667,6098.733333333334,0,36,3,0,32,0,"{""process_exit"": 36, ""process_exec"": 36, ""process_kprobe"": 32}"
1774267460,normal,sw-wk2,0.10677777777774378,0.4051254197902242,0.0,0.0,1571.8666666666666,4382.0,0,1,1,0,0,0,"{""process_exit"": 1, ""process_exec"": 1}"
1774267460,normal,sw-wk3,0.10244444444449785,0.4117354480722438,5.133333333333333,5.0,3657.4666666666667,5167.066666666667,0,0,0,0,0,0,{}
1774267460,normal,k3s-wk1,0.4770980940025962,0.7017975812925215,879.1205135881315,430.3961680471011,9863.386887536175,6349.998336825999,0,33,3,0,35,0,"{""process_exit"": 33, ""process_exec"": 33, ""process_kprobe"": 35}"
1774267469,normal,sw-wk2,0.19288888888893574,0.4031617565137118,0.0,0.0,5293.9,28214.500000000007,0,104,5,0,0,0,"{""process_exit"": 106, ""process_exec"": 104}"
1774267469,normal,sw-wk3,0.10244444444449785,0.4117354480722438,5.133333333333333,5.0,3657.4666666666667,5167.066666666667,0,0,0,0,0,0,{}
1774267469,normal,k3s-wk1,0.4770980940025962,0.7017975812925215,879.1205135881315,430.3961680471011,9863.386887536175,6349.998336825999,0,57,3,0,51,0,"{""process_exit"": 57, ""process_exec"": 57, ""process_kprobe"": 51}"
1774267481,normal,sw-wk2,0.19288888888893574,0.4031617565137118,0.0,0.0,5293.9,28214.5,0,0,0,0,0,0,{}
1774267481,normal,sw-wk3,0.0858888888888436,0.41208162648145463,0.0,0.0,2673.3,5018.5,0,0,0,0,0,0,{}
1774267481,normal,k3s-wk1,0.4770980940025962,0.7017975812925215,879.1205135881316,430.3961680471011,9863.386887536175,6349.998336825999,0,36,3,0,34,0,"{""process_kprobe"": 34, ""process_exit"": 37, ""process_exec"": 36}"
1774267491,normal,sw-wk2,0.19288888888893574,0.4031617565137118,0.0,0.0,5293.9,28214.5,0,1,1,0,0,0,"{""process_exit"": 1, ""process_exec"": 1}"
1774267491,normal,sw-wk3,0.0858888888888436,0.41208162648145463,0.0,0.0,2673.3,5018.5,0,0,0,0,0,0,{}
1774267491,normal,k3s-wk1,0.581530520402961,0.7039517837638668,280.4255180715052,147.36979081948013,32069.065356712967,5895.962783434724,0,57,3,0,52,0,"{""process_exit"": 57, ""process_exec"": 57, ""process_kprobe"": 52}"
1774267502,normal,sw-wk2,0.10492727331623886,0.40336866733514776,0.0,0.0,361.1714017298909,4144.546308594383,0,0,0,0,0,0,{}
1774267502,normal,sw-wk3,0.0858888888888436,0.41208162648145463,0.0,0.0,2673.3,5018.5,0,0,0,0,0,0,{}
1774267502,normal,k3s-wk1,0.581530520402961,0.7039517837638668,280.4255180715052,147.36979081948013,32069.065356712967,5895.962783434724,0,33,3,0,29,0,"{""process_exit"": 33, ""process_exec"": 33, ""process_kprobe"": 29}"
1774267512,normal,sw-wk2,0.10492727331623886,0.40336866733514776,0.0,0.0,361.1714017298909,4144.546308594383,0,106,7,0,0,0,"{""process_exec"": 106, ""process_exit"": 106}"
1774267512,normal,sw-wk3,0.08667236879618334,0.41207764741927977,4.408184748996645,5.921442200144747,2495.032567932101,4983.419961839595,0,0,0,0,0,0,{}
1774267512,normal,k3s-wk1,0.581530520402961,0.7039517837638668,280.4255180715052,147.36979081948013,32069.065356712967,5895.962783434724,0,51,3,0,48,0,"{""process_exit"": 51, ""process_exec"": 51, ""process_kprobe"": 48}"
1774267522,normal,sw-wk2,0.10492727331623886,0.40336866733514776,0.0,0.0,361.1714017298909,4144.546308594383,0,0,0,0,0,0,{}
1774267522,normal,sw-wk3,0.08667236879618301,0.41207764741927977,4.408184748996645,5.921442200144747,2495.032567932101,4983.419961839595,0,0,0,0,0,0,{}
1774267522,normal,k3s-wk1,0.5772541498276271,0.6975576055059152,287.0059593122816,146.31139119117745,33586.54702376875,10189.25953832454,0,35,3,0,35,0,"{""process_exit"": 36, ""process_exec"": 35, ""process_kprobe"": 35}"
1774267532,normal,sw-wk2,0.17812620485800934,0.40676081109042006,4.305359208327978,5.783318339545046,5343.336332090991,26796.555712633337,0,1,1,0,0,0,"{""process_exit"": 1, ""process_exec"": 1}"
1774267532,normal,sw-wk3,0.08667236879618301,0.41207764741927977,4.408184748996645,5.921442200144747,2495.032567932101,4983.419961839595,0,0,0,0,0,0,{}
1774267532,normal,k3s-wk1,0.5772541498276271,0.6975576055059152,287.0059593122816,146.31139119117745,33586.54702376875,10189.25953832454,0,7,2,0,5,0,"{""process_exec"": 7, ""process_kprobe"": 5, ""process_exit"": 6}"
1774267542,normal,sw-wk2,0.17812620485800934,0.40676081109042006,4.305359208327978,5.783318339545046,5343.336332090991,26796.555712633337,0,0,0,0,0,0,{}
1774267542,normal,sw-wk3,0.08508434114812069,0.41214728100733933,0.0,0.0,2759.104114586852,5127.795419228431,0,0,0,0,0,0,{}
1774267542,normal,k3s-wk1,0.5772541498276271,0.6975576055059152,287.0059593122816,146.31139119117745,33586.54702376875,10189.25953832454,0,9,2,0,8,0,"{""process_exit"": 9, ""process_exec"": 9, ""process_kprobe"": 8}"
1774267552,normal,sw-wk2,0.17812620485800934,0.40676081109042006,4.305359208327978,5.783318339545046,5343.336332090991,26796.555712633337,0,1,1,0,0,0,"{""process_exit"": 1, ""process_exec"": 1}"
1774267552,normal,sw-wk3,0.08508434114812069,0.41214728100733933,0.0,0.0,2759.104114586852,5127.795419228431,0,0,0,0,0,0,{}
1774267552,normal,k3s-wk1,0.45633333333333015,0.6973207353502389,279.3333333333333,142.4,9448.166666666666,1156.3333333333333,0,54,3,0,51,0,"{""process_exit"": 54, ""process_exec"": 54, ""process_kprobe"": 51}"
1774267562,normal,sw-wk2,0.07201770985819267,0.4059689792930017,0.0,0.0,464.45531474274287,4655.728924911629,0,0,0,0,0,0,{}
1774267562,normal,sw-wk3,0.08508434114812069,0.41214728100733933,0.0,0.0,2759.104114586852,5127.795419228431,0,0,0,0,0,0,{}
1774267562,normal,k3s-wk1,0.45633333333333015,0.6973207353502389,279.3333333333333,142.4,9448.166666666666,1156.3333333333333,0,57,3,0,53,0,"{""process_exit"": 57, ""process_exec"": 57, ""process_kprobe"": 53}"
1774267572,normal,sw-wk2,0.07201770985819267,0.4059689792930017,0.0,0.0,464.45531474274287,4655.728924911629,0,2,2,0,0,0,"{""process_exec"": 2}"
1774267572,normal,sw-wk3,0.09233333333334792,0.41237806661347987,0.0,0.0,2038.3999999999999,4997.1,0,0,0,0,0,0,{}
1774267572,normal,k3s-wk1,0.45633333333333015,0.6973207353502389,279.3333333333333,142.4,9448.166666666666,1156.3333333333333,0,12,2,0,12,0,"{""process_kprobe"": 12, ""process_exit"": 15, ""process_exec"": 12}"
1774267582,normal,sw-wk2,0.07201770985819267,0.4059689792930017,0.0,0.0,464.45531474274287,4655.728924911629,0,105,6,0,0,0,"{""process_exit"": 107, ""process_exec"": 105}"
1774267582,normal,sw-wk3,0.09233333333334792,0.41237806661347987,0.0,0.0,2038.3999999999999,4997.1,0,0,0,0,0,0,{}
1774267582,normal,k3s-wk1,0.5331111111111264,0.6947125317471805,283.8,148.4,10163.033333333333,6546.666666666667,0,33,3,0,34,0,"{""process_kprobe"": 34, ""process_exit"": 33, ""process_exec"": 33}"
1774267592,normal,sw-wk2,0.1888888888889294,0.40722039185726333,0.0,0.0,7146.7,28266.600000000006,0,0,0,0,0,0,{}
1774267592,normal,sw-wk3,0.09233333333334792,0.41237806661347987,0.0,0.0,2038.3999999999999,4997.1,0,0,0,0,0,0,{}
1774267592,normal,k3s-wk1,0.5331111111111264,0.6947125317471805,283.8,148.4,10163.033333333333,6546.666666666667,0,51,3,0,46,0,"{""process_exit"": 51, ""process_exec"": 51, ""process_kprobe"": 46}"
1774267602,normal,sw-wk2,0.1888888888889294,0.40722039185726333,0.0,0.0,7146.7,28266.6,0,0,0,0,0,0,{}
1774267602,normal,sw-wk3,0.09766666666667634,0.41260487315744554,0.0,0.0,6327.833333333333,5346.233333333334,0,0,0,0,0,0,{}
1774267602,normal,k3s-wk1,0.5331111111111264,0.6947125317471805,283.8,148.4,10163.033333333333,6546.666666666667,0,15,2,0,12,0,"{""process_exit"": 15, ""process_exec"": 15, ""process_kprobe"": 12}"
1774267612,normal,sw-wk2,0.1888888888889294,0.40722039185726333,0.0,0.0,7146.7,28266.6,0,0,0,0,0,0,{}
1774267612,normal,sw-wk3,0.09766666666667634,0.41260487315744554,0.0,0.0,6327.833333333333,5346.233333333334,0,0,0,0,0,0,{}
1774267612,normal,k3s-wk1,0.29533333333331235,0.6945598820913003,279.3333333333333,142.4,32570.333333333332,9753.233333333334,0,15,2,0,12,0,"{""process_exit"": 15, ""process_exec"": 15, ""process_kprobe"": 12}"
1774267622,normal,sw-wk2,0.09633333333331395,0.4073337949036273,0.0,0.0,692.8333333333334,4048.6666666666665,0,0,0,0,0,0,{}
1774267622,normal,sw-wk3,0.09766666666667634,0.41260487315744554,0.0,0.0,6327.833333333333,5346.233333333334,0,0,0,0,0,0,{}
1774267622,normal,k3s-wk1,0.29533333333331235,0.6945598820913003,279.3333333333333,142.4,32570.333333333332,9753.233333333334,0,24,2,0,16,0,"{""process_exit"": 24, ""process_exec"": 24, ""process_kprobe"": 16}"
1774267632,normal,sw-wk2,0.09633333333331395,0.4073337949036273,0.0,0.0,692.8333333333334,4048.6666666666665,0,107,7,0,0,0,"{""process_exec"": 107, ""process_exit"": 107}"
1774267632,normal,sw-wk3,0.08100000000000973,0.41309031874277546,0.0,0.0,2074.633333333333,4931.6,0,0,0,0,0,0,{}
1774267632,normal,k3s-wk1,0.29533333333331235,0.6945598820913003,279.3333333333333,142.4,32570.333333333332,9753.233333333334,0,15,2,0,13,0,"{""process_exit"": 15, ""process_exec"": 15, ""process_kprobe"": 13}"
1774267642,normal,sw-wk2,0.09633333333331395,0.4073337949036273,0.0,0.0,692.8333333333334,4048.6666666666665,0,0,0,0,0,0,{}
1774267642,normal,sw-wk3,0.08100000000000973,0.41309031874277546,0.0,0.0,2074.633333333333,4931.6,0,0,0,0,0,0,{}
1774267642,normal,k3s-wk1,0.3046666666666473,0.6945098761695464,279.3333333333333,142.40000000000003,32839.36666666667,8030.133333333333,0,30,3,0,33,0,"{""process_kprobe"": 33, ""process_exit"": 30, ""process_exec"": 30}"
1774267652,normal,sw-wk2,0.1792222222222336,0.41122530996832674,0.0,0.0,4532.2,27834.433333333334,0,0,0,0,0,0,{}
1774267652,normal,sw-wk3,0.08100000000000973,0.41309031874277546,0.0,0.0,2074.633333333333,4931.6,0,0,0,0,0,0,{}
1774267652,normal,k3s-wk1,0.3046666666666473,0.6945098761695464,279.3333333333333,142.4,32839.36666666667,8030.133333333333,0,12,2,0,10,0,"{""process_exit"": 12, ""process_exec"": 12, ""process_kprobe"": 10}"
1774267662,normal,sw-wk2,0.1792222222222336,0.41122530996832674,0.0,0.0,4532.2,27834.433333333334,0,0,0,0,0,0,{}
1774267662,normal,sw-wk3,0.08544444444442989,0.4136931466622632,0.0,0.0,2307.0666666666666,4964.966666666666,0,0,0,0,0,0,{}
1774267662,normal,k3s-wk1,0.3046666666666473,0.6945098761695464,279.3333333333333,142.4,32839.36666666667,8030.133333333333,0,36,3,0,33,0,"{""process_exit"": 36, ""process_exec"": 36, ""process_kprobe"": 33}"
1774267672,normal,sw-wk2,0.1792222222222336,0.41122530996832674,0.0,0.0,4532.2,27834.433333333334,0,0,0,0,0,0,{}
1774267672,normal,sw-wk3,0.08544444444442989,0.4136931466622632,0.0,0.0,2307.0666666666666,4964.966666666666,0,0,0,0,0,0,{}
1774267672,normal,k3s-wk1,0.28377777777780766,0.7070968930531247,279.3333333333333,142.4,8908.666666666666,1221.0666666666666,0,15,2,0,12,0,"{""process_kprobe"": 12, ""process_exit"": 15, ""process_exec"": 15}"
1774267682,normal,sw-wk2,0.08709129087093226,0.4111934775342596,0.0,0.0,438.056194380562,4054.9278405492787,0,1,1,0,0,0,"{""process_exit"": 1, ""process_exec"": 1}"
1774267682,normal,sw-wk3,0.08544444444442989,0.4136931466622632,0.0,0.0,2307.0666666666666,4964.966666666666,0,0,0,0,0,0,{}
1774267682,normal,k3s-wk1,0.28377777777780766,0.7070968930531247,279.3333333333333,142.4,8908.666666666666,1221.0666666666666,0,12,2,0,8,0,"{""process_exit"": 13, ""process_exec"": 12, ""process_kprobe"": 8}"
1774267692,normal,sw-wk2,0.08709129087093226,0.4111934775342596,0.0,0.0,438.056194380562,4054.9278405492787,0,106,7,0,0,0,"{""process_exec"": 106, ""process_exit"": 106}"
1774267692,normal,sw-wk3,0.08844444444443467,0.4136473874472526,0.0,0.0,2019.7666666666667,4988.833333333333,0,0,0,0,0,0,{}
1774267692,normal,k3s-wk1,0.28377777777780766,0.7070968930531247,279.3333333333333,142.4,8908.666666666666,1221.0666666666666,0,15,2,0,12,0,"{""process_exec"": 15, ""process_kprobe"": 12, ""process_exit"": 14}"
1774267702,normal,sw-wk2,0.08709129087093226,0.4111934775342596,0.0,0.0,438.056194380562,4054.9278405492787,0,0,0,0,0,0,{}
1774267702,normal,sw-wk3,0.08844444444443467,0.4136473874472526,0.0,0.0,2019.7666666666667,4988.833333333333,0,0,0,0,0,0,{}
1774267702,normal,k3s-wk1,0.2714444444444274,0.7090879183061152,279.3333333333333,142.4,33009.933333333334,9135.566666666666,0,36,3,0,35,0,"{""process_kprobe"": 35, ""process_exit"": 36, ""process_exec"": 36}"
1774267712,normal,sw-wk2,0.1861408363058349,0.4004281462382021,0.0,0.0,5381.771510484382,28000.66673334,0,1,1,0,0,0,"{""process_exit"": 1, ""process_exec"": 1}"
1774267712,normal,sw-wk3,0.08844444444443467,0.4136473874472526,0.0,0.0,2019.7666666666667,4988.833333333333,0,0,0,0,0,0,{}
1774267712,normal,k3s-wk1,0.2714444444444274,0.7090879183061152,279.3333333333333,142.4,33009.933333333334,9135.566666666666,0,15,2,0,11,0,"{""process_kprobe"": 11, ""process_exit"": 15, ""process_exec"": 15}"
1774267722,normal,sw-wk2,0.1861408363058351,0.4004281462382021,0.0,0.0,5381.771510484382,28000.66673334,0,0,0,0,0,0,{}
1774267722,normal,sw-wk3,0.08833333333334137,0.41388016258448046,0.0,0.0,2679.1,4987.366666666667,0,0,0,0,0,0,{}
1774267722,normal,k3s-wk1,0.2714444444444274,0.7090879183061152,279.3333333333333,142.4,33009.933333333334,9135.566666666666,0,33,3,0,30,0,"{""process_exit"": 33, ""process_exec"": 33, ""process_kprobe"": 30}"
1774267732,normal,sw-wk2,0.1861408363058351,0.4004281462382021,0.0,0.0,5381.771510484382,28000.66673334,0,1,1,0,0,0,"{""process_exit"": 1, ""process_exec"": 1}"
1774267732,normal,sw-wk3,0.08833333333334137,0.41388016258448046,0.0,0.0,2679.1,4987.366666666667,0,0,0,0,0,0,{}
1774267732,normal,k3s-wk1,0.2511111111111354,0.7030503612269874,279.33333333333337,142.4,9487.633333333333,1409.6333333333337,0,36,3,0,33,0,"{""process_kprobe"": 33, ""process_exit"": 36, ""process_exec"": 36}"
1774267742,normal,sw-wk2,0.11133333333337836,0.4007703449044231,0.0,0.0,388.93333333333334,4710.2,0,1,1,0,0,0,"{""process_exit"": 1, ""process_exec"": 1}"
1774267742,normal,sw-wk3,0.08833333333334137,0.41388016258448046,0.0,0.0,2679.1,4987.366666666667,0,0,0,0,0,0,{}
1774267742,normal,k3s-wk1,0.2511111111111354,0.7030503612269874,279.3333333333333,142.4,9487.633333333333,1409.6333333333332,0,18,2,0,14,0,"{""process_kprobe"": 14, ""process_exit"": 18, ""process_exec"": 18}"
1774267752,normal,sw-wk2,0.11133333333337869,0.4007703449044231,0.0,0.0,388.93333333333334,4710.2,0,106,7,0,0,0,"{""process_exec"": 106, ""process_exit"": 106}"
1774267752,normal,sw-wk3,0.08788888888888735,0.41472969235880797,0.0,0.0,2298.8,5013.766666666667,0,0,0,0,0,0,{}
1774267752,normal,k3s-wk1,0.2511111111111354,0.7030503612269874,279.3333333333333,142.4,9487.633333333333,1409.6333333333332,0,12,2,0,11,0,"{""process_kprobe"": 11, ""process_exit"": 12, ""process_exec"": 12}"
1774267762,normal,sw-wk2,0.11133333333337869,0.4007703449044231,0.0,0.0,388.93333333333334,4710.2,0,0,0,0,0,0,{}
1774267762,normal,sw-wk3,0.08788888888888735,0.41472969235880797,0.0,0.0,2298.8,5013.766666666666,0,0,0,0,0,0,{}
1774267762,normal,k3s-wk1,0.31366666666664156,0.6981050387545893,279.3333333333333,142.4,33579.40000000001,14756.066666666666,0,54,3,0,54,0,"{""process_kprobe"": 54, ""process_exit"": 54, ""process_exec"": 54}"
1774267772,normal,sw-wk2,0.18899999999994188,0.4033845835521813,0.0,0.0,6417.7,27711.1,0,0,0,0,0,0,{}
1774267772,normal,sw-wk3,0.08788888888888735,0.41472969235880797,0.0,0.0,2298.8,5013.766666666666,0,0,0,0,0,0,{}
1774267772,normal,k3s-wk1,0.31366666666664156,0.6981050387545893,279.3333333333333,142.4,33579.4,14756.066666666666,0,36,3,0,31,0,"{""process_exit"": 36, ""process_exec"": 36, ""process_kprobe"": 31}"
1774267782,normal,sw-wk2,0.18899999999994188,0.4033845835521813,0.0,0.0,6417.7,27711.1,0,1,1,0,0,0,"{""process_exit"": 1, ""process_exec"": 1}"
1774267782,normal,sw-wk3,0.16544444444443807,0.4227136806126164,0.0,0.0,13649.766666666666,6590.7333333333345,0,0,0,0,0,0,{}
1774267782,normal,k3s-wk1,0.31366666666664156,0.6981050387545893,279.3333333333333,142.4,33579.4,14756.066666666666,0,15,2,0,12,0,"{""process_exit"": 16, ""process_exec"": 15, ""process_kprobe"": 12}"
1774267792,normal,sw-wk2,0.18899999999994188,0.4033845835521813,0.0,0.0,6417.7,27711.1,0,0,0,0,0,0,{}
1774267792,normal,sw-wk3,0.16544444444443807,0.4227136806126164,0.0,0.0,13649.766666666666,6590.733333333334,0,0,0,0,0,0,{}
1774267792,normal,k3s-wk1,0.2795555555555742,0.7009751154742009,279.3333333333333,142.4,10848.933333333332,12642.733333333334,0,57,3,0,51,0,"{""process_exit"": 57, ""process_exec"": 57, ""process_kprobe"": 51}"
1774267802,normal,sw-wk2,0.11766666666670877,0.4034880389628993,0.0,0.0,1441.9666666666667,4293.666666666667,0,0,0,0,0,0,{}
1774267802,normal,sw-wk3,0.16544444444443807,0.4227136806126164,0.0,0.0,13649.766666666666,6590.733333333334,0,0,0,0,0,0,{}
1774267802,normal,k3s-wk1,0.2795555555555742,0.7009751154742009,279.3333333333333,142.4,10848.933333333332,12642.733333333334,0,35,3,0,30,0,"{""process_kprobe"": 30, ""process_exit"": 35, ""process_exec"": 35}"
1774267812,normal,sw-wk2,0.11766666666670877,0.4034880389628993,0.0,0.0,1441.9666666666667,4293.666666666667,0,107,7,0,0,0,"{""process_exec"": 107, ""process_exit"": 107}"
1774267812,normal,sw-wk3,0.11322222222220768,0.4215637316440888,0.0,0.0,8540.6,6079.766666666666,0,0,0,0,0,0,{}
1774267812,normal,k3s-wk1,0.2795555555555742,0.7009751154742009,279.3333333333333,142.4,10848.933333333332,12642.733333333334,0,97,3,0,91,0,"{""process_kprobe"": 91, ""process_exit"": 97, ""process_exec"": 97}"
1774267822,normal,sw-wk2,0.11766666666670877,0.4034880389628993,0.0,0.0,1441.9666666666667,4293.666666666667,0,0,0,0,0,0,{}
1774267822,normal,sw-wk3,0.11322222222220768,0.4215637316440888,0.0,0.0,8540.6,6079.766666666666,0,0,0,0,0,0,{}
1774267822,normal,k3s-wk1,0.308111111111086,0.6979787080048954,279.3333333333333,142.4,33956.433333333334,14627.666666666666,0,39,3,0,39,0,"{""process_kprobe"": 39, ""process_exit"": 39, ""process_exec"": 39}"
1774267832,normal,sw-wk2,0.172666666666636,0.4025867831733754,0.0,0.0,6294.3,28020.899999999998,0,0,0,0,0,0,{}
1774267832,normal,sw-wk3,0.11322222222220768,0.4215637316440888,0.0,0.0,8540.6,6079.766666666666,0,0,0,0,0,0,{}
1774267832,normal,k3s-wk1,0.308111111111086,0.6979787080048954,279.3333333333333,142.4,33956.433333333334,14627.666666666666,0,36,3,0,33,0,"{""process_kprobe"": 33, ""process_exit"": 36, ""process_exec"": 36}"
1774267842,normal,sw-wk2,0.172666666666636,0.4025867831733754,0.0,0.0,6294.3,28020.899999999998,0,1,1,0,0,0,"{""process_exit"": 1, ""process_exec"": 1}"
1774267842,normal,sw-wk3,0.11455555555556995,0.42047147907709637,0.0,0.0,8799.2,6131.8,0,0,0,0,0,0,{}
1774267842,normal,k3s-wk1,0.308111111111086,0.6979787080048954,279.3333333333333,142.4,33956.433333333334,14627.666666666666,0,18,2,0,14,0,"{""process_exit"": 18, ""process_exec"": 18, ""process_kprobe"": 14}"
1774267852,normal,sw-wk2,0.172666666666636,0.4025867831733754,0.0,0.0,6294.3,28020.899999999998,0,0,0,0,0,0,{}
1774267852,normal,sw-wk3,0.11455555555557018,0.42047147907709637,0.0,0.0,8799.2,6131.8,0,0,0,0,0,0,{}
1774267852,normal,k3s-wk1,0.26366666666670224,0.6989590872603335,283.8,148.4,10235.966666666667,7171.933333333333,0,36,3,0,32,0,"{""process_kprobe"": 32, ""process_exit"": 36, ""process_exec"": 36}"
1774267862,normal,sw-wk2,0.09755555555554263,0.40242762100303997,0.0,0.0,965.6999999999999,4531.533333333333,0,1,1,0,0,0,"{""process_exit"": 1, ""process_exec"": 1}"
1774267862,normal,sw-wk3,0.11455555555557018,0.42047147907709637,0.0,0.0,8799.2,6131.8,0,0,0,0,0,0,{}
1774267862,normal,k3s-wk1,0.26366666666670224,0.6989590872603335,283.8,148.4,10235.966666666667,7171.933333333333,0,12,2,0,9,0,"{""process_kprobe"": 9, ""process_exit"": 12, ""process_exec"": 12}"
1774267872,normal,sw-wk2,0.09755555555554263,0.40242762100303997,0.0,0.0,965.6999999999999,4531.533333333333,0,2,2,0,0,0,"{""process_exec"": 2}"
1774267872,normal,sw-wk3,0.10100000000000164,0.4205391231340685,0.0,0.0,3899.7666666666664,5511.2,0,0,0,0,0,0,{}
1774267872,normal,k3s-wk1,0.26366666666670224,0.6989590872603335,283.8,148.4,10235.966666666667,7171.933333333333,0,15,2,0,12,0,"{""process_exit"": 15, ""process_exec"": 15, ""process_kprobe"": 12}"
1774267882,normal,sw-wk2,0.09755555555554263,0.40242762100303997,0.0,0.0,965.6999999999999,4531.533333333333,0,104,5,0,0,0,"{""process_exit"": 106, ""process_exec"": 104}"
1774267882,normal,sw-wk3,0.10100000000000164,0.4205391231340685,0.0,0.0,3899.7666666666664,5511.2,0,0,0,0,0,0,{}
1774267882,normal,k3s-wk1,0.29411111111108357,0.6978273742943244,277.2,140.4,10714.566666666666,13854.033333333333,0,12,2,0,14,0,"{""process_kprobe"": 14, ""process_exit"": 12, ""process_exec"": 12}"
1774267892,normal,sw-wk2,0.19755555555554272,0.3994333826736062,0.0,0.0,7634.466666666666,27991.066666666666,0,0,0,0,0,0,{}
1774267892,normal,sw-wk3,0.10100000000000164,0.4205391231340685,0.0,0.0,3899.7666666666664,5511.2,0,0,0,0,0,0,{}
1774267892,normal,k3s-wk1,0.29411111111108357,0.6978273742943244,277.2,140.4,10714.566666666666,13854.033333333333,0,12,2,0,8,0,"{""process_exit"": 12, ""process_exec"": 12, ""process_kprobe"": 8}"
1774267902,normal,sw-wk2,0.19755555555554272,0.3994333826736062,0.0,0.0,7634.466666666666,27991.066666666666,0,0,0,0,0,0,{}
1774267902,normal,sw-wk3,0.12911111111109985,0.41936728932357936,0.0,0.0,11965.266666666666,5643.466666666666,0,0,0,0,0,0,{}
1774267902,normal,k3s-wk1,0.29411111111108357,0.6978273742943244,277.2,140.4,10714.566666666666,13854.033333333333,0,57,3,0,54,0,"{""process_exit"": 57, ""process_exec"": 57, ""process_kprobe"": 54}"
1774267912,normal,sw-wk2,0.19755555555554272,0.3994333826736062,0.0,0.0,7634.466666666666,27991.066666666666,0,0,0,0,0,0,{}
1774267912,normal,sw-wk3,0.12911111111109985,0.41936728932357936,0.0,0.0,11965.266666666666,5643.466666666666,0,0,0,0,0,0,{}
1774267912,normal,k3s-wk1,0.26777777777778167,0.7038043978892237,478.73333333333335,237.83333333333334,32541.3,9653.533333333333,0,15,2,0,13,0,"{""process_kprobe"": 13, ""process_exit"": 15, ""process_exec"": 15}"
1774267922,normal,sw-wk2,0.09700000000003561,0.3992921262474335,0.0,0.0,736.1333333333333,4292.4,0,1,1,0,0,0,"{""process_exit"": 1, ""process_exec"": 1}"
1774267922,normal,sw-wk3,0.12911111111109985,0.41936728932357936,0.0,0.0,11965.266666666666,5643.466666666666,0,0,0,0,0,0,{}
1774267922,normal,k3s-wk1,0.2677777777777819,0.7038043978892237,478.73333333333335,237.83333333333334,32541.3,9653.533333333333,0,36,3,0,32,0,"{""process_exit"": 36, ""process_exec"": 36, ""process_kprobe"": 32}"
1774267932,normal,sw-wk2,0.09700000000003561,0.3992921262474335,0.0,0.0,736.1333333333333,4292.4,0,3,2,0,0,0,"{""process_exec"": 3, ""process_exit"": 1}"
1774267932,normal,sw-wk3,0.09077777777783924,0.4194806925955622,0.0,0.0,2056.2666666666664,4994.433333333333,0,0,0,0,0,0,{}
1774267932,normal,k3s-wk1,0.2677777777777819,0.7038043978892237,478.73333333333335,237.83333333333334,32541.3,9653.533333333333,0,42,3,0,37,0,"{""process_exit"": 42, ""process_exec"": 42, ""process_kprobe"": 37}"
1774267942,normal,sw-wk2,0.09700000000003561,0.3992921262474335,0.0,0.0,736.1333333333333,4292.4,0,104,5,0,0,0,"{""process_exit"": 106, ""process_exec"": 104}"
1774267942,normal,sw-wk3,0.09077777777783924,0.4194806925955622,0.0,0.0,2056.2666666666664,4994.433333333333,0,0,0,0,0,0,{}
1774267942,normal,k3s-wk1,0.29688888888890186,0.7040833782947981,445.5333333333333,198.36666666666667,10172.633333333333,4190.966666666666,0,33,3,0,34,0,"{""process_kprobe"": 34, ""process_exit"": 33, ""process_exec"": 33}"
1774267952,normal,sw-wk2,0.180888888888876,0.40015956007576114,0.0,0.0,5268.733333333334,28109.966666666667,0,0,0,0,0,0,{}
1774267952,normal,sw-wk3,0.09077777777783924,0.4194806925955622,0.0,0.0,2056.2666666666664,4994.433333333333,0,0,0,0,0,0,{}
1774267952,normal,k3s-wk1,0.29688888888890186,0.7040833782947981,445.5333333333333,198.36666666666667,10172.633333333333,4190.966666666666,0,12,2,0,8,0,"{""process_exit"": 12, ""process_exec"": 12, ""process_kprobe"": 8}"
1774267962,normal,sw-wk2,0.180888888888876,0.40015956007576114,0.0,0.0,5268.733333333334,28109.966666666667,0,0,0,0,0,0,{}
1774267962,normal,sw-wk3,0.0887777777777552,0.41947273447121247,0.0,0.0,2678.2666666666664,5030.566666666667,0,0,0,0,0,0,{}
1774267962,normal,k3s-wk1,0.29688888888890186,0.7040833782947981,445.5333333333333,198.36666666666667,10172.633333333333,4190.966666666666,0,36,3,0,32,0,"{""process_exit"": 36, ""process_exec"": 36, ""process_kprobe"": 32}"
1774267972,normal,sw-wk2,0.180888888888876,0.40015956007576114,0.0,0.0,5268.733333333334,28109.966666666667,0,1,1,0,0,0,"{""process_exit"": 1, ""process_exec"": 1}"
1774267972,normal,sw-wk3,0.0887777777777552,0.41947273447121247,0.0,0.0,2678.2666666666664,5030.566666666667,0,0,0,0,0,0,{}
1774267972,normal,k3s-wk1,0.27855555555553213,0.7083351975891882,279.2,142.40000000000003,32562.166666666668,6350.3,0,12,2,0,10,0,"{""process_exit"": 12, ""process_exec"": 12, ""process_kprobe"": 10}"
1774267982,normal,sw-wk2,0.11033333333333661,0.40035652326155124,0.0,0.0,510.1333333333333,4364.7,0,0,0,0,0,0,{}
1774267982,normal,sw-wk3,0.0887777777777552,0.41947273447121247,0.0,0.0,2678.2666666666664,5030.566666666667,0,0,0,0,0,0,{}
1774267982,normal,k3s-wk1,0.27855555555553213,0.7083351975891882,279.2,142.4,32562.166666666668,6350.3,0,36,3,0,30,0,"{""process_exit"": 36, ""process_exec"": 36, ""process_kprobe"": 30}"
1774267992,normal,sw-wk2,0.11033333333333661,0.40035652326155124,0.0,0.0,510.1333333333333,4364.7,0,107,7,0,0,0,"{""process_exec"": 107, ""process_exit"": 107}"
1774267992,normal,sw-wk3,0.090777777777718,0.41924990698942166,0.0,0.0,2133.1,5039.566666666667,0,0,0,0,0,0,{}
1774267992,normal,k3s-wk1,0.27855555555553213,0.7083351975891882,279.2,142.4,32562.166666666668,6350.3,0,18,2,0,17,0,"{""process_exit"": 18, ""process_exec"": 18, ""process_kprobe"": 17}"
1774268002,normal,sw-wk2,0.11033333333333661,0.40035652326155124,0.0,0.0,510.1333333333333,4364.7,0,0,0,0,0,0,{}
1774268002,normal,sw-wk3,0.090777777777718,0.41924990698942166,0.0,0.0,2133.1,5039.566666666667,0,0,0,0,0,0,{}
1774268002,normal,k3s-wk1,0.2946666666666917,0.7073008645760682,285.3333333333333,149.0,32992.86666666667,9008.233333333334,0,12,2,0,13,0,"{""process_kprobe"": 13, ""process_exit"": 12, ""process_exec"": 12}"
1774268012,normal,sw-wk2,0.17877777777777926,0.4020695061197854,0.0,0.0,5169.9,27902.3,0,0,0,0,0,0,{}
1774268012,normal,sw-wk3,0.090777777777718,0.41924990698942166,0.0,0.0,2133.1,5039.566666666667,0,0,0,0,0,0,{}
1774268012,normal,k3s-wk1,0.2946666666666917,0.7073008645760682,285.3333333333333,149.0,32992.86666666667,9008.233333333334,0,54,3,0,51,0,"{""process_exit"": 54, ""process_exec"": 54, ""process_kprobe"": 51}"
1774268022,normal,sw-wk2,0.17877777777777937,0.4020695061197854,0.0,0.0,5169.9,27902.3,0,1,1,0,0,0,"{""process_exit"": 1, ""process_exec"": 1}"
1774268022,normal,sw-wk3,0.08600000000005814,0.4196000644608072,0.0,0.0,2661.9666666666667,5005.433333333333,0,0,0,0,0,0,{}
1774268022,normal,k3s-wk1,0.2946666666666917,0.7073008645760682,285.3333333333333,149.0,32992.86666666667,9008.233333333334,0,15,2,0,13,0,"{""process_exit"": 15, ""process_exec"": 15, ""process_kprobe"": 13}"
1774268032,normal,sw-wk2,0.17877777777777937,0.4020695061197854,0.0,0.0,5169.9,27902.3,0,0,0,0,0,0,{}
1774268032,normal,sw-wk3,0.08600000000005814,0.4196000644608072,0.0,0.0,2661.9666666666667,5005.433333333333,0,0,0,0,0,0,{}
1774268032,normal,k3s-wk1,0.25444444444444037,0.7077390743640695,279.3333333333333,142.4,9234.633333333333,1281.0666666666666,0,36,3,0,32,0,"{""process_kprobe"": 32, ""process_exit"": 36, ""process_exec"": 36}"
1774268042,normal,sw-wk2,0.09977777777777286,0.40203369463146,0.0,0.0,396.6333333333333,4283.9,0,0,0,0,0,0,{}
1774268042,normal,sw-wk3,0.08600000000005814,0.4196000644608072,0.0,0.0,2661.9666666666667,5005.433333333333,0,0,0,0,0,0,{}
1774268042,normal,k3s-wk1,0.25444444444444037,0.7077390743640695,279.3333333333333,142.4,9234.633333333333,1281.0666666666666,0,36,3,0,30,0,"{""process_exit"": 36, ""process_exec"": 36, ""process_kprobe"": 30}"
1774268052,normal,sw-wk2,0.09977777777777286,0.40203369463146,0.0,0.0,396.6333333333333,4283.9,0,2,2,0,0,0,"{""process_exec"": 2}"
1774268052,normal,sw-wk3,0.08466666666665545,0.4197094886706152,0.0,0.0,2033.6333333333332,5000.6,0,0,0,0,0,0,{}
1774268052,normal,k3s-wk1,0.25444444444444037,0.7077390743640695,279.3333333333333,142.4,9234.633333333333,1281.0666666666666,0,30,3,0,28,0,"{""process_exit"": 30, ""process_exec"": 30, ""process_kprobe"": 28}"
1774268062,normal,sw-wk2,0.09977777777777286,0.40203369463146,0.0,0.0,396.6333333333333,4283.9,0,105,6,0,0,0,"{""process_exit"": 107, ""process_exec"": 105}"
1774268062,normal,sw-wk3,0.08466666666665545,0.4197094886706152,0.0,0.0,2033.6333333333332,5000.6,0,0,0,0,0,0,{}
1774268062,normal,k3s-wk1,0.3718888888888816,0.7196075851087629,102007.96666666666,1411.6333333333332,32764.266666666666,6942.766666666666,0,23,8,0,17,0,"{""process_exec"": 23, ""process_exit"": 21, ""process_kprobe"": 17}"
1774268072,normal,sw-wk2,0.18655555555552494,0.40095934998169636,0.0,0.0,5741.5,28116.466666666667,0,1,1,0,0,0,"{""process_exit"": 1, ""process_exec"": 1}"
1774268072,normal,sw-wk3,0.08466666666665545,0.4197094886706152,0.0,0.0,2033.6333333333332,5000.6,0,0,0,0,0,0,{}
1774268072,normal,k3s-wk1,0.3718888888888816,0.7196075851087629,102007.96666666666,1411.6333333333332,32764.266666666666,6942.766666666666,0,15,2,0,10,0,"{""process_exit"": 15, ""process_exec"": 15, ""process_kprobe"": 10}"
1774268082,normal,sw-wk2,0.18655555555552494,0.40095934998169636,0.0,0.0,5741.5,28116.466666666667,0,0,0,0,0,0,{}
1774268082,normal,sw-wk3,0.09511111111108528,0.41990247318609475,4.466666666666667,6.0,4796.533333333333,5246.866666666667,0,0,0,0,0,0,{}
1774268082,normal,k3s-wk1,0.3718888888888816,0.7196075851087629,102007.96666666666,1411.6333333333332,32764.266666666666,6942.766666666666,0,33,3,0,31,0,"{""process_exit"": 34, ""process_exec"": 33, ""process_kprobe"": 31}"
1774268092,normal,sw-wk2,0.18655555555552494,0.40095934998169636,0.0,0.0,5741.5,28116.466666666667,0,0,0,0,0,0,{}
1774268092,normal,sw-wk3,0.09511111111108528,0.41990247318609475,4.466666666666667,6.0,4796.533333333333,5246.866666666667,0,0,0,0,0,0,{}
1774268092,normal,k3s-wk1,0.2824444444444453,0.7201602821386743,42387.4,504.13333333333344,10017.033333333333,6091.433333333333,0,15,2,0,13,0,"{""process_exit"": 15, ""process_exec"": 15, ""process_kprobe"": 13}"
1774268102,normal,sw-wk2,0.1404192914042447,0.4005594550287288,4.466220044662201,5.9994000599940005,495.01716495017166,4550.5449455054495,0,0,0,0,0,0,{}
1774268102,normal,sw-wk3,0.09511111111108528,0.41990247318609475,4.466666666666667,6.0,4796.533333333333,5246.866666666667,0,0,0,0,0,0,{}
1774268102,normal,k3s-wk1,0.2824444444444453,0.7201602821386743,42387.4,504.1333333333333,10017.033333333333,6091.433333333333,0,15,2,0,12,0,"{""process_exit"": 15, ""process_exec"": 15, ""process_kprobe"": 12}"
1774268112,normal,sw-wk2,0.1404192914042447,0.4005594550287288,4.466220044662201,5.9994000599940005,495.01716495017166,4550.5449455054495,0,3,2,0,0,0,"{""process_exec"": 3, ""process_exit"": 1}"
1774268112,normal,sw-wk3,0.0922222222222141,0.41998006489850404,0.0,0.0,2036.1666666666667,5285.133333333333,0,0,0,0,0,0,{}
1774268112,normal,k3s-wk1,0.2824444444444453,0.7201602821386743,42387.4,504.1333333333333,10017.033333333333,6091.433333333333,0,33,3,0,33,0,"{""process_kprobe"": 33, ""process_exit"": 33, ""process_exec"": 33}"
1774268122,normal,sw-wk2,0.1404192914042447,0.4005594550287288,4.466220044662201,5.9994000599940005,495.01716495017166,4550.5449455054495,0,104,5,0,0,0,"{""process_exit"": 106, ""process_exec"": 104}"
1774268122,normal,sw-wk3,0.0922222222222141,0.41998006489850404,0.0,0.0,2036.1666666666667,5285.133333333333,0,0,0,0,0,0,{}
1774268122,normal,k3s-wk1,0.2913333333333261,0.7199431511626377,279.3333333333333,142.4,13119.699999999999,5508.700000000001,0,36,3,0,34,0,"{""process_kprobe"": 34, ""process_exit"": 36, ""process_exec"": 36}"
1774268133,normal,sw-wk2,0.17880676956582942,0.40263055277021753,0.0,0.0,5982.531586491982,28342.767610094343,0,1,1,0,0,0,"{""process_exit"": 1, ""process_exec"": 1}"
1774268133,normal,sw-wk3,0.0922222222222141,0.41998006489850404,0.0,0.0,2036.1666666666667,5285.133333333333,0,0,0,0,0,0,{}
1774268133,normal,k3s-wk1,0.2913333333333261,0.7199431511626377,279.3333333333333,142.4,13119.699999999999,5508.7,0,68,3,0,61,0,"{""process_exit"": 68, ""process_exec"": 68, ""process_kprobe"": 61}"
1774268142,normal,sw-wk2,0.17880676956582942,0.40263055277021753,0.0,0.0,5982.531586491982,28342.767610094343,0,1,1,0,0,0,"{""process_exit"": 1, ""process_exec"": 1}"
1774268142,normal,sw-wk3,0.09155555555557326,0.420165091289634,0.0,0.0,3367.4666666666667,5209.933333333333,0,0,0,0,0,0,{}
1774268142,normal,k3s-wk1,0.2913333333333261,0.7199431511626377,279.3333333333333,142.4,13119.699999999999,5508.7,0,64,3,0,59,0,"{""process_exit"": 64, ""process_exec"": 64, ""process_kprobe"": 59}"
1774268152,normal,sw-wk2,0.17880676956582942,0.40263055277021753,0.0,0.0,5982.531586491982,28342.767610094343,0,0,0,0,0,0,{}
1774268152,normal,sw-wk3,0.09155555555557326,0.420165091289634,0.0,0.0,3367.4666666666667,5209.933333333333,0,0,0,0,0,0,{}
1774268152,normal,k3s-wk1,0.29500000000001214,0.7184824518693003,279.3333333333333,142.4,30391.3,6241.6,0,51,3,0,47,0,"{""process_kprobe"": 47, ""process_exit"": 51, ""process_exec"": 51}"
1774268162,normal,sw-wk2,0.07964759079647432,0.40260070986327967,0.0,0.0,374.5625437456254,4652.801386528014,0,0,0,0,0,0,{}
1774268162,normal,sw-wk3,0.09155555555557326,0.420165091289634,0.0,0.0,3367.4666666666667,5209.933333333333,0,0,0,0,0,0,{}
1774268162,normal,k3s-wk1,0.29500000000001214,0.7184824518693003,279.3333333333333,142.4,30391.3,6241.6,0,15,2,0,11,0,"{""process_kprobe"": 11, ""process_exit"": 15, ""process_exec"": 15}"
1774268172,normal,sw-wk2,0.07964759079647432,0.40260070986327967,0.0,0.0,374.5625437456254,4652.801386528014,0,22,5,0,0,0,"{""process_exit"": 20, ""process_exec"": 22}"
1774268172,normal,sw-wk3,0.09666666666667478,0.4201551436341968,0.0,0.0,1954.6,5094.733333333334,0,0,0,0,0,0,{}
1774268172,normal,k3s-wk1,0.29500000000001214,0.7184824518693003,279.3333333333333,142.4,30391.3,6241.6,0,15,2,0,13,0,"{""process_exit"": 15, ""process_exec"": 15, ""process_kprobe"": 13}"
1774268182,normal,sw-wk2,0.07964759079647432,0.40260070986327967,0.0,0.0,374.5625437456254,4652.801386528014,0,86,4,0,0,0,"{""process_exit"": 88, ""process_exec"": 86}"
1774268182,normal,sw-wk3,0.09666666666667478,0.4201551436341968,0.0,0.0,1954.6,5094.733333333334,0,0,0,0,0,0,{}
1774268182,normal,k3s-wk1,0.2781111111111184,0.7206695529733784,277.2,140.4,24218.066666666666,5652.433333333333,0,12,2,0,15,0,"{""process_kprobe"": 15, ""process_exit"": 12, ""process_exec"": 12}"
1774268192,normal,sw-wk2,0.17691769176918004,0.40029484792054626,0.0,0.0,5733.373337333733,28518.58519185252,0,0,0,0,0,0,{}
1774268192,normal,sw-wk3,0.09666666666667478,0.4201551436341968,0.0,0.0,1954.6,5094.733333333334,0,0,0,0,0,0,{}
1774268192,normal,k3s-wk1,0.2781111111111184,0.7206695529733784,277.2,140.4,24218.066666666666,5652.433333333333,0,53,3,0,49,0,"{""process_exit"": 53, ""process_exec"": 53, ""process_kprobe"": 49}"
1774268203,normal,sw-wk2,0.17691769176918015,0.40029484792054626,0.0,0.0,5733.373337333733,28518.58519185252,0,0,0,0,0,0,{}
1774268203,normal,sw-wk3,0.09144444444443955,0.42026854690617965,0.0,0.0,4110.433333333333,5230.033333333333,0,0,0,0,0,0,{}
1774268203,normal,k3s-wk1,0.2781111111111184,0.7206695529733784,277.2,140.4,24218.066666666666,5652.433333333333,0,62,4,0,57,0,"{""process_exit"": 64, ""process_exec"": 62, ""process_kprobe"": 57}"
1774268212,normal,sw-wk2,0.17691769176918015,0.40029484792054626,0.0,0.0,5733.373337333733,28518.58519185252,0,0,0,0,0,0,{}
1774268212,normal,sw-wk3,0.09144444444443955,0.42026854690617965,0.0,0.0,4110.433333333333,5230.033333333333,0,0,0,0,0,0,{}
1774268212,normal,k3s-wk1,0.3037777777777593,0.7187443249858536,279.3333333333333,142.4,19271.733333333334,11088.833333333334,0,15,2,0,12,0,"{""process_exit"": 15, ""process_exec"": 15, ""process_kprobe"": 12}"
1774268222,normal,sw-wk2,0.12522222222222712,0.3997397698515017,0.0,0.0,2569.9333333333334,4381.333333333333,0,0,0,0,0,0,{}
1774268222,normal,sw-wk3,0.09144444444443955,0.42026854690617965,0.0,0.0,4110.433333333333,5230.033333333333,0,0,0,0,0,0,{}
1774268222,normal,k3s-wk1,0.3037777777777593,0.7187443249858536,279.3333333333333,142.4,19271.733333333334,11088.833333333334,0,39,3,0,32,0,"{""process_exit"": 39, ""process_exec"": 39, ""process_kprobe"": 32}"
1774268233,normal,sw-wk2,0.12522222222222712,0.3997397698515017,0.0,0.0,2569.9333333333334,4381.333333333333,0,107,7,0,0,0,"{""process_exec"": 107, ""process_exit"": 107}"
1774268233,normal,sw-wk3,0.10922222222224165,0.42029441081031615,0.0,0.0,4418.866666666667,5174.933333333333,0,0,0,0,0,0,{}
1774268233,normal,k3s-wk1,0.3037777777777593,0.7187443249858536,279.3333333333333,142.4,19271.733333333334,11088.833333333334,0,15,2,0,12,0,"{""process_exit"": 15, ""process_exec"": 15, ""process_kprobe"": 12}"
1774268242,normal,sw-wk2,0.12522222222222712,0.3997397698515017,0.0,0.0,2569.9333333333334,4381.333333333333,0,0,0,0,0,0,{}
1774268242,normal,sw-wk3,0.10922222222224165,0.42029441081031615,0.0,0.0,4418.866666666667,5174.933333333333,0,0,0,0,0,0,{}
1774268242,normal,k3s-wk1,0.29066666666668517,0.7129344264452369,279.3333333333333,142.4,33002.666666666664,9177.133333333333,0,36,3,0,36,0,"{""process_kprobe"": 36, ""process_exit"": 36, ""process_exec"": 36}"
1774268252,normal,sw-wk2,0.17166666666667474,0.4018427000270576,0.0,0.0,5197.166666666667,27865.566666666666,0,0,0,0,0,0,{}
1774268252,normal,sw-wk3,0.10922222222224165,0.42029441081031615,0.0,0.0,4418.866666666667,5174.933333333333,0,0,0,0,0,0,{}
1774268252,normal,k3s-wk1,0.2906666666666853,0.7129344264452369,279.3333333333333,142.4,33002.666666666664,9177.133333333333,0,36,3,0,30,0,"{""process_exit"": 36, ""process_exec"": 36, ""process_kprobe"": 30}"
1774268262,normal,sw-wk2,0.17166666666667474,0.4018427000270576,0.0,0.0,5197.166666666667,27865.566666666666,0,0,0,0,0,0,{}
1774268262,normal,sw-wk3,0.08955555555552974,0.4205530498516804,0.0,0.0,2732.9333333333334,5032.166666666667,0,0,0,0,0,0,{}
1774268262,normal,k3s-wk1,0.2906666666666853,0.7129344264452369,279.3333333333333,142.4,33002.666666666664,9177.133333333333,0,57,3,0,53,0,"{""process_exit"": 57, ""process_exec"": 57, ""process_kprobe"": 53}"
1774268272,normal,sw-wk2,0.17166666666667474,0.4018427000270576,0.0,0.0,5197.166666666667,27865.566666666666,0,0,0,0,0,0,{}
1774268272,normal,sw-wk3,0.08955555555552974,0.4205530498516804,0.0,0.0,2732.9333333333334,5032.166666666667,0,0,0,0,0,0,{}
1774268272,normal,k3s-wk1,0.2635555555555483,0.7129304786093089,277.2,140.4,8921.4,1238.6333333333332,0,12,2,0,11,0,"{""process_exit"": 12, ""process_exec"": 12, ""process_kprobe"": 11}"
1774268282,normal,sw-wk2,0.10333333333332517,0.40422416400070027,0.0,0.0,403.3333333333333,4015.133333333333,0,3,2,0,0,0,"{""process_exit"": 1, ""process_exec"": 3}"
1774268282,normal,sw-wk3,0.08955555555552974,0.4205530498516804,0.0,0.0,2732.9333333333334,5032.166666666667,0,0,0,0,0,0,{}
1774268282,normal,k3s-wk1,0.2635555555555483,0.7129304786093089,277.2,140.4,8921.4,1238.6333333333332,0,55,3,0,51,0,"{""process_exit"": 55, ""process_exec"": 55, ""process_kprobe"": 51}"
1774268292,normal,sw-wk2,0.10333333333332517,0.40422416400070027,0.0,0.0,403.3333333333333,4015.133333333333,0,0,0,0,0,0,{}
1774268292,normal,sw-wk3,0.09077777777779883,0.4204535732973096,0.0,0.0,1963.3,4913.966666666666,0,0,0,0,0,0,{}
1774268292,normal,k3s-wk1,0.2635555555555483,0.7129304786093089,277.2,140.4,8921.4,1238.6333333333332,0,35,3,0,33,0,"{""process_kprobe"": 33, ""process_exit"": 35, ""process_exec"": 35}"
1774268303,normal,sw-wk2,0.10333333333332517,0.40422416400070027,0.0,0.0,403.3333333333333,4015.133333333333,0,105,6,0,0,0,"{""process_exit"": 107, ""process_exec"": 105}"
1774268303,normal,sw-wk3,0.09077777777779883,0.4204535732973096,0.0,0.0,1963.3,4913.966666666666,0,0,0,0,0,0,{}
1774268303,normal,k3s-wk1,0.271111111111107,0.7126712373833743,279.3333333333333,142.4,9769.533333333333,4026.2999999999997,0,36,3,0,36,0,"{""process_kprobe"": 36, ""process_exit"": 36, ""process_exec"": 36}"
1774268312,normal,sw-wk2,0.17486029174855766,0.4036233268076843,0.0,0.0,5241.142552411425,28367.196613671967,0,0,0,0,0,0,{}
1774268312,normal,sw-wk3,0.09077777777779883,0.4204535732973096,0.0,0.0,1963.3,4913.966666666666,0,0,0,0,0,0,{}
1774268312,normal,k3s-wk1,0.271111111111107,0.7126712373833743,279.3333333333333,142.4,9769.533333333333,4026.2999999999997,0,54,3,0,48,0,"{""process_exit"": 54, ""process_exec"": 54, ""process_kprobe"": 48}"
1774268322,normal,sw-wk2,0.17486029174855766,0.4036233268076843,0.0,0.0,5241.142552411426,28367.196613671967,0,0,0,0,0,0,{}
1774268322,normal,sw-wk3,0.08897999088975939,0.42030634799684063,0.0,0.0,2742.425757424257,5032.463420324634,0,0,0,0,0,0,{}
1774268322,normal,k3s-wk1,0.271111111111107,0.7126712373833743,279.3333333333333,142.4,9769.533333333333,4026.2999999999997,0,54,3,0,49,0,"{""process_exit"": 54, ""process_exec"": 54, ""process_kprobe"": 49}"
1774268333,normal,sw-wk2,0.17486029174855766,0.4036233268076843,0.0,0.0,5241.142552411426,28367.196613671967,0,1,1,0,0,0,"{""process_exit"": 1, ""process_exec"": 1}"
1774268333,normal,sw-wk3,0.08897999088975939,0.42030634799684063,0.0,0.0,2742.4257574242574,5032.463420324634,0,0,0,0,0,0,{}
1774268333,normal,k3s-wk1,0.27388888888888485,0.7140635075206274,279.3333333333333,142.4,32508.533333333333,6265.333333333333,0,36,3,0,33,0,"{""process_kprobe"": 33, ""process_exit"": 36, ""process_exec"": 36}"
1774268342,normal,sw-wk2,0.10713293551583025,0.4065340049976921,0.0,0.0,466.88002133546684,4298.329832983298,0,0,0,0,0,0,{}
1774268342,normal,sw-wk3,0.08897999088975939,0.42030634799684063,0.0,0.0,2742.4257574242574,5032.463420324634,0,0,0,0,0,0,{}
1774268342,normal,k3s-wk1,0.27388888888888485,0.7140635075206274,279.3333333333333,142.4,32508.533333333333,6265.333333333333,0,15,2,0,10,0,"{""process_exit"": 15, ""process_exec"": 15, ""process_kprobe"": 10}"
1774268353,normal,sw-wk2,0.10713293551583047,0.4065340049976921,0.0,0.0,466.88002133546684,4298.329832983298,0,2,2,0,0,0,"{""process_exec"": 2}"
1774268353,normal,sw-wk3,0.08524185751908853,0.42026854690617965,0.0,0.0,1904.2570923759042,4940.46071273794,0,0,0,0,0,0,{}
1774268353,normal,k3s-wk1,0.27388888888888485,0.7140635075206274,279.3333333333333,142.4,32508.533333333333,6265.333333333333,0,57,3,0,53,0,"{""process_kprobe"": 53, ""process_exit"": 57, ""process_exec"": 57}"
1774268363,normal,sw-wk2,0.10713293551583047,0.4065340049976921,0.0,0.0,466.88002133546684,4298.329832983298,0,104,5,0,0,0,"{""process_exit"": 106, ""process_exec"": 104}"
1774268363,normal,sw-wk3,0.08524185751908853,0.42026854690617965,0.0,0.0,1904.2570923759042,4940.46071273794,0,0,0,0,0,0,{}
1774268363,normal,k3s-wk1,0.26744444444446147,0.7149925649090023,279.3333333333333,142.4,9921.166666666666,4297.6,0,36,3,0,37,0,"{""process_kprobe"": 37, ""process_exit"": 36, ""process_exec"": 36}"
