timestamp,label,node,avg_cpu,avg_mem,net_bytes_in,net_bytes_out,net_internal_bytes_in,net_internal_bytes_out,net_drop_rate,last_successful_scrape_age_sec,exec_count,unique_process_count,tmp_exec_count,outbound_connect_count,mining_port_count,syscall_feature_vector
1776139323,normal,k3s-wk1,0.23877777777775522,0.59749193724086,6.0,6.6,8471.966666666667,1534.2333333333333,0.0,0,0,0,0,0,0,{}
1776139323,normal,sw-wk2,0.11674833605558799,0.2817943473884068,116.07053568452282,100.87002900096671,375.7791926397547,3417.8139271309046,0.0,0,0,0,0,0,0,{}
1776139323,normal,sw-wk3,0.14777777777776968,0.3475699886590976,111.0,100.86666666666666,2879.6,5071.533333333333,0.0,0,0,0,0,0,0,{}
1776139333,normal,k3s-wk1,0.23877777777775522,0.59749193724086,6.0,6.6,8471.966666666667,1534.2333333333333,0.0,0,57,3,0,50,0,"{""process_exit"": 57, ""process_exec"": 57, ""process_kprobe"": 50}"
1776139333,normal,sw-wk2,0.11674833605558799,0.2817943473884068,116.07053568452282,100.87002900096671,375.7791926397547,3417.8139271309046,0.0,0,106,7,0,0,0,"{""process_exec"": 106, ""process_exit"": 106}"
1776139333,normal,sw-wk3,0.15400000000000647,0.35019655440447517,78.33333333333333,68.2,2152.8,4992.333333333333,0.0,0,0,0,0,0,0,{}
1776139343,normal,k3s-wk1,0.3304444444444218,0.6255685134157314,667.8333333333334,352.7,33242.433333333334,9765.5,0.0,0,15,2,0,10,0,"{""process_exit"": 15, ""process_exec"": 15, ""process_kprobe"": 10}"
1776139343,normal,sw-wk2,0.11674833605558799,0.2817943473884068,116.07053568452282,100.87002900096671,375.7791926397547,3417.8139271309046,0.0,0,0,0,0,0,0,{}
1776139343,normal,sw-wk3,0.15400000000000647,0.35019655440447517,78.33333333333333,68.2,2152.8,4992.333333333333,0.0,0,0,0,0,0,0,{}
1776139353,normal,k3s-wk1,0.3304444444444218,0.6255685134157314,667.8333333333334,352.7,33242.433333333334,9765.5,0.0,0,21,2,0,14,0,"{""process_exit"": 21, ""process_exec"": 21, ""process_kprobe"": 14}"
1776139353,normal,sw-wk2,0.19466666666667143,0.29032073091479027,113.2,98.0,6030.566666666667,28051.666666666668,0.0,0,0,0,0,0,0,{}
1776139353,normal,sw-wk3,0.15400000000000647,0.35019655440447517,78.33333333333333,68.2,2152.8,4992.333333333333,0.0,0,0,0,0,0,0,{}
1776139363,normal,k3s-wk1,0.3304444444444218,0.6255685134157314,667.8333333333334,352.7,33242.433333333334,9765.5,0.0,0,15,2,0,10,0,"{""process_exit"": 15, ""process_exec"": 15, ""process_kprobe"": 10}"
1776139363,normal,sw-wk3,0.1616666666666181,0.3486132879697236,116.06666666666666,100.86666666666666,5160.1,5690.433333333333,0.0,0,1,1,0,0,0,"{""process_exit"": 11, ""process_exec"": 1}"
1776139363,normal,sw-wk2,0.19466666666667143,0.29032073091479027,113.2,98.0,6030.566666666667,28051.666666666668,0.0,0,0,0,0,0,0,{}
1776139373,normal,k3s-wk1,0.26777777777776157,0.623599811709034,665.7,350.7,10660.5,4205.033333333333,0.0,0,57,3,0,50,0,"{""process_exit"": 57, ""process_exec"": 57, ""process_kprobe"": 50}"
1776139373,normal,sw-wk2,0.19466666666667143,0.29032073091479027,113.2,98.0,6030.566666666667,28051.666666666668,0.0,0,0,0,0,0,0,{}
1776139373,normal,sw-wk3,0.1616666666666181,0.3486132879697236,116.06666666666666,100.86666666666666,5160.1,5690.433333333333,0.0,0,0,0,0,0,0,{}
1776139384,normal,k3s-wk1,0.26777777777776157,0.623599811709034,665.7,350.7,10660.5,4205.033333333333,0.0,0,33,3,0,28,0,"{""process_exit"": 33, ""process_exec"": 33, ""process_kprobe"": 28}"
1776139384,normal,sw-wk2,0.12711111111113693,0.28892382481491397,116.06666666666666,100.86666666666666,564.1333333333333,3581.1,0.0,0,0,0,0,0,0,{}
1776139384,normal,sw-wk3,0.1616666666666181,0.3486132879697236,116.06666666666666,0.0,2309.4,6674.033333333333,0.0,0,0,0,0,0,0,{}
1776139393,normal,k3s-wk1,0.26777777777776157,0.623599811709034,665.7,350.7,10660.5,4205.033333333333,0.0,0,57,3,0,50,0,"{""process_exit"": 57, ""process_exec"": 57, ""process_kprobe"": 50}"
1776139393,normal,sw-wk2,0.12711111111113693,0.28892382481491397,116.06666666666666,100.86666666666666,564.1333333333333,3581.1,0.0,0,104,5,0,0,0,"{""process_exit"": 106, ""process_exec"": 104}"
1776139393,normal,sw-wk3,0.1627777777777536,0.348928666997974,113.2,98.0,2309.4,6674.033333333335,0.0,0,0,0,0,0,0,{}
1776139408,transition,k3s-wk1,0.0,0.6171654081951724,667.8333333333334,352.7,32948.03333333333,9577.100000000002,0.0,15,54,3,0,48,0,"{""process_exit"": 54, ""process_exec"": 54, ""process_kprobe"": 48}"
1776139408,transition,sw-wk3,0.0,0.348928666997974,113.2,98.0,2309.4,6674.033333333333,0.0,15,1,1,0,0,0,"{""process_exit"": 11, ""process_exec"": 1}"
1776139408,transition,sw-wk2,0.0,0.2876384163512876,116.07827449411607,100.87675434210087,5670.36703670367,27828.54952161883,0.0,15,0,0,0,0,0,{}
1776139413,normal,k3s-wk1,0.31199999999997896,0.6171654081951724,667.8333333333334,352.7,32948.03333333333,9577.1,0.0,0,39,3,0,32,0,"{""process_exit"": 39, ""process_exec"": 39, ""process_kprobe"": 32}"
1776139413,normal,sw-wk2,0.18680756964585032,0.2876384163512876,116.07827449411607,100.87675434210087,5670.36703670367,27828.54952161883,0.0,0,0,0,0,0,0,{}
1776139413,normal,sw-wk3,0.1627777777777536,0.348928666997974,113.2,98.0,2309.4,6674.033333333333,0.0,0,0,0,0,0,0,{}
1776139423,normal,k3s-wk1,0.31199999999997896,0.6171654081951724,667.8333333333334,352.7,32948.03333333333,9577.1,0.0,0,12,2,0,8,0,"{""process_exit"": 12, ""process_exec"": 12, ""process_kprobe"": 8}"
1776139423,normal,sw-wk2,0.18680756964585032,0.2876384163512876,116.07827449411607,100.87675434210087,5670.36703670367,27828.54952161883,0.0,0,0,0,0,0,0,{}
1776139423,normal,sw-wk3,0.15366666666672646,0.344060998763969,111.0,100.86666666666666,3099.6,6851.233333333334,0.0,0,0,0,0,0,0,{}
1776139434,normal,k3s-wk1,0.2707777777778473,0.6140983425202318,245.76666666666665,218.9,10397.566666666666,2030.1666666666667,0.0,0,33,3,0,28,0,"{""process_exit"": 33, ""process_exec"": 33, ""process_kprobe"": 28}"
1776139434,normal,sw-wk3,0.15366666666672646,0.344060998763969,111.0,100.86666666666666,3099.6,6851.233333333334,0.0,0,1,1,0,0,0,"{""process_exit"": 13, ""process_exec"": 1}"
1776139434,normal,sw-wk2,0.18680756964585032,0.2876384163512876,116.07827449411607,100.87675434210087,5670.36703670367,27828.54952161883,0.0,0,0,0,0,0,0,{}
1776139443,normal,k3s-wk1,0.2707777777778473,0.6140983425202318,245.76666666666665,218.9,10397.566666666666,2030.1666666666667,0.0,0,30,3,0,26,0,"{""process_exit"": 30, ""process_exec"": 30, ""process_kprobe"": 26}"
1776139443,normal,sw-wk2,0.13439104059729523,0.28964537380378963,65.32897806812879,65.32897806812879,559.1293913739084,3571.828544763682,0.0,0,0,0,0,0,0,{}
1776139443,normal,sw-wk3,0.15366666666672646,0.344060998763969,111.0,100.86666666666666,3099.6,6851.233333333334,0.0,0,0,0,0,0,0,{}
1776139453,normal,k3s-wk1,0.2707777777778473,0.6140983425202318,245.76666666666665,218.9,10397.566666666666,2030.1666666666667,0.0,0,18,2,0,12,0,"{""process_exit"": 18, ""process_exec"": 18, ""process_kprobe"": 12}"
1776139453,normal,sw-wk2,0.13439104059729523,0.28964537380378963,65.32897806812879,65.32897806812879,559.1293913739084,3571.828544763682,0.0,0,2,2,0,0,0,"{""process_exec"": 2}"
1776139453,normal,sw-wk3,0.1613333333332978,0.34324865884271827,116.06666666666666,100.86666666666666,2390.7666666666664,7002.2,0.0,0,0,0,0,0,0,{}
1776139463,normal,k3s-wk1,0.3227777777777697,0.6230839305852034,223.86666666666667,208.66666666666666,11138.933333333332,4736.2,0.0,0,36,3,0,30,0,"{""process_exit"": 36, ""process_exec"": 36, ""process_kprobe"": 30}"
1776139463,normal,sw-wk3,0.1613333333332978,0.34324865884271827,116.06666666666666,100.86666666666666,2390.7666666666664,7002.2,0.0,0,1,1,0,0,0,"{""process_exit"": 7, ""process_exec"": 1}"
1776139463,normal,sw-wk2,0.13439104059729523,0.28964537380378963,65.32897806812879,65.32897806812879,559.1293913739084,3571.828544763682,0.0,0,104,5,0,0,0,"{""process_exit"": 106, ""process_exec"": 104}"
1776139473,normal,k3s-wk1,0.3227777777777697,0.6230839305852034,223.86666666666667,208.66666666666666,11138.933333333332,4736.2,0.0,0,36,3,0,30,0,"{""process_exit"": 36, ""process_exec"": 36, ""process_kprobe"": 30}"
1776139473,normal,sw-wk2,0.1985513042705077,0.29052142666004055,100.85321957072391,100.85321957072391,5402.979602719637,27982.135715237968,0.0,0,0,0,0,0,0,{}
1776139473,normal,sw-wk3,0.1613333333332978,0.34324865884271827,116.06666666666666,100.86666666666666,2390.7666666666664,7002.2,0.0,0,0,0,0,0,0,{}
1776139484,normal,k3s-wk1,0.3227777777777697,0.6230839305852034,223.86666666666667,208.66666666666666,11138.933333333332,4736.2,0.0,0,84,3,0,74,0,"{""process_exit"": 84, ""process_exec"": 84, ""process_kprobe"": 74}"
1776139484,normal,sw-wk3,0.1728888888889034,0.3431642392038432,113.2,98.0,3007.633333333333,6284.9,0.0,0,1,1,0,0,0,"{""process_exit"": 29, ""process_exec"": 1}"
1776139484,normal,sw-wk2,0.1985513042705077,0.29052142666004055,100.85321957072391,100.85321957072391,5402.979602719637,27982.135715237968,0.0,0,0,0,0,0,0,{}
1776139493,normal,k3s-wk1,0.33800000000002106,0.6073094823917469,218.73333333333332,208.66666666666666,37752.9,6692.9,0.0,0,81,3,0,72,0,"{""process_exit"": 81, ""process_exec"": 81, ""process_kprobe"": 72}"
1776139493,normal,sw-wk2,0.1985513042705077,0.29052142666004055,100.85321957072391,100.85321957072391,5402.979602719637,27982.135715237968,0.0,0,0,0,0,0,0,{}
1776139493,normal,sw-wk3,0.1728888888889034,0.3431642392038432,113.2,98.0,3007.633333333333,6284.9,0.0,0,0,0,0,0,0,{}
1776139503,normal,k3s-wk1,0.33800000000002106,0.6073094823917469,218.73333333333332,208.66666666666666,37752.9,6692.9,0.0,0,30,3,0,26,0,"{""process_exit"": 30, ""process_exec"": 30, ""process_kprobe"": 26}"
1776139503,normal,sw-wk3,0.1728888888889034,0.3431642392038432,113.2,98.0,3007.633333333333,6284.9,0.0,0,1,1,0,0,0,"{""process_exit"": 49, ""process_exec"": 1}"
1776139503,normal,sw-wk2,0.15566666666668938,0.2921636275596672,103.06666666666666,98.0,616.1000000000001,3613.7,0.0,0,0,0,0,0,0,{}
1776139513,normal,k3s-wk1,0.33800000000002106,0.6073094823917469,218.73333333333332,208.66666666666666,37752.9,6692.9,0.0,0,12,2,0,8,0,"{""process_exit"": 12, ""process_exec"": 12, ""process_kprobe"": 8}"
1776139513,normal,sw-wk2,0.15566666666668938,0.2921636275596672,103.06666666666666,98.0,616.1,3613.7,0.0,0,2,2,0,0,0,"{""process_exec"": 2}"
1776139513,normal,sw-wk3,0.19788888888890344,0.3543824942339794,111.0,100.86666666666669,5622.6,16104.4,0.0,0,8,3,0,0,0,"{""process_exec"": 8, ""process_exit"": 8}"
1776139523,normal,k3s-wk1,0.35406459354065234,0.6161867015554323,218.77812218778124,208.64580208645802,18857.88087857881,15930.973569309735,0.0,0,39,3,0,32,0,"{""process_exit"": 39, ""process_exec"": 39, ""process_kprobe"": 32}"
1776139523,normal,sw-wk3,0.19788888888890344,0.3543824942339794,111.0,100.86666666666666,5622.6,16104.4,0.0,0,9,3,0,0,0,"{""process_exit"": 15, ""process_exec"": 9}"
1776139523,normal,sw-wk2,0.15566666666668938,0.2921636275596672,103.06666666666666,98.0,616.1,3613.7,0.0,0,104,5,0,0,0,"{""process_exit"": 106, ""process_exec"": 104}"
1776139534,transition,k3s-wk1,0.35406459354065234,0.6161867015554323,218.77812218778124,208.64580208645802,18857.88087857881,15930.973569309735,0.0,10,63,3,0,54,0,"{""process_exit"": 63, ""process_exec"": 63, ""process_kprobe"": 54}"
1776139534,transition,sw-wk2,0.22125545887920195,0.29067274488066563,116.07827449411607,100.87675434210087,7049.838317165049,28076.741007434077,0.0,10,0,0,0,0,0,{}
1776139534,transition,sw-wk3,0.0,0.3543824942339794,68.2,68.2,13506.26666666667,11056.133333333333,0.0,10,0,0,0,0,0,{}
1776139543,normal,k3s-wk1,0.35406459354065234,0.6161867015554323,218.77812218778124,208.64580208645802,18857.88087857881,15930.973569309735,0.0,0,9,2,0,6,0,"{""process_exit"": 9, ""process_exec"": 9, ""process_kprobe"": 6}"
1776139543,normal,sw-wk3,0.2285555555555523,0.35451629139747953,68.2,68.20000000000002,13506.266666666666,11056.133333333333,0.0,0,9,3,0,0,0,"{""process_exec"": 9, ""process_exit"": 17}"
1776139543,normal,sw-wk2,0.22125545887920195,0.29067274488066563,116.07827449411607,100.87675434210087,7049.838317165049,28076.741007434077,0.0,0,0,0,0,0,0,{}
1776139553,normal,k3s-wk1,0.3152648598192862,0.6172207214885372,223.88905557222387,208.6875354202087,40240.290695736236,19476.147614761474,0.0,0,57,3,0,50,0,"{""process_exit"": 57, ""process_exec"": 57, ""process_kprobe"": 50}"
1776139553,normal,sw-wk3,0.2285555555555523,0.35451629139747953,68.2,68.2,13506.266666666666,11056.133333333333,0.0,0,0,0,0,0,0,"{""process_exit"": 2}"
1776139553,normal,sw-wk2,0.22125545887920195,0.29067274488066563,116.07827449411607,100.87675434210087,7049.838317165049,28076.741007434077,0.0,0,0,0,0,0,0,{}
1776139563,normal,k3s-wk1,0.3152648598192862,0.6172207214885372,223.88905557222387,208.6875354202087,40240.290695736236,19476.147614761474,0.0,0,14,2,0,10,0,"{""process_exit"": 15, ""process_exec"": 14, ""process_kprobe"": 10}"
1776139563,normal,sw-wk2,0.1540265137624761,0.28610930591128614,113.14464779811314,98.009800980098,3378.037803780378,3898.3231656498983,0.0,0,0,0,0,0,0,{}
1776139563,normal,sw-wk3,0.2285555555555523,0.35451629139747953,68.2,68.2,13506.266666666666,11056.133333333333,0.0,0,0,0,0,0,0,{}
1776139573,normal,k3s-wk1,0.3152648598192862,0.6172207214885372,223.88905557222387,208.6875354202087,40240.290695736236,19476.147614761474,0.0,0,37,3,0,30,0,"{""process_exec"": 37, ""process_exit"": 36, ""process_kprobe"": 30}"
1776139573,normal,sw-wk2,0.1540265137624761,0.28610930591128614,113.14464779811314,98.009800980098,3378.037803780378,3898.3231656498983,0.0,0,2,2,0,0,0,"{""process_exec"": 2}"
1776139573,normal,sw-wk3,0.19166666666666665,0.35456248327535456,105.33333333333333,106.86666666666666,10292.0,9467.466666666669,0.0,0,8,3,0,0,0,"{""process_exec"": 8, ""process_exit"": 4}"
1776139584,normal,k3s-wk1,0.3027777777778182,0.6156324397790629,228.33333333333334,214.66666666666666,11631.733333333334,10737.5,0.0,0,33,3,0,28,0,"{""process_exit"": 34, ""process_exec"": 33, ""process_kprobe"": 28}"
1776139584,normal,sw-wk3,0.19166666666666665,0.35456248327535456,105.33333333333333,106.86666666666666,10292.0,9467.466666666667,0.0,0,1,1,0,0,0,"{""process_exit"": 13, ""process_exec"": 1}"
1776139584,normal,sw-wk2,0.1540265137624761,0.28610930591128614,113.14464779811314,98.009800980098,3378.037803780378,3898.3231656498983,0.0,0,104,5,0,0,0,"{""process_exit"": 106, ""process_exec"": 104}"
1776139593,normal,k3s-wk1,0.3027777777778182,0.6156324397790629,228.33333333333334,214.66666666666666,11631.733333333334,10737.5,0.0,0,15,2,0,10,0,"{""process_exit"": 15, ""process_exec"": 15, ""process_kprobe"": 10}"
1776139593,normal,sw-wk2,0.1927473919275159,0.2870586286427871,115.45512115455121,106.85598106855981,6143.652301436523,28034.563210345634,0.0,0,0,0,0,0,0,{}
1776139593,normal,sw-wk3,0.19166666666666665,0.35456248327535456,105.33333333333333,106.86666666666666,10292.0,9467.466666666667,0.0,0,0,0,0,0,0,{}
1776139603,normal,k3s-wk1,0.3027777777778182,0.6156324397790629,228.33333333333334,214.66666666666666,11631.733333333334,10737.5,0.0,0,12,2,0,8,0,"{""process_exit"": 12, ""process_exec"": 12, ""process_kprobe"": 8}"
1776139603,normal,sw-wk2,0.1927473919275159,0.2870586286427871,115.45512115455121,106.85598106855981,6143.652301436523,28034.563210345634,0.0,0,0,0,0,0,0,{}
1776139603,normal,sw-wk3,0.19466666666667143,0.35262401722797765,113.13333333333333,98.0,9467.533333333333,9191.2,0.0,0,0,0,0,0,0,{}
1776139613,normal,k3s-wk1,0.319222222222177,0.6206399860926577,218.79999999999998,208.66666666666666,35226.566666666666,15032.733333333334,0.0,0,15,2,0,10,0,"{""process_exit"": 15, ""process_exec"": 15, ""process_kprobe"": 10}"
1776139613,normal,sw-wk2,0.1927473919275159,0.2870586286427871,115.45512115455121,106.85598106855981,6143.652301436523,28034.563210345634,0.0,0,0,0,0,0,0,{}
1776139613,normal,sw-wk3,0.19466666666667143,0.35262401722797765,113.13333333333333,98.0,9467.533333333333,9191.2,0.0,0,0,0,0,0,0,{}
1776139624,normal,k3s-wk1,0.319222222222177,0.6206399860926577,218.79999999999998,208.66666666666666,35226.566666666666,15032.733333333334,0.0,0,54,3,0,48,0,"{""process_exit"": 54, ""process_exec"": 54, ""process_kprobe"": 48}"
1776139624,normal,sw-wk3,0.19466666666667143,0.35262401722797765,113.13333333333333,98.0,9467.533333333333,9191.2,0.0,0,1,1,0,0,0,"{""process_exit"": 11, ""process_exec"": 1}"
1776139624,normal,sw-wk2,0.13622222222220437,0.2924582998840425,68.2,74.73333333333333,2309.633333333333,3692.233333333333,0.0,0,0,0,0,0,0,{}
1776139633,normal,k3s-wk1,0.319222222222177,0.6206399860926577,218.79999999999998,208.66666666666666,35226.566666666666,15032.733333333334,0.0,0,36,3,0,30,0,"{""process_exit"": 36, ""process_exec"": 36, ""process_kprobe"": 30}"
1776139633,normal,sw-wk2,0.13622222222220437,0.2924582998840425,68.2,74.73333333333333,2309.633333333333,3692.233333333333,0.0,0,2,2,0,0,0,"{""process_exec"": 2}"
1776139633,normal,sw-wk3,0.19722453510961613,0.3482501242402233,115.970024979184,100.78268109908409,10233.97169025812,7369.725228975854,0.0,0,0,0,0,0,0,{}
1776139643,normal,k3s-wk1,0.2994444444444526,0.6179612423139922,223.86666666666667,208.66666666666666,11049.3,9091.433333333332,0.0,0,36,3,0,30,0,"{""process_exit"": 36, ""process_exec"": 36, ""process_kprobe"": 30}"
1776139643,normal,sw-wk2,0.13622222222220437,0.2924582998840425,68.2,74.73333333333333,2309.633333333333,3692.233333333333,0.0,0,104,5,0,0,0,"{""process_exit"": 106, ""process_exec"": 104}"
1776139643,normal,sw-wk3,0.19722453510961613,0.3482501242402233,115.97002497918403,100.78268109908412,10233.97169025812,7369.725228975854,0.0,0,1,1,0,0,0,"{""process_exit"": 7, ""process_exec"": 1}"
1776139654,normal,k3s-wk1,0.2994444444444526,0.6179612423139922,223.86666666666667,208.66666666666666,11049.3,9091.433333333332,0.0,0,31,3,0,27,0,"{""process_exit"": 32, ""process_exec"": 31, ""process_kprobe"": 27}"
1776139654,normal,sw-wk2,0.20280435096607896,0.29401448832141897,100.86330455651476,94.33018899370019,5689.97700076664,27961.901269957663,0.0,0,0,0,0,0,0,{}
1776139654,normal,sw-wk3,0.19722453510961613,0.3482501242402233,115.97002497918403,100.78268109908412,10233.97169025812,7369.725228975854,0.0,0,0,0,0,0,0,{}
1776139663,normal,k3s-wk1,0.2994444444444526,0.6179612423139922,223.86666666666667,208.66666666666666,11049.3,9091.433333333332,0.0,0,59,3,0,51,0,"{""process_exec"": 59, ""process_kprobe"": 51, ""process_exit"": 58}"
1776139663,normal,sw-wk2,0.20280435096607896,0.29401448832141897,100.86330455651476,94.33018899370019,5689.97700076664,27961.90126995767,0.0,0,0,0,0,0,0,{}
1776139663,normal,sw-wk3,0.15796497080899463,0.34767511500184767,116.16346955796497,100.95079232693911,4296.113427856547,6241.901584653878,0.0,0,0,0,0,0,0,{}
1776139674,normal,k3s-wk1,0.3082222222221995,0.6164045682007263,218.79999999999998,208.66666666666666,33882.6,8519.233333333334,0.0,0,81,3,0,72,0,"{""process_exit"": 81, ""process_exec"": 81, ""process_kprobe"": 72}"
1776139674,normal,sw-wk2,0.20280435096607896,0.29401448832141897,100.86330455651476,94.33018899370019,5689.97700076664,27961.901269957663,0.0,0,0,0,0,0,0,{}
1776139674,normal,sw-wk3,0.15796497080899463,0.34767511500184767,116.16346955796497,100.95079232693911,4296.113427856547,6241.901584653878,0.0,0,0,0,0,0,0,{}
1776139684,normal,k3s-wk1,0.3082222222221995,0.6164045682007263,218.79999999999998,208.66666666666666,33882.6,8519.233333333334,0.0,0,30,3,0,26,0,"{""process_exit"": 30, ""process_exec"": 30, ""process_kprobe"": 26}"
1776139684,normal,sw-wk3,0.15796497080899463,0.34767511500184767,116.16346955796497,100.95079232693911,4296.113427856547,6241.901584653878,0.0,0,1,1,0,0,0,"{""process_exit"": 5, ""process_exec"": 1}"
1776139684,normal,sw-wk2,0.13910743654708224,0.2863657504746614,273.36978263768503,156.1874916655554,668.7224963328443,3658.8545139351913,0.0,0,0,0,0,0,0,{}
1776139693,normal,k3s-wk1,0.3082222222221995,0.6164045682007263,218.79999999999998,208.66666666666666,33882.6,8519.233333333334,0.0,0,36,3,0,30,0,"{""process_exit"": 36, ""process_exec"": 36, ""process_kprobe"": 30}"
1776139693,normal,sw-wk2,0.13910743654708224,0.2863657504746614,273.36978263768503,156.1874916655554,668.7224963328443,3658.8545139351913,0.0,0,106,7,0,0,0,"{""process_exec"": 106, ""process_exit"": 106}"
1776139693,normal,sw-wk3,0.168111111111082,0.3457000140168457,108.13333333333333,98.00000000000001,2398.9,5972.333333333333,0.0,0,0,0,0,0,0,{}
1776139703,normal,k3s-wk1,0.3268888888889099,0.6160997806658592,218.79999999999998,208.66666666666666,33925.26666666666,9567.3,0.0,0,15,2,0,10,0,"{""process_exit"": 15, ""process_exec"": 15, ""process_kprobe"": 10}"
1776139703,normal,sw-wk2,0.13910743654708224,0.2863657504746614,273.36978263768503,156.1874916655554,668.7224963328443,3658.8545139351913,0.0,0,0,0,0,0,0,{}
1776139703,normal,sw-wk3,0.168111111111082,0.3457000140168457,108.13333333333333,98.0,2398.9,5972.333333333333,0.0,0,0,0,0,0,0,{}
1776139714,normal,k3s-wk1,0.3268888888889099,0.6160997806658592,218.79999999999998,208.66666666666666,33925.26666666666,9567.3,0.0,0,15,2,0,10,0,"{""process_exit"": 15, ""process_exec"": 15, ""process_kprobe"": 10}"
1776139714,normal,sw-wk2,0.19299999999998863,0.2889063037577889,116.03333333333336,100.86666666666666,5386.2,27875.3,0.0,0,0,0,0,0,0,{}
1776139714,normal,sw-wk3,0.168111111111082,0.3457000140168457,108.13333333333333,98.0,2398.9,5972.333333333333,0.0,0,0,0,0,0,0,{}
1776139723,normal,k3s-wk1,0.3268888888889099,0.6160997806658592,218.79999999999998,208.66666666666666,33925.26666666666,9567.3,0.0,0,39,3,0,32,0,"{""process_exit"": 39, ""process_exec"": 39, ""process_kprobe"": 32}"
1776139723,normal,sw-wk3,0.15211111111117737,0.3484412630452235,68.2,68.2,2997.4666666666667,5261.166666666667,0.0,0,1,1,0,0,0,"{""process_exit"": 5, ""process_exec"": 1}"
1776139723,normal,sw-wk2,0.19299999999998863,0.2889063037577889,116.03333333333333,100.86666666666666,5386.2,27875.3,0.0,0,0,0,0,0,0,{}
1776139733,normal,k3s-wk1,0.26744444444444115,0.6167849881979494,223.86666666666667,208.66666666666666,9653.566666666666,1997.0333333333333,0.0,0,30,3,0,26,0,"{""process_exit"": 30, ""process_exec"": 30, ""process_kprobe"": 26}"
1776139733,normal,sw-wk2,0.19299999999998863,0.2889063037577889,116.03333333333333,100.86666666666666,5386.2,27875.3,0.0,0,0,0,0,0,0,{}
1776139733,normal,sw-wk3,0.15211111111117737,0.3484412630452235,68.2,68.2,2997.4666666666667,5261.166666666667,0.0,0,0,0,0,0,0,{}
1776139744,normal,k3s-wk1,0.26744444444444115,0.6167849881979494,223.86666666666667,208.66666666666666,9653.566666666666,1997.0333333333333,0.0,0,33,3,0,28,0,"{""process_exit"": 33, ""process_exec"": 33, ""process_kprobe"": 28}"
1776139744,normal,sw-wk3,0.15211111111117737,0.3484412630452235,68.2,68.2,2997.4666666666667,5261.166666666667,0.0,0,1,1,0,0,0,"{""process_exec"": 1}"
1776139744,normal,sw-wk2,0.13350221096373616,0.29215088497266717,116.05892940470635,100.85994267048864,1097.1601893207119,3701.3865742283847,0.0,0,2,2,0,0,0,"{""process_exec"": 2}"
1776139753,normal,k3s-wk1,0.26744444444444115,0.6167849881979494,223.86666666666667,208.66666666666666,9653.566666666666,1997.0333333333333,0.0,0,36,3,0,30,0,"{""process_exit"": 36, ""process_exec"": 36, ""process_kprobe"": 30}"
1776139753,normal,sw-wk2,0.13350221096373616,0.29215088497266717,116.05892940470635,100.85994267048864,1097.1601893207119,3701.3865742283847,0.0,0,104,5,0,0,0,"{""process_exit"": 106, ""process_exec"": 104}"
1776139753,normal,sw-wk3,0.3457777777777665,0.3536609452451036,706.2333333333333,394.43333333333334,5023.4,6456.0666666666675,0.0,0,0,0,0,0,0,{}
1776139763,normal,k3s-wk1,0.3411550341088857,0.6237059229248767,223.85174321711887,208.65275648290114,33741.38390773948,12494.867008866075,0.0,0,54,3,0,48,0,"{""process_exit"": 54, ""process_exec"": 54, ""process_kprobe"": 48}"
1776139763,normal,sw-wk3,0.3457777777777665,0.3536609452451036,706.2333333333333,394.43333333333334,5023.4,6456.066666666667,0.0,0,1,1,0,0,0,"{""process_exit"": 11, ""process_exec"": 1}"
1776139763,normal,sw-wk2,0.13350221096373616,0.29215088497266717,116.05892940470635,100.85994267048864,1097.1601893207119,3701.3865742283847,0.0,0,0,0,0,0,0,{}
1776139774,normal,k3s-wk1,0.3411550341088857,0.6237059229248767,223.85174321711887,208.65275648290114,33741.38390773948,12494.867008866075,0.0,0,12,2,0,8,0,"{""process_exit"": 12, ""process_exec"": 12, ""process_kprobe"": 8}"
1776139774,normal,sw-wk2,0.19730249197306537,0.288963645399289,110.92224110922241,100.85658100856581,5383.69496383695,27854.514548545147,0.0,0,0,0,0,0,0,{}
1776139774,normal,sw-wk3,0.3457777777777665,0.3536609452451036,706.2333333333333,394.43333333333334,5023.4,6456.066666666667,0.0,0,0,0,0,0,0,{}
1776139783,normal,k3s-wk1,0.3411550341088857,0.6237059229248767,223.85174321711887,208.65275648290114,33741.38390773948,12494.867008866075,0.0,0,102,3,0,92,0,"{""process_exit"": 102, ""process_exec"": 102, ""process_kprobe"": 92}"
1776139783,normal,sw-wk3,0.3992222222222255,0.3570552518572321,121.33333333333333,106.6,2890.233333333333,7008.9,0.0,0,1,1,0,0,0,"{""process_exit"": 3, ""process_exec"": 1}"
1776139783,normal,sw-wk2,0.19730249197306537,0.288963645399289,110.92224110922241,100.85658100856581,5383.69496383695,27854.514548545147,0.0,0,0,0,0,0,0,{}
1776139794,normal,k3s-wk1,0.28366666666661333,0.623842512894206,215.93333333333334,205.79999999999998,11170.1,1789.2333333333333,0.0,0,33,3,0,28,0,"{""process_exit"": 33, ""process_exec"": 33, ""process_kprobe"": 28}"
1776139794,normal,sw-wk2,0.19730249197306537,0.288963645399289,110.92224110922241,100.85658100856581,5383.69496383695,27854.514548545147,0.0,0,0,0,0,0,0,{}
1776139794,normal,sw-wk3,0.3992222222222255,0.3570552518572321,121.33333333333333,106.6,2890.233333333333,7008.9,0.0,0,0,0,0,0,0,{}
1776139804,normal,k3s-wk1,0.28366666666661333,0.623842512894206,215.93333333333334,205.79999999999998,11170.1,1789.2333333333333,0.0,0,54,3,0,48,0,"{""process_exit"": 54, ""process_exec"": 54, ""process_kprobe"": 48}"
1776139804,normal,sw-wk2,0.12030401013365,0.29263828892541766,68.20227340911364,68.20227340911364,670.2223407446916,3682.8227607586923,0.0,0,0,0,0,0,0,{}
1776139804,normal,sw-wk3,0.3992222222222255,0.3570552518572321,121.33333333333333,106.6,2890.233333333333,7008.9,0.0,0,0,0,0,0,0,{}
1776139814,normal,k3s-wk1,0.28366666666661333,0.623842512894206,215.93333333333334,205.79999999999998,11170.1,1789.2333333333333,0.0,0,58,3,0,50,0,"{""process_exit"": 58, ""process_exec"": 58, ""process_kprobe"": 50}"
1776139814,normal,sw-wk2,0.12030401013365,0.29263828892541766,68.20227340911364,68.20227340911364,670.2223407446916,3682.8227607586923,0.0,0,2,2,0,0,0,"{""process_exec"": 2}"
1776139814,normal,sw-wk3,0.4079480940794712,0.34938102883647437,120.52128120521282,106.85598106855981,2457.120954571209,6053.161350531614,0.0,0,0,0,0,0,0,{}
1776139824,normal,k3s-wk1,0.3047314265395502,0.6351727072922111,424.99499966664445,301.1200746716448,9727.081805453698,4838.95593039536,0.0,0,59,3,0,52,0,"{""process_kprobe"": 52, ""process_exit"": 59, ""process_exec"": 59}"
1776139824,normal,sw-wk2,0.12030401013365,0.29263828892541766,68.20227340911364,68.20227340911364,670.2223407446916,3682.8227607586923,0.0,0,104,5,0,0,0,"{""process_exit"": 106, ""process_exec"": 104}"
1776139824,normal,sw-wk3,0.4079480940794712,0.34938102883647437,120.52128120521282,106.85598106855981,2457.1209545712095,6053.161350531614,0.0,0,1,1,0,0,0,"{""process_exit"": 5, ""process_exec"": 1}"
1776139834,normal,k3s-wk1,0.3047314265395502,0.6351727072922111,424.99499966664445,301.1200746716448,9727.081805453698,4838.95593039536,0.0,0,42,3,0,34,0,"{""process_exit"": 42, ""process_exec"": 42, ""process_kprobe"": 34}"
1776139834,normal,sw-wk2,0.19616470013111853,0.2953827236005454,100.85994267048864,100.85994267048864,5271.981867875475,27885.00766615559,0.0,0,0,0,0,0,0,{}
1776139834,normal,sw-wk3,0.4079480940794712,0.34938102883647437,120.52128120521282,106.85598106855981,2457.1209545712095,6053.161350531614,0.0,0,0,0,0,0,0,{}
1776139844,normal,k3s-wk1,0.3047314265395502,0.6351727072922111,424.99499966664445,301.1200746716448,9727.081805453698,4838.95593039536,0.0,0,15,2,0,10,0,"{""process_exit"": 15, ""process_exec"": 15, ""process_kprobe"": 10}"
1776139844,normal,sw-wk3,0.40138458290270573,0.34854798221134853,110.97776444311097,100.87675434210087,3169.416941694169,6431.10977764443,0.0,0,1,1,0,0,0,"{""process_exit"": 7, ""process_exec"": 1}"
1776139844,normal,sw-wk2,0.19616470013111853,0.2953827236005454,100.85994267048864,100.85994267048864,5271.981867875475,27885.00766615559,0.0,0,0,0,0,0,0,{}
1776139854,normal,k3s-wk1,0.31155555555556524,0.6262661382177606,217.93333333333334,207.79999999999998,35026.36666666667,9609.733333333334,0.0,0,39,3,0,32,0,"{""process_exit"": 39, ""process_exec"": 39, ""process_kprobe"": 32}"
1776139854,normal,sw-wk2,0.19616470013111853,0.2953827236005454,100.85994267048864,100.85994267048864,5271.981867875475,27885.00766615559,0.0,0,0,0,0,0,0,{}
1776139854,normal,sw-wk3,0.40138458290270573,0.34854798221134853,110.97776444311097,100.87675434210087,3169.416941694169,6431.10977764443,0.0,0,0,0,0,0,0,{}
1776139864,normal,k3s-wk1,0.31155555555556524,0.6262661382177606,217.93333333333334,207.79999999999998,35026.36666666667,9609.733333333334,0.0,0,33,3,0,28,0,"{""process_exit"": 33, ""process_exec"": 33, ""process_kprobe"": 28}"
1776139864,normal,sw-wk3,0.40138458290270573,0.34854798221134853,110.97776444311097,100.87675434210087,3169.416941694169,6431.10977764443,0.0,0,0,0,0,0,0,"{""process_exit"": 3}"
1776139864,normal,sw-wk2,0.15547259535786961,0.2927243013876677,105.92980233992199,100.86330455651479,2690.143661877937,3893.8035398820034,0.0,0,0,0,0,0,0,{}
1776139874,normal,k3s-wk1,0.31155555555556524,0.6262661382177606,217.93333333333334,207.79999999999998,35026.36666666667,9609.733333333334,0.0,0,15,2,0,10,0,"{""process_exit"": 15, ""process_exec"": 15, ""process_kprobe"": 10}"
1776139874,normal,sw-wk2,0.15547259535786961,0.2927243013876677,105.92980233992199,100.86330455651476,2690.143661877937,3893.8035398820034,0.0,0,2,2,0,0,0,"{""process_exec"": 2}"
1776139874,normal,sw-wk3,0.3547777777778215,0.3527355148642277,68.2,68.2,6632.566666666667,6834.933333333333,0.0,0,1,1,0,0,0,"{""process_exit"": 15, ""process_exec"": 1}"
1776139884,normal,k3s-wk1,0.33466666666665523,0.6315310606719098,231.0,215.66666666666666,29357.966666666667,9040.0,0.0,0,36,3,0,30,0,"{""process_exit"": 37, ""process_exec"": 36, ""process_kprobe"": 30}"
1776139884,normal,sw-wk2,0.15547259535786961,0.2927243013876677,105.92980233992199,100.86330455651476,2690.143661877937,3893.8035398820034,0.0,0,104,5,0,0,0,"{""process_exit"": 106, ""process_exec"": 104}"
1776139884,normal,sw-wk3,0.3547777777778215,0.3527355148642277,68.2,68.2,6632.566666666667,6834.933333333333,0.0,0,0,0,0,0,0,{}
1776139894,normal,k3s-wk1,0.33466666666665534,0.6315310606719098,231.0,215.66666666666666,29357.966666666667,9040.0,0.0,0,15,2,0,10,0,"{""process_exit"": 15, ""process_exec"": 15, ""process_kprobe"": 10}"
1776139894,normal,sw-wk2,0.2382667066760329,0.2896820087414147,116.0937552095489,100.89020771513353,5880.672156836596,27882.205848031208,0.0,0,0,0,0,0,0,{}
1776139894,normal,sw-wk3,0.3547777777778215,0.3527355148642277,68.2,68.2,6632.566666666667,6834.933333333333,0.0,0,0,0,0,0,0,{}
1776139904,normal,k3s-wk1,0.33466666666665534,0.6315310606719098,231.0,215.66666666666666,29357.966666666667,9040.0,0.0,0,84,3,0,74,0,"{""process_exit"": 84, ""process_exec"": 84, ""process_kprobe"": 74}"
1776139904,normal,sw-wk2,0.2382667066760329,0.2896820087414147,116.0937552095489,100.89020771513353,5880.672156836596,27882.205848031208,0.0,0,0,0,0,0,0,{}
1776139904,normal,sw-wk3,0.15028331281943763,0.3506457305962256,97.8011376867037,97.8011376867037,3239.41319317388,7220.950733508533,0.0,0,0,0,0,0,0,{}
1776139914,normal,k3s-wk1,0.28555555555552303,0.6362778443167849,229.86666666666667,215.26666666666665,15202.366666666667,6495.5,0.0,0,39,3,0,32,0,"{""process_exit"": 39, ""process_exec"": 39, ""process_kprobe"": 32}"
1776139914,normal,sw-wk3,0.15028331281943763,0.3506457305962256,97.8011376867037,97.8011376867037,3239.41319317388,7220.950733508533,0.0,0,1,1,0,0,0,"{""process_exit"": 5, ""process_exec"": 1}"
1776139914,normal,sw-wk2,0.2382667066760329,0.2896820087414147,116.0937552095489,100.89020771513353,5880.672156836596,27882.205848031208,0.0,0,0,0,0,0,0,{}
1776139924,normal,k3s-wk1,0.28555555555552325,0.6362778443167849,229.86666666666667,215.26666666666665,15202.366666666667,6495.5,0.0,0,12,2,0,8,0,"{""process_exit"": 12, ""process_exec"": 12, ""process_kprobe"": 8}"
1776139924,normal,sw-wk2,0.12111111111112727,0.2824235126215324,103.06666666666666,98.0,637.0333333333333,3648.633333333333,0.0,0,0,0,0,0,0,{}
1776139924,normal,sw-wk3,0.15028331281943763,0.3506457305962256,97.8011376867037,97.8011376867037,3239.41319317388,7220.950733508533,0.0,0,0,0,0,0,0,{}
1776139934,normal,k3s-wk1,0.28555555555552325,0.6362778443167849,229.86666666666667,215.26666666666665,15202.366666666667,6495.5,0.0,0,15,2,0,10,0,"{""process_exit"": 15, ""process_exec"": 15, ""process_kprobe"": 10}"
1776139934,normal,sw-wk2,0.12111111111112727,0.2824235126215324,103.06666666666666,98.0,637.0333333333333,3648.633333333333,0.0,0,2,2,0,0,0,"{""process_exec"": 2}"
1776139934,normal,sw-wk3,0.16240800739281458,0.345966015520471,116.30314973780021,101.07218009953574,2353.2516116102747,5944.754333812083,0.0,0,0,0,0,0,0,{}
1776139944,normal,k3s-wk1,0.2777777777777778,0.6342730196429922,221.0,205.79999999999998,10019.666666666666,4712.933333333333,0.0,0,33,3,0,28,0,"{""process_exit"": 33, ""process_exec"": 33, ""process_kprobe"": 28}"
1776139944,normal,sw-wk2,0.12111111111112727,0.2824235126215324,103.06666666666666,98.0,637.0333333333333,3648.633333333333,0.0,0,104,5,0,0,0,"{""process_exit"": 106, ""process_exec"": 104}"
1776139944,normal,sw-wk3,0.16240800739281458,0.345966015520471,116.30314973780021,101.07218009953574,2353.2516116102747,5944.754333812086,0.0,0,0,0,0,0,0,{}
1776139954,normal,k3s-wk1,0.2777777777777778,0.6342730196429922,221.0,205.79999999999998,10019.666666666666,4712.933333333333,0.0,0,39,3,0,32,0,"{""process_exit"": 39, ""process_exec"": 39, ""process_kprobe"": 32}"
1776139954,normal,sw-wk3,0.16240800739281458,0.345966015520471,116.30314973780021,101.07218009953574,2353.2516116102747,5944.754333812086,0.0,0,1,1,0,0,0,"{""process_exit"": 11, ""process_exec"": 1}"
1776139954,normal,sw-wk2,0.1838888888889212,0.28968678721153973,105.93333333333334,100.86666666666666,5449.066666666667,28013.899999999998,0.0,0,0,0,0,0,0,{}
1776139964,normal,k3s-wk1,0.2777777777777778,0.6342730196429922,221.0,205.79999999999998,10019.666666666666,4712.933333333333,0.0,0,33,3,0,28,0,"{""process_exit"": 33, ""process_exec"": 33, ""process_kprobe"": 28}"
1776139964,normal,sw-wk2,0.1838888888889212,0.28968678721153973,105.93333333333334,100.86666666666666,5449.066666666667,28013.899999999998,0.0,0,0,0,0,0,0,{}
1776139964,normal,sw-wk3,0.15997289159976302,0.34429832944684435,116.05506116055061,100.85658100856581,4606.10605606106,6951.204879512049,0.0,0,0,0,0,0,0,{}
1776139974,normal,k3s-wk1,0.29311111111116295,0.637632455582861,213.73333333333332,208.66666666666666,34455.566666666666,8666.633333333333,0.0,0,33,3,0,28,0,"{""process_exit"": 33, ""process_exec"": 33, ""process_kprobe"": 28}"
1776139974,normal,sw-wk2,0.1838888888889212,0.28968678721153973,105.93333333333334,100.86666666666666,5449.066666666667,28013.899999999998,0.0,0,0,0,0,0,0,{}
1776139974,normal,sw-wk3,0.1599728915997628,0.34429832944684435,116.05506116055061,100.85658100856581,4606.10605606106,6951.204879512049,0.0,0,0,0,0,0,0,{}
1776139984,normal,k3s-wk1,0.29311111111116295,0.637632455582861,213.73333333333332,208.66666666666666,34455.566666666666,8666.633333333333,0.0,0,15,2,0,10,0,"{""process_exit"": 15, ""process_exec"": 15, ""process_kprobe"": 10}"
1776139984,normal,sw-wk3,0.1599728915997628,0.34429832944684435,116.05506116055061,97.94449811773329,5107.439117833228,7112.969317386815,0.0,0,10,7,2,0,0,"{""process_exec"": 10, ""process_exit"": 8}"
1776139984,normal,sw-wk2,0.13589299204543714,0.289024172687539,105.88588188241569,100.85321957072391,1037.2283695507267,3692.7076389814692,0.0,0,2,2,0,0,0,"{""process_exec"": 2}"
1776139994,normal,k3s-wk1,0.29311111111116295,0.637632455582861,213.73333333333332,208.66666666666666,34455.566666666666,8666.633333333333,0.0,0,9,2,0,6,0,"{""process_exit"": 9, ""process_exec"": 9, ""process_kprobe"": 6}"
1776139994,normal,sw-wk2,0.13589299204543714,0.289024172687539,105.88588188241569,100.85321957072391,1037.2283695507267,3692.7076389814692,0.0,0,104,5,0,0,0,"{""process_exit"": 106, ""process_exec"": 104}"
1776139994,normal,sw-wk3,0.19601114923763807,0.34936987907284933,113.13588966252458,97.94449811773329,5107.439117833228,7112.969317386814,0.0,0,9,5,2,0,0,"{""process_exit"": 13, ""process_exec"": 9}"
1776140004,normal,k3s-wk1,0.31677777777776006,0.630057920920052,210.86666666666667,205.79999999999998,37325.2,12669.733333333334,0.0,0,15,2,0,10,0,"{""process_exit"": 15, ""process_exec"": 15, ""process_kprobe"": 10}"
1776140004,normal,sw-wk3,0.19601114923763807,0.34936987907284933,113.13588966252458,97.94449811773329,5107.439117833228,7112.969317386815,0.0,0,13,8,2,4,0,"{""process_exit"": 17, ""process_exec"": 13, ""process_kprobe"": 4}"
1776140004,normal,sw-wk2,0.13589299204543714,0.289024172687539,105.88588188241569,100.85321957072391,1037.2283695507267,3692.7076389814692,0.0,0,0,0,0,0,0,{}
1776140014,normal,k3s-wk1,0.31677777777776006,0.630057920920052,210.86666666666667,205.79999999999998,37325.2,12669.733333333334,0.0,0,36,3,0,30,0,"{""process_exit"": 36, ""process_exec"": 36, ""process_kprobe"": 30}"
1776140014,normal,sw-wk3,0.19601114923763807,0.34936987907284933,113.13588966252458,97.94449811773329,5107.439117833228,7112.969317386815,0.0,0,1,1,0,2,0,"{""process_kprobe"": 2, ""process_exit"": 19, ""process_exec"": 1}"
1776140014,normal,sw-wk2,0.21847049542796915,0.2924551142372924,69.79767341088629,71.33095563481216,5609.846338455384,27826.305789807004,0.0,0,0,0,0,0,0,{}
1776140024,normal,k3s-wk1,0.31677777777776006,0.630057920920052,210.86666666666667,205.79999999999998,37325.2,12669.733333333334,0.0,0,99,3,0,90,0,"{""process_exit"": 99, ""process_exec"": 99, ""process_kprobe"": 90}"
1776140024,normal,sw-wk3,0.1656659995552493,0.3528454196771028,267.5116744496331,191.66110740493664,3062.2748498999335,13544.963308872582,0.0,0,0,0,0,1,0,"{""process_kprobe"": 1}"
1776140024,normal,sw-wk2,0.21847049542796915,0.2924551142372924,69.79767341088629,71.33095563481216,5609.846338455384,27826.305789807004,0.0,0,0,0,0,0,0,{}
1776140034,normal,k3s-wk1,0.2722707375063481,0.6329263102759681,223.85174321711887,208.65275648290114,15130.291313912405,1821.9118725418305,0.0,0,18,2,0,12,0,"{""process_exit"": 18, ""process_exec"": 18, ""process_kprobe"": 12}"
1776140034,normal,sw-wk3,0.1656659995552493,0.3528454196771028,267.5116744496331,191.66110740493664,3062.2748498999335,13544.963308872582,0.0,0,0,0,0,2,0,"{""process_kprobe"": 2}"
1776140034,normal,sw-wk2,0.21847049542796915,0.2924551142372924,69.79767341088629,71.33095563481216,5609.846338455384,27826.305789807004,0.0,0,0,0,0,0,0,{}
1776140044,normal,k3s-wk1,0.2722707375063481,0.6329263102759681,223.85174321711887,208.65275648290114,15130.291313912405,1821.9118725418305,0.0,0,36,3,0,30,0,"{""process_exit"": 36, ""process_exec"": 36, ""process_kprobe"": 30}"
1776140044,normal,sw-wk3,0.1656659995552493,0.3528454196771028,267.5116744496331,191.66110740493664,3062.2748498999335,13544.963308872582,0.0,0,1,1,0,1,0,"{""process_exit"": 13, ""process_exec"": 1, ""process_kprobe"": 1}"
1776140044,normal,sw-wk2,0.12135658010245798,0.29448277839366943,100.87675434210087,100.87675434210087,658.8658865886588,3629.096242957629,0.0,0,0,0,0,0,0,{}
1776140054,normal,k3s-wk1,0.2722707375063481,0.6329263102759681,223.85174321711887,208.65275648290114,15130.291313912405,1821.9118725418305,0.0,0,12,2,0,8,0,"{""process_exit"": 12, ""process_exec"": 12, ""process_kprobe"": 8}"
1776140054,normal,sw-wk2,0.12135658010245798,0.29448277839366943,100.87675434210087,100.87675434210087,658.8658865886588,3629.096242957629,0.0,0,2,2,0,0,0,"{""process_exec"": 2}"
1776140054,normal,sw-wk3,0.16033333333333655,0.3528613479108529,108.0,117.73333333333333,2386.4666666666667,7793.633333333333,0.0,0,0,0,0,1,0,"{""process_kprobe"": 1}"
1776140064,normal,k3s-wk1,0.2886192412827877,0.6287010519685323,223.88159210614043,208.68057870524703,11866.05773718248,4763.384225615041,0.0,0,15,2,0,10,0,"{""process_exit"": 15, ""process_exec"": 15, ""process_kprobe"": 10}"
1776140064,normal,sw-wk2,0.12135658010245798,0.29448277839366943,100.87675434210087,100.87675434210087,658.8658865886588,3629.096242957629,0.0,0,104,5,0,0,0,"{""process_exit"": 106, ""process_exec"": 104}"
1776140064,normal,sw-wk3,0.16033333333333655,0.3528613479108529,108.0,117.73333333333333,2386.4666666666667,7793.633333333333,0.0,0,0,0,0,1,0,"{""process_kprobe"": 1}"
1776140074,normal,k3s-wk1,0.2886192412827877,0.6287010519685323,223.88159210614043,208.68057870524703,11866.05773718248,4763.384225615041,0.0,0,36,3,0,30,0,"{""process_exit"": 36, ""process_exec"": 36, ""process_kprobe"": 30}"
1776140074,normal,sw-wk3,0.16033333333333655,0.3528613479108529,108.0,117.73333333333333,2386.4666666666667,0.0,0.0,0,1,1,0,0,0,"{""process_exit"": 15, ""process_exec"": 1}"
1776140074,normal,sw-wk2,0.2005822028154537,0.2898858901334149,116.06279790673642,100.86330455651479,5390.886970434318,28033.49888337055,0.0,0,0,0,0,0,0,{}
1776140084,normal,k3s-wk1,0.2886192412827877,0.6287010519685323,223.88159210614043,208.68057870524703,11866.05773718248,4763.384225615041,0.0,0,66,3,0,59,0,"{""process_exit"": 66, ""process_exec"": 66, ""process_kprobe"": 59}"
1776140084,normal,sw-wk3,0.16411111111111598,0.3543936439976044,116.06666666666666,115.2,3058.5666666666666,7839.033333333335,0.0,0,0,0,0,1,0,"{""process_kprobe"": 1}"
1776140084,normal,sw-wk2,0.2005822028154537,0.2898858901334149,116.06279790673642,100.86330455651476,5390.886970434318,28033.49888337055,0.0,0,0,0,0,0,0,{}
1776140094,normal,k3s-wk1,0.297888888888863,0.6194682473475018,221.0,205.79999999999998,35343.76666666666,6743.366666666667,0.0,0,27,2,0,21,0,"{""process_exit"": 27, ""process_exec"": 27, ""process_kprobe"": 21}"
1776140094,normal,sw-wk3,0.16411111111111598,0.3543936439976044,116.06666666666666,115.2,3058.5666666666666,7839.033333333333,0.0,0,0,0,0,1,0,"{""process_kprobe"": 1}"
1776140094,normal,sw-wk2,0.2005822028154537,0.2898858901334149,116.06279790673642,100.86330455651476,5390.886970434318,28033.49888337055,0.0,0,0,0,0,0,0,{}
1776140104,normal,k3s-wk1,0.297888888888863,0.6194682473475018,221.0,205.79999999999998,35343.76666666666,6743.366666666667,0.0,0,36,3,0,30,0,"{""process_exit"": 36, ""process_exec"": 36, ""process_kprobe"": 30}"
1776140104,normal,sw-wk3,0.16411111111111598,0.3543936439976044,116.06666666666666,115.2,3058.5666666666666,7839.033333333333,0.0,0,0,0,0,1,0,"{""process_kprobe"": 1}"
1776140104,normal,sw-wk2,0.1368065508927222,0.2847904481567848,97.99673344221858,97.99673344221858,654.9115029499015,3633.9122029265686,0.0,0,2,2,0,0,0,"{""process_exec"": 2}"
1776140114,normal,k3s-wk1,0.297888888888863,0.6194682473475018,221.0,205.79999999999998,35343.76666666666,6743.366666666667,0.0,0,39,3,0,32,0,"{""process_exit"": 39, ""process_exec"": 39, ""process_kprobe"": 32}"
1776140114,normal,sw-wk3,0.17700000000000327,0.3513115307669763,117.2,110.33333333333333,3836.9666666666667,5969.333333333333,0.0,0,1,1,0,1,0,"{""process_kprobe"": 1, ""process_exit"": 11, ""process_exec"": 1}"
1776140114,normal,sw-wk2,0.1368065508927222,0.2847904481567848,97.9967334422186,97.99673344221858,654.9115029499015,3633.9122029265686,0.0,0,60,3,0,0,0,"{""process_exit"": 61, ""process_exec"": 60}"
1776140124,normal,k3s-wk1,0.3038888888889132,0.6216107908333456,218.2,214.66666666666666,35280.03333333333,6676.033333333333,0.0,0,57,3,0,50,0,"{""process_exit"": 57, ""process_exec"": 57, ""process_kprobe"": 50}"
1776140124,normal,sw-wk2,0.1368065508927222,0.2847904481567848,97.99673344221858,97.99673344221858,654.9115029499015,3633.9122029265686,0.0,0,44,3,0,0,0,"{""process_exec"": 44, ""process_exit"": 45}"
1776140124,normal,sw-wk3,0.17700000000000327,0.3513115307669763,117.2,110.33333333333333,3836.9666666666667,5969.333333333333,0.0,0,0,0,0,1,0,"{""process_kprobe"": 1}"
1776140134,normal,k3s-wk1,0.3038888888889132,0.6216107908333456,218.2,214.66666666666666,35280.03333333333,6676.033333333333,0.0,0,15,2,0,10,0,"{""process_exit"": 15, ""process_exec"": 15, ""process_kprobe"": 10}"
1776140134,normal,sw-wk3,0.17700000000000327,0.3513115307669763,117.2,110.33333333333333,0.0,0.0,0.0,0,1,1,0,0,0,"{""process_exit"": 19, ""process_exec"": 1}"
1776140134,normal,sw-wk2,0.19944881539763937,0.2894207857079144,116.08214428590479,100.88011734897987,5711.928257100946,27874.549939991997,0.0,0,0,0,0,0,0,{}
1776140144,normal,k3s-wk1,0.3038888888889132,0.6216107908333456,218.2,214.66666666666666,35280.03333333333,6676.033333333333,0.0,0,36,3,0,30,0,"{""process_exit"": 36, ""process_exec"": 36, ""process_kprobe"": 30}"
1776140144,normal,sw-wk2,0.19944881539763937,0.2894207857079144,116.08214428590479,100.88011734897987,5711.928257100946,27874.549939991997,0.0,0,0,0,0,0,0,{}
1776140144,normal,sw-wk3,0.18677777777783278,0.3441979815742192,124.2,112.73333333333333,5092.0666666666675,9985.233333333334,0.0,0,0,0,0,0,0,{}
1776140154,normal,k3s-wk1,0.2976666666666764,0.6267131599355656,215.93333333333334,205.79999999999998,11980.766666666666,9988.266666666666,0.0,0,33,3,0,28,0,"{""process_exit"": 33, ""process_exec"": 33, ""process_kprobe"": 28}"
1776140154,normal,sw-wk3,0.18677777777783278,0.3441979815742192,124.2,112.73333333333333,5092.066666666667,9985.233333333334,0.0,0,1,1,0,0,0,"{""process_exit"": 7, ""process_exec"": 1}"
1776140154,normal,sw-wk2,0.19944881539763937,0.2894207857079144,116.08214428590479,100.88011734897987,5711.928257100946,27874.549939991997,0.0,0,0,0,0,0,0,{}
1776140164,normal,k3s-wk1,0.2976666666666764,0.6267131599355656,215.93333333333334,205.79999999999998,11980.766666666666,9988.266666666666,0.0,0,33,3,0,28,0,"{""process_exit"": 33, ""process_exec"": 33, ""process_kprobe"": 28}"
1776140164,normal,sw-wk2,0.134675197725035,0.291026351669916,68.18181818181817,68.18181818181817,2653.4590775793117,3805.085310583844,0.0,0,0,0,0,0,0,{}
1776140164,normal,sw-wk3,0.18677777777783278,0.3441979815742192,124.2,112.73333333333333,5092.066666666667,0.0,0.0,0,0,0,0,0,0,{}
1776140174,normal,k3s-wk1,0.2976666666666764,0.6267131599355656,215.93333333333334,205.79999999999998,11980.766666666666,9988.266666666666,0.0,0,33,3,0,28,0,"{""process_exit"": 33, ""process_exec"": 33, ""process_kprobe"": 28}"
1776140174,normal,sw-wk2,0.134675197725035,0.291026351669916,68.18181818181817,68.18181818181817,2653.4590775793117,3805.085310583844,0.0,0,106,7,0,0,0,"{""process_exec"": 106, ""process_exit"": 104}"
1776140174,normal,sw-wk3,0.15933333333325417,0.3475922881863476,122.53333333333333,109.6,3418.4333333333334,6143.4,0.0,0,0,0,0,0,0,{}
1776140184,normal,k3s-wk1,0.3008888888889083,0.6295375244253344,213.73333333333332,208.66666666666666,34141.36666666667,6936.933333333333,0.0,0,36,3,0,30,0,"{""process_exit"": 37, ""process_exec"": 36, ""process_kprobe"": 30}"
1776140184,normal,sw-wk2,0.134675197725035,0.291026351669916,68.18181818181817,68.18181818181817,2653.4590775793117,3805.085310583844,0.0,0,0,0,0,0,0,"{""process_exit"": 2}"
1776140184,normal,sw-wk3,0.15933333333325417,0.3475922881863476,122.53333333333333,109.6,3418.4333333333334,6143.4,0.0,0,0,0,0,0,0,{}
1776140194,normal,k3s-wk1,0.3008888888889083,0.6295375244253344,213.73333333333332,208.66666666666666,34141.36666666667,6936.933333333333,0.0,0,12,2,0,8,0,"{""process_exit"": 12, ""process_exec"": 12, ""process_kprobe"": 8}"
1776140194,normal,sw-wk3,0.15933333333325417,0.3475922881863476,122.53333333333333,109.6,0.0,0.0,0.0,0,1,1,0,0,0,"{""process_exit"": 13, ""process_exec"": 1}"
1776140194,normal,sw-wk2,0.20467173400902272,0.2857158785376607,105.94745966128816,100.88011734897987,5600.680090678757,27936.691558874514,0.0,0,0,0,0,0,0,{}
1776140204,normal,k3s-wk1,0.3008888888889083,0.6295375244253344,213.73333333333332,208.66666666666666,34141.36666666667,6936.933333333333,0.0,0,57,3,0,50,0,"{""process_exit"": 57, ""process_exec"": 57, ""process_kprobe"": 50}"
1776140204,normal,sw-wk2,0.20467173400902272,0.2857158785376607,105.94745966128816,100.88011734897987,5600.680090678757,27936.691558874514,0.0,0,0,0,0,0,0,{}
1776140204,normal,sw-wk3,0.15555555555559597,0.3479060743912229,65.33333333333333,65.33333333333333,2980.1,7027.866666666667,0.0,0,0,0,0,0,0,{}
1776140214,normal,k3s-wk1,0.28877777777775515,0.6237318863074764,223.86666666666667,208.66666666666666,10800.033333333333,6426.166666666667,0.0,0,53,3,0,46,0,"{""process_exit"": 53, ""process_exec"": 53, ""process_kprobe"": 46}"
1776140214,normal,sw-wk3,0.15555555555559597,0.3479060743912229,65.33333333333333,65.33333333333333,2980.1,7027.866666666667,0.0,0,1,1,0,0,0,"{""process_exit"": 15, ""process_exec"": 1}"
1776140214,normal,sw-wk2,0.20467173400902272,0.2857158785376607,105.94745966128816,100.88011734897987,5600.680090678757,27936.691558874514,0.0,0,0,0,0,0,0,{}
1776140224,normal,k3s-wk1,0.28877777777775515,0.6237318863074764,223.86666666666667,208.66666666666666,10800.033333333333,6426.166666666667,0.0,0,37,3,0,32,0,"{""process_kprobe"": 32, ""process_exit"": 37, ""process_exec"": 37}"
1776140224,normal,sw-wk2,0.12422222222218504,0.2862845164825363,116.06666666666666,100.86666666666666,795.9333333333333,3718.9333333333334,0.0,0,2,2,0,0,0,"{""process_exec"": 2}"
1776140224,normal,sw-wk3,0.15555555555559597,0.3479060743912229,65.33333333333333,0.0,0.0,7480.866666666667,0.0,0,0,0,0,0,0,{}
1776140234,normal,k3s-wk1,0.28877777777775515,0.6237318863074764,223.86666666666667,208.66666666666666,10800.033333333333,6426.166666666667,0.0,0,18,2,0,12,0,"{""process_exit"": 18, ""process_exec"": 18, ""process_kprobe"": 12}"
1776140234,normal,sw-wk3,0.1776666666666844,0.3478582896899729,692.0000000000001,389.3333333333333,4393.1,7480.866666666667,0.0,0,2,2,0,0,0,"{""process_exec"": 2}"
1776140234,normal,sw-wk2,0.12422222222218504,0.2862845164825363,116.06666666666666,100.86666666666666,795.9333333333333,3718.9333333333334,0.0,0,104,5,0,0,0,"{""process_exit"": 106, ""process_exec"": 104}"
1776140244,normal,k3s-wk1,0.3288888888889132,0.62539805816475,221.0,205.79999999999998,35886.333333333336,13065.5,0.0,0,18,2,0,12,0,"{""process_exit"": 18, ""process_exec"": 18, ""process_kprobe"": 12}"
1776140244,normal,sw-wk3,0.1776666666666844,0.3478582896899729,692.0,389.3333333333333,4393.1,7480.866666666667,0.0,0,6,4,0,0,0,"{""process_exit"": 13, ""process_exec"": 6}"
1776140244,normal,sw-wk2,0.12422222222218504,0.2862845164825363,116.06666666666666,100.86666666666666,795.9333333333333,3718.9333333333334,0.0,0,0,0,0,0,0,{}
1776140254,normal,k3s-wk1,0.3288888888889132,0.62539805816475,221.0,205.79999999999998,35886.333333333336,13065.5,0.0,0,36,3,0,30,0,"{""process_exit"": 36, ""process_exec"": 36, ""process_kprobe"": 30}"
1776140254,normal,sw-wk3,0.1776666666666844,0.3478582896899729,0.0,0.0,4070.9666666666667,8862.666666666666,0.0,0,4,2,0,0,0,"{""process_exit"": 4, ""process_exec"": 4}"
1776140254,normal,sw-wk2,0.2138626843116992,0.2862335461345362,108.13693789792994,98.0032667755592,5705.223507450249,27882.629420980702,0.0,0,0,0,0,0,0,{}
1776140264,normal,k3s-wk1,0.3288888888889132,0.62539805816475,221.0,205.79999999999998,35886.333333333336,13065.5,0.0,0,51,3,0,46,0,"{""process_exit"": 51, ""process_exec"": 51, ""process_kprobe"": 46}"
1776140264,normal,sw-wk3,0.1745555555555458,0.3447586554022197,167.66666666666666,158.13333333333333,4070.9666666666667,8862.666666666666,0.0,0,3,2,0,0,0,"{""process_exit"": 3, ""process_exec"": 3}"
1776140264,normal,sw-wk2,0.2138626843116992,0.2862335461345362,108.13693789792994,98.0032667755592,5705.223507450248,27882.629420980702,0.0,0,0,0,0,0,0,{}
1776140274,normal,k3s-wk1,0.27244444444440885,0.6234993447068,223.86666666666667,208.66666666666666,13122.266666666666,3968.2,0.0,0,36,3,0,30,0,"{""process_exit"": 36, ""process_exec"": 36, ""process_kprobe"": 30}"
1776140274,normal,sw-wk3,0.1745555555555458,0.3447586554022197,167.66666666666666,158.13333333333333,4070.9666666666667,8862.666666666666,0.0,0,3,2,0,0,0,"{""process_exit"": 3, ""process_exec"": 3}"
1776140274,normal,sw-wk2,0.2138626843116992,0.2862335461345362,108.13693789792994,98.0032667755592,5705.223507450249,27882.629420980702,0.0,0,0,0,0,0,0,{}
1776140284,normal,k3s-wk1,0.27244444444440885,0.6234993447068,223.86666666666667,208.66666666666666,13122.266666666666,3968.2,0.0,0,60,3,0,52,0,"{""process_exit"": 60, ""process_exec"": 60, ""process_kprobe"": 52}"
1776140284,normal,sw-wk3,0.1745555555555458,0.3447586554022197,0.0,0.0,0.0,8128.845192467922,0.0,0,4,2,0,0,0,"{""process_exit"": 6, ""process_exec"": 4}"
1776140284,normal,sw-wk2,0.1424158583063848,0.28514246212266015,105.93686456215208,100.87002900096671,1063.4687822927433,3694.389812993767,0.0,0,2,2,0,0,0,"{""process_exec"": 2}"
1776140294,normal,k3s-wk1,0.27244444444440885,0.6234993447068,223.86666666666667,208.66666666666666,13122.266666666666,3968.2,0.0,0,18,2,0,12,0,"{""process_exit"": 18, ""process_exec"": 18, ""process_kprobe"": 12}"
1776140294,normal,sw-wk3,0.16769427317671226,0.3476193661837226,198.56690551574738,183.23612731211466,4011.398100316614,8128.845192467922,0.0,0,4,2,0,0,0,"{""process_exit"": 6, ""process_exec"": 4}"
1776140294,normal,sw-wk2,0.1424158583063847,0.28514246212266015,105.93686456215208,100.87002900096671,1063.4687822927433,3694.389812993767,0.0,0,104,5,0,0,0,"{""process_exit"": 106, ""process_exec"": 104}"
1776140304,normal,k3s-wk1,0.31000000000001615,0.6265438335273061,208.66666666666666,208.66666666666666,36251.566666666666,9448.266666666666,0.0,0,12,2,0,8,0,"{""process_exit"": 12, ""process_exec"": 12, ""process_kprobe"": 8}"
1776140304,normal,sw-wk3,0.16769427317671226,0.3476193661837226,198.56690551574738,183.23612731211466,4011.398100316614,8128.845192467922,0.0,0,4,2,0,0,0,"{""process_exit"": 4, ""process_exec"": 4}"
1776140304,normal,sw-wk2,0.1424158583063847,0.28514246212266015,105.93686456215208,100.87002900096671,1063.4687822927433,3694.389812993767,0.0,0,0,0,0,0,0,{}
1776140314,normal,k3s-wk1,0.31000000000001615,0.6265438335273061,208.66666666666666,208.66666666666666,36251.566666666666,9448.266666666666,0.0,0,9,2,0,6,0,"{""process_exit"": 9, ""process_exec"": 9, ""process_kprobe"": 6}"
1776140314,normal,sw-wk3,0.16769427317671226,0.3476193661837226,0.0,176.4294049008168,3045.3408901483576,8167.3278879813315,0.0,0,3,2,0,0,0,"{""process_exit"": 3, ""process_exec"": 3}"
1776140314,normal,sw-wk2,0.22170780179641658,0.28477292709965973,110.91496519335178,100.78939479732206,5266.762149019086,27784.0655497452,0.0,0,0,0,0,0,0,{}
1776140324,normal,k3s-wk1,0.31000000000001615,0.6265438335273061,208.66666666666666,208.66666666666666,36251.566666666666,9448.266666666666,0.0,0,42,3,0,34,0,"{""process_exit"": 42, ""process_exec"": 42, ""process_kprobe"": 34}"
1776140324,normal,sw-wk3,0.18597544035112934,0.35002612230335006,191.6319386564427,176.4294049008168,3045.3408901483576,8167.32788798133,0.0,0,3,2,0,0,0,"{""process_exit"": 3, ""process_exec"": 3}"
1776140324,normal,sw-wk2,0.22170780179641658,0.28477292709965973,110.91496519335178,100.78939479732206,5266.762149019086,27784.0655497452,0.0,0,0,0,0,0,0,{}
1776140334,normal,k3s-wk1,0.3162222222222125,0.6297881275095585,215.93333333333334,205.79999999999998,11236.7,1867.5,0.0,0,57,3,0,50,0,"{""process_exit"": 57, ""process_exec"": 57, ""process_kprobe"": 50}"
1776140334,normal,sw-wk3,0.18597544035112934,0.35002612230335006,191.6319386564427,176.4294049008168,3045.3408901483576,8167.32788798133,0.0,0,3,2,0,0,0,"{""process_exit"": 3, ""process_exec"": 3}"
1776140334,normal,sw-wk2,0.22170780179641658,0.28477292709965973,110.91496519335178,100.78939479732206,5266.762149019086,27784.0655497452,0.0,0,0,0,0,0,0,{}
1776140344,transition,k3s-wk1,0.3162222222222125,0.6297881275095585,215.93333333333334,205.79999999999998,11236.7,1867.5,0.0,10,57,3,0,50,0,"{""process_exit"": 57, ""process_exec"": 57, ""process_kprobe"": 50}"
1776140344,transition,sw-wk3,0.0,0.35002612230335006,157.06666666666666,151.86666666666667,2482.133333333333,8609.733333333334,0.0,10,4,2,0,0,0,"{""process_exit"": 11, ""process_exec"": 4}"
1776140344,transition,sw-wk2,0.14139897928548673,0.28929335983791427,68.247773441409,68.247773441409,768.1710530704828,3758.464258314153,0.0,10,106,7,0,0,0,"{""process_exec"": 106, ""process_exit"": 104}"
1776140354,normal,k3s-wk1,0.3162222222222125,0.6297881275095585,215.93333333333334,205.79999999999998,11236.7,1867.5,0.0,0,81,3,0,72,0,"{""process_exit"": 81, ""process_exec"": 81, ""process_kprobe"": 72}"
1776140354,normal,sw-wk2,0.14139897928548673,0.28929335983791427,68.247773441409,68.247773441409,768.1710530704828,3758.4642583141535,0.0,0,0,0,0,0,0,"{""process_exit"": 2}"
1776140354,normal,sw-wk3,0.19433333333335112,0.3463291792499713,157.06666666666666,151.86666666666667,2482.133333333333,8609.733333333334,0.0,0,4,2,0,0,0,"{""process_exec"": 4, ""process_exit"": 3}"
1776140364,normal,k3s-wk1,0.3897777777777972,0.6267007426656266,223.86666666666667,208.66666666666666,36742.1,9920.4,0.0,0,51,3,0,46,0,"{""process_exit"": 51, ""process_exec"": 51, ""process_kprobe"": 46}"
1776140364,normal,sw-wk3,0.19433333333335112,0.3463291792499713,157.06666666666666,151.86666666666667,2482.133333333333,8609.733333333334,0.0,0,4,2,0,0,0,"{""process_exit"": 16, ""process_exec"": 4}"
1776140364,normal,sw-wk2,0.14139897928548673,0.28929335983791427,68.247773441409,68.247773441409,768.1710530704828,3758.4642583141535,0.0,0,0,0,0,0,0,{}
1776140374,transition,k3s-wk1,0.3897777777777972,0.6267007426656266,223.86666666666667,208.66666666666666,36742.1,9920.4,0.0,9,12,2,0,8,0,"{""process_exit"": 12, ""process_exec"": 12, ""process_kprobe"": 8}"
1776140374,transition,sw-wk3,0.0,0.3463291792499713,181.4,181.26666666666665,4526.833333333333,9414.8,0.0,9,3,2,0,0,0,"{""process_exit"": 3, ""process_exec"": 3}"
1776140374,transition,sw-wk2,0.23209309039228254,0.29321329816379327,110.88904433563172,100.7961093900936,5796.042770060957,27876.120049298825,0.0,9,0,0,0,0,0,{}
1776140384,normal,k3s-wk1,0.3897777777777972,0.6267007426656266,223.86666666666667,208.66666666666666,36742.1,9920.4,0.0,0,36,3,0,30,0,"{""process_exit"": 36, ""process_exec"": 36, ""process_kprobe"": 30}"
1776140384,normal,sw-wk3,0.19344444444444286,0.3553254456719803,181.4,181.26666666666665,4526.833333333333,9414.8,0.0,0,3,2,0,0,0,"{""process_exit"": 3, ""process_exec"": 3}"
1776140384,normal,sw-wk2,0.23209309039228254,0.29321329816379327,110.88904433563172,100.7961093900936,5796.042770060957,27876.120049298825,0.0,0,0,0,0,0,0,{}
1776140394,normal,k3s-wk1,0.3453333333333122,0.6234135526599485,223.79999999999998,208.66666666666666,13134.466666666669,3601.7666666666664,0.0,0,36,3,0,30,0,"{""process_exit"": 36, ""process_exec"": 36, ""process_kprobe"": 30}"
1776140394,normal,sw-wk3,0.19344444444444286,0.3553254456719803,181.4,181.26666666666665,4526.833333333333,9414.8,0.0,0,3,2,0,0,0,"{""process_exit"": 5, ""process_exec"": 3}"
1776140394,normal,sw-wk2,0.23209309039228254,0.29321329816379327,110.88904433563172,100.7961093900936,5796.042770060957,27876.120049298825,0.0,0,0,0,0,0,0,{}
1776140404,transition,k3s-wk1,0.3453333333333123,0.6234135526599485,223.79999999999998,208.66666666666666,13134.466666666667,3601.7666666666664,0.0,10,33,3,0,28,0,"{""process_exit"": 33, ""process_exec"": 33, ""process_kprobe"": 28}"
1776140404,transition,sw-wk3,0.0,0.34700453636097195,160.63333333333333,145.33333333333334,4739.266666666666,9486.7,0.0,10,1,1,0,0,0,"{""process_exit"": 17, ""process_exec"": 1}"
1776140404,transition,sw-wk2,0.15532577273736747,0.28924716796003924,110.47364909939961,106.93795863909271,973.68245496998,3601.2008005336893,0.0,10,0,0,0,0,0,{}
1776140414,normal,k3s-wk1,0.3453333333333123,0.6234135526599485,223.79999999999998,208.66666666666666,13134.466666666667,3601.7666666666664,0.0,0,28,3,0,22,0,"{""process_exit"": 28, ""process_exec"": 28, ""process_kprobe"": 22}"
1776140414,normal,sw-wk2,0.15532577273736747,0.28924716796003924,110.47364909939961,106.93795863909273,973.68245496998,3601.2008005336893,0.0,0,106,7,0,0,0,"{""process_exec"": 106, ""process_exit"": 104}"
1776140414,normal,sw-wk3,0.2089999999999742,0.34700453636097195,160.63333333333333,145.33333333333334,4739.266666666666,9486.7,0.0,0,0,0,0,0,0,{}
1776140424,normal,k3s-wk1,0.3487777777777713,0.6249002385244671,414.0666666666667,301.1,36341.50000000001,8642.366666666667,0.0,0,44,3,0,38,0,"{""process_kprobe"": 38, ""process_exit"": 44, ""process_exec"": 44}"
1776140424,normal,sw-wk2,0.15532577273736747,0.28924716796003924,110.47364909939961,106.93795863909273,973.68245496998,3601.2008005336893,0.0,0,0,0,0,0,0,"{""process_exit"": 2}"
1776140424,normal,sw-wk3,0.2089999999999742,0.34700453636097195,160.63333333333333,145.33333333333334,4739.266666666666,9486.7,0.0,0,0,0,0,0,0,{}
1776140434,transition,k3s-wk1,0.3487777777777713,0.6249002385244671,414.06666666666666,301.1,36341.5,8642.366666666667,0.0,9,60,3,0,52,0,"{""process_exit"": 60, ""process_exec"": 60, ""process_kprobe"": 52}"
1776140434,transition,sw-wk3,0.0,0.3483584362297234,116.06666666666666,100.86666666666666,2952.5333333333333,5682.566666666667,0.0,9,1,1,0,0,0,"{""process_exit"": 3, ""process_exec"": 1}"
1776140434,transition,sw-wk2,0.24002834806102558,0.27959784395427956,100.52488206763671,100.52488206763671,5432.795163112086,27837.884525945123,0.0,9,0,0,0,0,0,{}
1776140444,normal,k3s-wk1,0.3487777777777713,0.6249002385244671,414.06666666666666,301.1,36341.5,8642.366666666667,0.0,0,57,3,0,50,0,"{""process_exit"": 57, ""process_exec"": 57, ""process_kprobe"": 50}"
1776140444,normal,sw-wk2,0.24002834806102558,0.27959784395427956,100.52488206763671,100.52488206763671,5432.795163112086,27837.884525945123,0.0,0,0,0,0,0,0,{}
1776140444,normal,sw-wk3,0.19111111111115964,0.3483584362297234,116.06666666666666,100.86666666666666,2952.5333333333333,5682.566666666667,0.0,0,0,0,0,0,0,{}
1776140454,normal,k3s-wk1,0.33755555555556693,0.6254906232679319,215.73333333333332,210.66666666666666,9301.366666666667,5379.433333333333,0.0,0,57,3,0,50,0,"{""process_exit"": 57, ""process_exec"": 57, ""process_kprobe"": 50}"
1776140454,normal,sw-wk3,0.19111111111115964,0.3483584362297234,116.06666666666666,100.86666666666666,2952.5333333333333,5682.566666666667,0.0,0,1,1,0,0,0,"{""process_exit"": 13, ""process_exec"": 1}"
1776140454,normal,sw-wk2,0.24002834806102558,0.27959784395427956,100.52488206763671,100.52488206763671,5432.795163112086,27837.884525945123,0.0,0,0,0,0,0,0,{}
1776140465,normal,k3s-wk1,0.33755555555556693,0.6254906232679319,215.73333333333332,210.66666666666666,9301.366666666667,5379.433333333333,0.0,0,39,3,0,32,0,"{""process_exit"": 39, ""process_exec"": 39, ""process_kprobe"": 32}"
1776140465,normal,sw-wk2,0.16287574703418395,0.2815602023522815,116.47043082686646,101.21755418785122,982.0377308001072,3651.8263312817767,0.0,0,2,2,0,0,0,"{""process_exec"": 2}"
1776140465,normal,sw-wk3,0.1940805919407559,0.3406427998012156,116.05506116055061,100.85658100856581,3546.8786454687865,7082.6584008265845,0.0,0,0,0,0,0,0,{}
1776140474,normal,k3s-wk1,0.33755555555556693,0.6254906232679319,215.73333333333332,210.66666666666666,9301.366666666667,5379.433333333333,0.0,0,18,2,0,12,0,"{""process_exit"": 18, ""process_exec"": 18, ""process_kprobe"": 12}"
1776140474,normal,sw-wk2,0.16287574703418395,0.2815602023522815,116.47043082686646,101.21755418785122,982.037730800107,3651.8263312817767,0.0,0,104,5,0,0,0,"{""process_exit"": 106, ""process_exec"": 104}"
1776140474,normal,sw-wk3,0.1940805919407559,0.3406427998012156,116.05506116055061,100.85658100856581,3546.8786454687865,7082.6584008265845,0.0,0,0,0,0,0,0,{}
1776140484,normal,k3s-wk1,0.37588888888890826,0.6320130765140886,212.79999999999998,212.66666666666666,36199.166666666664,12632.366666666667,0.0,0,15,2,0,10,0,"{""process_exit"": 16, ""process_exec"": 15, ""process_kprobe"": 10}"
1776140484,normal,sw-wk3,0.1940805919407559,0.3406427998012156,116.05506116055061,100.85658100856581,3546.8786454687865,7082.6584008265845,0.0,0,1,1,0,0,0,"{""process_exit"": 5, ""process_exec"": 1}"
1776140484,normal,sw-wk2,0.16287574703418395,0.2815602023522815,116.47043082686646,101.21755418785122,982.037730800107,3651.8263312817767,0.0,0,0,0,0,0,0,{}
1776140494,normal,k3s-wk1,0.37588888888890826,0.6320130765140886,212.79999999999998,212.66666666666666,36199.166666666664,12632.366666666667,0.0,0,57,3,0,50,0,"{""process_exit"": 57, ""process_exec"": 57, ""process_kprobe"": 50}"
1776140494,normal,sw-wk3,0.2316410547018476,0.35045777743797546,78.33594453148439,68.20227340911363,6303.210107003568,6477.082569418982,0.0,0,1,1,0,0,0,"{""process_exec"": 1}"
1776140494,normal,sw-wk2,0.215222222222211,0.289943231774915,68.2,68.2,7091.9,28168.366666666665,0.0,0,0,0,0,0,0,{}
1776140504,normal,k3s-wk1,0.37588888888890826,0.6320130765140886,212.79999999999998,212.66666666666666,36199.166666666664,12632.366666666667,0.0,0,33,3,0,28,0,"{""process_exit"": 33, ""process_exec"": 33, ""process_kprobe"": 28}"
1776140504,normal,sw-wk2,0.215222222222211,0.289943231774915,68.2,68.2,7091.9,28168.366666666665,0.0,0,0,0,0,0,0,{}
1776140504,normal,sw-wk3,0.2316410547018476,0.35045777743797546,78.33594453148439,68.20227340911363,6303.210107003568,6477.082569418982,0.0,0,0,0,0,0,0,{}
1776140514,normal,k3s-wk1,0.3484878785858382,0.6257976684882425,224.78501433237784,215.2523165122325,9305.312979134724,5421.105259649356,0.0,0,18,2,0,12,0,"{""process_exit"": 18, ""process_exec"": 18, ""process_kprobe"": 12}"
1776140514,normal,sw-wk3,0.2316410547018476,0.35045777743797546,78.33594453148439,68.20227340911364,6303.210107003568,6477.082569418982,0.0,0,1,1,0,0,0,"{""process_exit"": 19, ""process_exec"": 1}"
1776140514,normal,sw-wk2,0.215222222222211,0.289943231774915,68.2,68.2,7091.9,28168.366666666665,0.0,0,0,0,0,0,0,{}
1776140524,normal,k3s-wk1,0.3484878785858382,0.6257976684882425,224.78501433237784,215.2523165122325,9305.312979134724,5421.105259649356,0.0,0,36,3,0,30,0,"{""process_exit"": 36, ""process_exec"": 36, ""process_kprobe"": 30}"
1776140524,normal,sw-wk2,0.14711371817090557,0.2907651286364158,97.98693507532329,97.98693507532329,686.9417411011865,3591.1211838421546,0.0,0,0,0,0,0,0,{}
1776140524,normal,sw-wk3,0.19405738160319042,0.36296462657848794,100.87339155943731,100.87339155943731,2259.583972264818,8075.305020334689,0.0,0,0,0,0,0,0,{}
1776140534,normal,k3s-wk1,0.3484878785858382,0.6257976684882425,224.78501433237784,215.2523165122325,9305.312979134724,5421.105259649356,0.0,0,36,3,0,30,0,"{""process_exit"": 36, ""process_exec"": 36, ""process_kprobe"": 30}"
1776140534,normal,sw-wk2,0.14711371817090557,0.2907651286364158,97.98693507532329,97.98693507532329,686.9417411011865,3591.1211838421546,0.0,0,106,7,0,0,0,"{""process_exec"": 106, ""process_exit"": 106}"
1776140534,normal,sw-wk3,0.19405738160319042,0.36296462657848794,100.87339155943731,100.87339155943731,2259.583972264818,8075.305020334689,0.0,0,1,1,0,0,0,"{""process_exit"": 3, ""process_exec"": 1}"
1776140544,normal,k3s-wk1,0.3425117230037751,0.6281513055630499,223.88159210614043,208.68057870524703,36496.733115541036,9388.692579505301,0.0,0,33,3,0,28,0,"{""process_exit"": 33, ""process_exec"": 33, ""process_kprobe"": 28}"
1776140544,normal,sw-wk2,0.14711371817090557,0.2907651286364158,97.98693507532329,97.98693507532329,686.9417411011865,3591.1211838421546,0.0,0,0,0,0,0,0,{}
1776140544,normal,sw-wk3,0.19405738160319042,0.36296462657848794,100.87339155943731,100.87339155943731,2259.583972264818,8075.305020334689,0.0,0,0,0,0,0,0,{}
1776140554,normal,k3s-wk1,0.3425117230037751,0.6281513055630499,223.88159210614043,208.68057870524703,36496.733115541036,9388.692579505301,0.0,0,12,2,0,8,0,"{""process_exit"": 12, ""process_exec"": 12, ""process_kprobe"": 8}"
1776140554,normal,sw-wk2,0.2225296398769122,0.2875093976579125,111.00370012333745,100.87002900096671,5285.342844761492,27852.261742058065,0.0,0,0,0,0,0,0,{}
1776140554,normal,sw-wk3,0.1806374918064153,0.3765673382010015,110.98890110988901,100.85658100856581,2876.6456687664568,5931.6068393160685,0.0,0,0,0,0,0,0,{}
1776140564,normal,k3s-wk1,0.3425117230037751,0.6281513055630499,223.88159210614043,208.68057870524703,36496.733115541036,9388.692579505301,0.0,0,18,2,0,12,0,"{""process_exit"": 18, ""process_exec"": 18, ""process_kprobe"": 12}"
1776140564,normal,sw-wk3,0.1806374918064153,0.3765673382010015,110.98890110988901,100.85658100856581,2876.6456687664568,5931.6068393160685,0.0,0,1,1,0,0,0,"{""process_exit"": 5, ""process_exec"": 1}"
1776140564,normal,sw-wk2,0.2225296398769122,0.2875093976579125,111.00370012333745,100.87002900096671,5285.3428447614915,27852.261742058072,0.0,0,0,0,0,0,0,{}
1776140574,normal,k3s-wk1,0.322333333333356,0.627389336725882,223.83333333333334,208.66666666666666,9872.566666666666,1780.3666666666666,0.0,0,12,2,0,8,0,"{""process_exit"": 12, ""process_exec"": 12, ""process_kprobe"": 8}"
1776140574,normal,sw-wk2,0.2225296398769122,0.2875093976579125,111.00370012333745,100.87002900096671,5285.342844761492,27852.261742058072,0.0,0,0,0,0,0,0,{}
1776140574,normal,sw-wk3,0.1806374918064153,0.3765673382010015,110.98890110988901,100.85658100856581,2876.6456687664568,5931.6068393160685,0.0,0,0,0,0,0,0,{}
1776140584,normal,k3s-wk1,0.322333333333356,0.627389336725882,223.83333333333334,208.66666666666666,9872.566666666666,1780.3666666666666,0.0,0,33,3,0,28,0,"{""process_exit"": 33, ""process_exec"": 33, ""process_kprobe"": 28}"
1776140584,normal,sw-wk2,0.14360649907753842,0.2905118697197905,100.88684403547376,100.88684403547376,982.7965593118623,3673.0346069213842,0.0,0,2,2,0,0,0,"{""process_exec"": 2}"
1776140584,normal,sw-wk3,0.18569634741249164,0.3889164978273889,120.54538787212056,106.87735440210687,4082.608260826082,6539.320598726539,0.0,0,0,0,0,0,0,{}
1776140594,normal,k3s-wk1,0.322333333333356,0.627389336725882,223.83333333333334,208.66666666666666,9872.566666666666,1780.3666666666666,0.0,0,57,3,0,50,0,"{""process_exit"": 57, ""process_exec"": 57, ""process_kprobe"": 50}"
1776140594,normal,sw-wk3,0.18569634741249164,0.3889164978273889,120.54538787212054,106.87735440210687,4082.608260826082,6539.320598726539,0.0,0,0,0,0,0,0,"{""process_exit"": 1}"
1776140594,normal,sw-wk2,0.14360649907753842,0.2905118697197905,100.88684403547376,100.88684403547376,982.7965593118623,3673.0346069213842,0.0,0,0,0,0,0,0,{}
1776140604,normal,k3s-wk1,0.3686666666666699,0.6249916747849272,223.86666666666667,208.66666666666666,10404.366666666667,11798.166666666666,0.0,0,12,2,0,8,0,"{""process_exit"": 12, ""process_exec"": 12, ""process_kprobe"": 8}"
1776140604,normal,sw-wk2,0.14360649907753842,0.2905118697197905,100.88684403547376,100.88684403547376,982.7965593118623,3673.0346069213842,0.0,0,104,5,0,0,0,"{""process_exit"": 106, ""process_exec"": 104}"
1776140604,normal,sw-wk3,0.18569634741249164,0.3889164978273889,120.54538787212054,106.87735440210687,4082.608260826082,6539.320598726539,0.0,0,1,1,0,0,0,"{""process_exit"": 7, ""process_exec"": 1}"
1776140614,normal,k3s-wk1,0.3686666666666699,0.6249916747849272,223.86666666666667,208.66666666666666,10404.366666666667,11798.166666666666,0.0,0,57,3,0,50,0,"{""process_exit"": 57, ""process_exec"": 57, ""process_kprobe"": 50}"
1776140614,normal,sw-wk2,0.23293119153947783,0.2894542349987894,103.04605745517564,97.98040391921617,6277.444511097781,28146.170765846833,0.0,0,0,0,0,0,0,{}
1776140614,normal,sw-wk3,0.2254444444444541,0.3436627929202186,121.13333333333333,100.86666666666666,7106.266666666666,6658.666666666667,0.0,0,0,0,0,0,0,{}
1776140624,normal,k3s-wk1,0.3686666666666699,0.6249916747849272,223.86666666666667,208.66666666666666,10404.366666666667,11798.166666666666,0.0,0,12,2,0,8,0,"{""process_exit"": 12, ""process_exec"": 12, ""process_kprobe"": 8}"
1776140624,normal,sw-wk2,0.23293119153947783,0.2894542349987894,103.04605745517564,97.98040391921617,6277.444511097781,28146.170765846833,0.0,0,0,0,0,0,0,{}
1776140624,normal,sw-wk3,0.2254444444444541,0.3436627929202186,121.13333333333333,100.86666666666666,7106.266666666666,6658.666666666667,0.0,0,0,0,0,0,0,{}
1776140634,normal,k3s-wk1,0.3392222222221689,0.6288082920270968,208.66666666666666,208.66666666666666,33604.13333333333,6456.366666666667,0.0,0,21,2,0,14,0,"{""process_exit"": 21, ""process_exec"": 21, ""process_kprobe"": 14}"
1776140634,normal,sw-wk2,0.23293119153947783,0.2894542349987894,103.04605745517564,97.98040391921617,6277.444511097781,28146.170765846833,0.0,0,0,0,0,0,0,{}
1776140634,normal,sw-wk3,0.2254444444444541,0.3436627929202186,121.13333333333333,100.86666666666666,7106.266666666666,6658.666666666667,0.0,0,0,0,0,0,0,{}
1776140644,normal,k3s-wk1,0.3392222222221689,0.6288082920270968,208.66666666666666,208.66666666666666,33604.13333333333,6456.366666666667,0.0,0,33,3,0,28,0,"{""process_exit"": 33, ""process_exec"": 33, ""process_kprobe"": 28}"
1776140644,normal,sw-wk3,0.17388888888890497,0.3477754628744728,81.2,71.06666666666668,2335.0666666666666,5942.4,0.0,0,1,1,0,0,0,"{""process_exit"": 5, ""process_exec"": 1}"
1776140644,normal,sw-wk2,0.14491449144917734,0.2901391490500401,100.87675434210087,100.87675434210087,567.6234290095676,3595.7929126245954,0.0,0,2,2,0,0,0,"{""process_exec"": 2}"
1776140654,normal,k3s-wk1,0.3392222222221689,0.6288082920270968,208.66666666666666,208.66666666666666,33604.13333333333,6456.366666666667,0.0,0,36,3,0,30,0,"{""process_exit"": 36, ""process_exec"": 36, ""process_kprobe"": 30}"
1776140654,normal,sw-wk2,0.14491449144917734,0.2901391490500401,100.87675434210087,100.87675434210087,567.6234290095676,3595.7929126245954,0.0,0,39,3,0,0,0,"{""process_exit"": 39, ""process_exec"": 39}"
1776140654,normal,sw-wk3,0.17388888888890497,0.3477754628744728,81.2,71.06666666666668,2335.0666666666666,5942.4,0.0,0,0,0,0,0,0,{}
1776140664,normal,k3s-wk1,0.3602222222222432,0.6351614188649938,223.26666666666665,214.66666666666666,18851.866666666665,4817.966666666667,0.0,0,36,3,0,30,0,"{""process_exit"": 36, ""process_exec"": 36, ""process_kprobe"": 30}"
1776140664,normal,sw-wk2,0.14491449144917734,0.2901391490500401,100.87675434210087,100.87675434210087,567.6234290095676,3595.7929126245954,0.0,0,65,3,0,0,0,"{""process_exit"": 67, ""process_exec"": 65}"
1776140664,normal,sw-wk3,0.17388888888890497,0.3477754628744728,81.2,71.06666666666666,2335.0666666666666,5942.4,0.0,0,0,0,0,0,0,{}
1776140674,normal,k3s-wk1,0.3602222222222432,0.6351614188649938,223.26666666666665,214.66666666666666,18851.866666666665,4817.966666666666,0.0,0,33,3,0,28,0,"{""process_exit"": 33, ""process_exec"": 33, ""process_kprobe"": 28}"
1776140674,normal,sw-wk2,0.21863369218635798,0.29152809103304156,68.1931806819318,68.1931806819318,5396.0937239609375,27890.71092890711,0.0,0,0,0,0,0,0,{}
1776140674,normal,sw-wk3,0.17874879178746683,0.3426720567809677,100.85658100856581,100.85658100856581,2870.2796387027965,5187.481251874813,0.0,0,0,0,0,0,0,{}
1776140684,normal,k3s-wk1,0.3602222222222432,0.6351614188649938,223.26666666666665,214.66666666666666,18851.866666666665,4817.966666666666,0.0,0,30,3,0,26,0,"{""process_exit"": 30, ""process_exec"": 30, ""process_kprobe"": 26}"
1776140684,normal,sw-wk3,0.17874879178746683,0.3426720567809677,100.85658100856581,100.85658100856581,2870.2796387027965,5187.481251874813,0.0,0,1,1,0,0,0,"{""process_exit"": 3, ""process_exec"": 1}"
1776140684,normal,sw-wk2,0.21863369218635798,0.29152809103304156,68.1931806819318,68.1931806819318,5396.0937239609375,27890.71092890711,0.0,0,0,0,0,0,0,{}
1776140694,normal,k3s-wk1,0.33666666666665856,0.6314102745006847,223.86666666666667,208.66666666666666,24267.5,6384.066666666667,0.0,0,54,3,0,48,0,"{""process_exit"": 54, ""process_exec"": 54, ""process_kprobe"": 48}"
1776140694,normal,sw-wk2,0.21863369218635798,0.29152809103304156,68.1931806819318,68.1931806819318,5396.0937239609375,27890.71092890711,0.0,0,0,0,0,0,0,{}
1776140694,normal,sw-wk3,0.17874879178746683,0.3426720567809677,100.85658100856581,100.85658100856581,2870.2796387027965,5187.481251874813,0.0,0,0,0,0,0,0,{}
1776140704,normal,k3s-wk1,0.33666666666665856,0.6314102745006847,223.86666666666667,208.66666666666666,24267.5,6384.066666666667,0.0,0,15,2,0,10,0,"{""process_exit"": 15, ""process_exec"": 15, ""process_kprobe"": 10}"
1776140704,normal,sw-wk2,0.17372363361558785,0.29231016731016735,108.15496432619857,98.01960392078415,590.2513836100553,3610.988864439554,0.0,0,2,2,0,0,0,"{""process_exec"": 2}"
1776140704,normal,sw-wk3,0.1698058694758462,0.3481258840169731,103.74370770410374,103.74370770410374,2252.3919058572524,5624.262426242624,0.0,0,0,0,0,0,0,{}
1776140714,normal,k3s-wk1,0.33666666666665856,0.6314102745006847,223.86666666666667,208.66666666666666,24267.5,6384.066666666667,0.0,0,57,3,0,50,0,"{""process_exit"": 57, ""process_exec"": 57, ""process_kprobe"": 50}"
1776140714,normal,sw-wk3,0.1698058694758462,0.3481258840169731,103.74370770410374,103.74370770410374,2252.3919058572524,5624.262426242624,0.0,0,1,1,0,0,0,"{""process_exit"": 5, ""process_exec"": 1}"
1776140714,normal,sw-wk2,0.17372363361558785,0.29231016731016735,108.15496432619857,98.01960392078415,590.2513836100553,3610.988864439554,0.0,0,104,5,0,0,0,"{""process_exit"": 106, ""process_exec"": 104}"
1776140725,normal,k3s-wk1,0.365111111111158,0.6093255954927568,223.86666666666667,208.66666666666666,34004.6,11864.266666666666,0.0,0,36,3,0,30,0,"{""process_exit"": 36, ""process_exec"": 36, ""process_kprobe"": 30}"
1776140725,normal,sw-wk3,0.1698058694758462,0.3481258840169731,103.74370770410374,103.74370770410374,2252.3919058572524,5624.262426242624,0.0,0,7,6,0,2,1,"{""process_exec"": 7, ""process_exit"": 7, ""process_kprobe"": 2}"
1776140725,normal,sw-wk2,0.17372363361558785,0.29231016731016735,108.15496432619857,98.01960392078415,590.2513836100553,0.0,0.0,0,0,0,0,0,0,{}
1776140734,normal,k3s-wk1,0.365111111111158,0.6093255954927568,223.86666666666667,208.66666666666666,34004.6,11864.266666666666,0.0,0,15,2,0,10,0,"{""process_exit"": 15, ""process_exec"": 15, ""process_kprobe"": 10}"
1776140734,normal,sw-wk3,0.2318888888888776,0.34517438230309516,118.16666666666667,132.46666666666667,6501.7,10132.033333333333,0.0,0,5,4,0,3,2,"{""process_exit"": 7, ""process_exec"": 5, ""process_kprobe"": 3}"
1776140734,normal,sw-wk2,0.23105959676704868,0.285007072135785,110.91127098321343,100.78603783639755,5849.020783373301,27879.2965627498,0.0,0,0,0,0,0,0,{}
1776140744,normal,k3s-wk1,0.365111111111158,0.6093255954927568,223.86666666666667,208.66666666666666,34004.6,11864.266666666666,0.0,0,57,3,0,50,0,"{""process_exit"": 57, ""process_exec"": 57, ""process_kprobe"": 50}"
1776140744,normal,sw-wk3,0.2318888888888776,0.34517438230309516,118.16666666666667,132.46666666666667,6501.7,10132.033333333333,0.0,0,7,5,0,3,2,"{""process_exit"": 9, ""process_exec"": 7, ""process_kprobe"": 3}"
1776140744,normal,sw-wk2,0.23105959676704868,0.285007072135785,110.91127098321343,100.78603783639755,5849.020783373301,27879.2965627498,0.0,0,0,0,0,0,0,{}
1776140754,normal,k3s-wk1,0.33833333333326054,0.6135181173612624,208.66666666666666,208.66666666666666,15041.266666666666,3384.9,0.0,0,54,3,0,48,0,"{""process_exit"": 54, ""process_exec"": 54, ""process_kprobe"": 48}"
1776140754,normal,sw-wk3,0.2318888888888776,0.34517438230309516,118.16666666666667,132.46666666666667,6501.7,10132.033333333333,0.0,0,7,5,0,3,2,"{""process_exit"": 13, ""process_exec"": 7, ""process_kprobe"": 3}"
1776140754,normal,sw-wk2,0.23105959676704868,0.285007072135785,110.91127098321343,100.78603783639755,5849.020783373301,27879.2965627498,0.0,0,0,0,0,0,0,{}
1776140764,normal,k3s-wk1,0.33833333333326054,0.6135181173612624,208.66666666666666,208.66666666666666,15041.266666666666,3384.9,0.0,0,15,2,0,10,0,"{""process_exit"": 15, ""process_exec"": 15, ""process_kprobe"": 10}"
1776140764,normal,sw-wk3,0.20933333333333504,0.3466588936885967,159.2,157.3,3623.0,12325.566666666666,0.0,0,6,5,0,3,2,"{""process_exit"": 8, ""process_exec"": 6, ""process_kprobe"": 3}"
1776140764,normal,sw-wk2,0.14326061333863827,0.2889349745785389,111.01474414570684,100.94068983921541,602.8087263993596,3602.708653012209,0.0,0,2,2,0,0,0,"{""process_exec"": 2}"
1776140775,normal,k3s-wk1,0.35100000000004206,0.6079664688557938,150.2,140.06666666666666,43197.73333333333,12464.133333333333,0.0,0,36,3,0,30,0,"{""process_exit"": 36, ""process_exec"": 36, ""process_kprobe"": 30}"
1776140775,normal,sw-wk3,0.20933333333333504,0.3466588936885967,159.2,157.3,3623.0,12325.566666666666,0.0,0,11,5,0,5,4,"{""process_exit"": 25, ""process_exec"": 11, ""process_kprobe"": 5}"
1776140775,normal,sw-wk2,0.14326061333863827,0.2889349745785389,111.01474414570684,100.94068983921541,602.8087263993594,3602.7086530122087,0.0,0,104,5,0,0,0,"{""process_exit"": 106, ""process_exec"": 104}"
1776140785,normal,k3s-wk1,0.35100000000004206,0.6079664688557938,150.2,140.06666666666666,43197.73333333333,12464.133333333333,0.0,0,12,2,0,8,0,"{""process_exit"": 13, ""process_exec"": 12, ""process_kprobe"": 8}"
1776140785,normal,sw-wk3,0.20933333333333504,0.3466588936885967,159.2,157.3,3623.0,12325.566666666666,0.0,0,3,2,0,1,0,"{""process_exit"": 7, ""process_exec"": 3, ""process_kprobe"": 1}"
1776140785,normal,sw-wk2,0.14326061333863827,0.2889349745785389,111.01474414570684,100.94068983921541,602.8087263993594,0.0,0.0,0,0,0,0,0,0,{}
1776140794,normal,k3s-wk1,0.35100000000004206,0.6079664688557938,150.2,140.06666666666666,43197.73333333333,12464.133333333333,0.0,0,39,3,0,32,0,"{""process_exit"": 39, ""process_exec"": 39, ""process_kprobe"": 32}"
1776140794,normal,sw-wk3,0.17500000000000004,0.3455200249754705,122.33333333333333,134.9,3045.1666666666674,14617.233333333334,0.0,0,9,5,0,4,3,"{""process_exit"": 13, ""process_exec"": 9, ""process_kprobe"": 4}"
1776140794,normal,sw-wk2,0.22676976403147853,0.29041311467054043,65.32462338354887,65.32462338354887,7051.32648980136,28098.653512864952,0.0,0,0,0,0,0,0,{}
1776140804,normal,k3s-wk1,0.35100000000004206,0.6079664688557938,150.2,140.06666666666666,43197.73333333333,12464.133333333333,0.0,0,12,2,0,8,0,"{""process_exit"": 12, ""process_exec"": 12, ""process_kprobe"": 8}"
1776140804,normal,sw-wk3,0.17500000000000004,0.3455200249754705,122.33333333333333,134.9,3045.1666666666665,14617.233333333334,0.0,0,9,5,0,5,3,"{""process_exit"": 11, ""process_exec"": 9, ""process_kprobe"": 5}"
1776140804,normal,sw-wk2,0.22676976403147853,0.29041311467054043,65.32462338354887,65.32462338354887,7051.32648980136,28098.653512864952,0.0,0,0,0,0,0,0,{}
1776140814,normal,k3s-wk1,0.3301111111111015,0.6193440746481115,287.3333333333333,277.26666666666665,16106.0,1848.6,0.0,0,33,3,0,28,0,"{""process_exit"": 33, ""process_exec"": 33, ""process_kprobe"": 28}"
1776140814,normal,sw-wk3,0.17500000000000004,0.3455200249754705,122.33333333333333,134.9,3045.1666666666665,14617.233333333334,0.0,0,7,5,0,3,2,"{""process_exit"": 17, ""process_exec"": 7, ""process_kprobe"": 3}"
1776140814,normal,sw-wk2,0.22676976403147853,0.29041311467054043,65.32462338354887,65.32462338354887,7051.32648980136,28098.653512864952,0.0,0,0,0,0,0,0,{}
1776140824,normal,k3s-wk1,0.3301111111111015,0.6193440746481115,287.3333333333333,277.26666666666665,16106.0,1848.6,0.0,0,54,3,0,48,0,"{""process_exit"": 54, ""process_exec"": 54, ""process_kprobe"": 48}"
1776140824,normal,sw-wk3,0.22277777777776964,0.34916281203409916,155.53333333333333,170.7,2409.3,13471.699999999999,0.0,0,6,5,0,3,2,"{""process_exit"": 8, ""process_exec"": 6, ""process_kprobe"": 3}"
1776140824,normal,sw-wk2,0.13913613583579287,0.2967812225237968,110.41104110411041,106.87735440210687,600.7934126746007,3625.7292395906256,0.0,0,0,0,0,0,0,{}
1776140834,normal,k3s-wk1,0.3301111111111015,0.6193440746481115,287.3333333333333,277.26666666666665,16106.0,1848.6,0.0,0,33,3,0,28,0,"{""process_exit"": 33, ""process_exec"": 33, ""process_kprobe"": 28}"
1776140834,normal,sw-wk2,0.13913613583579287,0.2967812225237968,110.41104110411041,106.87735440210687,600.7934126746007,3625.7292395906256,0.0,0,2,2,0,0,0,"{""process_exec"": 2}"
1776140834,normal,sw-wk3,0.22277777777776964,0.34916281203409916,155.53333333333333,170.7,2409.3,13471.699999999999,0.0,0,7,5,0,3,2,"{""process_exit"": 11, ""process_exec"": 7, ""process_kprobe"": 3}"
1776140844,normal,k3s-wk1,0.3465555555555411,0.6142529939731087,223.86666666666667,208.66666666666666,17232.2,4766.3,0.0,0,54,3,0,48,0,"{""process_exit"": 54, ""process_exec"": 54, ""process_kprobe"": 48}"
1776140844,normal,sw-wk2,0.13913613583579287,0.2967812225237968,110.41104110411041,106.87735440210687,600.7934126746007,3625.7292395906256,0.0,0,104,5,0,0,0,"{""process_exit"": 106, ""process_exec"": 104}"
1776140844,normal,sw-wk3,0.22277777777776964,0.34916281203409916,155.53333333333333,170.7,2409.3,13471.699999999999,0.0,0,4,3,0,2,2,"{""process_exit"": 6, ""process_exec"": 4, ""process_kprobe"": 2}"
1776140854,normal,k3s-wk1,0.3465555555555411,0.6142529939731087,223.86666666666667,208.66666666666666,17232.2,4766.3,0.0,0,78,3,0,70,0,"{""process_exit"": 78, ""process_exec"": 78, ""process_kprobe"": 70}"
1776140854,normal,sw-wk3,0.19844444444445086,0.3487964626578488,159.13333333333333,162.23333333333332,4800.333333333333,14547.5,0.0,0,12,5,0,5,3,"{""process_exit"": 26, ""process_exec"": 12, ""process_kprobe"": 5}"
1776140854,normal,sw-wk2,0.2279403595316094,0.2922655682556673,100.85994267048864,100.85994267048864,5420.971935204319,28012.599160055994,0.0,0,0,0,0,0,0,{}
1776140864,normal,k3s-wk1,0.3465555555555411,0.6142529939731087,223.86666666666667,208.66666666666666,17232.2,4766.3,0.0,0,12,2,0,8,0,"{""process_exit"": 12, ""process_exec"": 12, ""process_kprobe"": 8}"
1776140864,normal,sw-wk3,0.19844444444445086,0.3487964626578488,159.13333333333333,162.23333333333332,4800.333333333333,14547.5,0.0,0,9,5,0,5,3,"{""process_exit"": 11, ""process_exec"": 9, ""process_kprobe"": 5}"
1776140864,normal,sw-wk2,0.2279403595316094,0.2922655682556673,100.85994267048864,100.85994267048864,5420.971935204319,28012.599160055994,0.0,0,0,0,0,0,0,{}
1776140874,normal,k3s-wk1,0.3638888888888888,0.6145047259000544,223.86666666666667,208.66666666666666,42634.86666666667,8936.4,0.0,0,15,2,0,10,0,"{""process_exit"": 15, ""process_exec"": 15, ""process_kprobe"": 10}"
1776140874,normal,sw-wk3,0.19844444444445086,0.3487964626578488,159.13333333333333,162.23333333333332,4800.333333333333,14547.5,0.0,0,6,5,0,3,2,"{""process_exit"": 8, ""process_exec"": 6, ""process_kprobe"": 3}"
1776140874,normal,sw-wk2,0.2279403595316094,0.2922655682556673,100.85994267048864,100.85994267048864,5420.971935204319,28012.599160055994,0.0,0,0,0,0,0,0,{}
1776140884,normal,k3s-wk1,0.36388888888888893,0.6145047259000544,223.86666666666667,208.66666666666666,42634.86666666667,8936.4,0.0,0,60,3,0,52,0,"{""process_exit"": 60, ""process_exec"": 60, ""process_kprobe"": 52}"
1776140884,normal,sw-wk3,0.2005555555555879,0.3491261770964741,182.93333333333337,178.06666666666666,4070.2666666666664,13142.966666666667,0.0,0,7,5,0,3,2,"{""process_exit"": 13, ""process_exec"": 7, ""process_kprobe"": 3}"
1776140884,normal,sw-wk2,0.14935938038249064,0.2922448615517922,98.009800980098,98.00980098009802,1388.105477214388,3811.6144947828116,0.0,0,2,2,0,0,0,"{""process_exec"": 2}"
1776140894,normal,k3s-wk1,0.36388888888888893,0.6145047259000544,223.86666666666667,208.66666666666666,42634.86666666667,8936.4,0.0,0,15,2,0,10,0,"{""process_exit"": 15, ""process_exec"": 15, ""process_kprobe"": 10}"
1776140894,normal,sw-wk2,0.14935938038249086,0.2922448615517922,98.009800980098,98.009800980098,1388.105477214388,3811.6144947828116,0.0,0,104,5,0,0,0,"{""process_exit"": 106, ""process_exec"": 104}"
1776140894,normal,sw-wk3,0.2005555555555879,0.3491261770964741,182.93333333333334,178.06666666666666,4070.2666666666673,13142.966666666667,0.0,0,0,0,0,0,0,{}
1776140904,normal,k3s-wk1,0.3514444444444558,0.6125281222943051,218.79999999999998,208.66666666666666,38270.76666666666,11722.0,0.0,0,9,2,0,6,0,"{""process_exit"": 9, ""process_exec"": 9, ""process_kprobe"": 6}"
1776140904,normal,sw-wk2,0.14935938038249086,0.2922448615517922,98.009800980098,98.009800980098,1388.105477214388,3811.6144947828116,0.0,0,0,0,0,0,0,{}
1776140904,normal,sw-wk3,0.2005555555555879,0.3491261770964741,182.93333333333334,178.06666666666666,4070.2666666666664,13142.966666666667,0.0,0,0,0,0,0,0,{}
1776140914,normal,k3s-wk1,0.3514444444444558,0.6125281222943051,218.79999999999998,208.66666666666666,38270.76666666666,11722.0,0.0,0,57,3,0,50,0,"{""process_exit"": 57, ""process_exec"": 57, ""process_kprobe"": 50}"
1776140914,normal,sw-wk3,0.18788888888888733,0.3423821629267174,130.2,102.86666666666666,5292.933333333333,6573.2,0.0,0,1,1,0,0,0,"{""process_exit"": 9, ""process_exec"": 1}"
1776140914,normal,sw-wk2,0.22743634182108075,0.2845578959440346,100.85321957072391,100.85321957072391,5727.203039594721,27951.73976803093,0.0,0,0,0,0,0,0,{}
1776140924,normal,k3s-wk1,0.3514444444444558,0.6125281222943051,218.79999999999998,208.66666666666666,38270.76666666666,11722.0,0.0,0,9,2,0,6,0,"{""process_exit"": 9, ""process_exec"": 9, ""process_kprobe"": 6}"
1776140924,normal,sw-wk2,0.22743634182108075,0.2845578959440346,100.85321957072391,100.85321957072391,5727.203039594721,27951.73976803093,0.0,0,0,0,0,0,0,{}
1776140924,normal,sw-wk3,0.18788888888888733,0.3423821629267174,130.2,102.86666666666666,5292.933333333333,6573.2,0.0,0,0,0,0,0,0,{}
1776140934,normal,k3s-wk1,0.323666666666678,0.6146469600829925,208.66666666666666,208.66666666666666,10089.933333333332,4213.466666666666,0.0,0,33,3,0,28,0,"{""process_exit"": 33, ""process_exec"": 33, ""process_kprobe"": 28}"
1776140934,normal,sw-wk2,0.22743634182108075,0.2845578959440346,100.85321957072391,100.85321957072391,5727.203039594721,0.0,0.0,0,0,0,0,0,0,{}
1776140934,normal,sw-wk3,0.18788888888888733,0.3423821629267174,130.2,102.86666666666666,5292.933333333333,6573.2,0.0,0,0,0,0,0,0,{}
1776140944,normal,k3s-wk1,0.323666666666678,0.6146469600829925,208.66666666666666,208.66666666666666,10089.933333333332,4213.466666666666,0.0,0,36,3,0,30,0,"{""process_exit"": 36, ""process_exec"": 36, ""process_kprobe"": 30}"
1776140944,normal,sw-wk3,0.19288888888889522,0.3455980733208456,70.4,65.33333333333334,2313.733333333333,7023.099999999999,0.0,0,1,1,0,0,0,"{""process_exit"": 13, ""process_exec"": 1}"
1776140944,normal,sw-wk2,0.13256010309734545,0.292064872510417,65.32462338354887,65.32462338354887,592.4210105319291,3579.389414744701,0.0,0,2,2,0,0,0,"{""process_exec"": 2}"
1776140954,normal,k3s-wk1,0.323666666666678,0.6146469600829925,208.66666666666666,208.66666666666666,10089.933333333332,0.0,0.0,0,12,2,0,8,0,"{""process_exit"": 12, ""process_exec"": 12, ""process_kprobe"": 8}"
1776140954,normal,sw-wk2,0.13256010309734545,0.292064872510417,65.32462338354887,65.32462338354887,592.4210105319291,3579.389414744701,0.0,0,104,5,0,0,0,"{""process_exit"": 106, ""process_exec"": 104}"
1776140954,normal,sw-wk3,0.19288888888889533,0.3455980733208456,70.4,65.33333333333333,2313.733333333333,7023.099999999999,0.0,0,0,0,0,0,0,{}
1776140964,normal,k3s-wk1,0.3600000000000162,0.6259997313354322,228.33333333333334,214.66666666666666,34948.13333333333,9582.066666666666,0.0,0,57,3,0,50,0,"{""process_exit"": 57, ""process_exec"": 57, ""process_kprobe"": 50}"
1776140964,normal,sw-wk2,0.13256010309734545,0.292064872510417,65.32462338354887,65.32462338354887,592.4210105319291,0.0,0.0,0,0,0,0,0,0,{}
1776140964,normal,sw-wk3,0.19288888888889533,0.3455980733208456,70.4,65.33333333333333,2313.733333333333,7023.099999999999,0.0,0,0,0,0,0,0,{}
1776140974,normal,k3s-wk1,0.3600000000000162,0.6259997313354322,228.33333333333334,214.66666666666666,34948.13333333333,9582.066666666666,0.0,0,60,3,0,52,0,"{""process_exit"": 60, ""process_exec"": 60, ""process_kprobe"": 52}"
1776140974,normal,sw-wk3,0.19352509193520884,0.3464104132420964,100.85658100856581,100.85658100856581,3035.963070359631,8165.916741659167,0.0,0,1,1,0,0,0,"{""process_exit"": 21, ""process_exec"": 1}"
1776140974,normal,sw-wk2,0.2164054684894965,0.29382494233979384,100.90030010003335,100.90030010003335,5481.9273091030345,27902.834278092698,0.0,0,0,0,0,0,0,{}
1776140985,normal,k3s-wk1,0.3374444444444331,0.6267131599355656,150.2,146.6,30740.166666666668,5744.333333333333,0.0,0,75,3,0,68,0,"{""process_exit"": 75, ""process_exec"": 75, ""process_kprobe"": 68}"
1776140985,normal,sw-wk3,0.19352509193520884,0.3464104132420964,100.85658100856581,100.85658100856581,3035.963070359631,8165.916741659167,0.0,0,131,4,0,0,0,"{""process_exec"": 131, ""process_exit"": 63}"
1776140985,normal,sw-wk2,0.2164054684894965,0.29382494233979384,100.90030010003335,100.90030010003335,5481.9273091030345,27902.834278092698,0.0,0,0,0,0,0,0,{}
1776140994,normal,k3s-wk1,0.3374444444444331,0.6267131599355656,150.2,146.6,30740.166666666668,5744.333333333333,0.0,0,36,3,0,30,0,"{""process_exit"": 36, ""process_exec"": 36, ""process_kprobe"": 30}"
1776140994,normal,sw-wk3,0.19352509193520884,0.3464104132420964,100.85658100856581,100.85658100856581,3035.963070359631,8165.916741659167,0.0,0,167,4,0,0,0,"{""process_exit"": 98, ""process_exec"": 167}"
1776140994,normal,sw-wk2,0.2164054684894965,0.29382494233979384,100.90030010003335,100.90030010003335,5481.9273091030345,27902.834278092698,0.0,0,0,0,0,0,0,{}
1776141004,normal,k3s-wk1,0.3374444444444331,0.6267131599355656,150.2,146.6,30740.166666666668,5744.333333333333,0.0,0,12,2,0,8,0,"{""process_exit"": 12, ""process_exec"": 12, ""process_kprobe"": 8}"
1776141004,normal,sw-wk3,0.2672088166022405,0.34761299489022257,739.5013998133583,422.0437275029996,6239.434742034396,71157.37901613119,0.0,0,145,4,0,0,0,"{""process_exit"": 77, ""process_exec"": 145}"
1776141004,normal,sw-wk2,0.16055799902263423,0.2916395886692916,103.02545648407303,97.96081567373051,1210.1825936292148,3758.5965613754497,0.0,0,2,2,0,0,0,"{""process_exec"": 2}"
1776141015,normal,k3s-wk1,0.3374444444444331,0.6267131599355656,150.2,146.6,30740.166666666668,0.0,0.0,0,36,3,0,30,0,"{""process_exit"": 36, ""process_exec"": 36, ""process_kprobe"": 30}"
1776141015,normal,sw-wk3,0.2672088166022405,0.34761299489022257,739.5013998133583,422.0437275029996,6239.434742034396,71157.37901613119,0.0,0,120,4,0,0,0,"{""process_exec"": 120, ""process_exit"": 70}"
1776141015,normal,sw-wk2,0.16055799902263423,0.2916395886692916,103.02545648407303,97.96081567373051,1210.1825936292148,3758.5965613754497,0.0,0,104,5,0,0,0,"{""process_exit"": 106, ""process_exec"": 104}"
1776141024,normal,k3s-wk1,0.3166039035335747,0.6266939696092962,488.31939214183353,359.81604292331787,98486.28653314228,10462.225480721165,0.0,0,33,3,0,28,0,"{""process_exit"": 33, ""process_exec"": 33, ""process_kprobe"": 28}"
1776141024,normal,sw-wk3,0.2672088166022405,0.34761299489022257,739.5013998133583,422.0437275029996,6239.434742034396,71157.37901613119,0.0,0,132,4,0,0,0,"{""process_exit"": 72, ""process_exec"": 132}"
1776141024,normal,sw-wk2,0.16055799902263423,0.2916395886692916,103.02545648407303,97.96081567373051,0.0,0.0,0.0,0,0,0,0,0,0,{}
1776141034,normal,k3s-wk1,0.3166039035335747,0.6266939696092962,488.31939214183353,359.81604292331787,98486.28653314225,10462.225480721165,0.0,0,15,2,0,10,0,"{""process_exit"": 15, ""process_exec"": 15, ""process_kprobe"": 10}"
1776141034,normal,sw-wk3,0.21970682048034407,0.34755246760197256,114.15997065982063,104.62441236288467,3689.094121961791,58384.989830960556,0.0,0,133,4,0,0,0,"{""process_exit"": 75, ""process_exec"": 133}"
1776141034,normal,sw-wk2,0.22832405277134316,0.2858034838232858,100.89693574739087,100.89693574739087,5280.917608615918,27886.565969790936,0.0,0,0,0,0,0,0,{}
1776141044,normal,k3s-wk1,0.3166039035335747,0.6266939696092962,488.31939214183353,359.81604292331787,0.0,0.0,0.0,0,21,2,0,14,0,"{""process_exit"": 21, ""process_exec"": 21, ""process_kprobe"": 14}"
1776141044,normal,sw-wk3,0.21970682048034407,0.34755246760197256,114.15997065982063,104.62441236288467,3689.094121961791,58384.989830960556,0.0,0,132,4,0,0,0,"{""process_exit"": 72, ""process_exec"": 132}"
1776141044,normal,sw-wk2,0.22832405277134338,0.2858034838232858,100.89693574739087,100.89693574739087,5280.917608615918,27886.565969790936,0.0,0,0,0,0,0,0,{}
1776141054,normal,k3s-wk1,0.320841529690295,0.629049864369547,211.44933817890842,201.31363984929817,68184.07628446637,2283.699529890308,0.0,0,33,3,0,28,0,"{""process_exit"": 33, ""process_exec"": 33, ""process_kprobe"": 28}"
1776141054,normal,sw-wk3,0.21970682048034407,0.34755246760197256,114.15997065982063,104.62441236288467,3689.094121961791,58384.989830960556,0.0,0,132,4,0,0,0,"{""process_exit"": 72, ""process_exec"": 132}"
1776141054,normal,sw-wk2,0.22832405277134338,0.2858034838232858,100.89693574739087,100.89693574739087,0.0,0.0,0.0,0,0,0,0,0,0,{}
1776141064,normal,k3s-wk1,0.320841529690295,0.629049864369547,211.44933817890842,201.31363984929817,68184.07628446638,2283.699529890308,0.0,0,60,3,0,52,0,"{""process_exit"": 60, ""process_exec"": 60, ""process_kprobe"": 52}"
1776141064,normal,sw-wk3,0.215444444444438,0.34782643322247286,111.00000000000003,100.86666666666666,3426.5333333333333,68911.63333333333,0.0,0,132,4,0,0,0,"{""process_exit"": 72, ""process_exec"": 132}"
1776141064,normal,sw-wk2,0.1355843694099571,0.28723861768416226,108.12972900903304,97.9967334422186,630.9456351454951,3632.7455751474945,0.0,0,2,2,0,0,0,"{""process_exec"": 2}"
1776141075,normal,k3s-wk1,0.320841529690295,0.629049864369547,211.44933817890842,0.0,0.0,8088.564574170331,0.0,0,36,3,0,30,0,"{""process_exit"": 36, ""process_exec"": 36, ""process_kprobe"": 30}"
1776141075,normal,sw-wk3,0.215444444444438,0.34782643322247286,111.0,100.86666666666666,3426.5333333333333,68911.63333333333,0.0,0,132,4,0,0,0,"{""process_exit"": 72, ""process_exec"": 132}"
1776141075,normal,sw-wk2,0.1355843694099571,0.28723861768416226,108.12972900903301,97.99673344221858,630.9456351454951,3632.7455751474945,0.0,0,0,0,0,0,0,{}
1776141086,normal,k3s-wk1,0.3257141587809418,0.6276376821246626,193.12275089964012,192.98947087831533,68377.41570038651,8088.564574170331,0.0,0,33,3,0,28,0,"{""process_exit"": 34, ""process_exec"": 33, ""process_kprobe"": 28}"
1776141086,normal,sw-wk3,0.215444444444438,0.34782643322247286,111.0,100.86666666666666,3426.5333333333333,68911.63333333333,0.0,0,166,4,0,0,0,"{""process_exit"": 99, ""process_exec"": 166}"
1776141086,normal,sw-wk2,0.19491572503135723,0.29216681320641713,78.33072230925634,68.1977267424419,5659.744675177493,28109.996333455547,0.0,0,104,5,0,0,0,"{""process_exit"": 106, ""process_exec"": 104}"
1776141094,normal,k3s-wk1,0.3257141587809418,0.6276376821246626,193.12275089964012,192.98947087831533,68377.41570038651,8088.564574170331,0.0,0,12,2,0,8,0,"{""process_exit"": 12, ""process_exec"": 12, ""process_kprobe"": 8}"
1776141094,normal,sw-wk3,0.21633333333330584,0.34910706321597407,68.2,68.2,5665.333333333333,65559.16666666667,0.0,0,99,4,0,0,0,"{""process_exit"": 54, ""process_exec"": 99}"
1776141094,normal,sw-wk2,0.19491572503135723,0.29216681320641713,78.33072230925634,68.1977267424419,5659.744675177493,28109.996333455547,0.0,0,0,0,0,0,0,{}
1776141105,normal,k3s-wk1,0.3257141587809418,0.6276376821246626,193.12275089964012,0.0,0.0,0.0,0.0,0,36,3,0,30,0,"{""process_exit"": 36, ""process_exec"": 36, ""process_kprobe"": 30}"
1776141105,normal,sw-wk3,0.21633333333330584,0.34910706321597407,68.2,68.2,5665.333333333335,65559.16666666667,0.0,0,100,4,0,0,0,"{""process_exit"": 63, ""process_exec"": 100}"
1776141105,normal,sw-wk2,0.19491572503135723,0.29216681320641713,78.33072230925636,68.1977267424419,5659.744675177493,28109.996333455547,0.0,0,0,0,0,0,0,{}
1776141115,normal,k3s-wk1,0.36396780934594775,0.6268463633767298,231.35921035080696,221.88875550220084,89532.77977857809,9064.058956916098,0.0,0,30,3,0,26,0,"{""process_exit"": 30, ""process_exec"": 30, ""process_kprobe"": 26}"
1776141115,normal,sw-wk3,0.21633333333330584,0.34910706321597407,68.2,68.2,5665.333333333333,65559.16666666667,0.0,0,99,4,0,0,0,"{""process_exit"": 54, ""process_exec"": 99}"
1776141115,normal,sw-wk2,0.19491572503135723,0.29216681320641713,78.33072230925634,0.0,0.0,3665.8443896259755,0.0,0,0,0,0,0,0,{}
1776141125,normal,k3s-wk1,0.36396780934594775,0.6268463633767298,231.35921035080696,221.88875550220084,89532.77977857809,9064.058956916098,0.0,0,36,3,0,30,0,"{""process_exit"": 36, ""process_exec"": 36, ""process_kprobe"": 30}"
1776141125,normal,sw-wk3,0.2244108922441752,0.34398932171209395,105.92274105922742,100.85658100856581,5111.222211112222,36455.354464553544,0.0,0,0,0,0,0,0,"{""process_exit"": 2}"
1776141125,normal,sw-wk2,0.14972109251731436,0.29194541075729197,105.94039602640177,100.87339155943731,2271.3847589839324,3665.8443896259755,0.0,0,2,2,0,0,0,"{""process_exec"": 2}"
1776141135,normal,k3s-wk1,0.36396780934594775,0.6268463633767298,0.0,0.0,0.0,0.0,0.0,0,39,3,0,32,0,"{""process_exit"": 39, ""process_exec"": 39, ""process_kprobe"": 32}"
1776141135,normal,sw-wk3,0.2244108922441752,0.34398932171209395,105.92274105922742,100.85658100856581,5111.222211112222,36455.354464553544,0.0,0,1,1,0,0,0,"{""process_exit"": 3, ""process_exec"": 1}"
1776141135,normal,sw-wk2,0.14972109251731436,0.29194541075729197,105.94039602640177,100.87339155943731,2271.3847589839324,3665.8443896259755,0.0,0,104,5,0,0,0,"{""process_exit"": 106, ""process_exec"": 104}"
1776141145,normal,k3s-wk1,0.3322667377730535,0.6273317657470738,207.4195053663089,192.32051196586895,48764.482367842145,9949.603359776014,0.0,0,9,2,0,6,0,"{""process_exit"": 9, ""process_exec"": 9, ""process_kprobe"": 6}"
1776141145,normal,sw-wk3,0.2244108922441752,0.34398932171209395,105.92274105922742,100.85658100856581,5111.222211112222,36455.354464553544,0.0,0,1,1,0,0,0,"{""process_exit"": 9, ""process_exec"": 1}"
1776141145,normal,sw-wk2,0.14972109251731436,0.29194541075729197,0.0,0.0,5862.766666666666,27989.366666666672,0.0,0,0,0,0,0,0,{}
1776141155,normal,k3s-wk1,0.3322667377730535,0.6273317657470738,207.4195053663089,192.32051196586895,48764.482367842145,9949.603359776014,0.0,0,63,3,0,54,0,"{""process_exit"": 63, ""process_exec"": 63, ""process_kprobe"": 54}"
1776141155,normal,sw-wk2,0.23733333333333972,0.29153605514991654,110.96666666666667,100.86666666666666,5862.766666666666,27989.366666666665,0.0,0,0,0,0,0,0,{}
1776141155,normal,sw-wk3,0.17658432509915223,0.3457127566038457,102.47691435810248,104.01040104010403,2938.8272160549386,6973.464013067973,0.0,0,0,0,0,0,0,{}
1776141165,normal,k3s-wk1,0.3322667377730535,0.6273317657470738,0.0,0.0,0.0,4351.223414894326,0.0,0,33,3,0,28,0,"{""process_exit"": 33, ""process_exec"": 33, ""process_kprobe"": 28}"
1776141165,normal,sw-wk2,0.23733333333333972,0.29153605514991654,110.96666666666667,100.86666666666666,5862.766666666666,27989.366666666665,0.0,0,0,0,0,0,0,{}
1776141165,normal,sw-wk3,0.17658432509915234,0.3457127566038457,102.47691435810248,104.010401040104,2938.8272160549386,6973.464013067973,0.0,0,0,0,0,0,0,{}
1776141175,normal,k3s-wk1,0.3186212414160976,0.635917743488553,221.01473431562107,205.81372091472767,10173.678245216348,4351.223414894326,0.0,0,26,3,0,21,0,"{""process_exit"": 27, ""process_exec"": 26, ""process_kprobe"": 21}"
1776141175,normal,sw-wk3,0.17658432509915234,0.3457127566038457,102.47691435810248,104.010401040104,2938.8272160549386,6973.464013067973,0.0,0,1,1,0,0,0,"{""process_exit"": 3, ""process_exec"": 1}"
1776141175,normal,sw-wk2,0.23733333333333972,0.29153605514991654,0.0,105.86313789540347,703.4432185593812,3708.9430352321583,0.0,0,0,0,0,0,0,{}
1776141185,normal,k3s-wk1,0.3186212414160976,0.635917743488553,221.01473431562107,205.81372091472767,10173.678245216348,4351.223414894326,0.0,0,25,2,0,19,0,"{""process_exec"": 25, ""process_kprobe"": 19, ""process_exit"": 24}"
1776141185,normal,sw-wk2,0.141473062008999,0.28096767205678097,121.19596013466216,105.86313789540347,703.4432185593812,3708.9430352321583,0.0,0,2,2,0,0,0,"{""process_exec"": 2}"
1776141185,normal,sw-wk3,0.18055555555551517,0.34801120073397296,106.0,105.86666666666666,3977.4333333333334,5919.533333333335,0.0,0,0,0,0,0,0,{}
1776141195,normal,k3s-wk1,0.3186212414160976,0.635917743488553,0.0,0.0,10189.966666666667,6742.2,0.0,0,57,3,0,50,0,"{""process_exit"": 57, ""process_exec"": 57, ""process_kprobe"": 50}"
1776141195,normal,sw-wk2,0.141473062008999,0.28096767205678097,121.19596013466216,105.86313789540347,703.4432185593812,3708.9430352321583,0.0,0,0,0,0,0,0,{}
1776141195,normal,sw-wk3,0.18055555555551517,0.34801120073397296,106.0,105.86666666666666,3977.4333333333334,5919.533333333333,0.0,0,0,0,0,0,0,{}
1776141205,normal,k3s-wk1,0.3341111111110674,0.629689918192768,218.53333333333333,204.86666666666667,10189.966666666667,6742.2,0.0,0,15,2,0,10,0,"{""process_exit"": 15, ""process_exec"": 15, ""process_kprobe"": 10}"
1776141205,normal,sw-wk2,0.141473062008999,0.28096767205678097,0.0,100.85994267048864,5670.0553296446915,27979.634691020598,0.0,0,104,5,0,0,0,"{""process_exit"": 106, ""process_exec"": 104}"
1776141205,normal,sw-wk3,0.18055555555551517,0.34801120073397296,106.0,105.86666666666666,3977.4333333333334,5919.533333333333,0.0,0,0,0,0,0,0,{}
1776141215,normal,k3s-wk1,0.3341111111110674,0.629689918192768,218.53333333333333,204.86666666666667,10189.966666666667,6742.2,0.0,0,9,2,0,6,0,"{""process_exit"": 9, ""process_exec"": 9, ""process_kprobe"": 6}"
1776141215,normal,sw-wk3,0.23711111111111272,0.3542295831899792,101093.1,679.6666666666666,6384.866666666667,6507.066666666667,0.0,0,3,3,0,0,0,"{""process_exit"": 5, ""process_exec"": 3}"
1776141215,normal,sw-wk2,0.24482812256963393,0.2861188628515361,105.92627158189454,100.85994267048864,5670.055329644691,27979.634691020598,0.0,0,0,0,0,0,0,{}
1776141225,transition,k3s-wk1,0.0,0.629689918192768,0.0,208.66666666666666,34877.933333333334,10526.733333333334,0.0,9,99,3,0,90,0,"{""process_exit"": 99, ""process_exec"": 99, ""process_kprobe"": 90}"
1776141225,transition,sw-wk3,0.23711111111111272,0.3542295831899792,101093.1,679.6666666666666,6384.866666666667,6507.066666666667,0.0,9,4,3,0,0,0,"{""process_exec"": 4, ""process_exit"": 4}"
1776141225,transition,sw-wk2,0.24482812256963393,0.2861188628515361,105.92627158189454,100.85994267048864,5670.055329644691,27979.634691020598,0.0,9,0,0,0,0,0,{}
1776141235,transition,k3s-wk1,0.37911111111114026,0.6318177867232292,208.66666666666666,208.66666666666666,34877.933333333334,10526.733333333334,0.0,19,36,3,0,30,0,"{""process_exit"": 36, ""process_exec"": 36, ""process_kprobe"": 30}"
1776141235,transition,sw-wk3,0.23711111111111272,0.3542295831899792,101093.1,679.6666666666666,6384.866666666667,6507.066666666667,0.0,19,2,2,0,0,0,"{""process_exit"": 2, ""process_exec"": 2}"
1776141235,transition,sw-wk2,0.0,0.2861188628515361,105.31929076123184,106.85241967737635,1101.353152912945,3646.3471537128385,0.0,19,0,0,0,0,0,{}
1776141245,transition,k3s-wk1,0.37911111111114026,0.6318177867232292,208.66666666666666,208.66666666666666,34877.933333333334,10526.733333333334,0.0,29,18,2,0,12,0,"{""process_exit"": 18, ""process_exec"": 18, ""process_kprobe"": 12}"
1776141245,transition,sw-wk2,0.16044527396347474,0.28687545395466185,105.31929076123184,106.85241967737635,1101.353152912945,3646.3471537128385,0.0,29,2,2,0,0,0,"{""process_exec"": 2}"
1776141245,transition,sw-wk3,0.0,0.3542295831899792,0.0,0.0,0.0,0.0,0.0,29,1,1,0,0,0,"{""process_exit"": 3, ""process_exec"": 1}"
1776141255,transition,k3s-wk1,0.0,0.6331024097405581,194.0666666666667,195.6,10822.633333333333,4953.433333333333,0.0,39,60,3,0,52,0,"{""process_exit"": 60, ""process_exec"": 60, ""process_kprobe"": 52}"
1776141255,transition,sw-wk2,0.16044527396347474,0.28687545395466185,105.31929076123184,106.85241967737635,1101.353152912945,3646.3471537128385,0.0,39,0,0,0,0,0,{}
1776141255,transition,sw-wk3,0.20596829205971046,0.3502427462823502,42212.34543212345,551.8781455187815,2627.370596273706,7457.920874579209,0.0,39,0,0,0,0,0,{}
1776141265,transition,k3s-wk1,0.37077777777780696,0.6331024097405581,194.06666666666666,195.6,10822.633333333333,4953.433333333333,0.0,49,54,3,0,48,0,"{""process_exit"": 54, ""process_exec"": 54, ""process_kprobe"": 48}"
1776141265,transition,sw-wk2,0.0,0.2894749417026645,68.21591704731104,68.21591704731104,3359.9173140399425,27947.621111592707,0.0,49,104,5,0,0,0,"{""process_exit"": 106, ""process_exec"": 104}"
1776141265,transition,sw-wk3,0.20596829205971046,0.3502427462823502,42212.34543212345,551.8781455187815,2627.370596273706,7457.920874579209,0.0,49,0,0,0,0,0,{}
1776141275,transition,k3s-wk1,0.37077777777780696,0.6331024097405581,194.06666666666666,195.6,10822.633333333333,4953.433333333333,0.0,59,57,3,0,50,0,"{""process_exit"": 57, ""process_exec"": 57, ""process_kprobe"": 50}"
1776141275,transition,sw-wk2,0.2332655397370319,0.2894749417026645,68.21591704731102,68.21591704731102,3359.9173140399425,27947.621111592707,0.0,59,0,0,0,0,0,{}
1776141275,transition,sw-wk3,0.0,0.3502427462823502,0.0,0.0,3309.99766643331,5718.871887188719,0.0,59,0,0,0,0,0,{}
1776141285,transition,k3s-wk1,0.0,0.6331024097405581,232.46666666666667,205.79999999999998,34872.76666666666,7093.666666666668,0.0,69,15,2,0,10,0,"{""process_exit"": 15, ""process_exec"": 15, ""process_kprobe"": 10}"
1776141285,transition,sw-wk3,0.2161438366058731,0.3511888833671012,100.87675434210087,100.8767543421009,3309.99766643331,5718.871887188719,0.0,69,1,1,0,0,0,"{""process_exit"": 11, ""process_exec"": 1}"
1776141285,transition,sw-wk2,0.2332655397370319,0.2894749417026645,68.21591704731104,68.21591704731104,3359.9173140399425,27947.621111592707,0.0,69,0,0,0,0,0,{}
1776141295,transition,k3s-wk1,0.36755555555553454,0.6304925253679181,232.46666666666667,205.79999999999998,34872.76666666666,7093.666666666667,0.0,79,33,3,0,28,0,"{""process_exit"": 33, ""process_exec"": 33, ""process_kprobe"": 28}"
1776141295,transition,sw-wk3,0.2161438366058731,0.3511888833671012,100.87675434210087,100.87675434210087,3309.99766643331,5718.871887188719,0.0,79,0,0,0,0,0,{}
1776141295,transition,sw-wk2,0.0,0.28408801304840914,111.00370012333745,100.87002900096671,2731.3577119237307,3739.224640821361,0.0,79,0,0,0,0,0,{}
1776141305,normal,k3s-wk1,0.36755555555553454,0.6304925253679181,232.46666666666667,205.79999999999998,34872.76666666666,7093.666666666667,0.0,0,144,3,0,132,0,"{""process_exit"": 144, ""process_exec"": 144, ""process_kprobe"": 132}"
1776141305,normal,sw-wk2,0.16763892129737812,0.28408801304840914,111.00370012333745,100.87002900096671,2731.357711923731,3739.224640821361,0.0,0,2,2,0,0,0,"{""process_exec"": 2}"
1776141305,normal,sw-wk3,0.20133333333336223,0.35271162251360266,100.86666666666666,100.86666666666669,2658.8333333333335,7327.5,0.0,0,0,0,0,0,0,{}
1776141315,transition,k3s-wk1,0.0,0.6304925253679181,212.25251649890006,202.11985867608826,33583.06112925805,10659.322711819212,0.0,10,36,3,0,30,0,"{""process_exit"": 36, ""process_exec"": 36, ""process_kprobe"": 30}"
1776141315,transition,sw-wk2,0.16763892129737812,0.28408801304840914,111.00370012333745,100.87002900096671,2731.357711923731,3739.224640821361,0.0,10,104,5,0,0,0,"{""process_exit"": 106, ""process_exec"": 104}"
1776141315,transition,sw-wk3,0.20133333333336245,0.35271162251360266,100.86666666666666,100.86666666666666,2658.8333333333335,7327.5,0.0,10,0,0,0,0,0,{}
1776141325,transition,k3s-wk1,0.40092882696707,0.6323776927132074,212.25251649890006,202.11985867608826,33583.06112925805,10659.322711819212,0.0,20,33,3,0,28,0,"{""process_exit"": 33, ""process_exec"": 33, ""process_kprobe"": 28}"
1776141325,transition,sw-wk3,0.20133333333336245,0.35271162251360266,100.86666666666666,100.86666666666666,2658.8333333333335,7327.5,0.0,20,0,0,0,0,0,"{""process_exit"": 13}"
1776141325,transition,sw-wk2,0.0,0.2868499687806618,116.05119317424344,100.85321957072391,5531.59578722837,27839.35475269964,0.0,20,0,0,0,0,0,{}
1776141335,normal,k3s-wk1,0.40092882696707,0.6323776927132074,212.25251649890006,202.11985867608826,33583.06112925805,10659.322711819212,0.0,0,33,3,0,28,0,"{""process_exit"": 33, ""process_exec"": 33, ""process_kprobe"": 28}"
1776141335,normal,sw-wk3,0.23333333333333328,0.34920581826522423,100.86666666666666,100.86666666666666,7752.733333333334,9826.4,0.0,0,2,2,0,0,0,"{""process_exit"": 15, ""process_exec"": 2}"
1776141335,normal,sw-wk2,0.24710038661515343,0.2868499687806618,116.05119317424344,100.85321957072391,5531.59578722837,27839.35475269964,0.0,0,0,0,0,0,0,{}
1776141345,transition,k3s-wk1,0.0,0.6353002665197667,223.88159210614043,211.94746316421097,13274.184945663043,6277.185145676379,0.0,9,102,3,0,92,0,"{""process_exit"": 102, ""process_exec"": 102, ""process_kprobe"": 92}"
1776141345,transition,sw-wk2,0.24710038661515343,0.2868499687806618,116.05119317424344,100.85321957072391,5531.59578722837,27839.35475269964,0.0,9,0,0,0,0,0,{}
1776141345,transition,sw-wk3,0.23333333333333328,0.34920581826522423,100.86666666666666,100.86666666666669,7752.733333333334,9826.4,0.0,9,0,0,0,0,0,{}
1776141355,normal,k3s-wk1,0.36640220459141226,0.6353002665197667,223.88159210614043,211.94746316421097,13274.184945663044,6277.185145676379,0.0,0,68,3,0,59,0,"{""process_exit"": 68, ""process_exec"": 68, ""process_kprobe"": 59}"
1776141355,normal,sw-wk3,0.23333333333333328,0.34920581826522423,100.86666666666666,100.86666666666666,7752.733333333334,9826.4,0.0,0,1,1,0,0,0,"{""process_exit"": 3, ""process_exec"": 1}"
1776141355,normal,sw-wk2,0.17272343357557818,0.2885240261477885,116.08988464359538,100.88684403547376,1224.4782289791292,3749.8499699939994,0.0,0,0,0,0,0,0,{}
1776141365,normal,k3s-wk1,0.36640220459141226,0.6353002665197667,223.88159210614043,211.94746316421097,13274.184945663044,6277.185145676379,0.0,0,28,2,0,23,0,"{""process_kprobe"": 23, ""process_exit"": 28, ""process_exec"": 28}"
1776141365,normal,sw-wk2,0.17272343357557818,0.2885240261477885,116.08988464359538,100.88684403547376,1224.4782289791292,3749.8499699939985,0.0,0,2,2,0,0,0,"{""process_exec"": 2}"
1776141365,normal,sw-wk3,0.19488888888885814,0.34923767473272427,70.4,71.86666666666666,2371.2,5663.200000000001,0.0,0,0,0,0,0,0,{}
1776141375,normal,k3s-wk1,0.3682222222222562,0.6316586198994653,208.66666666666666,205.40000000000003,9937.166666666666,5759.166666666667,0.0,0,57,3,0,50,0,"{""process_exit"": 57, ""process_exec"": 57, ""process_kprobe"": 50}"
1776141375,normal,sw-wk2,0.17272343357557818,0.2885240261477885,116.08988464359538,100.88684403547376,1224.4782289791292,3749.8499699939985,0.0,0,0,0,0,0,0,{}
1776141375,normal,sw-wk3,0.19488888888885814,0.34923767473272427,70.4,71.86666666666666,2371.2,5663.2,0.0,0,0,0,0,0,0,{}
1776141385,normal,k3s-wk1,0.3682222222222562,0.6316586198994653,208.66666666666666,205.4,9937.166666666666,5759.166666666667,0.0,0,51,3,0,46,0,"{""process_exit"": 52, ""process_exec"": 51, ""process_kprobe"": 46}"
1776141385,normal,sw-wk2,0.24079320113314306,0.288942938695414,78.25362439593401,68.18863522746207,6983.436093984336,28087.485419096818,0.0,0,104,5,0,0,0,"{""process_exit"": 106, ""process_exec"": 104}"
1776141385,normal,sw-wk3,0.19488888888885814,0.34923767473272427,70.4,71.86666666666666,2371.2,5663.2,0.0,0,0,0,0,0,0,{}
1776141395,normal,k3s-wk1,0.3682222222222562,0.6316586198994653,208.66666666666666,205.4,9937.166666666666,5759.166666666667,0.0,0,36,3,0,30,0,"{""process_exit"": 36, ""process_exec"": 36, ""process_kprobe"": 30}"
1776141395,normal,sw-wk3,0.2088888888889212,0.34405781311721906,100.86666666666666,94.33333333333333,4163.8,6032.0,0.0,0,1,1,0,0,0,"{""process_exit"": 5, ""process_exec"": 1}"
1776141395,normal,sw-wk2,0.24079320113314295,0.288942938695414,78.25362439593401,68.18863522746209,6983.436093984335,28087.485419096818,0.0,0,0,0,0,0,0,{}
1776141407,normal,k3s-wk1,0.36444444444439583,0.6300263133238435,221.66666666666666,211.53333333333333,33617.4,8559.6,0.0,0,36,3,0,30,0,"{""process_exit"": 36, ""process_exec"": 36, ""process_kprobe"": 30}"
1776141407,normal,sw-wk2,0.24079320113314295,0.288942938695414,78.25362439593401,68.18863522746209,6983.436093984336,28087.485419096818,0.0,0,0,0,0,0,0,{}
1776141407,normal,sw-wk3,0.2088888888889212,0.34405781311721906,100.86666666666669,94.33333333333333,4163.8,6032.0,0.0,0,0,0,0,0,0,{}
1776141415,normal,k3s-wk1,0.36444444444439594,0.6300263133238435,221.6666666666667,211.53333333333333,33617.4,8559.6,0.0,0,36,3,0,30,0,"{""process_exit"": 36, ""process_exec"": 36, ""process_kprobe"": 30}"
1776141415,normal,sw-wk3,0.2088888888889212,0.34405781311721906,100.86666666666666,94.33333333333333,4163.8,6032.0,0.0,0,1,1,0,0,0,"{""process_exit"": 7, ""process_exec"": 1}"
1776141415,normal,sw-wk2,0.16058353610431986,0.28501981472278504,100.86330455651476,100.86330455651476,758.9747008433051,3709.609679677344,0.0,0,0,0,0,0,0,{}
1776141425,normal,k3s-wk1,0.36444444444439594,0.6300263133238435,221.66666666666666,211.53333333333333,33617.4,8559.6,0.0,0,36,3,0,30,0,"{""process_exit"": 36, ""process_exec"": 36, ""process_kprobe"": 30}"
1776141425,normal,sw-wk2,0.16058353610431986,0.28501981472278504,100.86330455651476,100.86330455651476,758.9747008433051,3709.6096796773436,0.0,0,2,2,0,0,0,"{""process_exec"": 2}"
1776141425,normal,sw-wk3,0.2027777777777373,0.34148221771984144,100.86666666666666,100.86666666666666,2274.2666666666673,6136.9,0.0,0,0,0,0,0,0,{}
