timestamp,label,node,avg_cpu,avg_mem,net_bytes_in,net_bytes_out,net_internal_bytes_in,net_internal_bytes_out,net_drop_rate,last_successful_scrape_age_sec,exec_count,unique_process_count,tmp_exec_count,outbound_connect_count,mining_port_count,syscall_feature_vector
1776110928,normal,sw-wk2,0.17994355931827333,0.28766390152528765,156.12292513832412,79.99466702219851,5039.06406239584,11956.769548696753,0.0,0,0,0,0,0,0,{}
1776110928,normal,k3s-wk1,0.2251705669266788,0.5839142169838902,0.0,0.0,8257.217147809855,1301.453430228682,0.0,0,0,0,0,0,0,{}
1776110928,normal,sw-wk3,0.14211111111111074,0.32892917670145394,104.8,54.0,2418.4666666666667,4931.266666666666,0.0,0,0,0,0,0,0,{}
1776110937,normal,sw-wk2,0.11108148049378397,0.28365635791378363,156.13853795126505,80.00266675555852,578.0192673089103,3559.951998399947,0.0,0,0,0,0,0,0,{}
1776110937,normal,k3s-wk1,0.2251705669266788,0.5839142169838902,0.0,0.0,8257.217147809855,1301.453430228682,0.0,0,18,2,0,12,0,"{""process_exit"": 18, ""process_exec"": 18, ""process_kprobe"": 12}"
1776110937,normal,sw-wk3,0.14211111111111074,0.32892917670145394,104.8,54.0,2418.4666666666667,4931.266666666666,0.0,0,0,0,0,0,0,{}
1776110947,normal,sw-wk2,0.11108148049378419,0.28365635791378363,156.13853795126505,80.00266675555852,578.0192673089102,3559.951998399947,0.0,0,2,2,0,0,0,"{""process_exec"": 2}"
1776110947,normal,k3s-wk1,0.2251705669266788,0.5839142169838902,0.0,0.0,8257.217147809855,1301.453430228682,0.0,0,75,3,0,68,0,"{""process_exit"": 75, ""process_exec"": 75, ""process_kprobe"": 68}"
1776110947,normal,sw-wk3,0.15188888888888963,0.3325480714094575,156.13333333333333,80.0,2293.7,6428.233333333334,0.0,0,1,1,0,0,0,"{""process_exit"": 9, ""process_exec"": 1}"
1776110957,normal,sw-wk2,0.11108148049378397,0.28365635791378363,156.13853795126505,80.00266675555852,578.0192673089103,3559.951998399947,0.0,0,104,5,0,0,0,"{""process_exit"": 106, ""process_exec"": 104}"
1776110957,normal,k3s-wk1,0.345666666666663,0.6219449282789777,433.3333333333333,220.4,34187.666666666664,9447.366666666669,0.0,0,63,3,0,54,0,"{""process_exit"": 63, ""process_exec"": 63, ""process_kprobe"": 54}"
1776110957,normal,sw-wk3,0.15188888888888963,0.3325480714094575,156.13333333333333,80.0,2293.7,6428.233333333334,0.0,0,0,0,0,0,0,{}
1776110967,normal,sw-wk2,0.18789171889585365,0.2888234769422888,104.8139751966929,54.00720096012802,5490.232030937458,27770.502733697824,0.0,0,0,0,0,0,0,{}
1776110967,normal,k3s-wk1,0.345666666666663,0.6219449282789777,433.3333333333333,220.4,34187.666666666664,9447.366666666667,0.0,0,15,2,0,10,0,"{""process_exit"": 15, ""process_exec"": 15, ""process_kprobe"": 10}"
1776110967,normal,sw-wk3,0.15188888888888963,0.3325480714094575,156.13333333333333,80.0,2293.7,6428.233333333334,0.0,0,0,0,0,0,0,{}
1776110977,normal,sw-wk2,0.18789171889585365,0.2888234769422888,104.8139751966929,54.00720096012802,5490.232030937458,27770.502733697824,0.0,0,0,0,0,0,0,{}
1776110977,normal,k3s-wk1,0.345666666666663,0.6219449282789777,433.3333333333333,220.4,34187.666666666664,9447.366666666667,0.0,0,12,2,0,8,0,"{""process_exit"": 12, ""process_exec"": 12, ""process_kprobe"": 8}"
1776110977,normal,sw-wk3,0.16088888888889408,0.33445945945945943,156.13333333333333,80.0,3610.633333333333,5221.4,0.0,0,1,1,0,0,0,"{""process_exit"": 3, ""process_exec"": 1}"
1776110987,normal,sw-wk2,0.18789171889585365,0.2888234769422888,104.8139751966929,54.00720096012802,5490.232030937458,27770.502733697824,0.0,0,0,0,0,0,0,{}
1776110987,normal,k3s-wk1,0.27877777777777935,0.6226809337335457,330.0,171.8,9481.166666666666,3886.866666666667,0.0,0,12,2,0,8,0,"{""process_exit"": 13, ""process_exec"": 12, ""process_kprobe"": 8}"
1776110987,normal,sw-wk3,0.16088888888889408,0.33445945945945943,156.13333333333333,80.0,3610.633333333333,5221.4,0.0,0,0,0,0,0,0,{}
1776110997,normal,sw-wk2,0.11486629114866209,0.28871994342291374,156.1177215611772,79.99200079992,1929.540379295404,3824.050928240509,0.0,0,0,0,0,0,0,{}
1776110997,normal,k3s-wk1,0.27877777777777935,0.6226809337335457,330.0,171.8,9481.166666666666,3886.866666666667,0.0,0,60,3,0,52,0,"{""process_exit"": 60, ""process_exec"": 60, ""process_kprobe"": 52}"
1776110997,normal,sw-wk3,0.16088888888889408,0.33445945945945943,156.13333333333333,80.0,3610.633333333333,5221.4,0.0,0,0,0,0,0,0,{}
1776111007,normal,sw-wk2,0.1148662911486622,0.28871994342291374,156.1177215611772,79.99200079992,1929.540379295404,3824.050928240509,0.0,0,2,2,0,0,0,"{""process_exec"": 2}"
1776111007,normal,k3s-wk1,0.27877777777777935,0.6226809337335457,330.0,171.8,9481.166666666666,3886.866666666667,0.0,0,30,3,0,26,0,"{""process_exit"": 30, ""process_exec"": 30, ""process_kprobe"": 26}"
1776111007,normal,sw-wk3,0.15388888888889296,0.32787313480382785,154.0,78.0,2238.5,6345.8,0.0,0,1,1,0,0,0,"{""process_exit"": 5, ""process_exec"": 1}"
1776111017,normal,sw-wk2,0.11486629114866209,0.28871994342291374,156.1177215611772,79.99200079992,1929.540379295404,3824.050928240509,0.0,0,104,5,0,0,0,"{""process_exit"": 106, ""process_exec"": 104}"
1776111017,normal,k3s-wk1,0.31000000000000616,0.6247850965668507,509.96666666666664,258.23333333333335,33629.6,9277.4,0.0,0,36,3,0,30,0,"{""process_exit"": 36, ""process_exec"": 36, ""process_kprobe"": 30}"
1776111017,normal,sw-wk3,0.15388888888889296,0.32787313480382785,154.0,78.0,2238.5,6345.8,0.0,0,0,0,0,0,0,{}
1776111027,normal,sw-wk2,0.21569281023965714,0.28818634759228823,156.1281290623646,79.99733342221924,5354.88817039432,27677.27742408586,0.0,0,0,0,0,0,0,{}
1776111027,normal,k3s-wk1,0.31000000000000616,0.6247850965668507,509.96666666666664,258.23333333333335,33629.6,9277.4,0.0,0,78,3,0,70,0,"{""process_exit"": 78, ""process_exec"": 78, ""process_kprobe"": 70}"
1776111027,normal,sw-wk3,0.15388888888889296,0.32787313480382785,154.0,78.0,2238.5,6345.8,0.0,0,0,0,0,0,0,{}
1776111037,normal,sw-wk2,0.21569281023965714,0.28818634759228823,156.12812906236456,79.99733342221924,5354.88817039432,27677.27742408586,0.0,0,0,0,0,0,0,{}
1776111037,normal,k3s-wk1,0.31000000000000616,0.6247850965668507,509.96666666666664,258.23333333333335,33629.6,9277.4,0.0,0,54,3,0,48,0,"{""process_exit"": 54, ""process_exec"": 54, ""process_kprobe"": 48}"
1776111037,normal,sw-wk3,0.16177777777777214,0.3259107764058259,156.13333333333333,80.0,2922.6,5145.633333333333,0.0,0,0,0,0,0,0,{}
1776111048,normal,sw-wk2,0.21569281023965714,0.28818634759228823,156.12812906236456,79.99733342221924,5354.88817039432,27677.27742408586,0.0,0,0,0,0,0,0,{}
1776111048,normal,k3s-wk1,0.2760000000000016,0.6308808472641932,327.5333333333333,167.80000000000004,9440.6,1810.2000000000003,0.0,0,36,3,0,30,0,"{""process_exit"": 36, ""process_exec"": 36, ""process_kprobe"": 30}"
1776111048,normal,sw-wk3,0.16177777777777214,0.3259107764058259,156.13333333333333,80.0,2922.6,5145.633333333333,0.0,0,1,1,0,0,0,"{""process_exit"": 5, ""process_exec"": 1}"
1776111057,normal,sw-wk2,0.11400000000001254,0.2917240083081667,154.0,78.0,977.1999999999999,3611.9333333333334,0.0,0,0,0,0,0,0,{}
1776111057,normal,k3s-wk1,0.2760000000000016,0.6308808472641932,327.5333333333333,167.8,9440.6,1810.2,0.0,0,33,3,0,28,0,"{""process_exit"": 33, ""process_exec"": 33, ""process_kprobe"": 28}"
1776111057,normal,sw-wk3,0.16177777777777214,0.3259107764058259,156.13333333333333,80.0,2922.6,5145.633333333333,0.0,0,0,0,0,0,0,{}
1776111067,normal,sw-wk2,0.11400000000001254,0.2917240083081667,154.0,78.0,977.1999999999999,3611.9333333333334,0.0,0,2,2,0,0,0,"{""process_exec"": 2}"
1776111067,normal,k3s-wk1,0.2760000000000016,0.6308808472641932,327.5333333333333,167.8,9440.6,1810.2,0.0,0,54,3,0,48,0,"{""process_exit"": 54, ""process_exec"": 54, ""process_kprobe"": 48}"
1776111067,normal,sw-wk3,0.16399999999999215,0.32605731615632605,154.0,78.00000000000001,2874.233333333333,6603.566666666667,0.0,0,1,1,0,0,0,"{""process_exit"": 5, ""process_exec"": 1}"
1776111077,normal,sw-wk2,0.11400000000001254,0.2917240083081667,154.0,78.0,977.1999999999999,3611.9333333333334,0.0,0,0,0,0,0,0,{}
1776111077,normal,k3s-wk1,0.2898888888888804,0.6225635340904858,327.5333333333333,167.8,10022.066666666666,5589.833333333333,0.0,0,57,3,0,50,0,"{""process_exit"": 57, ""process_exec"": 57, ""process_kprobe"": 50}"
1776111077,normal,sw-wk3,0.16399999999999226,0.32605731615632605,154.0,78.0,2874.233333333333,6603.566666666667,0.0,0,0,0,0,0,0,{}
1776111087,normal,sw-wk2,0.1940842472526788,0.2898651834295398,156.13853795126502,80.00266675555852,5819.2606420214015,27807.59358645288,0.0,0,104,5,0,0,0,"{""process_exit"": 106, ""process_exec"": 104}"
1776111087,normal,k3s-wk1,0.2898888888888804,0.6225635340904858,327.5333333333333,167.8,10022.066666666666,5589.833333333333,0.0,0,12,2,0,8,0,"{""process_exit"": 12, ""process_exec"": 12, ""process_kprobe"": 8}"
1776111087,normal,sw-wk3,0.16399999999999226,0.32605731615632605,154.0,78.0,2874.233333333333,6603.566666666667,0.0,0,0,0,0,0,0,{}
1776111098,normal,sw-wk2,0.1940842472526788,0.2898651834295398,156.13853795126505,80.00266675555852,5819.2606420214015,27807.593586452884,0.0,0,0,0,0,0,0,{}
1776111098,normal,k3s-wk1,0.2898888888888804,0.6225635340904858,327.5333333333333,167.8,10022.066666666666,5589.833333333333,0.0,0,18,2,0,12,0,"{""process_exit"": 18, ""process_exec"": 18, ""process_kprobe"": 12}"
1776111098,normal,sw-wk3,0.15000000000001013,0.3284736292162035,104.8,54.00000000000001,4551.733333333334,5360.766666666666,0.0,0,0,0,0,0,0,{}
1776111107,normal,sw-wk2,0.1940842472526788,0.2898651834295398,156.13853795126505,80.00266675555852,5819.2606420214015,27807.593586452884,0.0,0,0,0,0,0,0,{}
1776111107,normal,k3s-wk1,0.28066666666666895,0.6189896180334882,331.5333333333334,172.4,33087.03333333333,8598.233333333334,0.0,0,12,2,0,8,0,"{""process_exit"": 12, ""process_exec"": 12, ""process_kprobe"": 8}"
1776111107,normal,sw-wk3,0.15000000000001013,0.3284736292162035,104.8,54.0,4551.733333333334,5360.766666666666,0.0,0,1,1,0,0,0,"{""process_exit"": 7, ""process_exec"": 1}"
1776111117,normal,sw-wk2,0.13369554348188128,0.2797475693515298,153.99486683777204,77.99740008666379,1565.6478117396089,3676.777440751974,0.0,0,0,0,0,0,0,{}
1776111117,normal,k3s-wk1,0.28066666666666895,0.6189896180334882,331.5333333333333,172.4,33087.03333333333,8598.233333333334,0.0,0,17,2,0,12,0,"{""process_exit"": 18, ""process_exec"": 17, ""process_kprobe"": 12}"
1776111117,normal,sw-wk3,0.15000000000001013,0.3284736292162035,104.8,54.0,4551.733333333334,5360.766666666666,0.0,0,8,3,0,0,0,"{""process_exec"": 8, ""process_exit"": 8}"
1776111127,normal,sw-wk2,0.13369554348188106,0.2797475693515298,153.99486683777204,77.99740008666376,1565.6478117396084,3676.777440751974,0.0,0,2,2,0,0,0,"{""process_exec"": 2}"
1776111127,normal,k3s-wk1,0.28066666666666906,0.6189896180334882,331.5333333333333,172.4,33087.03333333333,8598.233333333334,0.0,0,61,3,0,52,0,"{""process_exec"": 61, ""process_exit"": 60, ""process_kprobe"": 52}"
1776111127,normal,sw-wk3,0.2321111111111046,0.3349213782382099,154.0,78.0,12392.966666666667,11167.433333333332,0.0,0,9,3,0,0,0,"{""process_exec"": 9, ""process_exit"": 17}"
1776111137,normal,sw-wk2,0.13369554348188128,0.2797475693515298,153.99486683777204,77.99740008666376,1565.6478117396084,3676.777440751974,0.0,0,104,5,0,0,0,"{""process_exit"": 106, ""process_exec"": 104}"
1776111137,normal,k3s-wk1,0.34922222222222543,0.6218907438283346,325.5333333333333,165.8,39729.96666666667,23534.13333333333,0.0,0,36,3,0,30,0,"{""process_exit"": 36, ""process_exec"": 36, ""process_kprobe"": 30}"
1776111137,normal,sw-wk3,0.2321111111111045,0.3349213782382099,154.0,78.0,12392.966666666667,11167.433333333332,0.0,0,0,0,0,0,0,{}
1776111148,normal,sw-wk2,0.19463982132738245,0.29011844234616513,156.13853795126505,80.00266675555852,6665.3555118503955,27715.190506350216,0.0,0,0,0,0,0,0,{}
1776111148,normal,k3s-wk1,0.34922222222222543,0.6218907438283346,325.5333333333333,165.8,39729.96666666667,23534.13333333333,0.0,0,12,2,0,8,0,"{""process_exit"": 12, ""process_exec"": 12, ""process_kprobe"": 8}"
1776111148,normal,sw-wk3,0.2321111111111046,0.3349213782382099,154.0,78.0,12392.966666666667,11167.433333333332,0.0,0,9,3,0,0,0,"{""process_exit"": 43, ""process_exec"": 9}"
1776111157,normal,sw-wk2,0.19463982132738245,0.29011844234616513,156.13853795126505,80.00266675555852,6665.3555118503955,27715.190506350216,0.0,0,0,0,0,0,0,{}
1776111157,normal,k3s-wk1,0.34922222222222543,0.6218907438283346,325.5333333333333,165.8,39729.96666666667,23534.13333333333,0.0,0,39,3,0,32,0,"{""process_exit"": 40, ""process_exec"": 39, ""process_kprobe"": 32}"
1776111157,normal,sw-wk3,0.22266666666667634,0.33881105291996383,156.13333333333335,80.0,11647.066666666666,14179.133333333337,0.0,0,0,0,0,0,0,"{""process_exit"": 4}"
1776111167,normal,sw-wk2,0.19463982132738245,0.29011844234616513,156.13853795126505,80.00266675555852,6665.3555118503955,27715.190506350216,0.0,0,0,0,0,0,0,{}
1776111167,normal,k3s-wk1,0.2929999999999987,0.6182807048042418,325.5333333333334,165.8,16879.433333333334,11200.333333333334,0.0,0,72,3,0,65,0,"{""process_exec"": 72, ""process_kprobe"": 65, ""process_exit"": 72}"
1776111167,normal,sw-wk3,0.22266666666667634,0.33881105291996383,156.13333333333333,80.0,11647.066666666666,14179.133333333333,0.0,0,0,0,0,0,0,{}
1776111177,normal,sw-wk2,0.11728107015087075,0.2941275787810441,104.79301379908006,53.996400239984,1333.4111059262716,3627.6914872341845,0.0,0,0,0,0,0,0,{}
1776111177,normal,k3s-wk1,0.2929999999999988,0.6182807048042418,325.5333333333333,165.8,16879.433333333334,11200.333333333334,0.0,0,39,3,0,33,0,"{""process_exec"": 39, ""process_kprobe"": 33, ""process_exit"": 38}"
1776111177,normal,sw-wk3,0.22266666666667634,0.33881105291996383,156.13333333333333,80.0,11647.066666666666,14179.133333333333,0.0,0,5,3,0,0,0,"{""process_exit"": 5, ""process_exec"": 5}"
1776111187,normal,sw-wk2,0.11728107015087075,0.2941275787810441,104.79301379908006,53.996400239984,1333.4111059262716,3627.6914872341845,0.0,0,2,2,0,0,0,"{""process_exec"": 2}"
1776111187,normal,k3s-wk1,0.2929999999999988,0.6182807048042418,325.5333333333333,165.8,16879.433333333334,11200.333333333334,0.0,0,18,2,0,12,0,"{""process_exit"": 18, ""process_exec"": 18, ""process_kprobe"": 12}"
1776111187,normal,sw-wk3,0.20622222222221653,0.3402318513704652,154.0,78.0,7598.500000000002,8018.433333333333,0.0,0,4,3,0,0,0,"{""process_exec"": 4, ""process_exit"": 6}"
1776111198,normal,sw-wk2,0.11728107015087075,0.2941275787810441,104.79301379908006,53.996400239984,1333.4111059262716,3627.6914872341845,0.0,0,104,5,0,0,0,"{""process_exit"": 106, ""process_exec"": 104}"
1776111198,normal,k3s-wk1,0.33517697886470776,0.619785452152308,328.39103055342684,168.72688501649284,39961.51667610702,14742.444940525771,0.0,0,9,2,0,6,0,"{""process_exit"": 9, ""process_exec"": 9, ""process_kprobe"": 6}"
1776111198,normal,sw-wk3,0.20622222222221642,0.3402318513704652,154.0,78.00000000000001,7598.5,8018.433333333333,0.0,0,1,1,0,0,0,"{""process_exit"": 29, ""process_exec"": 1}"
1776111207,normal,sw-wk2,0.23409457131744105,0.2856059737247856,154.02567094515751,78.01300216702784,6387.964660776795,27919.119853308886,0.0,0,0,0,0,0,0,{}
1776111207,normal,k3s-wk1,0.33517697886470776,0.619785452152308,328.39103055342684,168.72688501649284,39961.51667610702,14742.444940525775,0.0,0,12,2,0,8,0,"{""process_exit"": 12, ""process_exec"": 12, ""process_kprobe"": 8}"
1776111207,normal,sw-wk3,0.20622222222221653,0.3402318513704652,154.0,78.0,7598.5,8018.433333333333,0.0,0,0,0,0,0,0,{}
1776111217,normal,sw-wk2,0.23409457131744105,0.2856059737247856,154.02567094515754,78.01300216702784,6387.964660776797,27919.119853308883,0.0,0,0,0,0,0,0,{}
1776111217,normal,k3s-wk1,0.33517697886470776,0.619785452152308,328.3910305534269,168.72688501649284,39961.51667610702,14742.444940525771,0.0,0,18,2,0,12,0,"{""process_exit"": 18, ""process_exec"": 18, ""process_kprobe"": 12}"
1776111217,normal,sw-wk3,0.21955555555554784,0.3318424506543318,156.13333333333333,80.0,13883.233333333334,10468.433333333332,0.0,0,0,0,0,0,0,{}
1776111227,normal,sw-wk2,0.23409457131744105,0.2856059737247856,154.02567094515751,78.01300216702784,6387.964660776795,27919.119853308883,0.0,0,0,0,0,0,0,{}
1776111227,normal,k3s-wk1,0.3244850546347914,0.6220420087530465,325.67445893220395,165.87187781371927,10262.947277153435,13462.000200086706,0.0,0,39,3,0,32,0,"{""process_exit"": 39, ""process_exec"": 39, ""process_kprobe"": 32}"
1776111227,normal,sw-wk3,0.21955555555554784,0.3318424506543318,156.13333333333333,80.0,13883.233333333334,10468.433333333332,0.0,0,1,1,0,0,0,"{""process_exit"": 3, ""process_exec"": 1}"
1776111237,normal,sw-wk2,0.13419769134198367,0.28670502185353675,156.11772156117718,79.99200079992,1958.9041095890411,3583.7749558377495,0.0,0,0,0,0,0,0,{}
1776111237,normal,k3s-wk1,0.3244850546347914,0.6220420087530465,325.674458932204,165.8718778137193,10262.947277153435,13462.000200086706,0.0,0,63,3,0,54,0,"{""process_exit"": 63, ""process_exec"": 63, ""process_kprobe"": 54}"
1776111237,normal,sw-wk3,0.21955555555554784,0.3318424506543318,156.13333333333333,80.0,13883.233333333334,10468.433333333332,0.0,0,0,0,0,0,0,{}
1776111247,normal,sw-wk2,0.13419769134198367,0.28670502185353675,156.1177215611772,79.99200079992,1958.9041095890411,3583.7749558377495,0.0,0,2,2,0,0,0,"{""process_exec"": 2}"
1776111247,normal,k3s-wk1,0.3244850546347914,0.6220420087530465,325.674458932204,165.8718778137193,10262.947277153435,13462.000200086706,0.0,0,60,3,0,52,0,"{""process_exit"": 60, ""process_exec"": 60, ""process_kprobe"": 52}"
1776111247,normal,sw-wk3,0.15322222222223203,0.3334480166163335,104.8,54.0,2407.6333333333337,5723.633333333334,0.0,0,0,0,0,0,0,{}
1776111257,normal,sw-wk2,0.13419769134198367,0.28670502185353675,156.1177215611772,79.99200079992,1958.9041095890411,3583.7749558377495,0.0,0,104,5,0,0,0,"{""process_exit"": 106, ""process_exec"": 104}"
1776111257,normal,k3s-wk1,0.2946666666666614,0.6205869304847363,323.4,163.8,9279.3,4653.8,0.0,0,12,2,0,8,0,"{""process_exit"": 12, ""process_exec"": 12, ""process_kprobe"": 8}"
1776111257,normal,sw-wk3,0.15322222222223203,0.3334480166163335,104.80000000000003,54.0,2407.633333333333,5723.633333333333,0.0,0,0,0,0,0,0,{}
1776111267,normal,sw-wk2,0.20169794757253345,0.29001809447354,154.01540154015402,78.007800780078,5440.77741107444,27796.046271293795,0.0,0,0,0,0,0,0,{}
1776111267,normal,k3s-wk1,0.2946666666666614,0.6205869304847363,323.4,163.8,9279.3,4653.8,0.0,0,12,2,0,8,0,"{""process_exit"": 12, ""process_exec"": 12, ""process_kprobe"": 8}"
1776111267,normal,sw-wk3,0.15322222222223203,0.3334480166163335,104.8,54.0,2407.633333333333,5723.633333333333,0.0,0,0,0,0,0,0,{}
1776111277,normal,sw-wk2,0.20169794757253345,0.29001809447354,154.01540154015402,78.007800780078,5440.77741107444,27796.0462712938,0.0,0,0,0,0,0,0,{}
1776111277,normal,k3s-wk1,0.2946666666666614,0.6205869304847363,323.4,163.8,9279.3,4653.8,0.0,0,33,3,0,28,0,"{""process_exit"": 33, ""process_exec"": 33, ""process_kprobe"": 28}"
1776111277,normal,sw-wk3,0.15641068170509254,0.32895625469882894,153.259246972964,77.62481340189086,2843.357107314646,5537.601592303865,0.0,0,1,1,0,0,0,"{""process_exit"": 3, ""process_exec"": 1}"
1776111288,normal,sw-wk2,0.20169794757253345,0.29001809447354,154.01540154015402,78.007800780078,5440.77741107444,27796.046271293795,0.0,0,0,0,0,0,0,{}
1776111288,normal,k3s-wk1,0.2711111111111171,0.6187390149492642,325.5333333333333,165.8,33005.2,8439.733333333334,0.0,0,15,2,0,10,0,"{""process_exit"": 16, ""process_exec"": 15, ""process_kprobe"": 10}"
1776111288,normal,sw-wk3,0.15641068170509254,0.32895625469882894,153.259246972964,77.62481340189086,2843.357107314646,5537.601592303865,0.0,0,0,0,0,0,0,{}
1776111297,normal,sw-wk2,0.115222222222221,0.2878805255042879,104.8,54.0,1932.1,3763.0333333333333,0.0,0,0,0,0,0,0,{}
1776111297,normal,k3s-wk1,0.2711111111111171,0.6187390149492642,325.5333333333333,165.8,33005.2,8439.733333333334,0.0,0,33,3,0,28,0,"{""process_exit"": 33, ""process_exec"": 33, ""process_kprobe"": 28}"
1776111297,normal,sw-wk3,0.15641068170509254,0.32895625469882894,153.259246972964,77.62481340189086,2843.357107314646,5537.601592303865,0.0,0,0,0,0,0,0,{}
1776111307,normal,sw-wk2,0.115222222222221,0.2878805255042879,104.8,54.0,1932.1,3763.0333333333333,0.0,0,2,2,0,0,0,"{""process_exec"": 2}"
1776111307,normal,k3s-wk1,0.2711111111111171,0.6187390149492642,325.5333333333333,165.8,33005.2,8439.733333333334,0.0,0,36,3,0,30,0,"{""process_exit"": 36, ""process_exec"": 36, ""process_kprobe"": 30}"
1776111307,normal,sw-wk3,0.15402221850052533,0.33132000458733135,156.89164294088096,80.3885446323899,2893.0162451850615,5926.210015072853,0.0,0,1,1,0,0,0,"{""process_exit"": 5, ""process_exec"": 1}"
1776111317,normal,sw-wk2,0.115222222222221,0.2878805255042879,104.8,54.0,1932.1,3763.0333333333333,0.0,0,0,0,0,0,0,{}
1776111317,normal,k3s-wk1,0.2865555555555551,0.6157306490958534,323.4000000000001,163.8,10007.7,4701.833333333333,0.0,0,12,2,0,8,0,"{""process_exit"": 12, ""process_exec"": 12, ""process_kprobe"": 8}"
1776111317,normal,sw-wk3,0.15402221850052533,0.33132000458733135,156.89164294088096,80.3885446323899,2893.0162451850615,5926.210015072853,0.0,0,0,0,0,0,0,{}
1776111327,normal,sw-wk2,0.20141319201413066,0.2931957771066682,156.1177215611772,79.99200079992,5584.5748758457485,27828.350498283507,0.0,0,104,5,0,0,0,"{""process_exit"": 106, ""process_exec"": 104}"
1776111327,normal,k3s-wk1,0.2865555555555551,0.6157306490958534,323.4,163.8,10007.7,4701.833333333333,0.0,0,81,3,0,72,0,"{""process_exit"": 81, ""process_exec"": 81, ""process_kprobe"": 72}"
1776111327,normal,sw-wk3,0.15402221850052533,0.33132000458733135,156.89164294088096,80.3885446323899,2893.0162451850615,5926.210015072853,0.0,0,0,0,0,0,0,{}
1776111337,normal,sw-wk2,0.20141319201413088,0.2931957771066682,156.1177215611772,79.99200079992,5584.574875845748,27828.350498283507,0.0,0,0,0,0,0,0,{}
1776111337,normal,k3s-wk1,0.2865555555555551,0.6157306490958534,323.4,163.8,10007.7,4701.833333333333,0.0,0,15,2,0,10,0,"{""process_exit"": 15, ""process_exec"": 15, ""process_kprobe"": 10}"
1776111337,normal,sw-wk3,0.19799999999999673,0.33267549727945767,755.5,370.46666666666664,6079.8,5672.066666666667,0.0,0,3,3,0,0,0,"{""process_exec"": 3, ""process_exit"": 5}"
1776111347,normal,sw-wk2,0.20141319201413066,0.2931957771066682,156.1177215611772,79.99200079992,5584.5748758457485,27828.350498283507,0.0,0,0,0,0,0,0,{}
1776111347,normal,k3s-wk1,0.31033333333332647,0.6201963509030177,325.5333333333334,165.8,34590.86666666667,10317.2,0.0,0,33,3,0,28,0,"{""process_exit"": 33, ""process_exec"": 33, ""process_kprobe"": 28}"
1776111347,normal,sw-wk3,0.19799999999999673,0.33267549727945767,755.5,370.46666666666664,6079.8,5672.066666666667,0.0,0,4,4,0,0,0,"{""process_exit"": 5, ""process_exec"": 4}"
1776111357,normal,sw-wk2,0.12966666666665738,0.287995208787288,154.0,78.0,971.6,3558.9000000000005,0.0,0,0,0,0,0,0,{}
1776111357,normal,k3s-wk1,0.31033333333332647,0.6201963509030177,325.5333333333333,165.8,34590.86666666667,10317.2,0.0,0,33,3,0,28,0,"{""process_exit"": 33, ""process_exec"": 33, ""process_kprobe"": 28}"
1776111357,normal,sw-wk3,0.19799999999999673,0.33267549727945767,755.5,370.46666666666664,6079.8,5672.066666666667,0.0,0,3,2,0,0,0,"{""process_exit"": 3, ""process_exec"": 3}"
1776111367,normal,sw-wk2,0.12966666666665738,0.287995208787288,154.0,78.0,971.6,3558.9,0.0,0,106,7,0,0,0,"{""process_exec"": 106, ""process_exit"": 106}"
1776111367,normal,k3s-wk1,0.31033333333332647,0.6201963509030177,325.5333333333333,165.8,34590.86666666667,10317.2,0.0,0,81,3,0,72,0,"{""process_exit"": 81, ""process_exec"": 81, ""process_kprobe"": 72}"
1776111367,normal,sw-wk3,0.1611111111111212,0.33380162340558384,226.53333333333333,152.66666666666666,3005.333333333334,8976.133333333333,0.0,0,4,2,0,0,0,"{""process_exit"": 8, ""process_exec"": 4}"
1776111377,normal,sw-wk2,0.12966666666665738,0.287995208787288,154.0,78.0,971.6,3558.9,0.0,0,0,0,0,0,0,{}
1776111377,normal,k3s-wk1,0.3074444444444453,0.6252005106884473,323.4,163.8,35989.53333333333,10397.5,0.0,0,36,3,0,30,0,"{""process_exit"": 36, ""process_exec"": 36, ""process_kprobe"": 30}"
1776111377,normal,sw-wk3,0.1611111111111212,0.33380162340558384,226.53333333333333,152.66666666666666,3005.3333333333335,8976.133333333333,0.0,0,3,2,0,0,0,"{""process_exit"": 3, ""process_exec"": 3}"
1776111387,normal,sw-wk2,0.2025821361510327,0.2877419498706627,156.12812906236456,79.99733342221924,5746.875104163194,27680.977300756636,0.0,0,0,0,0,0,0,{}
1776111387,normal,k3s-wk1,0.3074444444444453,0.6252005106884473,323.4,163.8,35989.53333333333,10397.5,0.0,0,30,3,0,26,0,"{""process_exit"": 30, ""process_exec"": 30, ""process_kprobe"": 26}"
1776111387,normal,sw-wk3,0.1611111111111212,0.33380162340558384,226.53333333333333,152.66666666666666,3005.3333333333335,8976.133333333333,0.0,0,5,2,0,0,0,"{""process_exit"": 7, ""process_exec"": 5}"
1776111397,normal,sw-wk2,0.2025821361510327,0.2877419498706627,156.12812906236456,79.99733342221924,5746.875104163195,27680.977300756636,0.0,0,0,0,0,0,0,{}
1776111397,normal,k3s-wk1,0.3074444444444453,0.6252005106884473,323.4,163.8,35989.53333333333,10397.5,0.0,0,36,3,0,30,0,"{""process_exit"": 36, ""process_exec"": 36, ""process_kprobe"": 30}"
1776111397,normal,sw-wk3,0.15711111111110465,0.327986225263453,225.86666666666667,153.13333333333333,4491.2333333333345,8199.966666666667,0.0,0,2,2,0,0,0,"{""process_exit"": 2, ""process_exec"": 2}"
1776111407,normal,sw-wk2,0.2025821361510327,0.2877419498706627,156.12812906236456,79.99733342221924,5746.875104163194,27680.977300756636,0.0,0,0,0,0,0,0,{}
1776111407,normal,k3s-wk1,0.2667777777777802,0.6271477643834318,325.5333333333333,165.8,13961.933333333332,3779.5,0.0,0,54,3,0,48,0,"{""process_exit"": 54, ""process_exec"": 54, ""process_kprobe"": 48}"
1776111407,normal,sw-wk3,0.15711111111110465,0.327986225263453,225.86666666666667,153.13333333333333,4491.233333333334,8199.966666666667,0.0,0,5,2,0,0,0,"{""process_exit"": 21, ""process_exec"": 5}"
1776111417,normal,sw-wk2,0.11332622127393799,0.28953546899091454,156.15415388718495,80.01066808907854,1017.2356314175223,3653.55380717429,0.0,0,0,0,0,0,0,{}
1776111417,normal,k3s-wk1,0.2667777777777802,0.6271477643834318,325.5333333333333,165.8,13961.933333333332,3779.5,0.0,0,33,3,0,28,0,"{""process_exit"": 33, ""process_exec"": 33, ""process_kprobe"": 28}"
1776111417,normal,sw-wk3,0.15711111111110465,0.327986225263453,225.86666666666667,153.13333333333333,4491.233333333334,8199.966666666667,0.0,0,3,2,0,0,0,"{""process_exit"": 3, ""process_exec"": 3}"
1776111427,normal,sw-wk2,0.11332622127393799,0.28953546899091454,156.15415388718495,80.01066808907854,1017.2356314175223,3653.55380717429,0.0,0,2,2,0,0,0,"{""process_exec"": 2}"
1776111427,normal,k3s-wk1,0.2667777777777802,0.6271477643834318,325.5333333333333,165.8,13961.933333333332,3779.5,0.0,0,60,3,0,52,0,"{""process_exit"": 60, ""process_exec"": 60, ""process_kprobe"": 52}"
1776111427,normal,sw-wk3,0.16388888888888886,0.3340389540884591,186.46666666666667,135.66666666666666,2442.466666666667,9956.233333333334,0.0,0,3,2,0,0,0,"{""process_exit"": 3, ""process_exec"": 3}"
1776111437,normal,sw-wk2,0.11332622127393799,0.28953546899091454,156.15415388718495,80.01066808907854,1017.2356314175223,3653.55380717429,0.0,0,104,5,0,0,0,"{""process_exit"": 106, ""process_exec"": 104}"
1776111437,normal,k3s-wk1,0.2928888888888954,0.6279729484130165,325.5333333333333,165.8,11730.0,4784.466666666666,0.0,0,63,3,0,54,0,"{""process_exit"": 63, ""process_exec"": 63, ""process_kprobe"": 54}"
1776111437,normal,sw-wk3,0.16388888888888886,0.3340389540884591,186.46666666666667,135.66666666666666,2442.4666666666667,9956.233333333334,0.0,0,4,2,0,0,0,"{""process_exit"": 4, ""process_exec"": 4}"
1776111447,normal,sw-wk2,0.19688888888890188,0.281947258432407,162.73333333333332,88.00000000000001,5728.8,27810.233333333334,0.0,0,0,0,0,0,0,{}
1776111447,normal,k3s-wk1,0.2928888888888954,0.6279729484130165,325.5333333333333,165.8,11730.0,4784.466666666666,0.0,0,33,3,0,28,0,"{""process_exit"": 33, ""process_exec"": 33, ""process_kprobe"": 28}"
1776111447,normal,sw-wk3,0.16388888888888886,0.3340389540884591,186.46666666666667,135.66666666666666,2442.4666666666667,9956.233333333334,0.0,0,4,2,0,0,0,"{""process_exit"": 13, ""process_exec"": 4}"
1776111458,normal,sw-wk2,0.19688888888890188,0.281947258432407,162.73333333333332,88.00000000000001,5728.8,27810.233333333334,0.0,0,0,0,0,0,0,{}
1776111458,normal,k3s-wk1,0.2928888888888954,0.6279729484130165,325.5333333333333,165.8,11730.0,4784.466666666666,0.0,0,15,2,0,10,0,"{""process_exit"": 15, ""process_exec"": 15, ""process_kprobe"": 10}"
1776111458,normal,sw-wk3,0.15855555555556045,0.3352415357365852,234.53333333333333,158.4,4715.166666666667,8845.433333333332,0.0,0,4,2,0,0,0,"{""process_exec"": 4, ""process_exit"": 3}"
1776111467,normal,sw-wk2,0.19688888888890188,0.281947258432407,162.73333333333332,88.0,5728.8,27810.233333333334,0.0,0,0,0,0,0,0,{}
1776111467,normal,k3s-wk1,0.301111111111095,0.6168211111650448,327.8666666666667,169.8,36309.3,8677.166666666668,0.0,0,33,3,0,28,0,"{""process_exit"": 33, ""process_exec"": 33, ""process_kprobe"": 28}"
1776111467,normal,sw-wk3,0.15855555555556045,0.3352415357365852,234.53333333333333,158.4,4715.166666666667,8845.433333333332,0.0,0,2,2,0,0,0,"{""process_exit"": 4, ""process_exec"": 2}"
1776111477,normal,sw-wk2,0.1181698997844497,0.2886546376645387,104.79301379908009,53.996400239984,981.9678688087461,3564.9956669555363,0.0,0,0,0,0,0,0,{}
1776111477,normal,k3s-wk1,0.301111111111095,0.6168211111650448,327.8666666666667,169.8,36309.3,8677.166666666666,0.0,0,30,3,0,26,0,"{""process_exit"": 30, ""process_exec"": 30, ""process_kprobe"": 26}"
1776111477,normal,sw-wk3,0.15855555555556045,0.3352415357365852,234.53333333333333,158.4,4715.166666666667,8845.433333333332,0.0,0,1,1,0,0,0,"{""process_exit"": 7, ""process_exec"": 1}"
1776111487,normal,sw-wk2,0.11816989978445003,0.2886546376645387,104.79301379908006,53.996400239984,981.9678688087461,3564.9956669555363,0.0,0,2,2,0,0,0,"{""process_exec"": 2}"
1776111487,normal,k3s-wk1,0.301111111111095,0.6168211111650448,327.8666666666667,169.8,36309.3,8677.166666666666,0.0,0,36,3,0,30,0,"{""process_exit"": 36, ""process_exec"": 36, ""process_kprobe"": 30}"
1776111487,normal,sw-wk3,0.18044444444444208,0.3291298724467041,185.53333333333333,109.39999999999999,4572.0,7418.5,0.0,0,1,1,0,0,0,"{""process_exit"": 15, ""process_exec"": 1}"
1776111498,normal,sw-wk2,0.11816989978445003,0.2886546376645387,104.79301379908006,53.996400239984,981.9678688087461,3564.9956669555363,0.0,0,0,0,0,0,0,{}
1776111498,normal,k3s-wk1,0.2922222222222344,0.6178032043329499,325.5333333333333,165.80000000000004,12659.8,7265.366666666667,0.0,0,30,3,0,26,0,"{""process_exit"": 30, ""process_exec"": 30, ""process_kprobe"": 26}"
1776111498,normal,sw-wk3,0.18044444444444208,0.3291298724467041,185.53333333333336,109.39999999999999,4572.0,7418.5,0.0,0,0,0,0,0,0,{}
1776111508,normal,sw-wk2,0.19627975198346626,0.29507212304242003,158.2772184812321,82.00546703113541,5428.661910794053,27819.45463030869,0.0,0,104,5,0,0,0,"{""process_exit"": 106, ""process_exec"": 104}"
1776111508,normal,k3s-wk1,0.2922222222222344,0.6178032043329499,325.5333333333333,165.8,12659.8,7265.366666666667,0.0,0,39,3,0,32,0,"{""process_exit"": 39, ""process_exec"": 39, ""process_kprobe"": 32}"
1776111508,normal,sw-wk3,0.18044444444444208,0.3291298724467041,185.53333333333333,109.39999999999999,4572.0,7418.5,0.0,0,0,0,0,0,0,{}
1776111517,normal,sw-wk2,0.19627975198346626,0.29507212304242003,158.2772184812321,82.00546703113541,5428.661910794053,27819.45463030869,0.0,0,0,0,0,0,0,{}
1776111517,normal,k3s-wk1,0.2922222222222344,0.6178032043329499,325.5333333333333,165.8,12659.8,7265.366666666667,0.0,0,12,2,0,8,0,"{""process_exit"": 12, ""process_exec"": 12, ""process_kprobe"": 8}"
1776111517,normal,sw-wk3,0.1562222222222267,0.3307354384087058,156.13333333333333,80.0,3041.6666666666674,7326.9,0.0,0,0,0,0,0,0,{}
1776111528,normal,sw-wk2,0.19627975198346626,0.29507212304242003,158.2772184812321,82.00546703113541,5428.661910794053,27819.45463030869,0.0,0,0,0,0,0,0,{}
1776111528,normal,k3s-wk1,0.274777777777773,0.6177512775677503,323.4,163.8,32993.433333333334,6760.4,0.0,0,36,3,0,30,0,"{""process_exit"": 36, ""process_exec"": 36, ""process_kprobe"": 30}"
1776111528,normal,sw-wk3,0.1562222222222267,0.3307354384087058,156.13333333333333,80.0,3041.6666666666665,7326.9,0.0,0,1,1,0,0,0,"{""process_exit"": 3, ""process_exec"": 1}"
1776111537,normal,sw-wk2,0.13833333333333142,0.2851376836525351,156.13333333333333,80.0,551.1666666666666,3511.500000000001,0.0,0,0,0,0,0,0,{}
1776111537,normal,k3s-wk1,0.274777777777773,0.6177512775677503,323.4,163.8,32993.433333333334,6760.4,0.0,0,12,2,0,8,0,"{""process_exit"": 12, ""process_exec"": 12, ""process_kprobe"": 8}"
1776111537,normal,sw-wk3,0.1562222222222267,0.3307354384087058,156.13333333333333,80.0,3041.6666666666665,7326.9,0.0,0,0,0,0,0,0,{}
1776111547,normal,sw-wk2,0.13833333333333142,0.2851376836525351,156.13333333333333,80.0,551.1666666666666,3511.5,0.0,0,106,7,0,0,0,"{""process_exec"": 106, ""process_exit"": 106}"
1776111547,normal,k3s-wk1,0.274777777777773,0.6177512775677503,323.4,163.8,32993.433333333334,6760.4,0.0,0,15,2,0,10,0,"{""process_exit"": 15, ""process_exec"": 15, ""process_kprobe"": 10}"
1776111547,normal,sw-wk3,0.14933333333333876,0.3287523733068287,154.0,78.00000000000001,2262.366666666667,6590.7,0.0,0,1,1,0,0,0,"{""process_exit"": 7, ""process_exec"": 1}"
1776111558,normal,sw-wk2,0.13833333333333142,0.2851376836525351,156.13333333333333,80.0,551.1666666666666,3511.5,0.0,0,0,0,0,0,0,{}
1776111558,normal,k3s-wk1,0.3007777777777746,0.6202753698935388,325.5333333333333,165.8,33725.1,9363.733333333334,0.0,0,12,2,0,8,0,"{""process_exit"": 12, ""process_exec"": 12, ""process_kprobe"": 8}"
1776111558,normal,sw-wk3,0.14933333333333898,0.3287523733068287,154.0,78.0,2262.366666666667,6590.7,0.0,0,0,0,0,0,0,{}
1776111567,normal,sw-wk2,0.25762979257630114,0.2918275418275418,179.11542179115423,109.75569109755692,7337.099623370995,30774.05592774056,0.0,0,11,6,0,4,3,"{""process_exec"": 11, ""process_exit"": 13, ""process_kprobe"": 4}"
1776111567,normal,k3s-wk1,0.3007777777777746,0.6202753698935388,325.5333333333333,165.8,33725.1,9363.733333333334,0.0,0,15,2,0,10,0,"{""process_exit"": 15, ""process_exec"": 15, ""process_kprobe"": 10}"
1776111567,normal,sw-wk3,0.14933333333333898,0.3287523733068287,154.0,78.0,2262.366666666667,6590.7,0.0,0,1,1,0,0,0,"{""process_exit"": 15, ""process_exec"": 1}"
1776111578,normal,sw-wk2,0.25762979257630114,0.2918275418275418,179.11542179115423,109.75569109755692,7337.099623370997,30774.05592774056,0.0,0,8,5,0,4,2,"{""process_exit"": 10, ""process_exec"": 8, ""process_kprobe"": 4}"
1776111578,normal,k3s-wk1,0.3007777777777746,0.6202753698935388,325.5333333333333,165.8,33725.1,9363.733333333334,0.0,0,13,3,0,9,0,"{""process_exit"": 13, ""process_exec"": 13, ""process_kprobe"": 9}"
1776111578,normal,sw-wk3,0.1858888888888739,0.32938153853995433,156.13333333333335,80.0,4773.7,7319.233333333334,0.0,0,0,0,0,0,0,{}
1776111588,normal,sw-wk2,0.25762979257630114,0.2918275418275418,179.11542179115423,109.75569109755692,7337.099623370997,30774.05592774056,0.0,0,10,5,0,5,4,"{""process_exit"": 14, ""process_exec"": 10, ""process_kprobe"": 5}"
1776111588,normal,k3s-wk1,0.2981111111111202,0.6196545063965873,325.5333333333333,165.80000000000004,19149.4,7611.933333333333,0.0,0,29,2,0,25,0,"{""process_exit"": 30, ""process_exec"": 29, ""process_kprobe"": 25}"
1776111588,normal,sw-wk3,0.1858888888888739,0.32938153853995433,156.13333333333333,80.0,4773.7,7319.233333333334,0.0,0,0,0,0,0,0,{}
1776111597,normal,sw-wk2,0.12269004678244777,0.2918816978222919,193.15264859819314,151.7151715171517,2047.9381271460481,11675.700903423678,0.0,0,6,5,0,3,2,"{""process_exit"": 8, ""process_exec"": 6, ""process_kprobe"": 3}"
1776111597,normal,k3s-wk1,0.2981111111111203,0.6196545063965873,325.5333333333333,165.8,19149.4,7611.933333333333,0.0,0,15,2,0,10,0,"{""process_exit"": 15, ""process_exec"": 15, ""process_kprobe"": 10}"
1776111597,normal,sw-wk3,0.1858888888888739,0.32938153853995433,156.13333333333333,80.0,4773.7,7319.233333333334,0.0,0,0,0,0,0,0,{}
1776111608,normal,sw-wk2,0.12269004678244799,0.2918816978222919,193.15264859819314,151.7151715171517,2047.938127146048,11675.700903423678,0.0,0,9,6,0,4,2,"{""process_exit"": 9, ""process_exec"": 9, ""process_kprobe"": 4}"
1776111608,normal,k3s-wk1,0.2981111111111203,0.6196545063965873,325.5333333333333,165.8,19149.4,7611.933333333333,0.0,0,33,3,0,28,0,"{""process_exit"": 33, ""process_exec"": 33, ""process_kprobe"": 28}"
1776111608,normal,sw-wk3,0.15322222222222193,0.3314745084547065,156.13333333333333,80.0,2915.233333333333,5948.366666666667,0.0,0,1,1,0,0,0,"{""process_exit"": 5, ""process_exec"": 1}"
1776111618,normal,sw-wk2,0.12269004678244799,0.2918816978222919,193.15264859819314,151.7151715171517,2047.938127146048,11675.700903423674,0.0,0,111,10,0,3,2,"{""process_exit"": 115, ""process_exec"": 111, ""process_kprobe"": 3}"
1776111618,normal,k3s-wk1,0.30211111111111677,0.6158153122999832,514.1666666666666,256.23333333333335,40773.26666666666,4947.966666666666,0.0,0,57,3,0,50,0,"{""process_exit"": 57, ""process_exec"": 57, ""process_kprobe"": 50}"
1776111618,normal,sw-wk3,0.15322222222222193,0.3314745084547065,156.13333333333333,80.0,2915.233333333333,5948.366666666667,0.0,0,0,0,0,0,0,{}
1776111628,normal,sw-wk2,0.2318888888888977,0.2996244122481746,149.8,115.83333333333336,5705.366666666667,34661.066666666666,0.0,0,6,5,0,3,2,"{""process_exit"": 8, ""process_exec"": 6, ""process_kprobe"": 3}"
1776111628,normal,k3s-wk1,0.30211111111111677,0.6158153122999832,514.1666666666666,256.23333333333335,40773.26666666666,4947.966666666666,0.0,0,36,3,0,30,0,"{""process_exit"": 36, ""process_exec"": 36, ""process_kprobe"": 30}"
1776111628,normal,sw-wk3,0.15322222222222193,0.3314745084547065,156.13333333333333,80.0,2915.233333333333,5948.366666666667,0.0,0,1,1,0,0,0,"{""process_exit"": 15, ""process_exec"": 1}"
1776111638,normal,sw-wk2,0.2318888888888977,0.2996244122481746,149.8,115.83333333333333,5705.366666666667,34661.06666666667,0.0,0,10,5,0,5,4,"{""process_exit"": 14, ""process_exec"": 10, ""process_kprobe"": 5}"
1776111638,normal,k3s-wk1,0.30211111111111677,0.6158153122999832,514.1666666666666,256.23333333333335,40773.26666666666,4947.966666666666,0.0,0,57,3,0,50,0,"{""process_exit"": 57, ""process_exec"": 57, ""process_kprobe"": 50}"
1776111638,normal,sw-wk3,0.16033333333332644,0.32427494679969926,104.8,54.0,3030.4000000000005,7301.2,0.0,0,0,0,0,0,0,{}
1776111648,normal,sw-wk2,0.2318888888888977,0.2996244122481746,149.8,115.83333333333333,5705.366666666667,34661.066666666666,0.0,0,7,5,0,4,2,"{""process_exit"": 9, ""process_exec"": 7, ""process_kprobe"": 4}"
1776111648,normal,k3s-wk1,0.28866666666665175,0.6221142546872371,325.4,165.8,18985.5,6776.466666666668,0.0,0,36,3,0,30,0,"{""process_exit"": 36, ""process_exec"": 36, ""process_kprobe"": 30}"
1776111648,normal,sw-wk3,0.16033333333332644,0.32427494679969926,104.8,54.0,3030.4,7301.2,0.0,0,0,0,0,0,0,{}
1776111658,normal,sw-wk2,0.12045060658578777,0.29350956331154354,197.10705239301427,146.74710038661513,697.8402879616051,10860.618584188775,0.0,0,7,5,0,3,2,"{""process_exit"": 9, ""process_exec"": 7, ""process_kprobe"": 3}"
1776111658,normal,k3s-wk1,0.28866666666665175,0.6221142546872371,325.4,165.8,18985.5,6776.466666666666,0.0,0,18,2,0,12,0,"{""process_exit"": 18, ""process_exec"": 18, ""process_kprobe"": 12}"
1776111658,normal,sw-wk3,0.16033333333332644,0.32427494679969926,104.8,54.0,3030.4,7301.2,0.0,0,0,0,0,0,0,{}
1776111668,normal,sw-wk2,0.12045060658578777,0.29350956331154354,197.10705239301427,146.74710038661513,697.8402879616051,10860.618584188775,0.0,0,8,6,0,3,2,"{""process_exit"": 8, ""process_exec"": 8, ""process_kprobe"": 3}"
1776111668,normal,k3s-wk1,0.28866666666665175,0.6221142546872371,325.4,165.8,18985.5,6776.466666666666,0.0,0,54,3,0,48,0,"{""process_exit"": 54, ""process_exec"": 54, ""process_kprobe"": 48}"
1776111668,normal,sw-wk3,0.15855555555557055,0.3244151152566994,154.0,78.0,2232.9,5123.433333333333,0.0,0,1,1,0,0,0,"{""process_exit"": 7, ""process_exec"": 1}"
1776111678,normal,sw-wk2,0.12045060658578777,0.29350956331154354,197.10705239301427,146.74710038661513,697.8402879616051,10860.618584188775,0.0,0,110,10,0,3,2,"{""process_exit"": 114, ""process_exec"": 110, ""process_kprobe"": 3}"
1776111678,normal,k3s-wk1,0.314333333333343,0.6205937035410667,327.5333333333333,167.8,40331.26666666666,9852.0,0.0,0,57,3,0,50,0,"{""process_exit"": 57, ""process_exec"": 57, ""process_kprobe"": 50}"
1776111678,normal,sw-wk3,0.15855555555557055,0.3244151152566994,154.0,78.0,2232.9,5123.433333333333,0.0,0,0,0,0,0,0,{}
1776111688,normal,sw-wk2,0.21166666666665856,0.29325630439491823,176.13333333333333,124.39999999999999,6986.633333333333,34169.36666666667,0.0,0,9,5,0,4,3,"{""process_exit"": 13, ""process_exec"": 9, ""process_kprobe"": 4}"
1776111688,normal,k3s-wk1,0.314333333333343,0.6205937035410667,327.5333333333333,167.8,40331.26666666666,9852.0,0.0,0,12,2,0,8,0,"{""process_exit"": 12, ""process_exec"": 12, ""process_kprobe"": 8}"
1776111688,normal,sw-wk3,0.15855555555557055,0.3244151152566994,154.0,78.0,2232.9,5123.433333333333,0.0,0,1,1,0,0,0,"{""process_exit"": 11, ""process_exec"": 1}"
1776111698,normal,sw-wk2,0.21166666666665856,0.29325630439491823,176.13333333333333,124.40000000000002,6986.633333333333,34169.36666666667,0.0,0,3,3,0,2,1,"{""process_exit"": 5, ""process_exec"": 3, ""process_kprobe"": 2}"
1776111698,normal,k3s-wk1,0.314333333333343,0.6205937035410667,327.5333333333333,167.8,40331.26666666666,9852.0,0.0,0,30,3,0,26,0,"{""process_exit"": 30, ""process_exec"": 30, ""process_kprobe"": 26}"
1776111698,normal,sw-wk3,0.16233333333332955,0.33354040037208355,156.13333333333333,80.0,4349.866666666668,7834.433333333335,0.0,0,0,0,0,0,0,{}
1776111708,normal,sw-wk2,0.21166666666665856,0.29325630439491823,176.13333333333333,124.39999999999999,6986.633333333333,34169.36666666667,0.0,0,0,0,0,0,0,{}
1776111708,normal,k3s-wk1,0.2975555555555527,0.6215306430001027,329.4000000000001,170.4,16514.333333333332,9210.000000000002,0.0,0,39,3,0,32,0,"{""process_exit"": 39, ""process_exec"": 39, ""process_kprobe"": 32}"
1776111708,normal,sw-wk3,0.16233333333332967,0.33354040037208355,156.13333333333333,80.0,4349.866666666667,7834.433333333333,0.0,0,1,1,0,0,0,"{""process_exit"": 19, ""process_exec"": 1}"
1776111718,normal,sw-wk2,0.1611111111111212,0.29000853753329003,174.0,95.26666666666667,3089.7666666666664,6239.4,0.0,0,0,0,0,0,0,{}
1776111718,normal,k3s-wk1,0.2975555555555527,0.6215306430001027,329.4,170.4,16514.333333333332,9210.0,0.0,0,54,3,0,48,0,"{""process_exit"": 54, ""process_exec"": 54, ""process_kprobe"": 48}"
1776111718,normal,sw-wk3,0.16233333333332967,0.33354040037208355,156.13333333333333,80.0,4349.866666666667,7834.433333333333,0.0,0,0,0,0,0,0,{}
1776111728,normal,sw-wk2,0.1611111111111212,0.29000853753329003,174.0,95.26666666666667,3089.7666666666673,6239.4,0.0,0,2,2,0,0,0,"{""process_exec"": 2}"
1776111728,normal,k3s-wk1,0.2975555555555527,0.6215306430001027,329.4,170.4,16514.333333333332,9210.0,0.0,0,15,2,0,10,0,"{""process_exit"": 15, ""process_exec"": 15, ""process_kprobe"": 10}"
1776111728,normal,sw-wk3,0.1644444444444465,0.3313932744625814,156.13333333333335,80.0,4843.0,8068.733333333334,0.0,0,0,0,0,0,0,{}
1776111738,normal,sw-wk2,0.1611111111111212,0.29000853753329003,174.0,95.26666666666667,3089.7666666666664,6239.4,0.0,0,104,5,0,0,0,"{""process_exit"": 106, ""process_exec"": 104}"
1776111738,normal,k3s-wk1,0.2783333333333353,0.6211061981367322,327.8666666666667,169.8,34705.9,5116.8,0.0,0,9,2,0,6,0,"{""process_exit"": 9, ""process_exec"": 9, ""process_kprobe"": 6}"
1776111738,normal,sw-wk3,0.1644444444444465,0.3313932744625814,156.13333333333333,80.0,4843.0,8068.733333333334,0.0,0,1,1,0,0,0,"{""process_exit"": 7, ""process_exec"": 1}"
1776111748,normal,sw-wk2,0.20264008800293087,0.2872752526217873,156.13853795126505,80.00266675555852,5643.821460715357,27799.759991999737,0.0,0,0,0,0,0,0,{}
1776111748,normal,k3s-wk1,0.2783333333333353,0.6211061981367322,327.8666666666667,169.8,34705.9,5116.8,0.0,0,36,3,0,30,0,"{""process_exit"": 36, ""process_exec"": 36, ""process_kprobe"": 30}"
1776111748,normal,sw-wk3,0.1644444444444465,0.3313932744625814,156.13333333333333,80.0,4843.0,8068.733333333334,0.0,0,0,0,0,0,0,{}
1776111758,normal,sw-wk2,0.20264008800293087,0.2872752526217873,156.13853795126505,80.00266675555851,5643.821460715358,27799.759991999737,0.0,0,0,0,0,0,0,{}
1776111758,normal,k3s-wk1,0.2783333333333353,0.6211061981367322,327.8666666666667,169.8,34705.9,5116.8,0.0,0,18,2,0,12,0,"{""process_exit"": 18, ""process_exec"": 18, ""process_kprobe"": 12}"
1776111758,normal,sw-wk3,0.14588888888887996,0.32389744765982387,154.0,78.0,3048.733333333333,6234.2,0.0,0,0,0,0,0,0,{}
1776111768,normal,sw-wk2,0.20264008800293087,0.2872752526217873,156.13853795126505,80.00266675555852,5643.821460715358,27799.759991999737,0.0,0,0,0,0,0,0,{}
1776111768,normal,k3s-wk1,0.2711111111111071,0.6190031641461491,325.5333333333333,165.8,9988.866666666667,6681.133333333333,0.0,0,18,2,0,12,0,"{""process_exit"": 18, ""process_exec"": 18, ""process_kprobe"": 12}"
1776111768,normal,sw-wk3,0.14588888888887996,0.32389744765982387,154.0,78.0,3048.733333333333,6234.2,0.0,0,1,1,0,0,0,"{""process_exit"": 3, ""process_exec"": 1}"
1776111778,normal,sw-wk2,0.1107999688857828,0.28729436650228735,156.14894822815614,80.00800080008003,704.4037737107044,3667.233390005667,0.0,0,0,0,0,0,0,{}
1776111778,normal,k3s-wk1,0.2711111111111071,0.6190031641461491,325.5333333333333,165.8,9988.866666666667,6681.133333333333,0.0,0,33,3,0,28,0,"{""process_exit"": 33, ""process_exec"": 33, ""process_kprobe"": 28}"
1776111778,normal,sw-wk3,0.14588888888887996,0.32389744765982387,154.0,78.0,3048.733333333333,6234.2,0.0,0,0,0,0,0,0,{}
1776111788,normal,sw-wk2,0.1107999688857828,0.28729436650228735,156.14894822815614,80.00800080008,704.4037737107044,3667.233390005667,0.0,0,2,2,0,0,0,"{""process_exec"": 2}"
1776111788,normal,k3s-wk1,0.2711111111111071,0.6190031641461491,325.5333333333333,165.8,9988.866666666667,6681.133333333333,0.0,0,12,2,0,8,0,"{""process_exit"": 12, ""process_exec"": 12, ""process_kprobe"": 8}"
1776111788,normal,sw-wk3,0.16066666666668716,0.32953922805407954,156.13333333333333,80.00000000000001,2209.733333333333,6269.333333333333,0.0,0,1,1,0,0,0,"{""process_exit"": 5, ""process_exec"": 1}"
1776111798,normal,sw-wk2,0.1107999688857828,0.28729436650228735,156.14894822815614,80.00800080008,704.4037737107044,3667.233390005667,0.0,0,18,9,4,0,0,"{""process_exec"": 18, ""process_exit"": 16}"
1776111798,normal,k3s-wk1,0.3111111111111112,0.6107818026037886,325.5333333333333,165.8,12628.233333333334,7846.099999999999,0.0,0,57,3,0,50,0,"{""process_exit"": 57, ""process_exec"": 57, ""process_kprobe"": 50}"
1776111798,normal,sw-wk3,0.16066666666668727,0.32953922805407954,156.13333333333333,80.0,2209.733333333333,6269.333333333333,0.0,0,0,0,0,0,0,{}
1776111808,normal,sw-wk2,0.2356065151212121,0.2959115409610459,107.12619158722751,67.86214252383174,7020.331977868142,33239.150723285115,0.0,0,114,12,2,3,0,"{""process_exit"": 118, ""process_exec"": 114, ""process_kprobe"": 3}"
1776111808,normal,k3s-wk1,0.3111111111111112,0.6107818026037886,325.5333333333333,165.8,12628.233333333334,7846.099999999999,0.0,0,36,3,0,30,0,"{""process_exit"": 36, ""process_exec"": 36, ""process_kprobe"": 30}"
1776111808,normal,sw-wk3,0.16066666666668727,0.32953922805407954,156.13333333333333,80.0,2209.733333333333,6269.333333333333,0.0,0,1,1,0,0,0,"{""process_exit"": 19, ""process_exec"": 1}"
1776111818,normal,sw-wk2,0.2356065151212121,0.2959115409610459,107.12619158722751,67.86214252383174,7020.331977868142,33239.150723285115,0.0,0,0,0,0,1,0,"{""process_kprobe"": 1}"
1776111818,normal,k3s-wk1,0.3111111111111112,0.6107818026037886,325.5333333333333,165.8,12628.233333333334,7846.099999999999,0.0,0,15,2,0,10,0,"{""process_exit"": 15, ""process_exec"": 15, ""process_kprobe"": 10}"
1776111818,normal,sw-wk3,0.1546666666666473,0.33367579035895867,104.80000000000003,54.0,4489.033333333333,7850.033333333333,0.0,0,0,0,0,0,0,{}
1776111828,normal,sw-wk2,0.2356065151212121,0.2959115409610459,107.12619158722751,67.86214252383174,7020.331977868142,33239.150723285115,0.0,0,0,0,0,2,0,"{""process_kprobe"": 2}"
1776111828,normal,k3s-wk1,0.284777777777779,0.6177219276569854,323.4,163.8,38367.46666666667,6621.066666666667,0.0,0,33,3,0,28,0,"{""process_exit"": 33, ""process_exec"": 33, ""process_kprobe"": 28}"
1776111828,normal,sw-wk3,0.1546666666666473,0.33367579035895867,104.8,54.0,4489.033333333333,7850.033333333333,0.0,0,0,0,0,0,0,{}
1776111838,normal,sw-wk2,0.11814050642755458,0.2934697427271684,164.12786240458652,104.66317789407019,702.3432552248257,4313.756208126395,0.0,0,0,0,0,1,0,"{""process_kprobe"": 1}"
1776111838,normal,k3s-wk1,0.284777777777779,0.6177219276569854,323.4,163.80000000000004,38367.46666666667,6621.066666666667,0.0,0,18,2,0,12,0,"{""process_exit"": 18, ""process_exec"": 18, ""process_kprobe"": 12}"
1776111838,normal,sw-wk3,0.1546666666666473,0.33367579035895867,104.8,54.0,4489.033333333333,7850.033333333333,0.0,0,1,1,0,0,0,"{""process_exit"": 7, ""process_exec"": 1}"
1776111848,normal,sw-wk2,0.1181405064275548,0.2934697427271684,164.1278624045865,104.66317789407019,702.3432552248257,4313.756208126395,0.0,0,106,7,0,1,0,"{""process_exec"": 106, ""process_kprobe"": 1, ""process_exit"": 106}"
1776111848,normal,k3s-wk1,0.284777777777779,0.6177219276569854,323.4,163.8,38367.46666666667,6621.066666666667,0.0,0,57,3,0,50,0,"{""process_exit"": 57, ""process_exec"": 57, ""process_kprobe"": 50}"
1776111848,normal,sw-wk3,0.15488888888889463,0.3298689424927048,160.6,86.0,2246.2,6153.4000000000015,0.0,0,0,0,0,0,0,{}
1776111858,normal,sw-wk2,0.1181405064275548,0.2934697427271684,164.1278624045865,104.66317789407019,702.3432552248257,4313.756208126395,0.0,0,0,0,0,1,0,"{""process_kprobe"": 1}"
1776111858,normal,k3s-wk1,0.30977777777777904,0.6154947209670119,325.5333333333333,165.8,34508.23333333333,9475.533333333333,0.0,0,36,3,0,30,0,"{""process_exit"": 36, ""process_exec"": 36, ""process_kprobe"": 30}"
1776111858,normal,sw-wk3,0.15488888888889463,0.3298689424927048,160.6,86.00000000000001,2246.2,6153.4,0.0,0,0,0,0,0,0,{}
1776111868,normal,sw-wk2,0.21766666666667833,0.29567421027817065,164.13333333333333,94.80000000000001,5374.3,28195.233333333334,0.0,0,0,0,0,1,0,"{""process_kprobe"": 1}"
1776111868,normal,k3s-wk1,0.30977777777777904,0.6154947209670119,325.5333333333333,165.8,34508.23333333333,9475.533333333333,0.0,0,18,2,0,12,0,"{""process_exit"": 18, ""process_exec"": 18, ""process_kprobe"": 12}"
1776111868,normal,sw-wk3,0.15488888888889463,0.3298689424927048,160.6,86.0,2246.2,6153.4,0.0,0,0,0,0,0,0,{}
1776111878,normal,sw-wk2,0.21766666666667833,0.29567421027817065,164.13333333333333,94.8,5374.3,28195.233333333334,0.0,0,0,0,0,1,0,"{""process_kprobe"": 1}"
1776111878,normal,k3s-wk1,0.30977777777777904,0.6154947209670119,325.5333333333333,165.8,34508.23333333333,9475.533333333333,0.0,0,12,2,0,8,0,"{""process_exit"": 12, ""process_exec"": 12, ""process_kprobe"": 8}"
1776111878,normal,sw-wk3,0.16588888888888198,0.3315891917377066,154.0,78.0,2985.233333333333,5648.166666666668,0.0,0,1,1,0,0,0,"{""process_exit"": 3, ""process_exec"": 1}"
1776111888,normal,sw-wk2,0.21766666666667833,0.29567421027817065,164.13333333333333,94.8,5374.3,28195.233333333334,0.0,0,0,0,0,1,0,"{""process_kprobe"": 1}"
1776111888,normal,k3s-wk1,0.25651879256518706,0.6132765450188122,325.50078325500783,165.78342165783423,9576.409025764091,1769.92300769923,0.0,0,39,3,0,32,0,"{""process_exit"": 40, ""process_exec"": 39, ""process_kprobe"": 32}"
1776111888,normal,sw-wk3,0.16588888888888198,0.3315891917377066,154.0,78.0,2985.233333333333,5648.166666666667,0.0,0,0,0,0,0,0,{}
1776111898,normal,sw-wk2,0.1331111111111063,0.2898253628451648,160.13333333333333,89.86666666666666,1983.7333333333338,4211.8,0.0,0,0,0,0,0,0,{}
1776111898,normal,k3s-wk1,0.25651879256518706,0.6132765450188122,325.50078325500783,165.78342165783423,9576.409025764091,1769.92300769923,0.0,0,78,3,0,70,0,"{""process_exit"": 78, ""process_exec"": 78, ""process_kprobe"": 70}"
1776111898,normal,sw-wk3,0.16588888888888198,0.3315891917377066,154.0,78.0,2985.233333333333,5648.166666666667,0.0,0,0,0,0,0,0,{}
1776111908,normal,sw-wk2,0.1331111111111063,0.2898253628451648,160.13333333333333,89.86666666666666,1983.7333333333333,4211.8,0.0,0,101,5,0,1,0,"{""process_kprobe"": 1, ""process_exec"": 101, ""process_exit"": 99}"
1776111908,normal,k3s-wk1,0.25651879256518706,0.6132765450188122,325.50078325500783,165.78342165783423,9576.409025764091,1769.92300769923,0.0,0,9,2,0,6,0,"{""process_exit"": 9, ""process_exec"": 9, ""process_kprobe"": 6}"
1776111908,normal,sw-wk3,0.16044444444444994,0.3318727142984569,156.13333333333333,80.0,3810.866666666667,5279.133333333333,0.0,0,1,1,0,0,0,"{""process_exit"": 3, ""process_exec"": 1}"
1776111918,normal,sw-wk2,0.1331111111111063,0.2898253628451648,160.13333333333333,89.86666666666666,1983.7333333333333,4211.8,0.0,0,5,3,0,1,0,"{""process_exit"": 7, ""process_exec"": 5, ""process_kprobe"": 1}"
1776111918,normal,k3s-wk1,0.3924948050360584,0.6056704027597947,325.56588992232554,165.8165816581658,34271.36046938027,11962.562922958961,0.0,0,30,3,0,26,0,"{""process_exit"": 30, ""process_exec"": 30, ""process_kprobe"": 26}"
1776111918,normal,sw-wk3,0.16044444444445016,0.3318727142984569,156.13333333333333,80.0,3810.866666666667,5279.133333333333,0.0,0,0,0,0,0,0,{}
1776111928,normal,sw-wk2,0.24055555555556163,0.2933821374415434,160.0,87.86666666666666,6387.333333333333,28188.46666666667,0.0,0,0,0,0,1,0,"{""process_kprobe"": 1, ""process_exit"": 2}"
1776111928,normal,k3s-wk1,0.3924948050360584,0.6056704027597947,325.56588992232554,165.8165816581658,34271.36046938027,11962.562922958961,0.0,0,39,3,0,32,0,"{""process_exit"": 39, ""process_exec"": 39, ""process_kprobe"": 32}"
1776111928,normal,sw-wk3,0.16044444444445016,0.3318727142984569,156.13333333333333,80.0,3810.866666666667,5279.133333333333,0.0,0,0,0,0,0,0,{}
1776111938,normal,sw-wk2,0.24055555555556163,0.2933821374415434,160.0,87.86666666666666,6387.333333333333,28188.466666666667,0.0,0,0,0,0,0,0,{}
1776111938,normal,k3s-wk1,0.3924948050360584,0.6056704027597947,325.56588992232554,165.8165816581658,34271.36046938027,11962.562922958961,0.0,0,12,2,0,8,0,"{""process_exit"": 12, ""process_exec"": 12, ""process_kprobe"": 8}"
1776111938,normal,sw-wk3,0.1581111111111163,0.3339067497483339,156.13333333333333,80.0,3665.7,6116.8,0.0,0,1,1,0,0,0,"{""process_exit"": 3, ""process_exec"": 1}"
1776111948,normal,sw-wk2,0.24055555555556163,0.2933821374415434,160.0,87.86666666666666,6387.333333333333,28188.466666666667,0.0,0,0,0,0,0,0,{}
1776111948,normal,k3s-wk1,0.2861111111111212,0.6108585639088663,323.4,163.8,9698.0,5697.866666666667,0.0,0,15,2,0,10,0,"{""process_exit"": 15, ""process_exec"": 15, ""process_kprobe"": 10}"
1776111948,normal,sw-wk3,0.1581111111111163,0.3339067497483339,156.13333333333333,80.0,3665.7,6116.8,0.0,0,0,0,0,0,0,{}
1776111958,normal,sw-wk2,0.13580246913578764,0.28995756718529,108.8108810881088,56.47231389805647,2504.183751708504,4043.170983765043,0.0,0,0,0,0,0,0,{}
1776111958,normal,k3s-wk1,0.2861111111111212,0.6108585639088663,323.4,163.8,9698.000000000002,5697.866666666667,0.0,0,33,3,0,28,0,"{""process_exit"": 33, ""process_exec"": 33, ""process_kprobe"": 28}"
1776111958,normal,sw-wk3,0.1581111111111163,0.3339067497483339,156.13333333333333,80.0,3665.7,6116.8,0.0,0,0,0,0,0,0,{}
1776111968,normal,sw-wk2,0.13580246913578764,0.28995756718529,108.8108810881088,56.472313898056484,2504.183751708504,4043.170983765043,0.0,0,106,7,0,0,0,"{""process_exec"": 106, ""process_exit"": 106}"
1776111968,normal,k3s-wk1,0.2861111111111212,0.6108585639088663,323.4,163.8,9698.0,5697.866666666667,0.0,0,21,2,0,14,0,"{""process_exit"": 21, ""process_exec"": 21, ""process_kprobe"": 14}"
1776111968,normal,sw-wk3,0.14844444444444083,0.3375336085732126,123.2,62.4,2575.2666666666664,5606.3,0.0,0,1,1,0,0,0,"{""process_exit"": 3, ""process_exec"": 1}"
1776111978,normal,sw-wk2,0.13580246913578764,0.28995756718529,108.8108810881088,56.47231389805647,2504.183751708504,4043.170983765043,0.0,0,0,0,0,0,0,{}
1776111978,normal,k3s-wk1,0.28555555555554335,0.605627506736369,325.5333333333333,165.80000000000004,33388.46666666667,10490.233333333334,0.0,0,30,3,0,26,0,"{""process_exit"": 30, ""process_exec"": 30, ""process_kprobe"": 26}"
1776111978,normal,sw-wk3,0.14844444444444083,0.3375336085732126,123.2,62.4,2575.2666666666664,5606.3,0.0,0,0,0,0,0,0,{}
1776111988,normal,sw-wk2,0.19727573717307745,0.2924375931801675,156.12292513832412,79.99466702219851,5722.351843210453,27706.752883141122,0.0,0,0,0,0,0,0,{}
1776111988,normal,k3s-wk1,0.28555555555554335,0.605627506736369,325.5333333333333,165.8,33388.46666666667,10490.233333333334,0.0,0,15,2,0,10,0,"{""process_exit"": 15, ""process_exec"": 15, ""process_kprobe"": 10}"
1776111988,normal,sw-wk3,0.14844444444444083,0.3375336085732126,123.2,62.4,2575.2666666666664,5606.3,0.0,0,0,0,0,0,0,{}
1776111998,normal,sw-wk2,0.19727573717307745,0.2924375931801675,156.12292513832412,79.99466702219851,5722.351843210453,27706.752883141122,0.0,0,0,0,0,0,0,{}
1776111998,normal,k3s-wk1,0.28555555555554335,0.605627506736369,325.5333333333333,165.8,33388.46666666667,10490.233333333334,0.0,0,18,2,0,12,0,"{""process_exit"": 18, ""process_exec"": 18, ""process_kprobe"": 12}"
1776111998,normal,sw-wk3,0.14044444444444804,0.33462989156058465,135.6,69.6,3204.7666666666664,5061.7,0.0,0,0,0,0,0,0,{}
1776112008,normal,sw-wk2,0.19727573717307745,0.2924375931801675,156.12292513832412,79.99466702219851,5722.351843210453,27706.752883141122,0.0,0,0,0,0,0,0,{}
1776112008,normal,k3s-wk1,0.2646666666666736,0.6098053536494921,330.0,171.8,9577.366666666667,3584.7999999999997,0.0,0,36,3,0,30,0,"{""process_exit"": 36, ""process_exec"": 36, ""process_kprobe"": 30}"
1776112008,normal,sw-wk3,0.14044444444444804,0.33462989156058465,135.6,69.6,3204.7666666666664,5061.7,0.0,0,1,1,0,0,0,"{""process_exit"": 5, ""process_exec"": 1}"
1776112018,normal,sw-wk2,0.11302956568114497,0.28734852249703735,156.12812906236456,79.99733342221927,933.4022199260023,3593.913536215459,0.0,0,0,0,0,0,0,{}
1776112018,normal,k3s-wk1,0.2646666666666736,0.6098053536494921,330.0,171.8,9577.366666666667,3584.7999999999997,0.0,0,12,2,0,8,0,"{""process_exit"": 12, ""process_exec"": 12, ""process_kprobe"": 8}"
1776112018,normal,sw-wk3,0.14044444444444804,0.33462989156058465,135.6,69.6,3204.7666666666664,5061.7,0.0,0,0,0,0,0,0,{}
1776112028,normal,sw-wk2,0.11302956568114497,0.28734852249703735,156.1281290623646,79.99733342221924,933.4022199260023,3593.913536215459,0.0,0,106,7,0,0,0,"{""process_exec"": 106, ""process_exit"": 106}"
1776112028,normal,k3s-wk1,0.2646666666666736,0.6098053536494921,330.0,171.8,9577.366666666667,3584.7999999999997,0.0,0,36,3,0,30,0,"{""process_exit"": 36, ""process_exec"": 36, ""process_kprobe"": 30}"
1776112028,normal,sw-wk3,0.20955555555555183,0.3318631573582068,156.13333333333333,80.0,7389.233333333334,7075.800000000001,0.0,0,2,2,0,0,0,"{""process_exec"": 2, ""process_exit"": 3}"
1776112038,normal,sw-wk2,0.11302956568114497,0.28734852249703735,156.12812906236456,79.99733342221924,933.4022199260023,3593.913536215459,0.0,0,0,0,0,0,0,{}
1776112038,normal,k3s-wk1,0.32188888888889167,0.6068308530777332,325.5333333333334,165.8,34044.433333333334,13538.233333333334,0.0,0,33,3,0,28,0,"{""process_exit"": 33, ""process_exec"": 33, ""process_kprobe"": 28}"
1776112038,normal,sw-wk3,0.20955555555555183,0.3318631573582068,156.13333333333333,80.0,7389.233333333334,7075.8,0.0,0,0,0,0,0,0,{}
1776112048,normal,sw-wk2,0.22927360398196805,0.28963740968691465,156.12292513832412,79.99466702219851,5962.502499833345,27772.14852343177,0.0,0,0,0,0,0,0,{}
1776112048,normal,k3s-wk1,0.32188888888889167,0.6068308530777332,325.5333333333333,165.8,34044.433333333334,13538.233333333334,0.0,0,60,3,0,52,0,"{""process_exit"": 60, ""process_exec"": 60, ""process_kprobe"": 52}"
1776112048,normal,sw-wk3,0.20955555555555183,0.3318631573582068,156.13333333333333,80.0,7389.233333333334,7075.8,0.0,0,0,0,0,0,0,{}
1776112058,normal,sw-wk2,0.22927360398196805,0.28963740968691465,156.12292513832412,79.99466702219851,5962.502499833345,27772.14852343177,0.0,0,0,0,0,0,0,{}
1776112058,normal,k3s-wk1,0.32188888888889167,0.6068308530777332,325.5333333333333,165.8,34044.433333333334,13538.233333333334,0.0,0,39,3,0,32,0,"{""process_exit"": 39, ""process_exec"": 39, ""process_kprobe"": 32}"
1776112058,normal,sw-wk3,0.1626666666666703,0.35118569772035113,156.13333333333333,80.00000000000001,2890.6666666666665,5870.833333333333,0.0,0,1,1,0,0,0,"{""process_exit"": 3, ""process_exec"": 1}"
1776112069,normal,sw-wk2,0.22927360398196805,0.28963740968691465,156.12292513832412,79.99466702219851,5962.502499833345,27772.14852343177,0.0,0,0,0,0,0,0,{}
1776112069,normal,k3s-wk1,0.2748888888888764,0.6104465363154348,323.4,163.80000000000004,9431.1,1706.3333333333333,0.0,0,36,3,0,30,0,"{""process_exit"": 36, ""process_exec"": 36, ""process_kprobe"": 30}"
1776112069,normal,sw-wk3,0.1626666666666703,0.35118569772035113,156.13333333333333,80.0,2890.6666666666665,5870.833333333333,0.0,0,0,0,0,0,0,{}
1776112078,normal,sw-wk2,0.13541145746513117,0.29343310778954346,104.81746957826303,59.20986831138522,700.9168194699116,3640.706784464078,0.0,0,0,0,0,0,0,{}
1776112078,normal,k3s-wk1,0.2748888888888764,0.6104465363154348,323.4,163.8,9431.1,1706.3333333333333,0.0,0,36,2,0,30,0,"{""process_exit"": 36, ""process_exec"": 36, ""process_kprobe"": 30}"
1776112078,normal,sw-wk3,0.1626666666666703,0.35118569772035113,156.13333333333333,80.0,2890.6666666666665,5870.833333333333,0.0,0,1,1,0,0,0,"{""process_exit"": 7, ""process_exec"": 1}"
1776112088,normal,sw-wk2,0.13541145746513117,0.29343310778954346,104.81746957826303,59.20986831138522,700.9168194699117,3640.706784464078,0.0,0,106,7,0,0,0,"{""process_exec"": 106, ""process_exit"": 106}"
1776112088,normal,k3s-wk1,0.2748888888888764,0.6104465363154348,323.4,163.8,9431.1,1706.3333333333333,0.0,0,36,3,0,30,0,"{""process_exit"": 36, ""process_exec"": 36, ""process_kprobe"": 30}"
1776112088,normal,sw-wk3,0.17333333333332723,0.36179230857448674,154.0,78.0,2330.5,6482.333333333333,0.0,0,0,0,0,0,0,{}
1776112098,normal,sw-wk2,0.13541145746513117,0.29343310778954346,104.81746957826303,59.20986831138522,700.9168194699116,3640.706784464077,0.0,0,0,0,0,0,0,{}
1776112098,normal,k3s-wk1,0.30955555555557224,0.6089406601246468,325.5333333333333,165.8,34277.96666666667,9594.466666666667,0.0,0,15,2,0,10,0,"{""process_exit"": 15, ""process_exec"": 15, ""process_kprobe"": 10}"
1776112098,normal,sw-wk3,0.17333333333332723,0.36179230857448674,154.0,78.0,2330.5,6482.333333333333,0.0,0,0,0,0,0,0,{}
1776112108,normal,sw-wk2,0.18555303737279027,0.29103590861016604,156.11251833088923,74.79002799626717,5354.052792960939,27681.27582988935,0.0,0,0,0,0,0,0,{}
1776112108,normal,k3s-wk1,0.30955555555557224,0.6089406601246468,325.5333333333333,165.8,34277.96666666667,9594.466666666667,0.0,0,33,3,0,28,0,"{""process_exit"": 34, ""process_exec"": 33, ""process_kprobe"": 28}"
1776112108,normal,sw-wk3,0.17333333333332723,0.36179230857448674,154.0,78.0,2330.5,6482.333333333333,0.0,0,0,0,0,0,0,{}
1776112118,normal,sw-wk2,0.18555303737279027,0.29103590861016604,156.11251833088923,74.79002799626717,5354.052792960939,27681.27582988935,0.0,0,0,0,0,0,0,{}
1776112118,normal,k3s-wk1,0.30955555555557224,0.6089406601246468,325.5333333333333,165.8,34277.96666666667,9594.466666666667,0.0,0,42,3,0,34,0,"{""process_exec"": 42, ""process_kprobe"": 34, ""process_exit"": 41}"
1776112118,normal,sw-wk3,0.14666666666667472,0.372945257846248,156.13333333333333,80.0,2936.866666666667,6190.5,0.0,0,1,1,0,0,0,"{""process_exit"": 5, ""process_exec"": 1}"
1776112128,normal,sw-wk2,0.18555303737279027,0.29103590861016604,156.11251833088923,74.79002799626717,5354.052792960939,27681.27582988935,0.0,0,0,0,0,0,0,{}
1776112128,normal,k3s-wk1,0.2778888888888811,0.6143071784237517,323.4,163.8,9707.866666666667,1752.1,0.0,0,57,3,0,50,0,"{""process_exit"": 57, ""process_exec"": 57, ""process_kprobe"": 50}"
1776112128,normal,sw-wk3,0.14666666666667472,0.372945257846248,156.13333333333333,80.0,2936.866666666667,6190.5,0.0,0,0,0,0,0,0,{}
1776112138,normal,sw-wk2,0.11210383606702512,0.29008340023191503,156.15415388718495,80.01066808907854,560.241365515402,3556.6408854513934,0.0,0,0,0,0,0,0,{}
1776112138,normal,k3s-wk1,0.2778888888888812,0.6143071784237517,323.4,163.8,9707.866666666667,1752.1,0.0,0,57,3,0,50,0,"{""process_exit"": 57, ""process_exec"": 57, ""process_kprobe"": 50}"
1776112138,normal,sw-wk3,0.14666666666667472,0.372945257846248,156.13333333333333,80.0,2936.866666666667,6190.5,0.0,0,0,0,0,0,0,{}
1776112148,normal,sw-wk2,0.11210383606702512,0.29008340023191503,156.15415388718495,80.01066808907854,560.241365515402,3556.6408854513934,0.0,0,2,2,0,0,0,"{""process_exec"": 2}"
1776112148,normal,k3s-wk1,0.2778888888888812,0.6143071784237517,323.4,163.8,9707.866666666667,1752.1,0.0,0,54,3,0,48,0,"{""process_exit"": 54, ""process_exec"": 54, ""process_kprobe"": 48}"
1776112148,normal,sw-wk3,0.1841111111111079,0.3374619315213374,156.13333333333333,80.0,6558.933333333333,5859.566666666667,0.0,0,0,0,0,0,0,"{""process_exit"": 1}"
1776112158,normal,sw-wk2,0.11210383606702512,0.29008340023191503,156.15415388718495,80.01066808907854,560.241365515402,3556.6408854513934,0.0,0,53,3,0,0,0,"{""process_exit"": 54, ""process_exec"": 53}"
1776112158,normal,k3s-wk1,0.3224444444444492,0.6223456674451919,325.5333333333333,165.8,10323.166666666666,9535.366666666667,0.0,0,36,3,0,30,0,"{""process_exit"": 36, ""process_exec"": 36, ""process_kprobe"": 30}"
1776112158,normal,sw-wk3,0.1841111111111079,0.3374619315213374,156.13333333333333,80.0,6558.933333333333,5859.566666666667,0.0,0,1,1,0,0,0,"{""process_exit"": 3, ""process_exec"": 1}"
1776112168,normal,sw-wk2,0.20971361283299528,0.2924248505931675,156.1021129107512,79.98400319936012,6118.1097113910555,27815.37025928148,0.0,0,51,3,0,0,0,"{""process_exec"": 51, ""process_exit"": 52}"
1776112168,normal,k3s-wk1,0.3224444444444493,0.6223456674451919,325.5333333333333,165.8,10323.166666666666,9535.366666666667,0.0,0,18,2,0,12,0,"{""process_exit"": 18, ""process_exec"": 18, ""process_kprobe"": 12}"
1776112168,normal,sw-wk3,0.1841111111111079,0.3374619315213374,156.13333333333333,80.0,6558.933333333333,5859.566666666667,0.0,0,0,0,0,0,0,{}
1776112178,normal,sw-wk2,0.20971361283299528,0.2924248505931675,156.1021129107512,79.98400319936013,6118.1097113910555,27815.37025928148,0.0,0,0,0,0,0,0,{}
1776112178,normal,k3s-wk1,0.3224444444444493,0.6223456674451919,325.5333333333333,165.8,10323.166666666666,9535.366666666667,0.0,0,36,3,0,30,0,"{""process_exit"": 36, ""process_exec"": 36, ""process_kprobe"": 30}"
1776112178,normal,sw-wk3,0.15933333333333488,0.3291569504440791,104.8,54.0,2838.5333333333333,5580.366666666667,0.0,0,1,1,0,0,0,"{""process_exit"": 19, ""process_exec"": 1}"
1776112188,normal,sw-wk2,0.20971361283299528,0.2924248505931675,156.1021129107512,79.98400319936013,6118.1097113910555,27815.37025928148,0.0,0,0,0,0,0,0,{}
1776112188,normal,k3s-wk1,0.27388888888888485,0.6223671154569048,323.4,163.8,35008.9,6558.866666666667,0.0,0,33,3,0,28,0,"{""process_exit"": 34, ""process_exec"": 33, ""process_kprobe"": 28}"
1776112188,normal,sw-wk3,0.15933333333333488,0.3291569504440791,104.8,54.0,2838.5333333333333,5580.366666666667,0.0,0,0,0,0,0,0,{}
1776112198,normal,sw-wk2,0.11871263141516986,0.28534634351466037,154.03080616123225,78.01560312062412,687.0374074814963,3641.795025671801,0.0,0,0,0,0,0,0,{}
1776112198,normal,k3s-wk1,0.27388888888888485,0.6223671154569048,323.4,163.8,35008.9,6558.866666666667,0.0,0,39,3,0,32,0,"{""process_exit"": 39, ""process_exec"": 39, ""process_kprobe"": 32}"
1776112198,normal,sw-wk3,0.15933333333333488,0.3291569504440791,104.8,54.0,2838.5333333333333,5580.366666666667,0.0,0,0,0,0,0,0,{}
1776112209,normal,sw-wk2,0.11871263141516986,0.28534634351466037,154.03080616123225,78.01560312062412,687.0374074814963,3641.795025671801,0.0,0,2,2,0,0,0,"{""process_exec"": 2}"
1776112209,normal,k3s-wk1,0.27388888888888485,0.6223671154569048,323.4,163.8,35008.9,6558.866666666667,0.0,0,18,2,0,12,0,"{""process_exit"": 18, ""process_exec"": 18, ""process_kprobe"": 12}"
1776112209,normal,sw-wk3,0.18144444444443353,0.33474616766695975,156.13333333333333,80.0,2471.2666666666664,7735.433333333333,0.0,0,0,0,0,0,0,{}
1776112218,normal,sw-wk2,0.11871263141516986,0.28534634351466037,154.03080616123225,78.01560312062412,687.0374074814963,3641.795025671801,0.0,0,104,5,0,0,0,"{""process_exit"": 106, ""process_exec"": 104}"
1776112218,normal,k3s-wk1,0.28882518943180313,0.621311647512087,523.4317712152523,258.21611892540494,34498.96673555096,7789.314045730284,0.0,0,33,3,0,28,0,"{""process_exit"": 33, ""process_exec"": 33, ""process_kprobe"": 28}"
1776112218,normal,sw-wk3,0.18144444444443353,0.33474616766695975,156.13333333333333,80.0,2471.2666666666664,7735.433333333333,0.0,0,1,1,0,0,0,"{""process_exit"": 21, ""process_exec"": 1}"
1776112228,normal,sw-wk2,0.21644444444443955,0.287009251118162,156.13333333333335,80.0,6727.166666666667,27829.433333333338,0.0,0,0,0,0,0,0,{}
1776112228,normal,k3s-wk1,0.28882518943180313,0.621311647512087,523.4317712152523,258.21611892540494,34498.96673555096,7789.314045730284,0.0,0,12,2,0,8,0,"{""process_exit"": 12, ""process_exec"": 12, ""process_kprobe"": 8}"
1776112228,normal,sw-wk3,0.18144444444443353,0.33474616766695975,156.13333333333333,80.0,2471.2666666666664,7735.433333333333,0.0,0,0,0,0,0,0,{}
1776112238,normal,sw-wk2,0.21644444444443955,0.287009251118162,156.13333333333333,80.0,6727.166666666667,27829.433333333334,0.0,0,0,0,0,0,0,{}
1776112238,normal,k3s-wk1,0.28882518943180313,0.621311647512087,523.4317712152523,258.21611892540494,34498.96673555096,7789.314045730284,0.0,0,57,3,0,50,0,"{""process_exit"": 57, ""process_exec"": 57, ""process_kprobe"": 50}"
1776112238,normal,sw-wk3,0.16966666666666141,0.3381404742790881,154.0,78.0,3465.7666666666664,8212.6,0.0,0,0,0,0,0,0,{}
1776112249,normal,sw-wk2,0.21644444444443955,0.287009251118162,156.13333333333333,80.0,6727.166666666667,27829.433333333334,0.0,0,0,0,0,0,0,{}
1776112249,normal,k3s-wk1,0.28072982643287814,0.6154958498097336,329.88865924394963,171.8114540969398,10262.617507833857,5507.80052003467,0.0,0,33,3,0,28,0,"{""process_exit"": 33, ""process_exec"": 33, ""process_kprobe"": 28}"
1776112249,normal,sw-wk3,0.16966666666666141,0.3381404742790881,154.0,78.0,3465.7666666666664,8212.6,0.0,0,1,1,0,0,0,"{""process_exit"": 9, ""process_exec"": 1}"
1776112258,normal,sw-wk2,0.11744444444445135,0.2846104591154096,156.13333333333333,80.0,550.3666666666667,3540.7999999999997,0.0,0,0,0,0,0,0,{}
1776112258,normal,k3s-wk1,0.28072982643287814,0.6154958498097336,329.88865924394963,171.8114540969398,10262.617507833857,5507.80052003467,0.0,0,57,3,0,50,0,"{""process_exit"": 57, ""process_exec"": 57, ""process_kprobe"": 50}"
1776112258,normal,sw-wk3,0.16966666666666141,0.3381404742790881,154.0,78.0,3465.7666666666664,8212.6,0.0,0,0,0,0,0,0,{}
1776112270,normal,sw-wk2,0.11744444444445135,0.2846104591154096,156.13333333333333,80.0,550.3666666666667,3540.7999999999997,0.0,0,2,2,0,0,0,"{""process_exec"": 2}"
1776112270,normal,k3s-wk1,0.28072982643287814,0.6154958498097336,329.88865924394963,171.8114540969398,10262.617507833857,5507.80052003467,0.0,0,12,2,0,8,0,"{""process_exit"": 12, ""process_exec"": 12, ""process_kprobe"": 8}"
1776112270,normal,sw-wk3,0.18322222222222995,0.3321578296825821,156.13333333333333,80.0,4517.733333333334,6543.4,0.0,0,2,2,0,0,0,"{""process_exec"": 2}"
1776112280,normal,sw-wk2,0.11744444444445135,0.2846104591154096,156.13333333333333,80.0,550.3666666666667,3540.7999999999997,0.0,0,104,5,0,0,0,"{""process_exit"": 106, ""process_exec"": 104}"
1776112280,normal,k3s-wk1,0.3422222222222242,0.6157171029831927,327.5333333333333,167.8,34755.066666666666,13169.699999999999,0.0,0,66,3,0,56,0,"{""process_exit"": 66, ""process_exec"": 66, ""process_kprobe"": 56}"
1776112280,normal,sw-wk3,0.18322222222222995,0.3321578296825821,156.13333333333333,80.0,4517.733333333334,6543.4,0.0,0,7,5,0,0,0,"{""process_exit"": 13, ""process_exec"": 7}"
1776112290,normal,sw-wk2,0.19991112592345228,0.28832173757916335,104.78253624395934,53.991001499750034,6014.764205965673,27690.084985835696,0.0,0,0,0,0,0,0,{}
1776112290,normal,k3s-wk1,0.3422222222222242,0.6157171029831927,327.5333333333333,167.8,34755.066666666666,13169.699999999999,0.0,0,36,3,0,30,0,"{""process_exit"": 36, ""process_exec"": 36, ""process_kprobe"": 30}"
1776112290,normal,sw-wk3,0.18322222222222995,0.3321578296825821,156.13333333333333,80.0,4517.733333333334,6543.4,0.0,0,0,0,0,0,0,{}
1776112300,normal,sw-wk2,0.19991112592345228,0.28832173757916335,104.78253624395934,53.99100149975004,6014.764205965673,27690.084985835696,0.0,0,0,0,0,0,0,{}
1776112300,normal,k3s-wk1,0.3422222222222242,0.6157171029831927,327.5333333333333,167.8,34755.066666666666,13169.699999999999,0.0,0,36,3,0,30,0,"{""process_exit"": 36, ""process_exec"": 36, ""process_kprobe"": 30}"
1776112300,normal,sw-wk3,0.18666666666666876,0.33351332237470854,143219.23333333334,2050.4,5090.266666666666,8123.766666666666,0.0,0,0,0,0,0,0,{}
1776112310,normal,sw-wk2,0.19991112592345228,0.28832173757916335,104.78253624395934,53.99100149975004,6014.764205965673,27690.084985835696,0.0,0,0,0,0,0,0,{}
1776112310,normal,k3s-wk1,0.2782222222222218,0.6149156246507643,329.4,170.40000000000003,11635.6,3236.633333333333,0.0,0,60,3,0,52,0,"{""process_exit"": 60, ""process_exec"": 60, ""process_kprobe"": 52}"
1776112310,normal,sw-wk3,0.18666666666666876,0.33351332237470854,143219.23333333334,2050.4,5090.266666666666,8123.766666666666,0.0,0,1,1,0,0,0,"{""process_exit"": 15, ""process_exec"": 1}"
1776112320,normal,sw-wk2,0.11038513678690254,0.28887763293703883,156.1437429161944,80.0053336889126,978.2985532368825,3625.1083405560375,0.0,0,0,0,0,0,0,{}
1776112320,normal,k3s-wk1,0.2782222222222218,0.6149156246507643,329.4,170.4,11635.6,3236.633333333333,0.0,0,36,3,0,30,0,"{""process_exit"": 36, ""process_exec"": 36, ""process_kprobe"": 30}"
1776112320,normal,sw-wk3,0.18666666666666876,0.33351332237470854,143219.23333333334,2050.4,5090.266666666666,8123.766666666666,0.0,0,0,0,0,0,0,{}
1776112330,normal,sw-wk2,0.11038513678690254,0.28887763293703883,156.1437429161944,80.0053336889126,978.2985532368825,3625.1083405560375,0.0,0,2,2,0,0,0,"{""process_exec"": 2}"
1776112330,normal,k3s-wk1,0.2782222222222218,0.6149156246507643,329.4,170.4,11635.6,3236.633333333333,0.0,0,54,3,0,48,0,"{""process_exit"": 54, ""process_exec"": 54, ""process_kprobe"": 48}"
1776112330,normal,sw-wk3,0.16811111111110222,0.334029397148209,156.13333333333333,80.0,4284.933333333333,8601.066666666666,0.0,0,0,0,0,0,0,"{""process_exit"": 11}"
1776112340,normal,sw-wk2,0.11038513678690254,0.28887763293703883,156.1437429161944,80.0053336889126,978.2985532368825,3625.1083405560375,0.0,0,0,0,0,0,0,{}
1776112340,normal,k3s-wk1,0.2852064169221865,0.6176225894974731,323.35688574856687,163.7781629116118,15851.253166244502,7270.063991467805,0.0,0,12,2,0,8,0,"{""process_exit"": 12, ""process_exec"": 12, ""process_kprobe"": 8}"
1776112340,normal,sw-wk3,0.16811111111110222,0.334029397148209,156.13333333333333,80.0,4284.933333333333,8601.066666666666,0.0,0,1,1,0,0,0,"{""process_exit"": 18, ""process_exec"": 1}"
1776112350,normal,sw-wk2,0.19388888888887668,0.29107572919454106,154.00000000000003,78.0,4274.633333333333,27836.399999999998,0.0,0,104,5,0,0,0,"{""process_exit"": 106, ""process_exec"": 104}"
1776112350,normal,k3s-wk1,0.2852064169221865,0.6176225894974731,323.35688574856687,163.7781629116118,15851.253166244502,7270.063991467805,0.0,0,39,3,0,32,0,"{""process_exit"": 39, ""process_exec"": 39, ""process_kprobe"": 32}"
1776112350,normal,sw-wk3,0.16811111111110222,0.334029397148209,156.13333333333333,80.0,4284.933333333333,8601.066666666666,0.0,0,0,0,0,0,0,{}
1776112360,normal,sw-wk2,0.19388888888887668,0.29107572919454106,154.0,78.0,4274.633333333333,27836.399999999998,0.0,0,0,0,0,0,0,{}
1776112360,normal,k3s-wk1,0.2852064169221865,0.6176225894974731,323.35688574856687,163.7781629116118,15851.253166244502,7270.063991467805,0.0,0,12,2,0,8,0,"{""process_exit"": 12, ""process_exec"": 12, ""process_kprobe"": 8}"
1776112360,normal,sw-wk3,0.1546666666666776,0.3313391184678314,156.13333333333333,80.0,3472.6666666666674,9150.133333333333,0.0,0,1,1,0,0,0,"{""process_exit"": 3, ""process_exec"": 1}"
1776112370,normal,sw-wk2,0.19388888888887668,0.29107572919454106,154.0,78.0,4274.633333333333,27836.399999999998,0.0,0,0,0,0,0,0,{}
1776112370,normal,k3s-wk1,0.28523803173756823,0.6146796965219227,325.5767435658088,165.82210961461527,33583.94452593679,6955.694092545673,0.0,0,36,3,0,30,0,"{""process_exit"": 36, ""process_exec"": 36, ""process_kprobe"": 30}"
1776112370,normal,sw-wk3,0.1546666666666776,0.3313391184678314,156.13333333333333,80.0,3472.6666666666665,9150.133333333333,0.0,0,0,0,0,0,0,{}
1776112380,normal,sw-wk2,0.12302923235892838,0.2867352854976617,160.59464684510516,85.99713342888569,1908.5030498983365,3671.1109629679004,0.0,0,0,0,0,0,0,{}
1776112380,normal,k3s-wk1,0.28523803173756823,0.6146796965219227,325.5767435658088,165.82210961461527,33583.94452593679,6955.694092545673,0.0,0,30,3,0,26,0,"{""process_exit"": 30, ""process_exec"": 30, ""process_kprobe"": 26}"
1776112380,normal,sw-wk3,0.1546666666666776,0.3313391184678314,156.13333333333333,80.0,3472.6666666666665,9150.133333333333,0.0,0,0,0,0,0,0,"{""process_exit"": 8}"
1776112390,normal,sw-wk2,0.12302923235892838,0.2867352854976617,160.59464684510513,85.99713342888569,1908.5030498983365,3671.1109629679004,0.0,0,2,2,0,0,0,"{""process_exec"": 2}"
1776112390,normal,k3s-wk1,0.28523803173756823,0.6146796965219227,325.5767435658088,165.82210961461527,33583.94452593679,6955.694092545673,0.0,0,18,2,0,12,0,"{""process_exit"": 18, ""process_exec"": 18, ""process_kprobe"": 12}"
1776112390,normal,sw-wk3,0.17022222222221894,0.3298450501420799,156.13333333333333,80.00000000000001,4523.366666666667,7414.733333333334,0.0,0,1,1,0,0,0,"{""process_exit"": 1, ""process_exec"": 1}"
1776112400,normal,sw-wk2,0.12302923235892838,0.2867352854976617,160.59464684510513,85.99713342888569,1908.5030498983365,3671.1109629679004,0.0,0,104,5,0,0,0,"{""process_exit"": 106, ""process_exec"": 104}"
1776112400,normal,k3s-wk1,0.31944444444444453,0.6170807449910427,323.4,163.8,34889.76666666666,13001.533333333333,0.0,0,39,3,0,32,0,"{""process_exit"": 39, ""process_exec"": 39, ""process_kprobe"": 32}"
1776112400,normal,sw-wk3,0.17022222222221894,0.3298450501420799,156.13333333333333,80.0,4523.366666666667,7414.733333333334,0.0,0,1,1,0,0,0,"{""process_exit"": 3, ""process_exec"": 1}"
1776112410,normal,sw-wk2,0.19955555555556603,0.2910789148412911,156.13333333333333,80.0,6108.833333333333,27773.266666666666,0.0,0,0,0,0,0,0,{}
1776112410,normal,k3s-wk1,0.31944444444444453,0.6170807449910427,323.4,163.8,34889.76666666666,13001.533333333333,0.0,0,36,3,0,30,0,"{""process_exit"": 36, ""process_exec"": 36, ""process_kprobe"": 30}"
1776112410,normal,sw-wk3,0.17022222222221894,0.3298450501420799,156.13333333333333,80.0,4523.366666666667,7414.733333333334,0.0,0,0,0,0,0,0,{}
1776112420,normal,sw-wk2,0.19955555555556603,0.2910789148412911,156.13333333333333,80.0,6108.833333333333,27773.266666666666,0.0,0,0,0,0,0,0,{}
1776112420,normal,k3s-wk1,0.31944444444444453,0.6170807449910427,323.4,163.8,34889.76666666666,13001.533333333333,0.0,0,32,3,0,26,0,"{""process_exit"": 33, ""process_exec"": 32, ""process_kprobe"": 26}"
1776112420,normal,sw-wk3,0.19966666666666955,0.33275832409495776,156.13333333333333,80.0,5699.433333333333,5875.766666666666,0.0,0,0,0,0,0,0,{}
1776112430,normal,sw-wk2,0.19955555555556603,0.2910789148412911,156.13333333333333,80.0,6108.833333333333,27773.266666666666,0.0,0,0,0,0,0,0,{}
1776112430,normal,k3s-wk1,0.2830000000000029,0.6272087218904052,325.5333333333333,165.8,9893.866666666669,3818.3333333333335,0.0,0,19,2,0,14,0,"{""process_exec"": 19, ""process_kprobe"": 14, ""process_exit"": 18}"
1776112430,normal,sw-wk3,0.19966666666666955,0.33275832409495776,156.13333333333333,80.0,5699.433333333333,5875.766666666666,0.0,0,1,1,0,0,0,"{""process_exit"": 5, ""process_exec"": 1}"
1776112440,normal,sw-wk2,0.11222222222221623,0.2902156045720402,154.00000000000003,78.0,631.1666666666666,3586.4,0.0,0,0,0,0,0,0,{}
1776112440,normal,k3s-wk1,0.2830000000000029,0.6272087218904052,325.5333333333333,165.8,9893.866666666667,3818.3333333333335,0.0,0,57,3,0,50,0,"{""process_exit"": 57, ""process_exec"": 57, ""process_kprobe"": 50}"
1776112440,normal,sw-wk3,0.19966666666666955,0.33275832409495776,156.13333333333333,80.0,5699.433333333333,5875.766666666666,0.0,0,0,0,0,0,0,{}
1776112450,normal,sw-wk2,0.11222222222221623,0.2902156045720402,154.0,78.0,631.1666666666666,3586.4,0.0,0,106,7,0,0,0,"{""process_exec"": 106, ""process_exit"": 106}"
1776112450,normal,k3s-wk1,0.2830000000000029,0.6272087218904052,325.5333333333333,165.8,9893.866666666667,3818.3333333333335,0.0,0,15,2,0,10,0,"{""process_exit"": 15, ""process_exec"": 15, ""process_kprobe"": 10}"
1776112450,normal,sw-wk3,0.15266666666667428,0.32742236578870243,160.6,86.0,2298.4333333333334,5808.1,0.0,0,0,0,0,0,0,{}
1776112460,normal,sw-wk2,0.11222222222221623,0.2902156045720402,154.0,78.0,631.1666666666666,3586.4,0.0,0,0,0,0,0,0,{}
1776112460,normal,k3s-wk1,0.3010000000000016,0.62590039317592,325.5333333333333,165.8,32939.76666666666,9800.566666666666,0.0,0,33,3,0,28,0,"{""process_exit"": 33, ""process_exec"": 33, ""process_kprobe"": 28}"
1776112460,normal,sw-wk3,0.15266666666667428,0.32742236578870243,160.6,86.0,2298.4333333333334,5808.1,0.0,0,0,0,0,0,0,{}
1776112470,normal,sw-wk2,0.1953065102170063,0.2922735323725423,104.80349344978167,54.001800060002004,5656.755225174172,27749.158305276844,0.0,0,0,0,0,0,0,{}
1776112470,normal,k3s-wk1,0.3010000000000016,0.62590039317592,325.5333333333333,165.8,32939.76666666666,9800.566666666666,0.0,0,15,2,0,10,0,"{""process_exit"": 15, ""process_exec"": 15, ""process_kprobe"": 10}"
1776112470,normal,sw-wk3,0.15266666666667428,0.32742236578870243,160.6,86.0,2298.4333333333334,5808.1,0.0,0,1,1,0,0,0,"{""process_exit"": 31, ""process_exec"": 1}"
1776112480,normal,sw-wk2,0.1953065102170063,0.2922735323725423,104.80349344978167,54.001800060002004,5656.755225174173,27749.158305276844,0.0,0,0,0,0,0,0,{}
1776112480,normal,k3s-wk1,0.3010000000000016,0.62590039317592,325.5333333333333,165.8,32939.76666666666,9800.566666666666,0.0,0,36,3,0,30,0,"{""process_exit"": 36, ""process_exec"": 36, ""process_kprobe"": 30}"
1776112480,normal,sw-wk3,0.17555555555555769,0.33101736814608107,104.8,54.0,3125.866666666667,9481.600000000002,0.0,0,0,0,0,0,0,{}
1776112490,normal,sw-wk2,0.1953065102170063,0.2922735323725423,104.80349344978167,54.001800060002004,5656.755225174173,27749.158305276844,0.0,0,0,0,0,0,0,{}
1776112490,normal,k3s-wk1,0.2714444444444376,0.6096473156684499,325.5333333333333,165.80000000000004,12926.933333333332,1834.9666666666667,0.0,0,36,3,0,30,0,"{""process_exit"": 37, ""process_exec"": 36, ""process_kprobe"": 30}"
1776112490,normal,sw-wk3,0.17555555555555769,0.33101736814608107,104.8,54.0,3125.866666666667,9481.6,0.0,0,1,1,0,0,0,"{""process_exit"": 7, ""process_exec"": 1}"
1776112500,normal,sw-wk2,0.11002966567781691,0.29120793353466623,159.12802906569777,82.99723342555247,522.7159094696842,3535.615479484017,0.0,0,0,0,0,0,0,{}
1776112500,normal,k3s-wk1,0.2714444444444376,0.6096473156684499,325.5333333333333,165.8,12926.933333333332,1834.9666666666667,0.0,0,12,2,0,8,0,"{""process_exit"": 12, ""process_exec"": 12, ""process_kprobe"": 8}"
1776112500,normal,sw-wk3,0.17555555555555769,0.33101736814608107,104.8,54.0,3125.866666666667,9481.6,0.0,0,0,0,0,0,0,{}
1776112510,normal,sw-wk2,0.11002966567781691,0.29120793353466623,159.12802906569783,82.99723342555247,522.7159094696842,3535.6154794840168,0.0,0,106,7,0,0,0,"{""process_exec"": 106, ""process_exit"": 106}"
1776112510,normal,k3s-wk1,0.2714444444444376,0.6096473156684499,325.5333333333333,165.8,12926.933333333332,1834.9666666666667,0.0,0,36,3,0,30,0,"{""process_exit"": 36, ""process_exec"": 36, ""process_kprobe"": 30}"
1776112510,normal,sw-wk3,0.16333333333332123,0.3357209755724607,339.26666666666665,171.23333333333332,4263.6,6348.6,0.0,0,58,4,0,0,0,"{""process_exit"": 32, ""process_exec"": 58}"
1776112520,normal,sw-wk2,0.11002966567781691,0.29120793353466623,159.12802906569777,82.99723342555247,522.7159094696842,3535.6154794840168,0.0,0,0,0,0,0,0,{}
1776112520,normal,k3s-wk1,0.3128888888888973,0.6036147801635241,325.5333333333334,165.8,52794.23333333333,15159.933333333332,0.0,0,12,2,0,8,0,"{""process_exit"": 12, ""process_exec"": 12, ""process_kprobe"": 8}"
1776112520,normal,sw-wk3,0.16333333333332123,0.3357209755724607,339.26666666666665,171.23333333333332,4263.6,6348.6,0.0,0,118,4,0,0,0,"{""process_exit"": 70, ""process_exec"": 118}"
1776112530,normal,sw-wk2,0.21088888888888402,0.2812671228512813,156.13333333333333,80.0,7176.433333333333,27948.833333333332,0.0,0,0,0,0,0,0,{}
1776112530,normal,k3s-wk1,0.3128888888888973,0.6036147801635241,325.5333333333333,165.8,52794.23333333333,15159.933333333332,0.0,0,33,3,0,28,0,"{""process_exit"": 33, ""process_exec"": 33, ""process_kprobe"": 28}"
1776112530,normal,sw-wk3,0.16333333333332123,0.3357209755724607,339.26666666666665,171.23333333333332,4263.6,6348.6,0.0,0,116,4,0,0,0,"{""process_exit"": 64, ""process_exec"": 116}"
1776112540,normal,sw-wk2,0.21088888888888402,0.2812671228512813,156.13333333333333,80.0,7176.433333333333,27948.833333333332,0.0,0,0,0,0,0,0,{}
1776112540,normal,k3s-wk1,0.3128888888888973,0.6036147801635241,325.5333333333333,165.8,52794.23333333333,15159.933333333332,0.0,0,60,3,0,52,0,"{""process_exit"": 60, ""process_exec"": 60, ""process_kprobe"": 52}"
1776112540,normal,sw-wk3,0.21311111111111414,0.3388397237407138,573.9333333333333,280.4,5284.366666666667,60657.86666666667,0.0,0,174,4,0,0,0,"{""process_exit"": 96, ""process_exec"": 174}"
1776112550,normal,sw-wk2,0.21088888888888402,0.2812671228512813,156.13333333333333,80.0,7176.433333333333,27948.833333333332,0.0,0,0,0,0,0,0,{}
1776112550,normal,k3s-wk1,0.281555555555547,0.604933268462505,325.5333333333333,165.8,68963.06666666667,2377.1,0.0,0,18,2,0,12,0,"{""process_exit"": 18, ""process_exec"": 18, ""process_kprobe"": 12}"
1776112550,normal,sw-wk3,0.21311111111111436,0.3388397237407138,573.9333333333333,280.4,5284.366666666667,60657.86666666667,0.0,0,117,4,0,0,0,"{""process_exit"": 67, ""process_exec"": 117}"
1776112560,normal,sw-wk2,0.1338845179357191,0.2802732010652803,154.0205360714762,78.01040138685158,603.0804107214295,3601.3135084677956,0.0,0,0,0,0,0,0,{}
1776112560,normal,k3s-wk1,0.281555555555547,0.604933268462505,325.5333333333333,165.8,68963.06666666667,2377.1,0.0,0,63,3,0,54,0,"{""process_exit"": 63, ""process_exec"": 63, ""process_kprobe"": 54}"
1776112560,normal,sw-wk3,0.21311111111111436,0.3388397237407138,573.9333333333333,280.4,5284.366666666667,60657.86666666667,0.0,0,116,4,0,0,0,"{""process_exit"": 64, ""process_exec"": 116}"
1776112570,normal,sw-wk2,0.1338845179357191,0.2802732010652803,154.0205360714762,78.01040138685158,603.0804107214295,3601.3135084677956,0.0,0,106,7,0,0,0,"{""process_exec"": 106, ""process_exit"": 106}"
1776112570,normal,k3s-wk1,0.281555555555547,0.604933268462505,325.5333333333333,165.8,68963.06666666667,2377.1,0.0,0,12,2,0,8,0,"{""process_exit"": 12, ""process_exec"": 12, ""process_kprobe"": 8}"
1776112570,normal,sw-wk3,0.18066666666665898,0.3422611083502173,162.13333333333333,86.6,3177.4666666666667,59084.73333333333,0.0,0,87,4,0,0,0,"{""process_exit"": 48, ""process_exec"": 87}"
1776112580,normal,sw-wk2,0.1338845179357191,0.2802732010652803,154.0205360714762,78.01040138685158,603.0804107214295,3601.3135084677956,0.0,0,0,0,0,0,0,{}
1776112580,normal,k3s-wk1,0.31155555555555514,0.6041848457379979,325.5333333333333,165.8,84015.3,10157.7,0.0,0,30,3,0,26,0,"{""process_exit"": 30, ""process_exec"": 30, ""process_kprobe"": 26}"
1776112580,normal,sw-wk3,0.18066666666665898,0.3422611083502173,162.13333333333333,86.6,3177.4666666666667,59084.73333333333,0.0,0,175,4,0,0,0,"{""process_exit"": 103, ""process_exec"": 175}"
1776112590,normal,sw-wk2,0.199440074656708,0.2877976986887878,156.11251833088923,79.98933475536596,5582.189041461139,27757.465671243834,0.0,0,0,0,0,0,0,{}
1776112590,normal,k3s-wk1,0.31155555555555514,0.6041848457379979,325.5333333333333,165.8,84015.3,10157.7,0.0,0,15,2,0,10,0,"{""process_exit"": 15, ""process_exec"": 15, ""process_kprobe"": 10}"
1776112590,normal,sw-wk3,0.18066666666665898,0.3422611083502173,162.13333333333333,86.6,3177.4666666666667,59084.73333333333,0.0,0,116,4,0,0,0,"{""process_exit"": 64, ""process_exec"": 116}"
1776112600,normal,sw-wk2,0.199440074656708,0.2877976986887878,156.11251833088923,79.98933475536596,5582.189041461139,27757.465671243834,0.0,0,0,0,0,0,0,{}
1776112600,normal,k3s-wk1,0.31155555555555514,0.6041848457379979,325.5333333333333,165.8,84015.3,10157.7,0.0,0,33,3,0,28,0,"{""process_exit"": 33, ""process_exec"": 33, ""process_kprobe"": 28}"
1776112600,normal,sw-wk3,0.19211111111112078,0.3404930744039655,156.13333333333333,80.0,3947.0333333333333,63102.066666666666,0.0,0,117,4,0,0,0,"{""process_exit"": 69, ""process_exec"": 117}"
1776112610,normal,sw-wk2,0.199440074656708,0.2877976986887878,156.11251833088923,79.98933475536596,5582.189041461139,27757.465671243834,0.0,0,0,0,0,0,0,{}
1776112610,normal,k3s-wk1,0.2744444444444526,0.6100187049238991,323.4,163.8,63566.5,3407.6666666666665,0.0,0,33,3,0,28,0,"{""process_exit"": 33, ""process_exec"": 33, ""process_kprobe"": 28}"
1776112610,normal,sw-wk3,0.19211111111112078,0.3404930744039655,156.13333333333333,80.0,3947.0333333333333,63102.066666666666,0.0,0,87,4,0,0,0,"{""process_exit"": 48, ""process_exec"": 87}"
1776112620,normal,sw-wk2,0.12755034004534715,0.2863705289447863,160.62141618882518,86.01146819575943,893.8858514468595,3594.6792905720763,0.0,0,0,0,0,0,0,{}
1776112620,normal,k3s-wk1,0.2744444444444526,0.6100187049238991,323.4,163.8,63566.5,3407.6666666666665,0.0,0,39,3,0,32,0,"{""process_exit"": 39, ""process_exec"": 39, ""process_kprobe"": 32}"
1776112620,normal,sw-wk3,0.19211111111112078,0.3404930744039655,156.13333333333333,80.0,3947.0333333333333,63102.066666666666,0.0,0,145,4,0,0,0,"{""process_exit"": 80, ""process_exec"": 145}"
1776112630,normal,sw-wk2,0.12755034004534715,0.2863705289447863,160.62141618882518,86.01146819575943,893.8858514468595,3594.6792905720763,0.0,0,2,2,0,0,0,"{""process_exec"": 2}"
1776112630,normal,k3s-wk1,0.2744444444444526,0.6100187049238991,323.4,163.8,63566.5,3407.6666666666665,0.0,0,75,3,0,68,0,"{""process_exit"": 75, ""process_exec"": 75, ""process_kprobe"": 68}"
1776112630,normal,sw-wk3,0.21788888888888536,0.33970621965671466,156.13333333333333,80.0,4440.8,61484.066666666666,0.0,0,116,4,0,0,0,"{""process_exit"": 64, ""process_exec"": 116}"
1776112640,normal,sw-wk2,0.12755034004534715,0.2863705289447863,160.62141618882518,86.01146819575943,893.8858514468595,3594.6792905720763,0.0,0,104,5,0,0,0,"{""process_exit"": 106, ""process_exec"": 104}"
1776112640,normal,k3s-wk1,0.3137777777777754,0.6073004516499729,325.5333333333333,165.8,65928.93333333333,8975.866666666667,0.0,0,63,3,0,54,0,"{""process_exit"": 63, ""process_exec"": 63, ""process_kprobe"": 54}"
1776112640,normal,sw-wk3,0.21788888888888536,0.33970621965671466,156.13333333333333,80.0,4440.8,61484.066666666666,0.0,0,146,4,0,0,0,"{""process_exit"": 83, ""process_exec"": 146}"
1776112650,normal,sw-wk2,0.18791312559018547,0.28577799864928577,104.78253624395931,53.99100149975004,5969.9383436093985,27765.2724545909,0.0,0,0,0,0,0,0,{}
1776112650,normal,k3s-wk1,0.3137777777777754,0.6073004516499729,325.5333333333333,165.8,65928.93333333333,8975.866666666667,0.0,0,15,2,0,10,0,"{""process_exit"": 15, ""process_exec"": 15, ""process_kprobe"": 10}"
1776112650,normal,sw-wk3,0.21788888888888536,0.33970621965671466,156.13333333333333,80.0,4440.8,61484.066666666666,0.0,0,87,4,0,0,0,"{""process_exit"": 48, ""process_exec"": 87}"
1776112660,normal,sw-wk2,0.18791312559018547,0.28577799864928577,104.78253624395934,53.99100149975004,5969.9383436093985,27765.2724545909,0.0,0,0,0,0,0,0,{}
1776112660,normal,k3s-wk1,0.3137777777777754,0.6073004516499729,325.5333333333333,165.8,65928.93333333333,8975.866666666667,0.0,0,39,3,0,32,0,"{""process_exit"": 39, ""process_exec"": 39, ""process_kprobe"": 32}"
1776112660,normal,sw-wk3,0.20700000000000118,0.34107923340596613,156.13333333333333,80.0,5162.833333333333,54372.86666666667,0.0,0,86,4,0,0,0,"{""process_exit"": 55, ""process_exec"": 86}"
1776112670,normal,sw-wk2,0.18791312559018547,0.28577799864928577,104.78253624395934,53.99100149975004,5969.9383436093985,27765.2724545909,0.0,0,0,0,0,0,0,{}
1776112670,normal,k3s-wk1,0.2993333333333289,0.6104104133483395,325.5333333333333,165.8,72643.26666666666,9759.966666666667,0.0,0,15,2,0,10,0,"{""process_exit"": 15, ""process_exec"": 15, ""process_kprobe"": 10}"
1776112670,normal,sw-wk3,0.20700000000000118,0.34107923340596613,156.13333333333333,80.0,5162.833333333333,54372.86666666667,0.0,0,0,0,0,0,0,{}
1776112681,normal,sw-wk2,0.14994332955529355,0.28395103023815893,156.1437429161944,80.0053336889126,1026.9351290086006,3624.8749916661113,0.0,0,0,0,0,0,0,{}
1776112681,normal,k3s-wk1,0.2993333333333289,0.6104104133483395,325.5333333333333,165.8,72643.26666666666,9759.966666666667,0.0,0,57,3,0,50,0,"{""process_exit"": 57, ""process_exec"": 57, ""process_kprobe"": 50}"
1776112681,normal,sw-wk3,0.20700000000000118,0.34107923340596613,156.13333333333333,80.0,5162.833333333333,54372.86666666667,0.0,0,1,1,0,0,0,"{""process_exit"": 21, ""process_exec"": 1}"
1776112690,normal,sw-wk2,0.14994332955529355,0.28395103023815893,156.1437429161944,80.0053336889126,1026.9351290086006,3624.8749916661113,0.0,0,2,2,0,0,0,"{""process_exec"": 2}"
1776112690,normal,k3s-wk1,0.2993333333333289,0.6104104133483395,325.5333333333333,165.8,72643.26666666666,9759.966666666667,0.0,0,51,3,0,46,0,"{""process_exit"": 51, ""process_exec"": 51, ""process_kprobe"": 46}"
1776112690,normal,sw-wk3,0.18522222222222307,0.340037526918715,104.8,54.0,4450.966666666666,16687.366666666665,0.0,0,0,0,0,0,0,{}
1776112700,normal,sw-wk2,0.14994332955529355,0.28395103023815893,156.1437429161944,80.0053336889126,1026.9351290086006,3624.8749916661113,0.0,0,104,5,0,0,0,"{""process_exit"": 106, ""process_exec"": 104}"
1776112700,normal,k3s-wk1,0.2929999999999988,0.6089034083148297,325.5333333333333,165.8,12853.766666666666,5012.366666666667,0.0,0,15,2,0,10,0,"{""process_exit"": 15, ""process_exec"": 15, ""process_kprobe"": 10}"
1776112700,normal,sw-wk3,0.18522222222222307,0.340037526918715,104.8,54.0,4450.966666666666,16687.366666666665,0.0,0,1,1,0,0,0,"{""process_exit"": 3, ""process_exec"": 1}"
1776112710,normal,sw-wk2,0.22747830338589947,0.28918504784841415,156.14894822815614,80.00800080008,5583.891722505584,27927.492749274927,0.0,0,0,0,0,0,0,{}
1776112710,normal,k3s-wk1,0.2929999999999988,0.6089034083148297,325.5333333333333,165.8,12853.766666666666,5012.366666666667,0.0,0,57,3,0,50,0,"{""process_exit"": 57, ""process_exec"": 57, ""process_kprobe"": 50}"
1776112710,normal,sw-wk3,0.18522222222222307,0.340037526918715,104.8,54.0,4450.966666666666,16687.366666666665,0.0,0,0,0,0,0,0,{}
1776112720,normal,sw-wk2,0.22747830338589947,0.28918504784841415,156.14894822815614,80.00800080008,5583.891722505584,27927.492749274927,0.0,0,0,0,0,0,0,{}
1776112720,normal,k3s-wk1,0.2929999999999988,0.6089034083148297,325.5333333333333,165.8,12853.766666666666,5012.366666666667,0.0,0,36,3,0,30,0,"{""process_exit"": 36, ""process_exec"": 36, ""process_kprobe"": 30}"
1776112720,normal,sw-wk3,0.17366666666666786,0.3357034545153357,156.13333333333333,80.00000000000001,3378.2999999999997,5679.6,0.0,0,0,0,0,0,0,{}
1776112730,normal,sw-wk2,0.22747830338589947,0.28918504784841415,156.14894822815614,80.00800080008,5583.891722505584,27927.492749274927,0.0,0,0,0,0,0,0,{}
1776112730,normal,k3s-wk1,0.2874444444444433,0.6140227100578758,330.0,171.8,32402.5,6591.566666666667,0.0,0,78,3,0,70,0,"{""process_exit"": 78, ""process_exec"": 78, ""process_kprobe"": 70}"
1776112730,normal,sw-wk3,0.17366666666666786,0.3357034545153357,156.13333333333333,80.0,3378.2999999999997,5679.6,0.0,0,1,1,0,0,0,"{""process_exit"": 13, ""process_exec"": 1}"
1776112740,normal,sw-wk2,0.13022222222222501,0.28121455967990616,156.13333333333333,80.0,564.5666666666666,3546.0333333333333,0.0,0,0,0,0,0,0,{}
1776112740,normal,k3s-wk1,0.2874444444444433,0.6140227100578758,330.0,171.8,32402.5,6591.566666666667,0.0,0,39,3,0,32,0,"{""process_exit"": 39, ""process_exec"": 39, ""process_kprobe"": 32}"
1776112740,normal,sw-wk3,0.17366666666666786,0.3357034545153357,156.13333333333333,80.0,3378.2999999999997,5679.6,0.0,0,0,0,0,0,0,{}
1776112750,normal,sw-wk2,0.13022222222222501,0.28121455967990616,156.13333333333333,80.0,564.5666666666666,3546.0333333333333,0.0,0,2,2,0,0,0,"{""process_exec"": 2}"
1776112750,normal,k3s-wk1,0.2874444444444433,0.6140227100578758,330.0,171.8,32402.5,6591.566666666667,0.0,0,18,2,0,12,0,"{""process_exit"": 18, ""process_exec"": 18, ""process_kprobe"": 12}"
1776112750,normal,sw-wk3,0.1562222222222166,0.3412034736292162,156.13333333333333,80.0,2247.9,6935.8,0.0,0,0,0,0,0,0,"{""process_exit"": 11}"
1776112760,normal,sw-wk2,0.13022222222222501,0.28121455967990616,156.13333333333333,80.0,564.5666666666666,3546.0333333333333,0.0,0,104,5,0,0,0,"{""process_exit"": 106, ""process_exec"": 104}"
1776112760,normal,k3s-wk1,0.3123333333333296,0.6211818305990882,325.5333333333333,165.8,12870.733333333334,6796.033333333333,0.0,0,14,2,0,9,0,"{""process_exit"": 14, ""process_exec"": 14, ""process_kprobe"": 9}"
1776112760,normal,sw-wk3,0.1562222222222166,0.3412034736292162,156.13333333333333,80.0,2247.9,6935.8,0.0,0,2,2,0,0,0,"{""process_exec"": 2}"
1776112770,normal,sw-wk2,0.2347942009665045,0.2974995858659225,125.31244792534578,64.38926845525745,5890.2516247292115,27855.057490418265,0.0,0,0,0,0,0,0,{}
1776112770,normal,k3s-wk1,0.3123333333333297,0.6211818305990882,325.5333333333333,165.8,12870.733333333334,6796.033333333333,0.0,0,34,3,0,29,0,"{""process_kprobe"": 29, ""process_exit"": 34, ""process_exec"": 34}"
1776112770,normal,sw-wk3,0.1562222222222166,0.3412034736292162,156.13333333333333,80.0,2247.9,6935.8,0.0,0,0,0,0,0,0,{}
1776112780,normal,sw-wk2,0.2347942009665045,0.2974995858659225,125.31244792534578,64.38926845525745,5890.2516247292115,27855.057490418265,0.0,0,0,0,0,0,0,{}
1776112780,normal,k3s-wk1,0.3123333333333297,0.6211818305990882,325.5333333333333,165.8,12870.733333333334,6796.033333333333,0.0,0,12,2,0,8,0,"{""process_exit"": 12, ""process_exec"": 12, ""process_kprobe"": 8}"
1776112780,normal,sw-wk3,0.35788888888888926,0.34212731118671713,758.4333333333333,370.9,5781.666666666667,7344.8,0.0,0,0,0,0,0,0,{}
1776112790,normal,sw-wk2,0.23479420096650438,0.2974995858659225,125.31244792534578,64.38926845525745,5890.2516247292115,27855.057490418265,0.0,0,0,0,0,0,0,{}
1776112790,normal,k3s-wk1,0.30244444444444707,0.6187503033764814,325.5333333333333,165.8,32953.0,7682.433333333333,0.0,0,60,3,0,52,0,"{""process_exit"": 61, ""process_exec"": 60, ""process_kprobe"": 52}"
1776112790,normal,sw-wk3,0.35788888888888926,0.34212731118671713,758.4333333333333,370.9,5781.666666666667,7344.8,0.0,0,0,0,0,0,0,{}
1776112800,normal,sw-wk2,0.12608198051045527,0.2923468022477923,135.60452015067168,69.60232007733592,558.7519583986134,3570.0190006333546,0.0,0,0,0,0,0,0,{}
1776112800,normal,k3s-wk1,0.3024444444444473,0.6187503033764814,325.5333333333333,165.8,32953.0,7682.433333333333,0.0,0,57,3,0,50,0,"{""process_exit"": 57, ""process_exec"": 57, ""process_kprobe"": 50}"
1776112800,normal,sw-wk3,0.35788888888888926,0.34212731118671713,758.4333333333333,370.9,5781.666666666667,7344.8,0.0,0,1,1,0,0,0,"{""process_exit"": 11, ""process_exec"": 1}"
1776112810,normal,sw-wk2,0.12608198051045527,0.2923468022477923,135.6045201506717,69.60232007733592,558.7519583986134,3570.0190006333546,0.0,0,106,7,0,0,0,"{""process_exec"": 106, ""process_exit"": 106}"
1776112810,normal,k3s-wk1,0.3024444444444473,0.6187503033764814,325.5333333333333,165.8,32953.0,7682.433333333333,0.0,0,36,3,0,30,0,"{""process_exit"": 36, ""process_exec"": 36, ""process_kprobe"": 30}"
1776112810,normal,sw-wk3,0.35622222222222666,0.3399499216330899,160.0,84.60000000000002,2217.8333333333335,6990.466666666666,0.0,0,0,0,0,0,0,{}
1776112820,normal,sw-wk2,0.12608198051045527,0.2923468022477923,135.6045201506717,69.60232007733592,558.7519583986134,3570.0190006333546,0.0,0,0,0,0,0,0,{}
1776112820,normal,k3s-wk1,0.31188888888888566,0.6146176101722276,526.6666666666666,258.23333333333335,34964.6,11613.6,0.0,0,57,3,0,50,0,"{""process_exit"": 57, ""process_exec"": 57, ""process_kprobe"": 50}"
1776112820,normal,sw-wk3,0.35622222222222666,0.3399499216330899,160.0,84.6,2217.8333333333335,6990.466666666666,0.0,0,0,0,0,0,0,{}
1776112830,normal,sw-wk2,0.21091519171583706,0.2894844986429145,156.12812906236456,79.99733342221924,7184.993833538881,28020.665977800734,0.0,0,0,0,0,0,0,{}
1776112830,normal,k3s-wk1,0.31188888888888566,0.6146176101722276,526.6666666666666,258.23333333333335,34964.6,11613.6,0.0,0,36,3,0,30,0,"{""process_exit"": 36, ""process_exec"": 36, ""process_kprobe"": 30}"
1776112830,normal,sw-wk3,0.35622222222222666,0.3399499216330899,160.0,84.6,2217.8333333333335,6990.466666666666,0.0,0,1,1,0,0,0,"{""process_exit"": 7, ""process_exec"": 1}"
1776112840,normal,sw-wk2,0.21091519171583706,0.2894844986429145,156.12812906236456,79.99733342221924,7184.993833538881,28020.665977800734,0.0,0,0,0,0,0,0,{}
1776112840,normal,k3s-wk1,0.31188888888888566,0.6146176101722276,526.6666666666666,258.23333333333335,34964.6,11613.6,0.0,0,12,2,0,8,0,"{""process_exit"": 12, ""process_exec"": 12, ""process_kprobe"": 8}"
1776112840,normal,sw-wk3,0.3521111111111168,0.33668463371433666,156.13333333333333,80.0,3706.1,6573.7,0.0,0,0,0,0,0,0,{}
1776112850,normal,sw-wk2,0.21091519171583706,0.2894844986429145,156.12812906236456,79.99733342221924,7184.993833538881,28020.665977800734,0.0,0,0,0,0,0,0,{}
1776112850,normal,k3s-wk1,0.27855555555557254,0.6162578186469014,327.5333333333333,167.8,13090.7,2107.2666666666664,0.0,0,15,2,0,10,0,"{""process_exit"": 15, ""process_exec"": 15, ""process_kprobe"": 10}"
1776112850,normal,sw-wk3,0.3521111111111168,0.33668463371433666,156.13333333333333,80.0,3706.1,6573.7,0.0,0,1,1,0,0,0,"{""process_exit"": 21, ""process_exec"": 1}"
1776112860,normal,sw-wk2,0.13125118051620965,0.28782636950953777,156.12812906236456,79.99733342221924,692.6769107696409,3567.847738408719,0.0,0,0,0,0,0,0,{}
1776112860,normal,k3s-wk1,0.27855555555557254,0.6162578186469014,327.5333333333333,167.8,13090.7,2107.2666666666664,0.0,0,18,2,0,12,0,"{""process_exit"": 18, ""process_exec"": 18, ""process_kprobe"": 12}"
1776112860,normal,sw-wk3,0.3521111111111168,0.33668463371433666,156.13333333333333,80.0,3706.1,6573.7,0.0,0,0,0,0,0,0,"{""process_exit"": 2}"
1776112870,normal,sw-wk2,0.13125118051620965,0.28782636950953777,156.1281290623646,79.99733342221924,692.6769107696409,3567.84773840872,0.0,0,2,2,0,0,0,"{""process_exec"": 2}"
1776112870,normal,k3s-wk1,0.27855555555557254,0.6162578186469014,327.5333333333333,167.8,13090.7,2107.2666666666664,0.0,0,33,3,0,28,0,"{""process_exit"": 33, ""process_exec"": 33, ""process_kprobe"": 28}"
1776112870,normal,sw-wk3,0.31822222222221574,0.34433815003121937,104.8,54.0,5891.333333333333,8622.533333333333,0.0,0,1,1,0,0,0,"{""process_exit"": 7, ""process_exec"": 1}"
1776112880,normal,sw-wk2,0.13125118051620965,0.28782636950953777,156.12812906236456,79.99733342221924,692.6769107696409,3567.847738408719,0.0,0,0,0,0,0,0,{}
1776112880,normal,k3s-wk1,0.30488888888888444,0.6123971765385844,327.5333333333333,167.8,10791.566666666666,8840.266666666668,0.0,0,57,3,0,50,0,"{""process_exit"": 57, ""process_exec"": 57, ""process_kprobe"": 50}"
1776112880,normal,sw-wk3,0.31822222222221574,0.34433815003121937,104.8,54.0,5891.333333333333,8622.533333333333,0.0,0,0,0,0,0,0,{}
1776112890,normal,sw-wk2,0.21800684535714987,0.2912764249397912,154.0205360714762,78.01040138685158,5855.31404187225,27852.980397386316,0.0,0,104,5,0,0,0,"{""process_exit"": 106, ""process_exec"": 104}"
1776112890,normal,k3s-wk1,0.30488888888888444,0.6123971765385844,327.5333333333333,167.8,10791.566666666666,8840.266666666666,0.0,0,15,2,0,10,0,"{""process_exit"": 15, ""process_exec"": 15, ""process_kprobe"": 10}"
1776112890,normal,sw-wk3,0.31822222222221574,0.34433815003121937,104.8,54.0,5891.333333333333,8622.533333333333,0.0,0,0,0,0,0,0,{}
1776112900,normal,sw-wk2,0.21800684535714987,0.2912764249397912,154.0205360714762,78.01040138685158,5855.31404187225,27852.980397386316,0.0,0,0,0,0,0,0,{}
1776112900,normal,k3s-wk1,0.30488888888888444,0.6123971765385844,327.5333333333333,167.8,10791.566666666666,8840.266666666666,0.0,0,57,3,0,50,0,"{""process_exit"": 57, ""process_exec"": 57, ""process_kprobe"": 50}"
1776112900,normal,sw-wk3,0.15377777777777935,0.3371003606152121,154.0,78.0,3498.533333333334,6150.033333333333,0.0,0,0,0,0,0,0,{}
1776112910,normal,sw-wk2,0.21800684535714987,0.2912764249397912,154.0205360714762,78.01040138685158,5855.31404187225,27852.980397386316,0.0,0,0,0,0,0,0,{}
1776112910,normal,k3s-wk1,0.2845555555555519,0.614762102040609,331.5333333333333,172.4,32376.7,7417.866666666667,0.0,0,36,3,0,30,0,"{""process_exit"": 36, ""process_exec"": 36, ""process_kprobe"": 30}"
1776112910,normal,sw-wk3,0.15377777777777935,0.3371003606152121,154.0,78.0,3498.5333333333333,6150.033333333333,0.0,0,1,1,0,0,0,"{""process_exit"": 21, ""process_exec"": 1}"
1776112920,normal,sw-wk2,0.11394092939529543,0.28682129795991185,156.1437429161944,80.0053336889126,895.3263550903395,3538.8359223948264,0.0,0,0,0,0,0,0,{}
1776112920,normal,k3s-wk1,0.2845555555555519,0.614762102040609,331.5333333333333,172.4,32376.7,7417.866666666667,0.0,0,39,3,0,32,0,"{""process_exit"": 39, ""process_exec"": 39, ""process_kprobe"": 32}"
1776112920,normal,sw-wk3,0.15377777777777935,0.3371003606152121,154.0,78.0,3498.5333333333333,6150.033333333333,0.0,0,0,0,0,0,0,{}
1776112930,normal,sw-wk2,0.11394092939529543,0.28682129795991185,156.1437429161944,80.0053336889126,895.3263550903395,3538.8359223948264,0.0,0,106,7,0,0,0,"{""process_exec"": 106, ""process_exit"": 106}"
1776112930,normal,k3s-wk1,0.2845555555555519,0.614762102040609,331.5333333333333,172.4,32376.7,7417.866666666667,0.0,0,15,2,0,10,0,"{""process_exit"": 15, ""process_exec"": 15, ""process_kprobe"": 10}"
1776112930,normal,sw-wk3,0.15588888888888608,0.3361669661174612,156.13333333333333,80.0,2234.1,7959.933333333333,0.0,0,0,0,0,0,0,{}
1776112940,normal,sw-wk2,0.11394092939529543,0.28682129795991185,156.1437429161944,80.0053336889126,895.3263550903395,3538.8359223948264,0.0,0,0,0,0,0,0,{}
1776112940,normal,k3s-wk1,0.2924444444444413,0.6178720637389754,327.6666666666667,167.8,35902.2,11276.466666666667,0.0,0,12,2,0,8,0,"{""process_exit"": 12, ""process_exec"": 12, ""process_kprobe"": 8}"
1776112940,normal,sw-wk3,0.15588888888888608,0.3361669661174612,156.13333333333333,80.0,2234.1,7959.933333333333,0.0,0,0,0,0,0,0,{}
1776112950,normal,sw-wk2,0.1955555555555496,0.2898604049594149,154.0,78.0,5793.433333333333,27770.6,0.0,0,0,0,0,0,0,{}
1776112950,normal,k3s-wk1,0.2924444444444413,0.6178720637389754,327.6666666666667,167.8,35902.2,11276.466666666667,0.0,0,18,2,0,12,0,"{""process_exit"": 18, ""process_exec"": 18, ""process_kprobe"": 12}"
1776112950,normal,sw-wk3,0.15588888888888608,0.3361669661174612,156.13333333333333,80.0,2234.1,7959.933333333333,0.0,0,1,1,0,0,0,"{""process_exit"": 7, ""process_exec"": 1}"
1776112960,normal,sw-wk2,0.1955555555555496,0.2898604049594149,154.0,78.0,5793.433333333333,27770.6,0.0,0,0,0,0,0,0,{}
1776112960,normal,k3s-wk1,0.2924444444444413,0.6178720637389754,327.6666666666667,167.8,35902.2,11276.466666666667,0.0,0,36,3,0,30,0,"{""process_exit"": 36, ""process_exec"": 36, ""process_kprobe"": 30}"
1776112960,normal,sw-wk3,0.1613333333333382,0.33268983268983265,154.0,78.0,4677.433333333333,6430.3,0.0,0,0,0,0,0,0,{}
1776112970,normal,sw-wk2,0.1955555555555496,0.2898604049594149,154.0,78.0,5793.433333333333,27770.6,0.0,0,0,0,0,0,0,{}
1776112970,normal,k3s-wk1,0.27100000000000357,0.6166630731840025,325.5333333333333,165.8,9947.533333333333,2151.9666666666667,0.0,0,81,3,0,72,0,"{""process_exit"": 81, ""process_exec"": 81, ""process_kprobe"": 72}"
1776112970,normal,sw-wk3,0.1613333333333382,0.33268983268983265,154.0,78.0,4677.433333333333,6430.3,0.0,0,0,0,0,0,0,{}
