timestamp,label,node,avg_cpu,avg_mem,net_bytes_in,net_bytes_out,net_internal_bytes_in,net_internal_bytes_out,net_drop_rate,last_successful_scrape_age_sec,exec_count,unique_process_count,tmp_exec_count,outbound_connect_count,mining_port_count,syscall_feature_vector
1776145965,normal,sw-wk3,0.1634444444443539,0.3438157039642188,78.33333333333333,68.2,2577.9666666666667,4940.933333333333,0.0,0,0,0,0,0,0,{}
1776145965,normal,k3s-wk1,0.32193409328264255,0.6097398807716317,169.4220385307646,92.02719818678754,8627.158189454036,6674.755016332244,0.0,0,0,0,0,0,0,{}
1776145965,normal,sw-wk2,0.22537480967776513,0.29025383233304025,116.0937552095489,100.89020771513353,4907.47841162938,4145.467275697662,0.0,0,0,0,0,0,0,{}
1776145975,normal,sw-wk3,0.1634444444443539,0.3438157039642188,78.33333333333333,68.2,2577.9666666666667,4940.933333333333,0.0,0,0,0,0,0,0,{}
1776145975,normal,k3s-wk1,0.32193409328264255,0.6097398807716317,169.4220385307646,92.02719818678754,8627.158189454036,6674.755016332244,0.0,0,36,3,0,30,0,"{""process_exit"": 36, ""process_exec"": 36, ""process_kprobe"": 30}"
1776145975,normal,sw-wk2,0.12956050304405464,0.28984925519578986,115.98453539528063,100.85321957072391,2263.598186908412,3818.0909212105053,0.0,0,0,0,0,0,0,{}
1776145985,normal,sw-wk3,0.17700000000000327,0.3477356422900978,116.06666666666666,100.86666666666666,3509.2666666666664,5760.333333333333,0.0,0,1,1,0,0,0,"{""process_exit"": 3, ""process_exec"": 1}"
1776145985,normal,k3s-wk1,0.32193409328264255,0.6097398807716317,169.4220385307646,92.02719818678754,8627.158189454036,6674.755016332244,0.0,0,33,3,0,28,0,"{""process_exit"": 33, ""process_exec"": 33, ""process_kprobe"": 28}"
1776145985,normal,sw-wk2,0.12956050304405464,0.28984925519578986,115.98453539528063,100.85321957072391,2263.598186908412,3818.0909212105053,0.0,0,106,7,0,0,0,"{""process_exec"": 106, ""process_exit"": 106}"
1776145995,normal,sw-wk3,0.17700000000000327,0.3477356422900978,116.06666666666669,100.86666666666666,3509.2666666666664,5760.333333333333,0.0,0,0,0,0,0,0,{}
1776145995,normal,k3s-wk1,0.3622908193879656,0.6305286483350134,720.3480232015468,377.59183945596374,33788.819254616974,11527.668511234084,0.0,0,12,2,0,8,0,"{""process_exit"": 12, ""process_exec"": 12, ""process_kprobe"": 8}"
1776145995,normal,sw-wk2,0.12956050304405464,0.28984925519578986,115.98453539528063,100.85321957072391,2263.598186908412,3818.0909212105053,0.0,0,0,0,0,0,0,{}
1776146010,normal,sw-wk3,0.17700000000000327,0.3477356422900978,116.06666666666666,100.86666666666666,3509.2666666666664,5760.333333333333,0.0,0,1,1,0,0,0,"{""process_exit"": 7, ""process_exec"": 1}"
1776146010,normal,k3s-wk1,0.3622908193879656,0.6305286483350134,720.3480232015468,377.59183945596374,33788.819254616974,11527.668511234084,0.0,0,15,2,0,10,0,"{""process_exit"": 15, ""process_exec"": 15, ""process_kprobe"": 10}"
1776146010,normal,sw-wk2,0.22627380396863073,0.29648177172929646,79.92800479968002,71.32857809479368,5480.667955469635,27801.713219118723,0.0,0,0,0,0,0,0,{}
1776146015,normal,sw-wk3,0.18033333333336898,0.3415538947717166,113.2,98.0,2943.5333333333333,6203.466666666666,0.0,0,0,0,0,0,0,{}
1776146015,normal,k3s-wk1,0.3622908193879656,0.6305286483350134,720.3480232015468,377.59183945596374,33788.819254616974,11527.668511234084,0.0,0,54,3,0,48,0,"{""process_exit"": 54, ""process_exec"": 54, ""process_kprobe"": 48}"
1776146015,normal,sw-wk2,0.22627380396863073,0.29648177172929646,79.92800479968002,71.32857809479368,5480.667955469635,27801.713219118723,0.0,0,0,0,0,0,0,{}
1776146025,normal,sw-wk3,0.18033333333336898,0.3415538947717166,113.2,98.0,2943.5333333333333,6203.466666666666,0.0,0,1,1,0,0,0,"{""process_exit"": 3, ""process_exec"": 1}"
1776146025,normal,k3s-wk1,0.31322222222224816,0.6310038911208617,391.46666666666675,276.73333333333335,10237.700000000003,1741.0666666666666,0.0,0,36,3,0,30,0,"{""process_exit"": 36, ""process_exec"": 36, ""process_kprobe"": 30}"
1776146025,normal,sw-wk2,0.22627380396863073,0.29648177172929646,79.92800479968002,71.32857809479368,5480.667955469635,27801.713219118723,0.0,0,0,0,0,0,0,{}
1776146036,normal,sw-wk3,0.18033333333336898,0.3415538947717166,113.2,98.0,2943.5333333333333,6203.466666666666,0.0,0,0,0,0,0,0,{}
1776146036,normal,k3s-wk1,0.31322222222224816,0.6310038911208617,391.46666666666664,276.73333333333335,10237.7,1741.0666666666666,0.0,0,18,2,0,12,0,"{""process_exit"": 18, ""process_exec"": 18, ""process_kprobe"": 12}"
1776146036,normal,sw-wk2,0.12604743170848942,0.29102157319979105,105.92118423684737,100.88684403547376,771.7876908715076,3741.648329665933,0.0,0,0,0,0,0,0,{}
1776146045,normal,sw-wk3,0.17455555555554592,0.34508040572397003,116.06666666666666,100.86666666666666,2418.633333333333,5721.633333333333,0.0,0,0,0,0,0,0,{}
1776146045,normal,k3s-wk1,0.31322222222224816,0.6310038911208617,391.46666666666664,276.73333333333335,10237.7,1741.0666666666666,0.0,0,12,2,0,8,0,"{""process_exit"": 12, ""process_exec"": 12, ""process_kprobe"": 8}"
1776146045,normal,sw-wk2,0.12604743170848964,0.29102157319979105,105.92118423684737,100.88684403547376,771.7876908715076,3741.648329665933,0.0,0,2,2,0,0,0,"{""process_exec"": 2}"
1776146055,normal,sw-wk3,0.17455555555554592,0.34508040572397003,116.06666666666666,100.86666666666666,2418.633333333333,5721.633333333333,0.0,0,1,1,0,0,0,"{""process_exit"": 29, ""process_exec"": 1}"
1776146055,normal,k3s-wk1,0.3487100859942379,0.6387466233492086,210.8526098260116,205.7862809146057,13468.302113192454,4975.834944337044,0.0,0,33,3,0,28,0,"{""process_exit"": 34, ""process_exec"": 33, ""process_kprobe"": 28}"
1776146055,normal,sw-wk2,0.12604743170848964,0.29102157319979105,105.92118423684737,100.88684403547376,771.7876908715076,3741.648329665933,0.0,0,0,0,0,0,0,{}
1776146065,normal,sw-wk3,0.17455555555554592,0.34508040572397003,116.06666666666666,100.86666666666666,2418.633333333333,5721.633333333333,0.0,0,0,0,0,0,0,{}
1776146065,normal,k3s-wk1,0.3487100859942379,0.6387466233492086,210.8526098260116,205.7862809146057,13468.302113192454,4975.834944337044,0.0,0,99,3,0,90,0,"{""process_exec"": 99, ""process_kprobe"": 90, ""process_exit"": 98}"
1776146065,normal,sw-wk2,0.23185459231863315,0.2916427743160417,110.98890110988901,100.85658100856581,5347.765223477652,27951.671499516717,0.0,0,104,5,0,0,0,"{""process_exit"": 106, ""process_exec"": 104}"
1776146075,normal,sw-wk3,0.18344444444446706,0.3443700064987194,75.46666666666668,65.33333333333333,2958.366666666667,9191.066666666666,0.0,0,0,0,0,0,0,{}
1776146075,normal,k3s-wk1,0.3487100859942379,0.6387466233492086,210.8526098260116,205.7862809146057,13468.302113192454,4975.834944337044,0.0,0,15,2,0,10,0,"{""process_exit"": 15, ""process_exec"": 15, ""process_kprobe"": 10}"
1776146075,normal,sw-wk2,0.23185459231863315,0.2916427743160417,110.98890110988901,100.85658100856581,5347.765223477652,27951.671499516717,0.0,0,0,0,0,0,0,{}
1776146086,normal,sw-wk3,0.18344444444446706,0.3443700064987194,75.46666666666667,65.33333333333333,2958.366666666667,9191.066666666666,0.0,0,1,1,0,0,0,"{""process_exit"": 15, ""process_exec"": 1}"
1776146086,normal,k3s-wk1,0.3526235082339,0.6381799443029001,208.68057870524703,208.68057870524703,34731.34875658377,6545.836389092607,0.0,0,63,3,0,54,0,"{""process_exit"": 63, ""process_exec"": 63, ""process_kprobe"": 54}"
1776146086,normal,sw-wk2,0.23185459231863315,0.2916427743160417,110.98890110988901,100.85658100856581,5347.765223477652,27951.671499516717,0.0,0,0,0,0,0,0,{}
1776146095,normal,sw-wk3,0.18344444444446706,0.3443700064987194,75.46666666666667,65.33333333333333,2958.366666666667,9191.066666666666,0.0,0,0,0,0,0,0,{}
1776146095,normal,k3s-wk1,0.3526235082339,0.6381799443029001,208.68057870524703,208.68057870524703,34731.34875658377,6545.836389092607,0.0,0,36,3,0,30,0,"{""process_exit"": 36, ""process_exec"": 36, ""process_kprobe"": 30}"
1776146095,normal,sw-wk2,0.12725131384514266,0.2886753443684137,113.19622679244026,97.99673344221858,945.9684677177426,3641.1786273790867,0.0,0,0,0,0,0,0,{}
1776146105,normal,sw-wk3,0.17552689175515734,0.3444799113115945,110.98890110988901,100.85658100856581,3858.4808185848083,7418.2248441822485,0.0,0,0,0,0,0,0,{}
1776146105,normal,k3s-wk1,0.3526235082339,0.6381799443029001,208.68057870524703,208.68057870524703,34731.34875658377,6545.836389092607,0.0,0,21,2,0,14,0,"{""process_exit"": 21, ""process_exec"": 21, ""process_kprobe"": 14}"
1776146105,normal,sw-wk2,0.12725131384514266,0.2886753443684137,113.19622679244026,97.99673344221858,945.9684677177426,3641.1786273790867,0.0,0,2,2,0,0,0,"{""process_exec"": 2}"
1776146115,normal,sw-wk3,0.17552689175515734,0.3444799113115945,110.98890110988901,100.85658100856581,3858.4808185848083,7418.2248441822485,0.0,0,0,0,0,0,0,{}
1776146115,normal,k3s-wk1,0.3506666666666812,0.625649790091696,218.79999999999998,208.66666666666666,15652.466666666667,6623.966666666666,0.0,0,12,2,0,8,0,"{""process_exit"": 12, ""process_exec"": 12, ""process_kprobe"": 8}"
1776146115,normal,sw-wk2,0.12725131384514266,0.2886753443684137,113.19622679244023,97.99673344221858,945.9684677177426,3641.1786273790867,0.0,0,103,4,0,0,0,"{""process_exit"": 103, ""process_exec"": 103}"
1776146125,normal,sw-wk3,0.17552689175515734,0.3444799113115945,110.98890110988901,100.85658100856581,3858.4808185848083,7418.2248441822485,0.0,0,1,1,0,0,0,"{""process_exit"": 3, ""process_exec"": 1}"
1776146125,normal,k3s-wk1,0.3506666666666812,0.625649790091696,218.79999999999998,208.66666666666666,15652.466666666667,6623.966666666666,0.0,0,33,3,0,28,0,"{""process_exit"": 33, ""process_exec"": 33, ""process_kprobe"": 28}"
1776146125,normal,sw-wk2,0.23496539234964742,0.2896628948609147,116.05506116055061,100.85658100856581,5383.328333833283,27964.270239642705,0.0,0,1,1,0,0,0,"{""process_exit"": 3, ""process_exec"": 1}"
1776146136,normal,sw-wk3,0.1712504583791924,0.34493545879684495,115.47821448811547,106.87735440210687,2884.6551321798843,5646.364636463646,0.0,0,0,0,0,0,0,{}
1776146136,normal,k3s-wk1,0.3506666666666812,0.625649790091696,218.79999999999998,208.66666666666666,15652.466666666667,6623.966666666666,0.0,0,81,3,0,72,0,"{""process_exit"": 81, ""process_exec"": 81, ""process_kprobe"": 72}"
1776146136,normal,sw-wk2,0.23496539234964742,0.2896628948609147,116.05506116055061,100.85658100856581,5383.328333833283,27964.270239642705,0.0,0,0,0,0,0,0,{}
1776146145,normal,sw-wk3,0.1712504583791924,0.34493545879684495,115.47821448811547,106.87735440210687,2884.6551321798843,5646.364636463646,0.0,0,1,1,0,0,0,"{""process_exit"": 11, ""process_exec"": 1}"
1776146145,normal,k3s-wk1,0.37286139625826864,0.6203351985577905,213.7048393547527,208.63884815357952,28696.940407945607,8983.13558192241,0.0,0,78,3,0,70,0,"{""process_exit"": 78, ""process_exec"": 78, ""process_kprobe"": 70}"
1776146145,normal,sw-wk2,0.23496539234964742,0.2896628948609147,116.05506116055061,100.85658100856581,5383.328333833283,27964.270239642705,0.0,0,0,0,0,0,0,{}
1776146155,normal,sw-wk3,0.1712504583791924,0.34493545879684495,115.47821448811547,106.87735440210687,2884.6551321798843,5646.364636463646,0.0,0,2,2,0,0,0,"{""process_exec"": 2}"
1776146155,normal,k3s-wk1,0.37286139625826864,0.6203351985577905,213.7048393547527,208.63884815357952,28696.940407945607,8983.13558192241,0.0,0,36,3,0,30,0,"{""process_exit"": 36, ""process_exec"": 36, ""process_kprobe"": 30}"
1776146155,normal,sw-wk2,0.14555555555553934,0.2887024223657887,116.06666666666669,100.86666666666666,1178.8333333333333,3697.866666666667,0.0,0,0,0,0,0,0,{}
1776146165,normal,sw-wk3,0.22922222222223354,0.34945907718184943,143329.76666666666,2068.0666666666666,5994.333333333335,8762.5,0.0,0,6,5,0,0,0,"{""process_exec"": 6, ""process_exit"": 6}"
1776146165,normal,k3s-wk1,0.37286139625826864,0.6203351985577905,213.7048393547527,208.63884815357952,28696.940407945607,8983.13558192241,0.0,0,66,3,0,56,0,"{""process_exit"": 66, ""process_exec"": 66, ""process_kprobe"": 56}"
1776146165,normal,sw-wk2,0.14555555555553934,0.2887024223657887,116.06666666666666,100.86666666666666,1178.8333333333333,3697.866666666667,0.0,0,2,2,0,0,0,"{""process_exec"": 2}"
1776146175,normal,sw-wk3,0.22922222222223354,0.34945907718184943,143329.76666666666,2068.0666666666666,5994.333333333333,8762.5,0.0,0,0,0,0,0,0,{}
1776146175,normal,k3s-wk1,0.3555807440991955,0.6252863027352988,208.6944925990132,208.6944925990132,35261.46819575944,11567.075610081343,0.0,0,12,2,0,8,0,"{""process_exit"": 12, ""process_exec"": 12, ""process_kprobe"": 8}"
1776146175,normal,sw-wk2,0.14555555555553934,0.2887024223657887,116.06666666666666,100.86666666666666,1178.8333333333333,3697.866666666667,0.0,0,104,5,0,0,0,"{""process_exit"": 106, ""process_exec"": 104}"
1776146186,normal,sw-wk3,0.22922222222223354,0.34945907718184943,143329.76666666666,2068.0666666666666,5994.333333333333,8762.5,0.0,0,1,1,0,0,0,"{""process_exit"": 5, ""process_exec"": 1}"
1776146186,normal,k3s-wk1,0.3555807440991955,0.6252863027352988,208.6944925990132,208.6944925990132,35261.46819575944,11567.075610081343,0.0,0,42,3,0,34,0,"{""process_exit"": 42, ""process_exec"": 42, ""process_kprobe"": 34}"
1776146186,normal,sw-wk2,0.2184513490687453,0.29032391656154033,73.27643685824776,68.20909454593945,5564.275236698226,27974.12988398453,0.0,0,0,0,0,0,0,{}
1776146195,normal,sw-wk3,0.19133333333330593,0.3510519005568511,121.13333333333333,100.86666666666666,3257.4666666666667,6366.7,0.0,0,0,0,0,0,0,{}
1776146195,normal,k3s-wk1,0.3555807440991955,0.6252863027352988,208.6944925990132,208.6944925990132,35261.46819575944,11567.075610081343,0.0,0,9,2,0,6,0,"{""process_exit"": 9, ""process_exec"": 9, ""process_kprobe"": 6}"
1776146195,normal,sw-wk2,0.2184513490687453,0.29032391656154033,73.27643685824776,68.20909454593945,5564.275236698226,27974.12988398453,0.0,0,0,0,0,0,0,{}
1776146205,normal,sw-wk3,0.19133333333330593,0.3510519005568511,121.13333333333333,100.86666666666666,3257.4666666666667,6366.7,0.0,0,0,0,0,0,0,{}
1776146205,normal,k3s-wk1,0.3187777777778037,0.6239994220325265,218.79999999999998,208.66666666666666,9993.666666666666,1947.566666666667,0.0,0,57,3,0,50,0,"{""process_exit"": 58, ""process_exec"": 57, ""process_kprobe"": 50}"
1776146205,normal,sw-wk2,0.2184513490687453,0.29032391656154033,73.27643685824776,68.20909454593945,5564.275236698226,27974.12988398453,0.0,0,0,0,0,0,0,{}
1776146215,normal,sw-wk3,0.19133333333330593,0.3510519005568511,121.13333333333333,100.86666666666666,3257.4666666666667,6366.7,0.0,0,0,0,0,0,0,{}
1776146215,normal,k3s-wk1,0.3187777777778037,0.6239994220325265,218.79999999999998,208.66666666666666,9993.666666666666,1947.5666666666666,0.0,0,40,3,0,34,0,"{""process_exit"": 41, ""process_exec"": 40, ""process_kprobe"": 34}"
1776146215,normal,sw-wk2,0.12374856939667045,0.2912636823527912,103.07010233674457,98.0032667755592,595.0198339944666,3616.1872062402085,0.0,0,0,0,0,0,0,{}
1776146225,normal,sw-wk3,0.1954444444444865,0.35251570523847753,75.4,65.33333333333333,2597.5,6172.4,0.0,0,1,1,0,0,0,"{""process_exit"": 3, ""process_exec"": 1}"
1776146225,normal,k3s-wk1,0.3187777777778037,0.6239994220325265,218.79999999999998,208.66666666666666,9993.666666666666,1947.5666666666666,0.0,0,50,3,0,44,0,"{""process_exec"": 50, ""process_kprobe"": 44, ""process_exit"": 49}"
1776146225,normal,sw-wk2,0.12374856939667023,0.2912636823527912,103.07010233674457,98.0032667755592,595.0198339944666,3616.1872062402085,0.0,0,106,7,0,0,0,"{""process_exec"": 106, ""process_exit"": 104}"
1776146236,normal,sw-wk3,0.1954444444444865,0.35251570523847753,75.4,65.33333333333333,2597.5,6172.4,0.0,0,0,0,0,0,0,{}
1776146236,normal,k3s-wk1,0.36255555555552654,0.6269197381536422,208.66666666666666,208.66666666666666,34078.2,9724.166666666668,0.0,0,36,3,0,30,0,"{""process_exit"": 36, ""process_exec"": 36, ""process_kprobe"": 30}"
1776146236,normal,sw-wk2,0.12374856939667023,0.2912636823527912,103.07010233674457,98.0032667755592,595.0198339944666,3616.1872062402085,0.0,0,0,0,0,0,0,"{""process_exit"": 2}"
1776146245,normal,sw-wk3,0.1954444444444865,0.35251570523847753,75.4,65.33333333333333,2597.5,6172.4,0.0,0,0,0,0,0,0,{}
1776146245,normal,k3s-wk1,0.36255555555552654,0.6269197381536422,208.66666666666666,208.66666666666666,34078.2,9724.166666666666,0.0,0,36,3,0,30,0,"{""process_exit"": 36, ""process_exec"": 36, ""process_kprobe"": 30}"
1776146245,normal,sw-wk2,0.22960691509458808,0.2908861832129159,116.05892940470635,100.85994267048864,5381.4745683621095,27861.975868275447,0.0,0,0,0,0,0,0,{}
1776146255,transition,sw-wk3,0.0,0.35251570523847753,0.0,0.0,0.0,0.0,0.0,9,0,0,0,0,0,"{""process_exit"": 12}"
1776146255,transition,k3s-wk1,0.36255555555552654,0.6269197381536422,208.66666666666666,208.66666666666666,34078.2,9724.166666666666,0.0,9,54,3,0,48,0,"{""process_exit"": 54, ""process_exec"": 54, ""process_kprobe"": 48}"
1776146255,transition,sw-wk2,0.22960691509458808,0.2908861832129159,116.05892940470635,100.85994267048864,5381.4745683621095,27861.975868275447,0.0,9,0,0,0,0,0,{}
1776146265,normal,sw-wk3,0.17544444444445395,0.35038450756272543,110.93333333333334,100.86666666666666,3124.6,6916.366666666667,0.0,0,1,1,0,0,0,"{""process_exit"": 9, ""process_exec"": 1}"
1776146265,normal,k3s-wk1,0.3322222222222384,0.6242477674313072,218.79999999999998,208.66666666666666,12207.3,2035.0666666666666,0.0,0,33,3,0,28,0,"{""process_exit"": 33, ""process_exec"": 33, ""process_kprobe"": 28}"
1776146265,normal,sw-wk2,0.22960691509458808,0.2908861832129159,116.05892940470635,100.85994267048864,5381.4745683621095,27861.975868275447,0.0,0,0,0,0,0,0,{}
1776146275,normal,sw-wk3,0.17544444444445417,0.35038450756272543,110.93333333333334,100.86666666666666,3124.6,6916.366666666667,0.0,0,0,0,0,0,0,"{""process_exit"": 1}"
1776146275,normal,k3s-wk1,0.3322222222222384,0.6242477674313072,218.79999999999998,208.66666666666666,12207.3,2035.0666666666666,0.0,0,36,3,0,30,0,"{""process_exit"": 36, ""process_exec"": 36, ""process_kprobe"": 30}"
1776146275,normal,sw-wk2,0.12844444444449943,0.2907842425169158,116.03333333333333,100.86666666666666,991.4333333333333,3668.6666666666665,0.0,0,0,0,0,0,0,{}
1776146285,transition,sw-wk3,0.0,0.35038450756272543,0.0,0.0,0.0,0.0,0.0,10,1,1,0,0,0,"{""process_exit"": 14, ""process_exec"": 1}"
1776146285,transition,k3s-wk1,0.3322222222222384,0.6242477674313072,218.79999999999998,208.66666666666666,12207.3,2035.0666666666666,0.0,10,12,2,0,8,0,"{""process_exit"": 12, ""process_exec"": 12, ""process_kprobe"": 8}"
1776146285,transition,sw-wk2,0.12844444444449943,0.2907842425169158,116.03333333333333,100.86666666666666,991.4333333333333,3668.6666666666665,0.0,10,2,2,0,0,0,"{""process_exec"": 2}"
1776146295,normal,sw-wk3,0.18938131733862928,0.34417408922359416,103.03232255914696,97.96734421859381,5057.647450849717,9684.87170943019,0.0,0,0,0,0,0,0,{}
1776146295,normal,k3s-wk1,0.3404444444444784,0.6233785585355749,223.86666666666667,208.6666666666667,12285.9,10073.766666666666,0.0,0,36,3,0,30,0,"{""process_exit"": 36, ""process_exec"": 36, ""process_kprobe"": 30}"
1776146295,normal,sw-wk2,0.12844444444449943,0.2907842425169158,116.03333333333333,100.86666666666666,991.4333333333333,3668.6666666666665,0.0,0,0,0,0,0,0,{}
1776146305,normal,sw-wk3,0.18938131733862928,0.34417408922359416,103.03232255914696,97.96734421859381,5057.647450849717,9684.87170943019,0.0,0,1,1,0,0,0,"{""process_exit"": 3, ""process_exec"": 1}"
1776146305,normal,k3s-wk1,0.3404444444444784,0.6233785585355749,223.86666666666667,208.66666666666666,12285.9,10073.766666666666,0.0,0,18,2,0,12,0,"{""process_exit"": 18, ""process_exec"": 18, ""process_kprobe"": 12}"
1776146305,normal,sw-wk2,0.2256408546951305,0.2883058093454133,103.07010233674457,98.0032667755592,6110.37034567819,28134.537817927267,0.0,0,104,5,0,0,0,"{""process_exit"": 106, ""process_exec"": 104}"
1776146315,normal,sw-wk3,0.20984772702015653,0.3461587471488462,116.10536845615206,100.90030010003335,6521.973991330444,6589.896632210737,0.0,0,1,1,0,0,0,"{""process_exit"": 3, ""process_exec"": 1}"
1776146315,normal,k3s-wk1,0.3404444444444784,0.6233785585355749,223.86666666666667,208.66666666666666,12285.9,10073.766666666666,0.0,0,15,2,0,10,0,"{""process_exit"": 15, ""process_exec"": 15, ""process_kprobe"": 10}"
1776146315,normal,sw-wk2,0.2256408546951305,0.2883058093454133,103.07010233674457,98.0032667755592,6110.37034567819,28134.537817927267,0.0,0,0,0,0,0,0,{}
1776146326,normal,sw-wk3,0.20984772702015653,0.3461587471488462,116.10536845615206,100.90030010003335,6521.973991330443,6589.896632210736,0.0,0,0,0,0,0,0,{}
1776146326,normal,k3s-wk1,0.33966666666666334,0.6282608033070576,213.73333333333338,208.66666666666666,33901.53333333333,9793.933333333332,0.0,0,39,3,0,32,0,"{""process_exit"": 39, ""process_exec"": 39, ""process_kprobe"": 32}"
1776146326,normal,sw-wk2,0.2256408546951305,0.2883058093454133,103.07010233674457,98.0032667755592,6110.37034567819,28134.537817927267,0.0,0,0,0,0,0,0,{}
1776146335,normal,sw-wk3,0.20984772702015653,0.3461587471488462,116.10536845615206,100.90030010003335,6521.973991330444,6589.896632210737,0.0,0,0,0,0,0,0,{}
1776146335,normal,k3s-wk1,0.33966666666666334,0.6282608033070576,213.73333333333332,208.6666666666667,33901.53333333333,9793.933333333332,0.0,0,9,2,0,6,0,"{""process_exit"": 9, ""process_exec"": 9, ""process_kprobe"": 6}"
1776146335,normal,sw-wk2,0.1341399731120042,0.2959449902519209,78.33072230925634,68.1977267424419,1939.5020165994463,3648.0117329422346,0.0,0,0,0,0,0,0,{}
1776146345,normal,sw-wk3,0.17499999999995952,0.34740274220472245,113.2,98.0,2366.6,9942.3,0.0,0,1,1,0,0,0,"{""process_exit"": 35, ""process_exec"": 1}"
1776146345,normal,k3s-wk1,0.33966666666666334,0.6282608033070576,213.73333333333332,208.66666666666666,33901.53333333333,9793.933333333332,0.0,0,33,3,0,28,0,"{""process_exit"": 33, ""process_exec"": 33, ""process_kprobe"": 28}"
1776146345,normal,sw-wk2,0.1341399731120042,0.2959449902519209,78.33072230925634,68.19772674244192,1939.5020165994463,3648.0117329422346,0.0,0,2,2,0,0,0,"{""process_exec"": 2}"
1776146355,normal,sw-wk3,0.17499999999995952,0.34740274220472245,113.2,98.0,2366.6,9942.3,0.0,0,0,0,0,0,0,{}
1776146355,normal,k3s-wk1,0.3525555555555103,0.6334444490852422,213.73333333333332,208.66666666666666,14061.933333333332,4654.766666666666,0.0,0,36,3,0,30,0,"{""process_exit"": 36, ""process_exec"": 36, ""process_kprobe"": 30}"
1776146355,normal,sw-wk2,0.1341399731120042,0.2959449902519209,78.33072230925634,68.1977267424419,1939.5020165994463,3648.0117329422346,0.0,0,0,0,0,0,0,{}
1776146365,normal,sw-wk3,0.17499999999995952,0.34740274220472245,113.2,98.0,2366.6,9942.3,0.0,0,0,0,0,0,0,{}
1776146365,normal,k3s-wk1,0.3525555555555103,0.6334444490852422,213.73333333333332,208.66666666666666,14061.933333333332,4654.766666666666,0.0,0,18,2,0,12,0,"{""process_exit"": 18, ""process_exec"": 18, ""process_kprobe"": 12}"
1776146365,normal,sw-wk2,0.23700937902835695,0.29655185595779654,105.94745966128816,100.88011734897987,5385.684757967729,27925.490065342045,0.0,0,104,5,0,0,0,"{""process_exit"": 106, ""process_exec"": 104}"
1776146375,normal,sw-wk3,0.18566666666677822,0.35063617365597566,78.33333333333333,74.73333333333333,3017.8333333333335,9471.833333333334,0.0,0,1,1,0,0,0,"{""process_exit"": 31, ""process_exec"": 1}"
1776146375,normal,k3s-wk1,0.3525555555555103,0.6334444490852422,213.73333333333332,208.66666666666666,14061.933333333332,4654.766666666666,0.0,0,57,3,0,50,0,"{""process_exit"": 57, ""process_exec"": 57, ""process_kprobe"": 50}"
1776146375,normal,sw-wk2,0.23700937902835695,0.29655185595779654,105.94745966128816,100.88011734897987,5385.684757967729,27925.490065342045,0.0,0,0,0,0,0,0,{}
1776146385,normal,sw-wk3,0.18566666666677822,0.35063617365597566,78.33333333333333,74.73333333333333,3017.8333333333335,9471.833333333334,0.0,0,0,0,0,0,0,{}
1776146385,normal,k3s-wk1,0.3274444444444573,0.6399228774652514,213.73333333333332,208.66666666666666,36892.166666666664,6716.7333333333345,0.0,0,15,2,0,10,0,"{""process_exit"": 15, ""process_exec"": 15, ""process_kprobe"": 10}"
1776146385,normal,sw-wk2,0.23700937902835695,0.29655185595779654,105.94745966128816,100.88011734897987,5385.684757967729,27925.490065342045,0.0,0,0,0,0,0,0,{}
1776146395,normal,sw-wk3,0.18566666666677822,0.35063617365597566,78.33333333333333,74.73333333333333,3017.8333333333335,9471.833333333334,0.0,0,0,0,0,0,0,{}
1776146395,normal,k3s-wk1,0.3274444444444574,0.6399228774652514,213.73333333333332,208.66666666666666,36892.166666666664,6716.733333333334,0.0,0,13,2,0,8,0,"{""process_exit"": 13, ""process_exec"": 13, ""process_kprobe"": 8}"
1776146395,normal,sw-wk2,0.1307294096736208,0.2886195955502886,110.97780443911219,100.84649736719324,561.7543158035061,3586.0827834433117,0.0,0,0,0,0,0,0,{}
1776146405,normal,sw-wk3,0.1708888888888599,0.34594371599322093,116.0,94.33333333333333,3885.1,5362.3,0.0,0,0,0,0,0,0,{}
1776146405,normal,k3s-wk1,0.3274444444444574,0.6399228774652514,213.73333333333332,208.66666666666666,36892.166666666664,6716.733333333334,0.0,0,38,3,0,32,0,"{""process_kprobe"": 32, ""process_exit"": 38, ""process_exec"": 38}"
1776146405,normal,sw-wk2,0.1307294096736208,0.2886195955502886,110.97780443911219,100.84649736719324,561.7543158035061,3586.0827834433117,0.0,0,2,2,0,0,0,"{""process_exec"": 2}"
1776146416,normal,sw-wk3,0.1708888888888599,0.34594371599322093,116.0,94.33333333333336,3885.1,5362.3,0.0,0,26,13,5,2,0,"{""process_exec"": 26, ""process_exit"": 34, ""process_kprobe"": 2}"
1776146416,normal,k3s-wk1,0.35455555555559437,0.634939036848813,415.56666666666666,301.1,14624.733333333334,9961.5,0.0,0,54,3,0,48,0,"{""process_exit"": 54, ""process_exec"": 54, ""process_kprobe"": 48}"
1776146416,normal,sw-wk2,0.1307294096736208,0.2886195955502886,110.97780443911219,100.84649736719324,561.7543158035061,3586.0827834433117,0.0,0,0,0,0,0,0,{}
1776146425,normal,sw-wk3,0.1708888888888599,0.34594371599322093,116.0,94.33333333333333,3885.1,5362.3,0.0,0,25,11,5,4,0,"{""process_exit"": 29, ""process_exec"": 25, ""process_kprobe"": 4}"
1776146425,normal,k3s-wk1,0.35455555555559437,0.634939036848813,415.56666666666666,301.1,14624.733333333334,9961.5,0.0,0,60,3,0,52,0,"{""process_exit"": 60, ""process_exec"": 60, ""process_kprobe"": 52}"
1776146425,normal,sw-wk2,0.2549006534204238,0.29639894491379637,113.21509534604614,98.01306840912122,6036.904920656088,27975.43005734098,0.0,0,104,5,0,0,0,"{""process_exit"": 106, ""process_exec"": 104}"
1776146435,normal,sw-wk3,0.24133333333334628,0.34639607783172144,673.9,402.8,6138.3,21349.733333333334,0.0,0,31,13,7,1,0,"{""process_exit"": 33, ""process_exec"": 31, ""process_kprobe"": 1}"
1776146435,normal,k3s-wk1,0.35455555555559437,0.634939036848813,415.56666666666666,301.1,14624.733333333334,9961.5,0.0,0,12,2,0,8,0,"{""process_exit"": 12, ""process_exec"": 12, ""process_kprobe"": 8}"
1776146435,normal,sw-wk2,0.2549006534204238,0.29639894491379637,113.21509534604614,98.01306840912122,6036.904920656088,27975.43005734098,0.0,0,0,0,0,0,0,{}
1776146445,normal,sw-wk3,0.24133333333334628,0.34639607783172144,673.9,402.8,6138.3,21349.733333333334,0.0,0,0,0,0,2,0,"{""process_kprobe"": 2}"
1776146445,normal,k3s-wk1,0.3376666666666198,0.6322602930701474,232.46666666666667,215.66666666666666,45319.166666666664,6726.466666666666,0.0,0,42,3,0,34,0,"{""process_exit"": 42, ""process_exec"": 42, ""process_kprobe"": 34}"
1776146445,normal,sw-wk2,0.2549006534204238,0.29639894491379637,113.21509534604614,98.01306840912122,6036.904920656088,27975.43005734098,0.0,0,0,0,0,0,0,{}
1776146455,normal,sw-wk3,0.24133333333334628,0.34639607783172144,673.9,402.8,6138.3,21349.733333333334,0.0,0,0,0,0,2,0,"{""process_kprobe"": 2, ""process_exit"": 3}"
1776146455,normal,k3s-wk1,0.3376666666666198,0.6322602930701474,232.46666666666667,215.66666666666666,45319.166666666664,6726.466666666666,0.0,0,78,3,0,70,0,"{""process_exit"": 78, ""process_exec"": 78, ""process_kprobe"": 70}"
1776146455,normal,sw-wk2,0.1275846360677223,0.29159817526154164,105.92980233992199,100.86330455651476,739.9753341555282,3722.2759241358617,0.0,0,0,0,0,0,0,{}
1776146465,normal,sw-wk3,0.18566666666661658,0.3501806261707252,122.06666666666666,130.46666666666667,2275.866666666667,7807.0,0.0,0,1,1,0,1,0,"{""process_exec"": 1, ""process_kprobe"": 1}"
1776146465,normal,k3s-wk1,0.3376666666666198,0.6322602930701474,232.46666666666667,215.66666666666666,45319.166666666664,6726.466666666666,0.0,0,15,2,0,10,0,"{""process_exit"": 15, ""process_exec"": 15, ""process_kprobe"": 10}"
1776146465,normal,sw-wk2,0.1275846360677222,0.29159817526154164,105.92980233992199,100.86330455651476,739.975334155528,3722.2759241358617,0.0,0,2,2,0,0,0,"{""process_exec"": 2}"
1776146476,normal,sw-wk3,0.18566666666661658,0.3501806261707252,122.06666666666666,130.46666666666667,2275.866666666667,7807.0,0.0,0,0,0,0,1,0,"{""process_kprobe"": 1}"
1776146476,normal,k3s-wk1,0.34133333333334626,0.6354075065783309,220.79999999999998,213.66666666666666,34430.76666666666,7104.4,0.0,0,57,3,0,50,0,"{""process_exit"": 57, ""process_exec"": 57, ""process_kprobe"": 50}"
1776146476,normal,sw-wk2,0.1275846360677223,0.29159817526154164,105.92980233992199,100.86330455651476,739.975334155528,3722.2759241358617,0.0,0,104,5,0,0,0,"{""process_exit"": 106, ""process_exec"": 104}"
1776146485,normal,sw-wk3,0.18566666666661658,0.3501806261707252,122.06666666666666,130.46666666666667,2275.866666666667,7807.0,0.0,0,0,0,0,1,0,"{""process_kprobe"": 1}"
1776146485,normal,k3s-wk1,0.34133333333334626,0.6354075065783309,220.79999999999998,213.66666666666666,34430.76666666666,7104.4,0.0,0,18,2,0,12,0,"{""process_exit"": 18, ""process_exec"": 18, ""process_kprobe"": 12}"
1776146485,normal,sw-wk2,0.23007699230073775,0.2889158606980389,115.98840115988399,100.85658100856581,5503.349665033496,28012.132120121318,0.0,0,0,0,0,0,0,{}
1776146496,normal,sw-wk3,0.18963659189634008,0.34748397619684745,123.32100123321001,114.78852114788522,2881.311868813119,6234.509882345099,0.0,0,1,1,0,1,0,"{""process_exit"": 3, ""process_exec"": 1, ""process_kprobe"": 1}"
1776146496,normal,k3s-wk1,0.34133333333334626,0.6354075065783309,220.79999999999998,213.66666666666666,34430.76666666666,7104.4,0.0,0,9,2,0,6,0,"{""process_exit"": 9, ""process_exec"": 9, ""process_kprobe"": 6}"
1776146496,normal,sw-wk2,0.23007699230073764,0.2889158606980389,115.98840115988402,100.85658100856581,5503.349665033496,28012.13212012132,0.0,0,0,0,0,0,0,{}
1776146505,normal,sw-wk3,0.18963659189634008,0.34748397619684745,123.32100123321001,114.78852114788522,2881.311868813119,6234.509882345099,0.0,0,0,0,0,1,0,"{""process_kprobe"": 1}"
1776146505,normal,k3s-wk1,0.3367777777777924,0.6296571817538378,216.79999999999998,217.26666666666665,9890.7,4213.933333333333,0.0,0,36,3,0,30,0,"{""process_exit"": 37, ""process_exec"": 36, ""process_kprobe"": 30}"
1776146505,normal,sw-wk2,0.23007699230073764,0.2889158606980389,115.98840115988402,100.85658100856581,5503.349665033496,28012.13212012132,0.0,0,0,0,0,0,0,{}
1776146515,normal,sw-wk3,0.18963659189634008,0.34748397619684745,123.32100123321001,114.78852114788522,2881.311868813119,6234.509882345099,0.0,0,0,0,0,1,0,"{""process_kprobe"": 1}"
1776146515,normal,k3s-wk1,0.3367777777777924,0.6296571817538378,216.79999999999998,217.26666666666665,9890.7,4213.933333333333,0.0,0,57,3,0,50,0,"{""process_exit"": 57, ""process_exec"": 57, ""process_kprobe"": 50}"
1776146515,normal,sw-wk2,0.11660777385159005,0.2862606241319112,79.93866257750517,71.33808920594707,575.538369224615,3603.5402360157345,0.0,0,0,0,0,0,0,{}
1776146525,normal,sw-wk3,0.17725105843920808,0.3498986964333499,122.04553788712204,115.67823449011567,3758.0091342467576,5851.8851885188515,0.0,0,0,0,0,1,0,"{""process_kprobe"": 1}"
1776146525,normal,k3s-wk1,0.3367777777777924,0.6296571817538378,216.79999999999998,217.26666666666665,9890.7,4213.933333333333,0.0,0,12,2,0,8,0,"{""process_exit"": 12, ""process_exec"": 12, ""process_kprobe"": 8}"
1776146525,normal,sw-wk2,0.11660777385159005,0.2862606241319112,79.93866257750517,71.33808920594707,575.538369224615,3603.5402360157345,0.0,0,2,2,0,0,0,"{""process_exec"": 2}"
1776146536,normal,sw-wk3,0.17725105843920808,0.3498986964333499,122.04553788712204,115.67823449011567,3758.0091342467576,5851.8851885188515,0.0,0,1,1,0,1,0,"{""process_exit"": 3, ""process_exec"": 1, ""process_kprobe"": 1}"
1776146536,normal,k3s-wk1,0.3586666666666537,0.6312465923060337,213.73333333333332,208.66666666666666,34415.6,11282.6,0.0,0,25,3,0,19,0,"{""process_exit"": 26, ""process_exec"": 25, ""process_kprobe"": 19}"
1776146536,normal,sw-wk2,0.11660777385159005,0.2862606241319112,79.93866257750517,71.33808920594707,575.538369224615,3603.5402360157345,0.0,0,104,5,0,0,0,"{""process_exit"": 106, ""process_exec"": 104}"
1776146546,normal,sw-wk3,0.17725105843920808,0.3498986964333499,122.04553788712204,115.67823449011567,3758.0091342467576,5851.8851885188515,0.0,0,0,0,0,0,0,{}
1776146546,normal,k3s-wk1,0.3586666666666537,0.6312465923060337,213.73333333333332,208.66666666666666,34415.6,11282.6,0.0,0,26,2,0,21,0,"{""process_exec"": 26, ""process_kprobe"": 21, ""process_exit"": 25}"
1776146546,normal,sw-wk2,0.22597419914001327,0.2956519107509207,100.87002900096671,100.87002900096671,5695.156505216841,28019.800660022003,0.0,0,0,0,0,0,0,{}
1776146555,normal,sw-wk3,0.21499999999998387,0.3552872179109803,81.6,77.20000000000002,5132.366666666667,6573.966666666668,0.0,0,0,0,0,1,0,"{""process_kprobe"": 1, ""process_exit"": 2}"
1776146555,normal,k3s-wk1,0.3586666666666537,0.6312465923060337,213.73333333333332,208.66666666666666,34415.6,11282.6,0.0,0,33,3,0,28,0,"{""process_exit"": 33, ""process_exec"": 33, ""process_kprobe"": 28}"
1776146555,normal,sw-wk2,0.22597419914001327,0.2956519107509207,100.87002900096671,100.87002900096671,5695.156505216841,28019.800660022003,0.0,0,0,0,0,0,0,{}
1776146566,normal,sw-wk3,0.21499999999998387,0.3552872179109803,81.6,77.2,5132.366666666667,6573.966666666666,0.0,0,0,0,0,0,0,{}
1776146566,normal,k3s-wk1,0.3370000000000194,0.6369799844897011,208.66666666666666,208.66666666666666,9458.833333333334,4256.833333333333,0.0,0,78,3,0,70,0,"{""process_exit"": 78, ""process_exec"": 78, ""process_kprobe"": 70}"
1776146566,normal,sw-wk2,0.22597419914001327,0.2956519107509207,100.87002900096671,100.87002900096671,5695.156505216841,28019.800660022003,0.0,0,0,0,0,0,0,{}
1776146575,normal,sw-wk3,0.21499999999998387,0.3552872179109803,81.6,77.2,5132.366666666667,6573.966666666666,0.0,0,1,1,0,0,0,"{""process_exit"": 3, ""process_exec"": 1}"
1776146575,normal,k3s-wk1,0.3370000000000194,0.6369799844897011,208.66666666666666,208.66666666666666,9458.833333333334,4256.833333333333,0.0,0,36,3,0,30,0,"{""process_exit"": 36, ""process_exec"": 36, ""process_kprobe"": 30}"
1776146575,normal,sw-wk2,0.14105726284908848,0.2943362386431694,115.99226718218785,100.85994267048864,1364.4757016198923,3672.8884741017264,0.0,0,0,0,0,0,0,{}
1776146585,normal,sw-wk3,0.18055555555555558,0.34681976884947185,119.46666666666667,109.6,3536.5666666666666,5803.733333333334,0.0,0,0,0,0,0,0,"{""process_exit"": 16}"
1776146585,normal,k3s-wk1,0.3370000000000194,0.6369799844897011,208.66666666666666,208.66666666666666,9458.833333333334,4256.833333333333,0.0,0,57,3,0,50,0,"{""process_exit"": 57, ""process_exec"": 57, ""process_kprobe"": 50}"
1776146585,normal,sw-wk2,0.14105726284908848,0.2943362386431694,115.99226718218785,100.85994267048864,1364.4757016198919,3672.8884741017264,0.0,0,2,2,0,0,0,"{""process_exec"": 2}"
1776146596,normal,sw-wk3,0.18055555555555558,0.34681976884947185,119.46666666666667,109.6,3536.5666666666666,5803.733333333334,0.0,0,1,1,0,0,0,"{""process_exit"": 13, ""process_exec"": 1}"
1776146596,normal,k3s-wk1,0.33811111111111425,0.636587147222539,218.73333333333332,208.66666666666666,14155.033333333336,7734.133333333333,0.0,0,57,3,0,50,0,"{""process_exit"": 57, ""process_exec"": 57, ""process_kprobe"": 50}"
1776146596,normal,sw-wk2,0.14105726284908848,0.2943362386431694,115.99226718218785,100.85994267048864,1364.4757016198919,3672.8884741017264,0.0,0,0,0,0,0,0,{}
1776146606,normal,sw-wk3,0.18055555555555558,0.34681976884947185,119.46666666666667,109.6,3536.5666666666666,5803.733333333334,0.0,0,0,0,0,0,0,{}
1776146606,normal,k3s-wk1,0.33811111111111425,0.636587147222539,218.73333333333332,208.66666666666666,14155.033333333333,7734.133333333333,0.0,0,18,2,0,12,0,"{""process_exit"": 18, ""process_exec"": 18, ""process_kprobe"": 12}"
1776146606,normal,sw-wk2,0.2270338144925862,0.2917224154847917,116.07827449411607,100.87675434210087,6658.365836583658,28075.374204087075,0.0,0,104,5,0,0,0,"{""process_exit"": 106, ""process_exec"": 104}"
1776146616,normal,sw-wk3,0.18277777777782633,0.3485989525593486,105.93333333333334,100.86666666666666,2979.833333333334,9201.666666666666,0.0,0,0,0,0,0,0,{}
1776146616,normal,k3s-wk1,0.33811111111111425,0.636587147222539,218.73333333333332,208.66666666666666,14155.033333333333,7734.133333333333,0.0,0,54,3,0,48,0,"{""process_exit"": 54, ""process_exec"": 54, ""process_kprobe"": 48}"
1776146616,normal,sw-wk2,0.2270338144925863,0.2917224154847917,116.07827449411607,100.87675434210087,6658.365836583658,28075.374204087075,0.0,0,0,0,0,0,0,{}
1776146626,normal,sw-wk3,0.18277777777782633,0.3485989525593486,105.93333333333334,100.86666666666666,2979.8333333333335,9201.666666666666,0.0,0,1,1,0,0,0,"{""process_exit"": 3, ""process_exec"": 1}"
1776146626,normal,k3s-wk1,0.3389999999999822,0.6349288772643173,223.86666666666667,208.66666666666666,33023.4,6385.633333333333,0.0,0,57,3,0,50,0,"{""process_exit"": 57, ""process_exec"": 57, ""process_kprobe"": 50}"
1776146626,normal,sw-wk2,0.2270338144925863,0.2917224154847917,116.07827449411607,100.87675434210087,6658.365836583658,28075.374204087075,0.0,0,0,0,0,0,0,{}
1776146636,normal,sw-wk3,0.18277777777782633,0.3485989525593486,105.93333333333334,100.86666666666666,2979.8333333333335,9201.666666666666,0.0,0,0,0,0,0,0,{}
1776146636,normal,k3s-wk1,0.3389999999999822,0.6349288772643173,223.86666666666667,208.66666666666666,33023.4,6385.633333333333,0.0,0,54,3,0,48,0,"{""process_exit"": 54, ""process_exec"": 54, ""process_kprobe"": 48}"
1776146636,normal,sw-wk2,0.12594172944859106,0.2896485594505397,105.94039602640177,100.87339155943731,523.3682245483033,3593.6395759717316,0.0,0,0,0,0,0,0,{}
1776146646,normal,sw-wk3,0.1807777777777826,0.349935331370975,113.2,98.0,3832.5,5711.4,0.0,0,1,1,0,0,0,"{""process_exit"": 3, ""process_exec"": 1}"
1776146646,normal,k3s-wk1,0.3389999999999822,0.6349288772643173,223.86666666666667,208.66666666666666,33023.4,6385.633333333333,0.0,0,36,3,0,30,0,"{""process_exit"": 36, ""process_exec"": 36, ""process_kprobe"": 30}"
1776146646,normal,sw-wk2,0.12594172944859106,0.2896485594505397,105.94039602640177,100.87339155943731,523.3682245483033,3593.6395759717316,0.0,0,106,7,0,0,0,"{""process_exec"": 106, ""process_exit"": 106}"
1776146656,normal,sw-wk3,0.18077777777778248,0.349935331370975,113.2,98.00000000000001,3832.5,5711.4,0.0,0,0,0,0,0,0,{}
1776146656,normal,k3s-wk1,0.3682222222222561,0.6308740742078629,213.73333333333332,208.66666666666666,34146.166666666664,13085.833333333334,0.0,0,36,3,0,30,0,"{""process_exit"": 36, ""process_exec"": 36, ""process_kprobe"": 30}"
1776146656,normal,sw-wk2,0.12594172944859106,0.2896485594505397,105.94039602640177,100.87339155943731,523.3682245483033,3593.6395759717316,0.0,0,5,5,0,0,0,"{""process_exec"": 5, ""process_exit"": 4}"
1776146666,normal,sw-wk3,0.1807777777777826,0.349935331370975,113.2,98.0,3832.5,5711.4,0.0,0,0,0,0,0,0,{}
1776146666,normal,k3s-wk1,0.3682222222222561,0.6308740742078629,213.73333333333332,208.66666666666666,34146.166666666664,13085.833333333334,0.0,0,15,2,0,10,0,"{""process_exit"": 15, ""process_exec"": 15, ""process_kprobe"": 10}"
1776146666,normal,sw-wk2,0.26044444444447024,0.2954639575926704,709.0,390.73333333333335,7308.8,29623.66666666667,0.0,0,3,2,0,0,0,"{""process_exit"": 3, ""process_exec"": 3}"
1776146676,normal,sw-wk3,0.1893333333333027,0.3429571721650929,116.06666666666666,100.86666666666666,3177.0,5740.4,0.0,0,0,0,0,0,0,{}
1776146676,normal,k3s-wk1,0.3682222222222561,0.6308740742078629,213.73333333333332,208.66666666666666,34146.166666666664,13085.833333333334,0.0,0,33,3,0,28,0,"{""process_exit"": 33, ""process_exec"": 33, ""process_kprobe"": 28}"
1776146676,normal,sw-wk2,0.26044444444447024,0.2954639575926704,709.0,390.73333333333335,7308.8,29623.666666666668,0.0,0,3,2,0,0,0,"{""process_exit"": 3, ""process_exec"": 3}"
1776146686,normal,sw-wk3,0.1893333333333027,0.3429571721650929,116.06666666666666,100.86666666666666,3177.0,5740.4,0.0,0,1,1,0,0,0,"{""process_exit"": 5, ""process_exec"": 1}"
1776146686,normal,k3s-wk1,0.3212222222221802,0.6289087590293307,218.2,214.66666666666666,12546.466666666667,1966.4333333333334,0.0,0,18,2,0,12,0,"{""process_exit"": 18, ""process_exec"": 18, ""process_kprobe"": 12}"
1776146686,normal,sw-wk2,0.26044444444447024,0.2954639575926704,709.0,390.73333333333335,7308.8,29623.666666666668,0.0,0,4,2,0,0,0,"{""process_exit"": 4, ""process_exec"": 4}"
1776146696,normal,sw-wk3,0.1893333333333027,0.3429571721650929,116.06666666666666,100.86666666666666,3177.0,5740.4,0.0,0,0,0,0,0,0,{}
1776146696,normal,k3s-wk1,0.3212222222221802,0.6289087590293307,218.2,214.66666666666666,12546.466666666667,1966.4333333333334,0.0,0,33,3,0,28,0,"{""process_exit"": 33, ""process_exec"": 33, ""process_kprobe"": 28}"
1776146696,normal,sw-wk2,0.14778029596046738,0.2945417128585446,197.70697240367952,193.10758565524597,703.5061991734435,6022.730302626317,0.0,0,2,2,0,0,0,"{""process_exit"": 2, ""process_exec"": 2}"
1776146706,normal,sw-wk3,0.19177777777784089,0.34709532729334713,113.20000000000002,98.0,3764.5333333333333,6211.466666666668,0.0,0,0,0,0,0,0,{}
1776146706,normal,k3s-wk1,0.3212222222221802,0.6289087590293307,218.2,214.66666666666666,12546.466666666667,1966.4333333333334,0.0,0,36,3,0,30,0,"{""process_exit"": 36, ""process_exec"": 36, ""process_kprobe"": 30}"
1776146706,normal,sw-wk2,0.14778029596046738,0.2945417128585446,197.70697240367952,193.10758565524597,703.5061991734435,6022.730302626317,0.0,0,6,3,0,0,0,"{""process_exit"": 4, ""process_exec"": 6}"
1776146716,normal,sw-wk3,0.19177777777784089,0.34709532729334713,113.2,98.0,3764.5333333333333,6211.466666666666,0.0,0,1,1,0,0,0,"{""process_exit"": 3, ""process_exec"": 1}"
1776146716,normal,k3s-wk1,0.32644444444445586,0.6258676567369899,208.6666666666667,208.66666666666666,36237.666666666664,7993.133333333333,0.0,0,12,2,0,8,0,"{""process_exit"": 12, ""process_exec"": 12, ""process_kprobe"": 8}"
1776146716,normal,sw-wk2,0.14778029596046738,0.2945417128585446,197.70697240367952,193.10758565524597,703.5061991734435,6022.730302626317,0.0,0,107,7,0,0,0,"{""process_exit"": 109, ""process_exec"": 107}"
1776146726,normal,sw-wk3,0.19177777777784089,0.34709532729334713,113.2,98.0,3764.5333333333333,6211.466666666666,0.0,0,0,0,0,0,0,{}
1776146726,normal,k3s-wk1,0.32644444444445586,0.6258676567369899,208.66666666666666,208.66666666666666,36237.666666666664,7993.133333333333,0.0,0,33,3,0,28,0,"{""process_exit"": 33, ""process_exec"": 33, ""process_kprobe"": 28}"
1776146726,normal,sw-wk2,0.22516276692667203,0.2898683690762899,197.72015198986733,182.5211652556496,5846.710219318712,30416.838877408172,0.0,0,3,2,0,0,0,"{""process_exit"": 3, ""process_exec"": 3}"
1776146736,normal,sw-wk3,0.19499999999999185,0.34524287370822027,78.33333333333333,68.2,3115.5,5646.066666666667,0.0,0,0,0,0,0,0,{}
1776146736,normal,k3s-wk1,0.32644444444445586,0.6258676567369899,208.66666666666666,208.66666666666666,36237.666666666664,7993.133333333333,0.0,0,33,3,0,28,0,"{""process_exit"": 33, ""process_exec"": 33, ""process_kprobe"": 28}"
1776146736,normal,sw-wk2,0.22516276692667203,0.2898683690762899,197.72015198986733,182.5211652556496,5846.710219318712,30416.838877408172,0.0,0,4,2,0,0,0,"{""process_exit"": 4, ""process_exec"": 4}"
1776146746,normal,sw-wk3,0.19499999999999185,0.34524287370822027,78.33333333333333,68.2,3115.5,5646.0666666666675,0.0,0,1,1,0,0,0,"{""process_exit"": 5, ""process_exec"": 1}"
1776146746,normal,k3s-wk1,0.32800000000000484,0.6219573455489167,210.86666666666667,205.79999999999998,11987.2,5310.9,0.0,0,33,3,0,28,0,"{""process_exit"": 33, ""process_exec"": 33, ""process_kprobe"": 28}"
1776146746,normal,sw-wk2,0.22516276692667203,0.2898683690762899,197.72015198986733,182.5211652556496,5846.710219318712,30416.838877408172,0.0,0,3,2,0,0,0,"{""process_exit"": 3, ""process_exec"": 3}"
1776146756,normal,sw-wk3,0.19499999999999185,0.34524287370822027,78.33333333333333,68.2,3115.5,5646.066666666667,0.0,0,0,0,0,0,0,{}
1776146756,normal,k3s-wk1,0.32800000000000484,0.6219573455489167,210.8666666666667,205.79999999999998,11987.2,5310.9,0.0,0,33,3,0,28,0,"{""process_exit"": 33, ""process_exec"": 33, ""process_kprobe"": 28}"
1776146756,normal,sw-wk2,0.13163772125735895,0.287982466200288,193.73979132637757,178.40594686489553,699.8899963332112,6062.435414513817,0.0,0,3,2,0,0,0,"{""process_exit"": 3, ""process_exec"": 3}"
1776146766,normal,sw-wk3,0.17474919174742398,0.3435560737540936,100.85658100856581,100.85658100856581,2256.6410025664095,6917.274939172749,0.0,0,1,1,0,0,0,"{""process_exit"": 7, ""process_exec"": 1}"
1776146766,normal,k3s-wk1,0.32800000000000484,0.6219573455489167,210.86666666666667,205.79999999999998,11987.2,5310.9,0.0,0,33,3,0,28,0,"{""process_exit"": 33, ""process_exec"": 33, ""process_kprobe"": 28}"
1776146766,normal,sw-wk2,0.13163772125735895,0.287982466200288,193.73979132637757,178.40594686489547,699.8899963332112,6062.435414513818,0.0,0,6,3,0,0,0,"{""process_exit"": 4, ""process_exec"": 6}"
1776146776,normal,sw-wk3,0.1747491917474241,0.3435560737540936,100.85658100856581,100.85658100856581,2256.64100256641,6917.274939172749,0.0,0,0,0,0,0,0,{}
1776146776,normal,k3s-wk1,0.3193333333333107,0.6224687113018604,223.86666666666667,208.66666666666666,12585.733333333335,4789.333333333333,0.0,0,15,2,0,10,0,"{""process_exit"": 15, ""process_exec"": 15, ""process_kprobe"": 10}"
1776146776,normal,sw-wk2,0.13163772125735895,0.287982466200288,193.73979132637757,178.40594686489553,699.8899963332112,6062.435414513818,0.0,0,42,5,0,0,0,"{""process_exit"": 42, ""process_exec"": 42}"
1776146786,normal,sw-wk3,0.17474919174742398,0.3435560737540936,100.85658100856581,100.85658100856581,2256.64100256641,6917.274939172749,0.0,0,0,0,0,0,0,{}
1776146786,normal,k3s-wk1,0.3193333333333107,0.6224687113018604,223.86666666666667,208.66666666666666,12585.733333333334,4789.333333333333,0.0,0,36,3,0,30,0,"{""process_exit"": 36, ""process_exec"": 36, ""process_kprobe"": 30}"
1776146786,normal,sw-wk2,0.25841972510205125,0.29247263529441747,199.87332911097033,184.53948464948834,6569.818993966466,30443.614787159568,0.0,0,68,5,0,0,0,"{""process_exit"": 70, ""process_exec"": 68}"
1776146796,normal,sw-wk3,0.17491749174917492,0.34570160684022067,116.0782744941161,100.87675434210087,3743.9410607727436,5245.391205787245,0.0,0,0,0,0,0,0,{}
1776146796,normal,k3s-wk1,0.3193333333333107,0.6224687113018604,223.86666666666667,208.66666666666666,12585.733333333334,4789.333333333333,0.0,0,36,3,0,30,0,"{""process_exit"": 36, ""process_exec"": 36, ""process_kprobe"": 30}"
1776146796,normal,sw-wk2,0.25841972510205125,0.29247263529441747,199.8733291109704,184.53948464948834,6569.818993966466,30443.614787159575,0.0,0,4,2,0,0,0,"{""process_exit"": 4, ""process_exec"": 4}"
1776146807,normal,sw-wk3,0.17491749174917492,0.34570160684022067,116.07827449411607,100.87675434210087,3743.9410607727436,5245.391205787245,0.0,0,1,1,0,0,0,"{""process_exit"": 5, ""process_exec"": 1}"
1776146807,normal,k3s-wk1,0.3536666666666456,0.621558864068146,208.66666666666666,208.66666666666666,35936.9,8542.133333333333,0.0,0,21,2,0,14,0,"{""process_exit"": 22, ""process_exec"": 21, ""process_kprobe"": 14}"
1776146807,normal,sw-wk2,0.25841972510205125,0.29247263529441747,199.8733291109704,184.53948464948834,6569.818993966466,30443.614787159575,0.0,0,3,2,0,0,0,"{""process_exit"": 3, ""process_exec"": 3}"
1776146816,normal,sw-wk3,0.17491749174917492,0.34570160684022067,116.07827449411607,100.87675434210087,3743.9410607727436,5245.391205787245,0.0,0,0,0,0,0,0,{}
1776146816,normal,k3s-wk1,0.3536666666666456,0.621558864068146,208.66666666666666,208.66666666666666,35936.9,8542.133333333333,0.0,0,10,2,0,6,0,"{""process_exit"": 10, ""process_exec"": 10, ""process_kprobe"": 6}"
1776146816,normal,sw-wk2,0.1938046509560244,0.2980968946315481,143.66187793740207,133.52888237058764,2654.7781740608643,5945.668477717409,0.0,0,1,1,0,0,0,"{""process_exit"": 3, ""process_exec"": 1}"
1776146826,normal,sw-wk3,0.21622222222229326,0.34839666399072344,113.2,98.0,3085.733333333333,8317.6,0.0,0,1,1,0,0,0,"{""process_exit"": 17, ""process_exec"": 1}"
1776146826,normal,k3s-wk1,0.3536666666666456,0.621558864068146,208.66666666666666,208.66666666666666,35936.9,8542.133333333333,0.0,0,56,3,0,50,0,"{""process_kprobe"": 50, ""process_exit"": 56, ""process_exec"": 56}"
1776146826,normal,sw-wk2,0.1938046509560244,0.2980968946315481,143.66187793740207,133.52888237058764,2654.7781740608643,5945.668477717409,0.0,0,2,2,0,0,0,"{""process_exec"": 2}"
1776146836,normal,sw-wk3,0.21622222222229337,0.34839666399072344,113.2,98.0,3085.733333333333,8317.600000000002,0.0,0,0,0,0,0,0,{}
1776146836,normal,k3s-wk1,0.37163933697731777,0.6189625258081668,208.6388481535795,208.63884815357952,36325.0899880016,9828.222903612852,0.0,0,57,3,0,50,0,"{""process_exit"": 57, ""process_exec"": 57, ""process_kprobe"": 50}"
1776146836,normal,sw-wk2,0.1938046509560244,0.2980968946315481,143.6618779374021,133.52888237058764,2654.7781740608643,5945.668477717409,0.0,0,104,5,0,0,0,"{""process_exit"": 106, ""process_exec"": 104}"
1776146846,normal,sw-wk3,0.21622222222229337,0.34839666399072344,113.2,98.0,3085.733333333333,8317.6,0.0,0,0,0,0,0,0,{}
1776146846,normal,k3s-wk1,0.37163933697731777,0.6189625258081668,208.63884815357952,208.63884815357952,36325.0899880016,9828.222903612852,0.0,0,15,2,0,10,0,"{""process_exit"": 15, ""process_exec"": 15, ""process_kprobe"": 10}"
1776146846,normal,sw-wk2,0.24766666666667636,0.28545624832753547,111.0,100.86666666666666,5526.266666666666,28004.366666666665,0.0,0,0,0,0,0,0,{}
1776146856,normal,sw-wk3,0.17588888888878706,0.33881583139008886,116.06666666666666,100.86666666666666,3028.2,5233.933333333333,0.0,0,0,0,0,0,0,{}
1776146856,normal,k3s-wk1,0.37163933697731777,0.6189625258081668,208.63884815357952,208.63884815357952,36325.0899880016,9828.222903612852,0.0,0,12,2,0,8,0,"{""process_exit"": 12, ""process_exec"": 12, ""process_kprobe"": 8}"
1776146856,normal,sw-wk2,0.24766666666667625,0.28545624832753547,111.0,100.86666666666666,5526.266666666666,28004.366666666665,0.0,0,0,0,0,0,0,{}
1776146867,normal,sw-wk3,0.17588888888878684,0.33881583139008886,116.06666666666666,100.86666666666666,3028.2,5233.933333333333,0.0,0,1,1,0,0,0,"{""process_exit"": 9, ""process_exec"": 1}"
1776146867,normal,k3s-wk1,0.3144641507756736,0.6212089228244096,210.89478597146285,205.82744365915454,10176.756900920122,4336.544872649686,0.0,0,12,2,0,8,0,"{""process_exit"": 12, ""process_exec"": 12, ""process_kprobe"": 8}"
1776146867,normal,sw-wk2,0.24766666666667636,0.28545624832753547,111.0,100.86666666666666,5526.266666666666,28004.366666666665,0.0,0,0,0,0,0,0,{}
1776146877,normal,sw-wk3,0.17588888888878706,0.33881583139008886,116.06666666666666,100.86666666666666,3028.2,5233.933333333333,0.0,0,0,0,0,0,0,{}
1776146877,normal,k3s-wk1,0.3144641507756736,0.6212089228244096,210.89478597146285,205.82744365915454,10176.756900920122,4336.544872649686,0.0,0,18,2,0,12,0,"{""process_exit"": 18, ""process_exec"": 18, ""process_kprobe"": 12}"
1776146877,normal,sw-wk2,0.13560904060269707,0.28946697758578943,105.94039602640177,100.87339155943731,566.8711247416495,3618.507900526702,0.0,0,0,0,0,0,0,{}
1776146887,normal,sw-wk3,0.16488888888889053,0.34736770009047235,78.33333333333333,68.2,2876.9,6957.666666666667,0.0,0,1,1,0,0,0,"{""process_exit"": 3, ""process_exec"": 1}"
1776146887,normal,k3s-wk1,0.3144641507756736,0.6212089228244096,210.89478597146285,205.82744365915454,10176.756900920122,4336.544872649686,0.0,0,36,3,0,30,0,"{""process_exit"": 36, ""process_exec"": 36, ""process_kprobe"": 30}"
1776146887,normal,sw-wk2,0.13560904060269707,0.28946697758578943,105.94039602640177,100.87339155943731,566.8711247416495,3618.507900526702,0.0,0,2,2,0,0,0,"{""process_exec"": 2}"
1776146897,normal,sw-wk3,0.16488888888889053,0.34736770009047235,78.33333333333333,68.2,2876.9,6957.666666666668,0.0,0,0,0,0,0,0,{}
1776146897,normal,k3s-wk1,0.35977777777774866,0.6218760688729521,213.73333333333332,208.66666666666666,10027.7,7500.4,0.0,0,60,3,0,52,0,"{""process_exit"": 60, ""process_exec"": 60, ""process_kprobe"": 52}"
1776146897,normal,sw-wk2,0.13560904060269707,0.28946697758578943,105.94039602640177,100.87339155943731,566.8711247416495,3618.507900526702,0.0,0,0,0,0,0,0,{}
1776146907,normal,sw-wk3,0.16488888888889053,0.34736770009047235,78.33333333333333,68.2,2876.9,6957.666666666667,0.0,0,8,3,0,0,0,"{""process_exec"": 8, ""process_exit"": 4}"
1776146907,normal,k3s-wk1,0.35977777777774866,0.6218760688729521,213.73333333333332,208.66666666666666,10027.7,7500.4,0.0,0,39,3,0,32,0,"{""process_exit"": 39, ""process_exec"": 39, ""process_kprobe"": 32}"
1776146907,normal,sw-wk2,0.27114933715589584,0.2918801049989169,108.14414774810814,98.009800980098,7930.92642597593,28192.9526285962,0.0,0,104,5,0,0,0,"{""process_exit"": 106, ""process_exec"": 104}"
1776146917,normal,sw-wk3,0.28188888888891794,0.3500866495916001,113.2,98.0,13366.933333333332,9218.0,0.0,0,9,3,0,0,0,"{""process_exit"": 19, ""process_exec"": 9}"
1776146917,normal,k3s-wk1,0.35977777777774866,0.6218760688729521,213.73333333333332,208.66666666666666,10027.7,7500.4,0.0,0,21,2,0,14,0,"{""process_exit"": 21, ""process_exec"": 21, ""process_kprobe"": 14}"
1776146917,normal,sw-wk2,0.27114933715589584,0.2918801049989169,108.14414774810814,98.009800980098,7930.92642597593,28192.95262859619,0.0,0,0,0,0,0,0,{}
1776146927,normal,sw-wk3,0.28188888888891794,0.3500866495916001,113.2,98.0,13366.933333333332,9218.000000000002,0.0,0,0,0,0,0,0,{}
1776146927,normal,k3s-wk1,0.3736666666666779,0.6207573857357176,226.40000000000003,208.66666666666666,38507.700000000004,20532.733333333334,0.0,0,18,2,0,12,0,"{""process_exit"": 18, ""process_exec"": 18, ""process_kprobe"": 12}"
1776146927,normal,sw-wk2,0.27114933715589584,0.2918801049989169,108.14414774810814,98.009800980098,7930.92642597593,28192.95262859619,0.0,0,0,0,0,0,0,{}
1776146937,normal,sw-wk3,0.28188888888891794,0.3500866495916001,113.2,98.0,13366.933333333332,9218.0,0.0,0,8,3,0,0,0,"{""process_exec"": 8, ""process_exit"": 6}"
1776146937,normal,k3s-wk1,0.3736666666666779,0.6207573857357176,226.40000000000003,208.66666666666666,38507.7,20532.733333333334,0.0,0,33,3,0,28,0,"{""process_exit"": 33, ""process_exec"": 33, ""process_kprobe"": 28}"
1776146937,normal,sw-wk2,0.13033333333336894,0.2939364399760439,103.39999999999999,100.86666666666666,2011.1,3649.866666666667,0.0,0,0,0,0,0,0,{}
1776146947,normal,sw-wk3,0.25411111111105944,0.35448762057672945,100.86666666666666,100.86666666666666,11085.7,9977.200000000003,0.0,0,1,1,0,0,0,"{""process_exit"": 5, ""process_exec"": 1}"
1776146947,normal,k3s-wk1,0.3736666666666779,0.6207573857357176,226.4,208.66666666666666,38507.7,20532.733333333334,0.0,0,12,2,0,8,0,"{""process_exit"": 12, ""process_exec"": 12, ""process_kprobe"": 8}"
1776146947,normal,sw-wk2,0.13033333333336894,0.2939364399760439,103.39999999999999,100.86666666666666,2011.1,3649.866666666667,0.0,0,3,3,0,0,0,"{""process_exec"": 3, ""process_exit"": 1}"
1776146957,normal,sw-wk3,0.25411111111105944,0.35448762057672945,100.86666666666666,100.86666666666666,11085.7,9977.2,0.0,0,0,0,0,0,0,{}
1776146957,normal,k3s-wk1,0.3668888888889341,0.6318572962184897,233.93333333333334,208.66666666666666,36485.9,18891.666666666668,0.0,0,33,3,0,28,0,"{""process_exit"": 33, ""process_exec"": 33, ""process_kprobe"": 28}"
1776146957,normal,sw-wk2,0.13033333333336894,0.2939364399760439,103.39999999999999,100.86666666666666,2011.1,3649.866666666667,0.0,0,103,4,0,0,0,"{""process_exit"": 105, ""process_exec"": 103}"
1776146967,normal,sw-wk3,0.25411111111105944,0.35448762057672945,100.86666666666666,100.86666666666666,11085.7,9977.2,0.0,0,9,3,0,0,0,"{""process_exec"": 9, ""process_exit"": 13}"
1776146967,normal,k3s-wk1,0.3668888888889341,0.6318572962184897,233.93333333333334,208.66666666666666,36485.9,18891.666666666668,0.0,0,9,2,0,6,0,"{""process_exit"": 9, ""process_exec"": 9, ""process_kprobe"": 6}"
1776146967,normal,sw-wk2,0.24238384107723565,0.29296641054066797,116.05892940470635,100.85994267048864,6202.753149790014,27915.63895740284,0.0,0,0,0,0,0,0,{}
1776146977,normal,sw-wk3,0.24400000000007116,0.35222740420760223,100.86666666666669,100.86666666666666,9461.166666666666,9224.5,0.0,0,0,0,0,0,0,"{""process_exit"": 4}"
1776146977,normal,k3s-wk1,0.3668888888889341,0.6318572962184897,233.93333333333334,208.66666666666666,36485.9,18891.666666666668,0.0,0,36,3,0,30,0,"{""process_exit"": 36, ""process_exec"": 36, ""process_kprobe"": 30}"
1776146977,normal,sw-wk2,0.24238384107723565,0.29296641054066797,116.05892940470635,100.85994267048864,6202.753149790014,27915.63895740284,0.0,0,0,0,0,0,0,{}
1776146987,normal,sw-wk3,0.24400000000007116,0.35222740420760223,100.86666666666666,100.86666666666666,9461.166666666666,9224.5,0.0,0,1,1,0,0,0,"{""process_exit"": 5, ""process_exec"": 1}"
1776146987,normal,k3s-wk1,0.3246666666665988,0.6390231898160326,221.0,205.79999999999998,12895.0,9157.5,0.0,0,12,2,0,8,0,"{""process_exit"": 12, ""process_exec"": 12, ""process_kprobe"": 8}"
1776146987,normal,sw-wk2,0.24238384107723565,0.29296641054066797,116.05892940470635,100.85994267048864,6202.753149790014,27915.63895740284,0.0,0,0,0,0,0,0,{}
1776146997,normal,sw-wk3,0.24400000000007116,0.35222740420760223,100.86666666666666,100.86666666666666,9461.166666666666,9224.5,0.0,0,0,0,0,0,0,{}
1776146997,normal,k3s-wk1,0.3246666666665988,0.6390231898160326,221.0,205.79999999999998,12895.0,9157.5,0.0,0,36,3,0,30,0,"{""process_exit"": 36, ""process_exec"": 36, ""process_kprobe"": 30}"
1776146997,normal,sw-wk2,0.11777777777784226,0.2944923353339195,82.8,74.2,1323.8666666666666,3743.9333333333334,0.0,0,0,0,0,0,0,{}
1776147007,normal,sw-wk3,0.1859999999999773,0.3480780993157231,98.0,98.0,4303.633333333334,6580.266666666666,0.0,0,0,0,0,0,0,{}
1776147007,normal,k3s-wk1,0.3246666666665988,0.6390231898160326,221.0,205.79999999999998,12895.0,9157.5,0.0,0,36,3,0,30,0,"{""process_exit"": 36, ""process_exec"": 36, ""process_kprobe"": 30}"
1776147007,normal,sw-wk2,0.11777777777784249,0.2944923353339195,82.8,74.2,1323.8666666666666,3743.9333333333334,0.0,0,2,2,0,0,0,"{""process_exec"": 2}"
1776147017,normal,sw-wk3,0.1859999999999773,0.3480780993157231,98.0,98.0,4303.633333333333,6580.266666666666,0.0,0,5,3,0,0,0,"{""process_exit"": 7, ""process_exec"": 5}"
1776147017,normal,k3s-wk1,0.33288888888891954,0.6348566313301267,412.3333333333333,301.1,12096.433333333336,8107.200000000002,0.0,0,9,2,0,6,0,"{""process_exit"": 9, ""process_exec"": 9, ""process_kprobe"": 6}"
1776147017,normal,sw-wk2,0.11777777777784249,0.2944923353339195,82.8,74.2,1323.8666666666666,3743.9333333333334,0.0,0,0,0,0,0,0,{}
1776147027,normal,sw-wk3,0.1859999999999773,0.3480780993157231,98.0,98.0,4303.633333333333,6580.266666666666,0.0,0,4,3,0,0,0,"{""process_exec"": 4, ""process_exit"": 4}"
1776147027,normal,k3s-wk1,0.33288888888891954,0.6348566313301267,412.3333333333333,301.1,12096.433333333332,8107.2,0.0,0,12,2,0,8,0,"{""process_exit"": 12, ""process_exec"": 12, ""process_kprobe"": 8}"
1776147027,normal,sw-wk2,0.2193853743083568,0.2927768645590427,108.126124925005,97.99346710219318,4741.15058996067,27962.969135390973,0.0,0,104,5,0,0,0,"{""process_exit"": 106, ""process_exec"": 104}"
1776147038,normal,sw-wk3,0.21888888888893743,0.35408941473297906,116.06666666666666,100.86666666666666,10082.133333333333,8505.833333333334,0.0,0,0,0,0,0,0,{}
1776147038,normal,k3s-wk1,0.33288888888891954,0.6348566313301267,412.3333333333333,301.1,12096.433333333332,8107.2,0.0,0,15,2,0,10,0,"{""process_exit"": 15, ""process_exec"": 15, ""process_kprobe"": 10}"
1776147038,normal,sw-wk2,0.2193853743083568,0.2927768645590427,108.126124925005,97.99346710219318,4741.150589960669,27962.969135390973,0.0,0,0,0,0,0,0,{}
1776147047,normal,sw-wk3,0.21888888888893743,0.35408941473297906,116.06666666666666,100.86666666666666,10082.133333333333,8505.833333333334,0.0,0,0,0,0,0,0,{}
1776147047,normal,k3s-wk1,0.3762222222222288,0.6357472882375717,225.86666666666667,210.66666666666666,35064.3,20784.533333333333,0.0,0,70,3,0,63,0,"{""process_exit"": 70, ""process_exec"": 70, ""process_kprobe"": 63}"
1776147047,normal,sw-wk2,0.2193853743083568,0.2927768645590427,108.126124925005,97.99346710219318,4741.150589960669,27962.969135390973,0.0,0,0,0,0,0,0,{}
1776147057,normal,sw-wk3,0.21888888888893743,0.35408941473297906,116.06666666666666,100.86666666666666,10082.133333333333,8505.833333333334,0.0,0,1,1,0,0,0,"{""process_exit"": 15, ""process_exec"": 1}"
1776147057,normal,k3s-wk1,0.3762222222222288,0.6357472882375717,225.86666666666667,210.66666666666666,35064.3,20784.533333333333,0.0,0,17,2,0,13,0,"{""process_kprobe"": 13, ""process_exit"": 17, ""process_exec"": 17}"
1776147057,normal,sw-wk2,0.1638610175893943,0.29220822661416723,100.87002900096668,100.87002900096671,3758.491949731658,3804.9934997833266,0.0,0,0,0,0,0,0,{}
1776147067,normal,sw-wk3,0.22988888888875303,0.35241695018922736,82.8,74.20000000000002,10259.5,7917.633333333333,0.0,0,1,1,0,0,0,"{""process_exit"": 15, ""process_exec"": 1}"
1776147067,normal,k3s-wk1,0.3762222222222288,0.6357472882375717,225.86666666666667,210.66666666666666,35064.3,20784.533333333333,0.0,0,36,3,0,30,0,"{""process_exit"": 36, ""process_exec"": 36, ""process_kprobe"": 30}"
1776147067,normal,sw-wk2,0.1638610175893943,0.29220822661416723,100.87002900096671,100.87002900096671,3758.491949731658,3804.9934997833266,0.0,0,2,2,0,0,0,"{""process_exec"": 2}"
1776147077,normal,sw-wk3,0.22988888888875303,0.35241695018922736,82.8,74.2,10259.5,7917.633333333333,0.0,0,0,0,0,0,0,{}
1776147077,normal,k3s-wk1,0.34455555555557826,0.6347629373842231,228.00000000000006,212.66666666666666,37378.433333333334,9637.6,0.0,0,18,2,0,12,0,"{""process_exit"": 18, ""process_exec"": 18, ""process_kprobe"": 12}"
1776147077,normal,sw-wk2,0.1638610175893943,0.29220822661416723,100.87002900096671,100.87002900096671,3758.491949731658,3804.9934997833266,0.0,0,104,5,0,0,0,"{""process_exit"": 106, ""process_exec"": 104}"
1776147088,normal,sw-wk3,0.22988888888875303,0.35241695018922736,82.8,74.2,10259.5,7917.633333333333,0.0,0,0,0,0,0,0,{}
1776147088,normal,k3s-wk1,0.34455555555557826,0.6347629373842231,228.0,212.66666666666666,37378.433333333334,9637.6,0.0,0,15,2,0,10,0,"{""process_exit"": 15, ""process_exec"": 15, ""process_kprobe"": 10}"
1776147088,normal,sw-wk2,0.22877777777781982,0.29677803687704674,100.86666666666666,100.86666666666666,5348.366666666667,27869.966666666667,0.0,0,0,0,0,0,0,{}
1776147097,normal,sw-wk3,0.17766666666672493,0.34952756858697454,116.06666666666666,100.86666666666666,2961.4,7288.166666666667,0.0,0,0,0,0,0,0,{}
1776147097,normal,k3s-wk1,0.34455555555557826,0.6347629373842231,228.0,212.66666666666666,37378.433333333334,9637.6,0.0,0,15,2,0,10,0,"{""process_exit"": 15, ""process_exec"": 15, ""process_kprobe"": 10}"
1776147097,normal,sw-wk2,0.22877777777781982,0.29677803687704674,100.86666666666666,100.86666666666666,5348.366666666667,27869.966666666667,0.0,0,0,0,0,0,0,{}
1776147108,normal,sw-wk3,0.17766666666672493,0.34952756858697454,116.06666666666666,100.86666666666666,2961.4000000000005,7288.166666666667,0.0,0,1,1,0,0,0,"{""process_exit"": 9, ""process_exec"": 1}"
1776147108,normal,k3s-wk1,0.34377777777772267,0.6352223763719672,234.9,215.2666666666667,10027.233333333334,1700.0666666666666,0.0,0,30,3,0,26,0,"{""process_exit"": 31, ""process_exec"": 30, ""process_kprobe"": 26}"
1776147108,normal,sw-wk2,0.22877777777781982,0.29677803687704674,100.86666666666666,100.86666666666666,5348.366666666667,27869.966666666667,0.0,0,0,0,0,0,0,{}
1776147117,normal,sw-wk3,0.17766666666672493,0.34952756858697454,116.06666666666666,100.86666666666666,2961.4,7288.166666666667,0.0,0,0,0,0,0,0,{}
1776147117,normal,k3s-wk1,0.3437777777777229,0.6352223763719672,234.9,215.26666666666665,10027.233333333334,1700.0666666666666,0.0,0,21,2,0,14,0,"{""process_exit"": 21, ""process_exec"": 21, ""process_kprobe"": 14}"
1776147117,normal,sw-wk2,0.12435688013250623,0.29261758222154266,108.14414774810814,98.009800980098,742.2075540887422,3732.7399406607324,0.0,0,0,0,0,0,0,{}
1776147127,normal,sw-wk3,0.17500000000008087,0.3482214534194732,98.0,98.0,2353.9333333333334,6489.233333333334,0.0,0,1,1,0,0,0,"{""process_exit"": 3, ""process_exec"": 1}"
1776147127,normal,k3s-wk1,0.3437777777777229,0.6352223763719672,234.9,215.26666666666665,10027.233333333334,1700.0666666666666,0.0,0,9,2,0,6,0,"{""process_exit"": 9, ""process_exec"": 9, ""process_kprobe"": 6}"
1776147127,normal,sw-wk2,0.12435688013250623,0.29261758222154266,108.14414774810814,98.009800980098,742.2075540887422,3732.7399406607324,0.0,0,106,7,0,0,0,"{""process_exec"": 106, ""process_exit"": 106}"
1776147137,normal,sw-wk3,0.17500000000008087,0.3482214534194732,98.0,98.0,2353.9333333333334,6489.233333333334,0.0,0,0,0,0,0,0,{}
1776147137,normal,k3s-wk1,0.3718888888889018,0.6348713062855091,223.86666666666667,208.66666666666666,33688.6,9745.066666666666,0.0,0,18,2,0,12,0,"{""process_exit"": 18, ""process_exec"": 18, ""process_kprobe"": 12}"
1776147137,normal,sw-wk2,0.12435688013250623,0.29261758222154266,108.14414774810814,98.009800980098,742.2075540887422,3732.7399406607324,0.0,0,0,0,0,0,0,{}
1776147147,normal,sw-wk3,0.17500000000008087,0.3482214534194732,98.0,98.0,2353.9333333333334,6489.233333333334,0.0,0,0,0,0,0,0,{}
1776147147,normal,k3s-wk1,0.3718888888889018,0.6348713062855091,223.86666666666667,208.66666666666666,33688.6,9745.066666666666,0.0,0,36,3,0,30,0,"{""process_exit"": 36, ""process_exec"": 36, ""process_kprobe"": 30}"
1776147147,normal,sw-wk2,0.23179470088325083,0.29020604763179025,78.32027995334111,68.18863522746209,5426.695550741543,27811.198133644393,0.0,0,0,0,0,0,0,{}
1776147157,normal,sw-wk3,0.18055555555555547,0.3503733577991004,100.86666666666666,100.86666666666666,2826.1666666666665,5610.7,0.0,0,0,0,0,0,0,{}
1776147157,normal,k3s-wk1,0.3718888888889018,0.6348713062855091,223.86666666666667,208.66666666666666,33688.6,9745.066666666666,0.0,0,33,3,0,28,0,"{""process_exit"": 33, ""process_exec"": 33, ""process_kprobe"": 28}"
1776147157,normal,sw-wk2,0.23179470088325083,0.29020604763179025,78.32027995334111,68.18863522746209,5426.695550741542,27811.198133644393,0.0,0,0,0,0,0,0,{}
1776147167,normal,sw-wk3,0.18055555555555547,0.3503733577991004,100.86666666666666,100.86666666666666,2826.1666666666674,5610.7,0.0,0,2,2,0,0,0,"{""process_exit"": 3, ""process_exec"": 2}"
1776147167,normal,k3s-wk1,0.32666666666668276,0.6362541386196285,223.86666666666667,208.66666666666666,9496.666666666666,3752.4666666666667,0.0,0,33,3,0,28,0,"{""process_exit"": 33, ""process_exec"": 33, ""process_kprobe"": 28}"
1776147167,normal,sw-wk2,0.23179470088325083,0.29020604763179025,78.32027995334111,68.18863522746209,5426.695550741543,27811.198133644393,0.0,0,0,0,0,0,0,{}
1776147177,normal,sw-wk3,0.18055555555555547,0.3503733577991004,100.86666666666666,100.86666666666666,2826.1666666666665,5610.7,0.0,0,0,0,0,0,0,{}
1776147177,normal,k3s-wk1,0.32666666666668276,0.6362541386196285,223.86666666666667,208.66666666666666,9496.666666666666,3752.4666666666667,0.0,0,59,3,0,51,0,"{""process_exit"": 60, ""process_exec"": 59, ""process_kprobe"": 51}"
1776147177,normal,sw-wk2,0.14083505544064823,0.28973935038291476,110.99260049330044,100.85994267048864,1052.4965002333176,3742.3838410772614,0.0,0,0,0,0,0,0,{}
1776147187,normal,sw-wk3,0.3748888888889471,0.34609981268397105,728.1,419.23333333333335,5250.4,7389.866666666668,0.0,0,1,1,0,0,0,"{""process_exit"": 7, ""process_exec"": 1}"
1776147187,normal,k3s-wk1,0.32666666666668276,0.6362541386196285,223.86666666666667,208.66666666666666,9496.666666666666,3752.4666666666667,0.0,0,37,3,0,31,0,"{""process_exec"": 37, ""process_kprobe"": 31, ""process_exit"": 36}"
1776147187,normal,sw-wk2,0.14083505544064823,0.28973935038291476,110.99260049330044,100.85994267048864,1052.4965002333176,3742.3838410772614,0.0,0,2,2,0,0,0,"{""process_exec"": 2}"
1776147197,normal,sw-wk3,0.3748888888889471,0.34609981268397105,728.1,419.23333333333335,5250.4,7389.866666666667,0.0,0,0,0,0,0,0,{}
1776147197,normal,k3s-wk1,0.3459999999999933,0.6378300030591637,228.33333333333334,214.66666666666666,19172.2,8922.4,0.0,0,33,3,0,28,0,"{""process_exit"": 33, ""process_exec"": 33, ""process_kprobe"": 28}"
1776147197,normal,sw-wk2,0.14083505544064823,0.28973935038291476,110.99260049330044,100.85994267048864,1052.4965002333176,3742.3838410772614,0.0,0,104,5,0,0,0,"{""process_exit"": 106, ""process_exec"": 104}"
1776147207,normal,sw-wk3,0.3748888888889471,0.34609981268397105,728.1,419.23333333333335,5250.4,7389.866666666667,0.0,0,0,0,0,0,0,{}
1776147207,normal,k3s-wk1,0.34599999999999353,0.6378300030591637,228.33333333333334,214.6666666666667,19172.2,8922.4,0.0,0,36,3,0,30,0,"{""process_exit"": 36, ""process_exec"": 36, ""process_kprobe"": 30}"
1776147207,normal,sw-wk2,0.2314787034258594,0.29434420276004436,100.87675434210087,100.87675434210087,7078.24115744908,28147.314731473147,0.0,0,0,0,0,0,0,{}
1776147217,normal,sw-wk3,0.3739999999998771,0.3547568077271047,85.6,75.93333333333334,4144.266666666666,5541.933333333333,0.0,0,0,0,0,0,0,"{""process_exit"": 17}"
1776147217,normal,k3s-wk1,0.34599999999999353,0.6378300030591637,228.33333333333334,214.66666666666666,19172.2,8922.4,0.0,0,33,3,0,28,0,"{""process_exit"": 33, ""process_exec"": 33, ""process_kprobe"": 28}"
1776147217,normal,sw-wk2,0.2314787034258594,0.29434420276004436,100.87675434210087,100.87675434210087,7078.241157449078,28147.314731473147,0.0,0,0,0,0,0,0,{}
1776147227,normal,sw-wk3,0.373999999999877,0.3547568077271047,85.6,75.93333333333334,4144.266666666666,5541.933333333333,0.0,0,1,1,0,0,0,"{""process_exit"": 14, ""process_exec"": 1}"
1776147227,normal,k3s-wk1,0.31477777777775673,0.6354233103764352,223.86666666666667,208.66666666666666,29157.46666666667,6581.466666666666,0.0,0,9,2,0,6,0,"{""process_exit"": 9, ""process_exec"": 9, ""process_kprobe"": 6}"
1776147227,normal,sw-wk2,0.2314787034258594,0.29434420276004436,100.87675434210087,100.87675434210087,7078.241157449078,28147.314731473147,0.0,0,0,0,0,0,0,{}
1776147237,normal,sw-wk3,0.3739999999998771,0.3547568077271047,85.6,75.93333333333334,4144.266666666666,5541.933333333333,0.0,0,0,0,0,0,0,{}
1776147237,normal,k3s-wk1,0.31477777777775673,0.6354233103764352,223.86666666666667,208.66666666666666,29157.466666666667,6581.466666666666,0.0,0,39,3,0,32,0,"{""process_exit"": 39, ""process_exec"": 39, ""process_kprobe"": 32}"
1776147237,normal,sw-wk2,0.12732808818954933,0.2838920957732839,105.34737965062008,106.88091745566075,576.9435924789972,3588.7451660221363,0.0,0,0,0,0,0,0,{}
1776147247,normal,sw-wk3,0.3635555555554877,0.3539078328682289,105.93333333333334,100.86666666666666,2513.633333333333,9740.666666666666,0.0,0,1,1,0,0,0,"{""process_exit"": 7, ""process_exec"": 1}"
1776147247,normal,k3s-wk1,0.31477777777775673,0.6354233103764352,223.86666666666667,208.66666666666666,29157.466666666667,6581.466666666666,0.0,0,33,3,0,28,0,"{""process_exit"": 33, ""process_exec"": 33, ""process_kprobe"": 28}"
1776147247,normal,sw-wk2,0.12732808818954933,0.2838920957732839,105.34737965062008,106.88091745566075,576.9435924789972,3588.7451660221363,0.0,0,106,7,0,0,0,"{""process_exec"": 106, ""process_exit"": 106}"
1776147257,normal,sw-wk3,0.3635555555554876,0.3539078328682289,105.93333333333334,100.86666666666666,2513.633333333333,9740.666666666666,0.0,0,0,0,0,0,0,{}
1776147257,normal,k3s-wk1,0.37266666666667636,0.6385197259621409,223.83333333333334,208.66666666666666,34433.26666666666,9593.066666666666,0.0,0,33,3,0,28,0,"{""process_exit"": 33, ""process_exec"": 33, ""process_kprobe"": 28}"
1776147257,normal,sw-wk2,0.12732808818954933,0.2838920957732839,105.34737965062008,106.88091745566075,576.9435924789972,3588.7451660221363,0.0,0,0,0,0,0,0,{}
1776147267,normal,sw-wk3,0.3635555555554877,0.3539078328682289,105.93333333333334,100.86666666666666,2513.633333333333,9740.666666666666,0.0,0,0,0,0,0,0,"{""process_exit"": 2}"
1776147267,normal,k3s-wk1,0.37266666666667636,0.6385197259621409,223.83333333333334,208.66666666666666,34433.26666666666,9593.066666666666,0.0,0,63,3,0,54,0,"{""process_exit"": 63, ""process_exec"": 63, ""process_kprobe"": 54}"
1776147267,normal,sw-wk2,0.2672088166022405,0.2926908520967927,116.05119317424344,100.85321957072391,5782.728969470738,27877.58298893481,0.0,0,0,0,0,0,0,{}
1776147277,normal,sw-wk3,0.3305555555556364,0.34792200262497297,100.86666666666666,100.86666666666666,6544.033333333333,6809.866666666667,0.0,0,0,0,0,0,0,{}
1776147277,normal,k3s-wk1,0.37266666666667636,0.6385197259621409,223.83333333333334,208.66666666666666,34433.26666666666,9593.066666666666,0.0,0,9,2,0,6,0,"{""process_exit"": 9, ""process_exec"": 9, ""process_kprobe"": 6}"
1776147277,normal,sw-wk2,0.2672088166022405,0.2926908520967927,116.05119317424344,100.85321957072391,5782.728969470738,27877.58298893481,0.0,0,0,0,0,0,0,{}
1776147287,normal,sw-wk3,0.3305555555556364,0.34792200262497297,100.86666666666666,100.86666666666666,6544.033333333333,6809.866666666667,0.0,0,1,1,0,0,0,"{""process_exit"": 29, ""process_exec"": 1}"
1776147287,normal,k3s-wk1,0.3385555555555281,0.6303231989596585,223.83333333333334,208.6666666666667,13208.8,5938.366666666667,0.0,0,36,3,0,30,0,"{""process_exit"": 36, ""process_exec"": 36, ""process_kprobe"": 30}"
1776147287,normal,sw-wk2,0.2672088166022405,0.2926908520967927,116.05119317424344,100.85321957072391,5782.728969470738,27877.58298893481,0.0,0,0,0,0,0,0,{}
1776147298,normal,sw-wk3,0.3305555555556364,0.34792200262497297,100.86666666666666,100.86666666666666,6544.033333333333,6809.866666666667,0.0,0,0,0,0,0,0,{}
1776147298,normal,k3s-wk1,0.3385555555555281,0.6303231989596585,223.83333333333334,208.66666666666666,13208.8,5938.366666666667,0.0,0,18,2,0,12,0,"{""process_exit"": 18, ""process_exec"": 18, ""process_kprobe"": 12}"
1776147298,normal,sw-wk2,0.13564199135646837,0.2926143965747926,78.32550078325501,68.1931806819318,949.3717294937173,3680.765256807653,0.0,0,0,0,0,0,0,{}
1776147307,normal,sw-wk3,0.1971913919719721,0.3546421244441046,108.08919108089191,97.99020097990201,2384.4282238442825,9202.313102023129,0.0,0,0,0,0,0,0,{}
1776147307,normal,k3s-wk1,0.3385555555555281,0.6303231989596585,223.83333333333334,208.66666666666666,13208.8,5938.366666666667,0.0,0,36,3,0,30,0,"{""process_exit"": 36, ""process_exec"": 36, ""process_kprobe"": 30}"
1776147307,normal,sw-wk2,0.13564199135646837,0.2926143965747926,78.32550078325501,68.1931806819318,949.3717294937173,3680.765256807653,0.0,0,2,2,0,0,0,"{""process_exec"": 2}"
1776147317,normal,sw-wk3,0.1971913919719721,0.3546421244441046,108.08919108089191,97.99020097990201,2384.4282238442825,9202.313102023132,0.0,0,1,1,0,0,0,"{""process_exit"": 3, ""process_exec"": 1}"
1776147317,normal,k3s-wk1,0.32766666666672484,0.6262119537671175,223.86666666666667,208.6666666666667,9910.066666666666,4808.333333333333,0.0,0,15,2,0,10,0,"{""process_exit"": 15, ""process_exec"": 15, ""process_kprobe"": 10}"
1776147317,normal,sw-wk2,0.13564199135646837,0.2926143965747926,78.32550078325501,68.1931806819318,949.3717294937173,3680.765256807653,0.0,0,104,5,0,0,0,"{""process_exit"": 105, ""process_exec"": 104}"
1776147328,normal,sw-wk3,0.1971913919719721,0.3546421244441046,108.08919108089191,97.99020097990201,2384.4282238442825,9202.313102023132,0.0,0,0,0,0,0,0,{}
1776147328,normal,k3s-wk1,0.32766666666672484,0.6262119537671175,223.86666666666667,208.66666666666666,9910.066666666666,4808.333333333333,0.0,0,60,3,0,52,0,"{""process_exit"": 60, ""process_exec"": 60, ""process_kprobe"": 52}"
1776147328,normal,sw-wk2,0.23105984843437233,0.29651044255004655,106.0070671378092,105.87372491499434,5673.911594106275,27902.826855123672,0.0,0,0,0,0,0,0,"{""process_exit"": 1}"
1776147337,normal,sw-wk3,0.1762509584290437,0.3456984211934707,87.94212754608793,79.20792079207921,4514.851485148515,5886.6886688668865,0.0,0,0,0,0,0,0,{}
1776147337,normal,k3s-wk1,0.32766666666672484,0.6262119537671175,223.86666666666667,208.66666666666666,9910.066666666666,4808.333333333333,0.0,0,33,3,0,28,0,"{""process_exit"": 33, ""process_exec"": 33, ""process_kprobe"": 28}"
1776147337,normal,sw-wk2,0.23105984843437233,0.29651044255004655,106.0070671378092,105.87372491499434,5673.911594106275,27902.826855123676,0.0,0,0,0,0,0,0,{}
1776147347,normal,sw-wk3,0.1762509584290437,0.3456984211934707,87.94212754608793,79.20792079207921,4514.851485148514,5886.6886688668865,0.0,0,1,1,0,0,0,"{""process_exit"": 13, ""process_exec"": 1}"
1776147347,normal,k3s-wk1,0.33333333333333337,0.6256847842160695,218.46666666666667,205.79999999999998,32753.033333333333,8435.133333333333,0.0,0,54,3,0,48,0,"{""process_exit"": 54, ""process_exec"": 54, ""process_kprobe"": 48}"
1776147347,normal,sw-wk2,0.23105984843437233,0.29651044255004655,106.0070671378092,105.87372491499434,5673.911594106275,27902.826855123676,0.0,0,0,0,0,0,0,{}
1776147358,normal,sw-wk3,0.1762509584290437,0.3456984211934707,87.94212754608793,79.20792079207921,4514.851485148514,5886.6886688668865,0.0,0,0,0,0,0,0,{}
1776147358,normal,k3s-wk1,0.33333333333333337,0.6256847842160695,218.46666666666667,205.79999999999998,32753.033333333333,8435.133333333333,0.0,0,36,3,0,30,0,"{""process_exit"": 36, ""process_exec"": 36, ""process_kprobe"": 30}"
1776147358,normal,sw-wk2,0.12796577207311044,0.29178931406654174,105.91765294215702,100.88348058009667,633.8389731621936,3630.3383897316216,0.0,0,0,0,0,0,0,{}
1776147367,normal,sw-wk3,0.17155555555566204,0.34619538208647116,113.2,98.0,2300.633333333333,7015.966666666666,0.0,0,0,0,0,0,0,{}
1776147367,normal,k3s-wk1,0.33333333333333337,0.6256847842160695,218.46666666666667,205.79999999999998,32753.033333333333,8435.133333333333,0.0,0,36,3,0,30,0,"{""process_exit"": 36, ""process_exec"": 36, ""process_kprobe"": 30}"
1776147367,normal,sw-wk2,0.12796577207311044,0.29178931406654174,105.91765294215702,100.88348058009667,633.8389731621936,3630.3383897316216,0.0,0,2,2,0,0,0,"{""process_exec"": 2}"
1776147377,normal,sw-wk3,0.17155555555566238,0.34619538208647116,113.2,98.00000000000001,2300.633333333333,7015.966666666666,0.0,0,0,0,0,0,0,{}
1776147377,normal,k3s-wk1,0.3263333333332815,0.6257186494977214,223.86666666666667,208.66666666666666,11191.166666666666,4671.533333333335,0.0,0,12,2,0,8,0,"{""process_exit"": 12, ""process_exec"": 12, ""process_kprobe"": 8}"
1776147377,normal,sw-wk2,0.12796577207311044,0.29178931406654174,105.91765294215702,100.88348058009667,633.8389731621936,3630.3383897316216,0.0,0,0,0,0,0,0,{}
1776147387,normal,sw-wk3,0.17155555555566238,0.34619538208647116,113.2,98.0,2300.633333333333,7015.966666666666,0.0,0,1,1,0,0,0,"{""process_exit"": 5, ""process_exec"": 1}"
1776147387,normal,k3s-wk1,0.3263333333332815,0.6257186494977214,223.86666666666667,208.66666666666666,11191.166666666666,4671.533333333333,0.0,0,36,3,0,30,0,"{""process_exit"": 36, ""process_exec"": 36, ""process_kprobe"": 30}"
1776147387,normal,sw-wk2,0.22506970595739528,0.29916249346942414,100.84313660145965,100.84313660145965,4231.112740360583,27977.53857433265,0.0,0,104,5,0,0,0,"{""process_exit"": 106, ""process_exec"": 104}"
1776147397,normal,sw-wk3,0.22322222222218346,0.3515185978057265,723.2333333333335,409.56666666666666,6250.4,15042.0,0.0,0,117,4,0,0,0,"{""process_exec"": 117, ""process_exit"": 63}"
1776147397,normal,k3s-wk1,0.3263333333332815,0.6257186494977214,223.86666666666667,208.66666666666666,11191.166666666666,4671.533333333333,0.0,0,15,2,0,10,0,"{""process_exit"": 15, ""process_exec"": 15, ""process_kprobe"": 10}"
1776147397,normal,sw-wk2,0.22506970595739528,0.29916249346942414,100.84313660145965,100.84313660145965,4231.112740360582,27977.53857433265,0.0,0,0,0,0,0,0,{}
1776147408,normal,sw-wk3,0.22322222222218346,0.3515185978057265,723.2333333333333,409.56666666666666,6250.4,15042.0,0.0,0,116,4,0,0,0,"{""process_exit"": 64, ""process_exec"": 116}"
1776147408,normal,k3s-wk1,0.366666666666707,0.6256204401809309,218.79999999999998,208.6666666666667,64243.76666666666,10588.266666666666,0.0,0,54,3,0,48,0,"{""process_exit"": 55, ""process_exec"": 54, ""process_kprobe"": 48}"
1776147408,normal,sw-wk2,0.2250697059573954,0.29916249346942414,100.84313660145965,100.84313660145965,4231.112740360582,27977.53857433265,0.0,0,0,0,0,0,0,{}
1776147418,normal,sw-wk3,0.22322222222218346,0.3515185978057265,723.2333333333333,409.56666666666666,6250.4,15042.0,0.0,0,117,4,0,0,0,"{""process_exit"": 77, ""process_exec"": 117}"
1776147418,normal,k3s-wk1,0.366666666666707,0.6256204401809309,218.79999999999998,208.66666666666666,64243.76666666666,10588.266666666666,0.0,0,50,3,0,44,0,"{""process_exit"": 50, ""process_exec"": 50, ""process_kprobe"": 44}"
1776147418,normal,sw-wk2,0.14616529990892158,0.2844591408947844,105.94039602640177,100.87339155943731,2324.8883258883925,3748.416561104074,0.0,0,0,0,0,0,0,{}
1776147428,normal,sw-wk3,0.21933333333339144,0.35275940721485277,106.00000000000001,106.6,2593.8333333333335,59179.833333333336,0.0,0,85,4,0,0,0,"{""process_exit"": 35, ""process_exec"": 85}"
1776147428,normal,k3s-wk1,0.366666666666707,0.6256204401809309,218.79999999999998,208.66666666666666,64243.76666666666,10588.266666666666,0.0,0,88,3,0,78,0,"{""process_exit"": 88, ""process_exec"": 88, ""process_kprobe"": 78}"
1776147428,normal,sw-wk2,0.14616529990892158,0.2844591408947844,105.94039602640177,100.87339155943731,2324.8883258883925,3748.416561104074,0.0,0,2,2,0,0,0,"{""process_exec"": 2}"
1776147438,normal,sw-wk3,0.21933333333339144,0.35275940721485277,106.0,106.6,2593.8333333333335,59179.833333333336,0.0,0,118,4,0,0,0,"{""process_exit"": 77, ""process_exec"": 118}"
1776147438,normal,k3s-wk1,0.3672222222221738,0.6266420428440966,220.93333333333334,205.79999999999998,58704.5,5450.5,0.0,0,15,2,0,10,0,"{""process_exit"": 15, ""process_exec"": 15, ""process_kprobe"": 10}"
1776147438,normal,sw-wk2,0.14616529990892158,0.2844591408947844,105.94039602640177,100.87339155943731,2324.8883258883925,3748.416561104074,0.0,0,0,0,0,0,0,{}
1776147448,normal,sw-wk3,0.21933333333339144,0.35275940721485277,106.0,106.6,2593.8333333333335,59179.833333333336,0.0,0,117,4,0,0,0,"{""process_exit"": 69, ""process_exec"": 117}"
1776147448,normal,k3s-wk1,0.3672222222221738,0.6266420428440966,220.93333333333334,205.79999999999998,58704.5,5450.500000000001,0.0,0,33,3,0,28,0,"{""process_exit"": 33, ""process_exec"": 33, ""process_kprobe"": 28}"
1776147448,normal,sw-wk2,0.24844444444445102,0.29862571199204857,78.33333333333333,68.20000000000002,5458.266666666666,28031.46666666667,0.0,0,104,5,0,0,0,"{""process_exit"": 106, ""process_exec"": 104}"
1776147458,normal,sw-wk3,0.22588888888890823,0.3509085464531009,100.86666666666666,100.86666666666666,3768.0,58079.53333333335,0.0,0,116,4,0,0,0,"{""process_exit"": 64, ""process_exec"": 116}"
1776147458,normal,k3s-wk1,0.3672222222221738,0.6266420428440966,220.93333333333334,205.79999999999998,58704.5,5450.5,0.0,0,36,3,0,30,0,"{""process_exit"": 36, ""process_exec"": 36, ""process_kprobe"": 30}"
1776147458,normal,sw-wk2,0.24844444444445102,0.29862571199204857,78.33333333333333,68.2,5458.266666666666,28031.466666666667,0.0,0,0,0,0,0,0,{}
1776147468,normal,sw-wk3,0.22588888888890823,0.3509085464531009,100.86666666666666,100.86666666666666,3768.0,58079.53333333333,0.0,0,117,4,0,0,0,"{""process_exit"": 79, ""process_exec"": 117}"
1776147468,normal,k3s-wk1,0.3321111111111449,0.6340246742442115,223.86666666666667,208.66666666666666,81671.0,6998.266666666666,0.0,0,33,3,0,28,0,"{""process_exit"": 33, ""process_exec"": 33, ""process_kprobe"": 28}"
1776147468,normal,sw-wk2,0.24844444444445102,0.29862571199204857,78.33333333333333,68.2,5458.266666666666,28031.466666666667,0.0,0,0,0,0,0,0,{}
1776147478,normal,sw-wk3,0.22588888888890823,0.3509085464531009,100.86666666666666,100.86666666666666,3768.0,58079.53333333333,0.0,0,116,4,0,0,0,"{""process_exit"": 64, ""process_exec"": 116}"
1776147478,normal,k3s-wk1,0.332111111111145,0.6340246742442115,223.8666666666667,208.66666666666666,81671.0,6998.266666666666,0.0,0,12,2,0,8,0,"{""process_exit"": 12, ""process_exec"": 12, ""process_kprobe"": 8}"
1776147478,normal,sw-wk2,0.1251111111110529,0.2916905590172917,108.06666666666669,98.0,539.7,3572.3333333333335,0.0,0,0,0,0,0,0,{}
1776147488,normal,sw-wk3,0.2108888888888436,0.35621264829185617,102.93333333333334,87.8,2751.366666666667,55101.066666666666,0.0,0,116,4,0,0,0,"{""process_exit"": 64, ""process_exec"": 116}"
1776147488,normal,k3s-wk1,0.332111111111145,0.6340246742442115,223.86666666666667,208.66666666666666,81671.0,6998.266666666666,0.0,0,18,2,0,12,0,"{""process_exit"": 18, ""process_exec"": 18, ""process_kprobe"": 12}"
1776147488,normal,sw-wk2,0.1251111111110529,0.2916905590172917,108.06666666666666,98.0,539.7,3572.333333333334,0.0,0,2,2,0,0,0,"{""process_exec"": 2}"
1776147498,normal,sw-wk3,0.2108888888888436,0.35621264829185617,102.93333333333334,87.8,2751.366666666667,55101.066666666666,0.0,0,116,4,0,0,0,"{""process_exit"": 64, ""process_exec"": 116}"
1776147498,normal,k3s-wk1,0.3340000000000146,0.6302814317789545,215.93333333333337,205.79999999999998,67062.83333333333,6108.000000000001,0.0,0,42,3,0,34,0,"{""process_exit"": 42, ""process_exec"": 42, ""process_kprobe"": 34}"
1776147498,normal,sw-wk2,0.1251111111110529,0.2916905590172917,108.06666666666666,98.0,539.7,3572.3333333333335,0.0,0,0,0,0,0,0,{}
1776147508,normal,sw-wk3,0.2108888888888436,0.35621264829185617,102.93333333333334,87.8,2751.366666666667,55101.066666666666,0.0,0,126,4,0,0,0,"{""process_exit"": 66, ""process_exec"": 126}"
1776147508,normal,k3s-wk1,0.3340000000000146,0.6302814317789545,215.93333333333334,205.79999999999998,67062.83333333333,6108.0,0.0,0,54,3,0,48,0,"{""process_exit"": 54, ""process_exec"": 54, ""process_kprobe"": 48}"
1776147508,normal,sw-wk2,0.2217591820859971,0.2883663366336634,105.95099183197199,100.88348058009669,7275.0125020836795,28128.288048008,0.0,0,104,5,0,0,0,"{""process_exit"": 106, ""process_exec"": 104}"
1776147518,normal,sw-wk3,0.2191111111110432,0.3547631790206047,88.53333333333335,78.4,6406.7,64362.2,0.0,0,107,4,0,0,0,"{""process_exec"": 107, ""process_exit"": 79}"
1776147518,normal,k3s-wk1,0.3340000000000146,0.6302814317789545,215.93333333333334,205.79999999999998,67062.83333333333,6108.0,0.0,0,30,3,0,26,0,"{""process_exit"": 30, ""process_exec"": 30, ""process_kprobe"": 26}"
1776147518,normal,sw-wk2,0.2217591820859971,0.2883663366336634,105.95099183197199,100.88348058009669,7275.0125020836795,28128.288048008,0.0,0,0,0,0,0,0,{}
1776147528,normal,sw-wk3,0.2191111111110432,0.3547631790206047,88.53333333333333,78.4,6406.7,64362.2,0.0,0,145,4,0,0,0,"{""process_exit"": 80, ""process_exec"": 145}"
1776147528,normal,k3s-wk1,0.34922222222222554,0.6298964964108446,223.83333333333334,208.66666666666666,92717.66666666667,10935.166666666666,0.0,0,12,2,0,8,0,"{""process_exit"": 12, ""process_exec"": 12, ""process_kprobe"": 8}"
1776147528,normal,sw-wk2,0.2217591820859971,0.2883663366336634,105.95099183197199,100.88348058009667,7275.0125020836795,28128.288048008,0.0,0,0,0,0,0,0,{}
1776147538,normal,sw-wk3,0.2191111111110432,0.3547631790206047,88.53333333333333,78.4,6406.7,64362.2,0.0,0,100,4,0,0,0,"{""process_exit"": 64, ""process_exec"": 100}"
1776147538,normal,k3s-wk1,0.34922222222222554,0.6298964964108446,223.83333333333334,208.66666666666666,92717.66666666667,10935.166666666666,0.0,0,42,3,0,34,0,"{""process_exit"": 42, ""process_exec"": 42, ""process_kprobe"": 34}"
1776147538,normal,sw-wk2,0.1334488734835354,0.2855024402054105,122.65031329156113,113.91814424743367,730.6359152113051,3710.171977069724,0.0,0,0,0,0,0,0,{}
1776147548,normal,sw-wk3,0.23533333333341744,0.34488926691896993,147.4,119.93333333333334,5100.366666666667,47819.26666666666,0.0,0,1,1,0,0,0,"{""process_exit"": 3, ""process_exec"": 1}"
1776147548,normal,k3s-wk1,0.34922222222222554,0.6298964964108446,223.83333333333334,208.66666666666666,92717.66666666667,10935.166666666666,0.0,0,36,3,0,30,0,"{""process_exit"": 36, ""process_exec"": 36, ""process_kprobe"": 30}"
1776147548,normal,sw-wk2,0.1334488734835354,0.2855024402054105,122.65031329156113,113.91814424743367,730.6359152113051,3710.171977069724,0.0,0,2,2,0,0,0,"{""process_exec"": 2}"
1776147558,normal,sw-wk3,0.23533333333341744,0.34488926691896993,147.4,119.93333333333334,5100.366666666667,47819.26666666666,0.0,0,0,0,0,0,0,{}
1776147558,normal,k3s-wk1,0.39544444444444604,0.63046769082804,218.79999999999998,208.66666666666666,54262.833333333336,12669.733333333334,0.0,0,78,3,0,70,0,"{""process_exit"": 78, ""process_exec"": 78, ""process_kprobe"": 70}"
1776147558,normal,sw-wk2,0.1334488734835354,0.2855024402054105,122.65031329156113,113.91814424743367,730.6359152113051,3710.171977069724,0.0,0,104,5,0,0,0,"{""process_exit"": 106, ""process_exec"": 104}"
1776147568,normal,sw-wk3,0.23533333333341744,0.34488926691896993,147.4,119.93333333333334,5100.366666666667,47819.26666666666,0.0,0,0,0,0,0,0,{}
1776147568,normal,k3s-wk1,0.39544444444444604,0.63046769082804,218.79999999999998,208.66666666666666,54262.833333333336,12669.733333333334,0.0,0,39,3,0,32,0,"{""process_exit"": 39, ""process_exec"": 39, ""process_kprobe"": 32}"
1776147568,normal,sw-wk2,0.2549137250980782,0.28706818558303704,97.99673344221858,97.9967334422186,5822.905903136561,27958.86803773207,0.0,0,0,0,0,0,0,{}
1776147578,normal,sw-wk3,0.20366666666668598,0.3499002892567249,98.0,98.0,2907.6,5191.533333333333,0.0,0,0,0,0,0,0,{}
1776147578,normal,k3s-wk1,0.39544444444444604,0.63046769082804,218.79999999999998,208.66666666666666,54262.833333333336,12669.733333333334,0.0,0,39,3,0,32,0,"{""process_exit"": 39, ""process_exec"": 39, ""process_kprobe"": 32}"
1776147578,normal,sw-wk2,0.2549137250980782,0.28706818558303704,97.99673344221858,97.99673344221858,5822.905903136561,27958.86803773207,0.0,0,0,0,0,0,0,{}
1776147588,normal,sw-wk3,0.20366666666668598,0.3499002892567249,98.00000000000001,98.0,2907.6,5191.533333333333,0.0,0,1,1,0,0,0,"{""process_exit"": 3, ""process_exec"": 1}"
1776147588,normal,k3s-wk1,0.31199999999997896,0.630894393376854,225.46666666666667,211.80000000000004,9197.533333333333,1649.0333333333333,0.0,0,33,3,0,28,0,"{""process_exit"": 33, ""process_exec"": 33, ""process_kprobe"": 28}"
1776147588,normal,sw-wk2,0.2549137250980782,0.28706818558303704,97.99673344221858,97.99673344221858,5822.905903136561,27958.86803773207,0.0,0,0,0,0,0,0,{}
1776147598,normal,sw-wk3,0.20366666666668598,0.3499002892567249,98.0,98.0,2907.6,5191.533333333333,0.0,0,0,0,0,0,0,{}
1776147598,normal,k3s-wk1,0.31199999999997896,0.630894393376854,225.46666666666667,211.79999999999998,9197.533333333333,1649.0333333333333,0.0,0,63,3,0,54,0,"{""process_exit"": 63, ""process_exec"": 63, ""process_kprobe"": 54}"
1776147598,normal,sw-wk2,0.14972109251723353,0.287007658294787,120.54136942462831,106.87379158610575,606.5404360290687,3614.440962730849,0.0,0,0,0,0,0,0,{}
1776147608,normal,sw-wk3,0.18655555555548442,0.3425287026772176,100.86666666666666,100.86666666666666,2301.2,5716.0,0.0,0,0,0,0,0,0,{}
1776147608,normal,k3s-wk1,0.31199999999997896,0.630894393376854,225.46666666666667,211.79999999999998,9197.533333333333,1649.0333333333333,0.0,0,33,3,0,28,0,"{""process_exit"": 33, ""process_exec"": 33, ""process_kprobe"": 28}"
1776147608,normal,sw-wk2,0.14972109251723353,0.287007658294787,120.54136942462831,106.87379158610575,606.5404360290687,3614.440962730849,0.0,0,2,2,0,0,0,"{""process_exec"": 2}"
1776147618,normal,sw-wk3,0.18655555555548442,0.3425287026772176,100.86666666666666,100.86666666666666,2301.2,5716.0,0.0,0,0,0,0,0,0,{}
1776147618,normal,k3s-wk1,0.3516666666666828,0.6274536807610206,421.0333333333333,301.1,33149.8,9466.1,0.0,0,12,2,0,8,0,"{""process_exit"": 12, ""process_exec"": 12, ""process_kprobe"": 8}"
1776147618,normal,sw-wk2,0.14972109251723353,0.287007658294787,120.54136942462831,106.87379158610575,606.5404360290687,3614.440962730849,0.0,0,104,5,0,0,0,"{""process_exit"": 106, ""process_exec"": 104}"
1776147628,normal,sw-wk3,0.18655555555548442,0.3425287026772176,100.86666666666666,100.86666666666666,2301.2,5716.0,0.0,0,1,1,0,0,0,"{""process_exit"": 3, ""process_exec"": 1}"
1776147628,normal,k3s-wk1,0.3516666666666828,0.6274536807610206,421.0333333333333,301.1,33149.8,9466.1,0.0,0,12,2,0,8,0,"{""process_exit"": 12, ""process_exec"": 12, ""process_kprobe"": 8}"
1776147628,normal,sw-wk2,0.22991455840363462,0.28980784178803976,78.33072230925636,68.19772674244192,5365.821139295356,27923.03589880337,0.0,0,0,0,0,0,0,{}
1776147638,normal,sw-wk3,0.25222222222227075,0.35245358512685243,111.0,100.86666666666666,7931.9,6347.233333333334,0.0,0,1,1,0,0,0,"{""process_exec"": 1}"
1776147638,normal,k3s-wk1,0.3516666666666828,0.6274536807610206,421.0333333333333,301.1,33149.8,9466.1,0.0,0,36,3,0,30,0,"{""process_exit"": 36, ""process_exec"": 36, ""process_kprobe"": 30}"
1776147638,normal,sw-wk2,0.22991455840363484,0.28980784178803976,78.33072230925634,68.1977267424419,5365.821139295356,27923.03589880337,0.0,0,0,0,0,0,0,{}
1776147648,normal,sw-wk3,0.25222222222227075,0.35245358512685243,111.0,100.86666666666666,7931.9,6347.233333333334,0.0,0,0,0,0,0,0,{}
1776147648,normal,k3s-wk1,0.37277777777772925,0.6226843202617109,225.13333333333338,209.79999999999998,10089.133333333333,7502.5,0.0,0,113,3,0,103,0,"{""process_exit"": 113, ""process_exec"": 113, ""process_kprobe"": 103}"
1776147648,normal,sw-wk2,0.22991455840363484,0.28980784178803976,78.33072230925634,68.1977267424419,5365.821139295356,27923.03589880337,0.0,0,0,0,0,0,0,{}
1776147658,normal,sw-wk3,0.25222222222227075,0.35245358512685243,111.0,100.86666666666666,7931.9,6347.233333333334,0.0,0,0,0,0,0,0,{}
1776147658,normal,k3s-wk1,0.37277777777772925,0.6226843202617109,225.13333333333333,209.79999999999998,10089.133333333333,7502.5,0.0,0,67,3,0,59,0,"{""process_exit"": 67, ""process_exec"": 67, ""process_kprobe"": 59}"
1776147658,normal,sw-wk2,0.14444444444436355,0.28696465206366195,100.86666666666666,100.86666666666666,1430.8,3700.7666666666664,0.0,0,0,0,0,0,0,{}
1776147668,normal,sw-wk3,0.19466666666671195,0.3632624845496133,78.33333333333333,68.2,2457.3,5605.166666666667,0.0,0,1,1,0,0,0,"{""process_exit"": 9, ""process_exec"": 1}"
1776147668,normal,k3s-wk1,0.37277777777772925,0.6226843202617109,225.13333333333333,209.79999999999998,10089.133333333333,7502.5,0.0,0,33,3,0,28,0,"{""process_exit"": 33, ""process_exec"": 33, ""process_kprobe"": 28}"
1776147668,normal,sw-wk2,0.14444444444436355,0.28696465206366195,100.86666666666666,100.86666666666666,1430.8,3700.7666666666664,0.0,0,2,2,0,0,0,"{""process_exec"": 2}"
1776147678,normal,sw-wk3,0.19466666666671195,0.3632624845496133,78.33333333333333,68.2,2457.3,5605.166666666667,0.0,0,0,0,0,0,0,{}
1776147678,normal,k3s-wk1,0.34277777777784246,0.6220995797318547,225.86666666666667,210.66666666666666,11238.766666666666,5091.933333333333,0.0,0,57,3,0,50,0,"{""process_exit"": 57, ""process_exec"": 57, ""process_kprobe"": 50}"
1776147678,normal,sw-wk2,0.14444444444436355,0.28696465206366195,100.86666666666666,100.86666666666666,1430.8,3700.7666666666664,0.0,0,0,0,0,0,0,{}
1776147688,normal,sw-wk3,0.19466666666671195,0.3632624845496133,78.33333333333333,68.2,2457.3,5605.166666666667,0.0,0,1,1,0,0,0,"{""process_exit"": 7, ""process_exec"": 1}"
1776147688,normal,k3s-wk1,0.34277777777784246,0.6220995797318547,225.86666666666667,210.66666666666666,11238.766666666666,5091.933333333333,0.0,0,78,3,0,70,0,"{""process_exit"": 78, ""process_exec"": 78, ""process_kprobe"": 70}"
1776147688,normal,sw-wk2,0.22349621136377418,0.2889126750512889,97.99346710219318,97.99346710219318,5527.2981801213255,28032.897806812878,0.0,0,104,5,0,0,0,"{""process_exit"": 106, ""process_exec"": 104}"
1776147698,normal,sw-wk3,0.18666666666661813,0.3745603807484995,113.20000000000002,98.0,3009.0,7841.266666666666,0.0,0,0,0,0,0,0,{}
1776147698,normal,k3s-wk1,0.34277777777784246,0.6220995797318547,225.86666666666667,210.66666666666666,11238.766666666666,5091.933333333333,0.0,0,96,3,0,88,0,"{""process_exit"": 96, ""process_exec"": 96, ""process_kprobe"": 88}"
1776147698,normal,sw-wk2,0.22349621136377418,0.2889126750512889,97.99346710219318,97.99346710219318,5527.2981801213255,28032.897806812878,0.0,0,0,0,0,0,0,{}
1776147708,normal,sw-wk3,0.18666666666661813,0.3745603807484995,113.2,98.0,3009.0,7841.266666666666,0.0,0,0,0,0,0,0,{}
1776147708,normal,k3s-wk1,0.3489999999999983,0.6202866583207561,231.93333333333334,217.26666666666665,33924.833333333336,6536.633333333333,0.0,0,54,3,0,48,0,"{""process_exit"": 55, ""process_exec"": 54, ""process_kprobe"": 48}"
1776147708,normal,sw-wk2,0.22349621136377418,0.2889126750512889,97.99346710219318,97.99346710219318,5527.2981801213255,28032.897806812878,0.0,0,0,0,0,0,0,{}
1776147718,normal,sw-wk3,0.18666666666661813,0.3745603807484995,113.2,98.0,3009.0,7841.266666666666,0.0,0,0,0,0,0,0,{}
1776147718,normal,k3s-wk1,0.3489999999999983,0.6202866583207561,231.93333333333334,217.26666666666665,33924.833333333336,6536.633333333333,0.0,0,53,3,0,44,0,"{""process_exit"": 53, ""process_exec"": 53, ""process_kprobe"": 44}"
1776147718,normal,sw-wk2,0.13394226281749522,0.28214158288415714,100.87339155943731,100.87339155943731,527.2684845656378,3588.6392426161747,0.0,0,0,0,0,0,0,{}
1776147728,normal,sw-wk3,0.1875555555555264,0.3928380289766429,100.86666666666666,100.86666666666666,2252.6,5422.5666666666675,0.0,0,0,0,0,0,0,{}
1776147728,normal,k3s-wk1,0.3489999999999983,0.6202866583207561,231.93333333333334,217.26666666666665,33924.833333333336,6536.633333333333,0.0,0,25,2,0,20,0,"{""process_kprobe"": 20, ""process_exit"": 25, ""process_exec"": 25}"
1776147728,normal,sw-wk2,0.13394226281749522,0.28214158288415714,100.87339155943731,100.87339155943731,527.2684845656378,3588.6392426161747,0.0,0,2,2,0,0,0,"{""process_exec"": 2}"
1776147738,normal,sw-wk3,0.1875555555555264,0.3928380289766429,100.86666666666666,100.86666666666666,2252.6,5422.566666666667,0.0,0,1,1,0,0,0,"{""process_exit"": 7, ""process_exec"": 1}"
1776147738,normal,k3s-wk1,0.3525555555555103,0.6166111464188029,223.8666666666667,208.66666666666666,34261.666666666664,5818.033333333333,0.0,0,33,3,0,28,0,"{""process_exit"": 33, ""process_exec"": 33, ""process_kprobe"": 28}"
1776147738,normal,sw-wk2,0.13394226281749522,0.28214158288415714,100.87339155943731,100.87339155943731,527.2684845656378,3588.6392426161747,0.0,0,104,5,0,0,0,"{""process_exit"": 106, ""process_exec"": 104}"
1776147748,normal,sw-wk3,0.1875555555555264,0.3928380289766429,100.86666666666666,100.86666666666666,2252.6,5422.566666666667,0.0,0,0,0,0,0,0,"{""process_exit"": 1}"
1776147748,normal,k3s-wk1,0.3525555555555103,0.6166111464188029,223.86666666666667,208.66666666666666,34261.666666666664,5818.033333333333,0.0,0,18,2,0,12,0,"{""process_exit"": 18, ""process_exec"": 18, ""process_kprobe"": 12}"
1776147748,normal,sw-wk2,0.2503083436114407,0.2817194846897817,111.00370012333745,100.87002900096671,6333.3444448148275,27986.199539984667,0.0,0,0,0,0,0,0,{}
1776147758,normal,sw-wk3,0.2288888888888727,0.3423407495189673,100.86666666666666,100.86666666666666,7119.233333333334,6743.366666666667,0.0,0,0,0,0,0,0,{}
1776147758,normal,k3s-wk1,0.3525555555555103,0.6166111464188029,223.86666666666667,208.66666666666666,34261.666666666664,5818.033333333333,0.0,0,12,2,0,8,0,"{""process_exit"": 12, ""process_exec"": 12, ""process_kprobe"": 8}"
1776147758,normal,sw-wk2,0.25030834361144083,0.2817194846897817,111.00370012333745,100.87002900096671,6333.3444448148275,27986.199539984667,0.0,0,0,0,0,0,0,{}
1776147768,normal,sw-wk3,0.2288888888888727,0.3423407495189673,100.86666666666666,100.86666666666666,7119.233333333334,6743.366666666667,0.0,0,0,0,0,0,0,{}
1776147768,normal,k3s-wk1,0.3482222222222239,0.6186837016558994,221.0,205.80000000000004,9369.533333333333,10426.366666666667,0.0,0,36,3,0,30,0,"{""process_exit"": 36, ""process_exec"": 36, ""process_kprobe"": 30}"
1776147768,normal,sw-wk2,0.2503083436114407,0.2817194846897817,111.00370012333745,100.87002900096671,6333.3444448148275,27986.199539984667,0.0,0,0,0,0,0,0,{}
1776147778,normal,sw-wk3,0.2288888888888727,0.3423407495189673,100.86666666666666,100.86666666666666,7119.233333333334,6743.366666666667,0.0,0,1,1,0,0,0,"{""process_exit"": 5, ""process_exec"": 1}"
1776147778,normal,k3s-wk1,0.3482222222222239,0.6186837016558994,221.0,205.79999999999998,9369.533333333333,10426.366666666667,0.0,0,54,3,0,48,0,"{""process_exit"": 54, ""process_exec"": 54, ""process_kprobe"": 48}"
1776147778,normal,sw-wk2,0.13483545541413522,0.2958159715585458,75.39497366842213,65.32897806812879,532.2645156989533,3565.362309179388,0.0,0,0,0,0,0,0,{}
1776147788,normal,sw-wk3,0.18052639180524122,0.3458640748244709,108.12252108122522,97.99020097990201,2302.8697130286973,5920.50794920508,0.0,0,0,0,0,0,0,{}
1776147788,normal,k3s-wk1,0.3482222222222239,0.6186837016558994,221.0,205.79999999999998,9369.533333333333,10426.366666666667,0.0,0,60,3,0,52,0,"{""process_exit"": 60, ""process_exec"": 60, ""process_kprobe"": 52}"
1776147788,normal,sw-wk2,0.13483545541413522,0.2958159715585458,75.3949736684221,65.32897806812879,532.2645156989533,3565.362309179388,0.0,0,2,2,0,0,0,"{""process_exec"": 2}"
1776147798,normal,sw-wk3,0.18052639180524122,0.3458640748244709,108.12252108122522,97.99020097990201,2302.8697130286973,5920.50794920508,0.0,0,1,1,0,0,0,"{""process_exit"": 13, ""process_exec"": 1}"
1776147798,normal,k3s-wk1,0.33600000000001773,0.6220499106520986,223.86666666666667,208.66666666666666,35698.46666666667,7070.233333333334,0.0,0,15,2,0,10,0,"{""process_exit"": 15, ""process_exec"": 15, ""process_kprobe"": 10}"
1776147798,normal,sw-wk2,0.13483545541413522,0.2958159715585458,75.3949736684221,65.32897806812879,532.2645156989533,3565.362309179388,0.0,0,104,5,0,0,0,"{""process_exit"": 106, ""process_exec"": 104}"
1776147808,normal,sw-wk3,0.18052639180524122,0.3458640748244709,108.12252108122522,97.99020097990201,2302.8697130286973,5920.50794920508,0.0,0,0,0,0,0,0,{}
1776147808,normal,k3s-wk1,0.33600000000001773,0.6220499106520986,223.86666666666667,208.66666666666666,35698.46666666667,7070.233333333334,0.0,0,30,3,0,26,0,"{""process_exit"": 30, ""process_exec"": 30, ""process_kprobe"": 26}"
1776147808,normal,sw-wk2,0.23742846029890952,0.2894000790040394,105.35089181530255,106.88448074679113,5877.646274379063,28018.169694949156,0.0,0,0,0,0,0,0,{}
1776147818,normal,sw-wk3,0.1638052694158305,0.34873115689947376,78.34116745007833,68.2068206820682,4165.683234990165,7079.441277461079,0.0,0,0,0,0,0,0,{}
1776147818,normal,k3s-wk1,0.33600000000001773,0.6220499106520986,223.86666666666667,208.66666666666666,35698.46666666667,7070.233333333334,0.0,0,36,3,0,30,0,"{""process_exit"": 36, ""process_exec"": 36, ""process_kprobe"": 30}"
1776147818,normal,sw-wk2,0.23742846029890963,0.2894000790040394,105.35089181530255,106.88448074679114,5877.646274379063,28018.169694949156,0.0,0,0,0,0,0,0,{}
1776147829,normal,sw-wk3,0.1638052694158305,0.34873115689947376,78.34116745007833,68.2068206820682,4165.683234990165,7079.441277461079,0.0,0,1,1,0,0,0,"{""process_exit"": 3, ""process_exec"": 1}"
1776147829,normal,k3s-wk1,0.31688888888889377,0.6194908242019364,223.86666666666667,208.66666666666666,9070.333333333334,7139.9000000000015,0.0,0,36,3,0,30,0,"{""process_exit"": 36, ""process_exec"": 36, ""process_kprobe"": 30}"
1776147829,normal,sw-wk2,0.23742846029890963,0.2894000790040394,105.35089181530255,106.88448074679113,5877.646274379063,28018.169694949156,0.0,0,0,0,0,0,0,{}
1776147838,normal,sw-wk3,0.1638052694158305,0.34873115689947376,78.34116745007833,68.2068206820682,4165.683234990165,7079.441277461079,0.0,0,0,0,0,0,0,{}
1776147838,normal,k3s-wk1,0.31688888888889377,0.6194908242019364,223.86666666666667,208.66666666666666,9070.333333333334,7139.9,0.0,0,36,3,0,30,0,"{""process_exit"": 36, ""process_exec"": 36, ""process_kprobe"": 30}"
1776147838,normal,sw-wk2,0.12442089124423472,0.2924423716502924,105.92274105922742,100.8565810085658,1919.0747591907477,3860.8472486084725,0.0,0,0,0,0,0,0,{}
1776147848,normal,sw-wk3,0.16888888888893738,0.3481736687182232,116.06666666666666,100.86666666666666,2227.5,5688.233333333334,0.0,0,0,0,0,0,0,{}
1776147848,normal,k3s-wk1,0.31688888888889377,0.6194908242019364,223.86666666666667,208.66666666666666,9070.333333333334,7139.9,0.0,0,36,3,0,30,0,"{""process_exit"": 36, ""process_exec"": 36, ""process_kprobe"": 30}"
1776147848,normal,sw-wk2,0.12442089124423472,0.2924423716502924,105.92274105922742,100.85658100856581,1919.0747591907477,3860.8472486084725,0.0,0,2,2,0,0,0,"{""process_exec"": 2}"
1776147858,normal,sw-wk3,0.16888888888893738,0.3481736687182232,116.06666666666666,100.86666666666666,2227.5,5688.233333333334,0.0,0,0,0,0,0,0,{}
1776147858,normal,k3s-wk1,0.3505555555555475,0.6272437160147788,210.86666666666667,205.79999999999998,9913.4,4589.333333333333,0.0,0,33,3,0,28,0,"{""process_exit"": 33, ""process_exec"": 33, ""process_kprobe"": 28}"
1776147858,normal,sw-wk2,0.12442089124423472,0.2924423716502924,105.92274105922742,100.85658100856581,1919.0747591907477,3860.8472486084725,0.0,0,104,5,0,0,0,"{""process_exit"": 106, ""process_exec"": 104}"
1776147868,normal,sw-wk3,0.16888888888893738,0.3481736687182232,116.06666666666666,100.86666666666666,2227.5,5688.233333333334,0.0,0,7,6,0,2,1,"{""process_exec"": 7, ""process_exit"": 7, ""process_kprobe"": 2}"
1776147868,normal,k3s-wk1,0.3505555555555475,0.6272437160147788,210.86666666666667,205.79999999999998,9913.4,4589.333333333333,0.0,0,36,3,0,30,0,"{""process_exit"": 36, ""process_exec"": 36, ""process_kprobe"": 30}"
1776147868,normal,sw-wk2,0.23588888888892434,0.29220026249729225,100.86666666666666,100.86666666666666,5657.433333333333,27882.2,0.0,0,0,0,0,0,0,{}
1776147878,normal,sw-wk3,0.2481111111111306,0.351004115855601,128.93333333333334,135.56666666666666,6414.866666666667,9589.233333333334,0.0,0,7,5,0,3,2,"{""process_exit"": 13, ""process_exec"": 7, ""process_kprobe"": 3}"
1776147878,normal,k3s-wk1,0.3505555555555475,0.6272437160147788,210.86666666666667,205.79999999999998,9913.4,4589.333333333333,0.0,0,18,2,0,12,0,"{""process_exit"": 18, ""process_exec"": 18, ""process_kprobe"": 12}"
1776147878,normal,sw-wk2,0.23588888888892445,0.29220026249729225,100.86666666666666,100.86666666666669,5657.433333333333,27882.2,0.0,0,0,0,0,0,0,{}
1776147888,normal,sw-wk3,0.2481111111111306,0.351004115855601,128.93333333333334,135.56666666666666,6414.866666666667,9589.233333333334,0.0,0,6,5,0,3,2,"{""process_exit"": 8, ""process_exec"": 6, ""process_kprobe"": 3}"
1776147888,normal,k3s-wk1,0.3631111111111144,0.6299360059061051,223.79999999999998,208.66666666666666,38937.333333333336,10284.933333333332,0.0,0,13,2,0,8,0,"{""process_exit"": 13, ""process_exec"": 13, ""process_kprobe"": 8}"
1776147888,normal,sw-wk2,0.23588888888892445,0.29220026249729225,100.86666666666666,100.86666666666666,5657.433333333333,27882.2,0.0,0,0,0,0,0,0,{}
1776147898,normal,sw-wk3,0.2481111111111306,0.351004115855601,128.93333333333334,135.56666666666666,6414.866666666667,9589.233333333334,0.0,0,1,1,0,0,0,"{""process_exit"": 3, ""process_exec"": 1}"
1776147898,normal,k3s-wk1,0.3631111111111144,0.6299360059061051,223.79999999999998,208.66666666666666,38937.333333333336,10284.933333333332,0.0,0,17,2,0,12,0,"{""process_kprobe"": 12, ""process_exit"": 17, ""process_exec"": 17}"
1776147898,normal,sw-wk2,0.13286449132861256,0.2903175452680403,97.99020097990201,97.99020097990201,625.3374662533747,3629.6370362963703,0.0,0,0,0,0,0,0,{}
1776147908,normal,sw-wk3,0.18655555555548442,0.3497425997425997,131.0,142.56666666666666,2332.8333333333335,10134.166666666666,0.0,0,6,5,0,3,2,"{""process_exit"": 8, ""process_exec"": 6, ""process_kprobe"": 3}"
1776147908,normal,k3s-wk1,0.3631111111111144,0.6299360059061051,223.79999999999998,208.66666666666666,38937.333333333336,10284.933333333332,0.0,0,36,3,0,30,0,"{""process_exit"": 36, ""process_exec"": 36, ""process_kprobe"": 30}"
1776147908,normal,sw-wk2,0.13286449132861256,0.2903175452680403,97.99020097990201,97.99020097990201,625.3374662533747,3629.63703629637,0.0,0,2,2,0,0,0,"{""process_exec"": 2}"
1776147918,normal,sw-wk3,0.18655555555548442,0.3497425997425997,131.0,142.56666666666666,2332.8333333333335,10134.166666666666,0.0,0,4,3,0,2,2,"{""process_exit"": 6, ""process_exec"": 4, ""process_kprobe"": 2}"
1776147918,normal,k3s-wk1,0.33777777777775353,0.6329093776351422,223.86666666666667,208.66666666666666,37465.6,9542.233333333335,0.0,0,12,2,0,8,0,"{""process_exit"": 12, ""process_exec"": 12, ""process_kprobe"": 8}"
1776147918,normal,sw-wk2,0.13286449132861256,0.2903175452680403,97.99020097990201,97.99020097990201,625.3374662533747,3629.6370362963703,0.0,0,104,5,0,0,0,"{""process_exit"": 106, ""process_exec"": 104}"
1776147928,normal,sw-wk3,0.18655555555548442,0.3497425997425997,131.0,142.56666666666666,2332.8333333333335,10134.166666666666,0.0,0,6,5,0,3,2,"{""process_exit"": 8, ""process_exec"": 6, ""process_kprobe"": 3}"
1776147928,normal,k3s-wk1,0.33777777777775353,0.6329093776351422,223.86666666666667,208.66666666666666,37465.6,9542.233333333334,0.0,0,15,2,0,10,0,"{""process_exit"": 15, ""process_exec"": 15, ""process_kprobe"": 10}"
1776147928,normal,sw-wk2,0.2515306065757682,0.2915790613810416,111.00370012333745,100.87002900096671,5522.750758358612,28052.501750058338,0.0,0,0,0,0,0,0,{}
1776147938,normal,sw-wk3,0.18177777777778426,0.34789651745097294,143.33333333333334,146.5,4718.533333333333,11674.366666666667,0.0,0,3,2,0,1,0,"{""process_exit"": 15, ""process_exec"": 3, ""process_kprobe"": 1}"
1776147938,normal,k3s-wk1,0.33777777777775353,0.6329093776351422,223.86666666666667,208.66666666666666,37465.6,9542.233333333334,0.0,0,47,3,0,38,0,"{""process_exit"": 47, ""process_exec"": 47, ""process_kprobe"": 38}"
1776147938,normal,sw-wk2,0.2515306065757682,0.2915790613810416,111.00370012333745,100.87002900096671,5522.750758358612,28052.501750058338,0.0,0,0,0,0,0,0,{}
1776147948,normal,sw-wk3,0.18177777777778426,0.34789651745097294,143.33333333333334,146.5,4718.533333333333,11674.366666666667,0.0,0,6,5,0,3,2,"{""process_exit"": 8, ""process_exec"": 6, ""process_kprobe"": 3}"
1776147948,normal,k3s-wk1,0.3056666666667298,0.6324205887366331,221.0,205.79999999999998,15164.1,3986.233333333333,0.0,0,46,3,0,42,0,"{""process_kprobe"": 42, ""process_exit"": 46, ""process_exec"": 46}"
1776147948,normal,sw-wk2,0.2515306065757682,0.2915790613810416,111.00370012333745,100.87002900096671,5522.750758358612,28052.501750058338,0.0,0,0,0,0,0,0,{}
1776147958,normal,sw-wk3,0.18177777777778426,0.34789651745097294,143.33333333333334,146.5,4718.533333333333,11674.366666666667,0.0,0,7,5,0,3,2,"{""process_exit"": 19, ""process_exec"": 7, ""process_kprobe"": 3}"
1776147958,normal,k3s-wk1,0.3056666666667298,0.6324205887366331,221.0,205.79999999999998,15164.1,3986.233333333333,0.0,0,36,3,0,30,0,"{""process_exit"": 36, ""process_exec"": 36, ""process_kprobe"": 30}"
1776147958,normal,sw-wk2,0.12263742124738453,0.2897250149725398,68.20227340911364,68.20227340911364,911.0970365678855,3633.021100703357,0.0,0,0,0,0,0,0,{}
1776147968,normal,sw-wk3,0.17500000000008087,0.3517638926054768,113.33333333333333,107.83333333333336,2315.9666666666667,10884.966666666667,0.0,0,0,0,0,0,0,{}
1776147968,normal,k3s-wk1,0.3056666666667298,0.6324205887366331,221.0,205.79999999999998,15164.1,3986.233333333333,0.0,0,18,2,0,12,0,"{""process_exit"": 18, ""process_exec"": 18, ""process_kprobe"": 12}"
1776147968,normal,sw-wk2,0.12263742124738453,0.2897250149725398,68.20227340911363,68.20227340911364,911.0970365678857,3633.0211007033563,0.0,0,106,7,0,0,0,"{""process_exec"": 106, ""process_exit"": 106}"
1776147978,normal,sw-wk3,0.17500000000008087,0.3517638926054768,113.33333333333333,107.83333333333333,2315.9666666666667,10884.966666666667,0.0,0,7,5,0,3,2,"{""process_exit"": 11, ""process_exec"": 7, ""process_kprobe"": 3}"
1776147978,normal,k3s-wk1,0.3537777777777794,0.6277268606996793,223.86666666666667,208.66666666666666,40199.23333333333,9520.1,0.0,0,57,3,0,50,0,"{""process_exit"": 57, ""process_exec"": 57, ""process_kprobe"": 50}"
1776147978,normal,sw-wk2,0.12263742124738453,0.2897250149725398,68.20227340911364,68.20227340911364,911.0970365678857,3633.021100703357,0.0,0,0,0,0,0,0,{}
1776147988,normal,sw-wk3,0.17500000000008087,0.3517638926054768,113.33333333333333,107.83333333333333,2315.9666666666667,10884.966666666667,0.0,0,5,4,0,3,2,"{""process_exit"": 7, ""process_exec"": 5, ""process_kprobe"": 3}"
1776147988,normal,k3s-wk1,0.3537777777777794,0.6277268606996793,223.86666666666667,208.66666666666666,40199.23333333333,9520.1,0.0,0,36,3,0,30,0,"{""process_exit"": 36, ""process_exec"": 36, ""process_kprobe"": 30}"
1776147988,normal,sw-wk2,0.23102563247884633,0.29322922639754323,97.99673344221858,97.99673344221858,5254.158194726841,27753.708209726337,0.0,0,0,0,0,0,0,{}
1776147998,normal,sw-wk3,0.18666666666669895,0.3475843240694726,151.06666666666666,155.3,4768.1,11875.133333333333,0.0,0,8,5,0,3,2,"{""process_exit"": 38, ""process_exec"": 8, ""process_kprobe"": 3}"
1776147998,normal,k3s-wk1,0.3537777777777794,0.6277268606996793,223.86666666666667,208.66666666666666,40199.23333333333,9520.1,0.0,0,39,3,0,32,0,"{""process_exit"": 39, ""process_exec"": 39, ""process_kprobe"": 32}"
1776147998,normal,sw-wk2,0.23102563247884622,0.29322922639754323,97.99673344221858,97.99673344221858,5254.158194726841,27753.708209726337,0.0,0,0,0,0,0,0,{}
1776148008,normal,sw-wk3,0.18666666666669895,0.3475843240694726,151.06666666666666,155.3,4768.1,11875.133333333333,0.0,0,3,3,0,1,1,"{""process_exit"": 5, ""process_exec"": 3, ""process_kprobe"": 1}"
1776148008,normal,k3s-wk1,0.3387777777777551,0.6294968860873521,210.86666666666667,205.79999999999998,17155.933333333334,3755.233333333333,0.0,0,33,3,0,28,0,"{""process_exit"": 34, ""process_exec"": 33, ""process_kprobe"": 28}"
1776148008,normal,sw-wk2,0.23102563247884633,0.29322922639754323,97.99673344221858,97.99673344221858,5254.158194726841,27753.708209726337,0.0,0,0,0,0,0,0,{}
1776148018,normal,sw-wk3,0.18666666666669895,0.3475843240694726,151.06666666666666,155.3,4768.1,11875.133333333333,0.0,0,3,3,0,2,1,"{""process_exit"": 5, ""process_exec"": 3, ""process_kprobe"": 2}"
1776148018,normal,k3s-wk1,0.3387777777777551,0.6294968860873521,210.86666666666667,205.79999999999998,17155.933333333334,3755.233333333333,0.0,0,39,3,0,32,0,"{""process_exit"": 39, ""process_exec"": 39, ""process_kprobe"": 32}"
1776148018,normal,sw-wk2,0.13507806856704496,0.2897903207309148,111.01850308384729,100.88348058009669,840.1733622270377,3612.768794799133,0.0,0,0,0,0,0,0,{}
1776148028,normal,sw-wk3,0.21033333333325566,0.3516667303796017,130.2,117.66666666666667,4764.766666666666,11922.333333333336,0.0,0,0,0,0,0,0,{}
1776148028,normal,k3s-wk1,0.3387777777777551,0.6294968860873521,210.86666666666667,205.79999999999998,17155.933333333334,3755.233333333333,0.0,0,30,3,0,26,0,"{""process_exit"": 30, ""process_exec"": 30, ""process_kprobe"": 26}"
1776148028,normal,sw-wk2,0.13507806856704496,0.2897903207309148,111.01850308384729,100.88348058009667,840.1733622270377,3612.768794799133,0.0,0,2,2,0,0,0,"{""process_exec"": 2}"
1776148039,normal,sw-wk3,0.21033333333325566,0.3516667303796017,130.2,117.66666666666667,4764.766666666666,11922.333333333334,0.0,0,1,1,0,0,0,"{""process_exit"": 5, ""process_exec"": 1}"
1776148039,normal,k3s-wk1,0.3670000000000275,0.6300477613355564,213.73333333333332,208.66666666666666,11724.866666666667,7458.933333333333,0.0,0,75,3,0,68,0,"{""process_exit"": 75, ""process_exec"": 75, ""process_kprobe"": 68}"
1776148039,normal,sw-wk2,0.13507806856704496,0.2897903207309148,111.01850308384729,100.88348058009667,840.1733622270377,3612.768794799133,0.0,0,49,3,0,0,0,"{""process_exit"": 49, ""process_exec"": 49}"
1776148048,normal,sw-wk3,0.21033333333325566,0.3516667303796017,130.2,117.66666666666667,4764.766666666666,11922.333333333334,0.0,0,0,0,0,0,0,{}
1776148048,normal,k3s-wk1,0.3670000000000275,0.6300477613355564,213.73333333333332,208.66666666666666,11724.866666666667,7458.933333333333,0.0,0,12,2,0,8,0,"{""process_exit"": 12, ""process_exec"": 12, ""process_kprobe"": 8}"
1776148048,normal,sw-wk2,0.24043460871880828,0.28458019547128455,105.31929076123184,106.85241967737635,5908.845487268364,15517.197706972403,0.0,0,0,0,0,0,0,{}
1776148058,normal,sw-wk3,0.17822222222215112,0.3446837927035947,111.93333333333334,100.86666666666666,3145.866666666667,6115.1,0.0,0,0,0,0,0,0,{}
1776148058,normal,k3s-wk1,0.3670000000000275,0.6300477613355564,213.73333333333332,208.66666666666666,11724.866666666667,7458.933333333333,0.0,0,12,2,0,8,0,"{""process_exit"": 12, ""process_exec"": 12, ""process_kprobe"": 8}"
1776148058,normal,sw-wk2,0.24043460871880828,0.28458019547128455,105.31929076123184,106.85241967737635,5908.845487268364,15517.197706972403,0.0,0,0,0,0,0,0,{}
1776148068,normal,sw-wk3,0.17822222222215112,0.3446837927035947,111.93333333333334,100.86666666666666,3145.866666666667,6115.1,0.0,0,0,0,0,0,0,{}
1776148068,normal,k3s-wk1,0.34011111111107717,0.625640759349922,233.46666666666667,219.66666666666666,21095.2,6880.933333333333,0.0,0,36,3,0,30,0,"{""process_exit"": 36, ""process_exec"": 36, ""process_kprobe"": 30}"
1776148068,normal,sw-wk2,0.24043460871880828,0.28458019547128455,105.31929076123184,106.85241967737635,5908.845487268364,15517.197706972403,0.0,0,0,0,0,0,0,{}
1776148078,normal,sw-wk3,0.17822222222215112,0.3446837927035947,111.93333333333334,100.86666666666666,3145.866666666667,6115.1,0.0,0,0,0,0,0,0,{}
1776148078,normal,k3s-wk1,0.34011111111107717,0.625640759349922,233.46666666666667,219.66666666666666,21095.2,6880.933333333333,0.0,0,39,3,0,32,0,"{""process_exit"": 39, ""process_exec"": 39, ""process_kprobe"": 32}"
1776148078,normal,sw-wk2,0.12974876940342772,0.29257616881379256,103.07010233674457,98.0032667755592,615.0871695723191,3616.0538684622825,0.0,0,0,0,0,0,0,{}
1776148088,normal,sw-wk3,0.191888888889015,0.3500866495916001,100.86666666666666,100.86666666666666,2460.8000000000006,6764.266666666666,0.0,0,1,1,0,0,0,"{""process_exit"": 11, ""process_exec"": 1}"
1776148088,normal,k3s-wk1,0.34011111111107717,0.625640759349922,233.46666666666667,219.66666666666666,21095.2,6880.933333333333,0.0,0,12,2,0,8,0,"{""process_exit"": 12, ""process_exec"": 12, ""process_kprobe"": 8}"
1776148088,normal,sw-wk2,0.12974876940342772,0.29257616881379256,103.07010233674457,98.00326677555917,615.0871695723191,3616.0538684622825,0.0,0,2,2,0,0,0,"{""process_exec"": 2}"
1776148098,normal,sw-wk3,0.191888888889015,0.3500866495916001,100.86666666666666,100.86666666666666,2460.8,6764.266666666666,0.0,0,0,0,0,0,0,{}
1776148098,normal,k3s-wk1,0.3260000000000016,0.6257028456996172,221.0,205.79999999999998,10990.633333333333,5009.900000000001,0.0,0,12,2,0,8,0,"{""process_exit"": 12, ""process_exec"": 12, ""process_kprobe"": 8}"
1776148098,normal,sw-wk2,0.12974876940342772,0.29257616881379256,103.07010233674457,98.0032667755592,615.0871695723191,3616.0538684622825,0.0,0,0,0,0,0,0,{}
