timestamp,label,node,avg_cpu,avg_mem,net_bytes_in,net_bytes_out,net_internal_bytes_in,net_internal_bytes_out,last_successful_scrape_age_sec,exec_count,unique_process_count,tmp_exec_count,outbound_connect_count,mining_port_count,syscall_feature_vector
1774213037,normal,sw-wk3,0.07977777777778094,0.38044732527972747,0.0,0.0,1863.2,4846.166666666667,0,0,0,0,0,0,{}
1774213037,normal,sw-wk2,0.11300000000000088,0.40771261621348465,0.0,0.0,317.5,3902.4,0,0,0,0,0,0,{}
1774213037,normal,k3s-wk1,0.2786185745716171,0.7075174493888766,0.0,0.0,9426.361757450497,8746.04973664911,0,0,0,0,0,0,{}
1774213047,normal,sw-wk3,0.07977777777778094,0.38044732527972747,0.0,0.0,1863.2,4846.166666666667,0,0,0,0,0,0,{}
1774213047,normal,sw-wk2,0.15155555555556932,0.40490936691131263,0.0,0.0,5195.3,4591.633333333333,0,0,0,0,0,0,{}
1774213047,normal,k3s-wk1,0.2786185745716171,0.7075174493888766,0.0,0.0,9426.361757450497,8746.04973664911,0,32,3,0,30,0,"{""process_exit"": 33, ""process_exec"": 32, ""process_kprobe"": 30}"
1774213057,normal,sw-wk3,0.08800000000000086,0.3802085820242245,0.0,0.0,2942.4333333333334,5094.866666666668,0,0,0,0,0,0,{}
1774213057,normal,sw-wk2,0.15155555555556932,0.40490936691131263,0.0,0.0,5195.3,4591.633333333333,0,1,1,0,0,0,"{""process_exit"": 1, ""process_exec"": 1}"
1774213057,normal,k3s-wk1,0.2786185745716171,0.7075174493888766,0.0,0.0,9426.361757450497,8746.04973664911,0,97,3,0,90,0,"{""process_exec"": 97, ""process_exit"": 96, ""process_kprobe"": 90}"
1774213067,normal,sw-wk3,0.08800000000000086,0.3802085820242245,0.0,0.0,2942.4333333333334,5094.866666666667,0,1,1,0,0,0,"{""process_exit"": 1, ""process_exec"": 1}"
1774213067,normal,sw-wk2,0.15155555555556932,0.40490936691131263,0.0,0.0,5195.3,4591.633333333333,0,0,0,0,0,0,{}
1774213067,normal,k3s-wk1,0.30144444444449625,0.7418845866363474,279.33333333333337,142.4,9622.933333333332,1764.1,0,39,3,0,33,0,"{""process_exit"": 39, ""process_exec"": 39, ""process_kprobe"": 33}"
1774213077,normal,sw-wk3,0.08800000000000086,0.3802085820242245,0.0,0.0,2942.4333333333334,5094.866666666667,0,0,0,0,0,0,{}
1774213077,normal,sw-wk2,0.09439370708617167,0.4056972212219302,0.0,0.0,443.53709752683153,4230.817945470302,0,0,0,0,0,0,{}
1774213077,normal,k3s-wk1,0.30144444444449625,0.7418845866363474,279.3333333333333,142.4,9622.933333333332,1764.1,0,30,3,0,29,0,"{""process_kprobe"": 29, ""process_exit"": 30, ""process_exec"": 30}"
1774213087,normal,sw-wk3,0.08477777777776885,0.38003151410972635,0.0,0.0,2140.6,5242.166666666668,0,0,0,0,0,0,{}
1774213087,normal,sw-wk2,0.09439370708617167,0.4056972212219302,0.0,0.0,443.53709752683153,4230.817945470302,0,2,2,0,0,0,"{""process_exec"": 2}"
1774213087,normal,k3s-wk1,0.30144444444449625,0.7418845866363474,279.3333333333333,142.4,9622.933333333332,1764.1,0,39,3,0,36,0,"{""process_exit"": 39, ""process_exec"": 39, ""process_kprobe"": 36}"
1774213097,normal,sw-wk3,0.08477777777776885,0.38003151410972635,0.0,0.0,2140.6000000000004,5242.166666666667,0,0,0,0,0,0,{}
1774213097,normal,sw-wk2,0.09439370708617167,0.4056972212219302,0.0,0.0,443.53709752683153,4230.817945470302,0,104,5,0,0,0,"{""process_exit"": 106, ""process_exec"": 104}"
1774213097,normal,k3s-wk1,0.28566666666661655,0.743655844360926,279.3333333333333,142.4,32690.3,9300.966666666667,0,39,3,0,36,0,"{""process_exit"": 39, ""process_exec"": 39, ""process_kprobe"": 36}"
1774213107,normal,sw-wk3,0.08477777777776885,0.38003151410972635,0.0,0.0,2140.6,5242.166666666667,0,0,0,0,0,0,{}
1774213107,normal,sw-wk2,0.1681667666733474,0.4032421398600564,0.0,0.0,5930.195346356424,28008.0338689246,0,1,1,0,0,0,"{""process_exit"": 1, ""process_exec"": 1}"
1774213107,normal,k3s-wk1,0.28566666666661655,0.743655844360926,279.3333333333333,142.4,32690.3,9300.966666666669,0,18,2,0,14,0,"{""process_exit"": 18, ""process_exec"": 18, ""process_kprobe"": 14}"
1774213117,normal,sw-wk3,0.08744444444445332,0.38010711614063575,0.0,0.0,3337.1,5179.566666666667,0,1,1,0,0,0,"{""process_exit"": 1, ""process_exec"": 1}"
1774213117,normal,sw-wk2,0.1681667666733474,0.4032421398600564,0.0,0.0,5930.195346356424,28008.0338689246,0,0,0,0,0,0,{}
1774213117,normal,k3s-wk1,0.28566666666661655,0.743655844360926,279.3333333333333,142.4,32690.3,9300.966666666667,0,16,2,0,13,0,"{""process_exit"": 17, ""process_exec"": 16, ""process_kprobe"": 13}"
1774213127,normal,sw-wk3,0.08744444444445332,0.38010711614063575,0.0,0.0,3337.1,5179.566666666667,0,0,0,0,0,0,{}
1774213127,normal,sw-wk2,0.1681667666733474,0.4032421398600564,0.0,0.0,5930.195346356424,28008.0338689246,0,1,1,0,0,0,"{""process_exit"": 1, ""process_exec"": 1}"
1774213127,normal,k3s-wk1,0.24877777777781185,0.7438269168008927,279.3333333333333,142.4,9628.2,2396.5666666666666,0,23,2,0,15,0,"{""process_exec"": 23, ""process_kprobe"": 15, ""process_exit"": 22}"
1774213137,normal,sw-wk3,0.08744444444445332,0.38010711614063575,0.0,0.0,3337.1,5179.566666666667,0,0,0,0,0,0,{}
1774213137,normal,sw-wk2,0.11272581827877504,0.40513418392419087,0.0,0.0,391.073928404773,4185.520965268982,0,0,0,0,0,0,{}
1774213137,normal,k3s-wk1,0.24877777777781185,0.7438269168008927,279.3333333333333,142.4,9628.2,2396.5666666666666,0,15,2,0,12,0,"{""process_exit"": 15, ""process_exec"": 15, ""process_kprobe"": 12}"
1774213147,normal,sw-wk3,0.08466666666665512,0.38033989081475117,0.0,0.0,1883.6333333333332,4845.0,0,0,0,0,0,0,{}
1774213147,normal,sw-wk2,0.11272581827877504,0.40513418392419087,0.0,0.0,391.073928404773,4185.520965268982,0,106,7,0,0,0,"{""process_exec"": 106, ""process_exit"": 106}"
1774213147,normal,k3s-wk1,0.24877777777781185,0.7438269168008927,279.3333333333333,142.4,9628.2,2396.5666666666666,0,33,3,0,30,0,"{""process_exit"": 33, ""process_exec"": 33, ""process_kprobe"": 30}"
1774213157,normal,sw-wk3,0.08466666666665545,0.38033989081475117,0.0,0.0,1883.6333333333332,4845.000000000001,0,0,0,0,0,0,{}
1774213157,normal,sw-wk2,0.11272581827877504,0.40513418392419087,0.0,0.0,391.073928404773,4185.520965268982,0,1,1,0,0,0,"{""process_exit"": 1, ""process_exec"": 1}"
1774213157,normal,k3s-wk1,0.27544444444441374,0.7388394972049395,281.6666666666667,146.4,32942.600000000006,10771.8,0,36,3,0,35,0,"{""process_exit"": 36, ""process_exec"": 36, ""process_kprobe"": 35}"
1774213167,normal,sw-wk3,0.08466666666665545,0.38033989081475117,0.0,0.0,1883.6333333333332,4845.0,0,1,1,0,0,0,"{""process_exit"": 1, ""process_exec"": 1}"
1774213167,normal,sw-wk2,0.17227815187679418,0.40578675012086396,0.0,0.0,5522.368157877192,27841.322754850324,0,0,0,0,0,0,{}
1774213167,normal,k3s-wk1,0.27544444444441374,0.7388394972049395,281.6666666666667,146.4,32942.6,10771.8,0,35,3,0,33,0,"{""process_kprobe"": 33, ""process_exit"": 36, ""process_exec"": 35}"
1774213177,normal,sw-wk3,0.08844444444443456,0.38041549284566045,0.0,0.0,4780.1,5367.733333333334,0,0,0,0,0,0,{}
1774213177,normal,sw-wk2,0.17227815187679418,0.40578675012086396,0.0,0.0,5522.368157877192,27841.322754850324,0,0,0,0,0,0,{}
1774213177,normal,k3s-wk1,0.27544444444441374,0.7388394972049395,281.6666666666667,146.4,32942.6,10771.8,0,52,3,0,50,0,"{""process_exec"": 52, ""process_kprobe"": 50, ""process_exit"": 51}"
1774213188,normal,sw-wk3,0.08844444444443467,0.38041549284566045,0.0,0.0,4780.1,5367.733333333334,0,1,1,0,0,0,"{""process_exit"": 1, ""process_exec"": 1}"
1774213188,normal,sw-wk2,0.17227815187679418,0.40578675012086396,0.0,0.0,5522.368157877192,27841.322754850324,0,0,0,0,0,0,{}
1774213188,normal,k3s-wk1,0.25233333333332364,0.739077682679047,279.3333333333333,142.40000000000003,9224.066666666666,3001.366666666667,0,63,3,0,54,0,"{""process_exit"": 63, ""process_exec"": 63, ""process_kprobe"": 54}"
1774213197,normal,sw-wk3,0.08844444444443467,0.38041549284566045,0.0,0.0,4780.1,5367.733333333334,0,0,0,0,0,0,{}
1774213197,normal,sw-wk2,0.0897576908975739,0.4067238192630379,0.0,0.0,1583.8082858380828,4098.223510982235,0,0,0,0,0,0,{}
1774213197,normal,k3s-wk1,0.25233333333332364,0.739077682679047,279.3333333333333,142.4,9224.066666666666,3001.366666666667,0,51,3,0,48,0,"{""process_exit"": 51, ""process_exec"": 51, ""process_kprobe"": 48}"
1774213207,normal,sw-wk3,0.08230862966659458,0.3803677441945599,4.453306746427384,5.982053838484546,1960.817547357926,5461.748089066136,0,1,1,0,0,0,"{""process_exit"": 1, ""process_exec"": 1}"
1774213207,normal,sw-wk2,0.08975769089757357,0.4067238192630379,0.0,0.0,1583.8082858380828,4098.223510982235,0,3,2,0,0,0,"{""process_exit"": 1, ""process_exec"": 3}"
1774213207,normal,k3s-wk1,0.25233333333332364,0.739077682679047,279.3333333333333,142.4,9224.066666666666,3001.366666666667,0,21,2,0,16,0,"{""process_exit"": 21, ""process_exec"": 21, ""process_kprobe"": 16}"
1774213217,normal,sw-wk3,0.08230862966659458,0.3803677441945599,4.453306746427384,5.982053838484546,1960.817547357926,5461.7480890661345,0,0,0,0,0,0,{}
1774213217,normal,sw-wk2,0.08975769089757357,0.4067238192630379,0.0,0.0,1583.8082858380828,4098.223510982235,0,0,0,0,0,0,{}
1774213217,normal,k3s-wk1,0.3624820875129606,0.7512856751834422,279.26817076015595,142.36678108441362,10297.497250641516,4292.031859232845,0,36,3,0,34,0,"{""process_exit"": 36, ""process_exec"": 36, ""process_kprobe"": 34}"
1774213227,normal,sw-wk3,0.08230862966659458,0.3803677441945599,4.453306746427384,5.982053838484546,1960.817547357926,5461.7480890661345,0,8,3,0,0,0,"{""process_exec"": 8, ""process_exit"": 4}"
1774213227,normal,sw-wk2,0.2040315142625463,0.40435428773792303,0.0,0.0,6018.335166850019,28064.239757309064,0,104,5,0,0,0,"{""process_exit"": 106, ""process_exec"": 104}"
1774213227,normal,k3s-wk1,0.3624820875129606,0.7512856751834422,279.26817076015595,142.36678108441362,10297.497250641516,4292.031859232845,0,12,2,0,10,0,"{""process_exit"": 12, ""process_exec"": 12, ""process_kprobe"": 10}"
1774213237,normal,sw-wk3,0.17023268253540635,0.3826178993776759,0.0,0.0,12133.859320673979,8845.246055094945,0,8,3,0,0,0,"{""process_exit"": 8, ""process_exec"": 8}"
1774213237,normal,sw-wk2,0.2040315142625463,0.40435428773792303,0.0,0.0,6018.335166850018,28064.239757309064,0,1,1,0,0,0,"{""process_exit"": 1, ""process_exec"": 1}"
1774213237,normal,k3s-wk1,0.3624820875129606,0.7512856751834422,279.26817076015595,142.36678108441362,10297.497250641516,4292.031859232845,0,57,3,0,52,0,"{""process_exit"": 57, ""process_exec"": 57, ""process_kprobe"": 52}"
1774213248,normal,sw-wk3,0.17023268253540635,0.3826178993776759,0.0,0.0,12133.859320673979,8845.246055094945,0,0,0,0,0,0,"{""process_exit"": 4}"
1774213248,normal,sw-wk2,0.2040315142625463,0.40435428773792303,0.0,0.0,6018.335166850018,28064.239757309064,0,0,0,0,0,0,{}
1774213248,normal,k3s-wk1,0.34095733448912624,0.7613657897230206,279.39852632280866,142.433234421365,37135.2648951422,19150.268395959058,0,57,3,0,51,0,"{""process_exit"": 57, ""process_exec"": 57, ""process_kprobe"": 51}"
1774213258,normal,sw-wk3,0.17023268253540635,0.3826178993776759,0.0,0.0,12133.859320673979,8845.246055094945,0,8,3,0,0,0,"{""process_exec"": 8, ""process_exit"": 4}"
1774213258,normal,sw-wk2,0.13822601430918624,0.4058981638617595,0.0,0.0,1783.8288228236236,4505.599253432876,0,1,1,0,0,0,"{""process_exit"": 1, ""process_exec"": 1}"
1774213258,normal,k3s-wk1,0.34095733448912624,0.7613657897230206,279.39852632280866,142.433234421365,37135.2648951422,19150.268395959058,0,60,3,0,55,0,"{""process_kprobe"": 55, ""process_exit"": 60, ""process_exec"": 60}"
1774213267,normal,sw-wk3,0.1251638998155683,0.38358679908959237,0.0,0.0,9958.597239815988,8306.620441362758,0,1,1,0,0,0,"{""process_exit"": 5, ""process_exec"": 1}"
1774213267,normal,sw-wk2,0.13822601430918624,0.4058981638617595,0.0,0.0,1783.8288228236236,4505.599253432876,0,2,2,0,0,0,"{""process_exec"": 2}"
1774213267,normal,k3s-wk1,0.34095733448912624,0.7613657897230206,279.39852632280866,142.433234421365,37135.2648951422,19150.268395959058,0,36,3,0,34,0,"{""process_exit"": 36, ""process_exec"": 36, ""process_kprobe"": 34}"
1774213277,normal,sw-wk3,0.1251638998155683,0.38358679908959237,0.0,0.0,9958.597239815988,8306.620441362758,0,0,0,0,0,0,{}
1774213277,normal,sw-wk2,0.13822601430918624,0.4058981638617595,0.0,0.0,1783.8288228236236,4505.599253432876,0,104,5,0,0,0,"{""process_exit"": 106, ""process_exec"": 104}"
1774213277,normal,k3s-wk1,0.3078888888888791,0.7530319300129489,277.2,140.4,35575.23333333334,15621.233333333334,0,33,3,0,32,0,"{""process_exit"": 33, ""process_exec"": 33, ""process_kprobe"": 32}"
1774213288,normal,sw-wk3,0.1251638998155683,0.38358679908959237,0.0,0.0,9958.597239815988,8306.620441362758,0,0,0,0,0,0,{}
1774213288,normal,sw-wk2,0.15227681845457408,0.4080090563455099,0.0,0.0,5610.374024934996,27591.839455963735,0,0,0,0,0,0,{}
1774213288,normal,k3s-wk1,0.3078888888888791,0.7530319300129489,277.2,140.4,35575.23333333333,15621.233333333334,0,15,2,0,12,0,"{""process_exit"": 15, ""process_exec"": 15, ""process_kprobe"": 12}"
1774213297,normal,sw-wk3,0.1053333333333083,0.38205685272724377,0.0,0.0,6679.466666666666,6868.966666666666,0,8,3,0,0,0,"{""process_exec"": 8, ""process_exit"": 4}"
1774213297,normal,sw-wk2,0.15227681845457408,0.4080090563455099,0.0,0.0,5610.374024934996,27591.839455963735,0,0,0,0,0,0,{}
1774213297,normal,k3s-wk1,0.3078888888888791,0.7530319300129489,277.2,140.4,35575.23333333333,15621.233333333334,0,36,3,0,32,0,"{""process_exit"": 36, ""process_exec"": 36, ""process_kprobe"": 32}"
1774213309,normal,sw-wk3,0.1053333333333083,0.38205685272724377,0.0,0.0,6679.466666666666,6868.966666666666,0,1,1,0,0,0,"{""process_exit"": 5, ""process_exec"": 1}"
1774213309,normal,sw-wk2,0.15227681845457408,0.4080090563455099,0.0,0.0,5610.374024934996,27591.839455963735,0,1,1,0,0,0,"{""process_exit"": 1, ""process_exec"": 1}"
1774213309,normal,k3s-wk1,0.25755555555555865,0.7499671014538525,279.3333333333333,142.4,11903.266666666668,8156.266666666666,0,15,2,0,10,0,"{""process_exit"": 16, ""process_exec"": 15, ""process_kprobe"": 10}"
1774213318,normal,sw-wk3,0.1053333333333083,0.38205685272724377,0.0,0.0,6679.466666666666,6868.966666666666,0,0,0,0,0,0,{}
1774213318,normal,sw-wk2,0.09128280336865469,0.409741937922651,0.0,0.0,1195.0536630891274,4225.218318778748,0,0,0,0,0,0,{}
1774213318,normal,k3s-wk1,0.25755555555555876,0.7499671014538525,279.3333333333333,142.4,11903.266666666666,8156.266666666666,0,15,2,0,12,0,"{""process_exit"": 15, ""process_exec"": 15, ""process_kprobe"": 12}"
1774213328,normal,sw-wk3,0.10577777777778252,0.3818976905569085,0.0,0.0,5984.833333333333,6604.533333333333,0,1,1,0,0,0,"{""process_exit"": 1, ""process_exec"": 1}"
1774213328,normal,sw-wk2,0.09128280336865469,0.409741937922651,0.0,0.0,1195.0536630891274,4225.218318778748,0,105,6,0,0,0,"{""process_exec"": 105, ""process_exit"": 103}"
1774213328,normal,k3s-wk1,0.25755555555555876,0.7499671014538525,279.3333333333333,142.4,11903.266666666666,8156.266666666666,0,36,3,0,32,0,"{""process_exit"": 36, ""process_exec"": 36, ""process_kprobe"": 32}"
1774213338,normal,sw-wk3,0.10577777777778263,0.3818976905569085,0.0,0.0,5984.833333333333,6604.533333333333,0,0,0,0,0,0,{}
1774213338,normal,sw-wk2,0.09128280336865469,0.409741937922651,0.0,0.0,1195.0536630891274,4225.218318778748,0,1,1,0,0,0,"{""process_exit"": 3, ""process_exec"": 1}"
1774213338,normal,k3s-wk1,0.2961111111111273,0.7395764246386424,277.2,140.4,33413.7,11231.200000000003,0,21,2,0,20,0,"{""process_exit"": 21, ""process_exec"": 21, ""process_kprobe"": 20}"
1774213348,normal,sw-wk3,0.10577777777778263,0.3818976905569085,0.0,0.0,5984.833333333333,6604.533333333333,0,8,3,0,0,0,"{""process_exec"": 8, ""process_exit"": 4}"
1774213348,normal,sw-wk2,0.1718336778007553,0.404939209877624,0.0,0.0,5542.236149076605,27889.959330622045,0,1,1,0,0,0,"{""process_exit"": 1, ""process_exec"": 1}"
1774213348,normal,k3s-wk1,0.2961111111111273,0.7395764246386424,277.2,140.4,33413.700000000004,11231.2,0,39,3,0,34,0,"{""process_exit"": 39, ""process_exec"": 39, ""process_kprobe"": 34}"
1774213358,normal,sw-wk3,0.11255555555556684,0.384318945073135,0.0,0.0,7207.166666666667,7452.266666666666,0,0,0,0,0,0,"{""process_exit"": 4}"
1774213358,normal,sw-wk2,0.1718336778007551,0.404939209877624,0.0,0.0,5542.236149076605,27889.959330622045,0,0,0,0,0,0,{}
1774213358,normal,k3s-wk1,0.2961111111111273,0.7395764246386424,277.2,140.4,33413.7,11231.2,0,36,3,0,34,0,"{""process_kprobe"": 34, ""process_exit"": 36, ""process_exec"": 36}"
1774213368,normal,sw-wk3,0.11255555555556684,0.384318945073135,0.0,0.0,7207.166666666667,7452.266666666666,0,1,1,0,0,0,"{""process_exit"": 1, ""process_exec"": 1}"
1774213368,normal,sw-wk2,0.1718336778007551,0.404939209877624,0.0,0.0,5542.236149076605,27889.959330622045,0,1,1,0,0,0,"{""process_exit"": 1, ""process_exec"": 1}"
1774213368,normal,k3s-wk1,0.29755555555550217,0.7479734495573171,283.8,148.4,12320.266666666666,14939.233333333334,0,54,3,0,48,0,"{""process_exit"": 54, ""process_exec"": 54, ""process_kprobe"": 48}"
1774213378,normal,sw-wk3,0.11255555555556684,0.384318945073135,0.0,0.0,7207.166666666667,7452.266666666666,0,0,0,0,0,0,{}
1774213378,normal,sw-wk2,0.12238593684023857,0.4072052857861931,0.0,0.0,2076.1717447829856,4295.3196879791985,0,1,1,0,0,0,"{""process_exit"": 1, ""process_exec"": 1}"
1774213378,normal,k3s-wk1,0.29755555555550217,0.7479734495573171,283.8,148.4,12320.266666666666,14939.233333333334,0,15,2,0,12,0,"{""process_exit"": 15, ""process_exec"": 15, ""process_kprobe"": 12}"
1774213388,normal,sw-wk3,0.12388888888888483,0.3827094176256187,0.0,0.0,9485.333333333334,5771.0,0,0,0,0,0,0,{}
1774213388,normal,sw-wk2,0.12238593684023857,0.4072052857861931,0.0,0.0,2076.1717447829856,4295.3196879791985,0,2,2,0,0,0,"{""process_exec"": 2}"
1774213388,normal,k3s-wk1,0.29755555555550217,0.7479734495573171,283.8,148.4,12320.266666666666,14939.233333333334,0,15,2,0,12,0,"{""process_exit"": 15, ""process_exec"": 15, ""process_kprobe"": 12}"
1774213398,normal,sw-wk3,0.12388888888888483,0.3827094176256187,0.0,0.0,9485.333333333334,5771.0,0,1,1,0,0,0,"{""process_exit"": 1, ""process_exec"": 1}"
1774213398,normal,sw-wk2,0.12238593684023857,0.4072052857861931,0.0,0.0,2076.1717447829856,4295.3196879791985,0,104,5,0,0,0,"{""process_exit"": 106, ""process_exec"": 104}"
1774213398,normal,k3s-wk1,0.27833333333340604,0.7477076293044458,279.3333333333333,142.4,33374.53333333334,9155.833333333334,0,33,3,0,32,0,"{""process_kprobe"": 32, ""process_exit"": 33, ""process_exec"": 33}"
1774213408,normal,sw-wk3,0.12388888888888483,0.3827094176256187,0.0,0.0,9485.333333333334,5771.0,0,0,0,0,0,0,{}
1774213408,normal,sw-wk2,0.1742222222222053,0.40490936691131263,0.0,0.0,5427.1,28035.733333333334,0,1,1,0,0,0,"{""process_exit"": 1, ""process_exec"": 1}"
1774213408,normal,k3s-wk1,0.27833333333340604,0.7477076293044458,279.3333333333333,142.4,33374.53333333333,9155.833333333334,0,15,2,0,13,0,"{""process_exit"": 15, ""process_exec"": 15, ""process_kprobe"": 13}"
1774213418,normal,sw-wk3,0.09566666666667312,0.382836747361887,0.0,0.0,3290.7,5234.4,0,0,0,0,0,0,{}
1774213418,normal,sw-wk2,0.1742222222222053,0.40490936691131263,0.0,0.0,5427.100000000001,28035.733333333334,0,0,0,0,0,0,{}
1774213418,normal,k3s-wk1,0.27833333333340604,0.7477076293044458,279.3333333333333,142.4,33374.53333333333,9155.833333333334,0,63,3,0,56,0,"{""process_exit"": 63, ""process_exec"": 63, ""process_kprobe"": 56}"
1774213428,normal,sw-wk3,0.09566666666667312,0.382836747361887,0.0,0.0,3290.7,5234.4,0,1,1,0,0,0,"{""process_exit"": 1, ""process_exec"": 1}"
1774213428,normal,sw-wk2,0.1742222222222053,0.40490936691131263,0.0,0.0,5427.1,28035.733333333334,0,0,0,0,0,0,{}
1774213428,normal,k3s-wk1,0.2733333333333171,0.7478023771173504,481.4,232.83333333333337,9314.133333333333,2176.733333333333,0,57,3,0,52,0,"{""process_exit"": 57, ""process_exec"": 57, ""process_kprobe"": 52}"
1774213438,normal,sw-wk3,0.09566666666667312,0.382836747361887,0.0,0.0,3290.7,5234.4,0,0,0,0,0,0,{}
1774213438,normal,sw-wk2,0.11361464791237441,0.40580465590065073,0.0,0.0,348.51009932671155,3921.7385507632825,0,1,1,0,0,0,"{""process_exit"": 1, ""process_exec"": 1}"
1774213438,normal,k3s-wk1,0.2733333333333171,0.7478023771173504,481.4,232.83333333333334,9314.133333333333,2176.733333333333,0,9,2,0,8,0,"{""process_exit"": 9, ""process_exec"": 9, ""process_kprobe"": 8}"
1774213448,normal,sw-wk3,0.08488888888888246,0.382930255136959,0.0,0.0,2387.366666666667,5216.066666666667,0,1,1,0,0,0,"{""process_exit"": 1, ""process_exec"": 1}"
1774213448,normal,sw-wk2,0.11361464791237441,0.40580465590065073,0.0,0.0,348.51009932671155,3921.7385507632825,0,106,7,0,0,0,"{""process_exec"": 106, ""process_exit"": 106}"
1774213448,normal,k3s-wk1,0.2733333333333171,0.7478023771173504,481.4,232.83333333333334,9314.133333333333,2176.733333333333,0,33,3,0,32,0,"{""process_exit"": 33, ""process_exec"": 33, ""process_kprobe"": 32}"
1774213458,normal,sw-wk3,0.08488888888888246,0.382930255136959,0.0,0.0,2387.366666666667,5216.066666666667,0,0,0,0,0,0,{}
1774213458,normal,sw-wk2,0.11361464791237441,0.40580465590065073,0.0,0.0,348.51009932671155,3921.7385507632825,0,0,0,0,0,0,{}
1774213458,normal,k3s-wk1,0.28211111111110465,0.7476799945256819,281.3333333333333,144.4,32483.3,9200.3,0,57,3,0,54,0,"{""process_exit"": 57, ""process_exec"": 57, ""process_kprobe"": 54}"
1774213468,normal,sw-wk3,0.08488888888888246,0.382930255136959,0.0,0.0,2387.366666666667,5216.066666666667,0,0,0,0,0,0,{}
1774213468,normal,sw-wk2,0.16727781852122903,0.4046984766160464,4.46696446429762,6.000400026668445,5649.109940662711,27252.116807787188,0,0,0,0,0,0,{}
1774213468,normal,k3s-wk1,0.28211111111110465,0.7476799945256819,281.3333333333333,144.4,32483.3,9200.3,0,47,3,0,43,0,"{""process_exit"": 48, ""process_exec"": 47, ""process_kprobe"": 43}"
1774213478,normal,sw-wk3,0.08933333333334303,0.38303570007480625,0.0,0.0,3869.1,5555.8,0,1,1,0,0,0,"{""process_exit"": 1, ""process_exec"": 1}"
1774213478,normal,sw-wk2,0.16727781852122903,0.4046984766160464,4.46696446429762,6.000400026668445,5649.109940662711,27252.116807787188,0,1,1,0,0,0,"{""process_exit"": 1, ""process_exec"": 1}"
1774213478,normal,k3s-wk1,0.28211111111110465,0.7476799945256819,281.3333333333333,144.4,32483.3,9200.3,0,22,2,0,19,0,"{""process_exec"": 22, ""process_kprobe"": 19, ""process_exit"": 21}"
1774213488,normal,sw-wk3,0.08933333333334303,0.38303570007480625,0.0,0.0,3869.1,5555.8,0,0,0,0,0,0,{}
1774213488,normal,sw-wk2,0.16727781852122903,0.4046984766160464,4.46696446429762,6.000400026668445,5649.109940662711,27252.116807787188,0,0,0,0,0,0,{}
1774213488,normal,k3s-wk1,0.2544444444444607,0.747433913400499,279.2,142.4,9753.066666666666,4918.2,0,36,3,0,30,0,"{""process_exit"": 36, ""process_exec"": 36, ""process_kprobe"": 30}"
1774213498,normal,sw-wk3,0.08933333333334303,0.38303570007480625,0.0,0.0,3869.1,5555.8,0,0,0,0,0,0,{}
1774213498,normal,sw-wk2,0.10739284047730002,0.4037136587277744,0.0,0.0,1981.6678888074127,4544.130391307246,0,0,0,0,0,0,{}
1774213498,normal,k3s-wk1,0.2544444444444607,0.747433913400499,279.2,142.4,9753.066666666666,4918.2,0,36,3,0,32,0,"{""process_exit"": 36, ""process_exec"": 36, ""process_kprobe"": 32}"
1774213508,normal,sw-wk3,0.09099999999998554,0.38305957440035654,0.0,0.0,2794.2666666666664,5036.233333333334,0,0,0,0,0,0,{}
1774213508,normal,sw-wk2,0.10739284047730002,0.4037136587277744,0.0,0.0,1981.6678888074127,4544.130391307246,0,2,2,0,0,0,"{""process_exec"": 2}"
1774213508,normal,k3s-wk1,0.2544444444444607,0.747433913400499,279.2,142.4,9753.066666666666,4918.2,0,18,2,0,14,0,"{""process_exit"": 18, ""process_exec"": 18, ""process_kprobe"": 14}"
1774213518,normal,sw-wk3,0.09099999999998554,0.38305957440035654,0.0,0.0,2794.2666666666664,5036.233333333334,0,0,0,0,0,0,{}
1774213518,normal,sw-wk2,0.10739284047730002,0.4037136587277744,0.0,0.0,1981.6678888074127,4544.130391307246,0,76,4,0,0,0,"{""process_exit"": 76, ""process_exec"": 76}"
1774213518,normal,k3s-wk1,0.2647777777777568,0.7469891250565854,285.3333333333333,149.0,9613.633333333333,4651.566666666667,0,36,3,0,36,0,"{""process_exit"": 36, ""process_exec"": 36, ""process_kprobe"": 36}"
1774213530,normal,sw-wk3,0.09099999999998554,0.38305957440035654,0.0,0.0,2794.2666666666664,5036.233333333334,0,1,1,0,0,0,"{""process_exit"": 1, ""process_exec"": 1}"
1774213530,normal,sw-wk2,0.18627908527235626,0.4047362777067073,0.0,0.0,5130.675378358557,27844.6896459764,0,29,3,0,0,0,"{""process_exit"": 31, ""process_exec"": 29}"
1774213530,normal,k3s-wk1,0.2647777777777568,0.7469891250565854,285.3333333333333,149.0,9613.633333333333,4651.566666666667,0,36,3,0,32,0,"{""process_exit"": 36, ""process_exec"": 36, ""process_kprobe"": 32}"
1774213540,normal,sw-wk3,0.08911111111111603,0.3831590507568161,0.0,0.0,2627.0,5139.1,0,0,0,0,0,0,{}
1774213540,normal,sw-wk2,0.18627908527235626,0.4047362777067073,0.0,0.0,5130.675378358557,27844.6896459764,0,0,0,0,0,0,{}
1774213540,normal,k3s-wk1,0.2647777777777568,0.7469891250565854,285.3333333333333,149.0,9613.633333333333,4651.566666666667,0,18,2,0,17,0,"{""process_exit"": 18, ""process_exec"": 18, ""process_kprobe"": 17}"
1774213550,normal,sw-wk3,0.08911111111111603,0.3831590507568161,0.0,0.0,2627.0,5139.1,0,0,0,0,0,0,{}
1774213550,normal,sw-wk2,0.18627908527235626,0.4047362777067073,0.0,0.0,5130.675378358557,27844.6896459764,0,70,4,0,0,0,"{""process_exec"": 70, ""process_exit"": 38}"
1774213550,normal,k3s-wk1,0.3137777777777955,0.7433150154228385,277.2,140.40000000000003,39504.166666666664,9428.7,0,33,3,0,28,0,"{""process_exit"": 33, ""process_exec"": 33, ""process_kprobe"": 28}"
1774213560,normal,sw-wk3,0.08911111111111603,0.3831590507568161,0.0,0.0,2627.0,5139.1,0,0,0,0,0,0,{}
1774213560,normal,sw-wk2,0.13922222222220926,0.4107068605000488,624.0,298.70000000000005,2209.8333333333335,21052.233333333334,0,113,4,0,0,0,"{""process_exit"": 54, ""process_exec"": 113}"
1774213560,normal,k3s-wk1,0.3137777777777955,0.7433150154228385,277.2,140.4,39504.166666666664,9428.7,0,36,3,0,32,0,"{""process_exit"": 36, ""process_exec"": 36, ""process_kprobe"": 32}"
1774213570,normal,sw-wk3,0.10433333333332684,0.38350323895016636,0.0,0.0,3657.7666666666664,4967.133333333333,0,1,1,0,0,0,"{""process_exit"": 1, ""process_exec"": 1}"
1774213570,normal,sw-wk2,0.13922222222220926,0.4107068605000488,624.0,298.7,2209.8333333333335,21052.233333333334,0,223,7,0,0,0,"{""process_exit"": 182, ""process_exec"": 223}"
1774213570,normal,k3s-wk1,0.3137777777777955,0.7433150154228385,277.2,140.4,39504.166666666664,9428.7,0,12,2,0,12,0,"{""process_kprobe"": 12, ""process_exit"": 12, ""process_exec"": 12}"
1774213580,normal,sw-wk3,0.10433333333332684,0.38350323895016636,0.0,0.0,3657.7666666666664,4967.133333333333,0,0,0,0,0,0,{}
1774213580,normal,sw-wk2,0.13922222222220926,0.4107068605000488,624.0,298.7,2209.8333333333335,21052.233333333334,0,70,4,0,0,0,"{""process_exit"": 40, ""process_exec"": 70}"
1774213580,normal,k3s-wk1,0.2799999999999677,0.7446085862573562,279.33333333333337,142.4,73455.96666666666,9424.166666666666,0,39,3,0,34,0,"{""process_exit"": 39, ""process_exec"": 39, ""process_kprobe"": 34}"
1774213590,normal,sw-wk3,0.10433333333332684,0.38350323895016636,0.0,0.0,3657.7666666666664,4967.133333333333,0,1,1,0,0,0,"{""process_exit"": 1, ""process_exec"": 1}"
1774213590,normal,sw-wk2,0.20255555555557092,0.4109834053211998,6.0,6.6,5741.433333333333,71633.03333333333,0,115,4,0,0,0,"{""process_exit"": 65, ""process_exec"": 115}"
1774213590,normal,k3s-wk1,0.2799999999999677,0.7446085862573562,279.3333333333333,142.4,73455.96666666666,9424.166666666666,0,36,3,0,32,0,"{""process_exit"": 36, ""process_exec"": 36, ""process_kprobe"": 32}"
1774213600,normal,sw-wk3,0.08944444444445654,0.38360669436088435,0.0,0.0,2594.9666666666667,5357.266666666666,0,0,0,0,0,0,{}
1774213600,normal,sw-wk2,0.20255555555557092,0.4109834053211998,6.0,6.6,5741.433333333333,71633.03333333333,0,92,4,0,0,0,"{""process_exit"": 52, ""process_exec"": 92}"
1774213600,normal,k3s-wk1,0.2799999999999677,0.7446085862573562,279.3333333333333,142.4,73455.96666666666,9424.166666666666,0,42,3,0,36,0,"{""process_exit"": 42, ""process_exec"": 42, ""process_kprobe"": 36}"
1774213610,normal,sw-wk3,0.08944444444445654,0.38360669436088435,0.0,0.0,2594.9666666666667,5357.266666666666,0,0,0,0,0,0,{}
1774213610,normal,sw-wk2,0.20255555555557092,0.4109834053211998,6.0,6.6,5741.433333333333,71633.03333333333,0,70,4,0,0,0,"{""process_exit"": 40, ""process_exec"": 70}"
1774213610,normal,k3s-wk1,0.26211111111111274,0.7466048700375834,277.2,140.4,51881.26666666668,1821.3,0,57,3,0,52,0,"{""process_exit"": 58, ""process_kprobe"": 52, ""process_exec"": 57}"
1774213620,normal,sw-wk3,0.08944444444445654,0.38360669436088435,0.0,0.0,2594.9666666666667,5357.266666666666,0,1,1,0,0,0,"{""process_exit"": 1, ""process_exec"": 1}"
1774213620,normal,sw-wk2,0.13955555555555,0.4063895780403517,0.0,0.0,1128.0,48104.433333333334,0,115,4,0,0,0,"{""process_exit"": 65, ""process_exec"": 115}"
1774213620,normal,k3s-wk1,0.26211111111111274,0.7466048700375834,277.2,140.4,51881.26666666666,1821.3,0,15,2,0,13,0,"{""process_exit"": 15, ""process_exec"": 15, ""process_kprobe"": 13}"
1774213630,normal,sw-wk3,0.08533333333331639,0.3838235528179662,0.0,0.0,2182.5333333333333,5243.5,0,0,0,0,0,0,{}
1774213630,normal,sw-wk2,0.13955555555555,0.4063895780403517,0.0,0.0,1128.0,48104.433333333334,0,94,4,0,0,0,"{""process_exit"": 52, ""process_exec"": 94}"
1774213630,normal,k3s-wk1,0.26211111111111274,0.7466048700375834,277.2,140.4,51881.26666666666,1821.3,0,36,3,0,35,0,"{""process_kprobe"": 35, ""process_exit"": 36, ""process_exec"": 36}"
1774213640,normal,sw-wk3,0.08533333333331639,0.3838235528179662,0.0,0.0,2182.5333333333333,5243.5,0,1,1,0,0,0,"{""process_exit"": 1, ""process_exec"": 1}"
1774213640,normal,sw-wk2,0.13955555555555,0.4063895780403517,0.0,0.0,1128.0,48104.433333333334,0,220,7,0,0,0,"{""process_exit"": 172, ""process_exec"": 220}"
1774213640,normal,k3s-wk1,0.29688888888890175,0.7479787133247007,279.3333333333333,142.4,51797.7,5146.133333333333,0,33,3,0,30,0,"{""process_kprobe"": 30, ""process_exit"": 33, ""process_exec"": 33}"
1774213650,normal,sw-wk3,0.08533333333331639,0.3838235528179662,0.0,0.0,2182.5333333333333,5243.5,0,0,0,0,0,0,{}
1774213650,normal,sw-wk2,0.22777777777777775,0.40855617739454986,0.0,0.0,5946.2,71763.33333333333,0,92,4,0,0,0,"{""process_exit"": 52, ""process_exec"": 92}"
1774213650,normal,k3s-wk1,0.29688888888890175,0.7479787133247007,279.3333333333333,142.4,51797.7,5146.133333333333,0,12,2,0,10,0,"{""process_exit"": 12, ""process_exec"": 12, ""process_kprobe"": 10}"
1774213660,normal,sw-wk3,0.0888888888888889,0.38393894539145934,0.0,0.0,3329.9333333333334,5199.133333333333,0,1,1,0,0,0,"{""process_exit"": 1, ""process_exec"": 1}"
1774213660,normal,sw-wk2,0.22777777777777775,0.40855617739454986,0.0,0.0,5946.2,71763.33333333333,0,115,4,0,0,0,"{""process_exit"": 65, ""process_exec"": 115}"
1774213660,normal,k3s-wk1,0.29688888888890175,0.7479787133247007,279.3333333333333,142.4,51797.7,5146.133333333333,0,18,2,0,14,0,"{""process_kprobe"": 14, ""process_exit"": 18, ""process_exec"": 18}"
1774213670,normal,sw-wk3,0.0888888888888889,0.38393894539145934,0.0,0.0,3329.9333333333334,5199.133333333333,0,0,0,0,0,0,{}
1774213670,normal,sw-wk2,0.22777777777777775,0.40855617739454986,0.0,0.0,5946.2,71763.33333333333,0,69,4,0,0,0,"{""process_exit"": 39, ""process_exec"": 69}"
1774213670,normal,k3s-wk1,0.2873333333333399,0.7497276000378992,279.3333333333333,142.40000000000003,76437.7,8384.166666666666,0,39,3,0,32,0,"{""process_exit"": 39, ""process_exec"": 39, ""process_kprobe"": 32}"
1774213680,normal,sw-wk3,0.0888888888888889,0.38393894539145934,0.0,0.0,3329.9333333333334,5199.133333333333,0,0,0,0,0,0,{}
1774213680,normal,sw-wk2,0.1352798702308946,0.40830748600862266,4.466368908739417,5.999600026664889,1968.602093193787,47869.47536830879,0,93,4,0,0,0,"{""process_exit"": 53, ""process_exec"": 93}"
1774213680,normal,k3s-wk1,0.2873333333333399,0.7497276000378992,279.3333333333333,142.4,76437.7,8384.166666666666,0,36,3,0,32,0,"{""process_exit"": 36, ""process_exec"": 36, ""process_kprobe"": 32}"
1774213690,normal,sw-wk3,0.09500000000001219,0.3838812491047128,0.0,0.0,2798.0000000000005,5178.366666666667,0,0,0,0,0,0,{}
1774213690,normal,sw-wk2,0.1352798702308946,0.40830748600862266,4.466368908739417,5.999600026664889,1968.602093193787,47869.47536830878,0,116,5,0,0,0,"{""process_exit"": 107, ""process_exec"": 116}"
1774213690,normal,k3s-wk1,0.2873333333333399,0.7497276000378992,279.3333333333333,142.4,76437.7,8384.166666666666,0,18,2,0,16,0,"{""process_kprobe"": 16, ""process_exit"": 18, ""process_exec"": 18}"
1774213700,normal,sw-wk3,0.09500000000001219,0.3838812491047128,0.0,0.0,2798.0,5178.366666666667,0,0,0,0,0,0,{}
1774213700,normal,sw-wk2,0.1352798702308946,0.40830748600862266,4.466368908739417,5.999600026664889,1968.602093193787,47869.47536830878,0,11,3,0,0,0,"{""process_exec"": 11, ""process_exit"": 12}"
1774213700,normal,k3s-wk1,0.29655555555558144,0.7514593795071008,277.2,140.4,56403.666666666664,11978.633333333333,0,18,2,0,16,0,"{""process_kprobe"": 16, ""process_exit"": 18, ""process_exec"": 18}"
1774213710,normal,sw-wk3,0.09500000000001219,0.3838812491047128,0.0,0.0,2798.0,5178.366666666667,0,1,1,0,0,0,"{""process_exit"": 1, ""process_exec"": 1}"
1774213710,normal,sw-wk2,0.20372469275725613,0.4048357542610782,0.0,0.0,7106.240416027736,34745.24968331222,0,1,1,0,0,0,"{""process_exit"": 1, ""process_exec"": 1}"
1774213710,normal,k3s-wk1,0.29655555555558144,0.7514593795071008,277.2,140.4,56403.666666666664,11978.633333333333,0,12,2,0,11,0,"{""process_exit"": 12, ""process_exec"": 12, ""process_kprobe"": 11}"
1774213720,normal,sw-wk3,0.08688888888886526,0.3839926626239475,4.466666666666667,6.0,3310.5666666666666,5222.766666666666,0,0,0,0,0,0,{}
1774213720,normal,sw-wk2,0.20372469275725613,0.4048357542610782,0.0,0.0,7106.240416027736,34745.24968331222,0,0,0,0,0,0,{}
1774213720,normal,k3s-wk1,0.29655555555558144,0.7514593795071008,277.2,140.4,56403.666666666664,11978.633333333333,0,78,3,0,73,0,"{""process_exit"": 78, ""process_exec"": 78, ""process_kprobe"": 73}"
1774213730,normal,sw-wk3,0.08688888888886537,0.3839926626239475,4.466666666666667,6.0,3310.5666666666666,5222.766666666666,0,0,0,0,0,0,{}
1774213730,normal,sw-wk2,0.20372469275725613,0.4048357542610782,0.0,0.0,7106.240416027736,34745.24968331222,0,0,0,0,0,0,{}
1774213730,normal,k3s-wk1,0.2551111111111014,0.75113565781301,279.3333333333333,142.4,9329.6,2193.8,0,60,3,0,52,0,"{""process_exit"": 60, ""process_exec"": 60, ""process_kprobe"": 52}"
1774213740,normal,sw-wk3,0.08688888888886537,0.3839926626239475,4.466666666666667,6.0,3310.5666666666666,5222.766666666666,0,0,0,0,0,0,{}
1774213740,normal,sw-wk2,0.10155555555556928,0.40639355710252656,0.0,0.0,802.9,3998.4666666666667,0,0,0,0,0,0,{}
1774213740,normal,k3s-wk1,0.2551111111111014,0.75113565781301,279.3333333333333,142.4,9329.6,2193.8,0,12,2,0,10,0,"{""process_exit"": 12, ""process_exec"": 12, ""process_kprobe"": 10}"
1774213750,normal,sw-wk3,0.08544444444444999,0.38409810756179474,0.0,0.0,2229.8333333333335,4947.766666666666,0,0,0,0,0,0,{}
1774213750,normal,sw-wk2,0.10155555555556928,0.40639355710252656,0.0,0.0,802.9,3998.4666666666667,0,106,7,0,0,0,"{""process_exec"": 106, ""process_exit"": 106}"
1774213750,normal,k3s-wk1,0.2551111111111014,0.75113565781301,279.3333333333333,142.4,9329.6,2193.8,0,39,3,0,36,0,"{""process_kprobe"": 36, ""process_exit"": 39, ""process_exec"": 39}"
1774213760,normal,sw-wk3,0.0854444444444501,0.38409810756179474,0.0,0.0,2229.8333333333335,4947.766666666666,0,0,0,0,0,0,{}
1774213760,normal,sw-wk2,0.10155555555556928,0.40639355710252656,0.0,0.0,802.9,3998.4666666666667,0,1,1,0,0,0,"{""process_exit"": 1, ""process_exec"": 1}"
1774213760,normal,k3s-wk1,0.28895999288959995,0.7512883070671341,279.30540279305404,142.38576142385762,32710.562277105622,9131.586841315868,0,12,2,0,10,0,"{""process_kprobe"": 10, ""process_exit"": 12, ""process_exec"": 12}"
1774213770,normal,sw-wk3,0.0854444444444501,0.38409810756179474,0.0,0.0,2229.8333333333335,4947.766666666666,0,1,1,0,0,0,"{""process_exit"": 1, ""process_exec"": 1}"
1774213770,normal,sw-wk2,0.19366666666664978,0.4037832923158341,0.0,0.0,5226.3,27855.433333333334,0,0,0,0,0,0,{}
1774213770,normal,k3s-wk1,0.28895999288959995,0.7512883070671341,279.30540279305404,142.38576142385762,32710.562277105622,9131.586841315868,0,36,3,0,32,0,"{""process_exit"": 36, ""process_exec"": 36, ""process_kprobe"": 32}"
1774213780,normal,sw-wk3,0.08955555555559025,0.3842174791895462,0.0,0.0,4113.833333333333,5505.6,0,0,0,0,0,0,{}
1774213780,normal,sw-wk2,0.19366666666664978,0.4037832923158341,0.0,0.0,5226.3,27855.433333333334,0,0,0,0,0,0,{}
1774213780,normal,k3s-wk1,0.28895999288959995,0.7512883070671341,279.30540279305404,142.38576142385762,32710.562277105622,9131.586841315868,0,15,2,0,12,0,"{""process_kprobe"": 12, ""process_exit"": 15, ""process_exec"": 15}"
1774213790,normal,sw-wk3,0.08955555555559025,0.3842174791895462,0.0,0.0,4113.833333333333,5505.6,0,0,0,0,0,0,{}
1774213790,normal,sw-wk2,0.19366666666664978,0.4037832923158341,0.0,0.0,5226.3,27855.433333333334,0,1,1,0,0,0,"{""process_exit"": 1, ""process_exec"": 1}"
1774213790,normal,k3s-wk1,0.25081397028589647,0.7524226489382981,277.2277227722772,140.41404140414042,9822.348901556821,3178.951228456179,0,33,3,0,30,0,"{""process_exit"": 33, ""process_exec"": 33, ""process_kprobe"": 30}"
1774213800,normal,sw-wk3,0.08955555555559025,0.3842174791895462,0.0,0.0,4113.833333333333,5505.6,0,0,0,0,0,0,{}
1774213800,normal,sw-wk2,0.08133333333335035,0.4025557516348972,0.0,0.0,2098.4333333333334,4481.100000000001,0,1,1,0,0,0,"{""process_exit"": 1, ""process_exec"": 1}"
1774213800,normal,k3s-wk1,0.25081397028589647,0.7524226489382981,277.2277227722772,140.41404140414042,9822.348901556821,3178.951228456179,0,36,3,0,33,0,"{""process_exit"": 36, ""process_exec"": 36, ""process_kprobe"": 33}"
1774213810,normal,sw-wk3,0.09344444444442257,0.38418166770122075,0.0,0.0,2699.4,5028.466666666666,0,0,0,0,0,0,{}
1774213810,normal,sw-wk2,0.08133333333335035,0.4025557516348972,0.0,0.0,2098.4333333333334,4481.1,0,2,2,0,0,0,"{""process_exec"": 2}"
1774213810,normal,k3s-wk1,0.25081397028589647,0.7524226489382981,277.2277227722772,140.41404140414042,9822.348901556821,3178.951228456179,0,12,2,0,13,0,"{""process_kprobe"": 13, ""process_exit"": 12, ""process_exec"": 12}"
1774213820,normal,sw-wk3,0.09344444444442257,0.38418166770122075,0.0,0.0,2699.4,5028.466666666666,0,1,1,0,0,0,"{""process_exit"": 1, ""process_exec"": 1}"
1774213820,normal,sw-wk2,0.08133333333335035,0.4025557516348972,0.0,0.0,2098.4333333333334,4481.1,0,104,5,0,0,0,"{""process_exit"": 106, ""process_exec"": 104}"
1774213820,normal,k3s-wk1,0.2897777777777971,0.7536635820989799,279.3333333333333,142.4,33216.066666666666,9830.4,0,33,3,0,30,0,"{""process_kprobe"": 30, ""process_exit"": 33, ""process_exec"": 33}"
1774213830,normal,sw-wk3,0.09344444444442257,0.38418166770122075,0.0,0.0,2699.4,5028.466666666666,0,1,1,0,0,0,"{""process_exit"": 1, ""process_exec"": 1}"
1774213830,normal,sw-wk2,0.1816101148812318,0.4010536556638966,0.0,0.0,5220.151989867342,27847.510165988933,0,0,0,0,0,0,{}
1774213830,normal,k3s-wk1,0.28977777777779723,0.7536635820989799,279.3333333333333,142.4,33216.066666666666,9830.4,0,18,2,0,15,0,"{""process_exit"": 18, ""process_exec"": 18, ""process_kprobe"": 15}"
1774213840,normal,sw-wk3,0.11988888888889859,0.38327842238456766,618.4333333333333,298.5333333333333,4734.633333333333,5643.5,0,2,2,0,0,0,"{""process_exec"": 2}"
1774213840,normal,sw-wk2,0.1816101148812318,0.4010536556638966,0.0,0.0,5220.151989867342,27847.510165988933,0,0,0,0,0,0,{}
1774213840,normal,k3s-wk1,0.28977777777779723,0.7536635820989799,279.3333333333333,142.4,33216.066666666666,9830.4,0,36,3,0,31,0,"{""process_exit"": 36, ""process_exec"": 36, ""process_kprobe"": 31}"
1774213850,normal,sw-wk3,0.11988888888889859,0.38327842238456766,618.4333333333333,298.5333333333333,4734.633333333333,5643.5,0,4,4,0,0,0,"{""process_exit"": 5, ""process_exec"": 4}"
1774213850,normal,sw-wk2,0.1816101148812318,0.4010536556638966,0.0,0.0,5220.151989867342,27847.510165988933,0,0,0,0,0,0,{}
1774213850,normal,k3s-wk1,0.27888888888883223,0.7522213098358758,279.3333333333333,142.4,9968.733333333334,6130.733333333334,0,9,2,0,6,0,"{""process_exit"": 9, ""process_exec"": 9, ""process_kprobe"": 6}"
1774213860,normal,sw-wk3,0.11988888888889859,0.38327842238456766,618.4333333333333,298.5333333333333,4734.633333333333,5643.5,0,3,2,0,0,0,"{""process_exit"": 3, ""process_exec"": 3}"
1774213860,normal,sw-wk2,0.10549592195035207,0.40372957497647377,0.0,0.0,877.7918527901861,4036.4024268284556,0,0,0,0,0,0,"{""process_exit"": 1}"
1774213860,normal,k3s-wk1,0.27888888888883223,0.7522213098358758,279.3333333333333,142.4,9968.733333333334,6130.733333333334,0,36,3,0,33,0,"{""process_exit"": 36, ""process_exec"": 36, ""process_kprobe"": 33}"
1774213870,normal,sw-wk3,0.11877777777776322,0.38342365786499866,59.53333333333333,60.13333333333333,3131.9333333333334,7481.2,0,5,2,0,0,0,"{""process_exit"": 5, ""process_exec"": 5}"
1774213870,normal,sw-wk2,0.10549592195035207,0.40372957497647377,0.0,0.0,877.7918527901861,4036.4024268284556,0,3,2,0,0,0,"{""process_exec"": 3}"
1774213870,normal,k3s-wk1,0.27888888888883223,0.7522213098358758,279.3333333333333,142.4,9968.733333333334,6130.733333333334,0,60,3,0,57,0,"{""process_exit"": 60, ""process_exec"": 60, ""process_kprobe"": 57}"
1774213880,normal,sw-wk3,0.11877777777776322,0.38342365786499866,59.53333333333333,60.13333333333333,3131.9333333333334,7481.2,0,3,2,0,0,0,"{""process_exit"": 3, ""process_exec"": 3}"
1774213880,normal,sw-wk2,0.10549592195035207,0.40372957497647377,0.0,0.0,877.7918527901861,4036.4024268284556,0,104,5,0,0,0,"{""process_exit"": 106, ""process_exec"": 104}"
1774213880,normal,k3s-wk1,0.283777777777828,0.7526489909357925,277.2,140.4,36007.3,9222.133333333333,0,15,2,0,13,0,"{""process_exit"": 15, ""process_exec"": 15, ""process_kprobe"": 13}"
1774213890,normal,sw-wk3,0.11877777777776322,0.38342365786499866,59.53333333333333,60.13333333333333,3131.9333333333334,7481.2,0,4,2,0,0,0,"{""process_exit"": 4, ""process_exec"": 4}"
1774213890,normal,sw-wk2,0.1943333333333307,0.4015231850005272,0.0,0.0,5212.266666666666,27821.366666666665,0,1,1,0,0,0,"{""process_exit"": 1, ""process_exec"": 1}"
1774213890,normal,k3s-wk1,0.283777777777828,0.7526489909357925,277.2,140.4,36007.3,9222.133333333333,0,57,3,0,54,0,"{""process_exit"": 57, ""process_exec"": 57, ""process_kprobe"": 54}"
1774213900,normal,sw-wk3,0.09420169094203001,0.3834873227331328,85.7914208579142,85.65810085658102,2822.1177882211778,7808.3191680831915,0,4,2,0,0,0,"{""process_exit"": 4, ""process_exec"": 4}"
1774213900,normal,sw-wk2,0.19433333333333092,0.4015231850005272,0.0,0.0,5212.266666666666,27821.366666666665,0,0,0,0,0,0,{}
1774213900,normal,k3s-wk1,0.283777777777828,0.7526489909357925,277.2,140.4,36007.3,9222.133333333333,0,36,3,0,33,0,"{""process_exit"": 36, ""process_exec"": 36, ""process_kprobe"": 33}"
1774213910,normal,sw-wk3,0.09420169094202979,0.3834873227331328,85.7914208579142,85.65810085658102,2822.1177882211778,7808.3191680831915,0,3,2,0,0,0,"{""process_exit"": 3, ""process_exec"": 3}"
1774213910,normal,sw-wk2,0.19433333333333092,0.4015231850005272,0.0,0.0,5212.266666666666,27821.366666666665,0,1,1,0,0,0,"{""process_exit"": 1, ""process_exec"": 1}"
1774213910,normal,k3s-wk1,0.25922222222224167,0.7509014201644401,283.8,148.4,11637.0,1380.0,0,12,2,0,8,0,"{""process_exit"": 13, ""process_exec"": 12, ""process_kprobe"": 8}"
1774213921,normal,sw-wk3,0.09420169094202979,0.3834873227331328,85.7914208579142,85.65810085658102,2822.1177882211778,7808.3191680831915,0,3,2,0,0,0,"{""process_exit"": 3, ""process_exec"": 3}"
1774213921,normal,sw-wk2,0.08688888888888568,0.4039225594919533,0.0,0.0,376.7,4398.9,0,0,0,0,0,0,{}
1774213921,normal,k3s-wk1,0.25922222222224167,0.7509014201644401,283.8,148.4,11637.0,1380.0,0,15,2,0,12,0,"{""process_exit"": 15, ""process_exec"": 15, ""process_kprobe"": 12}"
1774213930,normal,sw-wk3,0.09024235756908139,0.3834176892836111,83.8083808380838,83.67503417008368,2089.008900890089,7275.427542754275,0,4,2,0,0,0,"{""process_exit"": 4, ""process_exec"": 4}"
1774213930,normal,sw-wk2,0.08688888888888568,0.4039225594919533,0.0,0.0,376.7,4398.9,0,107,7,0,0,0,"{""process_exec"": 107, ""process_exit"": 107}"
1774213930,normal,k3s-wk1,0.25922222222224167,0.7509014201644401,283.8,148.4,11637.0,1380.0,0,18,2,0,16,0,"{""process_exit"": 18, ""process_exec"": 18, ""process_kprobe"": 16}"
1774213940,normal,sw-wk3,0.09024235756908139,0.3834176892836111,83.8083808380838,83.67503417008368,2089.008900890089,7275.427542754275,0,3,2,0,0,0,"{""process_exit"": 3, ""process_exec"": 3}"
1774213940,normal,sw-wk2,0.08688888888888568,0.4039225594919533,0.0,0.0,376.7,4398.9,0,0,0,0,0,0,{}
1774213940,normal,k3s-wk1,0.289444444444396,0.7510672288370233,279.3333333333333,142.4,35499.90000000001,9163.6,0,39,3,0,34,0,"{""process_kprobe"": 34, ""process_exit"": 39, ""process_exec"": 39}"
1774213950,normal,sw-wk3,0.09024235756908139,0.3834176892836111,83.8083808380838,83.67503417008368,2089.008900890089,7275.427542754275,0,4,2,0,0,0,"{""process_exit"": 4, ""process_exec"": 4}"
1774213950,normal,sw-wk2,0.17382236126828465,0.4030312495647901,0.0,0.0,5189.875524196233,27807.46189176596,0,0,0,0,0,0,{}
1774213950,normal,k3s-wk1,0.289444444444396,0.7510672288370233,279.3333333333333,142.4,35499.9,9163.6,0,9,2,0,8,0,"{""process_exit"": 9, ""process_exec"": 9, ""process_kprobe"": 8}"
1774213960,normal,sw-wk3,0.09588888888887992,0.38272135478839386,83.8,83.66666666666667,4404.4,7741.133333333333,0,4,2,0,0,0,"{""process_exit"": 4, ""process_exec"": 4}"
1774213960,normal,sw-wk2,0.17382236126828465,0.4030312495647901,0.0,0.0,5189.875524196233,27807.46189176596,0,0,0,0,0,0,{}
1774213960,normal,k3s-wk1,0.289444444444396,0.7510672288370233,279.3333333333333,142.4,35499.9,9163.6,0,39,3,0,34,0,"{""process_exit"": 39, ""process_exec"": 39, ""process_kprobe"": 34}"
1774213970,normal,sw-wk3,0.09588888888887992,0.38272135478839386,83.8,83.66666666666667,4404.4,7741.133333333333,0,3,2,0,0,0,"{""process_exit"": 3, ""process_exec"": 3}"
1774213970,normal,sw-wk2,0.17382236126828465,0.4030312495647901,0.0,0.0,5189.875524196233,27807.46189176596,0,1,1,0,0,0,"{""process_exit"": 1, ""process_exec"": 1}"
1774213970,normal,k3s-wk1,0.27355555555558453,0.750825095537378,279.3333333333333,142.4,11619.866666666669,3166.366666666667,0,33,3,0,30,0,"{""process_kprobe"": 30, ""process_exit"": 33, ""process_exec"": 33}"
1774213980,normal,sw-wk3,0.09588888888887992,0.38272135478839386,83.8,83.66666666666667,4404.4,7741.133333333333,0,3,2,0,0,0,"{""process_exit"": 3, ""process_exec"": 3}"
1774213980,normal,sw-wk2,0.12955420533705952,0.4039464338650024,0.0,0.0,692.2948521065634,4214.195099152033,0,0,0,0,0,0,{}
1774213980,normal,k3s-wk1,0.27355555555558464,0.750825095537378,279.3333333333333,142.4,11619.866666666667,3166.366666666667,0,12,2,0,12,0,"{""process_exit"": 12, ""process_exec"": 12, ""process_kprobe"": 12}"
1774213990,normal,sw-wk3,0.11544444444445823,0.37949434178484454,75.13333333333333,75.13333333333333,4330.3,7384.233333333334,0,1,1,0,0,0,"{""process_exit"": 3, ""process_exec"": 1}"
1774213990,normal,sw-wk2,0.12955420533705952,0.4039464338650024,0.0,0.0,692.2948521065634,4214.195099152033,0,3,2,0,0,0,"{""process_exec"": 3, ""process_exit"": 1}"
1774213990,normal,k3s-wk1,0.27355555555558464,0.750825095537378,279.3333333333333,142.4,11619.866666666667,3166.366666666667,0,36,3,0,37,0,"{""process_kprobe"": 37, ""process_exit"": 36, ""process_exec"": 36}"
1774214000,normal,sw-wk3,0.11544444444445823,0.37949434178484454,75.13333333333333,75.13333333333333,4330.3,7384.233333333334,0,1,1,0,0,0,"{""process_exit"": 1, ""process_exec"": 1}"
1774214000,normal,sw-wk2,0.12955420533705952,0.4039464338650024,0.0,0.0,692.2948521065634,4214.195099152033,0,104,5,0,0,0,"{""process_exit"": 106, ""process_exec"": 104}"
1774214000,normal,k3s-wk1,0.2744444444444122,0.7507553506195455,279.33333333333337,142.4,11967.066666666666,7004.066666666667,0,15,2,0,10,0,"{""process_exit"": 15, ""process_exec"": 15, ""process_kprobe"": 10}"
1774214010,normal,sw-wk3,0.11544444444445823,0.37949434178484454,75.13333333333333,75.13333333333333,4330.3,7384.233333333334,0,1,1,0,0,0,"{""process_exit"": 1, ""process_exec"": 1}"
1774214010,normal,sw-wk2,0.1873333333333601,0.40421104149962894,0.0,0.0,5573.833333333333,27933.933333333334,0,0,0,0,0,0,{}
1774214010,normal,k3s-wk1,0.2744444444444122,0.7507553506195455,279.3333333333333,142.4,11967.066666666666,7004.066666666667,0,33,3,0,32,0,"{""process_exit"": 33, ""process_exec"": 33, ""process_kprobe"": 32}"
1774214020,normal,sw-wk3,0.09744444444442912,0.3794824046220694,0.0,0.0,2764.4,5483.266666666666,0,0,0,0,0,0,{}
1774214020,normal,sw-wk2,0.1873333333333601,0.40421104149962894,0.0,0.0,5573.833333333333,27933.933333333334,0,0,0,0,0,0,{}
1774214020,normal,k3s-wk1,0.2744444444444122,0.7507553506195455,279.3333333333333,142.4,11967.066666666666,7004.066666666667,0,57,3,0,51,0,"{""process_exit"": 57, ""process_exec"": 57, ""process_kprobe"": 51}"
1774214030,normal,sw-wk3,0.09744444444442912,0.3794824046220694,0.0,0.0,2764.4,5483.266666666666,0,0,0,0,0,0,{}
1774214030,normal,sw-wk2,0.1873333333333601,0.40421104149962894,0.0,0.0,5573.833333333333,27933.933333333334,0,0,0,0,0,0,{}
1774214030,normal,k3s-wk1,0.27566666666668127,0.7373735379886093,464.80000000000007,232.83333333333334,32279.0,6976.2,0,15,2,0,10,0,"{""process_exit"": 15, ""process_exec"": 15, ""process_kprobe"": 10}"
1774214040,normal,sw-wk3,0.09744444444442912,0.3794824046220694,0.0,0.0,2764.4,5483.266666666666,0,0,0,0,0,0,{}
1774214040,normal,sw-wk2,0.08822222222220744,0.4032481084533186,0.0,0.0,710.6333333333333,3948.0333333333333,0,1,1,0,0,0,"{""process_exit"": 1, ""process_exec"": 1}"
1774214040,normal,k3s-wk1,0.27566666666668127,0.7373735379886093,464.8,232.83333333333334,32279.0,6976.2,0,33,3,0,31,0,"{""process_exit"": 33, ""process_exec"": 33, ""process_kprobe"": 31}"
1774214050,normal,sw-wk3,0.08744444444445332,0.3795838705056582,0.0,0.0,2582.1,5167.333333333333,0,1,1,0,0,0,"{""process_exit"": 1, ""process_exec"": 1}"
1774214050,normal,sw-wk2,0.08822222222220766,0.4032481084533186,0.0,0.0,710.6333333333333,3948.0333333333333,0,106,7,0,0,0,"{""process_exec"": 106, ""process_exit"": 106}"
1774214050,normal,k3s-wk1,0.27566666666668127,0.7373735379886093,464.8,232.83333333333334,32279.0,6976.2,0,39,3,0,37,0,"{""process_exit"": 39, ""process_exec"": 39, ""process_kprobe"": 37}"
1774214060,normal,sw-wk3,0.08744444444445332,0.3795838705056582,0.0,0.0,2582.1,5167.333333333333,0,0,0,0,0,0,{}
1774214060,normal,sw-wk2,0.08822222222220766,0.4032481084533186,0.0,0.0,710.6333333333333,3948.0333333333333,0,0,0,0,0,0,{}
1774214060,normal,k3s-wk1,0.2994444444444929,0.7361062859910095,281.3333333333333,144.4,33131.73333333334,9067.233333333334,0,36,3,0,32,0,"{""process_exit"": 36, ""process_exec"": 36, ""process_kprobe"": 32}"
1774214070,normal,sw-wk3,0.08744444444445332,0.3795838705056582,0.0,0.0,2582.1,5167.333333333333,0,1,1,0,0,0,"{""process_exit"": 1, ""process_exec"": 1}"
1774214070,normal,sw-wk2,0.1775555555555508,0.4014396246948557,0.0,0.0,5203.633333333334,27836.7,0,1,1,0,0,0,"{""process_exit"": 1, ""process_exec"": 1}"
1774214070,normal,k3s-wk1,0.2994444444444929,0.7361062859910095,281.3333333333333,144.4,33131.73333333333,9067.233333333334,0,60,3,0,56,0,"{""process_exit"": 60, ""process_exec"": 60, ""process_kprobe"": 56}"
1774214080,normal,sw-wk3,0.08606092927139974,0.3796972735520222,0.0,0.0,4262.249183387774,5393.573761749217,0,0,0,0,0,0,{}
1774214080,normal,sw-wk2,0.1775555555555508,0.4014396246948557,0.0,0.0,5203.633333333333,27836.7,0,1,1,0,0,0,"{""process_exit"": 1, ""process_exec"": 1}"
1774214080,normal,k3s-wk1,0.2994444444444929,0.7361062859910095,281.3333333333333,144.4,33131.73333333333,9067.233333333334,0,36,3,0,32,0,"{""process_kprobe"": 32, ""process_exit"": 36, ""process_exec"": 36}"
1774214090,normal,sw-wk3,0.08606092927139974,0.3796972735520222,0.0,0.0,4262.249183387774,5393.573761749217,0,0,0,0,0,0,{}
1774214090,normal,sw-wk2,0.1775555555555508,0.4014396246948557,0.0,0.0,5203.633333333333,27836.7,0,0,0,0,0,0,{}
1774214090,normal,k3s-wk1,0.25266666666664384,0.737234048152944,284.3333333333333,147.4,9685.566666666666,3083.9,0,54,3,0,48,0,"{""process_exit"": 54, ""process_exec"": 54, ""process_kprobe"": 48}"
1774214100,normal,sw-wk3,0.08606092927139974,0.3796972735520222,0.0,0.0,4262.249183387774,5393.573761749217,0,1,1,0,0,0,"{""process_exit"": 1, ""process_exec"": 1}"
1774214100,normal,sw-wk2,0.11875479118757137,0.40285219176692244,0.0,0.0,1952.2714395227144,4615.171816151718,0,0,0,0,0,0,{}
1774214100,normal,k3s-wk1,0.25266666666664406,0.737234048152944,284.3333333333333,147.4,9685.566666666666,3083.9,0,33,3,0,31,0,"{""process_exit"": 33, ""process_exec"": 33, ""process_kprobe"": 31}"
1774214110,normal,sw-wk3,0.08938373669352895,0.37978879179996494,5.133675578371892,5.0003333555570375,2445.8630575371694,5114.80765384359,0,0,0,0,0,0,{}
1774214110,normal,sw-wk2,0.11875479118757137,0.40285219176692244,0.0,0.0,1952.2714395227144,4615.171816151718,0,22,5,0,0,0,"{""process_exec"": 22, ""process_exit"": 21}"
1774214110,normal,k3s-wk1,0.25266666666664406,0.737234048152944,284.3333333333333,147.4,9685.566666666666,3083.9,0,12,2,0,13,0,"{""process_exit"": 12, ""process_exec"": 12, ""process_kprobe"": 13}"
1774214120,normal,sw-wk3,0.08938373669352895,0.37978879179996494,5.133675578371892,5.0003333555570375,2445.8630575371694,5114.80765384359,0,0,0,0,0,0,{}
1774214120,normal,sw-wk2,0.11875479118757137,0.40285219176692244,0.0,0.0,1952.2714395227144,4615.171816151718,0,84,3,0,0,0,"{""process_exec"": 84, ""process_exit"": 85}"
1774214120,normal,k3s-wk1,0.297888888888863,0.7381052016549285,285.3333333333333,149.00000000000003,33109.46666666667,11085.366666666667,0,39,3,0,32,0,"{""process_exit"": 39, ""process_exec"": 39, ""process_kprobe"": 32}"
1774214130,normal,sw-wk3,0.08938373669352895,0.37978879179996494,5.133675578371892,5.0003333555570375,2445.8630575371694,5114.80765384359,0,0,0,0,0,0,{}
1774214130,normal,sw-wk2,0.15863862128736317,0.40300936472282844,4.4668155605186834,6.00020000666689,5492.383079435982,27657.955265175504,0,0,0,0,0,0,{}
1774214130,normal,k3s-wk1,0.297888888888863,0.7381052016549285,285.3333333333333,149.0,33109.46666666667,11085.366666666667,0,39,3,0,35,0,"{""process_exit"": 39, ""process_exec"": 39, ""process_kprobe"": 35}"
1774214140,normal,sw-wk3,0.09322222222223597,0.38003549316398477,0.0,0.0,3980.8333333333335,5136.966666666668,0,0,0,0,0,0,{}
1774214140,normal,sw-wk2,0.15863862128736317,0.40300936472282844,4.4668155605186834,6.00020000666689,5492.383079435982,27657.955265175508,0,2,2,0,0,0,"{""process_exit"": 1, ""process_exec"": 2}"
1774214140,normal,k3s-wk1,0.297888888888863,0.7381052016549285,285.3333333333333,149.0,33109.46666666667,11085.366666666667,0,33,3,0,29,0,"{""process_exit"": 33, ""process_exec"": 33, ""process_kprobe"": 29}"
1774214150,normal,sw-wk3,0.09322222222223597,0.38003549316398477,0.0,0.0,3980.8333333333335,5136.966666666666,0,0,0,0,0,0,{}
1774214150,normal,sw-wk2,0.15863862128736317,0.40300936472282844,4.466815560518684,6.00020000666689,5492.383079435982,27657.955265175508,0,0,0,0,0,0,{}
1774214150,normal,k3s-wk1,0.28333333333337374,0.7343363442082768,279.3333333333333,142.4,9659.833333333334,4528.933333333333,0,36,3,0,32,0,"{""process_exit"": 36, ""process_exec"": 36, ""process_kprobe"": 32}"
1774214160,normal,sw-wk3,0.09322222222223597,0.38003549316398477,0.0,0.0,3980.8333333333335,5136.966666666666,0,1,1,0,0,0,"{""process_exit"": 1, ""process_exec"": 1}"
1774214160,normal,sw-wk2,0.4287396937573632,0.4068392120661082,603.8735915727716,290.9193946263084,1986.399093272885,4758.25055003667,0,0,0,0,0,0,{}
1774214160,normal,k3s-wk1,0.28333333333337374,0.7343363442082768,279.3333333333333,142.4,9659.833333333334,4528.933333333333,0,39,3,0,36,0,"{""process_exit"": 39, ""process_exec"": 39, ""process_kprobe"": 36}"
1774214170,normal,sw-wk3,0.08144444444444365,0.3802543411481959,0.0,0.0,2047.2333333333333,5133.833333333333,0,0,0,0,0,0,{}
1774214170,normal,sw-wk2,0.4287396937573632,0.4068392120661082,603.8735915727716,290.9193946263084,1986.399093272885,4758.25055003667,0,2,2,0,0,0,"{""process_exec"": 2}"
1774214170,normal,k3s-wk1,0.28333333333337374,0.7343363442082768,279.3333333333333,142.4,9659.833333333334,4528.933333333333,0,39,3,0,38,0,"{""process_exit"": 39, ""process_exec"": 39, ""process_kprobe"": 38}"
1774214180,normal,sw-wk3,0.08144444444444365,0.3802543411481959,0.0,0.0,2047.2333333333333,5133.833333333333,0,0,0,0,0,0,{}
1774214180,normal,sw-wk2,0.4287396937573632,0.4068392120661082,603.8735915727716,290.9193946263084,1986.399093272885,4758.25055003667,0,105,6,0,0,0,"{""process_exit"": 107, ""process_exec"": 105}"
1774214180,normal,k3s-wk1,0.259666666666615,0.7346455905420628,279.3333333333333,142.4,32947.63333333333,4337.266666666666,0,57,3,0,51,0,"{""process_kprobe"": 51, ""process_exit"": 57, ""process_exec"": 57}"
1774214190,normal,sw-wk3,0.08144444444444365,0.3802543411481959,0.0,0.0,2047.2333333333333,5133.833333333333,0,0,0,0,0,0,{}
1774214190,normal,sw-wk2,0.4839999999999943,0.41020151960384454,6.0,6.6,5230.533333333335,28191.166666666668,0,0,0,0,0,0,{}
1774214190,normal,k3s-wk1,0.259666666666615,0.7346455905420628,279.3333333333333,142.4,32947.63333333333,4337.266666666666,0,9,2,0,8,0,"{""process_exit"": 9, ""process_exec"": 9, ""process_kprobe"": 8}"
1774214200,normal,sw-wk3,0.09433333333333094,0.3805030320393449,4.466666666666667,6.0,3084.1666666666665,5013.3,0,0,0,0,0,0,{}
1774214200,normal,sw-wk2,0.4839999999999943,0.41020151960384454,6.0,6.6,5230.533333333333,28191.166666666668,0,0,0,0,0,0,{}
1774214200,normal,k3s-wk1,0.259666666666615,0.7346455905420628,279.3333333333333,142.4,32947.63333333333,4337.266666666666,0,15,2,0,12,0,"{""process_exit"": 15, ""process_exec"": 15, ""process_kprobe"": 12}"
1774214210,normal,sw-wk3,0.09433333333333094,0.3805030320393449,4.466666666666667,6.0,3084.1666666666665,5013.3,0,1,1,0,0,0,"{""process_exit"": 1, ""process_exec"": 1}"
1774214210,normal,sw-wk2,0.4839999999999943,0.41020151960384454,6.0,6.6,5230.533333333333,28191.166666666668,0,1,1,0,0,0,"{""process_exit"": 1, ""process_exec"": 1}"
1774214210,normal,k3s-wk1,0.2569999999999709,0.7343468717430439,279.33333333333337,142.4,9909.8,6011.866666666667,0,15,2,0,10,0,"{""process_exit"": 16, ""process_exec"": 15, ""process_kprobe"": 10}"
1774214220,normal,sw-wk3,0.09433333333333094,0.3805030320393449,4.466666666666667,6.0,3084.1666666666665,5013.3,0,0,0,0,0,0,{}
1774214220,normal,sw-wk2,0.5389196275803836,0.41155241121220143,0.0,0.0,451.90320645290313,4481.267915472302,0,0,0,0,0,0,{}
1774214220,normal,k3s-wk1,0.2569999999999709,0.7343468717430439,279.3333333333333,142.4,9909.8,6011.866666666667,0,57,3,0,52,0,"{""process_exit"": 57, ""process_exec"": 57, ""process_kprobe"": 52}"
1774214230,normal,sw-wk3,0.09711111111110848,0.38060648745006287,0.0,0.0,1987.8333333333333,5398.133333333333,0,1,1,0,0,0,"{""process_exit"": 1, ""process_exec"": 1}"
1774214230,normal,sw-wk2,0.5389196275803836,0.41155241121220143,0.0,0.0,451.90320645290313,4481.267915472302,0,2,2,0,0,0,"{""process_exec"": 2}"
1774214230,normal,k3s-wk1,0.2569999999999709,0.7343468717430439,279.3333333333333,142.4,9909.8,6011.866666666667,0,9,2,0,10,0,"{""process_kprobe"": 10, ""process_exit"": 9, ""process_exec"": 9}"
1774214240,normal,sw-wk3,0.0971111111111087,0.38060648745006287,0.0,0.0,1987.8333333333333,5398.133333333333,0,0,0,0,0,0,{}
1774214240,normal,sw-wk2,0.5389196275803836,0.41155241121220143,0.0,0.0,451.90320645290313,4481.267915472302,0,104,5,0,0,0,"{""process_exit"": 106, ""process_exec"": 104}"
1774214240,normal,k3s-wk1,0.26677777777784084,0.7378143785069851,279.3333333333333,142.40000000000003,27374.966666666667,4201.5,0,36,3,0,34,0,"{""process_kprobe"": 34, ""process_exit"": 36, ""process_exec"": 36}"
1774214250,normal,sw-wk3,0.0971111111111087,0.38060648745006287,0.0,0.0,1987.8333333333333,5398.133333333333,0,0,0,0,0,0,{}
1774214250,normal,sw-wk2,0.5936395759717346,0.4059717765119939,0.0,0.0,5193.512900860058,27945.629708647244,0,0,0,0,0,0,{}
1774214250,normal,k3s-wk1,0.26677777777784084,0.7378143785069851,279.3333333333333,142.4,27374.966666666667,4201.5,0,12,2,0,11,0,"{""process_exit"": 12, ""process_exec"": 12, ""process_kprobe"": 11}"
1774214261,normal,sw-wk3,0.08822222222222786,0.38083528306992,0.0,0.0,2737.133333333333,4991.466666666666,0,1,1,0,0,0,"{""process_exit"": 1, ""process_exec"": 1}"
1774214261,normal,sw-wk2,0.5936395759717346,0.4059717765119939,0.0,0.0,5193.512900860058,27945.629708647244,0,0,0,0,0,0,"{""process_exit"": 3}"
1774214261,normal,k3s-wk1,0.26677777777784084,0.7378143785069851,279.3333333333333,142.4,27374.966666666667,4201.5,0,30,3,0,29,0,"{""process_kprobe"": 29, ""process_exit"": 30, ""process_exec"": 30}"
1774214270,normal,sw-wk3,0.08822222222222786,0.38083528306992,0.0,0.0,2737.133333333333,4991.466666666666,0,0,0,0,0,0,{}
1774214270,normal,sw-wk2,0.5936395759717346,0.4059717765119939,0.0,0.0,5193.512900860058,27945.629708647244,0,1,1,0,0,0,"{""process_exit"": 1, ""process_exec"": 1}"
1774214270,normal,k3s-wk1,0.28388888888884034,0.7382894335133542,279.3333333333333,142.4,15931.433333333332,10548.666666666666,0,39,3,0,33,0,"{""process_exit"": 39, ""process_exec"": 39, ""process_kprobe"": 33}"
1774214281,normal,sw-wk3,0.08822222222222786,0.38083528306992,0.0,0.0,2737.133333333333,4991.466666666666,0,0,0,0,0,0,{}
1774214281,normal,sw-wk2,0.2743817078861265,0.40081491193340646,0.0,0.0,3306.879541363909,4804.9130057996135,0,0,0,0,0,0,{}
1774214281,normal,k3s-wk1,0.28388888888884034,0.7382894335133542,279.3333333333333,142.4,15931.433333333332,10548.666666666666,0,78,3,0,73,0,"{""process_exit"": 78, ""process_exec"": 78, ""process_kprobe"": 73}"
1774214291,normal,sw-wk3,0.10233333333332373,0.381074026325423,0.0,0.0,3497.366666666667,5222.6,0,0,0,0,0,0,{}
1774214291,normal,sw-wk2,0.2743817078861265,0.40081491193340646,0.0,0.0,3306.879541363909,4804.9130057996135,0,106,7,0,0,0,"{""process_exec"": 106, ""process_exit"": 106}"
1774214291,normal,k3s-wk1,0.28388888888884034,0.7382894335133542,279.3333333333333,142.4,15931.433333333332,10548.666666666666,0,39,3,0,37,0,"{""process_exit"": 39, ""process_exec"": 39, ""process_kprobe"": 37}"
1774214301,normal,sw-wk3,0.10233333333332373,0.381074026325423,0.0,0.0,3497.366666666667,5222.6,0,0,0,0,0,0,{}
1774214301,normal,sw-wk2,0.2743817078861265,0.40081491193340646,0.0,0.0,3306.879541363909,4804.9130057996135,0,0,0,0,0,0,{}
1774214301,normal,k3s-wk1,0.3154444444444783,0.7389381928433818,279.3333333333333,142.4,32666.766666666666,8816.8,0,12,2,0,8,0,"{""process_exit"": 12, ""process_exec"": 12, ""process_kprobe"": 8}"
1774214311,normal,sw-wk3,0.10233333333332373,0.381074026325423,0.0,0.0,3497.366666666667,5222.6,0,1,1,0,0,0,"{""process_exit"": 1, ""process_exec"": 1}"
1774214311,normal,sw-wk2,0.17683401115630015,0.4040578476058978,0.0,0.0,5042.936195746383,27492.232815521038,0,0,0,0,0,0,{}
1774214311,normal,k3s-wk1,0.3154444444444784,0.7389381928433818,279.3333333333333,142.4,32666.766666666666,8816.8,0,15,2,0,13,0,"{""process_exit"": 15, ""process_exec"": 15, ""process_kprobe"": 13}"
1774214320,normal,sw-wk3,0.08766666666668044,0.3812968533638925,0.0,0.0,2666.9666666666667,5205.0,0,1,1,0,0,0,"{""process_exit"": 1, ""process_exec"": 1}"
1774214320,normal,sw-wk2,0.17683401115630015,0.4040578476058978,0.0,0.0,5042.936195746383,27492.232815521038,0,1,1,0,0,0,"{""process_exit"": 1, ""process_exec"": 1}"
1774214320,normal,k3s-wk1,0.3154444444444784,0.7389381928433818,279.3333333333333,142.4,32666.766666666666,8816.8,0,60,3,0,53,0,"{""process_exit"": 60, ""process_exec"": 60, ""process_kprobe"": 53}"
1774214331,normal,sw-wk3,0.08766666666668044,0.3812968533638925,0.0,0.0,2666.9666666666667,5205.0,0,0,0,0,0,0,{}
1774214331,normal,sw-wk2,0.17683401115630015,0.4040578476058978,0.0,0.0,5042.936195746383,27492.232815521038,0,1,1,0,0,0,"{""process_exit"": 1, ""process_exec"": 1}"
1774214331,normal,k3s-wk1,0.2561111111111435,0.7377051553337755,279.3333333333333,142.4,9739.633333333333,2464.9666666666667,0,33,3,0,30,0,"{""process_exit"": 33, ""process_exec"": 33, ""process_kprobe"": 30}"
1774214341,normal,sw-wk3,0.08766666666668044,0.3812968533638925,0.0,0.0,2666.9666666666667,5205.0,0,0,0,0,0,0,{}
1774214341,normal,sw-wk2,0.11988888888891891,0.4058464360534866,0.0,0.0,831.8666666666667,4507.466666666666,0,0,0,0,0,0,{}
1774214341,normal,k3s-wk1,0.2561111111111435,0.7377051553337755,279.3333333333333,142.4,9739.633333333333,2464.9666666666667,0,39,3,0,36,0,"{""process_exit"": 39, ""process_exec"": 39, ""process_kprobe"": 36}"
1774214351,normal,sw-wk3,0.08999999999998387,0.3815316175651371,0.0,0.0,2722.3,5208.3,0,0,0,0,0,0,{}
1774214351,normal,sw-wk2,0.11988888888891891,0.4058464360534866,0.0,0.0,831.8666666666667,4507.466666666666,0,106,7,0,0,0,"{""process_exec"": 106, ""process_exit"": 106}"
1774214351,normal,k3s-wk1,0.2561111111111435,0.7377051553337755,279.3333333333333,142.4,9739.633333333333,2464.9666666666667,0,36,3,0,36,0,"{""process_exit"": 36, ""process_exec"": 36, ""process_kprobe"": 36}"
1774214361,normal,sw-wk3,0.08999999999998387,0.3815316175651371,0.0,0.0,2722.3,5208.3,0,0,0,0,0,0,{}
1774214361,normal,sw-wk2,0.11988888888891891,0.4058464360534866,0.0,0.0,831.8666666666667,4507.466666666666,0,0,0,0,0,0,{}
1774214361,normal,k3s-wk1,0.2866666666666182,0.7366760888102832,283.8,148.4,32671.5,8819.5,0,33,3,0,29,0,"{""process_kprobe"": 29, ""process_exit"": 33, ""process_exec"": 33}"
1774214371,normal,sw-wk3,0.08999999999998387,0.3815316175651371,0.0,0.0,2722.3,5208.3,0,1,1,0,0,0,"{""process_exit"": 1, ""process_exec"": 1}"
1774214371,normal,sw-wk2,0.20022222222220687,0.4049849690926346,0.0,0.0,5152.000000000001,27538.966666666667,0,1,1,0,0,0,"{""process_exit"": 1, ""process_exec"": 1}"
1774214371,normal,k3s-wk1,0.2866666666666182,0.7366760888102832,283.8,148.4,32671.5,8819.5,0,12,2,0,11,0,"{""process_exit"": 12, ""process_exec"": 12, ""process_kprobe"": 11}"
1774214381,normal,sw-wk3,0.09711111111112891,0.38175842365786505,0.0,0.0,2609.9666666666667,5148.633333333333,0,0,0,0,0,0,{}
1774214381,normal,sw-wk2,0.20022222222220687,0.4049849690926346,0.0,0.0,5152.0,27538.966666666667,0,1,1,0,0,0,"{""process_exit"": 1, ""process_exec"": 1}"
1774214381,normal,k3s-wk1,0.2866666666666182,0.7366760888102832,283.8,148.4,32671.5,8819.5,0,36,3,0,31,0,"{""process_exit"": 36, ""process_exec"": 36, ""process_kprobe"": 31}"
1774214391,normal,sw-wk3,0.09711111111112891,0.38175842365786505,0.0,0.0,2609.9666666666667,5148.633333333333,0,0,0,0,0,0,{}
1774214391,normal,sw-wk2,0.20022222222220687,0.4049849690926346,0.0,0.0,5152.0,27538.966666666667,0,0,0,0,0,0,{}
1774214391,normal,k3s-wk1,0.2532222222222319,0.7354970049163587,279.3333333333333,142.4,9847.000000000002,3260.2,0,33,3,0,28,0,"{""process_exit"": 33, ""process_exec"": 33, ""process_kprobe"": 28}"
1774214401,normal,sw-wk3,0.09711111111112891,0.38175842365786505,0.0,0.0,2609.9666666666667,5148.633333333333,0,1,1,0,0,0,"{""process_exit"": 1, ""process_exec"": 1}"
1774214401,normal,sw-wk2,0.09111111111111925,0.4057310432504163,0.0,0.0,799.5666666666666,4511.466666666666,0,0,0,0,0,0,{}
1774214401,normal,k3s-wk1,0.2532222222222319,0.7354970049163587,279.3333333333333,142.4,9847.0,3260.2,0,33,3,0,31,0,"{""process_exit"": 33, ""process_exec"": 33, ""process_kprobe"": 31}"
1774214411,normal,sw-wk3,0.09455555555553774,0.3812451256585335,0.0,0.0,4101.5,5372.2,0,0,0,0,0,0,{}
1774214411,normal,sw-wk2,0.09111111111111925,0.4057310432504163,0.0,0.0,799.5666666666666,4511.466666666666,0,2,2,0,0,0,"{""process_exec"": 2}"
1774214411,normal,k3s-wk1,0.2532222222222319,0.7354970049163587,279.3333333333333,142.4,9847.0,3260.2,0,36,3,0,35,0,"{""process_exit"": 36, ""process_exec"": 36, ""process_kprobe"": 35}"
1774214421,normal,sw-wk3,0.09455555555553774,0.3812451256585335,0.0,0.0,4101.5,5372.2,0,1,1,0,0,0,"{""process_exit"": 1, ""process_exec"": 1}"
1774214421,normal,sw-wk2,0.09111111111111925,0.4057310432504163,0.0,0.0,799.5666666666666,4511.466666666666,0,59,4,0,0,0,"{""process_exit"": 59, ""process_exec"": 59}"
1774214421,normal,k3s-wk1,0.276000000000042,0.7388526566233985,279.3333333333333,142.4,9885.066666666666,5830.966666666666,0,39,3,0,34,0,"{""process_exit"": 39, ""process_exec"": 39, ""process_kprobe"": 34}"
1774214431,normal,sw-wk3,0.09455555555553774,0.3812451256585335,0.0,0.0,4101.5,5372.2,0,1,1,0,0,0,"{""process_exit"": 1, ""process_exec"": 1}"
1774214431,normal,sw-wk2,0.24311111111112238,0.40277460005451315,0.0,0.0,6347.3,28175.0,0,46,3,0,0,0,"{""process_exit"": 48, ""process_exec"": 46}"
1774214431,normal,k3s-wk1,0.276000000000042,0.7388526566233985,279.3333333333333,142.4,9885.066666666666,5830.966666666666,0,33,3,0,32,0,"{""process_exit"": 33, ""process_exec"": 33, ""process_kprobe"": 32}"
1774214441,normal,sw-wk3,0.0888888888888889,0.38102030909293483,0.0,0.0,2760.366666666667,5448.2,0,0,0,0,0,0,{}
1774214441,normal,sw-wk2,0.24311111111112238,0.40277460005451315,0.0,0.0,6347.3,28175.0,0,1,1,0,0,0,"{""process_exec"": 1}"
1774214441,normal,k3s-wk1,0.276000000000042,0.7388526566233985,279.3333333333333,142.4,9885.066666666666,5830.966666666666,0,60,3,0,54,0,"{""process_exit"": 60, ""process_exec"": 60, ""process_kprobe"": 54}"
1774214451,normal,sw-wk3,0.0888888888888889,0.38102030909293483,0.0,0.0,2760.366666666667,5448.2,0,0,0,0,0,0,{}
1774214451,normal,sw-wk2,0.24311111111112238,0.40277460005451315,0.0,0.0,6347.3,28175.0,0,0,0,0,0,0,{}
1774214451,normal,k3s-wk1,0.28877777777771474,0.7380788828180105,279.33333333333337,142.4,33353.73333333333,9537.9,0,12,2,0,9,0,"{""process_kprobe"": 9, ""process_exit"": 12, ""process_exec"": 12}"
1774214461,normal,sw-wk3,0.0888888888888889,0.38102030909293483,0.0,0.0,2760.366666666667,5448.2,0,0,0,0,0,0,{}
1774214461,normal,sw-wk2,0.1383907739483914,0.41339670653023786,0.0,0.0,2121.725218318779,4510.332644490367,0,1,1,0,0,0,"{""process_exit"": 1, ""process_exec"": 1}"
1774214461,normal,k3s-wk1,0.28877777777771474,0.7380788828180105,279.3333333333333,142.4,33353.73333333333,9537.9,0,57,3,0,53,0,"{""process_exit"": 57, ""process_exec"": 57, ""process_kprobe"": 53}"
1774214471,normal,sw-wk3,0.09933333333333894,0.3811237645036528,0.0,0.0,3728.5666666666675,5036.966666666666,0,0,0,0,0,0,{}
1774214471,normal,sw-wk2,0.1383907739483914,0.41339670653023786,0.0,0.0,2121.725218318779,4510.332644490367,0,2,2,0,0,0,"{""process_exec"": 2}"
1774214471,normal,k3s-wk1,0.28877777777771474,0.7380788828180105,279.3333333333333,142.4,33353.73333333333,9537.9,0,12,2,0,13,0,"{""process_exit"": 12, ""process_exec"": 12, ""process_kprobe"": 13}"
1774214481,normal,sw-wk3,0.09933333333333894,0.3811237645036528,0.0,0.0,3728.5666666666666,5036.966666666666,0,0,0,0,0,0,{}
1774214481,normal,sw-wk2,0.1383907739483914,0.41339670653023786,0.0,0.0,2121.725218318779,4510.332644490367,0,104,5,0,0,0,"{""process_exit"": 106, ""process_exec"": 104}"
1774214481,normal,k3s-wk1,0.27022222222225933,0.7400488477613197,279.3333333333333,142.4,10015.433333333332,4245.366666666667,0,39,3,0,32,0,"{""process_exit"": 39, ""process_exec"": 39, ""process_kprobe"": 32}"
1774214491,normal,sw-wk3,0.09933333333333894,0.3811237645036528,0.0,0.0,3728.5666666666666,5036.966666666666,0,1,1,0,0,0,"{""process_exit"": 1, ""process_exec"": 1}"
1774214491,normal,sw-wk2,0.15583261106294677,0.44598124667996997,0.0,0.0,5204.946996466431,28462.597506500435,0,1,1,0,0,0,"{""process_exit"": 1, ""process_exec"": 1}"
1774214491,normal,k3s-wk1,0.27022222222225933,0.7400488477613197,279.3333333333333,142.4,10015.433333333332,4245.366666666667,0,12,2,0,11,0,"{""process_exit"": 12, ""process_exec"": 12, ""process_kprobe"": 11}"
1774214501,normal,sw-wk3,0.09044444444447841,0.3801747600630282,4.466666666666668,6.0,2693.9333333333334,5208.433333333333,0,1,1,0,0,0,"{""process_exit"": 1, ""process_exec"": 1}"
1774214501,normal,sw-wk2,0.15583261106294677,0.44598124667996997,0.0,0.0,5204.946996466431,28462.597506500435,0,0,0,0,0,0,{}
1774214501,normal,k3s-wk1,0.27022222222225933,0.7400488477613197,279.3333333333333,142.4,10015.433333333332,4245.366666666667,0,51,3,0,47,0,"{""process_kprobe"": 47, ""process_exit"": 51, ""process_exec"": 51}"
1774214511,normal,sw-wk3,0.09044444444447841,0.3801747600630282,4.466666666666667,6.0,2693.9333333333334,5208.433333333333,0,0,0,0,0,0,{}
1774214511,normal,sw-wk2,0.15583261106294677,0.44598124667996997,0.0,0.0,5204.946996466431,28462.597506500435,0,1,1,0,0,0,"{""process_exit"": 1, ""process_exec"": 1}"
1774214511,normal,k3s-wk1,0.2783333333333252,0.741101601238038,279.3333333333333,142.4,33358.23333333334,6182.866666666667,0,54,3,0,50,0,"{""process_kprobe"": 50, ""process_exit"": 55, ""process_exec"": 54}"
1774214521,normal,sw-wk3,0.09044444444447841,0.3801747600630282,4.466666666666667,6.0,2693.9333333333334,5208.433333333333,0,0,0,0,0,0,{}
1774214521,normal,sw-wk2,0.09088888888891233,0.4735959381733319,0.0,0.0,376.5,4466.066666666667,0,0,0,0,0,0,{}
1774214521,normal,k3s-wk1,0.2783333333333252,0.741101601238038,279.3333333333333,142.4,33358.23333333333,6182.866666666667,0,15,2,0,13,0,"{""process_exit"": 15, ""process_exec"": 15, ""process_kprobe"": 13}"
1774214531,normal,sw-wk3,0.08777777777775353,0.38037769183020576,0.0,0.0,2334.6,5431.733333333334,0,1,1,0,0,0,"{""process_exit"": 1, ""process_exec"": 1}"
1774214531,normal,sw-wk2,0.09088888888891233,0.4735959381733319,0.0,0.0,376.5,4466.066666666667,0,106,7,0,0,0,"{""process_exec"": 106, ""process_exit"": 106}"
1774214531,normal,k3s-wk1,0.2783333333333252,0.741101601238038,279.3333333333333,142.4,33358.23333333333,6182.866666666667,0,36,3,0,35,0,"{""process_kprobe"": 35, ""process_exit"": 36, ""process_exec"": 36}"
1774214541,normal,sw-wk3,0.08777777777775353,0.38037769183020576,0.0,0.0,2334.6,5431.733333333334,0,0,0,0,0,0,{}
1774214541,normal,sw-wk2,0.09088888888891233,0.4735959381733319,0.0,0.0,376.5,4466.066666666667,0,0,0,0,0,0,{}
1774214541,normal,k3s-wk1,0.28533333333333655,0.7377920074956048,277.2,140.4,32993.73333333333,8844.766666666666,0,39,3,0,35,0,"{""process_kprobe"": 35, ""process_exit"": 39, ""process_exec"": 39}"
1774214551,normal,sw-wk3,0.08777777777775353,0.38037769183020576,0.0,0.0,2334.6,5431.733333333334,0,0,0,0,0,0,{}
1774214551,normal,sw-wk2,0.1777777777777576,0.5086136748429763,4.466666666666667,6.0,5017.266666666666,27761.533333333333,0,0,0,0,0,0,{}
1774214551,normal,k3s-wk1,0.28533333333333655,0.7377920074956048,277.2,140.4,32993.73333333333,8844.766666666666,0,48,3,0,44,0,"{""process_exit"": 49, ""process_exec"": 48, ""process_kprobe"": 44}"
1774214561,normal,sw-wk3,0.09011111111111758,0.380608476977192,0.0,0.0,3117.133333333333,4948.733333333334,0,1,1,0,0,0,"{""process_exit"": 1, ""process_exec"": 1}"
1774214561,normal,sw-wk2,0.1777777777777576,0.5086136748429763,4.466666666666667,6.0,5017.266666666666,27761.533333333333,0,0,0,0,0,0,{}
1774214561,normal,k3s-wk1,0.28533333333333655,0.7377920074956048,277.2,140.4,32993.73333333333,8844.766666666666,0,42,3,0,38,0,"{""process_exec"": 42, ""process_kprobe"": 38, ""process_exit"": 41}"
1774214571,normal,sw-wk3,0.09011111111111758,0.380608476977192,0.0,0.0,3117.133333333333,4948.733333333334,0,0,0,0,0,0,{}
1774214571,normal,sw-wk2,0.1777777777777576,0.5086136748429763,4.466666666666667,6.0,5017.266666666666,27761.533333333333,0,1,1,0,0,0,"{""process_exit"": 1, ""process_exec"": 1}"
1774214571,normal,k3s-wk1,0.2652222222222109,0.7372787901757045,279.3333333333333,142.4,9721.866666666667,3150.3333333333335,0,36,3,0,31,0,"{""process_exit"": 36, ""process_exec"": 36, ""process_kprobe"": 31}"
1774214581,normal,sw-wk3,0.09011111111111758,0.380608476977192,0.0,0.0,3117.133333333333,4948.733333333334,0,1,1,0,0,0,"{""process_exit"": 1, ""process_exec"": 1}"
1774214581,normal,sw-wk2,0.1101111111111095,0.531829513102057,0.0,0.0,1471.7333333333333,4559.2,0,0,0,0,0,0,"{""process_exit"": 1}"
1774214581,normal,k3s-wk1,0.2652222222222109,0.7372787901757045,279.3333333333333,142.4,9721.866666666667,3150.3333333333335,0,39,3,0,35,0,"{""process_exit"": 39, ""process_exec"": 39, ""process_kprobe"": 35}"
1774214591,normal,sw-wk3,0.09666666666665458,0.38014491715609033,0.0,0.0,3230.7666666666664,5435.533333333333,0,0,0,0,0,0,{}
1774214591,normal,sw-wk2,0.1101111111111095,0.531829513102057,0.0,0.0,1471.7333333333333,4559.2,0,107,7,0,0,0,"{""process_exec"": 107, ""process_exit"": 107}"
1774214591,normal,k3s-wk1,0.2652222222222109,0.7372787901757045,279.3333333333333,142.4,9721.866666666667,3150.3333333333335,0,33,3,0,33,0,"{""process_exit"": 33, ""process_exec"": 33, ""process_kprobe"": 33}"
1774214601,normal,sw-wk3,0.09666666666665458,0.38014491715609033,0.0,0.0,3230.7666666666664,5435.533333333333,0,0,0,0,0,0,{}
1774214601,normal,sw-wk2,0.1101111111111095,0.531829513102057,0.0,0.0,1471.7333333333333,4559.2,0,0,0,0,0,0,{}
1774214601,normal,k3s-wk1,0.30966666666669573,0.7383894450936423,279.3333333333333,142.40000000000003,33385.26666666666,11700.066666666666,0,42,3,0,36,0,"{""process_exit"": 42, ""process_exec"": 42, ""process_kprobe"": 36}"
1774214611,normal,sw-wk3,0.09666666666665458,0.38014491715609033,0.0,0.0,3230.7666666666664,5435.533333333333,0,0,0,0,0,0,{}
1774214611,normal,sw-wk2,0.23711111111111272,0.40421104149962894,0.0,0.0,6991.533333333333,27983.899999999998,0,0,0,0,0,0,{}
1774214611,normal,k3s-wk1,0.30966666666669573,0.7383894450936423,279.3333333333333,142.4,33385.26666666666,11700.066666666666,0,12,2,0,13,0,"{""process_kprobe"": 13, ""process_exit"": 12, ""process_exec"": 12}"
1774214621,normal,sw-wk3,0.08866666666666179,0.38045727291537346,0.0,0.0,2412.4666666666667,4979.1,0,0,0,0,0,0,{}
1774214621,normal,sw-wk2,0.23711111111111272,0.40421104149962894,0.0,0.0,6991.533333333333,27983.899999999998,0,0,0,0,0,0,{}
1774214621,normal,k3s-wk1,0.30966666666669573,0.7383894450936423,279.3333333333333,142.4,33385.26666666666,11700.066666666666,0,15,2,0,12,0,"{""process_kprobe"": 12, ""process_exit"": 15, ""process_exec"": 15}"
1774214631,normal,sw-wk3,0.08866666666666179,0.38045727291537346,0.0,0.0,2412.4666666666667,4979.1,0,0,0,0,0,0,{}
1774214631,normal,sw-wk2,0.23711111111111272,0.40421104149962894,0.0,0.0,6991.533333333333,27983.899999999998,0,0,0,0,0,0,{}
1774214631,normal,k3s-wk1,0.24544444444440572,0.7391434797713419,466.8666666666667,232.83333333333337,8913.833333333334,1399.2,0,9,2,0,6,0,"{""process_exit"": 9, ""process_exec"": 9, ""process_kprobe"": 6}"
1774214641,normal,sw-wk3,0.08866666666666179,0.38045727291537346,0.0,0.0,2412.4666666666667,4979.1,0,1,1,0,0,0,"{""process_exit"": 1, ""process_exec"": 1}"
1774214641,normal,sw-wk2,0.09061618114349557,0.40651093943668415,0.0,0.0,855.4096393573761,4040.2973135124325,0,0,0,0,0,0,{}
1774214641,normal,k3s-wk1,0.24544444444440572,0.7391434797713419,466.8666666666667,232.83333333333334,8913.833333333334,1399.2,0,42,3,0,37,0,"{""process_exit"": 42, ""process_exec"": 42, ""process_kprobe"": 37}"
1774214651,normal,sw-wk3,0.08799057997579973,0.38055674927183303,0.0,0.0,2657.7132002532744,5182.49075215783,0,0,0,0,0,0,{}
1774214651,normal,sw-wk2,0.09061618114349557,0.40651093943668415,0.0,0.0,855.4096393573761,4040.2973135124325,0,3,2,0,0,0,"{""process_exec"": 3, ""process_exit"": 1}"
1774214651,normal,k3s-wk1,0.24544444444440572,0.7391434797713419,466.8666666666667,232.83333333333334,8913.833333333334,1399.2,0,12,2,0,13,0,"{""process_exit"": 12, ""process_exec"": 12, ""process_kprobe"": 13}"
1774214661,normal,sw-wk3,0.08799057997579973,0.38055674927183303,0.0,0.0,2657.713200253274,5182.49075215783,0,1,1,0,0,0,"{""process_exit"": 1, ""process_exec"": 1}"
1774214661,normal,sw-wk2,0.09061618114349557,0.40651093943668415,0.0,0.0,855.4096393573761,4040.2973135124325,0,1,1,0,0,0,"{""process_exit"": 1, ""process_exec"": 1}"
1774214661,normal,k3s-wk1,0.2732222222222238,0.7394672014654329,281.3333333333333,144.4,9878.266666666666,5005.033333333333,0,78,3,0,71,0,"{""process_exit"": 78, ""process_exec"": 78, ""process_kprobe"": 71}"
1774214671,normal,sw-wk3,0.08799057997579973,0.38055674927183303,0.0,0.0,2657.713200253274,5182.49075215783,0,0,0,0,0,0,{}
1774214671,normal,sw-wk2,0.1518323443784947,0.39912977910236336,0.0,0.0,5274.31828788586,28221.981465431032,0,104,5,0,0,0,"{""process_exit"": 106, ""process_exec"": 104}"
1774214671,normal,k3s-wk1,0.2732222222222238,0.7394672014654329,281.3333333333333,144.4,9878.266666666666,5005.033333333333,0,36,3,0,33,0,"{""process_exit"": 36, ""process_exec"": 36, ""process_kprobe"": 33}"
1774214681,normal,sw-wk3,0.09023216528300404,0.38015287526460706,0.0,0.0,2598.5730003667522,5116.127096322475,0,0,0,0,0,0,{}
1774214681,normal,sw-wk2,0.1518323443784947,0.39912977910236336,0.0,0.0,5274.31828788586,28221.981465431032,0,0,0,0,0,0,{}
1774214681,normal,k3s-wk1,0.2732222222222238,0.7394672014654329,281.3333333333333,144.4,9878.266666666666,5005.033333333333,0,15,2,0,11,0,"{""process_exit"": 15, ""process_exec"": 15, ""process_kprobe"": 11}"
1774214691,normal,sw-wk3,0.09023216528300404,0.38015287526460706,0.0,0.0,2598.5730003667522,5116.127096322475,0,0,0,0,0,0,{}
1774214691,normal,sw-wk2,0.1518323443784947,0.39912977910236336,0.0,0.0,5274.31828788586,28221.981465431032,0,1,1,0,0,0,"{""process_exit"": 1, ""process_exec"": 1}"
1774214691,normal,k3s-wk1,0.26544444444447846,0.7383776016170294,279.2,142.4,32588.000000000007,6218.6,0,30,3,0,28,0,"{""process_kprobe"": 28, ""process_exit"": 30, ""process_exec"": 30}"
1774214701,normal,sw-wk3,0.09023216528300404,0.38015287526460706,0.0,0.0,2598.5730003667522,5116.127096322475,0,1,1,0,0,0,"{""process_exit"": 1, ""process_exec"": 1}"
1774214701,normal,sw-wk2,0.09933333333333894,0.3982842283902107,0.0,0.0,685.4333333333333,4195.8,0,0,0,0,0,0,{}
1774214701,normal,k3s-wk1,0.26544444444447846,0.7383776016170294,279.2,142.4,32588.0,6218.6,0,15,2,0,14,0,"{""process_exit"": 15, ""process_exec"": 15, ""process_kprobe"": 14}"
1774214711,normal,sw-wk3,0.09388888888889702,0.38050900062073245,0.0,0.0,4066.6666666666665,5375.0,0,0,0,0,0,0,{}
1774214711,normal,sw-wk2,0.09933333333333894,0.3982842283902107,0.0,0.0,685.4333333333333,4195.8,0,106,7,0,0,0,"{""process_exec"": 106, ""process_exit"": 104}"
1774214711,normal,k3s-wk1,0.26544444444447846,0.7383776016170294,279.2,142.4,32588.0,6218.6,0,12,2,0,14,0,"{""process_kprobe"": 14, ""process_exit"": 12, ""process_exec"": 12}"
1774214721,normal,sw-wk3,0.09388888888889702,0.38050900062073245,0.0,0.0,4066.6666666666665,5375.0,0,0,0,0,0,0,{}
1774214721,normal,sw-wk2,0.09933333333333894,0.3982842283902107,0.0,0.0,685.4333333333333,4195.8,0,0,0,0,0,0,"{""process_exit"": 2}"
1774214721,normal,k3s-wk1,0.28566666666665697,0.7408015664971734,283.2,147.0,33530.8,12697.8,0,15,2,0,10,0,"{""process_exit"": 15, ""process_exec"": 15, ""process_kprobe"": 10}"
1774214731,normal,sw-wk3,0.09388888888889702,0.38050900062073245,0.0,0.0,4066.6666666666665,5375.0,0,0,0,0,0,0,{}
1774214731,normal,sw-wk2,0.19222222222221408,0.4031565900232974,0.0,0.0,6611.0,27917.433333333334,0,0,0,0,0,0,{}
1774214731,normal,k3s-wk1,0.28566666666665697,0.7408015664971734,283.2,147.0,33530.8,12697.8,0,57,3,0,53,0,"{""process_exit"": 57, ""process_exec"": 57, ""process_kprobe"": 53}"
1774214741,normal,sw-wk3,0.10677777777778419,0.37982659281541964,0.0,0.0,4902.8,5419.166666666667,0,1,1,0,0,0,"{""process_exit"": 1, ""process_exec"": 1}"
1774214741,normal,sw-wk2,0.19222222222221408,0.4031565900232974,0.0,0.0,6611.0,27917.433333333334,0,1,1,0,0,0,"{""process_exit"": 1, ""process_exec"": 1}"
1774214741,normal,k3s-wk1,0.28566666666665697,0.7408015664971734,283.2,147.0,33530.8,12697.8,0,60,8,0,50,0,"{""process_exit"": 58, ""process_exec"": 60, ""process_kprobe"": 50}"
1774214751,normal,sw-wk3,0.10677777777778419,0.37982659281541964,0.0,0.0,4902.8,5419.166666666667,0,0,0,0,0,0,{}
1774214751,normal,sw-wk2,0.19222222222221408,0.4031565900232974,0.0,0.0,6611.0,27917.433333333334,0,0,0,0,0,0,{}
1774214751,normal,k3s-wk1,0.31011111111106915,0.7470022844750445,143396.23333333334,1168.5,9727.5,4160.6,0,38,4,0,31,0,"{""process_exit"": 38, ""process_exec"": 38, ""process_kprobe"": 31}"
1774214761,normal,sw-wk3,0.10677777777778419,0.37982659281541964,0.0,0.0,4902.8,5419.166666666667,0,0,0,0,0,0,{}
1774214761,normal,sw-wk2,0.10888888888890103,0.404539314129053,0.0,0.0,1097.4666666666667,4574.866666666667,0,0,0,0,0,0,{}
1774214761,normal,k3s-wk1,0.31011111111106915,0.7470022844750445,143396.23333333334,1168.5,9727.5,4160.6,0,36,3,0,33,0,"{""process_exit"": 36, ""process_exec"": 36, ""process_kprobe"": 33}"
1774214771,normal,sw-wk3,0.09822222222220367,0.38006533607092263,0.0,0.0,1801.8999999999999,5165.2,0,0,0,0,0,0,{}
1774214771,normal,sw-wk2,0.10888888888890103,0.404539314129053,0.0,0.0,1097.4666666666667,4574.866666666667,0,2,2,0,0,0,"{""process_exec"": 2}"
1774214771,normal,k3s-wk1,0.31011111111106915,0.7470022844750445,143396.23333333334,1168.5,9727.5,4160.6,0,12,2,0,11,0,"{""process_exit"": 12, ""process_exec"": 12, ""process_kprobe"": 11}"
1774214781,normal,sw-wk3,0.09822222222220367,0.38006533607092263,0.0,0.0,1801.8999999999999,5165.2,0,1,1,0,0,0,"{""process_exit"": 1, ""process_exec"": 1}"
1774214781,normal,sw-wk2,0.10888888888890103,0.404539314129053,0.0,0.0,1097.4666666666667,4574.866666666667,0,0,0,0,0,0,{}
1774214781,normal,k3s-wk1,0.2746666666666796,0.7483445451578603,277.2,140.4,10204.5,4377.7,0,60,3,0,56,0,"{""process_exit"": 60, ""process_exec"": 60, ""process_kprobe"": 56}"
1774214791,normal,sw-wk3,0.09822222222220367,0.38006533607092263,0.0,0.0,1801.8999999999999,5165.2,0,0,0,0,0,0,"{""process_exit"": 1}"
1774214791,normal,sw-wk2,0.16211111111109255,0.4045472722534026,5.133333333333333,5.0,3179.1,27962.2,0,104,5,0,0,0,"{""process_exit"": 106, ""process_exec"": 104}"
1774214791,normal,k3s-wk1,0.2746666666666796,0.7483445451578603,277.2,140.4,10204.5,4377.7,0,36,3,0,33,0,"{""process_exit"": 36, ""process_exec"": 36, ""process_kprobe"": 33}"
1774214801,normal,sw-wk3,0.115222222222231,0.380286173582263,0.0,0.0,1569.5,5626.566666666667,0,1,1,0,0,0,"{""process_exec"": 1}"
1774214801,normal,sw-wk2,0.16211111111109255,0.4045472722534026,5.133333333333333,5.0,3179.1,27962.2,0,0,0,0,0,0,{}
1774214801,normal,k3s-wk1,0.2746666666666796,0.7483445451578603,277.2,140.4,10204.5,4377.7,0,33,3,0,31,0,"{""process_kprobe"": 31, ""process_exit"": 33, ""process_exec"": 33}"
1774214811,normal,sw-wk3,0.11522222222223111,0.380286173582263,0.0,0.0,1569.5,5626.566666666667,0,0,0,0,0,0,{}
1774214811,normal,sw-wk2,0.16211111111109255,0.4045472722534026,5.133333333333333,5.0,3179.1,27962.2,0,0,0,0,0,0,{}
1774214811,normal,k3s-wk1,0.2549815825678138,0.7507514027940078,283.38436959126614,148.18266542404473,31172.680069231792,2889.3622686726135,0,15,2,0,10,0,"{""process_exit"": 16, ""process_exec"": 15, ""process_kprobe"": 10}"
1774214821,transition,sw-wk3,0.11522222222223111,0.380286173582263,0.0,0.0,1569.5,5626.566666666667,10,0,0,0,0,0,{}
1774214821,transition,sw-wk2,0.0,0.4045472722534026,0.0,0.0,0.0,0.0,10,0,0,0,0,0,{}
1774214821,transition,k3s-wk1,0.2549815825678138,0.7507514027940078,283.38436959126614,148.18266542404473,31172.680069231792,2889.3622686726135,10,57,3,0,53,0,"{""process_exit"": 57, ""process_exec"": 57, ""process_kprobe"": 53}"
1774214831,transition,sw-wk3,0.10644444444442347,0.3800195769469512,0.0,0.0,1381.8333333333333,4940.266666666666,20,0,0,0,0,0,{}
1774214831,transition,sw-wk2,0.0,0.0,0.0,0.0,0.0,0.0,20,0,0,0,0,0,{}
1774214831,transition,k3s-wk1,0.2549815825678138,0.7507514027940078,283.38436959126614,148.18266542404473,31172.680069231792,2889.3622686726135,20,12,2,0,11,0,"{""process_exit"": 12, ""process_exec"": 12, ""process_kprobe"": 11}"
1774214841,transition,sw-wk3,0.10644444444442347,0.3800195769469512,0.0,0.0,1381.8333333333333,4940.266666666666,30,1,1,0,0,0,"{""process_exit"": 1, ""process_exec"": 1}"
1774214841,transition,sw-wk2,0.0,0.0,0.0,0.0,0.0,0.0,30,0,0,0,0,0,{}
1774214841,transition,k3s-wk1,0.2552410201629024,0.7460784932992242,279.74362398184,142.60916010148216,4970.924021898784,1650.453999198825,30,18,2,0,15,0,"{""process_kprobe"": 15, ""process_exit"": 18, ""process_exec"": 18}"
1774214851,transition,sw-wk3,0.10644444444442347,0.3800195769469512,0.0,0.0,1381.8333333333333,4940.266666666666,40,0,0,0,0,0,{}
1774214851,transition,sw-wk2,0.0,0.0,0.0,0.0,0.0,0.0,40,0,0,0,0,0,{}
1774214851,transition,k3s-wk1,0.2552410201629024,0.7460784932992242,279.74362398184,142.60916010148216,4970.924021898784,1650.453999198825,40,57,3,0,54,0,"{""process_exit"": 57, ""process_exec"": 57, ""process_kprobe"": 54}"
1774214861,transition,sw-wk3,0.09600000000001374,0.37935905394005953,0.0,0.0,6532.4000000000015,5518.533333333333,50,0,0,0,0,0,{}
1774214861,transition,sw-wk2,0.0,0.0,0.0,0.0,0.0,0.0,50,0,0,0,0,0,{}
1774214861,transition,k3s-wk1,0.2552410201629024,0.7460784932992242,279.74362398184,142.60916010148216,4970.924021898784,1650.453999198825,50,51,3,0,47,0,"{""process_kprobe"": 47, ""process_exit"": 51, ""process_exec"": 51}"
1774214871,transition,sw-wk3,0.09600000000001374,0.37935905394005953,0.0,0.0,6532.4,5518.533333333333,60,0,0,0,0,0,{}
1774214871,transition,sw-wk2,0.0,0.0,0.0,0.0,0.0,0.0,60,0,0,0,0,0,{}
1774214871,transition,k3s-wk1,0.29844444444445095,0.7455665919211698,279.3333333333333,142.4,10406.3,19729.833333333332,60,58,4,0,54,0,"{""process_exit"": 60, ""process_exec"": 58, ""process_kprobe"": 54}"
1774214881,transition,sw-wk3,0.09600000000001374,0.37935905394005953,0.0,0.0,6532.4,5518.533333333333,70,1,1,0,0,0,"{""process_exit"": 1, ""process_exec"": 1}"
1774214881,transition,sw-wk2,0.0,0.4051819326702889,0.0,0.0,0.0,0.0,70,0,0,0,0,0,{}
1774214881,transition,k3s-wk1,0.29844444444445095,0.7455665919211698,279.3333333333333,142.4,10406.3,19729.833333333332,70,12,2,0,14,0,"{""process_kprobe"": 14, ""process_exit"": 12, ""process_exec"": 12}"
1774214891,transition,sw-wk3,0.16566666666668528,0.3838852281589712,0.0,0.0,13000.366666666667,5781.933333333333,80,0,0,0,0,0,{}
1774214891,transition,sw-wk2,0.0,0.4051819326702889,0.0,0.0,0.0,0.0,80,0,0,0,0,0,{}
1774214891,transition,k3s-wk1,0.29844444444445095,0.7455665919211698,279.3333333333333,142.4,10406.3,19729.833333333332,80,54,3,0,54,0,"{""process_kprobe"": 54, ""process_exit"": 54, ""process_exec"": 54}"
1774214901,transition,sw-wk3,0.16566666666668528,0.3838852281589712,0.0,0.0,13000.366666666667,5781.933333333333,90,0,0,0,0,0,{}
1774214901,transition,sw-wk2,0.0,0.4051819326702889,0.0,0.0,0.0,0.0,90,0,0,0,0,0,{}
1774214901,transition,k3s-wk1,0.32822222222219155,0.743384760340671,279.3333333333333,142.4,12163.533333333333,27830.13333333333,90,15,2,0,10,0,"{""process_exit"": 15, ""process_exec"": 15, ""process_kprobe"": 10}"
1774214911,normal,sw-wk3,0.16566666666668528,0.3838852281589712,0.0,0.0,13000.366666666667,5781.933333333333,0,0,0,0,0,0,{}
1774214911,normal,sw-wk2,0.1418316776674251,0.4057966977763011,0.0,0.0,4830.155343689579,4447.296486432429,0,0,0,0,0,0,{}
1774214911,normal,k3s-wk1,0.32822222222219155,0.743384760340671,279.3333333333333,142.4,12163.533333333333,27830.13333333333,0,75,3,0,71,0,"{""process_exit"": 75, ""process_exec"": 75, ""process_kprobe"": 71}"
1774214921,normal,sw-wk3,0.1184444444444428,0.3841239714144742,0.0,0.0,2639.0,4906.066666666667,0,0,0,0,0,0,{}
1774214921,normal,sw-wk2,0.1418316776674251,0.4057966977763011,0.0,0.0,4830.155343689579,4447.296486432429,0,0,0,0,0,0,{}
1774214921,normal,k3s-wk1,0.32822222222219155,0.743384760340671,279.3333333333333,142.4,12163.533333333333,27830.13333333333,0,33,3,0,29,0,"{""process_exit"": 33, ""process_exec"": 33, ""process_kprobe"": 29}"
1774214931,normal,sw-wk3,0.1184444444444428,0.3841239714144742,0.0,0.0,2639.0,4906.066666666667,0,1,1,0,0,0,"{""process_exit"": 1, ""process_exec"": 1}"
1774214931,normal,sw-wk2,0.1418316776674251,0.4057966977763011,0.0,0.0,4830.155343689579,4447.296486432429,0,0,0,0,0,0,{}
1774214931,normal,k3s-wk1,0.26877777777780365,0.7425846676983651,279.33333333333337,142.4,9042.4,5880.1,0,36,3,0,31,0,"{""process_exit"": 36, ""process_exec"": 36, ""process_kprobe"": 31}"
1774214941,normal,sw-wk3,0.1184444444444428,0.3841239714144742,0.0,0.0,2639.0,4906.066666666667,0,0,0,0,0,0,{}
1774214941,normal,sw-wk2,0.08377777777776729,0.40862183192043466,0.0,0.0,464.5333333333333,3957.4333333333343,0,0,0,0,0,0,{}
1774214941,normal,k3s-wk1,0.26877777777780365,0.7425846676983651,279.3333333333333,142.4,9042.4,5880.1,0,15,2,0,13,0,"{""process_exit"": 15, ""process_exec"": 15, ""process_kprobe"": 13}"
1774214951,normal,sw-wk3,0.10499999999996767,0.38422344777093376,0.0,0.0,2575.6,5123.366666666667,0,0,0,0,0,0,{}
1774214951,normal,sw-wk2,0.08377777777776729,0.40862183192043466,0.0,0.0,464.5333333333333,3957.4333333333334,0,0,0,0,0,0,{}
1774214951,normal,k3s-wk1,0.26877777777780365,0.7425846676983651,279.3333333333333,142.4,9042.4,5880.1,0,15,2,0,15,0,"{""process_exit"": 15, ""process_exec"": 15, ""process_kprobe"": 15}"
1774214961,normal,sw-wk3,0.10499999999996767,0.38422344777093376,0.0,0.0,2575.6,5123.366666666667,0,0,0,0,0,0,{}
1774214961,normal,sw-wk2,0.08377777777776729,0.40862183192043466,0.0,0.0,464.5333333333333,3957.4333333333334,0,0,0,0,0,0,{}
1774214961,normal,k3s-wk1,0.263111111111074,0.738292065397046,279.3333333333333,142.4,9453.866666666667,4964.166666666667,0,78,3,0,73,0,"{""process_exit"": 78, ""process_exec"": 78, ""process_kprobe"": 73}"
1774214971,normal,sw-wk3,0.10499999999996767,0.38422344777093376,0.0,0.0,2575.6,5123.366666666667,0,1,1,0,0,0,"{""process_exit"": 1, ""process_exec"": 1}"
1774214971,normal,sw-wk2,0.1385305913852961,0.4056136609162586,0.0,0.0,5151.651501516515,4485.7847548578475,0,0,0,0,0,0,{}
1774214971,normal,k3s-wk1,0.263111111111074,0.738292065397046,279.3333333333333,142.4,9453.866666666667,4964.166666666667,0,36,3,0,34,0,"{""process_exit"": 36, ""process_exec"": 36, ""process_kprobe"": 34}"
1774214981,normal,sw-wk3,0.12277777777778986,0.3842135001352879,0.0,0.0,2727.4333333333334,5196.6,0,0,0,0,0,0,{}
1774214981,normal,sw-wk2,0.1385305913852961,0.4056136609162586,0.0,0.0,5151.651501516515,4485.7847548578475,0,0,0,0,0,0,{}
1774214981,normal,k3s-wk1,0.263111111111074,0.738292065397046,279.3333333333333,142.4,9453.866666666667,4964.166666666667,0,39,3,0,34,0,"{""process_kprobe"": 34, ""process_exit"": 39, ""process_exec"": 39}"
1774214991,normal,sw-wk3,0.12277777777778986,0.3842135001352879,0.0,0.0,2727.4333333333334,5196.6,0,1,1,0,0,0,"{""process_exit"": 1, ""process_exec"": 1}"
1774214991,normal,sw-wk2,0.1385305913852961,0.4056136609162586,0.0,0.0,5151.651501516515,4485.7847548578475,0,0,0,0,0,0,{}
1774214991,normal,k3s-wk1,0.27677777777781654,0.7388960827043132,279.3333333333333,142.4,9385.300000000001,5992.4,0,57,3,0,50,0,"{""process_exit"": 57, ""process_exec"": 57, ""process_kprobe"": 50}"
1774215001,normal,sw-wk3,0.12277777777778986,0.3842135001352879,0.0,0.0,2727.4333333333334,5196.6,0,0,0,0,0,0,{}
1774215001,normal,sw-wk2,0.07624095742908521,0.4062324050844457,4.467113378004467,6.0006000600060005,821.8821882188219,4032.7366069940326,0,0,0,0,0,0,{}
1774215001,normal,k3s-wk1,0.27677777777781654,0.7388960827043132,279.3333333333333,142.4,9385.3,5992.4,0,36,3,0,33,0,"{""process_exit"": 36, ""process_exec"": 36, ""process_kprobe"": 33}"
1774215011,normal,sw-wk3,0.10823001377593622,0.3839270082286842,4.466071190507932,5.999200106652447,3683.2755632582325,5467.304359418745,0,1,1,0,0,0,"{""process_exit"": 1, ""process_exec"": 1}"
1774215011,normal,sw-wk2,0.07624095742908521,0.4062324050844457,4.467113378004467,6.0006000600060005,821.8821882188219,4032.7366069940326,0,0,0,0,0,0,{}
1774215011,normal,k3s-wk1,0.27677777777781654,0.7388960827043132,279.3333333333333,142.4,9385.3,5992.4,0,12,2,0,13,0,"{""process_kprobe"": 13, ""process_exit"": 12, ""process_exec"": 12}"
1774215021,normal,sw-wk3,0.10823001377593622,0.3839270082286842,4.466071190507932,5.999200106652447,3683.2755632582325,5467.304359418745,0,0,0,0,0,0,{}
1774215021,normal,sw-wk2,0.07624095742908521,0.4062324050844457,4.467113378004467,6.0006000600060005,821.8821882188219,4032.7366069940326,0,0,0,0,0,0,{}
1774215021,normal,k3s-wk1,0.2646666666666633,0.7391974333870237,279.3333333333333,142.4,10131.766666666666,6232.833333333333,0,15,2,0,11,0,"{""process_kprobe"": 11, ""process_exit"": 15, ""process_exec"": 15}"
1774215031,normal,sw-wk3,0.10823001377593622,0.3839270082286842,4.466071190507932,5.999200106652447,3683.2755632582325,5467.304359418745,0,0,0,0,0,0,{}
1774215031,normal,sw-wk2,0.14627913694642425,0.399732607021851,0.0,0.0,4970.001999866676,4587.694153723085,0,0,0,0,0,0,{}
1774215031,normal,k3s-wk1,0.2646666666666635,0.7391974333870237,279.3333333333333,142.4,10131.766666666666,6232.833333333333,0,36,3,0,33,0,"{""process_exit"": 36, ""process_exec"": 36, ""process_kprobe"": 33}"
1774215041,normal,sw-wk3,0.11432635462507323,0.38402250553088546,0.0,0.0,2722.7630350713425,5205.960794772636,0,0,0,0,0,0,{}
1774215041,normal,sw-wk2,0.14627913694642425,0.399732607021851,0.0,0.0,4970.001999866676,4587.694153723085,0,0,0,0,0,0,{}
1774215041,normal,k3s-wk1,0.2646666666666635,0.7391974333870237,279.3333333333333,142.4,10131.766666666666,6232.833333333333,0,36,3,0,31,0,"{""process_exit"": 36, ""process_exec"": 36, ""process_kprobe"": 31}"
1774215053,normal,sw-wk3,0.11432635462507323,0.38402250553088546,0.0,0.0,2722.7630350713425,5205.960794772636,0,0,0,0,0,0,{}
1774215053,normal,sw-wk2,0.14627913694642425,0.399732607021851,0.0,0.0,4970.001999866676,4587.694153723085,0,0,0,0,0,0,{}
1774215053,normal,k3s-wk1,0.30722222222219797,0.740934476623609,279.3333333333333,157.2,9215.466666666667,8198.1,0,26,7,0,17,4,"{""process_exec"": 26, ""process_exit"": 29, ""process_kprobe"": 17}"
1774215063,normal,sw-wk3,0.11432635462507323,0.38402250553088546,0.0,0.0,2722.7630350713425,5205.960794772636,0,1,1,0,0,0,"{""process_exit"": 1, ""process_exec"": 1}"
1774215063,normal,sw-wk2,0.08622222222222464,0.4036082135801413,0.0,0.0,889.3,3998.633333333334,0,0,0,0,0,0,{}
1774215063,normal,k3s-wk1,0.30722222222219797,0.740934476623609,279.3333333333333,157.2,9215.466666666667,8198.1,0,43,7,0,39,2,"{""process_exec"": 43, ""process_kprobe"": 39, ""process_exit"": 44}"
1774215073,normal,sw-wk3,0.12228073683976615,0.3840026102595935,0.0,0.0,3874.5750283314446,5191.653889740684,0,0,0,0,0,0,{}
1774215073,normal,sw-wk2,0.08622222222222464,0.4036082135801413,0.0,0.0,889.3,3998.633333333333,0,0,0,0,0,0,{}
1774215073,normal,k3s-wk1,0.30722222222219797,0.740934476623609,279.3333333333333,157.2,9215.466666666667,8198.1,0,63,7,0,59,2,"{""process_exit"": 65, ""process_exec"": 63, ""process_kprobe"": 59}"
1774215083,normal,sw-wk3,0.12228073683976615,0.3840026102595935,0.0,0.0,3874.5750283314446,5191.653889740684,0,0,0,0,0,0,{}
1774215083,normal,sw-wk2,0.08622222222222464,0.4036082135801413,0.0,0.0,889.3,3998.633333333333,0,0,0,0,0,0,{}
1774215083,normal,k3s-wk1,0.28877777777779556,0.7450941687984924,291.3333333333333,186.8,9503.533333333333,5042.733333333334,0,39,7,0,31,2,"{""process_exit"": 41, ""process_exec"": 39, ""process_kprobe"": 31}"
1774215093,normal,sw-wk3,0.12228073683976615,0.3840026102595935,0.0,0.0,3874.5750283314446,5191.653889740684,0,1,1,0,0,0,"{""process_exit"": 1, ""process_exec"": 1}"
1774215093,normal,sw-wk2,0.14036198793372678,0.40318643298960866,0.0,0.0,4819.739342021931,4455.551481617279,0,0,0,0,0,0,{}
1774215093,normal,k3s-wk1,0.28877777777779556,0.7450941687984924,291.3333333333333,186.8,9503.533333333333,5042.733333333334,0,42,7,0,36,2,"{""process_exit"": 44, ""process_exec"": 42, ""process_kprobe"": 36}"
1774215103,normal,sw-wk3,0.1111629664199657,0.38399863120533506,0.0,0.0,2732.915527701847,5199.54663644243,0,0,0,0,0,0,{}
1774215103,normal,sw-wk2,0.14036198793372678,0.40318643298960866,0.0,0.0,4819.739342021931,4455.551481617279,0,0,0,0,0,0,{}
1774215103,normal,k3s-wk1,0.28877777777779556,0.7450941687984924,291.3333333333333,186.8,9503.533333333333,5042.733333333334,0,20,5,0,14,2,"{""process_kprobe"": 14, ""process_exit"": 22, ""process_exec"": 20}"
1774215113,normal,sw-wk3,0.1111629664199657,0.38399863120533506,0.0,0.0,2732.915527701847,5199.54663644243,0,0,0,0,0,0,{}
1774215113,normal,sw-wk2,0.14036198793372678,0.40318643298960866,0.0,0.0,4819.739342021931,4455.551481617279,0,0,0,0,0,0,{}
1774215113,normal,k3s-wk1,0.258444444444467,0.7445414732232154,297.3333333333333,186.8,9262.633333333333,4981.4,0,14,3,0,9,0,"{""process_exit"": 15, ""process_exec"": 14, ""process_kprobe"": 9}"
1774215123,normal,sw-wk3,0.1111629664199657,0.38399863120533506,0.0,0.0,2732.915527701847,5199.54663644243,0,0,0,0,0,0,{}
1774215123,normal,sw-wk2,0.07646320187573663,0.40039512087396123,0.0,0.0,494.1494149414941,4001.9001900190015,0,0,0,0,0,0,{}
1774215123,normal,k3s-wk1,0.2584444444444671,0.7445414732232154,297.3333333333333,186.8,9262.633333333333,4981.4,0,84,7,0,76,2,"{""process_exit"": 86, ""process_exec"": 84, ""process_kprobe"": 76}"
1774215133,normal,sw-wk3,0.11400000000000243,0.38410208661605305,0.0,0.0,2096.7,5016.0,0,0,0,0,0,0,{}
1774215133,normal,sw-wk2,0.07646320187573663,0.40039512087396123,0.0,0.0,494.1494149414941,4001.9001900190015,0,0,0,0,0,0,{}
1774215133,normal,k3s-wk1,0.2584444444444671,0.7445414732232154,297.3333333333333,186.8,9262.633333333333,4981.4,0,80,7,0,77,2,"{""process_exit"": 82, ""process_exec"": 80, ""process_kprobe"": 77}"
1774215143,normal,sw-wk3,0.11400000000000243,0.38410208661605305,0.0,0.0,2096.7,5016.0,0,1,1,0,0,0,"{""process_exit"": 1, ""process_exec"": 1}"
1774215143,normal,sw-wk2,0.07646320187573663,0.40039512087396123,0.0,0.0,494.1494149414941,4001.9001900190015,0,0,0,0,0,0,{}
1774215143,normal,k3s-wk1,0.31477777777775673,0.7436308414658539,293.3333333333333,172.0,9552.266666666666,8855.4,0,63,7,0,54,2,"{""process_exit"": 65, ""process_exec"": 63, ""process_kprobe"": 54}"
1774215153,normal,sw-wk3,0.11400000000000243,0.38410208661605305,0.0,0.0,2096.7,5016.0,0,0,0,0,0,0,{}
1774215153,normal,sw-wk2,0.14011111111109742,0.4020205677723817,0.0,0.0,4884.166666666667,4445.2,0,0,0,0,0,0,{}
1774215153,normal,k3s-wk1,0.31477777777775673,0.7436308414658539,293.3333333333333,172.0,9552.266666666666,8855.4,0,40,7,0,37,2,"{""process_exit"": 42, ""process_exec"": 40, ""process_kprobe"": 37}"
1774215163,normal,sw-wk3,0.11877777777780363,0.38409213898040717,0.0,0.0,2803.366666666667,5245.233333333334,0,0,0,0,0,0,{}
1774215163,normal,sw-wk2,0.14011111111109742,0.4020205677723817,0.0,0.0,4884.166666666667,4445.2,0,0,0,0,0,0,{}
1774215163,normal,k3s-wk1,0.31477777777775673,0.7436308414658539,293.3333333333333,172.0,9552.266666666666,8855.4,0,19,5,0,14,2,"{""process_exit"": 21, ""process_exec"": 19, ""process_kprobe"": 14}"
1774215173,normal,sw-wk3,0.11877777777780363,0.38409213898040717,0.0,0.0,2803.366666666667,5245.233333333334,0,1,1,0,0,0,"{""process_exit"": 1, ""process_exec"": 1}"
1774215173,normal,sw-wk2,0.14011111111109742,0.4020205677723817,0.0,0.0,4884.166666666667,4445.2,0,0,0,0,0,0,{}
1774215173,normal,k3s-wk1,0.26922222222221737,0.7497328638052827,316.2,197.3,9147.4,1407.9,0,47,7,0,36,2,"{""process_exit"": 49, ""process_exec"": 47, ""process_kprobe"": 36}"
1774215183,normal,sw-wk3,0.11877777777780363,0.38409213898040717,0.0,0.0,2803.366666666667,5245.233333333334,0,0,0,0,0,0,{}
1774215183,normal,sw-wk2,0.07712305025998878,0.40055428336095467,0.0,0.0,788.4282095720571,4029.496067191041,0,0,0,0,0,0,{}
1774215183,normal,k3s-wk1,0.26922222222221737,0.7497328638052827,316.2,197.3,9147.4,1407.9,0,26,6,0,20,2,"{""process_exit"": 28, ""process_exec"": 26, ""process_kprobe"": 20}"
1774215193,normal,sw-wk3,0.11399999999998223,0.38323664231485466,0.0,0.0,2756.133333333333,5178.1,0,0,0,0,0,0,{}
1774215193,normal,sw-wk2,0.07712305025998878,0.40055428336095467,0.0,0.0,788.4282095720571,4029.496067191041,0,0,0,0,0,0,{}
1774215193,normal,k3s-wk1,0.26922222222221737,0.7497328638052827,316.2,197.3,9147.4,1407.9,0,37,7,0,35,2,"{""process_exit"": 39, ""process_exec"": 37, ""process_kprobe"": 35}"
1774215203,normal,sw-wk3,0.11399999999998223,0.38323664231485466,0.0,0.0,2756.133333333333,5178.1,0,0,0,0,0,0,{}
1774215203,normal,sw-wk2,0.07712305025998878,0.40055428336095467,0.0,0.0,788.4282095720571,4029.496067191041,0,0,0,0,0,0,{}
1774215203,normal,k3s-wk1,0.2964036929640175,0.7514356925538747,314.1685831416858,192.34743192347432,9752.024797520246,9787.754557877546,0,19,5,0,13,2,"{""process_exit"": 21, ""process_exec"": 19, ""process_kprobe"": 13}"
1774215213,normal,sw-wk3,0.11399999999998223,0.38323664231485466,0.0,0.0,2756.133333333333,5178.1,0,0,0,0,0,0,{}
1774215213,normal,sw-wk2,0.16822242965728362,0.4024960657022746,0.0,0.0,4953.727163621816,4444.159221229497,0,0,0,0,0,0,{}
1774215213,normal,k3s-wk1,0.2964036929640175,0.7514356925538747,314.1685831416858,192.34743192347432,9752.024797520247,9787.754557877546,0,37,4,0,34,0,"{""process_exit"": 39, ""process_exec"": 37, ""process_kprobe"": 34}"
1774215223,normal,sw-wk3,0.13555555555554344,0.3833460663069601,0.0,0.0,3520.7999999999997,4938.0,0,0,0,0,0,0,{}
1774215223,normal,sw-wk2,0.16822242965728362,0.4024960657022746,0.0,0.0,4953.727163621816,4444.159221229497,0,0,0,0,0,0,{}
1774215223,normal,k3s-wk1,0.2964036929640175,0.7514356925538747,314.1685831416858,192.34743192347432,9752.024797520247,9787.754557877546,0,36,3,0,32,0,"{""process_kprobe"": 32, ""process_exit"": 36, ""process_exec"": 36}"
1774215233,normal,sw-wk3,0.13555555555554344,0.3833460663069601,0.0,0.0,3520.7999999999997,4938.0,0,1,1,0,0,0,"{""process_exit"": 1, ""process_exec"": 1}"
1774215233,normal,sw-wk2,0.16822242965728362,0.4024960657022746,0.0,0.0,4953.727163621816,4444.159221229497,0,0,0,0,0,0,{}
1774215233,normal,k3s-wk1,0.29492949294932724,0.7485590436787417,482.2148881554822,250.65839917325064,8952.16188285495,2627.129379604627,0,57,3,0,49,0,"{""process_exit"": 57, ""process_exec"": 57, ""process_kprobe"": 49}"
1774215243,normal,sw-wk3,0.13555555555554344,0.3833460663069601,0.0,0.0,3520.7999999999997,4938.0,0,0,0,0,0,0,{}
1774215243,normal,sw-wk2,0.08383885518744172,0.40038318368743675,0.0,0.0,1027.2315178988067,4125.65828944737,0,0,0,0,0,0,{}
1774215243,normal,k3s-wk1,0.29492949294932724,0.7485590436787417,482.2148881554822,250.65839917325064,8952.16188285495,2627.129379604627,0,39,3,0,40,0,"{""process_kprobe"": 40, ""process_exit"": 39, ""process_exec"": 39}"
1774215253,normal,sw-wk3,0.10355555555557261,0.3834415636091614,0.0,0.0,2682.2666666666664,5243.6,0,0,0,0,0,0,{}
1774215253,normal,sw-wk2,0.08383885518744172,0.40038318368743675,0.0,0.0,1027.2315178988067,4125.65828944737,0,0,0,0,0,0,{}
1774215253,normal,k3s-wk1,0.29492949294932724,0.7485590436787417,482.2148881554822,250.65839917325064,8952.16188285495,2627.129379604627,0,12,2,0,14,0,"{""process_kprobe"": 14, ""process_exit"": 12, ""process_exec"": 12}"
1774215263,normal,sw-wk3,0.10355555555557261,0.3834415636091614,0.0,0.0,2682.2666666666664,5243.6,0,1,1,0,0,0,"{""process_exit"": 1, ""process_exec"": 1}"
1774215263,normal,sw-wk2,0.08383885518744172,0.40038318368743675,0.0,0.0,1027.2315178988067,4125.65828944737,0,0,0,0,0,0,{}
1774215263,normal,k3s-wk1,0.2860000000000178,0.7436887429070734,281.3333333333333,147.13333333333333,9596.766666666666,5355.0,0,42,3,0,34,0,"{""process_exit"": 42, ""process_exec"": 42, ""process_kprobe"": 34}"
1774215273,normal,sw-wk3,0.10355555555557261,0.3834415636091614,0.0,0.0,2682.2666666666664,5243.6,0,0,0,0,0,0,{}
1774215273,normal,sw-wk2,0.20933333333333504,0.40140182360419474,0.0,0.0,5246.866666666667,4538.366666666668,0,0,0,0,0,0,{}
1774215273,normal,k3s-wk1,0.2860000000000178,0.7436887429070734,281.3333333333333,147.13333333333333,9596.766666666666,5355.0,0,33,3,0,32,0,"{""process_exit"": 33, ""process_exec"": 33, ""process_kprobe"": 32}"
1774215283,normal,sw-wk3,0.11611111111111916,0.3832863804930844,4.466666666666667,6.0,2863.233333333334,5273.833333333333,0,0,0,0,0,0,{}
1774215283,normal,sw-wk2,0.20933333333333504,0.40140182360419474,0.0,0.0,5246.866666666667,4538.366666666667,0,0,0,0,0,0,{}
1774215283,normal,k3s-wk1,0.2860000000000178,0.7436887429070734,281.3333333333333,147.13333333333333,9596.766666666666,5355.0,0,15,2,0,11,0,"{""process_exit"": 15, ""process_exec"": 15, ""process_kprobe"": 11}"
1774215293,normal,sw-wk3,0.11611111111111916,0.3832863804930844,4.466666666666667,6.0,2863.233333333333,5273.833333333333,0,1,1,0,0,0,"{""process_exit"": 1, ""process_exec"": 1}"
1774215293,normal,sw-wk2,0.20933333333333504,0.40140182360419474,0.0,0.0,5246.866666666667,4538.366666666667,0,0,0,0,0,0,{}
1774215293,normal,k3s-wk1,0.2627777777777536,0.744674383349651,279.2,142.4,9783.1,6278.633333333333,0,36,3,0,30,0,"{""process_exit"": 36, ""process_exec"": 36, ""process_kprobe"": 30}"
1774215303,normal,sw-wk3,0.11611111111111916,0.3832863804930844,4.466666666666667,6.0,2863.233333333333,5273.833333333333,0,0,0,0,0,0,{}
1774215303,normal,sw-wk2,0.08538347000911728,0.4019091540314863,0.0,0.0,513.1008733915595,4023.6682445496367,0,0,0,0,0,0,{}
1774215303,normal,k3s-wk1,0.2627777777777536,0.744674383349651,279.2,142.4,9783.1,6278.633333333333,0,15,2,0,13,0,"{""process_exit"": 15, ""process_exec"": 15, ""process_kprobe"": 13}"
1774215313,normal,sw-wk3,0.10666666666665048,0.38350721800442467,0.0,0.0,3690.133333333333,5398.433333333333,0,0,0,0,0,0,{}
1774215313,normal,sw-wk2,0.08538347000911728,0.4019091540314863,0.0,0.0,513.1008733915595,4023.6682445496367,0,0,0,0,0,0,{}
1774215313,normal,k3s-wk1,0.2627777777777536,0.744674383349651,279.2,142.4,9783.1,6278.633333333333,0,30,3,0,32,0,"{""process_kprobe"": 32, ""process_exit"": 30, ""process_exec"": 30}"
1774215323,normal,sw-wk3,0.10666666666665048,0.38350721800442467,0.0,0.0,3690.133333333333,5398.433333333333,0,1,1,0,0,0,"{""process_exit"": 1, ""process_exec"": 1}"
1774215323,normal,sw-wk2,0.08538347000911728,0.4019091540314863,0.0,0.0,513.1008733915595,4023.6682445496367,0,0,0,0,0,0,{}
1774215323,normal,k3s-wk1,0.2646666666666634,0.7444454094684647,285.33333333333337,149.0,9409.466666666667,5870.933333333333,0,33,3,0,29,0,"{""process_exit"": 33, ""process_exec"": 33, ""process_kprobe"": 29}"
1774215333,normal,sw-wk3,0.10666666666665048,0.38350721800442467,0.0,0.0,3690.133333333333,5398.433333333333,0,0,0,0,0,0,{}
1774215333,normal,sw-wk2,0.1464444444444275,0.40016035620564594,0.0,0.0,6397.866666666667,4675.9,0,0,0,0,0,0,{}
1774215333,normal,k3s-wk1,0.2646666666666634,0.7444454094684647,285.3333333333333,149.0,9409.466666666667,5870.933333333333,0,57,3,0,55,0,"{""process_exit"": 57, ""process_exec"": 57, ""process_kprobe"": 55}"
1774215343,normal,sw-wk3,0.11277777777777376,0.3834833436788744,0.0,0.0,3167.133333333333,5208.2,0,0,0,0,0,0,{}
1774215343,normal,sw-wk2,0.1464444444444275,0.40016035620564594,0.0,0.0,6397.866666666667,4675.9,0,0,0,0,0,0,{}
1774215343,normal,k3s-wk1,0.2646666666666634,0.7444454094684647,285.3333333333333,149.0,9409.466666666667,5870.933333333333,0,39,3,0,34,0,"{""process_exit"": 39, ""process_kprobe"": 34, ""process_exec"": 39}"
1774215353,normal,sw-wk3,0.11277777777777376,0.3834833436788744,0.0,0.0,3167.133333333333,5208.2,0,0,0,0,0,0,{}
1774215353,normal,sw-wk2,0.1464444444444275,0.40016035620564594,0.0,0.0,6397.866666666667,4675.9,0,0,0,0,0,0,{}
1774215353,normal,k3s-wk1,0.27077777777776646,0.748091884323448,277.20000000000005,140.4,9584.3,7730.4,0,36,3,0,30,0,"{""process_exit"": 36, ""process_exec"": 36, ""process_kprobe"": 30}"
1774215363,normal,sw-wk3,0.11277777777777376,0.3834833436788744,0.0,0.0,3167.133333333333,5208.2,0,17,11,3,2,0,"{""process_exec"": 17, ""process_exit"": 17, ""process_kprobe"": 2}"
1774215363,normal,sw-wk2,0.0807892281029422,0.4024125053966031,0.0,0.0,663.1449140114652,3969.1707772297027,0,0,0,0,0,0,{}
1774215363,normal,k3s-wk1,0.27077777777776646,0.748091884323448,277.2,140.4,9584.3,7730.4,0,15,2,0,13,0,"{""process_kprobe"": 13, ""process_exit"": 15, ""process_exec"": 15}"
1774215373,normal,sw-wk3,0.14177777777778022,0.3840384217479189,2.1333333333333333,11.866666666666667,5003.033333333333,8491.566666666666,0,1,1,0,2,0,"{""process_kprobe"": 2, ""process_exit"": 1, ""process_exec"": 1}"
1774215373,normal,sw-wk2,0.0807892281029422,0.4024125053966031,0.0,0.0,663.1449140114652,3969.1707772297027,0,0,0,0,0,0,{}
1774215373,normal,k3s-wk1,0.27077777777776646,0.748091884323448,277.2,140.4,9584.3,7730.4,0,57,3,0,56,0,"{""process_kprobe"": 56, ""process_exit"": 57, ""process_exec"": 57}"
1774215383,normal,sw-wk3,0.14177777777778022,0.3840384217479189,2.1333333333333333,11.866666666666667,5003.033333333333,8491.566666666666,0,0,0,0,1,0,"{""process_kprobe"": 1}"
1774215383,normal,sw-wk2,0.0807892281029422,0.4024125053966031,0.0,0.0,663.1449140114652,3969.1707772297027,0,0,0,0,0,0,{}
1774215383,normal,k3s-wk1,0.31477777777775673,0.7446901746518018,283.80000000000007,148.4,13399.366666666667,7507.833333333333,0,18,2,0,12,0,"{""process_exit"": 18, ""process_exec"": 18, ""process_kprobe"": 12}"
1774215393,normal,sw-wk3,0.14177777777778022,0.3840384217479189,2.1333333333333333,11.866666666666667,5003.033333333333,8491.566666666666,0,0,0,0,2,0,"{""process_kprobe"": 2}"
1774215393,normal,sw-wk2,0.14466373294213697,0.40099198020018667,0.0,0.0,5166.522202960395,4575.443392452326,0,0,0,0,0,0,{}
1774215393,normal,k3s-wk1,0.31477777777775673,0.7446901746518018,283.8,148.4,13399.366666666667,7507.833333333333,0,56,3,0,50,0,"{""process_exit"": 56, ""process_exec"": 56, ""process_kprobe"": 50}"
1774215403,normal,sw-wk3,0.11677777777778031,0.3840026102595935,10.133333333333333,26.666666666666668,2715.9333333333334,6011.233333333334,0,0,0,0,1,0,"{""process_kprobe"": 1}"
1774215403,normal,sw-wk2,0.14466373294213697,0.40099198020018667,0.0,0.0,5166.522202960395,4575.443392452326,0,0,0,0,0,0,{}
1774215403,normal,k3s-wk1,0.31477777777775673,0.7446901746518018,283.8,148.4,13399.366666666667,7507.833333333333,0,40,3,0,37,0,"{""process_kprobe"": 37, ""process_exit"": 40, ""process_exec"": 40}"
1774215413,normal,sw-wk3,0.11677777777778031,0.3840026102595935,10.133333333333333,26.666666666666668,2715.9333333333334,6011.233333333334,0,1,1,0,1,0,"{""process_exit"": 1, ""process_exec"": 1, ""process_kprobe"": 1}"
1774215413,normal,sw-wk2,0.14466373294213697,0.40099198020018667,0.0,0.0,5166.522202960395,4575.443392452326,0,0,0,0,0,0,{}
1774215413,normal,k3s-wk1,0.272555555555583,0.7419359083683374,279.3333333333333,142.4,9824.5,5961.966666666666,0,15,2,0,11,0,"{""process_exit"": 16, ""process_exec"": 15, ""process_kprobe"": 11}"
1774215423,normal,sw-wk3,0.11677777777778031,0.3840026102595935,10.133333333333333,26.666666666666668,2715.9333333333334,6011.233333333334,0,0,0,0,1,0,"{""process_kprobe"": 1}"
1774215423,normal,sw-wk2,0.0755555555555879,0.40019417823413195,4.466666666666667,6.0,479.8666666666667,4010.4666666666667,0,0,0,0,0,0,{}
1774215423,normal,k3s-wk1,0.272555555555583,0.7419359083683374,279.3333333333333,142.4,9824.5,5961.966666666666,0,36,3,0,35,0,"{""process_exit"": 36, ""process_exec"": 36, ""process_kprobe"": 35}"
1774215433,normal,sw-wk3,0.11066666666667713,0.3842115106081586,10.133333333333333,16.8,1993.5333333333333,5697.7,0,0,0,0,0,0,{}
1774215433,normal,sw-wk2,0.0755555555555879,0.40019417823413195,4.466666666666667,6.0,479.8666666666667,4010.4666666666667,0,0,0,0,0,0,{}
1774215433,normal,k3s-wk1,0.272555555555583,0.7419359083683374,279.3333333333333,142.4,9824.5,5961.966666666666,0,12,2,0,14,0,"{""process_kprobe"": 14, ""process_exit"": 12, ""process_exec"": 12}"
1774215443,normal,sw-wk3,0.11066666666667713,0.3842115106081586,10.133333333333333,16.8,1993.5333333333333,5697.7,0,0,0,0,1,0,"{""process_kprobe"": 1}"
1774215443,normal,sw-wk2,0.0755555555555879,0.40019417823413195,4.466666666666667,6.0,479.8666666666667,4010.4666666666667,0,0,0,0,0,0,{}
1774215443,normal,k3s-wk1,0.29522222222225947,0.7417556243354494,279.3333333333333,142.4,10153.333333333334,8695.533333333333,0,78,3,0,70,0,"{""process_exit"": 78, ""process_exec"": 78, ""process_kprobe"": 70}"
1774215453,normal,sw-wk3,0.11066666666667713,0.3842115106081586,10.133333333333333,16.8,1993.5333333333333,5697.7,0,0,0,0,1,0,"{""process_kprobe"": 1}"
1774215453,normal,sw-wk2,0.13788888888888728,0.40193899699779756,0.0,0.0,4884.533333333333,4472.0666666666675,0,0,0,0,0,0,{}
1774215453,normal,k3s-wk1,0.29522222222225947,0.7417556243354494,279.3333333333333,142.4,10153.333333333334,8695.533333333333,0,33,3,0,31,0,"{""process_kprobe"": 31, ""process_exit"": 33, ""process_exec"": 33}"
1774215463,normal,sw-wk3,0.11755555555555475,0.38419161533686674,6.133333333333335,11.866666666666667,2583.4666666666667,5364.3,0,1,1,0,1,0,"{""process_exit"": 1, ""process_exec"": 1, ""process_kprobe"": 1}"
1774215463,normal,sw-wk2,0.13788888888888728,0.40193899699779756,0.0,0.0,4884.533333333333,4472.066666666667,0,0,0,0,0,0,{}
1774215463,normal,k3s-wk1,0.29522222222225947,0.7417556243354494,279.3333333333333,142.4,10153.333333333334,8695.533333333333,0,36,3,0,32,0,"{""process_kprobe"": 32, ""process_exit"": 36, ""process_exec"": 36}"
1774215473,normal,sw-wk3,0.11755555555555475,0.38419161533686674,6.133333333333333,11.866666666666667,2583.4666666666667,5364.3,0,0,0,0,1,0,"{""process_kprobe"": 1}"
1774215473,normal,sw-wk2,0.13788888888888728,0.40193899699779756,0.0,0.0,4884.533333333333,4472.066666666667,0,0,0,0,0,0,{}
1774215473,normal,k3s-wk1,0.25388888888887273,0.7417450968006822,279.3333333333333,142.4,9641.533333333333,1256.9333333333334,0,33,3,0,28,0,"{""process_exit"": 33, ""process_exec"": 33, ""process_kprobe"": 28}"
1774215483,normal,sw-wk3,0.11755555555555475,0.38419161533686674,6.133333333333333,11.866666666666667,2583.4666666666667,5364.3,0,1,1,0,1,0,"{""process_exit"": 1, ""process_exec"": 1, ""process_kprobe"": 1}"
1774215483,normal,sw-wk2,0.07722222222221009,0.40461093724819996,0.0,0.0,395.56666666666666,3948.733333333333,0,0,0,0,0,0,{}
1774215483,normal,k3s-wk1,0.25388888888887273,0.7417450968006822,279.3333333333333,142.4,9641.533333333333,1256.9333333333334,0,36,3,0,33,0,"{""process_exit"": 36, ""process_exec"": 36, ""process_kprobe"": 33}"
1774215493,normal,sw-wk3,0.11544444444441782,0.38427517547629275,8.133333333333333,16.8,3524.2666666666673,6100.833333333333,0,0,0,0,0,0,{}
1774215493,normal,sw-wk2,0.07722222222221009,0.40461093724819996,0.0,0.0,395.56666666666666,3948.733333333333,0,0,0,0,0,0,{}
1774215493,normal,k3s-wk1,0.25388888888887273,0.7417450968006822,279.3333333333333,142.4,9641.533333333333,1256.9333333333334,0,45,3,0,42,0,"{""process_exit"": 45, ""process_exec"": 45, ""process_kprobe"": 42}"
1774215503,normal,sw-wk3,0.11544444444441782,0.38427517547629275,8.133333333333333,16.8,3524.2666666666664,6100.833333333333,0,1,1,0,1,0,"{""process_exit"": 1, ""process_exec"": 1, ""process_kprobe"": 1}"
1774215503,normal,sw-wk2,0.07722222222221009,0.40461093724819996,0.0,0.0,395.56666666666666,3948.733333333333,0,0,0,0,0,0,{}
1774215503,normal,k3s-wk1,0.2784444444444185,0.7315057532977502,279.3333333333333,142.4,10397.4,5910.666666666667,0,18,2,0,13,0,"{""process_exit"": 18, ""process_exec"": 18, ""process_kprobe"": 13}"
1774215513,normal,sw-wk3,0.11544444444441782,0.38427517547629275,8.133333333333333,16.8,3524.2666666666664,6100.833333333333,0,0,0,0,1,0,"{""process_kprobe"": 1, ""process_exit"": 2}"
1774215513,normal,sw-wk2,0.1630000000000008,0.40039512087396123,0.0,0.0,5185.133333333333,4579.166666666667,0,0,0,0,0,0,{}
1774215513,normal,k3s-wk1,0.2784444444444185,0.7315057532977502,279.3333333333333,142.4,10397.4,5910.666666666667,0,9,2,0,11,0,"{""process_kprobe"": 11, ""process_exit"": 9, ""process_exec"": 9}"
1774215523,normal,sw-wk3,0.14488888888891882,0.3797350745674768,10.6,17.866666666666667,5591.5,6128.733333333334,0,0,0,0,0,0,{}
1774215523,normal,sw-wk2,0.1630000000000008,0.40039512087396123,0.0,0.0,5185.133333333333,4579.166666666667,0,0,0,0,0,0,{}
1774215523,normal,k3s-wk1,0.2784444444444185,0.7315057532977502,279.3333333333333,142.4,10397.4,5910.666666666667,0,15,2,0,12,0,"{""process_kprobe"": 12, ""process_exit"": 15, ""process_exec"": 15}"
1774215533,normal,sw-wk3,0.14488888888891882,0.3797350745674768,10.6,17.866666666666667,5591.5,6128.733333333334,0,0,0,0,0,0,{}
1774215533,normal,sw-wk2,0.1630000000000008,0.40039512087396123,0.0,0.0,5185.133333333333,4579.166666666667,0,0,0,0,0,0,{}
1774215533,normal,k3s-wk1,0.28188888888891794,0.7314741706934487,279.33333333333337,142.4,9915.433333333332,9224.833333333334,0,33,3,0,28,0,"{""process_exit"": 33, ""process_exec"": 33, ""process_kprobe"": 28}"
1774215543,normal,sw-wk3,0.14488888888891882,0.3797350745674768,10.6,17.866666666666667,5591.5,6128.733333333334,0,1,1,0,0,0,"{""process_exit"": 1, ""process_exec"": 1}"
1774215543,normal,sw-wk2,0.1301111111111014,0.40163260921033517,0.0,0.0,849.1333333333333,3890.7,0,0,0,0,0,0,{}
1774215543,normal,k3s-wk1,0.28188888888891794,0.7314741706934487,279.3333333333333,142.4,9915.433333333332,9224.833333333334,0,15,2,0,13,0,"{""process_exit"": 15, ""process_exec"": 15, ""process_kprobe"": 13}"
1774215553,normal,sw-wk3,0.10933333333333473,0.37995790160594634,4.0,2.7333333333333334,2104.133333333333,5191.966666666666,0,0,0,0,0,0,{}
1774215553,normal,sw-wk2,0.1301111111111014,0.40163260921033517,0.0,0.0,849.1333333333333,3890.7,0,0,0,0,0,0,{}
1774215553,normal,k3s-wk1,0.28188888888891794,0.7314741706934487,279.3333333333333,142.4,9915.433333333332,9224.833333333334,0,12,2,0,13,0,"{""process_kprobe"": 13, ""process_exit"": 12, ""process_exec"": 12}"
1774215563,normal,sw-wk3,0.10933333333333506,0.37995790160594634,4.0,2.7333333333333334,2104.133333333333,5191.966666666666,0,0,0,0,0,0,{}
1774215563,normal,sw-wk2,0.1301111111111014,0.40163260921033517,0.0,0.0,849.1333333333333,3890.7,0,0,0,0,0,0,{}
1774215563,normal,k3s-wk1,0.28055555555551515,0.7313109939045574,279.3333333333333,142.4,9682.5,9758.166666666666,0,18,2,0,12,0,"{""process_exit"": 18, ""process_exec"": 18, ""process_kprobe"": 12}"
1774215573,normal,sw-wk3,0.10933333333333506,0.37995790160594634,4.0,2.7333333333333334,2104.133333333333,5191.966666666666,0,1,1,0,0,0,"{""process_exit"": 1, ""process_exec"": 1}"
1774215573,normal,sw-wk2,0.15411111111112008,0.402293133531358,0.0,0.0,5305.5,4492.166666666667,0,0,0,0,0,0,{}
1774215573,normal,k3s-wk1,0.28055555555551515,0.7313109939045574,279.3333333333333,142.4,9682.5,9758.166666666666,0,33,3,0,31,0,"{""process_kprobe"": 31, ""process_exit"": 33, ""process_exec"": 33}"
1774215583,normal,sw-wk3,0.11599999999998545,0.3800772732336978,0.0,0.0,3237.1666666666665,5153.366666666667,0,0,0,0,0,0,{}
1774215583,normal,sw-wk2,0.15411111111112008,0.402293133531358,0.0,0.0,5305.5,4492.166666666667,0,0,0,0,0,0,{}
1774215583,normal,k3s-wk1,0.28055555555551515,0.7313109939045574,279.3333333333333,142.4,9682.5,9758.166666666666,0,36,3,0,32,0,"{""process_kprobe"": 32, ""process_exit"": 36, ""process_exec"": 36}"
1774215593,normal,sw-wk3,0.11599999999998545,0.3800772732336978,0.0,0.0,3237.1666666666665,5153.366666666667,0,0,0,0,0,0,{}
1774215593,normal,sw-wk2,0.15411111111112008,0.402293133531358,0.0,0.0,5305.5,4492.166666666667,0,0,0,0,0,0,{}
1774215593,normal,k3s-wk1,0.2575555555555993,0.7346482224257546,279.3333333333333,142.4,9011.366666666667,1211.6,0,19,3,0,13,0,"{""process_exit"": 19, ""process_exec"": 19, ""process_kprobe"": 13}"
1774215603,normal,sw-wk3,0.11599999999998545,0.3800772732336978,0.0,0.0,3237.1666666666665,5153.366666666667,0,0,0,0,0,0,{}
1774215603,normal,sw-wk2,0.0750616625558499,0.4040240255774117,0.0,0.0,360.70928604759683,3943.9704019732017,0,0,0,0,0,0,{}
1774215603,normal,k3s-wk1,0.2575555555555993,0.7346482224257546,279.3333333333333,142.4,9011.366666666667,1211.6,0,50,3,0,51,0,"{""process_kprobe"": 51, ""process_exit"": 50, ""process_exec"": 50}"
1774215613,normal,sw-wk3,0.1235555555555442,0.3800713046523102,0.0,0.0,2065.633333333333,4935.266666666666,0,1,1,0,0,0,"{""process_exit"": 1, ""process_exec"": 1}"
1774215613,normal,sw-wk2,0.0750616625558499,0.4040240255774117,0.0,0.0,360.70928604759683,3943.9704019732017,0,0,0,0,0,0,{}
1774215613,normal,k3s-wk1,0.2575555555555993,0.7346482224257546,279.3333333333333,142.4,9011.366666666667,1211.6,0,15,2,0,16,0,"{""process_kprobe"": 16, ""process_exit"": 15, ""process_exec"": 15}"
1774215623,normal,sw-wk3,0.1235555555555442,0.3800713046523102,0.0,0.0,2065.633333333333,4935.266666666666,0,0,0,0,0,0,{}
1774215623,normal,sw-wk2,0.0750616625558499,0.4040240255774117,0.0,0.0,360.70928604759683,3943.9704019732017,0,0,0,0,0,0,{}
1774215623,normal,k3s-wk1,0.28055555555551515,0.7364036888481824,279.3333333333333,142.40000000000003,9817.733333333334,10500.4,0,57,3,0,50,0,"{""process_exit"": 57, ""process_exec"": 57, ""process_kprobe"": 50}"
1774215633,normal,sw-wk3,0.1235555555555442,0.3800713046523102,0.0,0.0,2065.633333333333,4935.266666666666,0,1,1,0,0,0,"{""process_exit"": 1, ""process_exec"": 1}"
1774215633,normal,sw-wk2,0.14755555555554267,0.40022004213826845,0.0,0.0,5313.166666666667,4476.2,0,0,0,0,0,0,{}
1774215633,normal,k3s-wk1,0.28055555555551515,0.7364036888481824,279.3333333333333,142.4,9817.733333333334,10500.4,0,12,2,0,12,0,"{""process_kprobe"": 12, ""process_exit"": 12, ""process_exec"": 12}"
1774215643,normal,sw-wk3,0.10933333333335515,0.3801707810087699,0.0,0.0,4726.566666666667,5649.4,0,0,0,0,0,0,{}
1774215643,normal,sw-wk2,0.14755555555554267,0.40022004213826845,0.0,0.0,5313.166666666667,4476.2,0,0,0,0,0,0,{}
1774215643,normal,k3s-wk1,0.28055555555551515,0.7364036888481824,279.3333333333333,142.4,9817.733333333334,10500.4,0,36,3,0,30,0,"{""process_exit"": 36, ""process_exec"": 36, ""process_kprobe"": 30}"
1774215653,normal,sw-wk3,0.10933333333335515,0.3801707810087699,0.0,0.0,4726.566666666667,5649.4,0,1,1,0,0,0,"{""process_exit"": 1, ""process_exec"": 1}"
1774215653,normal,sw-wk2,0.14755555555554267,0.40022004213826845,0.0,0.0,5313.166666666667,4476.2,0,0,0,0,0,0,{}
1774215653,normal,k3s-wk1,0.2598888888888824,0.7374696017433597,279.3333333333333,142.40000000000003,9462.566666666666,3263.4666666666667,0,18,2,0,12,0,"{""process_exit"": 18, ""process_exec"": 18, ""process_kprobe"": 12}"
