timestamp,label,node,avg_cpu,avg_mem,net_bytes_in,net_bytes_out,net_internal_bytes_in,net_internal_bytes_out,net_drop_rate,last_successful_scrape_age_sec,exec_count,unique_process_count,tmp_exec_count,outbound_connect_count,mining_port_count,syscall_feature_vector
1776126246,normal,sw-wk2,0.10949618863476385,0.2856505727792856,78.33855590372693,68.20454696979799,464.2309487299154,3471.2314154276955,0.0,0,0,0,0,0,0,{}
1776126246,normal,sw-wk3,0.1482222222222238,0.34889681053047394,100.86666666666666,100.86666666666669,2058.5,4984.333333333333,0.0,0,0,0,0,0,0,{}
1776126246,normal,k3s-wk1,0.2646666666666634,0.5990294210278564,0.0,0.0,8405.8,3805.366666666667,0.0,0,0,0,0,0,0,{}
1776126256,normal,sw-wk2,0.10949618863476385,0.2856505727792856,78.33855590372693,68.20454696979799,464.2309487299154,3471.2314154276955,0.0,0,104,5,0,0,0,"{""process_exit"": 106, ""process_exec"": 104}"
1776126256,normal,sw-wk3,0.1482222222222238,0.34889681053047394,100.86666666666666,100.86666666666666,2058.5000000000005,4984.333333333333,0.0,0,1,1,0,0,0,"{""process_exit"": 15, ""process_exec"": 1}"
1776126256,normal,k3s-wk1,0.3187777777777834,0.6306358883935779,145.13333333333333,140.06666666666666,34694.0,5143.833333333333,0.0,0,12,2,0,8,0,"{""process_exit"": 12, ""process_exec"": 12, ""process_kprobe"": 8}"
1776126265,normal,sw-wk2,0.24569181027299736,0.27826305796602824,103.0632312256258,97.99673344221858,5465.684477184093,27731.875604146524,0.0,0,0,0,0,0,0,{}
1776126265,normal,sw-wk3,0.1482222222222238,0.34889681053047394,100.86666666666666,100.86666666666666,2058.5,4984.333333333333,0.0,0,0,0,0,0,0,{}
1776126265,normal,k3s-wk1,0.3187777777777834,0.6306358883935779,145.13333333333333,140.06666666666666,34694.00000000001,5143.833333333333,0.0,0,33,3,0,28,0,"{""process_exit"": 33, ""process_exec"": 33, ""process_kprobe"": 28}"
1776126276,normal,sw-wk2,0.24569181027299747,0.27826305796602824,103.0632312256258,97.99673344221858,5465.684477184094,27731.875604146524,0.0,0,0,0,0,0,0,{}
1776126276,normal,sw-wk3,0.16200000000001946,0.3484810836295985,116.06666666666666,100.86666666666666,3089.4666666666667,7327.0,0.0,0,0,0,0,0,0,{}
1776126276,normal,k3s-wk1,0.3187777777777834,0.6306358883935779,145.13333333333333,140.06666666666666,34694.0,5143.833333333333,0.0,0,39,3,0,32,0,"{""process_exit"": 39, ""process_exec"": 39, ""process_kprobe"": 32}"
1776126285,normal,sw-wk2,0.24569181027299747,0.27826305796602824,103.0632312256258,97.99673344221858,5465.684477184093,27731.875604146524,0.0,0,0,0,0,0,0,{}
1776126285,normal,sw-wk3,0.16200000000001946,0.3484810836295985,116.06666666666666,100.86666666666666,3089.4666666666667,7327.000000000002,0.0,0,0,0,0,0,0,{}
1776126285,normal,k3s-wk1,0.2844444444444687,0.6263959551307595,225.43333333333334,211.80000000000004,9177.8,6358.066666666667,0.0,0,57,3,0,50,0,"{""process_exit"": 57, ""process_exec"": 57, ""process_kprobe"": 50}"
1776126295,normal,sw-wk2,0.11333333333334139,0.28001197803178,105.33333333333333,106.86666666666666,717.6333333333333,3659.733333333333,0.0,0,0,0,0,0,0,{}
1776126295,normal,sw-wk3,0.16200000000001946,0.3484810836295985,116.06666666666666,100.86666666666666,3089.4666666666667,7327.0,0.0,0,1,1,0,0,0,"{""process_exit"": 3, ""process_exec"": 1}"
1776126295,normal,k3s-wk1,0.2844444444444687,0.6263959551307595,225.43333333333334,211.80000000000004,9177.8,6358.066666666667,0.0,0,54,3,0,48,0,"{""process_exit"": 54, ""process_exec"": 54, ""process_kprobe"": 48}"
1776126306,normal,sw-wk2,0.11333333333334139,0.28001197803178,105.33333333333333,106.86666666666666,717.6333333333333,3659.733333333333,0.0,0,2,2,0,0,0,"{""process_exec"": 2}"
1776126306,normal,sw-wk3,0.1545555555555539,0.34529225123284524,113.2,98.0,2198.1666666666665,5610.533333333333,0.0,0,0,0,0,0,0,{}
1776126306,normal,k3s-wk1,0.2844444444444687,0.6263959551307595,225.43333333333334,211.79999999999998,9177.8,6358.066666666667,0.0,0,36,3,0,30,0,"{""process_exit"": 36, ""process_exec"": 36, ""process_kprobe"": 30}"
1776126316,normal,sw-wk2,0.11333333333334139,0.28001197803178,105.33333333333333,106.86666666666666,717.6333333333333,3659.733333333333,0.0,0,104,5,0,0,0,"{""process_exit"": 104, ""process_exec"": 104}"
1776126316,normal,sw-wk3,0.1545555555555539,0.34529225123284524,113.2,98.0,2198.1666666666665,5610.533333333333,0.0,0,1,1,0,0,0,"{""process_exit"": 7, ""process_exec"": 1}"
1776126316,normal,k3s-wk1,0.2842222222222013,0.6183653680083715,223.86666666666667,208.6666666666667,19104.466666666667,4832.533333333333,0.0,0,12,2,0,8,0,"{""process_exit"": 12, ""process_exec"": 12, ""process_kprobe"": 8}"
1776126326,normal,sw-wk2,0.20222696359513626,0.29002924423716503,103.08041072142952,98.01306840912122,5469.062541672222,27933.491132150953,0.0,0,0,0,0,0,0,"{""process_exit"": 2}"
1776126326,normal,sw-wk3,0.1545555555555539,0.34529225123284524,113.2,98.0,2198.1666666666665,5610.533333333333,0.0,0,0,0,0,0,0,{}
1776126326,normal,k3s-wk1,0.2842222222222013,0.6183653680083715,223.86666666666667,208.66666666666666,19104.466666666667,4832.533333333333,0.0,0,36,3,0,30,0,"{""process_exit"": 36, ""process_exec"": 36, ""process_kprobe"": 30}"
1776126336,normal,sw-wk2,0.20222696359513626,0.29002924423716503,103.08041072142952,98.01306840912122,5469.062541672222,27933.491132150953,0.0,0,0,0,0,0,0,{}
1776126336,normal,sw-wk3,0.16888888888889697,0.3505310473132255,116.06666666666666,100.86666666666666,3555.633333333333,6248.433333333334,0.0,0,0,0,0,0,0,{}
1776126336,normal,k3s-wk1,0.2842222222222013,0.6183653680083715,223.86666666666667,208.66666666666666,19104.466666666667,4832.533333333333,0.0,0,36,3,0,30,0,"{""process_exit"": 37, ""process_exec"": 36, ""process_kprobe"": 30}"
1776126346,normal,sw-wk2,0.20222696359513626,0.29002924423716503,103.08041072142952,98.01306840912122,5469.062541672222,27933.491132150953,0.0,0,0,0,0,0,0,{}
1776126346,normal,sw-wk3,0.16888888888889697,0.3505310473132255,116.06666666666666,100.86666666666666,3555.633333333333,6248.433333333333,0.0,0,0,0,0,0,0,{}
1776126346,normal,k3s-wk1,0.28544444444445016,0.6183755275928671,210.86666666666667,205.79999999999998,24468.13333333333,8330.466666666669,0.0,0,18,2,0,12,0,"{""process_exit"": 18, ""process_exec"": 18, ""process_kprobe"": 12}"
1776126356,normal,sw-wk2,0.11264429112641372,0.28793149585228794,105.92274105922742,100.85658100856581,1986.7013298670133,3802.9530380295305,0.0,0,0,0,0,0,0,{}
1776126356,normal,sw-wk3,0.16888888888889697,0.3505310473132255,116.06666666666666,100.86666666666666,3555.633333333333,6248.433333333333,0.0,0,1,1,0,0,0,"{""process_exit"": 3, ""process_exec"": 1}"
1776126356,normal,k3s-wk1,0.28544444444445016,0.6183755275928671,210.86666666666667,205.79999999999998,24468.13333333333,8330.466666666667,0.0,0,33,3,0,28,0,"{""process_exit"": 33, ""process_exec"": 33, ""process_kprobe"": 28}"
1776126366,normal,sw-wk2,0.11264429112641372,0.28793149585228794,105.92274105922742,100.85658100856581,1986.7013298670133,3802.9530380295305,0.0,0,2,2,0,0,0,"{""process_exec"": 2}"
1776126366,normal,sw-wk3,0.14722222222222225,0.34705232106222206,116.06666666666669,100.86666666666666,2358.133333333333,5713.5,0.0,0,0,0,0,0,0,{}
1776126366,normal,k3s-wk1,0.28544444444445016,0.6183755275928671,210.86666666666667,205.79999999999998,24468.13333333333,8330.466666666667,0.0,0,15,2,0,10,0,"{""process_exit"": 15, ""process_exec"": 15, ""process_kprobe"": 10}"
1776126376,normal,sw-wk2,0.11264429112641372,0.28793149585228794,105.92274105922742,100.85658100856581,1986.7013298670133,3802.9530380295305,0.0,0,0,0,0,0,0,{}
1776126376,normal,sw-wk3,0.14722222222222225,0.34705232106222206,116.06666666666666,100.86666666666666,2358.133333333333,5713.5,0.0,0,0,0,0,0,0,{}
1776126376,normal,k3s-wk1,0.2765555555555491,0.6199209132789156,208.66666666666666,208.66666666666666,9939.766666666666,5802.533333333333,0.0,0,36,3,0,30,0,"{""process_exit"": 36, ""process_exec"": 36, ""process_kprobe"": 30}"
1776126386,normal,sw-wk2,0.21169294356858004,0.2918816978222919,68.1977267424419,68.1977267424419,5666.1444618512705,27881.803939868667,0.0,0,104,5,0,0,0,"{""process_exit"": 106, ""process_exec"": 104}"
1776126386,normal,sw-wk3,0.14722222222222225,0.34705232106222206,116.06666666666666,100.86666666666666,2358.133333333333,5713.5,0.0,0,1,1,0,0,0,"{""process_exit"": 5, ""process_exec"": 1}"
1776126386,normal,k3s-wk1,0.2765555555555491,0.6199209132789156,208.66666666666666,208.66666666666666,9939.766666666666,5802.533333333333,0.0,0,36,3,0,30,0,"{""process_exit"": 36, ""process_exec"": 36, ""process_kprobe"": 30}"
1776126396,normal,sw-wk2,0.21169294356858004,0.2918816978222919,68.1977267424419,68.19772674244192,5666.1444618512705,27881.803939868667,0.0,0,0,0,0,0,0,{}
1776126396,normal,sw-wk3,0.15566666666664897,0.34788058921722287,75.46666666666667,65.33333333333334,3629.7999999999997,5995.1,0.0,0,1,1,0,0,0,"{""process_exit"": 5, ""process_exec"": 1}"
1776126396,normal,k3s-wk1,0.2765555555555491,0.6199209132789156,208.66666666666666,208.66666666666666,9939.766666666666,5802.533333333333,0.0,0,15,2,0,10,0,"{""process_exit"": 15, ""process_exec"": 15, ""process_kprobe"": 10}"
1776126406,normal,sw-wk2,0.21169294356858004,0.2918816978222919,68.1977267424419,68.1977267424419,5666.1444618512705,27881.803939868667,0.0,0,0,0,0,0,0,{}
1776126406,normal,sw-wk3,0.15566666666664897,0.34788058921722287,75.46666666666667,65.33333333333333,3629.7999999999997,5995.1,0.0,0,0,0,0,0,0,{}
1776126406,normal,k3s-wk1,0.2767777777777761,0.6195811316196749,213.73333333333332,208.66666666666666,34087.6,6613.466666666666,0.0,0,33,3,0,28,0,"{""process_exit"": 33, ""process_exec"": 33, ""process_kprobe"": 28}"
1776126416,normal,sw-wk2,0.11330377679252746,0.2876400091746626,108.13693789792994,98.0032667755592,592.3864128804294,3587.519583986133,0.0,0,0,0,0,0,0,{}
1776126416,normal,sw-wk3,0.15566666666664897,0.34788058921722287,75.46666666666667,65.33333333333333,3629.7999999999997,5995.1,0.0,0,0,0,0,0,0,{}
1776126416,normal,k3s-wk1,0.276777777777776,0.6195811316196749,213.73333333333332,208.66666666666666,34087.6,6613.466666666666,0.0,0,12,2,0,8,0,"{""process_exit"": 12, ""process_exec"": 12, ""process_kprobe"": 8}"
1776126426,normal,sw-wk2,0.11330377679252734,0.2876400091746626,108.13693789792994,98.0032667755592,592.3864128804294,3587.519583986133,0.0,0,2,2,0,0,0,"{""process_exec"": 2}"
1776126426,normal,sw-wk3,0.15555555555555556,0.3475906953629726,105.89999999999999,100.86666666666666,2262.0333333333333,6645.533333333333,0.0,0,1,1,0,0,0,"{""process_exit"": 5, ""process_exec"": 1}"
1776126426,normal,k3s-wk1,0.2767777777777761,0.6195811316196749,213.73333333333332,208.66666666666666,34087.6,6613.466666666666,0.0,0,39,3,0,32,0,"{""process_exit"": 39, ""process_exec"": 39, ""process_kprobe"": 32}"
1776126436,normal,sw-wk2,0.11330377679252734,0.2876400091746626,108.13693789792994,98.0032667755592,592.3864128804294,3587.519583986133,0.0,0,104,5,0,0,0,"{""process_exit"": 106, ""process_exec"": 104}"
1776126436,normal,sw-wk3,0.15555555555555556,0.3475906953629726,105.89999999999999,100.86666666666666,2262.0333333333333,6645.533333333333,0.0,0,8,8,1,2,0,"{""process_exec"": 8, ""process_exit"": 8, ""process_kprobe"": 2}"
1776126436,normal,k3s-wk1,0.32633333333334225,0.6232430974089673,221.0,205.79999999999998,35821.63333333333,12591.666666666666,0.0,0,36,3,0,30,0,"{""process_exit"": 36, ""process_exec"": 36, ""process_kprobe"": 30}"
1776126446,normal,sw-wk2,0.2255892255892401,0.29218592708691715,100.87675434210087,100.87675434210087,6120.14534786812,27867.386738673868,0.0,0,0,0,0,0,0,{}
1776126446,normal,sw-wk3,0.15555555555555556,0.3475906953629726,105.89999999999999,100.86666666666666,2262.0333333333333,6645.533333333333,0.0,0,1,1,0,2,0,"{""process_exit"": 9, ""process_exec"": 1, ""process_kprobe"": 2}"
1776126446,normal,k3s-wk1,0.32633333333334225,0.6232430974089673,221.00000000000006,205.79999999999998,35821.63333333333,12591.666666666666,0.0,0,15,2,0,10,0,"{""process_exit"": 15, ""process_exec"": 15, ""process_kprobe"": 10}"
1776126456,normal,sw-wk2,0.2255892255892401,0.29218592708691715,100.87675434210087,100.87675434210087,6120.14534786812,27867.386738673868,0.0,0,0,0,0,0,0,{}
1776126456,normal,sw-wk3,0.2004444444444542,0.34407851982109405,119.33333333333333,129.6,7242.233333333334,9122.533333333333,0.0,0,0,0,0,1,0,"{""process_kprobe"": 1}"
1776126456,normal,k3s-wk1,0.32633333333334225,0.6232430974089673,221.0,205.79999999999998,35821.63333333333,12591.666666666666,0.0,0,12,2,0,8,0,"{""process_exit"": 12, ""process_exec"": 12, ""process_kprobe"": 8}"
1776126466,normal,sw-wk2,0.2255892255892401,0.29218592708691715,100.87675434210087,100.87675434210087,6120.14534786812,27867.386738673868,0.0,0,0,0,0,0,0,{}
1776126466,normal,sw-wk3,0.2004444444444542,0.34407851982109405,119.33333333333333,129.6,7242.233333333334,9122.533333333333,0.0,0,0,0,0,1,0,"{""process_kprobe"": 1}"
1776126466,normal,k3s-wk1,0.26411111111109575,0.6210362098879849,223.8666666666667,208.66666666666666,10818.033333333333,3604.5333333333333,0.0,0,15,2,0,10,0,"{""process_exit"": 15, ""process_exec"": 15, ""process_kprobe"": 10}"
1776126476,normal,sw-wk2,0.11078522863617213,0.28228334416453227,97.98693507532329,97.98693507532329,668.1442474336756,3625.783228902813,0.0,0,0,0,0,0,0,{}
1776126476,normal,sw-wk3,0.2004444444444542,0.34407851982109405,119.33333333333333,129.6,7242.233333333334,9122.533333333333,0.0,0,0,0,0,1,0,"{""process_kprobe"": 1}"
1776126476,normal,k3s-wk1,0.26411111111109575,0.6210362098879849,223.86666666666667,208.66666666666666,10818.033333333333,3604.5333333333333,0.0,0,60,3,0,52,0,"{""process_exit"": 60, ""process_exec"": 60, ""process_kprobe"": 52}"
1776126486,normal,sw-wk2,0.11078522863617213,0.28228334416453227,97.98693507532329,97.98693507532329,668.1442474336756,3625.783228902813,0.0,0,2,2,0,0,0,"{""process_exec"": 2}"
1776126486,normal,sw-wk3,0.16541679165417922,0.35234845878410237,123.12102123121022,117.65490117654902,2304.5362130453623,8383.028363830284,0.0,0,1,1,0,1,0,"{""process_exit"": 19, ""process_exec"": 1, ""process_kprobe"": 1}"
1776126486,normal,k3s-wk1,0.26411111111109575,0.6210362098879849,223.86666666666667,208.66666666666666,10818.033333333333,3604.5333333333333,0.0,0,15,2,0,10,0,"{""process_exit"": 15, ""process_exec"": 15, ""process_kprobe"": 10}"
1776126496,normal,sw-wk2,0.11078522863617213,0.28228334416453227,97.98693507532329,97.98693507532329,668.1442474336756,3625.783228902813,0.0,0,0,0,0,0,0,{}
1776126496,normal,sw-wk3,0.16541679165417922,0.35234845878410237,123.12102123121022,117.65490117654902,2304.5362130453623,8383.028363830284,0.0,0,0,0,0,1,0,"{""process_kprobe"": 1}"
1776126496,normal,k3s-wk1,0.29844444444447105,0.6196364449130396,221.0,205.79999999999998,12642.8,4874.633333333333,0.0,0,36,3,0,30,0,"{""process_exit"": 36, ""process_exec"": 36, ""process_kprobe"": 30}"
1776126506,normal,sw-wk2,0.1923906038180292,0.2858576398180358,110.97406493766252,100.87339155943731,4045.7363824254953,27949.79665311021,0.0,0,104,5,0,0,0,"{""process_exit"": 106, ""process_exec"": 104}"
1776126506,normal,sw-wk3,0.16541679165417922,0.35234845878410237,123.12102123121022,117.65490117654902,2304.5362130453623,8383.028363830284,0.0,0,1,1,0,1,0,"{""process_exit"": 7, ""process_exec"": 1, ""process_kprobe"": 1}"
1776126506,normal,k3s-wk1,0.29844444444447105,0.6196364449130396,221.0,205.79999999999998,12642.800000000003,4874.633333333333,0.0,0,36,3,0,30,0,"{""process_exit"": 36, ""process_exec"": 36, ""process_kprobe"": 30}"
1776126516,normal,sw-wk2,0.19239060381802897,0.2858576398180358,110.97406493766252,100.87339155943731,4045.7363824254953,27949.79665311021,0.0,0,0,0,0,0,0,{}
1776126516,normal,sw-wk3,0.1708059694858487,0.34964384469334964,121.3121312131213,109.87765443210988,2964.163082974964,6670.33370003667,0.0,0,0,0,0,1,0,"{""process_kprobe"": 1}"
1776126516,normal,k3s-wk1,0.29844444444447105,0.6196364449130396,221.0,205.79999999999998,12642.8,4874.633333333333,0.0,0,36,3,0,30,0,"{""process_exit"": 36, ""process_exec"": 36, ""process_kprobe"": 30}"
1776126526,normal,sw-wk2,0.19239060381802897,0.2858576398180358,110.97406493766252,100.87339155943731,4045.7363824254953,27949.79665311021,0.0,0,0,0,0,0,0,{}
1776126526,normal,sw-wk3,0.17080596948584892,0.34964384469334964,121.3121312131213,109.87765443210988,2964.163082974964,6670.33370003667,0.0,0,0,0,0,0,0,{}
1776126526,normal,k3s-wk1,0.28188888888887753,0.6249961901558141,208.66666666666666,208.66666666666666,34106.86666666667,6459.566666666667,0.0,0,12,2,0,8,0,"{""process_exit"": 12, ""process_exec"": 12, ""process_kprobe"": 8}"
1776126536,normal,sw-wk2,0.1186436911864579,0.28629407342278634,108.12252108122522,97.99020097990201,1970.1029897010299,3641.702496417025,0.0,0,0,0,0,0,0,{}
1776126536,normal,sw-wk3,0.17080596948584892,0.34964384469334964,121.3121312131213,109.87765443210988,2964.163082974964,6670.33370003667,0.0,0,1,1,0,1,0,"{""process_kprobe"": 1, ""process_exit"": 15, ""process_exec"": 1}"
1776126536,normal,k3s-wk1,0.28188888888887753,0.6249961901558141,208.66666666666666,208.66666666666666,34106.86666666667,6459.566666666667,0.0,0,33,3,0,28,0,"{""process_exit"": 33, ""process_exec"": 33, ""process_kprobe"": 28}"
1776126546,normal,sw-wk2,0.1186436911864579,0.28629407342278634,108.12252108122522,97.99020097990201,1970.1029897010299,3641.702496417025,0.0,0,2,2,0,0,0,"{""process_exec"": 2}"
1776126546,normal,sw-wk3,0.15544444444442185,0.3513609082916014,74.33333333333333,85.0,2341.066666666667,7947.433333333333,0.0,0,0,0,0,1,0,"{""process_kprobe"": 1}"
1776126546,normal,k3s-wk1,0.28188888888887753,0.6249961901558141,208.66666666666666,208.66666666666666,34106.86666666667,6459.566666666667,0.0,0,12,2,0,8,0,"{""process_exit"": 12, ""process_exec"": 12, ""process_kprobe"": 8}"
1776126556,normal,sw-wk2,0.1186436911864579,0.28629407342278634,108.12252108122522,97.99020097990201,1970.1029897010299,3641.702496417025,0.0,0,104,5,0,0,0,"{""process_exit"": 106, ""process_exec"": 104}"
1776126556,normal,sw-wk3,0.15544444444442185,0.3513609082916014,74.33333333333333,85.0,2341.0666666666666,7947.433333333333,0.0,0,0,0,0,1,0,"{""process_kprobe"": 1}"
1776126556,normal,k3s-wk1,0.32633333333332204,0.6208386624116822,208.66666666666666,208.6666666666667,35967.433333333334,9593.866666666667,0.0,0,78,3,0,70,0,"{""process_exit"": 78, ""process_exec"": 78, ""process_kprobe"": 70}"
1776126566,normal,sw-wk2,0.20242262599321637,0.2912780177631663,82.8138023003834,74.21236872812135,5716.119353225537,27973.495582597097,0.0,0,0,0,0,0,0,{}
1776126566,normal,sw-wk3,0.15544444444442185,0.3513609082916014,74.33333333333333,85.0,2341.0666666666666,7947.433333333333,0.0,0,0,0,0,1,0,"{""process_kprobe"": 1}"
1776126566,normal,k3s-wk1,0.32633333333332204,0.6208386624116822,208.66666666666666,208.66666666666666,35967.433333333334,9593.866666666667,0.0,0,20,3,0,14,0,"{""process_exit"": 20, ""process_exec"": 20, ""process_kprobe"": 14}"
1776126577,normal,sw-wk2,0.20242262599321637,0.2912780177631663,82.81380230038339,74.21236872812135,5716.119353225537,27973.495582597097,0.0,0,0,0,0,0,0,{}
1776126577,normal,sw-wk3,0.16333333333334144,0.35019018311097516,106.86666666666666,110.73333333333333,4537.700000000001,7489.966666666668,0.0,0,1,1,0,1,0,"{""process_exit"": 11, ""process_exec"": 1, ""process_kprobe"": 1}"
1776126577,normal,k3s-wk1,0.32633333333332204,0.6208386624116822,208.66666666666666,208.66666666666666,35967.433333333334,9593.866666666667,0.0,0,52,3,0,46,0,"{""process_kprobe"": 46, ""process_exit"": 52, ""process_exec"": 52}"
1776126586,normal,sw-wk2,0.20242262599321637,0.2912780177631663,82.81380230038339,74.21236872812135,5716.119353225537,27973.495582597097,0.0,0,0,0,0,0,0,{}
1776126586,normal,sw-wk3,0.16333333333334144,0.35019018311097516,106.86666666666666,110.73333333333333,4537.7,7489.966666666666,0.0,0,0,0,0,0,0,{}
1776126586,normal,k3s-wk1,0.30155555555554914,0.6192278038477733,218.7,208.6666666666667,10998.966666666667,3631.5666666666666,0.0,0,33,3,0,28,0,"{""process_exit"": 33, ""process_exec"": 33, ""process_kprobe"": 28}"
1776126596,normal,sw-wk2,0.12073140927372494,0.2897966920244148,105.91215090315272,100.84649736719324,834.6330733853231,3695.8275011664336,0.0,0,0,0,0,0,0,{}
1776126596,normal,sw-wk3,0.16333333333334144,0.35019018311097516,106.86666666666666,110.73333333333333,4537.7,7489.966666666666,0.0,0,0,0,0,1,0,"{""process_kprobe"": 1, ""process_exit"": 2}"
1776126596,normal,k3s-wk1,0.30155555555554914,0.6192278038477733,218.7,208.66666666666666,10998.966666666667,3631.5666666666666,0.0,0,59,3,0,51,0,"{""process_exit"": 59, ""process_exec"": 59, ""process_kprobe"": 51}"
1776126606,normal,sw-wk2,0.12073140927372494,0.2897966920244148,105.91215090315272,100.84649736719324,834.6330733853231,3695.8275011664336,0.0,0,4,4,0,0,0,"{""process_exec"": 4, ""process_exit"": 2}"
1776126606,normal,sw-wk3,0.1872222222222465,0.3443684136753443,108.6,115.86666666666666,4459.233333333334,5933.4000000000015,0.0,0,0,0,0,0,0,{}
1776126606,normal,k3s-wk1,0.30155555555554914,0.6192278038477733,218.7,208.66666666666666,10998.966666666667,3631.5666666666666,0.0,0,55,3,0,49,0,"{""process_kprobe"": 49, ""process_exit"": 55, ""process_exec"": 55}"
1776126616,normal,sw-wk2,0.12073140927372494,0.2897966920244148,105.91215090315272,100.84649736719324,834.6330733853231,3695.8275011664336,0.0,0,102,3,0,0,0,"{""process_exit"": 104, ""process_exec"": 102}"
1776126616,normal,sw-wk3,0.1872222222222465,0.3443684136753443,108.6,115.86666666666666,4459.233333333334,5933.4,0.0,0,1,1,0,0,0,"{""process_exit"": 3, ""process_exec"": 1}"
1776126616,normal,k3s-wk1,0.3267777777777964,0.6239994220325265,412.9,298.23333333333335,34296.7,12166.5,0.0,0,54,3,0,48,0,"{""process_exit"": 54, ""process_exec"": 54, ""process_kprobe"": 48}"
1776126626,normal,sw-wk2,0.208169433517727,0.29044656396141544,113.20754716981133,98.00653376891793,5566.071071404761,27858.023868257886,0.0,0,0,0,0,0,0,{}
1776126626,normal,sw-wk3,0.1872222222222465,0.3443684136753443,108.6,115.86666666666666,4459.233333333334,5933.4,0.0,0,0,0,0,0,0,{}
1776126626,normal,k3s-wk1,0.3267777777777964,0.6239994220325265,412.9,298.23333333333335,34296.7,12166.5,0.0,0,21,2,0,14,0,"{""process_exit"": 21, ""process_exec"": 21, ""process_kprobe"": 14}"
1776126636,normal,sw-wk2,0.208169433517727,0.29044656396141544,113.20754716981133,98.00653376891793,5566.071071404761,27858.023868257886,0.0,0,0,0,0,0,0,{}
1776126636,normal,sw-wk3,0.16155555555552492,0.3479331523885979,110.06666666666666,105.6,2969.866666666667,6426.7,0.0,0,1,1,0,0,0,"{""process_exit"": 5, ""process_exec"": 1}"
1776126636,normal,k3s-wk1,0.3267777777777964,0.6239994220325265,412.9,298.23333333333335,34296.7,12166.5,0.0,0,36,3,0,30,0,"{""process_exit"": 37, ""process_exec"": 36, ""process_kprobe"": 30}"
1776126646,normal,sw-wk2,0.208169433517727,0.29044656396141544,113.20754716981133,98.00653376891793,5566.071071404761,27858.023868257886,0.0,0,0,0,0,0,0,{}
1776126646,normal,sw-wk3,0.16155555555552492,0.3479331523885979,110.06666666666666,105.6,2969.866666666667,6426.7,0.0,0,0,0,0,0,0,{}
1776126646,normal,k3s-wk1,0.28055555555555556,0.614619867857671,225.86666666666667,210.66666666666666,9563.533333333333,3494.6666666666665,0.0,0,39,3,0,32,0,"{""process_exit"": 39, ""process_exec"": 39, ""process_kprobe"": 32}"
1776126656,normal,sw-wk2,0.11397046568221192,0.2855486320832855,105.9035301176706,100.87002900096668,1894.4964832161074,3762.558751958399,0.0,0,0,0,0,0,0,{}
1776126656,normal,sw-wk3,0.16155555555552492,0.3479331523885979,110.06666666666666,105.6,2969.866666666667,6426.7,0.0,0,0,0,0,0,0,{}
1776126656,normal,k3s-wk1,0.28055555555555556,0.614619867857671,225.86666666666667,210.66666666666666,9563.533333333333,3494.6666666666665,0.0,0,33,3,0,28,0,"{""process_exit"": 33, ""process_exec"": 33, ""process_kprobe"": 28}"
1776126666,normal,sw-wk2,0.11397046568221214,0.2855486320832855,105.9035301176706,100.87002900096671,1894.4964832161074,3762.558751958399,0.0,0,2,2,0,0,0,"{""process_exec"": 2}"
1776126666,normal,sw-wk3,0.1529999999999644,0.3468516253169719,103.06666666666666,98.0,2840.0000000000005,5150.266666666666,0.0,0,0,0,0,0,0,{}
1776126666,normal,k3s-wk1,0.28055555555555556,0.614619867857671,225.86666666666667,210.66666666666666,9563.533333333333,3494.6666666666665,0.0,0,42,3,0,34,0,"{""process_exit"": 42, ""process_exec"": 42, ""process_kprobe"": 34}"
1776126677,normal,sw-wk2,0.11397046568221192,0.2855486320832855,105.9035301176706,100.87002900096671,1894.4964832161074,3762.558751958399,0.0,0,104,5,0,0,0,"{""process_exit"": 106, ""process_exec"": 104}"
1776126677,normal,sw-wk3,0.1529999999999644,0.3468516253169719,103.06666666666666,98.0,2840.0,5150.266666666667,0.0,0,1,1,0,0,0,"{""process_exit"": 7, ""process_exec"": 1}"
1776126677,normal,k3s-wk1,0.2898888888888703,0.6163334511092573,227.93333333333334,212.66666666666666,33761.76666666666,5924.166666666667,0.0,0,36,3,0,30,0,"{""process_exit"": 36, ""process_exec"": 36, ""process_kprobe"": 30}"
1776126686,normal,sw-wk2,0.20218615656351224,0.28791875326528793,103.04262338787615,97.97713866764421,6306.361848901923,27971.606625120803,0.0,0,0,0,0,0,0,{}
1776126686,normal,sw-wk3,0.1529999999999644,0.3468516253169719,103.06666666666666,98.0,2840.0,5150.266666666666,0.0,0,0,0,0,0,0,{}
1776126686,normal,k3s-wk1,0.2898888888888703,0.6163334511092573,227.93333333333334,212.66666666666666,33761.76666666666,5924.166666666667,0.0,0,78,3,0,70,0,"{""process_exit"": 78, ""process_exec"": 78, ""process_kprobe"": 70}"
1776126696,normal,sw-wk2,0.20218615656351224,0.28791875326528793,103.04262338787615,97.97713866764421,6306.361848901923,27971.606625120803,0.0,0,0,0,0,0,0,{}
1776126696,normal,sw-wk3,0.236888888888926,0.357985460708233,121.13333333333333,100.86666666666666,9023.633333333333,8185.633333333333,0.0,0,8,3,0,0,0,"{""process_exec"": 8, ""process_exit"": 4}"
1776126696,normal,k3s-wk1,0.2898888888888703,0.6163334511092573,227.93333333333334,212.66666666666666,33761.76666666666,5924.166666666667,0.0,0,15,2,0,10,0,"{""process_exit"": 15, ""process_exec"": 15, ""process_kprobe"": 10}"
1776126706,normal,sw-wk2,0.20218615656351224,0.28791875326528793,103.04262338787615,97.97713866764421,6306.361848901923,27971.606625120803,0.0,0,0,0,0,0,0,{}
1776126706,normal,sw-wk3,0.236888888888926,0.357985460708233,121.13333333333333,100.86666666666666,9023.633333333333,8185.633333333333,0.0,0,8,3,0,0,0,"{""process_exit"": 8, ""process_exec"": 8}"
1776126706,normal,k3s-wk1,0.32777777777777783,0.6223309924898094,219.13333333333333,221.26666666666665,13510.9,17868.466666666667,0.0,0,33,3,0,28,0,"{""process_exit"": 33, ""process_exec"": 33, ""process_kprobe"": 28}"
1776126716,normal,sw-wk2,0.13310216057611313,0.28560756654816066,100.89357161909844,100.89357161909844,2026.9405174713258,3766.237663376901,0.0,0,0,0,0,0,0,{}
1776126716,normal,sw-wk3,0.236888888888926,0.357985460708233,121.13333333333333,100.86666666666666,9023.633333333333,8185.633333333333,0.0,0,1,1,0,0,0,"{""process_exit"": 21, ""process_exec"": 1}"
1776126716,normal,k3s-wk1,0.32777777777777783,0.6223309924898094,219.13333333333333,221.26666666666665,13510.9,17868.466666666667,0.0,0,42,3,0,34,0,"{""process_exit"": 42, ""process_exec"": 42, ""process_kprobe"": 34}"
1776126726,normal,sw-wk2,0.13310216057611313,0.28560756654816066,100.89357161909844,100.89357161909844,2026.9405174713258,3766.237663376901,0.0,0,2,2,0,0,0,"{""process_exec"": 2}"
1776126726,normal,sw-wk3,0.21444444444443633,0.3476512226512226,78.33333333333333,68.2,10957.666666666666,11663.866666666667,0.0,0,1,1,0,0,0,"{""process_exit"": 5, ""process_exec"": 1}"
1776126726,normal,k3s-wk1,0.32777777777777783,0.6223309924898094,219.13333333333333,221.26666666666665,13510.9,17868.466666666667,0.0,0,12,2,0,8,0,"{""process_exit"": 12, ""process_exec"": 12, ""process_kprobe"": 8}"
1776126736,normal,sw-wk2,0.13310216057611313,0.28560756654816066,100.89357161909844,100.89357161909844,2026.9405174713258,3766.237663376901,0.0,0,104,5,0,0,0,"{""process_exit"": 106, ""process_exec"": 104}"
1776126736,normal,sw-wk3,0.21444444444443633,0.3476512226512226,78.33333333333333,68.2,10957.666666666666,11663.866666666667,0.0,0,8,3,0,0,0,"{""process_exec"": 8, ""process_exit"": 8}"
1776126736,normal,k3s-wk1,0.31177777777779236,0.6170051125286867,205.79999999999998,205.80000000000004,39376.2,18056.0,0.0,0,33,3,0,28,0,"{""process_exit"": 33, ""process_exec"": 33, ""process_kprobe"": 28}"
1776126746,normal,sw-wk2,0.3282670044219371,0.2856712794831606,75.4616358909406,65.32897806812879,6243.717085527632,27407.60615958936,0.0,0,0,0,0,0,0,{}
1776126746,normal,sw-wk3,0.21444444444443633,0.3476512226512226,78.33333333333333,68.2,10957.666666666666,11663.866666666667,0.0,0,0,0,0,0,0,{}
1776126746,normal,k3s-wk1,0.31177777777779236,0.6170051125286867,205.79999999999998,205.79999999999998,39376.2,18056.0,0.0,0,33,3,0,28,0,"{""process_exit"": 33, ""process_exec"": 33, ""process_kprobe"": 28}"
1776126756,normal,sw-wk2,0.3282670044219371,0.2856712794831606,75.4616358909406,65.32897806812879,6243.717085527632,27407.60615958936,0.0,0,0,0,0,0,0,{}
1776126756,normal,sw-wk3,0.18688888888888544,0.36130012615161133,100.86666666666669,100.86666666666666,10899.2,8033.3,0.0,0,0,0,0,0,0,{}
1776126756,normal,k3s-wk1,0.31177777777779236,0.6170051125286867,205.79999999999998,205.79999999999998,39376.2,18056.0,0.0,0,39,3,0,32,0,"{""process_exit"": 39, ""process_exec"": 39, ""process_kprobe"": 32}"
1776126767,normal,sw-wk2,0.3282670044219371,0.2856712794831606,75.4616358909406,65.32897806812879,6243.717085527632,27407.60615958936,0.0,0,0,0,0,0,0,{}
1776126767,normal,sw-wk3,0.18688888888888566,0.36130012615161133,100.86666666666666,100.86666666666666,10899.2,8033.300000000002,0.0,0,9,3,0,0,0,"{""process_exit"": 7, ""process_exec"": 9}"
1776126767,normal,k3s-wk1,0.2793333333333269,0.6113620277627578,218.79999999999998,208.66666666666666,11777.666666666666,9791.466666666667,0.0,0,42,3,0,34,0,"{""process_exit"": 42, ""process_exec"": 42, ""process_kprobe"": 34}"
1776126776,normal,sw-wk2,0.13641565829970803,0.2835002612230335,105.93686456215208,100.87002900096671,1856.761892063069,4167.538917963932,0.0,0,0,0,0,0,0,{}
1776126776,normal,sw-wk3,0.18688888888888566,0.36130012615161133,100.86666666666666,100.86666666666666,10899.2,8033.3,0.0,0,0,0,0,0,0,"{""process_exit"": 4}"
1776126776,normal,k3s-wk1,0.2793333333333269,0.6113620277627578,218.79999999999998,208.66666666666666,11777.666666666666,9791.466666666667,0.0,0,33,3,0,28,0,"{""process_exit"": 33, ""process_exec"": 33, ""process_kprobe"": 28}"
1776126786,normal,sw-wk2,0.13641565829970803,0.2835002612230335,105.93686456215207,100.87002900096671,1856.761892063069,4167.538917963932,0.0,0,2,2,0,0,0,"{""process_exec"": 2}"
1776126786,normal,sw-wk3,0.1925555555555749,0.3488442473590988,98.0,98.0,7884.433333333333,8328.433333333332,0.0,0,0,0,0,0,0,{}
1776126786,normal,k3s-wk1,0.2793333333333269,0.6113620277627578,218.79999999999998,208.66666666666666,11777.666666666666,9791.466666666667,0.0,0,36,3,0,30,0,"{""process_exit"": 36, ""process_exec"": 36, ""process_kprobe"": 30}"
1776126796,normal,sw-wk2,0.13641565829970803,0.2835002612230335,105.93686456215208,100.87002900096671,1856.761892063069,4167.538917963931,0.0,0,0,0,0,0,0,{}
1776126796,normal,sw-wk3,0.1925555555555749,0.3488442473590988,98.0,98.0,7884.433333333333,8328.433333333332,0.0,0,1,1,0,0,0,"{""process_exit"": 5, ""process_exec"": 1}"
1776126796,normal,k3s-wk1,0.30355555555555236,0.620136522238766,223.86666666666667,208.66666666666666,11428.633333333333,9520.600000000002,0.0,0,36,3,0,30,0,"{""process_exit"": 36, ""process_exec"": 36, ""process_kprobe"": 30}"
1776126806,normal,sw-wk2,0.20069331022296666,0.2914914560954165,116.06279790673642,100.86330455651476,7076.430785640478,27995.400153328217,0.0,0,104,5,0,0,0,"{""process_exit"": 106, ""process_exec"": 104}"
1776126806,normal,sw-wk3,0.1925555555555749,0.3488442473590988,98.0,98.0,7884.433333333333,8328.433333333332,0.0,0,0,0,0,0,0,{}
1776126806,normal,k3s-wk1,0.30355555555555236,0.620136522238766,223.86666666666667,208.66666666666666,11428.633333333335,9520.6,0.0,0,9,2,0,6,0,"{""process_exit"": 9, ""process_exec"": 9, ""process_kprobe"": 6}"
1776126816,normal,sw-wk2,0.20069331022296677,0.2914914560954165,116.06279790673642,100.86330455651476,7076.430785640478,27995.400153328217,0.0,0,0,0,0,0,0,{}
1776126816,normal,sw-wk3,0.2006666666666409,0.34854798221134853,100.86666666666666,100.86666666666666,12198.933333333332,7544.666666666667,0.0,0,1,1,0,0,0,"{""process_exit"": 5, ""process_exec"": 1}"
1776126816,normal,k3s-wk1,0.30355555555555236,0.620136522238766,223.86666666666667,208.66666666666666,11428.633333333333,9520.6,0.0,0,36,3,0,30,0,"{""process_exit"": 36, ""process_exec"": 36, ""process_kprobe"": 30}"
1776126826,normal,sw-wk2,0.20069331022296677,0.2914914560954165,116.06279790673642,100.86330455651476,7076.430785640478,27995.400153328217,0.0,0,0,0,0,0,0,{}
1776126826,normal,sw-wk3,0.2006666666666409,0.34854798221134853,100.86666666666666,100.86666666666666,12198.933333333332,7544.666666666667,0.0,0,0,0,0,0,0,{}
1776126826,normal,k3s-wk1,0.3469999999999952,0.6198655999855508,223.86666666666667,208.66666666666666,33974.1,16233.8,0.0,0,36,3,0,30,0,"{""process_exit"": 36, ""process_exec"": 36, ""process_kprobe"": 30}"
1776126836,normal,sw-wk2,0.12266666666671677,0.28521891764466023,118.33333333333333,103.0,735.4666666666667,3663.7999999999997,0.0,0,0,0,0,0,0,{}
1776126836,normal,sw-wk3,0.2006666666666409,0.34854798221134853,100.86666666666666,100.86666666666666,12198.933333333332,7544.666666666667,0.0,0,0,0,0,0,0,{}
1776126836,normal,k3s-wk1,0.3469999999999952,0.6198655999855508,223.86666666666667,208.66666666666666,33974.1,16233.8,0.0,0,39,3,0,32,0,"{""process_exit"": 39, ""process_exec"": 39, ""process_kprobe"": 32}"
1776126846,normal,sw-wk2,0.12266666666671677,0.28521891764466023,118.33333333333333,103.0,735.4666666666667,3663.8000000000006,0.0,0,56,5,0,0,0,"{""process_exec"": 56, ""process_exit"": 54}"
1776126846,normal,sw-wk3,0.15011111111113384,0.3515727538004766,106.0,105.86666666666666,2230.4333333333334,6099.833333333333,0.0,0,1,1,0,0,0,"{""process_exit"": 7, ""process_exec"": 1}"
1776126846,normal,k3s-wk1,0.3469999999999952,0.6198655999855508,223.86666666666667,208.66666666666666,33974.1,16233.8,0.0,0,36,3,0,30,0,"{""process_exit"": 36, ""process_exec"": 36, ""process_kprobe"": 30}"
1776126856,normal,sw-wk2,0.12266666666671677,0.28521891764466023,118.33333333333333,103.0,735.4666666666667,3663.7999999999997,0.0,0,50,3,0,0,0,"{""process_exit"": 52, ""process_exec"": 50}"
1776126856,normal,sw-wk3,0.15011111111113384,0.3515727538004766,106.0,105.86666666666666,2230.4333333333334,6099.833333333333,0.0,0,0,0,0,0,0,{}
1776126856,normal,k3s-wk1,0.31511111111111745,0.6192029693078953,223.86666666666667,208.66666666666666,34183.066666666666,9683.133333333333,0.0,0,12,2,0,8,0,"{""process_exit"": 12, ""process_exec"": 12, ""process_kprobe"": 8}"
1776126866,normal,sw-wk2,0.20400497844155874,0.28696465206366195,116.08214428590479,100.88011734897987,5490.998799839978,27889.351913588478,0.0,0,0,0,0,0,0,{}
1776126866,normal,sw-wk3,0.15011111111113384,0.3515727538004766,106.0,105.86666666666666,2230.4333333333334,6099.833333333333,0.0,0,0,0,0,0,0,{}
1776126866,normal,k3s-wk1,0.31511111111111756,0.6192029693078953,223.86666666666667,208.66666666666666,34183.066666666666,9683.133333333333,0.0,0,36,3,0,30,0,"{""process_exit"": 36, ""process_exec"": 36, ""process_kprobe"": 30}"
1776126876,normal,sw-wk2,0.20400497844155874,0.28696465206366195,116.08214428590479,100.88011734897987,5490.998799839978,27889.351913588478,0.0,0,0,0,0,0,0,{}
1776126876,normal,sw-wk3,0.16666666666666663,0.34731354409572235,69.8,71.33333333333333,2993.3,5258.1,0.0,0,0,0,0,0,0,{}
1776126876,normal,k3s-wk1,0.31511111111111756,0.6192029693078953,223.86666666666667,208.66666666666666,34183.066666666666,9683.133333333333,0.0,0,18,2,0,12,0,"{""process_exit"": 18, ""process_exec"": 18, ""process_kprobe"": 12}"
1776126886,normal,sw-wk2,0.20400497844155874,0.28696465206366195,116.08214428590479,100.88011734897987,5490.998799839978,27889.351913588478,0.0,0,0,0,0,0,0,{}
1776126886,normal,sw-wk3,0.16666666666666652,0.34731354409572235,69.8,71.33333333333333,2993.3,5258.1,0.0,0,1,1,0,0,0,"{""process_exit"": 5, ""process_exec"": 1}"
1776126886,normal,k3s-wk1,0.26388888888888884,0.6200067053257671,208.66666666666666,208.66666666666666,9510.0,1780.7666666666667,0.0,0,12,2,0,8,0,"{""process_exit"": 12, ""process_exec"": 12, ""process_kprobe"": 8}"
1776126896,normal,sw-wk2,0.11900635470822873,0.2817895689182818,113.18490867884283,97.98693507532329,669.3107585655246,3626.683108918811,0.0,0,0,0,0,0,0,{}
1776126896,normal,sw-wk3,0.16666666666666663,0.34731354409572235,69.8,71.33333333333333,2993.3,5258.1,0.0,0,0,0,0,0,0,{}
1776126896,normal,k3s-wk1,0.26388888888888884,0.6200067053257671,208.66666666666666,208.66666666666666,9510.0,1780.7666666666667,0.0,0,78,3,0,70,0,"{""process_exit"": 78, ""process_exec"": 78, ""process_kprobe"": 70}"
1776126906,normal,sw-wk2,0.11900635470822873,0.2817895689182818,113.18490867884283,97.98693507532329,669.3107585655246,3626.683108918811,0.0,0,106,7,0,0,0,"{""process_exec"": 106, ""process_exit"": 106}"
1776126906,normal,sw-wk3,0.15877777777778757,0.3539221682786039,100.86666666666666,100.86666666666666,2256.2666666666664,7697.8,0.0,0,1,1,0,0,0,"{""process_exit"": 13, ""process_exec"": 1}"
1776126906,normal,k3s-wk1,0.26388888888888884,0.6200067053257671,208.66666666666666,208.66666666666666,9510.0,1780.7666666666667,0.0,0,39,3,0,32,0,"{""process_exit"": 39, ""process_exec"": 39, ""process_kprobe"": 32}"
1776126916,normal,sw-wk2,0.11900635470822873,0.2817895689182818,113.18490867884283,97.98693507532329,669.3107585655246,3626.683108918811,0.0,0,0,0,0,0,0,{}
1776126916,normal,sw-wk3,0.15877777777778757,0.3539221682786039,100.86666666666666,100.86666666666669,2256.2666666666664,7697.8,0.0,0,0,0,0,0,0,{}
1776126916,normal,k3s-wk1,0.31000000000001615,0.6296842739791593,208.66666666666666,208.66666666666666,34790.066666666666,9370.933333333332,0.0,0,15,2,0,10,0,"{""process_exit"": 15, ""process_exec"": 15, ""process_kprobe"": 10}"
1776126926,normal,sw-wk2,0.21869271024303572,0.29102794449329106,78.33072230925634,68.1977267424419,5653.5448818372715,27797.60674644178,0.0,0,0,0,0,0,0,{}
1776126926,normal,sw-wk3,0.15877777777778757,0.3539221682786039,100.86666666666666,100.86666666666666,2256.2666666666664,7697.8,0.0,0,1,1,0,0,0,"{""process_exec"": 1}"
1776126926,normal,k3s-wk1,0.31000000000001615,0.6296842739791593,208.66666666666666,208.66666666666666,34790.066666666666,9370.933333333332,0.0,0,54,3,0,48,0,"{""process_exit"": 54, ""process_exec"": 54, ""process_kprobe"": 48}"
1776126937,normal,sw-wk2,0.21869271024303572,0.29102794449329106,78.33072230925636,68.1977267424419,5653.5448818372715,27797.60674644178,0.0,0,0,0,0,0,0,{}
1776126937,normal,sw-wk3,0.3257777777777746,0.35404322285510403,708.5333333333333,396.43333333333334,5756.233333333334,5704.266666666666,0.0,0,0,0,0,0,0,{}
1776126937,normal,k3s-wk1,0.31000000000001615,0.6296842739791593,208.66666666666666,208.66666666666666,34790.066666666666,9370.933333333332,0.0,0,39,3,0,32,0,"{""process_exit"": 40, ""process_exec"": 39, ""process_kprobe"": 32}"
1776126946,normal,sw-wk2,0.21869271024303572,0.29102794449329106,78.33072230925634,68.19772674244192,5653.5448818372715,27797.60674644178,0.0,0,0,0,0,0,0,{}
1776126946,normal,sw-wk3,0.3257777777777746,0.35404322285510403,708.5333333333333,396.43333333333334,5756.233333333334,5704.266666666666,0.0,0,1,1,0,0,0,"{""process_exit"": 15, ""process_exec"": 1}"
1776126946,normal,k3s-wk1,0.3092222222222012,0.6248313791184416,218.79999999999998,208.66666666666666,11541.900000000001,5034.366666666667,0.0,0,33,3,0,28,0,"{""process_exit"": 33, ""process_exec"": 33, ""process_kprobe"": 28}"
1776126956,normal,sw-wk2,0.13752680644911508,0.28875339271378875,105.93686456215207,100.87002900096671,2016.1005366845563,3836.6945564852167,0.0,0,0,0,0,0,0,{}
1776126956,normal,sw-wk3,0.3257777777777746,0.35404322285510403,708.5333333333333,396.43333333333334,5756.233333333334,5704.266666666666,0.0,0,0,0,0,0,0,{}
1776126956,normal,k3s-wk1,0.3092222222222011,0.6248313791184416,218.79999999999998,208.66666666666666,11541.9,5034.366666666667,0.0,0,39,3,0,32,0,"{""process_exit"": 39, ""process_exec"": 39, ""process_kprobe"": 32}"
1776126966,normal,sw-wk2,0.1375268064491153,0.28875339271378875,105.93686456215208,100.87002900096671,2016.100536684556,3836.694556485216,0.0,0,2,2,0,0,0,"{""process_exec"": 2}"
1776126966,normal,sw-wk3,0.44477777777776484,0.3526829516928527,109.06666666666666,104.6,2849.733333333333,7570.433333333333,0.0,0,0,0,0,0,0,{}
1776126966,normal,k3s-wk1,0.3092222222222012,0.6248313791184416,218.79999999999998,208.66666666666666,11541.9,5034.366666666667,0.0,0,42,3,0,34,0,"{""process_exit"": 42, ""process_exec"": 42, ""process_kprobe"": 34}"
1776126976,normal,sw-wk2,0.13752680644911508,0.28875339271378875,105.93686456215208,100.87002900096671,2016.1005366845563,3836.6945564852167,0.0,0,104,5,0,0,0,"{""process_exit"": 106, ""process_exec"": 104}"
1776126976,normal,sw-wk3,0.44477777777776484,0.3526829516928527,109.06666666666666,104.6,2849.733333333333,7570.433333333333,0.0,0,1,1,0,0,0,"{""process_exit"": 3, ""process_exec"": 1}"
1776126976,normal,k3s-wk1,0.29400000000001036,0.6266623620130878,223.86666666666667,208.6666666666667,33950.433333333334,7739.933333333333,0.0,0,36,3,0,30,0,"{""process_exit"": 36, ""process_exec"": 36, ""process_kprobe"": 30}"
1776126986,normal,sw-wk2,0.19097303243439978,0.2837136995552837,116.07053568452282,100.87002900096671,5940.264675489184,27982.466082202744,0.0,0,0,0,0,0,0,{}
1776126986,normal,sw-wk3,0.44477777777776484,0.3526829516928527,109.06666666666666,104.6,2849.733333333333,7570.433333333333,0.0,0,0,0,0,0,0,{}
1776126986,normal,k3s-wk1,0.2940000000000106,0.6266623620130878,223.86666666666667,208.66666666666666,33950.433333333334,7739.933333333333,0.0,0,57,3,0,50,0,"{""process_exit"": 57, ""process_exec"": 57, ""process_kprobe"": 50}"
1776126996,normal,sw-wk2,0.1909730324344,0.2837136995552837,116.07053568452282,100.87002900096671,5940.264675489184,27982.466082202744,0.0,0,0,0,0,0,0,{}
1776126996,normal,sw-wk3,0.43166666666665054,0.35095951680110093,100.86666666666666,100.86666666666666,3602.0333333333333,6023.933333333333,0.0,0,0,0,0,0,0,{}
1776126996,normal,k3s-wk1,0.2940000000000106,0.6266623620130878,223.86666666666667,208.66666666666666,33950.433333333334,7739.933333333333,0.0,0,36,3,0,30,0,"{""process_exit"": 36, ""process_exec"": 36, ""process_kprobe"": 30}"
1776127006,normal,sw-wk2,0.19097303243439978,0.2837136995552837,116.07053568452282,100.87002900096671,5940.264675489184,27982.466082202744,0.0,0,0,0,0,0,0,{}
1776127006,normal,sw-wk3,0.43166666666665054,0.35095951680110093,100.86666666666666,100.86666666666666,3602.0333333333333,6023.933333333334,0.0,0,1,1,0,0,0,"{""process_exit"": 5, ""process_exec"": 1}"
1776127006,normal,k3s-wk1,0.3114444444444314,0.6234654794251482,223.86666666666667,208.66666666666666,9252.633333333333,6544.5,0.0,0,39,3,0,32,0,"{""process_exit"": 39, ""process_exec"": 39, ""process_kprobe"": 32}"
1776127016,normal,sw-wk2,0.11491149114909882,0.2864326490564114,113.2113211321132,98.009800980098,658.5325199186585,3611.8278494516117,0.0,0,0,0,0,0,0,{}
1776127016,normal,sw-wk3,0.43166666666665054,0.35095951680110093,100.86666666666666,100.86666666666666,3602.0333333333333,6023.933333333333,0.0,0,0,0,0,0,0,{}
1776127016,normal,k3s-wk1,0.3114444444444314,0.6234654794251482,223.8666666666667,208.66666666666666,9252.633333333333,6544.5,0.0,0,15,2,0,10,0,"{""process_exit"": 15, ""process_exec"": 15, ""process_kprobe"": 10}"
1776127026,normal,sw-wk2,0.11491149114909882,0.2864326490564114,113.2113211321132,98.009800980098,658.5325199186585,3611.8278494516117,0.0,0,2,2,0,0,0,"{""process_exec"": 2}"
1776127026,normal,sw-wk3,0.43822222222220764,0.35079386317010075,105.93333333333334,100.86666666666666,2286.0666666666666,6169.133333333333,0.0,0,0,0,0,0,0,{}
1776127026,normal,k3s-wk1,0.3114444444444314,0.6234654794251482,223.86666666666667,208.66666666666666,9252.633333333333,6544.5,0.0,0,36,3,0,30,0,"{""process_exit"": 36, ""process_exec"": 36, ""process_kprobe"": 30}"
1776127036,normal,sw-wk2,0.11491149114909882,0.2864326490564114,113.2113211321132,98.009800980098,658.5325199186585,3611.8278494516117,0.0,0,0,0,0,0,0,{}
1776127036,normal,sw-wk3,0.43822222222220764,0.35079386317010075,105.93333333333334,100.86666666666666,2286.066666666667,6169.133333333333,0.0,0,0,0,0,0,0,"{""process_exit"": 3}"
1776127036,normal,k3s-wk1,0.2978888888889034,0.6207088454986832,218.80000000000004,208.66666666666666,10825.166666666666,7275.8,0.0,0,39,3,0,32,0,"{""process_exit"": 39, ""process_exec"": 39, ""process_kprobe"": 32}"
1776127046,normal,sw-wk2,0.22344444444445088,0.29004198682416504,116.06666666666666,100.86666666666666,5938.800000000001,27999.1,0.0,0,104,5,0,0,0,"{""process_exit"": 106, ""process_exec"": 104}"
1776127046,normal,sw-wk3,0.43822222222220764,0.35079386317010075,105.93333333333334,100.86666666666666,2286.0666666666666,6169.133333333333,0.0,0,1,1,0,0,0,"{""process_exit"": 3, ""process_exec"": 1}"
1776127046,normal,k3s-wk1,0.2978888888889034,0.6207088454986832,218.79999999999998,208.66666666666666,10825.166666666666,7275.8,0.0,0,96,3,0,88,0,"{""process_exit"": 96, ""process_exec"": 96, ""process_kprobe"": 88}"
1776127056,normal,sw-wk2,0.22344444444445088,0.29004198682416504,116.06666666666666,100.86666666666666,5938.8,27999.1,0.0,0,0,0,0,0,0,{}
1776127056,normal,sw-wk3,0.2824444444445059,0.35551021318348053,73.26666666666667,68.20000000000002,6641.599999999999,6290.5,0.0,0,0,0,0,0,0,{}
1776127056,normal,k3s-wk1,0.2978888888889034,0.6207088454986832,218.79999999999998,208.66666666666666,10825.166666666666,7275.8,0.0,0,36,3,0,30,0,"{""process_exit"": 36, ""process_exec"": 36, ""process_kprobe"": 30}"
1776127066,normal,sw-wk2,0.22344444444445088,0.29004198682416504,116.06666666666666,100.86666666666666,5938.8,27999.1,0.0,0,0,0,0,0,0,{}
1776127066,normal,sw-wk3,0.2824444444445059,0.35551021318348053,73.26666666666667,68.20000000000002,6641.599999999999,6290.5,0.0,0,1,1,0,0,0,"{""process_exit"": 19, ""process_exec"": 1}"
1776127066,normal,k3s-wk1,0.31511111111111756,0.6169193204818353,213.13333333333333,214.66666666666666,35981.7,10212.800000000001,0.0,0,39,3,0,32,0,"{""process_exit"": 39, ""process_exec"": 39, ""process_kprobe"": 32}"
1776127076,normal,sw-wk2,0.1259471590782627,0.2869662448870369,116.0255982934471,100.85994267048864,952.1031931204586,3594.493700419973,0.0,0,0,0,0,0,0,{}
1776127076,normal,sw-wk3,0.2824444444445059,0.35551021318348053,73.26666666666667,68.2,6641.599999999999,6290.5,0.0,0,0,0,0,0,0,{}
1776127076,normal,k3s-wk1,0.31511111111111756,0.6169193204818353,213.13333333333333,214.66666666666666,35981.7,10212.8,0.0,0,9,2,0,6,0,"{""process_exit"": 9, ""process_exec"": 9, ""process_kprobe"": 6}"
1776127086,normal,sw-wk2,0.1259471590782627,0.2869662448870369,116.0255982934471,100.85994267048864,952.1031931204586,3594.493700419972,0.0,0,2,2,0,0,0,"{""process_exec"": 2}"
1776127086,normal,sw-wk3,0.15677777777774382,0.3511331345489761,100.86666666666666,100.86666666666666,3545.2,10571.166666666666,0.0,0,1,1,0,0,0,"{""process_exit"": 19, ""process_exec"": 1}"
1776127086,normal,k3s-wk1,0.31511111111111756,0.6169193204818353,213.13333333333333,214.66666666666666,35981.7,10212.8,0.0,0,18,2,0,12,0,"{""process_exit"": 18, ""process_exec"": 18, ""process_kprobe"": 12}"
1776127096,normal,sw-wk2,0.1259471590782627,0.2869662448870369,116.0255982934471,100.85994267048864,952.1031931204586,3594.493700419972,0.0,0,104,5,0,0,0,"{""process_exit"": 106, ""process_exec"": 104}"
1776127096,normal,sw-wk3,0.15677777777774382,0.3511331345489761,100.86666666666666,100.86666666666666,3545.2,10571.166666666666,0.0,0,0,0,0,0,0,{}
1776127096,normal,k3s-wk1,0.29664933564412177,0.6195709720351792,208.63884815357952,208.63884815357952,35687.608318890816,9511.031862418344,0.0,0,12,2,0,8,0,"{""process_exit"": 12, ""process_exec"": 12, ""process_kprobe"": 8}"
1776127106,normal,sw-wk2,0.20916950018888036,0.2894016718274144,75.47169811320755,65.33768917927863,5445.32968864591,27881.82545503034,0.0,0,0,0,0,0,0,{}
1776127106,normal,sw-wk3,0.15677777777774382,0.3511331345489761,100.86666666666666,100.86666666666666,3545.2,10571.166666666666,0.0,0,1,1,0,0,0,"{""process_exit"": 3, ""process_exec"": 1}"
1776127106,normal,k3s-wk1,0.29664933564412177,0.6195709720351792,208.63884815357952,208.63884815357952,35687.608318890816,9511.031862418344,0.0,0,57,3,0,50,0,"{""process_exit"": 57, ""process_exec"": 57, ""process_kprobe"": 50}"
1776127116,normal,sw-wk2,0.20916950018888036,0.2894016718274144,75.47169811320755,65.33768917927863,5445.32968864591,27881.82545503034,0.0,0,0,0,0,0,0,{}
1776127116,normal,sw-wk3,0.1694444444444444,0.34772449252647275,105.93333333333334,100.86666666666669,3385.2,5768.466666666666,0.0,0,0,0,0,0,0,{}
1776127116,normal,k3s-wk1,0.29664933564412177,0.6195709720351792,208.63884815357952,208.63884815357952,35687.608318890816,9511.031862418344,0.0,0,12,2,0,8,0,"{""process_exit"": 12, ""process_exec"": 12, ""process_kprobe"": 8}"
1776127126,normal,sw-wk2,0.20916950018888036,0.2894016718274144,75.47169811320755,65.33768917927863,5445.32968864591,27881.82545503034,0.0,0,0,0,0,0,0,{}
1776127126,normal,sw-wk3,0.1694444444444444,0.34772449252647275,105.93333333333334,100.86666666666666,3385.2,5768.466666666668,0.0,0,0,0,0,0,0,{}
1776127126,normal,k3s-wk1,0.2720140463172843,0.6235365965166171,213.7618349113215,208.6944925990132,9320.142685691426,1883.2844379250566,0.0,0,36,3,0,30,0,"{""process_exit"": 36, ""process_exec"": 36, ""process_kprobe"": 30}"
1776127136,normal,sw-wk2,0.13578189574730481,0.2856266804286606,110.38528196240502,106.85241967737635,577.6563124916678,3561.858418877483,0.0,0,0,0,0,0,0,{}
1776127136,normal,sw-wk3,0.1694444444444444,0.34772449252647275,105.93333333333334,100.86666666666666,3385.2,5768.466666666666,0.0,0,0,0,0,0,0,{}
1776127136,normal,k3s-wk1,0.2720140463172843,0.6235365965166171,213.7618349113215,208.6944925990132,9320.142685691426,1883.2844379250566,0.0,0,12,2,0,8,0,"{""process_exit"": 12, ""process_exec"": 12, ""process_kprobe"": 8}"
1776127146,normal,sw-wk2,0.13578189574730481,0.2856266804286606,110.38528196240502,106.85241967737635,577.6563124916678,3561.858418877483,0.0,0,2,2,0,0,0,"{""process_exec"": 2}"
1776127146,normal,sw-wk3,0.15833333333333333,0.34987002561259983,116.06666666666666,100.86666666666669,2310.7,5172.566666666667,0.0,0,1,1,0,0,0,"{""process_exit"": 9, ""process_exec"": 1}"
1776127146,normal,k3s-wk1,0.2720140463172843,0.6235365965166171,213.7618349113215,208.6944925990132,9320.142685691426,1883.2844379250566,0.0,0,57,3,0,50,0,"{""process_exit"": 57, ""process_exec"": 57, ""process_kprobe"": 50}"
1776127156,normal,sw-wk2,0.13578189574730481,0.2856266804286606,110.38528196240502,106.85241967737635,577.6563124916678,3561.858418877483,0.0,0,104,5,0,0,0,"{""process_exit"": 106, ""process_exec"": 104}"
1776127156,normal,sw-wk3,0.15833333333333333,0.34987002561259983,116.06666666666666,100.86666666666666,2310.7,5172.566666666667,0.0,0,0,0,0,0,0,{}
1776127156,normal,k3s-wk1,0.3060000000000299,0.6319950150305409,223.8666666666667,208.66666666666666,34273.5,6872.566666666667,0.0,0,33,3,0,28,0,"{""process_exit"": 33, ""process_exec"": 33, ""process_kprobe"": 28}"
1776127166,normal,sw-wk2,0.21119592875312232,0.29019171222141515,100.87002900096671,100.87002900096671,5777.492583086104,27931.26437547918,0.0,0,0,0,0,0,0,{}
1776127166,normal,sw-wk3,0.15833333333333333,0.34987002561259983,116.06666666666666,100.86666666666666,2310.7,5172.566666666667,0.0,0,2,2,0,0,0,"{""process_exec"": 2}"
1776127166,normal,k3s-wk1,0.3060000000000299,0.6319950150305409,223.86666666666667,208.66666666666666,34273.5,6872.566666666668,0.0,0,9,2,0,6,0,"{""process_exit"": 9, ""process_exec"": 9, ""process_kprobe"": 6}"
1776127176,normal,sw-wk2,0.21119592875312232,0.29019171222141515,100.87002900096671,100.87002900096668,5777.492583086104,27931.26437547918,0.0,0,0,0,0,0,0,{}
1776127176,normal,sw-wk3,0.2009999999999612,0.3556089682327306,742.2000000000002,410.3333333333333,6165.366666666668,10739.366666666667,0.0,0,6,4,0,0,0,"{""process_exit"": 25, ""process_exec"": 6}"
1776127176,normal,k3s-wk1,0.3060000000000299,0.6319950150305409,223.86666666666667,208.66666666666666,34273.5,6872.566666666667,0.0,0,78,3,0,70,0,"{""process_exit"": 78, ""process_exec"": 78, ""process_kprobe"": 70}"
1776127187,normal,sw-wk2,0.21119592875312232,0.29019171222141515,100.87002900096671,100.87002900096671,5777.492583086104,27931.264375479186,0.0,0,0,0,0,0,0,{}
1776127187,normal,sw-wk3,0.2009999999999612,0.3556089682327306,742.2,410.3333333333333,6165.366666666667,10739.366666666667,0.0,0,3,2,0,0,0,"{""process_exit"": 3, ""process_exec"": 3}"
1776127187,normal,k3s-wk1,0.30044444444441376,0.631049044829731,223.83333333333334,208.66666666666666,13866.266666666666,7955.966666666666,0.0,0,33,3,0,28,0,"{""process_exit"": 33, ""process_exec"": 33, ""process_kprobe"": 28}"
1776127196,normal,sw-wk2,0.11824515784913447,0.28620487531378624,105.94392772610595,100.87675434210087,572.3572357235723,3584.425109177584,0.0,0,0,0,0,0,0,{}
1776127196,normal,sw-wk3,0.2009999999999612,0.3556089682327306,742.2,410.3333333333333,6165.366666666667,10739.366666666667,0.0,0,4,2,0,0,0,"{""process_exit"": 22, ""process_exec"": 4}"
1776127196,normal,k3s-wk1,0.30044444444441376,0.631049044829731,223.83333333333334,208.66666666666666,13866.266666666666,7955.966666666666,0.0,0,36,3,0,30,0,"{""process_exit"": 36, ""process_exec"": 36, ""process_kprobe"": 30}"
1776127206,normal,sw-wk2,0.11824515784913447,0.28620487531378624,105.94392772610594,100.87675434210087,572.3572357235723,3584.425109177584,0.0,0,2,2,0,0,0,"{""process_exec"": 2}"
1776127206,normal,sw-wk3,0.1591111111111484,0.3526829516928527,203.73333333333332,189.13333333333333,2460.9666666666667,10272.866666666667,0.0,0,4,2,0,0,0,"{""process_exit"": 4, ""process_exec"": 4}"
1776127206,normal,k3s-wk1,0.30044444444441376,0.631049044829731,223.83333333333334,208.66666666666666,13866.266666666666,7955.966666666666,0.0,0,54,3,0,48,0,"{""process_exit"": 54, ""process_exec"": 54, ""process_kprobe"": 48}"
1776127216,normal,sw-wk2,0.11824515784913447,0.28620487531378624,105.94392772610594,100.87675434210087,572.3572357235723,3584.425109177584,0.0,0,104,5,0,0,0,"{""process_exit"": 106, ""process_exec"": 104}"
1776127216,normal,sw-wk3,0.1591111111111484,0.3526829516928527,203.73333333333332,189.13333333333333,2460.9666666666667,10272.866666666667,0.0,0,3,2,0,0,0,"{""process_exit"": 3, ""process_exec"": 3}"
1776127216,normal,k3s-wk1,0.29355555555555635,0.6305433232903959,411.0,301.1,38085.03333333333,6004.733333333334,0.0,0,36,3,0,30,0,"{""process_exit"": 36, ""process_exec"": 36, ""process_kprobe"": 30}"
1776127226,normal,sw-wk2,0.19221881526904472,0.28662060221466157,97.98693507532329,97.98693507532329,5578.456205839221,27944.040794560726,0.0,0,0,0,0,0,0,{}
1776127226,normal,sw-wk3,0.1591111111111484,0.3526829516928527,203.73333333333332,189.13333333333333,2460.9666666666667,10272.866666666667,0.0,0,3,2,0,0,0,"{""process_exit"": 3, ""process_exec"": 3}"
1776127226,normal,k3s-wk1,0.29355555555555635,0.6305433232903959,411.0,301.1,38085.03333333333,6004.733333333334,0.0,0,54,3,0,48,0,"{""process_exit"": 54, ""process_exec"": 54, ""process_kprobe"": 48}"
1776127236,normal,sw-wk2,0.19221881526904439,0.28662060221466157,97.98693507532329,97.98693507532329,5578.456205839221,27944.040794560726,0.0,0,0,0,0,0,0,{}
1776127236,normal,sw-wk3,0.1546666666666473,0.35698994609885704,162.13333333333333,151.86666666666667,3028.3,8729.266666666666,0.0,0,5,2,0,0,0,"{""process_exit"": 13, ""process_exec"": 5}"
1776127236,normal,k3s-wk1,0.29355555555555635,0.6305433232903959,411.0,301.1,38085.03333333333,6004.733333333334,0.0,0,15,2,0,10,0,"{""process_exit"": 15, ""process_exec"": 15, ""process_kprobe"": 10}"
1776127247,normal,sw-wk2,0.19221881526904439,0.28662060221466157,97.98693507532329,97.98693507532329,5578.456205839221,27944.040794560726,0.0,0,0,0,0,0,0,{}
1776127247,normal,sw-wk3,0.1546666666666473,0.35698994609885704,162.13333333333333,151.86666666666667,3028.3,8729.266666666666,0.0,0,3,2,0,0,0,"{""process_exit"": 3, ""process_exec"": 3}"
1776127247,normal,k3s-wk1,0.27899999999998626,0.6299619692887048,212.79999999999998,212.66666666666666,12733.533333333336,5706.033333333333,0.0,0,30,3,0,26,0,"{""process_exit"": 31, ""process_exec"": 30, ""process_kprobe"": 26}"
1776127256,normal,sw-wk2,0.12741535828973383,0.28549288326516054,78.33594453148439,68.20227340911364,714.3238107936932,3688.6229540984696,0.0,0,0,0,0,0,0,{}
1776127256,normal,sw-wk3,0.1546666666666473,0.35698994609885704,162.13333333333333,151.86666666666667,3028.3,8729.266666666666,0.0,0,4,2,0,0,0,"{""process_exit"": 26, ""process_exec"": 4}"
1776127256,normal,k3s-wk1,0.27899999999998615,0.6299619692887048,212.79999999999998,212.66666666666666,12733.533333333333,5706.033333333333,0.0,0,57,3,0,50,0,"{""process_exit"": 57, ""process_exec"": 57, ""process_kprobe"": 50}"
1776127267,normal,sw-wk2,0.1274153582897336,0.28549288326516054,78.33594453148439,68.20227340911364,714.3238107936932,3688.6229540984705,0.0,0,106,7,0,0,0,"{""process_exec"": 106, ""process_exit"": 106}"
1776127267,normal,sw-wk3,0.1694444444444444,0.3538616409903539,184.66666666666666,184.53333333333333,2887.0333333333338,10952.066666666666,0.0,0,4,2,0,0,0,"{""process_exit"": 4, ""process_exec"": 4}"
1776127267,normal,k3s-wk1,0.27899999999998626,0.6299619692887048,212.79999999999998,212.66666666666666,12733.533333333333,5706.033333333333,0.0,0,12,2,0,8,0,"{""process_exit"": 12, ""process_exec"": 12, ""process_kprobe"": 8}"
1776127276,normal,sw-wk2,0.1274153582897336,0.28549288326516054,78.33594453148439,68.20227340911364,714.3238107936932,3688.6229540984705,0.0,0,0,0,0,0,0,{}
1776127276,normal,sw-wk3,0.1694444444444444,0.3538616409903539,184.66666666666666,184.53333333333333,2887.0333333333338,10952.066666666666,0.0,0,2,2,0,0,0,"{""process_exit"": 2, ""process_exec"": 2}"
1776127276,normal,k3s-wk1,0.3088888888889011,0.6294167382541093,222.93333333333334,212.66666666666666,38823.13333333333,11474.666666666666,0.0,0,9,2,0,6,0,"{""process_exit"": 9, ""process_exec"": 9, ""process_kprobe"": 6}"
1776127287,normal,sw-wk2,0.19230641021372863,0.2882564318207883,105.93686456215207,100.87002900096671,7376.045868195607,28004.63348778293,0.0,0,0,0,0,0,0,{}
1776127287,normal,sw-wk3,0.1694444444444444,0.3538616409903539,184.66666666666666,184.53333333333333,2887.0333333333333,10952.066666666666,0.0,0,4,2,0,0,0,"{""process_exit"": 4, ""process_exec"": 4}"
1776127287,normal,k3s-wk1,0.3088888888889011,0.6294167382541093,222.93333333333334,212.66666666666666,38823.13333333334,11474.666666666666,0.0,0,12,2,0,8,0,"{""process_exit"": 12, ""process_exec"": 12, ""process_kprobe"": 8}"
1776127296,normal,sw-wk2,0.19230641021372863,0.2882564318207883,105.93686456215208,100.87002900096671,7376.045868195607,28004.633487782925,0.0,0,0,0,0,0,0,{}
1776127296,normal,sw-wk3,0.1657777777777989,0.35054060425347555,186.46666666666667,181.26666666666665,5139.4,8780.733333333334,0.0,0,4,2,0,0,0,"{""process_exit"": 12, ""process_exec"": 4}"
1776127296,normal,k3s-wk1,0.3088888888889011,0.6294167382541093,222.93333333333334,212.66666666666666,38823.13333333333,11474.666666666666,0.0,0,12,2,0,8,0,"{""process_exit"": 12, ""process_exec"": 12, ""process_kprobe"": 8}"
1776127307,normal,sw-wk2,0.19230641021372863,0.2882564318207883,105.93686456215208,100.87002900096671,7376.045868195607,28004.63348778293,0.0,0,0,0,0,0,0,{}
1776127307,normal,sw-wk3,0.1657777777777989,0.35054060425347555,186.46666666666667,181.26666666666665,5139.4,8780.733333333334,0.0,0,3,2,0,0,0,"{""process_exit"": 3, ""process_exec"": 3}"
1776127307,normal,k3s-wk1,0.29033333333332445,0.6339061457584299,231.96666666666667,217.26666666666665,12499.333333333334,4528.933333333333,0.0,0,9,2,0,6,0,"{""process_exit"": 9, ""process_exec"": 9, ""process_kprobe"": 6}"
1776127316,normal,sw-wk2,0.13527568504563237,0.2858512685245359,116.04106940462698,100.87339155943731,976.4317621174744,3600.0733382225485,0.0,0,0,0,0,0,0,{}
1776127316,normal,sw-wk3,0.1657777777777989,0.35054060425347555,186.46666666666667,181.26666666666665,5139.4,8780.733333333334,0.0,0,1,1,0,0,0,"{""process_exit"": 3, ""process_exec"": 1}"
1776127316,normal,k3s-wk1,0.29033333333332445,0.6339061457584299,231.96666666666667,217.26666666666665,12499.333333333334,4528.933333333333,0.0,0,39,3,0,32,0,"{""process_exit"": 39, ""process_exec"": 39, ""process_kprobe"": 32}"
1776127327,normal,sw-wk2,0.13527568504563237,0.2858512685245359,116.04106940462698,100.87339155943731,976.4317621174746,3600.0733382225485,0.0,0,2,2,0,0,0,"{""process_exec"": 2}"
1776127327,normal,sw-wk3,0.1760000000000016,0.3494065140104744,133.93333333333334,133.93333333333334,4613.233333333334,6771.4,0.0,0,0,0,0,0,0,"{""process_exit"": 3}"
1776127327,normal,k3s-wk1,0.29033333333332445,0.6339061457584299,231.96666666666667,217.26666666666665,12499.333333333334,4528.933333333333,0.0,0,12,2,0,8,0,"{""process_exit"": 12, ""process_exec"": 12, ""process_kprobe"": 8}"
1776127337,normal,sw-wk2,0.13527568504563237,0.2858512685245359,116.04106940462698,100.87339155943731,976.4317621174746,3600.0733382225485,0.0,0,104,5,0,0,0,"{""process_exit"": 106, ""process_exec"": 104}"
1776127337,normal,sw-wk3,0.1760000000000016,0.3494065140104744,133.93333333333334,133.93333333333334,4613.233333333334,6771.4,0.0,0,1,1,0,0,0,"{""process_exit"": 10, ""process_exec"": 1}"
1776127337,normal,k3s-wk1,0.3013333333333421,0.6322941583517994,223.86666666666667,208.6666666666667,35611.433333333334,8806.733333333335,0.0,0,39,3,0,32,0,"{""process_exit"": 39, ""process_exec"": 39, ""process_kprobe"": 32}"
1776127347,normal,sw-wk2,0.19735599622285172,0.28118111038903115,112.5812364605899,103.98266955507415,5456.5572404599225,27954.307615397433,0.0,0,0,0,0,0,0,{}
1776127347,normal,sw-wk3,0.1760000000000016,0.3494065140104744,133.93333333333334,133.93333333333334,4613.233333333334,6771.4,0.0,0,0,0,0,0,0,{}
1776127347,normal,k3s-wk1,0.3013333333333421,0.6322941583517994,223.86666666666667,208.66666666666666,35611.433333333334,8806.733333333334,0.0,0,57,3,0,50,0,"{""process_exit"": 57, ""process_exec"": 57, ""process_kprobe"": 50}"
1776127357,normal,sw-wk2,0.19735599622285172,0.28118111038903115,112.5812364605899,103.98266955507415,5456.5572404599225,27954.307615397433,0.0,0,0,0,0,0,0,{}
1776127357,normal,sw-wk3,0.1729999999999966,0.35078749187660074,100.86666666666666,100.86666666666666,2917.6666666666665,6959.166666666667,0.0,0,0,0,0,0,0,{}
1776127357,normal,k3s-wk1,0.3013333333333422,0.6322941583517994,223.86666666666667,208.66666666666666,35611.433333333334,8806.733333333334,0.0,0,36,3,0,30,0,"{""process_exit"": 36, ""process_exec"": 36, ""process_kprobe"": 30}"
1776127367,normal,sw-wk2,0.19735599622285172,0.28118111038903115,112.5812364605899,103.98266955507415,5456.557240459923,27954.307615397433,0.0,0,0,0,0,0,0,{}
1776127367,normal,sw-wk3,0.17299999999999682,0.35078749187660074,100.86666666666666,100.86666666666666,2917.6666666666665,6959.166666666667,0.0,0,0,0,0,0,0,{}
1776127367,normal,k3s-wk1,0.2873333333333399,0.6361886657417681,228.93333333333334,208.66666666666666,9085.433333333332,7288.133333333333,0.0,0,54,3,0,48,0,"{""process_exit"": 54, ""process_exec"": 54, ""process_kprobe"": 48}"
1776127377,normal,sw-wk2,0.11640829027061861,0.2834938899295335,116.08601433572264,100.88348058009667,1084.0473412235372,3699.949991665277,0.0,0,0,0,0,0,0,{}
1776127377,normal,sw-wk3,0.17299999999999682,0.35078749187660074,100.86666666666666,100.86666666666666,2917.6666666666665,6959.166666666667,0.0,0,1,1,0,0,0,"{""process_exit"": 37, ""process_exec"": 1}"
1776127377,normal,k3s-wk1,0.2873333333333399,0.6361886657417681,228.93333333333334,208.66666666666666,9085.433333333332,7288.133333333333,0.0,0,54,3,0,48,0,"{""process_exit"": 54, ""process_exec"": 54, ""process_kprobe"": 48}"
1776127387,normal,sw-wk2,0.11640829027061861,0.2834938899295335,116.08601433572264,100.88348058009667,1084.0473412235372,3699.949991665278,0.0,0,2,2,0,0,0,"{""process_exec"": 2}"
1776127387,normal,sw-wk3,0.15911111111114828,0.35125418912547623,115.43333333333334,106.86666666666666,4009.6666666666665,10503.5,0.0,0,0,0,0,0,0,{}
1776127387,normal,k3s-wk1,0.2873333333333399,0.6361886657417681,228.93333333333334,208.66666666666666,9085.433333333332,7288.133333333333,0.0,0,36,3,0,30,0,"{""process_exit"": 36, ""process_exec"": 36, ""process_kprobe"": 30}"
1776127397,normal,sw-wk2,0.11640829027061861,0.2834938899295335,116.08601433572261,100.88348058009667,1084.0473412235372,3699.949991665277,0.0,0,0,0,0,0,0,{}
1776127397,normal,sw-wk3,0.15911111111114828,0.35125418912547623,115.43333333333334,106.86666666666666,4009.6666666666665,10503.5,0.0,0,0,0,0,0,0,{}
1776127397,normal,k3s-wk1,0.2881111111111143,0.633089992470619,208.66666666666666,208.66666666666666,14502.0,4840.9,0.0,0,33,3,0,28,0,"{""process_exit"": 33, ""process_exec"": 33, ""process_kprobe"": 28}"
1776127407,normal,sw-wk2,0.23268344164861743,0.28710800616741206,116.04732544575904,108.24862522912848,5938.043659390101,29421.263122812863,0.0,0,110,10,0,2,1,"{""process_exit"": 112, ""process_exec"": 110, ""process_kprobe"": 2}"
1776127407,normal,sw-wk3,0.15911111111114828,0.35125418912547623,115.43333333333334,106.86666666666666,4009.6666666666665,10503.5,0.0,0,1,1,0,0,0,"{""process_exit"": 5, ""process_exec"": 1}"
1776127407,normal,k3s-wk1,0.2881111111111143,0.633089992470619,208.66666666666666,208.66666666666666,14502.0,4840.9,0.0,0,81,3,0,72,0,"{""process_exit"": 81, ""process_exec"": 81, ""process_kprobe"": 72}"
1776127417,normal,sw-wk2,0.23268344164861743,0.28710800616741206,116.04732544575904,108.24862522912848,5938.043659390101,29421.263122812863,0.0,0,10,5,0,4,3,"{""process_exit"": 14, ""process_exec"": 10, ""process_kprobe"": 4}"
1776127417,normal,sw-wk3,0.15711111111106424,0.35056131095735055,65.33333333333334,65.33333333333333,4865.5,6022.6,0.0,0,0,0,0,0,0,{}
1776127417,normal,k3s-wk1,0.2881111111111143,0.633089992470619,208.66666666666666,208.66666666666666,14502.0,4840.9,0.0,0,15,2,0,10,0,"{""process_exit"": 15, ""process_exec"": 15, ""process_kprobe"": 10}"
1776127427,normal,sw-wk2,0.23268344164861743,0.28710800616741206,116.04732544575904,108.24862522912848,5938.043659390101,29421.263122812863,0.0,0,8,5,0,5,3,"{""process_exit"": 10, ""process_exec"": 8, ""process_kprobe"": 5}"
1776127427,normal,sw-wk3,0.15711111111106424,0.35056131095735055,65.33333333333334,65.33333333333333,4865.5,6022.6,0.0,0,0,0,0,0,0,{}
1776127427,normal,k3s-wk1,0.3111111111110706,0.6287281441938539,215.33333333333334,211.79999999999998,40789.73333333333,10264.5,0.0,0,15,2,0,10,0,"{""process_exit"": 15, ""process_exec"": 15, ""process_kprobe"": 10}"
1776127437,normal,sw-wk2,0.1347489360756582,0.2859117958127859,133.6044534817827,154.00513350445016,1987.7995933197776,11915.66385546185,0.0,0,7,5,0,3,2,"{""process_exit"": 9, ""process_exec"": 7, ""process_kprobe"": 3}"
1776127437,normal,sw-wk3,0.15711111111106424,0.35056131095735055,65.33333333333333,65.33333333333333,4865.5,6022.6,0.0,0,1,1,0,0,0,"{""process_exit"": 5, ""process_exec"": 1}"
1776127437,normal,k3s-wk1,0.3111111111110706,0.6287281441938539,215.33333333333334,211.79999999999998,40789.73333333333,10264.5,0.0,0,54,3,0,48,0,"{""process_exit"": 54, ""process_exec"": 54, ""process_kprobe"": 48}"
1776127447,normal,sw-wk2,0.1347489360756584,0.2859117958127859,133.60445348178274,154.00513350445016,1987.7995933197776,11915.66385546185,0.0,0,11,6,0,4,3,"{""process_exit"": 13, ""process_exec"": 11, ""process_kprobe"": 4}"
1776127447,normal,sw-wk3,0.16477777777779723,0.3518992825923519,105.93333333333334,100.86666666666666,2209.5,5846.700000000001,0.0,0,0,0,0,0,0,{}
1776127447,normal,k3s-wk1,0.3111111111110706,0.6287281441938539,215.33333333333334,211.79999999999998,40789.73333333333,10264.5,0.0,0,53,3,0,46,0,"{""process_exit"": 54, ""process_exec"": 53, ""process_kprobe"": 46}"
1776127457,normal,sw-wk2,0.1347489360756582,0.2859117958127859,133.60445348178274,154.00513350445016,1987.7995933197776,11915.66385546185,0.0,0,111,10,0,4,3,"{""process_exit"": 115, ""process_exec"": 111, ""process_kprobe"": 4}"
1776127457,normal,sw-wk3,0.16477777777779723,0.3518992825923519,105.93333333333334,100.86666666666666,2209.5,5846.7,0.0,0,0,0,0,0,0,{}
1776127457,normal,k3s-wk1,0.3234444444444914,0.6233729143219663,208.6666666666667,208.66666666666666,41412.0,9571.3,0.0,0,64,3,0,56,0,"{""process_exec"": 64, ""process_kprobe"": 56, ""process_exit"": 63}"
1776127467,normal,sw-wk2,0.21411743788059345,0.28989863272041494,140.21869582611015,154.68729163888517,5537.605014001867,35476.26350180024,0.0,0,7,5,0,4,2,"{""process_exit"": 9, ""process_exec"": 7, ""process_kprobe"": 4}"
1776127467,normal,sw-wk3,0.16477777777779723,0.3518992825923519,105.93333333333334,100.86666666666666,2209.5,5846.7,0.0,0,1,1,0,0,0,"{""process_exit"": 3, ""process_exec"": 1}"
1776127467,normal,k3s-wk1,0.3234444444444914,0.6233729143219663,208.66666666666666,208.66666666666666,41412.0,9571.3,0.0,0,12,2,0,8,0,"{""process_exit"": 12, ""process_exec"": 12, ""process_kprobe"": 8}"
1776127477,normal,sw-wk2,0.21411743788059345,0.28989863272041494,140.21869582611015,154.68729163888517,5537.605014001867,35476.26350180024,0.0,0,7,5,0,3,2,"{""process_exit"": 9, ""process_exec"": 7, ""process_kprobe"": 3}"
1776127477,normal,sw-wk3,0.16233333333333988,0.3454881685079705,116.06666666666666,100.86666666666666,3087.7666666666664,5772.5,0.0,0,0,0,0,0,0,{}
1776127477,normal,k3s-wk1,0.3234444444444914,0.6233729143219663,208.66666666666666,208.66666666666666,41412.0,9571.3,0.0,0,12,2,0,8,0,"{""process_exit"": 12, ""process_exec"": 12, ""process_kprobe"": 8}"
1776127487,normal,sw-wk2,0.21411743788059345,0.28989863272041494,140.21869582611015,154.68729163888517,5537.605014001867,35476.26350180024,0.0,0,9,5,0,4,3,"{""process_exit"": 13, ""process_exec"": 9, ""process_kprobe"": 4}"
1776127487,normal,sw-wk3,0.16233333333333988,0.3454881685079705,116.06666666666666,100.86666666666669,3087.7666666666664,5772.5,0.0,0,0,0,0,0,0,{}
1776127487,normal,k3s-wk1,0.26899999999996993,0.6234350006716614,218.79999999999998,208.66666666666666,16276.333333333336,2093.7,0.0,0,57,3,0,50,0,"{""process_exit"": 57, ""process_exec"": 57, ""process_kprobe"": 50}"
1776127497,normal,sw-wk2,0.12689419188552475,0.28576525606228576,178.04292760965205,179.64271430475938,885.6819090787895,11290.094654046128,0.0,0,7,5,0,4,3,"{""process_exit"": 9, ""process_exec"": 7, ""process_kprobe"": 4}"
1776127497,normal,sw-wk3,0.16233333333333988,0.3454881685079705,116.06666666666666,100.86666666666666,3087.7666666666664,5772.5,0.0,0,1,1,0,0,0,"{""process_exit"": 13, ""process_exec"": 1}"
1776127497,normal,k3s-wk1,0.26899999999997004,0.6234350006716614,218.80000000000004,208.66666666666666,16276.333333333334,2093.7,0.0,0,57,3,0,50,0,"{""process_exit"": 57, ""process_exec"": 57, ""process_kprobe"": 50}"
1776127507,normal,sw-wk2,0.12689419188552475,0.28576525606228576,178.04292760965205,179.64271430475938,885.6819090787895,11290.094654046128,0.0,0,10,6,0,4,2,"{""process_exit"": 10, ""process_exec"": 10, ""process_kprobe"": 4}"
1776127507,normal,sw-wk3,0.16011111111110932,0.3513115307669763,98.0,98.0,2315.1,7005.466666666668,0.0,0,0,0,0,0,0,{}
1776127507,normal,k3s-wk1,0.26899999999997004,0.6234350006716614,218.79999999999998,208.66666666666666,16276.333333333334,2093.7,0.0,0,18,2,0,12,0,"{""process_exit"": 18, ""process_exec"": 18, ""process_kprobe"": 12}"
1776127517,normal,sw-wk2,0.12689419188552475,0.28576525606228576,178.04292760965205,179.64271430475938,885.6819090787895,11290.094654046128,0.0,0,92,8,0,3,2,"{""process_exit"": 95, ""process_exec"": 92, ""process_kprobe"": 3}"
1776127517,normal,sw-wk3,0.16011111111110943,0.3513115307669763,98.0,98.0,2315.1,7005.466666666666,0.0,0,0,0,0,0,0,{}
1776127517,normal,k3s-wk1,0.3207777777777867,0.6281196979668413,228.9,208.66666666666666,18934.0,4989.0,0.0,0,36,3,0,30,0,"{""process_exit"": 36, ""process_exec"": 36, ""process_kprobe"": 30}"
1776127527,normal,sw-wk2,0.23464115470514546,0.28927424595741424,177.20590686356215,174.8058268608954,5616.487216240542,34870.7623587453,0.0,0,27,8,0,4,3,"{""process_exec"": 27, ""process_exit"": 32, ""process_kprobe"": 4}"
1776127527,normal,sw-wk3,0.16011111111110943,0.3513115307669763,98.0,98.0,2315.1,7005.466666666666,0.0,0,1,1,0,0,0,"{""process_exit"": 11, ""process_exec"": 1}"
1776127527,normal,k3s-wk1,0.3207777777777867,0.6281196979668413,228.9,208.66666666666666,18934.0,4989.0,0.0,0,57,3,0,50,0,"{""process_exit"": 57, ""process_exec"": 57, ""process_kprobe"": 50}"
1776127537,normal,sw-wk2,0.23464115470514546,0.28927424595741424,177.20590686356215,174.8058268608954,5616.487216240542,34870.7623587453,0.0,0,7,5,0,4,3,"{""process_exit"": 9, ""process_exec"": 7, ""process_kprobe"": 4}"
1776127537,normal,sw-wk3,0.16011111111106902,0.3525857894669776,105.93333333333334,100.86666666666669,3705.4666666666667,6768.633333333333,0.0,0,0,0,0,0,0,{}
1776127537,normal,k3s-wk1,0.3207777777777867,0.6281196979668413,228.9,208.66666666666666,18934.0,4989.0,0.0,0,21,2,0,14,0,"{""process_exit"": 21, ""process_exec"": 21, ""process_kprobe"": 14}"
1776127547,normal,sw-wk2,0.23464115470514546,0.28927424595741424,177.20590686356215,174.8058268608954,5616.487216240542,34870.7623587453,0.0,0,8,5,0,4,2,"{""process_exit"": 10, ""process_exec"": 8, ""process_kprobe"": 4}"
1776127547,normal,sw-wk3,0.16011111111106902,0.3525857894669776,105.93333333333334,100.86666666666666,3705.4666666666667,6768.633333333333,0.0,0,0,0,0,0,0,{}
1776127547,normal,k3s-wk1,0.30822222222226026,0.6230782863715947,218.46666666666667,205.79999999999998,41800.666666666664,8508.6,0.0,0,43,3,0,36,0,"{""process_exit"": 44, ""process_exec"": 43, ""process_kprobe"": 36}"
1776127557,normal,sw-wk2,0.1348354554140544,0.2902442753927903,200.5199653356443,190.15398973401773,1859.4760349310045,12652.056529564696,0.0,0,10,5,0,5,4,"{""process_exit"": 14, ""process_exec"": 10, ""process_kprobe"": 5}"
1776127557,normal,sw-wk3,0.16011111111106902,0.3525857894669776,105.93333333333334,100.86666666666666,3705.4666666666667,6768.633333333333,0.0,0,1,1,0,0,0,"{""process_exit"": 7, ""process_exec"": 1}"
1776127557,normal,k3s-wk1,0.30822222222226026,0.6230782863715947,218.46666666666667,205.79999999999998,41800.666666666664,8508.6,0.0,0,53,3,0,46,0,"{""process_kprobe"": 46, ""process_exit"": 53, ""process_exec"": 53}"
1776127567,normal,sw-wk2,0.1348354554140544,0.2902442753927903,200.5199653356443,190.15398973401773,1859.4760349310045,12652.056529564696,0.0,0,4,3,0,1,0,"{""process_exit"": 4, ""process_exec"": 4, ""process_kprobe"": 1}"
1776127567,normal,sw-wk3,0.1657777777778393,0.3546198249168546,78.33333333333333,68.2,3004.1,6109.0,0.0,0,0,0,0,0,0,{}
1776127567,normal,k3s-wk1,0.30822222222226026,0.6230782863715947,218.46666666666667,205.79999999999998,41800.666666666664,8508.6,0.0,0,33,3,0,28,0,"{""process_exit"": 33, ""process_exec"": 33, ""process_kprobe"": 28}"
1776127577,normal,sw-wk2,0.1348354554140544,0.2902442753927903,200.5199653356443,190.15398973401773,1859.4760349310045,12652.056529564696,0.0,0,0,0,0,0,0,{}
1776127577,normal,sw-wk3,0.16577777777783897,0.3546198249168546,78.33333333333333,68.2,3004.1,6109.0,0.0,0,1,1,0,0,0,"{""process_exit"": 19, ""process_exec"": 1}"
1776127577,normal,k3s-wk1,0.3105555555555637,0.6270551992802499,218.86666666666667,213.66666666666666,17933.56666666667,9439.033333333333,0.0,0,12,2,0,8,0,"{""process_exit"": 12, ""process_exec"": 12, ""process_kprobe"": 8}"
1776127587,normal,sw-wk2,0.21647056209241045,0.28824687488053824,112.39625345821804,100.76330788973699,6642.478584047198,29300.42331922269,0.0,0,104,5,0,0,0,"{""process_exit"": 106, ""process_exec"": 104}"
1776127587,normal,sw-wk3,0.1657777777778393,0.3546198249168546,78.33333333333333,68.2,3004.1,6109.0,0.0,0,0,0,0,0,0,{}
1776127587,normal,k3s-wk1,0.3105555555555637,0.6270551992802499,218.86666666666667,213.66666666666666,17933.566666666666,9439.033333333333,0.0,0,33,3,0,28,0,"{""process_exit"": 33, ""process_exec"": 33, ""process_kprobe"": 28}"
1776127597,normal,sw-wk2,0.21647056209241022,0.28824687488053824,112.39625345821804,100.763307889737,6642.478584047198,29300.42331922269,0.0,0,0,0,0,0,0,{}
1776127597,normal,sw-wk3,0.15722222222219795,0.34649642570434647,105.93333333333334,100.86666666666666,4202.466666666666,7822.166666666667,0.0,0,0,0,0,0,0,{}
1776127597,normal,k3s-wk1,0.3105555555555637,0.6270551992802499,218.86666666666667,213.66666666666666,17933.566666666666,9439.033333333333,0.0,0,57,3,0,50,0,"{""process_exit"": 57, ""process_exec"": 57, ""process_kprobe"": 50}"
1776127607,normal,sw-wk2,0.21647056209241045,0.28824687488053824,112.39625345821804,100.76330788973699,6642.478584047198,29300.42331922269,0.0,0,0,0,0,0,0,{}
1776127607,normal,sw-wk3,0.15722222222219795,0.34649642570434647,105.93333333333334,100.86666666666666,4202.466666666666,7822.166666666668,0.0,0,0,0,0,0,0,{}
1776127607,normal,k3s-wk1,0.2858888888888437,0.6249815152004317,213.73333333333332,208.66666666666666,32628.666666666668,7457.766666666666,0.0,0,33,3,0,28,0,"{""process_exit"": 33, ""process_exec"": 33, ""process_kprobe"": 28}"
1776127617,normal,sw-wk2,0.14408258053047496,0.2842950800871593,113.20377345911531,98.00326677555917,3076.302543418114,3729.890996366546,0.0,0,0,0,0,0,0,{}
1776127617,normal,sw-wk3,0.15722222222219795,0.34649642570434647,105.93333333333334,100.86666666666666,4202.466666666666,7822.166666666667,0.0,0,1,1,0,0,0,"{""process_exit"": 9, ""process_exec"": 1}"
1776127617,normal,k3s-wk1,0.2858888888888437,0.6249815152004317,213.73333333333338,208.66666666666666,32628.666666666668,7457.766666666666,0.0,0,54,3,0,48,0,"{""process_exit"": 54, ""process_exec"": 54, ""process_kprobe"": 48}"
1776127627,normal,sw-wk2,0.14408258053047496,0.2842950800871593,113.20377345911531,98.0032667755592,3076.302543418114,3729.890996366545,0.0,0,2,2,0,0,0,"{""process_exec"": 2}"
1776127627,normal,sw-wk3,0.15988888888888253,0.3523341233737274,100.86666666666669,100.86666666666666,2317.066666666667,6518.6,0.0,0,0,0,0,0,0,{}
1776127627,normal,k3s-wk1,0.2858888888888437,0.6249815152004317,213.73333333333332,208.66666666666666,32628.666666666668,7457.766666666666,0.0,0,19,3,0,15,0,"{""process_exit"": 20, ""process_exec"": 19, ""process_kprobe"": 15}"
1776127637,normal,sw-wk2,0.14408258053047496,0.2842950800871593,113.20377345911531,98.0032667755592,3076.302543418114,3729.890996366546,0.0,0,0,0,0,0,0,{}
1776127637,normal,sw-wk3,0.15988888888888253,0.3523341233737274,100.86666666666666,100.86666666666666,2317.0666666666666,6518.6,0.0,0,1,1,0,0,0,"{""process_exit"": 7, ""process_exec"": 1}"
1776127637,normal,k3s-wk1,0.28322222222224,0.621500164246616,228.90000000000003,208.66666666666666,10853.4,5249.333333333333,0.0,0,44,3,0,39,0,"{""process_exec"": 44, ""process_kprobe"": 39, ""process_exit"": 43}"
1776127647,normal,sw-wk2,0.19641765836635272,0.28729914497241227,111.00370012333745,100.87002900096671,5753.691789726324,28136.904563485452,0.0,0,104,5,0,0,0,"{""process_exit"": 106, ""process_exec"": 104}"
1776127647,normal,sw-wk3,0.15988888888888253,0.3523341233737274,100.86666666666666,100.86666666666666,2317.0666666666666,6518.6,0.0,0,0,0,0,0,0,{}
1776127647,normal,k3s-wk1,0.28322222222224,0.621500164246616,228.90000000000003,208.66666666666666,10853.4,5249.333333333333,0.0,0,36,3,0,30,0,"{""process_exit"": 36, ""process_exec"": 36, ""process_kprobe"": 30}"
1776127657,normal,sw-wk2,0.19641765836635283,0.28729914497241227,111.00370012333745,100.87002900096671,5753.691789726325,28136.904563485452,0.0,0,0,0,0,0,0,{}
1776127657,normal,sw-wk3,0.21000000000001617,0.3540464085018541,98.0,98.0,6573.8,6578.9000000000015,0.0,0,1,1,0,0,0,"{""process_exec"": 1}"
1776127657,normal,k3s-wk1,0.28322222222224,0.621500164246616,228.9,208.66666666666666,10853.4,5249.333333333333,0.0,0,12,2,0,8,0,"{""process_exit"": 12, ""process_exec"": 12, ""process_kprobe"": 8}"
1776127667,normal,sw-wk2,0.19641765836635272,0.28729914497241227,111.00370012333745,100.87002900096671,5753.691789726325,28136.904563485452,0.0,0,0,0,0,0,0,{}
1776127667,normal,sw-wk3,0.21000000000001606,0.3540464085018541,98.0,98.0,6573.8,6578.9,0.0,0,1,1,0,0,0,"{""process_exit"": 5, ""process_exec"": 1}"
1776127667,normal,k3s-wk1,0.3111111111111313,0.6223558270296874,226.06666666666666,205.79999999999998,34926.46666666667,10607.400000000001,0.0,0,36,3,0,30,0,"{""process_exit"": 36, ""process_exec"": 36, ""process_kprobe"": 30}"
1776127677,normal,sw-wk2,0.12919319532878493,0.28758903882666254,105.93686456215208,100.87002900096671,1387.7795926530887,3581.1860395346516,0.0,0,0,0,0,0,0,{}
1776127677,normal,sw-wk3,0.21000000000001617,0.3540464085018541,98.0,98.0,6573.8,6578.9,0.0,0,0,0,0,0,0,{}
1776127677,normal,k3s-wk1,0.3111111111111313,0.6223558270296874,226.06666666666666,205.79999999999998,34926.46666666667,10607.4,0.0,0,33,3,0,28,0,"{""process_exit"": 33, ""process_exec"": 33, ""process_kprobe"": 28}"
1776127687,normal,sw-wk2,0.12919319532878493,0.28758903882666254,105.93686456215208,100.87002900096671,1387.7795926530887,3581.1860395346516,0.0,0,106,7,0,0,0,"{""process_exec"": 106, ""process_exit"": 104}"
1776127687,normal,sw-wk3,0.16244444444443318,0.3716375498553717,100.86666666666666,100.86666666666666,4037.733333333333,6572.3,0.0,0,0,0,0,0,0,{}
1776127687,normal,k3s-wk1,0.3111111111111313,0.6223558270296874,226.06666666666666,205.79999999999998,34926.46666666667,10607.4,0.0,0,33,3,0,28,0,"{""process_exit"": 33, ""process_exec"": 33, ""process_kprobe"": 28}"
1776127697,normal,sw-wk2,0.12919319532878493,0.28758903882666254,105.93686456215208,100.87002900096671,1387.7795926530887,3581.1860395346516,0.0,0,0,0,0,0,0,"{""process_exit"": 2}"
1776127697,normal,sw-wk3,0.16244444444443318,0.3716375498553717,100.86666666666669,100.86666666666666,4037.733333333333,6572.3,0.0,0,0,0,0,0,0,{}
1776127697,normal,k3s-wk1,0.3095555555555013,0.6178314254009931,234.0,208.6666666666667,33721.5,11559.366666666667,0.0,0,57,3,0,50,0,"{""process_exit"": 57, ""process_exec"": 57, ""process_kprobe"": 50}"
1776127707,normal,sw-wk2,0.2116081150145238,0.28366750767740867,103.0597960135991,97.99346710219318,5321.178588094127,27806.34624358376,0.0,0,0,0,0,0,0,{}
1776127707,normal,sw-wk3,0.16244444444443318,0.3716375498553717,100.86666666666666,100.86666666666666,4037.733333333333,6572.3,0.0,0,1,1,0,0,0,"{""process_exit"": 5, ""process_exec"": 1}"
1776127707,normal,k3s-wk1,0.3095555555555013,0.6178314254009931,234.0,208.66666666666666,33721.5,11559.366666666667,0.0,0,44,3,0,37,0,"{""process_exit"": 44, ""process_exec"": 44, ""process_kprobe"": 37}"
1776127717,normal,sw-wk2,0.2116081150145238,0.28366750767740867,103.0597960135991,97.99346710219318,5321.178588094127,27806.34624358376,0.0,0,0,0,0,0,0,{}
1776127717,normal,sw-wk3,0.17566666666668118,0.3911560074926411,111.0,100.86666666666666,3150.9,6441.4,0.0,0,0,0,0,0,0,{}
1776127717,normal,k3s-wk1,0.3095555555555013,0.6178314254009931,234.0,208.66666666666666,33721.5,11559.366666666667,0.0,0,46,3,0,41,0,"{""process_kprobe"": 41, ""process_exit"": 46, ""process_exec"": 46}"
1776127727,normal,sw-wk2,0.2116081150145238,0.28366750767740867,103.0597960135991,97.99346710219318,5321.178588094127,27806.34624358376,0.0,0,0,0,0,0,0,{}
1776127727,normal,sw-wk3,0.17566666666668118,0.3911560074926411,111.0,100.86666666666666,3150.9,6441.4,0.0,0,0,0,0,0,0,{}
1776127727,normal,k3s-wk1,0.27055555555562016,0.6203318120296253,226.4,208.66666666666666,9804.9,1780.4666666666667,0.0,0,15,2,0,10,0,"{""process_exit"": 15, ""process_exec"": 15, ""process_kprobe"": 10}"
1776127737,normal,sw-wk2,0.13391339133910796,0.28509945589153507,68.2068206820682,68.2068206820682,639.1639163916391,3590.5923925725906,0.0,0,0,0,0,0,0,{}
1776127737,normal,sw-wk3,0.17566666666668118,0.3911560074926411,111.0,100.86666666666666,3150.9,6441.4,0.0,0,1,1,0,0,0,"{""process_exit"": 9, ""process_exec"": 1}"
1776127737,normal,k3s-wk1,0.27055555555562005,0.6203318120296253,226.4,208.66666666666666,9804.9,1780.4666666666667,0.0,0,9,2,0,6,0,"{""process_exit"": 9, ""process_exec"": 9, ""process_kprobe"": 6}"
1776127750,normal,sw-wk2,0.13391339133910807,0.28509945589153507,68.2068206820682,68.2068206820682,639.1639163916391,3590.5923925725906,0.0,0,106,7,0,0,0,"{""process_exec"": 106, ""process_exit"": 106}"
1776127750,normal,sw-wk3,0.14911111111109177,0.40719573887890714,78.33333333333333,68.2,2553.4666666666667,6733.766666666666,0.0,0,0,0,0,0,0,{}
1776127750,normal,k3s-wk1,0.27055555555562016,0.6203318120296253,226.4,208.66666666666666,9804.9,1780.4666666666667,0.0,0,15,2,0,10,0,"{""process_exit"": 15, ""process_exec"": 15, ""process_kprobe"": 10}"
1776127759,normal,sw-wk2,0.13391339133910807,0.28509945589153507,68.2068206820682,68.2068206820682,639.1639163916391,3590.5923925725906,0.0,0,0,0,0,0,0,{}
1776127759,normal,sw-wk3,0.14911111111109177,0.40719573887890714,78.33333333333333,68.2,2553.4666666666667,6733.766666666666,0.0,0,0,0,0,0,0,"{""process_exit"": 1}"
1776127759,normal,k3s-wk1,0.36633333333330587,0.6203318120296253,221.0,205.80000000000004,34744.1,9783.1,0.0,0,57,3,0,50,0,"{""process_exit"": 57, ""process_exec"": 57, ""process_kprobe"": 50}"
1776127769,normal,sw-wk2,0.20761384092279433,0.28860366731653864,105.94039602640177,100.87339155943731,6325.355023668245,27958.463897593174,0.0,0,0,0,0,0,0,{}
1776127769,normal,sw-wk3,0.14911111111109177,0.40719573887890714,78.33333333333333,68.2,2553.4666666666667,6733.766666666666,0.0,0,0,0,0,0,0,{}
1776127769,normal,k3s-wk1,0.36633333333330587,0.6203318120296253,221.0,205.79999999999998,34744.1,9783.1,0.0,0,12,2,0,8,0,"{""process_exit"": 12, ""process_exec"": 12, ""process_kprobe"": 8}"
1776127779,normal,sw-wk2,0.20761384092279433,0.28860366731653864,105.94039602640177,100.87339155943731,6325.355023668245,27958.463897593174,0.0,0,0,0,0,0,0,{}
1776127779,normal,sw-wk3,0.20944444444442833,0.3473039871554723,111.0,100.86666666666666,7202.133333333333,6419.866666666667,0.0,0,1,1,0,0,0,"{""process_exit"": 3, ""process_exec"": 1}"
1776127779,normal,k3s-wk1,0.36633333333330587,0.6203318120296253,221.0,205.79999999999998,34744.1,9783.1,0.0,0,42,3,0,34,0,"{""process_exit"": 42, ""process_exec"": 42, ""process_kprobe"": 34}"
1776127789,normal,sw-wk2,0.20761384092279433,0.28860366731653864,105.94039602640177,100.87339155943731,6325.355023668245,27958.463897593174,0.0,0,0,0,0,0,0,{}
1776127789,normal,sw-wk3,0.20944444444442833,0.3473039871554723,111.0,100.86666666666666,7202.133333333333,6419.866666666667,0.0,0,1,1,0,0,0,"{""process_exit"": 5, ""process_exec"": 1}"
1776127789,normal,k3s-wk1,0.30188888888884924,0.6192469941740427,213.73333333333338,208.66666666666666,10238.033333333333,6966.0,0.0,0,39,3,0,32,0,"{""process_exit"": 39, ""process_exec"": 39, ""process_kprobe"": 32}"
1776127799,normal,sw-wk2,0.11208879112082648,0.2817656765676567,116.0550611605506,100.85658100856581,600.8065860080659,3573.07602573076,0.0,0,0,0,0,0,0,{}
1776127799,normal,sw-wk3,0.20944444444442833,0.3473039871554723,111.0,100.86666666666666,7202.133333333333,6419.866666666667,0.0,0,0,0,0,0,0,{}
1776127799,normal,k3s-wk1,0.30188888888884924,0.6192469941740427,213.73333333333332,208.66666666666666,10238.033333333333,6966.0,0.0,0,15,2,0,10,0,"{""process_exit"": 15, ""process_exec"": 15, ""process_kprobe"": 10}"
1776127809,normal,sw-wk2,0.11208879112082648,0.2817656765676567,116.05506116055061,100.85658100856581,600.8065860080659,3573.07602573076,0.0,0,2,2,0,0,0,"{""process_exec"": 2}"
1776127809,normal,sw-wk3,0.16688888888889375,0.3524440281866025,100.86666666666666,100.86666666666666,2246.9333333333334,5884.466666666666,0.0,0,0,0,0,0,0,{}
1776127809,normal,k3s-wk1,0.30188888888884924,0.6192469941740427,213.73333333333332,208.66666666666666,10238.033333333333,6966.0,0.0,0,60,3,0,52,0,"{""process_exit"": 60, ""process_exec"": 60, ""process_kprobe"": 52}"
1776127819,normal,sw-wk2,0.11208879112082648,0.2817656765676567,116.05506116055061,100.85658100856581,600.8065860080659,3573.07602573076,0.0,0,104,5,0,0,0,"{""process_exit"": 106, ""process_exec"": 104}"
1776127819,normal,sw-wk3,0.16688888888889375,0.3524440281866025,100.86666666666666,100.86666666666666,2246.9333333333334,5884.466666666666,0.0,0,1,1,0,0,0,"{""process_exit"": 9, ""process_exec"": 1}"
1776127819,normal,k3s-wk1,0.29166666666668695,0.6238538013214232,417.26666666666665,306.23333333333335,33397.9,5934.2333333333345,0.0,0,15,2,0,10,0,"{""process_exit"": 15, ""process_exec"": 15, ""process_kprobe"": 10}"
1776127829,normal,sw-wk2,0.19588888888894074,0.28917230526141413,103.06666666666666,98.0,5346.766666666666,27976.233333333334,0.0,0,0,0,0,0,0,{}
1776127829,normal,sw-wk3,0.16688888888889375,0.3524440281866025,100.86666666666666,100.86666666666666,2246.9333333333334,5884.466666666666,0.0,0,0,0,0,0,0,{}
1776127829,normal,k3s-wk1,0.29166666666668695,0.6238538013214232,417.26666666666665,306.23333333333335,33397.9,5934.233333333334,0.0,0,36,3,0,30,0,"{""process_exit"": 36, ""process_exec"": 36, ""process_kprobe"": 30}"
1776127839,normal,sw-wk2,0.19588888888894074,0.28917230526141413,103.06666666666666,98.0,5346.766666666666,27976.233333333334,0.0,0,0,0,0,0,0,{}
1776127839,normal,sw-wk3,0.1807777777777826,0.3447252061113447,100.86666666666666,100.86666666666669,2938.4333333333334,6461.733333333334,0.0,0,0,0,0,0,0,{}
1776127839,normal,k3s-wk1,0.29166666666668695,0.6238538013214232,417.26666666666665,306.23333333333335,33397.9,5934.233333333334,0.0,0,18,2,0,12,0,"{""process_exit"": 19, ""process_exec"": 18, ""process_kprobe"": 12}"
1776127849,normal,sw-wk2,0.19588888888894074,0.28917230526141413,103.06666666666666,98.0,5346.766666666666,27976.233333333334,0.0,0,0,0,0,0,0,{}
1776127849,normal,sw-wk3,0.1807777777777826,0.3447252061113447,100.86666666666666,100.86666666666666,2938.4333333333334,6461.733333333334,0.0,0,0,0,0,0,0,{}
1776127849,normal,k3s-wk1,0.28460324867235764,0.6185979096090479,227.98480101326578,212.65248983401105,10163.255782947803,5189.320711952536,0.0,0,26,3,0,21,0,"{""process_exit"": 27, ""process_exec"": 26, ""process_kprobe"": 21}"
1776127859,normal,sw-wk2,0.11339244050397446,0.2848860175592849,100.85994267048864,100.85994267048864,584.3943737084194,3606.259582694487,0.0,0,0,0,0,0,0,{}
1776127859,normal,sw-wk3,0.1807777777777826,0.3447252061113447,100.86666666666666,100.86666666666666,2938.4333333333334,6461.733333333334,0.0,0,1,1,0,0,0,"{""process_exit"": 3, ""process_exec"": 1}"
1776127859,normal,k3s-wk1,0.28460324867235764,0.6185979096090479,227.98480101326578,212.65248983401105,10163.255782947803,5189.320711952536,0.0,0,19,2,0,15,0,"{""process_exec"": 19, ""process_kprobe"": 15, ""process_exit"": 18}"
1776127869,normal,sw-wk2,0.11339244050397446,0.2848860175592849,100.85994267048864,100.85994267048864,584.3943737084194,3606.259582694487,0.0,0,106,7,0,0,0,"{""process_exec"": 106, ""process_exit"": 106}"
1776127869,normal,sw-wk3,0.15055555555554745,0.3411763956318412,105.89999999999999,100.86666666666666,2209.2000000000003,5589.9,0.0,0,0,0,0,0,0,{}
1776127869,normal,k3s-wk1,0.28460324867235764,0.6185979096090479,227.98480101326578,212.65248983401105,10163.255782947803,5189.320711952536,0.0,0,39,3,0,32,0,"{""process_exit"": 39, ""process_exec"": 39, ""process_kprobe"": 32}"
1776127879,normal,sw-wk2,0.11339244050397446,0.2848860175592849,100.85994267048864,100.85994267048864,584.3943737084194,3606.259582694487,0.0,0,0,0,0,0,0,{}
1776127879,normal,sw-wk3,0.15055555555554745,0.3411763956318412,105.89999999999999,100.86666666666666,2209.2,5589.9,0.0,0,0,0,0,0,0,{}
1776127879,normal,k3s-wk1,0.31939907104914056,0.6229642732567,228.0152010134009,212.68084538969265,33810.420694712986,11490.032668844591,0.0,0,42,3,0,34,0,"{""process_exit"": 42, ""process_exec"": 42, ""process_kprobe"": 34}"
1776127889,normal,sw-wk2,0.2271626336021897,0.29331842450654333,94855.00966602226,939.9040063995733,8792.080527964803,28689.48736750883,0.0,0,2,2,0,0,0,"{""process_exec"": 2}"
1776127889,normal,sw-wk3,0.15055555555554745,0.3411763956318412,105.89999999999999,100.86666666666666,2209.2,5589.9,0.0,0,1,1,0,0,0,"{""process_exit"": 29, ""process_exec"": 1}"
1776127889,normal,k3s-wk1,0.31939907104914056,0.6229642732567,228.0152010134009,212.68084538969265,33810.420694712986,11490.032668844591,0.0,0,36,3,0,30,0,"{""process_exit"": 36, ""process_exec"": 36, ""process_kprobe"": 30}"
1776127899,normal,sw-wk2,0.2271626336021897,0.29331842450654333,94855.00966602226,939.9040063995733,8792.080527964803,28689.48736750883,0.0,0,6,5,0,0,0,"{""process_exec"": 6, ""process_exit"": 6}"
1776127899,normal,sw-wk3,0.18366666666669396,0.3507030722377257,68.2,68.2,5778.2,9399.966666666667,0.0,0,0,0,0,0,0,{}
1776127899,normal,k3s-wk1,0.31939907104914056,0.6229642732567,228.0152010134009,212.68084538969265,33810.420694712986,11490.032668844591,0.0,0,78,3,0,70,0,"{""process_exit"": 78, ""process_exec"": 78, ""process_kprobe"": 70}"
1776127909,normal,sw-wk2,0.2271626336021897,0.29331842450654333,94855.00966602226,939.9040063995733,8792.080527964803,28689.48736750883,0.0,0,0,0,0,0,0,{}
1776127909,normal,sw-wk3,0.18366666666669418,0.3507030722377257,68.2,68.2,5778.2,9399.966666666667,0.0,0,1,1,0,0,0,"{""process_exit"": 5, ""process_exec"": 1}"
1776127909,normal,k3s-wk1,0.2963333333333543,0.6209628351110725,229.13333333333333,214.40000000000003,14937.933333333332,7049.433333333333,0.0,0,15,2,0,10,0,"{""process_exit"": 15, ""process_exec"": 15, ""process_kprobe"": 10}"
1776127919,normal,sw-wk2,0.13213543576577458,0.2922591969621673,48474.74747474747,479.98133146647996,1230.6230623062306,5143.681034770143,0.0,0,0,0,0,0,0,{}
1776127919,normal,sw-wk3,0.18366666666669418,0.3507030722377257,68.2,68.2,5778.2,9399.966666666667,0.0,0,0,0,0,0,0,{}
1776127919,normal,k3s-wk1,0.2963333333333543,0.6209628351110725,229.13333333333333,214.4,14937.933333333332,7049.433333333333,0.0,0,39,3,0,32,0,"{""process_exit"": 39, ""process_exec"": 39, ""process_kprobe"": 32}"
1776127929,normal,sw-wk2,0.13213543576577458,0.2922591969621673,48474.74747474747,479.98133146647996,1230.6230623062306,5143.681034770143,0.0,0,2,2,0,0,0,"{""process_exec"": 2}"
1776127929,normal,sw-wk3,0.15066666666664075,0.3499194031372249,100.86666666666666,100.86666666666666,2691.8333333333335,5868.8,0.0,0,0,0,0,0,0,{}
1776127929,normal,k3s-wk1,0.2963333333333543,0.6209628351110725,229.13333333333333,214.4,14937.933333333332,7049.433333333333,0.0,0,57,3,0,50,0,"{""process_exit"": 57, ""process_exec"": 57, ""process_kprobe"": 50}"
1776127939,normal,sw-wk2,0.13213543576577458,0.2922591969621673,48474.74747474747,479.98133146647996,1230.6230623062306,5143.681034770143,0.0,0,0,0,0,0,0,{}
1776127939,normal,sw-wk3,0.15066666666664075,0.3499194031372249,100.86666666666666,100.86666666666666,2691.8333333333335,5868.8,0.0,0,0,0,0,0,0,{}
1776127939,normal,k3s-wk1,0.28077777777772195,0.6203927695365987,223.8666666666667,208.66666666666666,10512.0,4908.966666666666,0.0,0,12,2,0,8,0,"{""process_exit"": 12, ""process_exec"": 12, ""process_kprobe"": 8}"
1776127949,normal,sw-wk2,0.19588888888890021,0.287963352319788,116.06666666666669,100.86666666666666,4117.2,6733.933333333333,0.0,0,15,3,0,0,0,"{""process_exit"": 15, ""process_exec"": 15}"
1776127949,normal,sw-wk3,0.15066666666664075,0.3499194031372249,100.86666666666666,100.86666666666666,2691.8333333333335,5868.8,0.0,0,0,0,0,0,0,"{""process_exit"": 9}"
1776127949,normal,k3s-wk1,0.28077777777772195,0.6203927695365987,223.86666666666667,208.66666666666666,10512.0,4908.966666666666,0.0,0,33,3,0,28,0,"{""process_exit"": 33, ""process_exec"": 33, ""process_kprobe"": 28}"
1776127959,normal,sw-wk2,0.19588888888890021,0.287963352319788,116.06666666666666,100.86666666666666,4117.2,6733.933333333333,0.0,0,18,1,0,0,0,"{""process_exit"": 18, ""process_exec"": 18}"
1776127959,normal,sw-wk3,0.17022222222225925,0.34664774392497166,110.39999999999999,106.86666666666666,3095.7,6524.633333333333,0.0,0,1,1,0,0,0,"{""process_exec"": 1}"
1776127959,normal,k3s-wk1,0.28077777777772195,0.6203927695365987,223.86666666666667,208.66666666666666,10512.0,4908.966666666666,0.0,0,18,2,0,12,0,"{""process_exit"": 18, ""process_exec"": 18, ""process_kprobe"": 12}"
1776127969,normal,sw-wk2,0.19588888888890021,0.287963352319788,116.06666666666666,100.86666666666666,4117.2,6733.933333333333,0.0,0,15,1,0,0,0,"{""process_exit"": 15, ""process_exec"": 15}"
1776127969,normal,sw-wk3,0.17022222222225947,0.34664774392497166,110.39999999999999,106.86666666666666,3095.7,6524.633333333333,0.0,0,1,1,0,0,0,"{""process_exit"": 5, ""process_exec"": 1}"
1776127969,normal,k3s-wk1,0.29282492278297,0.6270901934046236,210.8526098260116,205.7862809146057,21733.15112325845,6861.942537164189,0.0,0,75,3,0,68,0,"{""process_exit"": 75, ""process_exec"": 75, ""process_kprobe"": 68}"
1776127979,normal,sw-wk2,0.1331111111111063,0.2888871898772889,116.06666666666666,100.86666666666666,2607.7,15999.9,0.0,0,19,1,0,0,0,"{""process_exit"": 20, ""process_exec"": 19}"
1776127979,normal,sw-wk3,0.17022222222225947,0.34664774392497166,110.39999999999999,106.86666666666666,3095.7,6524.633333333333,0.0,0,0,0,0,0,0,{}
1776127979,normal,k3s-wk1,0.29282492278297,0.6270901934046236,210.8526098260116,205.7862809146057,21733.15112325845,6861.942537164189,0.0,0,57,3,0,50,0,"{""process_exit"": 57, ""process_exec"": 57, ""process_kprobe"": 50}"
1776127989,normal,sw-wk2,0.1331111111111063,0.2888871898772889,116.06666666666666,100.86666666666666,2607.7,15999.9,0.0,0,15,1,0,0,0,"{""process_exec"": 15, ""process_exit"": 15}"
1776127989,normal,sw-wk3,0.1479999999999967,0.3505867961313506,100.86666666666666,100.86666666666666,3750.3000000000006,6099.9,0.0,0,1,1,0,0,0,"{""process_exit"": 5, ""process_exec"": 1}"
1776127989,normal,k3s-wk1,0.29282492278297,0.6270901934046236,210.8526098260116,205.7862809146057,21733.15112325845,6861.942537164189,0.0,0,38,3,0,32,0,"{""process_exit"": 39, ""process_exec"": 38, ""process_kprobe"": 32}"
1776127999,normal,sw-wk2,0.1331111111111063,0.2888871898772889,116.06666666666666,100.86666666666666,2607.7,15999.9,0.0,0,10,1,0,0,0,"{""process_exec"": 10, ""process_exit"": 10}"
1776127999,normal,sw-wk3,0.1479999999999967,0.3505867961313506,100.86666666666666,100.86666666666666,3750.2999999999997,6099.9,0.0,0,0,0,0,0,0,{}
1776127999,normal,k3s-wk1,0.3113985376802768,0.6384237743307939,213.7475831722115,208.68057870524703,20453.696913127544,7077.538502566838,0.0,0,10,2,0,6,0,"{""process_exec"": 10, ""process_exit"": 9, ""process_kprobe"": 6}"
1776128009,normal,sw-wk2,0.22202593246887237,0.2863291155370363,105.92980233992199,100.86330455651476,6739.975334155527,16449.718342721906,0.0,0,7,1,0,0,0,"{""process_exec"": 7, ""process_exit"": 6}"
1776128009,normal,sw-wk3,0.1479999999999967,0.3505867961313506,100.86666666666666,100.86666666666666,3750.2999999999997,6099.9,0.0,0,0,0,0,0,0,{}
1776128009,normal,k3s-wk1,0.3113985376802768,0.6384237743307939,213.7475831722115,208.68057870524703,20453.696913127544,7077.538502566838,0.0,0,60,3,0,52,0,"{""process_exit"": 60, ""process_exec"": 60, ""process_kprobe"": 52}"
1776128019,normal,sw-wk2,0.2220259324688726,0.2863291155370363,105.92980233992199,100.86330455651476,6739.975334155527,16449.718342721906,0.0,0,0,0,0,0,0,{}
1776128019,normal,sw-wk3,0.16211111111107235,0.35085598328172585,98.0,98.0,4065.5,7123.966666666666,0.0,0,1,1,0,0,0,"{""process_exit"": 7, ""process_exec"": 1}"
1776128019,normal,k3s-wk1,0.3113985376802768,0.6384237743307939,213.7475831722115,208.68057870524703,20453.696913127544,7077.538502566838,0.0,0,59,3,0,51,0,"{""process_exit"": 59, ""process_exec"": 59, ""process_kprobe"": 51}"
1776128029,normal,sw-wk2,0.2220259324688726,0.2863291155370363,105.92980233992199,100.86330455651476,6739.975334155527,16449.718342721906,0.0,0,0,0,0,0,0,{}
1776128029,normal,sw-wk3,0.16211111111107235,0.35085598328172585,98.0,98.0,4065.5,7123.966666666666,0.0,0,1,1,0,0,0,"{""process_exit"": 3, ""process_exec"": 1}"
1776128029,normal,k3s-wk1,0.30711111111112466,0.6166077598906377,223.86666666666667,208.66666666666666,21266.13333333333,11336.466666666667,0.0,0,37,3,0,31,0,"{""process_kprobe"": 31, ""process_exit"": 37, ""process_exec"": 37}"
1776128039,normal,sw-wk2,0.15986088425173117,0.28649317634466154,111.00370012333745,100.87002900096671,6023.667455581854,28363.578785959537,0.0,0,0,0,0,0,0,{}
1776128039,normal,sw-wk3,0.16211111111107235,0.35085598328172585,98.0,98.0,4065.5,7123.966666666666,0.0,0,0,0,0,0,0,{}
1776128039,normal,k3s-wk1,0.3071111111111249,0.6166077598906377,223.86666666666667,208.66666666666666,21266.13333333333,11336.466666666667,0.0,0,42,3,0,34,0,"{""process_exit"": 42, ""process_exec"": 42, ""process_kprobe"": 34}"
1776128049,normal,sw-wk2,0.15986088425173117,0.28649317634466154,111.00370012333745,100.87002900096671,6023.667455581854,28363.578785959537,0.0,0,0,0,0,0,0,{}
1776128049,normal,sw-wk3,0.18400000000001449,0.34886973253309883,105.93333333333334,100.86666666666666,3154.7,5628.866666666668,0.0,0,0,0,0,0,0,{}
1776128049,normal,k3s-wk1,0.3071111111111249,0.6166077598906377,223.86666666666667,208.66666666666666,21266.13333333333,11336.466666666667,0.0,0,36,3,0,30,0,"{""process_exit"": 36, ""process_exec"": 36, ""process_kprobe"": 30}"
1776128059,normal,sw-wk2,0.15986088425173117,0.28649317634466154,111.00370012333745,100.87002900096671,6023.667455581854,28363.578785959537,0.0,0,0,0,0,0,0,{}
1776128059,normal,sw-wk3,0.18400000000001449,0.34886973253309883,105.93333333333334,100.86666666666666,3154.7,5628.866666666667,0.0,0,1,1,0,0,0,"{""process_exit"": 3, ""process_exec"": 1}"
1776128059,normal,k3s-wk1,0.32311111111111035,0.6246225432149215,223.79999999999998,208.6666666666667,28801.0,7876.4,0.0,0,36,3,0,30,0,"{""process_exit"": 36, ""process_exec"": 36, ""process_kprobe"": 30}"
1776128069,normal,sw-wk2,0.194528706512462,0.29062336735604066,68.20227340911364,68.20227340911364,5177.739257975265,4079.202640088003,0.0,0,0,0,0,0,0,{}
1776128069,normal,sw-wk3,0.18400000000001449,0.34886973253309883,105.93333333333334,100.86666666666666,3154.7,5628.866666666667,0.0,0,0,0,0,0,0,{}
1776128069,normal,k3s-wk1,0.32311111111111035,0.6246225432149215,223.79999999999998,208.66666666666666,28801.0,7876.4,0.0,0,15,2,0,10,0,"{""process_exit"": 15, ""process_exec"": 15, ""process_kprobe"": 10}"
1776128079,normal,sw-wk2,0.1945287065124619,0.29062336735604066,68.20227340911364,68.20227340911363,5177.739257975267,4079.202640088003,0.0,0,0,0,0,0,0,{}
1776128079,normal,sw-wk3,0.15653014296663803,0.3505852033079756,78.31505981937548,68.18409037891158,2959.042889992335,5675.842303462525,0.0,0,0,0,0,0,0,{}
1776128079,normal,k3s-wk1,0.32311111111111035,0.6246225432149215,223.79999999999998,208.66666666666666,28801.0,7876.4,0.0,0,60,3,0,52,0,"{""process_exit"": 60, ""process_exec"": 60, ""process_kprobe"": 52}"
1776128089,normal,sw-wk2,0.1945287065124619,0.29062336735604066,68.20227340911364,68.20227340911364,5177.739257975267,4079.202640088003,0.0,0,0,0,0,0,0,{}
1776128089,normal,sw-wk3,0.15653014296663803,0.3505852033079756,78.31505981937548,68.18409037891158,2959.042889992335,5675.842303462525,0.0,0,1,1,0,0,0,"{""process_exit"": 19, ""process_exec"": 1}"
1776128089,normal,k3s-wk1,0.2956025153878672,0.619120563789209,220.9852676488234,205.7862809146057,12100.426638224119,6449.936670888607,0.0,0,12,2,0,8,0,"{""process_exit"": 12, ""process_exec"": 12, ""process_kprobe"": 8}"
1776128099,normal,sw-wk2,0.13397113237109348,0.2783538488984033,98.0032667755592,98.0032667755592,597.5199173305778,3595.8865295509854,0.0,0,0,0,0,0,0,{}
1776128099,normal,sw-wk3,0.15653014296663803,0.3505852033079756,78.31505981937548,68.18409037891158,2959.042889992335,5675.842303462525,0.0,0,0,0,0,0,0,{}
1776128099,normal,k3s-wk1,0.2956025153878672,0.619120563789209,220.9852676488234,205.7862809146057,12100.426638224119,6449.936670888607,0.0,0,12,2,0,8,0,"{""process_exit"": 12, ""process_exec"": 12, ""process_kprobe"": 8}"
1776128110,normal,sw-wk2,0.13397113237109348,0.2783538488984033,98.0032667755592,98.0032667755592,597.5199173305778,3595.8865295509854,0.0,0,0,0,0,0,0,{}
1776128110,normal,sw-wk3,0.15324686871378512,0.34828038788434823,116.0937552095489,100.89020771513351,2256.1597706131433,7739.805954722769,0.0,0,1,1,0,0,0,"{""process_exit"": 3, ""process_exec"": 1}"
1776128110,normal,k3s-wk1,0.2956025153878672,0.619120563789209,220.9852676488234,205.7862809146057,12100.426638224119,6449.936670888607,0.0,0,15,2,0,10,0,"{""process_exit"": 15, ""process_exec"": 15, ""process_kprobe"": 10}"
1776128119,normal,sw-wk2,0.13397113237109348,0.2783538488984033,98.0032667755592,98.0032667755592,597.5199173305778,3595.8865295509854,0.0,0,0,0,0,0,0,{}
1776128119,normal,sw-wk3,0.15324686871378512,0.34828038788434823,116.0937552095489,100.89020771513353,2256.1597706131433,7739.805954722769,0.0,0,0,0,0,0,0,{}
1776128119,normal,k3s-wk1,0.2952863524234739,0.6159146504594954,228.34855657043803,214.68097873191547,9569.137942529502,5492.066137742517,0.0,0,36,3,0,30,0,"{""process_exit"": 36, ""process_exec"": 36, ""process_kprobe"": 30}"
1776128129,normal,sw-wk2,0.19249827789254137,0.28058380162340557,105.89294047063528,100.85994267048864,5325.611625891607,4095.3936404239716,0.0,0,0,0,0,0,0,{}
1776128129,normal,sw-wk3,0.15324686871378512,0.34828038788434823,116.0937552095489,100.89020771513353,2256.1597706131433,7739.805954722769,0.0,0,0,0,0,0,0,{}
1776128129,normal,k3s-wk1,0.2952863524234739,0.6159146504594954,228.34855657043803,214.68097873191547,9569.137942529502,5492.066137742517,0.0,0,15,2,0,10,0,"{""process_exit"": 15, ""process_exec"": 15, ""process_kprobe"": 10}"
1776128139,normal,sw-wk2,0.19249827789254137,0.28058380162340557,105.89294047063528,100.85994267048864,5325.611625891607,4095.3936404239716,0.0,0,0,0,0,0,0,{}
1776128139,normal,sw-wk3,0.18322222222228046,0.35097863068160096,725.7666666666667,396.16666666666674,5088.733333333334,5937.133333333333,0.0,0,83,4,0,0,0,"{""process_exec"": 83, ""process_exit"": 43}"
1776128139,normal,k3s-wk1,0.2952863524234739,0.6159146504594954,228.34855657043803,214.68097873191547,9569.137942529502,5492.066137742517,0.0,0,36,3,0,30,0,"{""process_exit"": 37, ""process_exec"": 36, ""process_kprobe"": 30}"
1776128149,normal,sw-wk2,0.19249827789254137,0.28058380162340557,105.89294047063528,100.85994267048864,5325.611625891607,4095.3936404239716,0.0,0,0,0,0,0,0,{}
1776128149,normal,sw-wk3,0.18322222222228046,0.35097863068160096,725.7666666666667,396.1666666666667,5088.733333333334,5937.133333333333,0.0,0,124,4,0,0,0,"{""process_exit"": 73, ""process_exec"": 124}"
1776128149,normal,k3s-wk1,0.3010000000000218,0.6162171803089191,208.66666666666666,208.66666666666666,32752.000000000007,9465.166666666666,0.0,0,36,3,0,30,0,"{""process_exit"": 36, ""process_exec"": 36, ""process_kprobe"": 30}"
1776128159,normal,sw-wk2,0.12771962575282791,0.28263376530703266,105.94039602640177,100.87339155943731,1018.5679045269685,3606.073738249217,0.0,0,0,0,0,0,0,{}
1776128159,normal,sw-wk3,0.18322222222228046,0.35097863068160096,725.7666666666667,396.1666666666667,5088.733333333334,5937.133333333333,0.0,0,164,4,0,0,0,"{""process_exit"": 88, ""process_exec"": 164}"
1776128159,normal,k3s-wk1,0.3010000000000218,0.6162171803089191,208.66666666666666,208.66666666666666,32752.0,9465.166666666666,0.0,0,54,3,0,48,0,"{""process_exit"": 54, ""process_exec"": 54, ""process_kprobe"": 48}"
1776128170,normal,sw-wk2,0.12771962575282791,0.28263376530703266,105.94039602640177,100.87339155943731,1018.5679045269685,3606.073738249217,0.0,0,0,0,0,0,0,{}
1776128170,normal,sw-wk3,0.2021111111110966,0.356938975750857,122.06666666666666,107.46666666666667,4030.2666666666664,66870.6,0.0,0,206,4,0,0,0,"{""process_exit"": 119, ""process_exec"": 206}"
1776128170,normal,k3s-wk1,0.3010000000000218,0.6162171803089191,208.66666666666666,208.66666666666666,32752.0,9465.166666666666,0.0,0,60,3,0,52,0,"{""process_exit"": 60, ""process_exec"": 60, ""process_kprobe"": 52}"
1776128179,normal,sw-wk2,0.12771962575282791,0.28263376530703266,105.94039602640177,100.87339155943731,1018.5679045269685,3606.073738249217,0.0,0,104,5,0,0,0,"{""process_exit"": 106, ""process_exec"": 104}"
1776128179,normal,sw-wk3,0.2021111111110966,0.356938975750857,122.06666666666666,107.46666666666667,4030.2666666666664,66870.6,0.0,0,123,4,0,0,0,"{""process_exit"": 66, ""process_exec"": 123}"
1776128179,normal,k3s-wk1,0.33833333333336146,0.6211840882845316,205.79999999999998,205.79999999999998,102694.3,10415.566666666666,0.0,0,54,3,0,48,0,"{""process_exit"": 54, ""process_exec"": 54, ""process_kprobe"": 48}"
1776128189,normal,sw-wk2,0.20683065573410908,0.2829045452807829,97.99346710219318,97.99346710219318,6959.269382041197,27954.33637757483,0.0,0,0,0,0,0,0,{}
1776128189,normal,sw-wk3,0.2021111111110966,0.356938975750857,122.06666666666666,107.46666666666667,4030.2666666666664,66870.6,0.0,0,205,4,0,0,0,"{""process_exit"": 110, ""process_exec"": 205}"
1776128189,normal,k3s-wk1,0.3383333333333617,0.6211840882845316,205.79999999999998,205.79999999999998,102694.3,10415.566666666666,0.0,0,18,2,0,12,0,"{""process_exit"": 18, ""process_exec"": 18, ""process_kprobe"": 12}"
1776128199,normal,sw-wk2,0.20683065573410908,0.2829045452807829,97.99346710219318,97.99346710219318,6959.269382041197,27954.33637757483,0.0,0,0,0,0,0,0,{}
1776128199,normal,sw-wk3,0.2105555555555232,0.35561693234960556,103.06666666666666,98.0,4329.2,91179.00000000001,0.0,0,164,4,0,0,0,"{""process_exit"": 88, ""process_exec"": 164}"
1776128199,normal,k3s-wk1,0.3383333333333617,0.6211840882845316,205.79999999999998,205.79999999999998,102694.3,10415.566666666666,0.0,0,12,2,0,8,0,"{""process_exit"": 12, ""process_exec"": 12, ""process_kprobe"": 8}"
1776128209,normal,sw-wk2,0.20683065573410908,0.2829045452807829,97.99346710219318,97.99346710219318,6959.269382041197,27954.33637757483,0.0,0,0,0,0,0,0,{}
1776128209,normal,sw-wk3,0.2105555555555232,0.35561693234960556,103.06666666666666,98.0,4329.2,91179.0,0.0,0,124,4,0,0,0,"{""process_exit"": 73, ""process_exec"": 124}"
1776128209,normal,k3s-wk1,0.2728888888888429,0.6241890676097772,223.86666666666667,208.6666666666667,88661.5,5387.366666666667,0.0,0,12,2,0,8,0,"{""process_exit"": 12, ""process_exec"": 12, ""process_kprobe"": 8}"
1776128219,normal,sw-wk2,0.12633333333332208,0.2861475336722862,105.93333333333334,100.86666666666666,905.4333333333333,3594.4333333333334,0.0,0,0,0,0,0,0,{}
1776128219,normal,sw-wk3,0.2105555555555232,0.35561693234960556,103.06666666666666,98.0,4329.2,91179.0,0.0,0,205,4,0,0,0,"{""process_exit"": 110, ""process_exec"": 205}"
1776128219,normal,k3s-wk1,0.2728888888888429,0.6241890676097772,223.86666666666667,208.66666666666666,88661.5,5387.366666666667,0.0,0,15,2,0,10,0,"{""process_exit"": 15, ""process_exec"": 15, ""process_kprobe"": 10}"
1776128229,normal,sw-wk2,0.12633333333332208,0.2861475336722862,105.93333333333334,100.86666666666666,905.4333333333333,3594.4333333333334,0.0,0,2,2,0,0,0,"{""process_exec"": 2}"
1776128229,normal,sw-wk3,0.1955555555555798,0.3564913923824815,100.86666666666666,100.86666666666666,3680.3333333333335,73907.93333333333,0.0,0,124,4,0,0,0,"{""process_exit"": 73, ""process_exec"": 124}"
1776128229,normal,k3s-wk1,0.2728888888888429,0.6241890676097772,223.86666666666667,208.66666666666666,88661.5,5387.366666666667,0.0,0,36,3,0,30,0,"{""process_exit"": 36, ""process_exec"": 36, ""process_kprobe"": 30}"
1776128239,normal,sw-wk2,0.12633333333332208,0.2861475336722862,105.93333333333334,100.86666666666666,905.4333333333333,3594.4333333333334,0.0,0,104,5,0,0,0,"{""process_exit"": 106, ""process_exec"": 104}"
1776128239,normal,sw-wk3,0.1955555555555798,0.3564913923824815,100.86666666666666,100.86666666666666,3680.3333333333335,73907.93333333333,0.0,0,247,4,0,0,0,"{""process_exit"": 139, ""process_exec"": 247}"
1776128239,normal,k3s-wk1,0.2878888888889277,0.6320729051783402,223.86666666666667,208.66666666666666,82877.96666666666,5333.866666666667,0.0,0,9,2,0,6,0,"{""process_exit"": 9, ""process_exec"": 9, ""process_kprobe"": 6}"
1776128249,normal,sw-wk2,0.19613790651420315,0.2853097085770353,105.92980233992199,100.86330455651476,5698.610046331788,27893.903536548776,0.0,0,0,0,0,0,0,{}
1776128249,normal,sw-wk3,0.1955555555555798,0.3564913923824815,100.86666666666666,100.86666666666666,3680.3333333333335,73907.93333333333,0.0,0,123,4,0,0,0,"{""process_exit"": 66, ""process_exec"": 123}"
1776128249,normal,k3s-wk1,0.2878888888889277,0.6320729051783402,223.86666666666667,208.66666666666666,82877.96666666666,5333.866666666667,0.0,0,33,3,0,28,0,"{""process_exit"": 33, ""process_exec"": 33, ""process_kprobe"": 28}"
1776128259,normal,sw-wk2,0.19613790651420315,0.2853097085770353,105.92980233992199,100.86330455651476,5698.610046331788,27893.903536548783,0.0,0,0,0,0,0,0,{}
1776128259,normal,sw-wk3,0.20788888888887902,0.35774813002535777,116.06666666666666,100.86666666666666,5343.266666666666,84982.26666666666,0.0,0,202,4,0,0,0,"{""process_exit"": 93, ""process_exec"": 202}"
1776128259,normal,k3s-wk1,0.2878888888889277,0.6320729051783402,223.86666666666667,208.66666666666666,82877.96666666666,5333.866666666667,0.0,0,36,3,0,30,0,"{""process_exit"": 36, ""process_exec"": 36, ""process_kprobe"": 30}"
1776128269,normal,sw-wk2,0.19613790651420315,0.2853097085770353,105.92980233992199,100.86330455651476,5698.610046331788,27893.903536548776,0.0,0,0,0,0,0,0,{}
1776128269,normal,sw-wk3,0.20788888888887913,0.35774813002535777,116.06666666666666,100.86666666666666,5343.266666666666,84982.26666666666,0.0,0,167,4,0,0,0,"{""process_exit"": 105, ""process_exec"": 167}"
1776128269,normal,k3s-wk1,0.3044444444444202,0.6281163114386762,223.86666666666667,208.66666666666666,112524.23333333334,9449.7,0.0,0,36,3,0,30,0,"{""process_exit"": 36, ""process_exec"": 36, ""process_kprobe"": 30}"
1776128279,normal,sw-wk2,0.12052623976357191,0.278957528957529,72.66908896963233,74.20247341578053,983.3994466482217,3611.9870662355415,0.0,0,0,0,0,0,0,{}
1776128279,normal,sw-wk3,0.20788888888887913,0.35774813002535777,116.06666666666666,100.86666666666666,5343.266666666666,84982.26666666666,0.0,0,1,1,0,0,0,"{""process_exit"": 13, ""process_exec"": 1}"
1776128279,normal,k3s-wk1,0.3044444444444202,0.6281163114386762,223.86666666666667,208.66666666666666,112524.23333333334,9449.7,0.0,0,39,3,0,32,0,"{""process_exit"": 39, ""process_exec"": 39, ""process_kprobe"": 32}"
1776128289,normal,sw-wk2,0.12052623976357191,0.278957528957529,72.66908896963233,74.20247341578053,983.3994466482217,3611.9870662355415,0.0,0,2,2,0,0,0,"{""process_exec"": 2}"
1776128289,normal,sw-wk3,0.19966666666667965,0.3491452909769741,78.33333333333333,68.2,6765.866666666667,49804.73333333333,0.0,0,0,0,0,0,0,{}
1776128289,normal,k3s-wk1,0.3044444444444202,0.6281163114386762,223.86666666666667,208.66666666666666,112524.23333333334,9449.7,0.0,0,36,3,0,30,0,"{""process_exit"": 36, ""process_exec"": 36, ""process_kprobe"": 30}"
1776128299,normal,sw-wk2,0.12052623976357191,0.278957528957529,72.66908896963233,74.20247341578053,983.3994466482217,3611.9870662355415,0.0,0,0,0,0,0,0,{}
1776128299,normal,sw-wk3,0.19966666666667965,0.3491452909769741,78.33333333333333,68.2,6765.866666666667,49804.73333333333,0.0,0,0,0,0,0,0,{}
1776128299,normal,k3s-wk1,0.28844444444443473,0.6296876605073245,223.86666666666667,208.66666666666666,23632.666666666668,9505.9,0.0,0,39,3,0,32,0,"{""process_exit"": 39, ""process_exec"": 39, ""process_kprobe"": 32}"
1776128309,normal,sw-wk2,0.19377777777776328,0.28663015915491163,98.0,98.0,5835.433333333333,28005.766666666666,0.0,0,104,5,0,0,0,"{""process_exit"": 106, ""process_exec"": 104}"
1776128309,normal,sw-wk3,0.19966666666667965,0.3491452909769741,78.33333333333333,68.2,6765.866666666667,49804.73333333333,0.0,0,1,1,0,0,0,"{""process_exit"": 9, ""process_exec"": 1}"
1776128309,normal,k3s-wk1,0.28844444444443473,0.6296876605073245,223.86666666666667,208.66666666666666,23632.666666666668,9505.9,0.0,0,15,2,0,10,0,"{""process_exit"": 15, ""process_exec"": 15, ""process_kprobe"": 10}"
1776128319,normal,sw-wk2,0.19377777777776328,0.28663015915491163,98.0,98.0,5835.433333333333,28005.766666666666,0.0,0,0,0,0,0,0,{}
1776128319,normal,sw-wk3,0.16677777777776004,0.35413719943422917,113.2,98.0,2934.0666666666666,6432.366666666667,0.0,0,0,0,0,0,0,{}
1776128319,normal,k3s-wk1,0.28844444444443473,0.6296876605073245,223.86666666666667,208.66666666666666,23632.666666666668,9505.9,0.0,0,36,3,0,30,0,"{""process_exit"": 36, ""process_exec"": 36, ""process_kprobe"": 30}"
1776128329,normal,sw-wk2,0.19377777777776328,0.28663015915491163,98.0,98.0,5835.433333333333,28005.766666666666,0.0,0,0,0,0,0,0,{}
1776128329,normal,sw-wk3,0.16677777777776004,0.35413719943422917,113.2,98.0,2934.0666666666666,6432.366666666667,0.0,0,1,1,0,0,0,"{""process_exit"": 3, ""process_exec"": 1}"
1776128329,normal,k3s-wk1,0.2895555555555499,0.6331498211348707,213.73333333333332,208.66666666666666,33835.2,6547.5,0.0,0,54,3,0,48,0,"{""process_exit"": 54, ""process_exec"": 54, ""process_kprobe"": 48}"
1776128339,normal,sw-wk2,0.1159183582769091,0.27825668667252823,110.9963001233292,100.86330455651476,560.1813272890903,3599.746675110829,0.0,0,0,0,0,0,0,{}
1776128339,normal,sw-wk3,0.16677777777776004,0.35413719943422917,113.2,98.0,2934.0666666666666,6432.366666666667,0.0,0,0,0,0,0,0,{}
1776128339,normal,k3s-wk1,0.2895555555555499,0.6331498211348707,213.73333333333332,208.66666666666666,33835.2,6547.5,0.0,0,39,3,0,32,0,"{""process_exit"": 39, ""process_exec"": 39, ""process_kprobe"": 32}"
1776128349,normal,sw-wk2,0.11591835827690933,0.27825668667252823,110.9963001233292,100.86330455651476,560.1813272890903,3599.746675110829,0.0,0,2,2,0,0,0,"{""process_exec"": 2}"
1776128349,normal,sw-wk3,0.1560000000000097,0.3545306268078545,116.06666666666666,100.86666666666666,2217.0666666666666,5615.4,0.0,0,0,0,0,0,0,{}
1776128349,normal,k3s-wk1,0.2895555555555499,0.6331498211348707,213.73333333333332,208.66666666666666,33835.2,6547.5,0.0,0,78,3,0,70,0,"{""process_exit"": 78, ""process_exec"": 78, ""process_kprobe"": 70}"
1776128359,normal,sw-wk2,0.11591835827690933,0.27825668667252823,110.9963001233292,100.86330455651476,560.1813272890903,3599.746675110829,0.0,0,102,3,0,0,0,"{""process_exit"": 103, ""process_exec"": 102}"
1776128359,normal,sw-wk3,0.1560000000000097,0.3545306268078545,116.06666666666666,100.86666666666666,2217.0666666666666,5615.4,0.0,0,0,0,0,0,0,{}
1776128359,normal,k3s-wk1,0.3042222222222133,0.6394340885667422,208.66666666666666,208.66666666666666,9734.866666666667,4546.966666666666,0.0,0,15,2,0,10,0,"{""process_exit"": 15, ""process_exec"": 15, ""process_kprobe"": 10}"
