timestamp,label,node,avg_cpu,avg_mem,net_bytes_in,net_bytes_out,net_internal_bytes_in,net_internal_bytes_out,last_successful_scrape_age_sec,exec_count,unique_process_count,tmp_exec_count,outbound_connect_count,mining_port_count,syscall_feature_vector
1774249748,normal,k3s-wk1,0.28599999999999515,0.6559842612941006,0.0,0.0,8892.466666666667,2185.3333333333335,0,0,0,0,0,0,{}
1774249748,normal,sw-wk2,0.11342199113421791,0.3757858632160308,0.0,0.0,716.9283071692831,3982.0017998200183,0,0,0,0,0,0,{}
1774249748,normal,sw-wk3,0.12255555555555275,0.3806530038935123,0.0,0.0,2631.366666666667,4972.933333333333,0,0,0,0,0,0,{}
1774249758,normal,sw-wk3,0.12255555555555275,0.3806530038935123,0.0,0.0,2631.366666666667,4972.933333333333,0,0,0,0,0,0,{}
1774249758,normal,sw-wk2,0.11342199113421791,0.3757858632160308,0.0,0.0,716.9283071692831,3982.0017998200183,0,105,6,0,0,0,"{""process_exit"": 107, ""process_exec"": 105}"
1774249758,normal,k3s-wk1,0.3572222222222232,0.6799568369938546,192.33333333333334,102.2,32759.899999999998,9444.166666666666,0,36,3,0,31,0,"{""process_exit"": 36, ""process_exec"": 36, ""process_kprobe"": 31}"
1774249768,normal,sw-wk3,0.12255555555555275,0.3806530038935123,0.0,0.0,2631.366666666667,4972.933333333333,0,1,1,0,0,0,"{""process_exit"": 1, ""process_exec"": 1}"
1774249768,normal,sw-wk2,0.2089999999999993,0.377270050454408,4.466666666666667,6.0,5515.233333333334,27699.833333333332,0,0,0,0,0,0,{}
1774249768,normal,k3s-wk1,0.3572222222222231,0.6799568369938546,192.33333333333334,102.2,32759.899999999998,9444.166666666666,0,36,3,0,35,0,"{""process_exit"": 36, ""process_exec"": 36, ""process_kprobe"": 35}"
1774249778,normal,sw-wk3,0.1494444444444425,0.38075844904114553,0.0,0.0,2866.3333333333335,5297.266666666666,0,0,0,0,0,0,{}
1774249778,normal,sw-wk2,0.2089999999999993,0.377270050454408,4.466666666666667,6.0,5515.233333333334,27699.833333333332,0,0,0,0,0,0,{}
1774249778,normal,k3s-wk1,0.3572222222222232,0.6799568369938546,192.33333333333334,102.2,32759.899999999998,9444.166666666666,0,15,2,0,14,0,"{""process_exit"": 15, ""process_exec"": 15, ""process_kprobe"": 14}"
1774249788,normal,sw-wk3,0.1494444444444425,0.38075844904114553,0.0,0.0,2866.3333333333335,5297.266666666666,0,0,0,0,0,0,{}
1774249788,normal,sw-wk2,0.2089999999999993,0.377270050454408,4.466666666666667,6.0,5515.233333333334,27699.833333333332,0,0,0,0,0,0,{}
1774249788,normal,k3s-wk1,0.3126666666666703,0.6800963271966417,570.6,300.6,9247.466666666667,1471.0,0,81,3,0,74,0,"{""process_exit"": 81, ""process_exec"": 81, ""process_kprobe"": 74}"
1774249798,normal,sw-wk3,0.1494444444444425,0.38075844904114553,0.0,0.0,2866.3333333333335,5297.266666666666,0,1,1,0,0,0,"{""process_exit"": 1, ""process_exec"": 1}"
1774249798,normal,sw-wk2,0.12102321343245537,0.3799459644431712,0.0,0.0,500.0833416675002,4079.507950795079,0,0,0,0,0,0,{}
1774249798,normal,k3s-wk1,0.3126666666666703,0.6800963271966417,570.6,300.6,9247.466666666667,1471.0,0,33,3,0,30,0,"{""process_kprobe"": 30, ""process_exit"": 33, ""process_exec"": 33}"
1774249808,normal,sw-wk3,0.12911111111111495,0.3804162496941096,0.0,0.0,2135.733333333333,5211.4,0,0,0,0,0,0,{}
1774249808,normal,sw-wk2,0.12102321343245537,0.3799459644431712,0.0,0.0,500.08334166750006,4079.507950795079,0,3,2,0,0,0,"{""process_exit"": 1, ""process_exec"": 3}"
1774249808,normal,k3s-wk1,0.3126666666666703,0.6800963271966417,570.6,300.6,9247.466666666667,1471.0,0,36,3,0,32,0,"{""process_exit"": 36, ""process_exec"": 36, ""process_kprobe"": 32}"
1774249818,normal,sw-wk3,0.12911111111111495,0.3804162496941096,0.0,0.0,2135.733333333333,5211.4,0,0,0,0,0,0,{}
1774249818,normal,sw-wk2,0.12102321343245537,0.3799459644431712,0.0,0.0,500.08334166750006,4079.507950795079,0,104,5,0,0,0,"{""process_exit"": 106, ""process_exec"": 104}"
1774249818,normal,k3s-wk1,0.3331111111111088,0.6817017804740035,572.7333333333333,302.6,33171.53333333333,8388.066666666666,0,33,3,0,30,0,"{""process_exit"": 33, ""process_exec"": 33, ""process_kprobe"": 30}"
1774249828,normal,sw-wk3,0.12911111111111495,0.3804162496941096,0.0,0.0,2135.733333333333,5211.4,0,0,0,0,0,0,{}
1774249828,normal,sw-wk2,0.20652379206523708,0.37026691495965236,0.0,0.0,5586.041395860414,27905.042829050428,0,0,0,0,0,0,{}
1774249828,normal,k3s-wk1,0.3331111111111088,0.6817017804740035,572.7333333333333,302.6,33171.53333333333,8388.066666666666,0,57,3,0,55,0,"{""process_exit"": 57, ""process_exec"": 57, ""process_kprobe"": 55}"
1774249840,normal,sw-wk3,0.13944444444444648,0.3794493375856245,4.466666666666667,6.0,4238.2,5371.966666666666,0,1,1,0,0,0,"{""process_exit"": 1, ""process_exec"": 1}"
1774249840,normal,sw-wk2,0.20652379206523708,0.37026691495965236,0.0,0.0,5586.041395860414,27905.042829050428,0,0,0,0,0,0,{}
1774249840,normal,k3s-wk1,0.3331111111111088,0.6817017804740035,572.7333333333333,302.6,33171.53333333333,8388.066666666666,0,33,3,0,30,0,"{""process_exit"": 33, ""process_exec"": 33, ""process_kprobe"": 30}"
1774249848,normal,sw-wk3,0.13944444444444626,0.3794493375856245,4.466666666666668,6.0,4238.2,5371.966666666666,0,0,0,0,0,0,{}
1774249848,normal,sw-wk2,0.20652379206523708,0.37026691495965236,0.0,0.0,5586.041395860414,27905.042829050428,0,0,0,0,0,0,{}
1774249848,normal,k3s-wk1,0.32755555555555826,0.6797818162677158,575.0666666666666,306.6,9285.2,3898.9,0,33,3,0,29,0,"{""process_exit"": 33, ""process_exec"": 33, ""process_kprobe"": 29}"
1774249858,normal,sw-wk3,0.13944444444444648,0.3794493375856245,4.466666666666667,6.0,4238.2,5371.966666666666,0,1,1,0,0,0,"{""process_exit"": 1, ""process_exec"": 1}"
1774249858,normal,sw-wk2,0.12644444444444058,0.3704240876028585,0.0,0.0,372.5333333333333,4223.333333333333,0,1,1,0,0,0,"{""process_exit"": 1, ""process_exec"": 1}"
1774249858,normal,k3s-wk1,0.32755555555555826,0.6797818162677158,575.0666666666666,306.6,9285.2,3898.9,0,18,2,0,13,0,"{""process_exit"": 18, ""process_exec"": 18, ""process_kprobe"": 13}"
1774249868,normal,sw-wk3,0.1379999999999958,0.37928420650536876,0.0,0.0,2517.7666666666673,5133.433333333333,0,0,0,0,0,0,{}
1774249868,normal,sw-wk2,0.12644444444444058,0.3704240876028585,0.0,0.0,372.5333333333333,4223.333333333333,0,19,5,0,0,0,"{""process_exec"": 19, ""process_exit"": 17}"
1774249868,normal,k3s-wk1,0.32755555555555826,0.6797818162677158,575.0666666666666,306.6,9285.2,3898.9,0,33,3,0,32,0,"{""process_exit"": 33, ""process_exec"": 33, ""process_kprobe"": 32}"
1774249879,normal,sw-wk3,0.1379999999999958,0.37928420650536876,0.0,0.0,2517.7666666666664,5133.433333333333,0,0,0,0,0,0,{}
1774249879,normal,sw-wk2,0.12644444444444058,0.3704240876028585,0.0,0.0,372.5333333333333,4223.333333333333,0,88,3,0,0,0,"{""process_exit"": 90, ""process_exec"": 88}"
1774249879,normal,k3s-wk1,0.3424444444444412,0.6819912884420524,572.7333333333333,302.6,33273.433333333334,10736.06666666667,0,18,2,0,15,0,"{""process_exit"": 18, ""process_exec"": 18, ""process_kprobe"": 15}"
1774249888,normal,sw-wk3,0.1379999999999958,0.37928420650536876,0.0,0.0,2517.7666666666664,5133.433333333333,0,0,0,0,0,0,{}
1774249888,normal,sw-wk2,0.2322565589892358,0.3795699438157538,0.0,0.0,6369.77031036437,27841.08410841084,0,0,0,0,0,0,{}
1774249888,normal,k3s-wk1,0.3424444444444412,0.6819912884420524,572.7333333333333,302.6,33273.433333333334,10736.066666666666,0,87,3,0,81,0,"{""process_exit"": 87, ""process_exec"": 87, ""process_kprobe"": 81}"
1774249898,normal,sw-wk3,0.12811111111111328,0.3794970863317225,0.0,0.0,2676.733333333333,5154.2,0,1,1,0,0,0,"{""process_exit"": 1, ""process_exec"": 1}"
1774249898,normal,sw-wk2,0.23225655898923558,0.3795699438157538,0.0,0.0,6369.77031036437,27841.08410841084,0,0,0,0,0,0,{}
1774249898,normal,k3s-wk1,0.3424444444444412,0.6819912884420524,572.7333333333333,302.6,33273.433333333334,10736.066666666666,0,34,3,0,30,0,"{""process_exit"": 34, ""process_exec"": 34, ""process_kprobe"": 30}"
1774249908,normal,sw-wk3,0.12811111111111328,0.3794970863317225,0.0,0.0,2676.733333333333,5154.2,0,0,0,0,0,0,{}
1774249908,normal,sw-wk2,0.2322565589892358,0.3795699438157538,0.0,0.0,6369.77031036437,27841.08410841084,0,0,0,0,0,0,{}
1774249908,normal,k3s-wk1,0.3830000000000028,0.6808990538353226,770.2333333333335,393.0333333333333,9135.0,1284.4,0,32,2,0,31,0,"{""process_kprobe"": 31, ""process_exit"": 32, ""process_exec"": 32}"
1774249918,normal,sw-wk3,0.12811111111111328,0.3794970863317225,0.0,0.0,2676.733333333333,5154.2,0,0,0,0,0,0,{}
1774249918,normal,sw-wk2,0.10933333333333495,0.3815495233092998,0.0,0.0,444.0333333333333,4072.9,0,0,0,0,0,0,{}
1774249918,normal,k3s-wk1,0.3830000000000028,0.6808990538353226,770.2333333333333,393.0333333333333,9135.0,1284.4,0,21,2,0,15,0,"{""process_exit"": 21, ""process_exec"": 21, ""process_kprobe"": 15}"
1774249928,normal,sw-wk3,0.13222222222222324,0.37946724336541116,0.0,0.0,2144.2666666666664,4979.7,0,0,0,0,0,0,{}
1774249928,normal,sw-wk2,0.10933333333333495,0.3815495233092998,0.0,0.0,444.0333333333333,4072.9,0,107,7,0,0,0,"{""process_exit"": 107, ""process_exec"": 107}"
1774249928,normal,k3s-wk1,0.3830000000000028,0.6808990538353226,770.2333333333333,393.0333333333333,9135.0,1284.4,0,12,2,0,10,0,"{""process_exit"": 12, ""process_exec"": 12, ""process_kprobe"": 10}"
1774249938,normal,sw-wk3,0.13222222222222324,0.37946724336541116,0.0,0.0,2144.2666666666664,4979.7,0,1,1,0,0,0,"{""process_exit"": 1, ""process_exec"": 1}"
1774249938,normal,sw-wk2,0.10933333333333495,0.3815495233092998,0.0,0.0,444.0333333333333,4072.9,0,0,0,0,0,0,{}
1774249938,normal,k3s-wk1,0.328733793287337,0.6861825742522141,572.5427457254275,302.56974302569745,32945.40545945405,11259.107422591074,0,12,2,0,9,0,"{""process_exit"": 12, ""process_exec"": 12, ""process_kprobe"": 9}"
1774249948,normal,sw-wk3,0.13222222222222324,0.37946724336541116,0.0,0.0,2144.2666666666664,4979.7,0,5,5,0,0,0,"{""process_exec"": 5, ""process_exit"": 4}"
1774249948,normal,sw-wk2,0.2284444444444388,0.3799121424819749,0.0,0.0,5567.966666666668,27676.833333333332,0,0,0,0,0,0,{}
1774249948,normal,k3s-wk1,0.328733793287337,0.6861825742522141,572.5427457254275,302.56974302569745,32945.40545945406,11259.107422591074,0,54,3,0,53,0,"{""process_exit"": 55, ""process_exec"": 54, ""process_kprobe"": 53}"
1774249958,normal,sw-wk3,0.19066666666666,0.3800064062901015,654.1000000000001,355.93333333333334,5673.2333333333345,6966.766666666666,0,3,2,0,0,0,"{""process_exit"": 3, ""process_exec"": 3}"
1774249958,normal,sw-wk2,0.2284444444444388,0.3799121424819749,0.0,0.0,5567.966666666666,27676.833333333332,0,1,1,0,0,0,"{""process_exit"": 1, ""process_exec"": 1}"
1774249958,normal,k3s-wk1,0.328733793287337,0.6861825742522141,572.5427457254275,302.56974302569745,32945.40545945406,11259.107422591074,0,57,3,0,54,0,"{""process_exit"": 57, ""process_exec"": 57, ""process_kprobe"": 54}"
1774249968,normal,sw-wk3,0.19066666666666,0.3800064062901015,654.1,355.93333333333334,5673.233333333334,6966.766666666666,0,4,2,0,0,0,"{""process_exit"": 4, ""process_exec"": 4}"
1774249968,normal,sw-wk2,0.2284444444444388,0.3799121424819749,0.0,0.0,5567.966666666666,27676.833333333332,0,0,0,0,0,0,{}
1774249968,normal,k3s-wk1,0.30193019301930013,0.6870879446250213,574.7908124145747,304.6304630463046,11732.273227322732,2660.23268993566,0,81,3,0,75,0,"{""process_exit"": 81, ""process_exec"": 81, ""process_kprobe"": 75}"
1774249978,normal,sw-wk3,0.19066666666666,0.3800064062901015,654.1,355.93333333333334,5673.233333333334,6966.766666666666,0,5,2,0,0,0,"{""process_exit"": 5, ""process_exec"": 5}"
1774249978,normal,sw-wk2,0.12066666666666803,0.38070198475226413,0.0,0.0,450.26666666666665,4484.166666666667,0,1,1,0,0,0,"{""process_exit"": 1, ""process_exec"": 1}"
1774249978,normal,k3s-wk1,0.30193019301930013,0.6870879446250213,574.7908124145747,304.6304630463046,11732.273227322732,2660.23268993566,0,18,2,0,13,0,"{""process_exit"": 18, ""process_exec"": 18, ""process_kprobe"": 13}"
1774249988,normal,sw-wk3,0.1333333333333383,0.3800501759740247,86.53333333333333,87.0,2170.0333333333333,7783.466666666666,0,3,2,0,0,0,"{""process_exit"": 3, ""process_exec"": 3}"
1774249988,normal,sw-wk2,0.12066666666666803,0.38070198475226413,0.0,0.0,450.26666666666665,4484.166666666667,0,2,2,0,0,0,"{""process_exec"": 2}"
1774249988,normal,k3s-wk1,0.30193019301930013,0.6870879446250213,574.7908124145747,304.6304630463046,11732.273227322732,2660.23268993566,0,12,2,0,10,0,"{""process_exit"": 12, ""process_exec"": 12, ""process_kprobe"": 10}"
1774249998,normal,sw-wk3,0.1333333333333383,0.3800501759740247,86.53333333333333,87.0,2170.0333333333333,7783.466666666666,0,3,2,0,0,0,"{""process_exit"": 3, ""process_exec"": 3}"
1774249998,normal,sw-wk2,0.12066666666666803,0.38070198475226413,0.0,0.0,450.26666666666665,4484.166666666667,0,34,3,0,0,0,"{""process_exit"": 34, ""process_exec"": 34}"
1774249998,normal,k3s-wk1,0.2748888888888915,0.6883051940361359,578.7333333333333,309.2,12518.733333333334,4226.500000000001,0,18,2,0,14,0,"{""process_exit"": 18, ""process_exec"": 18, ""process_kprobe"": 14}"
1774250008,normal,sw-wk3,0.1333333333333383,0.3800501759740247,86.53333333333333,87.0,2170.0333333333333,7783.466666666666,0,4,2,0,0,0,"{""process_exit"": 4, ""process_exec"": 4}"
1774250008,normal,sw-wk2,0.20777777777778583,0.380928790844992,0.0,0.0,5157.633333333333,27486.466666666667,0,70,3,0,0,0,"{""process_exit"": 72, ""process_exec"": 70}"
1774250008,normal,k3s-wk1,0.2748888888888915,0.6883051940361359,578.7333333333333,309.2,12518.733333333334,4226.5,0,33,3,0,33,0,"{""process_kprobe"": 33, ""process_exit"": 33, ""process_exec"": 33}"
1774250018,normal,sw-wk3,0.13099999999999967,0.3798552019274577,83.8,83.66666666666669,2721.733333333333,7339.8,0,2,2,0,0,0,"{""process_exit"": 2, ""process_exec"": 2}"
1774250018,normal,sw-wk2,0.20777777777778583,0.380928790844992,0.0,0.0,5157.633333333333,27486.466666666667,0,1,1,0,0,0,"{""process_exit"": 1, ""process_exec"": 1}"
1774250018,normal,k3s-wk1,0.2748888888888915,0.6883051940361359,578.7333333333333,309.2,12518.733333333334,4226.5,0,42,3,0,36,0,"{""process_exit"": 42, ""process_exec"": 42, ""process_kprobe"": 36}"
1774250028,normal,sw-wk3,0.13099999999999967,0.3798552019274577,83.8,83.66666666666667,2721.733333333333,7339.8,0,5,2,0,0,0,"{""process_exit"": 5, ""process_exec"": 5}"
1774250028,normal,sw-wk2,0.20777777777778583,0.380928790844992,0.0,0.0,5157.633333333333,27486.466666666667,0,0,0,0,0,0,{}
1774250028,normal,k3s-wk1,0.2615555555555552,0.6896421944703979,572.7333333333333,302.6,34708.166666666664,6133.6,0,18,2,0,13,0,"{""process_exit"": 18, ""process_exec"": 18, ""process_kprobe"": 13}"
1774250038,normal,sw-wk3,0.13099999999999967,0.3798552019274577,83.8,83.66666666666667,2721.733333333333,7339.8,0,3,2,0,0,0,"{""process_exit"": 3, ""process_exec"": 3}"
1774250038,normal,sw-wk2,0.09066666666666001,0.3819514077893966,0.0,0.0,769.8333333333334,4289.866666666667,0,0,0,0,0,0,{}
1774250038,normal,k3s-wk1,0.2615555555555552,0.6896421944703979,572.7333333333333,302.6,34708.166666666664,6133.6,0,15,2,0,11,0,"{""process_exit"": 15, ""process_exec"": 15, ""process_kprobe"": 11}"
1774250048,normal,sw-wk3,0.12699999999999811,0.37904944183705347,80.53333333333335,80.4,4343.533333333333,7453.333333333333,0,3,2,0,0,0,"{""process_exit"": 3, ""process_exec"": 3}"
1774250048,normal,sw-wk2,0.09066666666666001,0.3819514077893966,0.0,0.0,769.8333333333334,4289.866666666667,0,2,2,0,0,0,"{""process_exec"": 2}"
1774250048,normal,k3s-wk1,0.2615555555555552,0.6896421944703979,572.7333333333333,302.6,34708.166666666664,6133.6,0,15,2,0,14,0,"{""process_kprobe"": 14, ""process_exit"": 15, ""process_exec"": 15}"
1774250058,normal,sw-wk3,0.12699999999999811,0.37904944183705347,80.53333333333333,80.4,4343.533333333333,7453.333333333333,0,4,2,0,0,0,"{""process_exit"": 4, ""process_exec"": 4}"
1774250058,normal,sw-wk2,0.09066666666666001,0.3819514077893966,0.0,0.0,769.8333333333334,4289.866666666667,0,1,1,0,0,0,"{""process_exit"": 1, ""process_exec"": 1}"
1774250058,normal,k3s-wk1,0.2627777777777788,0.6867800134226422,572.7333333333333,302.6,11916.566666666666,7140.433333333333,0,18,2,0,15,0,"{""process_exit"": 18, ""process_exec"": 18, ""process_kprobe"": 15}"
1774250068,normal,sw-wk3,0.12699999999999811,0.37904944183705347,80.53333333333333,80.4,4343.533333333333,7453.333333333333,0,3,2,0,0,0,"{""process_exit"": 5, ""process_exec"": 3}"
1774250068,normal,sw-wk2,0.17711111111111177,0.38164104155724266,0.0,0.0,4073.5333333333333,27859.7,0,104,5,0,0,0,"{""process_exit"": 106, ""process_exec"": 104}"
1774250068,normal,k3s-wk1,0.2627777777777788,0.6867800134226422,572.7333333333333,302.6,11916.566666666666,7140.433333333334,0,33,3,0,33,0,"{""process_kprobe"": 33, ""process_exit"": 33, ""process_exec"": 33}"
1774250078,normal,sw-wk3,0.1507798960138642,0.37825760846426104,62.058392214371416,62.058392214371416,5092.354352752966,7288.161578456206,0,0,0,0,0,0,{}
1774250078,normal,sw-wk2,0.17711111111111177,0.38164104155724266,0.0,0.0,4073.5333333333333,27859.7,0,0,0,0,0,0,{}
1774250078,normal,k3s-wk1,0.2627777777777788,0.6867800134226422,572.7333333333333,302.6,11916.566666666666,7140.433333333333,0,36,3,0,32,0,"{""process_exit"": 36, ""process_exec"": 36, ""process_kprobe"": 32}"
1774250088,normal,sw-wk3,0.1507798960138642,0.37825760846426104,62.058392214371416,62.058392214371416,5092.354352752966,7288.161578456206,0,1,1,0,0,0,"{""process_exit"": 1, ""process_exec"": 1}"
1774250088,normal,sw-wk2,0.17711111111111177,0.38164104155724266,0.0,0.0,4073.5333333333333,27859.7,0,0,0,0,0,0,{}
1774250088,normal,k3s-wk1,0.27222222222222225,0.6875129949599295,572.7333333333335,302.6,34148.066666666666,8989.266666666666,0,36,3,0,32,0,"{""process_exit"": 36, ""process_exec"": 36, ""process_kprobe"": 32}"
1774250098,normal,sw-wk3,0.1507798960138642,0.37825760846426104,62.058392214371416,62.058392214371416,5092.354352752966,7288.161578456206,0,0,0,0,0,0,{}
1774250098,normal,sw-wk2,0.1317777777777791,0.3834117207022235,0.0,0.0,2305.1,4156.2,0,0,0,0,0,0,{}
1774250098,normal,k3s-wk1,0.27222222222222225,0.6875129949599295,572.7333333333333,302.6,34148.066666666666,8989.266666666666,0,39,3,0,33,0,"{""process_exit"": 39, ""process_exec"": 39, ""process_kprobe"": 33}"
1774250108,normal,sw-wk3,0.12321642885717998,0.37811436222596695,0.0,0.0,2146.0194692625682,5233.864515268702,0,0,0,0,0,0,{}
1774250108,normal,sw-wk2,0.1317777777777791,0.3834117207022235,0.0,0.0,2305.1,4156.200000000001,0,107,7,0,0,0,"{""process_exec"": 107, ""process_exit"": 107}"
1774250108,normal,k3s-wk1,0.27222222222222225,0.6875129949599295,572.7333333333333,302.6,34148.066666666666,8989.266666666666,0,39,3,0,34,0,"{""process_exit"": 39, ""process_exec"": 39, ""process_kprobe"": 34}"
1774250118,normal,sw-wk3,0.12321642885717998,0.37811436222596695,0.0,0.0,2146.0194692625682,5233.864515268702,0,0,0,0,0,0,{}
1774250118,normal,sw-wk2,0.1317777777777791,0.3834117207022235,0.0,0.0,2305.1,4156.2,0,0,0,0,0,0,{}
1774250118,normal,k3s-wk1,0.33611111111111114,0.6876169546393651,572.7333333333335,302.6,33097.03333333333,11012.933333333332,0,33,3,0,29,0,"{""process_exit"": 33, ""process_exec"": 33, ""process_kprobe"": 29}"
1774250128,normal,sw-wk3,0.12321642885717998,0.37811436222596695,0.0,0.0,2146.0194692625682,5233.864515268702,0,1,1,0,0,0,"{""process_exit"": 1, ""process_exec"": 1}"
1774250128,normal,sw-wk2,0.21733333333333782,0.37763612344617936,0.0,0.0,5459.933333333333,27764.63333333333,0,0,0,0,0,0,{}
1774250128,normal,k3s-wk1,0.33611111111111114,0.6876169546393651,572.7333333333333,302.6,33097.03333333333,11012.933333333332,0,36,3,0,35,0,"{""process_exit"": 36, ""process_exec"": 36, ""process_kprobe"": 35}"
1774250138,normal,sw-wk3,0.12888888888889272,0.37845457204191546,0.0,0.0,4240.033333333333,5378.566666666667,0,0,0,0,0,0,{}
1774250138,normal,sw-wk2,0.21733333333333782,0.37763612344617936,0.0,0.0,5459.933333333333,27764.63333333333,0,1,1,0,0,0,"{""process_exit"": 1, ""process_exec"": 1}"
1774250138,normal,k3s-wk1,0.33611111111111114,0.6876169546393651,572.7333333333333,302.6,33097.03333333333,11012.933333333332,0,39,3,0,36,0,"{""process_exit"": 39, ""process_exec"": 39, ""process_kprobe"": 36}"
1774250148,normal,sw-wk3,0.12888888888889294,0.37845457204191546,0.0,0.0,4240.033333333333,5378.566666666667,0,0,0,0,0,0,{}
1774250148,normal,sw-wk2,0.21733333333333782,0.37763612344617936,0.0,0.0,5459.933333333333,27764.63333333333,0,0,0,0,0,0,{}
1774250148,normal,k3s-wk1,0.2812222222222166,0.6869668776565646,572.7333333333333,302.6,9318.300000000001,1294.2333333333333,0,14,2,0,13,0,"{""process_exit"": 14, ""process_exec"": 14, ""process_kprobe"": 13}"
1774250158,normal,sw-wk3,0.12888888888889294,0.37845457204191546,0.0,0.0,4240.033333333333,5378.566666666667,0,0,0,0,0,0,{}
1774250158,normal,sw-wk2,0.08986879089868205,0.3781354947556065,0.0,0.0,511.68216511682164,4306.902643069026,0,0,0,0,0,0,{}
1774250158,normal,k3s-wk1,0.2812222222222166,0.6869668776565646,572.7333333333333,302.6,9318.3,1294.2333333333333,0,37,3,0,31,0,"{""process_exit"": 37, ""process_exec"": 37, ""process_kprobe"": 31}"
1774250168,normal,sw-wk3,0.12355555555555442,0.378562006720636,0.0,0.0,2059.133333333333,5155.166666666667,0,1,1,0,0,0,"{""process_exit"": 1, ""process_exec"": 1}"
1774250168,normal,sw-wk2,0.08986879089868205,0.3781354947556065,0.0,0.0,511.68216511682164,4306.902643069026,0,2,2,0,0,0,"{""process_exec"": 2}"
1774250168,normal,k3s-wk1,0.2812222222222166,0.6869668776565646,572.7333333333333,302.6,9318.3,1294.2333333333333,0,12,2,0,10,0,"{""process_exit"": 12, ""process_exec"": 12, ""process_kprobe"": 10}"
1774250178,normal,sw-wk3,0.12355555555555442,0.378562006720636,0.0,0.0,2059.133333333333,5155.166666666667,0,0,0,0,0,0,{}
1774250178,normal,sw-wk2,0.08986879089868205,0.3781354947556065,0.0,0.0,511.68216511682164,4306.902643069026,0,104,5,0,0,0,"{""process_exit"": 106, ""process_exec"": 104}"
1774250178,normal,k3s-wk1,0.29211111111112087,0.6871813767419825,577.2,308.6,32876.2,7185.166666666667,0,12,2,0,10,0,"{""process_exit"": 12, ""process_exec"": 12, ""process_kprobe"": 10}"
1774250188,normal,sw-wk3,0.12355555555555442,0.378562006720636,0.0,0.0,2059.133333333333,5155.166666666667,0,0,0,0,0,0,{}
1774250188,normal,sw-wk2,0.20447600315587466,0.37991015295484565,0.0,0.0,6437.243724372437,27721.07210721072,0,0,0,0,0,0,{}
1774250188,normal,k3s-wk1,0.29211111111112087,0.6871813767419825,577.2,308.6,32876.2,7185.166666666667,0,30,3,0,31,0,"{""process_exit"": 30, ""process_exec"": 30, ""process_kprobe"": 31}"
1774250198,normal,sw-wk3,0.12066666666666803,0.3787987609200387,0.0,0.0,3218.600000000001,4972.833333333333,0,0,0,0,0,0,{}
1774250198,normal,sw-wk2,0.20447600315587466,0.37991015295484565,0.0,0.0,6437.243724372437,27721.07210721072,0,1,1,0,0,0,"{""process_exit"": 1, ""process_exec"": 1}"
1774250198,normal,k3s-wk1,0.29211111111112087,0.6871813767419825,577.2,308.6,32876.2,7185.166666666667,0,78,3,0,73,0,"{""process_exit"": 78, ""process_exec"": 78, ""process_kprobe"": 73}"
1774250208,normal,sw-wk3,0.12066666666666803,0.3787987609200387,0.0,0.0,3218.6,4972.833333333333,0,1,1,0,0,0,"{""process_exit"": 1, ""process_exec"": 1}"
1774250208,normal,sw-wk2,0.20447600315587466,0.37991015295484565,0.0,0.0,6437.243724372437,27721.07210721072,0,0,0,0,0,0,{}
1774250208,normal,k3s-wk1,0.2979999999999968,0.6841547025305628,572.7333333333333,302.6,9316.266666666666,5050.866666666667,0,12,2,0,9,0,"{""process_exit"": 12, ""process_exec"": 12, ""process_kprobe"": 9}"
1774250219,normal,sw-wk3,0.12066666666666803,0.3787987609200387,0.0,0.0,3218.6,4972.833333333333,0,0,0,0,0,0,{}
1774250219,normal,sw-wk2,0.12399999999999833,0.3793053367075714,0.0,0.0,469.59999999999997,4278.733333333334,0,0,0,0,0,0,{}
1774250219,normal,k3s-wk1,0.2979999999999968,0.6841547025305628,572.7333333333333,302.6,9316.266666666666,5050.866666666667,0,33,3,0,29,0,"{""process_exit"": 33, ""process_exec"": 33, ""process_kprobe"": 29}"
1774250228,normal,sw-wk3,0.15099999999999658,0.38137918274041993,0.0,12.333333333333334,5344.133333333333,7156.0,0,7,6,0,3,2,"{""process_exec"": 7, ""process_exit"": 7, ""process_kprobe"": 3}"
1774250228,normal,sw-wk2,0.12399999999999833,0.3793053367075714,0.0,0.0,469.59999999999997,4278.733333333334,0,3,2,0,0,0,"{""process_exit"": 1, ""process_exec"": 3}"
1774250228,normal,k3s-wk1,0.2979999999999968,0.6841547025305628,572.7333333333333,302.6,9316.266666666666,5050.866666666667,0,12,2,0,12,0,"{""process_kprobe"": 12, ""process_exit"": 12, ""process_exec"": 12}"
1774250238,normal,sw-wk3,0.15099999999999658,0.38137918274041993,0.0,12.333333333333334,5344.133333333333,7156.0,0,9,5,0,4,3,"{""process_exit"": 13, ""process_exec"": 9, ""process_kprobe"": 4}"
1774250238,normal,sw-wk2,0.12399999999999833,0.3793053367075714,0.0,0.0,469.59999999999997,4278.733333333334,0,105,6,0,0,0,"{""process_exit"": 107, ""process_exec"": 105}"
1774250238,normal,k3s-wk1,0.31199999999999917,0.6893526865023489,572.7333333333333,302.6,36545.5,9343.1,0,18,2,0,15,0,"{""process_exit"": 18, ""process_exec"": 18, ""process_kprobe"": 15}"
1774250248,normal,sw-wk3,0.15099999999999658,0.38137918274041993,0.0,12.333333333333334,5344.133333333333,7156.0,0,7,5,0,4,3,"{""process_exit"": 9, ""process_exec"": 7, ""process_kprobe"": 4}"
1774250248,normal,sw-wk2,0.21511111111111259,0.38102826720145155,0.0,0.0,5551.766666666666,28031.533333333333,0,0,0,0,0,0,{}
1774250248,normal,k3s-wk1,0.31199999999999917,0.6893526865023489,572.7333333333333,302.6,36545.5,9343.1,0,12,2,0,13,0,"{""process_kprobe"": 13, ""process_exit"": 13, ""process_exec"": 12}"
1774250258,normal,sw-wk3,0.13317336532693225,0.3813771932093325,37.59248150369926,64.88702259548091,2851.663000733187,11322.902086249418,0,6,5,0,2,1,"{""process_exit"": 8, ""process_exec"": 6, ""process_kprobe"": 2}"
1774250258,normal,sw-wk2,0.21511111111111259,0.38102826720145155,0.0,0.0,5551.766666666666,28031.533333333333,0,0,0,0,0,0,{}
1774250258,normal,k3s-wk1,0.31199999999999917,0.6893526865023489,572.7333333333333,302.6,36545.5,9343.1,0,12,2,0,10,0,"{""process_exit"": 12, ""process_exec"": 12, ""process_kprobe"": 10}"
1774250268,normal,sw-wk3,0.13317336532693225,0.3813771932093325,37.59248150369926,64.88702259548091,2851.663000733187,11322.902086249418,0,3,3,0,2,1,"{""process_exit"": 3, ""process_exec"": 3, ""process_kprobe"": 2}"
1774250268,normal,sw-wk2,0.21511111111111259,0.38102826720145155,0.0,0.0,5551.766666666666,28031.533333333333,0,1,1,0,0,0,"{""process_exit"": 1, ""process_exec"": 1}"
1774250268,normal,k3s-wk1,0.2992222222222203,0.6925254306431025,573.6,303.6,15935.266666666666,4852.566666666667,0,15,2,0,12,0,"{""process_exit"": 15, ""process_exec"": 15, ""process_kprobe"": 12}"
1774250278,normal,sw-wk3,0.13317336532693225,0.3813771932093325,37.59248150369926,64.88702259548091,2851.663000733187,11322.902086249418,0,6,5,0,3,2,"{""process_exit"": 8, ""process_exec"": 6, ""process_kprobe"": 3}"
1774250278,normal,sw-wk2,0.1055338910553365,0.38383946903499977,7.465920074659201,8.999100089991002,491.8174849181748,4294.037262940373,0,0,0,0,0,0,{}
1774250278,normal,k3s-wk1,0.2992222222222205,0.6925254306431025,573.6,303.6,15935.266666666666,4852.566666666667,0,57,3,0,51,0,"{""process_exit"": 57, ""process_exec"": 57, ""process_kprobe"": 51}"
1774250288,normal,sw-wk3,0.12704763174857492,0.38139310945803184,69.01380276055211,67.4801626992065,2132.7598853103955,10810.462092418484,0,6,5,0,3,2,"{""process_exit"": 8, ""process_exec"": 6, ""process_kprobe"": 3}"
1774250288,normal,sw-wk2,0.1055338910553365,0.38383946903499977,7.465920074659201,8.999100089991,491.81748491817484,4294.037262940373,0,3,2,0,0,0,"{""process_exit"": 1, ""process_exec"": 3}"
1774250288,normal,k3s-wk1,0.2992222222222205,0.6925254306431025,573.6,303.6,15935.266666666666,4852.566666666667,0,33,3,0,30,0,"{""process_exit"": 33, ""process_exec"": 33, ""process_kprobe"": 30}"
1774250298,normal,sw-wk3,0.12704763174857492,0.38139310945803184,69.01380276055211,67.4801626992065,2132.7598853103955,10810.462092418484,0,7,5,0,3,2,"{""process_exit"": 9, ""process_exec"": 7, ""process_kprobe"": 3}"
1774250298,normal,sw-wk2,0.1055338910553365,0.38383946903499977,7.465920074659201,8.999100089991002,491.81748491817484,4294.037262940373,0,104,5,0,0,0,"{""process_exit"": 106, ""process_exec"": 104}"
1774250298,normal,k3s-wk1,0.2962222222222256,0.6925451698227422,572.7333333333333,302.6,16774.666666666668,4355.766666666666,0,36,3,0,31,0,"{""process_exit"": 36, ""process_exec"": 36, ""process_kprobe"": 31}"
1774250308,normal,sw-wk3,0.12704763174857492,0.38139310945803184,69.01380276055211,67.4801626992065,2132.7598853103955,10810.462092418484,0,6,5,0,3,2,"{""process_exit"": 8, ""process_exec"": 6, ""process_kprobe"": 3}"
1774250308,normal,sw-wk2,0.19674699196746803,0.38416376195705804,2.1331200213312003,1.9998000199980002,5152.718061527181,27788.42115788421,0,0,0,0,0,0,{}
1774250308,normal,k3s-wk1,0.2962222222222256,0.6925451698227422,572.7333333333333,302.6,16774.666666666668,4355.766666666666,0,39,3,0,37,0,"{""process_kprobe"": 37, ""process_exit"": 39, ""process_exec"": 39}"
1774250318,normal,sw-wk3,0.12855555555555231,0.38142096289325567,12.0,32.06666666666666,2766.866666666667,10251.166666666668,0,4,3,0,2,2,"{""process_exit"": 6, ""process_exec"": 4, ""process_kprobe"": 2}"
1774250318,normal,sw-wk2,0.1967469919674678,0.38416376195705804,2.1331200213312003,1.9998000199980002,5152.718061527181,27788.42115788421,0,0,0,0,0,0,{}
1774250318,normal,k3s-wk1,0.2962222222222256,0.6925451698227422,572.7333333333333,302.6,16774.666666666668,4355.766666666666,0,39,3,0,36,0,"{""process_kprobe"": 36, ""process_exit"": 39, ""process_exec"": 39}"
1774250328,normal,sw-wk3,0.12855555555555231,0.38142096289325567,12.0,32.06666666666666,2766.866666666667,10251.166666666666,0,7,5,0,3,2,"{""process_exit"": 9, ""process_exec"": 7, ""process_kprobe"": 3}"
1774250328,normal,sw-wk2,0.1967469919674678,0.38416376195705804,2.1331200213312003,1.9998000199980002,5152.718061527181,27788.42115788421,0,0,0,0,0,0,{}
1774250328,normal,k3s-wk1,0.29511111111111044,0.6905949388743404,570.6,300.6,35363.933333333334,6166.9,0,12,2,0,11,0,"{""process_exit"": 12, ""process_exec"": 12, ""process_kprobe"": 11}"
1774250338,normal,sw-wk3,0.12855555555555231,0.38142096289325567,12.0,32.06666666666666,2766.866666666667,10251.166666666666,0,6,5,0,3,2,"{""process_exit"": 8, ""process_exec"": 6, ""process_kprobe"": 3}"
1774250338,normal,sw-wk2,0.11637883132182258,0.3853117191106018,0.0,0.0,673.8347669533906,4247.116089884644,0,1,1,0,0,0,"{""process_exit"": 1, ""process_exec"": 1}"
1774250338,normal,k3s-wk1,0.29511111111111044,0.6905949388743404,570.6,300.6000000000001,35363.933333333334,6166.9,0,57,3,0,51,0,"{""process_exit"": 57, ""process_exec"": 57, ""process_kprobe"": 51}"
1774250348,normal,sw-wk3,0.12375429123754911,0.38294295417513047,36.996300369962995,51.96147051961471,4565.276805652768,10159.184081591839,0,5,5,0,2,1,"{""process_exit"": 7, ""process_exec"": 5, ""process_kprobe"": 2}"
1774250348,normal,sw-wk2,0.11637883132182258,0.3853117191106018,0.0,0.0,673.8347669533906,4247.116089884644,0,106,7,0,0,0,"{""process_exec"": 106, ""process_exit"": 106}"
1774250348,normal,k3s-wk1,0.29511111111111044,0.6905949388743404,570.6,300.6,35363.933333333334,6166.9,0,12,2,0,10,0,"{""process_exit"": 12, ""process_exec"": 12, ""process_kprobe"": 10}"
1774250358,normal,sw-wk3,0.12375429123754911,0.38294295417513047,36.996300369963,51.96147051961471,4565.276805652768,10159.18408159184,0,7,5,0,4,3,"{""process_exit"": 11, ""process_exec"": 7, ""process_kprobe"": 4}"
1774250358,normal,sw-wk2,0.11637883132182258,0.3853117191106018,0.0,0.0,673.8347669533906,4247.116089884644,0,0,0,0,0,0,{}
1774250358,normal,k3s-wk1,0.3173333333333277,0.6884078377702623,572.7333333333333,302.6,39501.46666666667,11989.56666666667,0,57,3,0,53,0,"{""process_exit"": 57, ""process_exec"": 57, ""process_kprobe"": 53}"
1774250368,normal,sw-wk3,0.12375429123754911,0.38294295417513047,36.996300369963,51.96147051961471,4565.276805652768,10159.18408159184,0,1,1,0,0,0,"{""process_exit"": 1, ""process_exec"": 1}"
1774250368,normal,sw-wk2,0.2282911765032627,0.38639999045026974,0.0,0.0,6063.818442363449,27026.960375912284,0,0,0,0,0,0,{}
1774250368,normal,k3s-wk1,0.3173333333333277,0.6884078377702623,572.7333333333333,302.6,39501.46666666667,11989.566666666666,0,39,3,0,37,0,"{""process_exit"": 39, ""process_exec"": 39, ""process_kprobe"": 37}"
1774250378,normal,sw-wk3,0.16258292495915616,0.38064902483133756,37.00370037003701,32.23655698903224,5665.899923325665,9020.50205020502,0,0,0,0,0,0,{}
1774250378,normal,sw-wk2,0.2282911765032627,0.38639999045026974,0.0,0.0,6063.818442363448,27026.960375912284,0,0,0,0,0,0,{}
1774250378,normal,k3s-wk1,0.3173333333333277,0.6884078377702623,572.7333333333333,302.6,39501.46666666667,11989.566666666666,0,12,2,0,10,0,"{""process_exit"": 12, ""process_exec"": 12, ""process_kprobe"": 10}"
1774250388,normal,sw-wk3,0.16258292495915616,0.38064902483133756,37.003700370037,32.23655698903224,5665.899923325665,9020.50205020502,0,1,1,0,0,0,"{""process_exit"": 1, ""process_exec"": 1}"
1774250388,normal,sw-wk2,0.2282911765032627,0.38639999045026974,0.0,0.0,6063.818442363448,27026.960375912284,0,0,0,0,0,0,{}
1774250388,normal,k3s-wk1,0.29022222222222605,0.6852324617388901,572.7333333333335,302.6,9925.833333333334,4899.7,0,15,2,0,11,0,"{""process_exit"": 15, ""process_exec"": 15, ""process_kprobe"": 11}"
1774250398,normal,sw-wk3,0.16258292495915616,0.38064902483133756,37.003700370037,32.23655698903224,5665.899923325665,9020.50205020502,0,0,0,0,0,0,{}
1774250398,normal,sw-wk2,0.09378855066181646,0.38611946712505374,0.0,0.0,407.92851665388594,4220.151368652686,0,1,1,0,0,0,"{""process_exit"": 1, ""process_exec"": 1}"
1774250398,normal,k3s-wk1,0.29022222222222593,0.6852324617388901,572.7333333333333,302.6,9925.833333333334,4899.7,0,12,2,0,9,0,"{""process_exit"": 12, ""process_exec"": 12, ""process_kprobe"": 9}"
1774250408,normal,sw-wk3,0.1415555555555531,0.3797815892772233,4.0,0.0,1948.6,5097.033333333335,0,0,0,0,0,0,{}
1774250408,normal,sw-wk2,0.09378855066181646,0.38611946712505374,0.0,0.0,407.92851665388594,4220.151368652686,0,2,2,0,0,0,"{""process_exec"": 2}"
1774250408,normal,k3s-wk1,0.29022222222222605,0.6852324617388901,572.7333333333333,302.6,9925.833333333334,4899.7,0,12,2,0,12,0,"{""process_kprobe"": 12, ""process_exit"": 12, ""process_exec"": 12}"
1774250419,normal,sw-wk3,0.1415555555555531,0.3797815892772233,4.0,0.0,1948.6,5097.033333333333,0,0,0,0,0,0,{}
1774250419,normal,sw-wk2,0.09378855066181646,0.38611946712505374,0.0,0.0,407.92851665388594,4220.151368652686,0,105,6,0,0,0,"{""process_exit"": 107, ""process_exec"": 105}"
1774250419,normal,k3s-wk1,0.3125555555555567,0.6845179034359332,570.6,300.6,33334.666666666664,7838.566666666667,0,36,3,0,33,0,"{""process_exit"": 36, ""process_exec"": 36, ""process_kprobe"": 33}"
1774250428,normal,sw-wk3,0.1415555555555531,0.3797815892772233,4.0,0.0,1948.6,5097.033333333333,0,0,0,0,0,0,{}
1774250428,normal,sw-wk2,0.19177777777778016,0.38371412882586065,0.0,0.0,5608.8,28074.766666666666,0,1,1,0,0,0,"{""process_exit"": 1, ""process_exec"": 1}"
1774250428,normal,k3s-wk1,0.3125555555555568,0.6845179034359332,570.6,300.6,33334.666666666664,7838.566666666667,0,33,3,0,33,0,"{""process_exit"": 33, ""process_exec"": 33, ""process_kprobe"": 33}"
1774250438,normal,sw-wk3,0.09500000000000708,0.38049185187543144,0.0,0.0,4334.0,5231.066666666667,0,0,0,0,0,0,{}
1774250438,normal,sw-wk2,0.19177777777778016,0.38371412882586065,0.0,0.0,5608.8,28074.766666666666,0,0,0,0,0,0,{}
1774250438,normal,k3s-wk1,0.3125555555555568,0.6845179034359332,570.6,300.6,33334.666666666664,7838.566666666667,0,59,3,0,53,0,"{""process_exit"": 59, ""process_exec"": 59, ""process_kprobe"": 53}"
1774250448,normal,sw-wk3,0.09500000000000708,0.38049185187543144,0.0,0.0,4334.0,5231.066666666667,0,1,1,0,0,0,"{""process_exit"": 1, ""process_exec"": 1}"
1774250448,normal,sw-wk2,0.19177777777778016,0.38371412882586065,0.0,0.0,5608.8,28074.766666666666,0,0,0,0,0,0,{}
1774250448,normal,k3s-wk1,0.2913333333333311,0.6848008316774354,572.7333333333333,302.6,9586.233333333334,4561.7,0,34,3,0,31,0,"{""process_kprobe"": 31, ""process_exit"": 34, ""process_exec"": 34}"
1774250458,normal,sw-wk3,0.09500000000000708,0.38049185187543144,0.0,0.0,4334.0,5231.066666666667,0,0,0,0,0,0,{}
1774250458,normal,sw-wk2,0.11644444444444468,0.3862627130783556,0.0,0.0,378.93333333333334,3986.1,0,0,0,0,0,0,{}
1774250458,normal,k3s-wk1,0.2913333333333311,0.6848008316774354,572.7333333333333,302.6,9586.233333333334,4561.7,0,39,3,0,33,0,"{""process_exit"": 39, ""process_exec"": 39, ""process_kprobe"": 33}"
1774250468,normal,sw-wk3,0.12155555555555109,0.3803565637614871,0.0,0.0,2050.4,5169.5,0,0,0,0,0,0,{}
1774250468,normal,sw-wk2,0.11644444444444468,0.3862627130783556,0.0,0.0,378.93333333333334,3986.1,0,3,2,0,0,0,"{""process_exit"": 1, ""process_exec"": 3}"
1774250468,normal,k3s-wk1,0.2913333333333311,0.6848008316774354,572.7333333333333,302.6,9586.233333333334,4561.7,0,39,3,0,34,0,"{""process_exit"": 39, ""process_exec"": 39, ""process_kprobe"": 34}"
1774250478,normal,sw-wk3,0.12155555555555109,0.3803565637614871,0.0,0.0,2050.4,5169.5,0,0,0,0,0,0,{}
1774250478,normal,sw-wk2,0.11644444444444468,0.3862627130783556,0.0,0.0,378.93333333333334,3986.1,0,104,5,0,0,0,"{""process_exit"": 106, ""process_exec"": 104}"
1774250478,normal,k3s-wk1,0.30055555555555247,0.6833190772591491,570.6,300.6,32754.399999999998,5488.9,0,54,3,0,49,0,"{""process_exit"": 54, ""process_exec"": 54, ""process_kprobe"": 49}"
1774250488,normal,sw-wk3,0.12155555555555109,0.3803565637614871,0.0,0.0,2050.4,5169.5,0,0,0,0,0,0,{}
1774250488,normal,sw-wk2,0.2155555555555566,0.382930255136959,0.0,0.0,6696.5,28120.400000000005,0,0,0,0,0,0,{}
1774250488,normal,k3s-wk1,0.30055555555555247,0.6833190772591491,570.6,300.6,32754.399999999998,5488.9,0,33,3,0,33,0,"{""process_exit"": 33, ""process_exec"": 33, ""process_kprobe"": 33}"
1774250498,normal,sw-wk3,0.11881353107816217,0.3805017995308686,0.0,0.0,3261.589735044159,5277.953674387602,0,1,1,0,0,0,"{""process_exit"": 1, ""process_exec"": 1}"
1774250498,normal,sw-wk2,0.2155555555555566,0.382930255136959,0.0,0.0,6696.5,28120.399999999998,0,1,1,0,0,0,"{""process_exit"": 1, ""process_exec"": 1}"
1774250498,normal,k3s-wk1,0.30055555555555247,0.6833190772591491,570.6,300.6,32754.399999999998,5488.9,0,39,3,0,36,0,"{""process_exit"": 39, ""process_exec"": 39, ""process_kprobe"": 36}"
1774250508,normal,sw-wk3,0.11881353107816184,0.3805017995308686,0.0,0.0,3261.589735044159,5277.953674387602,0,1,1,0,0,0,"{""process_exit"": 1, ""process_exec"": 1}"
1774250508,normal,sw-wk2,0.2155555555555566,0.382930255136959,0.0,0.0,6696.5,28120.399999999998,0,0,0,0,0,0,{}
1774250508,normal,k3s-wk1,0.30344444444444896,0.6840073166559197,765.0,395.0333333333333,9787.733333333334,6800.833333333333,0,60,3,0,56,0,"{""process_exit"": 60, ""process_exec"": 60, ""process_kprobe"": 56}"
1774250518,normal,sw-wk3,0.11881353107816184,0.3805017995308686,0.0,0.0,3261.589735044159,5277.953674387602,0,0,0,0,0,0,{}
1774250518,normal,sw-wk2,0.08842449088424298,0.3856061691257222,0.0,0.0,584.7415258474152,4210.47895210479,0,0,0,0,0,0,{}
1774250518,normal,k3s-wk1,0.30344444444444896,0.6840073166559197,765.0,395.0333333333333,9787.733333333334,6800.833333333333,0,12,2,0,9,0,"{""process_exit"": 12, ""process_exec"": 12, ""process_kprobe"": 9}"
1774250528,normal,sw-wk3,0.169750513974551,0.38089771621726476,615.8693115519254,311.68528088014665,5200.366727787964,26867.64460743457,0,232,4,0,0,0,"{""process_exec"": 232, ""process_exit"": 119}"
1774250528,normal,sw-wk2,0.08842449088424298,0.3856061691257222,0.0,0.0,584.7415258474152,4210.47895210479,0,2,2,0,0,0,"{""process_exec"": 2}"
1774250528,normal,k3s-wk1,0.30344444444444896,0.6840073166559197,765.0,395.0333333333333,9787.733333333334,6800.833333333333,0,36,3,0,32,0,"{""process_exit"": 36, ""process_exec"": 36, ""process_kprobe"": 32}"
1774250538,normal,sw-wk3,0.169750513974551,0.38089771621726476,615.8693115519253,311.68528088014665,5200.366727787964,26867.64460743457,0,462,4,0,0,0,"{""process_exit"": 240, ""process_exec"": 462}"
1774250538,normal,sw-wk2,0.08842449088424287,0.3856061691257222,0.0,0.0,584.7415258474152,4210.47895210479,0,104,5,0,0,0,"{""process_exit"": 106, ""process_exec"": 104}"
1774250538,normal,k3s-wk1,0.3375555555555567,0.6826110986827387,572.6000000000001,302.6,107952.23333333335,13057.033333333333,0,60,3,0,54,0,"{""process_exit"": 60, ""process_exec"": 60, ""process_kprobe"": 54}"
1774250548,normal,sw-wk3,0.169750513974551,0.38089771621726476,615.8693115519253,311.68528088014665,5200.366727787964,26867.64460743457,0,385,4,0,0,0,"{""process_exit"": 200, ""process_exec"": 385}"
1774250548,normal,sw-wk2,0.1993643808825306,0.3824348628817903,4.467113378004467,6.0006000600060005,5289.528952895289,27809.04757142381,0,1,1,0,0,0,"{""process_exit"": 1, ""process_exec"": 1}"
1774250548,normal,k3s-wk1,0.3375555555555567,0.6826110986827387,572.6,302.6000000000001,107952.23333333334,13057.033333333333,0,12,2,0,13,0,"{""process_exit"": 13, ""process_exec"": 12, ""process_kprobe"": 13}"
1774250558,normal,sw-wk3,0.22911111111110993,0.38976306674279937,6.0,6.6,4304.6,165351.66666666666,0,385,4,0,0,0,"{""process_exit"": 200, ""process_exec"": 385}"
1774250558,normal,sw-wk2,0.1993643808825306,0.3824348628817903,4.467113378004467,6.0006000600060005,5289.528952895289,27809.04757142381,0,0,0,0,0,0,{}
1774250558,normal,k3s-wk1,0.3375555555555567,0.6826110986827387,572.6,302.6,107952.23333333334,13057.033333333333,0,60,3,0,54,0,"{""process_exit"": 60, ""process_exec"": 60, ""process_kprobe"": 54}"
1774250568,normal,sw-wk3,0.22911111111110993,0.38976306674279937,6.0,6.6,4304.6,165351.66666666666,0,309,4,0,0,0,"{""process_exit"": 161, ""process_exec"": 309}"
1774250568,normal,sw-wk2,0.1993643808825306,0.3824348628817903,4.467113378004467,6.0006000600060005,5289.528952895289,27809.04757142381,0,1,1,0,0,0,"{""process_exit"": 1, ""process_exec"": 1}"
1774250568,normal,k3s-wk1,0.31155555555555514,0.6989261886276006,574.7333333333333,304.6,169815.26666666666,3100.8333333333335,0,36,3,0,31,0,"{""process_exit"": 36, ""process_exec"": 36, ""process_kprobe"": 31}"
1774250578,normal,sw-wk3,0.22911111111110993,0.38976306674279937,6.0,6.6,4304.6,165351.66666666666,0,308,4,0,0,0,"{""process_exit"": 160, ""process_exec"": 308}"
1774250578,normal,sw-wk2,0.09744444444444933,0.3851286826147161,0.0,0.0,327.5333333333333,4189.5,0,0,0,0,0,0,{}
1774250578,normal,k3s-wk1,0.31155555555555514,0.6989261886276006,574.7333333333333,304.6,169815.26666666666,3100.8333333333335,0,54,3,0,49,0,"{""process_exit"": 54, ""process_exec"": 54, ""process_kprobe"": 49}"
1774250588,normal,sw-wk3,0.2074444444444402,0.3924946929258243,0.0,0.0,3413.733333333333,136739.83333333334,0,308,4,0,0,0,"{""process_exit"": 160, ""process_exec"": 308}"
1774250588,normal,sw-wk2,0.09744444444444933,0.3851286826147161,0.0,0.0,327.5333333333333,4189.5,0,2,2,0,0,0,"{""process_exec"": 2}"
1774250588,normal,k3s-wk1,0.31155555555555514,0.6989261886276006,574.7333333333333,304.6,169815.26666666666,3100.8333333333335,0,12,2,0,12,0,"{""process_exit"": 12, ""process_exec"": 12, ""process_kprobe"": 12}"
1774250598,normal,sw-wk3,0.2074444444444402,0.3924946929258243,0.0,0.0,3413.733333333333,136739.83333333334,0,383,4,0,0,0,"{""process_exit"": 196, ""process_exec"": 383}"
1774250598,normal,sw-wk2,0.09744444444444933,0.3851286826147161,0.0,0.0,327.5333333333333,4189.5,0,104,5,0,0,0,"{""process_exit"": 104, ""process_exec"": 104}"
1774250598,normal,k3s-wk1,0.29822222222221884,0.6999605216407205,578.7333333333333,309.2,138105.7,5279.766666666666,0,12,2,0,11,0,"{""process_exit"": 12, ""process_exec"": 12, ""process_kprobe"": 11}"
1774250608,normal,sw-wk3,0.2074444444444402,0.3924946929258243,0.0,0.0,3413.733333333333,136739.83333333334,0,387,4,0,0,0,"{""process_exit"": 204, ""process_exec"": 387}"
1774250608,normal,sw-wk2,0.20599999999999963,0.38354103996562094,0.0,0.0,5112.5,27790.6,0,1,1,0,0,0,"{""process_exit"": 3, ""process_exec"": 1}"
1774250608,normal,k3s-wk1,0.29822222222221884,0.6999605216407205,578.7333333333333,309.2,138105.7,5279.766666666666,0,33,3,0,33,0,"{""process_kprobe"": 33, ""process_exit"": 33, ""process_exec"": 33}"
1774250619,normal,sw-wk3,0.21011111111111458,0.39774506546552046,4.466666666666667,6.0,4114.4,162446.3666666667,0,309,4,0,0,0,"{""process_exit"": 161, ""process_exec"": 309}"
1774250619,normal,sw-wk2,0.20599999999999963,0.38354103996562094,0.0,0.0,5112.5,27790.6,0,0,0,0,0,0,{}
1774250619,normal,k3s-wk1,0.29822222222221884,0.6999605216407205,578.7333333333333,309.2,138105.7,5279.766666666666,0,57,3,0,52,0,"{""process_exit"": 57, ""process_exec"": 57, ""process_kprobe"": 52}"
1774250628,normal,sw-wk3,0.21011111111111458,0.39774506546552046,4.466666666666667,6.0,4114.4,162446.36666666667,0,231,4,0,0,0,"{""process_exit"": 120, ""process_exec"": 231}"
1774250628,normal,sw-wk2,0.20599999999999963,0.38354103996562094,0.0,0.0,5112.5,27790.6,0,0,0,0,0,0,{}
1774250628,normal,k3s-wk1,0.3177777777777818,0.6898264268137015,572.7333333333335,302.6,171793.86666666667,7504.566666666667,0,33,3,0,30,0,"{""process_exit"": 33, ""process_exec"": 33, ""process_kprobe"": 30}"
1774250638,normal,sw-wk3,0.21011111111111458,0.39774506546552046,4.466666666666667,6.0,4114.4,162446.36666666667,0,385,4,0,0,0,"{""process_exit"": 200, ""process_exec"": 385}"
1774250638,normal,sw-wk2,0.08122222222221653,0.38609957185376176,0.0,0.0,714.0,4059.2999999999997,0,0,0,0,0,0,{}
1774250638,normal,k3s-wk1,0.3177777777777818,0.6898264268137015,572.7333333333333,302.6,171793.86666666667,7504.566666666667,0,42,3,0,35,0,"{""process_exit"": 42, ""process_exec"": 42, ""process_kprobe"": 35}"
1774250649,normal,sw-wk3,0.20244444444444232,0.40048663930398243,0.0,0.0,5304.333333333333,122877.80000000002,0,309,4,0,0,0,"{""process_exit"": 161, ""process_exec"": 309}"
1774250649,normal,sw-wk2,0.08122222222221653,0.38609957185376176,0.0,0.0,714.0,4059.2999999999997,0,106,7,0,0,0,"{""process_exec"": 106, ""process_exit"": 106}"
1774250649,normal,k3s-wk1,0.3177777777777818,0.6898264268137015,572.7333333333333,302.6,171793.86666666667,7504.566666666667,0,57,3,0,52,0,"{""process_exit"": 57, ""process_exec"": 57, ""process_kprobe"": 52}"
1774250658,normal,sw-wk3,0.20244444444444232,0.40048663930398243,0.0,0.0,5304.333333333333,122877.8,0,385,4,0,0,0,"{""process_exit"": 200, ""process_exec"": 385}"
1774250658,normal,sw-wk2,0.08122222222221653,0.38609957185376176,0.0,0.0,714.0,4059.2999999999997,0,1,1,0,0,0,"{""process_exit"": 1, ""process_exec"": 1}"
1774250658,normal,k3s-wk1,0.3324444444444402,0.6894908607598268,572.7333333333335,302.6,165943.73333333334,12904.633333333333,0,33,3,0,29,0,"{""process_exit"": 33, ""process_exec"": 33, ""process_kprobe"": 29}"
1774250668,normal,sw-wk3,0.20244444444444232,0.40048663930398243,0.0,0.0,5304.333333333333,122877.8,0,77,4,0,0,0,"{""process_exit"": 42, ""process_exec"": 77}"
1774250668,normal,sw-wk2,0.19844444444444587,0.3851207245061994,0.0,0.0,5997.633333333333,27825.16666666667,0,0,0,0,0,0,{}
1774250668,normal,k3s-wk1,0.3324444444444402,0.6894908607598268,572.7333333333333,302.6,165943.73333333334,12904.633333333333,0,39,3,0,37,0,"{""process_kprobe"": 37, ""process_exit"": 39, ""process_exec"": 39}"
1774250678,normal,sw-wk3,0.20344444444444387,0.401041718477372,0.0,0.0,5879.533333333333,91421.33333333333,0,1,1,0,0,0,"{""process_exit"": 1, ""process_exec"": 1}"
1774250678,normal,sw-wk2,0.19844444444444587,0.3851207245061994,0.0,0.0,5997.633333333333,27825.166666666668,0,0,0,0,0,0,{}
1774250678,normal,k3s-wk1,0.3324444444444402,0.6894908607598268,572.7333333333333,302.6,165943.73333333334,12904.633333333333,0,54,3,0,52,0,"{""process_kprobe"": 52, ""process_exit"": 54, ""process_exec"": 54}"
1774250688,normal,sw-wk3,0.20344444444444387,0.401041718477372,0.0,0.0,5879.533333333333,91421.33333333333,0,1,1,0,0,0,"{""process_exit"": 1, ""process_exec"": 1}"
1774250688,normal,sw-wk2,0.19844444444444587,0.3851207245061994,0.0,0.0,5997.633333333333,27825.166666666668,0,0,0,0,0,0,{}
1774250688,normal,k3s-wk1,0.2981111111111153,0.6906054664368149,577.2,308.6,47824.066666666666,4477.066666666667,0,42,3,0,37,0,"{""process_exit"": 42, ""process_exec"": 42, ""process_kprobe"": 37}"
1774250698,normal,sw-wk3,0.20344444444444387,0.401041718477372,0.0,0.0,5879.533333333333,91421.33333333333,0,0,0,0,0,0,{}
1774250698,normal,sw-wk2,0.1187777777777782,0.3876732878129526,0.0,0.0,426.5333333333333,4065.8333333333335,0,0,0,0,0,0,{}
1774250698,normal,k3s-wk1,0.2981111111111153,0.6906054664368149,577.2,308.6,47824.066666666666,4477.066666666667,0,33,3,0,29,0,"{""process_exit"": 33, ""process_exec"": 33, ""process_kprobe"": 29}"
1774250708,normal,sw-wk3,0.12333333333333218,0.4010277917597601,0.0,0.0,1991.766666666667,5135.333333333333,0,0,0,0,0,0,{}
1774250708,normal,sw-wk2,0.11877777777777832,0.3876732878129526,0.0,0.0,426.5333333333333,4065.8333333333335,0,3,2,0,0,0,"{""process_exec"": 3, ""process_exit"": 1}"
1774250708,normal,k3s-wk1,0.2981111111111153,0.6906054664368149,577.2,308.6,47824.066666666666,4477.066666666667,0,123,3,0,114,0,"{""process_exit"": 123, ""process_exec"": 123, ""process_kprobe"": 114}"
1774250718,normal,sw-wk3,0.1233333333333323,0.4010277917597601,0.0,0.0,1991.7666666666667,5135.333333333333,0,0,0,0,0,0,{}
1774250718,normal,sw-wk2,0.11877777777777832,0.3876732878129526,0.0,0.0,426.5333333333333,4065.8333333333335,0,104,5,0,0,0,"{""process_exit"": 106, ""process_exec"": 104}"
1774250718,normal,k3s-wk1,0.3202222222222191,0.6912818623258017,572.7333333333333,302.6,33054.933333333334,9045.266666666666,0,12,2,0,10,0,"{""process_exit"": 12, ""process_exec"": 12, ""process_kprobe"": 10}"
1774250728,normal,sw-wk3,0.1233333333333323,0.4010277917597601,0.0,0.0,1991.7666666666667,5135.333333333333,0,0,0,0,0,0,{}
1774250728,normal,sw-wk2,0.19999999999999984,0.38444428528227415,0.0,0.0,5217.0,27776.46666666667,0,0,0,0,0,0,{}
1774250728,normal,k3s-wk1,0.3202222222222191,0.6912818623258017,572.7333333333333,302.6,33054.933333333334,9045.266666666666,0,12,2,0,13,0,"{""process_exit"": 12, ""process_exec"": 12, ""process_kprobe"": 13}"
1774250738,normal,sw-wk3,0.11377777777778042,0.40116904846696677,0.0,0.0,4241.7333333333345,5188.766666666666,0,0,0,0,0,0,{}
1774250738,normal,sw-wk2,0.20000000000000007,0.38444428528227415,0.0,0.0,5217.0,27776.466666666667,0,0,0,0,0,0,{}
1774250738,normal,k3s-wk1,0.3202222222222191,0.6912818623258017,572.7333333333333,302.6,33054.933333333334,9045.266666666666,0,12,2,0,10,0,"{""process_exit"": 12, ""process_exec"": 12, ""process_kprobe"": 10}"
1774250749,normal,sw-wk3,0.11377777777778042,0.40116904846696677,0.0,0.0,4241.733333333334,5188.766666666666,0,1,1,0,0,0,"{""process_exit"": 1, ""process_exec"": 1}"
1774250749,normal,sw-wk2,0.20000000000000007,0.38444428528227415,0.0,0.0,5217.0,27776.466666666667,0,1,1,0,0,0,"{""process_exit"": 1, ""process_exec"": 1}"
1774250749,normal,k3s-wk1,0.2742947927429461,0.6932439367819874,572.6760657267607,302.56974302569745,9638.836116388362,3222.0111322201114,0,15,2,0,11,0,"{""process_exit"": 15, ""process_exec"": 15, ""process_kprobe"": 11}"
1774250758,normal,sw-wk3,0.11377777777778042,0.40116904846696677,0.0,0.0,4241.733333333334,5188.766666666666,0,0,0,0,0,0,{}
1774250758,normal,sw-wk2,0.09200000000000219,0.38570763500931093,0.0,0.0,738.6666666666666,4288.866666666667,0,0,0,0,0,0,{}
1774250758,normal,k3s-wk1,0.2742947927429461,0.6932439367819874,572.6760657267607,302.56974302569745,9638.836116388362,3222.0111322201114,0,18,2,0,13,0,"{""process_exit"": 18, ""process_exec"": 18, ""process_kprobe"": 13}"
1774250768,normal,sw-wk3,0.14400000000000046,0.4012764831456874,0.0,0.0,2020.1333333333332,5140.466666666666,0,0,0,0,0,0,{}
1774250768,normal,sw-wk2,0.09200000000000219,0.38570763500931093,0.0,0.0,738.6666666666666,4288.866666666667,0,107,7,0,0,0,"{""process_exit"": 107, ""process_exec"": 107}"
1774250768,normal,k3s-wk1,0.2742947927429461,0.6932439367819874,572.6760657267607,302.56974302569745,9638.836116388362,3222.0111322201114,0,39,3,0,36,0,"{""process_kprobe"": 36, ""process_exit"": 39, ""process_exec"": 39}"
1774250778,normal,sw-wk3,0.14400000000000046,0.4012764831456874,0.0,0.0,2020.1333333333332,5140.466666666666,0,0,0,0,0,0,{}
1774250778,normal,sw-wk2,0.09200000000000219,0.38570763500931093,0.0,0.0,738.6666666666666,4288.866666666667,0,0,0,0,0,0,{}
1774250778,normal,k3s-wk1,0.2999299929993051,0.693183403297759,572.7906123945728,302.6302630263026,32678.801213454677,8921.725505883924,0,78,3,0,73,0,"{""process_exit"": 78, ""process_exec"": 78, ""process_kprobe"": 73}"
1774250789,normal,sw-wk3,0.14400000000000046,0.4012764831456874,0.0,0.0,2020.1333333333332,5140.466666666666,0,0,0,0,0,0,{}
1774250789,normal,sw-wk2,0.2010000000000015,0.384318945073135,4.466666666666667,6.0,5214.533333333333,27781.0,0,0,0,0,0,0,{}
1774250789,normal,k3s-wk1,0.2999299929993051,0.693183403297759,572.7906123945728,302.6302630263026,32678.801213454677,8921.725505883922,0,78,3,0,75,0,"{""process_kprobe"": 75, ""process_exit"": 78, ""process_exec"": 78}"
1774250798,normal,sw-wk3,0.12766666666666415,0.4012605668969881,0.0,0.0,3280.0333333333333,5243.533333333333,0,1,1,0,0,0,"{""process_exit"": 1, ""process_exec"": 1}"
1774250798,normal,sw-wk2,0.2010000000000015,0.384318945073135,4.466666666666667,6.0,5214.533333333333,27781.0,0,0,0,0,0,0,{}
1774250798,normal,k3s-wk1,0.2999299929993051,0.693183403297759,572.7906123945728,302.6302630263026,32678.801213454677,8921.725505883922,0,33,3,0,30,0,"{""process_exit"": 33, ""process_exec"": 33, ""process_kprobe"": 30}"
1774250809,normal,sw-wk3,0.12766666666666415,0.4012605668969881,0.0,0.0,3280.0333333333333,5243.533333333333,0,0,0,0,0,0,{}
1774250809,normal,sw-wk2,0.2010000000000015,0.384318945073135,4.466666666666667,6.0,5214.533333333333,27781.0,0,1,1,0,0,0,"{""process_exit"": 1, ""process_exec"": 1}"
1774250809,normal,k3s-wk1,0.2848888888888873,0.6961153294469082,572.7333333333333,302.6,9592.2,3069.5333333333333,0,15,2,0,12,0,"{""process_exit"": 15, ""process_exec"": 15, ""process_kprobe"": 12}"
1774250821,normal,sw-wk3,0.12766666666666415,0.4012605668969881,0.0,0.0,3280.0333333333333,5243.533333333333,0,0,0,0,0,0,{}
1774250821,normal,sw-wk2,0.17091425969727914,0.38821443919209286,0.0,0.0,3243.795182729787,4655.095445913983,0,1,1,0,0,0,"{""process_exec"": 1}"
1774250821,normal,k3s-wk1,0.2848888888888875,0.6961153294469082,572.7333333333333,302.6,9592.2,3069.5333333333333,0,36,3,0,31,0,"{""process_exit"": 36, ""process_exec"": 36, ""process_kprobe"": 31}"
1774250829,normal,sw-wk3,0.15222222222222526,0.4013600434513589,0.0,0.0,3645.6666666666665,4993.866666666667,0,0,0,0,0,0,{}
1774250829,normal,sw-wk2,0.17091425969727914,0.38821443919209286,0.0,0.0,3243.795182729787,4655.095445913983,0,106,7,0,0,0,"{""process_exec"": 106, ""process_exit"": 106}"
1774250829,normal,k3s-wk1,0.2848888888888875,0.6961153294469082,572.7333333333333,302.6,9592.2,3069.5333333333333,0,63,3,0,57,0,"{""process_exit"": 63, ""process_exec"": 63, ""process_kprobe"": 57}"
1774250839,normal,sw-wk3,0.15222222222222526,0.4013600434513589,0.0,0.0,3645.6666666666665,4993.866666666667,0,1,1,0,0,0,"{""process_exit"": 1, ""process_exec"": 1}"
1774250839,normal,sw-wk2,0.17091425969727914,0.38821443919209286,0.0,0.0,3243.795182729787,4655.095445913983,0,1,1,0,0,0,"{""process_exit"": 1, ""process_exec"": 1}"
1774250839,normal,k3s-wk1,0.3612036420164312,0.6956784356042163,572.3517654896735,302.398401065956,33041.838774150565,12270.386409060628,0,78,3,0,71,0,"{""process_exit"": 78, ""process_exec"": 78, ""process_kprobe"": 71}"
1774250849,normal,sw-wk3,0.15222222222222526,0.4013600434513589,0.0,0.0,3645.6666666666665,4993.866666666667,0,0,0,0,0,0,{}
1774250849,normal,sw-wk2,0.20340603392694545,0.4344669658915469,0.0,0.0,5206.72980724338,28141.46601747482,0,0,0,0,0,0,{}
1774250849,normal,k3s-wk1,0.3612036420164312,0.6956784356042163,572.3517654896735,302.398401065956,33041.838774150565,12270.386409060628,0,15,2,0,16,0,"{""process_exit"": 16, ""process_exec"": 15, ""process_kprobe"": 16}"
1774250859,normal,sw-wk3,0.09997889099978652,0.401346116733747,0.0,0.0,2683.2650068326498,5162.383761623838,0,0,0,0,0,0,{}
1774250859,normal,sw-wk2,0.20340603392694545,0.4344669658915469,0.0,0.0,5206.72980724338,28141.46601747482,0,1,1,0,0,0,"{""process_exit"": 1, ""process_exec"": 1}"
1774250859,normal,k3s-wk1,0.3612036420164312,0.6956784356042163,572.3517654896735,302.398401065956,33041.838774150565,12270.386409060628,0,15,2,0,13,0,"{""process_exit"": 15, ""process_exec"": 15, ""process_kprobe"": 13}"
1774250869,normal,sw-wk3,0.09997889099978652,0.401346116733747,0.0,0.0,2683.26500683265,5162.383761623838,0,0,0,0,0,0,{}
1774250869,normal,sw-wk2,0.20340603392694545,0.4344669658915469,0.0,0.0,5206.72980724338,28141.46601747482,0,0,0,0,0,0,{}
1774250869,normal,k3s-wk1,0.2873026462085845,0.6995381031964312,573.1154102735157,302.8018679119413,9898.298865910607,1295.6304202801869,0,57,3,0,53,0,"{""process_exit"": 57, ""process_exec"": 57, ""process_kprobe"": 53}"
1774250879,normal,sw-wk3,0.09997889099978652,0.401346116733747,0.0,0.0,2683.26500683265,5162.383761623838,0,0,0,0,0,0,{}
1774250879,normal,sw-wk2,0.15113733595581935,0.46972138662082796,0.0,0.0,443.6110277694436,4558.055805580558,0,0,0,0,0,0,{}
1774250879,normal,k3s-wk1,0.2873026462085845,0.6995381031964312,573.1154102735157,302.8018679119413,9898.298865910607,1295.6304202801869,0,12,2,0,9,0,"{""process_exit"": 12, ""process_exec"": 12, ""process_kprobe"": 9}"
1774250889,normal,sw-wk3,0.11968974675245525,0.40144758281920534,0.0,0.0,2091.5091509150916,5192.119211921193,0,1,1,0,0,0,"{""process_exit"": 1, ""process_exec"": 1}"
1774250889,normal,sw-wk2,0.15113733595581935,0.46972138662082796,0.0,0.0,443.6110277694436,4558.055805580558,0,3,2,0,0,0,"{""process_exec"": 3, ""process_exit"": 1}"
1774250889,normal,k3s-wk1,0.2873026462085845,0.6995381031964312,573.1154102735157,302.8018679119413,9898.298865910607,1295.6304202801869,0,33,3,0,30,0,"{""process_exit"": 33, ""process_exec"": 33, ""process_kprobe"": 30}"
1774250900,normal,sw-wk3,0.11968974675245525,0.40144758281920534,0.0,0.0,2091.5091509150916,5192.119211921192,0,0,0,0,0,0,{}
1774250900,normal,sw-wk2,0.15113733595581935,0.46972138662082796,0.0,0.0,443.6110277694436,4558.055805580558,0,105,6,0,0,0,"{""process_exit"": 107, ""process_exec"": 105}"
1774250900,normal,k3s-wk1,0.284777777777774,0.700302667421142,572.7333333333333,302.6,33435.50000000001,5501.033333333333,0,15,2,0,12,0,"{""process_exit"": 15, ""process_exec"": 15, ""process_kprobe"": 12}"
1774250909,normal,sw-wk3,0.11968974675245525,0.40144758281920534,0.0,0.0,2091.5091509150916,5192.119211921192,0,0,0,0,0,0,{}
1774250909,normal,sw-wk2,0.17555555555555769,0.5133974756879784,0.0,0.0,5342.5666666666675,28348.333333333332,0,0,0,0,0,0,{}
1774250909,normal,k3s-wk1,0.284777777777774,0.700302667421142,572.7333333333333,302.6,33435.5,5501.033333333333,0,78,3,0,75,0,"{""process_exit"": 78, ""process_exec"": 78, ""process_kprobe"": 75}"
1774250919,transition,sw-wk3,0.0,0.40144758281920534,0.0,0.0,0.0,0.0,10,0,0,0,0,0,{}
1774250919,transition,sw-wk2,0.17555555555555769,0.5133974756879784,0.0,0.0,5342.566666666667,28348.333333333332,10,0,0,0,0,0,{}
1774250919,transition,k3s-wk1,0.284777777777774,0.700302667421142,572.7333333333333,302.6,33435.5,5501.033333333333,10,54,3,0,50,0,"{""process_exit"": 54, ""process_exec"": 54, ""process_kprobe"": 50}"
1774250929,transition,sw-wk3,0.0,0.0,0.0,0.0,0.0,0.0,19,0,0,0,0,0,{}
1774250929,transition,sw-wk2,0.17555555555555769,0.5133974756879784,0.0,0.0,5342.566666666667,28348.333333333332,19,1,1,0,0,0,"{""process_exit"": 1, ""process_exec"": 1}"
1774250929,transition,k3s-wk1,0.34422222222222254,0.7016909897224671,572.7333333333333,302.6000000000001,4409.133333333333,3414.133333333333,19,42,3,0,35,0,"{""process_exit"": 42, ""process_exec"": 42, ""process_kprobe"": 35}"
1774250939,transition,sw-wk3,0.0,0.0,0.0,0.0,0.0,0.0,29,0,0,0,0,0,{}
1774250939,transition,sw-wk2,0.1317777777777741,0.5559216285473269,0.0,0.0,365.8333333333333,4480.666666666667,29,0,0,0,0,0,{}
1774250939,transition,k3s-wk1,0.34422222222222254,0.7016909897224671,572.7333333333333,302.6,4409.133333333333,3414.133333333333,29,33,3,0,30,0,"{""process_exit"": 33, ""process_exec"": 33, ""process_kprobe"": 30}"
1774250950,transition,sw-wk3,0.0,0.0,0.0,0.0,0.0,0.0,40,0,0,0,0,0,{}
1774250950,transition,sw-wk2,0.1317777777777741,0.5559216285473269,0.0,0.0,365.8333333333333,4480.666666666667,40,3,2,0,0,0,"{""process_exec"": 3, ""process_exit"": 1}"
1774250950,transition,k3s-wk1,0.34422222222222254,0.7016909897224671,572.7333333333333,302.6,4409.133333333333,3414.133333333333,40,63,3,0,58,0,"{""process_exit"": 63, ""process_exec"": 63, ""process_kprobe"": 58}"
1774250959,transition,sw-wk3,0.0,0.0,0.0,0.0,0.0,0.0,50,0,0,0,0,0,{}
1774250959,transition,sw-wk2,0.1317777777777741,0.5559216285473269,0.0,0.0,365.8333333333333,4480.666666666667,50,104,5,0,0,0,"{""process_exit"": 106, ""process_exec"": 104}"
1774250959,transition,k3s-wk1,0.2998888888888914,0.6977273624508166,572.7333333333333,302.6,5531.466666666666,7404.033333333333,50,15,2,0,14,0,"{""process_exit"": 15, ""process_exec"": 15, ""process_kprobe"": 14}"
1774250969,transition,sw-wk3,0.0,0.0,0.0,0.0,0.0,0.0,60,0,0,0,0,0,{}
1774250969,transition,sw-wk2,0.19011111111111756,0.6079497525028251,0.0,0.0,10183.5,28218.0,60,1,1,0,0,0,"{""process_exit"": 2, ""process_exec"": 1}"
1774250969,transition,k3s-wk1,0.29988888888889154,0.6977273624508166,572.7333333333333,302.6,5531.466666666666,7404.033333333333,60,36,3,0,37,0,"{""process_kprobe"": 37, ""process_exit"": 36, ""process_exec"": 36}"
1774250979,transition,sw-wk3,0.0,0.0,0.0,0.0,0.0,0.0,69,0,0,0,0,0,{}
1774250979,transition,sw-wk2,0.19011111111111756,0.6079497525028251,0.0,0.0,10183.5,28218.0,69,0,0,0,0,0,{}
1774250979,transition,k3s-wk1,0.29988888888889154,0.6977273624508166,572.7333333333333,302.6,5531.466666666666,7404.033333333333,69,33,3,0,32,0,"{""process_exit"": 33, ""process_exec"": 33, ""process_kprobe"": 32}"
1774250989,transition,sw-wk3,0.0,0.0,0.0,0.0,0.0,0.0,79,0,0,0,0,0,{}
1774250989,transition,sw-wk2,0.19011111111111756,0.6079497525028251,0.0,0.0,10183.5,28218.0,79,0,0,0,0,0,{}
1774250989,transition,k3s-wk1,0.2987777777777815,0.6974312747562211,572.7333333333333,302.6,27496.733333333334,5356.933333333334,79,30,3,0,30,0,"{""process_exit"": 30, ""process_exec"": 30, ""process_kprobe"": 30}"
1774250999,transition,sw-wk3,0.0,0.0,0.0,0.0,0.0,0.0,89,0,0,0,0,0,{}
1774250999,transition,sw-wk2,0.14755555555555278,0.3912822900253068,0.0,0.0,2324.1,4489.866666666667,89,0,0,0,0,0,{}
1774250999,transition,k3s-wk1,0.2987777777777815,0.6974312747562211,572.7333333333333,302.6,27496.733333333334,5356.933333333333,89,21,2,0,17,0,"{""process_exit"": 21, ""process_exec"": 21, ""process_kprobe"": 17}"
1774251009,transition,sw-wk3,0.0,0.398604542895285,0.0,0.0,0.0,0.0,100,0,0,0,0,0,{}
1774251009,transition,sw-wk2,0.14755555555555278,0.3912822900253068,0.0,0.0,2324.1,4489.866666666667,100,106,7,0,0,0,"{""process_exec"": 106, ""process_exit"": 106}"
1774251009,transition,k3s-wk1,0.2987777777777815,0.6974312747562211,572.7333333333333,302.6,27496.733333333334,5356.933333333333,100,60,3,0,55,0,"{""process_exit"": 60, ""process_exec"": 60, ""process_kprobe"": 55}"
1774251020,transition,sw-wk3,0.0,0.398604542895285,0.0,0.0,0.0,0.0,110,0,0,0,0,0,{}
1774251020,transition,sw-wk2,0.14755555555555278,0.3912822900253068,0.0,0.0,2324.1,4489.866666666667,110,1,1,0,0,0,"{""process_exit"": 1, ""process_exec"": 1}"
1774251020,transition,k3s-wk1,0.32666666666666266,0.6968548907107421,572.7333333333333,302.6,36858.76666666668,57477.933333333334,110,30,3,0,29,0,"{""process_exit"": 30, ""process_exec"": 30, ""process_kprobe"": 29}"
1774251029,transition,sw-wk3,0.0,0.398604542895285,0.0,0.0,0.0,0.0,120,0,0,0,0,0,{}
1774251029,transition,sw-wk2,0.222222222222222,0.3878861672157762,0.0,0.0,8573.066666666666,27938.3,120,0,0,0,0,0,{}
1774251029,transition,k3s-wk1,0.32666666666666266,0.6968548907107421,572.7333333333333,302.6,36858.76666666666,57477.933333333334,120,18,2,0,18,0,"{""process_exit"": 18, ""process_exec"": 18, ""process_kprobe"": 18}"
1774251039,normal,sw-wk3,0.10188888888888947,0.3985647522735366,0.0,0.0,3988.7999999999997,5013.000000000001,0,0,0,0,0,0,{}
1774251039,normal,sw-wk2,0.2222222222222222,0.3878861672157762,0.0,0.0,8573.066666666666,27938.3,0,0,0,0,0,0,{}
1774251039,normal,k3s-wk1,0.32666666666666266,0.6968548907107421,572.7333333333333,302.6,36858.76666666666,57477.933333333334,0,12,2,0,11,0,"{""process_exit"": 12, ""process_exec"": 12, ""process_kprobe"": 11}"
1774251049,normal,sw-wk3,0.1018888888888897,0.3985647522735366,0.0,0.0,3988.7999999999997,5013.0,0,0,0,0,0,0,{}
1774251049,normal,sw-wk2,0.2222222222222222,0.3878861672157762,0.0,0.0,8573.066666666666,27938.3,0,0,0,0,0,0,{}
1774251049,normal,k3s-wk1,0.2698888888888885,0.6968891052887842,572.7333333333333,302.6,9000.3,1428.8666666666666,0,33,3,0,31,0,"{""process_exit"": 33, ""process_exec"": 33, ""process_kprobe"": 31}"
1774251059,normal,sw-wk3,0.1018888888888897,0.3985647522735366,0.0,0.0,3988.7999999999997,5013.0,0,0,0,0,0,0,{}
1774251059,normal,sw-wk2,0.10444444444444045,0.3890440720049658,0.0,0.0,403.8,4016.0,0,1,1,0,0,0,"{""process_exit"": 1, ""process_exec"": 1}"
1774251059,normal,k3s-wk1,0.2698888888888885,0.6968891052887842,572.7333333333333,302.6,9000.3,1428.8666666666666,0,36,3,0,31,0,"{""process_exit"": 36, ""process_exec"": 36, ""process_kprobe"": 31}"
1774251069,normal,sw-wk3,0.10288888888888126,0.39800569403797215,0.0,0.0,2060.9,4945.266666666666,0,0,0,0,0,0,{}
1774251069,normal,sw-wk2,0.10444444444444045,0.3890440720049658,0.0,0.0,403.8,4016.0,0,2,2,0,0,0,"{""process_exec"": 2}"
1774251069,normal,k3s-wk1,0.2698888888888885,0.6968891052887842,572.7333333333333,302.6,9000.3,1428.8666666666666,0,36,3,0,32,0,"{""process_exit"": 36, ""process_exec"": 36, ""process_kprobe"": 32}"
1774251080,normal,sw-wk3,0.10288888888888126,0.39800569403797215,0.0,0.0,2060.9,4945.266666666666,0,0,0,0,0,0,{}
1774251080,normal,sw-wk2,0.10444444444444045,0.3890440720049658,0.0,0.0,403.8,4016.0,0,104,5,0,0,0,"{""process_exit"": 104, ""process_exec"": 104}"
1774251080,normal,k3s-wk1,0.2914444444444496,0.6927517732363043,572.7333333333333,302.6,9817.333333333334,4246.966666666666,0,57,3,0,53,0,"{""process_exit"": 57, ""process_exec"": 57, ""process_kprobe"": 53}"
1774251090,normal,sw-wk3,0.10288888888888126,0.39800569403797215,0.0,0.0,2060.9,4945.266666666666,0,0,0,0,0,0,{}
1774251090,normal,sw-wk2,0.17700000000000327,0.3850272167311274,0.0,0.0,5148.133333333333,27851.333333333332,0,0,0,0,0,0,"{""process_exit"": 2}"
1774251090,normal,k3s-wk1,0.2914444444444497,0.6927517732363043,572.7333333333333,302.6,9817.333333333334,4246.966666666666,0,15,2,0,14,0,"{""process_kprobe"": 14, ""process_exit"": 15, ""process_exec"": 15}"
1774251100,normal,sw-wk3,0.0920000000000073,0.39805742184624504,4.466666666666667,6.0,3032.866666666667,4890.933333333333,0,0,0,0,0,0,{}
1774251100,normal,sw-wk2,0.17700000000000327,0.3850272167311274,0.0,0.0,5148.133333333333,27851.333333333332,0,0,0,0,0,0,{}
1774251100,normal,k3s-wk1,0.2914444444444497,0.6927517732363043,572.7333333333333,302.6,9817.333333333334,4246.966666666666,0,57,3,0,53,0,"{""process_exit"": 57, ""process_exec"": 57, ""process_kprobe"": 53}"
1774251110,normal,sw-wk3,0.0920000000000073,0.39805742184624504,4.466666666666667,6.0,3032.866666666667,4890.933333333333,0,0,0,0,0,0,{}
1774251110,normal,sw-wk2,0.17700000000000327,0.3850272167311274,0.0,0.0,5148.133333333333,27851.333333333332,0,0,0,0,0,0,{}
1774251110,normal,k3s-wk1,0.2911111111111091,0.693074179837086,765.9,395.0333333333333,31991.833333333332,7516.2,0,12,2,0,9,0,"{""process_exit"": 12, ""process_exec"": 12, ""process_kprobe"": 9}"
1774251120,normal,sw-wk3,0.0920000000000073,0.39805742184624504,4.466666666666667,6.0,3032.866666666667,4890.933333333333,0,0,0,0,0,0,{}
1774251120,normal,sw-wk2,0.12222222222221724,0.3856777921023731,0.0,0.0,1555.4666666666667,4377.066666666667,0,1,1,0,0,0,"{""process_exit"": 1, ""process_exec"": 1}"
1774251120,normal,k3s-wk1,0.2911111111111091,0.693074179837086,765.9,395.0333333333333,31991.833333333332,7516.2,0,57,3,0,52,0,"{""process_exit"": 57, ""process_exec"": 57, ""process_kprobe"": 52}"
1774251130,normal,sw-wk3,0.1446469627803012,0.4015152268761776,0.0,0.0,7081.436806504283,5536.3699976675225,0,0,0,0,0,0,{}
1774251130,normal,sw-wk2,0.12222222222221724,0.3856777921023731,0.0,0.0,1555.4666666666667,4377.066666666667,0,106,7,0,0,0,"{""process_exec"": 106, ""process_exit"": 106}"
1774251130,normal,k3s-wk1,0.2911111111111091,0.693074179837086,765.9,395.0333333333333,31991.833333333332,7516.2,0,15,2,0,13,0,"{""process_kprobe"": 13, ""process_exit"": 15, ""process_exec"": 15}"
1774251140,normal,sw-wk3,0.1446469627803012,0.4015152268761776,0.0,0.0,7081.436806504283,5536.3699976675225,0,0,0,0,0,0,{}
1774251140,normal,sw-wk2,0.12222222222221724,0.3856777921023731,0.0,0.0,1555.4666666666667,4377.066666666667,0,0,0,0,0,0,{}
1774251140,normal,k3s-wk1,0.33133333333333514,0.6902383176955166,577.0666666666668,308.6,33971.76666666667,19708.866666666665,0,12,2,0,11,0,"{""process_exit"": 12, ""process_exec"": 12, ""process_kprobe"": 11}"
1774251150,normal,sw-wk3,0.1446469627803012,0.4015152268761776,0.0,0.0,7081.436806504283,5536.3699976675225,0,0,0,0,0,0,{}
1774251150,normal,sw-wk2,0.19477777777778504,0.3841239714144742,0.0,0.0,6848.9,27525.966666666667,0,0,0,0,0,0,{}
1774251150,normal,k3s-wk1,0.33133333333333514,0.6902383176955166,577.0666666666666,308.6,33971.76666666666,19708.866666666665,0,12,2,0,13,0,"{""process_kprobe"": 13, ""process_exit"": 13, ""process_exec"": 12}"
1774251160,normal,sw-wk3,0.132348527793535,0.40159082905749943,0.0,0.0,10831.838340724931,6302.044082830372,0,0,0,0,0,0,{}
1774251160,normal,sw-wk2,0.19477777777778504,0.3841239714144742,0.0,0.0,6848.9,27525.966666666667,0,0,0,0,0,0,{}
1774251160,normal,k3s-wk1,0.33133333333333514,0.6902383176955166,577.0666666666666,308.6,33971.76666666666,19708.866666666665,0,15,2,0,12,0,"{""process_exit"": 15, ""process_exec"": 15, ""process_kprobe"": 12}"
1774251170,normal,sw-wk3,0.132348527793535,0.40159082905749943,0.0,0.0,10831.838340724931,6302.044082830371,0,0,0,0,0,0,{}
1774251170,normal,sw-wk2,0.19477777777778504,0.3841239714144742,0.0,0.0,6848.9,27525.966666666667,0,1,1,0,0,0,"{""process_exit"": 1, ""process_exec"": 1}"
1774251170,normal,k3s-wk1,0.2864444444444366,0.6905265097182561,574.7333333333333,304.6,10513.066666666666,11768.766666666666,0,36,3,0,32,0,"{""process_exit"": 36, ""process_exec"": 36, ""process_kprobe"": 32}"
1774251180,transition,sw-wk3,0.132348527793535,0.40159082905749943,0.0,0.0,10831.838340724931,6302.044082830371,9,0,0,0,0,0,{}
1774251180,transition,sw-wk2,0.0,0.3841239714144742,0.0,0.0,0.0,0.0,9,0,0,0,0,0,{}
1774251180,transition,k3s-wk1,0.2864444444444366,0.6905265097182561,574.7333333333333,304.6,10513.066666666666,11768.766666666666,9,36,3,0,31,0,"{""process_exit"": 36, ""process_exec"": 36, ""process_kprobe"": 31}"
1774251190,transition,sw-wk3,0.10166666666666768,0.40127051455242513,0.0,0.0,8867.466666666667,6142.633333333333,20,0,0,0,0,0,{}
1774251190,transition,sw-wk2,0.0,0.0,0.0,0.0,0.0,0.0,20,0,0,0,0,0,{}
1774251190,transition,k3s-wk1,0.2864444444444366,0.6905265097182561,574.7333333333333,304.6,10513.066666666666,11768.766666666666,20,54,3,0,50,0,"{""process_exit"": 54, ""process_exec"": 54, ""process_kprobe"": 50}"
1774251200,transition,sw-wk3,0.10166666666666768,0.40127051455242513,0.0,0.0,8867.466666666667,6142.633333333333,30,0,0,0,0,0,{}
1774251200,transition,sw-wk2,0.0,0.0,0.0,0.0,0.0,0.0,30,0,0,0,0,0,{}
1774251200,transition,k3s-wk1,0.28895999288960494,0.6943545946230474,580.8085858080859,311.16888311168884,8029.530380295304,8285.804752858046,30,15,2,0,11,0,"{""process_exit"": 15, ""process_exec"": 15, ""process_kprobe"": 11}"
1774251210,transition,sw-wk3,0.10166666666666768,0.40127051455242513,0.0,0.0,8867.466666666667,6142.633333333333,40,0,0,0,0,0,{}
1774251210,transition,sw-wk2,0.0,0.0,0.0,0.0,0.0,0.0,40,0,0,0,0,0,{}
1774251210,transition,k3s-wk1,0.28895999288960494,0.6943545946230474,580.8085858080859,311.16888311168884,8029.530380295304,8285.804752858048,40,33,3,0,36,0,"{""process_kprobe"": 36, ""process_exit"": 33, ""process_exec"": 33}"
1774251220,transition,sw-wk3,0.10666666666666036,0.3994859051670112,0.0,0.0,6679.2,5851.266666666666,49,0,0,0,0,0,{}
1774251220,transition,sw-wk2,0.0,0.0,0.0,0.0,0.0,0.0,49,0,0,0,0,0,{}
1774251220,transition,k3s-wk1,0.28895999288960494,0.6943545946230474,580.8085858080859,311.16888311168884,8029.530380295304,8285.804752858048,49,12,2,0,11,0,"{""process_kprobe"": 11, ""process_exit"": 12, ""process_exec"": 12}"
1774251230,transition,sw-wk3,0.10666666666666069,0.3994859051670112,0.0,0.0,6679.2,5851.266666666666,60,0,0,0,0,0,{}
1774251230,transition,sw-wk2,0.0,0.0,0.0,0.0,0.0,0.0,60,0,0,0,0,0,{}
1774251230,transition,k3s-wk1,0.269260259359272,0.6915911094734903,572.7906123945728,302.6302630263026,5456.145614561456,3827.4827482748274,60,16,2,0,14,0,"{""process_exit"": 17, ""process_exec"": 16, ""process_kprobe"": 14}"
1774251240,transition,sw-wk3,0.10666666666666069,0.3994859051670112,0.0,0.0,6679.2,5851.266666666666,70,0,0,0,0,0,{}
1774251240,transition,sw-wk2,0.0,0.0,0.0,0.0,0.0,0.0,70,0,0,0,0,0,{}
1774251240,transition,k3s-wk1,0.269260259359272,0.6915911094734903,572.7906123945728,302.6302630263026,5456.145614561456,3827.4827482748274,70,17,2,0,13,0,"{""process_exec"": 17, ""process_kprobe"": 13, ""process_exit"": 16}"
1774251250,transition,sw-wk3,0.12622222222222357,0.4014197293839815,0.0,0.0,10547.1,5918.633333333333,80,0,0,0,0,0,{}
1774251250,transition,sw-wk2,0.0,0.0,0.0,0.0,0.0,0.0,80,0,0,0,0,0,{}
1774251250,transition,k3s-wk1,0.269260259359272,0.6915911094734903,572.7906123945728,302.6302630263026,5456.145614561456,3827.4827482748274,80,12,2,0,10,0,"{""process_exit"": 12, ""process_exec"": 12, ""process_kprobe"": 10}"
1774251260,transition,sw-wk3,0.12622222222222357,0.4014197293839815,0.0,0.0,10547.1,5918.633333333333,90,0,0,0,0,0,{}
1774251260,transition,sw-wk2,0.0,0.0,0.0,0.0,0.0,0.0,90,0,0,0,0,0,{}
1774251260,transition,k3s-wk1,0.33099999999999463,0.6929873274466714,570.6,300.6,11454.666666666666,42853.13333333333,90,18,2,0,16,0,"{""process_exit"": 18, ""process_exec"": 18, ""process_kprobe"": 16}"
1774251270,transition,sw-wk3,0.12622222222222357,0.4014197293839815,0.0,0.0,10547.1,5918.633333333333,100,0,0,0,0,0,{}
1774251270,transition,sw-wk2,0.0,0.3872733928599851,0.0,0.0,0.0,0.0,100,0,0,0,0,0,{}
1774251270,transition,k3s-wk1,0.33099999999999463,0.6929873274466714,570.6,300.6,11454.666666666666,42853.13333333333,100,78,3,0,77,0,"{""process_kprobe"": 77, ""process_exit"": 78, ""process_exec"": 78}"
1774251280,transition,sw-wk3,0.21155555555555516,0.3963026554271424,0.0,0.0,25131.800000000007,6427.0,110,0,0,0,0,0,{}
1774251280,transition,sw-wk2,0.0,0.3872733928599851,0.0,0.0,0.0,0.0,110,0,0,0,0,0,{}
1774251280,transition,k3s-wk1,0.33099999999999463,0.6929873274466714,570.6,300.6,11454.666666666666,42853.13333333333,110,42,3,0,36,0,"{""process_exit"": 42, ""process_exec"": 42, ""process_kprobe"": 36}"
1774251290,transition,sw-wk3,0.21155555555555516,0.3963026554271424,0.0,0.0,25131.8,6427.0,120,0,0,0,0,0,{}
1774251290,transition,sw-wk2,0.0,0.3872733928599851,0.0,0.0,0.0,0.0,120,0,0,0,0,0,{}
1774251290,transition,k3s-wk1,0.32500000000000506,0.693759787343238,572.7333333333333,302.6,10560.066666666666,27052.266666666666,120,18,2,0,13,0,"{""process_exit"": 18, ""process_exec"": 18, ""process_kprobe"": 13}"
1774251301,normal,sw-wk3,0.21155555555555516,0.3963026554271424,0.0,0.0,25131.8,6427.0,0,0,0,0,0,0,{}
1774251301,normal,sw-wk2,0.09666666666666468,0.38292826560982984,0.0,0.0,3347.333333333334,4237.3,0,0,0,0,0,0,{}
1774251301,normal,k3s-wk1,0.32500000000000506,0.693759787343238,572.7333333333333,302.6,10560.066666666666,27052.266666666666,0,57,3,0,53,0,"{""process_exit"": 57, ""process_exec"": 57, ""process_kprobe"": 53}"
1774251310,normal,sw-wk3,0.10533333333333361,0.3960997232562258,0.0,0.0,2144.4333333333334,4939.5666666666675,0,0,0,0,0,0,{}
1774251310,normal,sw-wk2,0.09666666666666468,0.38292826560982984,0.0,0.0,3347.3333333333335,4237.3,0,0,0,0,0,0,{}
1774251310,normal,k3s-wk1,0.32500000000000506,0.693759787343238,572.7333333333333,302.6,10560.066666666666,27052.266666666666,0,36,3,0,33,0,"{""process_exit"": 36, ""process_exec"": 36, ""process_kprobe"": 33}"
1774251320,normal,sw-wk3,0.10533333333333361,0.3960997232562258,0.0,0.0,2144.4333333333334,4939.566666666667,0,0,0,0,0,0,{}
1774251320,normal,sw-wk2,0.09666666666666468,0.38292826560982984,0.0,0.0,3347.3333333333335,4237.3,0,0,0,0,0,0,{}
1774251320,normal,k3s-wk1,0.3087777777777774,0.6934255372346725,572.7333333333333,302.6,9634.566666666666,8965.9,0,57,3,0,54,0,"{""process_exit"": 57, ""process_exec"": 57, ""process_kprobe"": 54}"
1774251330,normal,sw-wk3,0.10533333333333361,0.3960997232562258,0.0,0.0,2144.4333333333334,4939.566666666667,0,0,0,0,0,0,{}
1774251330,normal,sw-wk2,0.1658888888888972,0.39315443505387637,0.0,0.0,4947.833333333333,4508.766666666667,0,0,0,0,0,0,{}
1774251330,normal,k3s-wk1,0.3087777777777774,0.6934255372346725,572.7333333333333,302.6,9634.566666666666,8965.9,0,12,2,0,12,0,"{""process_kprobe"": 12, ""process_exit"": 12, ""process_exec"": 12}"
1774251340,normal,sw-wk3,0.09464609094646326,0.39631459261366686,0.0,0.0,2581.9418058194183,4952.671399526714,0,0,0,0,0,0,{}
1774251340,normal,sw-wk2,0.1658888888888972,0.39315443505387637,0.0,0.0,4947.833333333333,4508.766666666666,0,0,0,0,0,0,{}
1774251340,normal,k3s-wk1,0.3087777777777774,0.6934255372346725,572.7333333333333,302.6,9634.566666666666,8965.9,0,39,3,0,34,0,"{""process_exit"": 39, ""process_exec"": 39, ""process_kprobe"": 34}"
1774251350,normal,sw-wk3,0.09464609094646326,0.39631459261366686,0.0,0.0,2581.9418058194183,4952.671399526714,0,0,0,0,0,0,{}
1774251350,normal,sw-wk2,0.1658888888888972,0.39315443505387637,0.0,0.0,4947.833333333333,4508.766666666666,0,0,0,0,0,0,{}
1774251350,normal,k3s-wk1,0.27733333333333376,0.6932202497664197,572.7333333333333,302.6,8803.233333333335,1082.0,0,15,2,0,12,0,"{""process_exit"": 15, ""process_exec"": 15, ""process_kprobe"": 12}"
1774251360,normal,sw-wk3,0.09464609094646326,0.39631459261366686,0.0,0.0,2581.9418058194183,4952.671399526714,0,0,0,0,0,0,{}
1774251360,normal,sw-wk2,0.07311111111110524,0.3928858488914355,0.0,0.0,365.1,4009.2999999999997,0,0,0,0,0,0,{}
1774251360,normal,k3s-wk1,0.27733333333333376,0.6932202497664197,572.7333333333333,302.6,8803.233333333334,1082.0,0,57,3,0,51,0,"{""process_exit"": 57, ""process_exec"": 57, ""process_kprobe"": 51}"
1774251370,normal,sw-wk3,0.10757742440911311,0.396662760553965,0.0,0.0,2292.1625495882927,5056.772343901056,0,0,0,0,0,0,{}
1774251370,normal,sw-wk2,0.07311111111110524,0.3928858488914355,0.0,0.0,365.1,4009.2999999999997,0,0,0,0,0,0,{}
1774251370,normal,k3s-wk1,0.27733333333333376,0.6932202497664197,572.7333333333333,302.6,8803.233333333334,1082.0,0,39,3,0,34,0,"{""process_exit"": 39, ""process_exec"": 39, ""process_kprobe"": 34}"
1774251380,normal,sw-wk3,0.10757742440911333,0.396662760553965,0.0,0.0,2292.162549588292,5056.772343901056,0,0,0,0,0,0,{}
1774251380,normal,sw-wk2,0.07311111111110524,0.3928858488914355,0.0,0.0,365.1,4009.2999999999997,0,0,0,0,0,0,{}
1774251380,normal,k3s-wk1,0.2942222222222224,0.6932952586490506,572.7333333333333,302.6000000000001,9712.066666666666,9155.4,0,15,2,0,13,0,"{""process_exit"": 15, ""process_exec"": 15, ""process_kprobe"": 13}"
1774251390,normal,sw-wk3,0.10757742440911333,0.396662760553965,0.0,0.0,2292.162549588292,5056.772343901056,0,0,0,0,0,0,{}
1774251390,normal,sw-wk2,0.16899999999999538,0.3875141256426172,0.0,0.0,4936.166666666667,4508.7,0,0,0,0,0,0,{}
1774251390,normal,k3s-wk1,0.2942222222222224,0.6932952586490506,572.7333333333333,302.6,9712.066666666666,9155.4,0,36,3,0,35,0,"{""process_exit"": 36, ""process_exec"": 36, ""process_kprobe"": 35}"
1774251400,normal,sw-wk3,0.09328587749361894,0.39677815335703526,0.0,0.0,2644.4437121012393,4930.859477985764,0,0,0,0,0,0,{}
1774251400,normal,sw-wk2,0.16899999999999538,0.3875141256426172,0.0,0.0,4936.166666666667,4508.7,0,0,0,0,0,0,{}
1774251400,normal,k3s-wk1,0.2942222222222224,0.6932952586490506,572.7333333333333,302.6,9712.066666666666,9155.4,0,15,2,0,13,0,"{""process_exit"": 15, ""process_exec"": 15, ""process_kprobe"": 13}"
1774251410,normal,sw-wk3,0.09328587749361894,0.39677815335703526,0.0,0.0,2644.4437121012393,4930.859477985764,0,0,0,0,0,0,{}
1774251410,normal,sw-wk2,0.16899999999999538,0.3875141256426172,0.0,0.0,4936.166666666667,4508.7,0,0,0,0,0,0,{}
1774251410,normal,k3s-wk1,0.3072222222222182,0.7138621678883026,572.7333333333333,302.6,8886.200000000003,1131.4,0,75,3,0,71,0,"{""process_exit"": 75, ""process_exec"": 75, ""process_kprobe"": 71}"
1774251421,normal,sw-wk3,0.09328587749361894,0.39677815335703526,0.0,0.0,2644.4437121012393,4930.859477985764,0,0,0,0,0,0,{}
1774251421,normal,sw-wk2,0.07288888888889344,0.3875817695650098,0.0,0.0,466.26666666666665,4062.866666666667,0,0,0,0,0,0,{}
1774251421,normal,k3s-wk1,0.3072222222222182,0.7138621678883026,572.7333333333333,302.6,8886.2,1131.4,0,33,3,0,29,0,"{""process_exit"": 33, ""process_exec"": 33, ""process_kprobe"": 29}"
1774251430,normal,sw-wk3,0.09212223156714294,0.397014907556438,0.0,0.0,2083.9360807401176,5009.083263246425,0,0,0,0,0,0,{}
1774251430,normal,sw-wk2,0.07288888888889344,0.3875817695650098,0.0,0.0,466.26666666666665,4062.866666666667,0,0,0,0,0,0,{}
1774251430,normal,k3s-wk1,0.3072222222222182,0.7138621678883026,572.7333333333333,302.6,8886.2,1131.4,0,60,3,0,54,0,"{""process_exit"": 60, ""process_exec"": 60, ""process_kprobe"": 54}"
1774251440,normal,sw-wk3,0.09212223156714294,0.397014907556438,0.0,0.0,2083.9360807401176,5009.083263246425,0,0,0,0,0,0,{}
1774251440,normal,sw-wk2,0.07288888888889344,0.3875817695650098,0.0,0.0,466.26666666666665,4062.866666666667,0,0,0,0,0,0,{}
1774251440,normal,k3s-wk1,0.3326666666666671,0.6862167888302562,572.7333333333335,302.6,9990.9,12073.5,0,21,2,0,17,0,"{""process_exit"": 21, ""process_exec"": 21, ""process_kprobe"": 17}"
1774251450,normal,sw-wk3,0.09212223156714294,0.397014907556438,0.0,0.0,2083.9360807401176,5009.083263246425,0,0,0,0,0,0,{}
1774251450,normal,sw-wk2,0.205666666666664,0.39031935889477787,2.1333333333333333,16.8,6017.366666666667,4911.2333333333345,0,0,0,0,0,0,{}
1774251450,normal,k3s-wk1,0.33266666666666733,0.6862167888302562,572.7333333333333,302.6,9990.9,12073.5,0,36,3,0,35,0,"{""process_kprobe"": 35, ""process_exit"": 37, ""process_exec"": 36}"
1774251460,normal,sw-wk3,0.10605503769782143,0.3973511383102116,0.0,0.0,4716.61488089272,5003.808760148342,0,0,0,0,0,0,{}
1774251460,normal,sw-wk2,0.205666666666664,0.39031935889477787,2.1333333333333333,16.8,6017.366666666667,4911.233333333334,0,0,0,0,0,0,{}
1774251460,normal,k3s-wk1,0.33266666666666733,0.6862167888302562,572.7333333333333,302.6,9990.9,12073.5,0,36,3,0,32,0,"{""process_exit"": 36, ""process_exec"": 36, ""process_kprobe"": 32}"
1774251470,normal,sw-wk3,0.10605503769782143,0.3973511383102116,0.0,0.0,4716.614880892719,5003.80876014834,0,0,0,0,0,0,{}
1774251470,normal,sw-wk2,0.205666666666664,0.39031935889477787,2.1333333333333333,16.8,6017.366666666667,4911.233333333334,0,0,0,0,0,0,{}
1774251470,normal,k3s-wk1,0.284777777777779,0.6856443526207051,572.7333333333333,302.6,9067.666666666666,1122.6666666666667,0,57,3,0,51,0,"{""process_exit"": 57, ""process_exec"": 57, ""process_kprobe"": 51}"
1774251480,normal,sw-wk3,0.10605503769782143,0.3973511383102116,0.0,0.0,4716.614880892719,5003.80876014834,0,0,0,0,0,0,{}
1774251480,normal,sw-wk2,0.07866666666666078,0.39040490856133314,12.133333333333336,21.733333333333334,610.3666666666667,4268.2,0,0,0,0,0,0,{}
1774251480,normal,k3s-wk1,0.284777777777779,0.6856443526207051,572.7333333333333,302.6,9067.666666666666,1122.6666666666667,0,42,3,0,36,0,"{""process_exit"": 42, ""process_exec"": 42, ""process_kprobe"": 36}"
1774251490,normal,sw-wk3,0.10564499105643987,0.39816883558714045,0.0,0.0,4083.091690830917,5156.950971569509,0,0,0,0,0,0,{}
1774251490,normal,sw-wk2,0.07866666666666078,0.39040490856133314,12.133333333333333,21.733333333333334,610.3666666666667,4268.2,0,0,0,0,0,0,{}
1774251490,normal,k3s-wk1,0.284777777777779,0.6856443526207051,572.7333333333333,302.6,9067.666666666666,1122.6666666666667,0,15,2,0,13,0,"{""process_exit"": 15, ""process_exec"": 15, ""process_kprobe"": 13}"
1774251500,normal,sw-wk3,0.10564499105643987,0.39816883558714045,0.0,0.0,4083.091690830917,5156.950971569509,0,0,0,0,0,0,{}
1774251500,normal,sw-wk2,0.07866666666666078,0.39040490856133314,12.133333333333333,21.733333333333334,610.3666666666667,4268.2,0,0,0,0,0,0,{}
1774251500,normal,k3s-wk1,0.2956666666666732,0.6736916213762156,572.7333333333333,302.6000000000001,10018.7,7871.9,0,75,3,0,71,0,"{""process_exit"": 75, ""process_exec"": 75, ""process_kprobe"": 71}"
1774251510,normal,sw-wk3,0.10564499105643987,0.39816883558714045,0.0,0.0,4083.091690830917,5156.950971569509,0,0,0,0,0,0,{}
1774251510,normal,sw-wk2,0.15722222222222826,0.3917020802495663,6.0,14.799999999999999,4094.0,4966.200000000001,0,0,0,0,0,0,{}
1774251510,normal,k3s-wk1,0.2956666666666732,0.6736916213762156,572.7333333333333,302.6,10018.7,7871.9,0,60,3,0,57,0,"{""process_exit"": 60, ""process_exec"": 60, ""process_kprobe"": 57}"
1774251520,normal,sw-wk3,0.09602071318244532,0.39704475052274935,0.0,0.0,2732.7066039937326,5038.637197053038,0,0,0,0,0,0,{}
1774251520,normal,sw-wk2,0.15722222222222826,0.3917020802495663,6.0,14.799999999999999,4094.0,4966.2,0,0,0,0,0,0,{}
1774251520,normal,k3s-wk1,0.2956666666666732,0.6736916213762156,572.7333333333333,302.6,10018.7,7871.9,0,30,3,0,28,0,"{""process_exit"": 30, ""process_exec"": 30, ""process_kprobe"": 28}"
1774251530,normal,sw-wk3,0.09602071318244565,0.39704475052274935,0.0,0.0,2732.7066039937326,5038.637197053038,0,0,0,0,0,0,{}
1774251530,normal,sw-wk2,0.15722222222222826,0.3917020802495663,6.0,14.799999999999999,4094.0,4966.2,0,0,0,0,0,0,{}
1774251530,normal,k3s-wk1,0.28366666666665374,0.6711478990933137,572.7333333333333,302.6000000000001,9454.133333333333,5824.5,0,12,2,0,10,0,"{""process_exit"": 12, ""process_exec"": 12, ""process_kprobe"": 10}"
1774251540,normal,sw-wk3,0.09602071318244565,0.39704475052274935,0.0,0.0,2732.7066039937326,5038.637197053038,0,0,0,0,0,0,{}
1774251540,normal,sw-wk2,0.10144444444444567,0.39279035158923425,12.600000000000003,22.8,2648.3,4426.166666666667,0,0,0,0,0,0,{}
1774251540,normal,k3s-wk1,0.28366666666665374,0.6711478990933137,572.7333333333333,302.6,9454.133333333333,5824.5,0,57,3,0,51,0,"{""process_exit"": 57, ""process_exec"": 57, ""process_kprobe"": 51}"
1774251550,normal,sw-wk3,0.09733333333331551,0.397257630349103,0.0,0.0,2019.366666666667,4890.533333333333,0,0,0,0,0,0,{}
1774251550,normal,sw-wk2,0.10144444444444567,0.39279035158923425,12.6,22.8,2648.3,4426.166666666667,0,0,0,0,0,0,{}
1774251550,normal,k3s-wk1,0.28366666666665374,0.6711478990933137,572.7333333333333,302.6,9454.133333333333,5824.5,0,57,3,0,52,0,"{""process_exit"": 57, ""process_exec"": 57, ""process_kprobe"": 52}"
1774251565,transition,sw-wk3,0.09733333333331551,0.0,0.0,0.0,2019.3666666666666,4890.533333333333,14,0,0,0,0,0,{}
1774251565,transition,sw-wk2,0.10144444444444567,0.0,6.133333333333335,11.866666666666667,5283.0,4892.5,14,0,0,0,0,0,{}
1774251565,transition,k3s-wk1,0.28844444444445505,0.0,572.7333333333333,302.6,9713.166666666666,4391.2,14,36,3,0,31,0,"{""process_exit"": 36, ""process_exec"": 36, ""process_kprobe"": 31}"
1774251570,normal,sw-wk3,0.09733333333331551,0.397257630349103,0.0,0.0,2019.3666666666666,4890.533333333333,0,0,0,0,0,0,{}
1774251570,normal,sw-wk2,0.17511111111110345,0.39555181524455263,6.133333333333333,11.866666666666667,5283.0,4892.5,0,0,0,0,0,0,{}
1774251570,normal,k3s-wk1,0.28844444444445505,0.6709597189140819,572.7333333333333,302.6,9713.166666666666,4391.2,0,36,3,0,36,0,"{""process_kprobe"": 36, ""process_exit"": 36, ""process_exec"": 36}"
1774251580,normal,sw-wk3,0.09444444444444444,0.3974744892376316,0.0,0.0,3907.366666666667,4974.1,0,0,0,0,0,0,{}
1774251580,normal,sw-wk2,0.17511111111110345,0.39555181524455263,6.133333333333333,11.866666666666667,5283.0,4892.5,0,0,0,0,0,0,{}
1774251580,normal,k3s-wk1,0.28844444444445505,0.6709597189140819,572.7333333333333,302.6,9713.166666666666,4391.2,0,60,3,0,55,0,"{""process_exit"": 60, ""process_exec"": 60, ""process_kprobe"": 55}"
1774251590,normal,sw-wk3,0.09444444444444444,0.3974744892376316,0.0,0.0,3907.366666666667,4974.1,0,0,0,0,0,0,{}
1774251590,normal,sw-wk2,0.17511111111110345,0.39555181524455263,6.133333333333333,11.866666666666667,5283.0,4892.5,0,0,0,0,0,0,{}
1774251590,normal,k3s-wk1,0.30188888888887966,0.6647668802884552,249.43333333333334,204.63333333333333,9551.033333333333,8376.5,0,15,2,0,13,0,"{""process_exit"": 15, ""process_exec"": 15, ""process_kprobe"": 13}"
1774251600,normal,sw-wk3,0.09444444444444444,0.3974744892376316,0.0,0.0,3907.366666666667,4974.1,0,0,0,0,0,0,{}
1774251600,normal,sw-wk2,0.07866666666666589,0.39513401454742236,6.0,14.799999999999999,1431.4,4406.366666666667,0,0,0,0,0,0,{}
1774251600,normal,k3s-wk1,0.30188888888887966,0.6647668802884552,249.43333333333334,204.63333333333333,9551.033333333333,8376.5,0,54,3,0,49,0,"{""process_exit"": 54, ""process_exec"": 54, ""process_kprobe"": 49}"
1774251610,normal,sw-wk3,0.11866666666666992,0.39742475096044616,0.0,0.0,2787.1,4968.6,0,0,0,0,0,0,{}
1774251610,normal,sw-wk2,0.07866666666666589,0.39513401454742236,6.0,14.799999999999999,1431.4,4406.366666666667,0,0,0,0,0,0,{}
1774251610,normal,k3s-wk1,0.30188888888887966,0.6647668802884552,249.43333333333334,204.63333333333333,9551.033333333333,8376.5,0,12,2,0,10,0,"{""process_exit"": 12, ""process_exec"": 12, ""process_kprobe"": 10}"
1774251620,normal,sw-wk3,0.11866666666666992,0.39742475096044616,0.0,0.0,2787.1,4968.6,0,0,0,0,0,0,{}
1774251620,normal,sw-wk2,0.07866666666666589,0.39513401454742236,6.0,14.799999999999999,1431.4,4406.366666666667,0,0,0,0,0,0,{}
1774251620,normal,k3s-wk1,0.31000000000000594,0.6667447460883525,194.46666666666667,179.26666666666665,9705.733333333334,6815.333333333333,0,33,3,0,31,0,"{""process_exit"": 33, ""process_exec"": 33, ""process_kprobe"": 31}"
1774251630,normal,sw-wk3,0.11866666666666992,0.39742475096044616,0.0,0.0,2787.1,4968.6,0,0,0,0,0,0,{}
1774251630,normal,sw-wk2,0.20277777777778783,0.3919567397221029,4.0,0.0,6895.433333333333,4792.4,0,0,0,0,0,0,{}
1774251630,normal,k3s-wk1,0.31000000000000616,0.6667447460883525,194.46666666666667,179.26666666666665,9705.733333333334,6815.333333333333,0,12,2,0,13,0,"{""process_kprobe"": 13, ""process_exit"": 12, ""process_exec"": 12}"
1774251640,normal,sw-wk3,0.09877777777779151,0.39686967178705645,4.466666666666667,6.0,2700.5,4960.3,0,0,0,0,0,0,{}
1774251640,normal,sw-wk2,0.20277777777778783,0.3919567397221029,4.0,0.0,6895.433333333333,4792.4,0,0,0,0,0,0,{}
1774251640,normal,k3s-wk1,0.31000000000000616,0.6667447460883525,194.46666666666667,179.26666666666665,9705.733333333334,6815.333333333333,0,33,3,0,30,0,"{""process_exit"": 33, ""process_exec"": 33, ""process_kprobe"": 30}"
1774251650,normal,sw-wk3,0.09877777777779151,0.39686967178705645,4.466666666666667,6.0,2700.5,4960.3,0,0,0,0,0,0,{}
1774251650,normal,sw-wk2,0.20277777777778783,0.3919567397221029,4.0,0.0,6895.433333333333,4792.4,0,0,0,0,0,0,{}
1774251650,normal,k3s-wk1,0.3074444444444452,0.6721164348409681,191.6,176.4,9171.466666666667,6045.266666666666,0,30,3,0,27,0,"{""process_exit"": 30, ""process_exec"": 30, ""process_kprobe"": 27}"
1774251660,normal,sw-wk3,0.09877777777779151,0.39686967178705645,4.466666666666667,6.0,2700.5,4960.3,0,0,0,0,0,0,{}
1774251660,normal,sw-wk2,0.07355555555555437,0.3919408235050693,0.0,0.0,557.4,4118.7,0,0,0,0,0,0,{}
1774251660,normal,k3s-wk1,0.3074444444444452,0.6721164348409681,191.6,176.4,9171.466666666667,6045.266666666666,0,39,3,0,35,0,"{""process_exit"": 39, ""process_exec"": 39, ""process_kprobe"": 35}"
1774251670,normal,sw-wk3,0.09988888888887637,0.39698705412121416,0.0,0.0,2115.0666666666666,4963.9,0,0,0,0,0,0,{}
1774251670,normal,sw-wk2,0.07355555555555437,0.3919408235050693,0.0,0.0,557.4,4118.7,0,0,0,0,0,0,{}
1774251670,normal,k3s-wk1,0.3074444444444452,0.6721164348409681,191.6,176.4,9171.466666666667,6045.266666666666,0,33,3,0,31,0,"{""process_kprobe"": 31, ""process_exit"": 33, ""process_exec"": 33}"
1774251680,normal,sw-wk3,0.09988888888887637,0.39698705412121416,0.0,0.0,2115.0666666666666,4963.9,0,0,0,0,0,0,{}
1774251680,normal,sw-wk2,0.07355555555555437,0.3919408235050693,0.0,0.0,557.4,4118.7,0,0,0,0,0,0,{}
1774251680,normal,k3s-wk1,0.2727777777777799,0.6727809872221711,194.46666666666667,179.26666666666665,9456.933333333332,4347.7,0,36,3,0,35,0,"{""process_exit"": 36, ""process_exec"": 36, ""process_kprobe"": 35}"
1774251690,normal,sw-wk3,0.09988888888887637,0.39698705412121416,0.0,0.0,2115.0666666666666,4963.9,0,0,0,0,0,0,{}
1774251690,normal,sw-wk2,0.17377777777777137,0.39176176606344204,0.0,0.0,4898.3,4582.4,0,0,0,0,0,0,{}
1774251690,normal,k3s-wk1,0.2727777777777799,0.6727809872221711,194.46666666666667,179.26666666666665,9456.933333333332,4347.7,0,12,2,0,11,0,"{""process_exit"": 12, ""process_exec"": 12, ""process_kprobe"": 11}"
1774251700,normal,sw-wk3,0.09466666666667134,0.39732527440607524,0.0,0.0,2634.0666666666666,4920.5,0,0,0,0,0,0,{}
1774251700,normal,sw-wk2,0.17377777777777137,0.39176176606344204,0.0,0.0,4898.3,4582.4,0,0,0,0,0,0,{}
1774251700,normal,k3s-wk1,0.2727777777777799,0.6727809872221711,194.46666666666667,179.26666666666665,9456.933333333332,4347.7,0,36,3,0,33,0,"{""process_exit"": 36, ""process_exec"": 36, ""process_kprobe"": 33}"
1774251710,normal,sw-wk3,0.09466666666667145,0.39732527440607524,0.0,0.0,2634.0666666666666,4920.5,0,0,0,0,0,0,{}
1774251710,normal,sw-wk2,0.17377777777777137,0.39176176606344204,0.0,0.0,4898.3,4582.4,0,0,0,0,0,0,{}
1774251710,normal,k3s-wk1,0.29155555555554813,0.6730994459870248,400.4,277.7,9078.833333333334,5749.966666666668,0,12,2,0,10,0,"{""process_kprobe"": 10, ""process_exit"": 12, ""process_exec"": 12}"
1774251720,normal,sw-wk3,0.09466666666667145,0.39732527440607524,0.0,0.0,2634.0666666666666,4920.5,0,0,0,0,0,0,{}
1774251720,normal,sw-wk2,0.07444444444445253,0.3917438603192793,0.0,0.0,377.8333333333333,3997.2999999999997,0,0,0,0,0,0,{}
1774251720,normal,k3s-wk1,0.29155555555554813,0.6730994459870248,400.4,277.7,9078.833333333334,5749.966666666666,0,36,3,0,31,0,"{""process_exit"": 36, ""process_exec"": 36, ""process_kprobe"": 31}"
1774251730,normal,sw-wk3,0.09511111111111559,0.3975640181365654,0.0,0.0,1963.7666666666667,4866.233333333334,0,0,0,0,0,0,{}
1774251730,normal,sw-wk2,0.07444444444445253,0.3917438603192793,0.0,0.0,377.8333333333333,3997.2999999999997,0,0,0,0,0,0,{}
1774251730,normal,k3s-wk1,0.29155555555554813,0.6730994459870248,400.4,277.7,9078.833333333334,5749.966666666666,0,21,2,0,16,0,"{""process_exit"": 21, ""process_exec"": 21, ""process_kprobe"": 16}"
1774251740,normal,sw-wk3,0.09511111111111559,0.3975640181365654,0.0,0.0,1963.7666666666667,4866.233333333334,0,0,0,0,0,0,{}
1774251740,normal,sw-wk2,0.07444444444445253,0.3917438603192793,0.0,0.0,377.8333333333333,3997.2999999999997,0,0,0,0,0,0,{}
1774251740,normal,k3s-wk1,0.2780000000000048,0.6684173125764894,196.46666666666667,181.26666666666665,9413.8,5160.166666666667,0,15,2,0,12,0,"{""process_exit"": 15, ""process_exec"": 15, ""process_kprobe"": 12}"
1774251750,normal,sw-wk3,0.09511111111111559,0.3975640181365654,0.0,0.0,1963.7666666666667,4866.233333333334,0,0,0,0,0,0,{}
1774251750,normal,sw-wk2,0.16844420743900412,0.3933036495885658,0.0,0.0,5113.451539794694,4620.883882149047,0,0,0,0,0,0,{}
1774251750,normal,k3s-wk1,0.2780000000000048,0.6684173125764894,196.46666666666667,181.26666666666665,9413.8,5160.166666666667,0,39,3,0,37,0,"{""process_kprobe"": 37, ""process_exit"": 40, ""process_exec"": 39}"
1774251760,normal,sw-wk3,0.09799999999999676,0.39776496077639456,0.0,0.0,3875.9333333333334,5087.666666666667,0,0,0,0,0,0,{}
1774251760,normal,sw-wk2,0.16844420743900412,0.3933036495885658,0.0,0.0,5113.451539794694,4620.883882149047,0,0,0,0,0,0,{}
1774251760,normal,k3s-wk1,0.2780000000000048,0.6684173125764894,196.46666666666667,181.26666666666665,9413.8,5160.166666666667,0,18,2,0,15,0,"{""process_kprobe"": 15, ""process_exit"": 18, ""process_exec"": 18}"
1774251770,normal,sw-wk3,0.09799999999999676,0.39776496077639456,0.0,0.0,3875.9333333333334,5087.666666666667,0,0,0,0,0,0,{}
1774251770,normal,sw-wk2,0.16844420743900412,0.3933036495885658,0.0,0.0,5113.451539794694,4620.883882149047,0,0,0,0,0,0,{}
1774251770,normal,k3s-wk1,0.32166666666666466,0.6708373360003158,195.73333333333332,180.4,9521.633333333333,8207.2,0,36,3,0,33,0,"{""process_exit"": 36, ""process_exec"": 36, ""process_kprobe"": 33}"
1774251780,normal,sw-wk3,0.09799999999999676,0.39776496077639456,0.0,0.0,3875.9333333333334,5087.666666666667,0,0,0,0,0,0,{}
1774251780,normal,sw-wk2,0.42281193047962395,0.3957786213372806,613.5484731297506,297.0062675023336,1995.6660888118415,4452.993732497666,0,0,0,0,0,0,{}
1774251780,normal,k3s-wk1,0.32166666666666466,0.6708373360003158,195.73333333333332,180.4,9521.633333333333,8207.2,0,15,2,0,11,0,"{""process_exit"": 15, ""process_exec"": 15, ""process_kprobe"": 11}"
1774251790,normal,sw-wk3,0.10400000000000653,0.3976057982894011,0.0,0.0,3949.5,5172.433333333333,0,0,0,0,0,0,{}
1774251790,normal,sw-wk2,0.42281193047962395,0.3957786213372806,613.5484731297506,297.0062675023336,1995.6660888118415,4452.993732497666,0,0,0,0,0,0,{}
1774251790,normal,k3s-wk1,0.32166666666666466,0.6708373360003158,195.73333333333332,180.4,9521.633333333333,8207.2,0,54,3,0,50,0,"{""process_exit"": 54, ""process_exec"": 54, ""process_kprobe"": 50}"
1774251800,normal,sw-wk3,0.10400000000000653,0.3976057982894011,0.0,0.0,3949.5,5172.433333333333,0,0,0,0,0,0,{}
1774251800,normal,sw-wk2,0.42281193047962395,0.3957786213372806,613.5484731297506,297.0062675023336,1995.6660888118415,4452.993732497666,0,0,0,0,0,0,{}
1774251800,normal,k3s-wk1,0.2874444444444433,0.6852245660670342,202.6,187.86666666666667,10112.5,8019.300000000002,0,77,3,0,73,0,"{""process_exit"": 78, ""process_exec"": 77, ""process_kprobe"": 73}"
1774251812,normal,sw-wk3,0.10400000000000653,0.3976057982894011,0.0,0.0,3949.5,5172.433333333333,0,0,0,0,0,0,{}
1774251812,normal,sw-wk2,0.4931111111111123,0.3926769485428704,10.466666666666667,12.6,4545.200000000001,5037.7,0,0,0,0,0,0,{}
1774251812,normal,k3s-wk1,0.2874444444444433,0.6852245660670342,202.6,187.86666666666667,10112.5,8019.3,0,40,3,0,36,0,"{""process_exec"": 40, ""process_kprobe"": 36, ""process_exit"": 39}"
1774251820,normal,sw-wk3,0.0952015909520203,0.3975321856391667,0.0,0.0,3255.3744625537447,4968.636469686364,0,0,0,0,0,0,{}
1774251820,normal,sw-wk2,0.4931111111111123,0.3926769485428704,10.466666666666667,12.6,4545.2,5037.7,0,0,0,0,0,0,{}
1774251820,normal,k3s-wk1,0.2874444444444433,0.6852245660670342,202.6,187.86666666666667,10112.5,8019.3,0,33,3,0,30,0,"{""process_exit"": 33, ""process_exec"": 33, ""process_kprobe"": 30}"
1774251830,normal,sw-wk3,0.0952015909520203,0.3975321856391667,0.0,0.0,3255.3744625537447,4968.636469686365,0,0,0,0,0,0,{}
1774251830,normal,sw-wk2,0.4931111111111123,0.3926769485428704,10.466666666666667,12.6,4545.2,5037.7,0,0,0,0,0,0,{}
1774251830,normal,k3s-wk1,0.28855555555555845,0.6888118329802213,201.66666666666666,181.26666666666665,9436.8,5752.033333333333,0,36,3,0,32,0,"{""process_exit"": 36, ""process_exec"": 36, ""process_kprobe"": 32}"
1774251840,normal,sw-wk3,0.0952015909520203,0.3975321856391667,0.0,0.0,3255.3744625537447,4968.636469686365,0,0,0,0,0,0,{}
1774251840,normal,sw-wk2,0.4042222222222235,0.39325391141033594,0.0,0.0,2456.4666666666667,4332.033333333333,0,0,0,0,0,0,{}
1774251840,normal,k3s-wk1,0.28855555555555845,0.6888118329802213,201.66666666666666,181.26666666666665,9436.8,5752.033333333333,0,33,3,0,30,0,"{""process_exit"": 33, ""process_exec"": 33, ""process_kprobe"": 30}"
1774251850,normal,sw-wk3,0.09668744652242045,0.39695920068599033,0.0,0.0,1965.3965396539652,4924.559122578924,0,0,0,0,0,0,{}
1774251850,normal,sw-wk2,0.4042222222222235,0.39325391141033594,0.0,0.0,2456.4666666666667,4332.033333333333,0,0,0,0,0,0,{}
1774251850,normal,k3s-wk1,0.28855555555555845,0.6888118329802213,201.66666666666666,181.26666666666665,9436.8,5752.033333333333,0,15,2,0,13,0,"{""process_exit"": 15, ""process_exec"": 15, ""process_kprobe"": 13}"
1774251860,normal,sw-wk3,0.09668744652242045,0.39695920068599033,0.0,0.0,1965.3965396539652,4924.559122578924,0,0,0,0,0,0,{}
1774251860,normal,sw-wk2,0.4042222222222235,0.39325391141033594,0.0,0.0,2456.4666666666667,4332.033333333333,0,0,0,0,0,0,{}
1774251860,normal,k3s-wk1,0.2841111111111079,0.6819754970983406,194.46666666666667,179.26666666666665,9540.833333333334,4199.033333333333,0,33,3,0,33,0,"{""process_exit"": 33, ""process_exec"": 33, ""process_kprobe"": 33}"
1774251870,normal,sw-wk3,0.09668744652242045,0.39695920068599033,0.0,0.0,1965.3965396539652,4924.559122578924,0,0,0,0,0,0,{}
1774251870,normal,sw-wk2,0.46822222222220566,0.3884790463002753,0.0,0.0,4994.5,4832.566666666667,0,0,0,0,0,0,{}
1774251870,normal,k3s-wk1,0.2841111111111079,0.6819754970983406,194.46666666666667,179.26666666666665,9540.833333333334,4199.033333333333,0,15,2,0,13,0,"{""process_exit"": 15, ""process_exec"": 15, ""process_kprobe"": 13}"
1774251880,normal,sw-wk3,0.09433333333333094,0.3971661119190818,0.0,0.0,3337.0666666666666,4999.633333333333,0,0,0,0,0,0,{}
1774251880,normal,sw-wk2,0.46822222222220566,0.3884790463002753,0.0,0.0,4994.5,4832.566666666667,0,0,0,0,0,0,{}
1774251880,normal,k3s-wk1,0.2841111111111079,0.6819754970983406,194.46666666666667,179.26666666666665,9540.833333333334,4199.033333333333,0,57,3,0,52,0,"{""process_exit"": 57, ""process_exec"": 57, ""process_kprobe"": 52}"
1774251890,normal,sw-wk3,0.09433333333333094,0.3971661119190818,0.0,0.0,3337.0666666666666,4999.633333333333,0,0,0,0,0,0,{}
1774251890,normal,sw-wk2,0.46822222222220566,0.3884790463002753,0.0,0.0,4994.5,4832.566666666667,0,0,0,0,0,0,{}
1774251890,normal,k3s-wk1,0.29222222222222427,0.677902646366017,191.6,176.4,9620.6,8604.433333333332,0,33,3,0,30,0,"{""process_exit"": 33, ""process_exec"": 33, ""process_kprobe"": 30}"
1774251900,normal,sw-wk3,0.09433333333333094,0.3971661119190818,0.0,0.0,3337.0666666666666,4999.633333333333,0,0,0,0,0,0,{}
1774251900,normal,sw-wk2,0.3547777777777811,0.3888212449664964,0.0,0.0,3643.733333333333,4457.266666666666,0,0,0,0,0,0,{}
1774251900,normal,k3s-wk1,0.29222222222222427,0.677902646366017,191.6,176.4,9620.6,8604.433333333332,0,12,2,0,9,0,"{""process_exit"": 12, ""process_exec"": 12, ""process_kprobe"": 9}"
1774251910,normal,sw-wk3,0.10911111111110794,0.39724768269366595,0.0,0.0,3482.0,4993.833333333333,0,0,0,0,0,0,{}
1774251910,normal,sw-wk2,0.3547777777777811,0.3888212449664964,0.0,0.0,3643.733333333333,4457.266666666666,0,0,0,0,0,0,{}
1774251910,normal,k3s-wk1,0.29222222222222427,0.677902646366017,191.6,176.4,9620.6,8604.433333333332,0,15,2,0,12,0,"{""process_exit"": 15, ""process_exec"": 15, ""process_kprobe"": 12}"
1774251920,normal,sw-wk3,0.10911111111110794,0.39724768269366595,0.0,0.0,3482.0,4993.833333333333,0,0,0,0,0,0,{}
1774251920,normal,sw-wk2,0.3547777777777811,0.3888212449664964,0.0,0.0,3643.733333333333,4457.266666666666,0,0,0,0,0,0,{}
1774251920,normal,k3s-wk1,0.30544444444444707,0.6770341224618706,194.46666666666667,179.26666666666665,9844.833333333334,11521.2,0,57,3,0,54,0,"{""process_exit"": 57, ""process_exec"": 57, ""process_kprobe"": 54}"
1774251930,normal,sw-wk3,0.10911111111110794,0.39724768269366595,0.0,0.0,3482.0,4993.833333333333,0,0,0,0,0,0,{}
1774251930,normal,sw-wk2,0.18033333333333856,0.3884690986646294,0.0,0.0,5054.366666666667,4654.633333333333,0,0,0,0,0,0,{}
1774251930,normal,k3s-wk1,0.30544444444444707,0.6770341224618706,194.46666666666667,179.26666666666665,9844.833333333334,11521.2,0,33,3,0,32,0,"{""process_kprobe"": 32, ""process_exit"": 33, ""process_exec"": 33}"
1774251945,normal,sw-wk3,0.09444444444445455,0.3973571069034739,0.0,0.0,0.0,4996.166666666667,0,0,0,0,0,0,{}
1774251945,normal,sw-wk2,0.18033333333333856,0.3884690986646294,0.0,0.0,0.0,4654.633333333333,0,0,0,0,0,0,{}
1774251945,normal,k3s-wk1,0.30544444444444707,0.6770341224618706,194.46666666666667,179.26666666666665,0.0,1324.4333333333334,0,36,3,0,33,0,"{""process_exit"": 36, ""process_exec"": 36, ""process_kprobe"": 33}"
1774251950,normal,sw-wk3,0.09444444444445455,0.3973571069034739,0.0,0.0,2764.5666666666666,4996.166666666667,0,0,0,0,0,0,{}
1774251950,normal,sw-wk2,0.18033333333333856,0.3884690986646294,0.0,0.0,5054.366666666667,4654.633333333333,0,0,0,0,0,0,{}
1774251950,normal,k3s-wk1,0.2746666666666644,0.6768012001421221,181.36666666666667,169.46666666666667,8907.7,1324.4333333333334,0,36,3,0,33,0,"{""process_exit"": 36, ""process_exec"": 36, ""process_kprobe"": 33}"
1774251960,normal,sw-wk3,0.09444444444445455,0.3973571069034739,0.0,0.0,2764.5666666666666,4996.166666666667,0,0,0,0,0,0,{}
1774251960,normal,sw-wk2,0.0837777777777875,0.388568575021089,0.0,0.0,367.8,3989.733333333333,0,0,0,0,0,0,{}
1774251960,normal,k3s-wk1,0.2746666666666644,0.6768012001421221,181.36666666666667,169.46666666666667,8907.7,1324.4333333333334,0,33,3,0,29,0,"{""process_exit"": 33, ""process_exec"": 33, ""process_kprobe"": 29}"
1774251970,normal,sw-wk3,0.10183765526741484,0.3975839134474396,0.0,0.0,2029.564695686954,4913.572428504766,0,0,0,0,0,0,{}
1774251970,normal,sw-wk2,0.0837777777777875,0.388568575021089,0.0,0.0,367.8,3989.733333333333,0,0,0,0,0,0,{}
1774251970,normal,k3s-wk1,0.2746666666666644,0.6768012001421221,181.36666666666667,169.46666666666667,8907.7,1324.4333333333334,0,81,3,0,74,0,"{""process_exit"": 81, ""process_exec"": 81, ""process_kprobe"": 74}"
1774251980,normal,sw-wk3,0.10183765526741484,0.3975839134474396,0.0,0.0,2029.564695686954,4913.572428504766,0,0,0,0,0,0,{}
1774251980,normal,sw-wk2,0.0837777777777875,0.388568575021089,0.0,0.0,367.8,3989.733333333333,0,0,0,0,0,0,{}
1774251980,normal,k3s-wk1,0.30355555555555735,0.6756300088168335,300.5333333333333,153.83333333333334,9532.033333333333,8802.6,0,36,3,0,32,0,"{""process_exit"": 36, ""process_exec"": 36, ""process_kprobe"": 32}"
1774251990,normal,sw-wk3,0.10183765526741484,0.3975839134474396,0.0,0.0,2029.564695686954,4913.572428504766,0,0,0,0,0,0,{}
1774251990,normal,sw-wk2,0.18199999999999106,0.388662082796161,0.0,0.0,4958.933333333334,4539.933333333333,0,0,0,0,0,0,{}
1774251990,normal,k3s-wk1,0.30355555555555735,0.6756300088168335,300.5333333333333,153.83333333333334,9532.033333333333,8802.6,0,41,3,0,39,0,"{""process_kprobe"": 39, ""process_exit"": 41, ""process_exec"": 41}"
1774252000,normal,sw-wk3,0.105162566393328,0.39769731671942243,0.0,0.0,2698.713247549837,4966.997799853324,0,0,0,0,0,0,{}
1774252000,normal,sw-wk2,0.18199999999999106,0.388662082796161,0.0,0.0,4958.933333333333,4539.933333333333,0,0,0,0,0,0,{}
1774252000,normal,k3s-wk1,0.30355555555555735,0.6756300088168335,300.5333333333333,153.83333333333334,9532.033333333333,8802.6,0,70,3,0,66,0,"{""process_kprobe"": 66, ""process_exit"": 70, ""process_exec"": 70}"
1774252010,normal,sw-wk3,0.105162566393328,0.39769731671942243,0.0,0.0,2698.713247549837,4966.997799853324,0,0,0,0,0,0,{}
1774252010,normal,sw-wk2,0.18199999999999106,0.388662082796161,0.0,0.0,4958.933333333333,4539.933333333333,0,0,0,0,0,0,{}
1774252010,normal,k3s-wk1,0.2761111111111102,0.6710715742653734,279.3333333333333,142.40000000000003,8925.466666666667,1284.0333333333333,0,12,2,0,10,0,"{""process_exit"": 12, ""process_exec"": 12, ""process_kprobe"": 10}"
1774252020,normal,sw-wk3,0.105162566393328,0.39769731671942243,0.0,0.0,2698.713247549837,4966.997799853324,0,0,0,0,0,0,{}
1774252020,normal,sw-wk2,0.08233333333333148,0.38864616657912743,0.0,0.0,355.56666666666666,3993.7,0,0,0,0,0,0,{}
1774252020,normal,k3s-wk1,0.2761111111111102,0.6710715742653734,279.3333333333333,142.4,8925.466666666667,1284.0333333333333,0,33,3,0,30,0,"{""process_exit"": 33, ""process_exec"": 33, ""process_kprobe"": 30}"
1774252030,normal,sw-wk3,0.09422222222221732,0.39739092893196004,4.466666666666667,6.0,1931.766666666667,4892.466666666666,0,0,0,0,0,0,{}
1774252030,normal,sw-wk2,0.0823333333333317,0.38864616657912743,0.0,0.0,355.56666666666666,3993.7,0,0,0,0,0,0,{}
1774252030,normal,k3s-wk1,0.2761111111111102,0.6710715742653734,279.3333333333333,142.4,8925.466666666667,1284.0333333333333,0,36,3,0,33,0,"{""process_exit"": 36, ""process_exec"": 36, ""process_kprobe"": 33}"
1774252040,normal,sw-wk3,0.09422222222221732,0.39739092893196004,4.466666666666667,6.0,1931.7666666666667,4892.466666666666,0,0,0,0,0,0,{}
1774252040,normal,sw-wk2,0.0823333333333317,0.38864616657912743,0.0,0.0,355.56666666666666,3993.7,0,0,0,0,0,0,{}
1774252040,normal,k3s-wk1,0.2766666666666626,0.6727744074956246,279.3333333333333,142.4,9245.266666666668,4037.0333333333333,0,33,3,0,31,0,"{""process_exit"": 33, ""process_exec"": 33, ""process_kprobe"": 31}"
1774252050,normal,sw-wk3,0.09422222222221732,0.39739092893196004,4.466666666666667,6.0,1931.7666666666667,4892.466666666666,0,0,0,0,0,0,{}
1774252050,normal,sw-wk2,0.19644444444444764,0.39006867847649973,0.0,0.0,5072.733333333334,4692.3,0,0,0,0,0,0,{}
1774252050,normal,k3s-wk1,0.2766666666666626,0.6727744074956246,279.3333333333333,142.4,9245.266666666666,4037.0333333333333,0,39,3,0,38,0,"{""process_kprobe"": 38, ""process_exit"": 40, ""process_exec"": 39}"
1774252060,normal,sw-wk3,0.09249447388005017,0.3975918715717892,0.0,0.0,2697.0908727381784,4970.142290646139,0,0,0,0,0,0,{}
1774252060,normal,sw-wk2,0.19644444444444764,0.39006867847649973,0.0,0.0,5072.733333333334,4692.3,0,0,0,0,0,0,{}
1774252060,normal,k3s-wk1,0.2766666666666626,0.6727744074956246,279.3333333333333,142.4,9245.266666666666,4037.0333333333333,0,33,3,0,30,0,"{""process_exit"": 33, ""process_exec"": 33, ""process_kprobe"": 30}"
1774252070,normal,sw-wk3,0.09249447388005017,0.3975918715717892,0.0,0.0,2697.0908727381784,4970.142290646139,0,0,0,0,0,0,{}
1774252070,normal,sw-wk2,0.19644444444444764,0.39006867847649973,0.0,0.0,5072.733333333334,4692.3,0,0,0,0,0,0,{}
1774252070,normal,k3s-wk1,0.2996666666666745,0.673428432314353,279.3333333333333,142.4,9337.266666666666,6205.933333333333,0,36,3,0,32,0,"{""process_exit"": 36, ""process_exec"": 36, ""process_kprobe"": 32}"
1774252081,normal,sw-wk3,0.09249447388005017,0.3975918715717892,0.0,0.0,2697.0908727381784,4970.142290646139,0,0,0,0,0,0,{}
1774252081,normal,sw-wk2,0.09744444444443923,0.38978218656989605,0.0,0.0,1040.1666666666667,4089.866666666667,0,0,0,0,0,0,{}
1774252081,normal,k3s-wk1,0.2996666666666745,0.673428432314353,279.3333333333333,142.4,9337.266666666666,6205.933333333333,0,26,8,0,14,0,"{""process_exit"": 24, ""process_exec"": 26, ""process_kprobe"": 14}"
1774252090,normal,sw-wk3,0.09872961888567433,0.39794003951208745,0.0,0.0,4336.534293621419,5175.185889100063,0,0,0,0,0,0,{}
1774252090,normal,sw-wk2,0.09744444444443923,0.38978218656989605,0.0,0.0,1040.1666666666667,4089.866666666667,0,0,0,0,0,0,{}
1774252090,normal,k3s-wk1,0.2996666666666745,0.673428432314353,279.3333333333333,142.4,9337.266666666666,6205.933333333333,0,36,3,0,32,0,"{""process_exit"": 36, ""process_exec"": 36, ""process_kprobe"": 32}"
1774252100,normal,sw-wk3,0.09872961888567433,0.39794003951208745,0.0,0.0,4336.534293621419,5175.185889100063,0,0,0,0,0,0,{}
1774252100,normal,sw-wk2,0.09744444444443923,0.38978218656989605,0.0,0.0,1040.1666666666667,4089.866666666667,0,0,0,0,0,0,{}
1774252100,normal,k3s-wk1,0.36088888888888404,0.680812201444908,126334.02684500001,1418.0333333333335,10542.5,9765.366666666667,0,36,3,0,33,0,"{""process_exit"": 36, ""process_exec"": 36, ""process_kprobe"": 33}"
1774252110,normal,sw-wk3,0.09872961888567433,0.39794003951208745,0.0,0.0,4336.534293621419,5175.185889100063,0,0,0,0,0,0,{}
1774252110,normal,sw-wk2,0.16022222222223315,0.39060982985563986,0.0,0.0,7143.566666666667,5342.466666666668,0,0,0,0,0,0,{}
1774252110,normal,k3s-wk1,0.36088888888888404,0.680812201444908,143388.96666666667,1418.0333333333333,10542.5,9765.366666666667,0,15,2,0,15,0,"{""process_kprobe"": 15, ""process_exit"": 15, ""process_exec"": 15}"
1774252120,normal,sw-wk3,0.09677777777777818,0.3968060067922591,0.0,0.0,5338.2,5682.633333333333,0,0,0,0,0,0,{}
1774252120,normal,sw-wk2,0.16022222222223315,0.39060982985563986,0.0,0.0,7143.566666666667,5342.466666666666,0,0,0,0,0,0,{}
1774252120,normal,k3s-wk1,0.36088888888888404,0.680812201444908,143388.96666666667,1418.0333333333333,10542.5,9765.366666666667,0,18,2,0,15,0,"{""process_exit"": 18, ""process_exec"": 18, ""process_kprobe"": 15}"
1774252130,normal,sw-wk3,0.09677777777777818,0.3968060067922591,0.0,0.0,5338.2,5682.633333333333,0,0,0,0,0,0,{}
1774252130,normal,sw-wk2,0.16022222222223315,0.39060982985563986,0.0,0.0,7143.566666666667,5342.466666666666,0,0,0,0,0,0,{}
1774252130,normal,k3s-wk1,0.2848888888888925,0.6807108736560908,283.8,148.4,9837.566666666666,7940.133333333333,0,36,3,0,33,0,"{""process_exit"": 36, ""process_exec"": 36, ""process_kprobe"": 33}"
1774252140,normal,sw-wk3,0.09677777777777818,0.3968060067922591,0.0,0.0,5338.2,5682.633333333333,0,0,0,0,0,0,{}
1774252140,normal,sw-wk2,0.06755555555554471,0.3904725524837257,0.0,0.0,381.96666666666664,4217.233333333334,0,0,0,0,0,0,{}
1774252140,normal,k3s-wk1,0.2848888888888925,0.6807108736560908,283.8,148.4,9837.566666666666,7940.133333333333,0,60,3,0,53,0,"{""process_exit"": 60, ""process_exec"": 60, ""process_kprobe"": 53}"
1774252150,normal,sw-wk3,0.0884757208227751,0.3971521852014699,0.0,0.0,1987.3717179794749,5124.783419965347,0,0,0,0,0,0,{}
1774252150,normal,sw-wk2,0.06755555555554471,0.3904725524837257,0.0,0.0,381.96666666666664,4217.233333333334,0,0,0,0,0,0,{}
1774252150,normal,k3s-wk1,0.2848888888888925,0.6807108736560908,283.8,148.4,9837.566666666666,7940.133333333333,0,30,3,0,28,0,"{""process_exit"": 30, ""process_exec"": 30, ""process_kprobe"": 28}"
1774252160,normal,sw-wk3,0.0884757208227751,0.3971521852014699,0.0,0.0,1987.3717179794749,5124.783419965347,0,0,0,0,0,0,{}
1774252160,normal,sw-wk2,0.06755555555554471,0.3904725524837257,0.0,0.0,381.96666666666664,4217.233333333334,0,0,0,0,0,0,{}
1774252160,normal,k3s-wk1,0.2944444444444444,0.6804371570317538,279.3333333333333,142.40000000000003,9726.166666666666,4381.6,0,81,3,0,75,0,"{""process_exit"": 81, ""process_exec"": 81, ""process_kprobe"": 75}"
1774252170,normal,sw-wk3,0.0884757208227751,0.3971521852014699,0.0,0.0,1987.3717179794749,5124.783419965347,0,0,0,0,0,0,{}
1774252170,normal,sw-wk2,0.1773333333333338,0.39364783778191603,0.0,0.0,4730.933333333333,4839.5,0,0,0,0,0,0,{}
1774252170,normal,k3s-wk1,0.2944444444444444,0.6804371570317538,279.3333333333333,142.4,9726.166666666666,4381.6,0,33,3,0,32,0,"{""process_kprobe"": 32, ""process_exit"": 33, ""process_exec"": 33}"
1774252180,normal,sw-wk3,0.09852830020896863,0.3973829708076103,0.0,0.0,2944.0776310524207,5124.549819927971,0,0,0,0,0,0,{}
1774252180,normal,sw-wk2,0.1773333333333338,0.39364783778191603,0.0,0.0,4730.933333333333,4839.5,0,0,0,0,0,0,{}
1774252180,normal,k3s-wk1,0.2944444444444444,0.6804371570317538,279.3333333333333,142.4,9726.166666666666,4381.6,0,36,3,0,32,0,"{""process_exit"": 36, ""process_exec"": 36, ""process_kprobe"": 32}"
1774252190,normal,sw-wk3,0.09852830020896863,0.3973829708076103,0.0,0.0,2944.0776310524207,5124.549819927971,0,0,0,0,0,0,{}
1774252190,normal,sw-wk2,0.1773333333333338,0.39364783778191603,0.0,0.0,4730.933333333333,4839.5,0,0,0,0,0,0,{}
1774252190,normal,k3s-wk1,0.28877777777777536,0.6794436183232224,279.3333333333333,142.4,9502.933333333334,6936.533333333333,0,54,3,0,50,0,"{""process_exit"": 54, ""process_exec"": 54, ""process_kprobe"": 50}"
1774252200,normal,sw-wk3,0.09852830020896863,0.3973829708076103,0.0,0.0,2944.0776310524207,5124.549819927971,0,0,0,0,0,0,{}
1774252200,normal,sw-wk2,0.1266666666666726,0.3931007178213882,0.0,0.0,1431.3666666666666,4217.833333333333,0,0,0,0,0,0,{}
1774252200,normal,k3s-wk1,0.28877777777777536,0.6794436183232224,279.3333333333333,142.4,9502.933333333332,6936.533333333333,0,60,3,0,55,0,"{""process_exit"": 60, ""process_exec"": 60, ""process_kprobe"": 55}"
1774252210,normal,sw-wk3,0.11162212002044758,0.39761375641375085,0.0,0.0,4387.155902152903,5131.27374525095,0,0,0,0,0,0,{}
1774252210,normal,sw-wk2,0.1266666666666727,0.3931007178213882,0.0,0.0,1431.3666666666666,4217.833333333333,0,0,0,0,0,0,{}
1774252210,normal,k3s-wk1,0.28877777777777536,0.6794436183232224,279.3333333333333,142.4,9502.933333333332,6936.533333333333,0,16,3,0,13,0,"{""process_exit"": 18, ""process_exec"": 16, ""process_kprobe"": 13}"
1774252220,normal,sw-wk3,0.11162212002044758,0.39761375641375085,0.0,0.0,4387.155902152903,5131.27374525095,0,0,0,0,0,0,{}
1774252220,normal,sw-wk2,0.1266666666666727,0.3931007178213882,0.0,0.0,1431.3666666666666,4217.833333333333,0,0,0,0,0,0,{}
1774252220,normal,k3s-wk1,0.3437777777777784,0.6773631087891987,279.3333333333333,142.4,10017.533333333333,11457.9,0,102,3,0,97,0,"{""process_exit"": 102, ""process_exec"": 102, ""process_kprobe"": 97}"
1774252230,normal,sw-wk3,0.11162212002044758,0.39761375641375085,0.0,0.0,4387.155902152903,5131.27374525095,0,0,0,0,0,0,{}
1774252230,normal,sw-wk2,0.20533333333332848,0.3888868993617597,0.0,0.0,5499.733333333334,4709.7,0,0,0,0,0,0,{}
1774252230,normal,k3s-wk1,0.3437777777777784,0.6773631087891987,279.3333333333333,142.4,10017.533333333333,11457.9,0,36,3,0,33,0,"{""process_exit"": 36, ""process_exec"": 36, ""process_kprobe"": 33}"
1774252240,normal,sw-wk3,0.10537663088173188,0.3976057982894011,0.0,0.0,2758.184970327399,4930.052677202107,0,0,0,0,0,0,{}
1774252240,normal,sw-wk2,0.20533333333332848,0.3888868993617597,0.0,0.0,5499.733333333334,4709.7,0,0,0,0,0,0,{}
1774252240,normal,k3s-wk1,0.3437777777777784,0.6773631087891987,279.3333333333333,142.4,10017.533333333333,11457.9,0,15,2,0,12,0,"{""process_exit"": 15, ""process_exec"": 15, ""process_kprobe"": 12}"
1774252250,normal,sw-wk3,0.10537663088173188,0.3976057982894011,0.0,0.0,2758.184970327399,4930.052677202107,0,0,0,0,0,0,{}
1774252250,normal,sw-wk2,0.20533333333332848,0.3888868993617597,0.0,0.0,5499.733333333334,4709.7,0,0,0,0,0,0,{}
1774252250,normal,k3s-wk1,0.28166666666666573,0.679605479596268,279.3333333333333,142.4,8890.433333333332,1315.6333333333332,0,15,2,0,12,0,"{""process_exit"": 15, ""process_exec"": 15, ""process_kprobe"": 12}"
1774252260,normal,sw-wk3,0.10537663088173188,0.3976057982894011,0.0,0.0,2758.184970327399,4930.052677202107,0,0,0,0,0,0,{}
1774252260,normal,sw-wk2,0.07500000000001006,0.3889883652453485,0.0,0.0,374.9333333333334,3980.6666666666665,0,0,0,0,0,0,{}
1774252260,normal,k3s-wk1,0.28166666666666573,0.679605479596268,279.3333333333333,142.4,8890.433333333332,1315.6333333333332,0,33,3,0,29,0,"{""process_exit"": 33, ""process_exec"": 33, ""process_kprobe"": 29}"
1774252270,normal,sw-wk3,0.13233333333333175,0.3980733380949444,0.0,0.0,2024.8999999999999,4927.2,0,0,0,0,0,0,{}
1774252270,normal,sw-wk2,0.07500000000001006,0.3889883652453485,0.0,0.0,374.93333333333334,3980.6666666666665,0,0,0,0,0,0,{}
1774252270,normal,k3s-wk1,0.28166666666666573,0.679605479596268,279.3333333333333,142.4,8890.433333333332,1315.6333333333332,0,42,3,0,36,0,"{""process_exit"": 42, ""process_exec"": 42, ""process_kprobe"": 36}"
1774252280,normal,sw-wk3,0.13233333333333175,0.3980733380949444,0.0,0.0,2024.8999999999999,4927.2,0,0,0,0,0,0,{}
1774252280,normal,sw-wk2,0.07500000000001006,0.3889883652453485,0.0,0.0,374.93333333333334,3980.6666666666665,0,0,0,0,0,0,{}
1774252280,normal,k3s-wk1,0.29544444444444606,0.6765064283928359,279.3333333333333,142.4,9570.7,8770.0,0,57,3,0,54,0,"{""process_exit"": 57, ""process_exec"": 57, ""process_kprobe"": 54}"
1774252290,normal,sw-wk3,0.13233333333333175,0.3980733380949444,0.0,0.0,2024.8999999999999,4927.2,0,0,0,0,0,0,{}
1774252290,normal,sw-wk2,0.1857777777777705,0.3897006159575992,0.0,0.0,4952.966666666666,4597.333333333333,0,0,0,0,0,0,{}
1774252290,normal,k3s-wk1,0.29544444444444606,0.6765064283928359,279.3333333333333,142.4,9570.7,8770.0,0,15,2,0,14,0,"{""process_kprobe"": 14, ""process_exit"": 15, ""process_exec"": 15}"
1774252300,normal,sw-wk3,0.11400000000000243,0.3980594113773325,0.0,0.0,2632.0333333333333,4904.666666666667,0,0,0,0,0,0,{}
1774252300,normal,sw-wk2,0.1857777777777705,0.3897006159575992,0.0,0.0,4952.966666666666,4597.333333333333,0,0,0,0,0,0,{}
1774252300,normal,k3s-wk1,0.29544444444444606,0.6765064283928359,279.3333333333333,142.4,9570.7,8770.0,0,36,3,0,34,0,"{""process_exit"": 36, ""process_exec"": 36, ""process_kprobe"": 34}"
1774252311,normal,sw-wk3,0.11400000000000243,0.3980594113773325,0.0,0.0,2632.0333333333333,4904.666666666667,0,0,0,0,0,0,{}
1774252311,normal,sw-wk2,0.1857777777777705,0.3897006159575992,0.0,0.0,4952.966666666666,4597.333333333333,0,0,0,0,0,0,{}
1774252311,normal,k3s-wk1,0.2888200803742015,0.6754957823952836,467.85031952039003,235.02865801436195,8681.20429540813,1121.1871664800053,0,54,3,0,51,0,"{""process_kprobe"": 51, ""process_exit"": 54, ""process_exec"": 54}"
1774252320,normal,sw-wk3,0.11400000000000243,0.3980594113773325,0.0,0.0,2632.0333333333333,4904.666666666667,0,0,0,0,0,0,{}
1774252320,normal,sw-wk2,0.11799999999999888,0.3899294115774563,0.0,0.0,363.6,3962.5333333333333,0,0,0,0,0,0,{}
1774252320,normal,k3s-wk1,0.28882008037420137,0.6754957823952836,467.85031952039003,235.02865801436195,8681.20429540813,1121.1871664800053,0,33,3,0,29,0,"{""process_exit"": 33, ""process_exec"": 33, ""process_kprobe"": 29}"
1774252330,normal,sw-wk3,0.13088888888888606,0.39763365172462506,5.133333333333333,5.0,2044.3333333333333,4927.933333333333,0,0,0,0,0,0,{}
1774252330,normal,sw-wk2,0.11799999999999888,0.3899294115774563,0.0,0.0,363.6,3962.5333333333333,0,0,0,0,0,0,{}
1774252330,normal,k3s-wk1,0.28882008037420137,0.6754957823952836,467.85031952039003,235.02865801436195,8681.20429540813,1121.1871664800053,0,57,3,0,52,0,"{""process_exit"": 57, ""process_exec"": 57, ""process_kprobe"": 52}"
1774252340,normal,sw-wk3,0.13088888888888606,0.39763365172462506,5.133333333333333,5.0,2044.3333333333333,4927.933333333333,0,0,0,0,0,0,{}
1774252340,normal,sw-wk2,0.11799999999999888,0.3899294115774563,0.0,0.0,363.6,3962.5333333333333,0,0,0,0,0,0,{}
1774252340,normal,k3s-wk1,0.3201682687068146,0.6793712413312103,275.94324200614665,141.6334270581312,10299.221866213302,8828.254757078403,0,56,3,0,53,0,"{""process_exit"": 57, ""process_exec"": 56, ""process_kprobe"": 53}"
1774252350,normal,sw-wk3,0.13088888888888606,0.39763365172462506,5.133333333333333,5.0,2044.3333333333333,4927.933333333333,0,0,0,0,0,0,{}
1774252350,normal,sw-wk2,0.1925555555555647,0.3876792563943402,9.6,11.0,5029.666666666667,4586.766666666666,0,0,0,0,0,0,{}
1774252350,normal,k3s-wk1,0.32016826870681436,0.6793712413312103,275.94324200614665,141.6334270581312,10299.221866213302,8828.254757078403,0,13,2,0,12,0,"{""process_exec"": 13, ""process_kprobe"": 12, ""process_exit"": 13}"
1774252360,normal,sw-wk3,0.1381111111111144,0.39730140003302616,0.0,0.0,2712.4333333333334,4930.7,0,0,0,0,0,0,{}
1774252360,normal,sw-wk2,0.1925555555555648,0.3876792563943402,9.6,11.0,5029.666666666667,4586.766666666666,0,0,0,0,0,0,{}
1774252360,normal,k3s-wk1,0.32016826870681436,0.6793712413312103,275.94324200614665,141.6334270581312,10299.221866213302,8828.254757078403,0,36,3,0,32,0,"{""process_exit"": 36, ""process_exec"": 36, ""process_kprobe"": 32}"
