timestamp,label,node,avg_cpu,avg_mem,net_bytes_in,net_bytes_out,net_internal_bytes_in,net_internal_bytes_out,net_drop_rate,last_successful_scrape_age_sec,exec_count,unique_process_count,tmp_exec_count,outbound_connect_count,mining_port_count,syscall_feature_vector
1776405641,normal,k3s-wk1,0.2552340312041962,0.6307894110037331,0.0,0.0,9022.102947059608,5123.349779970663,0.0,0,0,0,0,0,0,{}
1776405641,normal,sw-wk3,0.16066666666669738,0.406013863934656,213.66666666666666,205.6666666666667,2717.366666666667,5063.166666666667,0.0,0,0,0,0,0,0,{}
1776405641,normal,sw-wk2,0.1858888888888941,0.27881576767715377,117.6,104.0,4984.9,4203.4,0.0,0,0,0,0,0,0,{}
1776405651,normal,k3s-wk1,0.30166666666664244,0.6571840115232266,417.93333333333334,201.63333333333333,9041.266666666666,5465.333333333333,0.0,0,57,3,0,50,0,"{""process_exit"": 57, ""process_exec"": 57, ""process_kprobe"": 50}"
1776405651,normal,sw-wk3,0.16066666666669738,0.406013863934656,213.66666666666666,205.66666666666666,2717.366666666667,5063.166666666667,0.0,0,0,0,0,0,0,{}
1776405651,normal,sw-wk2,0.1858888888888941,0.27881576767715377,117.6,104.0,4984.9,4203.4,0.0,0,0,0,0,0,0,{}
1776405661,normal,k3s-wk1,0.30166666666664244,0.6571840115232266,417.93333333333334,201.63333333333333,9041.266666666666,5465.333333333333,0.0,0,15,2,0,10,0,"{""process_exit"": 15, ""process_exec"": 15, ""process_kprobe"": 10}"
1776405661,normal,sw-wk3,0.16066666666669738,0.406013863934656,213.66666666666666,205.66666666666666,2717.366666666667,5063.166666666667,0.0,0,1,1,0,0,0,"{""process_exit"": 5, ""process_exec"": 1}"
1776405661,normal,sw-wk2,0.10588888888888615,0.2843237509079093,78.33333333333333,68.2,628.8666666666667,3644.366666666667,0.0,0,0,0,0,0,0,{}
1776405671,normal,k3s-wk1,0.30166666666664244,0.6571840115232266,417.93333333333334,201.63333333333333,9041.266666666666,5465.333333333333,0.0,0,33,3,0,28,0,"{""process_exit"": 33, ""process_exec"": 33, ""process_kprobe"": 28}"
1776405671,normal,sw-wk3,0.25566666666664883,0.41908297972654407,226.26666666666665,203.2,2286.7,5907.466666666666,0.0,0,0,0,0,0,0,{}
1776405671,normal,sw-wk2,0.10588888888888615,0.2843237509079093,78.33333333333333,68.2,628.8666666666667,3644.366666666667,0.0,0,106,7,0,0,0,"{""process_exec"": 106, ""process_exit"": 106}"
1776405681,normal,k3s-wk1,0.30715730062435587,0.6616158480487389,327.5114992333844,167.78881407906138,33957.402839810675,11370.141990533964,0.0,0,39,3,0,32,0,"{""process_exit"": 39, ""process_exec"": 39, ""process_kprobe"": 32}"
1776405681,normal,sw-wk3,0.25566666666664883,0.41908297972654407,226.26666666666665,203.2,2286.7,5907.466666666666,0.0,0,1,1,0,0,0,"{""process_exit"": 3, ""process_exec"": 1}"
1776405681,normal,sw-wk2,0.10588888888888615,0.2843237509079093,78.33333333333333,68.2,628.8666666666667,3644.366666666667,0.0,0,0,0,0,0,0,{}
1776405691,normal,k3s-wk1,0.30715730062435587,0.6616158480487389,327.5114992333844,167.78881407906138,33957.402839810675,11370.141990533964,0.0,0,12,2,0,8,0,"{""process_exit"": 12, ""process_exec"": 12, ""process_kprobe"": 8}"
1776405691,normal,sw-wk3,0.25566666666664883,0.41908297972654407,226.26666666666665,203.2,2286.7,5907.466666666666,0.0,0,0,0,0,0,0,{}
1776405691,normal,sw-wk2,0.21766666666667833,0.2792729079857793,116.06666666666669,100.86666666666666,7056.833333333333,27928.8,0.0,0,0,0,0,0,0,{}
1776405701,normal,k3s-wk1,0.30715730062435587,0.6616158480487389,327.5114992333844,167.78881407906138,33957.402839810675,11370.141990533964,0.0,0,33,3,0,28,0,"{""process_exit"": 33, ""process_exec"": 33, ""process_kprobe"": 28}"
1776405701,normal,sw-wk3,0.19116176764649662,0.39471596773576967,213.62394187829102,200.69319469439444,4106.478704259149,5730.820502566154,0.0,0,0,0,0,0,0,{}
1776405701,normal,sw-wk2,0.21766666666667833,0.2792729079857793,116.06666666666666,100.86666666666666,7056.833333333333,27928.8,0.0,0,0,0,0,0,0,{}
1776405711,normal,k3s-wk1,0.2552836855790742,0.6562007895125996,327.55517034468966,167.81118741249418,9280.485365691047,2742.782852190146,0.0,0,36,3,0,30,0,"{""process_exit"": 37, ""process_exec"": 36, ""process_kprobe"": 30}"
1776405711,normal,sw-wk3,0.1911617676464965,0.39471596773576967,213.62394187829102,200.6931946943945,4106.478704259149,5730.820502566154,0.0,0,1,1,0,0,0,"{""process_exit"": 3, ""process_exec"": 1}"
1776405711,normal,sw-wk2,0.21766666666667833,0.2792729079857793,116.06666666666666,100.86666666666666,7056.833333333333,27928.8,0.0,0,0,0,0,0,0,{}
1776405721,normal,k3s-wk1,0.2552836855790742,0.6562007895125996,327.55517034468966,167.81118741249418,9280.485365691047,2742.782852190146,0.0,0,18,2,0,12,0,"{""process_exit"": 18, ""process_exec"": 18, ""process_kprobe"": 12}"
1776405721,normal,sw-wk3,0.1911617676464965,0.39471596773576967,213.62394187829102,200.6931946943945,4106.478704259149,5730.820502566154,0.0,0,0,0,0,0,0,{}
1776405721,normal,sw-wk2,0.11388888888887883,0.2778552951820279,113.16666666666667,98.0,1041.4666666666667,3670.633333333333,0.0,0,0,0,0,0,0,{}
1776405731,normal,k3s-wk1,0.2552836855790742,0.6562007895125996,327.55517034468966,167.81118741249418,9280.485365691047,2742.782852190146,0.0,0,39,3,0,32,0,"{""process_exit"": 39, ""process_exec"": 39, ""process_kprobe"": 32}"
1776405731,normal,sw-wk3,0.1562756995843808,0.40148068860940145,149.16316596652663,130.55944522237783,3928.7524171500963,7113.689404547576,0.0,0,1,1,0,0,0,"{""process_exit"": 9, ""process_exec"": 1}"
1776405731,normal,sw-wk2,0.11388888888887883,0.2778552951820279,113.16666666666667,98.0,1041.4666666666667,3670.633333333333,0.0,0,2,2,0,0,0,"{""process_exec"": 2}"
1776405741,normal,k3s-wk1,0.29888888888886467,0.656909702741846,331.5333333333333,172.4,11292.733333333334,6683.866666666667,0.0,0,36,3,0,30,0,"{""process_exit"": 36, ""process_exec"": 36, ""process_kprobe"": 30}"
1776405741,normal,sw-wk3,0.1562756995843808,0.40148068860940145,149.16316596652663,130.5594452223778,3928.7524171500963,7113.689404547576,0.0,0,0,0,0,0,0,{}
1776405741,normal,sw-wk2,0.11388888888887883,0.2778552951820279,113.16666666666667,98.0,1041.4666666666667,3670.633333333333,0.0,0,104,5,0,0,0,"{""process_exit"": 106, ""process_exec"": 104}"
1776405751,normal,k3s-wk1,0.29888888888886467,0.656909702741846,331.5333333333333,172.4,11292.733333333334,6683.866666666667,0.0,0,30,3,0,26,0,"{""process_exit"": 30, ""process_exec"": 30, ""process_kprobe"": 26}"
1776405751,normal,sw-wk3,0.1562756995843808,0.40148068860940145,149.16316596652663,130.5594452223778,3928.7524171500963,7113.689404547576,0.0,0,1,1,0,0,0,"{""process_exit"": 7, ""process_exec"": 1}"
1776405751,normal,sw-wk2,0.20288888888889123,0.2838490895421588,116.0,100.86666666666666,5550.766666666666,27898.733333333334,0.0,0,0,0,0,0,0,{}
1776405762,normal,k3s-wk1,0.29888888888886467,0.656909702741846,331.5333333333333,172.4,11292.733333333334,6683.866666666667,0.0,0,21,2,0,14,0,"{""process_exit"": 21, ""process_exec"": 21, ""process_kprobe"": 14}"
1776405762,normal,sw-wk3,0.15055555555554756,0.40462014348152964,223.66666666666666,195.8,2995.0666666666666,6256.5,0.0,0,0,0,0,0,0,{}
1776405762,normal,sw-wk2,0.20288888888889123,0.2838490895421588,116.0,100.86666666666666,5550.766666666666,27898.733333333334,0.0,0,0,0,0,0,0,{}
1776405771,normal,k3s-wk1,0.2941111111111645,0.6547592573569503,325.5333333333333,165.8,33579.8,6777.0,0.0,0,30,3,0,26,0,"{""process_exit"": 30, ""process_exec"": 30, ""process_kprobe"": 26}"
1776405771,normal,sw-wk3,0.15055555555554756,0.40462014348152964,223.66666666666666,195.8,2995.0666666666666,6256.5,0.0,0,1,1,0,0,0,"{""process_exit"": 5, ""process_exec"": 1}"
1776405771,normal,sw-wk2,0.20288888888889123,0.2838490895421588,116.0,100.86666666666666,5550.766666666666,27898.733333333334,0.0,0,0,0,0,0,0,{}
1776405781,normal,k3s-wk1,0.2941111111111645,0.6547592573569503,325.5333333333333,165.8,33579.8,6777.0,0.0,0,12,2,0,8,0,"{""process_exit"": 12, ""process_exec"": 12, ""process_kprobe"": 8}"
1776405781,normal,sw-wk3,0.15055555555554756,0.40462014348152964,223.66666666666666,195.8,2995.0666666666666,6256.5,0.0,0,0,0,0,0,0,{}
1776405781,normal,sw-wk2,0.12133333333332397,0.2783203996075283,113.2,98.0,693.8,3631.2,0.0,0,0,0,0,0,0,{}
1776405791,normal,k3s-wk1,0.2941111111111645,0.6547592573569503,325.5333333333333,165.8,33579.8,6777.0,0.0,0,63,3,0,54,0,"{""process_exit"": 63, ""process_exec"": 63, ""process_kprobe"": 54}"
1776405791,normal,sw-wk3,0.1626666666667007,0.4041375179989042,228.26666666666665,204.26666666666665,2230.5,5844.966666666666,0.0,0,0,0,0,0,0,{}
1776405791,normal,sw-wk2,0.12133333333332397,0.2783203996075283,113.2,98.0,693.8,3631.2,0.0,0,2,2,0,0,0,"{""process_exec"": 2}"
1776405801,normal,k3s-wk1,0.2861111111110707,0.6573217303352776,325.5333333333333,165.8,33605.0,5838.566666666667,0.0,0,18,2,0,12,0,"{""process_exit"": 18, ""process_exec"": 18, ""process_kprobe"": 12}"
1776405801,normal,sw-wk3,0.1626666666667007,0.4041375179989042,228.26666666666665,204.26666666666665,2230.5,5844.966666666666,0.0,0,0,0,0,0,0,{}
1776405801,normal,sw-wk2,0.12133333333332397,0.2783203996075283,113.2,98.0,693.8,3631.2,0.0,0,104,5,0,0,0,"{""process_exit"": 106, ""process_exec"": 104}"
1776405811,normal,k3s-wk1,0.2861111111110707,0.6573217303352776,325.5333333333333,165.8,33605.0,5838.566666666667,0.0,0,36,3,0,30,0,"{""process_exit"": 36, ""process_exec"": 36, ""process_kprobe"": 30}"
1776405811,normal,sw-wk3,0.1626666666667007,0.4041375179989042,228.26666666666665,204.26666666666665,2230.5,5844.966666666666,0.0,0,1,1,0,0,0,"{""process_exit"": 3, ""process_exec"": 1}"
1776405811,normal,sw-wk2,0.20688888888890788,0.2856378301922856,78.33333333333333,68.2,5386.833333333333,27857.666666666668,0.0,0,0,0,0,0,0,{}
1776405821,normal,k3s-wk1,0.2861111111110707,0.6573217303352776,325.5333333333333,165.8,33605.0,5838.566666666667,0.0,0,12,2,0,8,0,"{""process_exit"": 12, ""process_exec"": 12, ""process_kprobe"": 8}"
1776405821,normal,sw-wk3,0.16411111111107557,0.3992794067051493,226.26666666666665,198.26666666666665,2884.633333333333,5655.033333333333,0.0,0,0,0,0,0,0,{}
1776405821,normal,sw-wk2,0.20688888888890788,0.2856378301922856,78.33333333333333,68.2,5386.833333333333,27857.666666666668,0.0,0,0,0,0,0,0,{}
1776405831,normal,k3s-wk1,0.3222222222222223,0.6594631449783996,325.5333333333333,165.8,12113.466666666667,8759.966666666667,0.0,0,9,2,0,6,0,"{""process_exit"": 9, ""process_exec"": 9, ""process_kprobe"": 6}"
1776405831,normal,sw-wk3,0.16411111111107557,0.3992794067051493,226.26666666666665,198.26666666666665,2884.633333333333,5655.033333333333,0.0,0,0,0,0,0,0,{}
1776405831,normal,sw-wk2,0.20688888888890788,0.2856378301922856,78.33333333333333,68.2,5386.833333333333,27857.666666666668,0.0,0,12,10,2,2,0,"{""process_exec"": 12, ""process_exit"": 12, ""process_kprobe"": 2}"
1776405841,normal,k3s-wk1,0.3222222222222223,0.6594631449783996,325.5333333333333,165.8,12113.466666666667,8759.966666666667,0.0,0,18,2,0,12,0,"{""process_exit"": 18, ""process_exec"": 18, ""process_kprobe"": 12}"
1776405841,normal,sw-wk3,0.16411111111107557,0.3992794067051493,226.26666666666665,198.26666666666665,2884.633333333333,5655.033333333333,0.0,0,0,0,0,0,0,{}
1776405841,normal,sw-wk2,0.15599999999998948,0.28174974833390676,115.33333333333333,114.8,2494.7,6540.133333333333,0.0,0,0,0,0,2,0,"{""process_kprobe"": 2}"
1776405851,normal,k3s-wk1,0.3222222222222223,0.6594631449783996,325.5333333333333,165.8,12113.466666666667,8759.966666666667,0.0,0,15,2,0,10,0,"{""process_exit"": 15, ""process_exec"": 15, ""process_kprobe"": 10}"
1776405851,normal,sw-wk3,0.16399999999998227,0.3997859245383998,226.2666666666667,203.2,4064.366666666667,6382.2,0.0,0,1,1,0,0,0,"{""process_exit"": 7, ""process_exec"": 1}"
1776405851,normal,sw-wk2,0.15599999999998948,0.28174974833390676,115.33333333333333,114.8,2494.7,6540.133333333333,0.0,0,106,7,0,2,0,"{""process_kprobe"": 2, ""process_exec"": 106, ""process_exit"": 104}"
1776405861,normal,k3s-wk1,0.2847777777777891,0.6580487050480718,325.5333333333333,165.8,34743.46666666667,6187.1,0.0,0,60,3,0,52,0,"{""process_exit"": 60, ""process_exec"": 60, ""process_kprobe"": 52}"
1776405861,normal,sw-wk3,0.16399999999998227,0.3997859245383998,226.26666666666665,203.2,4064.366666666667,6382.2,0.0,0,0,0,0,0,0,{}
1776405861,normal,sw-wk2,0.15599999999998948,0.28174974833390676,115.33333333333333,114.8,2494.7,6540.133333333333,0.0,0,0,0,0,1,0,"{""process_exit"": 2, ""process_kprobe"": 1}"
1776405871,normal,k3s-wk1,0.2847777777777891,0.6580487050480718,325.5333333333333,165.8,34743.46666666667,6187.1,0.0,0,12,2,0,8,0,"{""process_exit"": 12, ""process_exec"": 12, ""process_kprobe"": 8}"
1776405871,normal,sw-wk3,0.16399999999998227,0.3997859245383998,226.26666666666665,203.2,4064.366666666667,6382.2,0.0,0,0,0,0,0,0,{}
1776405871,normal,sw-wk2,0.2777777777777676,0.2766224498897766,128.2,122.6,5462.633333333333,28467.366666666665,0.0,0,0,0,0,1,0,"{""process_kprobe"": 1}"
1776405881,normal,k3s-wk1,0.2847777777777891,0.6580487050480718,325.5333333333333,165.8,34743.46666666667,6187.1,0.0,0,36,3,0,30,0,"{""process_exit"": 36, ""process_exec"": 36, ""process_kprobe"": 30}"
1776405881,normal,sw-wk3,0.15044444444445415,0.40261955732252763,149.2,130.53333333333333,2870.3333333333335,5170.100000000001,0.0,0,0,0,0,0,0,{}
1776405881,normal,sw-wk2,0.2777777777777676,0.2766224498897766,128.2,122.6,5462.633333333333,28467.366666666665,0.0,0,0,0,0,1,0,"{""process_kprobe"": 1}"
1776405891,normal,k3s-wk1,0.30177777777777604,0.6605727973738602,323.4,163.8,10001.066666666666,5349.2,0.0,0,33,3,0,28,0,"{""process_exit"": 33, ""process_exec"": 33, ""process_kprobe"": 28}"
1776405891,normal,sw-wk3,0.15044444444445415,0.40261955732252763,149.2,130.53333333333333,2870.3333333333335,5170.1,0.0,0,1,1,0,0,0,"{""process_exit"": 3, ""process_exec"": 1}"
1776405891,normal,sw-wk2,0.2777777777777676,0.2766224498897766,128.2,122.6,5462.633333333333,28467.366666666665,0.0,0,0,0,0,1,0,"{""process_kprobe"": 1}"
1776405901,normal,k3s-wk1,0.30177777777777626,0.6605727973738602,323.4,163.8,10001.066666666666,5349.2,0.0,0,36,3,0,30,0,"{""process_exit"": 36, ""process_exec"": 36, ""process_kprobe"": 30}"
1776405901,normal,sw-wk3,0.15044444444445415,0.40261955732252763,149.2,130.53333333333333,2870.3333333333335,5170.1,0.0,0,0,0,0,0,0,{}
1776405901,normal,sw-wk2,0.1151700997711328,0.28156498082240655,119.1253916405573,112.7924805012999,679.7213519098726,4183.654423038464,0.0,0,0,0,0,1,0,"{""process_kprobe"": 1}"
1776405912,normal,k3s-wk1,0.30177777777777626,0.6605727973738602,323.4,163.8,10001.066666666666,5349.2,0.0,0,60,3,0,52,0,"{""process_exit"": 60, ""process_exec"": 60, ""process_kprobe"": 52}"
1776405912,normal,sw-wk3,0.1528888888889115,0.40298749952215296,223.73333333333338,193.33333333333334,2267.9,6635.233333333334,0.0,0,1,1,0,0,0,"{""process_exit"": 7, ""process_exec"": 1}"
1776405912,normal,sw-wk2,0.1151700997711328,0.28156498082240655,119.1253916405573,112.7924805012999,679.7213519098726,4183.654423038464,0.0,0,76,5,0,0,0,"{""process_exec"": 76, ""process_exit"": 74}"
1776405921,normal,k3s-wk1,0.32133333333335434,0.6423374720470321,325.5333333333333,165.8,27525.399999999998,9324.633333333333,0.0,0,14,2,0,10,0,"{""process_exit"": 14, ""process_exec"": 14, ""process_kprobe"": 10}"
1776405921,normal,sw-wk3,0.1528888888889115,0.40298749952215296,223.73333333333332,193.33333333333334,2267.9,6635.233333333334,0.0,0,0,0,0,0,0,{}
1776405921,normal,sw-wk2,0.1151700997711328,0.28156498082240655,119.1253916405573,112.7924805012999,679.7213519098726,4183.654423038464,0.0,0,0,0,0,0,0,{}
1776405931,normal,k3s-wk1,0.32133333333335434,0.6423374720470321,325.5333333333333,165.8,27525.399999999998,9324.633333333333,0.0,0,55,3,0,48,0,"{""process_exit"": 55, ""process_exec"": 55, ""process_kprobe"": 48}"
1776405931,normal,sw-wk3,0.1528888888889115,0.40298749952215296,223.73333333333332,193.33333333333334,2267.9,6635.233333333334,0.0,0,0,0,0,0,0,{}
1776405931,normal,sw-wk2,0.20294686312421306,0.28431260114428436,124.20828055203681,117.67451163410895,5260.184012267485,21316.687779185282,0.0,0,0,0,0,1,0,"{""process_kprobe"": 1}"
1776405941,normal,k3s-wk1,0.32133333333335434,0.6423374720470321,325.5333333333333,165.8,27525.399999999998,9324.633333333333,0.0,0,33,3,0,28,0,"{""process_exit"": 33, ""process_exec"": 33, ""process_kprobe"": 28}"
1776405941,normal,sw-wk3,0.16472235184320727,0.400029626514775,223.78508099460035,190.85394307046195,2963.5690953936405,5305.379641357243,0.0,0,0,0,0,0,0,{}
1776405941,normal,sw-wk2,0.20294686312421306,0.28431260114428436,124.20828055203681,117.67451163410895,5260.184012267485,21316.687779185282,0.0,0,0,0,0,1,0,"{""process_kprobe"": 1}"
1776405951,normal,k3s-wk1,0.2780721927806864,0.6480561892753168,323.3676632336766,163.78362163783623,11459.287404592875,3482.6517348265174,0.0,0,70,3,0,59,0,"{""process_exit"": 70, ""process_exec"": 70, ""process_kprobe"": 59}"
1776405951,normal,sw-wk3,0.16472235184320727,0.400029626514775,223.78508099460035,190.85394307046195,2963.5690953936405,5305.379641357243,0.0,0,1,1,0,0,0,"{""process_exit"": 15, ""process_exec"": 1}"
1776405951,normal,sw-wk2,0.20294686312421306,0.28431260114428436,124.20828055203681,117.67451163410895,5260.184012267485,21316.687779185282,0.0,0,0,0,0,1,0,"{""process_kprobe"": 1}"
1776405961,normal,k3s-wk1,0.2780721927806864,0.6480561892753168,323.36766323367664,163.78362163783623,11459.287404592875,3482.6517348265174,0.0,0,29,2,0,25,0,"{""process_kprobe"": 25, ""process_exit"": 29, ""process_exec"": 29}"
1776405961,normal,sw-wk3,0.16472235184320727,0.400029626514775,223.78508099460035,190.85394307046195,2963.5690953936405,5305.379641357243,0.0,0,0,0,0,0,0,{}
1776405961,normal,sw-wk2,0.16175049161749688,0.28750461918778747,122.12112122121121,112.72206112722061,1637.136286371363,4127.187281271873,0.0,0,0,0,0,1,0,"{""process_kprobe"": 1}"
1776405972,normal,k3s-wk1,0.2780721927806864,0.6480561892753168,323.36766323367664,163.78362163783623,11459.287404592875,3482.6517348265174,0.0,0,36,3,0,30,0,"{""process_exit"": 36, ""process_exec"": 36, ""process_kprobe"": 30}"
1776405972,normal,sw-wk3,0.15538813698688747,0.39934949093364935,223.74824988332557,205.6803786919128,2961.264084272285,7243.98293219548,0.0,0,0,0,0,0,0,{}
1776405972,normal,sw-wk2,0.16175049161749688,0.28750461918778747,122.12112122121121,112.72206112722061,1637.136286371363,4127.187281271873,0.0,0,106,7,0,0,0,"{""process_exec"": 106, ""process_exit"": 108}"
1776405981,normal,k3s-wk1,0.32271004878264786,0.6496625324683387,325.56588992232554,165.8165816581658,34057.072373904055,14234.456779011234,0.0,0,60,3,0,52,0,"{""process_exit"": 60, ""process_exec"": 60, ""process_kprobe"": 52}"
1776405981,normal,sw-wk3,0.15538813698688747,0.39934949093364935,223.74824988332557,205.6803786919128,2961.264084272285,7243.98293219548,0.0,0,1,1,0,0,0,"{""process_exit"": 5, ""process_exec"": 1}"
1776405981,normal,sw-wk2,0.16175049161749688,0.28750461918778747,122.12112122121121,112.72206112722061,1637.136286371363,4127.187281271873,0.0,0,0,0,0,0,0,{}
1776405991,normal,k3s-wk1,0.322710048782648,0.6496625324683387,325.56588992232554,165.8165816581658,34057.072373904055,14234.456779011234,0.0,0,18,2,0,12,0,"{""process_exit"": 18, ""process_exec"": 18, ""process_kprobe"": 12}"
1776405991,normal,sw-wk3,0.15538813698688747,0.39934949093364935,223.74824988332557,205.6803786919128,2961.264084272285,7243.98293219548,0.0,0,0,0,0,0,0,{}
1776405991,normal,sw-wk2,0.22424808061953827,0.2834859258126585,81.4639512016266,70.2643245225159,9094.930168994368,28575.58081397286,0.0,0,0,0,0,0,0,{}
1776406002,normal,k3s-wk1,0.322710048782648,0.6496625324683387,325.56588992232554,165.8165816581658,34057.072373904055,14234.456779011234,0.0,0,60,3,0,52,0,"{""process_exit"": 60, ""process_exec"": 60, ""process_kprobe"": 52}"
1776406002,normal,sw-wk3,0.16533333333334466,0.40010289639002505,149.2,133.0,4943.5,6053.233333333334,0.0,0,1,1,0,0,0,"{""process_exit"": 7, ""process_exec"": 1}"
1776406002,normal,sw-wk2,0.22424808061953827,0.2834859258126585,81.4639512016266,70.2643245225159,9094.930168994366,28575.58081397286,0.0,0,0,0,0,0,0,{}
1776406011,normal,k3s-wk1,0.26727107081753343,0.6432021655718774,327.84481034597695,169.78868075461637,10565.66228918072,2772.6151589894007,0.0,0,30,3,0,26,0,"{""process_exit"": 31, ""process_exec"": 30, ""process_kprobe"": 26}"
1776406011,normal,sw-wk3,0.16533333333334466,0.40010289639002505,149.2,133.0,4943.5,6053.233333333334,0.0,0,0,0,0,0,0,{}
1776406011,normal,sw-wk2,0.22424808061953827,0.2834859258126585,81.4639512016266,70.2643245225159,9094.930168994366,28575.58081397286,0.0,0,0,0,0,0,0,{}
1776406021,normal,k3s-wk1,0.26727107081753343,0.6432021655718774,327.84481034597695,169.78868075461637,10565.66228918072,2772.6151589894007,0.0,0,15,2,0,10,0,"{""process_exit"": 15, ""process_exec"": 15, ""process_kprobe"": 10}"
1776406021,normal,sw-wk3,0.16533333333334466,0.40010289639002505,149.2,133.0,4943.5,6053.233333333334,0.0,0,0,0,0,0,0,{}
1776406021,normal,sw-wk2,0.11738560348467342,0.28718286886603717,116.04106940462698,100.87339155943731,704.4802986865792,3668.7779185279023,0.0,0,0,0,0,0,0,{}
1776406032,normal,k3s-wk1,0.26727107081753343,0.6432021655718774,327.84481034597695,169.78868075461637,10565.66228918072,2772.6151589894007,0.0,0,36,3,0,30,0,"{""process_exit"": 36, ""process_exec"": 36, ""process_kprobe"": 30}"
1776406032,normal,sw-wk3,0.15233333333332366,0.4026609707302776,208.6,195.8,3959.0666666666666,6407.566666666667,0.0,0,0,0,0,0,0,{}
1776406032,normal,sw-wk2,0.11738560348467342,0.28718286886603717,116.04106940462698,100.87339155943731,704.4802986865792,3668.7779185279023,0.0,0,2,2,0,0,0,"{""process_exec"": 2}"
1776406041,normal,k3s-wk1,0.28006311531878925,0.6348430852174659,325.55503700246686,165.81105407027135,33069.53796919795,7755.017001133409,0.0,0,18,2,0,12,0,"{""process_exit"": 18, ""process_exec"": 18, ""process_kprobe"": 12}"
1776406041,normal,sw-wk3,0.15233333333332366,0.4026609707302776,208.6,195.8,3959.0666666666666,6407.566666666667,0.0,0,1,1,0,0,0,"{""process_exit"": 5, ""process_exec"": 1}"
1776406041,normal,sw-wk2,0.11738560348467342,0.28718286886603717,116.04106940462698,100.87339155943731,704.4802986865792,3668.7779185279023,0.0,0,104,5,0,0,0,"{""process_exit"": 106, ""process_exec"": 104}"
1776406052,normal,k3s-wk1,0.28006311531878925,0.6348430852174659,325.55503700246686,165.81105407027135,33069.53796919795,7755.017001133409,0.0,0,33,3,0,28,0,"{""process_exit"": 33, ""process_exec"": 33, ""process_kprobe"": 28}"
1776406052,normal,sw-wk3,0.15233333333332366,0.4026609707302776,208.6,195.8,3959.0666666666666,6407.566666666667,0.0,0,0,0,0,0,0,{}
1776406052,normal,sw-wk2,0.18927928528569538,0.28349707557628345,113.20754716981133,98.00653376891793,5574.171611440763,27759.783985599042,0.0,0,0,0,0,0,0,{}
1776406062,normal,k3s-wk1,0.28006311531878925,0.6348430852174659,325.55503700246686,165.81105407027135,33069.53796919795,7755.017001133409,0.0,0,57,3,0,50,0,"{""process_exit"": 57, ""process_exec"": 57, ""process_kprobe"": 50}"
1776406062,normal,sw-wk3,0.15244444444445737,0.4024985027460275,213.66666666666666,193.33333333333334,2917.5666666666666,5893.6,0.0,0,1,1,0,0,0,"{""process_exit"": 7, ""process_exec"": 1}"
1776406062,normal,sw-wk2,0.18927928528569538,0.28349707557628345,113.20754716981133,98.00653376891793,5574.171611440763,27759.783985599042,0.0,0,0,0,0,0,0,{}
1776406072,normal,k3s-wk1,0.31777777777780203,0.6331961036864617,325.5333333333333,165.8,10844.133333333333,7726.666666666667,0.0,0,63,3,0,54,0,"{""process_exit"": 63, ""process_exec"": 63, ""process_kprobe"": 54}"
1776406072,normal,sw-wk3,0.15244444444445737,0.4024985027460275,213.66666666666666,193.33333333333334,2917.5666666666666,5893.6,0.0,0,148,4,0,0,0,"{""process_exec"": 148, ""process_exit"": 77}"
1776406072,normal,sw-wk2,0.18927928528569538,0.28349707557628345,113.20754716981133,98.00653376891793,5574.171611440763,27759.783985599042,0.0,0,0,0,0,0,0,{}
1776406082,normal,k3s-wk1,0.31777777777780203,0.6331961036864617,325.5333333333333,165.8,10844.133333333333,7726.666666666667,0.0,0,57,3,0,50,0,"{""process_exit"": 57, ""process_exec"": 57, ""process_kprobe"": 50}"
1776406082,normal,sw-wk3,0.15244444444445737,0.4024985027460275,213.66666666666666,193.33333333333334,2917.5666666666666,5893.6,0.0,0,148,4,0,0,0,"{""process_exit"": 81, ""process_exec"": 148}"
1776406082,normal,sw-wk2,0.12144444444443758,0.2832326668960332,116.06666666666666,100.86666666666666,1009.6666666666666,3618.4333333333334,0.0,0,0,0,0,0,0,{}
1776406092,normal,k3s-wk1,0.31777777777780203,0.6331961036864617,325.5333333333333,165.8,10844.133333333333,7726.666666666667,0.0,0,54,3,0,48,0,"{""process_exit"": 54, ""process_exec"": 54, ""process_kprobe"": 48}"
1776406092,normal,sw-wk3,0.2268888888888695,0.40756527390190755,816.9,485.23333333333335,5671.566666666667,57155.799999999996,0.0,0,147,4,0,0,0,"{""process_exit"": 78, ""process_exec"": 147}"
1776406092,normal,sw-wk2,0.12144444444443758,0.2832326668960332,116.06666666666666,100.86666666666666,1009.6666666666666,3618.4333333333334,0.0,0,2,2,0,0,0,"{""process_exec"": 2}"
1776406102,normal,k3s-wk1,0.32464560280846433,0.6430260661072875,323.35688574856687,163.7781629116118,75134.31542461006,5653.912811625117,0.0,0,33,3,0,28,0,"{""process_exit"": 33, ""process_exec"": 33, ""process_kprobe"": 28}"
1776406102,normal,sw-wk3,0.2268888888888695,0.40756527390190755,816.9,485.23333333333335,5671.566666666667,57155.799999999996,0.0,0,147,4,0,0,0,"{""process_exit"": 78, ""process_exec"": 147}"
1776406102,normal,sw-wk2,0.12144444444443758,0.2832326668960332,116.06666666666666,100.86666666666666,1009.6666666666666,3618.4333333333334,0.0,0,104,5,0,0,0,"{""process_exit"": 106, ""process_exec"": 104}"
1776406112,normal,k3s-wk1,0.32464560280846433,0.6430260661072875,323.35688574856687,163.7781629116118,75134.31542461006,5653.912811625117,0.0,0,15,2,0,10,0,"{""process_exit"": 15, ""process_exec"": 15, ""process_kprobe"": 10}"
1776406112,normal,sw-wk3,0.2268888888888695,0.40756527390190755,816.9,485.23333333333335,5671.566666666667,57155.799999999996,0.0,0,197,4,0,0,0,"{""process_exit"": 109, ""process_exec"": 197}"
1776406112,normal,sw-wk2,0.19372041863876066,0.2811253615709062,113.1257916138924,97.99346710219318,4758.249450036664,27787.18085460969,0.0,0,0,0,0,0,0,{}
1776406122,normal,k3s-wk1,0.32464560280846433,0.6430260661072875,323.35688574856687,163.7781629116118,75134.31542461006,5653.912811625117,0.0,0,33,3,0,28,0,"{""process_exit"": 33, ""process_exec"": 33, ""process_kprobe"": 28}"
1776406122,normal,sw-wk3,0.22727373730636946,0.41604227990366605,157.12285847610158,141.5905606292914,3682.454503033131,77276.38157456169,0.0,0,196,4,0,0,0,"{""process_exit"": 104, ""process_exec"": 196}"
1776406122,normal,sw-wk2,0.19372041863876066,0.2811253615709062,113.1257916138924,97.99346710219318,4758.249450036664,27787.18085460969,0.0,0,0,0,0,0,0,{}
1776406132,normal,k3s-wk1,0.34973442673959587,0.6383075035304556,325.55503700246686,165.81105407027135,111509.73398226549,7335.355690379359,0.0,0,12,2,0,8,0,"{""process_exit"": 12, ""process_exec"": 12, ""process_kprobe"": 8}"
1776406132,normal,sw-wk3,0.22727373730636946,0.41604227990366605,157.12285847610158,141.5905606292914,3682.454503033131,77276.38157456169,0.0,0,148,4,0,0,0,"{""process_exit"": 83, ""process_exec"": 148}"
1776406132,normal,sw-wk2,0.19372041863876066,0.2811253615709062,113.1257916138924,97.99346710219318,4758.249450036664,27787.18085460969,0.0,0,0,0,0,0,0,{}
1776406142,normal,k3s-wk1,0.34973442673959587,0.6383075035304556,325.55503700246686,165.81105407027135,111509.73398226549,7335.355690379359,0.0,0,36,3,0,30,0,"{""process_exit"": 36, ""process_exec"": 36, ""process_kprobe"": 30}"
1776406142,normal,sw-wk3,0.22727373730636946,0.41604227990366605,157.12285847610158,141.5905606292914,3682.454503033131,77276.38157456169,0.0,0,245,4,0,0,0,"{""process_exit"": 130, ""process_exec"": 245}"
1776406142,normal,sw-wk2,0.13716469986888413,0.2907778712234158,78.23854923661578,68.20454696979799,717.1478098539903,3686.945796386426,0.0,0,0,0,0,0,0,{}
1776406152,normal,k3s-wk1,0.34973442673959587,0.6383075035304556,325.55503700246686,165.81105407027135,111509.73398226549,7335.355690379359,0.0,0,57,3,0,50,0,"{""process_exit"": 57, ""process_exec"": 57, ""process_kprobe"": 50}"
1776406152,normal,sw-wk3,0.19650198902155658,0.41388241140716386,203.68024534968998,188.41256083738918,3282.718847923195,85451.79678645244,0.0,0,147,4,0,0,0,"{""process_exit"": 78, ""process_exec"": 147}"
1776406152,normal,sw-wk2,0.13716469986888413,0.2907778712234158,78.23854923661578,68.20454696979799,717.1478098539903,3686.945796386426,0.0,0,2,2,0,0,0,"{""process_exec"": 2}"
1776406163,normal,k3s-wk1,0.29317510056225327,0.6401463883241539,325.55503700246686,165.81105407027135,105605.30702046804,5986.032402160145,0.0,0,15,2,0,10,0,"{""process_exit"": 15, ""process_exec"": 15, ""process_kprobe"": 10}"
1776406163,normal,sw-wk3,0.19650198902155658,0.41388241140716386,203.68024534968998,188.41256083738918,3282.718847923195,85451.79678645244,0.0,0,246,4,0,0,0,"{""process_exit"": 141, ""process_exec"": 246}"
1776406163,normal,sw-wk2,0.13716469986888413,0.2907778712234158,78.23854923661578,68.20454696979799,717.1478098539903,3686.945796386426,0.0,0,104,5,0,0,0,"{""process_exit"": 106, ""process_exec"": 104}"
1776406172,normal,k3s-wk1,0.29317510056225327,0.6401463883241539,325.55503700246686,165.81105407027135,105605.30702046804,5986.032402160145,0.0,0,60,3,0,52,0,"{""process_exit"": 60, ""process_exec"": 60, ""process_kprobe"": 52}"
1776406172,normal,sw-wk3,0.19650198902155658,0.41388241140716386,203.68024534968998,188.41256083738918,3282.718847923195,85451.79678645244,0.0,0,147,4,0,0,0,"{""process_exit"": 78, ""process_exec"": 147}"
1776406172,normal,sw-wk2,0.21177777777777218,0.28507397071753504,116.06666666666666,100.86666666666666,5353.733333333334,27823.733333333334,0.0,0,0,0,0,0,0,{}
1776406182,normal,k3s-wk1,0.29317510056225327,0.6401463883241539,325.55503700246686,165.81105407027135,105605.30702046804,5986.032402160145,0.0,0,15,2,0,10,0,"{""process_exit"": 15, ""process_exec"": 15, ""process_kprobe"": 10}"
1776406182,normal,sw-wk3,0.2005555555555475,0.4127833632784128,213.66666666666666,198.26666666666665,3876.9666666666667,92811.56666666667,0.0,0,243,4,0,0,0,"{""process_exit"": 127, ""process_exec"": 243}"
1776406182,normal,sw-wk2,0.21177777777777218,0.28507397071753504,116.06666666666666,100.86666666666666,5353.733333333334,27823.733333333334,0.0,0,0,0,0,0,0,{}
1776406192,normal,k3s-wk1,0.3093333333333349,0.6552288559291899,325.5333333333333,165.8,117952.63333333336,7346.133333333333,0.0,0,78,3,0,70,0,"{""process_exit"": 78, ""process_exec"": 78, ""process_kprobe"": 70}"
1776406192,normal,sw-wk3,0.2005555555555475,0.4127833632784128,213.66666666666666,198.26666666666665,3876.9666666666667,92811.56666666667,0.0,0,149,4,0,0,0,"{""process_exit"": 81, ""process_exec"": 149}"
1776406192,normal,sw-wk2,0.21177777777777218,0.28507397071753504,116.06666666666666,100.86666666666666,5353.733333333334,27823.733333333334,0.0,0,0,0,0,0,0,{}
1776406207,normal,k3s-wk1,0.3093333333333349,0.6552288559291899,325.5333333333333,165.8,117952.63333333333,7346.133333333333,0.0,0,18,2,0,12,0,"{""process_exit"": 18, ""process_exec"": 18, ""process_kprobe"": 12}"
1776406207,normal,sw-wk3,0.2005555555555475,0.4127833632784128,213.66666666666666,198.26666666666665,4728.966666666666,84190.4,0.0,0,196,4,0,0,0,"{""process_exit"": 104, ""process_exec"": 196}"
1776406207,normal,sw-wk2,0.11311111111111438,0.2763182206251513,116.06666666666666,100.86666666666666,934.9666666666667,3648.0333333333333,0.0,0,0,0,0,0,0,{}
1776406213,normal,k3s-wk1,0.3093333333333349,0.6552288559291899,325.5333333333333,165.8,117952.63333333333,7346.133333333333,0.0,0,33,3,0,28,0,"{""process_exit"": 33, ""process_exec"": 33, ""process_kprobe"": 28}"
1776406213,normal,sw-wk3,0.20999999999997576,0.4134284567452884,213.66666666666666,198.26666666666665,4728.966666666666,84190.4,0.0,0,197,4,0,0,0,"{""process_exit"": 121, ""process_exec"": 197}"
1776406213,normal,sw-wk2,0.11311111111111438,0.2763182206251513,116.06666666666666,100.86666666666666,934.9666666666667,3648.0333333333333,0.0,0,106,7,0,0,0,"{""process_exec"": 106, ""process_exit"": 106}"
1776406222,normal,k3s-wk1,0.3304444444444622,0.6493464565062543,520.8333333333335,274.8333333333333,114424.3,12304.1,0.0,0,36,3,0,30,0,"{""process_exit"": 36, ""process_exec"": 36, ""process_kprobe"": 30}"
1776406222,normal,sw-wk3,0.20999999999997576,0.4134284567452884,213.66666666666666,198.26666666666665,4728.966666666666,84190.4,0.0,0,245,4,0,0,0,"{""process_exit"": 130, ""process_exec"": 245}"
1776406222,normal,sw-wk2,0.11311111111111438,0.2763182206251513,116.06666666666666,100.86666666666666,934.9666666666667,3648.0333333333333,0.0,0,0,0,0,0,0,{}
1776406232,normal,k3s-wk1,0.3304444444444622,0.6493464565062543,520.8333333333334,274.8333333333333,114424.3,12304.1,0.0,0,12,2,0,8,0,"{""process_exit"": 12, ""process_exec"": 12, ""process_kprobe"": 8}"
1776406232,normal,sw-wk3,0.20999999999997576,0.4134284567452884,213.66666666666666,198.26666666666665,4728.966666666666,84190.4,0.0,0,0,0,0,0,0,"{""process_exit"": 2}"
1776406232,normal,sw-wk2,0.20044444444443388,0.28187398855715684,120.53333333333333,106.86666666666666,5545.766666666666,27786.433333333334,0.0,0,0,0,0,0,0,{}
1776406242,normal,k3s-wk1,0.3304444444444622,0.6493464565062543,520.8333333333334,274.8333333333333,114424.3,12304.1,0.0,0,51,3,0,46,0,"{""process_exit"": 51, ""process_exec"": 51, ""process_kprobe"": 46}"
1776406242,normal,sw-wk3,0.21955555555557815,0.4103320081042854,213.66666666666666,198.26666666666665,5996.5,72460.83333333333,0.0,0,1,1,0,0,0,"{""process_exit"": 3, ""process_exec"": 1}"
1776406242,normal,sw-wk2,0.20044444444443388,0.28187398855715684,120.53333333333333,106.86666666666666,5545.766666666666,27786.433333333334,0.0,0,0,0,0,0,0,{}
1776406253,normal,k3s-wk1,0.2764444444444153,0.6533177252013009,853.5666666666666,443.1333333333333,38339.1,4843.433333333333,0.0,0,36,3,0,30,0,"{""process_exit"": 36, ""process_exec"": 36, ""process_kprobe"": 30}"
1776406253,normal,sw-wk3,0.21955555555557815,0.4103320081042854,213.66666666666666,198.26666666666665,5996.5,72460.83333333333,0.0,0,0,0,0,0,0,{}
1776406253,normal,sw-wk2,0.20044444444443388,0.28187398855715684,120.53333333333333,106.86666666666666,5545.766666666666,27786.433333333334,0.0,0,0,0,0,0,0,{}
1776406263,normal,k3s-wk1,0.2764444444444153,0.6533177252013009,853.5666666666666,443.1333333333333,38339.1,4843.433333333333,0.0,0,36,3,0,30,0,"{""process_exit"": 36, ""process_exec"": 36, ""process_kprobe"": 30}"
1776406263,normal,sw-wk3,0.21955555555557815,0.4103320081042854,213.66666666666666,198.26666666666665,5996.5,72460.83333333333,0.0,0,0,0,0,0,0,{}
1776406263,normal,sw-wk2,0.12244444444444935,0.2803608063509053,113.2,98.0,962.5333333333333,3650.4333333333334,0.0,0,0,0,0,0,0,{}
1776406273,normal,k3s-wk1,0.2764444444444153,0.6533177252013009,853.5666666666666,443.1333333333333,38339.1,4843.433333333333,0.0,0,15,2,0,10,0,"{""process_exit"": 15, ""process_exec"": 15, ""process_kprobe"": 10}"
1776406273,normal,sw-wk3,0.1565555555555168,0.40693610866878194,149.2,135.46666666666667,2430.8333333333335,5725.733333333334,0.0,0,1,1,0,0,0,"{""process_exit"": 5, ""process_exec"": 1}"
1776406273,normal,sw-wk2,0.12244444444444935,0.2803608063509053,113.2,98.0,962.5333333333333,3650.4333333333334,0.0,0,2,2,0,0,0,"{""process_exec"": 2}"
1776406283,normal,k3s-wk1,0.2845555555555216,0.65113792990564,672.8333333333334,357.7,33598.066666666666,4982.933333333333,0.0,0,60,3,0,52,0,"{""process_exit"": 60, ""process_exec"": 60, ""process_kprobe"": 52}"
1776406283,normal,sw-wk3,0.1565555555555168,0.40693610866878194,149.2,135.46666666666667,2430.8333333333335,5725.733333333334,0.0,0,0,0,0,0,0,{}
1776406283,normal,sw-wk2,0.12244444444444935,0.2803608063509053,113.2,98.0,962.5333333333333,3650.4333333333334,0.0,0,104,5,0,0,0,"{""process_exit"": 106, ""process_exec"": 104}"
1776406293,normal,k3s-wk1,0.2845555555555216,0.65113792990564,672.8333333333334,357.7,33598.066666666666,4982.933333333333,0.0,0,81,3,0,72,0,"{""process_exit"": 81, ""process_exec"": 81, ""process_kprobe"": 72}"
1776406293,normal,sw-wk3,0.1565555555555168,0.40693610866878194,149.2,135.46666666666667,2430.8333333333335,5725.733333333334,0.0,0,0,0,0,0,0,{}
1776406293,normal,sw-wk2,0.23155555555554708,0.28030983600290527,118.89999999999999,103.73333333333333,6673.366666666667,27990.33333333334,0.0,0,0,0,0,0,0,{}
1776406303,normal,k3s-wk1,0.2845555555555216,0.65113792990564,672.8333333333334,357.7,33598.066666666666,4982.933333333333,0.0,0,57,3,0,50,0,"{""process_exit"": 57, ""process_exec"": 57, ""process_kprobe"": 50}"
1776406303,normal,sw-wk3,0.1511111111111353,0.40525727283153024,218.73333333333332,198.26666666666665,3996.9666666666676,5881.466666666666,0.0,0,0,0,0,0,0,{}
1776406303,normal,sw-wk2,0.23155555555554708,0.28030983600290527,118.89999999999999,103.73333333333333,6673.366666666667,27990.333333333332,0.0,0,0,0,0,0,0,{}
1776406313,normal,k3s-wk1,0.28566666666669727,0.6561793415008867,669.8333333333334,354.7,9247.033333333333,9215.333333333334,0.0,0,36,3,0,30,0,"{""process_exit"": 37, ""process_exec"": 36, ""process_kprobe"": 30}"
1776406313,normal,sw-wk3,0.1511111111111353,0.40525727283153024,218.73333333333332,198.26666666666665,3996.9666666666667,5881.466666666666,0.0,0,1,1,0,0,0,"{""process_exit"": 3, ""process_exec"": 1}"
1776406313,normal,sw-wk2,0.23155555555554708,0.28030983600290527,118.89999999999999,103.73333333333333,6673.366666666667,27990.333333333332,0.0,0,0,0,0,0,0,{}
1776406323,normal,k3s-wk1,0.2856666666666974,0.6561793415008867,669.8333333333334,354.7,9247.033333333333,9215.333333333334,0.0,0,36,3,0,30,0,"{""process_exit"": 36, ""process_exec"": 36, ""process_kprobe"": 30}"
1776406323,normal,sw-wk3,0.1511111111111353,0.40525727283153024,218.73333333333332,198.26666666666665,3996.9666666666667,5881.466666666666,0.0,0,0,0,0,0,0,{}
1776406323,normal,sw-wk2,0.11605892940472218,0.2767323547026518,116.05892940470635,100.85994267048864,1311.6125591627224,3669.488700753283,0.0,0,6,5,0,2,1,"{""process_exec"": 6, ""process_exit"": 6, ""process_kprobe"": 2}"
1776406333,normal,k3s-wk1,0.2856666666666974,0.6561793415008867,669.8333333333334,354.7,9247.033333333333,9215.333333333334,0.0,0,54,3,0,48,0,"{""process_exit"": 54, ""process_exec"": 54, ""process_kprobe"": 48}"
1776406333,normal,sw-wk3,0.18399999999997407,0.4085018540464085,223.2,208.66666666666666,4140.833333333333,5706.1,0.0,0,0,0,0,0,0,{}
1776406333,normal,sw-wk2,0.11605892940472218,0.2767323547026518,116.05892940470635,100.85994267048864,1311.6125591627224,3669.488700753283,0.0,0,7,5,0,2,2,"{""process_exit"": 7, ""process_exec"": 7, ""process_kprobe"": 2}"
1776406343,normal,k3s-wk1,0.3115555555555246,0.6580125820809763,673.8333333333335,359.3,13891.1,10217.8,0.0,0,15,2,0,10,0,"{""process_exit"": 15, ""process_exec"": 15, ""process_kprobe"": 10}"
1776406343,normal,sw-wk3,0.18399999999997407,0.4085018540464085,223.2,208.66666666666666,4140.833333333333,5706.1,0.0,0,1,1,0,0,0,"{""process_exit"": 9, ""process_exec"": 1}"
1776406343,normal,sw-wk2,0.11605892940472218,0.2767323547026518,116.05892940470635,100.85994267048864,1311.6125591627224,3669.488700753283,0.0,0,106,7,0,1,0,"{""process_exit"": 108, ""process_exec"": 106, ""process_kprobe"": 1}"
1776406353,normal,k3s-wk1,0.31155555555552483,0.6580125820809763,673.8333333333334,359.3,13891.1,10217.8,0.0,0,36,3,0,30,0,"{""process_exit"": 36, ""process_exec"": 36, ""process_kprobe"": 30}"
1776406353,normal,sw-wk3,0.18399999999997407,0.4085018540464085,223.2,208.66666666666666,4140.833333333333,5706.1,0.0,0,0,0,0,0,0,{}
1776406353,normal,sw-wk2,0.2347267595617497,0.2854419129171605,86.40576038402561,104.74031602106808,7336.455763717581,33016.80112007468,0.0,0,6,5,0,3,2,"{""process_exit"": 8, ""process_exec"": 6, ""process_kprobe"": 3}"
1776406363,normal,k3s-wk1,0.31155555555552483,0.6580125820809763,673.8333333333334,359.3,13891.1,10217.8,0.0,0,15,2,0,10,0,"{""process_exit"": 15, ""process_exec"": 15, ""process_kprobe"": 10}"
1776406363,normal,sw-wk3,0.19444444444448494,0.40880449048765877,223.73333333333332,196.33333333333334,4505.6,6644.099999999999,0.0,0,1,1,0,0,0,"{""process_exit"": 3, ""process_exec"": 1}"
1776406363,normal,sw-wk2,0.2347267595617497,0.2854419129171605,86.40576038402561,104.74031602106808,7336.455763717581,33016.80112007468,0.0,0,5,4,0,3,2,"{""process_exit"": 7, ""process_exec"": 5, ""process_kprobe"": 3}"
1776406373,normal,k3s-wk1,0.29695919296960493,0.6542975606837627,667.7665566776656,352.66473352664735,38622.104456221045,6804.086258040863,0.0,0,36,3,0,30,0,"{""process_exit"": 36, ""process_exec"": 36, ""process_kprobe"": 30}"
1776406373,normal,sw-wk3,0.19444444444448494,0.40880449048765877,223.73333333333332,196.33333333333334,4505.6,6644.099999999999,0.0,0,0,0,0,0,0,{}
1776406373,normal,sw-wk2,0.2347267595617497,0.2854419129171605,86.40576038402561,104.74031602106808,7336.455763717581,33016.80112007468,0.0,0,1,1,0,0,0,"{""process_exit"": 1, ""process_exec"": 1}"
1776406383,normal,k3s-wk1,0.29695919296960493,0.6542975606837627,667.7665566776656,352.66473352664735,38622.104456221045,6804.086258040863,0.0,0,57,3,0,50,0,"{""process_exit"": 57, ""process_exec"": 57, ""process_kprobe"": 50}"
1776406383,normal,sw-wk3,0.19444444444448494,0.40880449048765877,223.73333333333332,196.33333333333334,4505.6,6644.099999999999,0.0,0,0,0,0,0,0,{}
1776406383,normal,sw-wk2,0.12277777777777976,0.2860694853269111,149.06666666666666,142.96666666666667,868.8333333333334,7849.3,0.0,0,6,5,0,3,2,"{""process_exit"": 8, ""process_exec"": 6, ""process_kprobe"": 3}"
1776406393,normal,k3s-wk1,0.29695919296960493,0.6542975606837627,667.7665566776656,352.66473352664735,38622.104456221045,6804.086258040863,0.0,0,57,3,0,50,0,"{""process_exit"": 57, ""process_exec"": 57, ""process_kprobe"": 50}"
1776406393,normal,sw-wk3,0.16344444444443473,0.40722918816978226,181.63333333333333,166.0,2418.366666666667,5738.466666666666,0.0,0,0,0,0,0,0,{}
1776406393,normal,sw-wk2,0.12277777777777976,0.2860694853269111,149.06666666666666,142.96666666666667,868.8333333333334,7849.3,0.0,0,112,11,0,3,2,"{""process_exec"": 112, ""process_exit"": 114, ""process_kprobe"": 3}"
1776406403,normal,k3s-wk1,0.3023746819126486,0.6539837424071216,667.9001233456679,352.7352735273527,37183.41834183418,9643.997733106644,0.0,0,81,3,0,72,0,"{""process_exit"": 81, ""process_exec"": 81, ""process_kprobe"": 72}"
1776406403,normal,sw-wk3,0.16344444444443473,0.40722918816978226,181.63333333333333,166.0,2418.366666666667,5738.466666666666,0.0,0,1,1,0,0,0,"{""process_exit"": 9, ""process_exec"": 1}"
1776406403,normal,sw-wk2,0.12277777777777976,0.2860694853269111,149.06666666666666,142.96666666666667,868.8333333333334,7849.3,0.0,0,6,5,0,3,2,"{""process_exit"": 8, ""process_exec"": 6, ""process_kprobe"": 3}"
1776406413,normal,k3s-wk1,0.3023746819126486,0.6539837424071216,667.9001233456679,352.7352735273527,37183.41834183418,9643.997733106644,0.0,0,13,2,0,8,0,"{""process_exit"": 13, ""process_exec"": 13, ""process_kprobe"": 8}"
1776406413,normal,sw-wk3,0.16344444444443473,0.40722918816978226,181.63333333333333,166.0,2418.366666666667,5738.466666666666,0.0,0,0,0,0,0,0,{}
1776406413,normal,sw-wk2,0.20933333333333493,0.28373122061240874,153.2,149.9,5411.166666666667,32743.533333333333,0.0,0,3,3,0,1,1,"{""process_exit"": 5, ""process_exec"": 3, ""process_kprobe"": 1}"
1776406423,normal,k3s-wk1,0.3023746819126486,0.6539837424071216,667.9001233456679,352.7352735273527,37183.41834183418,9643.997733106644,0.0,0,38,3,0,32,0,"{""process_kprobe"": 32, ""process_exit"": 38, ""process_exec"": 38}"
1776406423,normal,sw-wk3,0.14866666666663753,0.4036628566331537,191.36666666666667,167.73333333333332,2854.5666666666666,6405.9,0.0,0,0,0,0,0,0,{}
1776406423,normal,sw-wk2,0.20933333333333493,0.28373122061240874,153.2,149.9,5411.166666666667,32743.533333333333,0.0,0,3,3,0,2,1,"{""process_exit"": 3, ""process_exec"": 3, ""process_kprobe"": 2}"
1776406433,normal,k3s-wk1,0.2711111111111273,0.6536778260295328,667.8333333333334,352.7,14042.066666666666,1679.0333333333333,0.0,0,12,2,0,8,0,"{""process_exit"": 12, ""process_exec"": 12, ""process_kprobe"": 8}"
1776406433,normal,sw-wk3,0.14866666666663753,0.4036628566331537,191.36666666666667,167.73333333333332,2854.5666666666666,6405.9,0.0,0,0,0,0,0,0,{}
1776406433,normal,sw-wk2,0.20933333333333493,0.28373122061240874,153.2,149.9,5411.166666666667,32743.533333333333,0.0,0,9,5,0,4,3,"{""process_exit"": 13, ""process_exec"": 9, ""process_kprobe"": 4}"
1776406443,normal,k3s-wk1,0.2711111111111273,0.6536778260295328,667.8333333333334,352.7,14042.066666666666,1679.0333333333333,0.0,0,12,2,0,8,0,"{""process_exit"": 12, ""process_exec"": 12, ""process_kprobe"": 8}"
1776406443,normal,sw-wk3,0.14866666666663753,0.4036628566331537,191.36666666666667,167.73333333333332,2854.5666666666666,6405.9,0.0,0,1,1,0,0,0,"{""process_exit"": 5, ""process_exec"": 1}"
1776406443,normal,sw-wk2,0.12488888888887628,0.2846916931075347,150.2,145.03333333333333,1878.4333333333334,9187.933333333332,0.0,0,5,4,0,2,1,"{""process_exit"": 3, ""process_exec"": 5, ""process_kprobe"": 2}"
1776406453,normal,k3s-wk1,0.2711111111111273,0.6536778260295328,667.8333333333334,352.7,14042.066666666666,1679.0333333333333,0.0,0,57,3,0,50,0,"{""process_exit"": 57, ""process_exec"": 57, ""process_kprobe"": 50}"
1776406453,normal,sw-wk3,0.15066666666668127,0.4020477337309021,229.26666666666665,201.26666666666665,3094.133333333333,5945.466666666666,0.0,0,0,0,0,0,0,{}
1776406453,normal,sw-wk2,0.12488888888887628,0.2846916931075347,150.2,145.03333333333333,1878.4333333333334,9187.933333333332,0.0,0,110,10,0,3,2,"{""process_exit"": 114, ""process_exec"": 110, ""process_kprobe"": 3}"
1776406463,normal,k3s-wk1,0.3179999999999886,0.6554986493396835,667.8333333333334,352.7,40984.566666666666,11733.233333333335,0.0,0,60,3,0,52,0,"{""process_exit"": 60, ""process_exec"": 60, ""process_kprobe"": 52}"
1776406463,normal,sw-wk3,0.15066666666668127,0.4020477337309021,229.26666666666665,201.26666666666665,3094.133333333333,5945.466666666666,0.0,0,0,0,0,0,0,{}
1776406463,normal,sw-wk2,0.12488888888887628,0.2846916931075347,150.2,145.03333333333333,1878.4333333333334,9187.933333333332,0.0,0,9,5,0,4,3,"{""process_exit"": 15, ""process_exec"": 9, ""process_kprobe"": 4}"
1776406473,normal,k3s-wk1,0.3179999999999886,0.6554986493396835,667.8333333333334,352.7,40984.566666666666,11733.233333333334,0.0,0,12,2,0,8,0,"{""process_exit"": 12, ""process_exec"": 12, ""process_kprobe"": 8}"
1776406473,normal,sw-wk3,0.15066666666668127,0.4020477337309021,229.26666666666665,201.26666666666665,3094.133333333333,5945.466666666666,0.0,0,0,0,0,0,0,{}
1776406473,normal,sw-wk2,0.23566666666666702,0.27556162952202556,176.2,164.86666666666667,7519.566666666667,33733.433333333334,0.0,0,0,0,0,0,0,{}
1776406483,normal,k3s-wk1,0.3179999999999886,0.6554986493396835,667.8333333333334,352.7,40984.566666666666,11733.233333333334,0.0,0,78,3,0,70,0,"{""process_exit"": 78, ""process_exec"": 78, ""process_kprobe"": 70}"
1776406483,normal,sw-wk3,0.17466666666667963,0.40158900059890157,225.93333333333334,197.8,3752.0333333333333,5228.966666666666,0.0,0,1,1,0,0,0,"{""process_exit"": 21, ""process_exec"": 1}"
1776406483,normal,sw-wk2,0.23566666666666702,0.27556162952202556,176.2,164.86666666666667,7519.566666666667,33733.433333333334,0.0,0,0,0,0,0,0,{}
1776406493,normal,k3s-wk1,0.30666666666665054,0.6553259364032588,672.3,358.7,13947.8,4668.333333333333,0.0,0,30,3,0,26,0,"{""process_exit"": 30, ""process_exec"": 30, ""process_kprobe"": 26}"
1776406493,normal,sw-wk3,0.17466666666667963,0.40158900059890157,225.93333333333334,197.8,3752.0333333333333,5228.966666666666,0.0,0,0,0,0,0,0,{}
1776406493,normal,sw-wk2,0.23566666666666702,0.27556162952202556,176.2,164.86666666666667,7519.566666666667,33733.433333333334,0.0,0,0,0,0,0,0,{}
1776406503,normal,k3s-wk1,0.30666666666665054,0.6553259364032588,672.3,358.7,13947.8,4668.333333333333,0.0,0,18,2,0,12,0,"{""process_exit"": 18, ""process_exec"": 18, ""process_kprobe"": 12}"
1776406503,normal,sw-wk3,0.17466666666667963,0.40158900059890157,225.93333333333334,197.8,3752.0333333333333,5228.966666666666,0.0,0,0,0,0,0,0,{}
1776406503,normal,sw-wk2,0.1298888888888946,0.2838554608356588,132.66666666666666,111.6,702.8,3655.0333333333333,0.0,0,0,0,0,0,0,{}
1776406513,normal,k3s-wk1,0.30666666666665054,0.6553259364032588,672.3,358.7,13947.8,4668.333333333333,0.0,0,36,3,0,30,0,"{""process_exit"": 36, ""process_exec"": 36, ""process_kprobe"": 30}"
1776406513,normal,sw-wk3,0.16911111111108357,0.4058131681894058,223.79999999999998,193.33333333333334,2377.9,8091.066666666668,0.0,0,1,1,0,0,0,"{""process_exit"": 5, ""process_exec"": 1}"
1776406513,normal,sw-wk2,0.1298888888888946,0.2838554608356588,132.66666666666666,111.6,702.8,3655.0333333333333,0.0,0,2,2,0,0,0,"{""process_exec"": 2}"
1776406523,normal,k3s-wk1,0.2826666666666926,0.654802153380376,667.8333333333334,352.7,14117.733333333334,5007.7,0.0,0,33,3,0,28,0,"{""process_exit"": 33, ""process_exec"": 33, ""process_kprobe"": 28}"
1776406523,normal,sw-wk3,0.16911111111108357,0.4058131681894058,223.79999999999998,193.33333333333334,2377.9,8091.066666666667,0.0,0,0,0,0,0,0,{}
1776406523,normal,sw-wk2,0.1298888888888946,0.2838554608356588,132.66666666666666,111.6,702.8,3655.0333333333333,0.0,0,104,5,0,0,0,"{""process_exit"": 106, ""process_exec"": 104}"
1776406533,normal,k3s-wk1,0.2826666666666926,0.654802153380376,667.8333333333334,352.7,14117.733333333334,5007.7,0.0,0,12,2,0,8,0,"{""process_exit"": 12, ""process_exec"": 12, ""process_kprobe"": 8}"
1776406533,normal,sw-wk3,0.16911111111108357,0.4058131681894058,223.79999999999998,193.33333333333334,2377.9,8091.066666666667,0.0,0,0,0,0,0,0,{}
1776406533,normal,sw-wk2,0.23244444444444534,0.28354008180740853,78.33333333333333,68.2,5607.266666666667,27958.6,0.0,0,0,0,0,0,0,{}
1776406543,normal,k3s-wk1,0.2826666666666926,0.654802153380376,667.8333333333334,352.7,14117.733333333334,5007.7,0.0,0,15,2,0,10,0,"{""process_exit"": 15, ""process_exec"": 15, ""process_kprobe"": 10}"
1776406543,normal,sw-wk3,0.14677777777780854,0.4065633879990316,149.2,125.6,3017.8333333333335,5989.233333333334,0.0,0,1,1,0,0,0,"{""process_exit"": 3, ""process_exec"": 1}"
1776406543,normal,sw-wk2,0.23244444444444534,0.28354008180740853,78.33333333333333,68.2,5607.266666666666,27958.6,0.0,0,0,0,0,0,0,{}
1776406553,normal,k3s-wk1,0.28066666666664886,0.6442440874040343,667.8333333333334,352.7,29156.566666666666,6554.0,0.0,0,15,2,0,10,0,"{""process_exit"": 15, ""process_exec"": 15, ""process_kprobe"": 10}"
1776406553,normal,sw-wk3,0.14677777777780854,0.4065633879990316,149.2,125.6,3017.8333333333335,5989.233333333334,0.0,0,0,0,0,0,0,{}
1776406553,normal,sw-wk2,0.23244444444444534,0.28354008180740853,78.33333333333333,68.2,5607.266666666666,27958.6,0.0,0,0,0,0,0,0,{}
1776406563,normal,k3s-wk1,0.28066666666664886,0.6442440874040343,667.8333333333334,352.7,29156.566666666666,6554.0,0.0,0,33,3,0,28,0,"{""process_exit"": 33, ""process_exec"": 33, ""process_kprobe"": 28}"
1776406563,normal,sw-wk3,0.14677777777780854,0.4065633879990316,149.2,125.6,3017.8333333333335,5989.233333333334,0.0,0,2,2,0,0,0,"{""process_exec"": 2}"
1776406563,normal,sw-wk2,0.13844444444443482,0.2877690278680378,118.89999999999999,103.73333333333333,898.4,3656.7999999999997,0.0,0,0,0,0,0,0,{}
1776406573,normal,k3s-wk1,0.28066666666664886,0.6442440874040343,667.8333333333334,352.7,29156.566666666666,6554.0,0.0,0,33,3,0,28,0,"{""process_exit"": 33, ""process_exec"": 33, ""process_kprobe"": 28}"
1776406573,normal,sw-wk3,0.2091111111110675,0.40535124941065537,828.4666666666667,509.26666666666665,5393.166666666667,6737.3,0.0,0,6,4,0,0,0,"{""process_exit"": 9, ""process_exec"": 6}"
1776406573,normal,sw-wk2,0.13844444444443482,0.2877690278680378,118.89999999999999,103.73333333333333,898.4,3656.7999999999997,0.0,0,106,7,0,0,0,"{""process_exec"": 106, ""process_exit"": 106}"
1776406583,normal,k3s-wk1,0.32477777777777295,0.6474037181821568,667.8333333333334,352.7,35363.46666666667,12912.266666666666,0.0,0,18,2,0,12,0,"{""process_exit"": 18, ""process_exec"": 18, ""process_kprobe"": 12}"
1776406583,normal,sw-wk3,0.2091111111110675,0.40535124941065537,828.4666666666667,509.26666666666665,5393.166666666667,6737.3,0.0,0,3,2,0,0,0,"{""process_exit"": 3, ""process_exec"": 3}"
1776406583,normal,sw-wk2,0.13844444444443482,0.2877690278680378,118.89999999999999,103.73333333333333,898.4,3656.7999999999997,0.0,0,0,0,0,0,0,{}
1776406593,normal,k3s-wk1,0.32477777777777295,0.6474037181821568,667.8333333333334,352.7,35363.46666666667,12912.266666666666,0.0,0,60,3,0,52,0,"{""process_exit"": 60, ""process_exec"": 60, ""process_kprobe"": 52}"
1776406593,normal,sw-wk3,0.2091111111110675,0.40535124941065537,828.4666666666667,509.26666666666665,5393.166666666667,6737.3,0.0,0,3,2,0,0,0,"{""process_exit"": 3, ""process_exec"": 3}"
1776406593,normal,sw-wk2,0.2517777777777863,0.2809182945321559,113.16666666666667,98.0,6745.966666666666,27912.833333333332,0.0,0,0,0,0,0,0,{}
1776406603,normal,k3s-wk1,0.32477777777777295,0.6474037181821568,667.8333333333334,352.7,35363.46666666667,12912.266666666666,0.0,0,21,2,0,14,0,"{""process_exit"": 21, ""process_exec"": 21, ""process_kprobe"": 14}"
1776406603,normal,sw-wk3,0.1823333333333318,0.4023678912292774,313.4,288.5333333333333,3558.6666666666665,8189.733333333334,0.0,0,4,2,0,0,0,"{""process_exit"": 4, ""process_exec"": 4}"
1776406603,normal,sw-wk2,0.2517777777777863,0.2809182945321559,113.16666666666667,98.0,6745.966666666666,27912.833333333332,0.0,0,0,0,0,0,0,{}
1776406613,normal,k3s-wk1,0.26577777777775846,0.6443772908451983,667.8333333333334,352.7,12003.966666666667,4807.033333333335,0.0,0,57,3,0,50,0,"{""process_exit"": 58, ""process_exec"": 57, ""process_kprobe"": 50}"
1776406613,normal,sw-wk3,0.1823333333333318,0.4023678912292774,313.4,288.5333333333333,3558.6666666666665,8189.733333333334,0.0,0,4,2,0,0,0,"{""process_exit"": 6, ""process_exec"": 4}"
1776406613,normal,sw-wk2,0.2517777777777863,0.2809182945321559,113.16666666666667,98.0,6745.966666666666,27912.833333333332,0.0,0,0,0,0,0,0,{}
1776406623,normal,k3s-wk1,0.26577777777775846,0.6443772908451983,667.8333333333334,352.7,12003.966666666667,4807.033333333333,0.0,0,12,2,0,8,0,"{""process_exit"": 12, ""process_exec"": 12, ""process_kprobe"": 8}"
1776406623,normal,sw-wk3,0.1823333333333318,0.4023678912292774,313.4,288.5333333333333,3558.6666666666665,8189.733333333334,0.0,0,3,2,0,0,0,"{""process_exit"": 3, ""process_exec"": 3}"
1776406623,normal,sw-wk2,0.11033333333331641,0.280972450526906,116.06666666666666,100.86666666666666,1029.1,3673.0666666666666,0.0,0,0,0,0,0,0,{}
1776406633,normal,k3s-wk1,0.26577777777775846,0.6443772908451983,667.8333333333334,352.7,12003.966666666667,4807.033333333333,0.0,0,12,2,0,8,0,"{""process_exit"": 12, ""process_exec"": 12, ""process_kprobe"": 8}"
1776406633,normal,sw-wk3,0.16777777777780212,0.4073916561540324,307.6,284.4,2984.9,7869.5,0.0,0,4,2,0,0,0,"{""process_exit"": 10, ""process_exec"": 4}"
1776406633,normal,sw-wk2,0.11033333333331641,0.280972450526906,116.06666666666666,100.86666666666666,1029.1,3673.0666666666666,0.0,0,2,2,0,0,0,"{""process_exec"": 2}"
1776406643,normal,k3s-wk1,0.28800000000006143,0.6483937132491142,667.8333333333334,352.7,13043.800000000003,6845.866666666667,0.0,0,60,3,0,52,0,"{""process_exit"": 60, ""process_exec"": 60, ""process_kprobe"": 52}"
1776406643,normal,sw-wk3,0.16777777777780212,0.4073916561540324,307.6,284.4,2984.9,7869.5,0.0,0,3,2,0,0,0,"{""process_exit"": 3, ""process_exec"": 3}"
1776406643,normal,sw-wk2,0.11033333333331641,0.280972450526906,116.06666666666666,100.86666666666666,1029.1,3673.0666666666666,0.0,0,104,5,0,0,0,"{""process_exit"": 106, ""process_exec"": 104}"
1776406653,normal,k3s-wk1,0.28800000000006143,0.6483937132491142,667.8333333333334,352.7,13043.8,6845.866666666667,0.0,0,68,3,0,59,0,"{""process_exit"": 69, ""process_exec"": 68, ""process_kprobe"": 59}"
1776406653,normal,sw-wk3,0.16777777777780212,0.4073916561540324,307.6,284.4,2984.9,7869.5,0.0,0,4,2,0,0,0,"{""process_exit"": 4, ""process_exec"": 4}"
1776406653,normal,sw-wk2,0.1990533964402661,0.2837264421422837,116.0255982934471,100.85994267048864,5945.37030864609,27878.541430571295,0.0,0,0,0,0,0,0,{}
1776406663,normal,k3s-wk1,0.28800000000006143,0.6483937132491142,667.8333333333334,352.7,13043.8,6845.866666666667,0.0,0,55,3,0,47,0,"{""process_exec"": 55, ""process_kprobe"": 47, ""process_exit"": 54}"
1776406663,normal,sw-wk3,0.17066666666667318,0.41060278807803563,299.3,281.1333333333333,4790.8,9019.466666666667,0.0,0,3,2,0,0,0,"{""process_exit"": 3, ""process_exec"": 3}"
1776406663,normal,sw-wk2,0.1990533964402661,0.2837264421422837,116.0255982934471,100.85994267048864,5945.37030864609,27878.541430571295,0.0,0,0,0,0,0,0,{}
1776406673,normal,k3s-wk1,0.2986440018166028,0.6370352977830658,649.9383637189385,343.24920521637574,34187.08233309544,6620.158307921885,0.0,0,12,2,0,8,0,"{""process_exit"": 12, ""process_exec"": 12, ""process_kprobe"": 8}"
1776406673,normal,sw-wk3,0.17066666666667318,0.41060278807803563,299.3,281.1333333333333,4790.8,9019.466666666667,0.0,0,3,2,0,0,0,"{""process_exit"": 3, ""process_exec"": 3}"
1776406673,normal,sw-wk2,0.1990533964402661,0.2837264421422837,116.0255982934471,100.85994267048864,5945.37030864609,27878.541430571295,0.0,0,0,0,0,0,0,{}
1776406683,normal,k3s-wk1,0.2986440018166028,0.6370352977830658,649.9383637189385,343.24920521637574,34187.08233309544,6620.1583079218835,0.0,0,87,3,0,76,0,"{""process_exit"": 87, ""process_exec"": 87, ""process_kprobe"": 76}"
1776406683,normal,sw-wk3,0.17066666666667318,0.41060278807803563,299.3,281.1333333333333,4790.8,9019.466666666667,0.0,0,5,2,0,0,0,"{""process_exit"": 7, ""process_exec"": 5}"
1776406683,normal,sw-wk2,0.12011731769095635,0.28407845610815907,78.32289028129583,68.19090787894947,601.2198373550193,3593.420877216371,0.0,0,0,0,0,0,0,{}
1776406693,normal,k3s-wk1,0.2986440018166028,0.6370352977830658,649.9383637189385,343.24920521637574,34187.08233309544,6620.1583079218835,0.0,0,36,3,0,30,0,"{""process_exit"": 36, ""process_exec"": 36, ""process_kprobe"": 30}"
1776406693,normal,sw-wk3,0.16322222222224803,0.40868821438128367,235.83333333333334,214.66666666666666,3870.2000000000007,8129.7,0.0,0,3,2,0,0,0,"{""process_exit"": 3, ""process_exec"": 3}"
1776406693,normal,sw-wk2,0.12011731769095635,0.28407845610815907,78.32289028129583,68.19090787894947,601.2198373550193,3593.420877216371,0.0,0,2,2,0,0,0,"{""process_exec"": 2}"
1776406703,normal,k3s-wk1,0.3156006489797102,0.6459023573622558,686.7416192500172,362.68595324604104,12542.949201343663,6658.977171454035,0.0,0,57,3,0,50,0,"{""process_exit"": 57, ""process_exec"": 57, ""process_kprobe"": 50}"
1776406703,normal,sw-wk3,0.16322222222224803,0.40868821438128367,235.83333333333334,214.66666666666666,3870.2,8129.7,0.0,0,4,2,0,0,0,"{""process_exit"": 12, ""process_exec"": 4}"
1776406703,normal,sw-wk2,0.12011731769095635,0.28407845610815907,78.32289028129583,68.19090787894947,601.2198373550193,3593.420877216371,0.0,0,104,5,0,0,0,"{""process_exit"": 106, ""process_exec"": 104}"
1776406713,normal,k3s-wk1,0.31560064897970996,0.6459023573622558,686.7416192500172,362.68595324604104,12542.949201343663,6658.977171454035,0.0,0,12,2,0,8,0,"{""process_exit"": 12, ""process_exec"": 12, ""process_kprobe"": 8}"
1776406713,normal,sw-wk3,0.16322222222224803,0.40868821438128367,235.83333333333334,214.66666666666666,3870.2,8129.7,0.0,0,2,2,0,0,0,"{""process_exit"": 4, ""process_exec"": 2}"
1776406713,normal,sw-wk2,0.2046187015180947,0.28466142946340967,116.08988464359538,100.88684403547376,5711.042208441688,27857.571514302865,0.0,0,0,0,0,0,0,{}
1776406723,normal,k3s-wk1,0.31560064897970996,0.6459023573622558,686.7416192500172,362.68595324604104,12542.949201343663,6658.977171454035,0.0,0,33,3,0,28,0,"{""process_exit"": 33, ""process_exec"": 33, ""process_kprobe"": 28}"
1776406723,normal,sw-wk3,0.1947471919474767,0.4129267173821629,286.1713828617138,260.64060260640605,5219.111422191115,8823.317668233178,0.0,0,0,0,0,0,0,{}
1776406723,normal,sw-wk2,0.2046187015180947,0.28466142946340967,116.08988464359538,100.88684403547376,5711.042208441688,27857.571514302857,0.0,0,0,0,0,0,0,{}
1776406733,normal,k3s-wk1,0.3062222222222367,0.6457307732685529,667.8333333333334,352.7,35166.7,9308.333333333336,0.0,0,36,3,0,30,0,"{""process_exit"": 36, ""process_exec"": 36, ""process_kprobe"": 30}"
1776406733,normal,sw-wk3,0.1947471919474767,0.4129267173821629,286.1713828617138,260.64060260640605,5219.111422191115,8823.317668233178,0.0,0,0,0,0,0,0,{}
1776406733,normal,sw-wk2,0.2046187015180947,0.28466142946340967,116.08988464359538,100.88684403547376,5711.042208441688,27857.571514302857,0.0,0,0,0,0,0,0,{}
1776406743,normal,k3s-wk1,0.3062222222222367,0.6457307732685529,667.8333333333334,352.7,35166.7,9308.333333333334,0.0,0,18,2,0,12,0,"{""process_exit"": 18, ""process_exec"": 18, ""process_kprobe"": 12}"
1776406743,normal,sw-wk3,0.1947471919474767,0.4129267173821629,286.1713828617138,260.64060260640605,5219.111422191115,8823.317668233178,0.0,0,0,0,0,0,0,{}
1776406743,normal,sw-wk2,0.1298888888888844,0.2882500605272883,121.1,100.86666666666666,1068.1666666666667,3689.6666666666665,0.0,0,0,0,0,0,0,{}
1776406753,normal,k3s-wk1,0.3062222222222367,0.6457307732685529,667.8333333333334,352.7,35166.7,9308.333333333334,0.0,0,36,3,0,30,0,"{""process_exit"": 36, ""process_exec"": 36, ""process_kprobe"": 30}"
1776406753,normal,sw-wk3,0.16969474725249023,0.40413911082227916,208.6208620862086,195.8195819581958,2313.064639797313,5188.818881888188,0.0,0,1,1,0,0,0,"{""process_exit"": 3, ""process_exec"": 1}"
1776406753,normal,sw-wk2,0.1298888888888844,0.2882500605272883,121.1,100.86666666666666,1068.1666666666667,3689.6666666666665,0.0,0,106,7,0,0,0,"{""process_exec"": 106, ""process_exit"": 106}"
1776406763,normal,k3s-wk1,0.2977368929773383,0.6436661199305085,667.7665566776656,352.66473352664735,33566.7099956671,9793.487317934874,0.0,0,15,2,0,10,0,"{""process_exit"": 15, ""process_exec"": 15, ""process_kprobe"": 10}"
1776406763,normal,sw-wk3,0.16969474725249023,0.40413911082227916,208.6208620862086,195.8195819581958,2313.064639797313,5188.818881888188,0.0,0,0,0,0,0,0,{}
1776406763,normal,sw-wk2,0.1298888888888844,0.2882500605272883,121.1,100.86666666666666,1068.1666666666667,3689.6666666666665,0.0,0,0,0,0,0,0,{}
1776406773,normal,k3s-wk1,0.2977368929773383,0.6436661199305085,667.7665566776656,352.66473352664735,33566.7099956671,9793.487317934874,0.0,0,36,3,0,30,0,"{""process_exit"": 36, ""process_exec"": 36, ""process_kprobe"": 30}"
1776406773,normal,sw-wk3,0.16969474725249023,0.40413911082227916,208.6208620862086,195.8195819581958,2313.064639797313,5188.818881888188,0.0,0,0,0,0,0,0,{}
1776406773,normal,sw-wk2,0.20371975201653136,0.28792990302891297,120.52529831344577,106.85954269715351,5596.5602293180455,27809.246050263315,0.0,0,0,0,0,0,0,{}
1776406784,normal,k3s-wk1,0.2977368929773383,0.6436661199305085,667.7665566776656,352.66473352664735,33566.7099956671,9793.487317934874,0.0,0,36,3,0,30,0,"{""process_exit"": 36, ""process_exec"": 36, ""process_kprobe"": 30}"
1776406784,normal,sw-wk3,0.1629999999999806,0.40214489595677716,208.6,198.26666666666665,3081.4,5797.933333333333,0.0,0,0,0,0,0,0,{}
1776406784,normal,sw-wk2,0.20371975201653136,0.28792990302891297,120.52529831344577,106.85954269715351,5596.5602293180455,27809.246050263315,0.0,0,0,0,0,0,0,{}
1776406793,normal,k3s-wk1,0.284531706612449,0.647227618717567,667.8555951865061,352.71175705856865,8943.864795493184,1972.7324244141473,0.0,0,21,2,0,14,0,"{""process_exit"": 21, ""process_exec"": 21, ""process_kprobe"": 14}"
1776406793,normal,sw-wk3,0.1629999999999806,0.40214489595677716,208.6,198.26666666666665,3081.4,5797.933333333333,0.0,0,1,1,0,0,0,"{""process_exit"": 7, ""process_exec"": 1}"
1776406793,normal,sw-wk2,0.20371975201653136,0.28792990302891297,120.52529831344577,106.85954269715351,5596.5602293180455,27809.246050263315,0.0,0,0,0,0,0,0,{}
1776406803,normal,k3s-wk1,0.284531706612449,0.647227618717567,667.8555951865063,352.71175705856865,8943.864795493184,1972.7324244141473,0.0,0,60,3,0,52,0,"{""process_exit"": 60, ""process_exec"": 60, ""process_kprobe"": 52}"
1776406803,normal,sw-wk3,0.1629999999999806,0.40214489595677716,208.6,198.26666666666665,3081.4,5797.933333333333,0.0,0,0,0,0,0,0,{}
1776406803,normal,sw-wk2,0.11811111111110228,0.2756699415115257,116.06666666666666,100.86666666666666,696.8,3676.366666666667,0.0,0,0,0,0,0,0,{}
1776406813,normal,k3s-wk1,0.284531706612449,0.647227618717567,667.8555951865063,352.71175705856865,8943.864795493184,1972.7324244141473,0.0,0,36,3,0,30,0,"{""process_exit"": 36, ""process_exec"": 36, ""process_kprobe"": 30}"
1776406813,normal,sw-wk3,0.18066666666668907,0.40090567937102595,769.4,443.23333333333335,4075.233333333333,6368.2,0.0,0,2,2,0,0,0,"{""process_exec"": 2, ""process_exit"": 13}"
1776406813,normal,sw-wk2,0.11811111111110228,0.2756699415115257,116.06666666666666,100.86666666666666,696.8,3676.366666666667,0.0,0,2,2,0,0,0,"{""process_exec"": 2}"
1776406823,normal,k3s-wk1,0.3210658488343828,0.6541722591416506,667.8778585239016,352.72351490099345,12601.140076005067,7802.586839122609,0.0,0,60,3,0,52,0,"{""process_exit"": 60, ""process_exec"": 60, ""process_kprobe"": 52}"
1776406823,normal,sw-wk3,0.1806666666666893,0.40090567937102595,769.4,443.23333333333335,4075.233333333333,6368.2,0.0,0,0,0,0,0,0,{}
1776406823,normal,sw-wk2,0.11811111111110228,0.2756699415115257,116.06666666666666,100.86666666666666,696.8,3676.366666666667,0.0,0,104,5,0,0,0,"{""process_exit"": 106, ""process_exec"": 104}"
1776406833,normal,k3s-wk1,0.3210658488343828,0.6541722591416506,667.8778585239016,352.72351490099345,12601.140076005067,7802.586839122609,0.0,0,57,3,0,50,0,"{""process_exit"": 57, ""process_exec"": 57, ""process_kprobe"": 50}"
1776406833,normal,sw-wk3,0.1806666666666893,0.40090567937102595,769.4,443.23333333333335,4075.233333333333,6368.2,0.0,0,0,0,0,0,0,{}
1776406833,normal,sw-wk2,0.2252816854457036,0.2851727257667852,75.47169811320755,65.33768917927863,5618.674578305221,27769.984665644377,0.0,0,0,0,0,0,0,{}
1776406843,normal,k3s-wk1,0.3210658488343828,0.6541722591416506,667.8778585239016,352.72351490099345,12601.140076005067,7802.586839122609,0.0,0,18,2,0,12,0,"{""process_exit"": 18, ""process_exec"": 18, ""process_kprobe"": 12}"
1776406843,normal,sw-wk3,0.42711111111109656,0.4143745938300394,207.06666666666672,191.73333333333332,3935.866666666667,7446.3,0.0,0,1,1,0,0,0,"{""process_exit"": 7, ""process_exec"": 1}"
1776406843,normal,sw-wk2,0.2252816854457036,0.2851727257667852,75.47169811320755,65.33768917927863,5618.674578305221,27769.984665644377,0.0,0,0,0,0,0,0,{}
1776406853,normal,k3s-wk1,0.2799999999999677,0.6606585894207118,863.1333333333333,451.1333333333333,33736.9,6406.766666666666,0.0,0,30,3,0,26,0,"{""process_exit"": 30, ""process_exec"": 30, ""process_kprobe"": 26}"
1776406853,normal,sw-wk3,0.42711111111109656,0.4143745938300394,207.06666666666666,191.73333333333332,3935.866666666667,7446.3,0.0,0,0,0,0,0,0,{}
1776406853,normal,sw-wk2,0.2252816854457036,0.2851727257667852,75.47169811320755,65.33768917927863,5618.674578305221,27769.984665644377,0.0,0,0,0,0,0,0,{}
1776406863,normal,k3s-wk1,0.2799999999999677,0.6606585894207118,863.1333333333333,451.1333333333333,33736.9,6406.766666666666,0.0,0,12,2,0,8,0,"{""process_exit"": 12, ""process_exec"": 12, ""process_kprobe"": 8}"
1776406863,normal,sw-wk3,0.42711111111109656,0.4143745938300394,207.06666666666666,191.73333333333332,3935.866666666667,7446.3,0.0,0,0,0,0,0,0,{}
1776406863,normal,sw-wk2,0.11711111111111083,0.28345088369840843,116.06666666666666,100.86666666666666,573.4333333333333,3574.3333333333335,0.0,0,0,0,0,0,0,{}
1776406873,normal,k3s-wk1,0.2799999999999677,0.6606585894207118,863.1333333333333,451.1333333333333,33736.9,6406.766666666666,0.0,0,81,3,0,72,0,"{""process_exit"": 81, ""process_exec"": 81, ""process_kprobe"": 72}"
1776406873,normal,sw-wk3,0.4111111111111111,0.41334244428303835,230.4,203.8,2257.4333333333334,6489.0,0.0,0,1,1,0,0,0,"{""process_exit"": 13, ""process_exec"": 1}"
1776406873,normal,sw-wk2,0.11711111111111083,0.28345088369840843,116.06666666666666,100.86666666666666,573.4333333333333,3574.3333333333335,0.0,0,2,2,0,0,0,"{""process_exec"": 2}"
1776406883,normal,k3s-wk1,0.3008888888889082,0.6560088862499054,669.8333333333334,354.7,11398.5,4680.9,0.0,0,36,3,0,30,0,"{""process_exit"": 36, ""process_exec"": 36, ""process_kprobe"": 30}"
1776406883,normal,sw-wk3,0.4111111111111111,0.41334244428303835,230.4,203.8,2257.4333333333334,6489.0,0.0,0,0,0,0,0,0,{}
1776406883,normal,sw-wk2,0.11711111111111083,0.28345088369840843,116.06666666666666,100.86666666666666,573.4333333333333,3574.3333333333335,0.0,0,104,5,0,0,0,"{""process_exit"": 106, ""process_exec"": 104}"
1776406898,normal,k3s-wk1,0.3008888888889083,0.6560088862499054,669.8333333333334,354.7,11398.5,4680.9,0.0,0,36,3,0,30,0,"{""process_exit"": 36, ""process_exec"": 36, ""process_kprobe"": 30}"
1776406898,normal,sw-wk3,0.40733333333333166,0.4089717369420339,213.6,200.73333333333332,3775.2999999999997,8167.133333333333,0.0,0,1,1,0,0,0,"{""process_exit"": 5, ""process_exec"": 1}"
1776406898,normal,sw-wk2,0.1977777777777897,0.28361335168265867,116.06666666666666,100.86666666666666,4852.766666666666,28005.033333333333,0.0,0,0,0,0,0,0,{}
1776406903,normal,k3s-wk1,0.3008888888889083,0.6560088862499054,669.8333333333334,354.7,11398.5,4680.9,0.0,0,36,3,0,30,0,"{""process_exit"": 36, ""process_exec"": 36, ""process_kprobe"": 30}"
1776406903,normal,sw-wk3,0.40733333333333166,0.4089717369420339,213.6,200.73333333333332,3775.2999999999997,8167.133333333333,0.0,0,0,0,0,0,0,{}
1776406903,normal,sw-wk2,0.19777777777778993,0.28361335168265867,116.06666666666666,100.86666666666666,4852.766666666666,28005.033333333333,0.0,0,0,0,0,0,0,{}
1776406913,normal,k3s-wk1,0.27667610953733324,0.6414005325879961,384.9025162472921,270.12164639226796,34233.59440093317,10252.524579236793,0.0,0,12,2,0,8,0,"{""process_exit"": 13, ""process_exec"": 12, ""process_kprobe"": 8}"
1776406913,normal,sw-wk3,0.40733333333333166,0.4089717369420339,213.6,200.73333333333332,3775.2999999999997,8167.133333333333,0.0,0,0,0,0,0,0,{}
1776406913,normal,sw-wk2,0.19777777777778993,0.28361335168265867,116.06666666666666,100.86666666666666,4852.766666666666,28005.033333333333,0.0,0,0,0,0,0,0,{}
1776406923,normal,k3s-wk1,0.27667610953733324,0.6414005325879961,384.9025162472921,270.12164639226796,34233.59440093318,10252.524579236793,0.0,0,12,2,0,8,0,"{""process_exit"": 12, ""process_exec"": 12, ""process_kprobe"": 8}"
1776406923,normal,sw-wk3,0.40733333333333166,0.4089717369420339,213.6,200.73333333333332,3775.2999999999997,8167.133333333333,0.0,0,1,1,0,0,0,"{""process_exit"": 19, ""process_exec"": 1}"
1776406923,normal,sw-wk2,0.11744444444442104,0.28011073308103007,108.1,98.0,3308.4,3942.6,0.0,0,0,0,0,0,0,{}
1776406933,normal,k3s-wk1,0.27667610953733324,0.6414005325879961,384.9025162472921,270.12164639226796,34233.59440093318,10252.524579236793,0.0,0,60,3,0,52,0,"{""process_exit"": 60, ""process_exec"": 60, ""process_kprobe"": 52}"
1776406933,normal,sw-wk3,0.41488888888889053,0.4140783286822891,144.0,133.0,3061.366666666667,8126.633333333333,0.0,0,0,0,0,0,0,"{""process_exit"": 3}"
1776406933,normal,sw-wk2,0.11744444444442104,0.28011073308103007,108.1,98.0,3308.4,3942.6,0.0,0,106,7,0,0,0,"{""process_exec"": 106, ""process_exit"": 106}"
1776406943,normal,k3s-wk1,0.3258214710359715,0.6383594302956552,229.15624895822916,214.4214421442144,36424.44244424442,13776.544321098776,0.0,0,33,3,0,28,0,"{""process_exit"": 33, ""process_exec"": 33, ""process_kprobe"": 28}"
1776406943,normal,sw-wk3,0.41488888888889053,0.4140783286822891,144.0,133.0,3061.366666666667,8126.633333333333,0.0,0,1,1,0,0,0,"{""process_exit"": 3, ""process_exec"": 1}"
1776406943,normal,sw-wk2,0.11744444444442104,0.28011073308103007,108.1,98.0,3308.4,3942.6,0.0,0,0,0,0,0,0,{}
1776406953,normal,k3s-wk1,0.3258214710359715,0.6383594302956552,229.15624895822916,214.4214421442144,36424.44244424442,13776.544321098776,0.0,0,36,3,0,30,0,"{""process_exit"": 36, ""process_exec"": 36, ""process_kprobe"": 30}"
1776406953,normal,sw-wk3,0.41488888888889053,0.4140783286822891,144.0,133.0,3061.366666666667,8126.633333333333,0.0,0,0,0,0,0,0,{}
1776406953,normal,sw-wk2,0.20255555555557092,0.2830701989117831,116.06666666666669,100.86666666666666,6335.066666666667,27859.8,0.0,0,0,0,0,0,0,{}
1776406963,normal,k3s-wk1,0.3258214710359715,0.6383594302956552,229.15624895822916,214.4214421442144,36424.44244424442,13776.544321098776,0.0,0,15,2,0,10,0,"{""process_exit"": 15, ""process_exec"": 15, ""process_kprobe"": 10}"
1776406963,normal,sw-wk3,0.22874379228741692,0.4054324834027805,218.71146218711462,198.24684198246842,8189.9476718994765,6456.52101456521,0.0,0,0,0,0,0,0,{}
1776406963,normal,sw-wk2,0.20255555555557092,0.2830701989117831,116.06666666666666,100.86666666666666,6335.066666666667,27859.8,0.0,0,0,0,0,0,0,{}
1776406973,normal,k3s-wk1,0.258370548112577,0.6374281350502279,218.75624875024997,208.62494167833103,9877.991068452977,3627.2412184229825,0.0,0,33,3,0,28,0,"{""process_exit"": 33, ""process_exec"": 33, ""process_kprobe"": 28}"
1776406973,normal,sw-wk3,0.22874379228741692,0.4054324834027805,218.71146218711462,198.24684198246842,8189.9476718994765,6456.52101456521,0.0,0,1,1,0,0,0,"{""process_exit"": 3, ""process_exec"": 1}"
1776406973,normal,sw-wk2,0.20255555555557092,0.2830701989117831,116.06666666666666,100.86666666666666,6335.066666666667,27859.8,0.0,0,0,0,0,0,0,{}
1776406983,normal,k3s-wk1,0.258370548112577,0.6374281350502279,218.75624875024997,208.62494167833103,9877.991068452977,3627.2412184229825,0.0,0,18,2,0,12,0,"{""process_exit"": 18, ""process_exec"": 18, ""process_kprobe"": 12}"
1776406983,normal,sw-wk3,0.22874379228741692,0.4054324834027805,218.71146218711462,198.24684198246842,8189.9476718994765,6456.52101456521,0.0,0,0,0,0,0,0,{}
1776406983,normal,sw-wk2,0.11161478123680613,0.2805599092727805,115.45896940203986,106.85954269715351,568.3621091927205,3605.459636024265,0.0,0,2,2,0,0,0,"{""process_exec"": 2}"
1776406993,normal,k3s-wk1,0.258370548112577,0.6374281350502279,218.75624875024997,208.62494167833103,9877.991068452977,3627.2412184229825,0.0,0,36,3,0,30,0,"{""process_exit"": 36, ""process_exec"": 36, ""process_kprobe"": 30}"
1776406993,normal,sw-wk3,0.1579157915791709,0.4078312754055329,223.8223822382238,195.8195819581958,2262.892955962263,9233.223322332233,0.0,0,1,1,0,0,0,"{""process_exit"": 27, ""process_exec"": 1}"
1776406993,normal,sw-wk2,0.11161478123680613,0.2805599092727805,115.45896940203986,106.85954269715351,568.3621091927205,3605.459636024265,0.0,0,104,5,0,0,0,"{""process_exit"": 106, ""process_exec"": 104}"
1776407003,normal,k3s-wk1,0.30292522450429926,0.646930733081752,223.92638036809817,208.72232595358764,36697.15257401974,9420.07868765004,0.0,0,36,3,0,30,0,"{""process_exit"": 36, ""process_exec"": 36, ""process_kprobe"": 30}"
1776407003,normal,sw-wk3,0.1579157915791709,0.4078312754055329,223.8223822382238,195.8195819581958,2262.892955962263,9233.223322332233,0.0,0,0,0,0,0,0,{}
1776407003,normal,sw-wk2,0.11161478123680613,0.2805599092727805,115.45896940203986,106.85954269715351,568.3621091927205,3605.459636024265,0.0,0,0,0,0,0,0,{}
1776407013,normal,k3s-wk1,0.30292522450429926,0.646930733081752,223.92638036809817,208.72232595358764,36697.15257401974,9420.07868765004,0.0,0,15,2,0,10,0,"{""process_exit"": 15, ""process_exec"": 15, ""process_kprobe"": 10}"
1776407013,normal,sw-wk3,0.1579157915791709,0.4078312754055329,223.8223822382238,195.8195819581958,2262.892955962263,9233.223322332233,0.0,0,0,0,0,0,0,{}
1776407013,normal,sw-wk2,0.18788888888888733,0.2851711329434101,65.33333333333333,65.33333333333333,5503.7,27936.13333333333,0.0,0,0,0,0,0,0,{}
1776407023,normal,k3s-wk1,0.30292522450429926,0.646930733081752,223.92638036809817,208.72232595358764,36697.15257401974,9420.07868765004,0.0,0,60,3,0,52,0,"{""process_exit"": 60, ""process_exec"": 60, ""process_kprobe"": 52}"
1776407023,normal,sw-wk3,0.15422222222223347,0.408060641971533,154.13333333333333,135.46666666666667,2953.7,5242.7,0.0,0,1,1,0,0,0,"{""process_exit"": 9, ""process_exec"": 1}"
1776407023,normal,sw-wk2,0.18788888888888733,0.2851711329434101,65.33333333333333,65.33333333333333,5503.7,27936.13333333333,0.0,0,0,0,0,0,0,{}
1776407033,normal,k3s-wk1,0.2614444444444719,0.6463538944509478,223.79999999999998,208.66666666666666,10288.533333333335,2094.4,0.0,0,36,3,0,30,0,"{""process_exit"": 36, ""process_exec"": 36, ""process_kprobe"": 30}"
1776407033,normal,sw-wk3,0.15422222222223347,0.408060641971533,154.13333333333333,135.46666666666667,2953.7,5242.7,0.0,0,0,0,0,0,0,{}
1776407033,normal,sw-wk2,0.18788888888888733,0.2851711329434101,65.33333333333333,65.33333333333333,5503.7,27936.13333333333,0.0,0,0,0,0,0,0,{}
1776407043,normal,k3s-wk1,0.2614444444444719,0.6463538944509478,223.79999999999998,208.66666666666666,10288.533333333333,2094.4,0.0,0,54,3,0,48,0,"{""process_exit"": 54, ""process_exec"": 54, ""process_kprobe"": 48}"
1776407043,normal,sw-wk3,0.15422222222223347,0.408060641971533,154.13333333333333,135.46666666666667,2953.7,5242.7,0.0,0,1,1,0,0,0,"{""process_exit"": 21, ""process_exec"": 1}"
1776407043,normal,sw-wk2,0.11427428495232972,0.28735648661391233,100.87339155943731,100.87339155943731,667.5111674111608,3662.5775051670116,0.0,0,2,2,0,0,0,"{""process_exec"": 2}"
1776407053,normal,k3s-wk1,0.2614444444444719,0.6463538944509478,223.79999999999998,208.66666666666666,10288.533333333333,2094.4,0.0,0,67,3,0,56,0,"{""process_exit"": 67, ""process_exec"": 67, ""process_kprobe"": 56}"
1776407053,normal,sw-wk3,0.15888888888888086,0.4063340214330313,208.6,200.73333333333332,2484.966666666667,9399.9,0.0,0,0,0,0,0,0,{}
1776407053,normal,sw-wk2,0.11427428495232972,0.28735648661391233,100.87339155943731,100.87339155943731,667.5111674111608,3662.5775051670116,0.0,0,0,0,0,0,0,{}
1776407063,normal,k3s-wk1,0.3383333333333819,0.6398664353291649,223.86666666666667,208.66666666666666,14386.666666666666,12253.866666666667,0.0,0,59,3,0,52,0,"{""process_kprobe"": 52, ""process_exit"": 59, ""process_exec"": 59}"
1776407063,normal,sw-wk3,0.15888888888888086,0.4063340214330313,208.6,200.73333333333332,2484.9666666666667,9399.9,0.0,0,16,3,0,0,0,"{""process_exec"": 16, ""process_exit"": 16}"
1776407063,normal,sw-wk2,0.11427428495232972,0.28735648661391233,100.87339155943731,100.87339155943731,667.5111674111608,3662.5775051670116,0.0,0,104,5,0,0,0,"{""process_exit"": 106, ""process_exec"": 104}"
1776407073,normal,k3s-wk1,0.3383333333333819,0.6398664353291649,223.86666666666667,208.66666666666666,14386.666666666666,12253.866666666667,0.0,0,12,2,0,8,0,"{""process_exit"": 12, ""process_exec"": 12, ""process_kprobe"": 8}"
1776407073,normal,sw-wk3,0.15888888888888086,0.4063340214330313,208.6,200.73333333333332,2484.9666666666667,9399.9,0.0,0,0,0,0,0,0,{}
1776407073,normal,sw-wk2,0.2173333333333276,0.2792537941052793,105.93333333333334,100.86666666666666,7059.566666666667,28067.7,0.0,0,0,0,0,0,0,{}
1776407083,normal,k3s-wk1,0.3383333333333819,0.6398664353291649,223.86666666666667,208.66666666666666,14386.666666666666,12253.866666666667,0.0,0,12,2,0,8,0,"{""process_exit"": 12, ""process_exec"": 12, ""process_kprobe"": 8}"
1776407083,normal,sw-wk3,0.28233333333333166,0.408960587178409,213.66666666666666,205.6666666666667,19206.1,10958.033333333333,0.0,0,9,3,0,0,0,"{""process_exec"": 9, ""process_exit"": 11}"
1776407083,normal,sw-wk2,0.2173333333333276,0.2792537941052793,105.93333333333334,100.86666666666666,7059.566666666667,28067.7,0.0,0,0,0,0,0,0,{}
1776407094,normal,k3s-wk1,0.3013333333332816,0.6535130149921602,223.86666666666667,208.66666666666666,38124.23333333333,20107.933333333334,0.0,0,33,3,0,28,0,"{""process_exit"": 33, ""process_exec"": 33, ""process_kprobe"": 28}"
1776407094,normal,sw-wk3,0.28233333333333166,0.408960587178409,213.66666666666666,205.66666666666666,19206.1,10958.033333333333,0.0,0,0,0,0,0,0,{}
1776407094,normal,sw-wk2,0.2173333333333276,0.2792537941052793,105.93333333333334,100.86666666666666,7059.566666666667,28067.7,0.0,0,0,0,0,0,0,{}
1776407103,normal,k3s-wk1,0.3013333333332816,0.6535130149921602,223.86666666666667,208.66666666666666,38124.23333333333,20107.933333333334,0.0,0,81,3,0,72,0,"{""process_exit"": 81, ""process_exec"": 81, ""process_kprobe"": 72}"
1776407103,normal,sw-wk3,0.28233333333333166,0.408960587178409,213.66666666666666,205.66666666666666,19206.1,10958.033333333333,0.0,0,4,3,0,0,0,"{""process_exec"": 4, ""process_exit"": 4}"
1776407103,normal,sw-wk2,0.12044444444444613,0.2811699606254062,116.06666666666666,100.86666666666666,1773.2666666666667,3673.9,0.0,0,0,0,0,0,0,{}
1776407113,normal,k3s-wk1,0.3013333333332816,0.6535130149921602,223.86666666666667,208.66666666666666,38124.23333333333,20107.933333333334,0.0,0,39,3,0,32,0,"{""process_exit"": 39, ""process_exec"": 39, ""process_kprobe"": 32}"
1776407113,normal,sw-wk3,0.193888888888897,0.40840150617378335,208.6,203.20000000000005,8777.6,8465.933333333332,0.0,0,5,3,0,0,0,"{""process_exit"": 11, ""process_exec"": 5}"
1776407113,normal,sw-wk2,0.12044444444444613,0.2811699606254062,116.06666666666666,100.86666666666666,1773.2666666666667,3673.9,0.0,0,106,7,0,0,0,"{""process_exec"": 106, ""process_exit"": 106}"
1776407123,normal,k3s-wk1,0.32844444444441867,0.6509821496100413,228.26666666666665,214.66666666666666,36932.7,17996.233333333334,0.0,0,54,3,0,48,0,"{""process_exit"": 54, ""process_exec"": 54, ""process_kprobe"": 48}"
1776407123,normal,sw-wk3,0.193888888888897,0.40840150617378335,208.6,203.2,8777.6,8465.933333333332,0.0,0,0,0,0,0,0,{}
1776407123,normal,sw-wk2,0.12044444444444613,0.2811699606254062,116.06666666666666,100.86666666666666,1773.2666666666667,3673.9,0.0,0,0,0,0,0,0,{}
1776407133,normal,k3s-wk1,0.32844444444441867,0.6509821496100413,228.26666666666665,214.66666666666666,36932.7,17996.233333333334,0.0,0,33,3,0,28,0,"{""process_exit"": 33, ""process_exec"": 33, ""process_kprobe"": 28}"
1776407133,normal,sw-wk3,0.193888888888897,0.40840150617378335,208.6,203.2,8777.6,8465.933333333332,0.0,0,1,1,0,0,0,"{""process_exit"": 3, ""process_exec"": 1}"
1776407133,normal,sw-wk2,0.22500000000002018,0.2803337283535303,115.93333333333334,100.86666666666666,6355.066666666667,27892.5,0.0,0,0,0,0,0,0,{}
1776407143,normal,k3s-wk1,0.32844444444441867,0.6509821496100413,228.26666666666665,214.66666666666666,36932.7,17996.233333333334,0.0,0,36,3,0,30,0,"{""process_exit"": 36, ""process_exec"": 36, ""process_kprobe"": 30}"
1776407143,normal,sw-wk3,0.20122222222222874,0.41254603259553757,148.46666666666667,139.0,7114.3,8295.033333333333,0.0,0,0,0,0,0,0,{}
1776407143,normal,sw-wk2,0.22500000000002018,0.2803337283535303,115.93333333333334,100.86666666666666,6355.066666666667,27892.5,0.0,0,0,0,0,0,0,{}
1776407153,normal,k3s-wk1,0.267777777777802,0.6534531863279085,223.83333333333334,208.66666666666666,9812.666666666666,3062.3,0.0,0,15,2,0,10,0,"{""process_exit"": 15, ""process_exec"": 15, ""process_kprobe"": 10}"
1776407153,normal,sw-wk3,0.20122222222222874,0.41254603259553757,148.46666666666667,139.0,7114.3,8295.033333333333,0.0,0,0,0,0,0,0,{}
1776407153,normal,sw-wk2,0.22500000000002018,0.2803337283535303,115.93333333333334,100.86666666666666,6355.066666666667,27892.5,0.0,0,0,0,0,0,0,{}
1776407164,normal,k3s-wk1,0.267777777777802,0.6534531863279085,223.83333333333334,208.66666666666666,9812.666666666666,3062.3,0.0,0,12,2,0,8,0,"{""process_exit"": 12, ""process_exec"": 12, ""process_kprobe"": 8}"
1776407164,normal,sw-wk3,0.20122222222222874,0.41254603259553757,148.46666666666667,139.0,7114.3,8295.033333333333,0.0,0,9,3,0,0,0,"{""process_exec"": 9, ""process_exit"": 17}"
1776407164,normal,sw-wk2,0.10808919108086446,0.27894797201727894,116.02173116021731,100.85658100856581,1191.7141619171416,3657.8342165783424,0.0,0,0,0,0,0,0,{}
1776407173,normal,k3s-wk1,0.267777777777802,0.6534531863279085,223.83333333333334,208.66666666666666,9812.666666666666,3062.3,0.0,0,75,3,0,68,0,"{""process_exit"": 75, ""process_exec"": 75, ""process_kprobe"": 68}"
1776407173,normal,sw-wk3,0.20311111111109825,0.40900518623290905,203.66666666666666,195.8,7106.099999999999,9003.6,0.0,0,1,1,0,0,0,"{""process_exit"": 29, ""process_exec"": 1}"
1776407173,normal,sw-wk2,0.10808919108086446,0.27894797201727894,116.02173116021731,100.85658100856581,1191.7141619171416,3657.8342165783424,0.0,0,2,2,0,0,0,"{""process_exec"": 2}"
1776407183,normal,k3s-wk1,0.30366666666664555,0.6562854527167293,218.79999999999998,208.66666666666666,29369.833333333332,12254.166666666666,0.0,0,57,3,0,50,0,"{""process_exit"": 57, ""process_exec"": 57, ""process_kprobe"": 50}"
1776407183,normal,sw-wk3,0.20311111111109825,0.40900518623290905,203.66666666666666,195.8,7106.099999999999,9003.6,0.0,0,0,0,0,0,0,{}
1776407183,normal,sw-wk2,0.10808919108086446,0.27894797201727894,116.02173116021731,100.85658100856581,1191.7141619171416,3657.8342165783424,0.0,0,104,5,0,0,0,"{""process_exit"": 106, ""process_exec"": 104}"
1776407193,normal,k3s-wk1,0.30366666666664566,0.6562854527167293,218.79999999999998,208.66666666666666,29369.833333333332,12254.166666666666,0.0,0,33,3,0,28,0,"{""process_exit"": 33, ""process_exec"": 33, ""process_kprobe"": 28}"
1776407193,normal,sw-wk3,0.20311111111109825,0.40900518623290905,203.66666666666666,195.8,7106.099999999999,9003.6,0.0,0,0,0,0,0,0,{}
1776407193,normal,sw-wk2,0.222144436665909,0.28363405838653366,106.010601060106,105.87725439210587,7198.086475314198,28082.97496416308,0.0,0,0,0,0,0,0,{}
1776407203,normal,k3s-wk1,0.30366666666664566,0.6562854527167293,218.79999999999998,208.66666666666666,29369.833333333332,12254.166666666666,0.0,0,78,3,0,70,0,"{""process_exit"": 78, ""process_exec"": 78, ""process_kprobe"": 70}"
1776407203,normal,sw-wk3,0.21188888888888568,0.4074266982682824,218.73333333333332,198.26666666666665,12798.7,10050.466666666667,0.0,0,0,0,0,0,0,{}
1776407203,normal,sw-wk2,0.222144436665909,0.28363405838653366,106.010601060106,105.87725439210587,7198.086475314198,28082.97496416308,0.0,0,0,0,0,0,0,{}
1776407213,normal,k3s-wk1,0.3217118858742831,0.6497246188180339,223.85174321711887,208.65275648290114,21477.434837677487,17796.446903539763,0.0,0,36,3,0,30,0,"{""process_exit"": 37, ""process_exec"": 36, ""process_kprobe"": 30}"
1776407213,normal,sw-wk3,0.21188888888888568,0.4074266982682824,218.73333333333332,198.26666666666665,12798.7,10050.466666666667,0.0,0,0,0,0,0,0,{}
1776407213,normal,sw-wk2,0.222144436665909,0.28363405838653366,106.010601060106,105.87725439210587,7198.086475314198,28082.97496416308,0.0,0,0,0,0,0,0,{}
1776407223,normal,k3s-wk1,0.3217118858742831,0.6497246188180339,223.85174321711887,208.65275648290114,21477.434837677487,17796.446903539763,0.0,0,60,3,0,52,0,"{""process_exit"": 60, ""process_exec"": 60, ""process_kprobe"": 52}"
1776407223,normal,sw-wk3,0.21188888888888568,0.4074266982682824,218.73333333333332,198.26666666666665,12798.7,10050.466666666667,0.0,0,1,1,0,0,0,"{""process_exit"": 13, ""process_exec"": 1}"
1776407223,normal,sw-wk2,0.1093112910930919,0.2752972208417753,68.1931806819318,68.1931806819318,2308.935773089358,3874.212578742126,0.0,0,0,0,0,0,0,{}
1776407233,normal,k3s-wk1,0.3217118858742831,0.6497246188180339,223.85174321711887,208.65275648290114,21477.434837677487,17796.446903539763,0.0,0,12,2,0,8,0,"{""process_exit"": 12, ""process_exec"": 12, ""process_kprobe"": 8}"
1776407233,normal,sw-wk3,0.16377777777775504,0.4064598544796565,223.79999999999998,193.33333333333334,3601.0,7062.566666666667,0.0,0,0,0,0,0,0,{}
1776407233,normal,sw-wk2,0.1093112910930919,0.2752972208417753,68.1931806819318,68.1931806819318,2308.935773089358,3874.212578742126,0.0,0,106,7,0,0,0,"{""process_exec"": 106, ""process_exit"": 106}"
1776407243,normal,k3s-wk1,0.29984221170297964,0.6477310825714586,223.88159210614043,208.68057870524703,34954.063604240284,10474.831655443697,0.0,0,57,3,0,50,0,"{""process_exit"": 57, ""process_exec"": 57, ""process_kprobe"": 50}"
1776407243,normal,sw-wk3,0.16377777777775515,0.4064598544796565,223.79999999999998,193.33333333333334,3601.0,7062.566666666667,0.0,0,1,1,0,0,0,"{""process_exit"": 3, ""process_exec"": 1}"
1776407243,normal,sw-wk2,0.1093112910930919,0.2752972208417753,68.1931806819318,68.1931806819318,2308.935773089358,3874.212578742126,0.0,0,0,0,0,0,0,{}
1776407253,normal,k3s-wk1,0.29984221170297964,0.6477310825714586,223.88159210614043,208.68057870524703,34954.063604240284,10474.831655443697,0.0,0,36,3,0,30,0,"{""process_exit"": 36, ""process_exec"": 36, ""process_kprobe"": 30}"
1776407253,normal,sw-wk3,0.16377777777775515,0.4064598544796565,223.79999999999998,193.33333333333334,3601.0,7062.566666666667,0.0,0,0,0,0,0,0,{}
1776407253,normal,sw-wk2,0.266482203775951,0.2797380124112797,100.87675434210087,100.87675434210087,5362.102876954362,27879.054572123878,0.0,0,0,0,0,0,0,{}
1776407264,normal,k3s-wk1,0.29984221170297964,0.6477310825714586,223.88159210614043,208.68057870524703,34954.063604240284,10474.831655443697,0.0,0,18,2,0,12,0,"{""process_exit"": 18, ""process_exec"": 18, ""process_kprobe"": 12}"
1776407264,normal,sw-wk3,0.14722222222226267,0.4029014870599029,223.79999999999998,198.26666666666665,4465.6,5830.6,0.0,0,0,0,0,0,0,{}
1776407264,normal,sw-wk2,0.266482203775951,0.2797380124112797,100.87675434210087,100.87675434210087,5362.102876954362,27879.054572123878,0.0,0,0,0,0,0,0,{}
1776407274,normal,k3s-wk1,0.2826666666666925,0.6575824930039973,223.86666666666667,208.66666666666666,9382.233333333334,3602.2,0.0,0,33,3,0,28,0,"{""process_exit"": 33, ""process_exec"": 33, ""process_kprobe"": 28}"
1776407274,normal,sw-wk3,0.14722222222226267,0.4029014870599029,223.79999999999998,198.26666666666665,4465.6,5830.6,0.0,0,0,0,0,0,0,{}
1776407274,normal,sw-wk2,0.266482203775951,0.2797380124112797,100.87675434210087,100.87675434210087,5362.102876954362,27879.054572123878,0.0,0,0,0,0,0,0,{}
1776407284,normal,k3s-wk1,0.2826666666666925,0.6575824930039973,223.86666666666667,208.66666666666666,9382.233333333334,3602.2,0.0,0,39,3,0,32,0,"{""process_exit"": 39, ""process_exec"": 39, ""process_kprobe"": 32}"
1776407284,normal,sw-wk3,0.14722222222226267,0.4029014870599029,223.79999999999998,198.26666666666665,4465.6,5830.6,0.0,0,1,1,0,0,0,"{""process_exit"": 7, ""process_exec"": 1}"
1776407284,normal,sw-wk2,0.11566666666664494,0.28658715292378656,116.06666666666666,100.86666666666666,967.1,3671.4000000000005,0.0,0,2,2,0,0,0,"{""process_exec"": 2}"
1776407294,normal,k3s-wk1,0.2826666666666925,0.6575824930039973,223.86666666666667,208.66666666666666,9382.233333333334,3602.2,0.0,0,15,2,0,10,0,"{""process_exit"": 15, ""process_exec"": 15, ""process_kprobe"": 10}"
1776407294,normal,sw-wk3,0.16222222222220606,0.40130866368490126,139.06666666666666,130.53333333333333,2331.2666666666664,6170.366666666667,0.0,0,0,0,0,0,0,{}
1776407294,normal,sw-wk2,0.11566666666664494,0.28658715292378656,116.06666666666666,100.86666666666666,967.1,3671.4,0.0,0,0,0,0,0,0,{}
1776407304,normal,k3s-wk1,0.2726666666667168,0.6612489741641766,223.86666666666667,208.66666666666666,10447.266666666666,4850.4,0.0,0,12,2,0,8,0,"{""process_exit"": 12, ""process_exec"": 12, ""process_kprobe"": 8}"
1776407304,normal,sw-wk3,0.16222222222220606,0.40130866368490126,139.06666666666666,130.53333333333333,2331.2666666666664,6170.366666666667,0.0,0,0,0,0,0,0,{}
1776407304,normal,sw-wk2,0.11566666666664494,0.28658715292378656,116.06666666666666,100.86666666666666,967.1,3671.4,0.0,0,104,5,0,0,0,"{""process_exit"": 106, ""process_exec"": 104}"
1776407314,normal,k3s-wk1,0.2726666666667168,0.6612489741641766,223.86666666666667,208.66666666666666,10447.266666666666,4850.4,0.0,0,57,3,0,50,0,"{""process_exit"": 57, ""process_exec"": 57, ""process_kprobe"": 50}"
1776407314,normal,sw-wk3,0.16222222222220606,0.40130866368490126,139.06666666666666,130.53333333333333,2331.2666666666664,6170.366666666667,0.0,0,1,1,0,0,0,"{""process_exit"": 3, ""process_exec"": 1}"
1776407314,normal,sw-wk2,0.25627180410196326,0.2827452629432827,113.1924538364109,97.99346710219318,6450.5366308912735,28131.02459836011,0.0,0,2,2,0,0,0,"{""process_exec"": 2}"
1776407324,normal,k3s-wk1,0.2726666666667168,0.6612489741641766,223.86666666666667,208.66666666666666,10447.266666666666,4850.4,0.0,0,12,2,0,8,0,"{""process_exit"": 12, ""process_exec"": 12, ""process_kprobe"": 8}"
1776407324,normal,sw-wk3,0.16088888888888409,0.40682461103253187,208.6,198.2666666666667,4968.933333333333,5803.533333333333,0.0,0,0,0,0,0,0,{}
1776407324,normal,sw-wk2,0.25627180410196326,0.2827452629432827,113.1924538364109,97.99346710219318,6450.5366308912735,28131.02459836011,0.0,0,6,6,0,0,0,"{""process_exec"": 6, ""process_exit"": 6}"
1776407334,normal,k3s-wk1,0.32011111111108526,0.664559869867011,223.86666666666667,208.66666666666666,34967.333333333336,10343.0,0.0,0,78,3,0,70,0,"{""process_exit"": 78, ""process_exec"": 78, ""process_kprobe"": 70}"
1776407334,normal,sw-wk3,0.16088888888888409,0.40682461103253187,208.6,198.26666666666665,4968.933333333333,5803.533333333333,0.0,0,0,0,0,0,0,{}
1776407334,normal,sw-wk2,0.25627180410196326,0.2827452629432827,113.1924538364109,97.99346710219318,6450.5366308912735,28131.02459836011,0.0,0,0,0,0,0,0,{}
1776407344,normal,k3s-wk1,0.32011111111108526,0.664559869867011,223.86666666666667,208.66666666666666,34967.333333333336,10343.0,0.0,0,12,2,0,8,0,"{""process_exit"": 12, ""process_exec"": 12, ""process_kprobe"": 8}"
1776407344,normal,sw-wk3,0.16088888888888409,0.40682461103253187,208.6,198.26666666666665,4968.933333333333,5803.533333333333,0.0,0,0,0,0,0,0,{}
1776407344,normal,sw-wk2,0.17705624819432975,0.2873373727334123,143194.5129675312,1407.960530702047,1597.2731515434364,5912.66084405627,0.0,0,0,0,0,0,0,{}
1776407354,normal,k3s-wk1,0.32011111111108526,0.664559869867011,223.86666666666667,208.66666666666666,34967.333333333336,10343.0,0.0,0,9,2,0,6,0,"{""process_exit"": 9, ""process_exec"": 9, ""process_kprobe"": 6}"
1776407354,normal,sw-wk3,0.18011111111110134,0.40302891292990306,223.79999999999998,200.73333333333332,2157.933333333334,5137.4,0.0,0,1,1,0,0,0,"{""process_exit"": 11, ""process_exec"": 1}"
1776407354,normal,sw-wk2,0.17705624819432975,0.2873373727334123,143194.5129675312,1407.960530702047,1597.2731515434364,5912.66084405627,0.0,0,10,5,0,0,0,"{""process_exec"": 10, ""process_exit"": 9}"
1776407364,normal,k3s-wk1,0.301111111111095,0.658474278754164,228.33333333333334,214.66666666666666,14134.833333333334,10538.833333333334,0.0,0,36,3,0,30,0,"{""process_exit"": 36, ""process_exec"": 36, ""process_kprobe"": 30}"
1776407364,normal,sw-wk3,0.18011111111110134,0.40302891292990306,223.79999999999998,200.73333333333332,2157.9333333333334,5137.4,0.0,0,0,0,0,0,0,{}
1776407364,normal,sw-wk2,0.17705624819432975,0.2873373727334123,143194.5129675312,1407.960530702047,1597.2731515434364,5912.66084405627,0.0,0,12,1,0,0,0,"{""process_exec"": 12, ""process_exit"": 12}"
1776407374,normal,k3s-wk1,0.301111111111095,0.658474278754164,228.33333333333334,214.66666666666666,14134.833333333334,10538.833333333334,0.0,0,60,3,0,52,0,"{""process_exit"": 60, ""process_exec"": 60, ""process_kprobe"": 52}"
1776407374,normal,sw-wk3,0.18011111111110134,0.40302891292990306,223.79999999999998,200.73333333333332,2157.9333333333334,5137.4,0.0,0,0,0,0,0,0,{}
1776407374,normal,sw-wk2,0.19922222222220531,0.2823757279202824,100.86666666666669,100.86666666666666,6242.766666666666,10518.2,0.0,0,19,1,0,0,0,"{""process_exec"": 19, ""process_exit"": 18}"
1776407384,normal,k3s-wk1,0.301111111111095,0.658474278754164,228.33333333333334,214.66666666666666,14134.833333333334,10538.833333333334,0.0,0,12,2,0,8,0,"{""process_exit"": 12, ""process_exec"": 12, ""process_kprobe"": 8}"
1776407384,normal,sw-wk3,0.1563333333333301,0.40568096384928065,223.79999999999998,198.2666666666667,3217.733333333334,6675.766666666666,0.0,0,1,1,0,0,0,"{""process_exit"": 3, ""process_exec"": 1}"
1776407384,normal,sw-wk2,0.19922222222220531,0.2823757279202824,100.86666666666666,100.86666666666666,6242.766666666666,10518.2,0.0,0,21,1,0,0,0,"{""process_exit"": 22, ""process_exec"": 21}"
1776407394,normal,k3s-wk1,0.28688888888888564,0.6733580700401756,223.86666666666667,208.66666666666666,21468.366666666665,2116.4333333333334,0.0,0,33,3,0,28,0,"{""process_exit"": 33, ""process_exec"": 33, ""process_kprobe"": 28}"
1776407394,normal,sw-wk3,0.1563333333333301,0.40568096384928065,223.79999999999998,198.26666666666665,3217.733333333333,6675.766666666666,0.0,0,0,0,0,0,0,{}
1776407394,normal,sw-wk2,0.19922222222220531,0.2823757279202824,100.86666666666666,100.86666666666666,6242.766666666666,10518.2,0.0,0,19,1,0,0,0,"{""process_exec"": 19, ""process_exit"": 18}"
1776407404,normal,k3s-wk1,0.28688888888888564,0.6733580700401756,223.86666666666667,208.66666666666666,21468.366666666665,2116.4333333333334,0.0,0,33,3,0,28,0,"{""process_exit"": 33, ""process_exec"": 33, ""process_kprobe"": 28}"
1776407404,normal,sw-wk3,0.1563333333333301,0.40568096384928065,223.79999999999998,198.26666666666665,3217.733333333333,6675.766666666666,0.0,0,1,1,0,0,0,"{""process_exit"": 3, ""process_exec"": 1}"
1776407404,normal,sw-wk2,0.11839210719287008,0.28334097888553333,110.99260049330044,100.85994267048864,1251.4499033397774,16384.341043930403,0.0,0,0,0,0,0,0,{}
1776407414,normal,k3s-wk1,0.28688888888888564,0.6733580700401756,223.86666666666667,208.66666666666666,21468.366666666665,2116.4333333333334,0.0,0,78,3,0,70,0,"{""process_exit"": 78, ""process_exec"": 78, ""process_kprobe"": 70}"
1776407414,normal,sw-wk3,0.1511111111111353,0.4058768811244059,149.2,133.0,1971.0333333333333,6129.433333333333,0.0,0,0,0,0,0,0,{}
1776407414,normal,sw-wk2,0.11839210719287008,0.28334097888553333,110.99260049330044,100.85994267048864,1251.4499033397774,16384.341043930403,0.0,0,0,0,0,0,0,{}
1776407424,normal,k3s-wk1,0.34911111111113213,0.6551216158706257,223.86666666666667,208.66666666666666,21599.366666666665,14253.699999999999,0.0,0,33,3,0,28,0,"{""process_exit"": 33, ""process_exec"": 33, ""process_kprobe"": 28}"
1776407424,normal,sw-wk3,0.1511111111111353,0.4058768811244059,149.2,133.0,1971.0333333333333,6129.433333333333,0.0,0,0,0,0,0,0,{}
1776407424,normal,sw-wk2,0.11839210719287008,0.28334097888553333,110.99260049330044,100.85994267048864,1251.4499033397774,16384.341043930403,0.0,0,0,0,0,0,0,{}
1776407434,normal,k3s-wk1,0.34911111111113213,0.6551216158706257,223.86666666666667,208.66666666666666,21599.366666666665,14253.699999999999,0.0,0,12,2,0,8,0,"{""process_exit"": 12, ""process_exec"": 12, ""process_kprobe"": 8}"
1776407434,normal,sw-wk3,0.1511111111111353,0.4058768811244059,149.2,133.0,1971.0333333333333,6129.433333333333,0.0,0,0,0,0,0,0,{}
1776407434,normal,sw-wk2,0.21747052876014916,0.2845228538297845,113.19622679244023,97.99673344221858,8959.96800106663,11756.4414519516,0.0,0,0,0,0,0,0,{}
1776407444,normal,k3s-wk1,0.34911111111113213,0.6551216158706257,223.86666666666667,208.66666666666666,21599.366666666665,14253.699999999999,0.0,0,33,3,0,28,0,"{""process_exit"": 33, ""process_exec"": 33, ""process_kprobe"": 28}"
1776407444,normal,sw-wk3,0.1645555555555297,0.40238700510977743,208.6,195.8,5081.733333333334,5325.233333333334,0.0,0,1,1,0,0,0,"{""process_exit"": 7, ""process_exec"": 1}"
1776407444,normal,sw-wk2,0.21747052876014938,0.2845228538297845,113.19622679244023,97.99673344221858,8959.968001066629,11756.4414519516,0.0,0,0,0,0,0,0,{}
1776407454,normal,k3s-wk1,0.28511111111110954,0.6532466081098318,421.46666666666664,301.1,10230.433333333332,5053.233333333334,0.0,0,36,3,0,30,0,"{""process_exit"": 36, ""process_exec"": 36, ""process_kprobe"": 30}"
1776407454,normal,sw-wk3,0.1645555555555297,0.40238700510977743,208.6,195.8,5081.733333333334,5325.233333333334,0.0,0,0,0,0,0,0,{}
1776407454,normal,sw-wk2,0.21747052876014938,0.2845228538297845,113.19622679244023,97.99673344221858,8959.968001066629,11756.4414519516,0.0,0,0,0,0,0,0,{}
1776407464,normal,k3s-wk1,0.28511111111110954,0.6532466081098318,421.46666666666664,301.1,10230.433333333332,5053.233333333334,0.0,0,78,3,0,70,0,"{""process_exit"": 78, ""process_exec"": 78, ""process_kprobe"": 70}"
1776407464,normal,sw-wk3,0.1645555555555297,0.40238700510977743,208.6,195.8,5081.733333333334,5325.233333333334,0.0,0,1,1,0,0,0,"{""process_exit"": 13, ""process_exec"": 1}"
1776407464,normal,sw-wk2,0.13297109903662718,0.27406118990277406,116.03720124004134,100.87002900096671,2789.659655321844,3792.4264142138068,0.0,0,0,0,0,0,0,{}
1776407474,normal,k3s-wk1,0.28511111111110954,0.6532466081098318,421.46666666666664,301.1,10230.433333333332,5053.233333333334,0.0,0,39,3,0,32,0,"{""process_exit"": 39, ""process_exec"": 39, ""process_kprobe"": 32}"
1776407474,normal,sw-wk3,0.16033333333333655,0.4080765702052831,218.73333333333332,205.66666666666666,2333.733333333333,7956.033333333333,0.0,0,0,0,0,0,0,{}
1776407474,normal,sw-wk2,0.13297109903662718,0.27406118990277406,116.03720124004134,100.87002900096671,2789.659655321844,3792.4264142138077,0.0,0,0,0,0,0,0,{}
1776407484,normal,k3s-wk1,0.2959999999999936,0.6466620685139801,220.79999999999998,210.66666666666666,11127.433333333332,9316.966666666667,0.0,0,39,3,0,32,0,"{""process_exit"": 39, ""process_exec"": 39, ""process_kprobe"": 32}"
1776407484,normal,sw-wk3,0.16033333333333655,0.4080765702052831,218.73333333333332,205.66666666666666,2333.733333333333,7956.033333333333,0.0,0,1,1,0,0,0,"{""process_exit"": 11, ""process_exec"": 1}"
1776407484,normal,sw-wk2,0.13297109903662718,0.27406118990277406,116.03720124004134,100.87002900096671,2789.659655321844,3792.4264142138077,0.0,0,0,0,0,0,0,{}
1776407494,normal,k3s-wk1,0.2959999999999936,0.6466620685139801,220.79999999999998,210.66666666666666,11127.433333333332,9316.966666666667,0.0,0,33,3,0,28,0,"{""process_exit"": 33, ""process_exec"": 33, ""process_kprobe"": 28}"
1776407494,normal,sw-wk3,0.16033333333333655,0.4080765702052831,218.73333333333332,205.66666666666666,2333.733333333333,0.0,0.0,0,0,0,0,0,0,{}
1776407494,normal,sw-wk2,0.2516666666666828,0.28322948124928327,116.0,100.86666666666666,5208.1,4113.166666666667,0.0,0,0,0,0,0,0,{}
1776407504,normal,k3s-wk1,0.2959999999999936,0.6466620685139801,220.79999999999998,210.66666666666666,11127.433333333332,9316.966666666667,0.0,0,33,3,0,28,0,"{""process_exit"": 33, ""process_exec"": 33, ""process_kprobe"": 28}"
1776407504,normal,sw-wk3,0.15616736661999508,0.40399416389515397,228.18478768082127,204.25304979668022,2833.177788147457,6719.818678754749,0.0,0,0,0,0,0,0,{}
1776407504,normal,sw-wk2,0.2516666666666828,0.28322948124928327,116.0,100.86666666666666,5208.1,4113.166666666667,0.0,0,0,0,0,0,0,{}
1776407514,normal,k3s-wk1,0.25586510263927853,0.6480607046462037,222.8739002932551,212.6099706744868,11483.571047720607,3727.5393228472403,0.0,0,33,3,0,28,0,"{""process_exit"": 34, ""process_exec"": 33, ""process_kprobe"": 28}"
1776407514,normal,sw-wk3,0.15616736661999508,0.40399416389515397,228.18478768082127,204.25304979668022,2833.177788147457,6719.818678754749,0.0,0,1,1,0,0,0,"{""process_exit"": 13, ""process_exec"": 1}"
1776407514,normal,sw-wk2,0.2516666666666828,0.28322948124928327,116.0,100.86666666666666,5208.1,4113.166666666667,0.0,0,0,0,0,0,0,{}
1776407524,normal,k3s-wk1,0.25586510263927853,0.6480607046462037,222.8739002932551,212.6099706744868,11483.571047720607,3727.5393228472403,0.0,0,15,2,0,10,0,"{""process_exit"": 15, ""process_exec"": 15, ""process_kprobe"": 10}"
1776407524,normal,sw-wk3,0.15616736661999508,0.40399416389515397,228.18478768082127,204.25304979668022,0.0,0.0,0.0,0,0,0,0,0,0,{}
1776407524,normal,sw-wk2,0.12399999999997824,0.2824872255565325,72.66666666666667,74.2,2091.1,3896.1,0.0,0,0,0,0,0,0,{}
1776407534,normal,k3s-wk1,0.25586510263927853,0.6480607046462037,222.8739002932551,212.6099706744868,11483.571047720607,3727.5393228472403,0.0,0,18,2,0,12,0,"{""process_exit"": 18, ""process_exec"": 18, ""process_kprobe"": 12}"
1776407534,normal,sw-wk3,0.1713892037246959,0.40722440969965723,176.57843856257085,161.07740516034403,3774.7849856657112,7155.410360690713,0.0,0,0,0,0,0,0,{}
1776407534,normal,sw-wk2,0.12399999999997824,0.2824872255565325,72.66666666666667,74.2,2091.1,3896.1,0.0,0,0,0,0,0,0,{}
1776407544,normal,k3s-wk1,0.30000555462980183,0.6349503252760302,229.8283619396767,215.23079486752204,10420.46325612398,8530.444925845692,0.0,0,33,3,0,28,0,"{""process_exit"": 33, ""process_exec"": 33, ""process_kprobe"": 28}"
1776407544,normal,sw-wk3,0.1713892037246959,0.40722440969965723,176.57843856257085,161.07740516034403,3774.7849856657112,7155.410360690713,0.0,0,2,2,0,0,0,"{""process_exec"": 2, ""process_exit"": 3}"
1776407544,normal,sw-wk2,0.12399999999997824,0.2824872255565325,72.66666666666667,74.2,2091.1,3896.1,0.0,0,0,0,0,0,0,{}
1776407554,normal,k3s-wk1,0.3000055546298017,0.6349503252760302,229.8283619396767,215.2307948675221,10420.46325612398,8530.444925845692,0.0,0,18,2,0,12,0,"{""process_exit"": 18, ""process_exec"": 18, ""process_kprobe"": 12}"
1776407554,normal,sw-wk3,0.1713892037246959,0.40722440969965723,176.57843856257085,0.0,0.0,6373.2,0.0,0,0,0,0,0,0,{}
1776407554,normal,sw-wk2,0.2389492632842214,0.28419632503790915,98.00653376891793,98.00653376891793,5994.332955530369,4171.844789652644,0.0,0,0,0,0,0,0,{}
1776407564,normal,k3s-wk1,0.3000055546298017,0.6349503252760302,229.8283619396767,215.2307948675221,10420.46325612398,8530.444925845692,0.0,0,33,3,0,28,0,"{""process_exit"": 33, ""process_exec"": 33, ""process_kprobe"": 28}"
1776407564,normal,sw-wk3,0.20966666666665545,0.4114119423525364,181.23333333333332,170.20000000000005,6444.6,6373.2,0.0,0,0,0,0,0,0,{}
1776407564,normal,sw-wk2,0.2389492632842214,0.28419632503790915,98.00653376891793,98.00653376891793,5994.332955530369,4171.844789652644,0.0,0,0,0,0,0,0,{}
1776407574,normal,k3s-wk1,0.27890974978043126,0.6367756639570679,223.96371761096478,208.75712808883853,10292.426718244575,9667.922766532165,0.0,0,37,3,0,30,0,"{""process_exit"": 37, ""process_exec"": 37, ""process_kprobe"": 30}"
1776407574,normal,sw-wk3,0.20966666666665545,0.4114119423525364,181.23333333333332,170.2,6444.6,6373.2,0.0,0,1,1,0,0,0,"{""process_exit"": 5, ""process_exec"": 1}"
1776407574,normal,sw-wk2,0.2389492632842214,0.28419632503790915,98.00653376891793,98.00653376891793,5994.332955530369,4171.844789652644,0.0,0,0,0,0,0,0,{}
1776407584,normal,k3s-wk1,0.27890974978043126,0.6367756639570679,223.96371761096478,208.75712808883853,10292.426718244575,9667.922766532165,0.0,0,35,3,0,30,0,"{""process_kprobe"": 30, ""process_exit"": 35, ""process_exec"": 35}"
1776407584,normal,sw-wk3,0.20966666666665545,0.4114119423525364,181.23333333333332,0.0,0.0,6439.033333333335,0.0,0,0,0,0,0,0,{}
1776407584,normal,sw-wk2,0.10577777777780284,0.2827452629432827,105.93333333333334,100.86666666666666,944.6666666666666,3640.9,0.0,0,0,0,0,0,0,{}
1776407594,normal,k3s-wk1,0.27890974978043126,0.6367756639570679,223.96371761096478,208.75712808883853,10292.426718244575,9667.922766532165,0.0,0,39,3,0,32,0,"{""process_exit"": 39, ""process_exec"": 39, ""process_kprobe"": 32}"
1776407594,normal,sw-wk3,0.2035555555555928,0.4255514354524256,213.66666666666666,200.73333333333332,4049.0,6439.033333333333,0.0,0,0,0,0,0,0,{}
1776407594,normal,sw-wk2,0.10577777777780284,0.2827452629432827,105.93333333333334,100.86666666666666,944.6666666666666,3640.9,0.0,0,0,0,0,0,0,{}
1776407604,normal,k3s-wk1,0.29655555555558133,0.6425632405913781,223.86666666666667,208.66666666666666,10128.333333333334,4777.4,0.0,0,36,3,0,30,0,"{""process_exit"": 36, ""process_exec"": 36, ""process_kprobe"": 30}"
1776407604,normal,sw-wk3,0.2035555555555928,0.4255514354524256,213.66666666666666,200.73333333333332,4049.0,6439.033333333333,0.0,0,0,0,0,0,0,{}
1776407604,normal,sw-wk2,0.10577777777780284,0.2827452629432827,105.93333333333334,100.86666666666666,944.6666666666666,3640.9,0.0,0,0,0,0,0,0,{}
1776407614,normal,k3s-wk1,0.29655555555558133,0.6425632405913781,223.86666666666667,208.66666666666666,10128.333333333334,4777.4,0.0,0,33,3,0,28,0,"{""process_exit"": 33, ""process_exec"": 33, ""process_kprobe"": 28}"
1776407614,normal,sw-wk3,0.2035555555555928,0.4255514354524256,0.0,0.0,3070.2,7569.066666666668,0.0,0,1,1,0,0,0,"{""process_exit"": 15, ""process_exec"": 1}"
1776407614,normal,sw-wk2,0.22238517432169413,0.2818230182091568,116.05892940470635,100.85994267048864,5144.2903806412905,4097.493500433305,0.0,0,0,0,0,0,0,{}
1776407624,normal,k3s-wk1,0.29655555555558133,0.6425632405913781,223.86666666666667,208.66666666666666,10128.333333333334,4777.4,0.0,0,36,3,0,30,0,"{""process_exit"": 36, ""process_exec"": 36, ""process_kprobe"": 30}"
1776407624,normal,sw-wk3,0.15755555555555867,0.4369433082304369,223.79999999999998,203.2,3070.2,7569.066666666667,0.0,0,0,0,0,0,0,{}
1776407624,normal,sw-wk2,0.22238517432169413,0.2818230182091568,116.05892940470635,100.85994267048864,5144.2903806412905,4097.493500433305,0.0,0,0,0,0,0,0,{}
1776407634,normal,k3s-wk1,0.27700000000000324,0.6384948914222628,223.86666666666667,208.6666666666667,11320.666666666666,6308.466666666666,0.0,0,12,2,0,8,0,"{""process_exit"": 12, ""process_exec"": 12, ""process_kprobe"": 8}"
1776407634,normal,sw-wk3,0.15755555555555878,0.4369433082304369,223.79999999999998,203.2,3070.2,7569.066666666667,0.0,0,0,0,0,0,0,{}
1776407634,normal,sw-wk2,0.22238517432169413,0.2818230182091568,116.05892940470635,100.85994267048864,5144.2903806412905,4097.493500433305,0.0,0,0,0,0,0,0,{}
1776407644,normal,k3s-wk1,0.27700000000000324,0.6384948914222628,223.86666666666667,208.66666666666666,11320.666666666666,6308.466666666666,0.0,0,39,3,0,32,0,"{""process_exit"": 39, ""process_exec"": 39, ""process_kprobe"": 32}"
1776407644,normal,sw-wk3,0.15755555555555878,0.4369433082304369,0.0,0.0,2367.0000000000005,5527.2,0.0,0,0,0,0,0,0,{}
1776407644,normal,sw-wk2,0.11122222222222466,0.27991959427602997,113.2,98.0,616.7333333333333,3621.133333333333,0.0,0,0,0,0,0,0,{}
1776407654,normal,k3s-wk1,0.27700000000000324,0.6384948914222628,223.86666666666667,208.66666666666666,11320.666666666666,6308.466666666666,0.0,0,78,3,0,70,0,"{""process_exit"": 78, ""process_exec"": 78, ""process_kprobe"": 70}"
1776407654,normal,sw-wk3,0.16199999999997905,0.45083909935395083,213.66666666666666,195.8,2367.0,5527.2,0.0,0,1,1,0,0,0,"{""process_exit"": 5, ""process_exec"": 1}"
1776407654,normal,sw-wk2,0.11122222222222466,0.27991959427602997,113.2,98.0,616.7333333333333,3621.133333333333,0.0,0,0,0,0,0,0,{}
1776407664,normal,k3s-wk1,0.2881111111111143,0.6412582984050581,218.79999999999998,208.66666666666666,10285.366666666667,4866.266666666666,0.0,0,30,3,0,26,0,"{""process_exit"": 30, ""process_exec"": 30, ""process_kprobe"": 26}"
1776407664,normal,sw-wk3,0.16199999999997905,0.45083909935395083,213.66666666666666,195.8,2367.0,5527.2,0.0,0,0,0,0,0,0,{}
1776407664,normal,sw-wk2,0.11122222222222466,0.27991959427602997,113.2,98.0,616.7333333333333,3621.133333333333,0.0,0,0,0,0,0,0,{}
1776407674,normal,k3s-wk1,0.2881111111111143,0.6412582984050581,218.79999999999998,208.66666666666666,10285.366666666667,4866.266666666666,0.0,0,36,3,0,30,0,"{""process_exit"": 36, ""process_exec"": 36, ""process_kprobe"": 30}"
1776407674,normal,sw-wk3,0.16199999999997905,0.45083909935395083,0.0,133.0,7206.466666666668,7159.166666666667,0.0,0,1,1,0,0,0,"{""process_exit"": 4, ""process_exec"": 1}"
1776407674,normal,sw-wk2,0.18994599639976395,0.283008078800158,116.00773384892327,100.87339155943731,3766.684445629709,4146.109740649377,0.0,0,0,0,0,0,0,{}
1776407684,normal,k3s-wk1,0.2881111111111143,0.6412582984050581,218.79999999999998,208.66666666666666,10285.366666666667,4866.266666666666,0.0,0,12,2,0,8,0,"{""process_exit"": 12, ""process_exec"": 12, ""process_kprobe"": 8}"
1776407684,normal,sw-wk3,0.1986666666666781,0.413070071485913,139.06666666666666,133.0,7206.466666666666,7159.166666666667,0.0,0,0,0,0,0,0,{}
1776407684,normal,sw-wk2,0.18994599639976395,0.283008078800158,116.00773384892327,100.87339155943731,3766.684445629709,4146.109740649377,0.0,0,0,0,0,0,0,{}
1776407694,normal,k3s-wk1,0.30824515871428515,0.6429560778585401,218.37359419711188,208.29174153190925,10241.066081054101,11378.585213282759,0.0,0,15,2,0,10,0,"{""process_exit"": 15, ""process_exec"": 15, ""process_kprobe"": 10}"
1776407694,normal,sw-wk3,0.1986666666666781,0.413070071485913,139.06666666666666,133.0,7206.466666666666,7159.166666666667,0.0,0,1,1,0,0,0,"{""process_exit"": 9, ""process_exec"": 1}"
1776407694,normal,sw-wk2,0.18994599639976395,0.283008078800158,116.00773384892327,100.87339155943731,3766.684445629709,4146.109740649377,0.0,0,0,0,0,0,0,{}
1776407704,normal,k3s-wk1,0.30824515871428515,0.6429560778585401,218.37359419711188,208.29174153190925,10241.066081054103,11378.585213282759,0.0,0,33,3,0,28,0,"{""process_exit"": 33, ""process_exec"": 33, ""process_kprobe"": 28}"
1776407704,normal,sw-wk3,0.15155555555554912,0.40999751519553496,211.06666666666666,195.8,2345.3,6465.4,0.0,0,0,0,0,0,0,{}
1776407704,normal,sw-wk2,0.14944444444443228,0.2814184410719064,68.2,68.2,2712.1000000000004,3703.9333333333334,0.0,0,0,0,0,0,0,{}
1776407714,normal,k3s-wk1,0.30824515871428515,0.6429560778585401,218.37359419711188,208.29174153190925,10241.066081054103,11378.585213282759,0.0,0,39,3,0,32,0,"{""process_exit"": 39, ""process_exec"": 39, ""process_kprobe"": 32}"
1776407714,normal,sw-wk3,0.15155555555554912,0.40999751519553496,211.06666666666666,195.8,2345.3,6465.4,0.0,0,0,0,0,0,0,{}
1776407714,normal,sw-wk2,0.14944444444443228,0.2814184410719064,68.2,68.2,2712.1,3703.9333333333334,0.0,0,0,0,0,0,0,{}
1776407724,normal,k3s-wk1,0.2995169082125977,0.6527375000423317,224.27035330261137,209.0429439658051,10564.98363721365,4801.008481934148,0.0,0,18,2,0,12,0,"{""process_exit"": 18, ""process_exec"": 18, ""process_kprobe"": 12}"
1776407724,normal,sw-wk3,0.15155555555554912,0.40999751519553496,211.06666666666666,195.8,2345.3,6465.4,0.0,0,1,1,0,0,0,"{""process_exit"": 5, ""process_exec"": 1}"
1776407724,normal,sw-wk2,0.14944444444443228,0.2814184410719064,68.2,68.2,2712.1,3703.9333333333334,0.0,0,104,5,0,0,0,"{""process_exit"": 106, ""process_exec"": 104}"
1776407734,transition,k3s-wk1,0.2995169082125977,0.6527375000423317,224.27035330261137,209.0429439658051,10564.98363721365,4801.008481934148,0.0,10,15,2,0,10,0,"{""process_exit"": 15, ""process_exec"": 15, ""process_kprobe"": 10}"
1776407734,transition,sw-wk3,0.0,0.40999751519553496,218.13333333333333,201.8,2883.733333333333,5941.1,0.0,10,0,0,0,0,0,{}
1776407734,transition,sw-wk2,0.2372730706841807,0.2834476980516585,105.92627158189454,100.85994267048864,5804.6130257982795,27840.54396373575,0.0,10,0,0,0,0,0,{}
1776407744,normal,k3s-wk1,0.2995169082125977,0.6527375000423317,224.27035330261137,209.0429439658051,10564.98363721365,4801.008481934148,0.0,0,12,2,0,8,0,"{""process_exit"": 12, ""process_exec"": 12, ""process_kprobe"": 8}"
1776407744,normal,sw-wk3,0.1514444444444557,0.4009232004281509,218.13333333333333,201.80000000000004,2883.733333333333,5941.1,0.0,0,0,0,0,0,0,{}
1776407744,normal,sw-wk2,0.2372730706841807,0.2834476980516585,105.92627158189454,100.85994267048864,5804.6130257982795,27840.54396373575,0.0,0,0,0,0,0,0,{}
1776407754,normal,k3s-wk1,0.27566666666664075,0.6584110635617471,223.83333333333334,208.66666666666666,33302.4,6659.599999999999,0.0,0,12,2,0,8,0,"{""process_exit"": 12, ""process_exec"": 12, ""process_kprobe"": 8}"
1776407754,normal,sw-wk3,0.1514444444444557,0.4009232004281509,218.13333333333333,201.8,2883.733333333333,5941.1,0.0,0,1,1,0,0,0,"{""process_exit"": 9, ""process_exec"": 1}"
1776407754,normal,sw-wk2,0.2372730706841807,0.2834476980516585,105.92627158189454,100.85994267048864,5804.6130257982795,27840.54396373575,0.0,0,0,0,0,0,0,{}
1776407764,transition,k3s-wk1,0.27566666666664075,0.6584110635617471,223.83333333333334,208.66666666666666,33302.4,6659.599999999999,0.0,9,15,2,0,10,0,"{""process_exit"": 15, ""process_exec"": 15, ""process_kprobe"": 10}"
1776407764,transition,sw-wk3,0.0,0.4009232004281509,213.66666666666666,193.33333333333337,1956.7333333333333,6423.266666666666,0.0,9,0,0,0,0,0,{}
1776407764,transition,sw-wk2,0.1148888888888906,0.27807829045452803,116.03333333333333,100.86666666666666,566.9333333333333,3665.866666666667,0.0,9,0,0,0,0,0,{}
1776407774,normal,k3s-wk1,0.27566666666664075,0.6584110635617471,223.83333333333334,208.66666666666666,33302.4,6659.599999999999,0.0,0,15,2,0,10,0,"{""process_exit"": 15, ""process_exec"": 15, ""process_kprobe"": 10}"
1776407774,normal,sw-wk3,0.16044444444442985,0.4063021649655313,213.66666666666666,193.33333333333334,1956.7333333333333,6423.266666666666,0.0,0,0,0,0,0,0,{}
1776407774,normal,sw-wk2,0.1148888888888906,0.27807829045452803,116.03333333333333,100.86666666666666,566.9333333333333,3665.866666666667,0.0,0,2,2,0,0,0,"{""process_exec"": 2}"
1776407784,normal,k3s-wk1,0.2847777777777889,0.6611225437793429,223.83333333333334,208.66666666666666,10757.566666666666,4889.7,0.0,0,33,3,0,28,0,"{""process_exit"": 33, ""process_exec"": 33, ""process_kprobe"": 28}"
1776407784,normal,sw-wk3,0.16044444444442985,0.4063021649655313,213.66666666666666,193.33333333333334,1956.7333333333333,6423.266666666666,0.0,0,1,1,0,0,0,"{""process_exit"": 5, ""process_exec"": 1}"
1776407784,normal,sw-wk2,0.1148888888888906,0.27807829045452803,116.03333333333333,100.86666666666666,566.9333333333333,3665.866666666667,0.0,0,104,5,0,0,0,"{""process_exit"": 106, ""process_exec"": 104}"
