timestamp,label,node,avg_cpu,avg_mem,net_bytes_in,net_bytes_out,net_internal_bytes_in,net_internal_bytes_out,last_successful_scrape_age_sec,exec_count,unique_process_count,tmp_exec_count,outbound_connect_count,mining_port_count,syscall_feature_vector
1774278989,normal,sw-wk2,0.14466373294215717,0.4030682487386398,0.0,0.0,5021.702893719163,4603.547139618616,0,0,0,0,0,0,{}
1774278989,normal,k3s-wk1,0.2555555555555151,0.6824637128080957,0.0,0.0,9711.966666666667,5658.633333333333,0,0,0,0,0,0,{}
1774278989,normal,sw-wk3,0.11411111111115646,0.411269897797788,0.0,0.0,10413.333333333334,5314.2,0,0,0,0,0,0,{}
1774278999,normal,sw-wk2,0.14466373294215717,0.4030682487386398,0.0,0.0,5021.702893719163,4603.547139618616,0,0,0,0,0,0,{}
1774278999,normal,k3s-wk1,0.2555555555555151,0.6824637128080957,0.0,0.0,9711.966666666667,5658.633333333333,0,12,2,0,11,0,"{""process_exit"": 12, ""process_exec"": 12, ""process_kprobe"": 11}"
1774278999,normal,sw-wk3,0.08955555555552974,0.41246759551241363,0.0,0.0,3006.2,5160.566666666667,0,0,0,0,0,0,{}
1774279009,normal,sw-wk2,0.14466373294215717,0.4030682487386398,0.0,0.0,5021.702893719163,4603.547139618616,0,0,0,0,0,0,{}
1774279009,normal,k3s-wk1,0.3074444444444653,0.7021397270729428,130.56666666666666,120.46666666666667,9391.166666666666,5518.3,0,15,2,0,11,0,"{""process_exit"": 15, ""process_exec"": 15, ""process_kprobe"": 11}"
1774279009,normal,sw-wk3,0.08955555555552974,0.41246759551241363,0.0,0.0,3006.2,5160.566666666667,0,0,0,0,0,0,{}
1774279019,normal,sw-wk2,0.13088888888887595,0.4042659440704134,0.0,0.0,526.4666666666667,4355.666666666667,0,1,1,0,0,0,"{""process_exit"": 1, ""process_exec"": 1}"
1774279019,normal,k3s-wk1,0.3074444444444655,0.7021397270729428,130.56666666666666,120.46666666666667,9391.166666666666,5518.3,0,39,3,0,33,0,"{""process_exit"": 39, ""process_exec"": 39, ""process_kprobe"": 33}"
1774279019,normal,sw-wk3,0.08955555555552974,0.41246759551241363,0.0,0.0,3006.2,5160.566666666667,0,0,0,0,0,0,{}
1774279029,normal,sw-wk2,0.13088888888887595,0.4042659440704134,0.0,0.0,526.4666666666667,4355.666666666667,0,2,2,0,0,0,"{""process_exec"": 2}"
1774279029,normal,k3s-wk1,0.3074444444444655,0.7021397270729428,130.56666666666666,120.46666666666667,9391.166666666666,5518.3,0,39,3,0,34,0,"{""process_exit"": 39, ""process_exec"": 39, ""process_kprobe"": 34}"
1774279029,normal,sw-wk3,0.09111111111115955,0.41280183673509996,0.0,0.0,2415.0000000000005,5345.233333333334,0,1,1,0,0,0,"{""process_exit"": 1, ""process_exec"": 1}"
1774279039,normal,sw-wk2,0.13088888888887595,0.4042659440704134,0.0,0.0,526.4666666666667,4355.666666666667,0,0,0,0,0,0,{}
1774279039,normal,k3s-wk1,0.2799999999999677,0.7054493295258649,194.46666666666667,179.26666666666665,10267.366666666667,4492.2,0,36,3,0,31,0,"{""process_exit"": 36, ""process_exec"": 36, ""process_kprobe"": 31}"
1774279039,normal,sw-wk3,0.09111111111115955,0.41280183673509996,0.0,0.0,2415.0,5345.233333333334,0,0,0,0,0,0,{}
1774279049,normal,sw-wk2,0.1563333333333301,0.4054119116968279,0.0,0.0,4344.633333333333,27749.933333333334,0,104,5,0,0,0,"{""process_exit"": 106, ""process_exec"": 104}"
1774279049,normal,k3s-wk1,0.2799999999999677,0.7054493295258649,194.46666666666667,179.26666666666665,10267.366666666667,4492.2,0,18,2,0,17,0,"{""process_exit"": 18, ""process_exec"": 18, ""process_kprobe"": 17}"
1774279049,normal,sw-wk3,0.09111111111115955,0.41280183673509996,0.0,0.0,2415.0,5345.233333333334,0,0,0,0,0,0,{}
1774279059,normal,sw-wk2,0.1563333333333301,0.4054119116968279,0.0,0.0,4344.633333333333,27749.933333333334,0,1,1,0,0,0,"{""process_exit"": 1, ""process_exec"": 1}"
1774279059,normal,k3s-wk1,0.2799999999999677,0.7054493295258649,194.46666666666667,179.26666666666665,10267.366666666667,4492.2,0,33,3,0,30,0,"{""process_exit"": 33, ""process_exec"": 33, ""process_kprobe"": 30}"
1774279059,normal,sw-wk3,0.09499999999995146,0.4127918890796628,0.0,0.0,2925.7000000000007,5301.933333333333,0,1,1,0,0,0,"{""process_exit"": 1, ""process_exec"": 1}"
1774279069,normal,sw-wk2,0.1563333333333301,0.4054119116968279,0.0,0.0,4344.633333333333,27749.933333333334,0,0,0,0,0,0,{}
1774279069,normal,k3s-wk1,0.2814444444444638,0.7083141424642392,198.83333333333337,185.26666666666665,32750.6,6496.5,0,15,2,0,13,0,"{""process_exit"": 15, ""process_exec"": 15, ""process_kprobe"": 13}"
1774279069,normal,sw-wk3,0.09499999999995146,0.4127918890796628,0.0,0.0,2925.7,5301.933333333333,0,0,0,0,0,0,{}
1774279079,normal,sw-wk2,0.08077777777778261,0.4058416495567334,0.0,0.0,1386.2333333333333,4417.533333333333,0,0,0,0,0,0,{}
1774279079,normal,k3s-wk1,0.2814444444444638,0.7083141424642392,198.83333333333334,185.26666666666665,32750.6,6496.5,0,57,3,0,52,0,"{""process_exit"": 57, ""process_exec"": 57, ""process_kprobe"": 52}"
1774279079,normal,sw-wk3,0.09499999999995146,0.4127918890796628,0.0,0.0,2925.7,5301.933333333333,0,0,0,0,0,0,{}
1774279090,normal,sw-wk2,0.08077777777778261,0.4058416495567334,0.0,0.0,1386.2333333333333,4417.533333333333,0,106,6,0,0,0,"{""process_exec"": 106, ""process_exit"": 104}"
1774279090,normal,k3s-wk1,0.2814444444444638,0.7083141424642392,198.83333333333334,185.26666666666665,32750.6,6496.5,0,54,3,0,51,0,"{""process_exit"": 54, ""process_exec"": 54, ""process_kprobe"": 51}"
1774279090,normal,sw-wk3,0.09088888888885172,0.4130326223412404,0.0,0.0,2432.633333333333,5058.7,0,0,0,0,0,0,{}
1774279100,normal,sw-wk2,0.08077777777778261,0.4058416495567334,0.0,0.0,1386.2333333333333,4417.533333333333,0,1,1,0,0,0,"{""process_exit"": 3, ""process_exec"": 1}"
1774279100,normal,k3s-wk1,0.30033333333332035,0.7076482741377268,194.46666666666667,179.26666666666665,33026.5,9341.8,0,36,3,0,31,0,"{""process_exit"": 36, ""process_exec"": 36, ""process_kprobe"": 31}"
1774279100,normal,sw-wk3,0.09088888888885172,0.4130326223412404,0.0,0.0,2432.633333333333,5058.7,0,0,0,0,0,0,{}
1774279110,normal,sw-wk2,0.14411111111112407,0.40517913702271247,0.0,0.0,4493.7,27884.266666666666,0,0,0,0,0,0,{}
1774279110,normal,k3s-wk1,0.30033333333332035,0.7076482741377268,194.46666666666667,179.26666666666665,33026.5,9341.8,0,33,3,0,33,0,"{""process_exit"": 33, ""process_exec"": 33, ""process_kprobe"": 33}"
1774279110,normal,sw-wk3,0.09088888888885172,0.4130326223412404,0.0,0.0,2432.633333333333,5058.7,0,1,1,0,0,0,"{""process_exit"": 1, ""process_exec"": 1}"
1774279120,normal,sw-wk2,0.14411111111112407,0.40517913702271247,0.0,0.0,4493.7,27884.266666666666,0,0,0,0,0,0,{}
1774279120,normal,k3s-wk1,0.30033333333332035,0.7076482741377268,194.46666666666667,179.26666666666665,33026.5,9341.8,0,15,2,0,12,0,"{""process_exit"": 15, ""process_exec"": 15, ""process_kprobe"": 12}"
1774279120,normal,sw-wk3,0.09322222222229659,0.413249481229769,0.0,0.0,3479.7,5303.066666666667,0,0,0,0,0,0,{}
1774279130,normal,sw-wk2,0.14411111111112407,0.40517913702271247,0.0,0.0,4493.7,27884.266666666666,0,1,1,0,0,0,"{""process_exit"": 1, ""process_exec"": 1}"
1774279130,normal,k3s-wk1,0.2631111111111546,0.7096432472266452,191.6,176.4,9524.06666666667,1524.6666666666667,0,15,2,0,11,0,"{""process_exit"": 15, ""process_exec"": 15, ""process_kprobe"": 11}"
1774279130,normal,sw-wk3,0.09322222222229659,0.413249481229769,0.0,0.0,3479.7,5303.066666666667,0,0,0,0,0,0,{}
1774279140,normal,sw-wk2,0.07355555555554416,0.40517515796845405,0.0,0.0,412.0,4292.6,0,0,0,0,0,0,{}
1774279140,normal,k3s-wk1,0.2631111111111548,0.7096432472266452,191.6,176.4,9524.066666666666,1524.6666666666667,0,33,3,0,29,0,"{""process_exit"": 33, ""process_exec"": 33, ""process_kprobe"": 29}"
1774279140,normal,sw-wk3,0.09322222222229659,0.413249481229769,0.0,0.0,3479.7,5303.066666666667,0,0,0,0,0,0,{}
1774279150,normal,sw-wk2,0.07355555555554416,0.40517515796845405,0.0,0.0,412.0,4292.6,0,3,2,0,0,0,"{""process_exec"": 3, ""process_exit"": 1}"
1774279150,normal,k3s-wk1,0.2631111111111548,0.7096432472266452,191.6,176.4,9524.066666666666,1524.6666666666667,0,15,2,0,12,0,"{""process_exit"": 15, ""process_exec"": 15, ""process_kprobe"": 12}"
1774279150,normal,sw-wk3,0.08764679087643878,0.41324550216759415,0.0,0.0,2370.3629637036297,5089.957670899576,0,0,0,0,0,0,{}
1774279160,normal,sw-wk2,0.07355555555554416,0.40517515796845405,0.0,0.0,412.0,4292.6,0,104,5,0,0,0,"{""process_exit"": 104, ""process_exec"": 104}"
1774279160,normal,k3s-wk1,0.2711111111110869,0.7094998091879301,194.46666666666667,179.26666666666665,10176.9,4469.066666666667,0,18,2,0,15,0,"{""process_exit"": 18, ""process_exec"": 18, ""process_kprobe"": 15}"
1774279160,normal,sw-wk3,0.08764679087643878,0.41324550216759415,0.0,0.0,2370.3629637036297,5089.957670899576,0,1,1,0,0,0,"{""process_exit"": 1, ""process_exec"": 1}"
1774279170,normal,sw-wk2,0.14844444444445093,0.40548353467347886,0.0,0.0,5142.633333333333,28004.766666666666,0,0,0,0,0,0,"{""process_exit"": 2}"
1774279170,normal,k3s-wk1,0.2711111111110869,0.7094998091879301,194.46666666666667,179.26666666666665,10176.9,4469.066666666667,0,18,2,0,18,0,"{""process_kprobe"": 18, ""process_exit"": 18, ""process_exec"": 18}"
1774279170,normal,sw-wk3,0.08764679087643878,0.41324550216759415,0.0,0.0,2370.3629637036297,5089.957670899576,0,0,0,0,0,0,{}
1774279180,normal,sw-wk2,0.14844444444445093,0.40548353467347886,0.0,0.0,5142.633333333333,28004.766666666666,0,0,0,0,0,0,{}
1774279180,normal,k3s-wk1,0.2711111111110869,0.7094998091879301,194.46666666666667,179.26666666666665,10176.9,4469.066666666667,0,205,6,0,53,0,"{""process_exit"": 135, ""process_exec"": 205, ""process_kprobe"": 53}"
1774279180,normal,sw-wk3,0.11124445777911607,0.4150082267110464,0.0,0.0,4647.631429809649,5285.261859519285,0,1,1,0,0,0,"{""process_exit"": 1, ""process_exec"": 1}"
1774279190,normal,sw-wk2,0.14844444444445093,0.40548353467347886,0.0,0.0,5142.633333333333,28004.766666666666,0,0,0,0,0,0,{}
1774279190,normal,k3s-wk1,0.35266666666664404,0.7123356713294995,815.0,474.5666666666668,32571.2,8477.1,0,198,5,0,9,0,"{""process_exit"": 113, ""process_exec"": 198, ""process_kprobe"": 9}"
1774279190,normal,sw-wk3,0.11124445777911607,0.4150082267110464,0.0,0.0,4647.631429809648,5285.261859519285,0,0,0,0,0,0,{}
1774279200,normal,sw-wk2,0.08905106245905792,0.4081296057553041,0.0,0.0,876.037188843347,4128.728048252191,0,0,0,0,0,0,{}
1774279200,normal,k3s-wk1,0.35266666666664404,0.7123356713294995,815.0,474.56666666666666,32571.2,8477.1,0,197,5,0,9,0,"{""process_exit"": 112, ""process_exec"": 197, ""process_kprobe"": 9}"
1774279200,normal,sw-wk3,0.11124445777911607,0.4150082267110464,0.0,0.0,4647.631429809648,5285.261859519285,0,0,0,0,0,0,{}
1774279210,normal,sw-wk2,0.08905106245905792,0.4081296057553041,0.0,0.0,876.037188843347,4128.728048252191,0,3,2,0,0,0,"{""process_exec"": 3, ""process_exit"": 1}"
1774279210,normal,k3s-wk1,0.35266666666664404,0.7123356713294995,815.0,474.56666666666666,32571.2,8477.1,0,221,6,0,32,0,"{""process_exit"": 136, ""process_exec"": 221, ""process_kprobe"": 32}"
1774279210,normal,sw-wk3,0.09499999999999176,0.4154777560476771,0.0,0.0,3322.4666666666667,5418.7,0,0,0,0,0,0,{}
1774279220,normal,sw-wk2,0.08905106245905792,0.4081296057553041,0.0,0.0,876.037188843347,4128.728048252191,0,0,0,0,0,0,{}
1774279220,normal,k3s-wk1,0.3240000000000388,0.7127093997973444,199.7,185.0,10271.033333333333,7138.433333333333,0,181,6,0,29,0,"{""process_exit"": 114, ""process_exec"": 181, ""process_kprobe"": 29}"
1774279220,normal,sw-wk3,0.09499999999999187,0.4154777560476771,0.0,0.0,3322.4666666666667,5418.7,0,0,0,0,0,0,{}
1774279230,normal,sw-wk2,0.14627369918428446,0.3997974661382483,0.0,0.0,7014.936320597452,28282.256451290257,0,104,5,0,0,0,"{""process_exit"": 106, ""process_exec"": 104}"
1774279230,normal,k3s-wk1,0.3240000000000388,0.7127093997973444,199.7,185.0,10271.033333333333,7138.433333333333,0,251,6,0,61,0,"{""process_exit"": 166, ""process_exec"": 251, ""process_kprobe"": 61}"
1774279230,normal,sw-wk3,0.09499999999999187,0.4154777560476771,0.0,0.0,3322.4666666666667,5418.7,0,1,1,0,0,0,"{""process_exit"": 1, ""process_exec"": 1}"
1774279240,normal,sw-wk2,0.14627369918428457,0.3997974661382483,0.0,0.0,7014.936320597452,28282.256451290257,0,0,0,0,0,0,{}
1774279240,normal,k3s-wk1,0.3240000000000388,0.7127093997973444,199.7,185.0,10271.033333333333,7138.433333333333,0,221,6,0,32,0,"{""process_exit"": 136, ""process_exec"": 221, ""process_kprobe"": 32}"
1774279240,normal,sw-wk3,0.09078789494733863,0.4157005835294679,0.0,0.0,4527.363018264232,5428.876149846687,0,1,1,0,0,0,"{""process_exit"": 1, ""process_exec"": 1}"
1774279250,normal,sw-wk2,0.14627369918428457,0.3997974661382483,0.0,0.0,7014.936320597452,28282.256451290257,0,0,0,0,0,0,{}
1774279250,normal,k3s-wk1,0.34044325945672804,0.7173046808174652,194.43426095650722,179.23679386768873,32946.34227628729,8281.253124479254,0,160,5,0,11,0,"{""process_exit"": 92, ""process_exec"": 160, ""process_kprobe"": 11}"
1774279250,normal,sw-wk3,0.09078789494733863,0.4157005835294679,0.0,0.0,4527.363018264232,5428.876149846687,0,0,0,0,0,0,{}
1774279260,normal,sw-wk2,0.08068584636237841,0.3987171529070971,0.0,0.0,541.4541454145415,4116.711671167116,0,0,0,0,0,0,{}
1774279260,normal,k3s-wk1,0.34044325945672804,0.7173046808174652,194.43426095650725,179.23679386768873,32946.34227628729,8281.253124479254,0,221,6,0,32,0,"{""process_exit"": 136, ""process_exec"": 221, ""process_kprobe"": 32}"
1774279260,normal,sw-wk3,0.09078789494733863,0.4157005835294679,0.0,0.0,4527.363018264232,5428.876149846687,0,0,0,0,0,0,{}
1774279270,normal,sw-wk2,0.08068584636237841,0.3987171529070971,0.0,0.0,541.4541454145415,4116.711671167116,0,107,7,0,0,0,"{""process_exit"": 107, ""process_exec"": 107}"
1774279270,normal,k3s-wk1,0.34044325945672804,0.7173046808174652,194.43426095650725,179.23679386768873,32946.34227628729,8281.253124479254,0,205,6,0,53,0,"{""process_exit"": 137, ""process_exec"": 205, ""process_kprobe"": 53}"
1774279270,normal,sw-wk3,0.09487931724229093,0.4158159763325382,0.0,0.0,2290.205360714762,5294.639285238031,0,0,0,0,0,0,{}
1774279280,normal,sw-wk2,0.08068584636237841,0.3987171529070971,0.0,0.0,541.4541454145415,4116.711671167116,0,0,0,0,0,0,{}
1774279280,normal,k3s-wk1,0.33844529643826793,0.7116342724796357,191.6319386564427,176.4294049008168,33202.60043340557,9433.072178696448,0,166,5,0,13,0,"{""process_exit"": 98, ""process_exec"": 166, ""process_kprobe"": 13}"
1774279280,normal,sw-wk3,0.09487931724229093,0.4158159763325382,0.0,0.0,2290.205360714762,5294.639285238031,0,0,0,0,0,0,{}
1774279290,normal,sw-wk2,0.15233333333336407,0.39897977048815036,0.0,0.0,5138.8,27938.63333333334,0,0,0,0,0,0,{}
1774279290,normal,k3s-wk1,0.3384452964382677,0.7116342724796357,191.63193865644277,176.4294049008168,33202.60043340556,9433.072178696448,0,239,6,0,53,0,"{""process_exit"": 154, ""process_exec"": 239, ""process_kprobe"": 53}"
1774279290,normal,sw-wk3,0.09487931724229093,0.4158159763325382,0.0,0.0,2290.205360714762,5294.639285238031,0,0,0,0,0,0,{}
1774279300,normal,sw-wk2,0.15233333333336407,0.39897977048815036,0.0,0.0,5138.8,27938.63333333333,0,0,0,0,0,0,{}
1774279300,normal,k3s-wk1,0.33844529643826793,0.7116342724796357,191.6319386564427,176.4294049008168,33202.60043340556,9433.072178696448,0,261,6,0,35,0,"{""process_exit"": 159, ""process_exec"": 261, ""process_kprobe"": 35}"
1774279300,normal,sw-wk3,0.08944444444443633,0.4156667615009818,0.0,0.0,3042.6666666666665,5372.733333333334,0,1,1,0,0,0,"{""process_exit"": 1, ""process_exec"": 1}"
1774279310,normal,sw-wk2,0.15233333333336407,0.39897977048815036,0.0,0.0,5138.8,27938.63333333333,0,1,1,0,0,0,"{""process_exit"": 1, ""process_exec"": 1}"
1774279310,normal,k3s-wk1,0.32111111111116764,0.7079456777776316,395.5,277.7,9252.133333333333,2412.866666666667,0,253,6,0,29,0,"{""process_exit"": 138, ""process_exec"": 253, ""process_kprobe"": 29}"
1774279310,normal,sw-wk3,0.08944444444443633,0.4156667615009818,0.0,0.0,3042.6666666666665,5372.733333333334,0,0,0,0,0,0,{}
1774279320,normal,sw-wk2,0.0772222222222303,0.40153432332203287,0.0,0.0,713.0333333333333,4312.600000000001,0,1,1,0,0,0,"{""process_exit"": 1, ""process_exec"": 1}"
1774279320,normal,k3s-wk1,0.32111111111116764,0.7079456777776316,395.5,277.7,9252.133333333333,2412.866666666667,0,210,6,0,53,0,"{""process_exit"": 155, ""process_exec"": 210, ""process_kprobe"": 53}"
1774279320,normal,sw-wk3,0.08944444444443633,0.4156667615009818,0.0,0.0,3042.6666666666665,5372.733333333334,0,0,0,0,0,0,{}
1774279330,normal,sw-wk2,0.0772222222222303,0.40153432332203287,0.0,0.0,713.0333333333333,4312.6,0,2,2,0,0,0,"{""process_exec"": 2}"
1774279330,normal,k3s-wk1,0.32111111111116764,0.7079456777776316,395.5,277.7,9252.133333333333,2412.866666666667,0,163,5,0,12,0,"{""process_exit"": 97, ""process_exec"": 163, ""process_kprobe"": 12}"
1774279330,normal,sw-wk3,0.08799999999998065,0.4159870760060561,0.0,0.0,2846.5666666666666,5150.4,0,0,0,0,0,0,{}
1774279340,normal,sw-wk2,0.0772222222222303,0.40153432332203287,0.0,0.0,713.0333333333333,4312.6,0,104,5,0,0,0,"{""process_exit"": 106, ""process_exec"": 104}"
1774279340,normal,k3s-wk1,0.3411111111110787,0.7085760155807925,193.6,178.4,33626.833333333336,6834.366666666667,0,15,2,0,13,0,"{""process_exit"": 15, ""process_exec"": 15, ""process_kprobe"": 13}"
1774279340,normal,sw-wk3,0.08799999999998065,0.4159870760060561,0.0,0.0,2846.5666666666666,5150.4,0,1,1,0,0,0,"{""process_exit"": 1, ""process_exec"": 1}"
1774279350,normal,sw-wk2,0.15666666666661,0.39866144614747967,0.0,0.0,5725.966666666666,28058.766666666666,0,0,0,0,0,0,{}
1774279350,normal,k3s-wk1,0.3411111111110787,0.7085760155807925,193.6,178.4,33626.833333333336,6834.366666666667,0,33,3,0,34,0,"{""process_kprobe"": 34, ""process_exit"": 33, ""process_exec"": 33}"
1774279350,normal,sw-wk3,0.08799999999998065,0.4159870760060561,0.0,0.0,2846.5666666666666,5150.4,0,0,0,0,0,0,{}
1774279360,normal,sw-wk2,0.15666666666661,0.39866144614747967,0.0,0.0,5725.966666666666,28058.766666666666,0,0,0,0,0,0,{}
1774279360,normal,k3s-wk1,0.3411111111110787,0.7085760155807925,193.6,178.4,33626.833333333336,6834.366666666667,0,33,3,0,31,0,"{""process_exit"": 33, ""process_exec"": 33, ""process_kprobe"": 31}"
1774279360,normal,sw-wk3,0.10277777777777775,0.4160527305319409,0.0,0.0,3693.6,5243.933333333333,0,0,0,0,0,0,{}
1774279370,normal,sw-wk2,0.15666666666661,0.39866144614747967,0.0,0.0,5725.966666666666,28058.766666666666,0,0,0,0,0,0,{}
1774279370,normal,k3s-wk1,0.294111111111124,0.7181942598465607,198.56666666666666,183.26666666666665,9188.533333333333,5213.566666666667,0,36,3,0,31,0,"{""process_exit"": 36, ""process_exec"": 36, ""process_kprobe"": 31}"
1774279370,normal,sw-wk3,0.10277777777777775,0.4160527305319409,0.0,0.0,3693.6,5243.933333333333,0,0,0,0,0,0,{}
1774279380,normal,sw-wk2,0.07755555555559113,0.3971633322191982,0.0,0.0,431.1333333333333,4072.2666666666664,0,1,1,0,0,0,"{""process_exit"": 1, ""process_exec"": 1}"
1774279380,normal,k3s-wk1,0.294111111111124,0.7181942598465607,198.56666666666666,183.26666666666665,9188.533333333333,5213.566666666667,0,21,2,0,15,0,"{""process_exit"": 21, ""process_exec"": 21, ""process_kprobe"": 15}"
1774279380,normal,sw-wk3,0.10277777777777775,0.4160527305319409,0.0,0.0,3693.6,5243.933333333333,0,0,0,0,0,0,{}
1774279390,normal,sw-wk2,0.07755555555559113,0.3971633322191982,0.0,0.0,431.1333333333333,4072.2666666666664,0,106,7,0,0,0,"{""process_exec"": 106, ""process_exit"": 106}"
1774279390,normal,k3s-wk1,0.294111111111124,0.7181942598465607,198.56666666666666,183.26666666666665,9188.533333333333,5213.566666666667,0,33,3,0,30,0,"{""process_exit"": 33, ""process_exec"": 33, ""process_kprobe"": 30}"
1774279390,normal,sw-wk3,0.09044444444443789,0.4156548243144573,4.466666666666667,6.0,2246.7666666666664,5374.4,0,1,1,0,0,0,"{""process_exit"": 1, ""process_exec"": 1}"
1774279400,normal,sw-wk2,0.07755555555559113,0.3971633322191982,0.0,0.0,431.1333333333333,4072.2666666666664,0,1,1,0,0,0,"{""process_exit"": 1, ""process_exec"": 1}"
1774279400,normal,k3s-wk1,0.29166666666666663,0.718077140714032,200.46666666666667,185.86666666666667,33621.5,9391.100000000002,0,36,3,0,31,0,"{""process_exit"": 36, ""process_exec"": 36, ""process_kprobe"": 31}"
1774279400,normal,sw-wk3,0.090444444444438,0.4156548243144573,4.466666666666667,6.0,2246.7666666666664,5374.4,0,0,0,0,0,0,{}
1774279410,normal,sw-wk2,0.14411111111112407,0.3971593531649398,4.466666666666667,6.0,5167.966666666666,28360.466666666667,0,1,1,0,0,0,"{""process_exit"": 1, ""process_exec"": 1}"
1774279410,normal,k3s-wk1,0.29166666666666663,0.718077140714032,200.46666666666667,185.86666666666667,33621.5,9391.1,0,9,2,0,11,0,"{""process_exit"": 9, ""process_exec"": 9, ""process_kprobe"": 11}"
1774279410,normal,sw-wk3,0.090444444444438,0.4156548243144573,4.466666666666667,6.0,2246.7666666666664,5374.4,0,0,0,0,0,0,{}
1774279420,normal,sw-wk2,0.14411111111112407,0.3971593531649398,4.466666666666667,6.0,5167.966666666666,28360.466666666667,0,0,0,0,0,0,{}
1774279420,normal,k3s-wk1,0.29166666666666663,0.718077140714032,200.46666666666667,185.86666666666667,33621.5,9391.1,0,84,3,0,76,0,"{""process_exit"": 84, ""process_exec"": 84, ""process_kprobe"": 76}"
1774279420,normal,sw-wk3,0.0934444444444833,0.4157702171175276,0.0,0.0,3064.366666666667,5105.766666666666,0,1,1,0,0,0,"{""process_exit"": 1, ""process_exec"": 1}"
1774279430,normal,sw-wk2,0.14411111111112407,0.3971593531649398,4.466666666666667,6.0,5167.966666666666,28360.466666666667,0,0,0,0,0,0,{}
1774279430,normal,k3s-wk1,0.2692222222222579,0.7173086286533932,193.73333333333332,178.4,9571.2,1433.4,0,63,3,0,57,0,"{""process_exit"": 63, ""process_exec"": 63, ""process_kprobe"": 57}"
1774279430,normal,sw-wk3,0.0934444444444833,0.4157702171175276,0.0,0.0,3064.366666666667,5105.766666666666,0,0,0,0,0,0,{}
1774279440,normal,sw-wk2,0.09288888888889535,0.399711916471693,0.0,0.0,462.3666666666667,4096.333333333333,0,0,0,0,0,0,{}
1774279440,normal,k3s-wk1,0.2692222222222579,0.7173086286533932,193.73333333333332,178.4,9571.2,1433.4,0,30,3,0,28,0,"{""process_exit"": 30, ""process_exec"": 30, ""process_kprobe"": 28}"
1774279440,normal,sw-wk3,0.0934444444444833,0.4157702171175276,0.0,0.0,3064.366666666667,5105.766666666666,0,0,0,0,0,0,{}
1774279450,normal,sw-wk2,0.09288888888889535,0.399711916471693,0.0,0.0,462.3666666666667,4096.333333333333,0,3,2,0,0,0,"{""process_exit"": 1, ""process_exec"": 3}"
1774279450,normal,k3s-wk1,0.2692222222222579,0.7173086286533932,193.73333333333332,178.4,9571.2,1433.4,0,12,2,0,11,0,"{""process_exit"": 12, ""process_exec"": 12, ""process_kprobe"": 11}"
1774279450,normal,sw-wk3,0.0903333333333447,0.41599503413040584,0.0,0.0,2187.3333333333335,5284.866666666667,0,0,0,0,0,0,{}
1774279460,normal,sw-wk2,0.09288888888889535,0.399711916471693,0.0,0.0,462.3666666666667,4096.333333333333,0,104,5,0,0,0,"{""process_exit"": 106, ""process_exec"": 104}"
1774279460,normal,k3s-wk1,0.2728888888888631,0.7173941650984985,194.46666666666667,179.26666666666665,10104.033333333333,4532.833333333333,0,33,3,0,29,0,"{""process_exit"": 34, ""process_exec"": 33, ""process_kprobe"": 29}"
1774279460,normal,sw-wk3,0.0903333333333447,0.41599503413040584,0.0,0.0,2187.3333333333335,5284.866666666667,0,1,1,0,0,0,"{""process_exit"": 1, ""process_exec"": 1}"
1774279470,normal,sw-wk2,0.1428888888888954,0.401494532779449,0.0,0.0,5253.6,28132.966666666667,0,0,0,0,0,0,{}
1774279470,normal,k3s-wk1,0.2728888888888631,0.7173941650984985,194.46666666666667,179.26666666666665,10104.033333333333,4532.833333333333,0,36,3,0,35,0,"{""process_exec"": 36, ""process_kprobe"": 35, ""process_exit"": 35}"
1774279470,normal,sw-wk3,0.0903333333333447,0.41599503413040584,0.0,0.0,2187.3333333333335,5284.866666666667,0,0,0,0,0,0,{}
1774279480,normal,sw-wk2,0.1428888888888954,0.401494532779449,0.0,0.0,5253.6,28132.966666666667,0,1,1,0,0,0,"{""process_exit"": 1, ""process_exec"": 1}"
1774279480,normal,k3s-wk1,0.2728888888888631,0.7173941650984985,194.46666666666667,179.26666666666665,10104.033333333333,4532.833333333333,0,33,3,0,30,0,"{""process_exit"": 33, ""process_exec"": 33, ""process_kprobe"": 30}"
1774279480,normal,sw-wk3,0.09311111111108206,0.4160706363117277,0.0,0.0,2928.133333333333,5199.866666666668,0,0,0,0,0,0,{}
1774279490,normal,sw-wk2,0.1428888888888954,0.401494532779449,0.0,0.0,5253.6,28132.966666666667,0,0,0,0,0,0,{}
1774279490,normal,k3s-wk1,0.3094023930939852,0.7155334184311299,191.58084191580843,176.38236176382358,34041.49585041496,10161.18388161184,0,57,3,0,51,0,"{""process_exit"": 57, ""process_exec"": 57, ""process_kprobe"": 51}"
1774279490,normal,sw-wk3,0.09311111111108206,0.4160706363117277,0.0,0.0,2928.133333333333,5199.866666666667,0,10,6,0,4,3,"{""process_exec"": 10, ""process_exit"": 13, ""process_kprobe"": 4}"
1774279500,normal,sw-wk2,0.08955555555552974,0.4041724362953413,0.0,0.0,832.0333333333333,4289.1,0,0,0,0,0,0,{}
1774279500,normal,k3s-wk1,0.3094023930939852,0.7155334184311299,191.58084191580843,176.3823617638236,34041.49585041496,10161.18388161184,0,12,2,0,9,0,"{""process_exit"": 12, ""process_exec"": 12, ""process_kprobe"": 9}"
1774279500,normal,sw-wk3,0.09311111111108206,0.4160706363117277,0.0,0.0,2928.133333333333,5199.866666666667,0,13,5,0,6,4,"{""process_exec"": 13, ""process_kprobe"": 6, ""process_exit"": 17}"
1774279510,normal,sw-wk2,0.08955555555552974,0.4041724362953413,0.0,0.0,832.0333333333333,4289.1,0,64,5,0,0,0,"{""process_exec"": 64, ""process_exit"": 63}"
1774279510,normal,k3s-wk1,0.3094023930939852,0.7155334184311299,191.58084191580843,176.3823617638236,34041.49585041496,10161.18388161184,0,36,3,0,32,0,"{""process_exit"": 36, ""process_exec"": 36, ""process_kprobe"": 32}"
1774279510,normal,sw-wk3,0.13088888888895678,0.41654414471053314,75.0,89.3,6054.8,13287.6,0,4,3,0,2,1,"{""process_exec"": 4, ""process_kprobe"": 2, ""process_exit"": 3}"
1774279520,normal,sw-wk2,0.08955555555552974,0.4041724362953413,0.0,0.0,832.0333333333333,4289.1,0,43,4,0,0,0,"{""process_exec"": 43, ""process_exit"": 44}"
1774279520,normal,k3s-wk1,0.30148570412600206,0.7180192391204221,194.4861152781945,179.28459512617928,41691.53582024869,12656.132279894655,0,15,2,0,13,0,"{""process_exit"": 16, ""process_exec"": 15, ""process_kprobe"": 13}"
1774279520,normal,sw-wk3,0.13088888888895678,0.41654414471053314,75.0,89.3,6054.8,13287.6,0,9,5,0,4,3,"{""process_exit"": 13, ""process_exec"": 9, ""process_kprobe"": 4}"
1774279530,normal,sw-wk2,0.17744444444445728,0.40217495105763257,0.0,0.0,6782.9,28138.533333333333,0,0,0,0,0,0,{}
1774279530,normal,k3s-wk1,0.30148570412600206,0.7180192391204221,194.4861152781945,179.28459512617928,41691.53582024869,12656.132279894655,0,39,3,0,38,0,"{""process_exit"": 39, ""process_exec"": 39, ""process_kprobe"": 38}"
1774279530,normal,sw-wk3,0.13088888888895678,0.41654414471053314,75.0,89.3,6054.8,13287.6,0,5,5,0,2,1,"{""process_exit"": 6, ""process_exec"": 5, ""process_kprobe"": 2}"
1774279540,normal,sw-wk2,0.17744444444445728,0.40217495105763257,0.0,0.0,6782.9,28138.533333333333,0,1,1,0,0,0,"{""process_exit"": 1, ""process_exec"": 1}"
1774279540,normal,k3s-wk1,0.30148570412600206,0.7180192391204221,194.4861152781945,179.28459512617928,41691.53582024869,12656.132279894655,0,39,3,0,35,0,"{""process_kprobe"": 35, ""process_exit"": 39, ""process_exec"": 39}"
1774279540,normal,sw-wk3,0.10022222222218657,0.4166774432933902,39.0,54.43333333333333,6139.0,11402.4,0,4,3,0,3,2,"{""process_exit"": 5, ""process_exec"": 4, ""process_kprobe"": 3}"
1774279555,normal,sw-wk2,0.0792222222222333,0.4042042687294084,0.0,0.0,724.0666666666668,4317.1,0,0,0,0,0,0,{}
1774279555,normal,k3s-wk1,0.27855555555559275,0.7181521495966627,194.36666666666667,179.26666666666665,15856.633333333333,3855.6666666666674,0,15,2,0,11,0,"{""process_exit"": 15, ""process_exec"": 15, ""process_kprobe"": 11}"
1774279555,normal,sw-wk3,0.10022222222218657,0.4166774432933902,39.0,54.43333333333333,6139.0,11402.4,0,8,5,0,3,2,"{""process_exit"": 12, ""process_exec"": 8, ""process_kprobe"": 3}"
1774279560,normal,sw-wk2,0.07922222222223363,0.4042042687294084,0.0,0.0,724.0666666666666,4317.100000000001,0,0,0,0,0,0,{}
1774279560,normal,k3s-wk1,0.27855555555559275,0.7181521495966627,194.36666666666667,179.26666666666665,15856.633333333333,3855.6666666666665,0,105,3,0,95,0,"{""process_exit"": 105, ""process_exec"": 105, ""process_kprobe"": 95}"
1774279560,normal,sw-wk3,0.10022222222218657,0.4166774432933902,39.0,54.43333333333333,6139.0,11402.4,0,9,5,0,5,4,"{""process_exit"": 11, ""process_exec"": 9, ""process_kprobe"": 5}"
1774279570,normal,sw-wk2,0.07922222222223363,0.4042042687294084,0.0,0.0,724.0666666666666,4317.1,0,3,2,0,0,0,"{""process_exit"": 1, ""process_exec"": 3}"
1774279570,normal,k3s-wk1,0.27855555555559275,0.7181521495966627,194.36666666666667,179.26666666666665,15856.633333333333,3855.6666666666665,0,15,2,0,12,0,"{""process_exit"": 15, ""process_exec"": 15, ""process_kprobe"": 12}"
1774279570,normal,sw-wk3,0.09966666666663915,0.4166993281353518,39.0,54.43333333333333,2493.6,11449.133333333335,0,4,4,0,1,0,"{""process_exit"": 6, ""process_exec"": 4, ""process_kprobe"": 1}"
1774279580,normal,sw-wk2,0.07922222222223363,0.4042042687294084,0.0,0.0,724.0666666666666,4317.1,0,104,5,0,0,0,"{""process_exit"": 106, ""process_exec"": 104}"
1774279580,normal,k3s-wk1,0.2748888888888663,0.7197365477490756,289.6,154.86666666666667,16958.2,4187.733333333334,0,12,2,0,9,0,"{""process_exit"": 12, ""process_exec"": 12, ""process_kprobe"": 9}"
1774279580,normal,sw-wk3,0.09966666666663915,0.4166993281353518,39.0,54.43333333333333,2493.6,11449.133333333333,0,10,5,0,6,4,"{""process_exit"": 12, ""process_exec"": 10, ""process_kprobe"": 6}"
1774279590,normal,sw-wk2,0.14677777777776813,0.40453850928711266,0.0,0.0,4703.7,28283.966666666667,0,1,1,0,0,0,"{""process_exit"": 1, ""process_exec"": 1}"
1774279590,normal,k3s-wk1,0.2748888888888663,0.7197365477490756,289.6,154.86666666666667,16958.2,4187.733333333334,0,78,3,0,75,0,"{""process_exit"": 78, ""process_exec"": 78, ""process_kprobe"": 75}"
1774279590,normal,sw-wk3,0.09966666666663915,0.4166993281353518,39.0,54.43333333333333,2493.6,11449.133333333333,0,7,5,0,3,2,"{""process_exit"": 9, ""process_exec"": 7, ""process_kprobe"": 3}"
1774279600,normal,sw-wk2,0.14677777777776813,0.40453850928711266,0.0,0.0,4703.7,28283.966666666667,0,0,0,0,0,0,{}
1774279600,normal,k3s-wk1,0.2748888888888663,0.7197365477490756,289.6,154.86666666666667,16958.2,4187.733333333334,0,81,3,0,74,0,"{""process_exit"": 81, ""process_exec"": 81, ""process_kprobe"": 74}"
1774279600,normal,sw-wk3,0.10288888888887116,0.4165799562701067,20.133333333333333,51.333333333333336,3508.9,12112.533333333333,0,6,5,0,3,2,"{""process_exit"": 8, ""process_exec"": 6, ""process_kprobe"": 3}"
1774279610,normal,sw-wk2,0.14677777777776813,0.40453850928711266,0.0,0.0,4703.7,28283.966666666667,0,0,0,0,0,0,{}
1774279610,normal,k3s-wk1,0.30055555555554747,0.7226197839217803,279.3333333333333,142.4,40341.5,8899.033333333333,0,15,2,0,13,0,"{""process_exit"": 15, ""process_exec"": 15, ""process_kprobe"": 13}"
1774279610,normal,sw-wk3,0.10288888888887116,0.4165799562701067,20.133333333333333,51.333333333333336,3508.9,12112.533333333333,0,7,5,0,3,2,"{""process_exit"": 9, ""process_exec"": 7, ""process_kprobe"": 3}"
1774279620,normal,sw-wk2,0.09255555555553452,0.4054397650766366,5.133333333333333,5.0,709.2,4097.766666666666,0,1,1,0,0,0,"{""process_exit"": 1, ""process_exec"": 1}"
1774279620,normal,k3s-wk1,0.30055555555554747,0.7226197839217803,279.3333333333333,142.4,40341.5,8899.033333333333,0,18,2,0,15,0,"{""process_exit"": 18, ""process_exec"": 18, ""process_kprobe"": 15}"
1774279620,normal,sw-wk3,0.10288888888887116,0.4165799562701067,20.133333333333333,51.333333333333336,3508.9,12112.533333333333,0,6,5,0,3,2,"{""process_exit"": 8, ""process_exec"": 6, ""process_kprobe"": 3}"
1774279630,normal,sw-wk2,0.09255555555553452,0.4054397650766366,5.133333333333333,5.0,709.2,4097.766666666666,0,2,2,0,0,0,"{""process_exec"": 2}"
1774279630,normal,k3s-wk1,0.30055555555554747,0.7226197839217803,279.3333333333333,142.4,40341.5,8899.033333333333,0,15,2,0,13,0,"{""process_kprobe"": 13, ""process_exit"": 15, ""process_exec"": 15}"
1774279630,normal,sw-wk3,0.1034444444444591,0.4174752452594448,47.13333333333333,61.36666666666667,4519.6,12468.466666666669,0,7,5,0,3,2,"{""process_exit"": 9, ""process_exec"": 7, ""process_kprobe"": 3}"
1774279640,normal,sw-wk2,0.09255555555553452,0.4054397650766366,5.133333333333333,5.0,709.2,4097.766666666666,0,104,5,0,0,0,"{""process_exit"": 106, ""process_exec"": 104}"
1774279640,normal,k3s-wk1,0.29488888888889864,0.7224289718519299,279.33333333333337,142.4,15091.8,7572.099999999999,0,81,3,0,73,0,"{""process_exit"": 81, ""process_exec"": 81, ""process_kprobe"": 73}"
1774279640,normal,sw-wk3,0.1034444444444591,0.4174752452594448,47.13333333333333,61.36666666666667,4519.6,12468.466666666667,0,0,0,0,0,0,"{""process_exit"": 2}"
1774279650,normal,sw-wk2,0.1724444444444897,0.4048070954495535,0.0,0.0,5576.933333333333,27941.566666666673,0,0,0,0,0,0,{}
1774279650,normal,k3s-wk1,0.29488888888889864,0.7224289718519299,279.3333333333333,142.4,15091.8,7572.099999999999,0,42,3,0,39,0,"{""process_exit"": 42, ""process_exec"": 42, ""process_kprobe"": 39}"
1774279650,normal,sw-wk3,0.1034444444444591,0.4174752452594448,47.13333333333333,61.36666666666667,4519.6,12468.466666666667,0,0,0,0,0,0,{}
1774279660,normal,sw-wk2,0.1724444444444897,0.4048070954495535,0.0,0.0,5576.933333333333,27941.566666666666,0,1,1,0,0,0,"{""process_exit"": 1, ""process_exec"": 1}"
1774279660,normal,k3s-wk1,0.29488888888889864,0.7224289718519299,279.3333333333333,142.4,15091.8,7572.099999999999,0,81,3,0,74,0,"{""process_exit"": 81, ""process_exec"": 81, ""process_kprobe"": 74}"
1774279660,normal,sw-wk3,0.12044444444444613,0.4167311606327505,14.133333333333333,6.933333333333334,5297.366666666667,6386.333333333333,0,1,1,0,0,0,"{""process_exit"": 1, ""process_exec"": 1}"
1774279670,normal,sw-wk2,0.1724444444444897,0.4048070954495535,0.0,0.0,5576.933333333333,27941.566666666666,0,0,0,0,0,0,{}
1774279670,normal,k3s-wk1,0.29399999999999016,0.7186193101814689,279.3333333333333,142.4,32758.7,6353.033333333333,0,9,2,0,7,0,"{""process_exit"": 9, ""process_exec"": 9, ""process_kprobe"": 7}"
1774279670,normal,sw-wk3,0.12044444444444613,0.4167311606327505,14.133333333333333,6.933333333333334,5297.366666666667,6386.333333333333,0,0,0,0,0,0,{}
1774279680,normal,sw-wk2,0.07955555555551352,0.4073676168648236,0.0,0.0,351.06666666666666,4232.9,0,0,0,0,0,0,{}
1774279680,normal,k3s-wk1,0.29399999999999027,0.7186193101814689,279.3333333333333,142.4,32758.7,6353.033333333333,0,15,2,0,11,0,"{""process_exit"": 15, ""process_exec"": 15, ""process_kprobe"": 11}"
1774279680,normal,sw-wk3,0.12044444444444613,0.4167311606327505,14.133333333333333,6.933333333333334,5297.366666666667,6386.333333333333,0,0,0,0,0,0,{}
1774279690,normal,sw-wk2,0.07955555555551352,0.4073676168648236,0.0,0.0,351.06666666666666,4232.9,0,105,6,0,0,0,"{""process_exec"": 105, ""process_exit"": 103}"
1774279690,normal,k3s-wk1,0.29399999999999027,0.7186193101814689,279.3333333333333,142.4,32758.7,6353.033333333333,0,57,3,0,52,0,"{""process_exit"": 57, ""process_exec"": 57, ""process_kprobe"": 52}"
1774279690,normal,sw-wk3,0.08977777777779716,0.4167172339151386,0.0,0.0,2417.3333333333335,5198.666666666667,0,1,1,0,0,0,"{""process_exit"": 1, ""process_exec"": 1}"
1774279700,normal,sw-wk2,0.07955555555551352,0.4073676168648236,0.0,0.0,351.06666666666666,4232.9,0,1,1,0,0,0,"{""process_exit"": 3, ""process_exec"": 1}"
1774279700,normal,k3s-wk1,0.29955555555558633,0.719839191483202,279.3333333333333,142.4,33137.433333333334,9375.9,0,9,2,0,9,0,"{""process_exit"": 9, ""process_exec"": 9, ""process_kprobe"": 9}"
1774279700,normal,sw-wk3,0.08977777777779716,0.4167172339151386,0.0,0.0,2417.3333333333335,5198.666666666667,0,0,0,0,0,0,{}
1774279710,normal,sw-wk2,0.16144444444447192,0.4051970427668752,0.0,0.0,5159.633333333334,27977.8,0,1,1,0,0,0,"{""process_exit"": 1, ""process_exec"": 1}"
1774279710,normal,k3s-wk1,0.29955555555558633,0.719839191483202,279.3333333333333,142.4,33137.433333333334,9375.9,0,21,2,0,20,0,"{""process_exit"": 21, ""process_exec"": 21, ""process_kprobe"": 20}"
1774279710,normal,sw-wk3,0.08977777777779716,0.4167172339151386,0.0,0.0,2417.3333333333335,5198.666666666667,0,0,0,0,0,0,{}
1774279720,normal,sw-wk2,0.16144444444447192,0.4051970427668752,0.0,0.0,5159.633333333333,27977.8,0,0,0,0,0,0,{}
1774279720,normal,k3s-wk1,0.29955555555558633,0.719839191483202,279.3333333333333,142.4,33137.433333333334,9375.9,0,30,3,0,29,0,"{""process_kprobe"": 29, ""process_exit"": 30, ""process_exec"": 30}"
1774279720,normal,sw-wk3,0.0958888888888596,0.41586571460972366,0.0,0.0,2840.4333333333334,5197.133333333333,0,0,0,0,0,0,{}
1774279730,normal,sw-wk2,0.16144444444447192,0.4051970427668752,0.0,0.0,5159.633333333333,27977.8,0,0,0,0,0,0,{}
1774279730,normal,k3s-wk1,0.26866666666662953,0.7211275019410193,279.3333333333333,142.4,9170.0,1381.5333333333333,0,72,3,0,67,0,"{""process_exit"": 72, ""process_exec"": 72, ""process_kprobe"": 67}"
1774279730,normal,sw-wk3,0.09588888888885982,0.41586571460972366,0.0,0.0,2840.4333333333334,5197.133333333333,0,0,0,0,0,0,{}
1774279740,normal,sw-wk2,0.08000000000000806,0.403464164637349,0.0,0.0,501.6333333333333,4116.8,0,0,0,0,0,0,{}
1774279740,normal,k3s-wk1,0.26866666666662953,0.7211275019410193,279.3333333333333,142.4,9170.0,1381.5333333333333,0,33,3,0,29,0,"{""process_exit"": 33, ""process_exec"": 33, ""process_kprobe"": 29}"
1774279740,normal,sw-wk3,0.09588888888885982,0.41586571460972366,0.0,0.0,2840.4333333333334,5197.133333333333,0,1,1,0,0,0,"{""process_exit"": 1, ""process_exec"": 1}"
1774279750,normal,sw-wk2,0.08000000000000806,0.403464164637349,0.0,0.0,501.6333333333333,4116.8,0,3,2,0,0,0,"{""process_exec"": 3, ""process_exit"": 1}"
1774279750,normal,k3s-wk1,0.26866666666662953,0.7211275019410193,279.3333333333333,142.4,9170.0,1381.5333333333333,0,15,2,0,12,0,"{""process_exit"": 15, ""process_exec"": 15, ""process_kprobe"": 12}"
1774279750,normal,sw-wk3,0.11400000000002264,0.4160984897469515,0.0,0.0,2337.2,5231.6,0,0,0,0,0,0,{}
1774279760,normal,sw-wk2,0.08000000000000806,0.403464164637349,0.0,0.0,501.6333333333333,4116.8,0,104,5,0,0,0,"{""process_exit"": 106, ""process_exec"": 104}"
1774279760,normal,k3s-wk1,0.27577777777777446,0.7214617520495847,279.3333333333333,142.4,10177.366666666667,4665.466666666666,0,12,2,0,9,0,"{""process_exit"": 12, ""process_exec"": 12, ""process_kprobe"": 9}"
1774279760,normal,sw-wk3,0.11400000000002264,0.4160984897469515,0.0,0.0,2337.2,5231.6,0,0,0,0,0,0,{}
1774279770,normal,sw-wk2,0.146333333333314,0.4060624870680737,0.0,0.0,5051.533333333333,27965.2,0,0,0,0,0,0,{}
1774279770,normal,k3s-wk1,0.27577777777777446,0.7214617520495847,279.3333333333333,142.4,10177.366666666667,4665.466666666666,0,56,3,0,55,0,"{""process_kprobe"": 55, ""process_exit"": 56, ""process_exec"": 56}"
1774279770,normal,sw-wk3,0.11400000000002264,0.4160984897469515,0.0,0.0,2337.2,5231.6,0,0,0,0,0,0,{}
1774279780,normal,sw-wk2,0.146333333333314,0.4060624870680737,0.0,0.0,5051.533333333333,27965.2,0,0,0,0,0,0,{}
1774279780,normal,k3s-wk1,0.27577777777777446,0.7214617520495847,279.3333333333333,142.4,10177.366666666667,4665.466666666666,0,79,3,0,72,0,"{""process_exit"": 79, ""process_exec"": 79, ""process_kprobe"": 72}"
1774279780,normal,sw-wk3,0.11588888888889215,0.4160905316226019,0.0,0.0,3043.0666666666666,5076.333333333333,0,0,0,0,0,0,{}
1774279790,normal,sw-wk2,0.146333333333314,0.4060624870680737,0.0,0.0,5051.533333333333,27965.2,0,1,1,0,0,0,"{""process_exit"": 1, ""process_exec"": 1}"
1774279790,normal,k3s-wk1,0.30166666666664244,0.7174902291060783,279.3333333333333,142.4,32634.366666666665,8755.966666666667,0,30,3,0,29,0,"{""process_kprobe"": 29, ""process_exit"": 30, ""process_exec"": 30}"
1774279790,normal,sw-wk3,0.11588888888889215,0.4160905316226019,0.0,0.0,3043.0666666666666,5076.333333333333,0,1,1,0,0,0,"{""process_exit"": 1, ""process_exec"": 1}"
1774279800,normal,sw-wk2,0.16399999999998227,0.4255339890814751,101735.0,2269.9333333333334,2273.3333333333335,4967.366666666667,0,8,7,0,1,0,"{""process_exec"": 8, ""process_kprobe"": 1, ""process_exit"": 6}"
1774279800,normal,k3s-wk1,0.30166666666664244,0.7174902291060783,279.3333333333333,142.4,32634.366666666665,8755.966666666667,0,33,3,0,30,0,"{""process_kprobe"": 30, ""process_exit"": 33, ""process_exec"": 33}"
1774279800,normal,sw-wk3,0.11588888888889215,0.4160905316226019,0.0,0.0,3043.0666666666666,5076.333333333333,0,0,0,0,0,0,{}
1774279810,normal,sw-wk2,0.16399999999998227,0.4255339890814751,101735.0,2269.9333333333334,2273.3333333333335,4967.366666666667,0,2,2,0,0,0,"{""process_exec"": 2}"
1774279810,normal,k3s-wk1,0.30166666666664244,0.7174902291060783,279.3333333333333,142.4,32634.366666666665,8755.966666666667,0,15,2,0,13,0,"{""process_exit"": 15, ""process_exec"": 15, ""process_kprobe"": 13}"
1774279810,normal,sw-wk3,0.12111111111112727,0.4162019453634973,0.0,0.0,4232.3,5363.4000000000015,0,0,0,0,0,0,{}
1774279820,normal,sw-wk2,0.16399999999998227,0.4255339890814751,101735.0,2269.9333333333334,2273.3333333333335,4967.366666666667,0,15,3,0,0,0,"{""process_exit"": 16, ""process_exec"": 15}"
1774279820,normal,k3s-wk1,0.29700000000003546,0.7202655577634194,279.3333333333333,142.4,14505.933333333332,10364.0,0,36,3,0,31,0,"{""process_exit"": 37, ""process_exec"": 36, ""process_kprobe"": 31}"
1774279820,normal,sw-wk3,0.12111111111112727,0.4162019453634973,0.0,0.0,4232.3,5363.4,0,1,1,0,0,0,"{""process_exit"": 1, ""process_exec"": 1}"
1774279830,normal,sw-wk2,0.1610000000000178,0.4036810230944309,41346.833333333336,391.06666666666666,7287.200000000002,11949.0,0,16,1,0,0,0,"{""process_exec"": 16, ""process_exit"": 15}"
1774279830,normal,k3s-wk1,0.2970000000000357,0.7202655577634194,279.3333333333333,142.4,14505.933333333332,10364.0,0,33,3,0,33,0,"{""process_kprobe"": 33, ""process_exit"": 33, ""process_exec"": 33}"
1774279830,normal,sw-wk3,0.12111111111112727,0.4162019453634973,0.0,0.0,4232.3,5363.4,0,0,0,0,0,0,{}
1774279840,normal,sw-wk2,0.1610000000000178,0.4036810230944309,41346.833333333336,391.06666666666666,7287.2,11949.0,0,17,1,0,0,0,"{""process_exit"": 18, ""process_exec"": 17}"
1774279840,normal,k3s-wk1,0.2970000000000357,0.7202655577634194,279.3333333333333,142.4,14505.933333333332,10364.0,0,12,2,0,10,0,"{""process_exit"": 12, ""process_exec"": 12, ""process_kprobe"": 10}"
1774279840,normal,sw-wk3,0.11766666666666836,0.41644665768724964,0.0,0.0,4174.166666666667,5442.266666666666,0,0,0,0,0,0,{}
1774279850,normal,sw-wk2,0.1610000000000178,0.4036810230944309,41346.833333333336,391.06666666666666,7287.2,11949.0,0,16,1,0,0,0,"{""process_exec"": 16, ""process_exit"": 16}"
1774279850,normal,k3s-wk1,0.29033333333334466,0.7206063875985314,279.33333333333337,142.4,21934.9,7428.566666666667,0,18,2,0,14,0,"{""process_exit"": 18, ""process_exec"": 18, ""process_kprobe"": 14}"
1774279850,normal,sw-wk3,0.11766666666666836,0.41644665768724964,0.0,0.0,4174.166666666667,5442.266666666666,0,1,1,0,0,0,"{""process_exit"": 1, ""process_exec"": 1}"
1774279860,normal,sw-wk2,0.1003333333333205,0.4035875153193589,0.0,0.0,1479.8000000000002,17548.933333333334,0,26,1,0,0,0,"{""process_exec"": 26, ""process_exit"": 26}"
1774279860,normal,k3s-wk1,0.29033333333334466,0.7206063875985314,279.3333333333333,142.4,21934.9,7428.566666666667,0,60,3,0,53,0,"{""process_exit"": 60, ""process_exec"": 60, ""process_kprobe"": 53}"
1774279860,normal,sw-wk3,0.11766666666666836,0.41644665768724964,0.0,0.0,4174.166666666667,5442.266666666666,0,0,0,0,0,0,{}
1774279870,normal,sw-wk2,0.1003333333333205,0.4035875153193589,0.0,0.0,1479.8,17548.933333333334,0,17,5,0,0,0,"{""process_exec"": 17, ""process_exit"": 16}"
1774279870,normal,k3s-wk1,0.29033333333334466,0.7206063875985314,279.3333333333333,142.4,21934.9,7428.566666666667,0,33,3,0,30,0,"{""process_exit"": 33, ""process_exec"": 33, ""process_kprobe"": 30}"
1774279870,normal,sw-wk3,0.11966666666663117,0.42005964614200075,4.466666666666667,6.0,3950.733333333333,5527.166666666667,0,0,0,0,0,0,{}
1774279880,normal,sw-wk2,0.1003333333333205,0.4035875153193589,0.0,0.0,1479.8,17548.933333333334,0,9,3,0,0,0,"{""process_exit"": 9, ""process_exec"": 9}"
1774279880,normal,k3s-wk1,0.28411111111106746,0.7211748759721546,283.80000000000007,148.4,20433.333333333332,5516.533333333333,0,33,3,0,31,0,"{""process_exit"": 33, ""process_exec"": 33, ""process_kprobe"": 31}"
1774279880,normal,sw-wk3,0.11966666666663117,0.42005964614200075,4.466666666666667,6.0,3950.733333333333,5527.166666666667,0,0,0,0,0,0,{}
1774279890,normal,sw-wk2,0.1580000000000129,0.405692435022044,0.0,0.0,5865.2,13988.733333333334,0,10,1,0,0,0,"{""process_exit"": 11, ""process_exec"": 10}"
1774279890,normal,k3s-wk1,0.28411111111106746,0.7211748759721546,283.8,148.4,20433.333333333332,5516.533333333333,0,57,3,0,56,0,"{""process_exit"": 57, ""process_exec"": 57, ""process_kprobe"": 56}"
1774279890,normal,sw-wk3,0.11966666666663117,0.42005964614200075,4.466666666666667,6.0,3950.733333333333,5527.166666666667,0,0,0,0,0,0,{}
1774279900,normal,sw-wk2,0.1580000000000129,0.405692435022044,0.0,0.0,5865.2,13988.733333333334,0,25,1,0,0,0,"{""process_exec"": 25, ""process_exit"": 25}"
1774279900,normal,k3s-wk1,0.28411111111106746,0.7211748759721546,283.8,148.4,20433.333333333332,5516.533333333333,0,33,3,0,32,0,"{""process_exit"": 33, ""process_exec"": 33, ""process_kprobe"": 32}"
1774279900,normal,sw-wk3,0.11421212726750996,0.420055667079826,0.0,0.0,2975.121561313528,5125.9241990275095,0,1,1,0,0,0,"{""process_exit"": 1, ""process_exec"": 1}"
1774279910,normal,sw-wk2,0.1580000000000129,0.405692435022044,0.0,0.0,5865.2,13988.733333333334,0,16,1,0,0,0,"{""process_exec"": 16, ""process_exit"": 15}"
1774279910,normal,k3s-wk1,0.2958888888889407,0.7223447513521338,477.96666666666664,234.83333333333334,20635.333333333332,7027.7,0,36,3,0,31,0,"{""process_exit"": 36, ""process_exec"": 36, ""process_kprobe"": 31}"
1774279910,normal,sw-wk3,0.11421212726750996,0.420055667079826,0.0,0.0,2975.121561313528,5125.9241990275095,0,0,0,0,0,0,{}
1774279920,normal,sw-wk2,0.08433333333329462,0.40807986757707426,0.0,0.0,1224.0666666666666,16610.46666666667,0,13,1,0,0,0,"{""process_exit"": 13, ""process_exec"": 13}"
1774279920,normal,k3s-wk1,0.2958888888889407,0.7223447513521338,477.96666666666664,234.83333333333334,20635.333333333332,7027.7,0,102,3,0,93,0,"{""process_exit"": 102, ""process_exec"": 102, ""process_kprobe"": 93}"
1774279920,normal,sw-wk3,0.11421212726750996,0.420055667079826,0.0,0.0,2975.121561313528,5125.9241990275095,0,0,0,0,0,0,{}
1774279930,normal,sw-wk2,0.08433333333329462,0.40807986757707426,0.0,0.0,1224.0666666666666,16610.466666666667,0,16,1,0,0,0,"{""process_exit"": 16, ""process_exec"": 16}"
1774279930,normal,k3s-wk1,0.2958888888889407,0.7223447513521338,477.96666666666664,234.83333333333334,20635.333333333332,7027.7,0,36,3,0,32,0,"{""process_exit"": 36, ""process_exec"": 36, ""process_kprobe"": 32}"
1774279930,normal,sw-wk3,0.11211939236226798,0.4200496984865637,0.0,0.0,2945.219189964636,5333.755921798892,0,1,1,0,0,0,"{""process_exit"": 1, ""process_exec"": 1}"
1774279940,normal,sw-wk2,0.08433333333329462,0.40807986757707426,0.0,0.0,1224.0666666666666,16610.466666666667,0,58,7,0,0,0,"{""process_exit"": 58, ""process_exec"": 58}"
1774279940,normal,k3s-wk1,0.3178888888888144,0.7238923030358858,279.2,142.4,22042.4,11828.4,0,57,3,0,52,0,"{""process_exit"": 57, ""process_exec"": 57, ""process_kprobe"": 52}"
1774279940,normal,sw-wk3,0.11211939236226798,0.4200496984865637,0.0,0.0,2945.219189964636,5333.755921798892,0,0,0,0,0,0,{}
1774279950,normal,sw-wk2,0.1719716917197298,0.4072502347642012,0.0,0.0,9075.792420757924,26347.13195347132,0,0,0,0,0,0,{}
1774279950,normal,k3s-wk1,0.3178888888888145,0.7238923030358858,279.2,142.4,22042.4,11828.4,0,36,3,0,35,0,"{""process_exit"": 36, ""process_exec"": 36, ""process_kprobe"": 35}"
1774279950,normal,sw-wk3,0.11211939236226798,0.4200496984865637,0.0,0.0,2945.219189964636,5333.755921798892,0,0,0,0,0,0,{}
1774279960,normal,sw-wk2,0.1719716917197298,0.4072502347642012,0.0,0.0,9075.792420757924,26347.13195347132,0,0,0,0,0,0,{}
1774279960,normal,k3s-wk1,0.3178888888888145,0.7238923030358858,279.2,142.4,22042.4,11828.4,0,33,3,0,30,0,"{""process_exit"": 33, ""process_exec"": 33, ""process_kprobe"": 30}"
1774279960,normal,sw-wk3,0.12712692700697348,0.4200437298933014,0.0,0.0,4202.452352392376,5453.685192589631,0,1,1,0,0,0,"{""process_exit"": 1, ""process_exec"": 1}"
1774279970,normal,sw-wk2,0.1719716917197298,0.4072502347642012,0.0,0.0,9075.792420757924,26347.13195347132,0,0,0,0,0,0,{}
1774279970,normal,k3s-wk1,0.2952222222222999,0.7247937255727652,456.8333333333333,234.10000000000005,23868.466666666667,5028.1,0,36,3,0,34,0,"{""process_exit"": 36, ""process_exec"": 36, ""process_kprobe"": 34}"
1774279970,normal,sw-wk3,0.12712692700697348,0.4200437298933014,0.0,0.0,4202.452352392376,5453.685192589631,0,0,0,0,0,0,{}
1774279980,normal,sw-wk2,0.07557422408904968,0.405889398207834,0.0,0.0,412.14121412141213,4004.300430043004,0,0,0,0,0,0,{}
1774279980,normal,k3s-wk1,0.2952222222222999,0.7247937255727652,456.8333333333333,234.1,23868.466666666667,5028.1,0,15,2,0,12,0,"{""process_kprobe"": 12, ""process_exit"": 15, ""process_exec"": 15}"
1774279980,normal,sw-wk3,0.12712692700697348,0.4200437298933014,0.0,0.0,4202.452352392376,5453.685192589631,0,0,0,0,0,0,{}
1774279990,normal,sw-wk2,0.07557422408904968,0.405889398207834,0.0,0.0,412.14121412141213,4004.300430043004,0,0,0,0,0,0,{}
1774279990,normal,k3s-wk1,0.2952222222222999,0.7247937255727652,456.8333333333333,234.1,23868.466666666667,5028.1,0,33,3,0,31,0,"{""process_exit"": 33, ""process_exec"": 33, ""process_kprobe"": 31}"
1774279990,normal,sw-wk3,0.11742474767683253,0.42005168801765114,0.0,0.0,2353.241296518607,5446.078431372548,0,0,0,0,0,0,{}
1774280000,normal,sw-wk2,0.07557422408904968,0.405889398207834,0.0,0.0,412.14121412141213,4004.300430043004,0,0,0,0,0,0,{}
1774280000,normal,k3s-wk1,0.27922222222219306,0.706021765735416,283.20000000000005,147.00000000000003,9804.966666666667,6603.266666666666,0,57,3,0,51,0,"{""process_exit"": 57, ""process_exec"": 57, ""process_kprobe"": 51}"
1774280000,normal,sw-wk3,0.11742474767683253,0.42005168801765114,0.0,0.0,2353.241296518607,5446.078431372548,0,0,0,0,0,0,{}
1774280010,normal,sw-wk2,0.14533333333339316,0.40326720145155903,4.466666666666667,6.0,6856.533333333333,6585.300000000001,0,0,0,0,0,0,{}
1774280010,normal,k3s-wk1,0.27922222222219306,0.706021765735416,283.2,147.0,9804.966666666667,6603.266666666666,0,33,3,0,33,0,"{""process_exit"": 33, ""process_exec"": 33, ""process_kprobe"": 33}"
1774280010,normal,sw-wk3,0.11742474767683253,0.42005168801765114,0.0,0.0,2353.241296518607,5446.078431372548,0,1,1,0,0,0,"{""process_exit"": 1, ""process_exec"": 1}"
1774280020,normal,sw-wk2,0.14533333333339316,0.40326720145155903,4.466666666666667,6.0,6856.533333333333,6585.3,0,0,0,0,0,0,{}
1774280020,normal,k3s-wk1,0.27922222222219306,0.706021765735416,283.2,147.0,9804.966666666667,6603.266666666666,0,15,2,0,12,0,"{""process_exit"": 15, ""process_exec"": 15, ""process_kprobe"": 12}"
1774280020,normal,sw-wk3,0.11477777777779719,0.420041740362214,0.0,0.0,2996.2666666666664,5255.3,0,1,1,0,0,0,"{""process_exit"": 1, ""process_exec"": 1}"
1774280030,normal,sw-wk2,0.14533333333339316,0.40326720145155903,4.466666666666667,6.0,6856.533333333333,6585.3,0,0,0,0,0,0,{}
1774280030,normal,k3s-wk1,0.27533333333332033,0.7050992880735877,281.3333333333333,144.4,11585.666666666666,6104.433333333333,0,57,3,0,52,0,"{""process_exit"": 57, ""process_exec"": 57, ""process_kprobe"": 52}"
1774280030,normal,sw-wk3,0.11477777777779719,0.420041740362214,0.0,0.0,2996.2666666666664,5255.3,0,0,0,0,0,0,{}
1774280040,normal,sw-wk2,0.07322222222218344,0.4055850005570676,0.0,0.0,328.96666666666664,4003.2666666666664,0,0,0,0,0,0,{}
1774280040,normal,k3s-wk1,0.27533333333332033,0.7050992880735877,281.3333333333333,144.4,11585.666666666666,6104.433333333333,0,15,2,0,11,0,"{""process_kprobe"": 11, ""process_exit"": 15, ""process_exec"": 15}"
1774280040,normal,sw-wk3,0.11477777777779719,0.420041740362214,0.0,0.0,2996.2666666666664,5255.3,0,0,0,0,0,0,{}
1774280050,normal,sw-wk2,0.07322222222218344,0.4055850005570676,0.0,0.0,328.96666666666664,4003.2666666666664,0,0,0,0,0,0,{}
1774280050,normal,k3s-wk1,0.27533333333332033,0.7050992880735877,281.3333333333333,144.4,11585.666666666666,6104.433333333333,0,39,3,0,34,0,"{""process_exit"": 39, ""process_exec"": 39, ""process_kprobe"": 34}"
1774280050,normal,sw-wk3,0.11277777777775333,0.42003378223786436,0.0,0.0,2314.0333333333333,5287.1,0,0,0,0,0,0,{}
1774280060,normal,sw-wk2,0.07322222222218344,0.4055850005570676,0.0,0.0,328.96666666666664,4003.2666666666664,0,0,0,0,0,0,{}
1774280060,normal,k3s-wk1,0.28377777777774715,0.7046439709965654,287.3333333333333,151.0,9613.4,8357.4,0,12,2,0,11,0,"{""process_kprobe"": 11, ""process_exit"": 12, ""process_exec"": 12}"
1774280060,normal,sw-wk3,0.11277777777775355,0.42003378223786436,0.0,0.0,2314.0333333333333,5287.1,0,0,0,0,0,0,{}
1774280070,normal,sw-wk2,0.146333333333314,0.4064922249279791,0.0,0.0,5041.1,4674.966666666666,0,0,0,0,0,0,{}
1774280070,normal,k3s-wk1,0.28377777777774715,0.7046439709965654,287.3333333333333,151.0,9613.4,8357.4,0,33,3,0,34,0,"{""process_exit"": 33, ""process_exec"": 33, ""process_kprobe"": 34}"
1774280070,normal,sw-wk3,0.11277777777775355,0.42003378223786436,0.0,0.0,2314.0333333333333,5287.1,0,0,0,0,0,0,{}
1774280080,normal,sw-wk2,0.146333333333314,0.4064922249279791,0.0,0.0,5041.1,4674.966666666666,0,0,0,0,0,0,{}
1774280080,normal,k3s-wk1,0.28377777777774715,0.7046439709965654,287.3333333333333,151.0,9613.4,8357.4,0,45,3,0,39,0,"{""process_exit"": 45, ""process_exec"": 45, ""process_kprobe"": 39}"
1774280080,normal,sw-wk3,0.12477777777781329,0.4202645678440049,0.0,0.0,2804.4,4987.4,0,1,1,0,0,0,"{""process_exit"": 1, ""process_exec"": 1}"
1774280090,normal,sw-wk2,0.146333333333314,0.4064922249279791,0.0,0.0,5041.1,4674.966666666666,0,0,0,0,0,0,{}
1774280090,normal,k3s-wk1,0.2698888888888985,0.7059270176731456,279.3333333333333,142.40000000000003,9363.466666666667,2100.9333333333334,0,57,3,0,51,0,"{""process_exit"": 57, ""process_exec"": 57, ""process_kprobe"": 51}"
1774280090,normal,sw-wk3,0.12477777777781329,0.4202645678440049,0.0,0.0,2804.4,4987.4,0,0,0,0,0,0,{}
1774280100,normal,sw-wk2,0.13075359130755848,0.4089950500565026,0.0,0.0,327.2672732726727,4009.7323600973236,0,0,0,0,0,0,{}
1774280100,normal,k3s-wk1,0.2698888888888986,0.7059270176731456,279.3333333333333,142.4,9363.466666666667,2100.9333333333334,0,60,3,0,53,0,"{""process_exit"": 60, ""process_exec"": 60, ""process_kprobe"": 53}"
1774280100,normal,sw-wk3,0.12477777777781329,0.4202645678440049,0.0,0.0,2804.4,4987.4,0,0,0,0,0,0,{}
1774280110,normal,sw-wk2,0.13075359130755848,0.4089950500565026,0.0,0.0,327.26727327267275,4009.7323600973236,0,0,0,0,0,0,{}
1774280110,normal,k3s-wk1,0.2698888888888986,0.7059270176731456,279.3333333333333,142.4,9363.466666666667,2100.9333333333334,0,15,2,0,12,0,"{""process_exit"": 15, ""process_exec"": 15, ""process_kprobe"": 12}"
1774280110,normal,sw-wk3,0.11208879112086689,0.42025462018856774,4.466220044662201,5.9994000599940005,3741.7924874179243,5471.486184714862,0,0,0,0,0,0,{}
1774280120,normal,sw-wk2,0.13075359130755848,0.4089950500565026,0.0,0.0,327.26727327267275,4009.7323600973236,0,0,0,0,0,0,{}
1774280120,normal,k3s-wk1,0.35376276839697873,0.7091089734310643,322.89918040880815,241.92752048977974,9612.356406964878,10504.690431519699,0,15,2,0,12,0,"{""process_kprobe"": 12, ""process_exit"": 16, ""process_exec"": 15}"
1774280120,normal,sw-wk3,0.11208879112086689,0.42025462018856774,4.466220044662201,5.9994000599940005,3741.792487417925,5471.486184714862,0,0,0,0,0,0,{}
1774280130,normal,sw-wk2,0.1478036692558291,0.4066314918270225,0.0,0.0,6784.645131179785,4747.674767476748,0,0,0,0,0,0,{}
1774280130,normal,k3s-wk1,0.3537627683969786,0.7091089734310643,322.89918040880815,241.9275204897798,9612.356406964878,10504.690431519699,0,36,3,0,35,0,"{""process_exit"": 36, ""process_exec"": 36, ""process_kprobe"": 35}"
1774280130,normal,sw-wk3,0.11208879112086689,0.42025462018856774,4.466220044662201,5.9994000599940005,3741.792487417925,5471.486184714862,0,0,0,0,0,0,{}
1774280140,normal,sw-wk2,0.1478036692558291,0.4066314918270225,0.0,0.0,6784.645131179785,4747.674767476748,0,0,0,0,0,0,{}
1774280140,normal,k3s-wk1,0.3537627683969786,0.7091089734310643,322.89918040880815,241.9275204897798,9612.356406964878,10504.690431519699,0,42,3,0,36,0,"{""process_exit"": 42, ""process_exec"": 42, ""process_kprobe"": 36}"
1774280140,normal,sw-wk3,0.12013423564578363,0.41997409630524185,0.0,0.0,4033.303330333033,5095.876254292096,0,1,1,0,0,0,"{""process_exit"": 1, ""process_exec"": 1}"
1774280150,normal,sw-wk2,0.1478036692558291,0.4066314918270225,0.0,0.0,6784.645131179785,4747.674767476748,0,0,0,0,0,0,{}
1774280150,normal,k3s-wk1,0.2754650730949614,0.7113237093866379,446.7402680711706,171.98419933151018,9891.42104730072,6112.832978831157,0,33,3,0,31,0,"{""process_kprobe"": 31, ""process_exit"": 33, ""process_exec"": 33}"
1774280150,normal,sw-wk3,0.12013423564578363,0.41997409630524185,0.0,0.0,4033.303330333033,5095.876254292096,0,0,0,0,0,0,{}
1774280160,normal,sw-wk2,0.077444444444417,0.40942279838927886,0.0,0.0,749.4,4100.133333333333,0,0,0,0,0,0,{}
1774280160,normal,k3s-wk1,0.27546507309496127,0.7113237093866379,446.7402680711706,171.98419933151018,9891.42104730072,6112.832978831157,0,12,2,0,11,0,"{""process_kprobe"": 11, ""process_exit"": 12, ""process_exec"": 12}"
1774280160,normal,sw-wk3,0.12013423564578363,0.41997409630524185,0.0,0.0,4033.303330333033,5095.876254292096,0,0,0,0,0,0,{}
1774280171,normal,sw-wk2,0.077444444444417,0.40942279838927886,0.0,0.0,749.4,4100.133333333333,0,0,0,0,0,0,{}
1774280171,normal,k3s-wk1,0.27546507309496127,0.7113237093866379,446.7402680711706,171.98419933151018,9891.42104730072,6112.832978831157,0,43,12,0,32,0,"{""process_exit"": 42, ""process_exec"": 43, ""process_kprobe"": 32}"
1774280171,normal,sw-wk3,0.1186666666666697,0.4200636252041756,0.0,0.0,3914.6,5475.3,0,0,0,0,0,0,{}
1774280180,normal,sw-wk2,0.077444444444417,0.40942279838927886,0.0,0.0,749.4,4100.133333333333,0,0,0,0,0,0,{}
1774280180,normal,k3s-wk1,0.32844444444441867,0.7174204840046847,146094.06666666665,3088.866666666667,9661.066666666666,9862.933333333332,0,19,3,0,11,0,"{""process_exit"": 19, ""process_exec"": 19, ""process_kprobe"": 11}"
1774280180,normal,sw-wk3,0.11866666666666992,0.4200636252041756,0.0,0.0,3914.6,5475.3,0,0,0,0,0,0,{}
1774280190,normal,sw-wk2,0.15155555555558953,0.4020157888872973,0.0,0.0,5275.333333333333,4598.2,0,0,0,0,0,0,{}
1774280190,normal,k3s-wk1,0.32844444444441867,0.7174204840046847,146094.06666666665,3088.866666666667,9661.066666666666,9862.933333333332,0,17,3,0,15,0,"{""process_exit"": 17, ""process_exec"": 17, ""process_kprobe"": 15}"
1774280190,normal,sw-wk3,0.11866666666666992,0.4200636252041756,0.0,0.0,3914.6,5475.3,0,1,1,0,0,0,"{""process_exit"": 1, ""process_exec"": 1}"
1774280200,normal,sw-wk2,0.15155555555558953,0.4020157888872973,0.0,0.0,5275.333333333333,4598.2,0,0,0,0,0,0,{}
1774280200,normal,k3s-wk1,0.32844444444441867,0.7174204840046847,146094.06666666665,3088.866666666667,9661.066666666666,9862.933333333332,0,25,3,0,16,0,"{""process_exit"": 25, ""process_exec"": 25, ""process_kprobe"": 16}"
1774280200,normal,sw-wk3,0.11955555555553765,0.4200496984865637,0.0,0.0,3405.2999999999997,5431.666666666667,0,0,0,0,0,0,{}
1774280210,normal,sw-wk2,0.15155555555558953,0.4020157888872973,0.0,0.0,5275.333333333333,4598.2,0,0,0,0,0,0,{}
1774280210,normal,k3s-wk1,0.2568888888888776,0.7172138805911226,360.46666666666664,224.13333333333333,9466.766666666666,1694.6333333333337,0,14,3,0,10,0,"{""process_kprobe"": 10, ""process_exit"": 14, ""process_exec"": 14}"
1774280210,normal,sw-wk3,0.11955555555553776,0.4200496984865637,0.0,0.0,3405.2999999999997,5431.666666666667,0,0,0,0,0,0,{}
1774280220,normal,sw-wk2,0.07366666666667798,0.4047096086202231,0.0,0.0,380.5333333333333,4036.2999999999997,0,0,0,0,0,0,{}
1774280220,normal,k3s-wk1,0.2568888888888776,0.7172138805911226,360.46666666666664,224.13333333333333,9466.766666666666,1694.6333333333332,0,22,3,0,13,0,"{""process_exit"": 22, ""process_exec"": 22, ""process_kprobe"": 13}"
1774280220,normal,sw-wk3,0.11955555555553776,0.4200496984865637,0.0,0.0,3405.2999999999997,5431.666666666667,0,1,1,0,0,0,"{""process_exit"": 1, ""process_exec"": 1}"
1774280230,normal,sw-wk2,0.07366666666667798,0.4047096086202231,0.0,0.0,380.5333333333333,4036.2999999999997,0,0,0,0,0,0,{}
1774280230,normal,k3s-wk1,0.2568888888888776,0.7172138805911226,360.46666666666664,224.13333333333333,9466.766666666666,1694.6333333333332,0,35,4,0,30,0,"{""process_exit"": 35, ""process_exec"": 35, ""process_kprobe"": 30}"
1774280230,normal,sw-wk3,0.1134444444444348,0.4197870803830245,0.0,0.0,2882.7,5437.466666666666,0,0,0,0,0,0,{}
1774280240,normal,sw-wk2,0.07366666666667798,0.4047096086202231,0.0,0.0,380.5333333333333,4036.2999999999997,0,0,0,0,0,0,{}
1774280240,normal,k3s-wk1,0.2961111111111273,0.7052598334013238,344.6666666666667,207.73333333333332,10092.133333333335,10200.233333333334,0,19,3,0,13,0,"{""process_exit"": 19, ""process_exec"": 19, ""process_kprobe"": 13}"
1774280240,normal,sw-wk3,0.1134444444444348,0.4197870803830245,0.0,0.0,2882.7,5437.466666666666,0,0,0,0,0,0,{}
1774280250,normal,sw-wk2,0.14277777777780198,0.4014965223065782,0.0,0.0,5188.833333333333,4531.5,0,0,0,0,0,0,{}
1774280250,normal,k3s-wk1,0.2961111111111273,0.7052598334013238,344.6666666666667,207.73333333333332,10092.133333333333,10200.233333333334,0,18,3,0,16,0,"{""process_exit"": 18, ""process_exec"": 18, ""process_kprobe"": 16}"
1774280250,normal,sw-wk3,0.1134444444444348,0.4197870803830245,0.0,0.0,2882.7,5437.466666666666,0,0,0,0,0,0,{}
1774280260,normal,sw-wk2,0.14277777777780198,0.4014965223065782,0.0,0.0,5188.833333333333,4531.5,0,0,0,0,0,0,{}
1774280260,normal,k3s-wk1,0.2961111111111273,0.7052598334013238,344.6666666666667,207.73333333333332,10092.133333333333,10200.233333333334,0,18,3,0,13,0,"{""process_exit"": 18, ""process_exec"": 18, ""process_kprobe"": 13}"
1774280260,normal,sw-wk3,0.1297777777778215,0.419580169149933,0.0,0.0,3347.0,5079.966666666666,0,1,1,0,0,0,"{""process_exit"": 1, ""process_exec"": 1}"
1774280270,normal,sw-wk2,0.14277777777780198,0.4014965223065782,0.0,0.0,5188.833333333333,4531.5,0,0,0,0,0,0,{}
1774280270,normal,k3s-wk1,0.2923333333333479,0.713191035780553,355.3333333333333,221.53333333333333,9306.833333333334,2740.866666666667,0,64,3,0,55,0,"{""process_exit"": 66, ""process_exec"": 64, ""process_kprobe"": 55}"
1774280270,normal,sw-wk3,0.1297777777778215,0.419580169149933,0.0,0.0,3347.0,5079.966666666666,0,0,0,0,0,0,{}
1774280280,normal,sw-wk2,0.08586919085866429,0.40353180855974147,0.0,0.0,779.0887577908876,4085.8247508582467,0,0,0,0,0,0,{}
1774280280,normal,k3s-wk1,0.2923333333333479,0.713191035780553,355.3333333333333,221.53333333333333,9306.833333333334,2740.866666666667,0,18,2,0,13,0,"{""process_exit"": 18, ""process_exec"": 18, ""process_kprobe"": 13}"
1774280280,normal,sw-wk3,0.1297777777778215,0.419580169149933,0.0,0.0,3347.0,5079.966666666666,0,1,1,0,0,0,"{""process_exit"": 1, ""process_exec"": 1}"
1774280290,normal,sw-wk2,0.08586919085866429,0.40353180855974147,0.0,0.0,779.0887577908876,4085.8247508582476,0,0,0,0,0,0,{}
1774280290,normal,k3s-wk1,0.2923333333333479,0.713191035780553,355.3333333333333,221.53333333333333,9306.833333333334,2740.866666666667,0,33,3,0,30,0,"{""process_exit"": 33, ""process_exec"": 33, ""process_kprobe"": 30}"
1774280290,normal,sw-wk3,0.11088888888884363,0.4196915828908284,0.0,0.0,3166.333333333334,5579.566666666667,0,0,0,0,0,0,{}
1774280300,normal,sw-wk2,0.08586919085866429,0.40353180855974147,0.0,0.0,779.0887577908876,4085.8247508582476,0,0,0,0,0,0,{}
1774280300,normal,k3s-wk1,0.2878888888888468,0.7138292692555697,283.8,145.40000000000003,10034.3,9057.2,0,39,3,0,34,0,"{""process_kprobe"": 34, ""process_exit"": 39, ""process_exec"": 39}"
1774280300,normal,sw-wk3,0.11088888888884363,0.4196915828908284,0.0,0.0,3166.3333333333335,5579.566666666667,0,1,1,0,0,0,"{""process_exit"": 1, ""process_exec"": 1}"
1774280310,normal,sw-wk2,0.1536931470924482,0.4017571503605023,0.0,0.0,4929.226255958929,4470.647064706471,0,0,0,0,0,0,{}
1774280310,normal,k3s-wk1,0.2878888888888469,0.7138292692555697,283.8,145.4,10034.3,9057.2,0,39,3,0,37,0,"{""process_kprobe"": 37, ""process_exit"": 39, ""process_exec"": 39}"
1774280310,normal,sw-wk3,0.11088888888884363,0.4196915828908284,0.0,0.0,3166.3333333333335,5579.566666666667,0,0,0,0,0,0,{}
1774280320,normal,sw-wk2,0.1536931470924482,0.4017571503605023,0.0,0.0,4929.226255958929,4470.647064706471,0,0,0,0,0,0,{}
1774280320,normal,k3s-wk1,0.2878888888888469,0.7138292692555697,283.8,145.4,10034.3,9057.2,0,36,3,0,32,0,"{""process_exit"": 36, ""process_exec"": 36, ""process_kprobe"": 32}"
1774280320,normal,sw-wk3,0.11498428144546002,0.41990247318609475,0.0,0.0,2936.1149065218115,5556.803412537074,0,1,1,0,0,0,"{""process_exit"": 1, ""process_exec"": 1}"
1774280331,normal,sw-wk2,0.1536931470924482,0.4017571503605023,0.0,0.0,4929.226255958929,4470.647064706471,0,0,0,0,0,0,{}
1774280331,normal,k3s-wk1,0.27011111111116615,0.7121619665486703,279.3333333333333,145.4,9675.533333333333,1537.1666666666667,0,36,3,0,33,0,"{""process_exit"": 36, ""process_exec"": 36, ""process_kprobe"": 33}"
1774280331,normal,sw-wk3,0.11498428144546002,0.41990247318609475,0.0,0.0,2936.1149065218115,5556.803412537074,0,1,1,0,0,0,"{""process_exit"": 1, ""process_exec"": 1}"
1774280340,normal,sw-wk2,0.07444444444445253,0.4025529612121791,0.0,0.0,446.56666666666666,4088.233333333333,0,0,0,0,0,0,{}
1774280340,normal,k3s-wk1,0.27011111111116615,0.7121619665486703,279.3333333333333,145.4,9675.533333333333,1537.1666666666667,0,105,3,0,97,0,"{""process_kprobe"": 97, ""process_exit"": 105, ""process_exec"": 105}"
1774280340,normal,sw-wk3,0.11498428144546002,0.41990247318609475,0.0,0.0,2936.1149065218115,5556.803412537074,0,0,0,0,0,0,{}
1774280351,normal,sw-wk2,0.07444444444445253,0.4025529612121791,0.0,0.0,446.56666666666666,4088.233333333333,0,0,0,0,0,0,{}
1774280351,normal,k3s-wk1,0.27011111111116615,0.7121619665486703,279.3333333333333,145.4,9675.533333333333,1537.1666666666667,0,36,3,0,33,0,"{""process_kprobe"": 33, ""process_exit"": 36, ""process_exec"": 36}"
1774280351,normal,sw-wk3,0.11543761390409235,0.4198925255306577,0.0,0.0,2662.821709561275,5412.321642885718,0,0,0,0,0,0,{}
1774280361,normal,sw-wk2,0.07444444444445253,0.4025529612121791,0.0,0.0,446.56666666666666,4088.233333333333,0,0,0,0,0,0,{}
1774280361,normal,k3s-wk1,0.3063333333332897,0.7106486294429604,279.3333333333333,142.4,10127.066666666666,9185.866666666667,0,33,3,0,29,0,"{""process_exit"": 33, ""process_exec"": 33, ""process_kprobe"": 29}"
1774280361,normal,sw-wk3,0.11543761390409235,0.4198925255306577,0.0,0.0,2662.821709561275,5412.321642885718,0,1,1,0,0,0,"{""process_exit"": 1, ""process_exec"": 1}"
1774280371,normal,sw-wk2,0.1415555555555733,0.3989539066354709,0.0,0.0,4921.066666666667,4555.6,0,0,0,0,0,0,{}
1774280371,normal,k3s-wk1,0.3063333333332897,0.7106486294429604,279.3333333333333,142.4,10127.066666666666,9185.866666666667,0,36,3,0,35,0,"{""process_kprobe"": 35, ""process_exit"": 36, ""process_exec"": 36}"
1774280371,normal,sw-wk3,0.11543761390409235,0.4198925255306577,0.0,0.0,2662.821709561275,5412.321642885718,0,0,0,0,0,0,{}
1774280381,normal,sw-wk2,0.1415555555555733,0.3989539066354709,0.0,0.0,4921.066666666667,4555.6,0,0,0,0,0,0,{}
1774280381,normal,k3s-wk1,0.3063333333332897,0.7106486294429604,279.3333333333333,142.4,10127.066666666666,9185.866666666667,0,15,2,0,12,0,"{""process_exit"": 15, ""process_exec"": 15, ""process_kprobe"": 12}"
1774280381,normal,sw-wk3,0.1204676023157708,0.4199959811472034,0.0,0.0,2597.1930526385972,5385.5385538553855,0,0,0,0,0,0,{}
1774280391,normal,sw-wk2,0.1415555555555733,0.3989539066354709,0.0,0.0,4921.066666666667,4555.6,0,0,0,0,0,0,{}
1774280391,normal,k3s-wk1,0.2543333333333674,0.7116855943466989,277.2,140.4,9021.333333333336,1402.9666666666667,0,57,3,0,52,0,"{""process_kprobe"": 52, ""process_exit"": 57, ""process_exec"": 57}"
1774280391,normal,sw-wk3,0.12046760231577103,0.4199959811472034,0.0,0.0,2597.1930526385972,5385.5385538553855,0,0,0,0,0,0,{}
1774280401,normal,sw-wk2,0.0754444444444542,0.4016318101513632,0.0,0.0,405.8,4093.9,0,0,0,0,0,0,{}
1774280401,normal,k3s-wk1,0.2543333333333674,0.7116855943466989,277.2,140.4,9021.333333333334,1402.9666666666667,0,12,2,0,9,0,"{""process_exit"": 12, ""process_exec"": 12, ""process_kprobe"": 9}"
1774280401,normal,sw-wk3,0.12046760231577103,0.4199959811472034,0.0,0.0,2597.1930526385972,5385.5385538553855,0,0,0,0,0,0,{}
1774280411,transition,sw-wk2,0.0754444444444542,0.4016318101513632,0.0,0.0,405.8,4093.9,10,0,0,0,0,0,{}
1774280411,transition,k3s-wk1,0.2543333333333674,0.7116855943466989,277.2,140.4,9021.333333333334,1402.9666666666667,10,39,3,0,34,0,"{""process_exit"": 39, ""process_exec"": 39, ""process_kprobe"": 34}"
1774280411,transition,sw-wk3,0.0,0.4199959811472034,0.0,0.0,0.0,0.0,10,0,0,0,0,0,{}
1774280421,transition,sw-wk2,0.0754444444444542,0.4016318101513632,0.0,0.0,405.8,4093.9,20,0,0,0,0,0,{}
1774280421,transition,k3s-wk1,0.2861111111110707,0.6979063310128831,279.3333333333333,142.4,7985.533333333333,4754.033333333333,20,21,2,0,17,0,"{""process_exit"": 22, ""process_exec"": 21, ""process_kprobe"": 17}"
1774280421,transition,sw-wk3,0.0,0.0,0.0,0.0,0.0,0.0,20,0,0,0,0,0,{}
1774280431,transition,sw-wk2,0.13711111111107233,0.403744687962565,0.0,0.0,5558.1,4631.4,30,0,0,0,0,0,{}
1774280431,transition,k3s-wk1,0.2861111111110707,0.6979063310128831,279.3333333333333,142.4,7985.533333333333,4754.033333333333,30,54,3,0,54,0,"{""process_kprobe"": 54, ""process_exit"": 54, ""process_exec"": 54}"
1774280431,transition,sw-wk3,0.0,0.0,0.0,0.0,0.0,0.0,30,0,0,0,0,0,{}
1774280441,transition,sw-wk2,0.13711111111107233,0.403744687962565,0.0,0.0,5558.1,4631.4,40,0,0,0,0,0,{}
1774280441,transition,k3s-wk1,0.2861111111110707,0.6979063310128831,279.3333333333333,142.4,7985.533333333333,4754.033333333333,40,57,3,0,54,0,"{""process_exit"": 57, ""process_exec"": 57, ""process_kprobe"": 54}"
1774280441,transition,sw-wk3,0.0,0.0,0.0,0.0,0.0,0.0,40,0,0,0,0,0,{}
1774280451,transition,sw-wk2,0.13711111111107233,0.403744687962565,0.0,0.0,5558.1,4631.4,50,0,0,0,0,0,{}
1774280451,transition,k3s-wk1,0.27211111111116937,0.6924359463620692,279.3333333333333,142.4,4423.933333333333,5474.033333333333,50,42,3,0,35,0,"{""process_exit"": 42, ""process_exec"": 42, ""process_kprobe"": 35}"
1774280451,transition,sw-wk3,0.0,0.0,0.0,0.0,0.0,0.0,50,0,0,0,0,0,{}
1774280461,transition,sw-wk2,0.07544444444449461,0.4060207069983607,0.0,0.0,4921.1,4353.6,60,0,0,0,0,0,{}
1774280461,transition,k3s-wk1,0.27211111111116937,0.6924359463620692,279.3333333333333,142.4,4423.933333333333,5474.033333333333,60,33,3,0,29,0,"{""process_kprobe"": 29, ""process_exit"": 33, ""process_exec"": 33}"
1774280461,transition,sw-wk3,0.0,0.0,0.0,0.0,0.0,0.0,60,0,0,0,0,0,{}
1774280471,transition,sw-wk2,0.07544444444449461,0.4060207069983607,0.0,0.0,4921.1,4353.6,70,0,0,0,0,0,{}
1774280471,transition,k3s-wk1,0.27211111111116937,0.6924359463620692,279.3333333333333,142.4,4423.933333333333,5474.033333333333,70,36,3,0,33,0,"{""process_exit"": 36, ""process_exec"": 36, ""process_kprobe"": 33}"
1774280471,transition,sw-wk3,0.0,0.0,0.0,0.0,0.0,0.0,70,0,0,0,0,0,{}
1774280481,transition,sw-wk2,0.07544444444449461,0.4060207069983607,0.0,0.0,4921.1,4353.6,80,0,0,0,0,0,{}
1774280481,transition,k3s-wk1,0.2869601928695178,0.6930136463528576,279.30540279305404,142.38576142385762,4575.442455754424,5635.469786354698,80,18,2,0,16,0,"{""process_exit"": 18, ""process_exec"": 18, ""process_kprobe"": 16}"
1774280481,transition,sw-wk3,0.0,0.0,0.0,0.0,0.0,0.0,80,0,0,0,0,0,{}
1774280491,transition,sw-wk2,0.1627777777777536,0.405392016425536,0.0,0.0,5021.9,4675.033333333333,90,0,0,0,0,0,{}
1774280491,transition,k3s-wk1,0.2869601928695178,0.6930136463528576,279.30540279305404,142.38576142385762,4575.442455754424,5635.469786354698,90,12,2,0,15,0,"{""process_exit"": 12, ""process_exec"": 12, ""process_kprobe"": 15}"
1774280491,transition,sw-wk3,0.0,0.0,0.0,0.0,0.0,0.0,90,0,0,0,0,0,{}
1774280501,transition,sw-wk2,0.1627777777777536,0.405392016425536,0.0,0.0,5021.9,4675.033333333333,100,0,0,0,0,0,{}
1774280501,transition,k3s-wk1,0.2869601928695178,0.6930136463528576,279.30540279305404,142.38576142385762,4575.442455754424,5635.469786354698,100,12,2,0,13,0,"{""process_exit"": 12, ""process_exec"": 12, ""process_kprobe"": 13}"
1774280501,transition,sw-wk3,0.0,0.0,0.0,0.0,0.0,0.0,100,0,0,0,0,0,{}
1774280511,transition,sw-wk2,0.1627777777777536,0.405392016425536,0.0,0.0,5021.9,4675.033333333333,110,0,0,0,0,0,{}
1774280511,transition,k3s-wk1,0.26520681265212287,0.6933386848442579,474.8838752488387,231.7518248175183,4336.695421366954,3255.839416058394,110,39,3,0,38,0,"{""process_exit"": 39, ""process_exec"": 39, ""process_kprobe"": 38}"
1774280511,transition,sw-wk3,0.0,0.0,0.0,0.0,0.0,0.0,110,0,0,0,0,0,{}
1774280526,transition,sw-wk2,0.0903333333333447,0.0,0.0,0.0,462.13333333333344,4104.666666666667,125,0,0,0,0,0,{}
1774280526,transition,k3s-wk1,0.26520681265212287,0.0,474.8838752488387,231.75182481751824,4336.695421366954,3255.839416058394,125,33,3,0,32,0,"{""process_exit"": 33, ""process_exec"": 33, ""process_kprobe"": 32}"
1774280526,transition,sw-wk3,0.0,0.0,0.0,0.0,0.0,0.0,125,0,0,0,0,0,{}
1774280531,transition,sw-wk2,0.0903333333333447,0.40801023412755255,0.0,0.0,462.1333333333333,4104.666666666667,130,0,0,0,0,0,{}
1774280531,transition,k3s-wk1,0.26520681265212287,0.6933386848442579,474.8838752488387,231.75182481751824,4336.695421366954,3255.839416058394,130,15,2,0,15,0,"{""process_exit"": 15, ""process_exec"": 15, ""process_kprobe"": 15}"
1774280531,transition,sw-wk3,0.0,0.0,0.0,0.0,0.0,0.0,130,0,0,0,0,0,{}
1774280541,transition,sw-wk2,0.0903333333333447,0.40801023412755255,0.0,0.0,462.1333333333333,4104.666666666667,140,0,0,0,0,0,{}
1774280541,transition,k3s-wk1,0.2867505914914529,0.6975154952560172,441.14102049015673,234.4314985938128,4622.405249765636,5100.174099370564,140,15,2,0,13,0,"{""process_exit"": 15, ""process_exec"": 15, ""process_kprobe"": 13}"
1774280541,transition,sw-wk3,0.0,0.0,0.0,0.0,0.0,0.0,140,0,0,0,0,0,{}
1774280551,transition,sw-wk2,0.13777777777775357,0.403993378853714,4.466666666666668,6.0,5083.366666666667,4609.3,150,0,0,0,0,0,{}
1774280551,transition,k3s-wk1,0.2867505914914529,0.6975154952560172,441.14102049015673,234.4314985938128,4622.405249765636,5100.174099370564,150,33,3,0,35,0,"{""process_kprobe"": 35, ""process_exit"": 33, ""process_exec"": 33}"
1774280551,transition,sw-wk3,0.0,0.0,0.0,0.0,0.0,0.0,150,0,0,0,0,0,{}
1774280561,transition,sw-wk2,0.13777777777775357,0.403993378853714,4.466666666666667,6.0,5083.366666666667,4609.3,160,0,0,0,0,0,{}
1774280561,transition,k3s-wk1,0.2867505914914529,0.6975154952560172,441.14102049015673,234.4314985938128,4622.405249765636,5100.174099370564,160,39,3,0,35,0,"{""process_exit"": 39, ""process_exec"": 39, ""process_kprobe"": 35}"
1774280561,transition,sw-wk3,0.0,0.4146421529909615,0.0,0.0,0.0,0.0,160,0,0,0,0,0,{}
1774280571,transition,sw-wk2,0.13777777777775357,0.403993378853714,4.466666666666667,6.0,5083.366666666667,4609.3,170,0,0,0,0,0,{}
1774280571,transition,k3s-wk1,0.3253081685506828,0.7053795844244712,574.9441461869352,304.71172763346556,12066.457701157093,59144.753076127905,170,12,2,0,11,0,"{""process_exit"": 12, ""process_exec"": 12, ""process_kprobe"": 11}"
1774280571,transition,sw-wk3,0.0,0.4146421529909615,0.0,0.0,0.0,0.0,170,0,0,0,0,0,{}
1774280581,transition,sw-wk2,0.09745367284360296,0.4020894013910774,0.0,0.0,4344.787361685108,4239.634715371284,180,0,0,0,0,0,{}
1774280581,transition,k3s-wk1,0.3253081685506828,0.7053795844244712,574.9441461869352,304.71172763346556,12066.45770115709,59144.753076127905,180,54,3,0,50,0,"{""process_kprobe"": 50, ""process_exit"": 54, ""process_exec"": 54}"
1774280581,transition,sw-wk3,0.0,0.4146421529909615,0.0,0.0,0.0,0.0,180,0,0,0,0,0,{}
1774280591,normal,sw-wk2,0.09745367284360296,0.4020894013910774,0.0,0.0,4344.787361685108,4239.634715371284,0,0,0,0,0,0,{}
1774280591,normal,k3s-wk1,0.3253081685506828,0.7053795844244712,574.9441461869352,304.71172763346556,12066.45770115709,59144.753076127905,0,12,2,0,10,0,"{""process_exit"": 12, ""process_exec"": 12, ""process_kprobe"": 10}"
1774280591,normal,sw-wk3,0.10110236920478932,0.41521911700631275,8.601146819575943,6.6008801173489795,17387.28497132951,6086.578210428057,0,0,0,0,0,0,{}
1774280601,normal,sw-wk2,0.09745367284360296,0.4020894013910774,0.0,0.0,4344.787361685108,4239.634715371284,0,0,0,0,0,0,{}
1774280601,normal,k3s-wk1,0.2894444444444364,0.7053387901198827,578.7333333333333,309.2,11998.533333333333,75037.56666666667,0,21,2,0,17,0,"{""process_exit"": 21, ""process_exec"": 21, ""process_kprobe"": 17}"
1774280601,normal,sw-wk3,0.10110236920478932,0.41521911700631275,8.601146819575943,6.6008801173489795,17387.28497132951,6086.578210428057,0,0,0,0,0,0,{}
1774280611,normal,sw-wk2,0.15966573320888366,0.4038819653344793,0.0,0.0,5399.453260434724,4615.015335378051,0,0,0,0,0,0,{}
1774280611,normal,k3s-wk1,0.2894444444444364,0.7053387901198827,578.7333333333333,309.2,11998.533333333333,75037.56666666667,0,15,2,0,16,0,"{""process_exit"": 15, ""process_exec"": 15, ""process_kprobe"": 16}"
1774280611,normal,sw-wk3,0.10110236920478932,0.41521911700631275,8.601146819575943,6.6008801173489795,17387.28497132951,6086.578210428057,0,0,0,0,0,0,{}
1774280621,normal,sw-wk2,0.15966573320888366,0.4038819653344793,0.0,0.0,5399.453260434724,4615.015335378051,0,0,0,0,0,0,{}
1774280621,normal,k3s-wk1,0.2894444444444364,0.7053387901198827,578.7333333333333,309.2,11998.533333333333,75037.56666666667,0,36,3,0,33,0,"{""process_exit"": 36, ""process_exec"": 36, ""process_kprobe"": 33}"
1774280621,normal,sw-wk3,0.12053239120532544,0.4087750258141658,2.9997000299970003,2.9997000299970003,74583.24167583243,7349.198413491984,0,0,0,0,0,0,{}
1774280631,normal,sw-wk2,0.15966573320888366,0.4038819653344793,0.0,0.0,5399.453260434724,4615.015335378051,0,0,0,0,0,0,{}
1774280631,normal,k3s-wk1,0.2751111111111336,0.7033201300153966,572.7333333333333,302.6,9233.866666666667,7864.933333333333,0,12,2,0,9,0,"{""process_exit"": 12, ""process_exec"": 12, ""process_kprobe"": 9}"
1774280631,normal,sw-wk3,0.12053239120532544,0.4087750258141658,2.9997000299970003,2.9997000299970003,74583.24167583243,7349.198413491984,0,0,0,0,0,0,{}
1774280641,normal,sw-wk2,0.07633333333336245,0.4051293988444826,0.0,0.0,384.4,4022.2999999999997,0,0,0,0,0,0,{}
1774280641,normal,k3s-wk1,0.27511111111113384,0.7033201300153966,572.7333333333333,302.6,9233.866666666667,7864.933333333333,0,15,2,0,11,0,"{""process_exit"": 15, ""process_exec"": 15, ""process_kprobe"": 11}"
1774280641,normal,sw-wk3,0.12053239120532544,0.4087750258141658,2.9997000299970003,2.9997000299970003,74583.24167583243,7349.198413491984,0,0,0,0,0,0,{}
1774280651,normal,sw-wk2,0.07633333333336245,0.4051293988444826,0.0,0.0,384.4,4022.2999999999997,0,0,0,0,0,0,{}
1774280651,normal,k3s-wk1,0.27511111111113384,0.7033201300153966,572.7333333333333,302.6,9233.866666666667,7864.933333333333,0,105,3,0,96,0,"{""process_exit"": 105, ""process_exec"": 105, ""process_kprobe"": 96}"
1774280651,normal,sw-wk3,0.08690869086906594,0.40924654468188393,2.1335466880021334,2.000200020002,2005.067173384005,4977.897789778977,0,0,0,0,0,0,{}
1774280661,normal,sw-wk2,0.07633333333336245,0.4051293988444826,0.0,0.0,384.4,4022.2999999999997,0,0,0,0,0,0,{}
1774280661,normal,k3s-wk1,0.2949999999999515,0.7030082509770894,572.7333333333333,302.6,9685.0,8892.833333333334,0,33,3,0,30,0,"{""process_kprobe"": 30, ""process_exit"": 33, ""process_exec"": 33}"
1774280661,normal,sw-wk3,0.08690869086906594,0.40924654468188393,2.1335466880021334,2.000200020002,2005.067173384005,4977.897789778977,0,0,0,0,0,0,{}
1774280671,normal,sw-wk2,0.16511111111111765,0.40432364035715995,0.0,0.0,4947.1,4655.1,0,0,0,0,0,0,{}
1774280671,normal,k3s-wk1,0.2949999999999515,0.7030082509770894,572.7333333333333,302.6,9685.0,8892.833333333334,0,12,2,0,13,0,"{""process_kprobe"": 13, ""process_exit"": 12, ""process_exec"": 12}"
1774280671,normal,sw-wk3,0.08690869086906594,0.40924654468188393,2.1335466880021334,2.000200020002,2005.067173384005,4977.897789778977,0,0,0,0,0,0,{}
1774280681,normal,sw-wk2,0.16511111111111765,0.40432364035715995,0.0,0.0,4947.1,4655.1,0,0,0,0,0,0,{}
1774280681,normal,k3s-wk1,0.2949999999999515,0.7030082509770894,572.7333333333333,302.6,9685.0,8892.833333333334,0,36,3,0,32,0,"{""process_exit"": 36, ""process_exec"": 36, ""process_kprobe"": 32}"
1774280681,normal,sw-wk3,0.0921111111111208,0.40935795842277933,4.466666666666667,6.0,2997.366666666667,5081.2,0,0,0,0,0,0,{}
1774280691,normal,sw-wk2,0.16511111111111765,0.40432364035715995,0.0,0.0,4947.1,4655.1,0,0,0,0,0,0,{}
1774280691,normal,k3s-wk1,0.2594444444445091,0.6990683107210065,572.7333333333333,302.6,9097.5,1524.3666666666666,0,15,2,0,13,0,"{""process_kprobe"": 13, ""process_exit"": 15, ""process_exec"": 15}"
1774280691,normal,sw-wk3,0.0921111111111208,0.40935795842277933,4.466666666666667,6.0,2997.366666666667,5081.2,0,0,0,0,0,0,{}
1774280701,normal,sw-wk2,0.1202222222221786,0.40699159623740633,0.0,0.0,548.3666666666667,4097.633333333333,0,0,0,0,0,0,{}
1774280701,normal,k3s-wk1,0.2594444444445091,0.6990683107210065,572.7333333333333,302.6,9097.5,1524.3666666666666,0,54,3,0,50,0,"{""process_kprobe"": 50, ""process_exit"": 54, ""process_exec"": 54}"
1774280701,normal,sw-wk3,0.0921111111111208,0.40935795842277933,4.466666666666667,6.0,2997.366666666667,5081.2,0,0,0,0,0,0,{}
1774280711,normal,sw-wk2,0.1202222222221786,0.40699159623740633,0.0,0.0,548.3666666666667,4097.633333333333,0,0,0,0,0,0,{}
1774280711,normal,k3s-wk1,0.2594444444445091,0.6990683107210065,572.7333333333333,302.6,9097.5,1524.3666666666666,0,33,3,0,31,0,"{""process_kprobe"": 31, ""process_exit"": 33, ""process_exec"": 33}"
1774280711,normal,sw-wk3,0.09166666666662626,0.40960068121544435,0.0,0.0,2299.1,5050.566666666667,0,0,0,0,0,0,{}
1774280721,normal,sw-wk2,0.1202222222221786,0.40699159623740633,0.0,0.0,548.3666666666667,4097.633333333333,0,0,0,0,0,0,{}
1774280721,normal,k3s-wk1,0.32188888888886147,0.6937347843823611,572.7333333333335,302.6,10120.7,10566.766666666666,0,60,3,0,53,0,"{""process_exit"": 61, ""process_exec"": 60, ""process_kprobe"": 53}"
1774280721,normal,sw-wk3,0.09166666666662626,0.40960068121544435,0.0,0.0,2299.1,5050.566666666667,0,0,0,0,0,0,{}
1774280731,normal,sw-wk2,0.17222222222226247,0.40390782918715884,0.0,0.0,6196.1,4679.433333333333,0,0,0,0,0,0,{}
1774280731,normal,k3s-wk1,0.32188888888886147,0.6937347843823611,572.7333333333333,302.6,10120.7,10566.766666666666,0,51,3,0,51,0,"{""process_exit"": 51, ""process_exec"": 51, ""process_kprobe"": 51}"
1774280731,normal,sw-wk3,0.09166666666662626,0.40960068121544435,0.0,0.0,2299.1,5050.566666666667,0,0,0,0,0,0,{}
1774280741,normal,sw-wk2,0.17222222222226258,0.40390782918715884,0.0,0.0,6196.1,4679.433333333333,0,0,0,0,0,0,{}
1774280741,normal,k3s-wk1,0.32188888888886147,0.6937347843823611,572.7333333333333,302.6,10120.7,10566.766666666666,0,42,3,0,36,0,"{""process_exit"": 42, ""process_exec"": 42, ""process_kprobe"": 36}"
1774280741,normal,sw-wk3,0.18177777777778426,0.4212135741727032,0.0,0.0,15038.6,6519.866666666667,0,0,0,0,0,0,{}
1774280751,normal,sw-wk2,0.17222222222226258,0.40390782918715884,0.0,0.0,6196.1,4679.433333333333,0,0,0,0,0,0,{}
1774280751,normal,k3s-wk1,0.3042222222222336,0.6971207116632232,572.7333333333333,302.6,10929.733333333334,20287.0,0,54,3,0,50,0,"{""process_exit"": 54, ""process_exec"": 54, ""process_kprobe"": 50}"
1774280751,normal,sw-wk3,0.18177777777778426,0.4212135741727032,0.0,0.0,15038.6,6519.866666666667,0,0,0,0,0,0,{}
1774280761,normal,sw-wk2,0.11522222222225131,0.4046519123334765,4.466666666666667,6.0,2991.566666666667,4279.9,0,0,0,0,0,0,{}
1774280761,normal,k3s-wk1,0.3042222222222336,0.6971207116632232,572.7333333333333,302.6,10929.733333333334,20287.0,0,33,3,0,29,0,"{""process_kprobe"": 29, ""process_exit"": 33, ""process_exec"": 33}"
1774280761,normal,sw-wk3,0.18177777777778426,0.4212135741727032,0.0,0.0,15038.6,6519.866666666667,0,0,0,0,0,0,{}
1774280771,normal,sw-wk2,0.11522222222225131,0.4046519123334765,4.466666666666667,6.0,2991.5666666666666,4279.9,0,0,0,0,0,0,{}
1774280771,normal,k3s-wk1,0.3042222222222336,0.6971207116632232,572.7333333333333,302.6,10929.733333333334,20287.0,0,12,2,0,10,0,"{""process_exit"": 12, ""process_exec"": 12, ""process_kprobe"": 10}"
1774280771,normal,sw-wk3,0.15188888888890995,0.4217865591258796,5.133333333333333,5.0,10511.733333333335,6127.533333333333,0,0,0,0,0,0,{}
1774280781,normal,sw-wk2,0.11522222222225131,0.4046519123334765,4.466666666666667,6.0,2991.5666666666666,4279.9,0,0,0,0,0,0,{}
1774280781,normal,k3s-wk1,0.29644444444444773,0.6970601781789949,572.7333333333333,302.6,10592.633333333333,14774.066666666666,0,54,3,0,51,0,"{""process_kprobe"": 51, ""process_exit"": 54, ""process_exec"": 54}"
1774280781,normal,sw-wk3,0.15188888888890995,0.4217865591258796,5.133333333333333,5.0,10511.733333333334,6127.533333333333,0,0,0,0,0,0,{}
1774280791,normal,sw-wk2,0.1614444444443911,0.40556709481290487,0.0,0.0,5752.933333333333,4608.3,0,0,0,0,0,0,{}
1774280791,normal,k3s-wk1,0.29644444444444773,0.6970601781789949,572.7333333333333,302.6,10592.633333333333,14774.066666666666,0,30,3,0,32,0,"{""process_kprobe"": 32, ""process_exit"": 30, ""process_exec"": 30}"
1774280791,normal,sw-wk3,0.15188888888890995,0.4217865591258796,5.133333333333333,5.0,10511.733333333334,6127.533333333333,0,0,0,0,0,0,{}
1774280801,normal,sw-wk2,0.1614444444443911,0.40556709481290487,0.0,0.0,5752.933333333333,4608.3,0,0,0,0,0,0,{}
1774280801,normal,k3s-wk1,0.29644444444444773,0.6970601781789949,572.7333333333333,302.6,10592.633333333333,14774.066666666666,0,36,3,0,33,0,"{""process_exit"": 36, ""process_exec"": 36, ""process_kprobe"": 33}"
1774280801,normal,sw-wk3,0.12055555555557984,0.4208455109215309,0.0,0.0,8276.766666666666,6307.666666666667,0,0,0,0,0,0,{}
1774280811,normal,sw-wk2,0.1614444444443911,0.40556709481290487,0.0,0.0,5752.933333333333,4608.3,0,0,0,0,0,0,{}
1774280811,normal,k3s-wk1,0.2799999999999677,0.6988261767840929,572.7333333333333,302.6,10249.266666666666,7177.7,0,83,3,0,76,0,"{""process_exit"": 83, ""process_exec"": 83, ""process_kprobe"": 76}"
1774280811,normal,sw-wk3,0.12055555555557984,0.4208455109215309,0.0,0.0,8276.766666666666,6307.666666666667,0,0,0,0,0,0,{}
1774280821,normal,sw-wk2,0.12188888888890181,0.40708908306673675,0.0,0.0,2083.5,4155.666666666667,0,0,0,0,0,0,{}
1774280821,normal,k3s-wk1,0.2799999999999677,0.6988261767840929,572.7333333333333,302.6,10249.266666666666,7177.7,0,28,2,0,24,0,"{""process_exit"": 28, ""process_exec"": 28, ""process_kprobe"": 24}"
1774280821,normal,sw-wk3,0.12055555555557984,0.4208455109215309,0.0,0.0,8276.766666666666,6307.666666666667,0,0,0,0,0,0,{}
1774280831,normal,sw-wk2,0.12188888888890181,0.40708908306673675,0.0,0.0,2083.5,4155.666666666667,0,0,0,0,0,0,{}
1774280831,normal,k3s-wk1,0.2799999999999677,0.6988261767840929,572.7333333333333,302.6,10249.266666666666,7177.7,0,39,3,0,34,0,"{""process_exit"": 39, ""process_exec"": 39, ""process_kprobe"": 34}"
1774280831,normal,sw-wk3,0.12866666666664572,0.42053514407189374,0.0,0.0,10211.366666666667,5779.033333333333,0,0,0,0,0,0,{}
1774280841,normal,sw-wk2,0.12188888888890181,0.40708908306673675,0.0,0.0,2083.5,4155.666666666667,0,0,0,0,0,0,{}
1774280841,normal,k3s-wk1,0.3158888888888921,0.7017528391520049,570.6,300.6,10306.166666666666,13102.466666666667,0,36,3,0,32,0,"{""process_kprobe"": 32, ""process_exit"": 36, ""process_exec"": 36}"
1774280841,normal,sw-wk3,0.12866666666664572,0.42053514407189374,0.0,0.0,10211.366666666667,5779.033333333333,0,0,0,0,0,0,{}
1774280851,normal,sw-wk2,0.16633333333338673,0.4026703433128014,0.0,0.0,4972.6,4694.8,0,0,0,0,0,0,{}
1774280851,normal,k3s-wk1,0.3158888888888921,0.7017528391520049,570.6,300.6,10306.166666666666,13102.466666666667,0,12,2,0,13,0,"{""process_exit"": 12, ""process_exec"": 12, ""process_kprobe"": 13}"
1774280851,normal,sw-wk3,0.12866666666664572,0.42053514407189374,0.0,0.0,10211.366666666667,5779.033333333333,0,0,0,0,0,0,{}
1774280861,normal,sw-wk2,0.16633333333338673,0.4026703433128014,0.0,0.0,4972.6,4694.8,0,0,0,0,0,0,{}
1774280861,normal,k3s-wk1,0.3158888888888921,0.7017528391520049,570.6,300.6,10306.166666666666,13102.466666666667,0,57,3,0,52,0,"{""process_exit"": 57, ""process_exec"": 57, ""process_kprobe"": 52}"
1774280861,normal,sw-wk3,0.09899999999999842,0.41949064025099925,4.466666666666667,6.0,3131.5666666666666,5175.833333333334,0,0,0,0,0,0,{}
1774280871,normal,sw-wk2,0.16633333333338673,0.4026703433128014,0.0,0.0,4972.6,4694.8,0,0,0,0,0,0,{}
1774280871,normal,k3s-wk1,0.2926199299664407,0.706004658446395,530.3359774585771,283.5441487243882,8224.127898073564,5585.985115310404,0,6,2,0,7,0,"{""process_kprobe"": 7, ""process_exit"": 6, ""process_exec"": 6}"
1774280871,normal,sw-wk3,0.09899999999999842,0.41949064025099925,4.466666666666667,6.0,3131.5666666666666,5175.833333333333,0,0,0,0,0,0,{}
1774280881,transition,sw-wk2,0.0,0.4026703433128014,0.0,0.0,0.0,0.0,9,0,0,0,0,0,{}
1774280881,transition,k3s-wk1,0.2926199299664407,0.706004658446395,530.335977458577,283.5441487243882,8224.127898073566,5585.985115310403,9,39,3,0,35,0,"{""process_exit"": 39, ""process_exec"": 39, ""process_kprobe"": 35}"
1774280881,transition,sw-wk3,0.09899999999999842,0.41949064025099925,4.466666666666667,6.0,3131.5666666666666,5175.833333333333,9,0,0,0,0,0,{}
1774280891,transition,sw-wk2,0.0,0.0,0.0,0.0,0.0,0.0,19,0,0,0,0,0,{}
1774280891,transition,k3s-wk1,0.2926199299664408,0.706004658446395,530.3359774585771,283.5441487243882,8224.127898073564,5585.985115310404,19,12,2,0,11,0,"{""process_exit"": 12, ""process_exec"": 12, ""process_kprobe"": 11}"
1774280891,transition,sw-wk3,0.09444444444444422,0.4197174467949649,0.0,0.0,1504.6,4978.866666666667,19,0,0,0,0,0,{}
1774280901,transition,sw-wk2,0.0,0.0,0.0,0.0,0.0,0.0,30,0,0,0,0,0,{}
1774280901,transition,k3s-wk1,0.2752934293758119,0.7055085470647839,625.9095396541007,329.73783319316976,5468.938535229808,2298.475264177849,30,57,3,0,51,0,"{""process_exit"": 57, ""process_exec"": 57, ""process_kprobe"": 51}"
1774280901,transition,sw-wk3,0.09444444444444444,0.4197174467949649,0.0,0.0,1504.6,4978.866666666667,30,0,0,0,0,0,{}
1774280911,transition,sw-wk2,0.0,0.0,0.0,0.0,0.0,0.0,40,0,0,0,0,0,{}
1774280911,transition,k3s-wk1,0.2752934293758117,0.7055085470647839,625.9095396541007,329.73783319316976,5468.938535229808,2298.4752641778496,40,39,3,0,38,0,"{""process_kprobe"": 38, ""process_exit"": 39, ""process_exec"": 39}"
1774280911,transition,sw-wk3,0.09444444444444444,0.4197174467949649,0.0,0.0,1504.6,4978.866666666667,40,0,0,0,0,0,{}
1774280921,transition,sw-wk2,0.0,0.0,0.0,0.0,0.0,0.0,50,0,0,0,0,0,{}
1774280921,transition,k3s-wk1,0.2752934293758118,0.7055085470647839,625.9095396541007,329.73783319316976,5468.938535229808,2298.4752641778496,50,36,3,0,32,0,"{""process_exit"": 36, ""process_exec"": 36, ""process_kprobe"": 32}"
1774280921,transition,sw-wk3,0.08000000000000806,0.4191623676215752,0.0,0.0,6844.466666666666,5119.2,50,0,0,0,0,0,{}
1774280931,transition,sw-wk2,0.0,0.0,0.0,0.0,0.0,0.0,60,0,0,0,0,0,{}
1774280931,transition,k3s-wk1,0.267555555555575,0.7061665197194404,572.7333333333333,302.6000000000001,5292.266666666666,8524.2,60,12,2,0,12,0,"{""process_kprobe"": 12, ""process_exit"": 12, ""process_exec"": 12}"
1774280931,transition,sw-wk3,0.08000000000000806,0.4191623676215752,0.0,0.0,6844.466666666666,5119.2,60,0,0,0,0,0,{}
1774280941,transition,sw-wk2,0.0,0.0,0.0,0.0,0.0,0.0,70,0,0,0,0,0,{}
1774280941,transition,k3s-wk1,0.267555555555575,0.7061665197194404,572.7333333333333,302.6,5292.266666666666,8524.2,70,36,3,0,32,0,"{""process_exit"": 36, ""process_exec"": 36, ""process_kprobe"": 32}"
1774280941,transition,sw-wk3,0.08000000000000806,0.4191623676215752,0.0,0.0,6844.466666666666,5119.2,70,0,0,0,0,0,{}
1774280951,transition,sw-wk2,0.0,0.0,0.0,0.0,0.0,0.0,80,0,0,0,0,0,{}
1774280951,transition,k3s-wk1,0.267555555555575,0.7061665197194404,572.7333333333333,302.6,5292.266666666666,8524.2,80,36,3,0,33,0,"{""process_exit"": 36, ""process_exec"": 36, ""process_kprobe"": 33}"
1774280951,transition,sw-wk3,0.10077777777777452,0.41955629477688405,0.0,0.0,5257.966666666666,5437.866666666667,80,0,0,0,0,0,{}
1774280961,transition,sw-wk2,0.0,0.0,0.0,0.0,0.0,0.0,90,0,0,0,0,0,{}
1774280961,transition,k3s-wk1,0.26888888888885665,0.7012935742390547,572.7333333333333,302.6,5434.466666666666,3712.5,90,12,2,0,14,0,"{""process_kprobe"": 14, ""process_exit"": 12, ""process_exec"": 12}"
1774280961,transition,sw-wk3,0.10077777777777452,0.41955629477688405,0.0,0.0,5257.966666666666,5437.866666666667,90,0,0,0,0,0,{}
1774280971,transition,sw-wk2,0.0,0.0,0.0,0.0,0.0,0.0,100,0,0,0,0,0,{}
1774280971,transition,k3s-wk1,0.26888888888885665,0.7012935742390547,572.7333333333333,302.6,5434.466666666666,3712.5,100,102,3,0,100,0,"{""process_kprobe"": 100, ""process_exit"": 102, ""process_exec"": 102}"
1774280971,transition,sw-wk3,0.10077777777777452,0.41955629477688405,0.0,0.0,5257.966666666666,5437.866666666667,100,0,0,0,0,0,{}
1774280982,transition,sw-wk2,0.0,0.0,0.0,0.0,0.0,0.0,111,0,0,0,0,0,{}
1774280982,transition,k3s-wk1,0.26888888888885665,0.7012935742390547,572.7333333333333,302.6,5434.466666666666,3712.5,111,33,3,0,32,0,"{""process_kprobe"": 32, ""process_exit"": 33, ""process_exec"": 33}"
1774280982,transition,sw-wk3,0.11997689119977861,0.4180780731789324,0.0,0.0,4807.519248075193,5571.909475719094,111,0,0,0,0,0,{}
1774280992,transition,sw-wk2,0.0,0.0,0.0,0.0,0.0,0.0,121,0,0,0,0,0,{}
1774280992,transition,k3s-wk1,0.29033333333338507,0.6999934202734535,570.6,300.6,5480.1,4665.333333333333,121,12,2,0,12,0,"{""process_exit"": 12, ""process_exec"": 12, ""process_kprobe"": 12}"
1774280992,transition,sw-wk3,0.11997689119977861,0.4180780731789324,0.0,0.0,4807.519248075193,5571.909475719095,121,0,0,0,0,0,{}
1774281002,transition,sw-wk2,0.0,0.0,0.0,0.0,0.0,0.0,131,0,0,0,0,0,{}
1774281002,transition,k3s-wk1,0.29033333333338507,0.6999934202734535,570.6,300.6,5480.1,4665.333333333333,131,36,3,0,33,0,"{""process_kprobe"": 33, ""process_exit"": 36, ""process_exec"": 36}"
1774281002,transition,sw-wk3,0.11997689119977861,0.4180780731789324,0.0,0.0,4807.519248075193,5571.909475719095,131,0,0,0,0,0,{}
1774281012,transition,sw-wk2,0.0,0.0,0.0,0.0,0.0,0.0,141,0,0,0,0,0,{}
1774281012,transition,k3s-wk1,0.29033333333338507,0.6999934202734535,570.6,300.6,5480.1,4665.333333333333,141,12,2,0,11,0,"{""process_kprobe"": 11, ""process_exit"": 12, ""process_exec"": 12}"
1774281012,transition,sw-wk3,0.13658032469912862,0.42934279819589316,5.133846718005134,5.000500050005,6340.83408340834,5625.595892922625,141,0,0,0,0,0,{}
1774281022,transition,sw-wk2,0.0,0.0,0.0,0.0,0.0,0.0,151,0,0,0,0,0,{}
1774281022,transition,k3s-wk1,0.30033333333327983,0.698860391362135,572.7333333333333,302.6,6010.0,10025.1,151,36,3,0,35,0,"{""process_kprobe"": 35, ""process_exit"": 37, ""process_exec"": 36}"
1774281022,transition,sw-wk3,0.13658032469912862,0.42934279819589316,5.133846718005134,5.000500050005,6340.83408340834,5625.595892922625,151,0,0,0,0,0,{}
1774281032,transition,sw-wk2,0.0,0.0,0.0,0.0,0.0,0.0,161,0,0,0,0,0,{}
1774281032,transition,k3s-wk1,0.30033333333327994,0.698860391362135,572.7333333333333,302.6,6010.0,10025.1,161,36,3,0,37,0,"{""process_kprobe"": 37, ""process_exit"": 36, ""process_exec"": 36}"
1774281032,transition,sw-wk3,0.13658032469912862,0.42934279819589316,5.133846718005134,5.000500050005,6340.83408340834,5625.595892922625,161,0,0,0,0,0,{}
1774281042,transition,sw-wk2,0.0,0.0,0.0,0.0,0.0,0.0,171,0,0,0,0,0,{}
1774281042,transition,k3s-wk1,0.30033333333327994,0.698860391362135,572.7333333333333,302.6,6010.0,10025.1,171,36,3,0,33,0,"{""process_kprobe"": 33, ""process_exit"": 36, ""process_exec"": 36}"
1774281042,transition,sw-wk3,0.12975369129751746,0.45688188750793324,0.0,0.0,10079.125420791255,5788.921107889211,171,0,0,0,0,0,{}
1774281052,transition,sw-wk2,0.0,0.0,0.0,0.0,0.0,0.0,181,0,0,0,0,0,{}
1774281052,transition,k3s-wk1,0.3190000000000711,0.7001447539840244,570.6,300.6,11544.5,47613.2,181,12,2,0,13,0,"{""process_kprobe"": 13, ""process_exit"": 12, ""process_exec"": 12}"
1774281052,transition,sw-wk3,0.12975369129751746,0.45688188750793324,0.0,0.0,10079.125420791255,5788.921107889211,181,0,0,0,0,0,{}
1774281062,transition,sw-wk2,0.0,0.4008598736252368,0.0,0.0,0.0,0.0,191,0,0,0,0,0,{}
1774281062,transition,k3s-wk1,0.3190000000000711,0.7001447539840244,570.6,300.6,11544.5,47613.2,191,18,2,0,15,0,"{""process_kprobe"": 15, ""process_exit"": 18, ""process_exec"": 18}"
1774281062,transition,sw-wk3,0.12975369129751746,0.45688188750793324,0.0,0.0,10079.125420791255,5788.921107889211,191,0,0,0,0,0,{}
1774281072,transition,sw-wk2,0.0,0.4008598736252368,0.0,0.0,0.0,0.0,201,0,0,0,0,0,{}
1774281072,transition,k3s-wk1,0.3190000000000711,0.7001447539840244,570.6,300.6,11544.5,47613.2,201,33,3,0,31,0,"{""process_kprobe"": 31, ""process_exit"": 33, ""process_exec"": 33}"
1774281072,transition,sw-wk3,0.10091009100914305,0.4870670531662392,0.0,0.0,8568.256825682567,5500.7500750075005,201,0,0,0,0,0,{}
1774281082,transition,sw-wk2,0.0,0.4008598736252368,0.0,0.0,0.0,0.0,211,0,0,0,0,0,{}
1774281082,transition,k3s-wk1,0.28395308543248077,0.6981642562935084,572.504331600693,302.47900839664135,10111.655337864855,6782.220445155271,211,33,3,0,29,0,"{""process_exit"": 33, ""process_exec"": 33, ""process_kprobe"": 29}"
1774281082,transition,sw-wk3,0.10091009100914305,0.4870670531662392,0.0,0.0,8568.256825682567,5500.7500750075005,211,0,0,0,0,0,{}
1774281092,normal,sw-wk2,0.2434444444444427,0.40518908465835846,0.0,0.0,4920.633333333333,4566.533333333333,0,0,0,0,0,0,{}
1774281092,normal,k3s-wk1,0.28395308543248077,0.6981642562935084,572.504331600693,302.47900839664135,10111.655337864853,6782.220445155271,0,33,3,0,33,0,"{""process_exit"": 33, ""process_exec"": 33, ""process_kprobe"": 33}"
1774281092,normal,sw-wk3,0.10091009100914305,0.4870670531662392,0.0,0.0,8568.256825682567,5500.7500750075005,0,0,0,0,0,0,{}
1774281102,normal,sw-wk2,0.2434444444444428,0.40518908465835846,0.0,0.0,4920.633333333333,4566.533333333333,0,0,0,0,0,0,{}
1774281102,normal,k3s-wk1,0.28395308543248077,0.6981642562935084,572.504331600693,302.47900839664135,10111.655337864853,6782.220445155271,0,12,2,0,11,0,"{""process_exit"": 12, ""process_exec"": 12, ""process_kprobe"": 11}"
1774281102,normal,sw-wk3,0.09876296444351718,0.5174949416172102,0.0,0.0,3383.536544739823,5389.666200279832,0,0,0,0,0,0,{}
1774281112,normal,sw-wk2,0.2434444444444428,0.40518908465835846,0.0,0.0,4920.633333333333,4566.533333333333,0,0,0,0,0,0,{}
1774281112,normal,k3s-wk1,0.2775999288604153,0.6995946888447316,771.641990129385,395.1914098972922,9679.104975323462,4318.060557556355,0,33,3,0,29,0,"{""process_exit"": 33, ""process_exec"": 33, ""process_kprobe"": 29}"
1774281112,normal,sw-wk3,0.09876296444351718,0.5174949416172102,0.0,0.0,3383.536544739823,5389.666200279832,0,0,0,0,0,0,{}
1774281122,normal,sw-wk2,0.08766666666666023,0.408149501026596,5.133333333333333,5.0,441.3333333333333,4045.6,0,0,0,0,0,0,{}
1774281122,normal,k3s-wk1,0.2775999288604153,0.6995946888447316,771.641990129385,395.1914098972922,9679.104975323462,4318.060557556355,0,39,3,0,33,0,"{""process_kprobe"": 33, ""process_exit"": 39, ""process_exec"": 39}"
1774281122,normal,sw-wk3,0.09876296444351718,0.5174949416172102,0.0,0.0,3383.536544739823,5389.666200279832,0,0,0,0,0,0,{}
1774281132,normal,sw-wk2,0.08766666666666023,0.408149501026596,5.133333333333333,5.0,441.3333333333333,4045.6,0,0,0,0,0,0,{}
1774281132,normal,k3s-wk1,0.2775999288604153,0.6995946888447316,771.641990129385,395.1914098972922,9679.104975323462,4318.060557556355,0,21,2,0,16,0,"{""process_exit"": 21, ""process_exec"": 21, ""process_kprobe"": 16}"
1774281132,normal,sw-wk3,0.09370763041497998,0.5484341395576476,0.0,0.0,3857.7048743081946,5596.652663866106,0,0,0,0,0,0,{}
1774281142,normal,sw-wk2,0.08766666666666023,0.408149501026596,5.133333333333333,5.0,441.3333333333333,4045.6,0,0,0,0,0,0,{}
1774281142,normal,k3s-wk1,0.29411111111108357,0.698061612559382,572.6,302.6000000000001,9902.933333333332,10745.600000000002,0,15,2,0,13,0,"{""process_kprobe"": 13, ""process_exit"": 15, ""process_exec"": 15}"
1774281142,normal,sw-wk3,0.09370763041497998,0.5484341395576476,0.0,0.0,3857.7048743081946,5596.652663866106,0,0,0,0,0,0,{}
1774281152,normal,sw-wk2,0.1379999999999807,0.40676677967180763,0.0,0.0,4709.933333333333,4520.966666666666,0,0,0,0,0,0,{}
1774281152,normal,k3s-wk1,0.29411111111108357,0.698061612559382,572.6,302.6,9902.933333333332,10745.6,0,57,3,0,57,0,"{""process_kprobe"": 57, ""process_exit"": 57, ""process_exec"": 57}"
1774281152,normal,sw-wk3,0.09370763041497998,0.5484341395576476,0.0,0.0,3857.7048743081946,5596.652663866106,0,0,0,0,0,0,{}
1774281162,normal,sw-wk2,0.1379999999999807,0.40676677967180763,0.0,0.0,4709.933333333333,4520.966666666666,0,0,0,0,0,0,{}
1774281162,normal,k3s-wk1,0.29411111111108357,0.698061612559382,572.6,302.6,9902.933333333332,10745.6,0,36,3,0,32,0,"{""process_exit"": 36, ""process_exec"": 36, ""process_kprobe"": 32}"
1774281162,normal,sw-wk3,0.12887377173088554,0.4138443510249069,0.0,0.0,5780.345471521941,5466.153127917833,0,0,0,0,0,0,{}
1774281172,normal,sw-wk2,0.1379999999999807,0.40676677967180763,0.0,0.0,4709.933333333333,4520.966666666666,0,0,0,0,0,0,{}
1774281172,normal,k3s-wk1,0.29488888888889864,0.7155044676343252,574.7333333333333,304.6,9500.066666666666,4398.566666666667,0,36,3,0,31,0,"{""process_kprobe"": 31, ""process_exit"": 36, ""process_exec"": 36}"
1774281172,normal,sw-wk3,0.12887377173088554,0.4138443510249069,0.0,0.0,5780.345471521941,5466.153127917833,0,0,0,0,0,0,{}
1774281182,normal,sw-wk2,0.07844444444441867,0.40688217224530077,0.0,0.0,976.6999999999999,4171.5,0,0,0,0,0,0,{}
1774281182,normal,k3s-wk1,0.29488888888889864,0.7155044676343252,574.7333333333333,304.6,9500.066666666666,4398.566666666667,0,12,2,0,9,0,"{""process_kprobe"": 9, ""process_exit"": 12, ""process_exec"": 12}"
1774281182,normal,sw-wk3,0.12887377173088554,0.4138443510249069,0.0,0.0,5780.345471521941,5466.153127917833,0,0,0,0,0,0,{}
1774281192,normal,sw-wk2,0.07844444444441867,0.40688217224530077,0.0,0.0,976.6999999999999,4171.5,0,0,0,0,0,0,{}
1774281192,normal,k3s-wk1,0.29488888888889864,0.7155044676343252,574.7333333333333,304.6,9500.066666666666,4398.566666666667,0,57,3,0,52,0,"{""process_exit"": 57, ""process_exec"": 57, ""process_kprobe"": 52}"
1774281192,normal,sw-wk3,0.08877777777783591,0.4143218384858872,4.466666666666667,6.0,2301.4666666666667,5067.333333333333,0,0,0,0,0,0,{}
1774281202,normal,sw-wk2,0.07844444444441867,0.40688217224530077,0.0,0.0,976.6999999999999,4171.5,0,0,0,0,0,0,{}
1774281202,normal,k3s-wk1,0.29366666666666985,0.7171796660130805,578.7333333333333,309.2,9800.566666666666,9347.2,0,39,3,0,33,0,"{""process_exit"": 39, ""process_exec"": 39, ""process_kprobe"": 33}"
1774281202,normal,sw-wk3,0.08877777777783591,0.4143218384858872,4.466666666666667,6.0,2301.4666666666667,5067.333333333333,0,0,0,0,0,0,{}
1774281212,normal,sw-wk2,0.14286349142865917,0.40387400722596256,0.0,0.0,4668.566476685665,4664.600206646002,0,0,0,0,0,0,{}
1774281212,normal,k3s-wk1,0.29366666666666985,0.7171796660130805,578.7333333333333,309.2,9800.566666666666,9347.2,0,36,3,0,35,0,"{""process_kprobe"": 35, ""process_exit"": 36, ""process_exec"": 36}"
1774281212,normal,sw-wk3,0.08877777777783591,0.4143218384858872,4.466666666666667,6.0,2301.4666666666667,5067.333333333333,0,0,0,0,0,0,{}
1774281222,normal,sw-wk2,0.14286349142865917,0.40387400722596256,0.0,0.0,4668.566476685665,4664.600206646002,0,0,0,0,0,0,{}
1774281222,normal,k3s-wk1,0.29366666666666985,0.7171796660130805,578.7333333333333,309.2,9800.566666666666,9347.2,0,12,2,0,11,0,"{""process_exit"": 12, ""process_exec"": 12, ""process_kprobe"": 11}"
1774281222,normal,sw-wk3,0.09577777777776653,0.4170057159228141,0.0,0.0,3995.2666666666664,5314.0,0,0,0,0,0,0,{}
1774281232,normal,sw-wk2,0.14286349142865917,0.40387400722596256,0.0,0.0,4668.566476685665,4664.600206646002,0,0,0,0,0,0,{}
1774281232,normal,k3s-wk1,0.263111111111074,0.7163335131791922,575.0666666666666,306.6,9308.066666666666,1997.8,0,36,3,0,33,0,"{""process_kprobe"": 33, ""process_exit"": 36, ""process_exec"": 36}"
1774281232,normal,sw-wk3,0.09577777777776653,0.4170057159228141,0.0,0.0,3995.2666666666664,5314.0,0,0,0,0,0,0,{}
1774281242,normal,sw-wk2,0.0819081908191337,0.4038660491174457,5.133846718005134,5.000500050005,719.9719971997199,4037.0703737040367,0,0,0,0,0,0,{}
1774281242,normal,k3s-wk1,0.263111111111074,0.7163335131791922,575.0666666666666,306.6,9308.066666666666,1997.8,0,12,2,0,10,0,"{""process_exit"": 12, ""process_exec"": 12, ""process_kprobe"": 10}"
1774281242,normal,sw-wk3,0.09577777777776653,0.4170057159228141,0.0,0.0,3995.2666666666664,5314.0,0,0,0,0,0,0,{}
1774281252,normal,sw-wk2,0.0819081908191337,0.4038660491174457,5.133846718005134,5.000500050005,719.9719971997199,4037.0703737040367,0,0,0,0,0,0,{}
1774281252,normal,k3s-wk1,0.263111111111074,0.7163335131791922,575.0666666666666,306.6,9308.066666666666,1997.8,0,36,3,0,32,0,"{""process_exit"": 36, ""process_exec"": 36, ""process_kprobe"": 32}"
1774281252,normal,sw-wk3,0.08611111111111114,0.41709922388392284,0.0,0.0,3677.7,5110.733333333334,0,0,0,0,0,0,{}
1774281262,normal,sw-wk2,0.0819081908191337,0.4038660491174457,5.133846718005134,5.000500050005,719.9719971997199,4037.0703737040367,0,0,0,0,0,0,{}
1774281262,normal,k3s-wk1,0.28711111111115306,0.7157847639852088,572.7333333333333,302.6,9591.166666666668,10792.466666666667,0,15,2,0,12,0,"{""process_exit"": 15, ""process_exec"": 15, ""process_kprobe"": 12}"
1774281262,normal,sw-wk3,0.08611111111111114,0.41709922388392284,0.0,0.0,3677.7,5110.733333333334,0,0,0,0,0,0,{}
1774281272,normal,sw-wk2,0.13966666666662297,0.40083798882681565,4.466666666666667,6.0,4972.366666666667,4501.6,0,0,0,0,0,0,{}
1774281272,normal,k3s-wk1,0.28711111111115306,0.7157847639852088,572.7333333333333,302.6,9591.166666666666,10792.466666666667,0,60,3,0,56,0,"{""process_exit"": 60, ""process_exec"": 60, ""process_kprobe"": 56}"
1774281272,normal,sw-wk3,0.08611111111111114,0.41709922388392284,0.0,0.0,3677.7,5110.733333333334,0,0,0,0,0,0,{}
1774281282,normal,sw-wk2,0.13966666666662297,0.40083798882681565,4.466666666666667,6.0,4972.366666666667,4501.6,0,0,0,0,0,0,{}
1774281282,normal,k3s-wk1,0.28711111111115306,0.7157847639852088,572.7333333333333,302.6,9591.166666666666,10792.466666666667,0,36,3,0,32,0,"{""process_exit"": 36, ""process_exec"": 36, ""process_kprobe"": 32}"
1774281282,normal,sw-wk3,0.09488888888885816,0.41651828080639675,0.0,0.0,3522.233333333333,5196.766666666666,0,0,0,0,0,0,{}
1774281292,normal,sw-wk2,0.13966666666662297,0.40083798882681565,4.466666666666667,6.0,4972.366666666667,4501.6,0,0,0,0,0,0,{}
1774281292,normal,k3s-wk1,0.2746666666666796,0.7110842073403429,572.7333333333333,302.6,9329.1,3326.8333333333335,0,42,3,0,36,0,"{""process_exit"": 42, ""process_exec"": 42, ""process_kprobe"": 36}"
1774281292,normal,sw-wk3,0.09488888888885816,0.41651828080639675,0.0,0.0,3522.233333333333,5196.766666666666,0,0,0,0,0,0,{}
1774281302,normal,sw-wk2,0.07422222222222541,0.4013831192602142,0.0,0.0,1616.0666666666666,4204.266666666666,0,0,0,0,0,0,{}
1774281302,normal,k3s-wk1,0.2746666666666796,0.7110842073403429,572.7333333333333,302.6,9329.1,3326.8333333333335,0,33,3,0,28,0,"{""process_exit"": 33, ""process_exec"": 33, ""process_kprobe"": 28}"
1774281302,normal,sw-wk3,0.09488888888885816,0.41651828080639675,0.0,0.0,3522.233333333333,5196.766666666666,0,0,0,0,0,0,{}
1774281312,normal,sw-wk2,0.07422222222222541,0.4013831192602142,0.0,0.0,1616.0666666666666,4204.266666666666,0,0,0,0,0,0,{}
1774281312,normal,k3s-wk1,0.2746666666666796,0.7110842073403429,572.7333333333333,302.6,9329.1,3326.8333333333335,0,18,2,0,15,0,"{""process_exit"": 18, ""process_exec"": 18, ""process_kprobe"": 15}"
1774281312,normal,sw-wk3,0.09755555555558304,0.41661775736076767,0.0,0.0,3647.9666666666667,4959.933333333333,0,0,0,0,0,0,{}
1774281322,normal,sw-wk2,0.07422222222222541,0.4013831192602142,0.0,0.0,1616.0666666666666,4204.266666666666,0,0,0,0,0,0,{}
1774281322,normal,k3s-wk1,0.2968888888888612,0.7003645168506797,572.7333333333333,302.6,9839.733333333334,7366.333333333333,0,60,3,0,55,0,"{""process_kprobe"": 55, ""process_exit"": 61, ""process_exec"": 60}"
1774281322,normal,sw-wk3,0.09755555555558304,0.41661775736076767,0.0,0.0,3647.9666666666667,4959.933333333333,0,0,0,0,0,0,{}
1774281332,normal,sw-wk2,0.4276666666666845,0.40535819446433974,603.9333333333333,292.9,6531.766666666666,5139.7,0,0,0,0,0,0,{}
1774281332,normal,k3s-wk1,0.29688888888886134,0.7003645168506797,572.7333333333333,302.6,9839.733333333334,7366.333333333333,0,51,3,0,52,0,"{""process_exit"": 51, ""process_exec"": 51, ""process_kprobe"": 52}"
1774281332,normal,sw-wk3,0.09755555555558304,0.41661775736076767,0.0,0.0,3647.9666666666667,4959.933333333333,0,0,0,0,0,0,{}
1774281342,normal,sw-wk2,0.4276666666666845,0.40535819446433974,603.9333333333333,292.9,6531.766666666666,5139.7,0,0,0,0,0,0,{}
1774281342,normal,k3s-wk1,0.29688888888886134,0.7003645168506797,572.7333333333333,302.6,9839.733333333334,7366.333333333333,0,60,3,0,55,0,"{""process_exit"": 60, ""process_exec"": 60, ""process_kprobe"": 55}"
1774281342,normal,sw-wk3,0.08755555555556693,0.4169778624875903,0.0,0.0,3110.4,5118.466666666666,0,0,0,0,0,0,{}
1774281352,normal,sw-wk2,0.4276666666666845,0.40535819446433974,603.9333333333333,292.9,6531.766666666666,5139.7,0,0,0,0,0,0,{}
1774281352,normal,k3s-wk1,0.29866666666667785,0.7016725664881367,570.6,300.6,9776.733333333334,7483.600000000001,0,36,3,0,32,0,"{""process_exit"": 36, ""process_exec"": 36, ""process_kprobe"": 32}"
1774281352,normal,sw-wk3,0.08755555555556693,0.4169778624875903,0.0,0.0,3110.4,5118.466666666666,0,0,0,0,0,0,{}
1774281362,normal,sw-wk2,0.4141501677665982,0.4081614381893711,10.132657822811812,10.599293380441303,963.9024065062329,4432.3711752549825,0,0,0,0,0,0,{}
1774281362,normal,k3s-wk1,0.29866666666667807,0.7016725664881367,570.6,300.6,9776.733333333334,7483.599999999999,0,36,3,0,30,0,"{""process_exit"": 36, ""process_exec"": 36, ""process_kprobe"": 30}"
1774281362,normal,sw-wk3,0.08755555555556693,0.4169778624875903,0.0,0.0,3110.4,5118.466666666666,0,0,0,0,0,0,{}
1774281372,normal,sw-wk2,0.4141501677665982,0.4081614381893711,10.132657822811812,10.599293380441303,963.9024065062329,4432.3711752549825,0,0,0,0,0,0,{}
1774281372,normal,k3s-wk1,0.29866666666667807,0.7016725664881367,570.6,300.6,9776.733333333334,7483.599999999999,0,81,3,0,74,0,"{""process_exit"": 81, ""process_exec"": 81, ""process_kprobe"": 74}"
1774281372,normal,sw-wk3,0.0908888888888515,0.41722257481134273,4.466666666666667,3.0,2728.366666666667,5033.733333333334,0,0,0,0,0,0,{}
1774281382,normal,sw-wk2,0.4141501677665982,0.4081614381893711,10.132657822811812,10.599293380441303,963.9024065062329,4432.3711752549825,0,0,0,0,0,0,{}
1774281382,normal,k3s-wk1,0.2911111111111192,0.7031701122501348,572.7333333333333,302.6,9859.966666666667,8852.333333333334,0,36,3,0,32,0,"{""process_exit"": 36, ""process_exec"": 36, ""process_kprobe"": 32}"
1774281382,normal,sw-wk3,0.09088888888885172,0.41722257481134273,4.466666666666667,3.0,2728.366666666667,5033.733333333334,0,0,0,0,0,0,{}
1774281392,normal,sw-wk2,0.44407404938104234,0.4083922233363574,0.0,0.0,4953.696913127542,4819.2546169744655,0,0,0,0,0,0,{}
1774281392,normal,k3s-wk1,0.2911111111111192,0.7031701122501348,572.7333333333333,302.6,9859.966666666667,8852.333333333334,0,30,3,0,30,0,"{""process_exit"": 30, ""process_exec"": 30, ""process_kprobe"": 30}"
1774281392,normal,sw-wk3,0.09088888888885172,0.41722257481134273,4.466666666666667,3.0,2728.366666666667,5033.733333333334,0,0,0,0,0,0,{}
1774281402,normal,sw-wk2,0.44407404938104234,0.4083922233363574,0.0,0.0,4953.696913127542,4819.2546169744655,0,0,0,0,0,0,{}
1774281402,normal,k3s-wk1,0.2911111111111192,0.7031701122501348,572.7333333333333,302.6,9859.966666666667,8852.333333333334,0,15,2,0,13,0,"{""process_exit"": 15, ""process_exec"": 15, ""process_kprobe"": 13}"
1774281402,normal,sw-wk3,0.09011111111111758,0.4174434127620461,0.0,3.0,3012.133333333333,5047.433333333333,0,0,0,0,0,0,{}
1774281412,normal,sw-wk2,0.44407404938104234,0.4083922233363574,0.0,0.0,4953.696913127542,4819.2546169744655,0,0,0,0,0,0,{}
1774281412,normal,k3s-wk1,0.2681111111111224,0.7049624297614191,572.7333333333333,302.6,9337.2,1728.3666666666666,0,57,3,0,53,0,"{""process_exit"": 57, ""process_exec"": 57, ""process_kprobe"": 53}"
1774281412,normal,sw-wk3,0.09011111111111758,0.4174434127620461,0.0,3.0,3012.133333333333,5047.433333333333,0,0,0,0,0,0,{}
1774281422,normal,sw-wk2,0.32611111111109503,0.40221275207308727,0.0,0.0,3349.2999999999997,4467.666666666667,0,0,0,0,0,0,{}
1774281422,normal,k3s-wk1,0.2681111111111224,0.7049624297614191,572.7333333333333,302.6,9337.2,1728.3666666666666,0,33,3,0,30,0,"{""process_exit"": 33, ""process_exec"": 33, ""process_kprobe"": 30}"
1774281422,normal,sw-wk3,0.09011111111111758,0.4174434127620461,0.0,3.0,3012.133333333333,5047.433333333333,0,0,0,0,0,0,{}
1774281432,normal,sw-wk2,0.32611111111109503,0.40221275207308727,0.0,0.0,3349.2999999999997,4467.666666666667,0,0,0,0,0,0,{}
1774281432,normal,k3s-wk1,0.2681111111111224,0.7049624297614191,572.7333333333333,302.6,9337.2,1728.3666666666666,0,15,2,0,13,0,"{""process_exit"": 15, ""process_exec"": 15, ""process_kprobe"": 13}"
1774281432,normal,sw-wk3,0.09622222222222065,0.4176861355547111,0.0,0.0,3631.7666666666664,4999.433333333333,0,0,0,0,0,0,{}
1774281442,normal,sw-wk2,0.32611111111109503,0.40221275207308727,0.0,0.0,3349.2999999999997,4467.666666666667,0,0,0,0,0,0,{}
1774281442,normal,k3s-wk1,0.293959492939603,0.7000973799528891,572.6760657267607,302.56974302569745,9762.390427623905,8636.10305636103,0,102,3,0,94,0,"{""process_kprobe"": 94, ""process_exit"": 102, ""process_exec"": 102}"
1774281442,normal,sw-wk3,0.09622222222222065,0.4176861355547111,0.0,0.0,3631.7666666666664,4999.433333333333,0,0,0,0,0,0,{}
1774281452,normal,sw-wk2,0.16322222222224803,0.3988763150774324,0.0,0.0,5016.033333333333,4727.633333333333,0,0,0,0,0,0,{}
1774281452,normal,k3s-wk1,0.293959492939603,0.7000973799528891,572.6760657267607,302.56974302569745,9762.390427623905,8636.103056361031,0,78,3,0,74,0,"{""process_exit"": 78, ""process_exec"": 78, ""process_kprobe"": 74}"
1774281452,normal,sw-wk3,0.09622222222222065,0.4176861355547111,0.0,0.0,3631.7666666666664,4999.433333333333,0,0,0,0,0,0,{}
1774281462,normal,sw-wk2,0.16322222222224803,0.3988763150774324,0.0,0.0,5016.033333333333,4727.633333333333,0,0,0,0,0,0,{}
1774281462,normal,k3s-wk1,0.293959492939603,0.7000973799528891,572.6760657267607,302.56974302569745,9762.390427623905,8636.103056361031,0,81,3,0,74,0,"{""process_exit"": 81, ""process_exec"": 81, ""process_kprobe"": 74}"
1774281462,normal,sw-wk3,0.09422222222225785,0.41785922475931647,0.0,0.0,3204.4,5173.8,0,0,0,0,0,0,{}
1774281472,normal,sw-wk2,0.16322222222224803,0.3988763150774324,0.0,0.0,5016.033333333333,4727.633333333333,0,0,0,0,0,0,{}
1774281472,normal,k3s-wk1,0.3051527374959444,0.7046466028871841,577.2577257725774,308.63086308630864,9430.70973764043,6458.045804580458,0,15,2,0,12,0,"{""process_kprobe"": 12, ""process_exit"": 15, ""process_exec"": 15}"
1774281472,normal,sw-wk3,0.09422222222225785,0.41785922475931647,0.0,0.0,3204.4,5173.8,0,0,0,0,0,0,{}
1774281482,normal,sw-wk2,0.09633333333335437,0.4004520205637524,0.0,0.0,613.7333333333333,4111.3,0,0,0,0,0,0,{}
1774281482,normal,k3s-wk1,0.3051527374959444,0.7046466028871841,577.2577257725773,308.63086308630864,9430.70973764043,6458.045804580458,0,30,3,0,26,0,"{""process_exit"": 30, ""process_exec"": 30, ""process_kprobe"": 26}"
1774281482,normal,sw-wk3,0.09422222222225785,0.41785922475931647,0.0,0.0,3204.4,5173.8,0,0,0,0,0,0,{}
1774281492,normal,sw-wk2,0.09633333333335437,0.4004520205637524,0.0,0.0,613.7333333333333,4111.3,0,0,0,0,0,0,{}
1774281492,normal,k3s-wk1,0.3051527374959444,0.7046466028871841,577.2577257725773,308.63086308630864,9430.70973764043,6458.045804580458,0,15,2,0,12,0,"{""process_exit"": 15, ""process_exec"": 15, ""process_kprobe"": 12}"
1774281492,normal,sw-wk3,0.08566666666661649,0.4178492771038794,0.0,0.0,2413.7,5104.2,0,0,0,0,0,0,{}
1774281502,normal,sw-wk2,0.09633333333335437,0.4004520205637524,0.0,0.0,613.7333333333333,4111.3,0,0,0,0,0,0,{}
1774281502,normal,k3s-wk1,0.3046666666666473,0.7022489505336158,572.7333333333333,302.6,10003.900000000001,9538.4,0,75,3,0,71,0,"{""process_kprobe"": 71, ""process_exit"": 75, ""process_exec"": 75}"
1774281502,normal,sw-wk3,0.08566666666661649,0.4178492771038794,0.0,0.0,2413.7,5104.2,0,0,0,0,0,0,{}
1774281512,normal,sw-wk2,0.15486229154858577,0.40526468668926774,5.132820051328201,4.999500049995,5067.026630670266,4697.6302369763025,0,0,0,0,0,0,{}
1774281512,normal,k3s-wk1,0.3046666666666473,0.7022489505336158,572.7333333333333,302.6,10003.9,9538.4,0,33,3,0,36,0,"{""process_kprobe"": 36, ""process_exit"": 33, ""process_exec"": 33}"
1774281512,normal,sw-wk3,0.08566666666661649,0.4178492771038794,0.0,0.0,2413.7,5104.2,0,0,0,0,0,0,{}
1774281522,normal,sw-wk2,0.15486229154858577,0.40526468668926774,5.132820051328201,4.999500049995,5067.026630670266,4697.6302369763025,0,0,0,0,0,0,{}
1774281522,normal,k3s-wk1,0.3046666666666473,0.7022489505336158,572.7333333333333,302.6,10003.9,9538.4,0,39,3,0,35,0,"{""process_exit"": 39, ""process_exec"": 39, ""process_kprobe"": 35}"
1774281522,normal,sw-wk3,0.08966666666670375,0.418076083647845,3.0,3.0,3064.9,5191.566666666667,0,0,0,0,0,0,{}
1774281532,normal,sw-wk2,0.15486229154858577,0.40526468668926774,5.132820051328201,4.999500049995,5067.026630670266,4697.6302369763025,0,0,0,0,0,0,{}
1774281532,normal,k3s-wk1,0.2728888888889438,0.7019883933623718,572.7333333333333,302.6,9168.966666666667,1837.7666666666667,0,33,3,0,29,0,"{""process_kprobe"": 29, ""process_exit"": 33, ""process_exec"": 33}"
1774281532,normal,sw-wk3,0.08966666666670386,0.418076083647845,3.0,3.0,3064.9,5191.566666666667,0,0,0,0,0,0,{}
1774281542,normal,sw-wk2,0.07512973519578692,0.4079366216237724,0.0,0.0,793.7793779377937,4114.111411141114,0,0,0,0,0,0,{}
1774281542,normal,k3s-wk1,0.2728888888889438,0.7019883933623718,572.7333333333333,302.6,9168.966666666667,1837.7666666666667,0,39,3,0,33,0,"{""process_kprobe"": 33, ""process_exit"": 39, ""process_exec"": 39}"
1774281542,normal,sw-wk3,0.08966666666670386,0.418076083647845,3.0,3.0,3064.9,5191.566666666667,0,0,0,0,0,0,{}
1774281553,normal,sw-wk2,0.07512973519578714,0.4079366216237724,0.0,0.0,793.7793779377937,4114.111411141114,0,0,0,0,0,0,{}
1774281553,normal,k3s-wk1,0.2728888888889438,0.7019883933623718,572.7333333333333,302.6,9168.966666666667,1837.7666666666667,0,15,2,0,12,0,"{""process_exit"": 15, ""process_exec"": 15, ""process_kprobe"": 12}"
1774281553,normal,sw-wk3,0.08544444444442989,0.41825514144571263,2.1333333333333333,2.0,3953.7666666666664,5208.966666666666,0,0,0,0,0,0,{}
1774281563,normal,sw-wk2,0.07512973519578714,0.4079366216237724,0.0,0.0,793.7793779377937,4114.111411141114,0,0,0,0,0,0,{}
1774281563,normal,k3s-wk1,0.27911111111109976,0.7007921990762064,572.7333333333333,302.6000000000001,9681.166666666666,6238.833333333333,0,57,3,0,52,0,"{""process_exit"": 57, ""process_exec"": 57, ""process_kprobe"": 52}"
1774281563,normal,sw-wk3,0.08544444444442989,0.41825514144571263,2.1333333333333333,2.0,3953.7666666666664,5208.966666666666,0,0,0,0,0,0,{}
1774281572,normal,sw-wk2,0.15355555555551192,0.4047991373410368,0.0,0.0,5114.366666666667,4676.7,0,0,0,0,0,0,{}
1774281572,normal,k3s-wk1,0.27911111111109976,0.7007921990762064,572.7333333333333,302.6,9681.166666666666,6238.833333333333,0,18,2,0,16,0,"{""process_exit"": 18, ""process_exec"": 18, ""process_kprobe"": 16}"
1774281572,normal,sw-wk3,0.08544444444442989,0.41825514144571263,2.1333333333333333,2.0,3953.7666666666664,5208.966666666666,0,0,0,0,0,0,{}
1774281583,normal,sw-wk2,0.15355555555551192,0.4047991373410368,0.0,0.0,5114.366666666667,4676.7,0,0,0,0,0,0,{}
1774281583,normal,k3s-wk1,0.27911111111109976,0.7007921990762064,572.7333333333333,302.6,9681.166666666666,6238.833333333333,0,78,3,0,73,0,"{""process_exit"": 78, ""process_exec"": 78, ""process_kprobe"": 73}"
1774281583,normal,sw-wk3,0.08666666666669898,0.4183784923731326,0.0,0.0,3066.5333333333333,5118.366666666667,0,0,0,0,0,0,{}
